return_id,order_id,customer_id,product_id,return_date,return_reason,quantity_returned,refund_amount
4,18,3999,713.0,2023-02-28 01:54:28.648338,Wrong Item,1.0,147.28
5,27,9072,218.0,2023-11-29 05:20:23.789992,Defective,1.0,188.34
6,45,14241,839.0,2023-12-18 22:36:05.447220,Changed Mind,1.0,161.68
7,45,14241,314.0,2023-12-20 22:36:05.447220,Defective,1.0,670.66
8,48,2943,125.0,2022-06-15 14:46:38.438449,Changed Mind,1.0,281.69
9,48,2943,684.0,2022-06-11 14:46:38.438449,Did not match description,4.0,1138.44
16,99,15410,539.0,2022-06-26 15:19:40.898399,Did not match description,1.0,405.01
17,99,15410,235.0,2022-07-05 15:19:40.898399,Defective,3.0,80.97
23,122,9574,608.0,2023-08-01 21:50:31.322823,Changed Mind,1.0,283.36
26,162,11658,740.0,2021-08-02 14:38:25.819688,Changed Mind,2.0,370.54
35,243,5343,367.0,2023-12-21 20:25:10.147729,Defective,1.0,463.13
36,243,5343,394.0,2024-01-01 20:25:10.147729,Wrong Item,2.0,86.24
37,243,5343,755.0,2023-12-19 20:25:10.147729,Changed Mind,4.0,681.56
46,303,19636,349.0,2022-10-24 12:37:55.827994,Did not match description,1.0,20.27
47,308,12371,609.0,2023-10-04 04:28:47.966340,Defective,3.0,439.05
48,308,12371,516.0,2023-10-10 04:28:47.966340,Wrong Item,1.0,118.27
62,492,12479,115.0,2023-03-15 13:19:08.439107,Defective,1.0,141.54
65,552,4487,239.0,2022-05-31 11:05:47.841108,Wrong Item,2.0,851.9
66,552,4487,668.0,2022-05-28 11:05:47.841108,Changed Mind,1.0,108.08
67,552,4487,204.0,2022-05-05 11:05:47.841108,Wrong Item,1.0,344.4
68,552,4487,616.0,2022-05-19 11:05:47.841108,Did not match description,1.0,281.23
69,552,4487,337.0,2022-05-26 11:05:47.841108,Wrong Item,1.0,583.82
73,565,10691,929.0,2023-08-25 15:26:26.871623,Changed Mind,2.0,156.18
74,565,10691,776.0,2023-09-20 15:26:26.871623,Defective,1.0,1450.33
75,586,11347,859.0,2022-11-23 09:42:03.483899,Defective,1.0,1769.95
79,623,14248,825.0,2021-08-14 18:48:27.327525,Defective,1.0,103.35
82,654,13422,755.0,2023-03-26 10:15:37.818462,Did not match description,1.0,170.39
83,654,13422,863.0,2023-04-01 10:15:37.818462,Did not match description,1.0,592.86
87,667,19410,675.0,2022-04-14 00:06:28.693474,Wrong Item,1.0,91.73
88,680,6754,282.0,2022-05-27 02:34:32.395518,Did not match description,1.0,677.85
89,680,6754,400.0,2022-06-24 02:34:32.395518,Changed Mind,1.0,1111.7
90,680,6754,989.0,2022-06-05 02:34:32.395518,Changed Mind,3.0,484.22
91,680,6754,253.0,2022-06-22 02:34:32.395518,Wrong Item,1.0,279.31
92,684,7132,967.0,2023-08-11 16:59:10.201380,Did not match description,1.0,425.81
93,684,7132,86.0,2023-08-15 16:59:10.201380,Did not match description,1.0,190.33
94,687,17576,751.0,2021-08-17 03:26:06.302729,Changed Mind,1.0,227.76
96,702,10260,180.0,2023-08-17 08:50:31.008014,Did not match description,3.0,3952.64
97,702,10260,379.0,2023-08-05 08:50:31.008014,Wrong Item,1.0,393.91
98,702,10260,79.0,2023-08-12 08:50:31.008014,Wrong Item,1.0,637.59
99,702,10260,138.0,2023-08-10 08:50:31.008014,Changed Mind,2.0,260.36
101,729,11426,83.0,2023-07-10 10:21:09.215985,Changed Mind,1.0,1143.63
102,729,11426,89.0,2023-07-17 10:21:09.215985,Defective,1.0,1887.49
103,729,11426,369.0,2023-06-25 10:21:09.215985,Defective,1.0,289.46
104,743,9509,794.0,2023-11-21 01:07:05.257774,Wrong Item,2.0,998.21
105,743,9509,83.0,2023-11-13 01:07:05.257774,Did not match description,1.0,1345.45
106,743,9509,133.0,2023-11-03 01:07:05.257774,Wrong Item,3.0,1532.88
124,845,12501,501.0,2023-07-01 11:05:52.586842,Wrong Item,2.0,735.12
125,845,12501,668.0,2023-07-25 11:05:52.586842,Defective,1.0,91.87
131,905,11767,126.0,2023-04-21 16:28:33.241324,Did not match description,1.0,1689.49
133,913,13259,476.0,2024-01-11 18:28:58.684436,Did not match description,2.0,408.62
134,913,13259,321.0,2024-01-23 18:28:58.684436,Did not match description,1.0,903.32
135,913,13259,261.0,2024-01-19 18:28:58.684436,Changed Mind,1.0,314.78
136,913,13259,737.0,2024-01-25 18:28:58.684436,Wrong Item,1.0,349.37
137,913,13259,208.0,2024-01-15 18:28:58.684436,Changed Mind,1.0,574.14
143,944,5456,411.0,2022-06-22 16:50:36.403069,Changed Mind,1.0,308.03
144,950,676,519.0,2022-03-01 13:38:33.677039,Changed Mind,1.0,471.34
145,950,676,103.0,2022-02-19 13:38:33.677039,Did not match description,1.0,282.73
146,959,13311,228.0,2023-10-23 17:49:53.789237,Wrong Item,1.0,38.21
147,959,13311,959.0,2023-10-16 17:49:53.789237,Defective,1.0,122.18
156,1003,4515,116.0,2023-07-17 23:48:31.602448,Wrong Item,1.0,1875.34
157,1003,4515,737.0,2023-06-29 23:48:31.602448,Defective,1.0,349.37
158,1013,6313,773.0,2022-10-22 10:54:08.413842,Changed Mind,1.0,1612.91
159,1013,6313,710.0,2022-10-14 10:54:08.413842,Defective,2.0,1267.34
160,1013,6313,147.0,2022-10-09 10:54:08.413842,Changed Mind,1.0,327.57
161,1013,6313,945.0,2022-10-09 10:54:08.413842,Changed Mind,3.0,342.29
180,1100,14059,471.0,2023-07-02 11:23:48.534506,Did not match description,3.0,1243.59
181,1100,14059,830.0,2023-07-12 11:23:48.534506,Changed Mind,1.0,87.92
182,1100,14059,436.0,2023-07-17 11:23:48.534506,Defective,2.0,273.1
183,1100,14059,743.0,2023-07-20 11:23:48.534506,Changed Mind,1.0,254.41
190,1172,11531,554.0,2023-07-01 21:45:56.449014,Changed Mind,1.0,76.28
203,1261,13200,273.0,2024-01-14 12:47:25.936776,Changed Mind,1.0,150.98
204,1261,13200,410.0,2024-01-12 12:47:25.936776,Changed Mind,1.0,179.4
205,1266,338,246.0,2023-03-04 21:48:24.967863,Wrong Item,1.0,337.55
206,1266,338,59.0,2023-03-07 21:48:24.967863,Wrong Item,2.0,86.18
207,1266,338,777.0,2023-03-04 21:48:24.967863,Did not match description,1.0,236.87
208,1266,338,278.0,2023-03-06 21:48:24.967863,Wrong Item,1.0,302.06
212,1324,5872,636.0,2022-11-12 05:53:06.319947,Changed Mind,1.0,273.1
216,1361,1950,153.0,2023-06-17 04:42:07.423461,Changed Mind,2.0,757.42
217,1361,1950,796.0,2023-06-13 04:42:07.423461,Wrong Item,3.0,384.57
218,1387,5141,929.0,2023-05-20 23:18:26.674783,Did not match description,1.0,78.09
219,1387,5141,840.0,2023-05-17 23:18:26.674783,Did not match description,1.0,178.34
220,1403,5316,183.0,2023-05-09 07:22:35.291252,Did not match description,1.0,176.28
221,1403,5316,62.0,2023-05-02 07:22:35.291252,Changed Mind,4.0,5392.44
232,1455,19376,774.0,2023-11-04 16:11:23.233460,Changed Mind,2.0,553.2
233,1455,19376,290.0,2023-10-20 16:11:23.233460,Defective,4.0,459.64
234,1455,19376,864.0,2023-10-25 16:11:23.233460,Defective,1.0,425.84
235,1455,19376,590.0,2023-10-19 16:11:23.233460,Defective,2.0,416.0
241,1474,3122,92.0,2023-12-18 10:25:30.721200,Wrong Item,2.0,651.7
242,1474,3122,995.0,2023-11-30 10:25:30.721200,Changed Mind,1.0,288.81
245,1496,11481,86.0,2021-07-26 16:25:18.745080,Changed Mind,1.0,171.3
246,1496,11481,61.0,2021-07-19 16:25:18.745080,Did not match description,1.0,233.6
248,1595,8780,611.0,2023-01-27 07:08:26.260821,Did not match description,1.0,44.1
266,1747,549,498.0,2022-12-17 13:32:32.992212,Did not match description,3.0,1254.39
267,1747,549,743.0,2022-12-25 13:32:32.992212,Wrong Item,1.0,254.41
268,1771,9623,675.0,2023-04-04 03:30:31.694137,Defective,1.0,91.73
269,1771,9623,163.0,2023-03-26 03:30:31.694137,Defective,1.0,182.12
270,1771,9623,119.0,2023-04-08 03:30:31.694137,Did not match description,1.0,1219.36
271,1772,10429,5.0,2023-04-20 01:49:54.079157,Did not match description,1.0,140.87
272,1772,10429,804.0,2023-04-22 01:49:54.079157,Did not match description,1.0,88.91
273,1772,10429,445.0,2023-05-01 01:49:54.079157,Did not match description,1.0,138.05
274,1772,10429,463.0,2023-04-09 01:49:54.079157,Defective,1.0,1250.19
276,1795,5708,643.0,2022-11-18 04:37:29.615234,Changed Mind,1.0,257.97
278,1810,17963,931.0,2022-07-26 00:38:19.268695,Defective,3.0,136.26
279,1810,17963,483.0,2022-08-06 00:38:19.268695,Wrong Item,2.0,313.76
285,1846,4438,164.0,2022-04-12 18:57:13.928132,Changed Mind,2.0,319.7
289,1879,2402,724.0,2022-08-13 19:13:41.202294,Changed Mind,1.0,1513.26
290,1896,17516,634.0,2023-10-18 11:52:16.597366,Wrong Item,1.0,244.3
291,1896,17516,455.0,2023-10-22 11:52:16.597366,Wrong Item,2.0,715.72
294,1920,3833,451.0,2023-11-12 01:06:20.025797,Did not match description,1.0,251.21
299,1966,18139,846.0,2022-06-07 02:59:56.931476,Defective,1.0,148.86
303,2025,15187,668.0,2022-09-10 01:29:15.961686,Did not match description,1.0,108.08
305,2046,1715,928.0,2022-10-21 01:43:36.631154,Wrong Item,1.0,1826.37
314,2085,19900,653.0,2022-12-27 07:50:50.958311,Changed Mind,1.0,240.29
315,2085,19900,587.0,2022-12-06 07:50:50.958311,Did not match description,2.0,285.85
316,2085,19900,869.0,2022-12-25 07:50:50.958311,Wrong Item,3.0,1100.58
317,2085,19900,915.0,2022-12-15 07:50:50.958311,Defective,1.0,2283.14
320,2100,6970,230.0,2023-12-05 11:51:30.942054,Changed Mind,1.0,166.14
321,2101,4367,605.0,2023-07-16 14:27:42.856327,Defective,1.0,248.12
322,2101,4367,48.0,2023-07-22 14:27:42.856327,Did not match description,1.0,1111.28
323,2106,5370,685.0,2023-08-06 11:55:32.087505,Changed Mind,3.0,464.37
324,2106,5370,914.0,2023-08-18 11:55:32.087505,Wrong Item,2.0,1350.68
325,2114,7809,393.0,2023-12-14 17:21:13.110202,Did not match description,1.0,32.38
326,2114,7809,290.0,2024-01-06 17:21:13.110202,Defective,1.0,97.67
327,2114,7809,678.0,2023-12-13 17:21:13.110202,Wrong Item,1.0,417.89
329,2126,10522,136.0,2023-09-28 21:49:14.534109,Did not match description,1.0,523.56
330,2126,10522,639.0,2023-09-19 21:49:14.534109,Changed Mind,1.0,323.96
331,2126,10522,498.0,2023-10-10 21:49:14.534109,Changed Mind,2.0,836.26
334,2160,12021,453.0,2022-12-13 08:39:25.546353,Defective,3.0,466.38
342,2199,9448,714.0,2023-04-11 10:31:31.018081,Changed Mind,2.0,736.74
345,2213,17248,810.0,2022-12-22 00:01:21.278771,Did not match description,1.0,108.56
346,2213,17248,78.0,2023-01-04 00:01:21.278771,Defective,3.0,838.92
355,2297,16127,925.0,2023-02-01 19:02:49.731893,Changed Mind,5.0,2558.72
356,2297,16127,31.0,2023-01-09 19:02:49.731893,Defective,1.0,78.12
362,2337,9586,979.0,2023-11-01 15:06:20.340018,Changed Mind,1.0,30.34
363,2337,9586,359.0,2023-11-25 15:06:20.340018,Wrong Item,1.0,258.88
372,2433,10203,97.0,2022-11-22 21:49:12.532327,Changed Mind,1.0,219.18
375,2452,811,643.0,2024-01-06 16:10:23.539999,Defective,2.0,573.26
376,2452,811,217.0,2024-01-02 16:10:23.539999,Defective,1.0,1380.63
377,2452,811,299.0,2024-01-02 16:10:23.539999,Wrong Item,2.0,1827.22
378,2452,811,612.0,2023-12-28 16:10:23.539999,Wrong Item,1.0,205.3
379,2461,11635,273.0,2023-03-25 07:56:53.226662,Defective,1.0,150.98
383,2515,13615,768.0,2023-06-22 02:01:59.778343,Changed Mind,2.0,263.58
385,2540,8072,273.0,2023-08-17 04:40:19.235113,Did not match description,1.0,150.98
386,2565,2743,907.0,2024-01-26 04:39:41.254946,Did not match description,2.0,958.87
387,2565,2743,521.0,2024-01-16 04:39:41.254946,Defective,1.0,62.31
402,2697,11616,611.0,2023-12-07 01:44:25.362762,Defective,1.0,55.13
403,2697,11616,976.0,2023-12-02 01:44:25.362762,Changed Mind,4.0,5861.6
404,2697,11616,361.0,2023-12-24 01:44:25.362762,Wrong Item,1.0,66.04
405,2705,5442,408.0,2023-10-05 01:30:07.830636,Defective,1.0,147.94
406,2705,5442,626.0,2023-09-20 01:30:07.830636,Defective,1.0,45.93
407,2705,5442,829.0,2023-09-24 01:30:07.830636,Defective,1.0,159.57
408,2719,4724,15.0,2023-05-24 17:20:21.944997,Changed Mind,1.0,92.01
417,2767,1267,732.0,2022-12-30 18:41:22.565182,Changed Mind,5.0,417.4
419,2786,15747,726.0,2021-05-17 14:31:02.942568,Did not match description,1.0,281.46
422,2836,1913,370.0,2021-11-10 11:40:18.626777,Changed Mind,2.0,284.36
424,2853,13795,343.0,2023-12-26 12:11:38.170925,Changed Mind,4.0,565.39
425,2853,13795,731.0,2023-12-20 12:11:38.170925,Wrong Item,3.0,442.35
426,2853,13795,589.0,2023-12-06 12:11:38.170925,Changed Mind,2.0,282.58
433,2929,5021,776.0,2023-05-12 07:47:05.755062,Wrong Item,2.0,3412.54
434,2929,5021,994.0,2023-06-01 07:47:05.755062,Changed Mind,3.0,248.4
435,2929,5021,609.0,2023-06-01 07:47:05.755062,Did not match description,1.0,131.72
438,2944,16779,655.0,2023-10-16 02:01:47.846182,Wrong Item,1.0,262.19
439,2944,16779,795.0,2023-10-19 02:01:47.846182,Changed Mind,1.0,315.5
442,2968,14817,86.0,2021-12-24 00:54:55.531381,Changed Mind,1.0,190.33
443,2968,14817,311.0,2021-12-23 00:54:55.531381,Wrong Item,4.0,1678.24
452,3084,14024,829.0,2023-04-17 17:06:41.166813,Did not match description,3.0,478.71
453,3084,14024,230.0,2023-04-28 17:06:41.166813,Wrong Item,1.0,207.67
454,3084,14024,610.0,2023-04-03 17:06:41.166813,Did not match description,5.0,3020.55
457,3115,8435,990.0,2023-10-07 21:42:46.265676,Defective,1.0,105.65
459,3118,3613,353.0,2022-05-27 09:37:15.012607,Defective,1.0,80.98
460,3118,3613,391.0,2022-06-01 09:37:15.012607,Defective,1.0,307.36
462,3209,18978,832.0,2023-08-02 05:40:52.848712,Did not match description,1.0,130.69
463,3209,18978,165.0,2023-08-01 05:40:52.848712,Wrong Item,4.0,905.34
470,3239,18356,523.0,2023-08-24 12:18:27.536317,Defective,1.0,344.72
471,3255,15569,932.0,2023-03-23 09:25:15.353099,Wrong Item,1.0,269.21
472,3255,15569,230.0,2023-03-11 09:25:15.353099,Changed Mind,1.0,207.67
474,3280,12375,239.0,2022-11-12 00:03:33.765503,Defective,1.0,425.95
475,3280,12375,63.0,2022-11-20 00:03:33.765503,Wrong Item,1.0,1664.26
479,3328,9506,585.0,2021-05-20 08:31:21.745312,Wrong Item,1.0,193.0
480,3328,9506,133.0,2021-05-27 08:31:21.745312,Did not match description,1.0,574.83
481,3332,2830,872.0,2022-06-25 22:01:08.996557,Wrong Item,1.0,98.84
482,3332,2830,476.0,2022-07-08 22:01:08.996557,Did not match description,1.0,204.31
491,3372,8403,621.0,2023-06-07 06:11:57.219014,Changed Mind,3.0,4616.85
492,3372,8403,356.0,2023-06-07 06:11:57.219014,Did not match description,5.0,1131.45
493,3372,8403,471.0,2023-05-29 06:11:57.219014,Wrong Item,1.0,414.53
501,3413,19032,164.0,2022-11-28 16:28:46.115478,Did not match description,5.0,999.05
502,3413,19032,726.0,2022-10-31 16:28:46.115478,Wrong Item,1.0,239.24
503,3413,19032,797.0,2022-11-26 16:28:46.115478,Defective,1.0,2200.12
508,3459,5510,510.0,2024-01-18 15:13:21.540480,Did not match description,1.0,144.94
509,3459,5510,583.0,2023-12-28 15:13:21.540480,Did not match description,2.0,4731.12
510,3459,5510,791.0,2024-01-21 15:13:21.540480,Did not match description,1.0,473.68
512,3484,16847,751.0,2023-09-11 15:59:18.784760,Changed Mind,1.0,227.76
513,3484,16847,515.0,2023-08-26 15:59:18.784760,Did not match description,1.0,75.2
517,3522,1260,252.0,2023-05-22 15:39:50.493673,Defective,1.0,192.52
519,3535,18878,186.0,2023-04-23 03:29:13.015472,Changed Mind,1.0,716.14
520,3535,18878,968.0,2023-04-27 03:29:13.015472,Changed Mind,1.0,65.72
521,3535,18878,988.0,2023-04-28 03:29:13.015472,Defective,1.0,159.3
522,3535,18878,918.0,2023-04-30 03:29:13.015472,Changed Mind,1.0,85.13
523,3535,18878,523.0,2023-04-29 03:29:13.015472,Wrong Item,1.0,344.72
533,3620,5300,892.0,2022-11-08 13:18:31.201604,Defective,1.0,210.03
539,3689,11967,235.0,2023-12-28 14:25:27.668129,Defective,1.0,26.99
540,3689,11967,626.0,2024-01-16 14:25:27.668129,Wrong Item,1.0,45.93
549,3711,13164,268.0,2023-09-08 12:16:19.964610,Changed Mind,1.0,177.95
551,3736,13621,956.0,2023-02-16 23:29:09.329412,Defective,3.0,630.48
554,3766,13123,582.0,2023-11-13 05:03:57.560368,Wrong Item,5.0,149.1
555,3766,13123,892.0,2023-11-10 05:03:57.560368,Wrong Item,1.0,210.03
558,3774,4418,948.0,2022-10-29 22:08:55.651492,Defective,2.0,594.24
559,3774,4418,380.0,2022-11-11 22:08:55.651492,Defective,2.0,240.28
560,3774,4418,875.0,2022-11-04 22:08:55.651492,Defective,1.0,529.64
561,3775,4072,956.0,2021-07-20 20:04:10.287377,Did not match description,1.0,210.16
562,3775,4072,791.0,2021-07-28 20:04:10.287377,Changed Mind,1.0,473.68
568,3790,13580,700.0,2021-05-18 13:23:58.330255,Wrong Item,1.0,314.95
570,3807,3950,469.0,2024-01-21 05:13:35.273726,Defective,1.0,454.79
571,3807,3950,609.0,2024-01-09 05:13:35.273726,Changed Mind,2.0,292.7
574,3871,2010,672.0,2023-12-20 06:54:40.617382,Changed Mind,1.0,172.29
575,3871,2010,20.0,2023-12-31 06:54:40.617382,Did not match description,1.0,341.91
576,3895,15318,947.0,2023-11-13 19:22:05.018458,Did not match description,1.0,1355.53
577,3895,15318,121.0,2023-10-31 19:22:05.018458,Defective,2.0,1566.44
578,3895,15318,618.0,2023-11-24 19:22:05.018458,Wrong Item,1.0,160.36
580,3926,6270,46.0,2023-10-17 15:18:48.709785,Wrong Item,1.0,94.25
581,3926,6270,697.0,2023-10-28 15:18:48.709785,Did not match description,1.0,349.5
582,3926,6270,20.0,2023-11-05 15:18:48.709785,Defective,1.0,402.25
583,3935,5759,49.0,2023-11-01 01:13:23.356277,Did not match description,1.0,248.92
584,3935,5759,528.0,2023-10-26 01:13:23.356277,Defective,1.0,1667.59
586,3955,17139,608.0,2022-05-02 15:25:12.444494,Changed Mind,1.0,283.36
587,3955,17139,720.0,2022-05-14 15:25:12.444494,Defective,1.0,1266.55
588,3973,7042,129.0,2023-11-08 01:43:53.907977,Changed Mind,2.0,586.56
591,4054,9400,652.0,2023-03-29 17:51:34.123803,Changed Mind,3.0,1910.4
592,4054,9400,68.0,2023-03-31 17:51:34.123803,Did not match description,1.0,145.77
593,4054,9400,115.0,2023-03-21 17:51:34.123803,Changed Mind,1.0,141.54
594,4054,9400,924.0,2023-03-16 17:51:34.123803,Did not match description,1.0,253.82
595,4076,9102,190.0,2023-11-14 21:24:43.448479,Wrong Item,2.0,899.7
596,4076,9102,724.0,2023-11-13 21:24:43.448479,Did not match description,3.0,5340.9
597,4076,9102,393.0,2023-12-02 21:24:43.448479,Wrong Item,3.0,97.14
598,4080,9520,393.0,2023-06-29 01:14:26.209634,Wrong Item,1.0,32.38
599,4095,11852,538.0,2023-10-23 12:20:12.863727,Did not match description,1.0,529.86
600,4095,11852,846.0,2023-10-19 12:20:12.863727,Did not match description,3.0,446.58
601,4095,11852,380.0,2023-10-25 12:20:12.863727,Did not match description,1.0,120.14
605,4100,2844,972.0,2023-01-22 22:57:21.709003,Changed Mind,1.0,71.02
606,4100,2844,226.0,2023-02-01 22:57:21.709003,Defective,4.0,5827.92
608,4105,10041,510.0,2023-01-13 16:48:53.188769,Did not match description,1.0,144.94
614,4167,10824,684.0,2022-04-07 13:06:29.898462,Did not match description,3.0,853.83
615,4167,10824,948.0,2022-03-21 13:06:29.898462,Did not match description,1.0,349.55
616,4185,7936,505.0,2023-12-24 15:17:30.849971,Defective,2.0,283.16
617,4185,7936,757.0,2023-12-23 15:17:30.849971,Did not match description,1.0,109.92
623,4218,12470,843.0,2023-09-03 10:20:26.419928,Did not match description,1.0,544.69
624,4218,12470,825.0,2023-08-31 10:20:26.419928,Did not match description,1.0,93.01
627,4232,6343,166.0,2023-10-21 14:05:09.246291,Wrong Item,1.0,113.0
634,4255,12456,1000.0,2023-06-28 19:13:25.027914,Did not match description,1.0,152.3
636,4346,9540,945.0,2023-12-15 10:29:46.214755,Wrong Item,1.0,134.23
637,4357,3657,166.0,2023-10-03 15:44:41.090950,Changed Mind,1.0,113.0
648,4429,5414,80.0,2023-01-11 14:08:40.949716,Wrong Item,1.0,174.4
651,4485,3853,221.0,2024-01-08 08:19:19.161320,Wrong Item,4.0,2921.92
653,4517,11966,478.0,2023-04-23 19:45:15.086473,Did not match description,1.0,190.9
656,4559,6427,685.0,2023-11-01 18:45:14.486203,Did not match description,1.0,171.99
657,4559,6427,309.0,2023-10-29 18:45:14.486203,Wrong Item,2.0,288.64
658,4559,6427,810.0,2023-10-27 18:45:14.486203,Wrong Item,1.0,108.56
660,4567,10032,55.0,2022-04-21 13:03:20.967801,Did not match description,4.0,820.68
661,4575,3197,397.0,2023-06-22 16:23:14.694260,Wrong Item,1.0,169.08
663,4579,6147,830.0,2023-11-18 22:08:14.512160,Did not match description,1.0,87.92
664,4579,6147,687.0,2023-11-10 22:08:14.512160,Wrong Item,1.0,39.68
666,4598,12940,304.0,2023-12-10 18:19:31.634197,Wrong Item,1.0,175.86
667,4606,15833,893.0,2023-04-29 16:03:45.937228,Did not match description,1.0,145.38
668,4617,5304,802.0,2023-01-15 19:41:46.300646,Wrong Item,1.0,60.04
669,4617,5304,955.0,2022-12-30 19:41:46.300646,Wrong Item,1.0,722.07
670,4617,5304,790.0,2023-01-13 19:41:46.300646,Wrong Item,1.0,217.41
671,4617,5304,51.0,2023-01-24 19:41:46.300646,Changed Mind,2.0,1518.22
672,4617,5304,675.0,2023-01-26 19:41:46.300646,Defective,1.0,91.73
674,4627,18650,138.0,2023-08-17 10:38:47.518976,Wrong Item,3.0,390.54
675,4627,18650,932.0,2023-08-14 10:38:47.518976,Defective,1.0,215.37
685,4688,3779,597.0,2023-11-15 06:06:29.365426,Did not match description,1.0,1501.47
686,4688,3779,967.0,2023-12-13 06:06:29.365426,Did not match description,1.0,425.81
687,4688,3779,35.0,2023-12-02 06:06:29.365426,Did not match description,1.0,302.81
688,4688,3779,590.0,2023-11-20 06:06:29.365426,Changed Mind,1.0,208.0
701,4762,740,166.0,2023-07-03 23:36:16.185869,Defective,1.0,101.7
704,4791,14636,606.0,2022-10-07 08:24:19.205673,Changed Mind,2.0,183.38
705,4793,1378,175.0,2022-04-22 17:16:42.114068,Did not match description,5.0,741.0
706,4793,1378,920.0,2022-05-07 17:16:42.114068,Wrong Item,1.0,1706.2
707,4796,2463,910.0,2023-12-10 00:40:07.720273,Wrong Item,1.0,982.78
708,4796,2463,392.0,2023-12-17 00:40:07.720273,Defective,1.0,160.8
711,4803,15466,19.0,2022-11-29 00:36:09.294052,Did not match description,1.0,258.66
712,4803,15466,584.0,2022-11-22 00:36:09.294052,Did not match description,4.0,2035.33
713,4803,15466,325.0,2022-12-02 00:36:09.294052,Wrong Item,2.0,487.44
714,4803,15466,143.0,2022-11-26 00:36:09.294052,Changed Mind,1.0,563.74
715,4803,15466,85.0,2022-12-07 00:36:09.294052,Did not match description,1.0,346.7
725,4903,13308,122.0,2023-06-13 19:57:31.257358,Wrong Item,1.0,938.92
726,4903,13308,795.0,2023-06-02 19:57:31.257358,Wrong Item,1.0,350.56
727,4911,15431,867.0,2023-10-18 07:36:11.748665,Defective,1.0,102.13
728,4911,15431,274.0,2023-10-18 07:36:11.748665,Wrong Item,1.0,341.88
730,4941,18849,594.0,2022-09-21 03:46:14.624081,Defective,1.0,399.73
731,4941,18849,832.0,2022-10-01 03:46:14.624081,Wrong Item,4.0,522.76
732,4941,18849,623.0,2022-09-30 03:46:14.624081,Wrong Item,1.0,958.09
733,4941,18849,883.0,2022-09-16 03:46:14.624081,Defective,1.0,538.09
734,4944,13614,103.0,2024-01-16 10:15:49.762492,Did not match description,1.0,282.73
735,4944,13614,924.0,2023-12-24 10:15:49.762492,Defective,1.0,253.82
739,4998,2942,830.0,2022-12-13 06:57:26.427896,Changed Mind,1.0,79.13
742,5022,16293,210.0,2023-12-01 06:41:56.728281,Wrong Item,1.0,217.53
743,5031,13452,277.0,2023-01-13 10:18:30.433912,Wrong Item,1.0,824.12
744,5031,13452,254.0,2023-01-24 10:18:30.433912,Wrong Item,1.0,1066.87
745,5031,13452,803.0,2023-01-28 10:18:30.433912,Did not match description,1.0,332.24
746,5031,13452,390.0,2023-01-25 10:18:30.433912,Defective,1.0,132.77
747,5035,4307,738.0,2024-01-06 15:32:54.206836,Changed Mind,1.0,161.22
748,5035,4307,733.0,2024-01-23 15:32:54.206836,Defective,3.0,872.26
756,5142,16113,408.0,2023-09-14 00:16:25.618662,Wrong Item,4.0,473.41
757,5142,16113,928.0,2023-09-25 00:16:25.618662,Wrong Item,1.0,1461.1
758,5142,16113,839.0,2023-09-18 00:16:25.618662,Did not match description,1.0,152.17
759,5142,16113,774.0,2023-09-16 00:16:25.618662,Did not match description,2.0,553.2
760,5142,16113,569.0,2023-09-14 00:16:25.618662,Changed Mind,1.0,2254.34
761,5143,9109,259.0,2023-12-11 06:02:56.005589,Changed Mind,1.0,197.97
767,5166,16609,788.0,2023-11-24 16:31:48.434576,Defective,1.0,242.84
768,5166,16609,733.0,2023-12-01 16:31:48.434576,Defective,1.0,290.75
769,5166,16609,879.0,2023-11-22 16:31:48.434576,Wrong Item,1.0,1529.95
770,5166,16609,859.0,2023-11-15 16:31:48.434576,Did not match description,4.0,7079.8
775,5184,4889,757.0,2023-06-01 08:51:51.730212,Did not match description,2.0,219.84
776,5184,4889,292.0,2023-06-06 08:51:51.730212,Did not match description,2.0,1968.06
777,5184,4889,822.0,2023-05-20 08:51:51.730212,Did not match description,1.0,401.17
778,5201,18608,616.0,2024-01-01 12:01:00.129731,Changed Mind,1.0,281.23
779,5201,18608,647.0,2024-01-02 12:01:00.129731,Did not match description,1.0,326.72
780,5201,18608,130.0,2023-12-29 12:01:00.129731,Wrong Item,2.0,122.13
784,5232,4997,353.0,2023-06-16 03:25:31.168909,Did not match description,1.0,101.23
785,5232,4997,499.0,2023-06-27 03:25:31.168909,Defective,1.0,125.82
786,5246,12626,252.0,2021-04-08 17:54:18.693326,Changed Mind,1.0,171.13
787,5246,12626,934.0,2021-04-18 17:54:18.693326,Wrong Item,1.0,604.19
789,5295,3569,555.0,2022-07-21 12:20:59.196735,Wrong Item,1.0,1114.66
790,5295,3569,357.0,2022-07-13 12:20:59.196735,Did not match description,1.0,64.37
791,5295,3569,24.0,2022-08-06 12:20:59.196735,Changed Mind,1.0,61.63
792,5295,3569,599.0,2022-08-06 12:20:59.196735,Wrong Item,1.0,420.13
801,5387,3984,796.0,2022-08-31 03:43:28.788085,Changed Mind,1.0,128.19
806,5397,14240,421.0,2022-08-04 11:01:39.542682,Defective,2.0,327.18
807,5397,14240,449.0,2022-08-02 11:01:39.542682,Wrong Item,1.0,119.3
808,5424,10943,852.0,2022-11-30 06:21:34.035573,Did not match description,3.0,477.22
813,5443,16047,228.0,2023-07-19 15:43:36.585326,Changed Mind,1.0,38.21
814,5443,16047,76.0,2023-08-08 15:43:36.585326,Changed Mind,1.0,300.6
815,5449,4786,787.0,2022-10-31 07:55:36.215625,Wrong Item,1.0,67.97
822,5490,2995,714.0,2023-04-24 05:14:44.160405,Did not match description,1.0,313.11
828,5523,19015,988.0,2023-08-02 10:44:57.107700,Did not match description,4.0,637.2
829,5523,19015,460.0,2023-07-18 10:44:57.107700,Wrong Item,1.0,576.7
831,5534,199,468.0,2022-02-08 10:30:48.555673,Changed Mind,1.0,378.9
832,5534,199,559.0,2022-02-08 10:30:48.555673,Did not match description,1.0,1652.88
833,5534,199,106.0,2022-01-25 10:30:48.555673,Did not match description,2.0,1194.66
834,5534,199,944.0,2022-02-10 10:30:48.555673,Did not match description,2.0,2497.36
836,5553,1532,353.0,2024-01-25 11:43:22.257727,Wrong Item,1.0,101.23
837,5554,2849,873.0,2022-09-21 16:33:54.577280,Defective,4.0,585.32
840,5572,7216,795.0,2023-07-29 12:47:03.376925,Changed Mind,3.0,1051.68
841,5572,7216,679.0,2023-08-05 12:47:03.376925,Did not match description,1.0,1109.05
844,5605,16248,796.0,2022-08-20 08:52:03.188913,Defective,1.0,128.19
845,5617,4769,478.0,2023-05-26 09:26:23.219647,Wrong Item,2.0,305.44
848,5723,4486,790.0,2023-04-13 09:19:03.060428,Defective,3.0,767.34
849,5723,4486,187.0,2023-04-17 09:19:03.060428,Did not match description,2.0,3943.95
850,5723,4486,8.0,2023-04-03 09:19:03.060428,Defective,3.0,799.41
851,5727,17025,20.0,2022-10-30 17:48:19.702949,Did not match description,1.0,402.25
852,5761,15182,476.0,2023-04-14 04:39:08.030077,Defective,1.0,173.66
853,5763,1775,390.0,2022-01-17 20:25:48.847307,Defective,2.0,265.54
854,5763,1775,522.0,2022-01-22 20:25:48.847307,Defective,4.0,5249.8
855,5766,14579,449.0,2023-10-29 11:56:22.985846,Changed Mind,1.0,149.13
861,5837,17956,71.0,2023-07-28 01:37:47.664273,Did not match description,1.0,1040.33
865,5901,3820,55.0,2022-09-22 14:12:07.527904,Wrong Item,1.0,205.17
866,5929,9238,186.0,2023-01-17 13:44:20.383189,Changed Mind,5.0,3580.7
867,5929,9238,636.0,2023-01-29 13:44:20.383189,Defective,1.0,273.1
874,5950,9136,569.0,2023-12-13 05:55:12.748991,Did not match description,1.0,2254.34
875,5950,9136,708.0,2023-12-16 05:55:12.748991,Defective,1.0,1759.55
876,5950,9136,557.0,2023-11-25 05:55:12.748991,Wrong Item,1.0,329.92
877,5950,9136,624.0,2023-11-26 05:55:12.748991,Wrong Item,1.0,274.97
878,5950,9136,803.0,2023-12-15 05:55:12.748991,Defective,1.0,332.24
889,6013,10358,591.0,2023-10-20 22:51:17.901335,Changed Mind,1.0,25.93
890,6016,10164,286.0,2023-07-17 18:15:59.527992,Did not match description,1.0,1417.41
891,6016,10164,458.0,2023-07-12 18:15:59.527992,Did not match description,3.0,343.35
894,6051,14842,721.0,2023-11-19 01:01:05.477732,Changed Mind,1.0,305.69
895,6051,14842,753.0,2023-10-23 01:01:05.477732,Changed Mind,1.0,11.74
896,6051,14842,989.0,2023-11-08 01:01:05.477732,Defective,1.0,201.76
897,6060,14686,322.0,2024-01-01 17:04:32.238692,Wrong Item,1.0,308.58
898,6060,14686,220.0,2024-01-04 17:04:32.238692,Defective,1.0,235.11
899,6060,14686,751.0,2024-01-02 17:04:32.238692,Changed Mind,4.0,774.38
900,6060,14686,24.0,2024-01-18 17:04:32.238692,Defective,4.0,197.22
903,6166,5400,144.0,2023-06-06 21:42:19.664840,Defective,4.0,272.12
904,6166,5400,931.0,2023-06-16 21:42:19.664840,Wrong Item,1.0,45.42
906,6201,19337,597.0,2021-07-23 22:29:17.947505,Defective,2.0,3002.94
907,6201,19337,788.0,2021-07-20 22:29:17.947505,Wrong Item,1.0,242.84
908,6219,752,386.0,2023-07-16 19:16:11.375857,Changed Mind,4.0,304.48
909,6219,752,753.0,2023-07-04 19:16:11.375857,Wrong Item,2.0,29.34
911,6236,14402,319.0,2024-01-15 10:22:38.406326,Wrong Item,1.0,272.28
912,6236,14402,591.0,2024-01-10 10:22:38.406326,Changed Mind,2.0,51.86
921,6305,2382,38.0,2022-08-14 10:26:45.615392,Defective,1.0,204.7
922,6305,2382,151.0,2022-08-03 10:26:45.615392,Defective,3.0,555.78
923,6305,2382,980.0,2022-08-02 10:26:45.615392,Wrong Item,2.0,1284.04
924,6306,12492,510.0,2022-05-09 13:41:42.132568,Changed Mind,1.0,144.94
925,6319,8372,990.0,2023-11-11 11:34:43.575147,Wrong Item,2.0,211.3
926,6359,10838,768.0,2023-09-06 03:46:41.660487,Changed Mind,1.0,155.05
927,6359,10838,945.0,2023-09-01 03:46:41.660487,Wrong Item,4.0,536.92
928,6359,10838,510.0,2023-09-10 03:46:41.660487,Wrong Item,1.0,144.94
929,6360,18888,46.0,2023-10-12 18:20:15.708257,Wrong Item,2.0,188.5
930,6360,18888,258.0,2023-09-17 18:20:15.708257,Changed Mind,1.0,1968.94
931,6360,18888,105.0,2023-10-03 18:20:15.708257,Wrong Item,2.0,309.58
932,6360,18888,857.0,2023-10-01 18:20:15.708257,Did not match description,1.0,446.66
937,6428,6054,110.0,2023-03-15 05:01:04.264703,Changed Mind,1.0,390.34
938,6428,6054,941.0,2023-04-03 05:01:04.264703,Changed Mind,2.0,477.68
939,6428,6054,737.0,2023-04-01 05:01:04.264703,Wrong Item,4.0,1397.48
947,6530,17610,407.0,2023-12-26 13:25:59.931540,Defective,3.0,1240.6
948,6530,17610,965.0,2023-12-01 13:25:59.931540,Changed Mind,4.0,166.96
949,6539,3725,433.0,2023-11-06 16:15:17.784463,Wrong Item,1.0,223.89
950,6539,3725,112.0,2023-10-27 16:15:17.784463,Did not match description,2.0,4737.78
951,6554,6691,521.0,2023-12-18 16:41:26.074272,Did not match description,1.0,55.38
952,6554,6691,423.0,2023-12-16 16:41:26.074272,Did not match description,1.0,425.77
953,6554,6691,328.0,2024-01-03 16:41:26.074272,Changed Mind,1.0,224.96
954,6554,6691,877.0,2023-12-18 16:41:26.074272,Did not match description,1.0,167.6
963,6576,9760,760.0,2023-09-23 18:01:15.231682,Changed Mind,1.0,127.78
964,6576,9760,572.0,2023-09-29 18:01:15.231682,Changed Mind,1.0,1213.13
981,6719,18888,609.0,2023-10-20 04:56:56.939648,Changed Mind,3.0,439.05
985,6745,3481,453.0,2023-05-22 06:19:55.968352,Wrong Item,4.0,621.84
986,6745,3481,485.0,2023-06-06 06:19:55.968352,Did not match description,4.0,1941.91
991,6766,9323,30.0,2023-07-31 18:27:17.006286,Defective,1.0,1477.15
992,6766,9323,451.0,2023-07-20 18:27:17.006286,Defective,1.0,213.53
993,6771,19094,839.0,2023-08-07 05:38:44.469851,Defective,2.0,342.38
995,6777,4620,668.0,2023-06-17 03:41:13.261304,Wrong Item,1.0,108.08
996,6780,13270,212.0,2023-07-11 07:28:42.118153,Changed Mind,1.0,850.92
1003,6810,6244,86.0,2023-03-28 00:22:09.579966,Changed Mind,1.0,190.33
1004,6825,14615,438.0,2023-12-09 15:57:06.406669,Did not match description,1.0,2025.76
1006,6861,4896,445.0,2022-12-14 14:48:38.903069,Wrong Item,1.0,138.05
1007,6861,4896,718.0,2022-12-14 14:48:38.903069,Defective,1.0,672.01
1008,6861,4896,193.0,2022-11-24 14:48:38.903069,Defective,1.0,461.9
1016,6941,15691,534.0,2021-10-18 15:23:30.633338,Changed Mind,1.0,64.17
1017,6941,15691,536.0,2021-10-13 15:23:30.633338,Did not match description,1.0,551.62
1018,6963,7196,329.0,2023-11-01 08:46:33.316840,Defective,1.0,55.23
1023,6993,14430,667.0,2022-02-08 09:43:13.009502,Defective,1.0,28.48
1024,6993,14430,176.0,2022-01-18 09:43:13.009502,Defective,1.0,1099.75
1025,7009,18430,648.0,2021-11-15 02:17:21.411538,Defective,2.0,5115.92
1026,7009,18430,901.0,2021-11-19 02:17:21.411538,Did not match description,1.0,168.94
1027,7009,18430,341.0,2021-11-11 02:17:21.411538,Changed Mind,1.0,54.8
1028,7009,18430,10.0,2021-11-03 02:17:21.411538,Changed Mind,1.0,147.11
1029,7017,622,994.0,2023-08-23 23:19:40.348025,Changed Mind,1.0,82.8
1030,7017,622,205.0,2023-08-20 23:19:40.348025,Changed Mind,2.0,1408.78
1036,7057,13524,329.0,2023-12-22 01:03:49.430497,Wrong Item,1.0,55.23
1041,7084,15368,650.0,2023-05-19 10:58:06.759515,Changed Mind,1.0,405.7
1042,7084,15368,266.0,2023-05-09 10:58:06.759515,Defective,1.0,231.16
1043,7107,6375,55.0,2024-01-27 01:49:06.106105,Changed Mind,2.0,369.31
1044,7107,6375,263.0,2024-01-05 01:49:06.106105,Changed Mind,1.0,571.7
1045,7107,6375,368.0,2024-01-10 01:49:06.106105,Changed Mind,4.0,4791.08
1050,7166,18861,272.0,2021-12-22 23:35:06.846266,Changed Mind,1.0,44.08
1051,7166,18861,219.0,2021-12-17 23:35:06.846266,Changed Mind,1.0,665.19
1052,7182,15502,994.0,2023-01-16 23:44:28.226264,Changed Mind,4.0,294.4
1053,7182,15502,305.0,2023-02-02 23:44:28.226264,Defective,1.0,471.71
1054,7182,15502,423.0,2023-01-31 23:44:28.226264,Changed Mind,2.0,1064.42
1057,7207,384,494.0,2022-09-22 17:02:10.072497,Wrong Item,1.0,113.69
1058,7209,13254,633.0,2023-10-11 21:48:38.912182,Wrong Item,1.0,232.44
1060,7243,1773,32.0,2023-07-20 02:28:26.172054,Did not match description,1.0,1280.34
1061,7243,1773,333.0,2023-07-15 02:28:26.172054,Did not match description,4.0,2439.2
1063,7270,1818,618.0,2022-03-14 23:27:58.801746,Wrong Item,1.0,151.45
1066,7293,11965,893.0,2023-04-09 22:39:25.572176,Did not match description,1.0,161.53
1067,7293,11965,533.0,2023-04-04 22:39:25.572176,Changed Mind,1.0,707.86
1068,7309,16726,770.0,2023-11-07 04:49:40.511661,Defective,3.0,35.61
1069,7312,10894,696.0,2023-10-30 13:26:54.197483,Wrong Item,1.0,1027.94
1070,7312,10894,20.0,2023-11-02 13:26:54.197483,Changed Mind,1.0,402.25
1071,7312,10894,732.0,2023-10-11 13:26:54.197483,Changed Mind,1.0,66.78
1072,7321,14636,917.0,2022-07-05 19:00:02.741666,Did not match description,1.0,456.29
1073,7321,14636,166.0,2022-07-11 19:00:02.741666,Changed Mind,2.0,192.1
1077,7366,7035,740.0,2022-06-04 15:47:56.632991,Defective,1.0,185.27
1085,7435,4725,397.0,2023-11-11 13:57:21.394205,Defective,5.0,845.4
1086,7435,4725,798.0,2023-11-28 13:57:21.394205,Defective,2.0,288.26
1090,7457,9857,136.0,2023-04-15 14:54:45.423924,Wrong Item,1.0,523.56
1091,7457,9857,987.0,2023-05-03 14:54:45.423924,Wrong Item,1.0,103.53
1092,7491,3319,89.0,2022-12-15 07:31:33.137730,Did not match description,2.0,4194.42
1093,7491,3319,808.0,2022-12-24 07:31:33.137730,Defective,2.0,1916.68
1094,7491,3319,810.0,2022-12-07 07:31:33.137730,Changed Mind,1.0,108.56
1095,7491,3319,558.0,2022-12-25 07:31:33.137730,Wrong Item,1.0,386.45
1098,7509,11916,458.0,2022-10-13 22:31:22.588281,Changed Mind,2.0,228.9
1099,7509,11916,819.0,2022-10-03 22:31:22.588281,Did not match description,1.0,157.39
1100,7509,11916,722.0,2022-09-27 22:31:22.588281,Did not match description,1.0,1346.62
1101,7509,11916,955.0,2022-10-05 22:31:22.588281,Defective,1.0,802.3
1103,7525,1316,634.0,2022-10-09 19:25:56.543818,Wrong Item,3.0,622.96
1104,7525,1316,910.0,2022-09-21 19:25:56.543818,Did not match description,1.0,1228.48
1105,7525,1316,632.0,2022-09-28 19:25:56.543818,Did not match description,2.0,3637.56
1112,7689,10915,755.0,2023-06-18 06:13:14.646444,Changed Mind,1.0,170.39
1116,7729,18602,959.0,2023-06-20 02:00:26.709771,Wrong Item,4.0,415.41
1121,7824,19572,876.0,2023-07-17 19:20:01.429107,Changed Mind,1.0,357.94
1122,7824,19572,92.0,2023-07-29 19:20:01.429107,Did not match description,1.0,325.85
1124,7849,1001,647.0,2022-01-13 20:54:00.078919,Changed Mind,2.0,653.44
1125,7849,1001,657.0,2022-01-17 20:54:00.078919,Defective,5.0,4451.6
1126,7849,1001,573.0,2022-01-16 20:54:00.078919,Wrong Item,2.0,134.24
1127,7851,4986,324.0,2022-03-12 06:15:36.670811,Changed Mind,1.0,180.49
1128,7851,4986,30.0,2022-03-08 06:15:36.670811,Changed Mind,1.0,1477.15
1137,7906,4508,799.0,2022-03-31 02:24:35.867469,Wrong Item,1.0,147.38
1138,7908,9482,325.0,2023-10-27 19:44:35.177393,Wrong Item,1.0,243.72
1154,8038,2789,763.0,2023-05-19 14:47:59.336712,Did not match description,1.0,247.56
1155,8038,2789,46.0,2023-05-19 14:47:59.336712,Did not match description,1.0,94.25
1156,8064,1004,736.0,2022-12-17 20:14:52.319292,Did not match description,1.0,341.5
1157,8064,1004,788.0,2022-12-09 20:14:52.319292,Changed Mind,2.0,485.68
1158,8064,1004,684.0,2022-12-08 20:14:52.319292,Did not match description,3.0,853.83
1160,8126,7568,252.0,2023-07-14 10:06:50.188950,Did not match description,2.0,427.82
1161,8130,956,218.0,2023-07-01 11:06:03.815296,Did not match description,1.0,188.34
1162,8130,956,574.0,2023-06-21 11:06:03.815296,Defective,1.0,200.04
1165,8139,3313,317.0,2023-11-12 20:00:57.098745,Wrong Item,1.0,1529.4
1166,8139,3313,449.0,2023-12-04 20:00:57.098745,Wrong Item,1.0,149.13
1167,8147,6280,533.0,2021-04-23 14:01:49.794481,Wrong Item,1.0,884.83
1168,8147,6280,944.0,2021-04-18 14:01:49.794481,Changed Mind,4.0,4994.72
1169,8147,6280,446.0,2021-05-12 14:01:49.794481,Changed Mind,1.0,353.94
1170,8147,6280,873.0,2021-04-20 14:01:49.794481,Defective,1.0,146.33
1174,8183,13414,634.0,2022-08-24 04:26:53.623095,Defective,1.0,244.3
1175,8187,4643,713.0,2022-07-09 21:50:40.091431,Changed Mind,1.0,147.28
1177,8214,15512,336.0,2023-07-14 19:39:30.858724,Wrong Item,4.0,891.28
1178,8214,15512,329.0,2023-07-20 19:39:30.858724,Defective,4.0,259.92
1179,8214,15512,99.0,2023-07-19 19:39:30.858724,Did not match description,1.0,231.65
1180,8215,15809,434.0,2023-10-14 04:40:18.848440,Defective,1.0,1143.61
1186,8276,4239,700.0,2023-09-28 00:33:29.310015,Wrong Item,1.0,314.95
1187,8291,9567,790.0,2023-07-21 16:08:14.451611,Did not match description,1.0,255.78
1188,8291,9567,869.0,2023-07-19 16:08:14.451611,Defective,1.0,431.6
1190,8303,17041,945.0,2024-01-13 16:45:00.008827,Defective,1.0,134.23
1191,8305,18956,830.0,2022-05-23 17:07:34.078352,Changed Mind,1.0,87.92
1192,8325,6868,192.0,2023-10-09 20:40:56.981508,Wrong Item,1.0,220.79
1193,8347,1239,44.0,2021-12-31 09:17:18.371701,Changed Mind,1.0,136.23
1204,8444,6736,738.0,2022-11-29 07:36:04.804703,Changed Mind,1.0,161.22
1205,8455,1426,92.0,2022-10-08 22:58:29.329167,Did not match description,1.0,325.85
1207,8492,4543,498.0,2023-06-05 01:07:32.182932,Did not match description,1.0,418.13
1224,8640,16023,49.0,2023-08-05 17:58:54.375722,Did not match description,1.0,248.92
1226,8652,8096,394.0,2022-11-24 04:58:31.274012,Defective,1.0,47.91
1227,8652,8096,281.0,2022-12-08 04:58:31.274012,Changed Mind,1.0,626.98
1229,8670,7244,788.0,2023-12-26 17:43:48.745360,Changed Mind,1.0,242.84
1234,8715,15156,414.0,2023-12-09 19:35:14.461761,Changed Mind,5.0,1159.3
1235,8715,15156,21.0,2023-12-08 19:35:14.461761,Wrong Item,1.0,1575.25
1236,8715,15156,183.0,2023-11-27 19:35:14.461761,Changed Mind,1.0,176.28
1237,8756,19345,115.0,2023-02-06 13:59:35.328997,Defective,1.0,141.54
1239,8772,13202,239.0,2023-04-23 04:19:49.590764,Wrong Item,1.0,425.95
1240,8772,13202,74.0,2023-05-09 04:19:49.590764,Did not match description,1.0,62.53
1249,8847,19453,624.0,2023-07-30 01:36:38.807961,Defective,1.0,274.97
1250,8847,19453,551.0,2023-08-01 01:36:38.807961,Wrong Item,1.0,329.19
1251,8847,19453,659.0,2023-08-22 01:36:38.807961,Did not match description,1.0,383.16
1252,8847,19453,792.0,2023-08-10 01:36:38.807961,Wrong Item,1.0,1271.65
1261,8914,1337,279.0,2023-12-01 13:26:49.475472,Did not match description,1.0,1196.83
1262,8914,1337,349.0,2023-12-16 13:26:49.475472,Wrong Item,1.0,20.27
1263,8914,1337,545.0,2023-12-20 13:26:49.475472,Wrong Item,1.0,55.21
1269,9015,9372,386.0,2022-01-06 15:24:13.718627,Did not match description,2.0,152.24
1270,9015,9372,9.0,2021-12-25 15:24:13.718627,Changed Mind,1.0,44.17
1271,9023,13280,979.0,2022-07-14 13:51:57.778148,Defective,4.0,121.36
1279,9066,6695,480.0,2023-05-15 03:18:18.196779,Defective,1.0,183.7
1280,9066,6695,211.0,2023-05-10 03:18:18.196779,Did not match description,2.0,360.98
1298,9123,12476,38.0,2023-04-27 13:51:34.789272,Changed Mind,1.0,163.76
1299,9123,12476,473.0,2023-04-24 13:51:34.789272,Changed Mind,1.0,340.96
1300,9123,12476,568.0,2023-04-12 13:51:34.789272,Wrong Item,3.0,672.12
1305,9167,16398,40.0,2022-03-17 11:47:52.495455,Did not match description,1.0,2712.38
1306,9167,16398,329.0,2022-03-30 11:47:52.495455,Wrong Item,1.0,64.98
1307,9167,16398,853.0,2022-03-30 11:47:52.495455,Defective,1.0,184.79
1308,9177,7878,986.0,2023-02-14 05:22:21.522974,Defective,3.0,321.93
1309,9177,7878,220.0,2023-01-21 05:22:21.522974,Wrong Item,1.0,235.11
1312,9206,7343,273.0,2023-04-18 03:42:20.394561,Defective,3.0,362.35
1313,9206,7343,187.0,2023-04-09 03:42:20.394561,Changed Mind,2.0,4639.94
1315,9233,11447,180.0,2024-01-10 20:27:03.564787,Wrong Item,4.0,5855.76
1316,9233,11447,795.0,2024-01-07 20:27:03.564787,Changed Mind,1.0,350.56
1317,9233,11447,391.0,2024-01-21 20:27:03.564787,Defective,1.0,307.36
1318,9233,11447,367.0,2024-01-17 20:27:03.564787,Did not match description,1.0,393.66
1323,9281,9731,685.0,2022-12-12 04:17:04.435594,Defective,1.0,171.99
1324,9284,13765,266.0,2024-01-19 16:40:04.549393,Did not match description,1.0,231.16
1327,9293,11301,353.0,2022-08-31 09:05:30.153516,Defective,1.0,101.23
1334,9354,16650,690.0,2023-04-22 06:34:25.486404,Changed Mind,2.0,296.24
1335,9360,19080,963.0,2023-09-20 22:32:25.449556,Changed Mind,3.0,870.84
1350,9455,6486,737.0,2023-09-13 05:50:01.593164,Defective,1.0,349.37
1355,9531,12299,990.0,2023-02-26 06:36:22.359122,Wrong Item,3.0,316.95
1358,9563,10338,618.0,2023-08-02 23:44:39.260840,Wrong Item,1.0,151.45
1359,9579,10419,609.0,2023-12-23 06:16:41.708302,Changed Mind,1.0,146.35
1361,9641,3630,55.0,2022-12-10 20:35:48.952324,Changed Mind,1.0,205.17
1362,9641,3630,227.0,2022-12-07 20:35:48.952324,Changed Mind,3.0,768.69
1363,9675,2219,605.0,2023-12-06 10:13:56.936703,Did not match description,1.0,248.12
1365,9703,5894,728.0,2024-01-01 13:54:21.441948,Did not match description,2.0,841.56
1366,9703,5894,633.0,2024-01-02 13:54:21.441948,Changed Mind,1.0,232.44
1374,9738,13980,31.0,2023-12-11 22:38:24.183357,Changed Mind,1.0,78.12
1375,9738,13980,989.0,2023-12-08 22:38:24.183357,Changed Mind,1.0,201.76
1379,9744,17692,111.0,2023-11-23 23:04:55.763098,Changed Mind,1.0,274.65
1380,9744,17692,143.0,2023-11-27 23:04:55.763098,Defective,2.0,1127.48
1381,9770,7850,438.0,2023-06-13 07:43:35.520394,Changed Mind,2.0,4501.7
1382,9770,7850,815.0,2023-06-16 07:43:35.520394,Changed Mind,2.0,393.16
1390,9836,14434,74.0,2023-11-16 18:01:10.172354,Wrong Item,3.0,208.44
1391,9836,14434,86.0,2023-10-30 18:01:10.172354,Changed Mind,1.0,190.33
1394,9846,1776,888.0,2022-10-17 00:46:38.004010,Defective,1.0,324.27
1395,9846,1776,766.0,2022-11-04 00:46:38.004010,Changed Mind,5.0,1627.5
1396,9846,1776,266.0,2022-10-19 00:46:38.004010,Wrong Item,1.0,231.16
1397,9846,1776,309.0,2022-10-30 00:46:38.004010,Changed Mind,5.0,649.44
1407,9895,4850,559.0,2021-11-05 05:57:12.519263,Changed Mind,1.0,1652.88
1408,9895,4850,353.0,2021-11-10 05:57:12.519263,Changed Mind,1.0,101.23
1420,9974,15633,240.0,2023-12-10 21:22:53.190789,Changed Mind,5.0,2987.35
1421,9974,15633,199.0,2023-12-03 21:22:53.190789,Did not match description,3.0,645.12
1425,10028,4682,606.0,2023-09-23 18:17:18.376249,Did not match description,1.0,82.52
1426,10028,4682,290.0,2023-09-12 18:17:18.376249,Did not match description,3.0,344.73
1430,10060,11395,908.0,2024-01-03 07:39:03.543761,Wrong Item,1.0,214.64
1431,10060,11395,80.0,2023-12-21 07:39:03.543761,Did not match description,1.0,174.4
1433,10071,14282,499.0,2023-07-07 21:11:46.992326,Changed Mind,2.0,201.31
1434,10071,14282,24.0,2023-06-12 21:11:46.992326,Did not match description,3.0,184.89
1437,10082,14269,669.0,2023-11-12 02:54:19.984819,Wrong Item,1.0,1220.75
1438,10082,14269,991.0,2023-11-05 02:54:19.984819,Changed Mind,1.0,306.12
1439,10082,14269,215.0,2023-11-18 02:54:19.984819,Wrong Item,1.0,230.13
1440,10082,14269,482.0,2023-11-17 02:54:19.984819,Wrong Item,1.0,609.06
1441,10082,14269,996.0,2023-11-16 02:54:19.984819,Defective,1.0,377.2
1446,10132,10953,215.0,2023-06-03 23:25:37.681360,Wrong Item,1.0,230.13
1447,10136,8810,156.0,2022-05-12 10:13:39.414233,Did not match description,1.0,140.07
1448,10136,8810,368.0,2022-05-04 10:13:39.414233,Changed Mind,4.0,4791.08
1449,10136,8810,624.0,2022-05-09 10:13:39.414233,Did not match description,1.0,219.98
1450,10136,8810,755.0,2022-05-07 10:13:39.414233,Changed Mind,1.0,170.39
1451,10136,8810,622.0,2022-04-24 10:13:39.414233,Changed Mind,1.0,1740.29
1452,10161,17756,240.0,2023-06-20 12:11:17.977697,Wrong Item,1.0,597.47
1453,10161,17756,676.0,2023-06-28 12:11:17.977697,Did not match description,4.0,1650.6
1454,10169,3681,280.0,2024-01-20 00:41:03.724132,Defective,2.0,1402.4
1455,10169,3681,954.0,2023-12-31 00:41:03.724132,Did not match description,3.0,77.37
1456,10196,8511,571.0,2023-07-07 08:23:47.246439,Defective,1.0,81.78
1457,10196,8511,74.0,2023-07-26 08:23:47.246439,Wrong Item,1.0,69.48
1462,10263,14130,495.0,2023-12-10 19:11:39.335374,Wrong Item,1.0,22.7
1463,10291,17078,232.0,2023-06-03 09:07:47.798361,Did not match description,1.0,1771.7
1464,10291,17078,25.0,2023-06-16 09:07:47.798361,Changed Mind,1.0,140.12
1467,10311,5822,763.0,2023-05-17 13:53:27.733859,Did not match description,3.0,825.21
1468,10311,5822,764.0,2023-05-05 13:53:27.733859,Defective,1.0,151.12
1473,10355,8303,737.0,2023-11-19 17:44:00.833549,Did not match description,1.0,349.37
1476,10372,4073,392.0,2023-07-23 16:36:04.783051,Changed Mind,2.0,321.6
1477,10372,4073,112.0,2023-07-07 16:36:04.783051,Did not match description,1.0,2368.89
1480,10387,19343,224.0,2022-07-11 08:36:26.155035,Changed Mind,3.0,858.57
1482,10440,1851,601.0,2023-09-06 06:22:54.263081,Changed Mind,3.0,2179.92
1483,10440,1851,347.0,2023-09-19 06:22:54.263081,Defective,1.0,201.83
1484,10440,1851,36.0,2023-09-15 06:22:54.263081,Defective,1.0,307.88
1489,10494,17799,217.0,2023-11-28 21:23:56.242466,Changed Mind,2.0,2485.13
1491,10514,11490,175.0,2023-07-02 03:16:06.276009,Changed Mind,1.0,148.2
1493,10532,18812,253.0,2023-09-30 06:35:29.190371,Defective,2.0,474.83
1494,10532,18812,157.0,2023-10-01 06:35:29.190371,Changed Mind,1.0,159.01
1495,10536,14104,791.0,2024-01-14 05:32:07.930579,Changed Mind,2.0,1052.62
1496,10536,14104,668.0,2024-01-03 05:32:07.930579,Changed Mind,1.0,108.08
1501,10568,8600,218.0,2022-02-06 00:58:12.756053,Defective,4.0,753.36
1502,10568,8600,235.0,2022-01-24 00:58:12.756053,Changed Mind,1.0,26.99
1503,10568,8600,363.0,2022-02-13 00:58:12.756053,Wrong Item,2.0,492.62
1504,10568,8600,534.0,2022-02-09 00:58:12.756053,Changed Mind,1.0,64.17
1505,10589,933,215.0,2023-11-30 12:09:01.590198,Defective,1.0,230.13
1506,10589,933,782.0,2023-12-04 12:09:01.590198,Defective,3.0,2842.11
1511,10636,892,606.0,2023-11-27 06:00:38.312513,Wrong Item,3.0,275.07
1512,10636,892,347.0,2023-11-29 06:00:38.312513,Wrong Item,1.0,201.83
1513,10676,3659,354.0,2023-03-16 20:14:14.067037,Changed Mind,1.0,1428.69
1514,10676,3659,20.0,2023-03-20 20:14:14.067037,Did not match description,1.0,402.25
1517,10687,13929,323.0,2023-07-11 17:17:19.758862,Wrong Item,2.0,1615.2
1518,10687,13929,678.0,2023-06-30 17:17:19.758862,Defective,2.0,835.78
1519,10687,13929,459.0,2023-07-29 17:17:19.758862,Defective,1.0,198.19
1521,10694,12170,423.0,2024-01-11 09:36:26.727092,Wrong Item,1.0,532.21
1525,10733,1217,963.0,2023-12-21 08:21:16.658405,Did not match description,2.0,580.56
1531,10755,17983,600.0,2023-11-21 13:31:24.583259,Wrong Item,1.0,856.76
1532,10755,17983,751.0,2023-11-17 13:31:24.583259,Wrong Item,2.0,409.97
1533,10772,19751,453.0,2021-11-05 08:46:31.635455,Defective,2.0,310.92
1534,10772,19751,114.0,2021-11-04 08:46:31.635455,Defective,1.0,1360.33
1536,10793,2935,512.0,2024-01-06 11:25:07.075613,Wrong Item,2.0,765.78
1537,10793,2935,803.0,2024-01-09 11:25:07.075613,Did not match description,1.0,282.4
1538,10800,8681,55.0,2021-12-08 11:11:09.214867,Did not match description,2.0,410.34
1539,10800,8681,257.0,2021-11-25 11:11:09.214867,Changed Mind,2.0,254.86
1547,10903,8523,873.0,2023-07-06 05:36:15.952712,Did not match description,2.0,292.66
1548,10903,8523,215.0,2023-07-04 05:36:15.952712,Did not match description,1.0,230.13
1549,10909,12454,930.0,2022-06-05 06:16:10.045330,Defective,2.0,366.32
1550,10909,12454,825.0,2022-05-30 06:16:10.045330,Did not match description,1.0,93.01
1554,10946,5081,739.0,2022-08-11 12:28:31.322052,Did not match description,3.0,764.34
1555,10946,5081,33.0,2022-08-11 12:28:31.322052,Defective,1.0,150.45
1557,10963,10748,196.0,2023-04-20 09:52:40.046888,Changed Mind,1.0,161.66
1561,11003,5707,695.0,2023-11-06 07:25:38.309604,Defective,1.0,1729.78
1562,11003,5707,394.0,2023-11-17 07:25:38.309604,Wrong Item,1.0,47.91
1563,11003,5707,320.0,2023-11-07 07:25:38.309604,Wrong Item,1.0,1366.24
1564,11003,5707,161.0,2023-11-14 07:25:38.309604,Defective,1.0,698.16
1572,11064,13647,668.0,2023-05-07 04:18:18.019788,Changed Mind,1.0,108.08
1573,11064,13647,261.0,2023-05-21 04:18:18.019788,Wrong Item,2.0,786.94
1578,11115,11074,26.0,2023-09-20 08:18:04.422390,Wrong Item,4.0,513.72
1579,11115,11074,92.0,2023-09-26 08:18:04.422390,Wrong Item,1.0,325.85
1582,11125,1106,238.0,2023-07-26 16:19:59.017734,Did not match description,3.0,3099.18
1584,11140,10575,875.0,2023-02-01 15:38:48.858790,Wrong Item,1.0,623.11
1585,11140,10575,408.0,2023-02-13 15:38:48.858790,Did not match description,1.0,147.94
1586,11141,9120,988.0,2023-10-14 06:37:13.727389,Defective,2.0,318.6
1587,11152,2507,693.0,2023-12-27 07:18:43.530927,Changed Mind,1.0,53.97
1588,11152,2507,49.0,2023-12-27 07:18:43.530927,Defective,1.0,211.58
1590,11175,3109,313.0,2022-10-26 02:48:10.924284,Did not match description,2.0,395.08
1591,11175,3109,823.0,2022-10-13 02:48:10.924284,Changed Mind,1.0,266.26
1592,11176,11349,714.0,2023-11-18 16:10:24.602756,Changed Mind,2.0,736.74
1593,11177,1155,618.0,2023-10-17 05:41:09.848952,Defective,2.0,356.36
1594,11211,15767,103.0,2023-10-25 09:00:27.080361,Changed Mind,1.0,282.73
1595,11211,15767,141.0,2023-10-30 09:00:27.080361,Did not match description,2.0,62.48
1596,11211,15767,251.0,2023-10-23 09:00:27.080361,Wrong Item,1.0,129.76
1597,11211,15767,312.0,2023-10-21 09:00:27.080361,Changed Mind,1.0,1382.97
1598,11211,15767,139.0,2023-11-09 09:00:27.080361,Wrong Item,1.0,1111.5
1600,11247,8169,737.0,2023-03-13 13:01:21.404060,Did not match description,3.0,943.3
1601,11247,8169,716.0,2023-03-08 13:01:21.404060,Did not match description,1.0,642.64
1602,11247,8169,741.0,2023-02-26 13:01:21.404060,Defective,1.0,114.36
1603,11247,8169,928.0,2023-02-18 13:01:21.404060,Defective,1.0,1826.37
1604,11247,8169,280.0,2023-02-27 13:01:21.404060,Defective,1.0,779.11
1609,11252,3435,605.0,2023-06-24 05:53:25.471090,Did not match description,1.0,248.12
1610,11255,14406,439.0,2023-12-07 02:39:00.725761,Defective,1.0,576.52
1611,11255,14406,223.0,2023-12-21 02:39:00.725761,Defective,1.0,232.32
1612,11255,14406,320.0,2023-12-27 02:39:00.725761,Defective,1.0,1366.24
1619,11324,12160,257.0,2023-02-20 11:09:56.530722,Did not match description,1.0,127.43
1620,11324,12160,241.0,2023-02-15 11:09:56.530722,Changed Mind,1.0,431.46
1623,11383,13314,488.0,2023-06-24 01:44:36.484230,Did not match description,1.0,241.71
1624,11383,13314,138.0,2023-07-07 01:44:36.484230,Defective,1.0,130.18
1625,11383,13314,128.0,2023-06-26 01:44:36.484230,Defective,1.0,1462.17
1627,11399,11083,918.0,2023-12-19 13:18:01.796496,Defective,1.0,85.13
1628,11399,11083,556.0,2024-01-01 13:18:01.796496,Changed Mind,1.0,144.49
1629,11399,11083,490.0,2023-12-22 13:18:01.796496,Changed Mind,1.0,16.09
1630,11399,11083,679.0,2023-12-28 13:18:01.796496,Defective,2.0,2218.1
1639,11421,17769,751.0,2021-10-23 14:00:27.232429,Changed Mind,1.0,227.76
1646,11449,14837,717.0,2022-10-26 18:27:56.300647,Wrong Item,1.0,180.88
1648,11459,2675,458.0,2023-03-09 15:48:29.828039,Did not match description,1.0,114.45
1651,11470,3827,253.0,2023-05-26 19:14:22.403448,Defective,1.0,279.31
1655,11532,14036,674.0,2022-12-10 02:26:26.902935,Defective,1.0,250.91
1656,11532,14036,605.0,2022-11-15 02:26:26.902935,Wrong Item,1.0,248.12
1657,11532,14036,943.0,2022-12-07 02:26:26.902935,Wrong Item,3.0,1710.24
1661,11542,15672,99.0,2023-11-21 12:50:16.873820,Wrong Item,1.0,231.65
1664,11564,11706,570.0,2023-03-04 06:26:55.188534,Defective,1.0,212.05
1665,11564,11706,645.0,2023-03-22 06:26:55.188534,Changed Mind,1.0,281.26
1666,11564,11706,375.0,2023-03-05 06:26:55.188534,Changed Mind,3.0,591.81
1673,11590,10814,554.0,2023-06-05 13:50:51.642615,Defective,2.0,152.56
1674,11590,10814,144.0,2023-06-15 13:50:51.642615,Changed Mind,2.0,136.06
1675,11590,10814,209.0,2023-05-31 13:50:51.642615,Changed Mind,1.0,1601.65
1676,11600,8795,965.0,2024-01-10 09:30:02.370182,Wrong Item,1.0,41.74
1677,11600,8795,32.0,2024-01-11 09:30:02.370182,Changed Mind,5.0,8002.1
1680,11623,14346,811.0,2023-04-23 08:32:11.295832,Defective,1.0,237.45
1681,11623,14346,228.0,2023-04-25 08:32:11.295832,Wrong Item,1.0,38.21
1682,11623,14346,355.0,2023-04-23 08:32:11.295832,Changed Mind,3.0,2129.4
1683,11624,3267,575.0,2022-02-26 08:02:48.940482,Changed Mind,3.0,2104.29
1690,11670,2296,115.0,2023-03-31 12:23:46.837624,Defective,1.0,141.54
1691,11670,2296,228.0,2023-04-19 12:23:46.837624,Defective,1.0,38.21
1692,11670,2296,564.0,2023-03-31 12:23:46.837624,Changed Mind,1.0,2327.59
1693,11670,2296,235.0,2023-04-03 12:23:46.837624,Wrong Item,2.0,53.98
1694,11673,4952,554.0,2022-10-04 21:48:57.654636,Did not match description,1.0,76.28
1695,11673,4952,54.0,2022-10-15 21:48:57.654636,Wrong Item,1.0,750.48
1699,11698,18597,800.0,2023-05-26 05:45:21.497748,Changed Mind,1.0,187.96
1700,11698,18597,214.0,2023-05-20 05:45:21.497748,Defective,1.0,697.72
1703,11724,2576,179.0,2023-03-31 04:54:46.287505,Changed Mind,1.0,201.66
1705,11759,17523,165.0,2022-03-11 04:07:54.233428,Changed Mind,1.0,282.92
1706,11788,12413,489.0,2023-09-20 21:05:17.425320,Did not match description,1.0,595.66
1707,11788,12413,361.0,2023-09-11 21:05:17.425320,Changed Mind,1.0,77.69
1708,11788,12413,23.0,2023-09-09 21:05:17.425320,Changed Mind,4.0,454.88
1709,11788,12413,647.0,2023-09-01 21:05:17.425320,Changed Mind,1.0,294.05
1710,11788,12413,380.0,2023-09-20 21:05:17.425320,Wrong Item,1.0,120.14
1711,11790,4971,370.0,2023-12-20 10:08:51.703712,Defective,1.0,142.18
1712,11790,4971,106.0,2024-01-04 10:08:51.703712,Did not match description,1.0,597.33
1713,11790,4971,904.0,2023-12-24 10:08:51.703712,Wrong Item,3.0,95.31
1714,11790,4971,864.0,2023-12-16 10:08:51.703712,Defective,1.0,500.99
1715,11790,4971,999.0,2023-12-19 10:08:51.703712,Wrong Item,1.0,407.14
1719,11809,17558,713.0,2023-10-27 10:46:39.509790,Defective,2.0,294.56
1720,11809,17558,814.0,2023-10-25 10:46:39.509790,Changed Mind,1.0,91.55
1721,11809,17558,715.0,2023-10-26 10:46:39.509790,Wrong Item,1.0,327.26
1722,11824,12577,509.0,2023-02-20 02:46:21.742916,Wrong Item,2.0,778.9
1723,11824,12577,954.0,2023-02-24 02:46:21.742916,Defective,1.0,25.79
1735,11897,10326,80.0,2023-02-27 05:43:37.598323,Wrong Item,1.0,139.52
1743,11953,17157,587.0,2022-01-19 05:44:59.192566,Wrong Item,1.0,168.15
1744,11953,17157,23.0,2022-01-05 05:44:59.192566,Changed Mind,2.0,227.44
1749,11975,8356,926.0,2023-05-21 00:04:23.188750,Wrong Item,1.0,1235.92
1754,12005,4507,111.0,2023-09-10 05:04:28.645086,Changed Mind,1.0,247.19
1757,12016,13140,859.0,2022-03-09 08:28:41.285371,Did not match description,2.0,3185.91
1762,12041,19852,633.0,2023-07-16 07:16:07.626174,Defective,1.0,232.44
1773,12104,16068,606.0,2023-12-31 04:28:53.738356,Changed Mind,1.0,91.69
1774,12104,16068,531.0,2023-12-21 04:28:53.738356,Wrong Item,5.0,11659.7
1775,12104,16068,758.0,2024-01-09 04:28:53.738356,Changed Mind,1.0,235.04
1786,12168,13580,952.0,2023-08-08 17:41:38.487227,Did not match description,2.0,3674.4
1787,12168,13580,362.0,2023-07-30 17:41:38.487227,Wrong Item,1.0,288.73
1788,12219,11532,4.0,2023-10-28 05:48:44.781382,Defective,1.0,309.14
1789,12219,11532,52.0,2023-10-29 05:48:44.781382,Changed Mind,2.0,354.31
1790,12219,11532,690.0,2023-10-20 05:48:44.781382,Defective,2.0,296.24
1791,12222,9309,815.0,2023-03-21 20:55:56.957475,Did not match description,1.0,196.58
1792,12230,6985,18.0,2023-08-23 04:26:23.093261,Did not match description,1.0,28.07
1793,12230,6985,6.0,2023-09-04 04:26:23.093261,Did not match description,1.0,932.45
1794,12235,1658,183.0,2022-01-22 18:53:21.290677,Defective,2.0,352.56
1795,12235,1658,687.0,2022-01-17 18:53:21.290677,Did not match description,1.0,35.71
1803,12325,9711,130.0,2023-01-30 17:08:40.757945,Did not match description,1.0,67.85
1804,12328,2304,766.0,2023-08-23 18:22:34.746596,Did not match description,4.0,1302.0
1805,12328,2304,55.0,2023-09-01 18:22:34.746596,Defective,3.0,615.51
1812,12403,7299,901.0,2023-10-20 16:41:44.171954,Did not match description,4.0,675.76
1813,12406,2381,947.0,2023-12-14 18:38:53.201599,Did not match description,2.0,2409.82
1814,12406,2381,215.0,2024-01-05 18:38:53.201599,Changed Mind,1.0,230.13
1815,12406,2381,141.0,2024-01-03 18:38:53.201599,Wrong Item,5.0,156.2
1816,12406,2381,236.0,2023-12-13 18:38:53.201599,Wrong Item,1.0,165.0
1822,12467,3364,636.0,2023-10-02 15:41:02.055953,Wrong Item,2.0,546.2
1823,12467,3364,372.0,2023-10-07 15:41:02.055953,Changed Mind,2.0,890.04
1824,12467,3364,269.0,2023-10-12 15:41:02.055953,Changed Mind,1.0,286.78
1825,12467,3364,360.0,2023-10-18 15:41:02.055953,Defective,1.0,1328.97
1826,12467,3364,506.0,2023-10-18 15:41:02.055953,Changed Mind,1.0,1246.31
1828,12480,6702,266.0,2023-02-25 20:47:45.129844,Did not match description,1.0,231.16
1831,12501,15173,611.0,2023-08-18 23:58:37.932249,Defective,3.0,165.39
1832,12501,15173,344.0,2023-08-18 23:58:37.932249,Did not match description,5.0,1683.3
1833,12501,15173,829.0,2023-08-02 23:58:37.932249,Did not match description,1.0,159.57
1834,12520,15977,693.0,2023-04-01 00:57:08.063247,Defective,1.0,53.97
1843,12597,9734,487.0,2023-06-09 21:30:37.731784,Did not match description,1.0,143.32
1844,12610,11692,218.0,2023-06-10 13:33:55.114100,Did not match description,1.0,188.34
1845,12610,11692,540.0,2023-06-13 13:33:55.114100,Wrong Item,3.0,2227.99
1849,12700,19589,379.0,2021-10-05 13:24:59.849894,Did not match description,1.0,334.82
1850,12700,19589,766.0,2021-10-24 13:24:59.849894,Wrong Item,4.0,1302.0
1851,12700,19589,111.0,2021-10-17 13:24:59.849894,Did not match description,1.0,274.65
1852,12708,11438,307.0,2023-07-09 19:27:12.517107,Changed Mind,1.0,147.23
1853,12708,11438,356.0,2023-07-26 19:27:12.517107,Defective,1.0,226.29
1856,12728,11121,199.0,2022-03-21 09:44:08.156761,Wrong Item,1.0,215.04
1857,12728,11121,952.0,2022-03-29 09:44:08.156761,Defective,1.0,1837.2
1866,12758,14022,815.0,2021-04-09 17:36:40.141671,Wrong Item,1.0,196.58
1867,12758,14022,722.0,2021-04-10 17:36:40.141671,Wrong Item,4.0,5386.48
1875,12817,17737,457.0,2022-11-18 10:21:47.625434,Wrong Item,1.0,162.94
1876,12817,17737,941.0,2022-11-10 10:21:47.625434,Did not match description,2.0,477.68
1877,12817,17737,545.0,2022-11-05 10:21:47.625434,Defective,2.0,110.42
1878,12817,17737,254.0,2022-10-23 10:21:47.625434,Defective,1.0,853.5
1879,12817,17737,346.0,2022-10-20 10:21:47.625434,Wrong Item,1.0,138.2
1888,12859,14548,668.0,2022-08-19 11:29:19.433742,Wrong Item,4.0,432.32
1889,12859,14548,170.0,2022-08-02 11:29:19.433742,Did not match description,1.0,309.79
1890,12873,6317,718.0,2023-08-08 08:39:57.453587,Did not match description,1.0,790.6
1893,12884,10225,847.0,2021-11-24 12:59:37.896621,Did not match description,1.0,437.4
1894,12884,10225,867.0,2021-11-26 12:59:37.896621,Did not match description,1.0,113.48
1897,12914,6395,179.0,2023-08-27 00:32:42.736621,Changed Mind,1.0,224.07
1898,12914,6395,302.0,2023-08-21 00:32:42.736621,Did not match description,1.0,412.57
1899,12914,6395,739.0,2023-08-14 00:32:42.736621,Changed Mind,1.0,254.78
1900,12916,14793,24.0,2023-11-12 01:22:47.153442,Changed Mind,2.0,123.26
1904,12944,2382,726.0,2023-10-30 01:34:59.953949,Wrong Item,1.0,281.46
1905,12944,2382,158.0,2023-10-27 01:34:59.953949,Did not match description,1.0,35.83
1908,12950,13555,788.0,2023-10-28 14:43:40.381312,Did not match description,1.0,242.84
1909,12984,14337,810.0,2021-08-15 05:23:50.453181,Wrong Item,1.0,108.56
1910,12984,14337,586.0,2021-08-29 05:23:50.453181,Did not match description,1.0,69.87
1911,12984,14337,402.0,2021-08-19 05:23:50.453181,Changed Mind,1.0,1582.28
1912,12984,14337,818.0,2021-08-18 05:23:50.453181,Wrong Item,1.0,163.67
1913,12986,18411,627.0,2022-05-11 01:30:55.021441,Did not match description,1.0,48.69
1914,12986,18411,177.0,2022-05-14 01:30:55.021441,Changed Mind,2.0,665.44
1915,12993,2302,506.0,2022-06-18 07:32:14.682064,Wrong Item,1.0,1246.31
1916,12993,2302,80.0,2022-07-09 07:32:14.682064,Changed Mind,1.0,174.4
1917,12993,2302,886.0,2022-06-19 07:32:14.682064,Wrong Item,1.0,1944.72
1921,13033,2347,130.0,2023-12-08 23:03:41.612410,Wrong Item,1.0,67.85
1922,13041,16085,128.0,2022-07-25 13:54:10.203190,Wrong Item,1.0,1462.17
1923,13041,16085,876.0,2022-07-25 13:54:10.203190,Wrong Item,1.0,357.94
1924,13041,16085,380.0,2022-07-18 13:54:10.203190,Defective,3.0,360.42
1926,13062,12388,563.0,2023-11-04 17:37:00.268702,Changed Mind,1.0,579.67
1927,13062,12388,589.0,2023-10-23 17:37:00.268702,Changed Mind,1.0,141.29
1928,13062,12388,417.0,2023-11-06 17:37:00.268702,Did not match description,1.0,98.94
1929,13062,12388,537.0,2023-11-15 17:37:00.268702,Changed Mind,1.0,1930.53
1933,13081,15173,197.0,2023-07-20 06:19:32.936772,Defective,1.0,381.48
1935,13094,19295,151.0,2023-12-16 02:23:32.586273,Defective,1.0,185.26
1936,13094,19295,134.0,2023-12-31 02:23:32.586273,Did not match description,1.0,101.65
1944,13158,7601,873.0,2022-11-03 19:34:04.761718,Did not match description,1.0,131.7
1945,13158,7601,2.0,2022-10-23 19:34:04.761718,Changed Mind,1.0,1330.71
1952,13222,12462,72.0,2021-09-15 12:27:52.230006,Defective,1.0,1657.59
1953,13222,12462,44.0,2021-08-30 12:27:52.230006,Wrong Item,1.0,136.23
1954,13222,12462,134.0,2021-09-17 12:27:52.230006,Wrong Item,1.0,101.65
1955,13222,12462,618.0,2021-08-31 12:27:52.230006,Did not match description,1.0,178.18
1961,13242,14948,487.0,2022-03-11 21:52:56.265091,Defective,1.0,121.82
1962,13242,14948,551.0,2022-02-26 21:52:56.265091,Defective,1.0,263.35
1963,13242,14948,259.0,2022-03-12 21:52:56.265091,Did not match description,1.0,210.34
1966,13272,5687,845.0,2022-08-21 23:06:05.114763,Defective,1.0,1174.59
1967,13272,5687,175.0,2022-08-19 23:06:05.114763,Did not match description,1.0,148.2
1968,13272,5687,463.0,2022-08-29 23:06:05.114763,Did not match description,5.0,6250.95
1970,13286,16751,356.0,2021-09-15 08:24:01.287766,Wrong Item,1.0,226.29
1971,13319,18357,690.0,2023-05-10 10:51:20.640010,Defective,2.0,296.24
1975,13393,12856,444.0,2023-07-05 20:15:48.938396,Defective,1.0,1735.55
1976,13393,12856,436.0,2023-07-01 20:15:48.938396,Did not match description,1.0,109.24
1978,13410,12557,220.0,2023-09-08 01:16:40.803766,Wrong Item,1.0,235.11
1985,13466,2929,56.0,2023-12-08 09:57:13.282624,Did not match description,4.0,256.04
1986,13466,2929,436.0,2023-12-16 09:57:13.282624,Changed Mind,1.0,136.55
1988,13486,15219,883.0,2023-11-27 22:06:46.852588,Wrong Item,1.0,569.75
1989,13486,15219,927.0,2023-11-27 22:06:46.852588,Wrong Item,4.0,2233.52
1996,13563,793,781.0,2023-12-18 04:52:01.316074,Defective,1.0,210.63
1997,13563,793,42.0,2023-12-08 04:52:01.316074,Did not match description,1.0,659.74
1998,13563,793,171.0,2023-12-11 04:52:01.316074,Wrong Item,2.0,605.72
1999,13563,793,507.0,2023-12-14 04:52:01.316074,Changed Mind,1.0,870.49
2000,13565,10997,330.0,2023-01-10 22:35:26.940479,Changed Mind,1.0,256.98
2006,13643,1466,797.0,2023-11-21 11:33:46.506382,Wrong Item,1.0,2200.12
2007,13643,1466,97.0,2023-11-19 11:33:46.506382,Did not match description,1.0,243.53
2008,13643,1466,585.0,2023-11-20 11:33:46.506382,Wrong Item,1.0,173.7
2009,13643,1466,800.0,2023-11-21 11:33:46.506382,Defective,1.0,187.96
2010,13643,1466,917.0,2023-11-15 11:33:46.506382,Defective,1.0,387.85
2016,13699,14928,770.0,2023-09-15 18:56:14.308080,Defective,1.0,11.87
2021,13742,10545,399.0,2023-03-17 00:03:06.942363,Wrong Item,3.0,2379.9
2022,13742,10545,121.0,2023-03-18 00:03:06.942363,Defective,1.0,626.58
2023,13742,10545,392.0,2023-03-28 00:03:06.942363,Did not match description,1.0,160.8
2024,13742,10545,915.0,2023-03-22 00:03:06.942363,Did not match description,2.0,4109.65
2025,13742,10545,723.0,2023-03-25 00:03:06.942363,Wrong Item,1.0,566.77
2027,13778,5046,476.0,2024-01-14 21:12:09.232998,Changed Mind,1.0,204.31
2028,13784,6136,604.0,2024-01-09 10:23:30.578437,Defective,1.0,1648.85
2029,13784,6136,369.0,2024-01-08 10:23:30.578437,Wrong Item,1.0,321.62
2030,13787,11706,199.0,2022-09-19 23:44:12.192169,Defective,2.0,430.08
2031,13817,3953,198.0,2023-09-30 20:42:44.148943,Wrong Item,1.0,58.64
2032,13817,3953,585.0,2023-09-18 20:42:44.148943,Did not match description,2.0,386.0
2033,13817,3953,489.0,2023-09-30 20:42:44.148943,Did not match description,1.0,595.66
2034,13817,3953,718.0,2023-10-07 20:42:44.148943,Wrong Item,2.0,1581.2
2035,13817,3953,941.0,2023-09-29 20:42:44.148943,Did not match description,1.0,238.84
2036,13822,18838,447.0,2022-10-09 21:04:36.717375,Defective,2.0,534.34
2038,13839,8891,197.0,2024-01-20 15:35:27.447675,Defective,1.0,381.48
2039,13839,8891,840.0,2024-01-14 15:35:27.447675,Changed Mind,1.0,178.34
2042,13848,15054,896.0,2023-01-25 05:34:34.535657,Wrong Item,1.0,139.37
2043,13848,15054,645.0,2023-01-23 05:34:34.535657,Defective,1.0,281.26
2044,13848,15054,609.0,2023-01-17 05:34:34.535657,Defective,2.0,292.7
2045,13848,15054,960.0,2023-02-09 05:34:34.535657,Defective,1.0,95.43
2052,13897,13603,990.0,2021-06-07 15:10:34.566427,Changed Mind,2.0,211.3
2055,13908,7464,757.0,2023-12-25 14:42:07.499185,Changed Mind,1.0,87.94
2058,13932,7389,800.0,2023-01-06 07:09:33.560749,Wrong Item,2.0,338.33
2076,14101,5108,751.0,2022-02-14 06:27:26.483961,Changed Mind,1.0,182.21
2077,14101,5108,872.0,2022-02-18 06:27:26.483961,Defective,3.0,296.52
2078,14101,5108,566.0,2022-02-09 06:27:26.483961,Wrong Item,1.0,806.81
2079,14112,13477,738.0,2023-04-06 12:49:57.338319,Changed Mind,1.0,137.04
2080,14112,13477,651.0,2023-03-27 12:49:57.338319,Wrong Item,4.0,4042.85
2081,14112,13477,739.0,2023-04-12 12:49:57.338319,Wrong Item,1.0,254.78
2083,14123,5352,935.0,2023-01-08 13:03:29.943954,Defective,1.0,533.0
2084,14123,5352,984.0,2022-12-18 13:03:29.943954,Did not match description,1.0,307.72
2085,14123,5352,73.0,2022-12-26 13:03:29.943954,Did not match description,1.0,1445.74
2102,14272,19351,676.0,2023-11-02 20:30:14.076127,Defective,1.0,412.65
2112,14320,17688,470.0,2023-08-29 04:23:31.368568,Defective,1.0,95.76
2115,14355,6291,465.0,2023-06-20 15:51:04.920390,Wrong Item,1.0,873.48
2116,14355,6291,231.0,2023-06-28 15:51:04.920390,Defective,1.0,750.59
2117,14355,6291,843.0,2023-06-27 15:51:04.920390,Wrong Item,3.0,1634.07
2119,14373,7081,862.0,2023-02-01 12:52:39.539476,Defective,1.0,487.61
2120,14378,5438,744.0,2023-11-29 01:24:40.322724,Defective,2.0,552.56
2121,14378,5438,601.0,2023-12-08 01:24:40.322724,Wrong Item,2.0,1162.62
2122,14378,5438,311.0,2023-12-06 01:24:40.322724,Wrong Item,1.0,419.56
2123,14378,5438,478.0,2023-11-14 01:24:40.322724,Wrong Item,4.0,763.6
2124,14381,6641,608.0,2023-12-31 11:57:52.061846,Changed Mind,1.0,283.36
2128,14396,10802,695.0,2022-07-24 05:56:32.529808,Did not match description,1.0,1729.78
2129,14396,10802,488.0,2022-08-07 05:56:32.529808,Defective,1.0,241.71
2130,14396,10802,994.0,2022-07-20 05:56:32.529808,Did not match description,1.0,92.0
2133,14421,750,873.0,2022-12-15 09:30:18.317361,Did not match description,1.0,146.33
2137,14450,15459,371.0,2023-08-16 05:18:57.919572,Did not match description,1.0,108.38
2140,14547,7062,476.0,2023-10-06 05:11:49.872408,Did not match description,1.0,204.31
2150,14592,3833,151.0,2022-06-23 05:13:05.126097,Defective,1.0,185.26
2151,14592,3833,471.0,2022-07-11 05:13:05.126097,Defective,1.0,414.53
2152,14592,3833,380.0,2022-06-21 05:13:05.126097,Did not match description,3.0,360.42
2153,14592,3833,229.0,2022-07-07 05:13:05.126097,Defective,1.0,651.25
2154,14592,3833,240.0,2022-07-04 05:13:05.126097,Did not match description,1.0,537.72
2157,14652,9768,130.0,2023-06-09 22:35:38.954712,Wrong Item,1.0,67.85
2158,14665,11722,257.0,2023-02-28 09:02:21.559970,Defective,2.0,254.86
2159,14665,11722,899.0,2023-03-11 09:02:21.559970,Changed Mind,1.0,137.91
2160,14665,11722,1.0,2023-03-12 09:02:21.559970,Changed Mind,4.0,6995.2
2164,14687,13644,317.0,2021-03-30 00:53:59.280375,Did not match description,1.0,1529.4
2165,14687,13644,288.0,2021-03-18 00:53:59.280375,Wrong Item,1.0,1148.44
2166,14687,13644,524.0,2021-03-21 00:53:59.280375,Did not match description,3.0,4384.83
2167,14687,13644,343.0,2021-03-05 00:53:59.280375,Defective,1.0,166.29
2168,14687,13644,170.0,2021-03-21 00:53:59.280375,Did not match description,1.0,344.21
2171,14745,8400,699.0,2024-01-07 22:43:40.475252,Defective,3.0,2340.75
2179,14804,18724,774.0,2023-07-27 10:50:28.562470,Defective,1.0,276.6
2180,14804,18724,872.0,2023-07-10 10:50:28.562470,Wrong Item,1.0,98.84
2181,14804,18724,760.0,2023-07-19 10:50:28.562470,Defective,1.0,127.78
2184,14869,12463,799.0,2023-11-04 14:25:38.115952,Changed Mind,2.0,235.81
2185,14869,12463,521.0,2023-10-31 14:25:38.115952,Wrong Item,3.0,207.69
2186,14869,12463,693.0,2023-10-18 14:25:38.115952,Changed Mind,1.0,53.97
2187,14879,2165,953.0,2022-08-27 14:54:39.938348,Did not match description,1.0,150.17
2188,14890,13308,802.0,2023-05-26 06:44:01.188551,Changed Mind,1.0,60.04
2189,14890,13308,958.0,2023-06-05 06:44:01.188551,Defective,2.0,127.98
2192,14901,4207,487.0,2023-03-27 12:28:14.403282,Defective,1.0,143.32
2193,14902,1968,487.0,2023-11-19 17:33:00.129895,Wrong Item,4.0,573.28
2194,14902,1968,305.0,2023-11-29 17:33:00.129895,Did not match description,1.0,471.71
2195,14902,1968,384.0,2023-12-18 17:33:00.129895,Changed Mind,1.0,121.08
2196,14902,1968,679.0,2023-11-21 17:33:00.129895,Changed Mind,1.0,998.14
2199,14960,8592,92.0,2022-05-15 13:52:59.489479,Wrong Item,1.0,325.85
2200,14963,3554,366.0,2023-06-21 19:19:51.355753,Did not match description,4.0,3907.88
2202,14974,5102,308.0,2023-07-31 08:06:00.000837,Changed Mind,1.0,99.13
2203,14974,5102,183.0,2023-08-26 08:06:00.000837,Did not match description,1.0,176.28
2204,14977,4432,287.0,2023-08-25 04:51:45.473345,Did not match description,1.0,33.86
2205,14996,36,310.0,2022-11-12 18:01:13.336230,Defective,4.0,843.52
2206,14996,36,935.0,2022-11-22 18:01:13.336230,Did not match description,1.0,426.4
2207,14996,36,291.0,2022-11-12 18:01:13.336230,Did not match description,1.0,64.67
2216,15067,12018,132.0,2022-05-13 22:01:46.011087,Defective,3.0,4216.83
2217,15067,12018,964.0,2022-05-07 22:01:46.011087,Defective,1.0,136.44
2218,15067,12018,672.0,2022-05-23 22:01:46.011087,Changed Mind,1.0,191.43
2219,15067,12018,688.0,2022-05-20 22:01:46.011087,Defective,1.0,127.8
2220,15081,17607,591.0,2023-05-01 05:36:47.769302,Changed Mind,1.0,25.93
2221,15081,17607,796.0,2023-05-04 05:36:47.769302,Wrong Item,1.0,128.19
2222,15090,16102,271.0,2022-08-30 16:35:24.105617,Did not match description,1.0,1836.04
2223,15090,16102,664.0,2022-09-07 16:35:24.105617,Changed Mind,1.0,703.3
2224,15090,16102,631.0,2022-09-18 16:35:24.105617,Did not match description,1.0,161.95
2229,15163,19736,861.0,2023-11-24 09:49:55.730076,Wrong Item,1.0,252.25
2230,15163,19736,204.0,2023-11-07 09:49:55.730076,Did not match description,1.0,344.4
2231,15191,4411,832.0,2023-05-08 13:35:34.965047,Wrong Item,1.0,117.62
2232,15191,4411,562.0,2023-05-08 13:35:34.965047,Did not match description,2.0,1703.3
2233,15193,18788,625.0,2023-04-02 01:15:39.314844,Wrong Item,1.0,168.9
2234,15208,6023,633.0,2022-05-14 13:00:06.495546,Wrong Item,1.0,232.44
2235,15208,6023,168.0,2022-05-15 13:00:06.495546,Wrong Item,5.0,2991.25
2237,15230,18886,465.0,2023-09-25 10:21:57.917091,Defective,1.0,873.48
2238,15230,18886,166.0,2023-09-20 10:21:57.917091,Wrong Item,1.0,113.0
2242,15270,14000,958.0,2023-05-27 02:55:48.443158,Changed Mind,3.0,191.97
2243,15270,14000,752.0,2023-06-07 02:55:48.443158,Wrong Item,1.0,1340.59
2244,15270,14000,226.0,2023-05-28 02:55:48.443158,Defective,1.0,1456.98
2245,15270,14000,721.0,2023-05-18 02:55:48.443158,Wrong Item,2.0,550.24
2246,15270,14000,268.0,2023-05-25 02:55:48.443158,Changed Mind,1.0,177.95
2247,15285,651,912.0,2022-10-16 11:40:03.436492,Changed Mind,1.0,264.13
2248,15285,651,990.0,2022-10-05 11:40:03.436492,Did not match description,1.0,105.65
2251,15314,3369,643.0,2022-11-21 19:43:24.188677,Wrong Item,2.0,573.26
2252,15314,3369,441.0,2022-11-14 19:43:24.188677,Wrong Item,4.0,916.8
2253,15324,8455,159.0,2022-01-08 16:33:03.689949,Changed Mind,3.0,807.54
2254,15324,8455,791.0,2022-01-16 16:33:03.689949,Did not match description,1.0,526.31
2255,15324,8455,988.0,2022-01-09 16:33:03.689949,Changed Mind,2.0,318.6
2256,15324,8455,78.0,2022-01-18 16:33:03.689949,Wrong Item,1.0,279.64
2257,15324,8455,468.0,2022-01-17 16:33:03.689949,Did not match description,2.0,606.24
2258,15339,15180,785.0,2023-10-15 21:58:24.936549,Defective,4.0,639.08
2262,15374,4818,63.0,2023-08-13 20:03:56.353362,Changed Mind,1.0,1664.26
2263,15374,4818,712.0,2023-08-24 20:03:56.353362,Did not match description,1.0,313.97
2264,15374,4818,755.0,2023-08-13 20:03:56.353362,Defective,1.0,170.39
2266,15407,8413,505.0,2023-11-09 08:15:34.503482,Wrong Item,1.0,141.58
2267,15412,15781,111.0,2023-01-24 12:12:42.637175,Wrong Item,1.0,274.65
2268,15412,15781,735.0,2023-02-10 12:12:42.637175,Wrong Item,1.0,946.77
2269,15419,8049,935.0,2023-11-24 17:53:32.562177,Changed Mind,3.0,1359.15
2270,15419,8049,509.0,2023-11-16 17:53:32.562177,Did not match description,1.0,389.45
2271,15419,8049,596.0,2023-11-23 17:53:32.562177,Wrong Item,1.0,207.53
2273,15437,6372,714.0,2023-11-23 11:47:10.610450,Changed Mind,1.0,368.37
2274,15437,6372,711.0,2023-11-28 11:47:10.610450,Defective,1.0,579.41
2285,15512,6843,819.0,2021-10-01 18:07:12.403174,Did not match description,1.0,185.17
2286,15512,6843,423.0,2021-10-02 18:07:12.403174,Changed Mind,1.0,532.21
2287,15516,2215,478.0,2021-12-14 07:35:16.437157,Changed Mind,4.0,763.6
2288,15516,2215,106.0,2021-12-27 07:35:16.437157,Did not match description,1.0,597.33
2293,15543,18574,356.0,2023-08-22 01:04:33.087612,Defective,1.0,203.66
2294,15543,18574,499.0,2023-08-30 01:04:33.087612,Wrong Item,1.0,125.82
2296,15585,9231,332.0,2023-01-20 20:57:27.634214,Wrong Item,1.0,2250.91
2297,15585,9231,965.0,2023-01-13 20:57:27.634214,Did not match description,1.0,41.74
2298,15585,9231,904.0,2023-01-12 20:57:27.634214,Did not match description,1.0,28.59
2313,15732,2978,151.0,2022-12-08 14:29:54.797231,Did not match description,3.0,555.78
2316,15775,9290,750.0,2022-11-21 15:56:11.419107,Defective,1.0,107.27
2317,15776,10000,533.0,2022-08-10 10:56:07.358049,Changed Mind,1.0,752.11
2318,15776,10000,175.0,2022-09-03 10:56:07.358049,Changed Mind,2.0,296.4
2319,15777,11899,81.0,2023-08-12 21:56:33.162809,Wrong Item,1.0,383.66
2320,15777,11899,632.0,2023-08-09 21:56:33.162809,Wrong Item,1.0,1818.78
2321,15777,11899,18.0,2023-08-19 21:56:33.162809,Wrong Item,1.0,28.07
2322,15777,11899,680.0,2023-07-31 21:56:33.162809,Defective,1.0,158.33
2324,15794,7034,156.0,2023-05-01 02:20:53.924035,Did not match description,3.0,420.21
2325,15794,7034,401.0,2023-04-15 02:20:53.924035,Did not match description,1.0,686.24
2326,15794,7034,399.0,2023-04-22 02:20:53.924035,Changed Mind,1.0,634.64
2327,15794,7034,235.0,2023-04-17 02:20:53.924035,Did not match description,2.0,53.98
2328,15796,4342,495.0,2023-06-18 17:28:21.803750,Changed Mind,5.0,141.9
2334,15812,1703,581.0,2023-11-05 23:34:14.239038,Did not match description,1.0,556.25
2335,15812,1703,495.0,2023-10-27 23:34:14.239038,Wrong Item,1.0,28.38
2338,15847,413,441.0,2023-09-16 09:41:41.175679,Did not match description,2.0,458.4
2339,15865,5473,956.0,2023-05-24 00:28:25.873801,Wrong Item,1.0,178.64
2340,15865,5473,142.0,2023-05-13 00:28:25.873801,Did not match description,1.0,428.14
2349,15949,7518,137.0,2022-09-29 15:37:55.128849,Wrong Item,1.0,1480.7
2350,15949,7518,215.0,2022-10-06 15:37:55.128849,Did not match description,1.0,230.13
2352,15961,6015,781.0,2021-11-08 14:39:50.904430,Defective,1.0,210.63
2353,15961,6015,511.0,2021-11-03 14:39:50.904430,Defective,2.0,547.16
2360,16048,2338,990.0,2023-01-24 07:13:12.051278,Did not match description,3.0,253.56
2361,16048,2338,801.0,2023-01-08 07:13:12.051278,Defective,1.0,824.66
2362,16048,2338,874.0,2023-01-16 07:13:12.051278,Changed Mind,1.0,1234.8
2363,16048,2338,156.0,2023-01-20 07:13:12.051278,Wrong Item,1.0,140.07
2364,16050,17258,932.0,2023-12-03 18:22:47.864261,Changed Mind,1.0,269.21
2365,16050,17258,853.0,2023-11-22 18:22:47.864261,Changed Mind,1.0,184.79
2366,16050,17258,313.0,2023-12-13 18:22:47.864261,Did not match description,1.0,197.54
2367,16050,17258,519.0,2023-12-10 18:22:47.864261,Did not match description,1.0,424.21
2370,16103,5065,597.0,2022-04-21 00:14:18.871075,Changed Mind,1.0,1501.47
2371,16103,5065,370.0,2022-05-01 00:14:18.871075,Did not match description,1.0,142.18
2374,16133,15133,954.0,2023-10-27 01:30:21.065141,Changed Mind,1.0,25.79
2375,16133,15133,626.0,2023-10-07 01:30:21.065141,Did not match description,1.0,45.93
2386,16210,12897,465.0,2023-10-16 20:02:54.406171,Changed Mind,1.0,873.48
2387,16210,12897,246.0,2023-10-04 20:02:54.406171,Changed Mind,1.0,375.06
2399,16312,12578,186.0,2022-11-12 00:57:20.530221,Defective,3.0,1933.58
2400,16312,12578,284.0,2022-10-23 00:57:20.530221,Changed Mind,1.0,227.54
2401,16312,12578,347.0,2022-11-05 00:57:20.530221,Defective,1.0,201.83
2402,16312,12578,530.0,2022-10-29 00:57:20.530221,Wrong Item,1.0,1501.66
2403,16312,12578,825.0,2022-10-31 00:57:20.530221,Wrong Item,1.0,103.35
2404,16328,13397,361.0,2023-11-11 00:26:09.959091,Did not match description,1.0,77.69
2414,16397,2426,963.0,2023-11-20 16:07:37.642207,Changed Mind,1.0,290.28
2415,16415,7842,980.0,2023-10-19 02:10:27.909456,Changed Mind,1.0,642.02
2416,16440,9692,104.0,2023-05-21 05:55:20.185007,Wrong Item,1.0,357.43
2417,16440,9692,989.0,2023-06-01 05:55:20.185007,Defective,1.0,171.5
2418,16467,12080,445.0,2023-09-02 05:46:51.956485,Wrong Item,1.0,138.05
2420,16476,12317,762.0,2023-10-04 18:13:28.408536,Changed Mind,2.0,236.41
2421,16476,12317,416.0,2023-10-08 18:13:28.408536,Defective,1.0,427.17
2425,16503,16109,436.0,2022-12-26 17:59:26.945023,Wrong Item,1.0,136.55
2426,16503,16109,441.0,2023-01-01 17:59:26.945023,Defective,1.0,229.2
2429,16531,7306,915.0,2023-06-11 15:29:20.839773,Changed Mind,1.0,2283.14
2430,16531,7306,103.0,2023-06-02 15:29:20.839773,Defective,2.0,565.46
2431,16569,9796,610.0,2023-07-01 20:38:39.354826,Wrong Item,1.0,604.11
2432,16569,9796,353.0,2023-06-29 20:38:39.354826,Wrong Item,2.0,182.21
2433,16569,9796,262.0,2023-07-25 20:38:39.354826,Did not match description,3.0,1573.92
2434,16577,15370,339.0,2023-08-26 04:20:36.166401,Did not match description,3.0,1552.08
2435,16577,15370,353.0,2023-08-28 04:20:36.166401,Wrong Item,1.0,101.23
2436,16577,15370,375.0,2023-08-19 04:20:36.166401,Did not match description,2.0,394.54
2437,16577,15370,768.0,2023-08-19 04:20:36.166401,Changed Mind,1.0,155.05
2446,16661,18201,751.0,2023-06-24 23:31:56.810992,Changed Mind,1.0,227.76
2447,16661,18201,220.0,2023-06-02 23:31:56.810992,Wrong Item,1.0,235.11
2448,16665,17224,842.0,2023-09-27 12:05:32.862167,Defective,1.0,283.88
2449,16665,17224,42.0,2023-10-18 12:05:32.862167,Wrong Item,1.0,659.74
2450,16665,17224,569.0,2023-10-03 12:05:32.862167,Did not match description,4.0,9017.36
2451,16665,17224,293.0,2023-10-13 12:05:32.862167,Did not match description,2.0,1908.66
2452,16665,17224,369.0,2023-10-04 12:05:32.862167,Wrong Item,1.0,289.46
2457,16689,16073,91.0,2022-02-22 01:08:05.223751,Did not match description,1.0,658.55
2458,16689,16073,882.0,2022-02-17 01:08:05.223751,Wrong Item,1.0,981.35
2459,16689,16073,760.0,2022-02-01 01:08:05.223751,Changed Mind,2.0,230.0
2460,16689,16073,808.0,2022-02-22 01:08:05.223751,Wrong Item,5.0,5324.1
2462,16697,11498,218.0,2023-12-09 07:04:11.485717,Changed Mind,2.0,376.68
2463,16699,5055,130.0,2023-11-05 11:19:19.648539,Did not match description,1.0,67.85
2464,16700,14219,215.0,2022-03-04 21:52:18.313610,Defective,5.0,1150.65
2465,16700,14219,971.0,2022-02-24 21:52:18.313610,Wrong Item,2.0,1030.34
2466,16700,14219,481.0,2022-02-22 21:52:18.313610,Wrong Item,1.0,455.47
2472,16722,15475,505.0,2023-02-10 20:30:05.736323,Wrong Item,2.0,283.16
2477,16781,1229,267.0,2022-09-22 06:34:56.673738,Wrong Item,1.0,1260.59
2478,16781,1229,397.0,2022-09-15 06:34:56.673738,Changed Mind,1.0,169.08
2479,16785,11992,523.0,2023-03-01 09:58:49.181046,Changed Mind,3.0,1034.16
2480,16786,11351,973.0,2023-11-20 04:40:57.057189,Did not match description,1.0,476.41
2481,16786,11351,447.0,2023-11-08 04:40:57.057189,Did not match description,2.0,534.34
2487,16791,11100,308.0,2023-06-17 20:46:14.500442,Did not match description,1.0,99.13
2488,16791,11100,830.0,2023-06-12 20:46:14.500442,Did not match description,1.0,87.92
2489,16792,5948,959.0,2022-08-06 20:33:38.420526,Wrong Item,1.0,122.18
2490,16792,5948,267.0,2022-08-08 20:33:38.420526,Wrong Item,3.0,3403.59
2492,16824,12994,183.0,2022-01-03 14:33:29.233489,Changed Mind,1.0,149.84
2493,16824,12994,468.0,2022-01-11 14:33:29.233489,Changed Mind,2.0,757.8
2496,16840,507,703.0,2023-09-27 09:46:25.626108,Changed Mind,1.0,357.5
2497,16840,507,568.0,2023-09-20 09:46:25.626108,Did not match description,1.0,224.04
2498,16840,507,741.0,2023-09-16 09:46:25.626108,Changed Mind,2.0,228.72
2499,16840,507,311.0,2023-10-05 09:46:25.626108,Wrong Item,1.0,419.56
2501,16847,14987,931.0,2023-11-02 10:36:37.666331,Defective,1.0,45.42
2508,16870,8148,510.0,2023-09-06 12:56:38.838921,Wrong Item,1.0,144.94
2510,16908,11807,693.0,2023-12-16 01:21:43.917908,Did not match description,1.0,53.97
2514,16945,14021,603.0,2023-09-06 23:36:33.806779,Changed Mind,1.0,455.13
2515,16945,14021,757.0,2023-09-17 23:36:33.806779,Changed Mind,2.0,219.84
2517,16978,17293,717.0,2022-08-20 15:55:26.787930,Wrong Item,1.0,180.88
2518,16978,17293,291.0,2022-09-12 15:55:26.787930,Did not match description,1.0,76.08
2519,16991,10364,65.0,2022-08-29 09:48:14.931792,Changed Mind,2.0,708.76
2528,17094,19560,819.0,2023-04-23 00:57:16.354169,Defective,1.0,185.17
2529,17094,19560,256.0,2023-04-14 00:57:16.354169,Did not match description,1.0,1507.26
2530,17103,3347,285.0,2022-07-09 18:35:14.083990,Wrong Item,1.0,163.75
2531,17103,3347,228.0,2022-07-20 18:35:14.083990,Wrong Item,1.0,38.21
2532,17103,3347,747.0,2022-07-23 18:35:14.083990,Defective,1.0,334.79
2533,17103,3347,970.0,2022-07-14 18:35:14.083990,Defective,1.0,2657.09
2538,17137,4969,33.0,2024-01-05 20:20:26.498482,Did not match description,4.0,752.24
2539,17137,4969,451.0,2024-01-26 20:20:26.498482,Wrong Item,2.0,502.42
2540,17196,18645,266.0,2024-01-04 13:45:09.809376,Changed Mind,1.0,231.16
2541,17200,18662,754.0,2024-01-03 04:03:13.446420,Defective,1.0,623.56
2546,17243,18592,872.0,2023-05-17 07:48:47.198367,Did not match description,2.0,197.68
2548,17263,5985,606.0,2023-05-07 23:44:24.250003,Defective,1.0,91.69
2549,17263,5985,425.0,2023-05-07 23:44:24.250003,Defective,1.0,450.17
2553,17274,9059,283.0,2023-04-20 03:51:32.474474,Did not match description,1.0,243.86
2559,17316,3290,871.0,2022-06-30 12:57:14.021133,Wrong Item,1.0,137.9
2560,17335,6022,215.0,2023-02-06 10:11:53.291241,Changed Mind,5.0,1150.65
2563,17362,542,470.0,2023-10-31 18:20:38.680344,Did not match description,2.0,172.37
2564,17362,542,768.0,2023-10-30 18:20:38.680344,Changed Mind,3.0,418.63
2565,17362,542,107.0,2023-10-12 18:20:38.680344,Wrong Item,1.0,73.7
2567,17378,16837,476.0,2023-06-27 20:09:13.777505,Changed Mind,2.0,408.62
2568,17390,9720,80.0,2023-12-14 20:02:26.803854,Did not match description,1.0,174.4
2569,17390,9720,774.0,2023-12-28 20:02:26.803854,Did not match description,1.0,235.11
2571,17395,4037,526.0,2023-12-30 11:02:51.011719,Changed Mind,1.0,138.7
2572,17395,4037,787.0,2023-12-23 11:02:51.011719,Did not match description,1.0,67.97
2573,17405,2774,867.0,2023-11-02 12:32:11.767309,Wrong Item,1.0,102.13
2574,17415,490,525.0,2022-07-09 21:07:18.374588,Defective,2.0,657.7
2575,17415,490,325.0,2022-07-06 21:07:18.374588,Wrong Item,2.0,487.44
2576,17415,490,620.0,2022-07-10 21:07:18.374588,Defective,1.0,1331.27
2584,17487,10829,86.0,2024-01-07 01:08:39.427392,Wrong Item,2.0,380.66
2585,17487,10829,106.0,2023-12-30 01:08:39.427392,Changed Mind,2.0,1194.66
2586,17487,10829,708.0,2023-12-30 01:08:39.427392,Did not match description,1.0,1759.55
2587,17487,10829,931.0,2024-01-18 01:08:39.427392,Wrong Item,2.0,90.84
2588,17493,9643,372.0,2021-11-08 16:05:28.812151,Changed Mind,1.0,445.02
2593,17522,11071,123.0,2022-12-25 04:43:16.364817,Changed Mind,3.0,678.94
2594,17522,11071,492.0,2022-12-31 04:43:16.364817,Did not match description,1.0,90.47
2595,17522,11071,636.0,2022-12-15 04:43:16.364817,Defective,1.0,245.79
2603,17577,4440,475.0,2024-01-06 17:51:35.151940,Did not match description,1.0,377.34
2604,17577,4440,94.0,2023-12-17 17:51:35.151940,Changed Mind,1.0,178.69
2605,17577,4440,424.0,2024-01-09 17:51:35.151940,Wrong Item,1.0,326.2
2606,17577,4440,956.0,2023-12-30 17:51:35.151940,Did not match description,1.0,210.16
2607,17577,4440,42.0,2023-12-18 17:51:35.151940,Changed Mind,1.0,659.74
2613,17625,17116,958.0,2023-08-04 07:12:03.102697,Changed Mind,3.0,191.97
2614,17625,17116,429.0,2023-08-23 07:12:03.102697,Wrong Item,1.0,312.28
2615,17625,17116,498.0,2023-08-28 07:12:03.102697,Wrong Item,1.0,418.13
2616,17641,16926,207.0,2023-06-21 08:07:19.427652,Changed Mind,1.0,498.41
2617,17641,16926,458.0,2023-06-21 08:07:19.427652,Did not match description,4.0,457.8
2618,17663,16006,576.0,2023-05-03 03:33:48.704691,Defective,2.0,70.14
2619,17663,16006,1.0,2023-04-23 03:33:48.704691,Did not match description,1.0,1748.8
2620,17691,8677,729.0,2023-12-10 03:43:02.071093,Defective,4.0,896.72
2625,17709,2645,272.0,2023-12-24 17:32:14.580752,Wrong Item,2.0,88.16
2626,17709,2645,580.0,2023-12-15 17:32:14.580752,Did not match description,1.0,150.88
2627,17709,2645,509.0,2023-12-12 17:32:14.580752,Did not match description,1.0,389.45
2628,17709,2645,536.0,2023-12-04 17:32:14.580752,Changed Mind,3.0,1654.86
2631,17719,6424,386.0,2023-08-22 22:23:48.054530,Defective,5.0,380.6
2632,17727,10155,990.0,2023-10-06 19:20:01.559399,Changed Mind,2.0,211.3
2634,17771,12859,397.0,2023-05-11 11:05:11.947749,Did not match description,1.0,169.08
2639,17814,598,408.0,2022-05-08 08:35:51.688460,Changed Mind,1.0,147.94
2640,17831,17409,504.0,2023-05-25 16:33:48.442916,Wrong Item,4.0,1299.72
2641,17831,17409,505.0,2023-05-31 16:33:48.442916,Did not match description,1.0,141.58
2643,17857,15936,325.0,2023-09-25 01:32:22.049663,Defective,1.0,243.72
2647,17876,2173,512.0,2023-06-05 00:26:14.594540,Changed Mind,1.0,382.89
2648,17876,2173,144.0,2023-06-24 00:26:14.594540,Defective,1.0,68.03
2652,17892,9793,832.0,2022-06-05 10:20:51.365477,Changed Mind,1.0,130.69
2657,17907,12742,892.0,2023-11-08 05:07:02.543451,Did not match description,1.0,210.03
2658,17923,9525,549.0,2023-12-22 19:27:02.716547,Defective,1.0,213.05
2659,17923,9525,527.0,2023-12-22 19:27:02.716547,Wrong Item,3.0,484.56
2660,17923,9525,482.0,2023-12-10 19:27:02.716547,Defective,4.0,3045.28
2661,17923,9525,887.0,2024-01-02 19:27:02.716547,Wrong Item,1.0,181.96
2674,18085,2794,935.0,2023-08-28 03:11:42.878135,Wrong Item,1.0,533.0
2675,18085,2794,449.0,2023-08-22 03:11:42.878135,Did not match description,1.0,149.13
2676,18103,10476,554.0,2022-06-01 05:48:19.933367,Defective,1.0,76.28
2677,18103,10476,274.0,2022-06-05 05:48:19.933367,Did not match description,1.0,341.88
2678,18103,10476,592.0,2022-06-17 05:48:19.933367,Wrong Item,1.0,366.47
2679,18103,10476,742.0,2022-05-31 05:48:19.933367,Did not match description,1.0,1393.57
2696,18149,12934,491.0,2023-05-17 11:47:34.294309,Defective,1.0,2022.41
2697,18149,12934,322.0,2023-04-18 11:47:34.294309,Wrong Item,4.0,1234.32
2698,18149,12934,773.0,2023-04-26 11:47:34.294309,Wrong Item,1.0,1451.62
2699,18149,12934,570.0,2023-04-29 11:47:34.294309,Changed Mind,2.0,360.48
2702,18158,11087,720.0,2023-10-19 17:52:26.198003,Did not match description,1.0,1266.55
2703,18158,11087,984.0,2023-10-05 17:52:26.198003,Defective,1.0,307.72
2704,18162,18081,916.0,2023-08-26 13:05:18.772703,Defective,4.0,8136.72
2705,18162,18081,446.0,2023-09-07 13:05:18.772703,Changed Mind,2.0,707.88
2706,18162,18081,505.0,2023-08-27 13:05:18.772703,Changed Mind,1.0,141.58
2707,18162,18081,654.0,2023-09-20 13:05:18.772703,Did not match description,1.0,272.38
2708,18162,18081,964.0,2023-08-25 13:05:18.772703,Defective,1.0,136.44
2710,18200,11641,52.0,2023-10-18 12:57:25.630547,Changed Mind,1.0,208.42
2711,18200,11641,661.0,2023-09-25 12:57:25.630547,Wrong Item,1.0,339.74
2713,18208,16965,86.0,2023-11-09 11:44:06.147128,Wrong Item,1.0,171.3
2714,18239,13901,567.0,2022-09-02 08:46:38.531390,Changed Mind,1.0,120.41
2715,18248,8133,297.0,2024-01-17 09:36:46.233839,Did not match description,1.0,194.37
2716,18248,8133,548.0,2023-12-24 09:36:46.233839,Wrong Item,3.0,158.61
2717,18248,8133,80.0,2023-12-22 09:36:46.233839,Changed Mind,2.0,313.92
2718,18259,13194,917.0,2023-12-30 23:09:16.261425,Did not match description,1.0,410.66
2719,18259,13194,235.0,2023-12-27 23:09:16.261425,Changed Mind,1.0,24.29
2720,18259,13194,837.0,2024-01-05 23:09:16.261425,Wrong Item,1.0,396.86
2733,18431,4638,408.0,2024-01-05 08:55:17.951382,Did not match description,1.0,147.94
2738,18479,7789,776.0,2023-10-04 13:34:40.633920,Changed Mind,3.0,4095.05
2739,18479,7789,502.0,2023-10-19 13:34:40.633920,Changed Mind,1.0,600.28
2740,18479,7789,18.0,2023-10-10 13:34:40.633920,Changed Mind,1.0,28.07
2757,18630,14112,539.0,2022-01-31 10:29:53.103070,Changed Mind,2.0,810.02
2758,18630,14112,807.0,2022-02-06 10:29:53.103070,Wrong Item,1.0,613.31
2759,18630,14112,147.0,2022-01-24 10:29:53.103070,Defective,1.0,291.18
2762,18637,835,445.0,2023-09-04 10:13:23.374372,Did not match description,1.0,138.05
2763,18637,835,386.0,2023-09-07 10:13:23.374372,Did not match description,1.0,76.12
2764,18637,835,413.0,2023-09-27 10:13:23.374372,Changed Mind,2.0,402.2
2765,18637,835,341.0,2023-09-05 10:13:23.374372,Did not match description,1.0,64.47
2766,18637,835,297.0,2023-09-01 10:13:23.374372,Defective,1.0,194.37
2768,18661,17403,596.0,2023-11-11 00:34:21.167380,Defective,1.0,207.53
2769,18661,17403,5.0,2023-11-21 00:34:21.167380,Changed Mind,1.0,140.87
2774,18671,637,668.0,2021-10-31 13:00:30.703360,Wrong Item,1.0,108.08
2782,18735,13077,761.0,2023-03-13 05:34:53.969053,Defective,1.0,1496.3
2783,18735,13077,220.0,2023-03-03 05:34:53.969053,Did not match description,1.0,235.11
2784,18735,13077,812.0,2023-02-28 05:34:53.969053,Wrong Item,3.0,3025.14
2785,18747,7760,232.0,2023-10-02 22:38:38.231181,Defective,1.0,1882.44
2786,18747,7760,959.0,2023-10-05 22:38:38.231181,Changed Mind,1.0,122.18
2790,18789,14749,687.0,2021-11-05 12:14:07.716822,Wrong Item,2.0,79.36
2791,18789,14749,556.0,2021-10-30 12:14:07.716822,Did not match description,3.0,433.47
2792,18789,14749,726.0,2021-11-11 12:14:07.716822,Did not match description,1.0,281.46
2794,18821,17345,66.0,2021-10-14 06:15:35.996050,Wrong Item,2.0,600.98
2795,18821,17345,987.0,2021-10-05 06:15:35.996050,Did not match description,1.0,93.18
2797,18840,2157,543.0,2023-12-03 09:23:43.253263,Changed Mind,1.0,2139.61
2798,18840,2157,659.0,2023-12-01 09:23:43.253263,Did not match description,2.0,766.32
2799,18841,13311,839.0,2022-12-11 15:54:59.581676,Did not match description,1.0,190.21
2803,18892,11903,308.0,2023-04-27 07:06:11.606463,Changed Mind,1.0,99.13
2804,18892,11903,164.0,2023-04-18 07:06:11.606463,Did not match description,1.0,199.81
2805,18892,11903,139.0,2023-05-06 07:06:11.606463,Wrong Item,2.0,2000.7
2808,18944,11936,626.0,2022-11-07 17:41:23.940685,Changed Mind,1.0,45.93
2809,18944,11936,867.0,2022-10-24 17:41:23.940685,Did not match description,2.0,226.96
2810,18944,11936,255.0,2022-11-01 17:41:23.940685,Wrong Item,1.0,1222.71
2814,18979,13105,585.0,2023-06-28 17:39:53.841543,Did not match description,2.0,386.0
2820,19006,9697,857.0,2023-06-07 11:09:44.183742,Did not match description,1.0,446.66
2821,19006,9697,496.0,2023-06-17 11:09:44.183742,Did not match description,1.0,340.65
2822,19006,9697,98.0,2023-05-23 11:09:44.183742,Changed Mind,4.0,2654.44
2823,19006,9697,877.0,2023-06-03 11:09:44.183742,Wrong Item,1.0,197.18
2826,19025,19065,989.0,2022-03-19 05:28:46.244824,Did not match description,1.0,171.5
2827,19025,19065,774.0,2022-03-25 05:28:46.244824,Wrong Item,1.0,276.6
2828,19025,19065,888.0,2022-03-23 05:28:46.244824,Defective,1.0,324.27
2829,19025,19065,192.0,2022-03-13 05:28:46.244824,Defective,1.0,245.32
2836,19088,5711,740.0,2023-12-15 15:34:16.490771,Wrong Item,1.0,166.74
2844,19131,19976,474.0,2023-06-25 03:36:58.562862,Changed Mind,2.0,153.66
2845,19131,19976,394.0,2023-07-03 03:36:58.562862,Changed Mind,1.0,47.91
2851,19181,146,807.0,2023-09-12 09:22:35.423505,Did not match description,1.0,613.31
2852,19181,146,838.0,2023-08-20 09:22:35.423505,Defective,1.0,50.64
2853,19181,146,33.0,2023-08-27 09:22:35.423505,Defective,1.0,188.06
2854,19181,146,777.0,2023-09-15 09:22:35.423505,Wrong Item,1.0,236.87
2855,19188,14476,945.0,2024-01-07 07:07:49.992899,Did not match description,1.0,134.23
2858,19207,18823,48.0,2023-11-30 13:57:18.646993,Wrong Item,1.0,1307.39
2859,19207,18823,989.0,2023-12-24 13:57:18.646993,Defective,1.0,201.76
2860,19207,18823,393.0,2023-11-28 13:57:18.646993,Wrong Item,1.0,32.38
2861,19207,18823,886.0,2023-12-22 13:57:18.646993,Wrong Item,1.0,1944.72
2862,19211,3796,517.0,2023-11-20 14:34:45.226858,Defective,2.0,146.62
2863,19211,3796,835.0,2023-12-03 14:34:45.226858,Wrong Item,1.0,1381.99
2864,19214,2585,649.0,2023-10-09 15:44:09.483613,Wrong Item,1.0,477.9
2866,19230,595,42.0,2023-08-22 08:18:52.992744,Changed Mind,2.0,1319.48
2867,19230,595,338.0,2023-08-12 08:18:52.992744,Changed Mind,1.0,722.35
2868,19230,595,358.0,2023-08-17 08:18:52.992744,Defective,1.0,54.94
2869,19245,12098,549.0,2022-04-12 21:26:11.116793,Changed Mind,1.0,213.05
2870,19245,12098,138.0,2022-03-31 21:26:11.116793,Wrong Item,1.0,130.18
2872,19251,8866,714.0,2023-01-21 21:43:38.004040,Did not match description,4.0,1473.48
2875,19297,3951,831.0,2023-11-12 12:49:49.324794,Did not match description,2.0,521.16
2876,19297,3951,898.0,2023-11-07 12:49:49.324794,Defective,2.0,428.46
2879,19331,8197,895.0,2023-02-03 00:41:16.142299,Changed Mind,1.0,443.64
2880,19333,1562,182.0,2022-04-03 08:23:30.845312,Did not match description,1.0,445.12
2881,19333,1562,756.0,2022-04-07 08:23:30.845312,Defective,1.0,329.48
2882,19333,1562,676.0,2022-04-25 08:23:30.845312,Wrong Item,1.0,412.65
2883,19345,16197,18.0,2023-08-25 17:17:39.984662,Defective,1.0,28.07
2891,19424,11131,15.0,2023-06-30 11:21:39.185860,Defective,1.0,115.01
2892,19424,11131,955.0,2023-07-08 11:21:39.185860,Defective,1.0,802.3
2893,19424,11131,335.0,2023-06-29 11:21:39.185860,Defective,5.0,2584.03
2903,19461,634,255.0,2023-12-14 12:13:14.797230,Changed Mind,3.0,3668.13
2904,19461,634,19.0,2023-11-26 12:13:14.797230,Did not match description,2.0,517.32
2905,19461,634,865.0,2023-12-03 12:13:14.797230,Wrong Item,1.0,1315.08
2906,19461,634,825.0,2023-11-21 12:13:14.797230,Defective,5.0,516.75
2907,19463,9201,183.0,2023-01-03 22:47:24.822750,Changed Mind,1.0,176.28
2908,19463,9201,705.0,2022-12-29 22:47:24.822750,Wrong Item,1.0,77.0
2909,19463,9201,214.0,2023-01-01 22:47:24.822750,Changed Mind,4.0,2790.88
2910,19504,16626,459.0,2023-05-14 22:51:22.239033,Did not match description,2.0,466.32
2911,19504,16626,276.0,2023-04-26 22:51:22.239033,Wrong Item,1.0,327.58
2912,19504,16626,786.0,2023-05-04 22:51:22.239033,Did not match description,2.0,969.5
2913,19508,14831,779.0,2024-01-03 16:46:16.412300,Did not match description,1.0,142.98
2914,19539,18486,335.0,2023-11-29 17:30:27.264717,Wrong Item,3.0,1722.69
2915,19539,18486,642.0,2023-11-19 17:30:27.264717,Did not match description,1.0,170.0
2916,19539,18486,517.0,2023-12-01 17:30:27.264717,Changed Mind,1.0,73.31
2917,19545,2914,343.0,2023-11-20 20:26:48.033622,Changed Mind,1.0,166.29
2918,19545,2914,233.0,2023-12-08 20:26:48.033622,Defective,1.0,72.54
2922,19597,4327,10.0,2023-12-31 02:28:58.612120,Changed Mind,4.0,735.56
2929,19666,302,762.0,2023-11-10 05:20:52.834463,Defective,1.0,131.34
2930,19666,302,265.0,2023-11-13 05:20:52.834463,Defective,1.0,1727.67
2931,19666,302,916.0,2023-11-26 05:20:52.834463,Did not match description,3.0,5492.29
2932,19673,10938,667.0,2023-08-31 23:25:05.598043,Defective,4.0,113.92
2933,19673,10938,334.0,2023-08-23 23:25:05.598043,Changed Mind,5.0,1630.6
2935,19719,11520,377.0,2023-07-04 06:01:41.200836,Did not match description,3.0,467.34
2936,19719,11520,71.0,2023-07-08 06:01:41.200836,Changed Mind,1.0,1040.33
2937,19719,11520,230.0,2023-07-01 06:01:41.200836,Did not match description,3.0,623.01
2938,19725,4639,99.0,2023-11-12 13:54:37.028380,Wrong Item,2.0,463.3
2939,19725,4639,518.0,2023-10-21 13:54:37.028380,Wrong Item,2.0,1141.8
2940,19781,17859,392.0,2022-03-18 13:38:58.923045,Defective,3.0,385.92
2941,19783,19851,192.0,2023-11-25 16:00:56.601316,Wrong Item,1.0,245.32
2946,19872,19293,392.0,2023-02-02 20:39:16.696812,Defective,2.0,273.36
2947,19872,19293,768.0,2023-02-20 20:39:16.696812,Wrong Item,1.0,155.05
2948,19872,19293,326.0,2023-02-25 20:39:16.696812,Wrong Item,1.0,353.01
2949,19872,19293,446.0,2023-01-31 20:39:16.696812,Wrong Item,1.0,353.94
2951,19911,9216,893.0,2022-10-02 08:56:17.063915,Defective,1.0,129.22
2952,19911,9216,484.0,2022-10-15 08:56:17.063915,Changed Mind,1.0,341.57
2958,19967,7002,436.0,2023-08-24 02:07:47.836444,Did not match description,1.0,136.55
2963,20039,14994,634.0,2023-10-14 11:10:24.271295,Wrong Item,2.0,390.88
2966,20061,5759,41.0,2023-10-15 10:01:46.079796,Defective,1.0,392.09
2967,20061,5759,263.0,2023-11-01 10:01:46.079796,Changed Mind,2.0,1143.4
2968,20061,5759,582.0,2023-10-28 10:01:46.079796,Changed Mind,1.0,26.84
2969,20064,19735,331.0,2023-11-17 13:02:05.249403,Changed Mind,1.0,1753.58
2970,20064,19735,192.0,2023-12-01 13:02:05.249403,Changed Mind,1.0,245.32
2977,20138,7135,313.0,2023-11-14 22:03:01.716732,Changed Mind,1.0,197.54
2979,20144,789,15.0,2023-08-10 10:22:02.082523,Defective,1.0,115.01
2980,20144,789,94.0,2023-07-18 10:22:02.082523,Did not match description,1.0,178.69
2981,20144,789,62.0,2023-08-04 10:22:02.082523,Did not match description,1.0,1348.11
2989,20210,348,973.0,2023-06-10 20:46:35.111038,Changed Mind,1.0,476.41
2990,20210,348,380.0,2023-06-08 20:46:35.111038,Defective,2.0,240.28
2991,20215,2973,757.0,2021-10-25 10:13:11.613714,Changed Mind,1.0,93.43
2992,20288,10335,668.0,2022-12-14 14:41:35.716447,Wrong Item,3.0,324.24
2998,20368,18391,565.0,2023-12-02 23:11:55.661949,Wrong Item,1.0,41.61
2999,20368,18391,335.0,2023-11-12 23:11:55.661949,Wrong Item,1.0,574.23
3000,20368,18391,164.0,2023-11-15 23:11:55.661949,Defective,1.0,169.84
3001,20368,18391,198.0,2023-11-12 23:11:55.661949,Did not match description,5.0,293.2
3008,20411,9436,138.0,2023-01-19 21:47:32.946751,Changed Mind,1.0,130.18
3009,20412,1945,668.0,2023-04-20 19:00:50.949279,Wrong Item,1.0,108.08
3010,20412,1945,250.0,2023-04-22 19:00:50.949279,Changed Mind,3.0,195.06
3011,20412,1945,454.0,2023-04-25 19:00:50.949279,Did not match description,1.0,2112.75
3012,20412,1945,431.0,2023-04-04 19:00:50.949279,Defective,1.0,462.23
3013,20412,1945,619.0,2023-04-14 19:00:50.949279,Wrong Item,1.0,70.48
3015,20434,5467,13.0,2022-09-24 17:06:38.666334,Defective,1.0,1294.19
3016,20434,5467,495.0,2022-09-12 17:06:38.666334,Changed Mind,1.0,28.38
3020,20459,17503,523.0,2023-12-15 13:18:55.152349,Defective,1.0,344.72
3021,20459,17503,628.0,2023-12-18 13:18:55.152349,Wrong Item,1.0,707.39
3022,20459,17503,200.0,2023-12-16 13:18:55.152349,Defective,1.0,181.65
3023,20459,17503,755.0,2023-12-12 13:18:55.152349,Defective,1.0,170.39
3024,20459,17503,169.0,2023-12-07 13:18:55.152349,Changed Mind,1.0,632.23
3027,20479,14051,943.0,2023-01-20 08:32:55.372479,Did not match description,4.0,2280.32
3028,20479,14051,792.0,2023-02-03 08:32:55.372479,Defective,1.0,1201.0
3029,20479,14051,268.0,2023-02-01 08:32:55.372479,Wrong Item,1.0,177.95
3030,20479,14051,187.0,2023-01-10 08:32:55.372479,Wrong Item,2.0,4639.94
3033,20490,12172,764.0,2022-12-23 07:33:12.611252,Wrong Item,4.0,604.48
3034,20494,6593,233.0,2022-04-16 06:41:03.646268,Wrong Item,5.0,362.7
3035,20494,6593,15.0,2022-04-08 06:41:03.646268,Wrong Item,3.0,345.03
3043,20592,14839,539.0,2022-03-02 22:10:20.231101,Wrong Item,1.0,344.26
3044,20592,14839,999.0,2022-02-26 22:10:20.231101,Wrong Item,1.0,366.43
3045,20592,14839,894.0,2022-02-08 22:10:20.231101,Did not match description,1.0,221.67
3047,20611,18383,99.0,2021-10-25 00:51:50.084767,Defective,1.0,231.65
3048,20611,18383,168.0,2021-10-08 00:51:50.084767,Did not match description,1.0,598.25
3049,20611,18383,726.0,2021-10-05 00:51:50.084767,Defective,2.0,562.92
3050,20618,11777,777.0,2023-03-23 18:06:27.207390,Did not match description,1.0,236.87
3051,20662,4621,755.0,2021-10-03 07:24:00.166179,Wrong Item,1.0,170.39
3052,20663,10185,329.0,2022-08-11 18:04:15.985826,Did not match description,1.0,64.98
3053,20663,10185,11.0,2022-08-08 18:04:15.985826,Did not match description,3.0,1008.69
3056,20694,700,565.0,2022-09-23 03:15:12.474366,Changed Mind,1.0,41.61
3057,20694,700,236.0,2022-09-21 03:15:12.474366,Did not match description,1.0,132.0
3060,20740,2085,99.0,2023-10-16 17:23:55.509783,Did not match description,1.0,231.65
3061,20747,6223,115.0,2023-12-23 22:11:09.863300,Changed Mind,2.0,283.08
3062,20747,6223,749.0,2023-12-17 22:11:09.863300,Wrong Item,1.0,1496.74
3063,20747,6223,367.0,2023-12-19 22:11:09.863300,Changed Mind,4.0,1852.52
3064,20753,13059,436.0,2023-12-28 13:49:44.924258,Wrong Item,5.0,682.75
3065,20783,8992,203.0,2022-02-27 13:54:17.249937,Did not match description,1.0,315.86
3066,20783,8992,423.0,2022-02-04 13:54:17.249937,Wrong Item,1.0,532.21
3074,20860,8522,356.0,2023-09-14 10:45:23.444421,Defective,1.0,226.29
3075,20860,8522,118.0,2023-09-21 10:45:23.444421,Wrong Item,1.0,879.18
3078,20876,15880,845.0,2023-08-23 07:12:37.414232,Changed Mind,1.0,1468.24
3084,20919,12778,685.0,2023-09-04 21:46:40.946690,Wrong Item,1.0,171.99
3086,20954,12843,252.0,2022-05-04 21:34:00.786143,Defective,4.0,855.64
3096,21004,17061,643.0,2023-06-19 03:35:30.218863,Wrong Item,1.0,286.63
3099,21026,15474,999.0,2023-11-29 17:57:46.190470,Changed Mind,4.0,1628.56
3100,21026,15474,792.0,2023-12-06 17:57:46.190470,Defective,1.0,1412.94
3101,21026,15474,268.0,2023-11-27 17:57:46.190470,Did not match description,1.0,151.26
3102,21026,15474,529.0,2023-12-25 17:57:46.190470,Wrong Item,1.0,70.03
3103,21026,15474,112.0,2023-12-22 17:57:46.190470,Defective,1.0,2368.89
3104,21047,16512,531.0,2023-11-01 00:32:32.992299,Wrong Item,1.0,2331.94
3106,21101,4998,391.0,2022-02-12 06:30:50.720144,Did not match description,1.0,307.36
3107,21135,15806,907.0,2023-08-19 04:10:16.330261,Changed Mind,1.0,564.04
3115,21206,16022,487.0,2023-03-31 19:25:31.895315,Wrong Item,2.0,286.64
3116,21206,16022,4.0,2023-03-22 19:25:31.895315,Wrong Item,1.0,309.14
3127,21304,14808,634.0,2023-12-01 17:16:52.002557,Wrong Item,1.0,244.3
3128,21304,14808,246.0,2023-11-29 17:16:52.002557,Did not match description,2.0,600.1
3129,21304,14808,209.0,2023-11-20 17:16:52.002557,Wrong Item,1.0,1601.65
3130,21304,14808,665.0,2023-11-03 17:16:52.002557,Changed Mind,1.0,1692.58
3131,21304,14808,187.0,2023-11-10 17:16:52.002557,Wrong Item,2.0,4639.94
3132,21309,6431,343.0,2021-09-22 13:36:56.142350,Wrong Item,1.0,166.29
3133,21309,6431,553.0,2021-10-06 13:36:56.142350,Wrong Item,1.0,1462.2
3134,21330,15567,562.0,2022-12-23 03:39:07.386940,Wrong Item,1.0,681.32
3144,21475,17725,169.0,2023-09-18 02:13:23.549916,Did not match description,3.0,1896.69
3145,21475,17725,433.0,2023-10-10 02:13:23.549916,Defective,1.0,279.86
3146,21475,17725,542.0,2023-10-15 02:13:23.549916,Did not match description,1.0,190.56
3147,21479,5388,929.0,2022-04-16 05:19:45.144214,Did not match description,3.0,234.27
3151,21517,10569,137.0,2022-05-23 04:52:20.234217,Wrong Item,2.0,3290.44
3152,21517,10569,274.0,2022-05-11 04:52:20.234217,Did not match description,1.0,341.88
3156,21555,14765,676.0,2023-12-18 04:35:00.902720,Did not match description,2.0,825.3
3158,21578,10186,386.0,2024-01-02 20:57:13.335683,Changed Mind,1.0,76.12
3161,21591,10744,690.0,2022-12-11 00:05:54.550341,Did not match description,1.0,148.12
3163,21614,2251,121.0,2023-04-11 13:25:13.467131,Changed Mind,1.0,783.22
3164,21614,2251,231.0,2023-03-18 13:25:13.467131,Did not match description,3.0,2251.77
3165,21614,2251,375.0,2023-04-02 13:25:13.467131,Wrong Item,1.0,197.27
3173,21666,3363,522.0,2022-03-27 23:02:32.994330,Changed Mind,1.0,1312.45
3174,21666,3363,319.0,2022-04-03 23:02:32.994330,Did not match description,3.0,816.84
3175,21666,3363,272.0,2022-04-11 23:02:32.994330,Wrong Item,1.0,44.08
3178,21741,4541,516.0,2022-11-18 03:49:08.406256,Did not match description,2.0,212.89
3179,21741,4541,447.0,2022-11-12 03:49:08.406256,Did not match description,1.0,267.17
3184,21752,17239,15.0,2023-01-03 21:14:40.719612,Defective,1.0,115.01
3185,21755,11102,20.0,2023-07-10 08:48:28.358832,Wrong Item,1.0,402.25
3186,21755,11102,877.0,2023-07-28 08:48:28.358832,Did not match description,3.0,591.54
3187,21755,11102,110.0,2023-07-10 08:48:28.358832,Defective,1.0,390.34
3188,21755,11102,24.0,2023-07-02 08:48:28.358832,Changed Mind,1.0,61.63
3201,21904,3875,678.0,2023-12-29 03:54:19.865336,Defective,1.0,417.89
3202,21904,3875,796.0,2024-01-15 03:54:19.865336,Defective,4.0,512.76
3203,21904,3875,437.0,2024-01-11 03:54:19.865336,Defective,1.0,27.76
3205,21937,11574,92.0,2022-12-31 19:34:50.811750,Wrong Item,1.0,276.97
3212,22003,7115,152.0,2023-10-31 01:20:44.565348,Changed Mind,1.0,600.7
3213,22003,7115,480.0,2023-10-30 01:20:44.565348,Wrong Item,1.0,165.33
3214,22027,18076,731.0,2023-06-02 13:26:40.495731,Did not match description,1.0,147.45
3216,22036,15131,810.0,2023-05-06 17:57:46.617507,Defective,1.0,108.56
3217,22036,15131,156.0,2023-04-30 17:57:46.617507,Changed Mind,1.0,140.07
3218,22036,15131,57.0,2023-05-01 17:57:46.617507,Defective,1.0,1093.99
3229,22125,13264,810.0,2023-05-02 09:45:05.741524,Changed Mind,5.0,542.8
3230,22125,13264,926.0,2023-05-15 09:45:05.741524,Defective,1.0,1235.92
3231,22125,13264,61.0,2023-05-30 09:45:05.741524,Defective,1.0,233.6
3232,22125,13264,704.0,2023-05-19 09:45:05.741524,Did not match description,1.0,1602.41
3238,22180,2298,501.0,2022-12-20 18:36:55.411612,Did not match description,1.0,367.56
3239,22180,2298,700.0,2022-12-02 18:36:55.411612,Defective,1.0,314.95
3243,22199,9643,671.0,2023-10-13 01:39:01.478914,Changed Mind,1.0,183.25
3244,22240,106,732.0,2022-09-12 12:29:49.971051,Wrong Item,1.0,83.48
3249,22267,6253,795.0,2023-12-09 23:43:14.308062,Defective,1.0,350.56
3253,22284,19297,487.0,2023-12-19 20:12:40.615667,Changed Mind,1.0,143.32
3254,22284,19297,431.0,2023-11-24 20:12:40.615667,Wrong Item,2.0,924.46
3255,22284,19297,586.0,2023-11-27 20:12:40.615667,Did not match description,1.0,87.34
3264,22380,18935,740.0,2021-06-10 03:09:04.948440,Wrong Item,2.0,370.54
3265,22380,18935,604.0,2021-06-17 03:09:04.948440,Changed Mind,5.0,7007.61
3266,22380,18935,862.0,2021-06-25 03:09:04.948440,Wrong Item,2.0,975.22
3267,22380,18935,348.0,2021-06-01 03:09:04.948440,Wrong Item,4.0,3671.3
3268,22385,7724,520.0,2022-06-02 01:34:41.322900,Did not match description,1.0,414.48
3269,22385,7724,532.0,2022-05-23 01:34:41.322900,Changed Mind,4.0,208.55
3270,22385,7724,138.0,2022-05-23 01:34:41.322900,Did not match description,1.0,130.18
3275,22415,15371,979.0,2023-02-23 20:38:30.452106,Changed Mind,1.0,30.34
3276,22415,15371,389.0,2023-03-12 20:38:30.452106,Changed Mind,1.0,420.79
3285,22479,2630,779.0,2021-09-16 15:44:55.452316,Did not match description,1.0,142.98
3286,22479,2630,726.0,2021-10-03 15:44:55.452316,Changed Mind,1.0,239.24
3294,22552,14078,909.0,2023-06-27 21:02:59.036474,Defective,2.0,266.26
3295,22552,14078,815.0,2023-07-10 21:02:59.036474,Changed Mind,1.0,167.09
3299,22600,6859,455.0,2023-03-24 21:24:15.876901,Defective,1.0,357.86
3300,22600,6859,815.0,2023-03-26 21:24:15.876901,Did not match description,1.0,196.58
3301,22624,17433,700.0,2023-08-12 13:00:11.002838,Changed Mind,1.0,283.45
3302,22624,17433,752.0,2023-07-14 13:00:11.002838,Changed Mind,1.0,1489.54
3303,22625,13642,989.0,2021-12-24 17:22:47.634018,Defective,1.0,201.76
3305,22638,8430,92.0,2024-01-13 05:36:09.697133,Defective,1.0,276.97
3309,22702,14042,872.0,2023-08-07 06:19:37.967901,Did not match description,2.0,197.68
3310,22702,14042,836.0,2023-08-11 06:19:37.967901,Changed Mind,1.0,1022.78
3313,22707,12313,185.0,2021-10-05 14:23:57.217636,Did not match description,1.0,250.92
3314,22707,12313,329.0,2021-10-01 14:23:57.217636,Changed Mind,1.0,64.98
3323,22783,13854,565.0,2023-08-30 12:55:58.977497,Did not match description,2.0,83.22
3324,22783,13854,885.0,2023-08-16 12:55:58.977497,Defective,1.0,58.64
3325,22783,13854,218.0,2023-08-14 12:55:58.977497,Defective,2.0,376.68
3326,22783,13854,899.0,2023-08-25 12:55:58.977497,Defective,3.0,413.73
3327,22783,13854,325.0,2023-08-19 12:55:58.977497,Defective,1.0,243.72
3328,22794,18385,822.0,2023-11-25 13:15:14.306333,Did not match description,2.0,802.34
3329,22794,18385,452.0,2023-12-11 13:15:14.306333,Changed Mind,1.0,1940.3
3330,22794,18385,886.0,2023-11-27 13:15:14.306333,Defective,1.0,1944.72
3331,22794,18385,191.0,2023-11-15 13:15:14.306333,Wrong Item,1.0,1128.05
3332,22794,18385,151.0,2023-12-01 13:15:14.306333,Defective,3.0,500.2
3337,22869,390,867.0,2023-09-24 14:00:44.319589,Wrong Item,5.0,567.4
3338,22869,390,496.0,2023-09-09 14:00:44.319589,Defective,1.0,306.59
3340,22874,11639,24.0,2024-01-15 15:36:28.540562,Changed Mind,3.0,147.91
3342,22900,11025,513.0,2022-06-14 10:02:33.584809,Changed Mind,2.0,358.96
3347,22936,19664,164.0,2022-12-07 19:00:34.907350,Defective,1.0,179.83
3349,22969,6138,585.0,2023-12-26 13:47:24.306105,Defective,1.0,193.0
3352,22999,18212,157.0,2023-09-04 21:56:04.624485,Did not match description,1.0,159.01
3353,22999,18212,378.0,2023-08-24 21:56:04.624485,Wrong Item,3.0,2350.98
3354,22999,18212,606.0,2023-08-26 21:56:04.624485,Did not match description,1.0,73.35
3356,23007,7238,408.0,2023-05-20 09:37:00.189959,Changed Mind,1.0,147.94
3357,23007,7238,150.0,2023-05-06 09:37:00.189959,Defective,1.0,1236.32
3358,23017,18094,953.0,2023-10-27 21:33:43.151975,Wrong Item,1.0,135.15
3359,23023,15251,717.0,2022-03-24 04:03:48.356139,Wrong Item,1.0,153.75
3360,23023,15251,974.0,2022-03-16 04:03:48.356139,Did not match description,1.0,1300.93
3361,23023,15251,799.0,2022-04-06 04:03:48.356139,Defective,1.0,147.38
3371,23088,9984,183.0,2023-07-25 23:51:45.453963,Defective,1.0,176.28
3372,23088,9984,696.0,2023-07-21 23:51:45.453963,Did not match description,1.0,1027.94
3373,23091,19871,99.0,2023-11-18 07:53:04.849572,Did not match description,3.0,694.95
3374,23091,19871,571.0,2023-12-04 07:53:04.849572,Changed Mind,2.0,130.85
3375,23091,19871,104.0,2023-12-01 07:53:04.849572,Wrong Item,4.0,1429.72
3379,23118,15215,939.0,2023-01-31 06:07:08.312000,Wrong Item,3.0,3359.5
3380,23118,15215,570.0,2023-01-24 06:07:08.312000,Did not match description,1.0,212.05
3381,23146,3286,861.0,2023-11-24 11:41:33.061931,Wrong Item,3.0,756.75
3382,23146,3286,915.0,2023-12-11 11:41:33.061931,Changed Mind,1.0,2283.14
3383,23163,7302,661.0,2023-09-18 09:27:58.614646,Did not match description,1.0,271.79
3384,23163,7302,330.0,2023-10-02 09:27:58.614646,Wrong Item,1.0,231.28
3385,23166,6829,934.0,2022-05-22 19:56:11.175458,Did not match description,1.0,604.19
3386,23166,6829,969.0,2022-05-19 19:56:11.175458,Did not match description,1.0,1435.76
3387,23166,6829,764.0,2022-06-06 19:56:11.175458,Defective,1.0,151.12
3395,23229,19037,498.0,2023-08-04 17:51:18.230823,Did not match description,1.0,418.13
3397,23255,2761,992.0,2021-04-10 07:48:09.249542,Wrong Item,1.0,1504.04
3398,23255,2761,644.0,2021-04-22 07:48:09.249542,Wrong Item,1.0,1952.09
3399,23255,2761,257.0,2021-04-21 07:48:09.249542,Changed Mind,4.0,509.72
3402,23281,11880,349.0,2023-12-28 15:32:22.999412,Wrong Item,1.0,20.27
3408,23317,5712,634.0,2023-05-29 01:28:03.417176,Wrong Item,4.0,977.2
3417,23405,7944,988.0,2022-09-01 23:05:12.900718,Defective,1.0,159.3
3418,23405,7944,229.0,2022-09-06 23:05:12.900718,Changed Mind,1.0,689.56
3419,23405,7944,114.0,2022-09-05 23:05:12.900718,Changed Mind,1.0,1360.33
3422,23438,3703,386.0,2023-11-15 01:11:25.012327,Did not match description,1.0,76.12
3425,23462,14117,97.0,2023-03-26 10:21:31.892669,Changed Mind,1.0,243.53
3426,23462,14117,788.0,2023-04-01 10:21:31.892669,Wrong Item,1.0,218.56
3428,23472,13082,839.0,2023-05-04 23:11:49.343663,Did not match description,1.0,171.19
3429,23472,13082,611.0,2023-04-15 23:11:49.343663,Defective,3.0,165.39
3430,23472,13082,805.0,2023-05-09 23:11:49.343663,Wrong Item,1.0,267.38
3435,23529,4298,714.0,2022-12-05 11:41:38.817793,Did not match description,1.0,368.37
3436,23529,4298,903.0,2022-11-29 11:41:38.817793,Changed Mind,1.0,1470.13
3437,23558,18077,313.0,2023-02-18 03:42:06.909334,Defective,1.0,197.54
3438,23558,18077,383.0,2023-02-19 03:42:06.909334,Changed Mind,1.0,237.11
3439,23558,18077,149.0,2023-02-25 03:42:06.909334,Changed Mind,2.0,853.25
3442,23589,17707,754.0,2023-12-30 16:35:17.979495,Defective,1.0,692.84
3443,23589,17707,788.0,2024-01-01 16:35:17.979495,Wrong Item,1.0,194.27
3444,23589,17707,255.0,2024-01-03 16:35:17.979495,Wrong Item,1.0,1222.71
3447,23603,12925,863.0,2023-09-15 21:15:54.548775,Changed Mind,1.0,592.86
3448,23603,12925,691.0,2023-09-23 21:15:54.548775,Wrong Item,1.0,552.09
3453,23658,4131,310.0,2023-12-06 14:32:38.716064,Did not match description,1.0,168.7
3454,23658,4131,68.0,2023-12-16 14:32:38.716064,Wrong Item,1.0,145.77
3455,23658,4131,603.0,2023-12-04 14:32:38.716064,Changed Mind,1.0,386.86
3456,23658,4131,968.0,2023-12-04 14:32:38.716064,Defective,1.0,65.72
3462,23673,11963,432.0,2023-10-27 19:42:15.967486,Defective,1.0,226.35
3463,23673,11963,163.0,2023-10-13 19:42:15.967486,Did not match description,3.0,546.36
3464,23673,11963,65.0,2023-10-30 19:42:15.967486,Wrong Item,1.0,354.38
3475,23839,15514,441.0,2023-11-28 00:31:14.144908,Defective,2.0,389.64
3476,23839,15514,178.0,2023-11-22 00:31:14.144908,Defective,1.0,480.66
3477,23839,15514,745.0,2023-12-15 00:31:14.144908,Did not match description,2.0,2893.16
3478,23839,15514,327.0,2023-12-02 00:31:14.144908,Did not match description,1.0,450.45
3480,23854,18095,591.0,2023-03-26 05:38:59.365361,Wrong Item,2.0,51.86
3489,23896,7216,380.0,2023-06-12 11:05:31.284805,Defective,2.0,192.22
3490,23914,1679,457.0,2023-03-28 21:55:17.139193,Changed Mind,1.0,162.94
3491,23914,1679,282.0,2023-03-17 21:55:17.139193,Changed Mind,1.0,677.85
3492,23914,1679,779.0,2023-04-05 21:55:17.139193,Defective,4.0,571.92
3493,23921,2072,122.0,2023-12-09 00:25:35.926225,Did not match description,1.0,938.92
3494,23921,2072,611.0,2023-11-30 00:25:35.926225,Did not match description,1.0,55.13
3495,23921,2072,647.0,2023-12-16 00:25:35.926225,Wrong Item,1.0,326.72
3496,23928,14930,997.0,2023-05-17 13:31:48.336713,Did not match description,1.0,1418.64
3497,23928,14930,204.0,2023-05-21 13:31:48.336713,Wrong Item,1.0,344.4
3498,23928,14930,878.0,2023-06-05 13:31:48.336713,Wrong Item,1.0,1122.75
3499,23928,14930,890.0,2023-05-29 13:31:48.336713,Wrong Item,1.0,704.95
3505,23948,7846,959.0,2023-01-26 19:39:05.231247,Wrong Item,1.0,109.96
3506,23951,7466,295.0,2023-12-06 10:07:00.242986,Did not match description,1.0,1269.42
3507,23951,7466,361.0,2023-12-14 10:07:00.242986,Did not match description,1.0,77.69
3508,23959,15861,764.0,2022-12-17 19:19:23.211250,Did not match description,1.0,151.12
3515,23987,10408,41.0,2023-07-16 00:02:26.177346,Did not match description,1.0,392.09
3516,23987,10408,461.0,2023-07-14 00:02:26.177346,Did not match description,4.0,1032.72
3517,23987,10408,790.0,2023-07-17 00:02:26.177346,Defective,1.0,255.78
3518,23987,10408,359.0,2023-07-01 00:02:26.177346,Defective,1.0,258.88
3519,23987,10408,676.0,2023-07-29 00:02:26.177346,Wrong Item,1.0,412.65
3522,24005,5217,201.0,2023-07-10 19:54:01.962909,Changed Mind,2.0,185.12
3525,24024,18161,989.0,2023-12-31 23:25:57.845995,Changed Mind,1.0,201.76
3526,24024,18161,598.0,2024-01-10 23:25:57.845995,Wrong Item,1.0,661.49
3540,24122,2783,815.0,2023-04-28 13:48:01.583222,Changed Mind,1.0,196.58
3546,24153,10998,183.0,2022-06-30 00:39:14.620763,Changed Mind,1.0,158.65
3547,24153,10998,390.0,2022-07-03 00:39:14.620763,Changed Mind,1.0,112.85
3561,24198,11980,74.0,2021-11-14 15:16:50.530822,Wrong Item,1.0,69.48
3562,24198,11980,856.0,2021-12-01 15:16:50.530822,Wrong Item,4.0,467.24
3563,24198,11980,953.0,2021-11-03 15:16:50.530822,Did not match description,1.0,150.17
3564,24198,11980,701.0,2021-11-08 15:16:50.530822,Did not match description,1.0,128.31
3565,24199,14260,391.0,2023-10-04 03:05:14.199091,Did not match description,4.0,1229.44
3570,24272,4429,832.0,2023-03-04 06:37:28.076092,Did not match description,1.0,104.55
3573,24294,8108,921.0,2023-08-03 01:12:01.551203,Wrong Item,1.0,240.0
3574,24294,8108,787.0,2023-07-13 01:12:01.551203,Did not match description,2.0,122.35
3575,24294,8108,506.0,2023-07-31 01:12:01.551203,Defective,2.0,2492.62
3576,24296,7736,219.0,2022-11-13 12:31:45.656602,Did not match description,1.0,831.49
3577,24296,7736,731.0,2022-11-20 12:31:45.656602,Changed Mind,4.0,589.8
3578,24313,7420,519.0,2022-10-02 07:25:46.288012,Wrong Item,1.0,471.34
3579,24313,7420,603.0,2022-10-09 07:25:46.288012,Did not match description,1.0,455.13
3580,24313,7420,294.0,2022-09-22 07:25:46.288012,Wrong Item,1.0,415.69
3581,24313,7420,590.0,2022-10-09 07:25:46.288012,Wrong Item,2.0,416.0
3582,24313,7420,103.0,2022-09-26 07:25:46.288012,Did not match description,2.0,565.46
3588,24354,12959,972.0,2022-09-08 22:13:08.461265,Changed Mind,1.0,71.02
3596,24412,19495,750.0,2023-09-07 23:06:13.842069,Did not match description,1.0,107.27
3597,24412,19495,664.0,2023-09-09 23:06:13.842069,Did not match description,2.0,1406.6
3602,24433,13793,864.0,2021-09-13 10:08:52.496151,Defective,4.0,2003.96
3603,24433,13793,319.0,2021-09-19 10:08:52.496151,Defective,1.0,272.28
3604,24433,13793,464.0,2021-09-23 10:08:52.496151,Did not match description,1.0,440.65
3605,24433,13793,608.0,2021-08-27 10:08:52.496151,Wrong Item,1.0,255.02
3606,24433,13793,806.0,2021-09-03 10:08:52.496151,Defective,1.0,1186.28
3607,24434,1090,393.0,2023-05-25 12:05:36.427544,Defective,3.0,97.14
3608,24434,1090,142.0,2023-05-20 12:05:36.427544,Changed Mind,1.0,428.14
3609,24435,684,130.0,2023-03-13 05:32:09.401022,Defective,1.0,67.85
3614,24497,4641,726.0,2023-09-29 15:37:15.385754,Did not match description,2.0,562.92
3615,24524,18330,590.0,2023-12-31 13:00:16.593417,Changed Mind,2.0,416.0
3619,24550,17113,397.0,2022-05-30 18:20:06.437573,Did not match description,1.0,169.08
3623,24592,6454,634.0,2023-01-06 17:30:54.541406,Changed Mind,2.0,488.6
3624,24594,2119,355.0,2023-07-01 02:31:57.147590,Changed Mind,2.0,1419.6
3625,24594,2119,576.0,2023-06-11 02:31:57.147590,Defective,1.0,39.46
3632,24675,4847,284.0,2023-01-24 02:38:50.370619,Did not match description,2.0,386.82
3634,24706,17288,197.0,2022-08-29 00:38:12.231806,Did not match description,1.0,381.48
3644,24757,2514,950.0,2023-05-11 23:57:25.051369,Wrong Item,1.0,1370.29
3645,24757,2514,762.0,2023-05-21 23:57:25.051369,Wrong Item,2.0,262.68
3646,24791,14987,795.0,2023-11-11 04:06:27.301354,Defective,1.0,350.56
3650,24809,13141,554.0,2023-01-21 03:40:52.368093,Did not match description,1.0,76.28
3652,24823,18580,609.0,2022-09-22 17:12:02.849273,Defective,1.0,146.35
3654,24831,19313,731.0,2023-12-17 21:03:48.113337,Wrong Item,1.0,125.33
3656,24835,3843,896.0,2023-12-10 21:32:38.673647,Changed Mind,1.0,154.85
3657,24835,3843,889.0,2023-11-16 21:32:38.673647,Wrong Item,1.0,25.62
3664,24864,11275,790.0,2022-10-18 17:27:34.548130,Did not match description,1.0,255.78
3665,24864,11275,288.0,2022-10-01 17:27:34.548130,Did not match description,3.0,3445.32
3666,24864,11275,892.0,2022-10-18 17:27:34.548130,Defective,1.0,210.03
3667,24864,11275,433.0,2022-10-18 17:27:34.548130,Wrong Item,1.0,279.86
3668,24873,9924,254.0,2023-10-22 08:56:13.608921,Defective,1.0,1066.87
3669,24873,9924,661.0,2023-10-10 08:56:13.608921,Wrong Item,1.0,339.74
3670,24873,9924,55.0,2023-10-28 08:56:13.608921,Wrong Item,4.0,820.68
3676,24940,1821,760.0,2022-12-23 15:17:19.557726,Changed Mind,2.0,204.45
3677,24967,14485,773.0,2023-12-25 18:07:13.387529,Did not match description,1.0,1612.91
3678,24967,14485,15.0,2023-12-22 18:07:13.387529,Did not match description,1.0,115.01
3679,24967,14485,913.0,2024-01-07 18:07:13.387529,Did not match description,3.0,1398.81
3685,25047,10358,790.0,2022-07-23 17:24:38.694291,Defective,3.0,767.34
3686,25047,10358,988.0,2022-07-25 17:24:38.694291,Did not match description,4.0,637.2
3687,25047,10358,337.0,2022-07-11 17:24:38.694291,Wrong Item,5.0,3648.9
3688,25047,10358,707.0,2022-07-25 17:24:38.694291,Wrong Item,1.0,44.88
3694,25109,8483,515.0,2023-03-21 07:19:40.102707,Wrong Item,1.0,83.56
3695,25109,8483,93.0,2023-03-15 07:19:40.102707,Did not match description,1.0,1305.52
3696,25109,8483,458.0,2023-03-19 07:19:40.102707,Did not match description,1.0,114.45
3697,25109,8483,430.0,2023-03-24 07:19:40.102707,Defective,1.0,368.72
3703,25137,9531,447.0,2023-05-29 17:17:03.068610,Defective,2.0,534.34
3704,25141,5803,779.0,2023-09-08 12:57:33.632661,Did not match description,1.0,142.98
3705,25148,9111,495.0,2023-12-02 06:49:21.128359,Did not match description,2.0,56.76
3706,25157,4982,458.0,2023-04-04 12:25:41.624143,Changed Mind,4.0,457.8
3707,25162,2956,291.0,2022-06-03 13:20:41.990198,Did not match description,1.0,60.86
3708,25162,2956,93.0,2022-05-20 13:20:41.990198,Defective,1.0,1044.42
3711,25234,16025,418.0,2022-11-14 09:51:15.218501,Defective,1.0,1925.47
3712,25234,16025,605.0,2022-11-03 09:51:15.218501,Defective,1.0,248.12
3713,25234,16025,423.0,2022-11-12 09:51:15.218501,Wrong Item,1.0,425.77
3714,25265,11049,18.0,2022-10-05 06:15:08.337419,Did not match description,1.0,28.07
3727,25389,19930,450.0,2023-07-21 19:02:58.739981,Did not match description,2.0,310.92
3728,25389,19930,266.0,2023-07-21 19:02:58.739981,Defective,1.0,231.16
3732,25428,9434,832.0,2023-04-07 22:13:15.601382,Wrong Item,2.0,261.38
3733,25428,9434,992.0,2023-03-31 22:13:15.601382,Changed Mind,4.0,6016.16
3734,25428,9434,838.0,2023-03-29 22:13:15.601382,Defective,1.0,50.64
3735,25428,9434,701.0,2023-04-09 22:13:15.601382,Wrong Item,1.0,128.31
3736,25428,9434,505.0,2023-04-15 22:13:15.601382,Defective,1.0,141.58
3739,25434,7497,368.0,2022-09-28 15:06:07.651543,Changed Mind,1.0,1197.77
3740,25434,7497,643.0,2022-09-25 15:06:07.651543,Defective,1.0,243.64
3746,25466,17908,55.0,2022-10-26 17:52:25.491922,Did not match description,1.0,205.17
3747,25466,17908,569.0,2022-10-25 17:52:25.491922,Defective,1.0,2254.34
3749,25504,15585,582.0,2022-07-13 11:46:51.302182,Did not match description,1.0,29.82
3750,25504,15585,100.0,2022-07-15 11:46:51.302182,Defective,1.0,419.14
3751,25518,400,146.0,2023-12-13 22:33:45.129888,Defective,2.0,260.0
3753,25521,13268,195.0,2023-12-17 11:58:32.355630,Changed Mind,4.0,1179.24
3754,25521,13268,74.0,2023-12-17 11:58:32.355630,Defective,2.0,138.96
3755,25521,13268,866.0,2023-12-20 11:58:32.355630,Changed Mind,1.0,301.62
3757,25540,15522,941.0,2023-07-20 16:53:32.605631,Wrong Item,1.0,191.07
3760,25544,16425,448.0,2023-06-02 04:11:11.658623,Changed Mind,1.0,968.74
3761,25544,16425,634.0,2023-06-10 04:11:11.658623,Did not match description,1.0,244.3
3768,25589,1303,655.0,2023-04-05 14:19:24.024401,Wrong Item,1.0,327.74
3770,25605,2509,893.0,2023-03-03 18:38:32.659897,Defective,1.0,161.53
3778,25676,6736,74.0,2023-09-04 06:48:34.543325,Wrong Item,1.0,69.48
3781,25727,6687,203.0,2021-12-28 20:48:51.411425,Defective,1.0,315.86
3782,25740,13711,266.0,2023-10-17 10:25:20.746633,Wrong Item,2.0,462.32
3783,25740,13711,930.0,2023-10-16 10:25:20.746633,Did not match description,1.0,183.16
3784,25740,13711,92.0,2023-10-19 10:25:20.746633,Wrong Item,1.0,325.85
3788,25754,10957,390.0,2023-05-18 08:23:33.236510,Wrong Item,1.0,132.77
3789,25754,10957,591.0,2023-04-30 08:23:33.236510,Wrong Item,1.0,25.93
3790,25754,10957,28.0,2023-05-10 08:23:33.236510,Defective,2.0,222.55
3793,25789,17503,362.0,2023-06-28 03:37:03.789661,Did not match description,2.0,490.84
3822,26007,19810,329.0,2023-03-01 06:38:12.076046,Defective,1.0,55.23
3823,26007,19810,416.0,2023-03-20 06:38:12.076046,Changed Mind,1.0,341.74
3824,26007,19810,918.0,2023-03-14 06:38:12.076046,Defective,2.0,170.26
3827,26023,9127,446.0,2023-05-19 08:41:00.597891,Defective,1.0,353.94
3828,26023,9127,65.0,2023-05-22 08:41:00.597891,Defective,1.0,354.38
3829,26023,9127,681.0,2023-05-07 08:41:00.597891,Did not match description,1.0,190.2
3830,26061,11397,215.0,2023-07-12 19:17:39.556322,Defective,1.0,207.12
3831,26061,11397,217.0,2023-07-13 19:17:39.556322,Did not match description,1.0,1380.63
3832,26117,4481,989.0,2023-11-05 20:34:19.060606,Defective,1.0,201.76
3835,26150,18166,872.0,2023-10-13 19:52:56.480744,Defective,1.0,98.84
3837,26210,8646,45.0,2023-11-18 22:48:30.631637,Did not match description,2.0,315.04
3838,26210,8646,455.0,2023-11-17 22:48:30.631637,Wrong Item,1.0,357.86
3839,26211,17609,808.0,2022-12-09 15:03:48.528933,Defective,1.0,1064.82
3840,26211,17609,796.0,2022-12-14 15:03:48.528933,Changed Mind,1.0,128.19
3841,26211,17609,389.0,2022-12-23 15:03:48.528933,Wrong Item,2.0,841.58
3842,26211,17609,609.0,2022-11-30 15:03:48.528933,Did not match description,1.0,146.35
3848,26305,3643,117.0,2023-12-08 15:51:07.309805,Did not match description,1.0,111.1
3849,26305,3643,278.0,2023-12-16 15:51:07.309805,Did not match description,2.0,604.12
3850,26305,3643,842.0,2023-12-16 15:51:07.309805,Wrong Item,1.0,283.88
3857,26369,6481,513.0,2023-04-20 22:34:07.360182,Changed Mind,1.0,161.53
3860,26408,18116,527.0,2023-12-21 19:34:21.226690,Did not match description,1.0,145.37
3861,26408,18116,606.0,2024-01-08 19:34:21.226690,Did not match description,1.0,91.69
3865,26477,11511,780.0,2023-09-09 22:56:53.041508,Changed Mind,3.0,1154.82
3866,26477,11511,774.0,2023-09-16 22:56:53.041508,Wrong Item,1.0,276.6
3873,26552,18479,20.0,2023-05-07 02:32:44.861342,Wrong Item,1.0,402.25
3874,26564,7700,894.0,2023-03-31 00:16:01.704098,Defective,1.0,221.67
3875,26564,7700,637.0,2023-04-09 00:16:01.704098,Defective,1.0,515.27
3876,26595,16931,893.0,2023-01-22 16:33:13.980871,Did not match description,1.0,161.53
3877,26595,16931,765.0,2023-01-15 16:33:13.980871,Changed Mind,2.0,3316.2
3882,26638,12354,535.0,2023-08-18 21:57:14.539969,Did not match description,1.0,149.17
3883,26638,12354,322.0,2023-08-04 21:57:14.539969,Defective,2.0,617.16
3884,26638,12354,324.0,2023-08-21 21:57:14.539969,Did not match description,1.0,225.61
3885,26641,11782,634.0,2023-07-25 04:59:33.444047,Defective,2.0,390.88
3887,26697,4430,825.0,2023-02-21 01:36:24.539100,Wrong Item,3.0,310.05
3888,26699,12773,192.0,2023-01-16 03:05:15.817645,Wrong Item,2.0,490.64
3889,26699,12773,703.0,2023-02-01 03:05:15.817645,Wrong Item,1.0,357.5
3890,26699,12773,291.0,2023-02-03 03:05:15.817645,Wrong Item,1.0,76.08
3891,26699,12773,253.0,2023-01-25 03:05:15.817645,Wrong Item,1.0,279.31
3892,26699,12773,713.0,2023-01-21 03:05:15.817645,Did not match description,1.0,147.28
3899,26767,9824,633.0,2023-09-21 15:21:55.185094,Defective,2.0,464.88
3900,26768,16151,655.0,2023-10-05 22:13:07.853632,Did not match description,2.0,655.48
3901,26768,16151,274.0,2023-10-09 22:13:07.853632,Wrong Item,1.0,341.88
3902,26771,2406,787.0,2023-12-24 10:41:51.019912,Wrong Item,1.0,67.97
3903,26771,2406,836.0,2023-12-29 10:41:51.019912,Did not match description,1.0,1022.78
3904,26775,17003,345.0,2023-03-31 17:11:48.639053,Defective,1.0,40.73
3905,26775,17003,942.0,2023-04-02 17:11:48.639053,Wrong Item,1.0,2011.46
3906,26775,17003,740.0,2023-04-09 17:11:48.639053,Wrong Item,1.0,185.27
3907,26775,17003,997.0,2023-04-16 17:11:48.639053,Did not match description,1.0,1134.91
3909,26807,17874,335.0,2022-05-25 04:15:02.062082,Defective,1.0,574.23
3910,26807,17874,731.0,2022-06-04 04:15:02.062082,Changed Mind,1.0,147.45
3911,26833,19021,573.0,2023-10-24 01:39:10.757610,Defective,1.0,67.12
3912,26833,19021,175.0,2023-10-10 01:39:10.757610,Did not match description,1.0,148.2
3913,26833,19021,870.0,2023-10-21 01:39:10.757610,Wrong Item,2.0,331.48
3914,26835,7740,781.0,2022-12-08 05:45:35.059236,Defective,2.0,358.07
3915,26835,7740,909.0,2022-12-02 05:45:35.059236,Defective,1.0,113.16
3921,26871,9750,582.0,2023-11-08 08:14:06.378641,Did not match description,1.0,29.82
3928,26926,9533,841.0,2023-10-23 10:29:47.101585,Wrong Item,1.0,79.87
3929,26926,9533,968.0,2023-10-08 10:29:47.101585,Wrong Item,1.0,65.72
3930,26939,16182,370.0,2023-05-05 12:39:51.868475,Wrong Item,1.0,120.85
3931,26939,16182,679.0,2023-04-15 12:39:51.868475,Did not match description,5.0,5545.25
3933,26963,19473,837.0,2023-10-08 01:49:48.583304,Defective,1.0,337.33
3934,26963,19473,593.0,2023-10-08 01:49:48.583304,Changed Mind,1.0,773.9
3935,26963,19473,74.0,2023-09-30 01:49:48.583304,Defective,2.0,138.96
3940,26993,7761,471.0,2023-05-26 12:24:27.952629,Defective,2.0,829.06
3941,26993,7761,165.0,2023-05-14 12:24:27.952629,Did not match description,1.0,282.92
3942,26993,7761,55.0,2023-05-07 12:24:27.952629,Changed Mind,2.0,410.34
3943,27001,16050,957.0,2024-01-14 04:32:17.482179,Did not match description,2.0,213.84
3944,27001,16050,227.0,2024-01-18 04:32:17.482179,Wrong Item,1.0,256.23
3945,27001,16050,226.0,2024-01-16 04:32:17.482179,Changed Mind,1.0,1456.98
3946,27005,6030,510.0,2023-12-18 23:06:44.592563,Wrong Item,1.0,144.94
3947,27005,6030,757.0,2023-12-04 23:06:44.592563,Changed Mind,1.0,93.43
3948,27006,1719,574.0,2022-01-23 04:15:33.176447,Defective,3.0,600.12
3949,27006,1719,233.0,2022-01-01 04:15:33.176447,Changed Mind,4.0,290.16
3950,27006,1719,343.0,2022-01-13 04:15:33.176447,Wrong Item,1.0,166.29
3951,27009,7756,737.0,2023-08-26 01:57:33.690929,Changed Mind,4.0,1397.48
3952,27009,7756,528.0,2023-08-29 01:57:33.690929,Wrong Item,1.0,1667.59
3953,27009,7756,415.0,2023-08-13 01:57:33.690929,Defective,1.0,538.3
3954,27009,7756,622.0,2023-08-09 01:57:33.690929,Changed Mind,4.0,8701.44
3955,27009,7756,404.0,2023-08-20 01:57:33.690929,Wrong Item,1.0,1238.79
3972,27126,7536,146.0,2023-01-23 12:18:36.698535,Changed Mind,1.0,117.0
3974,27154,7700,1000.0,2022-12-01 04:27:09.319383,Did not match description,1.0,121.84
3975,27154,7700,579.0,2022-12-24 04:27:09.319383,Defective,1.0,421.56
3976,27154,7700,797.0,2022-12-10 04:27:09.319383,Changed Mind,1.0,2200.12
3981,27182,1236,485.0,2022-07-03 23:57:54.114058,Did not match description,3.0,1713.45
3982,27182,1236,371.0,2022-07-05 23:57:54.114058,Wrong Item,1.0,135.47
3983,27222,12641,612.0,2023-09-30 12:40:26.620770,Wrong Item,1.0,205.3
3984,27222,12641,167.0,2023-10-11 12:40:26.620770,Defective,1.0,722.21
3985,27233,18381,988.0,2022-11-24 12:42:39.945686,Did not match description,1.0,159.3
3986,27236,6624,972.0,2023-03-30 23:20:26.218374,Changed Mind,1.0,71.02
3987,27236,6624,954.0,2023-04-02 23:20:26.218374,Defective,1.0,25.79
3993,27303,9709,941.0,2023-09-02 01:11:58.225872,Changed Mind,2.0,477.68
3994,27303,9709,954.0,2023-08-11 01:11:58.225872,Changed Mind,1.0,25.79
3996,27306,16658,618.0,2022-09-18 09:30:53.636288,Wrong Item,2.0,356.36
3997,27306,16658,462.0,2022-09-08 09:30:53.636288,Wrong Item,4.0,927.04
3998,27306,16658,706.0,2022-09-24 09:30:53.636288,Did not match description,1.0,1260.6
3999,27321,5194,918.0,2023-09-17 03:16:04.466802,Did not match description,1.0,85.13
4000,27344,13493,405.0,2023-08-29 19:08:40.321921,Wrong Item,1.0,179.65
4001,27344,13493,990.0,2023-08-26 19:08:40.321921,Changed Mind,1.0,84.52
4002,27344,13493,176.0,2023-08-12 19:08:40.321921,Defective,3.0,3665.82
4003,27355,19243,873.0,2024-01-22 06:58:27.409869,Did not match description,3.0,438.99
4004,27355,19243,157.0,2024-01-17 06:58:27.409869,Changed Mind,1.0,159.01
4005,27383,19001,726.0,2023-10-07 23:11:36.513537,Defective,4.0,1125.84
4006,27388,2436,230.0,2022-10-19 10:02:44.097812,Changed Mind,4.0,830.68
4007,27398,2615,357.0,2023-12-15 01:47:07.776995,Defective,1.0,64.37
4008,27398,2615,473.0,2023-11-29 01:47:07.776995,Wrong Item,4.0,1704.8
4017,27435,6609,478.0,2023-11-19 18:19:37.099935,Defective,1.0,190.9
4019,27445,17319,703.0,2023-08-24 05:22:32.201577,Did not match description,2.0,715.0
4020,27445,17319,1000.0,2023-08-04 05:22:32.201577,Changed Mind,2.0,274.14
4024,27467,5031,900.0,2023-05-01 20:46:35.622092,Changed Mind,1.0,174.65
4025,27467,5031,853.0,2023-04-27 20:46:35.622092,Changed Mind,1.0,184.79
4026,27467,5031,361.0,2023-04-29 20:46:35.622092,Did not match description,1.0,77.69
4033,27523,12256,368.0,2022-07-08 11:18:03.965551,Defective,1.0,1197.77
4034,27533,14461,246.0,2023-12-01 19:23:05.490854,Did not match description,4.0,1200.19
4036,27555,8434,855.0,2021-10-15 10:49:19.816983,Changed Mind,1.0,841.5
4042,27614,16704,58.0,2021-12-11 09:10:33.116234,Did not match description,3.0,1496.67
4045,27627,12888,796.0,2022-10-06 16:25:50.216791,Changed Mind,1.0,128.19
4046,27640,18260,417.0,2023-09-19 10:41:30.675280,Wrong Item,1.0,98.94
4047,27640,18260,100.0,2023-09-09 10:41:30.675280,Did not match description,1.0,377.23
4064,27777,7168,394.0,2022-01-03 08:03:13.783411,Did not match description,1.0,43.12
4065,27777,7168,712.0,2021-12-31 08:03:13.783411,Changed Mind,1.0,313.97
4066,27777,7168,43.0,2021-12-23 08:03:13.783411,Defective,1.0,797.27
4067,27777,7168,983.0,2021-12-21 08:03:13.783411,Did not match description,1.0,2437.64
4074,27819,3852,771.0,2023-11-19 09:40:39.273154,Did not match description,1.0,315.05
4075,27819,3852,435.0,2023-11-19 09:40:39.273154,Wrong Item,3.0,359.19
4076,27819,3852,397.0,2023-12-05 09:40:39.273154,Defective,4.0,676.32
4077,27819,3852,97.0,2023-12-02 09:40:39.273154,Did not match description,1.0,194.82
4078,27819,3852,420.0,2023-11-27 09:40:39.273154,Defective,1.0,2061.65
4082,27834,6953,757.0,2023-12-09 20:52:55.925927,Did not match description,2.0,219.84
4086,27858,12341,781.0,2023-10-08 01:45:04.639295,Defective,2.0,421.26
4089,27896,19662,547.0,2023-08-29 23:47:57.885504,Defective,2.0,616.52
4090,27896,19662,50.0,2023-09-03 23:47:57.885504,Defective,1.0,405.09
4091,27896,19662,647.0,2023-08-15 23:47:57.885504,Defective,1.0,326.72
4092,27896,19662,802.0,2023-08-22 23:47:57.885504,Changed Mind,1.0,54.04
4105,27995,17962,388.0,2022-01-09 05:52:33.654559,Changed Mind,1.0,1254.84
4106,27995,17962,868.0,2022-01-12 05:52:33.654559,Changed Mind,2.0,2657.4
4108,28018,17658,757.0,2023-12-26 22:47:47.966040,Wrong Item,1.0,93.43
4109,28018,17658,274.0,2024-01-11 22:47:47.966040,Wrong Item,1.0,341.88
4110,28018,17658,917.0,2024-01-04 22:47:47.966040,Defective,2.0,821.32
4111,28018,17658,84.0,2024-01-02 22:47:47.966040,Wrong Item,3.0,251.26
4112,28021,12808,931.0,2023-12-17 13:30:42.777357,Defective,1.0,45.42
4114,28037,6872,831.0,2022-09-15 12:48:55.571191,Defective,1.0,260.58
4121,28078,222,24.0,2024-01-09 21:09:44.438544,Defective,2.0,123.26
4122,28082,16970,572.0,2023-12-30 21:17:15.712671,Defective,3.0,4281.63
4123,28082,16970,478.0,2024-01-14 21:17:15.712671,Wrong Item,1.0,190.9
4126,28140,12486,590.0,2023-09-18 23:53:07.891910,Changed Mind,1.0,208.0
4127,28140,12486,580.0,2023-09-24 23:53:07.891910,Did not match description,1.0,150.88
4128,28140,12486,149.0,2023-10-04 23:53:07.891910,Wrong Item,1.0,501.91
4129,28140,12486,555.0,2023-10-08 23:53:07.891910,Changed Mind,1.0,1114.66
4130,28144,1320,576.0,2023-09-04 18:22:15.727623,Wrong Item,4.0,175.36
4133,28148,9004,349.0,2021-02-12 07:54:15.151539,Defective,2.0,40.54
4147,28208,12830,867.0,2023-10-21 21:48:52.986905,Defective,2.0,226.96
4148,28208,12830,826.0,2023-11-10 21:48:52.986905,Did not match description,2.0,1328.7
4160,28300,9470,882.0,2023-08-04 21:41:15.151079,Did not match description,1.0,981.35
4161,28300,9470,278.0,2023-07-28 21:41:15.151079,Did not match description,1.0,302.06
4162,28300,9470,458.0,2023-07-23 21:41:15.151079,Wrong Item,1.0,114.45
4175,28516,9629,668.0,2023-08-08 00:10:46.599143,Did not match description,1.0,108.08
4176,28516,9629,377.0,2023-08-20 00:10:46.599143,Did not match description,1.0,155.78
4179,28551,3135,875.0,2023-02-16 18:57:44.671969,Changed Mind,1.0,498.49
4180,28551,3135,272.0,2023-01-31 18:57:44.671969,Wrong Item,2.0,88.16
4181,28551,3135,896.0,2023-01-31 18:57:44.671969,Changed Mind,1.0,154.85
4182,28551,3135,386.0,2023-02-18 18:57:44.671969,Did not match description,2.0,152.24
4183,28558,11188,203.0,2022-11-21 17:07:18.852713,Defective,1.0,315.86
4184,28569,17448,873.0,2023-12-26 06:33:53.063248,Defective,1.0,146.33
4185,28569,17448,958.0,2023-12-13 06:33:53.063248,Wrong Item,1.0,57.59
4186,28580,17147,833.0,2024-01-13 14:50:14.015666,Changed Mind,1.0,960.61
4187,28580,17147,740.0,2024-01-01 14:50:14.015666,Defective,1.0,185.27
4188,28580,17147,631.0,2023-12-28 14:50:14.015666,Changed Mind,1.0,161.95
4192,28620,8904,13.0,2023-10-13 03:39:50.807221,Wrong Item,1.0,1294.19
4193,28620,8904,802.0,2023-10-02 03:39:50.807221,Defective,3.0,180.12
4194,28621,4963,990.0,2022-07-29 03:41:10.151954,Changed Mind,1.0,105.65
4199,28630,9861,953.0,2023-01-18 23:58:19.151853,Changed Mind,1.0,150.17
4200,28630,9861,626.0,2023-01-22 23:58:19.151853,Defective,1.0,45.93
4201,28635,11361,939.0,2023-10-18 00:22:46.426622,Defective,2.0,2488.52
4202,28635,11361,115.0,2023-10-30 00:22:46.426622,Defective,1.0,141.54
4208,28659,13460,626.0,2023-07-11 11:41:37.808092,Wrong Item,1.0,45.93
4209,28659,13460,203.0,2023-07-16 11:41:37.808092,Wrong Item,1.0,252.69
4217,28707,10356,42.0,2023-03-26 01:48:30.672293,Did not match description,4.0,2638.96
4218,28707,10356,483.0,2023-03-13 01:48:30.672293,Changed Mind,2.0,313.76
4219,28707,10356,748.0,2023-03-28 01:48:30.672293,Changed Mind,1.0,738.49
4220,28707,10356,5.0,2023-03-27 01:48:30.672293,Did not match description,2.0,281.74
4221,28707,10356,130.0,2023-03-11 01:48:30.672293,Wrong Item,3.0,203.55
4228,28782,12430,259.0,2021-07-23 07:11:36.176248,Wrong Item,1.0,247.46
4232,28793,13369,355.0,2023-11-09 04:12:05.915557,Changed Mind,4.0,2839.2
4238,28858,16809,741.0,2022-09-27 12:50:32.177970,Wrong Item,1.0,114.36
4239,28858,16809,436.0,2022-10-12 12:50:32.177970,Wrong Item,2.0,273.1
4240,28858,16809,645.0,2022-10-15 12:50:32.177970,Did not match description,1.0,281.26
4242,28878,4961,979.0,2021-10-27 19:28:02.438803,Defective,1.0,30.34
4245,28945,2969,55.0,2022-09-14 18:16:03.456941,Did not match description,1.0,205.17
4253,28991,1921,459.0,2023-04-17 00:05:00.918974,Defective,1.0,233.16
4254,28991,1921,270.0,2023-04-23 00:05:00.918974,Wrong Item,1.0,361.33
4265,29043,14951,407.0,2022-02-16 21:23:39.919882,Defective,1.0,437.86
4266,29043,14951,20.0,2022-01-29 21:23:39.919882,Changed Mind,5.0,2011.25
4267,29044,13259,965.0,2023-02-02 05:00:13.124461,Did not match description,1.0,41.74
4268,29046,1550,254.0,2023-07-19 19:44:06.573111,Defective,3.0,3200.61
4269,29046,1550,215.0,2023-07-18 19:44:06.573111,Defective,1.0,230.13
4271,29079,3404,398.0,2024-01-14 10:01:07.710714,Did not match description,4.0,5122.72
4272,29079,3404,295.0,2023-12-25 10:01:07.710714,Wrong Item,2.0,2986.88
4273,29079,3404,151.0,2024-01-06 10:01:07.710714,Did not match description,1.0,185.26
4274,29079,3404,406.0,2024-01-03 10:01:07.710714,Defective,1.0,1988.32
4275,29079,3404,432.0,2024-01-10 10:01:07.710714,Did not match description,4.0,1006.0
4285,29126,15874,106.0,2023-12-07 16:46:11.261682,Wrong Item,1.0,597.33
4286,29126,15874,363.0,2023-12-27 16:46:11.261682,Changed Mind,1.0,307.89
4292,29204,3773,933.0,2023-08-19 23:33:02.229293,Changed Mind,1.0,333.31
4293,29207,3280,732.0,2023-12-28 07:45:20.552746,Changed Mind,2.0,133.57
4294,29207,3280,624.0,2024-01-17 07:45:20.552746,Did not match description,1.0,274.97
4295,29226,3818,196.0,2021-05-29 07:42:37.626687,Wrong Item,1.0,161.66
4296,29226,3818,53.0,2021-06-10 07:42:37.626687,Defective,2.0,3030.93
4297,29226,3818,810.0,2021-06-14 07:42:37.626687,Did not match description,1.0,86.85
4299,29236,18220,375.0,2021-12-14 15:04:02.906968,Changed Mind,1.0,197.27
4307,29278,9716,853.0,2022-04-18 10:26:32.521002,Wrong Item,1.0,184.79
4308,29278,9716,99.0,2022-04-23 10:26:32.521002,Wrong Item,1.0,231.65
4311,29281,15490,52.0,2023-12-20 22:55:03.498772,Changed Mind,5.0,1042.1
4313,29303,6840,539.0,2023-09-24 05:58:56.916343,Did not match description,1.0,344.26
4314,29303,6840,692.0,2023-09-05 05:58:56.916343,Did not match description,1.0,266.71
4315,29303,6840,172.0,2023-09-03 05:58:56.916343,Defective,1.0,569.94
4316,29303,6840,310.0,2023-09-07 05:58:56.916343,Defective,1.0,210.88
4318,29307,9328,788.0,2022-06-13 19:12:53.080234,Wrong Item,3.0,728.52
4319,29310,10753,800.0,2023-11-26 16:52:31.696282,Defective,1.0,187.96
4320,29329,19510,879.0,2022-11-25 17:28:07.661116,Wrong Item,1.0,1529.95
4321,29329,19510,49.0,2022-11-02 17:28:07.661116,Changed Mind,1.0,248.92
4322,29329,19510,261.0,2022-11-07 17:28:07.661116,Did not match description,1.0,314.78
4323,29329,19510,943.0,2022-11-21 17:28:07.661116,Changed Mind,3.0,1710.24
4324,29329,19510,650.0,2022-10-31 17:28:07.661116,Wrong Item,2.0,811.4
4325,29349,14138,496.0,2023-06-30 15:43:34.968513,Wrong Item,1.0,340.65
4326,29349,14138,668.0,2023-07-09 15:43:34.968513,Changed Mind,1.0,108.08
4330,29427,9737,75.0,2023-12-20 21:44:26.881499,Did not match description,1.0,32.66
4331,29427,9737,676.0,2023-11-30 21:44:26.881499,Changed Mind,1.0,330.12
4332,29453,19332,482.0,2023-09-24 16:10:32.211884,Wrong Item,1.0,761.32
4333,29453,19332,652.0,2023-09-12 16:10:32.211884,Changed Mind,3.0,1528.32
4334,29453,19332,168.0,2023-10-06 16:10:32.211884,Did not match description,1.0,598.25
4335,29453,19332,628.0,2023-09-27 16:10:32.211884,Defective,1.0,636.65
4336,29462,11113,556.0,2023-11-26 21:47:12.145930,Wrong Item,1.0,144.49
4337,29465,5581,653.0,2022-05-16 06:04:26.236696,Changed Mind,1.0,240.29
4338,29465,5581,598.0,2022-05-13 06:04:26.236696,Wrong Item,2.0,1556.44
4339,29465,5581,920.0,2022-04-26 06:04:26.236696,Changed Mind,2.0,3412.4
4340,29465,5581,934.0,2022-04-28 06:04:26.236696,Changed Mind,1.0,604.19
4341,29472,17242,103.0,2023-09-02 00:32:52.903178,Defective,2.0,452.37
4342,29484,19045,371.0,2023-11-25 18:25:58.617227,Wrong Item,1.0,108.38
4345,29509,8042,375.0,2022-05-19 05:53:12.424627,Defective,1.0,197.27
4346,29509,8042,247.0,2022-06-08 05:53:12.424627,Did not match description,1.0,1076.51
4359,29546,5254,409.0,2023-11-15 10:25:57.860742,Defective,2.0,330.0
4364,29603,2465,434.0,2023-11-27 03:33:36.801822,Changed Mind,1.0,1143.61
4365,29603,2465,443.0,2023-11-29 03:33:36.801822,Did not match description,1.0,1597.84
4368,29631,9483,731.0,2023-10-09 09:16:02.445883,Wrong Item,2.0,294.9
4373,29637,3271,860.0,2023-12-20 16:47:25.507173,Defective,1.0,198.13
4374,29637,3271,348.0,2023-12-13 16:47:25.507173,Did not match description,1.0,1147.28
4375,29637,3271,159.0,2023-12-06 16:47:25.507173,Defective,1.0,269.18
4376,29637,3271,839.0,2023-12-29 16:47:25.507173,Changed Mind,2.0,380.42
4386,29710,15504,23.0,2021-08-02 02:30:27.108153,Defective,1.0,113.72
4387,29710,15504,568.0,2021-07-16 02:30:27.108153,Wrong Item,1.0,224.04
4391,29782,13115,945.0,2023-05-12 12:14:28.451726,Defective,1.0,134.23
4397,29833,2083,959.0,2022-09-05 00:53:14.152525,Wrong Item,4.0,488.72
4398,29833,2083,520.0,2022-09-01 00:53:14.152525,Changed Mind,2.0,921.06
4399,29833,2083,615.0,2022-09-09 00:53:14.152525,Wrong Item,3.0,4258.65
4400,29833,2083,376.0,2022-09-18 00:53:14.152525,Did not match description,2.0,651.32
4401,29836,12101,330.0,2022-11-04 21:45:35.173773,Changed Mind,1.0,256.98
4402,29836,12101,88.0,2022-11-14 21:45:35.173773,Defective,1.0,158.09
4404,29843,7864,48.0,2023-09-21 03:41:30.445103,Changed Mind,2.0,2353.3
4405,29843,7864,957.0,2023-10-07 03:41:30.445103,Defective,1.0,106.92
4412,29895,11725,436.0,2023-02-24 16:41:36.433594,Did not match description,1.0,136.55
4413,29895,11725,789.0,2023-02-04 16:41:36.433594,Wrong Item,1.0,117.0
4416,29922,19933,23.0,2023-11-11 03:04:54.188703,Did not match description,1.0,113.72
4417,29939,16548,963.0,2023-09-24 12:14:31.137449,Changed Mind,1.0,290.28
4420,29954,3884,893.0,2023-11-03 15:23:43.297805,Changed Mind,1.0,145.38
4421,29954,3884,219.0,2023-10-24 15:23:43.297805,Changed Mind,1.0,831.49
4422,29968,15646,757.0,2023-09-15 07:04:13.061303,Changed Mind,1.0,109.92
4423,30005,5558,987.0,2023-05-02 15:52:14.122592,Defective,1.0,88.0
4424,30005,5558,382.0,2023-05-03 15:52:14.122592,Defective,1.0,347.49
4426,30013,14177,294.0,2023-04-14 11:10:22.405372,Defective,1.0,415.69
4427,30013,14177,680.0,2023-04-24 11:10:22.405372,Defective,1.0,197.91
4428,30013,14177,918.0,2023-04-19 11:10:22.405372,Wrong Item,1.0,85.13
4429,30013,14177,65.0,2023-05-03 11:10:22.405372,Changed Mind,1.0,354.38
4435,30042,12053,349.0,2022-02-13 23:51:35.965603,Did not match description,3.0,48.65
4436,30042,12053,289.0,2022-02-09 23:51:35.965603,Defective,1.0,1071.95
4437,30045,15112,841.0,2021-10-14 11:19:21.762774,Wrong Item,1.0,88.74
4443,30084,3444,831.0,2022-02-15 11:37:10.289722,Wrong Item,1.0,260.58
4444,30084,3444,191.0,2022-03-02 11:37:10.289722,Did not match description,2.0,1804.88
4449,30101,17045,467.0,2023-09-23 06:31:12.886498,Wrong Item,1.0,1082.43
4450,30132,17767,973.0,2023-01-18 17:29:36.160067,Wrong Item,3.0,1429.23
4451,30132,17767,609.0,2022-12-28 17:29:36.160067,Defective,1.0,146.35
4452,30132,17767,470.0,2023-01-09 17:29:36.160067,Did not match description,1.0,95.76
4453,30155,11813,437.0,2023-09-21 22:54:10.126719,Did not match description,1.0,27.76
4454,30155,11813,988.0,2023-09-18 22:54:10.126719,Did not match description,1.0,159.3
4457,30168,15465,256.0,2022-04-25 03:12:52.539151,Did not match description,2.0,3014.53
4458,30168,15465,108.0,2022-04-18 03:12:52.539151,Did not match description,2.0,4262.58
4459,30168,15465,873.0,2022-05-01 03:12:52.539151,Wrong Item,3.0,438.99
4460,30174,16330,931.0,2023-12-15 17:35:47.335360,Did not match description,1.0,45.42
4461,30174,16330,959.0,2023-12-21 17:35:47.335360,Did not match description,4.0,488.72
4462,30174,16330,403.0,2023-12-14 17:35:47.335360,Changed Mind,1.0,95.86
4463,30191,2186,495.0,2022-10-14 15:26:48.869134,Did not match description,1.0,28.38
4465,30209,17,994.0,2023-01-04 00:58:38.970195,Wrong Item,1.0,92.0
4466,30209,17,42.0,2023-01-08 00:58:38.970195,Did not match description,1.0,659.74
4467,30209,17,570.0,2023-01-10 00:58:38.970195,Did not match description,1.0,212.05
4469,30218,17624,55.0,2024-01-07 10:17:20.926934,Changed Mind,1.0,205.17
4470,30224,1989,982.0,2023-09-29 23:53:58.649963,Did not match description,1.0,1975.14
4475,30255,5205,266.0,2023-09-16 17:49:01.982923,Wrong Item,1.0,231.16
4476,30267,19507,737.0,2023-07-18 09:33:48.694099,Changed Mind,3.0,1048.11
4482,30308,6521,546.0,2022-11-17 02:42:51.252953,Wrong Item,1.0,228.72
4483,30308,6521,714.0,2022-12-01 02:42:51.252953,Changed Mind,1.0,368.37
4484,30308,6521,547.0,2022-11-07 02:42:51.252953,Wrong Item,1.0,308.26
4485,30308,6521,170.0,2022-11-22 02:42:51.252953,Wrong Item,1.0,344.21
4490,30364,721,654.0,2023-11-06 17:18:25.952900,Wrong Item,1.0,272.38
4491,30364,721,283.0,2023-10-24 17:18:25.952900,Defective,2.0,487.72
4492,30364,721,586.0,2023-11-05 17:18:25.952900,Changed Mind,1.0,87.34
4493,30364,721,847.0,2023-10-22 17:18:25.952900,Defective,1.0,437.4
4494,30364,721,259.0,2023-10-18 17:18:25.952900,Defective,1.0,247.46
4495,30381,9644,527.0,2023-12-01 02:34:33.205073,Changed Mind,1.0,161.52
4496,30381,9644,25.0,2023-11-09 02:34:33.205073,Changed Mind,1.0,175.15
4497,30401,14564,652.0,2023-11-11 08:24:12.695608,Did not match description,1.0,636.8
4498,30401,14564,144.0,2023-11-20 08:24:12.695608,Did not match description,1.0,68.03
4499,30401,14564,1.0,2023-11-02 08:24:12.695608,Did not match description,2.0,3497.6
4503,30435,9660,447.0,2023-11-19 21:28:10.457723,Defective,2.0,534.34
4504,30435,9660,681.0,2023-12-10 21:28:10.457723,Defective,2.0,422.66
4505,30438,1889,803.0,2021-09-13 12:22:13.130285,Changed Mind,1.0,299.02
4506,30438,1889,487.0,2021-10-09 12:22:13.130285,Defective,3.0,429.96
4512,30486,4642,510.0,2023-10-30 01:31:31.694909,Changed Mind,1.0,144.94
4513,30486,4642,853.0,2023-10-14 01:31:31.694909,Wrong Item,1.0,166.31
4514,30486,4642,401.0,2023-11-05 01:31:31.694909,Did not match description,1.0,686.24
4515,30486,4642,920.0,2023-11-05 01:31:31.694909,Defective,1.0,1535.58
4516,30492,1647,909.0,2021-12-29 19:26:16.578828,Did not match description,1.0,133.13
4517,30492,1647,310.0,2022-01-05 19:26:16.578828,Changed Mind,3.0,632.64
4518,30495,1963,955.0,2023-08-08 19:33:47.391046,Defective,1.0,802.3
4519,30495,1963,596.0,2023-08-10 19:33:47.391046,Did not match description,1.0,207.53
4520,30495,1963,325.0,2023-08-18 19:33:47.391046,Changed Mind,4.0,974.88
4526,30502,17086,957.0,2023-02-15 21:26:35.178103,Changed Mind,5.0,481.14
4529,30525,10100,755.0,2023-07-22 08:15:19.917608,Wrong Item,1.0,170.39
4530,30525,10100,146.0,2023-07-06 08:15:19.917608,Defective,1.0,130.0
4537,30609,16204,15.0,2022-07-12 17:45:41.765093,Wrong Item,1.0,115.01
4538,30609,16204,701.0,2022-07-09 17:45:41.765093,Wrong Item,1.0,128.31
4543,30637,8114,449.0,2023-04-19 18:19:52.891670,Wrong Item,1.0,149.13
4544,30640,3938,340.0,2023-11-01 02:20:32.157604,Wrong Item,1.0,240.54
4545,30640,3938,441.0,2023-11-05 02:20:32.157604,Wrong Item,1.0,229.2
4546,30640,3938,283.0,2023-11-07 02:20:32.157604,Changed Mind,4.0,975.44
4547,30640,3938,949.0,2023-10-28 02:20:32.157604,Changed Mind,1.0,169.99
4553,30710,13396,287.0,2023-10-19 00:45:17.732814,Wrong Item,2.0,75.24
4554,30710,13396,942.0,2023-10-15 00:45:17.732814,Defective,1.0,2011.46
4555,30715,15307,14.0,2023-12-24 10:43:15.362941,Changed Mind,1.0,290.5
4557,30733,9374,328.0,2023-02-19 17:40:26.563890,Defective,2.0,449.92
4558,30733,9374,957.0,2023-02-24 17:40:26.563890,Wrong Item,1.0,106.92
4559,30733,9374,491.0,2023-02-26 17:40:26.563890,Did not match description,3.0,6067.23
4560,30742,11874,958.0,2023-02-28 13:32:55.459015,Defective,1.0,57.59
4561,30742,11874,257.0,2023-02-27 13:32:55.459015,Changed Mind,1.0,127.43
4562,30742,11874,335.0,2023-03-10 13:32:55.459015,Changed Mind,1.0,574.23
4565,30797,10378,787.0,2022-10-29 11:12:00.170706,Defective,1.0,67.97
4566,30804,2167,858.0,2023-10-31 20:20:03.287946,Wrong Item,1.0,344.13
4567,30804,2167,275.0,2023-10-20 20:20:03.287946,Changed Mind,1.0,133.64
4568,30804,2167,557.0,2023-10-27 20:20:03.287946,Did not match description,1.0,329.92
4569,30804,2167,839.0,2023-11-07 20:20:03.287946,Wrong Item,1.0,190.21
4588,30885,89,781.0,2022-07-04 09:47:06.787955,Defective,2.0,421.26
4595,30922,9492,898.0,2023-11-23 01:33:13.988815,Did not match description,1.0,214.23
4596,30922,9492,675.0,2023-11-27 01:33:13.988815,Did not match description,1.0,91.73
4597,30924,6449,852.0,2023-12-22 22:46:02.275353,Defective,1.0,198.84
4598,30924,6449,22.0,2023-12-19 22:46:02.275353,Did not match description,1.0,40.69
4599,30924,6449,841.0,2023-12-23 22:46:02.275353,Did not match description,5.0,443.7
4611,31014,11670,802.0,2024-01-08 03:38:40.657662,Changed Mind,1.0,60.04
4618,31065,18057,647.0,2022-03-14 02:38:25.502617,Did not match description,1.0,326.72
4619,31092,5298,168.0,2022-12-07 05:57:47.358822,Did not match description,1.0,598.25
4620,31092,5298,676.0,2022-12-11 05:57:47.358822,Changed Mind,1.0,412.65
4621,31092,5298,661.0,2022-12-17 05:57:47.358822,Did not match description,2.0,679.48
4622,31092,5298,511.0,2022-12-05 05:57:47.358822,Did not match description,1.0,273.58
4623,31092,5298,645.0,2022-12-20 05:57:47.358822,Did not match description,3.0,843.78
4626,31145,15026,451.0,2023-07-11 00:20:59.798688,Changed Mind,1.0,251.21
4627,31155,18049,170.0,2021-09-03 15:49:19.793128,Wrong Item,1.0,292.58
4628,31155,18049,867.0,2021-08-24 15:49:19.793128,Changed Mind,1.0,113.48
4631,31161,9456,846.0,2021-07-20 23:05:14.958083,Wrong Item,1.0,126.53
4639,31258,4577,191.0,2023-07-20 15:24:47.373958,Defective,1.0,1128.05
4640,31258,4577,987.0,2023-07-25 15:24:47.373958,Did not match description,1.0,103.53
4641,31258,4577,825.0,2023-08-08 15:24:47.373958,Defective,1.0,103.35
4642,31258,4577,370.0,2023-08-06 15:24:47.373958,Did not match description,1.0,142.18
4649,31288,1695,104.0,2022-03-28 11:19:53.908803,Wrong Item,1.0,357.43
4650,31288,1695,738.0,2022-03-11 11:19:53.908803,Did not match description,1.0,161.22
4656,31296,3953,88.0,2023-09-10 03:19:41.400012,Defective,1.0,158.09
4660,31312,16702,739.0,2023-10-13 22:21:43.133212,Defective,2.0,509.56
4661,31312,16702,903.0,2023-10-06 22:21:43.133212,Wrong Item,2.0,2940.26
4662,31327,16920,963.0,2023-05-19 05:58:32.063729,Defective,2.0,580.56
4663,31337,3823,747.0,2021-10-08 12:59:10.801994,Changed Mind,1.0,267.83
4665,31344,3676,819.0,2023-09-11 19:27:49.234564,Wrong Item,2.0,370.34
4666,31344,3676,424.0,2023-09-27 19:27:49.234564,Did not match description,1.0,326.2
4667,31344,3676,314.0,2023-09-12 19:27:49.234564,Wrong Item,4.0,2682.64
4668,31349,14504,100.0,2023-10-14 02:59:50.331910,Did not match description,1.0,335.31
4669,31349,14504,77.0,2023-10-18 02:59:50.331910,Changed Mind,1.0,1129.11
4670,31349,14504,757.0,2023-10-01 02:59:50.331910,Wrong Item,1.0,109.92
4671,31350,19365,918.0,2023-12-16 10:52:44.204147,Defective,3.0,204.31
4672,31357,7104,865.0,2021-08-15 10:08:31.601677,Defective,1.0,1643.85
4673,31357,7104,739.0,2021-08-30 10:08:31.601677,Wrong Item,3.0,764.34
4674,31361,14422,255.0,2023-09-18 13:36:28.335187,Did not match description,1.0,1222.71
4675,31361,14422,487.0,2023-09-23 13:36:28.335187,Changed Mind,1.0,143.32
4676,31361,14422,153.0,2023-09-30 13:36:28.335187,Changed Mind,1.0,302.97
4681,31397,17092,523.0,2022-07-03 15:55:14.274780,Changed Mind,1.0,344.72
4682,31397,17092,48.0,2022-07-11 15:55:14.274780,Defective,1.0,1307.39
4683,31413,3686,486.0,2023-11-03 21:11:40.245482,Changed Mind,1.0,1019.85
4684,31413,3686,408.0,2023-11-05 21:11:40.245482,Changed Mind,1.0,133.15
4692,31434,2971,987.0,2023-11-29 23:04:27.567261,Changed Mind,1.0,93.18
4693,31441,19854,352.0,2021-10-08 14:11:19.163584,Defective,2.0,1713.02
4694,31441,19854,619.0,2021-09-26 14:11:19.163584,Wrong Item,1.0,59.91
4695,31441,19854,273.0,2021-09-23 14:11:19.163584,Defective,1.0,150.98
4696,31441,19854,484.0,2021-10-07 14:11:19.163584,Wrong Item,5.0,1707.85
4697,31448,11446,968.0,2023-09-11 05:19:54.818357,Did not match description,1.0,65.72
4698,31448,11446,940.0,2023-09-22 05:19:54.818357,Did not match description,1.0,273.51
4701,31495,11421,831.0,2022-11-25 17:23:10.588018,Defective,1.0,208.46
4708,31534,2033,954.0,2023-01-28 04:20:39.374809,Defective,1.0,25.79
4709,31551,11312,581.0,2023-12-29 16:04:12.889138,Changed Mind,1.0,472.81
4710,31551,11312,860.0,2023-12-26 16:04:12.889138,Did not match description,1.0,198.13
4714,31585,3867,329.0,2023-12-16 10:53:39.520649,Did not match description,2.0,129.96
4718,31629,15485,575.0,2023-08-27 12:03:43.105950,Defective,5.0,3507.15
4719,31629,15485,578.0,2023-08-13 12:03:43.105950,Wrong Item,1.0,402.89
4720,31629,15485,434.0,2023-08-17 12:03:43.105950,Changed Mind,1.0,1143.61
4721,31629,15485,924.0,2023-08-08 12:03:43.105950,Changed Mind,1.0,298.61
4723,31639,13691,179.0,2021-12-24 19:42:38.001224,Did not match description,2.0,380.92
4726,31718,14461,700.0,2024-01-05 03:10:00.526359,Wrong Item,1.0,314.95
4727,31718,14461,670.0,2024-01-15 03:10:00.526359,Wrong Item,1.0,289.68
4730,31727,125,504.0,2023-12-14 08:53:34.769550,Wrong Item,3.0,974.79
4731,31727,125,947.0,2024-01-05 08:53:34.769550,Wrong Item,1.0,1280.22
4732,31727,125,103.0,2023-12-17 08:53:34.769550,Defective,4.0,1130.92
4733,31731,14766,183.0,2023-06-29 11:56:59.368515,Wrong Item,1.0,176.28
4734,31733,18436,253.0,2023-02-20 21:35:59.533208,Wrong Item,1.0,251.38
4739,31760,8185,176.0,2022-08-11 00:33:12.188963,Defective,2.0,2443.88
4740,31760,8185,192.0,2022-08-11 00:33:12.188963,Defective,1.0,245.32
4741,31760,8185,194.0,2022-08-31 00:33:12.188963,Defective,1.0,1770.1
4742,31763,11041,474.0,2023-02-04 01:41:22.614494,Changed Mind,1.0,61.46
4743,31763,11041,437.0,2023-02-11 01:41:22.614494,Wrong Item,1.0,27.76
4744,31763,11041,901.0,2023-02-14 01:41:22.614494,Changed Mind,1.0,168.94
4745,31763,11041,56.0,2023-02-12 01:41:22.614494,Wrong Item,1.0,64.01
4747,31767,3901,585.0,2023-08-31 20:38:24.238891,Wrong Item,1.0,193.0
4748,31767,3901,800.0,2023-09-11 20:38:24.238891,Changed Mind,3.0,563.88
4749,31778,8867,760.0,2023-05-25 14:01:53.872441,Changed Mind,1.0,127.78
4750,31781,2166,354.0,2023-11-26 09:38:01.837879,Did not match description,1.0,1428.69
4751,31781,2166,209.0,2023-11-29 09:38:01.837879,Changed Mind,4.0,6406.6
4752,31781,2166,187.0,2023-11-08 09:38:01.837879,Did not match description,1.0,2319.97
4753,31781,2166,960.0,2023-11-03 09:38:01.837879,Defective,3.0,286.29
4754,31813,8833,23.0,2023-10-08 02:20:12.703408,Changed Mind,1.0,113.72
4755,31813,8833,938.0,2023-10-16 02:20:12.703408,Changed Mind,1.0,162.75
4757,31838,11730,743.0,2023-06-18 07:14:22.327501,Changed Mind,1.0,254.41
4758,31838,11730,166.0,2023-06-20 07:14:22.327501,Did not match description,2.0,226.0
4764,31886,1671,636.0,2023-03-03 05:39:06.449552,Wrong Item,1.0,273.1
4765,31886,1671,390.0,2023-02-14 05:39:06.449552,Wrong Item,1.0,132.77
4772,31969,718,740.0,2024-01-17 08:11:06.551893,Defective,1.0,185.27
4773,31973,209,544.0,2022-12-31 01:44:52.930902,Defective,1.0,1502.82
4774,31973,209,827.0,2023-01-10 01:44:52.930902,Did not match description,1.0,1522.42
4775,31973,209,840.0,2023-01-07 01:44:52.930902,Did not match description,1.0,178.34
4777,31979,4102,295.0,2023-09-01 18:25:38.912767,Changed Mind,1.0,1269.42
4778,31979,4102,252.0,2023-09-03 18:25:38.912767,Did not match description,1.0,213.91
4792,32049,6302,567.0,2023-06-08 17:04:45.858642,Changed Mind,2.0,267.58
4793,32053,14334,24.0,2023-01-09 11:34:20.285826,Defective,1.0,61.63
4801,32091,1634,187.0,2022-08-16 20:19:31.296245,Changed Mind,1.0,1971.97
4802,32091,1634,777.0,2022-09-09 20:19:31.296245,Wrong Item,1.0,236.87
4803,32096,18526,826.0,2023-06-14 04:00:07.860857,Changed Mind,2.0,1328.7
4806,32144,9325,86.0,2022-05-14 19:50:21.952056,Changed Mind,3.0,513.89
4807,32144,9325,638.0,2022-04-24 19:50:21.952056,Defective,1.0,39.72
4808,32144,9325,347.0,2022-04-19 19:50:21.952056,Changed Mind,1.0,201.83
4813,32175,2603,630.0,2023-05-14 19:53:45.621441,Did not match description,1.0,615.07
4815,32179,15096,804.0,2023-10-26 07:44:07.090262,Did not match description,1.0,111.14
4816,32179,15096,810.0,2023-10-25 07:44:07.090262,Wrong Item,1.0,108.56
4817,32180,9958,962.0,2022-07-01 21:33:50.151438,Defective,1.0,192.33
4818,32180,9958,591.0,2022-07-11 21:33:50.151438,Changed Mind,4.0,103.72
4819,32180,9958,179.0,2022-07-20 21:33:50.151438,Did not match description,1.0,201.66
4820,32180,9958,430.0,2022-07-23 21:33:50.151438,Did not match description,2.0,737.44
4825,32206,8544,451.0,2023-12-29 12:59:36.917087,Changed Mind,1.0,213.53
4826,32206,8544,272.0,2024-01-06 12:59:36.917087,Changed Mind,2.0,79.34
4830,32276,11600,762.0,2023-04-05 11:31:43.948106,Did not match description,1.0,118.21
4831,32276,11600,931.0,2023-04-01 11:31:43.948106,Changed Mind,1.0,36.34
4849,32344,2901,554.0,2023-12-12 21:53:07.537421,Changed Mind,2.0,152.56
4850,32344,2901,187.0,2023-12-09 21:53:07.537421,Changed Mind,1.0,1855.98
4851,32344,2901,291.0,2023-12-17 21:53:07.537421,Defective,1.0,76.08
4867,32569,18756,99.0,2023-02-27 05:12:23.290952,Did not match description,2.0,463.3
4868,32569,18756,685.0,2023-02-17 05:12:23.290952,Wrong Item,1.0,171.99
4869,32613,1632,292.0,2021-04-08 01:26:36.261145,Changed Mind,1.0,984.03
4870,32613,1632,531.0,2021-03-31 01:26:36.261145,Did not match description,2.0,4663.88
4871,32613,1632,306.0,2021-03-30 01:26:36.261145,Changed Mind,1.0,592.77
4872,32613,1632,342.0,2021-03-28 01:26:36.261145,Changed Mind,3.0,629.94
4889,32697,10697,327.0,2022-11-29 05:57:49.908028,Defective,2.0,900.9
4890,32697,10697,393.0,2022-11-05 05:57:49.908028,Wrong Item,1.0,32.38
4893,32705,17858,653.0,2023-12-14 05:57:07.741878,Changed Mind,2.0,480.58
4898,32746,15756,197.0,2022-06-02 17:42:42.546991,Did not match description,1.0,305.18
4899,32746,15756,87.0,2022-05-09 17:42:42.546991,Did not match description,1.0,526.93
4900,32767,12165,230.0,2023-12-29 11:08:47.171162,Wrong Item,1.0,207.67
4901,32801,10436,33.0,2022-03-25 14:44:49.664290,Wrong Item,1.0,188.06
4902,32801,10436,478.0,2022-03-26 14:44:49.664290,Defective,1.0,190.9
4903,32801,10436,348.0,2022-03-29 14:44:49.664290,Changed Mind,1.0,1147.28
4906,32813,8215,55.0,2023-09-08 11:08:14.188738,Defective,1.0,205.17
4907,32813,8215,69.0,2023-09-06 11:08:14.188738,Changed Mind,1.0,225.22
4908,32813,8215,949.0,2023-08-26 11:08:14.188738,Defective,1.0,144.49
4924,32933,2523,882.0,2022-11-24 21:52:46.137213,Wrong Item,1.0,981.35
4925,32933,2523,694.0,2022-11-23 21:52:46.137213,Did not match description,1.0,2068.18
4926,32933,2523,899.0,2022-12-01 21:52:46.137213,Did not match description,3.0,330.98
4932,32977,14079,839.0,2023-10-17 17:03:57.859198,Defective,1.0,190.21
4936,33008,8530,353.0,2023-09-12 00:52:30.618442,Defective,4.0,404.92
4937,33014,9889,879.0,2022-06-27 20:04:32.044424,Defective,1.0,1529.95
4943,33110,4275,461.0,2023-03-08 12:04:48.524254,Defective,1.0,258.18
4944,33110,4275,653.0,2023-03-20 12:04:48.524254,Did not match description,2.0,480.58
4945,33114,6895,931.0,2023-09-28 14:35:51.164587,Changed Mind,1.0,45.42
4947,33129,15171,717.0,2023-06-12 14:25:14.063820,Did not match description,1.0,180.88
4948,33129,15171,215.0,2023-06-01 14:25:14.063820,Did not match description,1.0,230.13
4949,33147,19470,800.0,2023-05-31 00:06:22.511401,Wrong Item,1.0,187.96
4950,33161,17793,744.0,2023-12-16 10:29:06.020464,Wrong Item,1.0,276.28
4951,33161,17793,349.0,2023-12-12 10:29:06.020464,Defective,4.0,81.08
4961,33244,11208,275.0,2023-08-30 20:58:12.468002,Changed Mind,2.0,267.28
4981,33458,12518,103.0,2021-09-15 23:04:47.371589,Did not match description,1.0,282.73
4982,33458,12518,232.0,2021-09-17 23:04:47.371589,Defective,3.0,5979.5
4983,33458,12518,700.0,2021-09-25 23:04:47.371589,Changed Mind,1.0,314.95
4984,33458,12518,416.0,2021-09-15 23:04:47.371589,Defective,1.0,363.09
4987,33507,7411,356.0,2023-08-24 23:49:18.321156,Defective,1.0,192.35
4988,33515,13712,25.0,2023-03-08 03:41:22.950989,Did not match description,4.0,700.6
4997,33619,12556,369.0,2022-07-06 13:00:33.191225,Defective,1.0,321.62
4998,33619,12556,420.0,2022-07-14 13:00:33.191225,Changed Mind,1.0,2061.65
5003,33657,19710,831.0,2023-08-01 17:19:01.735994,Did not match description,1.0,260.58
5004,33657,19710,948.0,2023-08-15 17:19:01.735994,Defective,1.0,297.12
5007,33689,6057,287.0,2022-08-25 14:38:11.351768,Defective,1.0,33.86
5008,33689,6057,154.0,2022-09-14 14:38:11.351768,Did not match description,1.0,106.97
5009,33689,6057,764.0,2022-09-04 14:38:11.351768,Changed Mind,1.0,151.12
5010,33689,6057,887.0,2022-09-05 14:38:11.351768,Wrong Item,2.0,363.92
5011,33689,6057,203.0,2022-09-03 14:38:11.351768,Changed Mind,1.0,315.86
5013,33707,14896,984.0,2023-07-31 15:38:29.587950,Defective,2.0,615.44
5014,33707,14896,957.0,2023-08-13 15:38:29.587950,Defective,1.0,106.92
5015,33727,459,165.0,2023-10-20 19:50:48.977632,Did not match description,1.0,282.92
5016,33727,459,535.0,2023-11-09 19:50:48.977632,Changed Mind,1.0,149.17
5019,33741,11760,505.0,2023-07-15 03:48:16.372904,Changed Mind,1.0,141.58
5020,33741,11760,100.0,2023-07-20 03:48:16.372904,Defective,2.0,838.28
5026,33798,2786,583.0,2022-05-04 01:39:13.006563,Changed Mind,1.0,2365.56
5027,33798,2786,130.0,2022-04-17 01:39:13.006563,Did not match description,1.0,67.85
5028,33798,2786,439.0,2022-04-18 01:39:13.006563,Wrong Item,1.0,512.46
5029,33798,2786,152.0,2022-04-12 01:39:13.006563,Wrong Item,3.0,1802.1
5030,33798,2786,780.0,2022-05-03 01:39:13.006563,Changed Mind,1.0,384.94
5031,33802,4522,272.0,2022-05-26 11:56:03.110908,Defective,1.0,39.67
5032,33802,4522,213.0,2022-06-06 11:56:03.110908,Changed Mind,1.0,268.66
5033,33802,4522,548.0,2022-06-06 11:56:03.110908,Changed Mind,1.0,52.87
5034,33809,1902,458.0,2023-12-12 11:38:39.808701,Defective,3.0,343.35
5035,33810,8378,370.0,2023-10-27 13:48:40.752455,Wrong Item,1.0,120.85
5037,33826,5450,642.0,2023-04-06 07:54:02.507357,Wrong Item,1.0,170.0
5038,33826,5450,513.0,2023-04-22 07:54:02.507357,Changed Mind,3.0,538.44
5045,33878,16192,764.0,2022-02-02 20:07:57.355978,Wrong Item,2.0,302.24
5046,33878,16192,281.0,2022-02-03 20:07:57.355978,Did not match description,1.0,501.58
5047,33885,951,716.0,2024-01-12 20:54:45.322920,Changed Mind,1.0,642.64
5048,33885,951,841.0,2023-12-28 20:54:45.322920,Defective,1.0,88.74
5049,33887,4227,244.0,2023-07-09 14:49:39.361745,Defective,2.0,1136.56
5050,33887,4227,228.0,2023-06-28 14:49:39.361745,Did not match description,1.0,38.21
5051,33887,4227,677.0,2023-06-30 14:49:39.361745,Defective,1.0,166.35
5052,33887,4227,939.0,2023-07-02 14:49:39.361745,Defective,2.0,2488.52
5053,33887,4227,708.0,2023-06-29 14:49:39.361745,Did not match description,3.0,5278.65
5080,34048,4781,341.0,2023-05-17 02:49:07.199828,Changed Mind,2.0,128.94
5081,34048,4781,596.0,2023-05-23 02:49:07.199828,Did not match description,1.0,207.53
5082,34048,4781,810.0,2023-05-19 02:49:07.199828,Changed Mind,2.0,217.12
5085,34062,18679,680.0,2022-08-16 01:35:16.497379,Wrong Item,1.0,197.91
5086,34062,18679,945.0,2022-08-14 01:35:16.497379,Did not match description,2.0,268.46
5097,34141,10141,451.0,2022-08-17 05:37:53.676017,Did not match description,1.0,251.21
5098,34143,1889,810.0,2023-02-05 14:55:33.027617,Did not match description,2.0,217.12
5099,34176,8350,777.0,2023-08-05 04:56:16.527818,Wrong Item,1.0,236.87
5100,34176,8350,741.0,2023-07-25 04:56:16.527818,Did not match description,2.0,228.72
5104,34209,15869,853.0,2022-01-25 05:38:22.458471,Did not match description,1.0,184.79
5105,34209,15869,627.0,2022-01-24 05:38:22.458471,Wrong Item,3.0,146.07
5109,34252,5302,925.0,2024-01-18 05:44:03.775057,Did not match description,1.0,639.68
5110,34252,5302,668.0,2024-01-10 05:44:03.775057,Did not match description,1.0,108.08
5111,34252,5302,491.0,2024-01-20 05:44:03.775057,Changed Mind,1.0,1820.17
5115,34271,13867,115.0,2023-07-04 11:18:35.637197,Wrong Item,3.0,424.62
5116,34271,13867,418.0,2023-07-21 11:18:35.637197,Wrong Item,5.0,9627.35
5120,34285,2988,289.0,2023-05-23 08:03:36.744485,Wrong Item,1.0,1339.94
5121,34285,2988,748.0,2023-05-06 08:03:36.744485,Changed Mind,5.0,3323.2
5122,34285,2988,988.0,2023-05-20 08:03:36.744485,Did not match description,1.0,159.3
5127,34321,5443,777.0,2023-01-13 17:33:17.164777,Changed Mind,1.0,236.87
5128,34321,5443,637.0,2023-01-06 17:33:17.164777,Did not match description,1.0,515.27
5133,34340,8348,348.0,2022-11-06 13:43:02.375331,Changed Mind,2.0,2294.56
5137,34405,8758,23.0,2023-01-31 11:03:20.418540,Wrong Item,1.0,113.72
5138,34405,8758,581.0,2023-01-11 11:03:20.418540,Changed Mind,1.0,556.25
5139,34405,8758,91.0,2023-01-08 11:03:20.418540,Defective,1.0,658.55
5140,34405,8758,34.0,2023-01-14 11:03:20.418540,Wrong Item,1.0,399.47
5149,34469,15291,983.0,2023-03-07 00:05:51.701431,Changed Mind,2.0,4875.28
5150,34469,15291,356.0,2023-03-04 00:05:51.701431,Changed Mind,1.0,226.29
5151,34483,5875,92.0,2023-10-14 12:12:36.644443,Did not match description,2.0,651.7
5152,34492,14661,353.0,2023-08-17 13:14:33.767428,Changed Mind,5.0,506.15
5157,34590,4891,737.0,2023-05-21 14:06:03.306223,Changed Mind,1.0,314.43
5161,34650,6614,753.0,2022-09-18 09:59:30.790244,Defective,1.0,14.67
5163,34693,15010,942.0,2022-04-09 02:56:06.127416,Defective,1.0,2011.46
5166,34742,8843,832.0,2023-02-16 02:31:15.367613,Did not match description,1.0,130.69
5169,34744,16177,546.0,2023-10-23 17:01:05.975278,Defective,1.0,228.72
5170,34744,16177,259.0,2023-11-13 17:01:05.975278,Changed Mind,1.0,247.46
5171,34744,16177,864.0,2023-11-19 17:01:05.975278,Defective,2.0,1001.98
5172,34745,1537,868.0,2024-01-14 14:50:55.289890,Wrong Item,1.0,1328.7
5182,34831,308,433.0,2023-02-27 09:52:15.524206,Defective,2.0,503.75
5183,34857,8744,357.0,2023-05-29 17:00:32.656351,Changed Mind,1.0,54.71
5184,34857,8744,798.0,2023-06-20 17:00:32.656351,Changed Mind,1.0,144.13
5189,34912,17096,491.0,2022-04-19 01:22:56.322914,Changed Mind,1.0,1719.05
5190,34912,17096,80.0,2022-04-06 01:22:56.322914,Did not match description,1.0,174.4
5194,34930,19558,1.0,2023-01-27 20:47:28.990295,Defective,2.0,2798.08
5196,34948,18710,435.0,2023-11-24 12:01:34.259566,Defective,1.0,119.73
5197,34948,18710,55.0,2023-12-16 12:01:34.259566,Wrong Item,1.0,174.39
5206,35054,12319,120.0,2023-06-28 17:04:41.194312,Did not match description,2.0,853.52
5207,35054,12319,591.0,2023-06-07 17:04:41.194312,Changed Mind,2.0,51.86
5208,35054,12319,786.0,2023-06-21 17:04:41.194312,Changed Mind,1.0,538.61
5209,35054,12319,687.0,2023-06-13 17:04:41.194312,Did not match description,2.0,79.36
5220,35117,6159,728.0,2024-01-17 06:12:53.961004,Changed Mind,1.0,378.7
5221,35117,6159,103.0,2024-01-15 06:12:53.961004,Wrong Item,1.0,282.73
5222,35117,6159,247.0,2023-12-23 06:12:53.961004,Defective,1.0,861.21
5223,35117,6159,637.0,2023-12-26 06:12:53.961004,Wrong Item,2.0,1030.54
5230,35227,6963,582.0,2022-02-09 15:55:03.492392,Did not match description,1.0,29.82
5231,35230,3769,107.0,2023-01-16 18:20:01.710858,Changed Mind,3.0,221.1
5236,35263,7858,802.0,2023-08-12 19:32:50.031582,Changed Mind,1.0,60.04
5241,35373,18236,803.0,2022-12-12 00:41:46.579224,Did not match description,1.0,282.4
5242,35373,18236,362.0,2022-11-20 00:41:46.579224,Changed Mind,1.0,288.73
5245,35401,17113,707.0,2024-01-14 11:34:43.091873,Changed Mind,1.0,44.88
5246,35401,17113,685.0,2024-01-12 11:34:43.091873,Did not match description,3.0,515.97
5247,35401,17113,259.0,2024-01-03 11:34:43.091873,Changed Mind,1.0,247.46
5248,35401,17113,561.0,2023-12-28 11:34:43.091873,Changed Mind,1.0,546.29
5249,35406,14720,350.0,2023-07-03 10:23:20.004739,Defective,2.0,620.33
5250,35416,17180,925.0,2022-10-13 10:31:10.789372,Wrong Item,1.0,639.68
5251,35416,17180,175.0,2022-10-15 10:31:10.789372,Did not match description,3.0,444.6
5252,35416,17180,847.0,2022-10-31 10:31:10.789372,Did not match description,1.0,437.4
5253,35416,17180,119.0,2022-10-27 10:31:10.789372,Wrong Item,2.0,2438.72
5256,35423,796,860.0,2023-09-10 02:14:48.674992,Wrong Item,3.0,660.45
5259,35466,15512,795.0,2023-08-15 22:56:25.836042,Defective,1.0,280.45
5260,35466,15512,746.0,2023-07-29 22:56:25.836042,Defective,1.0,595.93
5261,35489,546,330.0,2023-04-07 04:04:49.096860,Wrong Item,1.0,256.98
5262,35489,546,609.0,2023-04-15 04:04:49.096860,Changed Mind,1.0,146.35
5264,35508,12889,713.0,2024-01-16 10:28:01.178194,Wrong Item,1.0,147.28
5265,35508,12889,679.0,2024-01-12 10:28:01.178194,Changed Mind,2.0,2218.1
5270,35545,6124,141.0,2023-03-28 04:19:10.450051,Defective,1.0,31.24
5274,35587,18527,961.0,2023-09-08 18:10:11.348027,Wrong Item,4.0,2632.52
5278,35615,15272,919.0,2022-06-14 10:29:04.585723,Changed Mind,1.0,2659.24
5279,35615,15272,717.0,2022-06-22 10:29:04.585723,Changed Mind,4.0,723.52
5280,35636,1416,964.0,2023-01-16 11:07:40.144830,Defective,1.0,122.8
5283,35644,8817,273.0,2023-09-02 01:43:21.299410,Defective,1.0,150.98
5295,35719,6664,437.0,2023-11-13 11:59:10.322120,Did not match description,1.0,24.98
5296,35719,6664,740.0,2023-11-19 11:59:10.322120,Defective,1.0,185.27
5297,35719,6664,765.0,2023-11-08 11:59:10.322120,Did not match description,1.0,1658.1
5298,35723,9351,253.0,2023-08-20 23:02:17.581982,Defective,3.0,837.93
5299,35723,9351,224.0,2023-08-08 23:02:17.581982,Defective,1.0,286.19
5300,35723,9351,132.0,2023-08-09 23:02:17.581982,Did not match description,1.0,1653.66
5309,35835,11736,375.0,2023-08-16 13:16:35.836024,Defective,1.0,197.27
5310,35835,11736,983.0,2023-08-16 13:16:35.836024,Defective,3.0,7312.92
5311,35837,10492,78.0,2023-07-23 04:24:45.503935,Wrong Item,1.0,251.68
5312,35837,10492,310.0,2023-07-14 04:24:45.503935,Wrong Item,3.0,632.64
5313,35837,10492,682.0,2023-07-24 04:24:45.503935,Changed Mind,1.0,1296.55
5314,35837,10492,124.0,2023-07-10 04:24:45.503935,Wrong Item,2.0,867.07
5315,35837,10492,613.0,2023-07-17 04:24:45.503935,Defective,1.0,357.95
5322,35895,16960,380.0,2023-07-31 02:10:54.747489,Changed Mind,1.0,120.14
5323,35895,16960,382.0,2023-07-13 02:10:54.747489,Changed Mind,1.0,312.74
5324,35895,16960,320.0,2023-08-06 02:10:54.747489,Wrong Item,1.0,1366.24
5325,35895,16960,352.0,2023-07-11 02:10:54.747489,Wrong Item,1.0,728.03
5328,35921,15255,762.0,2024-01-09 22:48:29.423915,Changed Mind,1.0,118.21
5329,35948,10202,608.0,2023-09-15 11:09:46.438265,Defective,1.0,283.36
5330,35948,10202,54.0,2023-09-20 11:09:46.438265,Wrong Item,1.0,750.48
5331,35957,1776,151.0,2023-05-05 15:01:42.529349,Changed Mind,1.0,185.26
5336,35997,6927,576.0,2022-12-16 07:07:18.448321,Did not match description,1.0,37.26
5348,36087,2550,229.0,2022-01-09 12:44:03.728812,Wrong Item,3.0,2068.69
5349,36087,2550,685.0,2022-01-11 12:44:03.728812,Changed Mind,1.0,171.99
5350,36087,2550,370.0,2021-12-30 12:44:03.728812,Changed Mind,1.0,142.18
5358,36142,18597,953.0,2023-04-26 18:01:21.320916,Did not match description,1.0,150.17
5366,36174,17334,812.0,2023-12-09 18:01:14.635151,Defective,3.0,3025.14
5367,36174,17334,127.0,2023-12-28 18:01:14.635151,Changed Mind,1.0,212.56
5368,36174,17334,768.0,2023-12-21 18:01:14.635151,Defective,1.0,131.79
5371,36207,16332,480.0,2023-04-23 23:10:33.096452,Defective,3.0,440.88
5372,36207,16332,870.0,2023-04-17 23:10:33.096452,Wrong Item,1.0,165.74
5373,36207,16332,795.0,2023-04-12 23:10:33.096452,Did not match description,1.0,350.56
5374,36207,16332,630.0,2023-04-05 23:10:33.096452,Defective,1.0,615.07
5375,36210,7456,594.0,2022-01-13 02:26:45.900211,Did not match description,1.0,399.73
5376,36210,7456,987.0,2022-01-28 02:26:45.900211,Changed Mind,1.0,93.18
5384,36232,5951,92.0,2022-08-09 21:21:51.970578,Changed Mind,4.0,1303.4
5385,36234,2996,810.0,2023-02-09 12:59:21.256683,Changed Mind,1.0,108.56
5387,36272,4665,945.0,2021-11-28 15:12:10.299682,Defective,1.0,134.23
5388,36272,4665,233.0,2021-11-24 15:12:10.299682,Did not match description,2.0,145.08
5406,36380,18810,349.0,2024-01-21 01:21:21.060811,Wrong Item,1.0,20.27
5407,36384,5785,906.0,2023-05-14 03:40:36.122656,Changed Mind,1.0,221.38
5410,36398,4284,505.0,2023-11-18 11:36:24.519979,Wrong Item,1.0,141.58
5411,36398,4284,927.0,2023-11-12 11:36:24.519979,Changed Mind,1.0,558.38
5412,36398,4284,461.0,2023-11-27 11:36:24.519979,Changed Mind,2.0,516.36
5413,36398,4284,240.0,2023-11-24 11:36:24.519979,Did not match description,1.0,597.47
5414,36398,4284,536.0,2023-11-10 11:36:24.519979,Defective,1.0,551.62
5418,36417,4091,181.0,2023-07-12 16:58:22.072735,Changed Mind,1.0,287.82
5419,36417,4091,620.0,2023-07-19 16:58:22.072735,Changed Mind,3.0,3993.81
5420,36417,4091,408.0,2023-08-02 16:58:22.072735,Changed Mind,1.0,125.75
5422,36478,7104,798.0,2021-09-29 11:33:45.623911,Did not match description,1.0,122.51
5423,36478,7104,776.0,2021-09-21 11:33:45.623911,Did not match description,1.0,1450.33
5424,36478,7104,712.0,2021-09-20 11:33:45.623911,Wrong Item,1.0,313.97
5425,36478,7104,52.0,2021-09-19 11:33:45.623911,Wrong Item,1.0,177.16
5428,36506,2591,74.0,2023-10-14 23:28:15.553979,Changed Mind,3.0,208.44
5430,36526,18064,478.0,2022-04-14 22:05:20.185587,Did not match description,1.0,190.9
5431,36532,4060,937.0,2022-07-04 12:24:50.297280,Did not match description,1.0,1276.07
5432,36532,4060,590.0,2022-07-26 12:24:50.297280,Did not match description,1.0,208.0
5433,36532,4060,271.0,2022-07-28 12:24:50.297280,Did not match description,4.0,7344.16
5434,36532,4060,397.0,2022-07-28 12:24:50.297280,Defective,1.0,169.08
5435,36536,16605,370.0,2023-10-16 17:31:05.367090,Defective,1.0,142.18
5439,36553,7327,502.0,2023-06-12 22:16:52.212890,Defective,3.0,1800.84
5440,36553,7327,521.0,2023-06-11 22:16:52.212890,Changed Mind,2.0,138.46
5441,36553,7327,918.0,2023-06-27 22:16:52.212890,Wrong Item,1.0,85.13
5442,36559,19759,121.0,2023-05-06 11:52:48.336795,Defective,1.0,783.22
5447,36616,2272,843.0,2023-11-22 16:35:55.802297,Did not match description,2.0,1089.38
5448,36616,2272,494.0,2023-11-10 16:35:55.802297,Wrong Item,1.0,142.11
5449,36616,2272,977.0,2023-11-26 16:35:55.802297,Did not match description,1.0,1243.41
5450,36617,19128,988.0,2021-12-09 11:56:39.781670,Did not match description,1.0,159.3
5455,36627,17630,638.0,2023-05-16 20:54:23.741033,Did not match description,1.0,39.72
5461,36679,4205,23.0,2023-05-05 05:48:40.938705,Defective,2.0,227.44
5462,36679,4205,729.0,2023-05-29 05:48:40.938705,Changed Mind,1.0,224.18
5463,36682,14685,117.0,2023-04-15 16:33:00.338203,Defective,1.0,111.1
5464,36682,14685,929.0,2023-04-11 16:33:00.338203,Defective,1.0,78.09
5465,36702,19922,799.0,2022-08-24 04:00:44.259497,Changed Mind,1.0,147.38
5466,36717,3976,751.0,2023-12-31 11:20:20.747436,Did not match description,1.0,227.76
5467,36717,3976,36.0,2023-12-07 11:20:20.747436,Defective,4.0,1231.52
5471,36743,6626,483.0,2023-05-13 21:26:51.388089,Did not match description,1.0,156.88
5472,36743,6626,925.0,2023-05-05 21:26:51.388089,Defective,1.0,639.68
5473,36743,6626,547.0,2023-05-28 21:26:51.388089,Wrong Item,1.0,308.26
5476,36749,6073,166.0,2023-07-07 16:59:08.165570,Changed Mind,1.0,113.0
5477,36749,6073,495.0,2023-06-10 16:59:08.165570,Defective,2.0,51.08
5478,36749,6073,610.0,2023-06-25 16:59:08.165570,Wrong Item,1.0,604.11
5479,36754,7753,713.0,2023-12-08 15:29:57.195619,Defective,1.0,147.28
5480,36754,7753,160.0,2023-12-07 15:29:57.195619,Did not match description,1.0,2459.81
5491,36819,11753,755.0,2023-12-12 04:40:48.383205,Wrong Item,1.0,170.39
5492,36822,15778,957.0,2023-01-07 02:00:36.918036,Did not match description,1.0,96.23
5502,36916,699,117.0,2023-12-25 15:28:56.998476,Did not match description,1.0,111.1
5503,36916,699,433.0,2024-01-04 15:28:56.998476,Defective,2.0,559.72
5504,36919,2549,755.0,2021-09-21 03:43:30.923708,Did not match description,1.0,153.35
5506,36929,12616,229.0,2023-12-22 20:58:05.120126,Defective,2.0,1532.36
5507,36929,12616,384.0,2024-01-08 20:58:05.120126,Changed Mind,2.0,284.9
5508,36929,12616,304.0,2024-01-13 20:58:05.120126,Defective,1.0,175.86
5509,36929,12616,197.0,2024-01-04 20:58:05.120126,Changed Mind,1.0,381.48
5510,36931,4745,391.0,2022-11-14 02:38:45.862760,Wrong Item,1.0,307.36
5511,36931,4745,701.0,2022-10-21 02:38:45.862760,Defective,1.0,128.31
5512,36935,3362,433.0,2022-08-13 06:22:26.083878,Wrong Item,5.0,1189.4
5517,36946,509,305.0,2023-09-17 01:06:53.188191,Did not match description,1.0,400.95
5532,37068,1370,425.0,2023-11-13 12:19:12.864686,Changed Mind,1.0,450.17
5533,37068,1370,329.0,2023-12-04 12:19:12.864686,Wrong Item,5.0,324.9
5534,37128,13891,671.0,2023-03-27 00:09:51.443150,Did not match description,1.0,183.25
5535,37134,5915,929.0,2024-01-06 07:27:22.941096,Wrong Item,3.0,234.27
5536,37134,5915,567.0,2024-01-03 07:27:22.941096,Defective,1.0,133.79
5537,37134,5915,865.0,2024-01-27 07:27:22.941096,Changed Mind,3.0,4931.55
5538,37134,5915,78.0,2024-01-04 07:27:22.941096,Wrong Item,1.0,279.64
5540,37158,18501,361.0,2023-07-07 22:12:08.824867,Defective,2.0,155.38
5541,37158,18501,937.0,2023-07-14 22:12:08.824867,Did not match description,2.0,2552.14
5542,37161,3464,890.0,2023-09-12 10:05:56.372107,Wrong Item,1.0,599.21
5543,37161,3464,23.0,2023-09-14 10:05:56.372107,Wrong Item,2.0,227.44
5544,37163,11653,45.0,2023-06-08 09:26:03.523001,Changed Mind,1.0,157.52
5547,37199,2123,924.0,2022-11-19 11:10:22.023138,Did not match description,1.0,298.61
5548,37199,2123,408.0,2022-11-23 11:10:22.023138,Changed Mind,1.0,118.35
5549,37212,2253,340.0,2022-02-27 22:30:27.900196,Did not match description,3.0,721.62
5550,37216,14517,103.0,2023-09-12 23:03:45.253728,Defective,1.0,282.73
5553,37228,12858,351.0,2023-12-20 22:21:26.925582,Did not match description,1.0,289.41
5554,37228,12858,717.0,2023-12-15 22:21:26.925582,Defective,1.0,180.88
5555,37228,12858,895.0,2023-11-25 22:21:26.925582,Wrong Item,1.0,443.64
5558,37287,258,676.0,2023-07-26 09:46:07.165027,Wrong Item,1.0,412.65
5568,37397,100,644.0,2023-05-25 06:48:11.985569,Wrong Item,1.0,2168.99
5569,37397,100,284.0,2023-05-13 06:48:11.985569,Did not match description,1.0,227.54
5570,37397,100,633.0,2023-05-30 06:48:11.985569,Wrong Item,1.0,232.44
5576,37402,3759,317.0,2022-03-14 03:59:23.404869,Did not match description,1.0,1529.4
5577,37402,3759,322.0,2022-04-07 03:59:23.404869,Defective,2.0,493.73
5582,37446,16645,408.0,2023-12-26 00:57:01.736373,Defective,1.0,147.94
5591,37541,1503,273.0,2022-12-18 12:50:59.883582,Changed Mind,2.0,301.96
5592,37541,1503,209.0,2023-01-02 12:50:59.883582,Changed Mind,4.0,6406.6
5599,37596,4949,18.0,2023-07-17 17:45:59.206161,Defective,1.0,28.07
5600,37596,4949,293.0,2023-07-02 17:45:59.206161,Changed Mind,1.0,1192.91
5603,37615,13994,387.0,2023-08-29 09:26:51.164188,Wrong Item,1.0,766.23
5604,37615,13994,349.0,2023-09-15 09:26:51.164188,Wrong Item,1.0,20.27
5605,37615,13994,300.0,2023-09-10 09:26:51.164188,Defective,1.0,757.93
5607,37625,18697,800.0,2023-10-04 15:39:48.375688,Wrong Item,4.0,751.84
5608,37625,18697,81.0,2023-09-13 15:39:48.375688,Wrong Item,4.0,1534.64
5614,37659,15454,143.0,2022-12-20 10:20:06.293316,Changed Mind,1.0,563.74
5615,37659,15454,480.0,2023-01-04 10:20:06.293316,Wrong Item,1.0,183.7
5616,37659,15454,644.0,2022-12-13 10:20:06.293316,Defective,1.0,2168.99
5617,37659,15454,699.0,2022-12-18 10:20:06.293316,Wrong Item,2.0,1560.5
5620,37696,19726,676.0,2022-03-27 18:02:20.482712,Changed Mind,1.0,330.12
5621,37708,6172,894.0,2023-06-29 20:16:24.939151,Wrong Item,1.0,221.67
5624,37726,17355,196.0,2021-08-14 14:24:41.646293,Changed Mind,1.0,161.66
5625,37726,17355,476.0,2021-08-16 14:24:41.646293,Did not match description,1.0,204.31
5626,37732,5734,129.0,2023-06-23 22:15:34.331030,Did not match description,1.0,263.95
5627,37732,5734,993.0,2023-06-27 22:15:34.331030,Did not match description,3.0,3108.48
5628,37732,5734,166.0,2023-06-10 22:15:34.331030,Wrong Item,1.0,113.0
5636,37774,15128,568.0,2023-09-10 01:24:14.232392,Defective,1.0,190.43
5641,37808,1826,74.0,2023-08-01 09:29:16.894155,Changed Mind,1.0,69.48
5645,37828,17466,118.0,2023-02-23 06:27:44.476842,Wrong Item,1.0,879.18
5646,37828,17466,687.0,2023-02-22 06:27:44.476842,Defective,1.0,33.73
5650,37843,3634,630.0,2023-03-26 20:22:21.763439,Did not match description,1.0,615.07
5663,37908,14051,762.0,2022-09-04 07:13:11.782987,Defective,1.0,131.34
5664,37908,14051,279.0,2022-09-19 07:13:11.782987,Did not match description,4.0,4787.32
5665,37921,17061,357.0,2023-08-04 00:41:05.389172,Defective,1.0,64.37
5666,37921,17061,966.0,2023-08-31 00:41:05.389172,Did not match description,5.0,976.0
5667,37936,5859,700.0,2023-08-26 07:06:04.481517,Changed Mind,1.0,314.95
5677,38001,14898,892.0,2023-12-24 17:56:01.906297,Wrong Item,1.0,178.53
5680,38017,17877,568.0,2023-12-05 04:46:06.355527,Did not match description,2.0,380.87
5681,38017,17877,874.0,2023-11-27 04:46:06.355527,Did not match description,1.0,1111.32
5682,38017,17877,39.0,2023-12-07 04:46:06.355527,Did not match description,1.0,558.65
5683,38017,17877,996.0,2023-11-25 04:46:06.355527,Did not match description,1.0,377.2
5685,38044,12027,166.0,2023-03-27 14:05:52.674142,Defective,1.0,101.7
5686,38060,7017,295.0,2022-02-04 04:12:42.828520,Changed Mind,1.0,1493.44
5687,38060,7017,825.0,2022-01-13 04:12:42.828520,Did not match description,2.0,186.03
5693,38101,9296,313.0,2022-06-14 21:54:43.720465,Wrong Item,3.0,503.73
5694,38115,8799,295.0,2023-07-10 07:48:35.388319,Defective,1.0,1493.44
5697,38121,8427,158.0,2023-12-29 22:02:59.956678,Changed Mind,1.0,35.83
5698,38121,8427,347.0,2023-12-03 22:02:59.956678,Did not match description,1.0,201.83
5699,38121,8427,192.0,2023-12-18 22:02:59.956678,Defective,1.0,245.32
5702,38132,19814,451.0,2022-12-31 10:57:40.859339,Wrong Item,1.0,251.21
5704,38204,2869,842.0,2022-08-20 22:00:18.665999,Defective,1.0,283.88
5705,38204,2869,324.0,2022-08-19 22:00:18.665999,Wrong Item,1.0,225.61
5706,38210,11319,788.0,2022-09-11 01:57:54.078374,Did not match description,1.0,242.84
5711,38294,18451,181.0,2022-09-16 01:27:11.704359,Wrong Item,1.0,287.82
5712,38294,18451,619.0,2022-09-26 01:27:11.704359,Wrong Item,1.0,63.43
5713,38294,18451,388.0,2022-09-18 01:27:11.704359,Changed Mind,1.0,1254.84
5714,38294,18451,994.0,2022-09-09 01:27:11.704359,Wrong Item,1.0,92.0
5715,38294,18451,816.0,2022-08-30 01:27:11.704359,Wrong Item,1.0,292.12
5727,38388,14208,587.0,2023-02-18 06:45:54.405096,Defective,2.0,269.04
5728,38388,14208,762.0,2023-02-26 06:45:54.405096,Defective,1.0,131.34
5729,38388,14208,957.0,2023-02-14 06:45:54.405096,Changed Mind,1.0,96.23
5730,38388,14208,651.0,2023-02-08 06:45:54.405096,Did not match description,1.0,1073.88
5741,38463,18153,312.0,2023-11-02 18:49:27.900190,Did not match description,2.0,2765.94
5744,38488,18826,362.0,2021-04-05 07:49:40.571697,Did not match description,2.0,577.46
5745,38488,18826,158.0,2021-03-14 07:49:40.571697,Changed Mind,1.0,35.83
5746,38488,18826,861.0,2021-03-23 07:49:40.571697,Changed Mind,1.0,252.25
5747,38489,1439,727.0,2022-03-11 19:14:50.905548,Wrong Item,2.0,476.56
5748,38489,1439,324.0,2022-02-24 19:14:50.905548,Defective,4.0,902.44
5749,38497,1438,495.0,2023-11-11 17:30:34.575366,Defective,1.0,28.38
5750,38499,14223,175.0,2023-01-28 06:37:11.207635,Defective,1.0,148.2
5751,38499,14223,240.0,2023-02-05 06:37:11.207635,Wrong Item,1.0,537.72
5754,38513,14042,215.0,2023-07-31 09:20:25.017688,Did not match description,2.0,460.26
5759,38526,18903,734.0,2023-04-13 20:09:08.988677,Did not match description,1.0,144.91
5760,38526,18903,1000.0,2023-04-07 20:09:08.988677,Did not match description,1.0,152.3
5761,38526,18903,380.0,2023-04-17 20:09:08.988677,Wrong Item,1.0,120.14
5762,38532,5729,867.0,2022-10-02 23:25:44.368165,Changed Mind,1.0,113.48
5763,38564,14434,506.0,2023-05-11 16:06:31.572434,Changed Mind,1.0,1246.31
5770,38652,15168,322.0,2023-10-18 01:36:59.917162,Changed Mind,1.0,262.29
5772,38668,3373,892.0,2022-12-19 20:45:30.442544,Wrong Item,1.0,189.03
5779,38734,3965,668.0,2023-02-01 01:09:35.223676,Wrong Item,1.0,108.08
5785,38796,3140,371.0,2024-01-22 12:40:42.967143,Wrong Item,2.0,270.94
5786,38796,3140,170.0,2024-01-13 12:40:42.967143,Did not match description,1.0,344.21
5787,38796,3140,846.0,2024-01-24 12:40:42.967143,Changed Mind,2.0,297.72
5799,38939,610,838.0,2023-09-10 05:42:44.240485,Defective,1.0,50.64
5800,38939,610,72.0,2023-09-12 05:42:44.240485,Wrong Item,1.0,2071.99
5801,38939,610,854.0,2023-09-10 05:42:44.240485,Did not match description,2.0,949.42
5804,38974,19593,498.0,2024-01-02 21:50:24.310193,Defective,1.0,418.13
5805,38986,14959,747.0,2022-10-10 05:24:05.401784,Did not match description,3.0,1004.37
5806,38986,14959,268.0,2022-10-08 05:24:05.401784,Changed Mind,2.0,355.9
5809,39101,599,780.0,2023-01-27 21:33:03.307251,Wrong Item,2.0,769.88
5810,39101,599,802.0,2023-01-01 21:33:03.307251,Defective,1.0,51.03
5814,39150,4213,252.0,2024-01-02 18:57:06.776025,Defective,1.0,213.91
5815,39150,4213,169.0,2023-12-29 18:57:06.776025,Did not match description,1.0,632.23
5816,39150,4213,569.0,2024-01-08 18:57:06.776025,Did not match description,1.0,2254.34
5817,39154,15823,556.0,2023-05-27 21:35:45.441091,Changed Mind,1.0,130.04
5818,39154,15823,165.0,2023-05-28 21:35:45.441091,Did not match description,1.0,282.92
5819,39159,3368,963.0,2023-10-25 17:38:04.048537,Changed Mind,1.0,290.28
5827,39222,9545,234.0,2023-10-16 17:19:03.520987,Defective,1.0,118.11
5828,39222,9545,74.0,2023-10-31 17:19:03.520987,Did not match description,1.0,55.58
5832,39245,5178,894.0,2023-06-24 14:49:25.146526,Wrong Item,1.0,221.67
5833,39257,17180,616.0,2023-02-24 09:34:38.478621,Wrong Item,1.0,281.23
5834,39257,17180,128.0,2023-02-17 09:34:38.478621,Wrong Item,1.0,1462.17
5835,39257,17180,642.0,2023-03-03 09:34:38.478621,Did not match description,1.0,170.0
5836,39257,17180,303.0,2023-02-16 09:34:38.478621,Changed Mind,4.0,904.56
5842,39264,7968,941.0,2023-04-10 17:28:26.906864,Wrong Item,1.0,238.84
5847,39293,11750,624.0,2023-11-14 07:44:18.010194,Wrong Item,1.0,274.97
5862,39356,4368,430.0,2023-03-26 08:09:49.549473,Wrong Item,1.0,331.85
5863,39356,4368,867.0,2023-04-02 08:09:49.549473,Defective,4.0,385.83
5866,39378,8903,893.0,2023-07-14 07:34:14.754486,Changed Mind,1.0,129.22
5867,39378,8903,64.0,2023-08-10 07:34:14.754486,Defective,1.0,1209.38
5868,39378,8903,578.0,2023-08-11 07:34:14.754486,Did not match description,4.0,1611.56
5869,39381,271,393.0,2023-12-23 10:04:04.174349,Changed Mind,1.0,32.38
5870,39384,13168,324.0,2023-07-09 11:07:07.633416,Did not match description,1.0,225.61
5873,39431,9713,953.0,2022-10-31 01:47:10.872655,Changed Mind,1.0,150.17
5874,39449,4761,476.0,2023-05-12 02:53:21.228913,Defective,1.0,204.31
5879,39467,261,458.0,2023-12-31 11:55:54.770760,Defective,1.0,114.45
5880,39467,261,472.0,2023-12-30 11:55:54.770760,Did not match description,1.0,530.84
5884,39568,12464,513.0,2023-03-05 05:26:09.801825,Did not match description,1.0,161.53
5891,39674,6180,994.0,2023-06-17 01:22:24.908112,Did not match description,4.0,368.0
5892,39674,6180,577.0,2023-06-14 01:22:24.908112,Changed Mind,1.0,381.68
5893,39674,6180,735.0,2023-06-21 01:22:24.908112,Changed Mind,1.0,1005.94
5894,39674,6180,574.0,2023-07-04 01:22:24.908112,Wrong Item,1.0,200.04
5900,39766,15219,18.0,2023-06-02 00:27:49.821515,Wrong Item,1.0,28.07
5901,39787,3783,972.0,2023-06-26 07:54:50.035785,Defective,2.0,142.04
5902,39787,3783,29.0,2023-07-23 07:54:50.035785,Wrong Item,1.0,305.85
5903,39788,13940,505.0,2022-03-24 11:52:51.592616,Changed Mind,1.0,127.42
5904,39795,250,554.0,2023-01-24 20:15:36.232035,Defective,1.0,68.65
5907,39845,9087,983.0,2022-09-25 19:28:15.067006,Did not match description,2.0,4143.99
5908,39845,9087,737.0,2022-09-24 19:28:15.067006,Changed Mind,1.0,349.37
5909,39855,3985,139.0,2023-09-27 17:31:48.547521,Defective,1.0,1111.5
5910,39855,3985,875.0,2023-09-19 17:31:48.547521,Defective,1.0,529.64
5911,39855,3985,164.0,2023-10-01 17:31:48.547521,Did not match description,2.0,399.62
5913,39867,5703,484.0,2023-11-30 04:55:50.161311,Defective,1.0,273.26
5914,39870,15572,966.0,2023-07-09 16:56:00.406725,Wrong Item,1.0,195.2
5915,39870,15572,453.0,2023-07-30 16:56:00.406725,Did not match description,2.0,310.92
5916,39870,15572,237.0,2023-07-23 16:56:00.406725,Wrong Item,1.0,304.01
5917,39876,6990,392.0,2023-06-13 07:54:35.669794,Wrong Item,1.0,160.8
5918,39876,6990,247.0,2023-05-25 07:54:35.669794,Changed Mind,1.0,1076.51
5919,39876,6990,544.0,2023-06-06 07:54:35.669794,Wrong Item,1.0,1502.82
5926,39926,7169,634.0,2023-07-24 11:13:27.257284,Changed Mind,1.0,244.3
5927,39926,7169,848.0,2023-07-06 11:13:27.257284,Wrong Item,1.0,79.14
5928,39949,4453,861.0,2023-11-12 05:31:59.857225,Changed Mind,3.0,756.75
5932,39957,14369,160.0,2023-07-23 14:59:41.582094,Did not match description,1.0,2459.81
5933,39957,14369,476.0,2023-07-25 14:59:41.582094,Changed Mind,2.0,408.62
5934,39957,14369,635.0,2023-08-07 14:59:41.582094,Wrong Item,1.0,757.47
5938,39959,5156,754.0,2023-11-07 12:12:22.349462,Wrong Item,3.0,2078.52
5939,39959,5156,894.0,2023-10-16 12:12:22.349462,Did not match description,1.0,177.34
5940,39964,17378,437.0,2023-01-20 22:28:07.095635,Wrong Item,4.0,94.38
5941,39964,17378,685.0,2023-02-05 22:28:07.095635,Changed Mind,2.0,343.98
5942,39964,17378,815.0,2023-01-26 22:28:07.095635,Wrong Item,2.0,393.16
5943,39964,17378,483.0,2023-01-23 22:28:07.095635,Did not match description,2.0,313.76
5947,40018,9136,10.0,2024-01-04 10:28:54.614560,Defective,1.0,183.89
5948,40018,9136,294.0,2024-01-06 10:28:54.614560,Changed Mind,2.0,831.38
5956,40082,8415,744.0,2023-12-05 05:07:29.725466,Did not match description,3.0,745.96
5957,40082,8415,529.0,2023-12-20 05:07:29.725466,Wrong Item,4.0,280.12
5958,40082,8415,880.0,2023-12-11 05:07:29.725466,Wrong Item,1.0,223.49
5962,40111,8675,412.0,2024-01-07 14:16:11.894608,Did not match description,3.0,450.97
5963,40111,8675,777.0,2024-01-19 14:16:11.894608,Changed Mind,1.0,236.87
5964,40116,18248,230.0,2023-12-18 06:22:20.943751,Changed Mind,1.0,207.67
5965,40116,18248,59.0,2023-12-29 06:22:20.943751,Did not match description,1.0,36.63
5971,40136,16684,441.0,2021-08-28 13:10:00.402141,Wrong Item,1.0,229.2
5972,40136,16684,51.0,2021-08-29 13:10:00.402141,Did not match description,2.0,1366.4
5975,40164,311,459.0,2023-11-30 15:38:06.188288,Defective,1.0,233.16
5976,40164,311,868.0,2023-12-05 15:38:06.188288,Changed Mind,1.0,1328.7
5977,40164,311,835.0,2023-11-28 15:38:06.188288,Changed Mind,1.0,1381.99
5980,40179,4214,272.0,2022-06-01 10:12:59.797775,Defective,2.0,88.16
5981,40179,4214,537.0,2022-05-13 10:12:59.797775,Changed Mind,2.0,3861.06
5985,40209,6591,213.0,2023-02-05 09:13:14.150641,Defective,1.0,298.51
5986,40224,12970,92.0,2023-12-05 14:40:54.708671,Changed Mind,1.0,325.85
5987,40224,12970,211.0,2023-12-02 14:40:54.708671,Changed Mind,1.0,225.61
5988,40228,8243,381.0,2023-09-30 11:32:03.841138,Defective,2.0,356.76
5989,40228,8243,322.0,2023-10-07 11:32:03.841138,Changed Mind,1.0,308.58
5990,40229,12204,14.0,2023-12-07 16:44:33.443654,Wrong Item,1.0,341.77
5991,40229,12204,766.0,2023-11-30 16:44:33.443654,Did not match description,1.0,325.5
5998,40284,12966,963.0,2023-08-30 18:13:30.689936,Wrong Item,1.0,261.25
5999,40284,12966,139.0,2023-08-02 18:13:30.689936,Changed Mind,1.0,1111.5
6000,40284,12966,625.0,2023-08-27 18:13:30.689936,Changed Mind,3.0,506.7
6005,40323,11393,183.0,2022-01-17 16:21:25.227827,Changed Mind,3.0,528.84
6010,40360,12665,103.0,2023-06-03 13:18:38.050480,Defective,1.0,282.73
6011,40360,12665,288.0,2023-06-04 13:18:38.050480,Wrong Item,1.0,1148.44
6012,40360,12665,23.0,2023-05-29 13:18:38.050480,Changed Mind,2.0,227.44
6013,40360,12665,531.0,2023-06-11 13:18:38.050480,Changed Mind,1.0,2331.94
6014,40360,12665,909.0,2023-06-11 13:18:38.050480,Changed Mind,1.0,133.13
6015,40372,14397,713.0,2023-01-03 11:47:56.960169,Did not match description,4.0,589.12
6016,40372,14397,247.0,2023-01-13 11:47:56.960169,Did not match description,2.0,2153.02
6018,40397,9427,627.0,2023-02-17 16:29:31.890709,Changed Mind,4.0,194.76
6021,40402,10691,627.0,2023-08-14 19:47:45.069776,Defective,1.0,48.69
6022,40402,10691,720.0,2023-07-30 19:47:45.069776,Did not match description,1.0,1266.55
6023,40402,10691,572.0,2023-08-03 19:47:45.069776,Did not match description,1.0,1427.21
6024,40402,10691,701.0,2023-08-12 19:47:45.069776,Defective,1.0,128.31
6026,40424,18410,275.0,2023-10-09 19:32:20.776075,Wrong Item,1.0,133.64
6036,40463,11550,151.0,2023-12-16 14:06:21.103701,Wrong Item,1.0,148.21
6037,40463,11550,713.0,2023-12-29 14:06:21.103701,Changed Mind,1.0,147.28
6038,40463,11550,6.0,2023-12-11 14:06:21.103701,Changed Mind,1.0,932.45
6050,40547,12389,392.0,2023-06-23 09:24:41.536704,Changed Mind,1.0,160.8
6067,40736,17690,252.0,2023-12-28 23:07:51.886187,Defective,1.0,181.82
6070,40752,9283,645.0,2022-12-23 01:09:04.466375,Defective,2.0,562.52
6071,40752,9283,111.0,2022-12-23 01:09:04.466375,Did not match description,2.0,549.3
6074,40795,9480,372.0,2023-05-06 07:30:10.867160,Did not match description,3.0,1068.05
6078,40856,3366,336.0,2023-10-02 08:27:41.208729,Did not match description,2.0,356.51
6079,40856,3366,213.0,2023-10-23 08:27:41.208729,Changed Mind,3.0,895.53
6080,40856,3366,589.0,2023-10-04 08:27:41.208729,Did not match description,1.0,141.29
6081,40857,3881,944.0,2023-02-22 14:51:31.895465,Did not match description,1.0,1248.68
6082,40857,3881,272.0,2023-02-17 14:51:31.895465,Changed Mind,1.0,44.08
6083,40882,13713,470.0,2023-08-20 12:45:07.626772,Wrong Item,1.0,95.76
6084,40882,13713,135.0,2023-08-09 12:45:07.626772,Defective,1.0,1266.46
6085,40882,13713,676.0,2023-08-21 12:45:07.626772,Wrong Item,2.0,825.3
6088,40902,6394,552.0,2022-06-05 03:19:53.514327,Defective,1.0,1742.4
6089,40902,6394,676.0,2022-06-03 03:19:53.514327,Defective,2.0,825.3
6091,40937,16316,800.0,2023-12-15 20:57:18.217942,Did not match description,3.0,563.88
6092,40937,16316,294.0,2023-12-03 20:57:18.217942,Changed Mind,3.0,1060.01
6093,40940,11863,954.0,2022-11-01 14:46:03.799913,Wrong Item,1.0,25.79
6094,40940,11863,64.0,2022-10-14 14:46:03.799913,Defective,2.0,2418.76
6095,40976,19226,480.0,2023-11-25 01:43:15.582394,Changed Mind,1.0,183.7
6098,41010,6969,416.0,2023-11-24 14:15:52.199863,Changed Mind,1.0,427.17
6099,41010,6969,693.0,2023-11-18 14:15:52.199863,Changed Mind,1.0,48.57
6100,41011,6003,259.0,2023-12-16 13:28:05.055366,Defective,1.0,197.97
6101,41011,6003,412.0,2024-01-05 13:28:05.055366,Wrong Item,1.0,141.48
6102,41011,6003,913.0,2024-01-04 13:28:05.055366,Did not match description,2.0,932.54
6103,41031,19082,866.0,2021-11-24 17:54:32.058925,Defective,1.0,301.62
6104,41031,19082,397.0,2021-11-30 17:54:32.058925,Wrong Item,1.0,169.08
6109,41064,6725,182.0,2023-10-27 07:04:58.639661,Changed Mind,1.0,445.12
6110,41064,6725,810.0,2023-10-25 07:04:58.639661,Defective,1.0,92.28
6115,41153,1156,165.0,2023-05-26 17:24:25.577432,Did not match description,1.0,254.63
6124,41222,8514,740.0,2022-09-07 20:47:11.584115,Changed Mind,1.0,185.27
6125,41222,8514,604.0,2022-08-19 20:47:11.584115,Did not match description,2.0,3297.7
6128,41236,5064,779.0,2023-06-08 09:17:37.884578,Defective,3.0,428.94
6129,41239,14958,954.0,2023-02-20 20:56:50.151795,Defective,1.0,25.79
6130,41239,14958,351.0,2023-02-17 20:56:50.151795,Wrong Item,2.0,680.96
6131,41249,17624,369.0,2023-10-12 04:37:36.833409,Defective,1.0,321.62
6132,41249,17624,925.0,2023-10-13 04:37:36.833409,Did not match description,1.0,639.68
6136,41306,7600,556.0,2023-09-13 23:03:09.314336,Defective,2.0,288.98
6144,41339,14181,390.0,2022-12-11 04:16:25.678118,Did not match description,1.0,132.77
6148,41353,7341,433.0,2023-11-17 00:54:22.013622,Changed Mind,1.0,279.86
6149,41353,7341,202.0,2023-12-03 00:54:22.013622,Changed Mind,2.0,1039.46
6153,41363,2928,889.0,2023-12-21 14:26:45.049786,Wrong Item,1.0,25.62
6154,41378,7156,664.0,2023-11-29 01:15:48.750563,Did not match description,1.0,597.81
6155,41378,7156,393.0,2023-11-19 01:15:48.750563,Did not match description,1.0,32.38
6156,41378,7156,890.0,2023-11-27 01:15:48.750563,Did not match description,1.0,704.95
6159,41399,14496,643.0,2022-10-21 20:15:47.079750,Did not match description,1.0,286.63
6160,41399,14496,915.0,2022-09-24 20:15:47.079750,Wrong Item,2.0,4566.28
6161,41399,14496,112.0,2022-09-28 20:15:47.079750,Defective,1.0,1895.11
6162,41399,14496,881.0,2022-10-13 20:15:47.079750,Did not match description,1.0,398.85
6167,41417,4668,218.0,2022-04-20 05:31:44.724581,Wrong Item,2.0,376.68
6168,41422,13164,691.0,2022-09-15 16:24:24.440446,Wrong Item,3.0,1656.27
6169,41422,13164,812.0,2022-08-19 16:24:24.440446,Wrong Item,1.0,907.54
6170,41422,13164,510.0,2022-09-03 16:24:24.440446,Did not match description,2.0,289.88
6171,41424,6292,799.0,2023-10-25 06:44:04.686568,Did not match description,1.0,147.38
6172,41424,6292,638.0,2023-10-12 06:44:04.686568,Changed Mind,1.0,39.72
6176,41449,6808,604.0,2023-12-05 08:02:34.789156,Wrong Item,1.0,1648.85
6177,41449,6808,146.0,2023-11-15 08:02:34.789156,Changed Mind,2.0,208.0
6178,41449,6808,826.0,2023-12-02 08:02:34.789156,Changed Mind,3.0,1993.05
6179,41449,6808,763.0,2023-12-05 08:02:34.789156,Defective,2.0,467.62
6188,41503,17944,86.0,2023-10-16 15:05:36.118464,Did not match description,1.0,190.33
6190,41529,16696,909.0,2023-05-14 07:24:05.188902,Wrong Item,1.0,119.82
6191,41529,16696,375.0,2023-04-23 07:24:05.188902,Changed Mind,1.0,197.27
6192,41550,7765,987.0,2023-07-01 01:18:56.681104,Changed Mind,2.0,207.06
6193,41550,7765,347.0,2023-06-27 01:18:56.681104,Defective,1.0,201.83
6194,41595,15901,218.0,2023-09-07 04:11:52.951396,Changed Mind,1.0,150.67
6197,41599,14259,252.0,2023-06-25 20:12:58.090680,Did not match description,5.0,962.6
6201,41615,11572,386.0,2022-06-17 16:08:25.470729,Defective,1.0,76.12
6204,41643,11671,580.0,2024-01-15 15:34:02.498961,Defective,1.0,150.88
6205,41643,11671,98.0,2024-01-18 15:34:02.498961,Changed Mind,2.0,1128.14
6206,41643,11671,951.0,2024-01-21 15:34:02.498961,Did not match description,1.0,980.54
6207,41643,11671,753.0,2024-01-25 15:34:02.498961,Defective,2.0,23.47
6210,41658,5663,164.0,2023-12-11 23:41:59.187111,Wrong Item,2.0,319.7
6211,41658,5663,343.0,2023-12-18 23:41:59.187111,Wrong Item,1.0,166.29
6212,41658,5663,717.0,2023-12-12 23:41:59.187111,Defective,3.0,434.11
6218,41687,18856,606.0,2022-05-23 23:24:36.862623,Changed Mind,3.0,275.07
6219,41687,18856,585.0,2022-06-01 23:24:36.862623,Wrong Item,1.0,193.0
6220,41692,17873,796.0,2024-01-26 21:57:40.523398,Changed Mind,1.0,128.19
6222,41724,13327,65.0,2022-03-12 17:42:10.209584,Wrong Item,1.0,354.38
6223,41724,13327,435.0,2022-04-07 17:42:10.209584,Changed Mind,1.0,119.73
6225,41758,16923,643.0,2023-11-06 08:06:15.090718,Did not match description,2.0,515.93
6226,41778,10487,50.0,2023-10-06 19:26:16.240929,Wrong Item,1.0,344.33
6227,41778,10487,972.0,2023-10-09 19:26:16.240929,Defective,1.0,56.82
6228,41778,10487,393.0,2023-09-28 19:26:16.240929,Did not match description,1.0,32.38
6229,41778,10487,399.0,2023-10-06 19:26:16.240929,Did not match description,1.0,793.3
6235,41798,17587,99.0,2023-10-05 17:03:18.282145,Wrong Item,1.0,231.65
6236,41798,17587,327.0,2023-10-12 17:03:18.282145,Did not match description,1.0,450.45
6238,41827,800,678.0,2023-04-10 10:38:37.325096,Defective,1.0,417.89
6239,41827,800,46.0,2023-04-13 10:38:37.325096,Did not match description,1.0,84.82
6241,41832,7070,238.0,2023-11-24 16:35:36.766635,Did not match description,1.0,1033.06
6242,41832,7070,872.0,2023-12-10 16:35:36.766635,Did not match description,2.0,197.68
6245,41891,49,832.0,2022-06-12 16:52:12.797830,Defective,1.0,130.69
6246,41891,49,48.0,2022-05-29 16:52:12.797830,Did not match description,1.0,1307.39
6248,41896,6223,74.0,2023-09-30 15:31:39.129209,Defective,4.0,277.92
6259,41947,13865,235.0,2023-10-24 09:56:20.680830,Changed Mind,1.0,26.99
6260,41953,17513,523.0,2023-09-28 23:11:39.385427,Changed Mind,1.0,344.72
6261,41956,12285,498.0,2023-10-30 00:27:14.944245,Wrong Item,1.0,418.13
6262,41956,12285,398.0,2023-11-14 00:27:14.944245,Changed Mind,1.0,1280.68
6276,42068,6852,590.0,2023-12-03 12:53:37.866923,Wrong Item,3.0,624.0
6279,42089,862,498.0,2022-06-14 03:23:54.129859,Changed Mind,2.0,836.26
6282,42093,18354,957.0,2023-02-26 05:56:14.114140,Changed Mind,1.0,85.54
6284,42125,10499,703.0,2023-11-12 15:11:00.904638,Did not match description,1.0,286.0
6285,42125,10499,422.0,2023-11-06 15:11:00.904638,Wrong Item,3.0,7952.04
6286,42125,10499,925.0,2023-10-22 15:11:00.904638,Did not match description,1.0,575.71
6287,42125,10499,170.0,2023-11-14 15:11:00.904638,Did not match description,1.0,344.21
6288,42125,10499,445.0,2023-11-12 15:11:00.904638,Did not match description,1.0,124.24
6293,42178,5724,609.0,2023-01-20 07:46:36.631681,Wrong Item,3.0,439.05
6294,42178,5724,846.0,2023-01-20 07:46:36.631681,Defective,5.0,595.44
6295,42178,5724,592.0,2023-01-08 07:46:36.631681,Did not match description,2.0,732.94
6296,42178,5724,748.0,2022-12-27 07:46:36.631681,Changed Mind,1.0,738.49
6297,42180,11166,18.0,2023-04-08 05:04:08.820042,Wrong Item,1.0,28.07
6305,42243,6224,393.0,2023-02-25 23:43:08.597201,Changed Mind,3.0,82.57
6306,42263,1378,45.0,2023-06-02 23:01:24.978066,Wrong Item,1.0,157.52
6308,42273,5259,235.0,2022-04-02 09:22:59.278491,Defective,2.0,53.98
6309,42299,5450,248.0,2023-10-15 16:34:36.581697,Wrong Item,2.0,758.66
6310,42299,5450,724.0,2023-11-02 16:34:36.581697,Defective,1.0,1780.3
6311,42299,5450,624.0,2023-10-11 16:34:36.581697,Defective,1.0,274.97
6316,42331,280,877.0,2022-11-29 09:04:42.199863,Did not match description,1.0,177.46
6317,42331,280,989.0,2022-11-28 09:04:42.199863,Wrong Item,2.0,403.52
6320,42340,3104,70.0,2023-09-25 04:23:57.324537,Changed Mind,2.0,1533.07
6321,42340,3104,818.0,2023-09-24 04:23:57.324537,Changed Mind,3.0,491.01
6322,42340,3104,667.0,2023-10-07 04:23:57.324537,Defective,3.0,85.44
6323,42340,3104,840.0,2023-10-13 04:23:57.324537,Wrong Item,1.0,178.34
6326,42350,16905,611.0,2023-09-08 19:52:54.264465,Wrong Item,1.0,55.13
6333,42398,15797,737.0,2023-08-18 18:53:00.043396,Did not match description,1.0,349.37
6334,42399,13237,795.0,2022-06-25 20:08:41.611943,Defective,1.0,350.56
6335,42399,13237,169.0,2022-06-22 20:08:41.611943,Wrong Item,1.0,632.23
6336,42414,4597,55.0,2024-01-10 12:28:50.682078,Changed Mind,1.0,205.17
6337,42447,14026,714.0,2023-07-21 08:18:20.986694,Changed Mind,1.0,313.11
6338,42448,1615,235.0,2023-12-21 10:55:03.869028,Did not match description,1.0,26.99
6339,42448,1615,992.0,2024-01-07 10:55:03.869028,Wrong Item,3.0,4512.12
6340,42455,7262,40.0,2022-12-27 06:21:03.349687,Wrong Item,1.0,2712.38
6341,42455,7262,893.0,2022-12-31 06:21:03.349687,Wrong Item,1.0,161.53
6343,42489,19849,877.0,2023-12-09 01:55:07.803209,Did not match description,4.0,709.85
6344,42489,19849,479.0,2023-11-25 01:55:07.803209,Changed Mind,1.0,168.89
6345,42489,19849,17.0,2023-11-23 01:55:07.803209,Changed Mind,2.0,2898.92
6346,42494,6021,818.0,2023-07-28 20:13:05.218473,Wrong Item,2.0,327.34
6347,42494,6021,215.0,2023-07-18 20:13:05.218473,Did not match description,1.0,230.13
6350,42552,2454,119.0,2023-02-02 18:06:41.991356,Changed Mind,1.0,1219.36
6351,42552,2454,248.0,2023-01-18 18:06:41.991356,Did not match description,1.0,337.18
6352,42552,2454,552.0,2023-02-04 18:06:41.991356,Defective,1.0,1742.4
6353,42552,2454,504.0,2023-01-10 18:06:41.991356,Did not match description,1.0,259.94
6354,42563,15858,270.0,2024-01-03 03:56:01.798455,Changed Mind,1.0,361.33
6355,42563,15858,568.0,2023-12-29 03:56:01.798455,Wrong Item,1.0,224.04
6356,42563,15858,439.0,2024-01-06 03:56:01.798455,Defective,1.0,640.58
6357,42563,15858,344.0,2023-12-21 03:56:01.798455,Wrong Item,1.0,336.66
6359,42578,13257,525.0,2023-07-27 17:57:00.784907,Did not match description,1.0,328.85
6360,42578,13257,25.0,2023-07-14 17:57:00.784907,Did not match description,1.0,175.15
6369,42647,14933,609.0,2023-01-07 19:41:54.792105,Defective,1.0,124.4
6370,42647,14933,266.0,2023-01-25 19:41:54.792105,Did not match description,1.0,208.04
6371,42671,6145,831.0,2023-07-03 19:59:51.236485,Did not match description,1.0,260.58
6382,42801,6976,953.0,2023-05-16 10:04:42.859477,Changed Mind,1.0,127.64
6384,42809,5,453.0,2023-07-26 04:14:31.830912,Wrong Item,1.0,155.46
6385,42812,11653,202.0,2023-12-20 00:14:07.047920,Wrong Item,1.0,415.78
6386,42812,11653,218.0,2023-12-08 00:14:07.047920,Changed Mind,1.0,188.34
6387,42812,11653,639.0,2023-12-18 00:14:07.047920,Did not match description,2.0,583.13
6390,42830,4435,99.0,2023-05-02 10:19:43.013582,Wrong Item,1.0,208.48
6393,42878,11524,589.0,2023-11-23 22:41:15.303962,Defective,4.0,452.13
6394,42878,11524,458.0,2023-11-09 22:41:15.303962,Wrong Item,1.0,97.28
6395,42878,11524,724.0,2023-11-13 22:41:15.303962,Did not match description,3.0,5340.9
6396,42878,11524,404.0,2023-11-19 22:41:15.303962,Wrong Item,3.0,3716.37
6401,42898,14252,690.0,2023-11-02 11:18:02.260507,Changed Mind,1.0,148.12
6409,42937,18671,711.0,2022-11-03 14:11:42.181541,Wrong Item,1.0,521.47
6410,42937,18671,931.0,2022-10-07 14:11:42.181541,Changed Mind,1.0,45.42
6411,42960,6781,992.0,2023-01-25 23:12:58.897884,Defective,1.0,1504.04
6412,42960,6781,568.0,2023-01-06 23:12:58.897884,Defective,1.0,201.64
6418,42997,12808,469.0,2023-12-14 14:02:47.867566,Wrong Item,1.0,535.05
6419,42997,12808,130.0,2023-11-23 14:02:47.867566,Did not match description,2.0,135.7
6420,42997,12808,121.0,2023-12-04 14:02:47.867566,Wrong Item,1.0,783.22
6421,43002,17094,319.0,2023-01-02 08:03:00.745447,Defective,2.0,544.56
6422,43002,17094,324.0,2023-01-25 08:03:00.745447,Did not match description,3.0,676.83
6423,43002,17094,537.0,2023-01-16 08:03:00.745447,Changed Mind,2.0,3861.06
6424,43002,17094,382.0,2023-01-11 08:03:00.745447,Defective,1.0,347.49
6427,43017,8882,931.0,2023-05-20 07:44:17.097775,Defective,1.0,45.42
6428,43025,19062,4.0,2023-07-01 23:02:21.248304,Defective,1.0,309.14
6429,43025,19062,723.0,2023-06-19 23:02:21.248304,Did not match description,1.0,566.77
6430,43025,19062,179.0,2023-07-01 23:02:21.248304,Wrong Item,1.0,224.07
6431,43025,19062,100.0,2023-06-10 23:02:21.248304,Did not match description,1.0,419.14
6432,43025,19062,677.0,2023-06-12 23:02:21.248304,Wrong Item,1.0,133.08
6439,43106,17804,554.0,2023-12-15 12:47:37.173786,Changed Mind,1.0,76.28
6440,43106,17804,731.0,2024-01-01 12:47:37.173786,Did not match description,1.0,147.45
6441,43126,174,49.0,2024-01-07 07:04:59.257654,Wrong Item,1.0,248.92
6442,43132,18949,899.0,2024-01-17 02:40:29.149556,Changed Mind,1.0,137.91
6443,43132,18949,323.0,2024-01-17 02:40:29.149556,Defective,1.0,807.6
6444,43149,5672,55.0,2021-09-12 23:25:29.771493,Changed Mind,1.0,205.17
6455,43199,12682,138.0,2023-10-24 01:18:03.444317,Changed Mind,2.0,260.36
6459,43243,13623,64.0,2023-03-21 04:14:40.807830,Changed Mind,1.0,1209.38
6460,43243,13623,612.0,2023-03-22 04:14:40.807830,Wrong Item,2.0,410.6
6461,43255,623,386.0,2023-10-22 00:07:31.180560,Changed Mind,2.0,121.79
6462,43255,623,467.0,2023-10-25 00:07:31.180560,Defective,1.0,1082.43
6463,43255,623,338.0,2023-10-15 00:07:31.180560,Defective,1.0,722.35
6464,43259,4745,95.0,2022-09-27 07:28:45.062164,Changed Mind,2.0,464.5
6465,43259,4745,49.0,2022-09-23 07:28:45.062164,Wrong Item,1.0,248.92
6467,43265,7808,772.0,2024-01-12 22:39:21.858843,Changed Mind,2.0,887.71
6468,43265,7808,198.0,2024-01-12 22:39:21.858843,Wrong Item,1.0,58.64
6469,43265,7808,787.0,2024-01-11 22:39:21.858843,Wrong Item,5.0,339.85
6480,43360,11932,97.0,2022-11-21 01:02:32.157674,Did not match description,1.0,243.53
6481,43360,11932,362.0,2022-11-26 01:02:32.157674,Did not match description,3.0,866.19
6482,43360,11932,775.0,2022-12-12 01:02:32.157674,Did not match description,1.0,686.72
6484,43367,9114,209.0,2023-10-16 06:25:25.660330,Did not match description,1.0,1441.48
6485,43367,9114,357.0,2023-11-06 06:25:25.660330,Changed Mind,1.0,64.37
6496,43430,14257,157.0,2023-06-05 05:47:18.344310,Did not match description,2.0,318.02
6497,43430,14257,959.0,2023-06-11 05:47:18.344310,Defective,1.0,122.18
6498,43430,14257,1000.0,2023-06-02 05:47:18.344310,Wrong Item,1.0,152.3
6503,43481,16227,755.0,2022-09-22 05:06:27.079581,Defective,1.0,170.39
6504,43481,16227,450.0,2022-09-26 05:06:27.079581,Defective,2.0,310.92
6505,43481,16227,667.0,2022-09-09 05:06:27.079581,Defective,1.0,24.21
6510,43520,2149,179.0,2023-05-07 22:57:03.980933,Wrong Item,2.0,448.14
6511,43520,2149,723.0,2023-05-23 22:57:03.980933,Did not match description,1.0,566.77
6512,43520,2149,569.0,2023-05-02 22:57:03.980933,Did not match description,3.0,5410.42
6513,43521,16242,218.0,2023-08-31 05:59:00.219595,Defective,1.0,188.34
6515,43548,11475,249.0,2023-07-15 08:29:07.897565,Changed Mind,1.0,2184.89
6518,43560,3915,36.0,2023-10-26 21:37:48.773361,Wrong Item,1.0,307.88
6521,43574,19853,268.0,2023-12-25 12:03:45.335185,Did not match description,3.0,533.85
6524,43596,9190,23.0,2023-11-22 01:17:11.761902,Defective,1.0,113.72
6525,43597,17221,883.0,2022-05-26 11:13:52.479856,Wrong Item,1.0,633.05
6530,43639,14320,181.0,2023-12-29 05:34:16.908366,Changed Mind,1.0,230.26
6531,43639,14320,957.0,2024-01-05 05:34:16.908366,Defective,2.0,213.84
6532,43661,10225,504.0,2022-03-28 02:52:59.919808,Defective,1.0,324.93
6533,43661,10225,192.0,2022-04-06 02:52:59.919808,Did not match description,1.0,245.32
6534,43666,17494,115.0,2022-10-04 04:16:37.600396,Changed Mind,1.0,141.54
6535,43666,17494,351.0,2022-10-09 04:16:37.600396,Did not match description,1.0,340.48
6536,43666,17494,388.0,2022-10-15 04:16:37.600396,Wrong Item,1.0,1254.84
6537,43668,12666,397.0,2023-05-12 13:45:17.942571,Defective,1.0,169.08
6540,43706,19191,188.0,2022-09-28 13:13:42.721064,Did not match description,1.0,102.25
6541,43706,19191,613.0,2022-09-26 13:13:42.721064,Did not match description,1.0,357.95
6542,43710,12772,662.0,2022-03-03 07:04:33.577984,Changed Mind,1.0,30.79
6544,43744,12210,795.0,2022-11-07 09:59:29.229150,Defective,2.0,701.12
6545,43744,12210,111.0,2022-11-05 09:59:29.229150,Changed Mind,1.0,274.65
6546,43744,12210,576.0,2022-11-06 09:59:29.229150,Changed Mind,2.0,87.68
6547,43749,4501,302.0,2023-09-23 18:57:36.383112,Wrong Item,1.0,412.57
6548,43749,4501,988.0,2023-09-21 18:57:36.383112,Defective,2.0,318.6
6549,43749,4501,898.0,2023-10-08 18:57:36.383112,Defective,1.0,214.23
6550,43749,4501,112.0,2023-09-23 18:57:36.383112,Did not match description,1.0,2368.89
6551,43750,4049,785.0,2022-02-08 14:00:31.512281,Did not match description,1.0,159.77
6559,43773,13752,132.0,2023-07-31 13:38:46.404756,Changed Mind,1.0,1653.66
6560,43773,13752,800.0,2023-08-10 13:38:46.404756,Wrong Item,4.0,639.06
6561,43773,13752,510.0,2023-08-18 13:38:46.404756,Wrong Item,3.0,434.82
6563,43789,11600,994.0,2024-01-09 10:17:43.233561,Changed Mind,1.0,92.0
6564,43797,11310,726.0,2022-11-25 04:09:23.997590,Changed Mind,1.0,281.46
6565,43797,11310,84.0,2022-12-05 04:09:23.997590,Did not match description,1.0,104.69
6566,43803,6868,28.0,2022-11-07 13:05:18.159079,Defective,2.0,222.55
6567,43803,6868,20.0,2022-11-21 13:05:18.159079,Changed Mind,3.0,1206.75
6568,43803,6868,262.0,2022-11-05 13:05:18.159079,Defective,1.0,655.8
6569,43814,6025,830.0,2023-06-06 20:47:51.416927,Changed Mind,1.0,87.92
6570,43814,6025,353.0,2023-05-12 20:47:51.416927,Changed Mind,2.0,172.09
6571,43829,12586,585.0,2023-11-02 23:36:07.527818,Defective,3.0,579.0
6572,43829,12586,781.0,2023-10-21 23:36:07.527818,Did not match description,1.0,210.63
6578,43843,6231,762.0,2022-08-30 13:23:00.893758,Defective,1.0,131.34
6579,43843,6231,134.0,2022-08-27 13:23:00.893758,Changed Mind,4.0,457.42
6595,44018,12931,45.0,2023-01-24 16:14:43.753040,Defective,1.0,126.02
6600,44081,8565,32.0,2023-01-19 15:31:50.190268,Changed Mind,1.0,1600.42
6601,44081,8565,353.0,2023-01-04 15:31:50.190268,Wrong Item,1.0,101.23
6604,44123,1293,309.0,2022-10-12 14:59:37.606663,Did not match description,1.0,144.32
6605,44123,1293,480.0,2022-09-29 14:59:37.606663,Did not match description,1.0,146.96
6609,44161,7543,860.0,2022-04-14 07:49:26.286507,Wrong Item,2.0,440.3
6610,44161,7543,530.0,2022-04-23 07:49:26.286507,Defective,1.0,1201.33
6611,44168,16323,901.0,2023-06-18 17:06:50.978682,Did not match description,2.0,337.88
6612,44194,6660,67.0,2023-05-01 07:00:54.550438,Wrong Item,4.0,6101.88
6613,44194,6660,647.0,2023-05-02 07:00:54.550438,Wrong Item,1.0,326.72
6614,44194,6660,175.0,2023-05-22 07:00:54.550438,Defective,1.0,148.2
6615,44201,1049,381.0,2022-12-12 21:28:10.066362,Defective,1.0,178.38
6616,44201,1049,602.0,2022-12-15 21:28:10.066362,Did not match description,3.0,562.14
6617,44201,1049,154.0,2022-12-16 21:28:10.066362,Wrong Item,1.0,118.85
6625,44288,3437,24.0,2023-11-18 16:28:08.931747,Changed Mind,1.0,61.63
6635,44341,4227,930.0,2023-09-04 21:13:08.116685,Did not match description,3.0,549.48
6636,44341,4227,573.0,2023-08-24 21:13:08.116685,Wrong Item,1.0,67.12
6637,44341,4227,230.0,2023-09-05 21:13:08.116685,Did not match description,3.0,623.01
6638,44356,3384,609.0,2023-11-02 11:45:32.790745,Did not match description,1.0,146.35
6644,44387,18936,397.0,2023-09-21 13:36:32.791568,Changed Mind,1.0,169.08
6645,44387,18936,225.0,2023-09-29 13:36:32.791568,Did not match description,1.0,751.17
6646,44387,18936,180.0,2023-09-15 13:36:32.791568,Changed Mind,1.0,1463.94
6648,44421,2126,762.0,2022-07-20 15:52:00.772913,Defective,2.0,262.68
6649,44421,2126,236.0,2022-07-09 15:52:00.772913,Defective,1.0,165.0
6650,44421,2126,813.0,2022-07-23 15:52:00.772913,Changed Mind,1.0,147.5
6653,44437,2248,523.0,2022-09-05 19:30:26.311104,Wrong Item,3.0,1034.16
6659,44449,3427,2.0,2022-08-05 01:25:04.340989,Did not match description,1.0,1330.71
6662,44469,17002,618.0,2023-04-02 00:02:41.151421,Defective,1.0,178.18
6663,44491,6500,769.0,2023-10-07 18:39:42.356170,Changed Mind,1.0,478.56
6664,44491,6500,228.0,2023-10-26 18:39:42.356170,Did not match description,1.0,38.21
6665,44491,6500,178.0,2023-10-25 18:39:42.356170,Did not match description,1.0,480.66
6668,44522,18150,731.0,2023-06-12 10:01:41.604644,Wrong Item,3.0,442.35
6674,44549,19219,690.0,2023-06-03 14:32:26.862983,Defective,1.0,133.31
6675,44549,19219,677.0,2023-06-07 14:32:26.862983,Changed Mind,1.0,166.35
6682,44592,9360,938.0,2022-08-22 05:07:37.213266,Did not match description,4.0,813.76
6683,44592,9360,230.0,2022-08-03 05:07:37.213266,Did not match description,3.0,623.01
6684,44592,9360,953.0,2022-07-30 05:07:37.213266,Defective,1.0,150.17
6685,44592,9360,258.0,2022-08-21 05:07:37.213266,Wrong Item,3.0,6949.2
6686,44645,14097,310.0,2023-07-21 07:56:47.027452,Defective,1.0,179.25
6687,44645,14097,412.0,2023-07-20 07:56:47.027452,Defective,1.0,176.85
6688,44646,8903,343.0,2023-08-13 13:10:37.733279,Did not match description,1.0,166.29
6693,44736,15709,397.0,2023-10-25 20:50:01.165787,Wrong Item,5.0,845.4
6694,44736,15709,813.0,2023-11-02 20:50:01.165787,Wrong Item,1.0,147.5
6695,44736,15709,399.0,2023-10-12 20:50:01.165787,Did not match description,1.0,793.3
6697,44752,17727,312.0,2023-12-24 11:21:18.296748,Did not match description,1.0,1382.97
6698,44752,17727,796.0,2023-12-21 11:21:18.296748,Wrong Item,1.0,128.19
6699,44756,8875,24.0,2021-09-07 17:12:32.840786,Changed Mind,2.0,123.26
6700,44756,8875,508.0,2021-08-23 17:12:32.840786,Wrong Item,1.0,887.22
6705,44811,12518,455.0,2023-07-14 13:58:48.157844,Changed Mind,1.0,357.86
6706,44811,12518,877.0,2023-06-30 13:58:48.157844,Defective,3.0,591.54
6707,44811,12518,794.0,2023-06-24 13:58:48.157844,Wrong Item,1.0,554.56
6715,44887,7535,570.0,2022-10-17 20:15:42.544012,Defective,2.0,424.1
6716,44887,7535,324.0,2022-10-29 20:15:42.544012,Wrong Item,1.0,225.61
6717,44887,7535,157.0,2022-10-19 20:15:42.544012,Wrong Item,1.0,159.01
6718,44887,7535,892.0,2022-10-24 20:15:42.544012,Defective,1.0,210.03
6719,44887,7535,210.0,2022-11-05 20:15:42.544012,Defective,5.0,1087.65
6734,44982,3165,751.0,2023-04-07 02:23:57.527916,Defective,2.0,455.52
6740,45037,15416,986.0,2023-07-28 16:12:47.243556,Did not match description,1.0,107.31
6741,45037,15416,275.0,2023-07-25 16:12:47.243556,Changed Mind,1.0,133.64
6744,45046,11770,266.0,2023-10-21 10:30:24.609771,Changed Mind,2.0,462.32
6745,45046,11770,793.0,2023-10-10 10:30:24.609771,Changed Mind,1.0,232.5
6751,45091,10901,751.0,2023-05-16 00:39:02.722163,Wrong Item,1.0,227.76
6752,45091,10901,982.0,2023-05-17 00:39:02.722163,Defective,1.0,1975.14
6753,45099,14517,74.0,2023-05-05 03:11:52.960627,Did not match description,2.0,138.96
6754,45099,14517,421.0,2023-05-03 03:11:52.960627,Wrong Item,2.0,327.18
6763,45137,15647,350.0,2024-01-04 16:03:05.042110,Defective,1.0,344.63
6765,45151,2507,634.0,2024-01-14 06:12:33.251358,Did not match description,1.0,244.3
6766,45151,2507,294.0,2024-01-22 06:12:33.251358,Defective,1.0,415.69
6767,45155,12490,455.0,2023-10-29 15:02:55.265422,Wrong Item,1.0,357.86
6768,45155,12490,228.0,2023-11-09 15:02:55.265422,Changed Mind,2.0,76.42
6769,45155,12490,990.0,2023-10-25 15:02:55.265422,Wrong Item,2.0,211.3
6770,45155,12490,981.0,2023-11-04 15:02:55.265422,Defective,1.0,118.98
6775,45181,1505,510.0,2021-11-03 01:49:01.275189,Defective,1.0,144.94
6782,45210,10097,693.0,2023-04-24 03:24:15.138479,Did not match description,1.0,53.97
6783,45210,10097,53.0,2023-05-07 03:24:15.138479,Defective,5.0,8914.5
6789,45282,18474,324.0,2023-08-28 14:20:57.067273,Changed Mind,2.0,406.1
6791,45291,9926,572.0,2023-11-22 06:53:02.868482,Changed Mind,1.0,1427.21
6792,45291,9926,608.0,2023-11-13 06:53:02.868482,Wrong Item,4.0,1133.44
6793,45291,9926,261.0,2023-11-03 06:53:02.868482,Wrong Item,2.0,786.94
6794,45291,9926,803.0,2023-12-02 06:53:02.868482,Did not match description,1.0,332.24
6798,45363,14559,390.0,2023-12-18 02:40:56.053237,Defective,2.0,225.71
6799,45365,11945,392.0,2021-12-28 09:41:00.530241,Wrong Item,3.0,482.4
6807,45449,3340,510.0,2021-11-15 12:11:01.513347,Defective,1.0,130.45
6808,45457,14846,246.0,2022-01-07 19:43:43.923265,Wrong Item,1.0,375.06
6809,45457,14846,173.0,2022-01-15 19:43:43.923265,Changed Mind,1.0,1010.52
6813,45481,19100,857.0,2023-11-10 11:14:45.911334,Wrong Item,1.0,446.66
6814,45481,19100,715.0,2023-10-31 11:14:45.911334,Wrong Item,1.0,327.26
6815,45483,14661,301.0,2023-10-17 11:11:26.848123,Changed Mind,1.0,370.41
6816,45483,14661,213.0,2023-10-26 11:11:26.848123,Defective,1.0,298.51
6817,45483,14661,958.0,2023-10-15 11:11:26.848123,Changed Mind,1.0,63.99
6819,45515,6599,280.0,2023-10-02 07:09:36.169086,Defective,1.0,779.11
6820,45515,6599,848.0,2023-10-01 07:09:36.169086,Wrong Item,1.0,63.31
6821,45515,6599,304.0,2023-09-17 07:09:36.169086,Did not match description,1.0,175.86
6822,45515,6599,115.0,2023-09-23 07:09:36.169086,Changed Mind,2.0,283.08
6823,45515,6599,939.0,2023-09-12 07:09:36.169086,Did not match description,1.0,1244.26
6824,45519,1355,832.0,2023-07-26 19:50:10.735289,Wrong Item,1.0,117.62
6826,45534,3855,642.0,2022-04-14 15:36:26.136453,Defective,1.0,170.0
6829,45539,13748,228.0,2023-01-03 23:27:17.671208,Did not match description,1.0,30.57
6830,45539,13748,80.0,2023-01-06 23:27:17.671208,Changed Mind,1.0,174.4
6833,45559,6087,231.0,2023-02-05 18:23:47.610568,Defective,1.0,750.59
6834,45559,6087,771.0,2023-02-11 18:23:47.610568,Changed Mind,4.0,1260.2
6840,45610,13287,633.0,2023-09-13 08:05:11.102827,Wrong Item,1.0,185.95
6843,45625,9721,397.0,2023-09-25 01:06:59.009192,Wrong Item,1.0,135.26
6844,45625,9721,678.0,2023-09-15 01:06:59.009192,Defective,1.0,355.21
6846,45646,16868,713.0,2023-07-12 04:20:36.587860,Defective,1.0,147.28
6850,45662,1910,453.0,2022-02-06 21:58:23.335328,Did not match description,1.0,155.46
6861,45774,12670,725.0,2023-09-08 07:12:23.215997,Defective,2.0,79.86
6862,45774,12670,8.0,2023-09-10 07:12:23.215997,Defective,1.0,266.47
6866,45820,5620,379.0,2023-01-16 05:14:31.511373,Defective,1.0,315.13
6867,45820,5620,80.0,2022-12-30 05:14:31.511373,Changed Mind,1.0,174.4
6875,45915,14078,65.0,2023-10-16 19:20:24.794921,Wrong Item,1.0,354.38
6887,45996,1131,230.0,2023-12-14 10:30:17.832203,Wrong Item,1.0,207.67
6889,46031,4641,380.0,2023-05-22 03:12:43.829676,Did not match description,1.0,120.14
6890,46031,4641,411.0,2023-05-30 03:12:43.829676,Did not match description,3.0,924.09
6891,46031,4641,296.0,2023-05-04 03:12:43.829676,Wrong Item,1.0,320.19
6893,46058,9328,199.0,2023-06-21 00:48:01.120806,Changed Mind,3.0,645.12
6894,46058,9328,881.0,2023-06-13 00:48:01.120806,Defective,1.0,398.85
6895,46060,2395,847.0,2023-03-17 22:24:35.967565,Wrong Item,1.0,393.66
6896,46060,2395,796.0,2023-03-06 22:24:35.967565,Wrong Item,1.0,128.19
6897,46069,6314,839.0,2023-05-12 08:47:30.138730,Did not match description,1.0,190.21
6898,46070,12245,901.0,2023-07-31 01:33:50.514917,Defective,2.0,337.88
6899,46075,12986,907.0,2023-06-28 04:57:23.137007,Wrong Item,4.0,2256.16
6900,46075,12986,860.0,2023-06-23 04:57:23.137007,Did not match description,1.0,220.15
6904,46130,15121,892.0,2023-03-27 15:37:43.430216,Wrong Item,1.0,210.03
6909,46158,6104,273.0,2022-10-08 23:44:13.262575,Changed Mind,1.0,128.33
6912,46172,19380,766.0,2023-12-09 06:55:17.406548,Changed Mind,1.0,325.5
6913,46175,9359,266.0,2022-05-28 11:05:17.250750,Did not match description,1.0,184.93
6917,46210,6610,970.0,2022-01-23 17:02:20.871282,Defective,1.0,2657.09
6918,46210,6610,340.0,2022-02-09 17:02:20.871282,Defective,2.0,481.08
6922,46258,7793,272.0,2023-10-19 02:45:53.550447,Did not match description,1.0,44.08
6925,46316,131,268.0,2023-01-13 11:40:51.995679,Changed Mind,1.0,160.16
6926,46316,131,938.0,2023-01-19 11:40:51.995679,Did not match description,1.0,203.44
6927,46316,131,194.0,2023-02-06 11:40:51.995679,Defective,1.0,1770.1
6928,46316,131,532.0,2023-01-29 11:40:51.995679,Did not match description,3.0,173.79
6929,46316,131,874.0,2023-01-21 11:40:51.995679,Wrong Item,1.0,1234.8
6932,46330,17224,609.0,2023-06-18 06:18:07.748339,Defective,1.0,146.35
6937,46374,2174,189.0,2022-11-20 06:40:04.330523,Defective,1.0,448.49
6938,46374,2174,329.0,2022-11-29 06:40:04.330523,Changed Mind,1.0,64.98
6939,46374,2174,267.0,2022-11-07 06:40:04.330523,Did not match description,1.0,1008.47
6940,46386,9868,954.0,2023-07-23 11:40:49.839791,Wrong Item,1.0,21.92
6941,46386,9868,547.0,2023-07-28 11:40:49.839791,Defective,1.0,246.61
6942,46386,9868,717.0,2023-07-19 11:40:49.839791,Defective,1.0,180.88
6943,46386,9868,423.0,2023-07-19 11:40:49.839791,Defective,1.0,532.21
6944,46386,9868,175.0,2023-07-22 11:40:49.839791,Changed Mind,1.0,118.56
6947,46411,4056,941.0,2022-06-08 08:46:40.689905,Did not match description,1.0,203.01
6954,46491,9250,432.0,2023-11-30 09:43:41.297617,Defective,1.0,251.5
6955,46491,9250,929.0,2023-11-16 09:43:41.297617,Wrong Item,1.0,78.09
6956,46496,1072,74.0,2023-10-24 23:25:55.166854,Changed Mind,2.0,138.96
6959,46509,10874,779.0,2023-05-17 15:36:56.606146,Wrong Item,3.0,428.94
6960,46509,10874,108.0,2023-05-23 15:36:56.606146,Changed Mind,1.0,2131.29
6974,46684,1357,889.0,2023-07-07 06:37:06.699173,Did not match description,1.0,20.5
6975,46684,1357,976.0,2023-06-26 06:37:06.699173,Wrong Item,1.0,1465.4
6977,46696,6250,762.0,2022-12-12 18:47:22.621214,Did not match description,1.0,131.34
6979,46723,15368,521.0,2023-06-23 22:36:26.215979,Did not match description,1.0,69.23
6980,46723,15368,615.0,2023-07-06 22:36:26.215979,Changed Mind,1.0,1419.55
6984,46757,1848,576.0,2023-10-26 16:02:41.401984,Changed Mind,3.0,118.37
6985,46768,3967,88.0,2022-07-07 13:55:19.101188,Defective,1.0,158.09
6986,46768,3967,375.0,2022-07-20 13:55:19.101188,Wrong Item,3.0,473.45
6987,46768,3967,349.0,2022-07-19 13:55:19.101188,Defective,1.0,20.27
6988,46768,3967,110.0,2022-07-01 13:55:19.101188,Defective,1.0,312.27
6998,46827,15937,275.0,2023-10-12 23:43:27.880419,Did not match description,1.0,133.64
6999,46827,15937,96.0,2023-09-22 23:43:27.880419,Defective,1.0,154.94
7002,46867,15026,973.0,2023-02-19 10:10:50.638802,Defective,2.0,952.82
7006,46874,18267,685.0,2023-12-08 14:18:10.158742,Did not match description,4.0,687.96
7007,46874,18267,243.0,2023-12-22 14:18:10.158742,Changed Mind,1.0,621.17
7010,46889,4868,839.0,2023-05-16 12:05:07.001607,Changed Mind,3.0,570.63
7011,46889,4868,452.0,2023-04-25 12:05:07.001607,Did not match description,1.0,1940.3
7012,46889,4868,602.0,2023-04-23 12:05:07.001607,Defective,4.0,674.57
7013,46889,4868,707.0,2023-04-21 12:05:07.001607,Wrong Item,1.0,44.88
7014,46906,3499,146.0,2022-04-18 11:50:01.116786,Wrong Item,1.0,117.0
7016,46926,18531,627.0,2022-08-05 13:19:35.547292,Defective,1.0,48.69
7017,46934,14893,991.0,2023-09-11 08:19:52.130804,Defective,4.0,979.58
7018,46934,14893,737.0,2023-09-17 08:19:52.130804,Changed Mind,2.0,628.87
7027,46972,19001,726.0,2023-12-06 22:39:41.549098,Changed Mind,1.0,281.46
7028,46986,11165,57.0,2023-11-17 02:32:20.052940,Wrong Item,2.0,1969.18
7044,47104,7435,750.0,2021-11-08 15:35:45.460662,Defective,1.0,91.18
7045,47104,7435,134.0,2021-10-31 15:35:45.460662,Did not match description,1.0,127.06
7046,47104,7435,531.0,2021-11-10 15:35:45.460662,Defective,4.0,8394.98
7047,47104,7435,618.0,2021-11-13 15:35:45.460662,Did not match description,2.0,356.36
7048,47107,19193,164.0,2022-05-16 22:14:34.755526,Changed Mind,1.0,199.81
7051,47110,15796,575.0,2023-04-24 01:52:23.119611,Defective,5.0,3507.15
7052,47110,15796,74.0,2023-04-16 01:52:23.119611,Wrong Item,2.0,138.96
7053,47110,15796,609.0,2023-05-04 01:52:23.119611,Defective,1.0,146.35
7061,47209,2347,796.0,2023-10-15 19:15:50.927261,Defective,2.0,256.38
7062,47209,2347,943.0,2023-10-14 19:15:50.927261,Did not match description,1.0,484.57
7063,47209,2347,962.0,2023-09-20 19:15:50.927261,Wrong Item,1.0,153.86
7065,47221,2976,138.0,2023-10-08 00:37:07.215264,Did not match description,2.0,260.36
7070,47246,13582,68.0,2023-10-19 09:50:00.168412,Defective,3.0,437.31
7071,47246,13582,611.0,2023-10-12 09:50:00.168412,Wrong Item,2.0,110.26
7072,47270,6959,557.0,2022-01-09 09:22:04.835046,Did not match description,1.0,329.92
7076,47298,15328,740.0,2023-03-20 01:05:53.477582,Changed Mind,1.0,185.27
7077,47298,15328,67.0,2023-03-31 01:05:53.477582,Changed Mind,3.0,3661.13
7082,47364,4815,523.0,2023-07-29 21:00:52.974618,Changed Mind,1.0,344.72
7083,47372,11297,860.0,2022-12-03 09:59:33.309946,Wrong Item,1.0,220.15
7084,47374,7706,646.0,2023-10-23 18:55:30.785781,Defective,1.0,648.88
7085,47375,8025,86.0,2022-06-18 14:48:39.564287,Wrong Item,3.0,485.34
7091,47426,9976,799.0,2023-11-21 11:41:59.190762,Wrong Item,1.0,147.38
7092,47434,14173,753.0,2023-04-13 02:58:50.026885,Changed Mind,3.0,44.01
7093,47439,16120,700.0,2022-01-17 14:31:59.176048,Did not match description,1.0,283.45
7103,47526,17873,400.0,2023-12-26 21:06:13.152533,Changed Mind,1.0,1000.53
7104,47526,17873,18.0,2024-01-07 21:06:13.152533,Changed Mind,2.0,47.72
7105,47526,17873,165.0,2023-12-25 21:06:13.152533,Wrong Item,1.0,282.92
7106,47534,10286,52.0,2023-12-11 23:05:07.845986,Did not match description,3.0,625.26
7107,47534,10286,129.0,2023-12-06 23:05:07.845986,Wrong Item,1.0,263.95
7112,47629,18316,203.0,2022-01-28 12:56:39.964675,Defective,1.0,315.86
7113,47629,18316,364.0,2022-01-19 12:56:39.964675,Did not match description,2.0,811.62
7114,47635,19828,652.0,2024-01-17 20:35:09.427532,Defective,1.0,636.8
7115,47635,19828,575.0,2024-01-06 20:35:09.427532,Wrong Item,2.0,1402.86
7116,47635,19828,797.0,2024-01-20 20:35:09.427532,Changed Mind,3.0,6600.36
7117,47637,2954,392.0,2023-01-02 11:26:35.006859,Wrong Item,1.0,160.8
7119,47680,16658,64.0,2023-03-31 15:44:05.457262,Changed Mind,2.0,2418.76
7127,47758,10026,24.0,2023-10-03 02:51:03.233073,Did not match description,2.0,123.26
7128,47758,10026,996.0,2023-10-13 02:51:03.233073,Did not match description,1.0,377.2
7129,47758,10026,489.0,2023-09-27 02:51:03.233073,Did not match description,2.0,1072.19
7130,47768,5328,154.0,2023-10-01 02:08:54.160784,Changed Mind,1.0,118.85
7132,47774,17419,764.0,2023-04-05 16:43:43.468362,Wrong Item,1.0,151.12
7141,47847,17947,762.0,2021-03-17 10:53:32.967279,Defective,3.0,394.02
7142,47847,17947,421.0,2021-03-06 10:53:32.967279,Defective,1.0,163.59
7145,47867,2786,831.0,2022-03-21 20:27:53.888754,Changed Mind,1.0,260.58
7147,47907,4618,105.0,2023-12-07 14:05:23.729430,Wrong Item,1.0,154.79
7148,47907,4618,391.0,2023-12-06 14:05:23.729430,Wrong Item,4.0,1229.44
7149,47914,8420,266.0,2023-12-12 21:48:32.582010,Did not match description,2.0,462.32
7150,47916,5739,266.0,2023-05-03 10:59:43.941876,Changed Mind,1.0,231.16
7160,48034,15376,102.0,2023-11-02 21:01:49.616372,Did not match description,1.0,1366.69
7161,48034,15376,901.0,2023-11-16 21:01:49.616372,Changed Mind,1.0,168.94
7168,48064,1921,787.0,2022-02-06 02:46:22.751185,Defective,1.0,57.77
7169,48064,1921,342.0,2022-01-23 02:46:22.751185,Wrong Item,1.0,209.98
7171,48085,3746,513.0,2021-06-22 22:55:20.806934,Did not match description,5.0,897.4
7172,48094,10920,235.0,2023-09-23 05:12:44.891076,Did not match description,1.0,21.59
7179,48121,2205,99.0,2023-12-24 00:15:33.977866,Changed Mind,1.0,231.65
7180,48121,2205,641.0,2023-12-24 00:15:33.977866,Wrong Item,1.0,1118.65
7181,48121,2205,891.0,2023-12-29 00:15:33.977866,Did not match description,1.0,734.44
7185,48185,6104,10.0,2022-12-23 00:51:42.577363,Did not match description,3.0,441.34
7186,48192,4598,59.0,2023-04-06 13:32:58.631785,Did not match description,1.0,43.09
7187,48192,4598,74.0,2023-04-22 13:32:58.631785,Defective,5.0,347.4
7188,48192,4598,960.0,2023-04-14 13:32:58.631785,Wrong Item,2.0,190.86
7190,48203,14139,135.0,2023-11-21 02:46:55.311133,Changed Mind,1.0,1266.46
7191,48203,14139,197.0,2023-11-13 02:46:55.311133,Changed Mind,1.0,381.48
7192,48203,14139,518.0,2023-11-08 02:46:55.311133,Did not match description,1.0,456.72
7193,48203,14139,918.0,2023-11-23 02:46:55.311133,Defective,1.0,68.1
7195,48214,11248,726.0,2022-09-23 19:00:24.246617,Changed Mind,3.0,844.38
7203,48256,16957,51.0,2023-11-02 21:28:13.890184,Changed Mind,1.0,759.11
7204,48256,16957,45.0,2023-11-14 21:28:13.890184,Defective,5.0,787.6
7209,48282,7634,15.0,2023-06-30 21:38:37.522114,Defective,1.0,103.51
7210,48282,7634,140.0,2023-06-26 21:38:37.522114,Defective,4.0,992.48
7211,48290,9685,411.0,2022-12-04 08:23:23.900009,Changed Mind,1.0,308.03
7218,48315,13473,523.0,2022-10-25 08:11:47.924379,Wrong Item,2.0,689.44
7223,48364,13965,280.0,2023-07-23 19:23:51.100567,Did not match description,1.0,779.11
7226,48370,16927,643.0,2023-07-01 04:30:05.814150,Defective,2.0,573.26
7227,48370,16927,386.0,2023-07-12 04:30:05.814150,Wrong Item,1.0,68.51
7229,48397,17374,693.0,2024-01-11 01:37:04.962040,Did not match description,1.0,53.97
7230,48399,5489,347.0,2023-04-08 18:22:53.094345,Changed Mind,1.0,181.65
7231,48399,5489,165.0,2023-04-02 18:22:53.094345,Defective,1.0,282.92
7235,48445,7151,556.0,2023-09-28 09:22:34.915989,Defective,2.0,288.98
7236,48458,13982,542.0,2022-10-07 16:36:38.899577,Defective,1.0,190.56
7237,48458,13982,8.0,2022-10-11 16:36:38.899577,Wrong Item,1.0,266.47
7238,48463,12256,901.0,2023-06-11 14:47:07.217474,Defective,3.0,506.82
7239,48463,12256,308.0,2023-07-01 14:47:07.217474,Changed Mind,1.0,99.13
7240,48463,12256,787.0,2023-06-24 14:47:07.217474,Changed Mind,1.0,67.97
7245,48492,296,870.0,2023-06-12 11:08:36.917786,Defective,1.0,165.74
7246,48492,296,537.0,2023-05-31 11:08:36.917786,Did not match description,2.0,3088.85
7247,48492,296,451.0,2023-06-20 11:08:36.917786,Changed Mind,1.0,251.21
7248,48492,296,107.0,2023-05-28 11:08:36.917786,Changed Mind,1.0,58.96
7249,48499,5770,841.0,2022-09-03 07:06:48.661193,Wrong Item,4.0,354.96
7250,48499,5770,816.0,2022-09-18 07:06:48.661193,Changed Mind,1.0,292.12
7251,48499,5770,768.0,2022-09-04 07:06:48.661193,Did not match description,1.0,139.54
7252,48499,5770,632.0,2022-09-10 07:06:48.661193,Changed Mind,1.0,1818.78
7261,48558,3503,380.0,2023-04-11 23:58:16.655011,Changed Mind,1.0,120.14
7262,48558,3503,60.0,2023-04-19 23:58:16.655011,Did not match description,1.0,1261.43
7263,48558,3503,193.0,2023-04-25 23:58:16.655011,Wrong Item,1.0,513.22
7264,48559,10162,407.0,2023-11-20 13:14:08.337053,Wrong Item,1.0,486.51
7265,48559,10162,157.0,2023-11-19 13:14:08.337053,Did not match description,2.0,318.02
7266,48559,10162,859.0,2023-11-29 13:14:08.337053,Changed Mind,1.0,1415.96
7267,48559,10162,351.0,2023-12-01 13:14:08.337053,Did not match description,2.0,680.96
7271,48623,8239,46.0,2023-04-28 16:47:00.103774,Wrong Item,3.0,282.75
7274,48649,19724,699.0,2024-01-05 10:48:49.644078,Wrong Item,2.0,1560.5
7275,48649,19724,721.0,2024-01-09 10:48:49.644078,Changed Mind,1.0,305.69
7276,48649,19724,875.0,2024-01-07 10:48:49.644078,Did not match description,1.0,623.11
7277,48649,19724,16.0,2023-12-24 10:48:49.644078,Defective,1.0,167.6
7278,48649,19724,236.0,2024-01-07 10:48:49.644078,Did not match description,1.0,165.0
7281,48663,12154,636.0,2023-09-15 00:57:24.560009,Wrong Item,1.0,273.1
7282,48674,11169,502.0,2023-06-30 00:20:46.801786,Changed Mind,1.0,600.28
7283,48674,11169,258.0,2023-07-11 00:20:46.801786,Defective,1.0,2316.4
7284,48674,11169,495.0,2023-07-06 00:20:46.801786,Did not match description,4.0,113.52
7285,48680,13284,965.0,2023-09-05 17:44:57.822088,Did not match description,2.0,70.96
7286,48689,4558,547.0,2024-01-01 19:29:42.747141,Defective,1.0,262.02
7288,48696,9554,688.0,2022-12-26 02:10:32.364072,Defective,1.0,127.8
7289,48696,9554,554.0,2022-12-22 02:10:32.364072,Defective,1.0,76.28
7298,48745,5063,830.0,2023-11-12 15:48:45.465344,Wrong Item,1.0,70.34
7299,48745,5063,214.0,2023-11-10 15:48:45.465344,Wrong Item,1.0,697.72
7310,48850,17968,941.0,2022-04-23 01:52:19.953017,Defective,5.0,1194.2
7319,49002,17185,331.0,2023-08-25 02:15:23.851173,Changed Mind,1.0,1753.58
7320,49002,17185,812.0,2023-09-08 02:15:23.851173,Wrong Item,1.0,1008.38
7321,49002,17185,353.0,2023-09-19 02:15:23.851173,Defective,1.0,101.23
7322,49002,17185,552.0,2023-08-28 02:15:23.851173,Changed Mind,1.0,1742.4
7324,49022,14685,671.0,2023-07-08 23:18:05.274265,Wrong Item,2.0,458.12
7338,49098,12291,642.0,2023-04-18 08:15:57.130504,Changed Mind,1.0,170.0
7347,49130,9185,831.0,2023-12-12 23:07:38.183459,Did not match description,1.0,260.58
7348,49130,9185,874.0,2023-12-16 23:07:38.183459,Changed Mind,2.0,2469.6
7352,49230,6752,894.0,2023-12-29 14:33:54.124344,Defective,1.0,221.67
7353,49230,6752,212.0,2024-01-07 14:33:54.124344,Wrong Item,1.0,680.74
7359,49261,19716,43.0,2023-02-20 09:04:20.477008,Defective,1.0,797.27
7360,49261,19716,370.0,2023-02-06 09:04:20.477008,Changed Mind,1.0,142.18
7364,49297,13891,111.0,2023-12-06 12:06:38.279765,Defective,3.0,659.16
7365,49297,13891,770.0,2023-12-10 12:06:38.279765,Changed Mind,4.0,47.48
7368,49368,18814,80.0,2023-11-03 20:03:26.603319,Did not match description,1.0,174.4
7369,49368,18814,291.0,2023-10-23 20:03:26.603319,Did not match description,3.0,228.24
7370,49368,18814,191.0,2023-10-27 20:03:26.603319,Wrong Item,1.0,1128.05
7372,49373,16344,659.0,2023-12-22 20:46:08.092802,Did not match description,2.0,689.69
7373,49373,16344,945.0,2023-12-15 20:46:08.092802,Did not match description,1.0,134.23
7374,49373,16344,456.0,2023-12-21 20:46:08.092802,Wrong Item,1.0,165.23
7375,49373,16344,321.0,2023-11-28 20:46:08.092802,Wrong Item,1.0,903.32
7376,49373,16344,137.0,2023-12-20 20:46:08.092802,Did not match description,4.0,6580.88
7377,49390,6093,449.0,2022-12-12 13:16:27.347023,Changed Mind,2.0,298.26
7378,49392,345,141.0,2023-11-29 19:07:12.648979,Wrong Item,1.0,31.24
7379,49392,345,303.0,2023-11-18 19:07:12.648979,Wrong Item,1.0,226.14
7380,49392,345,138.0,2023-12-04 19:07:12.648979,Did not match description,1.0,130.18
7381,49407,19918,112.0,2023-06-08 19:30:34.584197,Defective,1.0,2368.89
7382,49407,19918,877.0,2023-05-20 19:30:34.584197,Did not match description,1.0,167.6
7393,49544,19731,143.0,2023-03-07 15:20:55.308760,Defective,2.0,1127.48
7394,49544,19731,952.0,2023-03-15 15:20:55.308760,Did not match description,2.0,3674.4
7395,49544,19731,644.0,2023-02-27 15:20:55.308760,Wrong Item,1.0,1843.64
7398,49561,15045,783.0,2022-07-30 15:13:25.528220,Changed Mind,1.0,1524.84
7399,49561,15045,319.0,2022-07-30 15:13:25.528220,Defective,1.0,272.28
7400,49561,15045,918.0,2022-08-08 15:13:25.528220,Changed Mind,2.0,170.26
7411,49645,8534,18.0,2023-12-22 03:31:21.603173,Wrong Item,1.0,28.07
7412,49645,8534,904.0,2023-12-09 03:31:21.603173,Changed Mind,1.0,31.77
7413,49645,8534,380.0,2023-12-14 03:31:21.603173,Changed Mind,1.0,120.14
7415,49659,15779,591.0,2024-01-23 02:23:19.160404,Changed Mind,1.0,25.93
7416,49659,15779,6.0,2024-01-12 02:23:19.160404,Wrong Item,1.0,932.45
7417,49659,15779,680.0,2024-01-05 02:23:19.160404,Wrong Item,4.0,791.64
7418,49668,19846,406.0,2023-12-07 17:42:47.701257,Changed Mind,1.0,1988.32
7419,49668,19846,872.0,2023-12-05 17:42:47.701257,Wrong Item,2.0,177.91
7420,49668,19846,11.0,2023-11-23 17:42:47.701257,Defective,1.0,336.23
7421,49668,19846,467.0,2023-11-23 17:42:47.701257,Wrong Item,2.0,1840.13
7424,49676,10233,478.0,2023-05-09 20:07:09.825323,Changed Mind,1.0,190.9
7430,49716,18570,79.0,2023-10-21 03:57:23.951463,Wrong Item,1.0,708.43
7431,49716,18570,634.0,2023-11-02 03:57:23.951463,Defective,1.0,244.3
7432,49727,17145,176.0,2023-05-09 11:18:30.629068,Wrong Item,5.0,6109.7
7433,49727,17145,901.0,2023-04-28 11:18:30.629068,Wrong Item,1.0,168.94
7434,49727,17145,303.0,2023-05-12 11:18:30.629068,Changed Mind,1.0,226.14
7435,49727,17145,943.0,2023-04-15 11:18:30.629068,Defective,1.0,570.08
7436,49727,17145,490.0,2023-04-22 11:18:30.629068,Changed Mind,1.0,16.09
7439,49775,7818,380.0,2022-09-03 21:16:22.279118,Defective,3.0,306.36
7440,49775,7818,829.0,2022-09-04 21:16:22.279118,Defective,1.0,159.57
7441,49778,3138,412.0,2021-11-26 10:39:02.924413,Wrong Item,1.0,176.85
7442,49778,3138,753.0,2021-12-11 10:39:02.924413,Changed Mind,1.0,14.67
7443,49800,11837,181.0,2023-01-25 17:21:06.339347,Did not match description,2.0,575.64
7444,49800,11837,272.0,2023-01-10 17:21:06.339347,Defective,1.0,44.08
7445,49800,11837,883.0,2023-02-03 17:21:06.339347,Did not match description,4.0,2532.2
7447,49817,920,889.0,2023-07-07 15:16:16.540708,Did not match description,2.0,51.24
7448,49817,920,317.0,2023-07-30 15:16:16.540708,Did not match description,3.0,4588.2
7449,49842,18683,271.0,2023-03-06 23:04:07.102726,Did not match description,2.0,2937.66
7450,49842,18683,416.0,2023-03-02 23:04:07.102726,Wrong Item,1.0,427.17
7455,49844,16721,476.0,2023-07-27 07:23:21.083786,Defective,1.0,204.31
7457,49883,13744,275.0,2023-07-12 02:43:20.433879,Wrong Item,5.0,668.2
7458,49883,13744,686.0,2023-06-29 02:43:20.433879,Wrong Item,1.0,1428.49
7459,49883,13744,754.0,2023-07-07 02:43:20.433879,Did not match description,1.0,692.84
7460,49883,13744,399.0,2023-07-17 02:43:20.433879,Defective,1.0,793.3
7461,49884,9948,392.0,2021-12-27 07:36:43.753568,Did not match description,2.0,321.6
7462,49884,9948,556.0,2021-12-11 07:36:43.753568,Changed Mind,1.0,115.59
7476,50018,13534,612.0,2022-07-16 08:18:17.894622,Did not match description,1.0,205.3
7480,50038,18438,442.0,2023-06-06 08:30:14.472014,Did not match description,2.0,497.8
7481,50038,18438,65.0,2023-06-01 08:30:14.472014,Did not match description,1.0,354.38
7487,50080,5684,252.0,2023-12-22 14:09:33.887160,Did not match description,1.0,213.91
7495,50126,8399,830.0,2023-09-28 06:42:35.289375,Did not match description,2.0,149.46
7496,50153,5974,671.0,2021-12-13 22:15:33.048736,Changed Mind,1.0,229.06
7497,50153,5974,814.0,2021-12-12 22:15:33.048736,Changed Mind,1.0,91.55
7498,50153,5974,512.0,2021-12-23 22:15:33.048736,Wrong Item,1.0,382.89
7499,50161,9259,356.0,2023-02-09 16:00:49.918425,Did not match description,2.0,452.58
7502,50184,17613,534.0,2021-11-19 00:49:19.598217,Wrong Item,1.0,51.34
7503,50184,17613,450.0,2021-11-07 00:49:19.598217,Wrong Item,1.0,132.14
7504,50184,17613,757.0,2021-11-11 00:49:19.598217,Did not match description,1.0,109.92
7507,50203,13091,766.0,2023-09-11 04:46:27.221180,Defective,2.0,651.0
7508,50203,13091,429.0,2023-09-04 04:46:27.221180,Defective,1.0,312.28
7510,50214,5362,612.0,2022-03-07 22:01:02.985311,Wrong Item,2.0,349.01
7513,50254,18253,676.0,2023-10-03 03:01:31.134971,Wrong Item,2.0,825.3
7514,50254,18253,28.0,2023-09-23 03:01:31.134971,Changed Mind,3.0,392.73
7518,50292,6740,839.0,2022-07-20 22:45:19.351800,Did not match description,3.0,570.63
7519,50298,12420,733.0,2022-09-11 17:28:50.048533,Wrong Item,4.0,1163.01
7520,50298,12420,510.0,2022-10-02 17:28:50.048533,Wrong Item,1.0,144.94
7521,50298,12420,151.0,2022-09-23 17:28:50.048533,Changed Mind,2.0,314.94
7522,50298,12420,922.0,2022-09-08 17:28:50.048533,Wrong Item,1.0,1057.68
7525,50329,3531,585.0,2022-11-30 01:42:08.775845,Defective,1.0,193.0
7526,50329,3531,528.0,2022-12-05 01:42:08.775845,Changed Mind,2.0,3335.18
7527,50329,3531,957.0,2022-11-24 01:42:08.775845,Wrong Item,3.0,320.76
7528,50342,10622,825.0,2022-09-22 05:58:57.106176,Did not match description,5.0,516.75
7531,50380,8883,25.0,2022-08-16 14:59:50.847292,Changed Mind,3.0,525.45
7532,50380,8883,362.0,2022-08-08 14:59:50.847292,Did not match description,1.0,288.73
7535,50441,6008,255.0,2023-12-02 19:04:30.619473,Wrong Item,1.0,1222.71
7536,50441,6008,396.0,2023-11-29 19:04:30.619473,Wrong Item,1.0,344.28
7537,50441,6008,714.0,2023-11-20 19:04:30.619473,Did not match description,1.0,368.37
7539,50448,570,254.0,2023-08-01 08:43:35.144265,Wrong Item,1.0,1066.87
7545,50495,14853,704.0,2023-05-06 20:38:53.176811,Defective,2.0,3204.82
7546,50495,14853,489.0,2023-05-01 20:38:53.176811,Did not match description,1.0,595.66
7548,50502,12485,8.0,2022-11-01 05:41:23.130535,Defective,1.0,213.18
7549,50502,12485,892.0,2022-11-10 05:41:23.130535,Did not match description,5.0,1050.15
7550,50502,12485,140.0,2022-11-19 05:41:23.130535,Wrong Item,4.0,793.98
7551,50502,12485,573.0,2022-11-16 05:41:23.130535,Did not match description,2.0,134.24
7553,50517,5828,568.0,2022-07-26 19:47:04.529989,Did not match description,5.0,1120.2
7554,50529,14427,382.0,2023-01-02 10:09:27.900602,Wrong Item,1.0,347.49
7558,50536,5663,787.0,2023-03-28 16:01:23.106579,Did not match description,1.0,67.97
7559,50536,5663,806.0,2023-04-06 16:01:23.106579,Wrong Item,3.0,3558.84
7562,50553,6284,75.0,2022-03-26 03:41:30.814331,Defective,1.0,32.66
7563,50553,6284,660.0,2022-03-21 03:41:30.814331,Changed Mind,1.0,83.53
7564,50553,6284,582.0,2022-03-23 03:41:30.814331,Defective,1.0,25.35
7566,50584,19607,979.0,2022-04-19 00:57:04.236208,Wrong Item,1.0,30.34
7567,50584,19607,848.0,2022-04-13 00:57:04.236208,Did not match description,1.0,71.23
7568,50584,19607,331.0,2022-04-20 00:57:04.236208,Wrong Item,1.0,1753.58
7569,50584,19607,164.0,2022-04-10 00:57:04.236208,Wrong Item,1.0,199.81
7570,50607,13689,692.0,2023-04-20 04:59:41.579945,Defective,4.0,1066.84
7571,50607,13689,799.0,2023-04-30 04:59:41.579945,Defective,2.0,294.76
7572,50607,13689,802.0,2023-05-03 04:59:41.579945,Did not match description,1.0,60.04
7576,50617,2677,506.0,2023-02-11 18:25:14.168170,Defective,2.0,2492.62
7577,50617,2677,556.0,2023-03-01 18:25:14.168170,Changed Mind,1.0,144.49
7578,50630,17869,713.0,2023-08-06 06:25:17.902809,Changed Mind,5.0,736.4
7580,50649,88,510.0,2023-02-24 17:37:37.201674,Defective,1.0,144.94
7581,50649,88,221.0,2023-02-22 17:37:37.201674,Defective,1.0,730.48
7589,50712,15,311.0,2023-05-01 08:32:14.278563,Defective,2.0,839.12
7590,50712,15,246.0,2023-05-22 08:32:14.278563,Changed Mind,2.0,750.12
7594,50738,10145,754.0,2023-10-28 14:03:07.706658,Wrong Item,3.0,2078.52
7595,50738,10145,432.0,2023-10-15 14:03:07.706658,Defective,1.0,251.5
7596,50738,10145,199.0,2023-10-14 14:03:07.706658,Did not match description,1.0,215.04
7603,50796,10818,74.0,2022-12-24 10:57:32.037481,Did not match description,1.0,69.48
7604,50796,10818,884.0,2022-12-28 10:57:32.037481,Changed Mind,1.0,484.82
7610,50823,4228,784.0,2023-12-31 00:35:13.967542,Defective,1.0,623.24
7611,50823,4228,737.0,2024-01-23 00:35:13.967542,Defective,1.0,349.37
7613,50838,937,74.0,2023-11-23 20:10:46.525196,Did not match description,1.0,62.53
7615,50862,11148,252.0,2023-12-20 14:58:48.292143,Changed Mind,1.0,213.91
7616,50862,11148,972.0,2023-12-24 14:58:48.292143,Changed Mind,5.0,355.1
7641,50958,6167,685.0,2023-02-17 15:49:52.212475,Changed Mind,3.0,515.97
7662,51176,6728,835.0,2023-05-17 20:50:27.824976,Defective,1.0,1243.79
7663,51176,6728,577.0,2023-05-28 20:50:27.824976,Defective,1.0,359.23
7664,51176,6728,205.0,2023-05-27 20:50:27.824976,Wrong Item,1.0,704.39
7665,51202,297,902.0,2023-05-31 19:24:10.470784,Changed Mind,1.0,285.76
7666,51202,297,370.0,2023-06-03 19:24:10.470784,Defective,1.0,113.74
7674,51213,2052,648.0,2023-03-29 09:29:43.032262,Changed Mind,1.0,2557.96
7675,51213,2052,516.0,2023-03-26 09:29:43.032262,Changed Mind,1.0,118.27
7676,51213,2052,829.0,2023-04-03 09:29:43.032262,Defective,1.0,159.57
7677,51213,2052,954.0,2023-03-28 09:29:43.032262,Did not match description,1.0,25.79
7683,51327,3319,18.0,2022-12-20 07:41:10.425949,Did not match description,1.0,28.07
7684,51342,9146,661.0,2024-01-02 10:10:54.949682,Wrong Item,1.0,339.74
7685,51342,9146,558.0,2023-12-30 10:10:54.949682,Wrong Item,1.0,386.45
7686,51342,9146,905.0,2024-01-04 10:10:54.949682,Changed Mind,2.0,238.9
7687,51342,9146,933.0,2024-01-16 10:10:54.949682,Did not match description,2.0,740.7
7691,51415,1244,462.0,2023-11-07 02:06:17.373607,Defective,1.0,185.41
7692,51415,1244,397.0,2023-10-22 02:06:17.373607,Defective,1.0,143.72
7708,51550,6901,810.0,2023-10-28 21:18:26.037240,Defective,1.0,108.56
7709,51550,6901,119.0,2023-10-29 21:18:26.037240,Changed Mind,4.0,4877.44
7712,51613,12886,749.0,2021-10-16 02:20:28.179337,Changed Mind,1.0,1496.74
7713,51613,12886,554.0,2021-10-04 02:20:28.179337,Did not match description,1.0,76.28
7714,51613,12886,194.0,2021-10-08 02:20:28.179337,Changed Mind,1.0,1770.1
7715,51613,12886,178.0,2021-10-12 02:20:28.179337,Changed Mind,1.0,408.56
7716,51616,13906,915.0,2023-06-05 22:45:33.216606,Did not match description,1.0,2283.14
7717,51616,13906,56.0,2023-05-12 22:45:33.216606,Wrong Item,1.0,64.01
7718,51616,13906,168.0,2023-05-31 22:45:33.216606,Changed Mind,1.0,598.25
7723,51631,2739,680.0,2023-10-13 08:08:22.350736,Wrong Item,1.0,168.22
7724,51631,2739,945.0,2023-09-25 08:08:22.350736,Changed Mind,1.0,134.23
7725,51631,2739,829.0,2023-10-13 08:08:22.350736,Changed Mind,1.0,159.57
7726,51631,2739,319.0,2023-10-19 08:08:22.350736,Did not match description,1.0,272.28
7727,51634,18187,554.0,2022-11-02 09:03:47.301876,Wrong Item,1.0,76.28
7728,51634,18187,24.0,2022-11-13 09:03:47.301876,Changed Mind,1.0,49.3
7729,51645,548,109.0,2023-10-18 21:46:54.215121,Defective,3.0,1834.08
7733,51663,10039,361.0,2023-12-17 23:48:48.834261,Wrong Item,4.0,310.76
7734,51663,10039,283.0,2023-11-22 23:48:48.834261,Did not match description,3.0,731.58
7735,51663,10039,302.0,2023-12-09 23:48:48.834261,Defective,2.0,825.14
7736,51670,5961,668.0,2023-11-15 14:01:37.745549,Did not match description,3.0,324.24
7737,51670,5961,22.0,2023-12-03 14:01:37.745549,Defective,1.0,40.69
7743,51705,8969,860.0,2023-12-26 10:34:32.575419,Changed Mind,1.0,220.15
7761,51831,9694,70.0,2022-07-25 18:17:14.500507,Defective,1.0,958.17
7762,51831,9694,992.0,2022-07-16 18:17:14.500507,Did not match description,3.0,4512.12
7763,51831,9694,272.0,2022-07-20 18:17:14.500507,Changed Mind,1.0,44.08
7768,51847,3040,972.0,2023-03-09 18:20:41.695126,Changed Mind,1.0,63.92
7770,51859,17629,390.0,2022-12-14 00:40:27.713199,Changed Mind,1.0,119.49
7775,51895,9708,867.0,2022-07-25 03:24:56.647596,Did not match description,1.0,113.48
7777,51922,1263,410.0,2022-05-19 06:03:43.175085,Did not match description,1.0,179.4
7778,51922,1263,203.0,2022-05-12 06:03:43.175085,Did not match description,1.0,315.86
7779,51922,1263,810.0,2022-05-05 06:03:43.175085,Changed Mind,2.0,217.12
7780,51940,7999,523.0,2023-12-22 06:17:58.980948,Changed Mind,1.0,344.72
7781,51940,7999,522.0,2023-11-30 06:17:58.980948,Changed Mind,1.0,1115.58
7782,51940,7999,237.0,2023-12-06 06:17:58.980948,Did not match description,3.0,912.03
7795,52058,12290,957.0,2023-12-13 18:41:02.497795,Did not match description,1.0,106.92
7796,52058,12290,644.0,2023-12-24 18:41:02.497795,Did not match description,1.0,2168.99
7797,52058,12290,940.0,2023-12-10 18:41:02.497795,Changed Mind,5.0,1367.55
7798,52058,12290,377.0,2023-12-28 18:41:02.497795,Wrong Item,1.0,155.78
7804,52101,14822,43.0,2022-11-09 09:44:19.188836,Did not match description,1.0,797.27
7805,52101,14822,395.0,2022-11-29 09:44:19.188836,Wrong Item,4.0,7177.44
7806,52101,14822,183.0,2022-12-01 09:44:19.188836,Defective,1.0,176.28
7808,52140,9399,503.0,2023-08-08 16:07:25.401804,Did not match description,1.0,708.07
7821,52234,12510,954.0,2023-05-13 12:38:33.632452,Did not match description,1.0,25.79
7822,52254,468,215.0,2022-08-19 13:42:44.622526,Changed Mind,1.0,230.13
7823,52254,468,987.0,2022-07-28 13:42:44.622526,Wrong Item,1.0,103.53
7825,52265,4159,246.0,2024-01-14 15:22:57.916039,Changed Mind,1.0,375.06
7826,52268,18349,244.0,2024-01-06 04:14:44.096667,Did not match description,1.0,631.42
7827,52268,18349,451.0,2024-01-08 04:14:44.096667,Wrong Item,1.0,251.21
7838,52301,17760,230.0,2022-08-25 17:06:37.380883,Defective,4.0,830.68
7843,52329,11707,513.0,2023-05-19 05:31:16.948868,Changed Mind,1.0,179.48
7844,52329,11707,531.0,2023-05-09 05:31:16.948868,Defective,1.0,2331.94
7845,52329,11707,953.0,2023-05-08 05:31:16.948868,Did not match description,4.0,600.68
7849,52380,7743,449.0,2023-06-23 16:30:56.866925,Wrong Item,1.0,126.76
7850,52387,10959,273.0,2023-01-10 19:33:17.336567,Defective,4.0,513.33
7853,52449,15980,579.0,2023-05-08 14:03:23.754358,Did not match description,1.0,358.33
7854,52449,15980,345.0,2023-04-16 14:03:23.754358,Wrong Item,1.0,40.73
7855,52449,15980,487.0,2023-04-24 14:03:23.754358,Did not match description,1.0,143.32
7856,52450,9178,673.0,2023-09-11 08:26:22.464561,Changed Mind,1.0,923.6
7857,52454,2675,944.0,2023-03-31 17:56:39.821242,Wrong Item,1.0,1248.68
7858,52454,2675,765.0,2023-04-06 17:56:39.821242,Changed Mind,1.0,1326.48
7860,52471,19405,675.0,2021-06-30 09:47:13.665790,Did not match description,1.0,91.73
7861,52471,19405,370.0,2021-06-12 09:47:13.665790,Wrong Item,1.0,142.18
7867,52589,4617,74.0,2023-09-15 16:33:04.869323,Wrong Item,2.0,111.17
7868,52589,4617,161.0,2023-09-28 16:33:04.869323,Changed Mind,1.0,698.16
7871,52611,13175,478.0,2022-05-24 19:01:09.589924,Defective,1.0,190.9
7872,52611,13175,973.0,2022-05-06 19:01:09.589924,Changed Mind,1.0,476.41
7873,52611,13175,35.0,2022-05-21 19:01:09.589924,Wrong Item,1.0,272.53
7876,52618,18725,785.0,2023-06-08 20:54:01.742007,Did not match description,2.0,255.63
7877,52618,18725,380.0,2023-05-30 20:54:01.742007,Defective,1.0,120.14
7880,52658,6942,841.0,2023-11-09 01:30:26.473155,Wrong Item,1.0,88.74
7881,52661,8306,739.0,2023-12-15 04:37:39.623667,Defective,2.0,509.56
7882,52661,8306,495.0,2023-12-10 04:37:39.623667,Changed Mind,1.0,28.38
7883,52661,8306,518.0,2023-12-13 04:37:39.623667,Did not match description,1.0,570.9
7884,52661,8306,87.0,2023-12-21 04:37:39.623667,Did not match description,1.0,526.93
7887,52678,8367,892.0,2023-04-06 09:38:07.941987,Did not match description,1.0,210.03
7888,52678,8367,781.0,2023-04-05 09:38:07.941987,Wrong Item,1.0,210.63
7892,52692,2995,979.0,2022-03-09 04:44:09.210368,Defective,1.0,30.34
7893,52697,10021,411.0,2022-12-03 17:09:55.114845,Defective,1.0,308.03
7894,52697,10021,125.0,2022-11-23 17:09:55.114845,Defective,1.0,225.35
7902,52795,17252,674.0,2022-08-03 02:00:57.021936,Did not match description,3.0,752.73
7903,52795,17252,819.0,2022-08-03 02:00:57.021936,Changed Mind,2.0,370.34
7910,52872,14779,480.0,2023-03-04 03:34:23.410266,Changed Mind,3.0,440.88
7919,52923,7124,442.0,2023-09-01 14:44:05.242328,Defective,1.0,248.9
7920,52923,7124,23.0,2023-08-30 14:44:05.242328,Wrong Item,1.0,113.72
7924,52964,19297,150.0,2023-08-09 03:35:04.229670,Changed Mind,1.0,1236.32
7925,52964,19297,792.0,2023-08-08 03:35:04.229670,Defective,1.0,1412.94
7926,52964,19297,658.0,2023-09-03 03:35:04.229670,Changed Mind,3.0,2327.16
7927,52964,19297,972.0,2023-08-20 03:35:04.229670,Defective,1.0,71.02
7928,52964,19297,319.0,2023-09-01 03:35:04.229670,Defective,1.0,272.28
7930,52970,14277,80.0,2021-08-16 15:49:34.689341,Changed Mind,1.0,139.52
7932,52972,1334,341.0,2023-11-08 06:40:18.984060,Changed Mind,1.0,64.47
7933,52972,1334,696.0,2023-10-20 06:40:18.984060,Changed Mind,1.0,1027.94
7934,52972,1334,779.0,2023-10-20 06:40:18.984060,Defective,1.0,142.98
7936,52995,15236,137.0,2021-04-23 14:48:36.301108,Did not match description,1.0,1645.22
7937,52995,15236,153.0,2021-04-19 14:48:36.301108,Changed Mind,4.0,1514.84
7938,52995,15236,825.0,2021-04-17 14:48:36.301108,Did not match description,1.0,103.35
7939,52998,1878,495.0,2023-12-22 11:25:13.728005,Did not match description,2.0,56.76
7940,53008,8823,363.0,2023-07-25 01:37:55.473450,Did not match description,1.0,307.89
7941,53008,8823,857.0,2023-07-27 01:37:55.473450,Defective,1.0,446.66
7942,53008,8823,209.0,2023-08-02 01:37:55.473450,Changed Mind,1.0,1601.65
7943,53008,8823,343.0,2023-07-31 01:37:55.473450,Did not match description,1.0,166.29
7958,53098,12231,521.0,2022-12-12 07:19:21.926575,Wrong Item,1.0,69.23
7959,53098,12231,241.0,2022-12-09 07:19:21.926575,Wrong Item,2.0,958.8
7966,53149,11202,411.0,2023-02-23 23:15:47.458828,Defective,1.0,308.03
7973,53190,9014,501.0,2023-10-09 06:46:15.138002,Changed Mind,1.0,367.56
7974,53190,9014,15.0,2023-10-11 06:46:15.138002,Did not match description,2.0,230.02
7977,53211,5407,73.0,2022-10-17 02:09:30.310164,Did not match description,2.0,2891.48
7978,53211,5407,425.0,2022-10-15 02:09:30.310164,Defective,1.0,450.17
7979,53211,5407,726.0,2022-10-22 02:09:30.310164,Wrong Item,2.0,562.92
7980,53213,9846,713.0,2022-12-05 16:08:09.338561,Defective,3.0,441.84
7982,53275,13860,92.0,2023-09-30 00:45:02.665008,Defective,1.0,325.85
7983,53275,13860,822.0,2023-09-27 00:45:02.665008,Defective,3.0,1203.51
7985,53287,5962,570.0,2024-01-11 17:25:30.048538,Wrong Item,1.0,212.05
7986,53287,5962,607.0,2024-01-05 17:25:30.048538,Defective,2.0,1147.71
7989,53303,6491,627.0,2023-08-17 23:23:21.863171,Changed Mind,1.0,48.69
7990,53303,6491,215.0,2023-08-12 23:23:21.863171,Changed Mind,2.0,460.26
7991,53303,6491,699.0,2023-08-26 23:23:21.863171,Changed Mind,1.0,780.25
7992,53308,13415,611.0,2023-01-25 07:19:19.340240,Changed Mind,1.0,55.13
7993,53308,13415,519.0,2023-02-09 07:19:19.340240,Changed Mind,1.0,424.21
7996,53365,18806,954.0,2023-06-26 17:00:45.865001,Changed Mind,4.0,103.16
7997,53365,18806,109.0,2023-06-24 17:00:45.865001,Defective,3.0,1467.26
7998,53365,18806,743.0,2023-06-14 17:00:45.865001,Defective,2.0,508.82
7999,53365,18806,298.0,2023-07-06 17:00:45.865001,Defective,1.0,2344.1
8000,53365,18806,941.0,2023-06-17 17:00:45.865001,Wrong Item,1.0,238.84
8003,53387,8061,287.0,2024-01-28 01:38:30.174381,Defective,1.0,37.62
8008,53427,12294,196.0,2023-05-09 08:59:26.736643,Changed Mind,4.0,517.31
8009,53427,12294,816.0,2023-05-13 08:59:26.736643,Wrong Item,1.0,292.12
8010,53427,12294,922.0,2023-05-18 08:59:26.736643,Changed Mind,1.0,1057.68
8013,53441,7407,260.0,2023-10-04 12:41:55.709983,Wrong Item,1.0,765.6
8016,53467,8955,577.0,2022-09-05 14:29:58.741999,Defective,3.0,1347.12
8017,53467,8955,357.0,2022-09-29 14:29:58.741999,Wrong Item,1.0,64.37
8028,53517,16072,76.0,2023-10-12 13:37:33.200544,Did not match description,1.0,300.6
8029,53517,16072,380.0,2023-09-29 13:37:33.200544,Changed Mind,3.0,360.42
8030,53564,3238,755.0,2023-07-13 20:59:18.200289,Changed Mind,1.0,136.31
8031,53564,3238,30.0,2023-07-13 20:59:18.200289,Wrong Item,1.0,1477.15
8033,53587,15154,873.0,2023-10-25 20:49:30.914912,Defective,1.0,146.33
8034,53587,15154,967.0,2023-11-02 20:49:30.914912,Wrong Item,2.0,851.62
8035,53587,15154,973.0,2023-10-12 20:49:30.914912,Wrong Item,1.0,476.41
8037,53589,2998,77.0,2023-07-14 17:00:17.134994,Wrong Item,1.0,1129.11
8038,53589,2998,86.0,2023-07-16 17:00:17.134994,Did not match description,2.0,380.66
8039,53589,2998,18.0,2023-08-04 17:00:17.134994,Did not match description,1.0,28.07
8040,53589,2998,89.0,2023-07-27 17:00:17.134994,Wrong Item,2.0,4194.42
8041,53589,2998,695.0,2023-07-15 17:00:17.134994,Wrong Item,2.0,3459.56
8044,53642,15730,124.0,2023-07-13 19:02:14.121530,Wrong Item,1.0,510.04
8045,53650,7935,726.0,2023-11-12 05:01:03.372790,Wrong Item,2.0,562.92
8052,53729,13360,274.0,2023-12-20 16:05:24.153115,Defective,1.0,341.88
8053,53729,13360,445.0,2023-12-03 16:05:24.153115,Defective,1.0,138.05
8054,53736,5646,802.0,2023-06-08 06:47:39.879386,Defective,1.0,48.03
8055,53736,5646,162.0,2023-05-31 06:47:39.879386,Changed Mind,2.0,212.3
8056,53736,5646,710.0,2023-05-21 06:47:39.879386,Defective,1.0,633.67
8068,53818,6217,709.0,2022-02-02 19:02:17.837871,Did not match description,1.0,1608.23
8069,53818,6217,329.0,2022-01-23 19:02:17.837871,Wrong Item,1.0,64.98
8082,53952,9656,407.0,2022-11-15 09:21:51.856455,Changed Mind,1.0,486.51
8083,53952,9656,475.0,2022-11-07 09:21:51.856455,Defective,3.0,1257.81
8088,53968,19247,932.0,2023-08-18 01:22:55.813799,Defective,1.0,269.21
8089,53968,19247,192.0,2023-08-21 01:22:55.813799,Changed Mind,1.0,245.32
8096,54003,9202,99.0,2023-08-14 04:53:54.110181,Changed Mind,1.0,231.65
8099,54024,14329,324.0,2023-04-03 14:00:14.824795,Defective,1.0,225.61
8100,54028,4781,735.0,2023-05-28 07:33:26.910857,Wrong Item,1.0,1183.46
8101,54028,4781,676.0,2023-05-28 07:33:26.910857,Wrong Item,1.0,412.65
8102,54028,4781,308.0,2023-05-28 07:33:26.910857,Defective,1.0,99.13
8103,54033,2228,556.0,2023-09-07 09:40:05.278327,Changed Mind,3.0,433.47
8108,54075,15672,371.0,2023-12-14 04:25:26.474779,Did not match description,1.0,121.92
8109,54076,660,717.0,2023-01-11 22:18:43.430363,Changed Mind,1.0,180.88
8110,54076,660,791.0,2023-01-24 22:18:43.430363,Wrong Item,3.0,1578.93
8111,54077,6655,627.0,2023-12-27 18:06:02.761294,Wrong Item,1.0,38.95
8112,54077,6655,512.0,2024-01-18 18:06:02.761294,Wrong Item,1.0,382.89
8113,54077,6655,941.0,2024-01-16 18:06:02.761294,Wrong Item,3.0,716.52
8114,54077,6655,12.0,2023-12-28 18:06:02.761294,Changed Mind,1.0,1266.22
8118,54111,4273,94.0,2023-12-15 09:58:38.655580,Did not match description,1.0,178.69
8126,54161,10337,164.0,2023-12-27 09:06:20.192282,Changed Mind,1.0,199.81
8128,54177,6152,852.0,2023-06-08 01:12:56.717731,Defective,1.0,198.84
8129,54177,6152,287.0,2023-06-04 01:12:56.717731,Defective,1.0,37.62
8130,54186,1685,449.0,2024-01-07 18:05:51.796383,Changed Mind,1.0,149.13
8132,54217,12340,129.0,2024-01-04 11:36:11.218972,Changed Mind,3.0,879.84
8133,54217,12340,927.0,2024-01-07 11:36:11.218972,Defective,3.0,1675.14
8134,54217,12340,203.0,2023-12-15 11:36:11.218972,Changed Mind,2.0,536.96
8135,54217,12340,334.0,2023-12-21 11:36:11.218972,Wrong Item,1.0,407.65
8136,54217,12340,246.0,2024-01-08 11:36:11.218972,Changed Mind,1.0,375.06
8144,54290,3943,4.0,2023-10-22 14:16:07.533835,Wrong Item,5.0,1236.56
8145,54290,3943,408.0,2023-10-18 14:16:07.533835,Did not match description,1.0,147.94
8146,54290,3943,358.0,2023-11-06 14:16:07.533835,Did not match description,4.0,274.72
8151,54346,16337,607.0,2023-01-08 11:57:38.644473,Did not match description,4.0,2869.28
8152,54346,16337,688.0,2023-01-28 11:57:38.644473,Wrong Item,1.0,127.8
8156,54374,10153,334.0,2023-11-17 10:44:42.676486,Changed Mind,1.0,407.65
8157,54374,10153,770.0,2023-11-14 10:44:42.676486,Defective,3.0,35.61
8158,54374,10153,130.0,2023-11-25 10:44:42.676486,Wrong Item,3.0,183.19
8161,54402,17978,259.0,2023-11-14 01:00:15.870633,Did not match description,3.0,742.38
8162,54404,4428,103.0,2023-08-29 18:12:54.946930,Changed Mind,1.0,282.73
8163,54404,4428,198.0,2023-09-15 18:12:54.946930,Did not match description,1.0,58.64
8164,54408,13795,525.0,2023-09-14 00:38:03.379597,Defective,1.0,328.85
8165,54408,13795,678.0,2023-09-08 00:38:03.379597,Changed Mind,1.0,417.89
8166,54408,13795,700.0,2023-10-02 00:38:03.379597,Changed Mind,2.0,566.91
8167,54440,19726,103.0,2022-09-28 18:16:12.307108,Changed Mind,3.0,720.96
8171,54484,16457,610.0,2022-08-23 19:51:02.931910,Changed Mind,1.0,604.11
8172,54484,16457,624.0,2022-08-22 19:51:02.931910,Defective,1.0,274.97
8179,54505,19083,134.0,2023-12-11 17:55:24.064742,Changed Mind,1.0,127.06
8180,54505,19083,259.0,2024-01-04 17:55:24.064742,Wrong Item,1.0,247.46
8181,54505,19083,636.0,2023-12-24 17:55:24.064742,Changed Mind,1.0,273.1
8182,54506,1322,893.0,2024-01-13 01:26:29.284596,Defective,1.0,161.53
8183,54512,13811,310.0,2024-01-06 11:52:20.970829,Defective,1.0,210.88
8184,54512,13811,177.0,2024-01-26 11:52:20.970829,Wrong Item,2.0,831.8
8185,54512,13811,960.0,2024-01-23 11:52:20.970829,Wrong Item,1.0,95.43
8186,54512,13811,556.0,2023-12-31 11:52:20.970829,Defective,1.0,144.49
8188,54550,1284,372.0,2023-06-25 17:45:04.003981,Changed Mind,2.0,890.04
8191,54582,7857,770.0,2023-09-08 21:28:00.645525,Defective,1.0,11.87
8196,54627,17939,34.0,2023-03-16 19:12:45.311513,Wrong Item,1.0,443.86
8200,54668,11138,999.0,2023-05-21 14:13:52.694599,Wrong Item,2.0,814.28
8201,54668,11138,272.0,2023-05-28 14:13:52.694599,Did not match description,1.0,44.08
8202,54669,3381,542.0,2023-12-22 14:02:31.163447,Defective,4.0,762.24
8203,54669,3381,893.0,2023-12-17 14:02:31.163447,Wrong Item,1.0,161.53
8206,54695,8513,825.0,2023-02-11 01:06:34.782666,Defective,2.0,206.7
8207,54699,5580,956.0,2022-11-10 14:08:28.931600,Changed Mind,1.0,210.16
8208,54702,4296,872.0,2023-09-10 14:20:13.657233,Changed Mind,1.0,98.84
8209,54702,4296,914.0,2023-09-22 14:20:13.657233,Changed Mind,1.0,675.34
8217,54810,495,253.0,2023-12-15 07:25:02.219030,Wrong Item,2.0,558.62
8218,54818,14447,478.0,2023-09-10 13:23:28.236111,Wrong Item,1.0,152.72
8220,54858,17382,929.0,2022-07-06 07:44:00.131717,Changed Mind,1.0,70.28
8221,54858,17382,336.0,2022-07-13 07:44:00.131717,Wrong Item,4.0,891.28
8222,54858,17382,261.0,2022-07-21 07:44:00.131717,Wrong Item,1.0,393.47
8226,54907,18416,99.0,2023-09-25 04:11:13.887908,Defective,1.0,231.65
8227,54907,18416,325.0,2023-09-18 04:11:13.887908,Wrong Item,5.0,1218.6
8228,54923,1787,554.0,2023-01-31 01:47:53.377123,Wrong Item,2.0,152.56
8229,54923,1787,220.0,2023-02-11 01:47:53.377123,Did not match description,1.0,235.11
8238,54987,16373,717.0,2024-01-14 04:16:36.016667,Changed Mind,1.0,180.88
8241,54999,7316,310.0,2023-05-10 11:02:12.690125,Wrong Item,1.0,168.7
8242,55001,9854,236.0,2022-01-17 15:36:59.862403,Defective,1.0,165.0
8243,55001,9854,52.0,2022-02-10 15:36:59.862403,Wrong Item,1.0,166.74
8245,55007,8103,474.0,2023-05-20 10:05:31.392564,Did not match description,1.0,61.46
8246,55015,12917,562.0,2023-11-01 06:30:44.402424,Wrong Item,1.0,851.65
8247,55015,12917,556.0,2023-10-30 06:30:44.402424,Did not match description,1.0,115.59
8248,55068,1008,246.0,2024-01-11 03:05:53.772068,Defective,3.0,956.4
8254,55129,547,196.0,2023-11-03 16:28:38.450330,Changed Mind,3.0,387.98
8256,55156,17444,529.0,2022-06-01 07:48:51.149792,Did not match description,1.0,70.03
8257,55156,17444,476.0,2022-05-22 07:48:51.149792,Wrong Item,1.0,204.31
8262,55203,4877,287.0,2022-02-08 13:56:59.969457,Did not match description,1.0,33.86
8263,55209,1289,54.0,2022-12-26 05:07:58.308278,Wrong Item,1.0,750.48
8264,55209,1289,92.0,2022-12-08 05:07:58.308278,Did not match description,1.0,325.85
8265,55209,1289,529.0,2022-12-03 05:07:58.308278,Defective,1.0,56.02
8266,55209,1289,402.0,2022-12-21 05:07:58.308278,Defective,1.0,1344.94
8267,55210,14752,335.0,2022-07-22 09:04:32.703871,Defective,1.0,574.23
8268,55210,14752,180.0,2022-07-27 09:04:32.703871,Wrong Item,1.0,1463.94
8269,55210,14752,92.0,2022-07-07 09:04:32.703871,Wrong Item,2.0,521.36
8271,55278,3926,901.0,2022-03-28 15:46:41.249015,Wrong Item,1.0,168.94
8273,55289,17573,679.0,2021-11-20 09:19:18.804878,Did not match description,4.0,4436.2
8274,55289,17573,371.0,2021-11-17 09:19:18.804878,Wrong Item,1.0,135.47
8275,55289,17573,717.0,2021-10-30 09:19:18.804878,Changed Mind,1.0,180.88
8281,55364,16486,762.0,2021-12-30 20:26:25.050251,Wrong Item,1.0,118.21
8282,55364,16486,884.0,2021-12-11 20:26:25.050251,Changed Mind,2.0,969.64
8283,55365,14253,428.0,2023-11-23 11:18:02.192390,Wrong Item,1.0,1424.37
8284,55365,14253,366.0,2023-11-05 11:18:02.192390,Did not match description,4.0,3907.88
8285,55365,14253,151.0,2023-10-26 11:18:02.192390,Did not match description,1.0,185.26
8286,55365,14253,541.0,2023-10-29 11:18:02.192390,Defective,2.0,2613.85
8287,55399,9188,441.0,2023-01-09 00:06:07.469090,Wrong Item,2.0,458.4
8288,55413,18505,700.0,2023-03-15 21:25:27.343113,Wrong Item,1.0,314.95
8289,55413,18505,923.0,2023-03-05 21:25:27.343113,Defective,5.0,1994.35
8290,55413,18505,545.0,2023-03-25 21:25:27.343113,Wrong Item,1.0,46.93
8291,55414,11388,740.0,2022-09-20 09:20:06.366385,Did not match description,1.0,185.27
8293,55451,1232,328.0,2022-12-19 07:31:30.520593,Defective,1.0,224.96
8294,55451,1232,62.0,2022-12-18 07:31:30.520593,Wrong Item,1.0,1348.11
8296,55466,13891,900.0,2023-03-26 09:38:47.684720,Changed Mind,1.0,194.06
8297,55466,13891,513.0,2023-04-04 09:38:47.684720,Did not match description,3.0,538.44
8301,55527,679,561.0,2022-10-20 18:32:54.161785,Wrong Item,1.0,546.29
8302,55527,679,568.0,2022-10-14 18:32:54.161785,Defective,1.0,224.04
8304,55552,15082,589.0,2023-08-01 20:26:28.935101,Changed Mind,1.0,141.29
8305,55552,15082,978.0,2023-07-30 20:26:28.935101,Wrong Item,2.0,479.04
8306,55552,15082,205.0,2023-07-13 20:26:28.935101,Changed Mind,1.0,880.49
8307,55552,15082,861.0,2023-07-21 20:26:28.935101,Did not match description,1.0,201.8
8314,55599,358,349.0,2023-03-04 22:56:30.498154,Wrong Item,1.0,20.27
8317,55605,3090,287.0,2023-12-23 06:43:28.871226,Did not match description,1.0,37.62
8321,55639,3538,901.0,2023-09-05 12:56:24.415895,Did not match description,3.0,506.82
8322,55639,3538,567.0,2023-09-12 12:56:24.415895,Changed Mind,1.0,133.79
8325,55646,7818,901.0,2021-10-18 00:13:08.108210,Wrong Item,5.0,718.0
8326,55646,7818,492.0,2021-09-24 00:13:08.108210,Did not match description,1.0,90.47
8340,55703,10889,390.0,2023-12-06 12:22:18.066959,Did not match description,1.0,132.77
8341,55703,10889,353.0,2023-11-17 12:22:18.066959,Wrong Item,1.0,101.23
8342,55703,10889,241.0,2023-12-11 12:22:18.066959,Wrong Item,3.0,1438.2
8343,55703,10889,419.0,2023-11-17 12:22:18.066959,Changed Mind,1.0,162.53
8344,55732,10654,893.0,2022-01-29 11:35:34.357045,Defective,4.0,646.12
8354,55816,15228,273.0,2022-10-28 01:26:04.891657,Did not match description,3.0,452.94
8355,55821,9102,717.0,2023-12-05 21:39:23.798526,Defective,2.0,361.76
8357,55869,17103,80.0,2023-08-21 09:39:57.180636,Wrong Item,1.0,139.52
8358,55869,17103,466.0,2023-08-30 09:39:57.180636,Wrong Item,2.0,3095.34
8359,55869,17103,856.0,2023-09-11 09:39:57.180636,Did not match description,2.0,259.58
8360,55886,15870,478.0,2024-01-01 07:50:05.608809,Defective,1.0,152.72
8361,55886,15870,70.0,2023-12-25 07:50:05.608809,Did not match description,1.0,958.17
8362,55886,15870,55.0,2023-12-28 07:50:05.608809,Changed Mind,4.0,697.58
8368,55902,15742,214.0,2023-10-03 15:50:38.402202,Changed Mind,1.0,697.72
8369,55902,15742,303.0,2023-09-07 15:50:38.402202,Changed Mind,2.0,452.28
8370,55902,15742,34.0,2023-09-15 15:50:38.402202,Changed Mind,1.0,443.86
8371,55902,15742,654.0,2023-09-26 15:50:38.402202,Defective,1.0,272.38
8372,55902,15742,453.0,2023-09-17 15:50:38.402202,Wrong Item,1.0,139.91
8380,55944,8186,705.0,2023-05-09 11:38:52.020155,Defective,1.0,77.0
8381,55944,8186,676.0,2023-05-10 11:38:52.020155,Wrong Item,1.0,350.75
8382,55944,8186,495.0,2023-05-18 11:38:52.020155,Changed Mind,1.0,28.38
8391,55999,13816,117.0,2023-04-26 05:43:07.732851,Changed Mind,1.0,111.1
8392,55999,13816,996.0,2023-05-10 05:43:07.732851,Did not match description,4.0,1508.8
8393,55999,13816,25.0,2023-04-24 05:43:07.732851,Defective,4.0,700.6
8394,55999,13816,240.0,2023-05-06 05:43:07.732851,Defective,1.0,597.47
8395,55999,13816,1.0,2023-04-21 05:43:07.732851,Did not match description,1.0,1748.8
8396,56003,6781,596.0,2023-12-30 04:11:21.489545,Changed Mind,1.0,207.53
8397,56008,3669,45.0,2022-05-29 09:44:40.241679,Wrong Item,1.0,141.77
8398,56008,3669,699.0,2022-06-09 09:44:40.241679,Defective,2.0,1326.43
8399,56023,13544,760.0,2023-09-30 12:26:20.933227,Wrong Item,2.0,255.56
8404,56083,16878,266.0,2023-10-16 23:17:02.438852,Defective,1.0,231.16
8405,56083,16878,626.0,2023-09-19 23:17:02.438852,Defective,1.0,45.93
8406,56083,16878,74.0,2023-10-13 23:17:02.438852,Changed Mind,3.0,177.17
8407,56098,12341,905.0,2022-08-29 14:34:51.685897,Defective,1.0,95.56
8408,56098,12341,25.0,2022-08-29 14:34:51.685897,Defective,1.0,175.15
8409,56118,18120,289.0,2023-09-26 11:24:11.312954,Did not match description,5.0,5359.76
8410,56118,18120,25.0,2023-09-04 11:24:11.312954,Defective,2.0,350.3
8411,56118,18120,290.0,2023-09-12 11:24:11.312954,Wrong Item,2.0,195.35
8412,56118,18120,208.0,2023-09-03 11:24:11.312954,Wrong Item,2.0,1148.28
8419,56169,11990,583.0,2023-07-19 18:42:07.285383,Did not match description,1.0,2365.56
8420,56169,11990,864.0,2023-07-24 18:42:07.285383,Defective,4.0,2003.96
8421,56169,11990,411.0,2023-07-22 18:42:07.285383,Changed Mind,2.0,616.06
8431,56269,7369,685.0,2021-08-15 07:38:12.706004,Wrong Item,1.0,171.99
8436,56290,10015,693.0,2023-12-10 02:25:30.744727,Did not match description,3.0,161.91
8437,56290,10015,564.0,2023-11-16 02:25:30.744727,Did not match description,1.0,2327.59
8438,56290,10015,435.0,2023-12-03 02:25:30.744727,Changed Mind,1.0,119.73
8441,56297,7681,957.0,2022-11-14 22:29:21.208340,Changed Mind,1.0,106.92
8442,56302,17228,903.0,2021-10-02 09:33:41.381010,Changed Mind,1.0,1470.13
8443,56302,17228,766.0,2021-10-13 09:33:41.381010,Wrong Item,1.0,325.5
8444,56302,17228,59.0,2021-09-26 09:33:41.381010,Changed Mind,4.0,172.36
8446,56336,10465,953.0,2023-05-15 07:22:23.068568,Changed Mind,3.0,450.51
8447,56336,10465,466.0,2023-05-02 07:22:23.068568,Wrong Item,1.0,1547.67
8448,56356,8179,183.0,2023-03-08 05:25:05.532259,Changed Mind,1.0,176.28
8449,56356,8179,930.0,2023-03-21 05:25:05.532259,Did not match description,1.0,183.16
8450,56364,9414,220.0,2023-06-10 02:44:43.834028,Changed Mind,1.0,235.11
8451,56364,9414,601.0,2023-06-10 02:44:43.834028,Did not match description,1.0,726.64
8452,56391,19571,295.0,2023-11-24 13:11:39.249382,Wrong Item,1.0,1269.42
8453,56391,19571,954.0,2023-11-11 13:11:39.249382,Defective,2.0,43.84
8465,56486,10607,676.0,2022-05-07 12:01:47.422465,Did not match description,1.0,350.75
8469,56516,9761,643.0,2023-12-23 17:15:28.138699,Did not match description,2.0,573.26
8472,56525,17887,252.0,2023-07-13 04:45:16.169470,Defective,1.0,171.13
8474,56537,1782,357.0,2021-12-24 20:11:38.615589,Defective,2.0,128.74
8475,56537,1782,478.0,2022-01-13 20:11:38.615589,Defective,1.0,190.9
8476,56537,1782,98.0,2021-12-28 20:11:38.615589,Wrong Item,1.0,564.07
8478,56605,3144,901.0,2023-04-09 16:47:24.179822,Did not match description,2.0,337.88
8479,56605,3144,931.0,2023-04-09 16:47:24.179822,Did not match description,1.0,45.42
8480,56605,3144,580.0,2023-04-09 16:47:24.179822,Wrong Item,1.0,150.88
8481,56605,3144,751.0,2023-04-07 16:47:24.179822,Changed Mind,1.0,204.98
8483,56659,1069,418.0,2022-06-24 06:48:00.241031,Did not match description,2.0,3273.3
8484,56659,1069,151.0,2022-06-18 06:48:00.241031,Wrong Item,1.0,185.26
8485,56659,1069,500.0,2022-06-20 06:48:00.241031,Wrong Item,3.0,7115.07
8486,56667,682,342.0,2022-05-29 09:50:30.367230,Wrong Item,1.0,209.98
8487,56667,682,99.0,2022-05-24 09:50:30.367230,Wrong Item,2.0,463.3
8488,56668,11775,296.0,2024-01-17 08:16:45.446050,Wrong Item,1.0,288.17
8489,56668,11775,523.0,2024-01-01 08:16:45.446050,Defective,1.0,293.01
8490,56686,19150,685.0,2023-12-22 23:13:52.382938,Did not match description,1.0,171.99
8492,56700,319,735.0,2021-11-20 12:46:00.700287,Changed Mind,1.0,1183.46
8493,56700,319,753.0,2021-11-25 12:46:00.700287,Changed Mind,1.0,13.2
8496,56728,18750,889.0,2022-07-20 11:10:56.588406,Defective,1.0,25.62
8497,56728,18750,965.0,2022-07-12 11:10:56.588406,Defective,4.0,133.57
8506,56807,9195,551.0,2023-12-20 15:19:44.415326,Defective,1.0,329.19
8509,56860,10961,123.0,2023-05-23 19:23:28.171351,Wrong Item,1.0,282.89
8513,56922,19327,164.0,2022-06-21 06:02:46.911898,Defective,2.0,399.62
8514,56922,19327,998.0,2022-05-31 06:02:46.911898,Defective,1.0,56.55
8523,56956,9259,166.0,2021-07-07 13:33:02.226237,Changed Mind,1.0,101.7
8524,56956,9259,790.0,2021-06-24 13:33:02.226237,Did not match description,1.0,255.78
8525,56960,2187,205.0,2022-02-20 22:04:25.610579,Changed Mind,1.0,880.49
8526,56960,2187,267.0,2022-02-14 22:04:25.610579,Changed Mind,1.0,1260.59
8527,56960,2187,964.0,2022-02-22 22:04:25.610579,Defective,1.0,136.44
8528,56960,2187,957.0,2022-02-08 22:04:25.610579,Wrong Item,1.0,106.92
8532,56990,4635,582.0,2023-09-03 17:46:26.983156,Defective,1.0,29.82
8533,57001,5818,230.0,2024-01-12 08:25:22.799147,Changed Mind,1.0,207.67
8535,57017,9481,582.0,2023-06-04 22:26:27.507920,Did not match description,1.0,29.82
8536,57017,9481,4.0,2023-06-03 22:26:27.507920,Defective,1.0,309.14
8545,57069,5921,347.0,2022-03-07 08:39:27.264689,Wrong Item,1.0,201.83
8546,57069,5921,700.0,2022-03-09 08:39:27.264689,Defective,2.0,629.9
8551,57139,3957,435.0,2023-11-06 17:12:54.306923,Defective,1.0,119.73
8552,57139,3957,693.0,2023-11-19 17:12:54.306923,Did not match description,1.0,45.87
8553,57147,14573,787.0,2022-07-26 16:26:58.646913,Defective,1.0,67.97
8554,57147,14573,23.0,2022-07-08 16:26:58.646913,Wrong Item,1.0,113.72
8559,57210,17302,376.0,2023-03-16 15:59:34.471316,Wrong Item,1.0,325.66
8560,57210,17302,458.0,2023-02-20 15:59:34.471316,Changed Mind,1.0,91.56
8561,57210,17302,572.0,2023-02-25 15:59:34.471316,Changed Mind,1.0,1427.21
8562,57223,11230,24.0,2021-11-05 05:33:33.078457,Changed Mind,1.0,61.63
8564,57243,2402,811.0,2022-02-21 06:20:27.453330,Defective,1.0,237.45
8565,57243,2402,959.0,2022-02-22 06:20:27.453330,Wrong Item,2.0,244.36
8567,57281,18234,338.0,2022-09-02 19:56:30.112587,Changed Mind,1.0,722.35
8568,57281,18234,197.0,2022-09-02 19:56:30.112587,Defective,1.0,381.48
8570,57324,2832,725.0,2022-08-19 05:57:44.711676,Changed Mind,1.0,39.93
8571,57324,2832,215.0,2022-08-25 05:57:44.711676,Defective,1.0,207.12
8579,57354,13670,313.0,2023-03-21 02:23:45.768204,Did not match description,2.0,316.06
8580,57354,13670,807.0,2023-03-03 02:23:45.768204,Changed Mind,2.0,1226.62
8581,57354,13670,424.0,2023-03-29 02:23:45.768204,Changed Mind,3.0,880.74
8585,57369,5792,218.0,2023-12-22 14:24:20.041746,Changed Mind,1.0,150.67
8589,57426,14599,109.0,2023-10-21 13:27:53.602146,Did not match description,3.0,1650.67
8590,57426,14599,766.0,2023-10-19 13:27:53.602146,Defective,1.0,325.5
8591,57426,14599,344.0,2023-10-21 13:27:53.602146,Wrong Item,1.0,336.66
8592,57426,14599,694.0,2023-09-26 13:27:53.602146,Changed Mind,1.0,2068.18
8593,57426,14599,855.0,2023-10-05 13:27:53.602146,Did not match description,2.0,1683.0
8595,57438,5258,234.0,2021-11-08 11:42:34.085849,Did not match description,1.0,94.49
8596,57438,5258,622.0,2021-11-13 11:42:34.085849,Wrong Item,1.0,1957.82
8597,57438,5258,671.0,2021-11-08 11:42:34.085849,Wrong Item,2.0,458.12
8598,57438,5258,198.0,2021-10-31 11:42:34.085849,Defective,5.0,249.22
8601,57462,6207,449.0,2023-11-18 01:27:17.474025,Defective,1.0,149.13
8606,57518,13652,153.0,2023-09-07 13:25:54.948511,Changed Mind,1.0,378.71
8607,57518,13652,29.0,2023-08-24 13:25:54.948511,Defective,1.0,305.85
8608,57532,1569,941.0,2023-07-27 07:41:26.640774,Wrong Item,1.0,203.01
8611,57555,5599,324.0,2023-12-08 01:58:02.722926,Changed Mind,2.0,451.22
8612,57555,5599,53.0,2023-12-11 01:58:02.722926,Wrong Item,5.0,7131.6
8613,57562,9080,539.0,2024-01-01 17:05:43.598606,Changed Mind,1.0,344.26
8614,57562,9080,453.0,2024-01-08 17:05:43.598606,Wrong Item,1.0,155.46
8615,57562,9080,683.0,2024-01-09 17:05:43.598606,Wrong Item,1.0,19.32
8616,57562,9080,942.0,2024-01-18 17:05:43.598606,Defective,1.0,2011.46
8617,57565,8141,49.0,2024-01-07 15:34:46.137862,Did not match description,3.0,746.76
8618,57565,8141,148.0,2024-01-14 15:34:46.137862,Did not match description,2.0,3784.06
8619,57565,8141,692.0,2023-12-31 15:34:46.137862,Changed Mind,1.0,240.04
8620,57565,8141,736.0,2024-01-19 15:34:46.137862,Changed Mind,1.0,341.5
8621,57565,8141,491.0,2024-01-02 15:34:46.137862,Changed Mind,4.0,8089.64
8624,57587,8128,99.0,2023-07-14 13:14:34.544501,Changed Mind,3.0,625.45
8635,57684,2112,375.0,2023-05-16 09:39:12.938177,Changed Mind,1.0,197.27
8648,57757,17224,901.0,2023-10-30 00:03:00.673802,Changed Mind,1.0,168.94
8649,57757,17224,505.0,2023-10-19 00:03:00.673802,Did not match description,1.0,141.58
8650,57757,17224,803.0,2023-11-09 00:03:00.673802,Defective,1.0,332.24
8662,57789,15007,103.0,2023-11-24 22:32:55.701339,Wrong Item,1.0,240.32
8663,57789,15007,259.0,2023-11-24 22:32:55.701339,Wrong Item,1.0,247.46
8664,57789,15007,837.0,2023-12-18 22:32:55.701339,Changed Mind,2.0,793.72
8665,57789,15007,470.0,2023-11-23 22:32:55.701339,Defective,1.0,95.76
8666,57792,4506,741.0,2022-07-15 23:31:50.661297,Did not match description,1.0,114.36
8669,57822,16720,776.0,2021-09-09 00:46:09.905225,Wrong Item,1.0,1706.27
8670,57822,16720,175.0,2021-08-19 00:46:09.905225,Wrong Item,1.0,118.56
8675,57864,10645,606.0,2023-08-06 02:24:09.825797,Changed Mind,1.0,91.69
8685,57889,13815,442.0,2023-06-10 08:10:03.098404,Changed Mind,4.0,846.26
8686,57889,13815,830.0,2023-06-23 08:10:03.098404,Defective,3.0,263.76
8687,57889,13815,532.0,2023-06-13 08:10:03.098404,Wrong Item,3.0,173.79
8688,57897,14281,301.0,2023-09-15 00:25:22.728871,Defective,1.0,314.85
8689,57897,14281,956.0,2023-09-13 00:25:22.728871,Wrong Item,1.0,210.16
8690,57897,14281,136.0,2023-09-05 00:25:22.728871,Wrong Item,1.0,523.56
8691,57897,14281,272.0,2023-09-23 00:25:22.728871,Changed Mind,1.0,44.08
8692,57901,19251,764.0,2022-10-13 11:37:56.027246,Did not match description,1.0,151.12
8693,57901,19251,231.0,2022-10-21 11:37:56.027246,Did not match description,1.0,675.53
8694,57901,19251,578.0,2022-11-09 11:37:56.027246,Did not match description,3.0,1208.67
8708,58011,19186,175.0,2023-03-06 18:11:12.951711,Wrong Item,1.0,148.2
8713,58081,2779,165.0,2023-12-21 02:35:35.807489,Defective,1.0,282.92
8714,58081,2779,997.0,2023-12-24 02:35:35.807489,Wrong Item,1.0,1418.64
8715,58102,14220,981.0,2023-10-19 17:48:18.077637,Wrong Item,1.0,101.13
8716,58102,14220,990.0,2023-10-18 17:48:18.077637,Wrong Item,1.0,105.65
8721,58218,10993,889.0,2023-02-26 17:07:53.764121,Changed Mind,1.0,23.06
8726,58261,13242,606.0,2023-05-17 12:13:15.764210,Wrong Item,2.0,165.04
8727,58261,13242,187.0,2023-05-10 12:13:15.764210,Wrong Item,1.0,1855.98
8728,58261,13242,654.0,2023-05-02 12:13:15.764210,Defective,1.0,272.38
8738,58340,6597,831.0,2023-05-14 05:10:51.940218,Wrong Item,5.0,1172.61
8739,58340,6597,998.0,2023-05-29 05:10:51.940218,Changed Mind,2.0,113.1
8741,58361,3386,230.0,2023-09-07 23:36:56.004254,Changed Mind,4.0,830.68
8744,58420,6347,711.0,2023-08-28 18:11:53.345019,Did not match description,2.0,1158.82
8745,58420,6347,121.0,2023-09-03 18:11:53.345019,Wrong Item,4.0,3132.88
8746,58420,6347,183.0,2023-08-25 18:11:53.345019,Wrong Item,4.0,705.12
8747,58422,8135,546.0,2022-05-17 06:24:42.562232,Defective,1.0,228.72
8748,58422,8135,755.0,2022-05-18 06:24:42.562232,Changed Mind,1.0,170.39
8749,58422,8135,610.0,2022-05-23 06:24:42.562232,Wrong Item,2.0,966.58
8751,58448,16975,918.0,2024-01-10 08:01:42.501720,Wrong Item,1.0,85.13
8752,58448,16975,790.0,2023-12-19 08:01:42.501720,Wrong Item,5.0,1278.9
8761,58546,16450,438.0,2023-07-14 13:34:45.816641,Wrong Item,1.0,2250.85
8765,58585,13329,25.0,2022-09-10 04:13:48.755235,Did not match description,1.0,175.15
8766,58586,8881,388.0,2023-09-02 06:18:51.370013,Did not match description,4.0,5019.36
8767,58586,8881,459.0,2023-08-16 06:18:51.370013,Did not match description,1.0,233.16
8768,58586,8881,405.0,2023-08-19 06:18:51.370013,Changed Mind,2.0,323.37
8772,58624,2113,819.0,2021-11-03 21:46:34.066864,Did not match description,1.0,185.17
8773,58624,2113,440.0,2021-10-28 21:46:34.066864,Wrong Item,1.0,931.89
8774,58632,13135,221.0,2023-03-21 06:00:08.162483,Defective,1.0,730.48
8775,58632,13135,606.0,2023-03-17 06:00:08.162483,Wrong Item,5.0,458.45
8776,58632,13135,87.0,2023-04-02 06:00:08.162483,Did not match description,1.0,526.93
8793,58765,14463,964.0,2024-01-02 10:08:09.310976,Did not match description,4.0,545.76
8794,58765,14463,203.0,2023-12-18 10:08:09.310976,Changed Mind,1.0,315.86
8797,58786,13296,215.0,2022-06-08 08:02:19.178724,Wrong Item,1.0,195.61
8798,58786,13296,665.0,2022-05-15 08:02:19.178724,Changed Mind,1.0,1692.58
8799,58786,13296,199.0,2022-06-07 08:02:19.178724,Defective,1.0,215.04
8809,58876,5935,215.0,2023-10-25 18:15:24.205504,Changed Mind,1.0,230.13
8810,58885,10902,215.0,2023-03-28 03:21:49.488335,Defective,2.0,391.22
8811,58885,10902,612.0,2023-04-05 03:21:49.488335,Wrong Item,2.0,410.6
8815,58919,1231,888.0,2021-10-28 12:03:37.661743,Changed Mind,1.0,324.27
8816,58936,16833,929.0,2023-05-28 03:59:13.305886,Defective,1.0,62.47
8823,58983,904,737.0,2023-11-30 10:02:14.836985,Wrong Item,1.0,349.37
8830,59033,19816,556.0,2021-12-15 18:51:09.116213,Defective,1.0,144.49
8839,59093,13347,666.0,2023-11-18 11:55:01.907869,Changed Mind,1.0,143.77
8840,59093,13347,231.0,2023-11-12 11:55:01.907869,Wrong Item,3.0,2251.77
8841,59093,13347,236.0,2023-10-27 11:55:01.907869,Changed Mind,1.0,165.0
8842,59093,13347,280.0,2023-10-30 11:55:01.907869,Defective,1.0,779.11
8843,59114,19541,781.0,2022-08-09 00:28:09.885719,Did not match description,2.0,421.26
8846,59154,6856,199.0,2022-01-23 13:34:25.108476,Defective,1.0,215.04
8847,59154,6856,277.0,2022-01-13 13:34:25.108476,Defective,1.0,824.12
8848,59154,6856,138.0,2022-01-01 13:34:25.108476,Did not match description,1.0,130.18
8849,59154,6856,802.0,2022-01-06 13:34:25.108476,Changed Mind,1.0,60.04
8850,59154,6856,295.0,2022-01-15 13:34:25.108476,Wrong Item,3.0,4480.32
8851,59178,11465,653.0,2023-08-28 00:04:37.051412,Changed Mind,1.0,192.23
8852,59190,18679,369.0,2023-06-29 23:36:15.340582,Defective,1.0,321.62
8855,59198,15819,590.0,2022-07-07 01:46:36.162022,Changed Mind,1.0,208.0
8856,59198,15819,787.0,2022-07-27 01:46:36.162022,Did not match description,2.0,135.94
8857,59205,14611,612.0,2023-12-31 22:15:56.519718,Defective,1.0,205.3
8858,59205,14611,569.0,2023-12-25 22:15:56.519718,Changed Mind,1.0,1916.19
8859,59230,17472,373.0,2023-05-22 06:39:47.552350,Defective,1.0,599.91
8860,59230,17472,80.0,2023-06-03 06:39:47.552350,Did not match description,1.0,174.4
8861,59230,17472,226.0,2023-05-25 06:39:47.552350,Changed Mind,1.0,1456.98
8862,59230,17472,19.0,2023-05-23 06:39:47.552350,Wrong Item,1.0,258.66
8866,59306,5979,24.0,2022-03-02 04:19:48.218786,Wrong Item,1.0,61.63
8867,59306,5979,957.0,2022-03-14 04:19:48.218786,Wrong Item,2.0,213.84
8868,59306,5979,611.0,2022-03-07 04:19:48.218786,Did not match description,4.0,220.52
8869,59306,5979,841.0,2022-02-26 04:19:48.218786,Changed Mind,1.0,88.74
8870,59306,5979,541.0,2022-03-04 04:19:48.218786,Did not match description,2.0,2904.28
8873,59329,3961,954.0,2022-06-27 05:49:03.953358,Defective,3.0,77.37
8876,59354,15007,918.0,2023-12-21 08:43:55.058908,Changed Mind,5.0,425.65
8884,59422,8394,922.0,2023-11-27 09:04:48.377727,Wrong Item,1.0,1057.68
8885,59422,8394,343.0,2023-11-15 09:04:48.377727,Changed Mind,4.0,665.16
8886,59432,13014,837.0,2022-09-25 02:02:52.260954,Did not match description,1.0,396.86
8887,59432,13014,24.0,2022-09-14 02:02:52.260954,Defective,1.0,61.63
8888,59432,13014,568.0,2022-09-24 02:02:52.260954,Defective,1.0,224.04
8889,59432,13014,132.0,2022-09-18 02:02:52.260954,Defective,1.0,1653.66
8895,59489,9792,731.0,2022-09-08 20:21:43.711770,Changed Mind,4.0,589.8
8907,59599,9432,987.0,2024-01-20 04:41:39.230781,Defective,1.0,103.53
8908,59599,9432,239.0,2024-01-16 04:41:39.230781,Defective,2.0,851.9
8909,59599,9432,779.0,2024-01-15 04:41:39.230781,Defective,1.0,128.68
8912,59610,10596,257.0,2023-01-02 07:40:19.236051,Wrong Item,2.0,254.86
8913,59610,10596,620.0,2022-12-19 07:40:19.236051,Defective,3.0,3993.81
8925,59631,344,761.0,2023-10-07 20:42:17.967559,Did not match description,1.0,1496.3
8926,59631,344,576.0,2023-10-19 20:42:17.967559,Wrong Item,5.0,219.2
8929,59671,9047,590.0,2023-09-19 10:14:55.930015,Defective,3.0,624.0
8930,59671,9047,342.0,2023-09-06 10:14:55.930015,Defective,2.0,419.96
8931,59671,9047,264.0,2023-09-06 10:14:55.930015,Wrong Item,1.0,582.79
8932,59671,9047,794.0,2023-09-08 10:14:55.930015,Did not match description,1.0,554.56
8933,59671,9047,927.0,2023-09-21 10:14:55.930015,Defective,2.0,1116.76
8934,59689,18048,857.0,2023-07-30 09:55:52.232763,Changed Mind,1.0,379.66
8935,59689,18048,627.0,2023-08-03 09:55:52.232763,Wrong Item,1.0,48.69
8936,59689,18048,704.0,2023-07-27 09:55:52.232763,Wrong Item,1.0,1602.41
8938,59722,8775,318.0,2023-09-17 00:30:22.652767,Did not match description,1.0,193.62
8939,59722,8775,952.0,2023-09-15 00:30:22.652767,Changed Mind,1.0,1653.48
8940,59726,10220,441.0,2021-11-30 01:08:19.786430,Changed Mind,2.0,458.4
8941,59726,10220,72.0,2021-11-26 01:08:19.786430,Defective,3.0,6215.97
8943,59740,1283,841.0,2023-10-30 12:59:27.610520,Defective,2.0,150.86
8944,59740,1283,157.0,2023-10-22 12:59:27.610520,Did not match description,1.0,159.01
8945,59740,1283,305.0,2023-10-27 12:59:27.610520,Did not match description,1.0,471.71
8946,59741,12060,154.0,2023-03-19 20:24:32.208837,Defective,1.0,118.85
8947,59741,12060,117.0,2023-04-02 20:24:32.208837,Wrong Item,2.0,222.2
8948,59752,4605,330.0,2021-09-15 14:18:29.456144,Wrong Item,1.0,256.98
8949,59752,4605,195.0,2021-10-05 14:18:29.456144,Did not match description,1.0,294.81
8950,59752,4605,340.0,2021-10-10 14:18:29.456144,Defective,3.0,721.62
8952,59801,18524,815.0,2023-01-18 07:29:42.545863,Did not match description,1.0,176.92
8953,59801,18524,748.0,2023-01-02 07:29:42.545863,Defective,1.0,738.49
8954,59833,9368,672.0,2023-01-05 10:04:59.556960,Defective,1.0,191.43
8955,59833,9368,337.0,2023-01-05 10:04:59.556960,Wrong Item,2.0,1240.63
8956,59833,9368,489.0,2023-01-09 10:04:59.556960,Changed Mind,1.0,595.66
8957,59833,9368,441.0,2022-12-25 10:04:59.556960,Did not match description,1.0,229.2
8961,59862,3854,817.0,2024-01-05 20:51:48.822554,Wrong Item,1.0,387.82
8962,59862,3854,151.0,2023-12-22 20:51:48.822554,Wrong Item,1.0,185.26
8963,59862,3854,125.0,2023-12-24 20:51:48.822554,Defective,1.0,281.69
8970,59906,2313,682.0,2024-01-15 21:11:05.394668,Did not match description,2.0,2593.1
8971,59906,2313,432.0,2024-01-11 21:11:05.394668,Wrong Item,1.0,213.77
8972,59906,2313,762.0,2024-01-20 21:11:05.394668,Defective,1.0,131.34
8982,60000,12050,642.0,2023-04-14 19:17:53.339211,Defective,1.0,170.0
8983,60000,12050,592.0,2023-04-22 19:17:53.339211,Did not match description,1.0,311.5
8984,60000,12050,444.0,2023-04-11 19:17:53.339211,Defective,1.0,1735.55
8987,60061,17579,175.0,2023-12-26 06:55:01.121900,Changed Mind,2.0,296.4
8988,60061,17579,442.0,2023-12-24 06:55:01.121900,Changed Mind,1.0,248.9
8989,60061,17579,9.0,2023-12-20 06:55:01.121900,Wrong Item,1.0,44.17
8990,60061,17579,446.0,2023-12-20 06:55:01.121900,Did not match description,2.0,707.88
8994,60105,17855,901.0,2023-07-17 02:55:24.231213,Changed Mind,3.0,506.82
9005,60160,9256,451.0,2022-09-11 14:09:04.112057,Did not match description,2.0,502.42
9006,60160,9256,24.0,2022-09-30 14:09:04.112057,Wrong Item,1.0,55.47
9007,60160,9256,818.0,2022-09-26 14:09:04.112057,Defective,2.0,327.34
9008,60160,9256,917.0,2022-09-10 14:09:04.112057,Wrong Item,3.0,1368.87
9010,60224,9145,795.0,2022-02-28 03:20:55.923605,Defective,1.0,350.56
9016,60292,1790,689.0,2023-02-08 05:33:13.174437,Wrong Item,1.0,108.03
9017,60292,1790,685.0,2023-02-06 05:33:13.174437,Did not match description,1.0,171.99
9022,60328,258,979.0,2023-04-13 00:26:23.208588,Defective,1.0,30.34
9025,60353,13841,5.0,2023-10-09 13:21:13.445428,Wrong Item,1.0,140.87
9026,60353,13841,555.0,2023-09-19 13:21:13.445428,Changed Mind,1.0,891.73
9027,60353,13841,52.0,2023-09-27 13:21:13.445428,Defective,3.0,625.26
9029,60372,3901,436.0,2023-12-19 19:12:44.394251,Wrong Item,3.0,368.68
9031,60389,4791,570.0,2023-10-11 17:49:55.595978,Did not match description,1.0,212.05
9035,60442,2652,16.0,2023-06-30 11:42:10.984043,Wrong Item,1.0,158.29
9036,60450,13021,370.0,2022-12-02 17:20:50.936809,Wrong Item,1.0,142.18
9037,60450,13021,996.0,2022-12-26 17:20:50.936809,Wrong Item,5.0,1886.0
9038,60450,13021,252.0,2022-11-29 17:20:50.936809,Wrong Item,1.0,213.91
9039,60452,11240,802.0,2023-03-21 16:28:36.847930,Did not match description,1.0,60.04
9040,60467,18299,795.0,2022-05-06 03:04:56.908798,Wrong Item,1.0,350.56
9041,60467,18299,81.0,2022-04-30 03:04:56.908798,Defective,1.0,306.93
9042,60485,3025,649.0,2024-01-17 17:53:24.331221,Did not match description,1.0,477.9
9043,60485,3025,445.0,2024-01-21 17:53:24.331221,Wrong Item,1.0,138.05
9047,60520,305,799.0,2023-10-07 07:42:43.371106,Changed Mind,2.0,294.76
9048,60520,305,18.0,2023-10-02 07:42:43.371106,Changed Mind,1.0,22.46
9051,60545,1861,764.0,2023-11-19 14:16:43.446667,Changed Mind,1.0,151.12
9052,60551,2809,831.0,2023-11-16 04:59:08.485332,Did not match description,1.0,260.58
9058,60609,10431,988.0,2022-10-28 22:04:50.994358,Did not match description,1.0,159.3
9059,60620,6272,918.0,2023-04-13 10:08:36.483985,Wrong Item,1.0,68.1
9060,60620,6272,512.0,2023-04-19 10:08:36.483985,Wrong Item,1.0,382.89
9061,60622,17582,612.0,2023-10-30 08:46:00.590937,Defective,1.0,205.3
9064,60636,3153,192.0,2023-09-15 06:48:37.791936,Did not match description,1.0,245.32
9065,60642,18604,436.0,2023-09-10 06:24:25.852359,Changed Mind,1.0,136.55
9070,60669,13668,40.0,2023-07-09 08:16:32.628722,Did not match description,1.0,2305.52
9071,60669,13668,863.0,2023-07-11 08:16:32.628722,Defective,2.0,1185.72
9072,60669,13668,266.0,2023-07-20 08:16:32.628722,Did not match description,1.0,184.93
9073,60669,13668,933.0,2023-07-09 08:16:32.628722,Changed Mind,1.0,370.35
9075,60693,6385,49.0,2023-10-16 03:19:30.485649,Defective,1.0,248.92
9076,60693,6385,220.0,2023-09-30 03:19:30.485649,Changed Mind,3.0,705.33
9077,60693,6385,818.0,2023-10-23 03:19:30.485649,Did not match description,1.0,163.67
9083,60772,14419,909.0,2021-10-07 20:38:31.019751,Changed Mind,2.0,266.26
9084,60772,14419,179.0,2021-10-03 20:38:31.019751,Changed Mind,1.0,224.07
9090,60806,5766,142.0,2023-12-26 10:21:06.239652,Wrong Item,1.0,428.14
9091,60806,5766,717.0,2023-12-25 10:21:06.239652,Did not match description,2.0,361.76
9092,60806,5766,436.0,2023-12-29 10:21:06.239652,Did not match description,1.0,136.55
9094,60808,65,726.0,2023-06-05 18:47:42.162095,Did not match description,1.0,281.46
9095,60808,65,881.0,2023-05-31 18:47:42.162095,Changed Mind,1.0,398.85
9097,60811,17759,474.0,2023-12-13 08:45:11.107136,Did not match description,1.0,69.15
9098,60811,17759,931.0,2024-01-04 08:45:11.107136,Did not match description,1.0,45.42
9099,60811,17759,867.0,2023-12-13 08:45:11.107136,Wrong Item,1.0,113.48
9103,60844,3138,46.0,2022-10-29 10:38:30.346301,Did not match description,1.0,94.25
9104,60844,3138,644.0,2022-10-09 10:38:30.346301,Changed Mind,1.0,2168.99
9105,60844,3138,805.0,2022-10-14 10:38:30.346301,Changed Mind,1.0,240.64
9106,60844,3138,592.0,2022-10-31 10:38:30.346301,Defective,1.0,366.47
9107,60884,16521,380.0,2023-07-17 13:36:57.666398,Changed Mind,1.0,120.14
9108,60891,18204,819.0,2023-05-01 14:37:24.880264,Changed Mind,2.0,370.34
9109,60891,18204,546.0,2023-05-14 14:37:24.880264,Defective,1.0,228.72
9110,60891,18204,356.0,2023-05-20 14:37:24.880264,Wrong Item,2.0,362.06
9114,60945,7192,618.0,2023-06-09 17:49:11.129245,Defective,1.0,178.18
9115,60945,7192,275.0,2023-06-22 17:49:11.129245,Wrong Item,1.0,133.64
9116,60948,19101,862.0,2022-02-27 11:45:03.805669,Did not match description,1.0,487.61
9117,60948,19101,99.0,2022-03-01 11:45:03.805669,Defective,2.0,463.3
9119,60969,10927,723.0,2023-06-11 21:42:22.560107,Defective,3.0,1700.31
9123,60978,1629,480.0,2023-12-28 09:17:30.685567,Did not match description,1.0,183.7
9124,60978,1629,944.0,2024-01-06 09:17:30.685567,Changed Mind,1.0,1248.68
9125,60978,1629,226.0,2024-01-12 09:17:30.685567,Wrong Item,3.0,4370.94
9134,61081,8592,505.0,2022-03-31 11:46:59.806690,Changed Mind,1.0,141.58
9146,61153,14513,570.0,2023-04-04 20:38:19.240014,Changed Mind,2.0,424.1
9147,61153,14513,225.0,2023-04-11 20:38:19.240014,Defective,3.0,2394.35
9148,61155,2466,918.0,2021-11-21 16:03:01.504288,Defective,3.0,255.39
9149,61162,9433,664.0,2023-08-02 15:53:58.182339,Defective,1.0,703.3
9150,61162,9433,989.0,2023-07-24 15:53:58.182339,Defective,1.0,201.76
9151,61166,3045,810.0,2023-12-27 22:28:22.437034,Wrong Item,3.0,325.68
9155,61177,10477,353.0,2024-01-15 18:55:29.470007,Wrong Item,5.0,506.15
9159,61209,19095,693.0,2023-09-29 19:50:27.558516,Defective,2.0,107.94
9160,61209,19095,645.0,2023-09-07 19:50:27.558516,Changed Mind,1.0,281.26
9161,61209,19095,23.0,2023-09-28 19:50:27.558516,Defective,1.0,113.72
9165,61248,16018,459.0,2023-08-09 06:58:54.313515,Changed Mind,1.0,233.16
9171,61266,5103,566.0,2022-09-14 03:23:24.121525,Changed Mind,1.0,685.79
9172,61266,5103,717.0,2022-09-16 03:23:24.121525,Changed Mind,1.0,180.88
9173,61270,16011,397.0,2022-09-25 06:47:45.384427,Did not match description,1.0,169.08
9176,61331,15142,777.0,2022-10-14 14:16:51.003571,Did not match description,1.0,189.5
9183,61360,8045,576.0,2022-12-04 07:26:29.613843,Defective,1.0,43.84
9184,61360,8045,241.0,2022-12-15 07:26:29.613843,Wrong Item,4.0,1534.08
9185,61360,8045,825.0,2022-12-12 07:26:29.613843,Did not match description,3.0,248.04
9186,61360,8045,767.0,2022-12-13 07:26:29.613843,Changed Mind,4.0,2796.84
9187,61360,8045,386.0,2022-12-10 07:26:29.613843,Did not match description,5.0,380.6
9191,61379,1961,448.0,2023-09-05 18:39:18.219118,Defective,1.0,823.43
9194,61415,14705,43.0,2023-08-03 05:02:59.907399,Changed Mind,2.0,1594.54
9195,61415,14705,203.0,2023-07-28 05:02:59.907399,Changed Mind,1.0,284.27
9196,61415,14705,191.0,2023-08-04 05:02:59.907399,Wrong Item,1.0,1128.05
9221,61619,280,926.0,2023-03-10 07:29:39.863783,Changed Mind,2.0,2471.84
9222,61619,280,393.0,2023-03-10 07:29:39.863783,Changed Mind,3.0,97.14
9223,61619,280,981.0,2023-03-28 07:29:39.863783,Defective,1.0,101.13
9224,61625,5806,262.0,2023-09-04 20:43:30.799053,Defective,1.0,655.8
9225,61625,5806,505.0,2023-09-28 20:43:30.799053,Wrong Item,1.0,120.34
9229,61642,16229,394.0,2023-12-08 16:08:35.182085,Defective,1.0,47.91
9231,61654,8797,770.0,2022-08-18 00:25:06.863889,Changed Mind,1.0,10.09
9233,61671,7409,731.0,2023-10-27 04:56:04.461089,Wrong Item,1.0,147.45
9234,61678,417,370.0,2023-12-27 19:36:22.710163,Did not match description,4.0,511.85
9242,61771,12994,103.0,2022-11-20 06:09:07.606324,Defective,3.0,720.96
9243,61771,12994,682.0,2022-11-17 06:09:07.606324,Wrong Item,1.0,1296.55
9246,61848,7204,386.0,2023-08-19 23:50:18.102139,Did not match description,2.0,152.24
9248,61862,12353,318.0,2022-04-06 04:53:24.034484,Changed Mind,2.0,387.24
9249,61862,12353,652.0,2022-04-10 04:53:24.034484,Changed Mind,1.0,573.12
9250,61862,12353,7.0,2022-03-19 04:53:24.034484,Did not match description,1.0,1235.64
9251,61862,12353,149.0,2022-04-03 04:53:24.034484,Defective,1.0,501.91
9258,61917,18003,926.0,2024-01-05 01:10:32.863510,Did not match description,1.0,988.74
9259,61917,18003,353.0,2023-12-24 01:10:32.863510,Changed Mind,1.0,101.23
9265,61974,10059,576.0,2024-01-09 21:59:28.773247,Wrong Item,1.0,35.07
9276,62082,14914,801.0,2023-05-21 10:36:14.851848,Changed Mind,1.0,824.66
9277,62082,14914,688.0,2023-05-25 10:36:14.851848,Defective,2.0,255.6
9278,62082,14914,225.0,2023-05-23 10:36:14.851848,Defective,1.0,938.96
9285,62126,14125,8.0,2023-12-29 15:39:32.829963,Did not match description,4.0,1065.88
9295,62196,3986,413.0,2022-12-05 01:26:31.803664,Defective,1.0,201.1
9296,62196,3986,963.0,2022-12-12 01:26:31.803664,Did not match description,1.0,290.28
9298,62230,8156,500.0,2023-09-09 17:18:19.564200,Did not match description,1.0,2371.69
9299,62230,8156,770.0,2023-09-09 17:18:19.564200,Defective,5.0,59.35
9316,62371,2814,920.0,2023-01-05 07:41:53.036531,Changed Mind,2.0,2729.92
9317,62371,2814,720.0,2022-12-14 07:41:53.036531,Did not match description,1.0,1013.24
9318,62371,2814,824.0,2022-12-12 07:41:53.036531,Did not match description,1.0,1275.72
9319,62371,2814,192.0,2022-12-30 07:41:53.036531,Defective,1.0,245.32
9320,62377,4659,873.0,2023-08-01 13:02:07.691363,Defective,1.0,146.33
9321,62377,4659,704.0,2023-08-05 13:02:07.691363,Did not match description,1.0,1602.41
9322,62435,16330,151.0,2022-12-24 21:51:33.930029,Did not match description,1.0,185.26
9327,62462,7709,612.0,2023-07-09 22:54:17.617297,Did not match description,5.0,1026.5
9328,62467,14847,144.0,2021-11-13 17:10:41.913286,Did not match description,3.0,183.68
9329,62467,14847,873.0,2021-10-26 17:10:41.913286,Did not match description,1.0,146.33
9335,62509,1131,287.0,2023-09-22 11:48:13.642997,Wrong Item,2.0,75.24
9343,62591,3938,521.0,2023-10-16 13:56:05.414779,Defective,3.0,207.69
9346,62658,11062,473.0,2022-07-13 06:26:50.348994,Changed Mind,2.0,852.4
9347,62658,11062,667.0,2022-06-22 06:26:50.348994,Changed Mind,1.0,28.48
9350,62697,6309,369.0,2022-11-25 21:42:14.543003,Wrong Item,2.0,643.24
9351,62697,6309,624.0,2022-12-10 21:42:14.543003,Did not match description,1.0,274.97
9352,62697,6309,853.0,2022-12-21 21:42:14.543003,Defective,4.0,739.16
9354,62712,6569,945.0,2023-11-18 04:26:10.552431,Wrong Item,4.0,536.92
9355,62712,6569,561.0,2023-11-17 04:26:10.552431,Wrong Item,1.0,546.29
9356,62712,6569,147.0,2023-11-28 04:26:10.552431,Wrong Item,4.0,1455.88
9357,62712,6569,748.0,2023-11-02 04:26:10.552431,Did not match description,1.0,738.49
9358,62712,6569,124.0,2023-11-23 04:26:10.552431,Defective,4.0,2040.16
9359,62715,6818,779.0,2022-11-25 12:31:09.479853,Changed Mind,2.0,243.07
9362,62748,7866,49.0,2023-07-02 09:45:29.966565,Defective,1.0,248.92
9366,62784,9793,501.0,2023-07-17 17:00:41.678052,Changed Mind,1.0,367.56
9367,62784,9793,893.0,2023-07-13 17:00:41.678052,Wrong Item,1.0,161.53
9368,62784,9793,633.0,2023-07-16 17:00:41.678052,Defective,1.0,232.44
9372,62823,17438,366.0,2022-03-04 07:32:03.052823,Changed Mind,1.0,976.97
9373,62823,17438,648.0,2022-02-18 07:32:03.052823,Changed Mind,4.0,10231.84
9374,62823,17438,668.0,2022-03-16 07:32:03.052823,Changed Mind,3.0,324.24
9375,62825,14627,154.0,2023-01-31 10:16:24.136714,Changed Mind,2.0,237.7
9377,62843,6126,50.0,2021-11-02 19:57:59.624357,Did not match description,1.0,405.09
9378,62843,6126,998.0,2021-11-02 19:57:59.624357,Defective,1.0,50.89
9379,62843,6126,392.0,2021-10-24 19:57:59.624357,Wrong Item,2.0,321.6
9380,62862,7081,685.0,2023-12-08 21:37:20.531720,Defective,1.0,171.99
9381,62862,7081,821.0,2023-12-04 21:37:20.531720,Did not match description,1.0,40.75
9382,62881,11895,324.0,2023-09-02 12:44:09.378030,Did not match description,3.0,676.83
9383,62881,11895,972.0,2023-08-24 12:44:09.378030,Changed Mind,2.0,142.04
9403,62992,7021,780.0,2022-07-24 02:35:27.656716,Defective,5.0,1539.76
9404,62992,7021,983.0,2022-07-30 02:35:27.656716,Did not match description,3.0,6581.63
9405,62992,7021,259.0,2022-07-25 02:35:27.656716,Changed Mind,1.0,247.46
9406,62992,7021,321.0,2022-07-05 02:35:27.656716,Changed Mind,1.0,903.32
9407,62992,7021,94.0,2022-07-30 02:35:27.656716,Changed Mind,1.0,142.95
9412,63078,4926,675.0,2023-11-26 02:07:39.427740,Did not match description,1.0,82.56
9413,63079,7638,23.0,2023-08-18 07:53:58.699289,Wrong Item,1.0,113.72
9414,63079,7638,504.0,2023-08-29 07:53:58.699289,Defective,1.0,324.93
9419,63127,4799,449.0,2023-12-06 08:29:29.134851,Defective,1.0,134.22
9423,63174,4984,740.0,2022-03-03 15:36:48.745591,Changed Mind,1.0,185.27
9428,63228,14594,890.0,2023-12-30 01:30:20.192806,Did not match description,4.0,2819.8
9429,63228,14594,619.0,2023-12-23 01:30:20.192806,Changed Mind,2.0,126.86
9430,63228,14594,49.0,2023-12-30 01:30:20.192806,Defective,3.0,746.76
9431,63228,14594,408.0,2024-01-09 01:30:20.192806,Changed Mind,1.0,118.35
9432,63228,14594,736.0,2023-12-29 01:30:20.192806,Wrong Item,1.0,341.5
9433,63242,5888,810.0,2023-05-14 00:14:40.277075,Defective,1.0,108.56
9434,63242,5888,772.0,2023-05-28 00:14:40.277075,Changed Mind,1.0,469.96
9435,63242,5888,500.0,2023-06-06 00:14:40.277075,Changed Mind,1.0,2371.69
9437,63292,18419,341.0,2023-02-05 23:50:37.020307,Changed Mind,2.0,128.94
9438,63292,18419,802.0,2023-02-13 23:50:37.020307,Did not match description,1.0,60.04
9439,63292,18419,41.0,2023-01-30 23:50:37.020307,Did not match description,3.0,999.83
9440,63300,9522,275.0,2022-01-02 13:00:14.588541,Changed Mind,1.0,133.64
9441,63300,9522,467.0,2022-01-15 13:00:14.588541,Defective,1.0,1082.43
9445,63311,8786,941.0,2022-04-10 19:19:46.478288,Wrong Item,3.0,716.52
9446,63311,8786,437.0,2022-04-07 19:19:46.478288,Changed Mind,2.0,55.52
9447,63311,8786,275.0,2022-03-27 19:19:46.478288,Did not match description,1.0,133.64
9448,63312,6100,480.0,2023-09-01 03:21:36.549383,Wrong Item,2.0,367.4
9449,63312,6100,750.0,2023-09-22 03:21:36.549383,Did not match description,4.0,429.08
9450,63312,6100,597.0,2023-09-17 03:21:36.549383,Wrong Item,1.0,1501.47
9453,63365,14658,187.0,2024-01-08 07:04:20.146164,Wrong Item,1.0,1855.98
9454,63365,14658,290.0,2023-12-28 07:04:20.146164,Did not match description,1.0,114.91
9455,63365,14658,391.0,2024-01-16 07:04:20.146164,Did not match description,1.0,276.62
9456,63365,14658,421.0,2024-01-17 07:04:20.146164,Wrong Item,1.0,163.59
9457,63372,15522,328.0,2022-07-02 23:20:51.945466,Wrong Item,2.0,449.92
9458,63372,15522,463.0,2022-06-17 23:20:51.945466,Changed Mind,2.0,2500.38
9459,63372,15522,182.0,2022-06-15 23:20:51.945466,Changed Mind,1.0,445.12
9460,63372,15522,979.0,2022-06-20 23:20:51.945466,Wrong Item,1.0,30.34
9462,63429,13299,23.0,2023-09-03 10:55:55.101083,Defective,1.0,113.72
9463,63439,8284,755.0,2023-08-03 00:00:19.200111,Wrong Item,1.0,170.39
9464,63439,8284,108.0,2023-08-02 00:00:19.200111,Wrong Item,1.0,2131.29
9468,63465,14325,197.0,2022-08-13 05:25:44.737329,Did not match description,1.0,381.48
9472,63533,17111,264.0,2022-04-23 09:18:58.696458,Wrong Item,1.0,466.23
9473,63533,17111,146.0,2022-04-08 09:18:58.696458,Changed Mind,1.0,130.0
9474,63533,17111,474.0,2022-04-17 09:18:58.696458,Changed Mind,1.0,76.83
9475,63533,17111,266.0,2022-04-28 09:18:58.696458,Defective,1.0,231.16
9496,63667,13681,690.0,2023-11-19 22:37:02.525294,Wrong Item,1.0,148.12
9497,63667,13681,484.0,2023-10-29 22:37:02.525294,Wrong Item,1.0,341.57
9498,63667,13681,985.0,2023-10-30 22:37:02.525294,Did not match description,1.0,1374.96
9499,63667,13681,525.0,2023-11-09 22:37:02.525294,Changed Mind,1.0,328.85
9500,63673,14438,259.0,2021-10-20 17:15:19.162640,Changed Mind,3.0,742.38
9507,63683,8422,294.0,2023-05-06 15:25:06.001954,Wrong Item,1.0,415.69
9508,63700,15507,724.0,2021-12-31 11:29:14.393082,Defective,2.0,3560.6
9509,63700,15507,667.0,2022-01-01 11:29:14.393082,Defective,3.0,85.44
9512,63745,11643,393.0,2023-01-24 16:19:51.273189,Defective,2.0,64.76
9513,63745,11643,792.0,2023-01-23 16:19:51.273189,Defective,1.0,1130.35
9514,63780,8171,794.0,2023-05-04 16:38:58.831606,Did not match description,1.0,499.1
9515,63780,8171,864.0,2023-05-09 16:38:58.831606,Did not match description,1.0,500.99
9516,63780,8171,473.0,2023-05-02 16:38:58.831606,Changed Mind,1.0,426.2
9517,63780,8171,49.0,2023-05-13 16:38:58.831606,Wrong Item,1.0,248.92
9521,63819,10735,541.0,2022-06-08 00:12:13.337775,Did not match description,1.0,1452.14
9522,63819,10735,369.0,2022-06-10 00:12:13.337775,Changed Mind,1.0,257.3
9524,63831,19962,252.0,2023-08-03 22:04:57.770349,Changed Mind,1.0,213.91
9525,63831,19962,667.0,2023-07-16 22:04:57.770349,Wrong Item,1.0,28.48
9526,63838,4265,338.0,2022-10-17 08:26:35.267354,Wrong Item,1.0,722.35
9530,63863,14328,404.0,2024-01-05 18:34:22.466645,Did not match description,4.0,4955.16
9531,63863,14328,737.0,2023-12-19 18:34:22.466645,Did not match description,1.0,349.37
9534,63879,3593,209.0,2023-12-14 04:28:46.587556,Did not match description,1.0,1601.65
9535,63879,3593,397.0,2023-12-16 04:28:46.587556,Wrong Item,1.0,152.17
9536,63886,3097,972.0,2023-07-17 22:03:42.766942,Wrong Item,1.0,71.02
9537,63891,1613,7.0,2023-08-29 15:34:52.860618,Changed Mind,1.0,1235.64
9538,63891,1613,850.0,2023-08-25 15:34:52.860618,Did not match description,2.0,885.28
9539,63891,1613,236.0,2023-08-18 15:34:52.860618,Wrong Item,1.0,165.0
9540,63891,1613,143.0,2023-08-31 15:34:52.860618,Defective,2.0,901.98
9542,63908,2630,246.0,2022-06-25 07:17:32.790665,Changed Mind,1.0,375.06
9546,63936,14237,867.0,2023-06-02 08:20:39.471006,Wrong Item,1.0,113.48
9550,63952,2251,199.0,2023-09-12 21:16:00.176034,Defective,1.0,215.04
9552,63961,3521,313.0,2023-09-10 20:31:22.411894,Changed Mind,5.0,987.7
9554,63984,19156,259.0,2022-03-16 09:28:14.029619,Defective,1.0,247.46
9559,64025,4013,751.0,2022-10-23 01:06:31.597606,Did not match description,1.0,227.76
9569,64059,16288,174.0,2023-12-18 23:55:14.288190,Defective,1.0,1661.21
9570,64059,16288,609.0,2023-12-17 23:55:14.288190,Wrong Item,1.0,131.72
9571,64059,16288,885.0,2023-12-09 23:55:14.288190,Wrong Item,1.0,58.64
9574,64080,19522,49.0,2023-12-12 09:55:25.099440,Changed Mind,1.0,248.92
9586,64170,6259,990.0,2023-06-26 19:28:54.039065,Wrong Item,2.0,190.17
9587,64170,6259,806.0,2023-06-07 19:28:54.039065,Defective,2.0,2372.56
9592,64245,14971,8.0,2023-05-25 06:40:33.089821,Defective,1.0,266.47
9593,64245,14971,868.0,2023-05-29 06:40:33.089821,Wrong Item,1.0,1328.7
9599,64305,13065,644.0,2022-05-01 10:47:47.310819,Defective,4.0,8675.96
9600,64305,13065,322.0,2022-04-07 10:47:47.310819,Changed Mind,1.0,308.58
9601,64308,2176,588.0,2021-08-06 01:05:39.031806,Did not match description,2.0,73.72
9602,64308,2176,129.0,2021-08-02 01:05:39.031806,Changed Mind,3.0,879.84
9603,64308,2176,228.0,2021-07-31 01:05:39.031806,Did not match description,1.0,38.21
9604,64308,2176,631.0,2021-07-24 01:05:39.031806,Wrong Item,1.0,161.95
9607,64335,5732,819.0,2022-08-22 00:36:47.032544,Changed Mind,3.0,555.51
9610,64356,7503,832.0,2023-02-12 15:39:58.862353,Did not match description,4.0,522.76
9611,64356,7503,8.0,2023-02-26 15:39:58.862353,Changed Mind,1.0,213.18
9614,64403,16842,81.0,2023-04-23 09:14:38.105357,Changed Mind,1.0,383.66
9615,64403,16842,570.0,2023-04-22 09:14:38.105357,Did not match description,1.0,212.05
9618,64409,13519,349.0,2023-04-01 13:39:33.410126,Changed Mind,2.0,40.54
9619,64409,13519,112.0,2023-04-04 13:39:33.410126,Wrong Item,1.0,2013.56
9626,64519,11480,788.0,2023-05-21 20:31:22.440660,Changed Mind,1.0,242.84
9627,64537,8842,245.0,2023-11-06 09:00:14.541059,Defective,2.0,166.94
9628,64537,8842,272.0,2023-11-08 09:00:14.541059,Changed Mind,3.0,132.24
9629,64559,17793,283.0,2023-12-23 13:50:19.412185,Changed Mind,1.0,243.86
9630,64559,17793,49.0,2023-12-23 13:50:19.412185,Defective,1.0,248.92
9633,64575,688,505.0,2023-05-28 06:56:10.861885,Defective,1.0,141.58
9643,64618,4435,760.0,2022-11-26 21:40:55.362167,Wrong Item,3.0,383.34
9644,64633,2516,46.0,2023-01-22 01:31:29.651702,Wrong Item,1.0,80.11
9653,64674,12354,633.0,2023-12-14 06:11:17.566434,Did not match description,3.0,697.32
9654,64674,12354,22.0,2023-12-13 06:11:17.566434,Defective,1.0,40.69
9663,64746,4473,516.0,2023-03-16 18:25:45.767365,Wrong Item,1.0,100.53
9664,64746,4473,873.0,2023-02-25 18:25:45.767365,Defective,1.0,146.33
9665,64746,4473,84.0,2023-03-07 18:25:45.767365,Did not match description,1.0,104.69
9666,64746,4473,288.0,2023-03-12 18:25:45.767365,Changed Mind,1.0,918.75
9667,64746,4473,18.0,2023-03-13 18:25:45.767365,Defective,1.0,28.07
9669,64759,12359,447.0,2023-12-19 01:46:46.434870,Defective,3.0,801.51
9672,64770,19163,138.0,2023-09-30 07:20:17.614493,Defective,1.0,130.18
9673,64770,19163,608.0,2023-09-25 07:20:17.614493,Defective,1.0,283.36
9674,64770,19163,758.0,2023-10-01 07:20:17.614493,Defective,1.0,199.78
9675,64770,19163,439.0,2023-10-15 07:20:17.614493,Wrong Item,2.0,1088.99
9676,64770,19163,364.0,2023-09-30 07:20:17.614493,Did not match description,3.0,1217.43
9679,64858,15065,86.0,2023-08-03 04:41:09.697754,Defective,1.0,190.33
9680,64874,13842,574.0,2023-08-15 16:31:00.469469,Changed Mind,1.0,200.04
9681,64874,13842,762.0,2023-08-08 16:31:00.469469,Defective,1.0,131.34
9682,64874,13842,575.0,2023-08-16 16:31:00.469469,Defective,1.0,701.43
9685,64897,10390,819.0,2023-01-29 08:22:10.887689,Did not match description,1.0,185.17
9693,64964,17809,379.0,2023-09-20 14:01:01.545664,Wrong Item,1.0,393.91
9694,64964,17809,203.0,2023-09-19 14:01:01.545664,Did not match description,1.0,315.86
9695,64968,18029,453.0,2023-08-10 03:33:30.147450,Wrong Item,1.0,155.46
9698,64977,2814,966.0,2022-09-03 08:21:37.335834,Did not match description,1.0,195.2
9699,64977,2814,626.0,2022-09-12 08:21:37.335834,Wrong Item,1.0,36.74
9700,64977,2814,766.0,2022-09-20 08:21:37.335834,Changed Mind,1.0,325.5
9701,64990,18820,554.0,2023-08-22 18:37:21.733873,Defective,1.0,76.28
9712,65067,365,956.0,2023-01-31 10:03:38.411177,Did not match description,1.0,210.16
9713,65067,365,993.0,2023-02-01 10:03:38.411177,Changed Mind,1.0,1151.29
9714,65110,6767,203.0,2024-01-03 06:33:24.032168,Wrong Item,1.0,284.27
9715,65112,9064,199.0,2023-03-14 03:12:53.814883,Did not match description,1.0,215.04
9717,65128,18725,111.0,2022-11-07 05:58:27.517536,Wrong Item,4.0,1098.6
9718,65128,18725,142.0,2022-11-05 05:58:27.517536,Changed Mind,1.0,363.92
9719,65128,18725,359.0,2022-10-17 05:58:27.517536,Changed Mind,3.0,776.64
9720,65128,18725,984.0,2022-11-05 05:58:27.517536,Changed Mind,2.0,615.44
9727,65189,2724,405.0,2024-01-11 13:32:29.731223,Wrong Item,1.0,179.65
9728,65189,2724,201.0,2023-12-31 13:32:29.731223,Changed Mind,2.0,185.12
9729,65189,2724,445.0,2024-01-10 13:32:29.731223,Wrong Item,1.0,117.34
9730,65191,12164,24.0,2023-08-09 10:32:30.064316,Changed Mind,1.0,61.63
9731,65191,12164,656.0,2023-08-23 10:32:30.064316,Changed Mind,3.0,435.21
9732,65191,12164,787.0,2023-08-21 10:32:30.064316,Wrong Item,1.0,61.17
9733,65191,12164,834.0,2023-07-30 10:32:30.064316,Did not match description,1.0,329.06
9736,65234,2431,721.0,2023-01-03 22:34:32.308274,Wrong Item,1.0,305.69
9737,65234,2431,188.0,2022-12-25 22:34:32.308274,Wrong Item,1.0,102.25
9738,65234,2431,757.0,2023-01-07 22:34:32.308274,Changed Mind,1.0,109.92
9739,65234,2431,208.0,2023-01-08 22:34:32.308274,Wrong Item,3.0,1722.42
9740,65248,5916,901.0,2023-10-14 06:58:37.589619,Wrong Item,1.0,168.94
9741,65248,5916,753.0,2023-09-22 06:58:37.589619,Changed Mind,1.0,14.67
9745,65326,1334,523.0,2023-11-03 17:35:42.753859,Defective,1.0,310.25
9746,65332,1838,474.0,2021-06-20 19:38:31.371561,Did not match description,2.0,153.66
9747,65333,6167,510.0,2023-07-13 12:52:32.663056,Changed Mind,2.0,289.88
9748,65333,6167,351.0,2023-07-11 12:52:32.663056,Defective,1.0,340.48
9751,65351,12625,353.0,2022-07-22 18:45:04.867411,Wrong Item,1.0,101.23
9758,65414,6155,33.0,2022-12-23 15:16:32.005065,Changed Mind,2.0,376.12
9759,65414,6155,154.0,2022-12-25 15:16:32.005065,Did not match description,1.0,118.85
9774,65492,5398,459.0,2021-12-13 03:23:47.886465,Did not match description,1.0,233.16
9775,65492,5398,274.0,2021-12-14 03:23:47.886465,Defective,1.0,307.69
9776,65492,5398,426.0,2021-12-02 03:23:47.886465,Did not match description,1.0,1827.89
9779,65515,13680,147.0,2023-07-22 02:52:19.964769,Did not match description,1.0,363.97
9780,65515,13680,180.0,2023-07-12 02:52:19.964769,Changed Mind,3.0,4391.82
9781,65515,13680,49.0,2023-07-05 02:52:19.964769,Changed Mind,2.0,497.84
9790,65583,3151,831.0,2023-12-27 07:44:12.020442,Did not match description,2.0,521.16
9791,65583,3151,23.0,2023-12-28 07:44:12.020442,Changed Mind,1.0,113.72
9792,65583,3151,863.0,2023-12-25 07:44:12.020442,Did not match description,1.0,592.86
9799,65627,4316,685.0,2022-08-31 14:36:40.132912,Did not match description,1.0,146.19
9800,65627,4316,391.0,2022-09-15 14:36:40.132912,Wrong Item,3.0,922.08
9802,65637,17816,154.0,2023-12-23 12:52:04.396580,Changed Mind,1.0,118.85
9803,65639,4278,531.0,2024-01-24 18:01:50.638310,Wrong Item,5.0,11659.7
9804,65639,4278,625.0,2024-01-03 18:01:50.638310,Did not match description,1.0,143.56
9805,65680,3308,815.0,2022-10-30 21:59:46.561595,Defective,1.0,196.58
9806,65680,3308,675.0,2022-10-26 21:59:46.561595,Changed Mind,4.0,293.54
9808,65705,4505,612.0,2023-10-19 02:33:54.984440,Wrong Item,1.0,205.3
9809,65705,4505,384.0,2023-10-12 02:33:54.984440,Changed Mind,1.0,142.45
9811,65736,9418,268.0,2023-11-27 15:26:15.975552,Defective,1.0,177.95
9816,65765,17681,594.0,2022-07-17 22:58:49.611313,Defective,1.0,399.73
9817,65765,17681,246.0,2022-08-01 22:58:49.611313,Wrong Item,1.0,375.06
9819,65779,6193,839.0,2023-12-06 15:16:27.924117,Did not match description,1.0,190.21
9820,65779,6193,206.0,2023-12-26 15:16:27.924117,Changed Mind,1.0,108.46
9821,65780,16067,994.0,2022-11-22 14:56:49.646543,Defective,1.0,92.0
9822,65801,15134,48.0,2021-08-01 16:51:32.433536,Changed Mind,2.0,2614.78
9823,65801,15134,267.0,2021-08-03 16:51:32.433536,Defective,2.0,2521.18
9824,65801,15134,456.0,2021-07-30 16:51:32.433536,Changed Mind,1.0,165.23
9825,65801,15134,317.0,2021-07-20 16:51:32.433536,Changed Mind,1.0,1529.4
9828,65814,10483,872.0,2022-02-24 09:01:13.372477,Wrong Item,1.0,98.84
9833,65855,4062,371.0,2023-05-12 00:22:02.590211,Wrong Item,1.0,135.47
9834,65855,4062,931.0,2023-05-04 00:22:02.590211,Defective,1.0,45.42
9835,65855,4062,807.0,2023-05-17 00:22:02.590211,Changed Mind,1.0,551.98
9836,65855,4062,91.0,2023-04-26 00:22:02.590211,Changed Mind,3.0,1975.65
9837,65855,4062,119.0,2023-05-11 00:22:02.590211,Changed Mind,1.0,1219.36
9838,65868,9866,487.0,2022-07-20 01:34:36.425264,Did not match description,2.0,257.98
9839,65869,2811,642.0,2022-09-22 23:35:22.581440,Changed Mind,1.0,144.5
9846,65926,1685,272.0,2023-11-26 09:21:44.814028,Did not match description,1.0,44.08
9849,65955,18172,810.0,2023-07-26 17:21:05.462649,Did not match description,1.0,108.56
9850,65955,18172,258.0,2023-07-24 17:21:05.462649,Changed Mind,1.0,2316.4
9851,65993,6708,183.0,2023-05-17 19:26:19.192110,Wrong Item,3.0,528.84
9853,66038,7666,313.0,2023-11-13 04:47:00.324537,Defective,1.0,197.54
9854,66042,2257,148.0,2022-10-16 02:08:23.759350,Changed Mind,1.0,1892.03
9855,66042,2257,291.0,2022-10-13 02:08:23.759350,Defective,1.0,76.08
9859,66076,9999,411.0,2023-02-06 20:03:22.742610,Changed Mind,1.0,308.03
9864,66130,1568,390.0,2022-06-29 08:48:48.091879,Changed Mind,2.0,212.43
9865,66130,1568,899.0,2022-07-03 08:48:48.091879,Changed Mind,1.0,137.91
9866,66130,1568,261.0,2022-07-11 08:48:48.091879,Defective,1.0,393.47
9867,66135,3916,777.0,2024-01-25 12:20:29.700573,Defective,3.0,710.61
9868,66135,3916,26.0,2024-01-19 12:20:29.700573,Wrong Item,1.0,102.74
9869,66135,3916,711.0,2024-01-25 12:20:29.700573,Did not match description,5.0,2897.05
9871,66140,12707,105.0,2023-12-25 09:21:09.424666,Defective,1.0,154.79
9872,66140,12707,410.0,2023-12-22 09:21:09.424666,Did not match description,1.0,179.4
9873,66140,12707,411.0,2023-12-20 09:21:09.424666,Changed Mind,1.0,308.03
9875,66155,18805,813.0,2023-05-27 13:06:42.665382,Did not match description,2.0,295.0
9878,66175,1950,513.0,2023-05-11 21:30:35.895421,Changed Mind,1.0,179.48
9879,66175,1950,300.0,2023-05-25 21:30:35.895421,Did not match description,5.0,3789.65
9880,66175,1950,885.0,2023-05-18 21:30:35.895421,Wrong Item,1.0,58.64
9881,66178,10415,690.0,2021-11-04 15:32:04.402051,Wrong Item,1.0,148.12
9885,66244,16414,157.0,2021-08-25 12:35:17.506704,Defective,2.0,318.02
9886,66244,16414,904.0,2021-09-02 12:35:17.506704,Did not match description,2.0,63.54
9889,66266,10403,892.0,2023-04-02 03:37:39.096303,Did not match description,1.0,178.53
9896,66383,1584,831.0,2022-05-23 03:57:03.751442,Changed Mind,1.0,260.58
9900,66444,13280,766.0,2023-05-25 00:25:11.246858,Wrong Item,3.0,976.5
9901,66445,14944,779.0,2022-12-05 20:31:08.837551,Changed Mind,1.0,114.38
9902,66448,14926,460.0,2023-10-06 06:02:46.817817,Changed Mind,1.0,576.7
9908,66492,15186,739.0,2022-08-25 00:55:52.041143,Changed Mind,1.0,254.78
9909,66509,3280,549.0,2024-01-08 07:28:45.509326,Changed Mind,2.0,426.1
9910,66509,3280,376.0,2024-01-13 07:28:45.509326,Defective,3.0,879.28
9911,66521,5126,576.0,2023-02-26 17:27:43.395537,Changed Mind,2.0,78.91
9919,66547,5307,787.0,2023-12-26 21:27:32.505751,Changed Mind,1.0,67.97
9920,66551,5861,634.0,2023-06-11 12:39:24.996757,Changed Mind,1.0,244.3
9921,66551,5861,63.0,2023-05-30 12:39:24.996757,Did not match description,2.0,3328.52
9922,66551,5861,108.0,2023-06-11 12:39:24.996757,Defective,2.0,4262.58
9929,66571,4937,892.0,2023-07-23 15:29:22.672138,Changed Mind,1.0,210.03
9930,66571,4937,830.0,2023-07-21 15:29:22.672138,Defective,1.0,87.92
9934,66590,5258,770.0,2021-05-19 11:54:57.221071,Changed Mind,1.0,10.68
9935,66590,5258,17.0,2021-05-21 11:54:57.221071,Changed Mind,1.0,1304.51
9936,66597,10523,199.0,2024-01-05 15:32:54.244551,Did not match description,3.0,645.12
9937,66597,10523,416.0,2024-01-18 15:32:54.244551,Defective,1.0,427.17
9946,66711,14575,770.0,2023-07-21 08:33:16.846491,Defective,1.0,9.5
9947,66711,14575,808.0,2023-07-17 08:33:16.846491,Changed Mind,1.0,1064.82
9951,66738,15731,621.0,2022-12-01 05:57:31.896475,Did not match description,1.0,1308.11
9952,66738,15731,894.0,2022-11-22 05:57:31.896475,Defective,1.0,221.67
9958,66741,504,584.0,2023-05-10 03:09:04.706293,Defective,3.0,1696.11
9959,66741,504,478.0,2023-05-12 03:09:04.706293,Defective,1.0,190.9
9960,66748,3157,235.0,2023-01-29 14:02:31.218399,Did not match description,1.0,26.99
9961,66748,3157,319.0,2023-01-31 14:02:31.218399,Wrong Item,3.0,816.84
9962,66751,16505,831.0,2023-11-10 06:17:24.198059,Did not match description,1.0,234.52
9963,66751,16505,979.0,2023-11-20 06:17:24.198059,Wrong Item,1.0,27.31
9964,66751,16505,661.0,2023-11-18 06:17:24.198059,Did not match description,1.0,339.74
9967,66767,8563,397.0,2023-12-28 05:28:21.875076,Changed Mind,1.0,135.26
9968,66767,8563,311.0,2024-01-05 05:28:21.875076,Defective,1.0,419.56
9977,66876,7097,922.0,2023-12-22 23:52:03.049718,Changed Mind,1.0,1057.68
9978,66876,7097,762.0,2023-12-15 23:52:03.049718,Wrong Item,1.0,131.34
9979,66876,7097,593.0,2023-12-11 23:52:03.049718,Wrong Item,1.0,910.47
9980,66879,11334,633.0,2022-03-25 03:20:58.227360,Wrong Item,1.0,232.44
9981,66879,11334,400.0,2022-03-17 03:20:58.227360,Wrong Item,1.0,1111.7
9984,66888,17451,889.0,2023-08-11 19:22:50.700219,Changed Mind,3.0,76.86
9985,66898,19269,799.0,2023-10-25 01:38:35.856900,Did not match description,1.0,132.64
9986,66898,19269,758.0,2023-10-31 01:38:35.856900,Defective,3.0,564.1
9988,66976,14164,20.0,2023-07-11 00:32:20.730572,Did not match description,1.0,402.25
9989,66976,14164,57.0,2023-07-12 00:32:20.730572,Wrong Item,2.0,2187.98
9994,67002,4999,690.0,2024-01-14 23:39:23.568009,Wrong Item,1.0,148.12
9996,67051,2410,183.0,2023-06-29 18:58:50.746084,Wrong Item,1.0,176.28
9999,67096,13388,799.0,2023-08-04 22:18:56.984948,Did not match description,1.0,147.38
10010,67144,7818,487.0,2023-10-04 08:55:04.843512,Did not match description,1.0,143.32
10012,67150,17346,879.0,2023-04-03 11:25:06.406899,Did not match description,1.0,1529.95
10013,67150,17346,183.0,2023-04-01 11:25:06.406899,Did not match description,1.0,176.28
10014,67150,17346,172.0,2023-04-03 11:25:06.406899,Defective,1.0,484.45
10015,67161,12221,860.0,2023-09-05 04:37:56.945440,Did not match description,1.0,220.15
10020,67257,9481,605.0,2023-12-10 19:59:03.529870,Defective,1.0,223.31
10021,67257,9481,703.0,2023-12-23 19:59:03.529870,Changed Mind,3.0,858.0
10025,67271,16099,956.0,2023-11-03 19:55:02.374898,Defective,1.0,210.16
10026,67285,7970,746.0,2023-08-20 16:24:31.133246,Defective,1.0,595.93
10027,67285,7970,266.0,2023-09-10 16:24:31.133246,Defective,1.0,208.04
10028,67285,7970,656.0,2023-09-08 16:24:31.133246,Did not match description,2.0,290.14
10029,67285,7970,125.0,2023-08-23 16:24:31.133246,Wrong Item,1.0,253.52
10030,67298,4566,563.0,2023-12-29 06:02:56.859365,Wrong Item,1.0,579.67
10032,67317,13801,653.0,2022-07-13 18:14:52.948235,Wrong Item,1.0,240.29
10033,67317,13801,398.0,2022-07-01 18:14:52.948235,Wrong Item,2.0,2561.36
10038,67382,13609,45.0,2023-06-27 04:52:09.107409,Changed Mind,1.0,157.52
10044,67443,8256,70.0,2023-05-16 04:00:02.002972,Did not match description,1.0,958.17
10047,67448,5844,814.0,2022-11-29 05:19:45.600157,Wrong Item,2.0,183.1
10048,67448,5844,582.0,2022-11-30 05:19:45.600157,Did not match description,1.0,29.82
10049,67450,12340,386.0,2023-12-30 16:22:29.021193,Wrong Item,1.0,76.12
10050,67452,11446,451.0,2023-05-31 06:12:15.864511,Defective,1.0,251.21
10057,67520,467,394.0,2023-12-30 22:57:20.416779,Did not match description,1.0,47.91
10058,67520,467,42.0,2024-01-11 22:57:20.416779,Changed Mind,4.0,2638.96
10059,67529,17150,963.0,2022-04-12 04:26:58.469588,Did not match description,3.0,870.84
10060,67529,17150,624.0,2022-04-15 04:26:58.469588,Wrong Item,1.0,274.97
10061,67529,17150,437.0,2022-04-27 04:26:58.469588,Wrong Item,2.0,55.52
10067,67555,735,989.0,2022-11-08 16:41:30.411181,Wrong Item,1.0,201.76
10078,67626,17177,375.0,2021-12-22 10:26:15.906423,Did not match description,1.0,197.27
10079,67626,17177,838.0,2021-11-25 10:26:15.906423,Did not match description,1.0,50.64
10086,67668,6971,218.0,2023-10-03 17:17:20.533846,Changed Mind,1.0,188.34
10087,67670,16324,717.0,2022-11-30 02:42:06.986946,Wrong Item,1.0,180.88
10088,67670,16324,777.0,2022-11-28 02:42:06.986946,Changed Mind,3.0,710.61
10089,67670,16324,412.0,2022-11-20 02:42:06.986946,Did not match description,1.0,176.85
10090,67686,17806,751.0,2022-11-23 04:22:33.412121,Did not match description,2.0,455.52
10096,67706,19551,806.0,2022-05-17 15:28:22.021022,Did not match description,3.0,3558.84
10097,67706,19551,972.0,2022-05-26 15:28:22.021022,Wrong Item,2.0,142.04
10098,67706,19551,786.0,2022-06-11 15:28:22.021022,Changed Mind,5.0,2693.05
10108,67768,13621,802.0,2022-12-30 10:01:15.638312,Defective,1.0,60.04
10111,67810,6483,130.0,2023-09-14 09:29:28.524584,Did not match description,2.0,135.7
10112,67810,6483,74.0,2023-09-07 09:29:28.524584,Wrong Item,3.0,208.44
10113,67810,6483,279.0,2023-09-19 09:29:28.524584,Defective,2.0,2393.66
10123,67856,1816,586.0,2023-06-19 04:59:52.532639,Did not match description,2.0,174.68
10124,67856,1816,356.0,2023-06-19 04:59:52.532639,Defective,1.0,203.66
10125,67856,1816,725.0,2023-05-29 04:59:52.532639,Defective,2.0,79.86
10126,67856,1816,161.0,2023-06-10 04:59:52.532639,Did not match description,2.0,1256.69
10127,67857,5309,690.0,2023-11-20 00:47:18.562256,Wrong Item,1.0,125.9
10128,67858,14300,777.0,2023-03-03 11:44:54.015698,Changed Mind,1.0,236.87
10131,67863,1844,653.0,2024-01-13 05:14:56.961846,Defective,1.0,240.29
10132,67863,1844,740.0,2024-01-07 05:14:56.961846,Defective,4.0,741.08
10133,67863,1844,577.0,2024-01-10 05:14:56.961846,Defective,3.0,1145.05
10134,67863,1844,356.0,2024-01-20 05:14:56.961846,Defective,1.0,226.29
10135,67863,1844,118.0,2024-01-23 05:14:56.961846,Wrong Item,1.0,879.18
10137,67894,17022,475.0,2023-05-02 08:35:55.385066,Did not match description,2.0,838.54
10138,67894,17022,483.0,2023-04-20 08:35:55.385066,Changed Mind,1.0,125.5
10143,67913,18547,478.0,2023-04-26 23:33:31.319597,Defective,1.0,190.9
10144,67913,18547,869.0,2023-04-06 23:33:31.319597,Wrong Item,1.0,431.6
10152,67992,8716,633.0,2023-03-22 20:08:54.980249,Did not match description,2.0,464.88
10153,67992,8716,930.0,2023-03-22 20:08:54.980249,Wrong Item,1.0,183.16
10158,68018,13140,561.0,2023-02-18 14:02:32.750770,Wrong Item,1.0,546.29
10159,68018,13140,47.0,2023-02-25 14:02:32.750770,Changed Mind,1.0,314.72
10160,68018,13140,603.0,2023-03-01 14:02:32.750770,Wrong Item,1.0,409.62
10161,68018,13140,166.0,2023-03-02 14:02:32.750770,Wrong Item,2.0,226.0
10162,68020,15629,546.0,2023-05-19 06:48:45.828055,Defective,1.0,205.85
10163,68020,15629,334.0,2023-05-16 06:48:45.828055,Changed Mind,1.0,407.65
10164,68020,15629,364.0,2023-05-28 06:48:45.828055,Changed Mind,1.0,405.81
10165,68020,15629,275.0,2023-05-11 06:48:45.828055,Defective,1.0,133.64
10166,68020,15629,731.0,2023-05-17 06:48:45.828055,Wrong Item,1.0,147.45
10168,68039,3104,324.0,2023-05-03 01:51:37.720203,Did not match description,3.0,609.15
10169,68039,3104,38.0,2023-04-29 01:51:37.720203,Changed Mind,2.0,409.4
10172,68106,7425,458.0,2023-09-16 19:55:07.852944,Wrong Item,2.0,228.9
10173,68106,7425,81.0,2023-10-01 19:55:07.852944,Wrong Item,1.0,326.11
10174,68106,7425,185.0,2023-09-23 19:55:07.852944,Defective,2.0,501.84
10175,68106,7425,672.0,2023-09-09 19:55:07.852944,Defective,1.0,191.43
10177,68116,19085,397.0,2022-12-28 18:59:44.142212,Changed Mind,1.0,169.08
10178,68134,17942,901.0,2023-12-30 13:37:51.258373,Did not match description,2.0,337.88
10179,68136,18579,257.0,2023-03-28 23:54:14.834179,Changed Mind,1.0,108.32
10180,68136,18579,91.0,2023-03-25 23:54:14.834179,Defective,1.0,658.55
10182,68177,18153,877.0,2023-10-01 15:51:01.164602,Wrong Item,2.0,335.21
10183,68177,18153,435.0,2023-09-20 15:51:01.164602,Defective,1.0,119.73
10190,68241,8127,288.0,2023-07-18 14:05:42.058370,Defective,1.0,1148.44
10191,68241,8127,489.0,2023-07-29 14:05:42.058370,Wrong Item,1.0,595.66
10192,68241,8127,269.0,2023-07-12 14:05:42.058370,Defective,2.0,573.56
10193,68241,8127,708.0,2023-07-27 14:05:42.058370,Changed Mind,2.0,2815.28
10198,68278,17930,707.0,2023-08-30 13:37:31.618465,Did not match description,4.0,179.52
10199,68278,17930,983.0,2023-08-10 13:37:31.618465,Wrong Item,2.0,4875.28
10206,68298,11353,362.0,2022-10-18 12:18:56.739344,Did not match description,1.0,288.73
10214,68377,14881,230.0,2023-09-27 05:04:14.078948,Did not match description,1.0,207.67
10215,68377,14881,53.0,2023-09-02 05:04:14.078948,Changed Mind,1.0,1782.9
10219,68425,1563,436.0,2023-10-22 12:36:03.463379,Changed Mind,1.0,136.55
10220,68425,1563,714.0,2023-10-24 12:36:03.463379,Changed Mind,1.0,294.7
10221,68427,4140,166.0,2023-09-11 08:24:42.930418,Did not match description,3.0,339.0
10226,68523,19435,768.0,2023-06-10 18:56:05.056130,Defective,1.0,155.05
10242,68615,3478,587.0,2023-10-25 00:48:39.074480,Defective,1.0,168.15
10244,68628,11694,964.0,2022-12-22 11:20:27.802349,Defective,1.0,136.44
10245,68628,11694,668.0,2022-12-17 11:20:27.802349,Defective,1.0,91.87
10248,68677,764,65.0,2023-05-20 22:05:30.495096,Wrong Item,1.0,354.38
10249,68706,2310,647.0,2023-11-27 21:17:52.499000,Did not match description,1.0,326.72
10250,68706,2310,965.0,2023-12-17 21:17:52.499000,Wrong Item,3.0,125.22
10251,68706,2310,877.0,2023-12-07 21:17:52.499000,Did not match description,1.0,177.46
10255,68763,463,478.0,2023-11-23 22:10:03.433499,Wrong Item,1.0,190.9
10258,68773,7579,146.0,2023-06-12 13:39:49.775221,Did not match description,1.0,110.5
10259,68773,7579,923.0,2023-06-27 13:39:49.775221,Wrong Item,1.0,339.04
10260,68774,12826,165.0,2022-04-13 10:47:21.336734,Wrong Item,1.0,282.92
10261,68774,12826,568.0,2022-04-27 10:47:21.336734,Wrong Item,4.0,896.16
10262,68774,12826,345.0,2022-04-14 10:47:21.336734,Changed Mind,1.0,40.73
10263,68774,12826,906.0,2022-04-18 10:47:21.336734,Defective,1.0,221.38
10264,68780,174,958.0,2023-10-08 22:20:56.630399,Changed Mind,1.0,63.99
10271,68816,16152,553.0,2023-03-19 11:23:54.508417,Did not match description,1.0,1624.67
10272,68816,16152,273.0,2023-03-28 11:23:54.508417,Did not match description,1.0,120.78
10275,68833,8296,268.0,2023-12-31 13:03:26.966678,Did not match description,1.0,177.95
10279,68856,19636,134.0,2021-04-08 03:25:24.651738,Defective,3.0,381.18
10280,68856,19636,788.0,2021-04-13 03:25:24.651738,Wrong Item,1.0,194.27
10281,68856,19636,16.0,2021-04-24 03:25:24.651738,Wrong Item,1.0,186.22
10282,68856,19636,596.0,2021-04-17 03:25:24.651738,Did not match description,1.0,207.53
10283,68874,16,988.0,2023-09-02 23:29:08.630682,Changed Mind,1.0,159.3
10285,68899,1813,65.0,2024-01-05 13:15:55.210133,Changed Mind,1.0,354.38
10286,68899,1813,961.0,2024-01-03 13:15:55.210133,Defective,1.0,658.13
10287,68926,8965,510.0,2024-01-24 07:33:43.046178,Did not match description,3.0,434.82
10288,68931,7099,840.0,2024-01-14 21:21:15.116800,Did not match description,3.0,535.02
10289,68931,7099,634.0,2023-12-22 21:21:15.116800,Defective,1.0,244.3
10290,68931,7099,174.0,2023-12-20 21:21:15.116800,Defective,1.0,1661.21
10291,68939,7443,989.0,2023-12-21 15:02:25.211793,Wrong Item,1.0,201.76
10294,68953,16633,199.0,2022-04-03 08:06:21.587907,Did not match description,1.0,172.03
10295,68962,1383,861.0,2023-12-27 21:46:21.438554,Did not match description,1.0,252.25
10298,69025,6700,788.0,2023-12-20 18:07:21.622612,Changed Mind,1.0,242.84
10299,69025,6700,409.0,2023-12-11 18:07:21.622612,Did not match description,1.0,165.0
10300,69025,6700,742.0,2023-12-27 18:07:21.622612,Changed Mind,1.0,1393.57
10301,69033,14366,803.0,2023-04-06 22:08:19.020548,Defective,2.0,664.48
10302,69033,14366,633.0,2023-04-10 22:08:19.020548,Did not match description,4.0,929.76
10303,69041,453,142.0,2023-09-22 11:39:40.551348,Defective,2.0,856.28
10304,69041,453,377.0,2023-09-30 11:39:40.551348,Changed Mind,1.0,140.2
10309,69069,17694,856.0,2022-06-16 21:22:45.090807,Did not match description,1.0,129.79
10310,69069,17694,990.0,2022-06-13 21:22:45.090807,Wrong Item,1.0,105.65
10312,69111,5920,950.0,2022-08-18 05:42:46.426439,Changed Mind,1.0,1370.29
10313,69111,5920,426.0,2022-08-29 05:42:46.426439,Did not match description,1.0,1827.89
10314,69111,5920,878.0,2022-08-11 05:42:46.426439,Changed Mind,1.0,954.34
10316,69124,19489,131.0,2022-12-04 23:08:47.295365,Did not match description,1.0,80.91
10317,69124,19489,633.0,2022-12-21 23:08:47.295365,Did not match description,1.0,232.44
10318,69124,19489,64.0,2022-12-14 23:08:47.295365,Changed Mind,2.0,2418.76
10322,69145,4075,86.0,2023-09-12 20:19:59.579621,Did not match description,1.0,190.33
10323,69146,17691,832.0,2021-10-04 16:45:25.465852,Defective,1.0,130.69
10324,69146,17691,746.0,2021-09-20 16:45:25.465852,Changed Mind,1.0,595.93
10329,69210,6870,134.0,2023-12-07 13:44:17.234845,Did not match description,1.0,127.06
10330,69210,6870,905.0,2023-12-13 13:44:17.234845,Changed Mind,1.0,119.45
10331,69210,6870,337.0,2023-12-13 13:44:17.234845,Did not match description,2.0,1240.63
10332,69210,6870,408.0,2023-12-02 13:44:17.234845,Did not match description,1.0,147.94
10333,69220,11861,787.0,2023-06-05 15:52:25.827564,Changed Mind,2.0,135.94
10346,69323,7102,690.0,2023-01-04 14:15:57.805936,Defective,1.0,148.12
10357,69419,5488,186.0,2021-11-20 19:52:01.121943,Defective,1.0,716.14
10358,69419,5488,943.0,2021-11-18 19:52:01.121943,Wrong Item,2.0,1140.16
10359,69419,5488,232.0,2021-11-14 19:52:01.121943,Changed Mind,1.0,2214.63
10360,69419,5488,130.0,2021-10-30 19:52:01.121943,Did not match description,1.0,57.67
10361,69446,2141,929.0,2023-09-29 14:13:07.966623,Did not match description,2.0,156.18
10371,69588,15783,779.0,2023-09-02 05:22:14.724047,Wrong Item,1.0,142.98
10373,69607,9833,521.0,2023-09-19 03:07:29.217764,Did not match description,2.0,138.46
10376,69670,4495,757.0,2023-03-29 20:42:28.127063,Did not match description,1.0,109.92
10377,69671,18492,495.0,2023-03-13 07:14:30.099391,Wrong Item,2.0,56.76
10378,69690,8209,418.0,2023-11-02 06:50:39.940678,Defective,1.0,1925.47
10379,69690,8209,932.0,2023-10-20 06:50:39.940678,Did not match description,1.0,269.21
10380,69690,8209,394.0,2023-10-09 06:50:39.940678,Wrong Item,1.0,47.91
10387,69696,10715,690.0,2023-11-29 22:48:30.166363,Did not match description,1.0,148.12
10393,69753,17615,963.0,2023-11-22 16:24:11.463660,Did not match description,1.0,246.74
10394,69753,17615,474.0,2023-11-28 16:24:11.463660,Defective,1.0,76.83
10395,69753,17615,597.0,2023-12-19 16:24:11.463660,Wrong Item,1.0,1201.18
10396,69753,17615,552.0,2023-11-22 16:24:11.463660,Did not match description,1.0,1742.4
10397,69756,7666,203.0,2023-11-04 01:14:28.697861,Changed Mind,1.0,315.86
10398,69757,10058,608.0,2022-08-31 06:04:59.634390,Wrong Item,1.0,283.36
10401,69781,9387,230.0,2023-09-17 02:55:57.157545,Changed Mind,1.0,207.67
10402,69781,9387,135.0,2023-09-11 02:55:57.157545,Did not match description,1.0,1013.17
10406,69813,8856,577.0,2023-05-13 12:08:49.418611,Changed Mind,2.0,898.08
10407,69813,8856,390.0,2023-05-15 12:08:49.418611,Changed Mind,1.0,132.77
10415,69896,3940,24.0,2023-12-08 12:49:15.073099,Wrong Item,1.0,52.39
10417,69906,16186,630.0,2023-12-16 23:51:44.251149,Defective,1.0,615.07
10418,69906,16186,954.0,2023-12-20 23:51:44.251149,Defective,1.0,25.79
10419,69906,16186,242.0,2023-12-05 23:51:44.251149,Did not match description,2.0,438.88
10420,69906,16186,474.0,2023-12-24 23:51:44.251149,Did not match description,1.0,76.83
10421,69925,17239,109.0,2022-11-28 06:00:54.627171,Changed Mind,1.0,611.36
10422,69925,17239,413.0,2022-11-21 06:00:54.627171,Changed Mind,1.0,201.1
10423,69925,17239,918.0,2022-11-23 06:00:54.627171,Did not match description,3.0,255.39
10427,69970,18298,132.0,2023-12-19 23:43:37.636191,Did not match description,1.0,1653.66
10428,69970,18298,677.0,2023-12-06 23:43:37.636191,Did not match description,1.0,166.35
10429,69970,18298,763.0,2023-12-03 23:43:37.636191,Wrong Item,3.0,701.43
10430,69970,18298,798.0,2023-12-18 23:43:37.636191,Wrong Item,1.0,144.13
10432,70004,13264,8.0,2023-10-26 12:57:36.208084,Did not match description,5.0,1132.5
10438,70067,12253,371.0,2022-09-20 17:37:36.896060,Did not match description,1.0,135.47
10439,70067,12253,964.0,2022-09-21 17:37:36.896060,Changed Mind,3.0,409.32
10446,70098,16693,397.0,2023-07-18 16:53:14.780701,Defective,1.0,169.08
10447,70098,16693,724.0,2023-08-07 16:53:14.780701,Changed Mind,1.0,1780.3
10448,70098,16693,40.0,2023-07-17 16:53:14.780701,Changed Mind,1.0,2712.38
10449,70098,16693,920.0,2023-07-30 16:53:14.780701,Wrong Item,1.0,1706.2
10455,70124,13541,994.0,2023-07-19 17:36:24.603100,Did not match description,1.0,78.2
10456,70124,13541,19.0,2023-07-15 17:36:24.603100,Defective,1.0,258.66
10457,70124,13541,969.0,2023-07-31 17:36:24.603100,Did not match description,2.0,2871.52
10458,70138,13481,803.0,2023-12-25 22:43:38.591879,Defective,1.0,332.24
10459,70138,13481,353.0,2023-12-27 22:43:38.591879,Defective,2.0,172.09
10460,70138,13481,314.0,2023-12-23 22:43:38.591879,Changed Mind,1.0,570.06
10462,70146,17993,863.0,2022-08-07 02:52:53.989777,Defective,1.0,592.86
10463,70146,17993,729.0,2022-08-04 02:52:53.989777,Did not match description,1.0,224.18
10464,70146,17993,707.0,2022-07-22 02:52:53.989777,Changed Mind,4.0,179.52
10465,70146,17993,166.0,2022-08-02 02:52:53.989777,Defective,1.0,96.05
10468,70169,13268,384.0,2023-07-23 18:49:49.810163,Did not match description,1.0,142.45
10469,70169,13268,252.0,2023-07-14 18:49:49.810163,Wrong Item,2.0,427.82
10477,70203,7855,235.0,2024-01-07 22:45:52.716220,Did not match description,1.0,26.99
10478,70203,7855,360.0,2024-01-06 22:45:52.716220,Defective,1.0,1328.97
10480,70250,6820,173.0,2023-05-28 13:44:17.220852,Defective,4.0,4042.08
10481,70250,6820,386.0,2023-06-10 13:44:17.220852,Did not match description,1.0,64.7
10483,70331,1173,861.0,2023-12-11 04:25:03.185942,Changed Mind,4.0,1009.0
10484,70331,1173,325.0,2023-12-23 04:25:03.185942,Wrong Item,1.0,243.72
10490,70382,14775,426.0,2023-03-28 23:11:52.566753,Changed Mind,1.0,1827.89
10491,70382,14775,315.0,2023-04-04 23:11:52.566753,Defective,1.0,1899.41
10492,70382,14775,931.0,2023-03-29 23:11:52.566753,Defective,1.0,45.42
10493,70382,14775,392.0,2023-03-18 23:11:52.566753,Wrong Item,1.0,160.8
10494,70382,14775,459.0,2023-03-21 23:11:52.566753,Defective,1.0,233.16
10499,70395,3869,298.0,2024-01-19 03:41:05.452538,Defective,2.0,4688.2
10500,70395,3869,329.0,2024-01-07 03:41:05.452538,Wrong Item,2.0,129.96
10501,70409,11232,235.0,2023-05-10 10:48:42.829230,Defective,2.0,53.98
10502,70413,6765,187.0,2023-03-28 00:58:19.093347,Defective,2.0,4639.94
10503,70413,6765,685.0,2023-03-27 00:58:19.093347,Wrong Item,1.0,171.99
10504,70413,6765,988.0,2023-03-31 00:58:19.093347,Defective,1.0,159.3
10510,70471,1477,217.0,2022-07-22 21:18:20.239076,Wrong Item,1.0,1380.63
10511,70471,1477,343.0,2022-08-13 21:18:20.239076,Defective,1.0,166.29
10517,70517,2348,685.0,2021-12-02 08:29:37.315720,Did not match description,1.0,154.79
10520,70526,9775,25.0,2022-11-21 11:12:35.970804,Defective,1.0,175.15
10521,70533,492,565.0,2023-10-21 11:11:58.350670,Changed Mind,1.0,41.61
10522,70533,492,726.0,2023-10-21 11:11:58.350670,Changed Mind,2.0,562.92
10523,70543,19800,700.0,2023-12-21 13:59:43.091373,Defective,1.0,314.95
10524,70543,19800,248.0,2023-12-24 13:59:43.091373,Defective,3.0,1264.44
10528,70584,7833,203.0,2024-01-01 08:13:19.502937,Defective,1.0,315.86
10529,70584,7833,540.0,2023-12-29 08:13:19.502937,Did not match description,1.0,873.72
10530,70584,7833,49.0,2024-01-02 08:13:19.502937,Defective,1.0,199.14
10532,70604,13971,371.0,2022-12-27 10:45:25.814534,Wrong Item,1.0,135.47
10533,70604,13971,791.0,2023-01-02 10:45:25.814534,Defective,1.0,421.05
10534,70634,462,753.0,2023-03-07 00:59:41.842480,Changed Mind,1.0,14.67
10540,70665,14010,143.0,2021-10-01 09:29:03.834389,Wrong Item,3.0,1691.22
10541,70665,14010,542.0,2021-10-07 09:29:03.834389,Did not match description,1.0,161.98
10542,70665,14010,611.0,2021-10-09 09:29:03.834389,Defective,1.0,49.62
10552,70815,16155,480.0,2021-12-25 16:02:47.229565,Changed Mind,1.0,183.7
10566,70944,10677,392.0,2023-06-06 11:59:36.473631,Defective,1.0,160.8
10567,70944,10677,25.0,2023-06-07 11:59:36.473631,Defective,1.0,148.88
10572,70968,7368,63.0,2023-08-12 15:19:13.107725,Did not match description,1.0,1664.26
10573,70968,7368,585.0,2023-07-31 15:19:13.107725,Defective,1.0,193.0
10576,70993,174,362.0,2024-01-14 09:41:28.674524,Wrong Item,1.0,288.73
10577,71031,1417,557.0,2023-07-15 15:42:34.000927,Defective,1.0,329.92
10578,71031,1417,631.0,2023-07-04 15:42:34.000927,Changed Mind,1.0,137.66
10579,71031,1417,166.0,2023-07-22 15:42:34.000927,Changed Mind,5.0,565.0
10581,71037,1546,319.0,2023-06-28 05:04:39.362258,Changed Mind,2.0,462.88
10582,71037,1546,953.0,2023-06-19 05:04:39.362258,Changed Mind,1.0,150.17
10583,71037,1546,71.0,2023-06-26 05:04:39.362258,Changed Mind,2.0,2080.66
10584,71037,1546,187.0,2023-06-13 05:04:39.362258,Changed Mind,2.0,4639.94
10585,71037,1546,863.0,2023-06-14 05:04:39.362258,Did not match description,1.0,592.86
10587,71094,13405,308.0,2022-07-12 15:28:44.187701,Changed Mind,1.0,79.3
10588,71094,13405,641.0,2022-07-01 15:28:44.187701,Changed Mind,1.0,1316.06
10589,71094,13405,220.0,2022-07-27 15:28:44.187701,Wrong Item,1.0,235.11
10590,71094,13405,121.0,2022-06-28 15:28:44.187701,Did not match description,1.0,783.22
10593,71122,12278,55.0,2022-06-30 08:25:52.005598,Wrong Item,1.0,205.17
10594,71122,12278,955.0,2022-06-19 08:25:52.005598,Changed Mind,1.0,802.3
10598,71165,19426,54.0,2023-11-25 00:29:49.251199,Changed Mind,4.0,3001.92
10599,71165,19426,766.0,2023-11-26 00:29:49.251199,Defective,4.0,1302.0
10600,71165,19426,237.0,2023-11-21 00:29:49.251199,Changed Mind,1.0,243.21
10601,71165,19426,346.0,2023-11-14 00:29:49.251199,Did not match description,1.0,110.56
10603,71206,11243,456.0,2023-08-24 05:04:03.189339,Defective,1.0,165.23
10604,71206,11243,228.0,2023-08-07 05:04:03.189339,Defective,1.0,38.21
10605,71212,8066,112.0,2021-05-01 06:26:34.498389,Wrong Item,1.0,2368.89
10606,71212,8066,977.0,2021-05-10 06:26:34.498389,Changed Mind,1.0,1056.9
10612,71251,17117,593.0,2023-10-03 21:52:26.267904,Wrong Item,1.0,910.47
10613,71251,17117,839.0,2023-10-14 21:52:26.267904,Defective,1.0,190.21
10616,71278,14500,523.0,2023-12-18 17:16:59.613340,Did not match description,1.0,344.72
10617,71282,4127,576.0,2022-08-26 12:16:57.949096,Changed Mind,2.0,78.91
10618,71285,9624,85.0,2022-12-20 21:29:07.280995,Wrong Item,1.0,346.7
10623,71325,15452,477.0,2022-08-08 10:29:31.185832,Wrong Item,1.0,2007.25
10624,71325,15452,476.0,2022-08-10 10:29:31.185832,Did not match description,1.0,183.88
10627,71399,4051,668.0,2021-09-24 08:08:29.693223,Changed Mind,1.0,97.27
10628,71399,4051,390.0,2021-09-16 08:08:29.693223,Defective,1.0,132.77
10629,71399,4051,240.0,2021-09-26 08:08:29.693223,Defective,3.0,1792.41
10630,71407,17112,346.0,2023-12-23 13:41:09.536233,Wrong Item,1.0,138.2
10631,71407,17112,15.0,2024-01-09 13:41:09.536233,Changed Mind,1.0,115.01
10632,71410,18441,449.0,2022-10-18 15:10:01.919806,Did not match description,2.0,298.26
10633,71410,18441,413.0,2022-10-02 15:10:01.919806,Defective,1.0,201.1
10635,71424,2845,393.0,2023-02-28 22:12:45.413319,Did not match description,1.0,32.38
10636,71424,2845,205.0,2023-02-28 22:12:45.413319,Wrong Item,1.0,880.49
10637,71424,2845,984.0,2023-02-16 22:12:45.413319,Defective,1.0,307.72
10638,71424,2845,434.0,2023-02-27 22:12:45.413319,Defective,1.0,1143.61
10639,71434,5378,887.0,2023-10-24 01:34:39.262164,Wrong Item,1.0,154.67
10643,71463,8927,960.0,2023-11-13 23:55:11.275914,Changed Mind,3.0,286.29
10648,71490,11498,777.0,2023-12-20 14:05:49.635986,Changed Mind,1.0,213.18
10649,71490,11498,155.0,2024-01-04 14:05:49.635986,Defective,2.0,1035.82
10650,71490,11498,152.0,2023-12-30 14:05:49.635986,Did not match description,1.0,510.59
10651,71496,11593,33.0,2023-07-20 07:33:38.706186,Defective,1.0,150.45
10652,71496,11593,521.0,2023-07-09 07:33:38.706186,Wrong Item,1.0,69.23
10655,71510,33,779.0,2023-10-19 18:05:51.378672,Changed Mind,1.0,142.98
10660,71520,15723,129.0,2022-07-31 21:47:03.185782,Wrong Item,1.0,293.28
10661,71520,15723,667.0,2022-07-30 21:47:03.185782,Defective,1.0,28.48
10662,71520,15723,524.0,2022-07-26 21:47:03.185782,Changed Mind,1.0,1719.54
10663,71520,15723,593.0,2022-08-02 21:47:03.185782,Did not match description,1.0,910.47
10664,71545,14053,704.0,2022-09-23 22:36:33.225707,Did not match description,1.0,1602.41
10665,71545,14053,677.0,2022-09-09 22:36:33.225707,Defective,1.0,166.35
10666,71545,14053,80.0,2022-08-31 22:36:33.225707,Changed Mind,3.0,523.2
10667,71545,14053,391.0,2022-09-09 22:36:33.225707,Did not match description,1.0,307.36
10671,71567,7423,959.0,2023-08-25 01:39:26.276503,Defective,1.0,122.18
10682,71617,2936,220.0,2023-05-04 22:12:51.829613,Defective,1.0,188.09
10684,71649,3081,877.0,2023-11-06 06:35:49.202313,Defective,1.0,197.18
10691,71684,16955,328.0,2023-02-07 00:24:57.876670,Changed Mind,4.0,899.84
10693,71702,1686,203.0,2023-11-12 12:18:04.588851,Changed Mind,1.0,268.48
10700,71768,19398,708.0,2023-12-19 13:21:54.856972,Did not match description,1.0,1759.55
10702,71772,11193,329.0,2023-10-28 16:24:10.469140,Defective,1.0,64.98
10703,71772,11193,35.0,2023-11-04 16:24:10.469140,Did not match description,1.0,302.81
10704,71775,12720,360.0,2022-07-04 11:49:34.148293,Changed Mind,1.0,1328.97
10710,71832,9763,132.0,2023-12-14 08:06:11.805846,Did not match description,1.0,1488.29
10711,71832,9763,893.0,2023-12-04 08:06:11.805846,Changed Mind,1.0,161.53
10716,71854,14837,215.0,2022-09-08 18:45:38.912803,Wrong Item,2.0,368.21
10723,71913,18816,253.0,2021-10-12 22:09:00.914939,Wrong Item,1.0,279.31
10730,71965,13080,10.0,2023-05-19 13:31:13.739126,Did not match description,1.0,183.89
10731,71965,13080,627.0,2023-05-29 13:31:13.739126,Defective,2.0,97.38
10741,72038,2857,770.0,2022-09-10 01:31:15.581528,Did not match description,1.0,11.87
10742,72038,2857,204.0,2022-08-28 01:31:15.581528,Defective,1.0,275.52
10746,72106,5378,931.0,2023-08-12 14:29:22.622047,Did not match description,1.0,45.42
10747,72106,5378,852.0,2023-08-08 14:29:22.622047,Changed Mind,1.0,198.84
10760,72165,429,165.0,2023-12-13 02:42:22.680138,Did not match description,1.0,282.92
10764,72182,7401,987.0,2023-12-21 00:03:21.035714,Wrong Item,2.0,207.06
10765,72182,7401,619.0,2023-12-15 00:03:21.035714,Wrong Item,3.0,211.44
10769,72208,12520,570.0,2023-11-07 14:13:38.590812,Did not match description,1.0,212.05
10770,72215,4855,799.0,2024-01-06 10:12:06.492172,Did not match description,1.0,147.38
10771,72215,4855,862.0,2024-01-12 10:12:06.492172,Changed Mind,2.0,877.7
10778,72260,7817,77.0,2023-10-24 03:14:44.227084,Changed Mind,1.0,1129.11
10779,72260,7817,667.0,2023-10-10 03:14:44.227084,Did not match description,1.0,28.48
10780,72267,2121,959.0,2022-05-30 07:33:41.155781,Defective,1.0,122.18
10781,72285,15177,322.0,2023-08-29 09:20:41.286848,Defective,1.0,308.58
10782,72285,15177,200.0,2023-09-20 09:20:41.286848,Defective,1.0,154.4
10787,72320,11018,931.0,2024-01-11 20:34:13.614938,Changed Mind,1.0,38.61
10788,72324,8103,667.0,2022-11-25 00:05:30.860330,Did not match description,4.0,113.92
10789,72369,18084,81.0,2024-01-04 22:26:45.797080,Did not match description,1.0,326.11
10790,72369,18084,829.0,2023-12-24 22:26:45.797080,Changed Mind,1.0,143.61
10791,72369,18084,819.0,2024-01-02 22:26:45.797080,Did not match description,1.0,185.17
10792,72369,18084,94.0,2023-12-20 22:26:45.797080,Defective,1.0,142.95
10794,72414,14749,560.0,2021-12-08 11:34:14.604422,Did not match description,2.0,2069.04
10795,72414,14749,46.0,2021-11-20 11:34:14.604422,Did not match description,2.0,188.5
10797,72457,13358,447.0,2024-01-21 00:39:08.295191,Did not match description,1.0,267.17
10798,72457,13358,1000.0,2024-01-11 00:39:08.295191,Wrong Item,4.0,609.2
10799,72457,13358,292.0,2023-12-28 00:39:08.295191,Wrong Item,1.0,984.03
10800,72457,13358,556.0,2024-01-05 00:39:08.295191,Defective,1.0,122.82
10801,72465,1157,80.0,2023-09-20 08:57:06.524678,Changed Mind,1.0,174.4
10814,72511,14024,601.0,2023-06-09 13:51:53.684260,Did not match description,1.0,726.64
10815,72511,14024,608.0,2023-05-21 13:51:53.684260,Defective,1.0,283.36
10819,72547,14157,18.0,2024-01-18 12:12:57.268458,Defective,1.0,23.86
10820,72547,14157,980.0,2024-01-17 12:12:57.268458,Did not match description,2.0,1027.23
10821,72547,14157,660.0,2024-01-12 12:12:57.268458,Defective,4.0,334.12
10824,72553,15154,397.0,2024-01-03 12:14:31.376939,Did not match description,1.0,152.17
10825,72562,7185,429.0,2023-07-12 15:19:44.005562,Did not match description,1.0,312.28
10826,72562,7185,76.0,2023-07-27 15:19:44.005562,Defective,1.0,300.6
10829,72575,805,737.0,2023-10-27 13:55:01.530459,Did not match description,1.0,314.43
10830,72575,805,395.0,2023-10-26 13:55:01.530459,Changed Mind,1.0,1435.49
10833,72646,13849,66.0,2022-06-23 01:04:16.953680,Changed Mind,1.0,300.49
10834,72646,13849,78.0,2022-06-29 01:04:16.953680,Did not match description,1.0,279.64
10835,72646,13849,781.0,2022-06-23 01:04:16.953680,Defective,3.0,631.89
10836,72646,13849,753.0,2022-06-25 01:04:16.953680,Did not match description,1.0,14.67
10837,72653,6308,619.0,2023-11-23 15:04:37.324277,Changed Mind,2.0,140.96
10838,72653,6308,918.0,2023-12-01 15:04:37.324277,Defective,1.0,76.62
10839,72655,6830,730.0,2022-05-09 08:43:08.551897,Defective,2.0,3279.7
10840,72655,6830,744.0,2022-04-28 08:43:08.551897,Changed Mind,1.0,276.28
10841,72655,6830,147.0,2022-05-08 08:43:08.551897,Changed Mind,1.0,363.97
10842,72655,6830,151.0,2022-05-02 08:43:08.551897,Wrong Item,1.0,185.26
10843,72656,98,800.0,2023-12-01 03:49:07.450772,Defective,2.0,319.53
10862,72718,2396,927.0,2023-11-14 03:13:31.195427,Changed Mind,2.0,1116.76
10863,72718,2396,690.0,2023-12-01 03:13:31.195427,Defective,1.0,125.9
10864,72718,2396,742.0,2023-12-06 03:13:31.195427,Did not match description,1.0,1393.57
10871,72739,15598,568.0,2023-07-21 01:26:42.388876,Defective,1.0,224.04
10872,72739,15598,231.0,2023-07-16 01:26:42.388876,Changed Mind,2.0,1501.18
10873,72739,15598,666.0,2023-07-23 01:26:42.388876,Defective,1.0,159.75
10874,72753,2167,836.0,2023-05-08 05:29:16.128350,Defective,3.0,2761.51
10875,72753,2167,836.0,2023-05-15 05:29:16.128350,Changed Mind,3.0,3068.34
10876,72753,2167,123.0,2023-05-08 05:29:16.128350,Did not match description,1.0,282.89
10877,72753,2167,28.0,2023-05-22 05:29:16.128350,Changed Mind,1.0,130.91
10882,72785,3939,918.0,2023-01-24 08:51:58.594333,Changed Mind,1.0,85.13
10885,72801,12803,248.0,2021-09-16 11:11:12.321742,Wrong Item,1.0,421.48
10886,72801,12803,562.0,2021-09-11 11:11:12.321742,Defective,1.0,681.32
10887,72801,12803,713.0,2021-09-05 11:11:12.321742,Did not match description,1.0,117.82
10888,72801,12803,788.0,2021-09-22 11:11:12.321742,Did not match description,1.0,218.56
10889,72813,16496,22.0,2023-01-09 00:47:12.762525,Wrong Item,1.0,40.69
10890,72813,16496,770.0,2022-12-29 00:47:12.762525,Defective,3.0,35.61
10891,72824,8026,989.0,2024-01-02 09:32:40.610982,Did not match description,1.0,201.76
10902,72961,4144,476.0,2023-09-21 05:35:52.283462,Changed Mind,1.0,204.31
10907,72982,1362,268.0,2023-03-26 07:24:51.889537,Changed Mind,1.0,177.95
10908,72982,1362,905.0,2023-04-17 07:24:51.889537,Wrong Item,1.0,119.45
10909,72987,8734,800.0,2022-11-05 06:34:08.948393,Defective,1.0,187.96
10910,72987,8734,357.0,2022-11-06 06:34:08.948393,Did not match description,3.0,154.49
10911,72987,8734,355.0,2022-10-27 06:34:08.948393,Did not match description,2.0,1419.6
10912,72992,5459,380.0,2023-02-22 03:50:49.419898,Defective,2.0,240.28
10913,72992,5459,368.0,2023-03-15 03:50:49.419898,Defective,4.0,4791.08
10914,72992,5459,614.0,2023-02-27 03:50:49.419898,Defective,1.0,32.34
10918,73038,3674,92.0,2023-05-11 19:20:04.643529,Changed Mind,1.0,325.85
10923,73113,12699,346.0,2023-12-02 04:16:10.343240,Did not match description,1.0,138.2
10924,73113,12699,390.0,2023-11-19 04:16:10.343240,Did not match description,5.0,597.46
10925,73113,12699,498.0,2023-11-14 04:16:10.343240,Defective,1.0,418.13
10926,73113,12699,124.0,2023-11-28 04:16:10.343240,Did not match description,1.0,510.04
10927,73113,12699,555.0,2023-11-22 04:16:10.343240,Did not match description,1.0,947.46
10933,73145,12671,743.0,2023-07-17 08:47:25.807703,Wrong Item,1.0,228.97
10934,73145,12671,740.0,2023-06-27 08:47:25.807703,Did not match description,1.0,166.74
10937,73185,16512,325.0,2023-12-24 08:18:54.365372,Changed Mind,4.0,974.88
10938,73208,139,652.0,2023-11-18 15:58:57.504507,Wrong Item,1.0,636.8
10939,73208,139,397.0,2023-11-29 15:58:57.504507,Wrong Item,1.0,169.08
10940,73208,139,901.0,2023-12-08 15:58:57.504507,Did not match description,1.0,168.94
10946,73227,13341,485.0,2023-08-30 02:40:36.710165,Changed Mind,3.0,1713.45
10947,73227,13341,698.0,2023-08-21 02:40:36.710165,Changed Mind,1.0,1401.8
10948,73227,13341,370.0,2023-08-26 02:40:36.710165,Did not match description,1.0,142.18
10952,73246,16708,582.0,2022-02-20 08:35:38.627743,Defective,2.0,59.64
10953,73246,16708,42.0,2022-02-14 08:35:38.627743,Defective,2.0,1319.48
10954,73246,16708,596.0,2022-02-01 08:35:38.627743,Did not match description,1.0,207.53
10956,73266,9574,901.0,2023-06-07 05:34:45.347244,Changed Mind,1.0,168.94
10957,73266,9574,338.0,2023-06-03 05:34:45.347244,Changed Mind,1.0,577.88
10958,73266,9574,580.0,2023-06-03 05:34:45.347244,Wrong Item,1.0,135.79
10959,73277,13572,458.0,2024-01-14 17:42:58.842506,Did not match description,1.0,114.45
10960,73277,13572,555.0,2024-01-25 17:42:58.842506,Wrong Item,1.0,1114.66
10961,73277,13572,135.0,2024-01-18 17:42:58.842506,Changed Mind,2.0,2532.92
10962,73277,13572,160.0,2023-12-30 17:42:58.842506,Defective,2.0,4919.62
10963,73280,5928,18.0,2023-12-12 08:42:40.798041,Defective,2.0,56.14
10964,73280,5928,453.0,2023-12-18 08:42:40.798041,Did not match description,4.0,621.84
10965,73293,10597,757.0,2023-12-30 06:08:42.021754,Wrong Item,1.0,109.92
10966,73293,10597,502.0,2023-12-24 06:08:42.021754,Did not match description,2.0,1200.56
10967,73293,10597,948.0,2024-01-02 06:08:42.021754,Changed Mind,1.0,314.59
10968,73317,3848,98.0,2022-03-21 20:37:06.672546,Defective,1.0,530.89
10969,73317,3848,960.0,2022-03-29 20:37:06.672546,Defective,1.0,95.43
10970,73317,3848,406.0,2022-04-03 20:37:06.672546,Changed Mind,1.0,1988.32
10971,73317,3848,731.0,2022-04-04 20:37:06.672546,Wrong Item,1.0,147.45
10977,73367,3607,988.0,2023-06-20 19:23:20.968903,Did not match description,2.0,318.6
10982,73409,13016,322.0,2023-02-06 22:46:11.775859,Wrong Item,1.0,308.58
11006,73708,9644,649.0,2023-10-31 18:23:18.549976,Did not match description,1.0,430.11
11007,73708,9644,476.0,2023-11-23 18:23:18.549976,Did not match description,1.0,204.31
11012,73771,12857,544.0,2023-08-19 02:07:30.323281,Changed Mind,1.0,1502.82
11013,73771,12857,213.0,2023-09-08 02:07:30.323281,Wrong Item,1.0,298.51
11017,73790,18530,886.0,2024-01-07 01:19:49.951774,Changed Mind,3.0,5834.16
11018,73790,18530,986.0,2024-01-06 01:19:49.951774,Wrong Item,4.0,429.24
11019,73790,18530,473.0,2023-12-31 01:19:49.951774,Wrong Item,1.0,426.2
11020,73790,18530,963.0,2023-12-31 01:19:49.951774,Defective,1.0,290.28
11026,73860,6777,184.0,2022-09-03 14:06:22.308213,Wrong Item,3.0,5664.0
11027,73860,6777,568.0,2022-08-27 14:06:22.308213,Wrong Item,1.0,224.04
11036,73891,6369,599.0,2022-12-30 11:31:05.059900,Wrong Item,1.0,420.13
11037,73891,6369,510.0,2022-12-07 11:31:05.059900,Did not match description,1.0,130.45
11038,73901,18714,92.0,2023-12-22 09:53:09.203321,Did not match description,2.0,651.7
11039,73901,18714,70.0,2023-12-10 09:53:09.203321,Defective,1.0,958.17
11040,73901,18714,343.0,2023-12-21 09:53:09.203321,Changed Mind,2.0,332.58
11041,73911,18917,429.0,2023-12-26 17:40:23.363688,Wrong Item,3.0,749.47
11042,73911,18917,24.0,2023-12-16 17:40:23.363688,Did not match description,1.0,55.47
11043,73911,18917,841.0,2024-01-14 17:40:23.363688,Did not match description,3.0,266.22
11044,73911,18917,741.0,2024-01-12 17:40:23.363688,Did not match description,1.0,114.36
11046,73919,9847,671.0,2022-05-31 11:18:35.604422,Changed Mind,1.0,229.06
11047,73922,369,629.0,2024-01-16 03:46:33.234072,Defective,1.0,208.23
11048,73922,369,438.0,2024-01-10 03:46:33.234072,Changed Mind,4.0,9003.4
11054,73938,19240,341.0,2022-11-10 11:17:32.360245,Did not match description,1.0,54.8
11055,73938,19240,65.0,2022-11-09 11:17:32.360245,Changed Mind,1.0,354.38
11064,73998,5895,408.0,2022-04-08 03:14:32.276762,Changed Mind,1.0,147.94
11065,74002,8618,778.0,2023-08-27 03:19:48.168408,Wrong Item,1.0,2113.78
11066,74002,8618,945.0,2023-08-22 03:19:48.168408,Defective,1.0,134.23
11067,74008,9035,66.0,2023-02-18 08:33:24.929877,Defective,1.0,300.49
11068,74008,9035,73.0,2023-02-12 08:33:24.929877,Wrong Item,2.0,2891.48
11069,74008,9035,458.0,2023-02-05 08:33:24.929877,Did not match description,1.0,114.45
11080,74058,14078,538.0,2021-08-29 13:11:00.137731,Changed Mind,5.0,2649.3
11081,74058,14078,613.0,2021-09-04 13:11:00.137731,Changed Mind,4.0,1288.62
11088,74086,16330,414.0,2023-07-31 13:09:37.256300,Did not match description,1.0,231.86
11089,74092,7042,779.0,2023-02-25 08:21:21.554580,Changed Mind,2.0,257.36
11090,74092,7042,35.0,2023-03-19 08:21:21.554580,Changed Mind,1.0,302.81
11101,74222,12884,769.0,2022-11-08 03:42:17.853788,Changed Mind,1.0,430.7
11110,74287,7991,436.0,2023-10-18 06:12:03.596092,Changed Mind,1.0,136.55
11111,74334,12755,218.0,2021-09-13 11:07:13.791820,Changed Mind,1.0,188.34
11118,74363,3527,596.0,2023-10-18 16:23:12.639875,Defective,1.0,207.53
11129,74428,10188,375.0,2023-11-25 00:11:09.248084,Changed Mind,1.0,167.68
11130,74428,10188,98.0,2023-11-11 00:11:09.248084,Did not match description,1.0,663.61
11148,74605,2306,151.0,2022-06-11 20:18:07.213991,Changed Mind,1.0,148.21
11150,74619,17987,228.0,2022-01-06 03:21:06.679616,Wrong Item,1.0,38.21
11151,74619,17987,2.0,2021-12-28 03:21:06.679616,Changed Mind,1.0,1330.71
11152,74619,17987,922.0,2021-12-29 03:21:06.679616,Did not match description,2.0,2115.36
11153,74619,17987,802.0,2022-01-19 03:21:06.679616,Did not match description,2.0,120.08
11154,74625,16746,154.0,2023-06-08 10:13:34.272581,Defective,1.0,118.85
11155,74625,16746,683.0,2023-06-09 10:13:34.272581,Wrong Item,1.0,20.46
11156,74638,12424,60.0,2023-03-03 17:12:57.772018,Did not match description,1.0,1261.43
11157,74638,12424,272.0,2023-03-03 17:12:57.772018,Wrong Item,5.0,198.36
11160,74646,10819,20.0,2023-09-07 02:21:05.978394,Wrong Item,1.0,402.25
11161,74646,10819,899.0,2023-09-20 02:21:05.978394,Wrong Item,1.0,137.91
11162,74646,10819,831.0,2023-09-10 02:21:05.978394,Defective,1.0,221.49
11164,74664,6454,480.0,2022-12-25 13:48:13.450420,Wrong Item,1.0,183.7
11166,74688,19224,668.0,2022-09-06 19:19:59.713074,Did not match description,1.0,108.08
11167,74691,1868,458.0,2024-01-13 08:25:37.964859,Wrong Item,5.0,572.25
11171,74704,6166,570.0,2023-06-25 13:36:10.049622,Defective,1.0,212.05
11172,74704,6166,215.0,2023-06-21 13:36:10.049622,Wrong Item,1.0,207.12
11173,74704,6166,178.0,2023-06-27 13:36:10.049622,Defective,1.0,480.66
11179,74813,12566,354.0,2022-09-14 10:07:44.607422,Changed Mind,1.0,1587.43
11180,74813,12566,753.0,2022-09-10 10:07:44.607422,Changed Mind,2.0,29.34
11189,74857,3198,717.0,2023-10-16 22:50:06.568567,Did not match description,2.0,361.76
11190,74857,3198,547.0,2023-10-16 22:50:06.568567,Defective,1.0,308.26
11195,74888,17633,987.0,2022-06-14 05:17:56.025069,Wrong Item,1.0,103.53
11196,74888,17633,50.0,2022-06-16 05:17:56.025069,Defective,1.0,405.09
11200,74921,18395,655.0,2022-01-24 02:42:56.045252,Changed Mind,3.0,983.22
11201,74921,18395,777.0,2022-01-25 02:42:56.045252,Did not match description,2.0,473.74
11202,74921,18395,929.0,2022-02-17 02:42:56.045252,Wrong Item,1.0,70.28
11211,75048,18280,230.0,2023-08-29 03:33:03.015691,Defective,1.0,207.67
11212,75048,18280,254.0,2023-09-04 03:33:03.015691,Changed Mind,1.0,1066.87
11213,75048,18280,860.0,2023-08-27 03:33:03.015691,Changed Mind,1.0,187.13
11218,75119,13704,582.0,2023-05-30 11:18:47.556285,Did not match description,1.0,23.86
11219,75119,13704,874.0,2023-05-06 11:18:47.556285,Defective,2.0,2469.6
11220,75119,13704,226.0,2023-05-18 11:18:47.556285,Did not match description,1.0,1456.98
11221,75121,17276,918.0,2022-05-08 05:44:54.516998,Did not match description,1.0,85.13
11222,75121,17276,144.0,2022-05-02 05:44:54.516998,Did not match description,1.0,68.03
11223,75135,14885,973.0,2023-12-19 04:59:22.797044,Changed Mind,2.0,952.82
11226,75142,7437,618.0,2024-01-05 08:29:34.955124,Changed Mind,1.0,178.18
11227,75142,7437,512.0,2023-12-29 08:29:34.955124,Changed Mind,4.0,1531.56
11230,75183,4546,107.0,2023-03-02 21:40:47.514051,Defective,4.0,294.8
11231,75183,4546,929.0,2023-02-21 21:40:47.514051,Did not match description,1.0,78.09
11234,75208,6603,192.0,2023-04-29 08:35:55.347008,Changed Mind,1.0,245.32
11235,75208,6603,564.0,2023-04-06 08:35:55.347008,Did not match description,1.0,2327.59
11236,75208,6603,64.0,2023-04-19 08:35:55.347008,Changed Mind,1.0,1027.97
11241,75247,12063,45.0,2023-12-18 20:43:55.580089,Defective,1.0,157.52
11243,75259,4925,753.0,2023-01-25 20:39:15.782587,Defective,1.0,14.67
11244,75259,4925,513.0,2023-02-13 20:39:15.782587,Wrong Item,1.0,179.48
11247,75303,7884,369.0,2023-06-27 01:55:11.871053,Changed Mind,2.0,643.24
11250,75328,8782,713.0,2024-01-18 14:51:30.986329,Did not match description,1.0,147.28
11252,75353,3611,197.0,2023-02-23 05:47:01.074941,Defective,1.0,381.48
11253,75401,10224,23.0,2023-05-06 08:13:23.968345,Did not match description,1.0,113.72
11254,75444,9375,787.0,2023-05-17 19:16:34.443557,Changed Mind,2.0,135.94
11255,75451,18320,934.0,2023-10-18 14:58:44.056927,Wrong Item,1.0,543.77
11256,75475,19709,778.0,2023-11-12 05:22:37.452406,Did not match description,3.0,6341.34
11257,75475,19709,237.0,2023-11-18 05:22:37.452406,Wrong Item,2.0,608.02
11261,75533,5105,618.0,2023-10-13 09:04:31.421053,Defective,1.0,178.18
11262,75533,5105,334.0,2023-09-27 09:04:31.421053,Wrong Item,1.0,407.65
11263,75533,5105,410.0,2023-09-30 09:04:31.421053,Changed Mind,1.0,179.4
11264,75533,5105,229.0,2023-10-20 09:04:31.421053,Changed Mind,1.0,766.18
11270,75595,12324,417.0,2022-07-30 13:25:44.488555,Did not match description,1.0,98.94
11271,75595,12324,475.0,2022-08-13 13:25:44.488555,Did not match description,1.0,335.42
11273,75625,3447,565.0,2022-11-24 12:12:51.852124,Changed Mind,1.0,35.37
11282,75703,9371,779.0,2022-03-29 06:10:19.011324,Did not match description,2.0,285.96
11283,75703,9371,33.0,2022-03-09 06:10:19.011324,Wrong Item,1.0,150.45
11288,75738,520,941.0,2023-11-19 14:43:23.351669,Defective,1.0,238.84
11307,75870,1739,700.0,2022-09-03 18:57:49.900662,Changed Mind,1.0,314.95
11308,75870,1739,804.0,2022-09-03 18:57:49.900662,Changed Mind,1.0,111.14
11309,75870,1739,565.0,2022-09-09 18:57:49.900662,Changed Mind,1.0,41.61
11310,75877,19278,220.0,2023-11-28 03:42:28.718727,Changed Mind,1.0,211.6
11316,75943,9675,750.0,2021-05-02 10:42:28.053616,Did not match description,1.0,107.27
11318,75956,18883,829.0,2022-10-28 03:56:44.439461,Changed Mind,1.0,127.66
11324,75998,4250,92.0,2022-12-14 07:17:51.879600,Wrong Item,2.0,651.7
11336,76107,16231,590.0,2023-06-03 00:04:49.733835,Defective,3.0,624.0
11337,76108,11929,404.0,2023-09-24 16:48:36.978025,Wrong Item,1.0,1238.79
11341,76223,4490,92.0,2023-10-20 10:53:28.688194,Defective,1.0,325.85
11343,76245,14760,817.0,2024-01-16 11:35:00.759834,Wrong Item,4.0,1551.28
11351,76289,19315,362.0,2022-09-03 08:11:25.429273,Wrong Item,1.0,288.73
11352,76289,19315,31.0,2022-09-19 08:11:25.429273,Changed Mind,2.0,156.24
11353,76289,19315,546.0,2022-08-22 08:11:25.429273,Changed Mind,1.0,194.41
11354,76289,19315,346.0,2022-09-03 08:11:25.429273,Wrong Item,1.0,138.2
11355,76322,9493,343.0,2023-11-18 03:29:01.527723,Did not match description,1.0,166.29
11356,76326,259,146.0,2023-07-28 19:09:40.812154,Did not match description,1.0,130.0
11358,76330,14082,203.0,2023-12-21 22:05:53.788468,Wrong Item,1.0,315.86
11359,76330,14082,37.0,2023-12-20 22:05:53.788468,Changed Mind,1.0,982.03
11360,76330,14082,16.0,2024-01-03 22:05:53.788468,Did not match description,1.0,186.22
11364,76372,12305,25.0,2022-11-28 21:40:27.472536,Changed Mind,2.0,350.3
11371,76455,6411,393.0,2023-09-19 18:33:55.191392,Changed Mind,2.0,64.76
11372,76455,6411,108.0,2023-09-04 18:33:55.191392,Did not match description,1.0,1705.03
11373,76465,19222,246.0,2022-10-22 23:54:02.466911,Defective,1.0,300.05
11375,76487,2479,710.0,2023-11-29 12:07:37.737043,Defective,1.0,633.67
11376,76513,18312,281.0,2023-10-18 05:19:46.313276,Changed Mind,1.0,532.93
11377,76513,18312,353.0,2023-11-10 05:19:46.313276,Changed Mind,1.0,101.23
11379,76534,4110,98.0,2023-06-24 17:29:56.832074,Wrong Item,1.0,663.61
11380,76534,4110,737.0,2023-06-27 17:29:56.832074,Wrong Item,3.0,1048.11
11384,76609,18512,80.0,2023-10-16 12:04:05.392776,Defective,3.0,523.2
11385,76609,18512,178.0,2023-10-20 12:04:05.392776,Wrong Item,4.0,1922.64
11386,76609,18512,498.0,2023-10-18 12:04:05.392776,Wrong Item,1.0,376.32
11387,76609,18512,320.0,2023-10-13 12:04:05.392776,Changed Mind,1.0,1366.24
11388,76615,14334,776.0,2022-10-07 23:15:13.196262,Changed Mind,1.0,1450.33
11389,76615,14334,425.0,2022-09-28 23:15:13.196262,Did not match description,1.0,360.14
11390,76615,14334,555.0,2022-09-26 23:15:13.196262,Wrong Item,1.0,947.46
11391,76615,14334,337.0,2022-09-21 23:15:13.196262,Changed Mind,1.0,729.78
11392,76615,14334,989.0,2022-10-15 23:15:13.196262,Wrong Item,1.0,201.76
11401,76723,14459,515.0,2021-06-02 02:56:14.954592,Changed Mind,1.0,83.56
11404,76744,14312,930.0,2023-04-13 11:35:51.805049,Changed Mind,1.0,183.16
11405,76744,14312,959.0,2023-04-26 11:35:51.805049,Changed Mind,1.0,122.18
11417,76805,19307,714.0,2023-12-28 18:56:15.393950,Changed Mind,1.0,313.11
11418,76805,19307,216.0,2023-12-28 18:56:15.393950,Defective,1.0,493.19
11419,76805,19307,240.0,2024-01-18 18:56:15.393950,Defective,1.0,477.98
11420,76805,19307,650.0,2024-01-04 18:56:15.393950,Wrong Item,1.0,405.7
11421,76806,403,505.0,2023-11-04 00:22:07.895112,Did not match description,1.0,141.58
11427,76833,7984,487.0,2024-01-10 07:13:34.605838,Wrong Item,1.0,143.32
11433,76867,4660,132.0,2023-01-17 04:06:04.382976,Changed Mind,4.0,6614.64
11434,76867,4660,471.0,2023-01-13 04:06:04.382976,Defective,1.0,414.53
11440,76892,19412,391.0,2022-09-30 20:33:24.096359,Changed Mind,3.0,922.08
11441,76892,19412,169.0,2022-09-14 20:33:24.096359,Changed Mind,3.0,1896.69
11444,76908,5054,783.0,2024-01-14 18:22:59.790187,Defective,1.0,1524.84
11445,76908,5054,390.0,2024-01-02 18:22:59.790187,Defective,1.0,132.77
11447,76928,3308,177.0,2022-08-08 04:54:34.484544,Defective,1.0,415.9
11448,76928,3308,740.0,2022-07-30 04:54:34.484544,Defective,1.0,185.27
11449,76928,3308,164.0,2022-07-20 04:54:34.484544,Defective,1.0,199.81
11450,76937,2776,874.0,2023-11-19 06:02:28.777079,Defective,1.0,1234.8
11451,76937,2776,871.0,2023-11-15 06:02:28.777079,Changed Mind,4.0,441.28
11452,76953,814,178.0,2023-12-18 07:28:29.197648,Did not match description,3.0,1153.58
11453,76953,814,575.0,2023-12-26 07:28:29.197648,Defective,1.0,701.43
11454,76953,814,642.0,2023-12-26 07:28:29.197648,Defective,1.0,153.0
11455,76957,10125,98.0,2023-05-11 18:26:25.574591,Did not match description,1.0,564.07
11458,76980,10343,968.0,2023-07-25 06:26:06.377108,Defective,1.0,65.72
11459,76980,10343,954.0,2023-07-06 06:26:06.377108,Changed Mind,1.0,25.79
11460,76985,18204,518.0,2023-01-29 01:27:11.654455,Did not match description,1.0,513.81
11461,76985,18204,985.0,2023-01-05 01:27:11.654455,Defective,3.0,4124.88
11462,76985,18204,764.0,2023-01-08 01:27:11.654455,Changed Mind,1.0,151.12
11467,77014,3577,228.0,2023-05-25 01:59:12.174924,Changed Mind,1.0,38.21
11468,77037,2364,781.0,2023-12-13 10:32:17.814088,Defective,1.0,210.63
11469,77037,2364,252.0,2023-12-17 10:32:17.814088,Defective,1.0,213.91
11470,77037,2364,230.0,2023-12-18 10:32:17.814088,Changed Mind,1.0,166.14
11474,77078,6850,892.0,2023-09-28 05:02:38.767702,Wrong Item,1.0,210.03
11475,77078,6850,221.0,2023-09-18 05:02:38.767702,Defective,1.0,730.48
11483,77145,4061,390.0,2023-03-04 17:42:00.798117,Did not match description,1.0,132.77
11484,77145,4061,842.0,2023-03-07 17:42:00.798117,Did not match description,1.0,283.88
11485,77145,4061,347.0,2023-02-15 17:42:00.798117,Did not match description,1.0,201.83
11489,77163,18921,148.0,2023-11-25 16:56:24.471919,Did not match description,1.0,1892.03
11490,77163,18921,47.0,2023-11-22 16:56:24.471919,Changed Mind,2.0,629.44
11496,77230,13238,127.0,2023-01-11 12:58:07.747095,Defective,1.0,212.56
11497,77230,13238,830.0,2023-01-02 12:58:07.747095,Changed Mind,1.0,87.92
11498,77230,13238,419.0,2022-12-22 12:58:07.747095,Did not match description,1.0,138.15
11511,77298,12029,63.0,2023-12-27 01:06:13.588708,Defective,2.0,3328.52
11512,77298,12029,659.0,2023-12-10 01:06:13.588708,Defective,1.0,383.16
11513,77298,12029,636.0,2023-12-11 01:06:13.588708,Did not match description,1.0,273.1
11514,77298,12029,627.0,2023-12-17 01:06:13.588708,Wrong Item,1.0,48.69
11515,77299,15660,832.0,2023-12-12 04:22:36.518713,Changed Mind,2.0,209.1
11519,77332,3606,500.0,2022-10-17 01:31:18.682106,Changed Mind,1.0,2015.94
11520,77332,3606,582.0,2022-10-05 01:31:18.682106,Did not match description,1.0,29.82
11522,77353,16336,963.0,2023-12-05 08:11:51.104952,Wrong Item,1.0,290.28
11523,77375,19057,146.0,2024-01-12 21:50:14.723792,Changed Mind,4.0,520.0
11524,77375,19057,264.0,2023-12-18 21:50:14.723792,Did not match description,1.0,495.37
11526,77378,14495,428.0,2022-10-14 02:45:42.167477,Changed Mind,1.0,1424.37
11528,77388,2434,277.0,2023-10-08 19:29:51.274284,Defective,1.0,824.12
11529,77388,2434,225.0,2023-10-10 19:29:51.274284,Changed Mind,1.0,938.96
11530,77388,2434,370.0,2023-11-01 19:29:51.274284,Defective,1.0,142.18
11531,77388,2434,935.0,2023-10-07 19:29:51.274284,Wrong Item,1.0,533.0
11534,77424,3965,518.0,2023-01-12 22:19:21.683416,Did not match description,1.0,570.9
11535,77424,3965,24.0,2023-01-29 22:19:21.683416,Defective,1.0,61.63
11536,77424,3965,748.0,2023-01-28 22:19:21.683416,Defective,1.0,627.72
11542,77483,4993,738.0,2023-08-04 20:50:33.081823,Did not match description,2.0,274.07
11543,77486,11462,301.0,2023-06-07 10:54:27.325591,Changed Mind,2.0,740.82
11544,77486,11462,669.0,2023-05-29 10:54:27.325591,Changed Mind,1.0,1098.67
11545,77486,11462,602.0,2023-06-19 10:54:27.325591,Did not match description,1.0,187.38
11546,77486,11462,197.0,2023-06-02 10:54:27.325591,Defective,3.0,1030.0
11547,77486,11462,617.0,2023-06-18 10:54:27.325591,Defective,1.0,355.96
11552,77496,15610,817.0,2021-09-30 03:18:21.329031,Did not match description,2.0,775.64
11553,77496,15610,836.0,2021-09-10 03:18:21.329031,Defective,2.0,2045.56
11554,77496,15610,310.0,2021-09-12 03:18:21.329031,Wrong Item,1.0,210.88
11555,77508,18155,513.0,2022-04-20 19:20:55.386819,Did not match description,1.0,152.56
11556,77508,18155,122.0,2022-05-06 19:20:55.386819,Wrong Item,1.0,938.92
11559,77527,331,578.0,2023-10-23 01:39:58.394628,Wrong Item,2.0,805.78
11560,77537,12807,300.0,2022-08-02 04:54:51.589071,Did not match description,1.0,757.93
11561,77537,12807,810.0,2022-08-16 04:54:51.589071,Did not match description,1.0,108.56
11562,77559,17147,924.0,2023-12-10 21:57:03.604995,Did not match description,1.0,268.75
11563,77559,17147,861.0,2023-12-27 21:57:03.604995,Defective,1.0,252.25
11567,77605,7395,25.0,2023-10-11 22:24:58.886178,Changed Mind,1.0,175.15
11568,77605,7395,989.0,2023-10-02 22:24:58.886178,Defective,2.0,403.52
11570,77610,19231,998.0,2023-06-14 20:54:20.403055,Changed Mind,1.0,56.55
11571,77619,1961,953.0,2024-01-04 21:24:50.529764,Did not match description,1.0,150.17
11572,77622,2070,885.0,2022-10-21 14:59:13.847733,Defective,2.0,117.28
11573,77622,2070,437.0,2022-10-24 14:59:13.847733,Wrong Item,1.0,27.76
11574,77622,2070,459.0,2022-10-14 14:59:13.847733,Wrong Item,1.0,233.16
11575,77633,13434,611.0,2023-09-23 06:03:32.282105,Wrong Item,1.0,55.13
11577,77648,776,197.0,2023-07-21 01:16:03.864616,Did not match description,1.0,381.48
11578,77678,4837,356.0,2023-06-06 17:36:05.475733,Did not match description,2.0,452.58
11579,77678,4837,555.0,2023-06-12 17:36:05.475733,Wrong Item,1.0,1114.66
11580,77678,4837,92.0,2023-06-27 17:36:05.475733,Did not match description,5.0,1629.25
11582,77705,7797,393.0,2022-11-27 16:54:56.213264,Wrong Item,1.0,32.38
11583,77705,7797,368.0,2022-11-11 16:54:56.213264,Defective,1.0,1197.77
11584,77729,19243,157.0,2023-12-15 23:21:50.287292,Defective,1.0,159.01
11585,77729,19243,390.0,2023-12-13 23:21:50.287292,Wrong Item,1.0,132.77
11586,77735,3293,929.0,2023-06-09 17:58:06.697301,Defective,1.0,66.38
11587,77735,3293,936.0,2023-06-13 17:58:06.697301,Changed Mind,4.0,6316.44
11597,77833,56,394.0,2023-08-05 19:18:16.753215,Wrong Item,1.0,47.91
11598,77833,56,839.0,2023-08-20 19:18:16.753215,Changed Mind,2.0,380.42
11604,77884,15246,736.0,2023-03-17 15:17:01.421057,Did not match description,2.0,683.0
11605,77884,15246,334.0,2023-04-04 15:17:01.421057,Changed Mind,1.0,407.65
11606,77884,15246,828.0,2023-03-11 15:17:01.421057,Changed Mind,1.0,1328.58
11607,77884,15246,810.0,2023-04-04 15:17:01.421057,Defective,2.0,195.41
11608,77884,15246,341.0,2023-03-19 15:17:01.421057,Defective,1.0,64.47
11619,77961,18720,756.0,2023-12-05 12:52:26.971178,Changed Mind,1.0,329.48
11620,77961,18720,633.0,2023-11-17 12:52:26.971178,Defective,1.0,232.44
11621,77971,14193,746.0,2023-08-23 14:58:54.142681,Defective,2.0,1191.86
11622,77971,14193,402.0,2023-08-26 14:58:54.142681,Changed Mind,3.0,4746.84
11623,77971,14193,641.0,2023-08-17 14:58:54.142681,Defective,1.0,1052.85
11625,77980,17483,570.0,2023-10-26 14:50:31.073388,Wrong Item,1.0,212.05
11631,77997,305,481.0,2023-07-14 00:57:17.485965,Defective,1.0,569.34
11632,77997,305,353.0,2023-07-11 00:57:17.485965,Wrong Item,1.0,101.23
11633,77997,305,905.0,2023-07-13 00:57:17.485965,Changed Mind,1.0,119.45
11635,78010,19297,745.0,2023-07-02 05:26:52.675543,Changed Mind,1.0,1446.58
11636,78010,19297,735.0,2023-07-25 05:26:52.675543,Changed Mind,1.0,1183.46
11637,78010,19297,418.0,2023-06-30 05:26:52.675543,Defective,1.0,1925.47
11638,78010,19297,641.0,2023-07-29 05:26:52.675543,Defective,2.0,2632.12
11642,78022,11705,130.0,2023-06-21 14:46:15.332080,Changed Mind,3.0,203.55
11643,78022,11705,282.0,2023-07-03 14:46:15.332080,Defective,2.0,1355.7
11650,78069,4207,741.0,2023-01-03 19:58:51.369459,Changed Mind,1.0,114.36
11651,78069,4207,819.0,2023-01-11 19:58:51.369459,Did not match description,1.0,166.65
11655,78125,13389,8.0,2023-05-07 12:46:51.941906,Changed Mind,2.0,532.94
11656,78125,13389,996.0,2023-04-14 12:46:51.941906,Wrong Item,1.0,377.2
11659,78146,18016,570.0,2023-12-25 19:00:13.284508,Did not match description,1.0,212.05
11676,78299,740,154.0,2021-12-27 05:40:01.517636,Did not match description,1.0,118.85
11678,78317,5931,449.0,2023-04-16 22:27:30.175919,Changed Mind,4.0,596.52
11679,78317,5931,614.0,2023-04-02 22:27:30.175919,Wrong Item,2.0,64.68
11687,78400,19148,994.0,2023-11-18 22:55:13.571056,Defective,1.0,92.0
11688,78401,7486,55.0,2021-06-21 07:31:08.512348,Changed Mind,1.0,205.17
11689,78401,7486,121.0,2021-06-18 07:31:08.512348,Changed Mind,1.0,783.22
11705,78648,18502,182.0,2023-08-15 02:40:33.312937,Did not match description,1.0,445.12
11706,78648,18502,559.0,2023-07-20 02:40:33.312937,Changed Mind,1.0,1652.88
11707,78648,18502,872.0,2023-08-12 02:40:33.312937,Changed Mind,4.0,395.36
11708,78648,18502,286.0,2023-08-10 02:40:33.312937,Changed Mind,2.0,2834.82
11715,78704,4579,413.0,2023-11-03 00:35:24.625362,Defective,1.0,201.1
11716,78704,4579,246.0,2023-11-17 00:35:24.625362,Changed Mind,1.0,375.06
11718,78714,16432,953.0,2021-05-16 08:20:10.054619,Defective,3.0,382.93
11719,78714,16432,323.0,2021-05-03 08:20:10.054619,Defective,1.0,807.6
11722,78730,1945,174.0,2023-11-22 10:34:00.054585,Wrong Item,2.0,3322.42
11723,78730,1945,609.0,2023-11-04 10:34:00.054585,Changed Mind,1.0,146.35
11737,78875,1992,414.0,2022-03-22 01:20:29.674355,Did not match description,1.0,231.86
11738,78875,1992,653.0,2022-04-11 01:20:29.674355,Changed Mind,1.0,240.29
11739,78875,1992,480.0,2022-03-26 01:20:29.674355,Changed Mind,2.0,367.4
11740,78875,1992,899.0,2022-04-05 01:20:29.674355,Did not match description,3.0,413.73
11741,78875,1992,322.0,2022-04-18 01:20:29.674355,Did not match description,2.0,617.16
11761,78988,13596,738.0,2023-08-30 08:19:38.284528,Did not match description,1.0,128.98
11762,78996,588,449.0,2023-10-08 19:01:08.094340,Did not match description,1.0,149.13
11763,78996,588,538.0,2023-10-05 19:01:08.094340,Changed Mind,1.0,529.86
11765,79070,14944,841.0,2022-10-27 11:45:20.523079,Wrong Item,2.0,177.48
11766,79075,18733,713.0,2023-10-25 14:47:19.400442,Changed Mind,1.0,147.28
11770,79124,13661,587.0,2023-10-07 19:28:26.143343,Did not match description,1.0,151.33
11771,79124,13661,361.0,2023-10-18 19:28:26.143343,Did not match description,3.0,233.07
11772,79127,11484,841.0,2023-09-27 09:43:40.376268,Wrong Item,1.0,88.74
11773,79127,11484,963.0,2023-09-13 09:43:40.376268,Wrong Item,4.0,1161.12
11779,79201,19443,621.0,2022-06-25 03:42:43.442591,Changed Mind,1.0,1538.95
11780,79207,13405,873.0,2023-12-17 12:24:06.347525,Did not match description,1.0,146.33
11781,79207,13405,275.0,2024-01-04 12:24:06.347525,Defective,1.0,133.64
11782,79207,13405,20.0,2024-01-06 12:24:06.347525,Defective,1.0,402.25
11783,79217,2856,733.0,2022-10-24 07:37:02.403499,Wrong Item,1.0,363.44
11785,79248,2479,787.0,2023-11-10 17:26:54.109581,Wrong Item,1.0,57.77
11786,79248,2479,232.0,2023-11-20 17:26:54.109581,Did not match description,3.0,6643.89
11787,79253,18646,693.0,2023-09-22 09:03:58.542773,Defective,5.0,269.85
11788,79266,18395,49.0,2023-10-13 13:25:21.218685,Wrong Item,2.0,497.84
11789,79266,18395,789.0,2023-11-01 13:25:21.218685,Defective,3.0,351.0
11792,79280,12680,495.0,2024-01-27 20:41:54.135475,Defective,2.0,45.41
11793,79280,12680,970.0,2024-01-10 20:41:54.135475,Changed Mind,1.0,2391.38
11794,79280,12680,136.0,2024-01-19 20:41:54.135475,Did not match description,1.0,523.56
11795,79286,5141,627.0,2023-04-29 01:24:44.489973,Defective,1.0,48.69
11799,79322,3978,502.0,2023-10-24 09:11:05.325475,Did not match description,1.0,600.28
11800,79322,3978,629.0,2023-10-21 09:11:05.325475,Wrong Item,1.0,208.23
11801,79322,3978,394.0,2023-10-25 09:11:05.325475,Wrong Item,1.0,47.91
11802,79322,3978,177.0,2023-09-30 09:11:05.325475,Wrong Item,1.0,415.9
11803,79359,13979,218.0,2021-11-29 17:41:13.783568,Did not match description,1.0,188.34
11805,79371,5171,685.0,2023-02-16 00:42:49.442513,Did not match description,1.0,171.99
11806,79372,9405,278.0,2023-02-07 04:01:55.900555,Changed Mind,1.0,302.06
11807,79372,9405,690.0,2023-02-14 04:01:55.900555,Defective,3.0,444.36
11815,79446,11390,730.0,2021-12-28 10:43:16.546344,Wrong Item,2.0,2623.76
11816,79446,11390,390.0,2021-12-19 10:43:16.546344,Did not match description,2.0,265.54
11827,79488,7723,417.0,2023-07-13 18:29:25.763986,Defective,2.0,178.09
11828,79488,7723,781.0,2023-08-01 18:29:25.763986,Changed Mind,2.0,358.07
11839,79578,9029,40.0,2023-06-15 21:35:41.016929,Did not match description,1.0,2169.9
11840,79578,9029,569.0,2023-06-12 21:35:41.016929,Changed Mind,1.0,2254.34
11841,79578,9029,246.0,2023-06-14 21:35:41.016929,Changed Mind,1.0,375.06
11842,79578,9029,473.0,2023-06-23 21:35:41.016929,Wrong Item,1.0,426.2
11843,79578,9029,310.0,2023-06-05 21:35:41.016929,Wrong Item,1.0,189.79
11845,79584,2142,894.0,2023-12-29 13:27:16.425863,Wrong Item,1.0,188.42
11846,79584,2142,147.0,2024-01-06 13:27:16.425863,Wrong Item,1.0,363.97
11847,79584,2142,229.0,2023-12-29 13:27:16.425863,Wrong Item,1.0,612.94
11854,79610,3426,630.0,2021-08-14 03:09:13.575948,Defective,1.0,615.07
11855,79610,3426,570.0,2021-09-08 03:09:13.575948,Wrong Item,4.0,848.2
11856,79610,3426,385.0,2021-08-20 03:09:13.575948,Did not match description,3.0,1476.54
11857,79610,3426,580.0,2021-08-24 03:09:13.575948,Did not match description,1.0,150.88
11858,79610,3426,637.0,2021-08-18 03:09:13.575948,Changed Mind,1.0,515.27
11861,79645,2663,573.0,2023-11-06 06:57:14.187886,Did not match description,1.0,60.41
11862,79645,2663,166.0,2023-11-07 06:57:14.187886,Wrong Item,2.0,226.0
11878,79794,3744,611.0,2021-08-12 21:28:33.146500,Did not match description,1.0,46.86
11879,79794,3744,270.0,2021-08-31 21:28:33.146500,Did not match description,2.0,722.66
11880,79795,2558,230.0,2022-08-15 10:49:49.340894,Wrong Item,1.0,207.67
11881,79795,2558,911.0,2022-08-24 10:49:49.340894,Wrong Item,1.0,337.56
11882,79801,3230,246.0,2023-03-10 00:44:30.676949,Changed Mind,1.0,375.06
11883,79801,3230,284.0,2023-03-06 00:44:30.676949,Changed Mind,2.0,409.57
11884,79801,3230,262.0,2023-03-05 00:44:30.676949,Did not match description,2.0,1311.6
11885,79801,3230,1000.0,2023-03-21 00:44:30.676949,Defective,1.0,137.07
11887,79817,10293,596.0,2022-06-08 03:06:44.351453,Changed Mind,1.0,207.53
11895,79872,2421,382.0,2023-08-21 19:12:27.994132,Wrong Item,1.0,347.49
11901,79907,1978,16.0,2022-05-30 16:40:19.632838,Defective,1.0,186.22
11902,79907,1978,8.0,2022-05-21 16:40:19.632838,Changed Mind,2.0,532.94
11903,79907,1978,54.0,2022-05-29 16:40:19.632838,Changed Mind,1.0,750.48
11907,79960,931,80.0,2023-12-11 08:44:19.849158,Did not match description,1.0,174.4
11908,79960,931,534.0,2024-01-04 08:44:19.849158,Wrong Item,1.0,64.17
11916,80027,13717,420.0,2022-08-18 06:08:52.065587,Defective,1.0,1752.4
11920,80064,592,963.0,2023-10-03 19:33:24.249325,Did not match description,3.0,870.84
11921,80064,592,327.0,2023-09-27 19:33:24.249325,Wrong Item,2.0,900.9
11922,80064,592,763.0,2023-10-23 19:33:24.249325,Wrong Item,1.0,275.07
11923,80065,18374,453.0,2023-04-11 09:39:18.347804,Did not match description,1.0,155.46
11924,80065,18374,663.0,2023-04-05 09:39:18.347804,Changed Mind,1.0,2368.25
11928,80134,19214,990.0,2022-03-27 05:54:48.437565,Changed Mind,4.0,422.6
11929,80134,19214,615.0,2022-03-31 05:54:48.437565,Wrong Item,1.0,1206.62
11930,80134,19214,478.0,2022-03-14 05:54:48.437565,Did not match description,1.0,162.26
11932,80147,2140,846.0,2022-10-03 15:37:53.594800,Defective,1.0,148.86
11933,80147,2140,148.0,2022-10-08 15:37:53.594800,Wrong Item,1.0,1892.03
11934,80147,2140,314.0,2022-10-25 15:37:53.594800,Changed Mind,1.0,670.66
11947,80242,744,449.0,2023-08-04 16:12:01.502229,Defective,1.0,149.13
11952,80255,1556,474.0,2023-09-14 08:09:02.300301,Defective,4.0,307.32
11954,80266,19442,796.0,2022-06-25 00:00:43.529145,Defective,3.0,384.57
11955,80294,3068,274.0,2023-08-29 17:42:11.505011,Did not match description,2.0,683.76
11956,80294,3068,717.0,2023-09-01 17:42:11.505011,Wrong Item,1.0,180.88
11957,80294,3068,9.0,2023-09-11 17:42:11.505011,Wrong Item,3.0,132.51
11958,80308,4445,934.0,2023-12-06 12:02:19.326018,Defective,1.0,604.19
11959,80308,4445,17.0,2023-11-28 12:02:19.326018,Wrong Item,1.0,1304.51
11962,80349,2070,566.0,2023-12-20 10:30:17.785218,Changed Mind,1.0,806.81
11963,80349,2070,964.0,2023-12-20 10:30:17.785218,Defective,3.0,409.32
11964,80349,2070,390.0,2023-12-29 10:30:17.785218,Did not match description,1.0,132.77
11965,80349,2070,239.0,2023-12-17 10:30:17.785218,Wrong Item,2.0,851.9
11966,80354,17276,122.0,2023-12-05 22:46:56.982616,Defective,3.0,2816.76
11968,80390,5705,685.0,2023-05-16 10:09:08.910524,Did not match description,1.0,171.99
11969,80390,5705,938.0,2023-05-14 10:09:08.910524,Wrong Item,1.0,203.44
11970,80398,11525,281.0,2023-01-22 18:46:39.658225,Changed Mind,1.0,626.98
11971,80398,11525,151.0,2023-01-09 18:46:39.658225,Defective,4.0,741.04
11973,80406,8275,183.0,2024-01-13 20:41:21.841097,Defective,1.0,176.28
11974,80406,8275,631.0,2024-01-05 20:41:21.841097,Changed Mind,2.0,323.9
11975,80406,8275,153.0,2024-01-01 20:41:21.841097,Defective,1.0,321.9
11976,80406,8275,740.0,2024-01-06 20:41:21.841097,Did not match description,1.0,185.27
11977,80406,8275,594.0,2024-01-10 20:41:21.841097,Did not match description,1.0,399.73
11982,80506,17028,956.0,2023-12-11 14:29:28.630186,Changed Mind,4.0,840.64
11987,80524,17424,148.0,2023-04-25 23:40:02.896661,Wrong Item,2.0,3784.06
11988,80524,17424,133.0,2023-05-17 23:40:02.896661,Defective,1.0,638.7
11989,80525,1601,177.0,2021-06-07 05:01:31.693202,Wrong Item,1.0,374.31
11990,80525,1601,449.0,2021-06-13 05:01:31.693202,Defective,1.0,149.13
11992,80541,12699,526.0,2023-10-03 05:22:02.925687,Changed Mind,1.0,138.7
11993,80541,12699,768.0,2023-10-14 05:22:02.925687,Changed Mind,2.0,310.1
11994,80541,12699,144.0,2023-10-31 05:22:02.925687,Did not match description,1.0,68.03
11995,80541,12699,381.0,2023-10-17 05:22:02.925687,Did not match description,1.0,178.38
11997,80563,7662,568.0,2022-02-09 00:17:31.506238,Changed Mind,2.0,448.08
11998,80569,431,776.0,2023-11-11 11:39:47.972137,Defective,1.0,1706.27
11999,80569,431,28.0,2023-11-27 11:39:47.972137,Wrong Item,1.0,130.91
12000,80610,6761,375.0,2021-02-12 18:11:56.234937,Defective,1.0,157.82
12001,80610,6761,331.0,2021-02-26 18:11:56.234937,Defective,1.0,1753.58
12002,80625,9500,608.0,2022-02-06 14:29:38.489227,Changed Mind,2.0,566.72
12003,80625,9500,885.0,2022-01-28 14:29:38.489227,Defective,1.0,58.64
12004,80625,9500,803.0,2022-02-01 14:29:38.489227,Changed Mind,1.0,282.4
12008,80647,785,929.0,2022-02-07 17:21:52.739206,Changed Mind,3.0,234.27
12009,80656,13257,313.0,2023-10-27 10:27:58.723511,Wrong Item,1.0,158.03
12010,80667,14375,351.0,2023-10-28 09:14:40.279549,Defective,2.0,680.96
12011,80667,14375,430.0,2023-11-21 09:14:40.279549,Changed Mind,3.0,1106.16
12012,80667,14375,140.0,2023-11-18 09:14:40.279549,Defective,2.0,396.99
12013,80667,14375,203.0,2023-11-03 09:14:40.279549,Wrong Item,3.0,758.06
12014,80690,19040,203.0,2022-07-28 14:03:54.443653,Wrong Item,2.0,631.72
12016,80727,1568,972.0,2023-04-27 03:45:20.471928,Did not match description,1.0,71.02
12017,80739,6048,164.0,2023-01-15 02:33:13.331154,Defective,1.0,199.81
12018,80748,9763,533.0,2023-11-29 02:17:32.967796,Changed Mind,1.0,884.83
12022,80779,18637,246.0,2023-05-13 19:09:51.596966,Defective,1.0,375.06
12023,80779,18637,565.0,2023-04-27 19:09:51.596966,Defective,1.0,35.37
12033,80829,8414,634.0,2023-04-09 08:01:12.621609,Defective,4.0,977.2
12043,80913,1287,574.0,2023-08-22 21:18:50.871902,Changed Mind,1.0,170.03
12050,80926,17089,618.0,2024-01-05 06:03:35.589368,Changed Mind,1.0,178.18
12051,80927,5723,867.0,2023-11-25 19:59:18.510752,Changed Mind,1.0,113.48
12055,80932,17671,642.0,2024-01-07 04:47:30.711253,Wrong Item,1.0,170.0
12060,80960,5744,957.0,2023-05-29 22:29:54.428983,Defective,1.0,106.92
12065,81021,1550,842.0,2023-08-07 05:22:54.350999,Did not match description,1.0,283.88
12066,81021,1550,688.0,2023-08-13 05:22:54.350999,Changed Mind,1.0,127.8
12067,81021,1550,154.0,2023-08-14 05:22:54.350999,Changed Mind,3.0,356.55
12074,81095,13882,495.0,2023-05-28 11:46:32.496048,Did not match description,1.0,28.38
12081,81153,4262,809.0,2023-10-10 04:18:15.453419,Defective,2.0,1630.24
12082,81153,4262,449.0,2023-09-27 04:18:15.453419,Did not match description,1.0,149.13
12083,81167,513,685.0,2022-10-08 13:25:57.991755,Wrong Item,1.0,146.19
12089,81198,11479,860.0,2023-01-07 02:01:50.540957,Defective,1.0,220.15
12091,81211,7210,386.0,2023-12-15 11:13:15.905217,Wrong Item,1.0,76.12
12096,81233,16479,730.0,2021-11-06 21:43:25.665345,Changed Mind,2.0,2787.75
12097,81233,16479,203.0,2021-11-30 21:43:25.665345,Did not match description,1.0,315.86
12100,81273,14114,859.0,2022-11-13 04:04:17.773531,Wrong Item,1.0,1769.95
12101,81274,10955,197.0,2023-11-07 02:31:38.270085,Did not match description,1.0,381.48
12105,81315,1255,717.0,2023-10-24 02:39:05.090319,Changed Mind,3.0,542.64
12106,81325,8319,192.0,2022-04-26 13:30:42.362880,Changed Mind,1.0,245.32
12109,81342,11695,102.0,2023-10-30 19:14:21.675770,Did not match description,1.0,1366.69
12110,81342,11695,762.0,2023-10-23 19:14:21.675770,Wrong Item,2.0,210.14
12112,81350,6824,451.0,2023-12-02 01:45:55.114229,Did not match description,1.0,251.21
12113,81350,6824,344.0,2023-12-24 01:45:55.114229,Did not match description,1.0,269.33
12114,81356,7292,927.0,2022-12-18 15:14:07.668932,Defective,1.0,502.54
12115,81356,7292,151.0,2022-12-23 15:14:07.668932,Changed Mind,4.0,741.04
12116,81356,7292,619.0,2022-12-09 15:14:07.668932,Changed Mind,1.0,70.48
12125,81452,18830,963.0,2023-07-28 05:06:26.550697,Defective,1.0,290.28
12126,81452,18830,611.0,2023-07-05 05:06:26.550697,Did not match description,1.0,55.13
12127,81452,18830,708.0,2023-07-28 05:06:26.550697,Changed Mind,1.0,1759.55
12128,81467,19278,449.0,2023-09-25 09:28:26.157570,Wrong Item,1.0,119.3
12129,81467,19278,670.0,2023-10-10 09:28:26.157570,Changed Mind,2.0,579.36
12143,81614,16529,963.0,2022-06-04 13:37:24.384730,Defective,1.0,290.28
12144,81614,16529,766.0,2022-05-28 13:37:24.384730,Did not match description,1.0,325.5
12145,81631,1535,86.0,2023-11-07 17:28:50.760459,Did not match description,1.0,190.33
12146,81631,1535,292.0,2023-10-25 17:28:50.760459,Changed Mind,4.0,3542.51
12147,81631,1535,539.0,2023-10-19 17:28:50.760459,Defective,1.0,405.01
12149,81635,4530,146.0,2023-10-14 02:28:45.503223,Did not match description,1.0,104.0
12150,81635,4530,614.0,2023-10-02 02:28:45.503223,Did not match description,4.0,129.36
12151,81635,4530,236.0,2023-09-16 02:28:45.503223,Defective,1.0,132.0
12152,81639,11349,468.0,2022-12-07 07:32:52.575822,Wrong Item,2.0,757.8
12153,81639,11349,443.0,2022-11-30 07:32:52.575822,Changed Mind,1.0,1597.84
12154,81639,11349,8.0,2022-12-11 07:32:52.575822,Defective,5.0,1132.5
12155,81639,11349,355.0,2022-12-06 07:32:52.575822,Wrong Item,1.0,603.33
12157,81660,14429,218.0,2022-08-12 19:33:13.417509,Changed Mind,2.0,376.68
12170,81753,11197,221.0,2023-10-26 02:04:21.269198,Did not match description,1.0,730.48
12171,81753,11197,23.0,2023-10-23 02:04:21.269198,Wrong Item,1.0,113.72
12172,81773,10709,901.0,2023-11-05 19:11:57.601300,Changed Mind,1.0,143.6
12173,81773,10709,377.0,2023-10-28 19:11:57.601300,Did not match description,1.0,155.78
12176,81833,1875,403.0,2023-11-01 21:39:00.100208,Did not match description,1.0,119.82
12177,81833,1875,177.0,2023-10-08 21:39:00.100208,Defective,2.0,831.8
12178,81833,1875,429.0,2023-10-19 21:39:00.100208,Changed Mind,2.0,624.56
12179,81833,1875,440.0,2023-11-01 21:39:00.100208,Did not match description,1.0,990.13
12182,81861,2822,768.0,2023-09-11 14:53:26.688432,Wrong Item,1.0,155.05
12183,81861,2822,70.0,2023-09-14 14:53:26.688432,Did not match description,1.0,958.17
12185,81864,5666,201.0,2024-01-05 18:07:56.831591,Did not match description,1.0,92.56
12186,81864,5666,934.0,2023-12-28 18:07:56.831591,Wrong Item,4.0,2416.76
12187,81864,5666,272.0,2023-12-29 18:07:56.831591,Did not match description,1.0,44.08
12188,81864,5666,453.0,2024-01-18 18:07:56.831591,Wrong Item,1.0,155.46
12189,81864,5666,995.0,2024-01-19 18:07:56.831591,Changed Mind,1.0,288.81
12191,81905,15668,570.0,2023-05-12 21:44:49.881540,Changed Mind,1.0,169.64
12192,81916,5221,861.0,2022-11-23 00:59:08.932096,Did not match description,1.0,214.41
12193,81916,5221,668.0,2022-11-24 00:59:08.932096,Defective,1.0,86.46
12195,81926,7421,760.0,2022-02-13 05:41:14.300364,Changed Mind,1.0,127.78
12196,81962,2716,712.0,2023-08-30 20:43:40.764556,Did not match description,2.0,502.35
12201,82013,17097,86.0,2022-10-16 07:30:11.885165,Did not match description,1.0,190.33
12202,82013,17097,669.0,2022-09-29 07:30:11.885165,Defective,1.0,1220.75
12206,82063,12992,277.0,2022-09-19 14:13:45.927029,Did not match description,1.0,824.12
12207,82063,12992,779.0,2022-09-25 14:13:45.927029,Changed Mind,1.0,142.98
12209,82096,982,408.0,2024-01-02 21:31:20.508618,Wrong Item,1.0,147.94
12210,82114,1317,554.0,2023-03-10 03:33:35.824250,Defective,2.0,122.05
12213,82135,4476,514.0,2023-06-19 03:40:01.198076,Wrong Item,2.0,1584.2
12214,82135,4476,65.0,2023-06-20 03:40:01.198076,Changed Mind,1.0,354.38
12220,82158,5896,119.0,2023-04-03 14:48:43.519043,Wrong Item,1.0,1097.42
12229,82268,2057,799.0,2022-03-20 16:13:39.575896,Changed Mind,1.0,147.38
12230,82277,417,56.0,2024-01-07 06:30:16.629873,Did not match description,1.0,57.61
12231,82277,417,577.0,2024-01-01 06:30:16.629873,Did not match description,1.0,449.04
12232,82277,417,768.0,2023-12-25 06:30:16.629873,Did not match description,2.0,310.1
12241,82317,6767,453.0,2024-01-12 02:39:13.594836,Wrong Item,2.0,310.92
12248,82368,8528,356.0,2023-09-06 23:13:33.436824,Did not match description,1.0,226.29
12259,82425,16472,714.0,2023-08-02 20:39:21.398037,Changed Mind,3.0,884.09
12260,82425,16472,78.0,2023-07-13 20:39:21.398037,Wrong Item,2.0,503.35
12261,82425,16472,327.0,2023-07-20 20:39:21.398037,Wrong Item,2.0,900.9
12262,82462,7920,18.0,2023-01-07 06:57:12.332547,Changed Mind,1.0,28.07
12263,82462,7920,737.0,2023-01-16 06:57:12.332547,Defective,1.0,349.37
12266,82473,8046,313.0,2023-05-21 08:58:33.102137,Defective,1.0,197.54
12280,82631,14088,449.0,2023-05-12 12:24:24.490146,Did not match description,1.0,149.13
12281,82631,14088,433.0,2023-05-27 12:24:24.490146,Changed Mind,1.0,251.87
12283,82670,12298,549.0,2022-05-12 22:30:27.082291,Changed Mind,1.0,170.44
12284,82670,12298,255.0,2022-05-14 22:30:27.082291,Did not match description,2.0,2445.42
12285,82670,12298,467.0,2022-04-30 22:30:27.082291,Did not match description,1.0,1082.43
12286,82670,12298,611.0,2022-05-06 22:30:27.082291,Wrong Item,1.0,55.13
12303,82858,19012,173.0,2023-07-03 00:30:25.018837,Wrong Item,1.0,1010.52
12304,82858,19012,751.0,2023-06-19 00:30:25.018837,Did not match description,1.0,227.76
12305,82861,19439,418.0,2023-07-02 17:10:15.162284,Did not match description,4.0,7701.88
12306,82861,19439,894.0,2023-07-10 17:10:15.162284,Wrong Item,1.0,221.67
12310,82891,9635,740.0,2023-12-30 14:26:19.617881,Did not match description,1.0,185.27
12311,82897,15953,901.0,2023-09-20 01:20:20.091771,Defective,1.0,168.94
12315,82914,9962,980.0,2023-11-27 22:03:58.539603,Defective,1.0,545.72
12316,82914,9962,848.0,2023-11-15 22:03:58.539603,Defective,2.0,158.28
12317,82914,9962,755.0,2023-11-16 22:03:58.539603,Changed Mind,4.0,545.25
12318,82914,9962,332.0,2023-11-20 22:03:58.539603,Did not match description,2.0,3601.46
12327,82975,15593,238.0,2023-07-21 11:54:46.974946,Defective,1.0,1033.06
12328,82975,15593,179.0,2023-07-14 11:54:46.974946,Did not match description,1.0,201.66
12329,82975,15593,713.0,2023-07-21 11:54:46.974946,Changed Mind,1.0,147.28
12330,82975,15593,992.0,2023-06-30 11:54:46.974946,Wrong Item,1.0,1504.04
12332,83009,9548,437.0,2023-11-28 23:58:36.170193,Changed Mind,1.0,27.76
12333,83009,9548,800.0,2023-11-26 23:58:36.170193,Changed Mind,1.0,187.96
12334,83009,9548,322.0,2023-12-04 23:58:36.170193,Defective,1.0,308.58
12339,83063,8257,846.0,2023-08-25 08:00:57.107506,Defective,2.0,297.72
12340,83063,8257,67.0,2023-08-22 08:00:57.107506,Defective,1.0,1525.47
12347,83085,8836,965.0,2023-07-20 15:02:52.735272,Changed Mind,1.0,41.74
12350,83118,16226,346.0,2023-04-06 00:32:18.518821,Did not match description,1.0,138.2
12351,83118,16226,675.0,2023-04-06 00:32:18.518821,Wrong Item,1.0,91.73
12353,83141,424,138.0,2023-12-14 19:35:03.522063,Changed Mind,3.0,390.54
12354,83160,14315,739.0,2021-04-26 10:00:34.360026,Did not match description,1.0,254.78
12355,83160,14315,638.0,2021-05-10 10:00:34.360026,Defective,2.0,79.44
12356,83160,14315,235.0,2021-05-06 10:00:34.360026,Wrong Item,1.0,26.99
12357,83168,11413,825.0,2023-08-18 06:37:58.500097,Did not match description,1.0,103.35
12358,83168,11413,626.0,2023-08-08 06:37:58.500097,Defective,2.0,91.86
12359,83168,11413,503.0,2023-08-21 06:37:58.500097,Did not match description,1.0,708.07
12360,83168,11413,560.0,2023-08-24 06:37:58.500097,Defective,1.0,1034.52
12366,83214,9995,957.0,2023-07-27 04:55:42.388506,Did not match description,1.0,106.92
12370,83231,6240,784.0,2021-06-15 01:41:45.598051,Defective,1.0,733.22
12371,83231,6240,503.0,2021-06-15 01:41:45.598051,Defective,1.0,708.07
12372,83231,6240,874.0,2021-06-05 01:41:45.598051,Defective,1.0,1234.8
12373,83231,6240,585.0,2021-05-31 01:41:45.598051,Wrong Item,1.0,173.7
12374,83239,6048,726.0,2023-01-09 03:55:04.655283,Wrong Item,1.0,281.46
12377,83306,16364,150.0,2023-05-05 09:06:54.635801,Changed Mind,1.0,1236.32
12378,83306,16364,751.0,2023-05-13 09:06:54.635801,Changed Mind,3.0,546.62
12379,83306,16364,409.0,2023-05-01 09:06:54.635801,Wrong Item,1.0,165.0
12380,83306,16364,567.0,2023-05-22 09:06:54.635801,Changed Mind,2.0,267.58
12385,83348,15150,494.0,2022-09-02 15:10:01.459349,Did not match description,5.0,710.55
12386,83348,15150,273.0,2022-09-05 15:10:01.459349,Changed Mind,1.0,150.98
12387,83350,5343,259.0,2022-09-20 19:49:26.525290,Changed Mind,2.0,494.92
12388,83350,5343,365.0,2022-09-12 19:49:26.525290,Did not match description,1.0,356.3
12389,83371,16815,313.0,2023-10-28 00:28:08.268085,Changed Mind,1.0,158.03
12390,83371,16815,509.0,2023-11-01 00:28:08.268085,Wrong Item,2.0,778.9
12391,83371,16815,365.0,2023-10-21 00:28:08.268085,Did not match description,1.0,356.3
12392,83371,16815,86.0,2023-11-03 00:28:08.268085,Wrong Item,1.0,190.33
12404,83418,19142,573.0,2021-10-30 00:50:20.350729,Wrong Item,3.0,201.36
12405,83418,19142,203.0,2021-11-10 00:50:20.350729,Defective,1.0,252.69
12407,83431,8891,943.0,2024-01-08 04:37:03.298116,Defective,1.0,570.08
12408,83431,8891,949.0,2024-01-15 04:37:03.298116,Changed Mind,1.0,169.99
12409,83431,8891,460.0,2023-12-27 04:37:03.298116,Wrong Item,1.0,519.03
12410,83431,8891,934.0,2023-12-31 04:37:03.298116,Defective,1.0,604.19
12411,83431,8891,287.0,2023-12-26 04:37:03.298116,Changed Mind,4.0,120.38
12413,83448,13967,600.0,2023-05-24 19:29:02.675983,Did not match description,1.0,856.76
12414,83448,13967,924.0,2023-06-04 19:29:02.675983,Changed Mind,1.0,298.61
12415,83448,13967,33.0,2023-06-19 19:29:02.675983,Wrong Item,1.0,188.06
12416,83448,13967,611.0,2023-06-12 19:29:02.675983,Did not match description,1.0,55.13
12417,83448,13967,848.0,2023-05-27 19:29:02.675983,Wrong Item,4.0,316.56
12420,83481,18837,585.0,2023-05-30 19:14:52.674741,Did not match description,1.0,193.0
12421,83481,18837,27.0,2023-06-07 19:14:52.674741,Defective,1.0,599.64
12425,83505,14221,554.0,2023-03-11 20:25:08.312015,Wrong Item,2.0,152.56
12426,83505,14221,249.0,2023-03-06 20:25:08.312015,Defective,1.0,2184.89
12433,83556,2633,57.0,2023-01-04 07:46:57.393892,Did not match description,2.0,2187.98
12434,83556,2633,45.0,2022-12-22 07:46:57.393892,Changed Mind,1.0,126.02
12438,83584,17070,931.0,2023-10-23 21:06:09.772351,Defective,2.0,90.84
12439,83584,17070,454.0,2023-11-10 21:06:09.772351,Wrong Item,1.0,2112.75
12440,83591,6836,349.0,2022-10-28 18:55:32.290274,Changed Mind,1.0,20.27
12449,83643,12428,221.0,2022-10-24 00:48:03.598670,Defective,5.0,3652.4
12450,83643,12428,915.0,2022-10-14 00:48:03.598670,Changed Mind,1.0,2283.14
12451,83643,12428,833.0,2022-11-03 00:48:03.598670,Did not match description,1.0,1067.34
12452,83643,12428,343.0,2022-10-25 00:48:03.598670,Wrong Item,1.0,166.29
12455,83663,7543,130.0,2022-01-25 09:46:20.372890,Changed Mind,1.0,67.85
12458,83695,4021,770.0,2023-12-09 11:18:34.457158,Changed Mind,2.0,23.74
12460,83708,12209,979.0,2023-04-04 02:38:15.802088,Defective,1.0,30.34
12461,83708,12209,8.0,2023-04-04 02:38:15.802088,Changed Mind,2.0,532.94
12470,83838,6229,703.0,2023-10-26 14:45:45.164306,Did not match description,1.0,357.5
12471,83838,6229,433.0,2023-10-26 14:45:45.164306,Wrong Item,2.0,559.72
12475,83877,10711,822.0,2023-03-03 13:23:36.734424,Wrong Item,1.0,401.17
12476,83877,10711,554.0,2023-03-08 13:23:36.734424,Defective,1.0,68.65
12485,83961,6188,790.0,2023-11-19 00:40:05.431964,Changed Mind,1.0,255.78
12486,83961,6188,994.0,2023-12-03 00:40:05.431964,Wrong Item,3.0,276.0
12487,83961,6188,790.0,2023-11-23 00:40:05.431964,Wrong Item,1.0,255.78
12488,83966,5505,74.0,2022-07-07 00:35:15.759031,Did not match description,1.0,62.53
12489,83981,887,756.0,2023-11-03 21:59:53.804882,Did not match description,1.0,329.48
12490,83981,887,228.0,2023-11-09 21:59:53.804882,Changed Mind,4.0,152.84
12491,83981,887,844.0,2023-11-25 21:59:53.804882,Did not match description,1.0,426.71
12492,84011,239,20.0,2023-11-15 07:31:40.535134,Changed Mind,1.0,402.25
12494,84032,10376,502.0,2023-06-08 22:07:57.112512,Wrong Item,1.0,600.28
12496,84075,17515,901.0,2022-10-25 07:50:41.079677,Changed Mind,1.0,135.15
12498,84109,247,654.0,2023-12-03 10:23:06.656442,Wrong Item,1.0,231.52
12499,84109,247,596.0,2023-11-23 10:23:06.656442,Changed Mind,1.0,186.78
12501,84145,17506,866.0,2023-04-09 05:52:00.837721,Wrong Item,2.0,603.24
12502,84145,17506,831.0,2023-03-18 05:52:00.837721,Wrong Item,3.0,703.57
12503,84145,17506,758.0,2023-03-21 05:52:00.837721,Did not match description,1.0,211.54
12504,84145,17506,370.0,2023-04-08 05:52:00.837721,Changed Mind,1.0,127.96
12509,84169,19626,218.0,2023-02-20 11:14:07.843232,Changed Mind,1.0,188.34
12517,84211,12493,963.0,2023-04-01 04:10:29.290881,Wrong Item,1.0,290.28
12518,84211,12493,7.0,2023-04-04 04:10:29.290881,Did not match description,1.0,988.51
12525,84258,1507,731.0,2023-03-23 17:07:18.866680,Did not match description,1.0,125.33
12526,84258,1507,80.0,2023-03-21 17:07:18.866680,Wrong Item,1.0,174.4
12532,84349,8554,980.0,2023-11-08 18:20:53.912453,Changed Mind,1.0,642.02
12533,84349,8554,989.0,2023-11-24 18:20:53.912453,Did not match description,1.0,171.5
12534,84363,9147,751.0,2023-12-26 23:34:48.529064,Changed Mind,1.0,227.76
12535,84372,2230,24.0,2023-05-27 22:20:53.749736,Changed Mind,1.0,49.3
12536,84372,2230,926.0,2023-06-25 22:20:53.749736,Changed Mind,2.0,2471.84
12545,84422,19573,943.0,2022-11-15 09:33:06.515139,Did not match description,2.0,1140.16
12546,84422,19573,103.0,2022-11-22 09:33:06.515139,Defective,1.0,282.73
12547,84422,19573,358.0,2022-11-05 09:33:06.515139,Did not match description,1.0,68.68
12548,84422,19573,610.0,2022-11-28 09:33:06.515139,Defective,4.0,2174.8
12555,84494,1457,737.0,2023-09-14 02:24:47.615854,Wrong Item,3.0,1048.11
12556,84494,1457,50.0,2023-09-15 02:24:47.615854,Wrong Item,1.0,405.09
12557,84503,12549,322.0,2023-12-18 05:28:35.506172,Defective,1.0,308.58
12558,84503,12549,524.0,2023-12-13 05:28:35.506172,Wrong Item,1.0,1375.63
12560,84527,14085,329.0,2023-12-25 22:55:08.083813,Defective,1.0,64.98
12563,84531,5195,87.0,2023-11-14 14:02:03.560046,Wrong Item,1.0,474.24
12564,84531,5195,950.0,2023-11-14 14:02:03.560046,Changed Mind,1.0,1370.29
12565,84531,5195,918.0,2023-10-22 14:02:03.560046,Wrong Item,1.0,85.13
12584,84674,729,218.0,2023-03-11 15:38:55.132560,Wrong Item,1.0,188.34
12588,84699,6850,817.0,2023-09-18 00:08:43.676366,Changed Mind,1.0,387.82
12589,84699,6850,627.0,2023-09-15 00:08:43.676366,Defective,1.0,48.69
12597,84780,18417,576.0,2022-02-06 16:45:58.909748,Wrong Item,1.0,43.84
12598,84783,15017,214.0,2023-06-17 06:12:34.679787,Did not match description,1.0,697.72
12599,84783,15017,751.0,2023-06-17 06:12:34.679787,Wrong Item,2.0,455.52
12600,84785,3930,268.0,2023-06-09 03:17:53.789611,Did not match description,1.0,177.95
12603,84800,11229,21.0,2022-06-18 02:25:38.194155,Did not match description,1.0,1853.24
12604,84800,11229,298.0,2022-06-21 02:25:38.194155,Did not match description,1.0,1992.49
12605,84800,11229,134.0,2022-06-22 02:25:38.194155,Defective,2.0,254.12
12609,84839,8696,390.0,2023-11-12 07:32:31.550517,Defective,1.0,132.77
12610,84839,8696,287.0,2023-11-17 07:32:31.550517,Defective,1.0,37.62
12611,84839,8696,501.0,2023-11-09 07:32:31.550517,Defective,1.0,367.56
12614,84867,9817,367.0,2022-06-11 04:26:24.164004,Wrong Item,1.0,463.13
12615,84867,9817,411.0,2022-06-23 04:26:24.164004,Defective,1.0,308.03
12616,84867,9817,653.0,2022-06-09 04:26:24.164004,Did not match description,1.0,240.29
12619,84887,1278,931.0,2023-08-08 18:15:20.917343,Changed Mind,1.0,45.42
12620,84887,1278,160.0,2023-08-07 18:15:20.917343,Changed Mind,2.0,4919.62
12621,84911,11484,305.0,2023-11-04 08:57:20.879110,Changed Mind,1.0,471.71
12622,84911,11484,799.0,2023-10-15 08:57:20.879110,Changed Mind,1.0,117.9
12633,84962,9127,606.0,2023-04-05 19:10:25.807155,Defective,1.0,91.69
12635,84991,5617,92.0,2023-11-28 08:06:58.106790,Changed Mind,1.0,325.85
12636,84991,5617,533.0,2023-12-05 08:06:58.106790,Did not match description,1.0,884.83
12637,84991,5617,766.0,2023-12-11 08:06:58.106790,Defective,1.0,325.5
12638,84991,5617,30.0,2023-11-15 08:06:58.106790,Did not match description,1.0,1477.15
12641,85047,2960,560.0,2022-06-15 23:38:37.981770,Defective,1.0,1034.52
12642,85047,2960,658.0,2022-06-11 23:38:37.981770,Did not match description,1.0,969.65
12643,85047,2960,55.0,2022-05-31 23:38:37.981770,Defective,1.0,205.17
12644,85047,2960,987.0,2022-06-24 23:38:37.981770,Defective,1.0,103.53
12645,85051,19912,795.0,2021-11-27 23:59:15.752448,Did not match description,1.0,280.45
12647,85078,5850,265.0,2022-12-01 23:00:01.231380,Changed Mind,5.0,8638.35
12648,85078,5850,585.0,2022-11-29 23:00:01.231380,Did not match description,1.0,193.0
12653,85120,7805,214.0,2023-12-12 03:17:36.335522,Changed Mind,1.0,697.72
12654,85120,7805,65.0,2023-12-14 03:17:36.335522,Did not match description,1.0,354.38
12657,85174,6916,883.0,2023-04-29 03:00:32.957410,Did not match description,1.0,633.05
12658,85174,6916,252.0,2023-04-12 03:00:32.957410,Changed Mind,1.0,213.91
12661,85213,10178,741.0,2023-04-12 23:44:27.689300,Wrong Item,1.0,114.36
12662,85213,10178,480.0,2023-04-16 23:44:27.689300,Changed Mind,1.0,183.7
12663,85213,10178,675.0,2023-04-14 23:44:27.689300,Wrong Item,1.0,91.73
12664,85227,2188,458.0,2022-12-13 01:42:37.283321,Did not match description,1.0,114.45
12665,85236,7252,700.0,2022-08-17 10:33:42.954475,Changed Mind,2.0,629.9
12667,85249,21,553.0,2022-08-13 03:42:26.655049,Did not match description,3.0,4874.01
12668,85249,21,757.0,2022-08-26 03:42:26.655049,Defective,1.0,109.92
12669,85249,21,995.0,2022-08-30 03:42:26.655049,Changed Mind,1.0,259.93
12671,85259,17860,972.0,2022-11-01 19:08:37.949746,Defective,1.0,71.02
12673,85277,17348,770.0,2023-10-26 02:53:14.354602,Wrong Item,3.0,35.61
12674,85277,17348,566.0,2023-10-21 02:53:14.354602,Defective,1.0,806.81
12675,85278,3594,282.0,2023-11-13 10:25:54.557285,Defective,3.0,2033.55
12676,85278,3594,154.0,2023-11-19 10:25:54.557285,Did not match description,1.0,101.02
12677,85278,3594,728.0,2023-11-13 10:25:54.557285,Defective,2.0,841.56
12678,85282,411,959.0,2022-11-23 10:47:37.049154,Defective,1.0,122.18
12679,85282,411,545.0,2022-11-19 10:47:37.049154,Wrong Item,1.0,55.21
12680,85282,411,149.0,2022-11-20 10:47:37.049154,Wrong Item,1.0,501.91
12681,85282,411,869.0,2022-11-23 10:47:37.049154,Changed Mind,1.0,345.28
12682,85298,6001,46.0,2023-06-18 06:26:07.001913,Changed Mind,5.0,471.25
12683,85298,6001,720.0,2023-06-07 06:26:07.001913,Defective,1.0,1266.55
12685,85315,8467,666.0,2023-11-23 05:46:53.702496,Defective,1.0,143.77
12693,85382,9259,788.0,2022-05-28 22:23:06.883986,Changed Mind,3.0,619.24
12694,85382,9259,759.0,2022-06-06 22:23:06.883986,Wrong Item,1.0,86.33
12697,85405,4510,353.0,2023-11-05 05:41:54.234754,Defective,1.0,101.23
12706,85440,6589,272.0,2022-11-21 12:53:31.319436,Wrong Item,4.0,176.32
12707,85458,18389,957.0,2022-01-26 04:41:54.243287,Did not match description,1.0,85.54
12709,85486,5319,234.0,2023-08-05 11:42:44.661700,Wrong Item,1.0,118.11
12710,85486,5319,130.0,2023-09-01 11:42:44.661700,Defective,1.0,67.85
12712,85496,9015,690.0,2021-09-30 15:55:35.582584,Changed Mind,1.0,118.5
12713,85496,9015,321.0,2021-10-04 15:55:35.582584,Defective,1.0,903.32
12714,85496,9015,857.0,2021-10-04 15:55:35.582584,Defective,1.0,446.66
12715,85504,16439,74.0,2022-11-17 21:09:36.174339,Did not match description,1.0,69.48
12716,85504,16439,592.0,2022-12-06 21:09:36.174339,Wrong Item,1.0,366.47
12719,85514,12190,54.0,2023-02-03 00:18:52.692321,Defective,1.0,675.43
12720,85514,12190,30.0,2023-01-15 00:18:52.692321,Did not match description,1.0,1477.15
12721,85514,12190,235.0,2023-01-23 00:18:52.692321,Wrong Item,2.0,53.98
12722,85514,12190,75.0,2023-02-04 00:18:52.692321,Wrong Item,1.0,32.66
12723,85528,3338,594.0,2023-04-12 04:51:31.375564,Changed Mind,2.0,639.57
12724,85528,3338,160.0,2023-04-02 04:51:31.375564,Changed Mind,2.0,4919.62
12725,85528,3338,720.0,2023-03-25 04:51:31.375564,Changed Mind,1.0,1266.55
12726,85528,3338,266.0,2023-04-14 04:51:31.375564,Wrong Item,1.0,231.16
12727,85533,19333,963.0,2023-09-09 15:40:00.960996,Defective,1.0,290.28
12728,85533,19333,81.0,2023-09-18 15:40:00.960996,Defective,5.0,1630.55
12729,85535,17073,20.0,2022-10-14 16:29:07.686288,Defective,1.0,362.02
12733,85547,14842,585.0,2023-10-03 18:40:37.892790,Did not match description,3.0,579.0
12735,85557,8553,478.0,2023-11-10 16:22:16.743967,Did not match description,1.0,190.9
12736,85557,8553,871.0,2023-11-07 16:22:16.743967,Did not match description,1.0,124.11
12737,85557,8553,869.0,2023-10-29 16:22:16.743967,Changed Mind,1.0,431.6
12738,85557,8553,288.0,2023-10-16 16:22:16.743967,Wrong Item,1.0,1148.44
12739,85557,8553,233.0,2023-11-06 16:22:16.743967,Changed Mind,2.0,145.08
12740,85558,3270,67.0,2023-03-04 18:45:24.495089,Wrong Item,1.0,1525.47
12745,85618,9817,46.0,2022-06-09 12:46:33.482851,Changed Mind,2.0,188.5
12747,85647,9601,23.0,2023-06-25 06:39:04.929402,Did not match description,1.0,113.72
12751,85684,13416,184.0,2023-08-01 19:49:02.579457,Did not match description,2.0,3776.0
12752,85684,13416,554.0,2023-08-19 19:49:02.579457,Defective,1.0,68.65
12753,85684,13416,403.0,2023-07-25 19:49:02.579457,Defective,1.0,119.82
12754,85684,13416,115.0,2023-07-26 19:49:02.579457,Defective,1.0,141.54
12755,85700,9778,276.0,2023-05-16 23:49:03.296696,Defective,1.0,327.58
12756,85700,9778,969.0,2023-04-28 23:49:03.296696,Changed Mind,3.0,3661.19
12757,85705,2346,815.0,2024-01-25 18:57:02.457869,Changed Mind,1.0,196.58
12758,85705,2346,958.0,2024-01-06 18:57:02.457869,Changed Mind,1.0,63.99
12759,85705,2346,447.0,2024-01-09 18:57:02.457869,Defective,5.0,1202.26
12763,85750,11658,334.0,2021-10-31 00:05:46.714597,Wrong Item,2.0,693.01
12764,85761,23,33.0,2023-12-15 22:49:51.531070,Did not match description,1.0,188.06
12765,85761,23,228.0,2024-01-02 22:49:51.531070,Did not match description,1.0,38.21
12771,85855,13442,349.0,2023-08-23 19:58:50.996864,Defective,1.0,20.27
12774,85859,10175,311.0,2022-08-09 08:55:47.828963,Wrong Item,1.0,419.56
12775,85859,10175,988.0,2022-08-30 08:55:47.828963,Did not match description,3.0,477.9
12776,85859,10175,440.0,2022-08-08 08:55:47.828963,Defective,1.0,1164.86
12780,85959,6394,634.0,2022-11-06 19:39:18.672169,Changed Mind,1.0,219.87
12781,85966,2163,621.0,2023-03-01 13:05:21.482418,Did not match description,4.0,6155.8
12782,85966,2163,846.0,2023-03-04 13:05:21.482418,Wrong Item,4.0,595.44
12790,86026,16780,606.0,2021-08-21 08:02:27.713967,Wrong Item,1.0,91.69
12791,86026,16780,2.0,2021-08-26 08:02:27.713967,Did not match description,1.0,1330.71
12793,86034,17828,60.0,2023-12-10 21:03:06.267128,Defective,4.0,5045.72
12794,86034,17828,8.0,2023-12-14 21:03:06.267128,Wrong Item,2.0,532.94
12803,86091,14713,892.0,2023-01-07 20:23:30.193155,Defective,1.0,189.03
12804,86098,8103,385.0,2023-01-14 16:13:37.910948,Wrong Item,1.0,418.35
12805,86098,8103,386.0,2023-01-10 16:13:37.910948,Defective,1.0,76.12
12809,86155,2531,446.0,2022-11-20 00:06:03.655975,Defective,3.0,1061.82
12810,86155,2531,72.0,2022-10-27 00:06:03.655975,Did not match description,1.0,1864.79
12811,86155,2531,824.0,2022-11-13 00:06:03.655975,Defective,1.0,1275.72
12814,86164,6283,945.0,2023-10-22 13:13:39.885256,Did not match description,1.0,134.23
12816,86222,13086,593.0,2023-11-11 04:43:57.730052,Changed Mind,1.0,773.9
12817,86222,13086,990.0,2023-11-16 04:43:57.730052,Did not match description,3.0,316.95
12826,86292,2523,398.0,2022-08-29 04:16:46.786447,Defective,1.0,1280.68
12827,86292,2523,601.0,2022-08-27 04:16:46.786447,Changed Mind,1.0,726.64
12828,86292,2523,859.0,2022-08-17 04:16:46.786447,Wrong Item,1.0,1769.95
12829,86300,5259,926.0,2022-11-18 05:05:03.601483,Wrong Item,1.0,1235.92
12830,86300,5259,953.0,2022-12-05 05:05:03.601483,Did not match description,1.0,150.17
12831,86300,5259,474.0,2022-12-09 05:05:03.601483,Changed Mind,3.0,230.49
12835,86371,2110,893.0,2023-07-24 23:19:23.034515,Wrong Item,3.0,484.59
12838,86398,10316,421.0,2024-01-02 00:32:13.573130,Defective,1.0,147.23
12839,86398,10316,668.0,2023-12-31 00:32:13.573130,Did not match description,1.0,108.08
12841,86458,2120,795.0,2023-11-19 10:54:59.934762,Wrong Item,1.0,350.56
12849,86496,14009,510.0,2022-06-11 03:09:46.321417,Wrong Item,1.0,144.94
12852,86504,18671,353.0,2022-12-24 20:27:25.342521,Defective,1.0,101.23
12853,86504,18671,696.0,2022-12-29 20:27:25.342521,Defective,1.0,1027.94
12855,86507,19290,931.0,2023-12-10 14:48:34.419358,Did not match description,3.0,136.26
12856,86507,19290,493.0,2023-12-16 14:48:34.419358,Changed Mind,1.0,1055.96
12858,86530,1408,330.0,2021-10-07 04:36:17.943510,Changed Mind,1.0,256.98
12859,86530,1408,13.0,2021-09-17 04:36:17.943510,Wrong Item,1.0,1164.77
12860,86530,1408,414.0,2021-10-07 04:36:17.943510,Did not match description,1.0,185.49
12861,86544,4783,690.0,2023-10-10 15:31:54.260862,Defective,1.0,118.5
12862,86549,17375,65.0,2023-11-30 14:33:26.080525,Defective,1.0,354.38
12865,86564,11554,961.0,2023-09-26 17:03:00.375869,Changed Mind,1.0,658.13
12866,86564,11554,232.0,2023-10-03 17:03:00.375869,Defective,1.0,2214.63
12867,86564,11554,756.0,2023-09-06 17:03:00.375869,Defective,2.0,658.96
12869,86582,3026,236.0,2021-09-22 18:47:58.276463,Defective,1.0,165.0
12870,86592,15599,138.0,2022-12-01 06:41:19.908198,Defective,5.0,650.9
12883,86651,14797,451.0,2023-01-10 07:10:08.158352,Did not match description,2.0,502.42
12884,86656,8252,451.0,2024-01-18 00:42:17.444820,Defective,1.0,213.53
12885,86680,15125,490.0,2023-10-27 01:42:24.850279,Changed Mind,1.0,12.87
12888,86695,17606,169.0,2022-02-18 06:54:15.454609,Defective,1.0,632.23
12889,86695,17606,354.0,2022-02-18 06:54:15.454609,Wrong Item,3.0,4286.06
12902,86776,19900,921.0,2023-02-25 10:15:39.251631,Defective,1.0,240.0
12903,86776,19900,694.0,2023-03-03 10:15:39.251631,Changed Mind,1.0,2068.18
12904,86776,19900,141.0,2023-03-01 10:15:39.251631,Wrong Item,2.0,62.48
12918,86935,18406,192.0,2023-02-21 04:07:47.426872,Changed Mind,1.0,245.32
12919,86935,18406,749.0,2023-02-20 04:07:47.426872,Did not match description,1.0,1496.74
12933,87018,6100,952.0,2023-12-19 15:36:12.167035,Changed Mind,1.0,1837.2
12934,87018,6100,728.0,2023-12-26 15:36:12.167035,Changed Mind,1.0,420.78
12935,87018,6100,118.0,2023-12-12 15:36:12.167035,Defective,1.0,879.18
12936,87018,6100,877.0,2023-12-07 15:36:12.167035,Did not match description,1.0,197.18
12942,87076,16997,676.0,2023-01-11 09:30:41.389751,Did not match description,5.0,2063.25
12946,87100,5840,20.0,2023-08-12 03:08:10.172859,Defective,1.0,402.25
12947,87100,5840,799.0,2023-07-28 03:08:10.172859,Defective,1.0,125.27
12948,87101,13194,147.0,2024-01-14 16:20:00.405323,Wrong Item,1.0,363.97
12949,87101,13194,990.0,2024-01-14 16:20:00.405323,Defective,2.0,179.6
12952,87105,16642,713.0,2023-06-17 23:59:08.172081,Changed Mind,1.0,147.28
12960,87225,9565,889.0,2021-06-22 00:41:55.789121,Defective,2.0,40.99
12961,87225,9565,942.0,2021-07-20 00:41:55.789121,Changed Mind,1.0,1709.74
12962,87229,17504,980.0,2023-11-30 03:10:47.555656,Changed Mind,1.0,642.02
12963,87229,17504,32.0,2023-12-05 03:10:47.555656,Did not match description,1.0,1600.42
12964,87229,17504,356.0,2023-11-28 03:10:47.555656,Defective,1.0,226.29
12970,87352,5566,636.0,2023-05-29 00:26:26.273012,Changed Mind,4.0,1092.4
12971,87352,5566,131.0,2023-06-11 00:26:26.273012,Wrong Item,1.0,80.91
12978,87403,6486,356.0,2023-03-01 14:19:11.003360,Defective,1.0,226.29
12979,87403,6486,839.0,2023-03-27 14:19:11.003360,Defective,1.0,190.21
12982,87439,2695,266.0,2023-11-18 01:38:25.396405,Did not match description,1.0,231.16
12983,87439,2695,136.0,2023-12-04 01:38:25.396405,Wrong Item,2.0,1047.12
12985,87460,16788,324.0,2024-01-15 16:05:59.604021,Defective,1.0,225.61
12988,87472,11905,361.0,2023-04-06 12:19:03.877168,Wrong Item,1.0,62.15
12989,87482,9429,945.0,2023-09-08 20:20:12.061998,Changed Mind,1.0,134.23
12990,87482,9429,165.0,2023-09-10 20:20:12.061998,Wrong Item,2.0,565.84
12991,87482,9429,482.0,2023-09-10 20:20:12.061998,Did not match description,1.0,761.32
12993,87488,3252,518.0,2023-03-24 10:37:11.285939,Did not match description,1.0,570.9
12994,87488,3252,766.0,2023-04-04 10:37:11.285939,Wrong Item,1.0,276.68
12995,87488,3252,422.0,2023-04-06 10:37:11.285939,Did not match description,4.0,10602.72
12996,87492,1283,764.0,2023-06-12 05:05:52.202524,Did not match description,1.0,120.9
12998,87509,10785,433.0,2023-02-14 08:52:04.671469,Changed Mind,1.0,279.86
12999,87509,10785,925.0,2023-02-03 08:52:04.671469,Defective,2.0,1151.42
13000,87509,10785,203.0,2023-02-02 08:52:04.671469,Wrong Item,1.0,315.86
13001,87509,10785,830.0,2023-02-14 08:52:04.671469,Changed Mind,1.0,87.92
13003,87544,11666,585.0,2023-09-05 16:50:49.547211,Did not match description,3.0,579.0
13007,87561,15829,465.0,2024-01-08 11:18:08.111348,Did not match description,3.0,2620.44
13008,87561,15829,918.0,2024-01-13 11:18:08.111348,Defective,1.0,85.13
13009,87566,14185,370.0,2023-12-13 15:44:57.468592,Did not match description,4.0,483.41
13010,87601,12008,134.0,2022-10-17 07:51:19.595273,Wrong Item,1.0,127.06
13011,87601,12008,810.0,2022-10-21 07:51:19.595273,Defective,2.0,217.12
13015,87633,1872,604.0,2022-10-18 21:25:45.617303,Changed Mind,1.0,1648.85
13016,87633,1872,893.0,2022-10-14 21:25:45.617303,Changed Mind,3.0,484.59
13017,87634,12563,590.0,2023-11-03 20:13:10.938648,Wrong Item,1.0,208.0
13018,87636,8747,644.0,2023-05-07 13:19:56.351772,Changed Mind,1.0,2168.99
13019,87636,8747,862.0,2023-05-10 13:19:56.351772,Changed Mind,2.0,975.22
13025,87665,6584,963.0,2023-09-12 04:24:32.901269,Changed Mind,1.0,290.28
13028,87700,5669,156.0,2023-06-03 18:25:00.195330,Did not match description,1.0,140.07
13029,87700,5669,909.0,2023-05-28 18:25:00.195330,Changed Mind,1.0,133.13
13030,87700,5669,924.0,2023-05-23 18:25:00.195330,Did not match description,1.0,298.61
13032,87741,11101,751.0,2023-10-29 07:36:01.598601,Changed Mind,1.0,227.76
13048,87888,13265,220.0,2023-10-10 11:56:38.702615,Wrong Item,1.0,211.6
13049,87888,13265,376.0,2023-10-16 11:56:38.702615,Changed Mind,1.0,325.66
13059,87962,7383,250.0,2023-09-08 04:49:10.875590,Changed Mind,1.0,65.02
13060,87983,8250,930.0,2023-11-07 04:06:02.603531,Changed Mind,1.0,183.16
13061,87983,8250,618.0,2023-10-28 04:06:02.603531,Changed Mind,3.0,534.54
13066,88018,8293,313.0,2023-11-07 00:49:52.893553,Changed Mind,1.0,197.54
13067,88018,8293,789.0,2023-11-03 00:49:52.893553,Did not match description,1.0,117.0
13068,88018,8293,4.0,2023-11-01 00:49:52.893553,Defective,1.0,309.14
13069,88018,8293,737.0,2023-11-02 00:49:52.893553,Wrong Item,1.0,349.37
13073,88028,6887,963.0,2023-10-26 07:56:27.299765,Wrong Item,4.0,1161.12
13074,88028,6887,452.0,2023-10-18 07:56:27.299765,Changed Mind,3.0,5820.9
13076,88082,10053,362.0,2022-11-26 23:33:08.975389,Changed Mind,2.0,577.46
13077,88082,10053,992.0,2022-12-13 23:33:08.975389,Defective,1.0,1504.04
13078,88082,10053,838.0,2022-12-15 23:33:08.975389,Defective,1.0,50.64
13079,88096,14960,185.0,2023-04-16 05:46:57.415993,Defective,1.0,250.92
13080,88096,14960,197.0,2023-04-26 05:46:57.415993,Did not match description,3.0,972.77
13081,88096,14960,325.0,2023-04-15 05:46:57.415993,Wrong Item,3.0,731.16
13082,88107,13307,196.0,2023-07-08 12:21:35.475555,Did not match description,1.0,161.66
13083,88128,11870,608.0,2023-12-19 11:38:43.443069,Changed Mind,1.0,283.36
13087,88166,9229,781.0,2022-08-05 14:24:47.231010,Changed Mind,1.0,210.63
13099,88250,14389,90.0,2023-04-23 02:50:38.955839,Defective,1.0,392.68
13100,88250,14389,633.0,2023-05-01 02:50:38.955839,Did not match description,2.0,464.88
13104,88291,2569,418.0,2022-03-08 02:58:39.585319,Defective,2.0,3850.94
13105,88291,2569,122.0,2022-02-19 02:58:39.585319,Wrong Item,2.0,1877.84
13106,88296,11833,338.0,2023-01-28 17:22:09.487859,Changed Mind,1.0,722.35
13107,88296,11833,167.0,2023-02-01 17:22:09.487859,Changed Mind,1.0,722.21
13108,88296,11833,872.0,2023-01-25 17:22:09.487859,Defective,2.0,168.03
13109,88296,11833,602.0,2023-02-10 17:22:09.487859,Defective,1.0,187.38
13112,88343,13810,755.0,2024-01-01 18:33:16.616856,Changed Mind,1.0,170.39
13113,88343,13810,909.0,2024-01-14 18:33:16.616856,Did not match description,1.0,113.16
13114,88343,13810,592.0,2023-12-20 18:33:16.616856,Did not match description,2.0,732.94
13115,88343,13810,997.0,2023-12-30 18:33:16.616856,Wrong Item,1.0,1418.64
13123,88372,19917,909.0,2022-11-27 07:33:47.814313,Defective,1.0,133.13
13124,88382,4623,821.0,2023-11-12 07:40:18.461498,Changed Mind,1.0,40.75
13125,88382,4623,50.0,2023-10-15 07:40:18.461498,Defective,1.0,405.09
13126,88382,4623,963.0,2023-11-04 07:40:18.461498,Defective,1.0,290.28
13127,88389,14592,805.0,2023-04-21 01:19:34.786856,Changed Mind,4.0,1069.52
13130,88394,3772,415.0,2023-03-26 22:28:05.836681,Defective,1.0,538.3
13131,88394,3772,20.0,2023-03-27 22:28:05.836681,Wrong Item,1.0,402.25
13134,88406,6169,516.0,2023-04-26 09:52:34.564990,Changed Mind,3.0,283.85
13135,88406,6169,32.0,2023-04-28 09:52:34.564990,Defective,2.0,3200.84
13136,88406,6169,620.0,2023-04-16 09:52:34.564990,Defective,1.0,1331.27
13137,88406,6169,459.0,2023-04-14 09:52:34.564990,Wrong Item,2.0,466.32
13138,88406,6169,850.0,2023-04-10 09:52:34.564990,Did not match description,1.0,442.64
13142,88439,16978,324.0,2023-07-03 17:07:41.864320,Changed Mind,1.0,225.61
13143,88439,16978,902.0,2023-06-24 17:07:41.864320,Changed Mind,1.0,285.76
13144,88440,10315,491.0,2023-10-25 11:14:31.631312,Defective,1.0,2022.41
13145,88440,10315,275.0,2023-10-20 11:14:31.631312,Did not match description,1.0,133.64
13146,88440,10315,936.0,2023-10-20 11:14:31.631312,Defective,2.0,3158.22
13153,88476,441,909.0,2024-01-01 19:19:49.513027,Changed Mind,1.0,133.13
13154,88476,441,873.0,2024-01-26 19:19:49.513027,Wrong Item,3.0,438.99
13159,88547,13906,184.0,2023-07-24 20:37:35.325472,Did not match description,1.0,1510.4
13160,88547,13906,508.0,2023-06-28 20:37:35.325472,Changed Mind,1.0,709.78
13161,88547,13906,436.0,2023-07-17 20:37:35.325472,Wrong Item,1.0,136.55
13171,88603,14835,941.0,2023-01-18 09:17:32.574223,Changed Mind,1.0,238.84
13172,88637,16713,124.0,2021-05-13 11:18:45.768489,Wrong Item,1.0,510.04
13173,88637,16713,831.0,2021-04-17 11:18:45.768489,Wrong Item,1.0,260.58
13182,88645,13217,671.0,2023-10-05 21:45:11.176658,Changed Mind,1.0,206.15
13183,88645,13217,105.0,2023-09-28 21:45:11.176658,Changed Mind,1.0,154.79
13185,88660,11721,682.0,2022-03-12 08:27:04.797025,Changed Mind,1.0,1296.55
13186,88660,11721,830.0,2022-03-12 08:27:04.797025,Defective,1.0,87.92
13187,88664,10730,376.0,2023-05-08 09:09:20.960361,Wrong Item,1.0,325.66
13188,88669,7122,49.0,2023-04-24 23:57:59.793634,Defective,1.0,248.92
13189,88669,7122,466.0,2023-03-30 23:57:59.793634,Defective,2.0,3095.34
13190,88672,2276,787.0,2023-02-01 13:40:39.899781,Defective,1.0,67.97
13191,88672,2276,370.0,2023-02-10 13:40:39.899781,Did not match description,1.0,120.85
13198,88696,4881,685.0,2023-12-31 05:13:12.207993,Did not match description,1.0,171.99
13199,88696,4881,885.0,2024-01-02 05:13:12.207993,Changed Mind,1.0,49.84
13203,88732,9704,467.0,2023-12-27 19:43:03.251802,Defective,1.0,1082.43
13208,88773,227,829.0,2023-11-15 05:24:19.350590,Defective,2.0,319.14
13209,88773,227,345.0,2023-11-16 05:24:19.350590,Did not match description,1.0,40.73
13210,88773,227,65.0,2023-11-27 05:24:19.350590,Did not match description,1.0,354.38
13218,88842,11809,245.0,2022-09-11 16:58:57.262937,Defective,1.0,83.47
13219,88843,7091,103.0,2023-12-16 17:26:55.157357,Defective,1.0,282.73
13220,88843,7091,517.0,2023-12-12 17:26:55.157357,Changed Mind,1.0,73.31
13223,88855,6759,637.0,2023-11-11 10:46:25.077894,Wrong Item,1.0,515.27
13224,88855,6759,676.0,2023-10-27 10:46:25.077894,Defective,3.0,1237.95
13226,88876,13094,296.0,2021-11-15 13:02:57.328395,Defective,1.0,320.19
13227,88876,13094,505.0,2021-12-08 13:02:57.328395,Wrong Item,2.0,283.16
13230,88891,319,753.0,2022-08-18 08:15:32.464647,Wrong Item,2.0,29.34
13231,88891,319,184.0,2022-08-19 08:15:32.464647,Changed Mind,1.0,1888.0
13232,88891,319,699.0,2022-08-19 08:15:32.464647,Changed Mind,1.0,780.25
13238,88955,9394,188.0,2023-01-06 10:26:49.715864,Defective,1.0,102.25
13239,88955,9394,356.0,2023-01-13 10:26:49.715864,Defective,1.0,181.03
13240,88955,9394,571.0,2023-01-05 10:26:49.715864,Wrong Item,4.0,327.12
13243,88966,17311,599.0,2023-12-22 20:36:21.366330,Changed Mind,1.0,420.13
13250,88999,7714,979.0,2023-01-24 04:04:52.770865,Wrong Item,3.0,91.02
13251,88999,7714,663.0,2023-02-08 04:04:52.770865,Changed Mind,1.0,1894.6
13254,89034,17611,252.0,2022-06-29 01:41:28.532811,Wrong Item,1.0,213.91
13255,89037,15730,610.0,2023-07-27 12:25:17.365808,Did not match description,1.0,604.11
13256,89037,15730,159.0,2023-07-28 12:25:17.365808,Wrong Item,1.0,269.18
13257,89037,15730,699.0,2023-07-25 12:25:17.365808,Did not match description,1.0,663.21
13262,89064,1870,714.0,2023-09-15 07:04:19.279768,Did not match description,1.0,368.37
13263,89064,1870,866.0,2023-09-16 07:04:19.279768,Did not match description,1.0,301.62
13264,89069,5597,653.0,2023-12-10 02:52:07.805594,Changed Mind,3.0,612.74
13265,89069,5597,724.0,2023-11-14 02:52:07.805594,Did not match description,1.0,1780.3
13266,89070,16783,277.0,2023-10-03 23:05:42.886154,Did not match description,1.0,824.12
13267,89070,16783,356.0,2023-10-14 23:05:42.886154,Changed Mind,2.0,452.58
13268,89070,16783,991.0,2023-10-17 23:05:42.886154,Wrong Item,1.0,306.12
13269,89076,8952,183.0,2024-01-01 03:27:36.360671,Defective,2.0,352.56
13270,89092,13309,757.0,2022-10-08 16:31:38.343761,Defective,2.0,219.84
13271,89092,13309,601.0,2022-10-08 16:31:38.343761,Changed Mind,1.0,726.64
13272,89100,9589,391.0,2023-07-03 12:42:57.962753,Wrong Item,1.0,307.36
13273,89100,9589,948.0,2023-07-12 12:42:57.962753,Changed Mind,2.0,559.28
13276,89121,13124,8.0,2022-11-11 09:19:59.612350,Changed Mind,1.0,266.47
13277,89137,15961,18.0,2022-08-18 16:21:04.865339,Did not match description,2.0,56.14
13278,89137,15961,12.0,2022-09-01 16:21:04.865339,Did not match description,1.0,1266.22
13279,89137,15961,378.0,2022-08-30 16:21:04.865339,Changed Mind,1.0,783.66
13280,89137,15961,391.0,2022-08-16 16:21:04.865339,Changed Mind,3.0,829.87
13281,89157,4555,762.0,2023-04-24 18:33:00.295822,Changed Mind,1.0,131.34
13282,89157,4555,21.0,2023-04-26 18:33:00.295822,Wrong Item,1.0,1667.92
13284,89188,13745,569.0,2023-06-25 11:36:33.331210,Changed Mind,1.0,2254.34
13285,89188,13745,428.0,2023-06-28 11:36:33.331210,Did not match description,1.0,1424.37
13286,89188,13745,371.0,2023-06-15 11:36:33.331210,Did not match description,2.0,270.94
13297,89279,16658,667.0,2023-11-15 21:18:04.650463,Changed Mind,1.0,28.48
13300,89290,7890,648.0,2023-12-07 02:43:48.682871,Did not match description,1.0,2557.96
13301,89290,7890,653.0,2023-12-23 02:43:48.682871,Did not match description,2.0,480.58
13302,89292,11730,275.0,2023-12-09 21:09:47.241943,Did not match description,1.0,133.64
13303,89292,11730,396.0,2023-12-05 21:09:47.241943,Wrong Item,1.0,344.28
13304,89292,11730,420.0,2023-11-24 21:09:47.241943,Defective,1.0,2061.65
13305,89306,404,411.0,2023-06-15 15:53:26.995672,Wrong Item,1.0,261.83
13306,89333,1187,646.0,2023-07-25 12:18:01.575229,Did not match description,1.0,648.88
13307,89333,1187,582.0,2023-07-23 12:18:01.575229,Changed Mind,1.0,29.82
13310,89341,701,751.0,2023-07-22 15:37:04.789818,Did not match description,4.0,728.83
13314,89399,5167,894.0,2022-05-02 20:32:26.853634,Changed Mind,1.0,199.5
13315,89399,5167,64.0,2022-05-07 20:32:26.853634,Wrong Item,1.0,1209.38
13318,89423,15926,23.0,2023-09-23 23:09:03.223531,Did not match description,1.0,96.66
13319,89423,15926,440.0,2023-10-03 23:09:03.223531,Wrong Item,1.0,1164.86
13320,89427,3008,369.0,2022-02-11 04:17:14.963187,Wrong Item,5.0,1608.1
13321,89427,3008,74.0,2022-01-30 04:17:14.963187,Wrong Item,3.0,208.44
13323,89443,18136,576.0,2023-06-12 17:14:24.972341,Did not match description,1.0,43.84
13324,89443,18136,485.0,2023-06-16 17:14:24.972341,Defective,1.0,514.03
13325,89443,18136,573.0,2023-06-08 17:14:24.972341,Did not match description,2.0,134.24
13326,89443,18136,141.0,2023-06-17 17:14:24.972341,Did not match description,2.0,62.48
13327,89443,18136,14.0,2023-07-01 17:14:24.972341,Did not match description,1.0,341.77
13332,89487,18890,370.0,2023-10-07 18:47:29.187010,Wrong Item,2.0,284.36
13333,89487,18890,167.0,2023-10-22 18:47:29.187010,Changed Mind,1.0,722.21
13345,89586,14861,880.0,2021-04-16 14:41:29.863233,Defective,1.0,223.49
13346,89586,14861,291.0,2021-04-15 14:41:29.863233,Wrong Item,4.0,304.32
13347,89605,9370,739.0,2022-12-13 15:29:09.736348,Did not match description,1.0,254.78
13348,89605,9370,260.0,2022-12-09 15:29:09.736348,Changed Mind,2.0,1531.2
13349,89605,9370,53.0,2022-11-25 15:29:09.736348,Changed Mind,1.0,1782.9
13350,89605,9370,950.0,2022-12-04 15:29:09.736348,Did not match description,1.0,1370.29
13351,89605,9370,871.0,2022-12-09 15:29:09.736348,Wrong Item,1.0,137.9
13354,89669,14007,690.0,2023-05-18 19:34:06.981960,Did not match description,1.0,148.12
13359,89694,17737,478.0,2022-09-25 09:31:07.548117,Changed Mind,3.0,572.7
13365,89777,7502,458.0,2023-02-16 05:39:32.115282,Did not match description,1.0,103.0
13366,89777,7502,311.0,2023-02-10 05:39:32.115282,Wrong Item,3.0,1069.88
13367,89777,7502,225.0,2023-01-21 05:39:32.115282,Did not match description,1.0,938.96
13370,89794,7184,749.0,2023-12-31 12:05:57.251061,Defective,4.0,4789.57
13371,89794,7184,310.0,2023-12-05 12:05:57.251061,Changed Mind,2.0,421.76
13376,89814,14187,698.0,2023-10-10 21:09:13.537107,Defective,1.0,1649.18
13377,89814,14187,731.0,2023-10-22 21:09:13.537107,Did not match description,4.0,530.82
13378,89814,14187,653.0,2023-10-07 21:09:13.537107,Did not match description,1.0,192.23
13383,89836,18930,941.0,2023-10-18 19:09:34.655925,Did not match description,1.0,238.84
13385,89855,11572,893.0,2022-02-18 19:53:00.324531,Changed Mind,1.0,129.22
13389,89882,13999,217.0,2023-08-06 03:35:05.549876,Wrong Item,2.0,2209.01
13390,89882,13999,590.0,2023-07-28 03:35:05.549876,Defective,2.0,416.0
13394,89908,9413,605.0,2021-11-29 19:55:17.712653,Wrong Item,2.0,496.24
13395,89912,3432,873.0,2023-08-04 14:12:59.671800,Wrong Item,1.0,146.33
13398,89918,7544,805.0,2022-12-23 10:48:35.121731,Wrong Item,1.0,267.38
13399,89918,7544,453.0,2022-12-25 10:48:35.121731,Defective,1.0,139.91
13400,89918,7544,513.0,2022-12-09 10:48:35.121731,Changed Mind,3.0,430.75
13405,89960,11552,788.0,2023-04-09 11:24:40.850335,Did not match description,1.0,242.84
13406,89960,11552,627.0,2023-04-13 11:24:40.850335,Changed Mind,1.0,43.82
13413,90013,11124,453.0,2022-08-29 07:19:20.530405,Wrong Item,2.0,310.92
13414,90013,11124,880.0,2022-08-08 07:19:20.530405,Did not match description,1.0,223.49
13418,90070,15392,175.0,2024-01-02 23:03:38.644280,Did not match description,1.0,148.2
13419,90070,15392,990.0,2024-01-26 23:03:38.644280,Did not match description,4.0,422.6
13422,90095,11684,800.0,2023-10-11 11:51:23.425835,Changed Mind,2.0,375.92
13427,90134,2916,411.0,2022-07-04 14:43:23.958918,Changed Mind,2.0,616.06
13428,90134,2916,56.0,2022-07-01 14:43:23.958918,Defective,1.0,64.01
13431,90143,9304,960.0,2022-07-19 15:41:01.890669,Defective,1.0,95.43
13432,90143,9304,764.0,2022-07-01 15:41:01.890669,Changed Mind,3.0,408.02
13436,90165,6163,406.0,2023-10-28 12:55:17.944532,Defective,1.0,1988.32
13437,90165,6163,639.0,2023-10-27 12:55:17.944532,Defective,1.0,323.96
13438,90165,6163,230.0,2023-10-28 12:55:17.944532,Defective,1.0,207.67
13439,90165,6163,722.0,2023-10-25 12:55:17.944532,Did not match description,2.0,2693.24
13440,90172,15972,657.0,2023-11-09 21:14:51.582956,Changed Mind,3.0,2670.96
13441,90172,15972,565.0,2023-10-22 21:14:51.582956,Wrong Item,3.0,124.83
13442,90172,15972,768.0,2023-10-23 21:14:51.582956,Changed Mind,1.0,155.05
13443,90178,18445,667.0,2022-12-17 13:08:35.544758,Wrong Item,1.0,28.48
13445,90204,19996,542.0,2021-11-16 21:20:14.219219,Defective,2.0,381.12
13446,90204,19996,562.0,2021-11-13 21:20:14.219219,Did not match description,1.0,851.65
13447,90204,19996,20.0,2021-11-11 21:20:14.219219,Did not match description,1.0,402.25
13448,90204,19996,929.0,2021-11-16 21:20:14.219219,Defective,1.0,78.09
13449,90210,13350,700.0,2022-07-21 01:44:09.883858,Did not match description,1.0,283.45
13450,90210,13350,505.0,2022-07-08 01:44:09.883858,Defective,4.0,566.32
13453,90235,14397,321.0,2023-01-29 13:23:16.824820,Did not match description,1.0,903.32
13454,90235,14397,846.0,2023-02-05 13:23:16.824820,Changed Mind,2.0,267.95
13457,90267,2296,15.0,2023-02-28 16:12:18.347447,Wrong Item,1.0,115.01
13458,90267,2296,352.0,2023-02-17 16:12:18.347447,Did not match description,2.0,1713.02
13464,90279,16755,750.0,2023-11-04 00:40:03.020001,Changed Mind,1.0,107.27
13465,90279,16755,417.0,2023-10-28 00:40:03.020001,Changed Mind,1.0,98.94
13466,90279,16755,442.0,2023-11-16 00:40:03.020001,Wrong Item,1.0,248.9
13473,90321,17435,203.0,2023-10-20 19:39:50.930138,Defective,1.0,252.69
13478,90332,12671,959.0,2023-08-09 06:12:48.633935,Defective,1.0,122.18
13485,90406,587,713.0,2023-05-09 18:20:09.101518,Did not match description,1.0,147.28
13486,90406,587,704.0,2023-05-17 18:20:09.101518,Did not match description,1.0,1442.17
13487,90406,587,104.0,2023-05-27 18:20:09.101518,Wrong Item,1.0,357.43
13491,90443,195,839.0,2023-08-12 09:57:12.150892,Changed Mind,1.0,190.21
13500,90469,14650,530.0,2022-09-24 15:18:51.392824,Changed Mind,1.0,1501.66
13501,90469,14650,575.0,2022-09-16 15:18:51.392824,Did not match description,1.0,701.43
13502,90469,14650,523.0,2022-10-05 15:18:51.392824,Changed Mind,1.0,344.72
13505,90507,16052,395.0,2022-11-08 11:05:13.744478,Wrong Item,1.0,1435.49
13506,90507,16052,300.0,2022-11-07 11:05:13.744478,Did not match description,2.0,1515.86
13507,90507,16052,485.0,2022-11-16 11:05:13.744478,Did not match description,1.0,571.15
13508,90507,16052,360.0,2022-11-01 11:05:13.744478,Changed Mind,1.0,1328.97
13509,90516,12878,941.0,2023-05-29 15:08:22.737911,Wrong Item,2.0,477.68
13510,90517,1975,752.0,2023-09-07 01:05:09.483324,Wrong Item,4.0,5958.16
13514,90582,13935,959.0,2021-11-12 15:32:33.181667,Changed Mind,1.0,122.18
13515,90582,13935,326.0,2021-11-09 15:32:33.181667,Defective,1.0,353.01
13516,90582,13935,592.0,2021-11-17 15:32:33.181667,Wrong Item,5.0,1832.35
13517,90582,13935,284.0,2021-11-01 15:32:33.181667,Changed Mind,1.0,182.03
13526,90677,16671,49.0,2022-10-05 16:25:03.354136,Wrong Item,1.0,224.03
13527,90677,16671,170.0,2022-10-13 16:25:03.354136,Changed Mind,1.0,344.21
13535,90729,6779,77.0,2022-11-15 02:13:03.392431,Wrong Item,2.0,2258.22
13536,90737,9841,978.0,2023-11-17 18:16:55.927930,Changed Mind,1.0,281.79
13537,90737,9841,176.0,2023-10-25 18:16:55.927930,Did not match description,1.0,1221.94
13538,90737,9841,591.0,2023-11-05 18:16:55.927930,Defective,1.0,25.93
13539,90737,9841,741.0,2023-10-31 18:16:55.927930,Defective,2.0,228.72
13540,90737,9841,739.0,2023-11-05 18:16:55.927930,Defective,2.0,509.56
13542,90747,18756,736.0,2022-03-29 02:06:24.358676,Changed Mind,1.0,341.5
13543,90747,18756,843.0,2022-03-17 02:06:24.358676,Did not match description,1.0,544.69
13544,90747,18756,691.0,2022-03-06 02:06:24.358676,Wrong Item,1.0,552.09
13545,90747,18756,627.0,2022-03-25 02:06:24.358676,Did not match description,1.0,48.69
13546,90747,18756,294.0,2022-03-11 02:06:24.358676,Changed Mind,1.0,353.34
13548,90773,11565,985.0,2021-08-28 13:27:17.908544,Wrong Item,2.0,2749.92
13549,90773,11565,393.0,2021-08-16 13:27:17.908544,Wrong Item,3.0,97.14
13552,90814,3141,453.0,2022-11-03 12:10:09.116286,Did not match description,1.0,124.37
13553,90847,11097,766.0,2023-08-01 08:25:37.797926,Did not match description,3.0,781.2
13556,90850,871,762.0,2022-12-04 00:37:33.490280,Changed Mind,1.0,131.34
13568,90964,13333,445.0,2023-04-12 12:03:56.812413,Defective,1.0,138.05
13569,90964,13333,80.0,2023-04-28 12:03:56.812413,Did not match description,1.0,174.4
13570,90964,13333,688.0,2023-04-15 12:03:56.812413,Defective,1.0,127.8
13571,90964,13333,229.0,2023-05-04 12:03:56.812413,Did not match description,1.0,766.18
13572,90964,13333,153.0,2023-04-20 12:03:56.812413,Changed Mind,1.0,378.71
13573,90977,9107,236.0,2023-08-16 03:11:46.070094,Defective,1.0,165.0
13574,90977,9107,737.0,2023-09-12 03:11:46.070094,Wrong Item,1.0,349.37
13575,90985,15387,199.0,2023-09-11 17:14:28.810900,Did not match description,1.0,193.54
13576,90985,15387,101.0,2023-08-28 17:14:28.810900,Defective,1.0,118.47
13577,90985,15387,408.0,2023-09-13 17:14:28.810900,Wrong Item,2.0,266.29
13578,90992,3658,929.0,2023-01-15 02:20:15.656923,Did not match description,1.0,78.09
13580,91001,15537,224.0,2022-07-17 09:02:34.540073,Did not match description,1.0,243.26
13584,91024,13281,25.0,2023-11-12 10:04:39.095746,Did not match description,3.0,525.45
13594,91078,1844,445.0,2024-01-03 19:05:34.606911,Wrong Item,1.0,138.05
13595,91078,1844,586.0,2024-01-22 19:05:34.606911,Defective,1.0,87.34
13596,91111,8357,653.0,2023-10-13 21:52:04.997675,Defective,1.0,204.25
13599,91138,9119,492.0,2023-05-09 17:17:53.505214,Wrong Item,1.0,90.47
13600,91138,9119,374.0,2023-05-10 17:17:53.505214,Defective,1.0,146.56
13601,91138,9119,246.0,2023-05-17 17:17:53.505214,Wrong Item,1.0,337.55
13602,91138,9119,25.0,2023-05-27 17:17:53.505214,Changed Mind,1.0,157.63
13604,91162,17211,781.0,2024-01-20 16:16:50.286721,Defective,1.0,210.63
13605,91163,356,513.0,2023-04-07 02:32:53.404359,Did not match description,1.0,152.56
13614,91256,14586,46.0,2023-03-10 18:03:48.194169,Defective,2.0,188.5
13615,91256,14586,284.0,2023-03-03 18:03:48.194169,Wrong Item,3.0,682.62
13616,91265,10824,597.0,2022-10-14 09:40:49.132442,Wrong Item,3.0,4504.41
13617,91265,10824,348.0,2022-09-17 09:40:49.132442,Did not match description,2.0,2294.56
13618,91265,10824,631.0,2022-10-06 09:40:49.132442,Did not match description,1.0,161.95
13619,91265,10824,380.0,2022-09-22 09:40:49.132442,Defective,1.0,120.14
13621,91285,4306,720.0,2023-09-16 01:37:27.556904,Changed Mind,3.0,3799.65
13622,91285,4306,860.0,2023-09-13 01:37:27.556904,Defective,2.0,352.24
13623,91302,11555,953.0,2023-06-23 10:37:35.664439,Defective,1.0,150.17
13624,91302,11555,887.0,2023-06-15 10:37:35.664439,Defective,1.0,181.96
13625,91302,11555,321.0,2023-06-18 10:37:35.664439,Changed Mind,3.0,2709.96
13626,91302,11555,51.0,2023-07-09 10:37:35.664439,Changed Mind,2.0,1214.58
13628,91307,18920,263.0,2023-12-21 20:20:51.709047,Defective,1.0,485.94
13629,91307,18920,425.0,2023-12-11 20:20:51.709047,Changed Mind,3.0,1350.51
13630,91307,18920,788.0,2023-12-24 20:20:51.709047,Changed Mind,1.0,242.84
13631,91312,16506,723.0,2023-07-15 09:10:58.817462,Changed Mind,2.0,1133.54
13632,91312,16506,183.0,2023-07-30 09:10:58.817462,Defective,3.0,528.84
13633,91312,16506,599.0,2023-07-05 09:10:58.817462,Defective,2.0,840.26
13634,91318,1151,931.0,2022-06-16 21:40:52.038842,Defective,1.0,45.42
13635,91318,1151,615.0,2022-06-15 21:40:52.038842,Changed Mind,1.0,1419.55
13640,91337,7804,762.0,2023-11-27 03:36:41.700643,Defective,1.0,131.34
13643,91352,3913,860.0,2022-08-03 17:18:38.321690,Did not match description,1.0,220.15
13649,91397,8710,740.0,2023-07-13 23:56:40.055972,Defective,1.0,185.27
13650,91397,8710,115.0,2023-07-11 23:56:40.055972,Did not match description,1.0,141.54
13653,91416,2019,20.0,2022-09-14 20:11:39.945123,Defective,1.0,402.25
13654,91445,12772,767.0,2023-06-19 08:05:33.192795,Wrong Item,2.0,1398.42
13655,91445,12772,941.0,2023-06-25 08:05:33.192795,Changed Mind,1.0,238.84
13665,91601,6512,788.0,2024-01-07 00:07:28.260610,Did not match description,1.0,218.56
13669,91638,1312,235.0,2023-04-20 20:23:15.916182,Defective,1.0,22.94
13670,91668,12238,215.0,2024-01-13 21:45:09.510235,Wrong Item,1.0,230.13
13673,91711,10937,327.0,2023-12-06 01:44:58.148039,Defective,1.0,450.45
13674,91714,10073,445.0,2024-01-05 00:34:12.183042,Changed Mind,1.0,138.05
13675,91714,10073,430.0,2024-01-16 00:34:12.183042,Wrong Item,2.0,737.44
13680,91784,5877,274.0,2023-10-14 15:36:10.848304,Did not match description,1.0,341.88
13681,91784,5877,959.0,2023-10-10 15:36:10.848304,Defective,3.0,366.54
13686,91820,16226,15.0,2022-11-23 23:49:48.377606,Wrong Item,2.0,207.02
13687,91820,16226,480.0,2022-11-27 23:49:48.377606,Defective,1.0,183.7
13690,91865,3476,868.0,2022-02-16 00:07:11.203878,Wrong Item,1.0,1129.39
13691,91865,3476,862.0,2022-02-01 00:07:11.203878,Changed Mind,3.0,1170.26
13692,91865,3476,680.0,2022-02-16 00:07:11.203878,Changed Mind,1.0,178.12
13693,91865,3476,585.0,2022-02-05 00:07:11.203878,Did not match description,1.0,193.0
13695,91901,7355,61.0,2023-11-19 20:30:04.902192,Did not match description,4.0,934.4
13696,91901,7355,46.0,2023-11-26 20:30:04.902192,Changed Mind,1.0,94.25
13697,91901,7355,904.0,2023-11-29 20:30:04.902192,Defective,1.0,31.77
13698,91901,7355,571.0,2023-11-21 20:30:04.902192,Did not match description,2.0,163.56
13699,91901,7355,279.0,2023-11-10 20:30:04.902192,Wrong Item,1.0,1196.83
13701,91925,16242,893.0,2022-09-26 22:57:48.149204,Defective,4.0,549.2
13702,91925,16242,329.0,2022-10-15 22:57:48.149204,Changed Mind,1.0,64.98
13703,91925,16242,3.0,2022-10-09 22:57:48.149204,Changed Mind,4.0,1233.96
13704,91926,2539,738.0,2022-03-02 01:53:19.519406,Defective,1.0,161.22
13705,91932,1576,954.0,2023-11-21 17:41:57.574454,Wrong Item,1.0,25.79
13709,91974,1065,429.0,2023-12-17 21:53:17.046360,Changed Mind,1.0,312.28
13710,91974,1065,266.0,2023-12-28 21:53:17.046360,Wrong Item,2.0,392.97
13711,91975,7750,282.0,2021-12-06 09:33:04.914209,Changed Mind,1.0,677.85
13712,91975,7750,972.0,2021-12-07 09:33:04.914209,Did not match description,3.0,213.06
13716,91993,17942,766.0,2023-11-02 11:41:04.755875,Did not match description,1.0,325.5
13719,91999,12150,429.0,2022-11-11 19:22:20.357534,Wrong Item,1.0,312.28
13720,91999,12150,804.0,2022-11-15 19:22:20.357534,Changed Mind,2.0,222.28
13725,92011,3783,45.0,2022-07-09 13:53:37.312366,Wrong Item,1.0,157.52
13726,92011,3783,271.0,2022-07-21 13:53:37.312366,Did not match description,2.0,3672.08
13729,92022,18120,731.0,2022-06-29 16:23:46.043397,Wrong Item,1.0,117.96
13730,92022,18120,173.0,2022-07-03 16:23:46.043397,Changed Mind,1.0,1010.52
13738,92053,16514,521.0,2023-06-26 00:21:57.789747,Wrong Item,2.0,138.46
13744,92089,17859,423.0,2023-07-16 01:32:09.369005,Defective,4.0,2128.84
13745,92099,18273,390.0,2023-07-18 04:44:36.557897,Did not match description,1.0,106.22
13746,92111,14538,12.0,2023-12-29 06:35:03.916415,Changed Mind,1.0,1266.22
13747,92111,14538,245.0,2024-01-12 06:35:03.916415,Wrong Item,1.0,83.47
13748,92111,14538,210.0,2024-01-20 06:35:03.916415,Wrong Item,2.0,348.05
13754,92211,16872,220.0,2021-08-22 01:26:50.184501,Defective,1.0,235.11
13756,92244,1334,269.0,2023-10-27 08:24:54.234862,Did not match description,2.0,573.56
13757,92244,1334,889.0,2023-10-14 08:24:54.234862,Did not match description,1.0,25.62
13758,92252,471,46.0,2024-01-07 09:31:04.852377,Wrong Item,2.0,188.5
13759,92252,471,159.0,2024-01-07 09:31:04.852377,Defective,1.0,269.18
13766,92307,18669,533.0,2023-07-22 09:26:05.226418,Defective,1.0,884.83
13767,92307,18669,371.0,2023-07-19 09:26:05.226418,Defective,3.0,406.41
13772,92354,2710,49.0,2023-05-15 21:37:29.738998,Did not match description,3.0,746.76
13773,92354,2710,685.0,2023-05-04 21:37:29.738998,Changed Mind,5.0,859.95
13774,92354,2710,272.0,2023-04-28 21:37:29.738998,Changed Mind,1.0,44.08
13780,92377,16167,599.0,2021-08-04 06:51:56.957710,Changed Mind,1.0,420.13
13781,92377,16167,892.0,2021-08-18 06:51:56.957710,Wrong Item,1.0,210.03
13788,92425,7658,175.0,2023-01-23 12:17:58.343091,Did not match description,1.0,148.2
13789,92425,7658,478.0,2023-01-25 12:17:58.343091,Defective,1.0,171.81
13790,92425,7658,239.0,2023-01-26 12:17:58.343091,Defective,1.0,362.06
13791,92438,7623,436.0,2022-09-04 01:49:40.766588,Wrong Item,1.0,136.55
13792,92440,18363,15.0,2023-12-21 15:18:40.159481,Did not match description,3.0,345.03
13797,92479,1736,837.0,2023-12-12 01:21:39.494015,Defective,1.0,396.86
13798,92479,1736,988.0,2023-12-19 01:21:39.494015,Did not match description,1.0,159.3
13804,92550,13768,502.0,2022-09-28 10:45:39.495262,Defective,1.0,600.28
13805,92550,13768,877.0,2022-10-03 10:45:39.495262,Did not match description,1.0,197.18
13809,92572,9312,197.0,2023-04-26 17:04:05.446756,Did not match description,1.0,381.48
13813,92584,1811,399.0,2022-09-15 13:34:48.228875,Wrong Item,1.0,674.31
13814,92584,1811,549.0,2022-09-15 13:34:48.228875,Did not match description,1.0,213.05
13815,92584,1811,739.0,2022-09-04 13:34:48.228875,Did not match description,3.0,649.69
13816,92590,19276,891.0,2021-08-28 00:30:11.631561,Changed Mind,1.0,734.44
13817,92590,19276,425.0,2021-08-23 00:30:11.631561,Changed Mind,3.0,1215.46
13818,92590,19276,693.0,2021-08-27 00:30:11.631561,Defective,1.0,53.97
13819,92590,19276,789.0,2021-09-16 00:30:11.631561,Did not match description,2.0,234.0
13822,92611,3265,221.0,2022-04-02 21:16:29.096776,Did not match description,1.0,657.43
13823,92611,3265,411.0,2022-04-16 21:16:29.096776,Wrong Item,4.0,1232.12
13824,92611,3265,152.0,2022-04-20 21:16:29.096776,Changed Mind,1.0,480.56
13828,92684,1000,196.0,2023-12-27 05:22:56.558662,Defective,1.0,161.66
13829,92684,1000,250.0,2023-12-25 05:22:56.558662,Did not match description,1.0,65.02
13830,92684,1000,663.0,2024-01-16 05:22:56.558662,Did not match description,1.0,2368.25
13831,92684,1000,710.0,2024-01-13 05:22:56.558662,Defective,1.0,633.67
13834,92701,7780,562.0,2023-06-15 03:06:32.369088,Changed Mind,2.0,1703.3
13835,92713,8566,894.0,2021-10-31 19:05:23.127142,Wrong Item,4.0,886.68
13840,92738,213,903.0,2023-07-20 00:49:22.434022,Did not match description,1.0,1323.12
13841,92738,213,772.0,2023-07-19 00:49:22.434022,Did not match description,1.0,522.18
13842,92738,213,714.0,2023-07-26 00:49:22.434022,Wrong Item,1.0,368.37
13843,92738,213,391.0,2023-08-05 00:49:22.434022,Did not match description,4.0,1229.44
13848,92787,8228,371.0,2022-06-21 14:00:14.386459,Defective,1.0,135.47
13853,92823,6223,738.0,2023-10-15 02:13:32.605121,Changed Mind,1.0,161.22
13854,92823,6223,911.0,2023-10-04 02:13:32.605121,Changed Mind,1.0,337.56
13855,92823,6223,691.0,2023-09-28 02:13:32.605121,Changed Mind,5.0,2760.45
13863,92866,9521,634.0,2022-01-26 23:44:45.938579,Did not match description,4.0,977.2
13866,92893,5807,86.0,2023-12-15 23:34:45.829648,Did not match description,1.0,190.33
13867,92900,15595,50.0,2023-06-03 19:56:19.862862,Defective,1.0,405.09
13868,92900,15595,169.0,2023-06-11 19:56:19.862862,Defective,3.0,1896.69
13869,92905,5732,832.0,2023-04-01 09:39:48.891379,Wrong Item,1.0,130.69
13875,92944,4956,784.0,2021-05-20 21:57:20.084900,Changed Mind,2.0,1246.47
13876,92948,5257,927.0,2023-02-12 06:05:41.336117,Changed Mind,3.0,1675.14
13877,92948,5257,608.0,2023-02-17 06:05:41.336117,Wrong Item,3.0,850.08
13878,92962,18355,371.0,2023-07-15 23:21:54.350338,Did not match description,1.0,135.47
13882,93004,2060,832.0,2023-12-23 00:16:44.706721,Defective,1.0,104.55
13885,93018,3449,831.0,2022-06-16 04:47:46.958090,Changed Mind,2.0,521.16
13886,93018,3449,7.0,2022-06-08 04:47:46.958090,Defective,2.0,2471.28
13887,93021,13715,788.0,2023-03-14 13:25:10.114148,Did not match description,4.0,971.36
13888,93022,6991,24.0,2023-06-02 04:31:32.198622,Changed Mind,1.0,61.63
13889,93034,12572,246.0,2023-01-09 19:40:03.634272,Defective,2.0,750.12
13891,93072,17888,649.0,2023-12-03 22:52:17.863025,Changed Mind,1.0,477.9
13892,93072,17888,738.0,2023-12-10 22:52:17.863025,Changed Mind,4.0,580.39
13893,93077,14836,272.0,2023-12-20 11:40:14.035138,Did not match description,1.0,44.08
13894,93077,14836,996.0,2023-12-09 11:40:14.035138,Did not match description,1.0,377.2
13895,93096,7600,813.0,2023-05-17 06:06:09.680849,Did not match description,1.0,147.5
13896,93103,5381,71.0,2023-04-05 12:31:06.748221,Did not match description,1.0,1040.33
13897,93103,5381,968.0,2023-03-29 12:31:06.748221,Wrong Item,2.0,131.44
13898,93103,5381,983.0,2023-03-21 12:31:06.748221,Defective,3.0,6581.63
13899,93103,5381,49.0,2023-04-07 12:31:06.748221,Wrong Item,3.0,746.76
13902,93176,19350,800.0,2023-10-21 19:11:40.865204,Changed Mind,2.0,375.92
13903,93176,19350,527.0,2023-10-28 19:11:40.865204,Changed Mind,3.0,484.56
13909,93237,19196,349.0,2023-03-11 22:17:40.977564,Did not match description,1.0,20.27
13910,93247,15037,907.0,2023-10-09 01:34:25.980042,Did not match description,1.0,564.04
13911,93247,15037,65.0,2023-09-23 01:34:25.980042,Wrong Item,2.0,708.76
13914,93269,3094,815.0,2023-12-19 08:33:49.786479,Defective,4.0,786.32
13917,93316,2181,738.0,2023-07-31 20:28:55.873024,Changed Mind,1.0,161.22
13923,93380,2858,545.0,2023-07-29 18:35:13.979531,Defective,2.0,110.42
13924,93380,2858,835.0,2023-08-05 18:35:13.979531,Defective,1.0,1381.99
13925,93380,2858,154.0,2023-07-16 18:35:13.979531,Wrong Item,3.0,320.9
13926,93380,2858,212.0,2023-07-09 18:35:13.979531,Changed Mind,1.0,765.83
13927,93380,2858,47.0,2023-07-18 18:35:13.979531,Changed Mind,2.0,629.44
13930,93420,15800,649.0,2023-05-02 18:48:32.037314,Defective,1.0,430.11
13931,93420,15800,18.0,2023-05-13 18:48:32.037314,Defective,2.0,56.14
13932,93420,15800,396.0,2023-05-30 18:48:32.037314,Did not match description,3.0,1032.84
13933,93430,12865,458.0,2023-06-06 11:15:46.046269,Wrong Item,3.0,343.35
13934,93440,13898,666.0,2023-09-02 16:14:19.499139,Wrong Item,1.0,159.75
13935,93440,13898,570.0,2023-09-29 16:14:19.499139,Did not match description,1.0,169.64
13936,93445,3801,110.0,2023-12-26 12:54:29.669427,Defective,1.0,390.34
13937,93447,6500,873.0,2023-08-17 03:41:43.013599,Did not match description,1.0,146.33
13942,93513,5304,311.0,2022-09-24 04:32:03.674463,Did not match description,3.0,1258.68
13943,93513,5304,963.0,2022-10-12 04:32:03.674463,Changed Mind,1.0,290.28
13947,93528,2691,959.0,2023-11-24 11:14:14.861966,Defective,2.0,244.36
13955,93595,6646,219.0,2023-03-10 03:36:48.324134,Defective,5.0,4157.45
13956,93609,5929,24.0,2023-10-16 20:24:18.585721,Wrong Item,1.0,52.39
13957,93620,9839,574.0,2023-02-18 07:14:26.080225,Defective,1.0,200.04
13964,93672,3846,111.0,2023-05-01 12:52:41.097135,Wrong Item,1.0,219.72
13965,93672,3846,547.0,2023-05-17 12:52:41.097135,Changed Mind,3.0,786.06
13966,93681,14349,600.0,2023-10-16 16:13:45.159307,Changed Mind,1.0,856.76
13967,93681,14349,15.0,2023-10-21 16:13:45.159307,Changed Mind,2.0,230.02
13968,93681,14349,98.0,2023-10-21 16:13:45.159307,Changed Mind,1.0,663.61
13969,93681,14349,955.0,2023-10-13 16:13:45.159307,Changed Mind,3.0,2045.87
13970,93681,14349,883.0,2023-10-13 16:13:45.159307,Defective,1.0,633.05
13971,93687,15439,371.0,2023-12-24 18:36:58.273040,Changed Mind,1.0,121.92
13972,93700,2984,74.0,2023-09-28 12:34:37.813855,Wrong Item,1.0,69.48
13973,93700,2984,168.0,2023-09-04 12:34:37.813855,Wrong Item,1.0,598.25
13974,93700,2984,517.0,2023-09-05 12:34:37.813855,Changed Mind,1.0,73.31
13978,93734,9312,753.0,2023-07-29 02:29:04.066606,Changed Mind,1.0,14.67
13979,93741,5292,554.0,2023-08-23 18:03:29.245426,Wrong Item,1.0,76.28
13980,93741,5292,138.0,2023-09-11 18:03:29.245426,Wrong Item,1.0,130.18
13981,93741,5292,162.0,2023-09-09 18:03:29.245426,Changed Mind,1.0,106.15
13984,93756,11687,626.0,2023-09-20 01:37:41.048412,Changed Mind,1.0,45.93
13985,93756,11687,310.0,2023-10-03 01:37:41.048412,Wrong Item,1.0,179.25
13986,93756,11687,763.0,2023-10-12 01:37:41.048412,Defective,4.0,1100.28
13988,93775,14515,945.0,2023-11-24 11:53:18.871291,Defective,1.0,134.23
13989,93781,17755,800.0,2022-08-03 03:33:25.768902,Changed Mind,1.0,187.96
13990,93781,17755,952.0,2022-08-06 03:33:25.768902,Defective,1.0,1837.2
13992,93795,2208,965.0,2023-03-16 16:15:18.010465,Changed Mind,1.0,41.74
13993,93807,14640,830.0,2023-06-05 03:30:58.039555,Wrong Item,1.0,87.92
13997,93833,14669,829.0,2023-03-04 00:38:36.873767,Changed Mind,1.0,159.57
13998,93833,14669,251.0,2023-02-16 00:38:36.873767,Did not match description,2.0,233.57
13999,93833,14669,146.0,2023-02-24 00:38:36.873767,Did not match description,1.0,104.0
14003,93855,2319,165.0,2024-01-13 04:08:20.772224,Defective,1.0,282.92
14004,93855,2319,713.0,2024-01-02 04:08:20.772224,Changed Mind,3.0,375.56
14007,93887,15461,393.0,2022-05-28 11:18:04.437144,Defective,1.0,32.38
14008,93891,19264,160.0,2023-04-10 02:46:56.908929,Changed Mind,1.0,2459.81
14009,93891,19264,882.0,2023-05-06 02:46:56.908929,Did not match description,1.0,981.35
14010,93891,19264,861.0,2023-05-06 02:46:56.908929,Wrong Item,1.0,201.8
14015,93927,10937,779.0,2023-10-04 19:19:21.008747,Wrong Item,3.0,364.6
14016,93927,10937,689.0,2023-09-29 19:19:21.008747,Defective,2.0,216.06
14017,93940,13891,521.0,2023-09-14 11:19:37.690044,Wrong Item,1.0,69.23
14018,93940,13891,515.0,2023-09-21 11:19:37.690044,Defective,2.0,167.12
14019,93940,13891,540.0,2023-10-11 11:19:37.690044,Wrong Item,1.0,873.72
14020,93941,18051,138.0,2023-10-11 11:47:49.959427,Changed Mind,1.0,130.18
14021,93941,18051,552.0,2023-10-13 11:47:49.959427,Changed Mind,1.0,1742.4
14022,93941,18051,600.0,2023-10-26 11:47:49.959427,Defective,1.0,771.08
14023,93941,18051,455.0,2023-10-12 11:47:49.959427,Did not match description,1.0,357.86
14026,93978,12641,901.0,2023-06-30 20:03:35.323446,Changed Mind,1.0,168.94
14027,93978,12641,106.0,2023-06-29 20:03:35.323446,Wrong Item,1.0,477.86
14028,93978,12641,66.0,2023-07-14 20:03:35.323446,Changed Mind,1.0,300.49
14029,93983,4299,172.0,2023-12-17 00:25:50.685387,Changed Mind,1.0,569.94
14030,93983,4299,823.0,2024-01-04 00:25:50.685387,Wrong Item,4.0,905.28
14031,93983,4299,203.0,2023-12-29 00:25:50.685387,Wrong Item,1.0,315.86
14032,94004,6121,310.0,2023-08-07 15:23:19.696385,Wrong Item,1.0,168.7
14033,94004,6121,454.0,2023-08-16 15:23:19.696385,Did not match description,2.0,4225.5
14034,94004,6121,995.0,2023-08-31 15:23:19.696385,Wrong Item,1.0,288.81
14035,94004,6121,982.0,2023-08-08 15:23:19.696385,Changed Mind,1.0,1975.14
14036,94004,6121,483.0,2023-08-22 15:23:19.696385,Changed Mind,1.0,156.88
14040,94047,15191,987.0,2022-10-16 15:32:07.213542,Defective,1.0,103.53
14041,94047,15191,531.0,2022-10-01 15:32:07.213542,Defective,1.0,2331.94
14042,94050,13810,8.0,2021-12-29 18:06:25.441529,Changed Mind,2.0,532.94
14045,94072,5037,378.0,2022-10-04 21:28:07.685904,Changed Mind,1.0,626.93
14046,94072,5037,431.0,2022-10-09 21:28:07.685904,Did not match description,2.0,924.46
14047,94072,5037,179.0,2022-10-23 21:28:07.685904,Wrong Item,1.0,224.07
14048,94072,5037,836.0,2022-10-09 21:28:07.685904,Changed Mind,1.0,920.5
14049,94072,5037,818.0,2022-10-16 21:28:07.685904,Wrong Item,2.0,327.34
14060,94159,12364,393.0,2023-06-26 02:11:50.679717,Defective,1.0,32.38
14062,94199,15655,686.0,2023-03-21 02:30:54.572697,Defective,1.0,1285.64
14063,94199,15655,766.0,2023-03-30 02:30:54.572697,Defective,1.0,276.68
14066,94229,5629,336.0,2023-08-17 15:04:23.871324,Wrong Item,5.0,1114.1
14067,94229,5629,964.0,2023-08-13 15:04:23.871324,Changed Mind,1.0,136.44
14068,94229,5629,764.0,2023-08-13 15:04:23.871324,Wrong Item,1.0,151.12
14069,94248,18047,739.0,2023-04-26 03:58:41.868129,Defective,3.0,764.34
14074,94251,12702,370.0,2021-04-12 14:51:04.889083,Wrong Item,1.0,142.18
14075,94251,12702,357.0,2021-04-19 14:51:04.889083,Did not match description,1.0,64.37
14076,94255,5913,739.0,2023-09-08 22:00:44.894462,Did not match description,1.0,254.78
14077,94255,5913,301.0,2023-09-01 22:00:44.894462,Did not match description,1.0,370.41
14078,94261,9316,513.0,2022-07-23 18:59:14.180897,Wrong Item,1.0,152.56
14079,94261,9316,923.0,2022-08-19 18:59:14.180897,Did not match description,2.0,797.74
14084,94298,1780,251.0,2024-01-18 04:38:17.588328,Wrong Item,1.0,129.76
14085,94298,1780,781.0,2024-01-24 04:38:17.588328,Changed Mind,3.0,568.7
14086,94298,1780,834.0,2024-01-08 04:38:17.588328,Did not match description,2.0,658.12
14088,94305,6380,570.0,2023-07-12 17:21:48.838444,Changed Mind,1.0,212.05
14097,94355,254,777.0,2023-01-23 06:01:42.497642,Did not match description,1.0,201.34
14101,94403,17264,668.0,2023-05-16 12:58:04.688484,Did not match description,4.0,345.86
14104,94411,9948,447.0,2022-10-15 12:47:26.143089,Changed Mind,2.0,454.19
14105,94411,9948,721.0,2022-10-17 12:47:26.143089,Wrong Item,1.0,305.69
14112,94453,2839,568.0,2023-01-01 20:17:34.985931,Did not match description,1.0,224.04
14115,94490,13444,899.0,2022-06-30 17:36:40.783634,Changed Mind,1.0,137.91
14116,94490,13444,415.0,2022-07-14 17:36:40.783634,Defective,1.0,538.3
14117,94520,13423,478.0,2023-05-09 11:13:55.707027,Did not match description,2.0,381.8
14118,94520,13423,610.0,2023-05-17 11:13:55.707027,Defective,5.0,2416.44
14119,94536,8270,141.0,2021-08-22 14:09:43.991583,Defective,1.0,31.24
14120,94536,8270,144.0,2021-08-18 14:09:43.991583,Wrong Item,1.0,68.03
14121,94536,8270,739.0,2021-08-30 14:09:43.991583,Wrong Item,1.0,254.78
14122,94536,8270,891.0,2021-08-10 14:09:43.991583,Defective,1.0,734.44
14123,94538,13780,24.0,2023-09-11 09:09:18.835819,Defective,2.0,123.26
14126,94548,9238,544.0,2022-09-04 21:58:27.891691,Defective,2.0,2705.08
14127,94548,9238,91.0,2022-09-12 21:58:27.891691,Wrong Item,1.0,526.84
14128,94548,9238,273.0,2022-09-23 21:58:27.891691,Did not match description,1.0,150.98
14129,94548,9238,307.0,2022-09-05 21:58:27.891691,Changed Mind,1.0,147.23
14130,94548,9238,915.0,2022-09-11 21:58:27.891691,Defective,3.0,6849.42
14134,94590,9260,792.0,2024-01-18 04:24:29.169131,Defective,1.0,1412.94
14143,94660,6461,949.0,2023-03-31 05:40:32.017590,Wrong Item,1.0,169.99
14144,94660,6461,203.0,2023-03-28 05:40:32.017590,Defective,1.0,315.86
14146,94702,6565,589.0,2024-01-18 19:03:51.789580,Did not match description,1.0,141.29
14147,94702,6565,653.0,2024-01-13 19:03:51.789580,Did not match description,1.0,240.29
14153,94742,5236,931.0,2023-06-20 16:05:09.904586,Wrong Item,3.0,136.26
14154,94742,5236,82.0,2023-06-18 16:05:09.904586,Wrong Item,1.0,488.79
14155,94742,5236,598.0,2023-06-02 16:05:09.904586,Defective,1.0,778.22
14156,94749,17500,252.0,2023-02-19 10:50:03.996231,Changed Mind,1.0,213.91
14157,94749,17500,779.0,2023-03-18 10:50:03.996231,Changed Mind,2.0,285.96
14158,94753,18499,291.0,2023-08-25 19:17:40.915947,Defective,1.0,76.08
14161,94788,125,478.0,2023-12-20 20:52:50.309778,Did not match description,3.0,572.7
14164,94825,12023,498.0,2022-09-01 09:44:20.725499,Defective,4.0,1338.02
14170,94884,12462,640.0,2023-08-16 01:57:50.541130,Changed Mind,1.0,960.89
14171,94884,12462,556.0,2023-08-17 01:57:50.541130,Defective,1.0,144.49
14174,94915,18205,213.0,2021-12-30 11:44:44.527179,Wrong Item,1.0,238.81
14175,94915,18205,197.0,2021-12-23 11:44:44.527179,Changed Mind,2.0,762.96
14179,94977,10037,596.0,2022-03-30 21:37:03.629519,Did not match description,1.0,207.53
14181,94982,18853,411.0,2022-09-09 00:21:38.098495,Defective,1.0,308.03
14184,94988,8479,568.0,2023-10-18 01:58:27.708831,Changed Mind,1.0,201.64
14186,95009,1683,815.0,2023-03-11 21:22:34.046455,Did not match description,5.0,982.9
14187,95009,1683,638.0,2023-03-10 21:22:34.046455,Wrong Item,1.0,39.72
14188,95021,15584,931.0,2024-01-06 06:02:59.295810,Did not match description,1.0,45.42
14192,95078,7933,945.0,2023-05-19 05:20:26.850653,Defective,2.0,228.19
14195,95084,12358,693.0,2024-01-26 01:51:58.659090,Changed Mind,1.0,53.97
14197,95097,12790,753.0,2023-08-04 07:42:12.950383,Wrong Item,1.0,14.67
14199,95127,3231,80.0,2021-12-20 11:06:29.148998,Wrong Item,1.0,174.4
14200,95135,12918,408.0,2023-08-19 09:40:22.391922,Did not match description,1.0,147.94
14201,95167,3544,883.0,2023-12-05 01:38:45.082097,Wrong Item,1.0,633.05
14202,95167,3544,80.0,2023-12-24 01:38:45.082097,Defective,1.0,174.4
14203,95167,3544,843.0,2023-12-19 01:38:45.082097,Changed Mind,3.0,1634.07
14207,95214,8214,115.0,2023-12-21 23:21:54.476003,Wrong Item,1.0,141.54
14208,95214,8214,280.0,2023-12-20 23:21:54.476003,Changed Mind,1.0,779.11
14209,95214,8214,299.0,2023-12-10 23:21:54.476003,Did not match description,2.0,2284.02
14211,95235,19400,154.0,2022-08-04 04:31:53.207422,Wrong Item,2.0,237.7
14212,95235,19400,357.0,2022-08-03 04:31:53.207422,Defective,1.0,64.37
14213,95242,17392,257.0,2022-12-23 03:55:15.803194,Changed Mind,1.0,127.43
14214,95242,17392,475.0,2023-01-03 03:55:15.803194,Wrong Item,1.0,419.27
14215,95278,11553,871.0,2022-03-28 14:54:53.032636,Defective,1.0,110.32
14216,95278,11553,612.0,2022-03-16 14:54:53.032636,Changed Mind,1.0,205.3
14217,95278,11553,496.0,2022-04-02 14:54:53.032636,Did not match description,3.0,1021.95
14231,95377,17679,284.0,2023-10-20 07:56:36.225235,Did not match description,1.0,227.54
14232,95377,17679,636.0,2023-10-31 07:56:36.225235,Did not match description,1.0,218.48
14233,95377,17679,593.0,2023-10-11 07:56:36.225235,Wrong Item,1.0,910.47
14234,95395,6615,761.0,2023-10-20 14:37:17.144523,Changed Mind,1.0,1496.3
14235,95395,6615,725.0,2023-10-18 14:37:17.144523,Did not match description,1.0,39.93
14236,95395,6615,770.0,2023-10-01 14:37:17.144523,Wrong Item,1.0,10.09
14237,95429,1632,810.0,2022-01-20 22:15:02.114929,Wrong Item,1.0,108.56
14238,95430,11813,739.0,2022-05-09 20:33:06.815311,Changed Mind,1.0,254.78
14243,95471,13117,199.0,2023-12-15 09:35:06.466477,Did not match description,2.0,430.08
14244,95471,13117,370.0,2023-12-30 09:35:06.466477,Wrong Item,1.0,142.18
14245,95473,17323,173.0,2023-09-02 21:08:24.827740,Wrong Item,1.0,1010.52
14246,95473,17323,423.0,2023-09-03 21:08:24.827740,Did not match description,1.0,532.21
14247,95473,17323,448.0,2023-09-08 21:08:24.827740,Defective,4.0,3099.97
14248,95473,17323,554.0,2023-09-04 21:08:24.827740,Did not match description,1.0,76.28
14249,95478,19491,103.0,2023-12-26 19:09:07.189478,Changed Mind,2.0,480.64
14250,95478,19491,69.0,2023-12-27 19:09:07.189478,Did not match description,2.0,450.44
14251,95478,19491,521.0,2024-01-06 19:09:07.189478,Defective,1.0,69.23
14252,95488,704,937.0,2022-09-24 18:01:33.279983,Changed Mind,5.0,6380.35
14253,95488,704,286.0,2022-10-04 18:01:33.279983,Wrong Item,2.0,2834.82
14254,95488,704,762.0,2022-09-26 18:01:33.279983,Defective,1.0,111.64
14260,95534,16477,175.0,2023-12-03 05:45:32.708352,Changed Mind,1.0,125.97
14261,95541,3725,307.0,2023-12-31 01:36:40.474828,Changed Mind,1.0,117.78
14262,95541,3725,452.0,2023-12-17 01:36:40.474828,Changed Mind,1.0,1940.3
14263,95541,3725,442.0,2024-01-03 01:36:40.474828,Did not match description,1.0,248.9
14264,95541,3725,700.0,2023-12-31 01:36:40.474828,Wrong Item,2.0,629.9
14265,95541,3725,467.0,2024-01-10 01:36:40.474828,Changed Mind,4.0,4329.72
14270,95562,6134,45.0,2022-04-30 07:29:27.298521,Changed Mind,1.0,157.52
14275,95573,5641,445.0,2023-09-28 19:08:54.461023,Did not match description,1.0,138.05
14276,95575,12573,1000.0,2023-05-06 19:05:09.444503,Did not match description,5.0,685.35
14277,95575,12573,941.0,2023-05-11 19:05:09.444503,Wrong Item,1.0,238.84
14278,95575,12573,281.0,2023-04-22 19:05:09.444503,Wrong Item,1.0,501.58
14282,95634,19664,188.0,2023-03-30 07:36:06.454736,Wrong Item,3.0,306.75
14283,95634,19664,356.0,2023-03-19 07:36:06.454736,Changed Mind,1.0,226.29
14284,95634,19664,449.0,2023-03-19 07:36:06.454736,Wrong Item,1.0,134.22
14285,95634,19664,191.0,2023-03-23 07:36:06.454736,Defective,2.0,2256.1
14286,95649,2639,354.0,2022-06-07 19:01:05.720285,Did not match description,2.0,3174.86
14287,95649,2639,576.0,2022-06-19 19:01:05.720285,Changed Mind,1.0,43.84
14288,95649,2639,729.0,2022-06-19 19:01:05.720285,Defective,2.0,448.36
14289,95649,2639,936.0,2022-06-24 19:01:05.720285,Did not match description,1.0,1421.2
14290,95659,5427,894.0,2022-02-21 04:18:03.397770,Defective,1.0,199.5
14291,95659,5427,913.0,2022-02-18 04:18:03.397770,Defective,1.0,466.27
14292,95659,5427,781.0,2022-03-03 04:18:03.397770,Did not match description,1.0,189.57
14293,95659,5427,518.0,2022-02-14 04:18:03.397770,Did not match description,1.0,513.81
14294,95659,5427,905.0,2022-02-11 04:18:03.397770,Wrong Item,1.0,119.45
14295,95671,12205,504.0,2023-01-09 14:26:51.842303,Did not match description,1.0,324.93
14296,95672,955,300.0,2023-07-08 14:58:57.311478,Changed Mind,1.0,606.34
14297,95672,955,164.0,2023-07-13 14:58:57.311478,Did not match description,1.0,169.84
14300,95702,5772,173.0,2023-03-25 10:08:03.305320,Changed Mind,1.0,1010.52
14302,95712,238,73.0,2023-12-29 05:58:21.097085,Wrong Item,1.0,1445.74
14303,95712,238,834.0,2023-12-24 05:58:21.097085,Wrong Item,3.0,888.46
14304,95712,238,427.0,2024-01-09 05:58:21.097085,Wrong Item,1.0,104.82
14309,95764,17417,362.0,2023-10-27 17:29:47.721443,Defective,1.0,288.73
14314,95791,9695,63.0,2023-07-28 08:54:57.845632,Did not match description,4.0,6657.04
14315,95803,17247,406.0,2024-01-07 16:47:19.255207,Did not match description,2.0,3976.64
14333,96001,8916,954.0,2024-01-14 18:53:26.371274,Changed Mind,1.0,25.79
14336,96023,17159,65.0,2023-03-25 12:54:40.578228,Wrong Item,1.0,354.38
14340,96053,4272,354.0,2024-01-05 05:57:25.862183,Wrong Item,1.0,1587.43
14341,96053,4272,584.0,2024-01-15 05:57:25.862183,Did not match description,1.0,565.37
14342,96053,4272,521.0,2023-12-27 05:57:25.862183,Defective,1.0,69.23
14343,96053,4272,224.0,2023-12-31 05:57:25.862183,Defective,1.0,286.19
14344,96053,4272,282.0,2024-01-11 05:57:25.862183,Wrong Item,2.0,1355.7
14348,96088,12904,136.0,2024-01-08 21:30:01.066414,Defective,1.0,523.56
14349,96088,12904,175.0,2024-01-16 21:30:01.066414,Changed Mind,1.0,148.2
14350,96088,12904,399.0,2023-12-28 21:30:01.066414,Did not match description,5.0,3966.5
14352,96108,6778,643.0,2023-01-31 11:26:42.013059,Did not match description,2.0,515.93
14361,96144,1460,576.0,2023-03-18 01:00:23.090525,Wrong Item,1.0,37.26
14362,96144,1460,657.0,2023-03-29 01:00:23.090525,Changed Mind,2.0,1602.58
14365,96155,5007,128.0,2023-11-05 04:15:51.035953,Did not match description,1.0,1462.17
14366,96155,5007,397.0,2023-10-21 04:15:51.035953,Wrong Item,1.0,169.08
14367,96155,5007,758.0,2023-10-22 04:15:51.035953,Changed Mind,1.0,188.03
14368,96165,3515,92.0,2022-06-13 05:58:33.224356,Changed Mind,1.0,325.85
14369,96169,18677,164.0,2023-05-22 05:41:01.286280,Did not match description,1.0,159.85
14370,96169,18677,216.0,2023-05-10 05:41:01.286280,Wrong Item,1.0,493.19
14375,96192,13362,152.0,2023-12-27 04:29:37.667481,Defective,1.0,540.63
14376,96192,13362,831.0,2023-12-16 04:29:37.667481,Did not match description,1.0,260.58
14379,96216,16397,130.0,2022-08-17 19:15:21.998964,Did not match description,1.0,67.85
14380,96216,16397,656.0,2022-08-24 19:15:21.998964,Changed Mind,1.0,145.07
14382,96243,4775,832.0,2022-01-13 21:06:55.346464,Wrong Item,1.0,104.55
14383,96243,4775,759.0,2022-01-15 21:06:55.346464,Did not match description,2.0,172.66
14385,96257,4437,498.0,2023-09-24 01:11:01.842901,Defective,1.0,355.41
14393,96334,14543,353.0,2023-09-13 05:32:37.308591,Changed Mind,1.0,101.23
14395,96363,9744,972.0,2023-08-05 05:14:41.320732,Wrong Item,2.0,142.04
14398,96423,7528,505.0,2023-06-27 11:09:55.063986,Changed Mind,1.0,141.58
14402,96443,10227,434.0,2022-07-14 14:20:24.047007,Defective,4.0,4574.44
14403,96443,10227,279.0,2022-07-09 14:20:24.047007,Changed Mind,2.0,1914.93
14404,96443,10227,576.0,2022-07-29 14:20:24.047007,Did not match description,1.0,43.84
14405,96467,12465,161.0,2023-05-01 17:02:04.337111,Did not match description,1.0,698.16
14406,96467,12465,643.0,2023-04-27 17:02:04.337111,Defective,2.0,487.27
14407,96467,12465,764.0,2023-05-03 17:02:04.337111,Did not match description,4.0,604.48
14408,96472,6188,700.0,2023-11-04 01:33:59.118424,Defective,2.0,629.9
14409,96485,5627,763.0,2023-02-25 21:22:30.532626,Did not match description,2.0,550.14
14410,96485,5627,129.0,2023-02-23 21:22:30.532626,Did not match description,2.0,498.58
14411,96485,5627,586.0,2023-02-09 21:22:30.532626,Changed Mind,1.0,87.34
14412,96485,5627,636.0,2023-02-06 21:22:30.532626,Defective,1.0,273.1
14414,96495,1051,713.0,2023-10-14 09:30:29.093880,Did not match description,2.0,294.56
14415,96495,1051,446.0,2023-10-10 09:30:29.093880,Wrong Item,1.0,353.94
14416,96533,12043,873.0,2023-06-03 18:43:51.514070,Changed Mind,1.0,146.33
14417,96561,1186,784.0,2023-05-01 13:44:06.530163,Wrong Item,1.0,733.22
14418,96561,1186,491.0,2023-05-12 13:44:06.530163,Wrong Item,1.0,2022.41
14419,96561,1186,611.0,2023-04-24 13:44:06.530163,Defective,1.0,55.13
14420,96571,10629,987.0,2024-01-24 19:51:11.067089,Did not match description,1.0,93.18
14424,96594,14909,192.0,2023-06-12 17:20:40.441302,Did not match description,1.0,245.32
14425,96594,14909,549.0,2023-06-05 17:20:40.441302,Defective,2.0,426.1
14426,96594,14909,570.0,2023-06-01 17:20:40.441302,Did not match description,1.0,212.05
14431,96674,3333,220.0,2023-12-17 12:11:44.031960,Did not match description,1.0,188.09
14432,96674,3333,211.0,2023-11-30 12:11:44.031960,Wrong Item,1.0,225.61
14433,96680,3086,151.0,2023-10-03 04:34:18.684148,Defective,1.0,185.26
14439,96732,13907,752.0,2022-11-17 08:30:59.727633,Did not match description,2.0,2979.08
14440,96732,13907,760.0,2022-11-16 08:30:59.727633,Defective,1.0,127.78
14441,96732,13907,736.0,2022-11-13 08:30:59.727633,Defective,1.0,341.5
14445,96794,14495,893.0,2023-11-29 17:49:32.022252,Changed Mind,1.0,137.3
14447,96804,13438,370.0,2023-07-12 03:17:02.976980,Wrong Item,1.0,127.96
14457,96865,14248,8.0,2021-06-04 16:34:38.960191,Defective,1.0,266.47
14462,96916,15590,944.0,2023-12-16 06:44:56.504447,Defective,1.0,1248.68
14463,96916,15590,203.0,2023-12-22 06:44:56.504447,Defective,2.0,631.72
14464,96923,17529,883.0,2023-10-23 15:31:47.057261,Did not match description,1.0,633.05
14465,96923,17529,367.0,2023-10-23 15:31:47.057261,Wrong Item,4.0,1482.02
14466,96923,17529,858.0,2023-10-16 15:31:47.057261,Did not match description,1.0,344.13
14473,96967,6885,329.0,2023-11-21 05:16:42.214078,Defective,1.0,64.98
14474,96967,6885,813.0,2023-11-18 05:16:42.214078,Defective,1.0,147.5
14475,96967,6885,102.0,2023-12-04 05:16:42.214078,Wrong Item,1.0,1366.69
14476,96967,6885,627.0,2023-12-01 05:16:42.214078,Did not match description,4.0,155.81
14482,97003,18341,192.0,2023-11-25 06:48:35.213394,Did not match description,1.0,245.32
14483,97003,18341,903.0,2023-11-18 06:48:35.213394,Changed Mind,1.0,1470.13
14485,97008,1392,844.0,2023-07-18 09:15:31.228087,Defective,1.0,426.71
14486,97014,3021,632.0,2023-10-15 21:02:39.903815,Did not match description,1.0,1818.78
14487,97024,4830,579.0,2022-08-04 21:33:53.406100,Wrong Item,2.0,843.12
14488,97024,4830,931.0,2022-08-27 21:33:53.406100,Defective,4.0,154.43
14489,97024,4830,145.0,2022-08-04 21:33:53.406100,Defective,2.0,242.04
14490,97024,4830,572.0,2022-08-13 21:33:53.406100,Changed Mind,3.0,3853.47
14498,97094,9044,749.0,2023-03-31 11:12:07.733430,Changed Mind,1.0,1496.74
14499,97094,9044,71.0,2023-04-16 11:12:07.733430,Defective,4.0,4161.32
14500,97094,9044,760.0,2023-04-18 11:12:07.733430,Did not match description,1.0,127.78
14501,97094,9044,309.0,2023-04-03 11:12:07.733430,Wrong Item,1.0,144.32
14506,97207,7132,266.0,2022-12-07 11:17:29.579497,Did not match description,1.0,231.16
14507,97225,14045,45.0,2023-11-21 20:22:07.777103,Did not match description,1.0,126.02
14508,97225,14045,671.0,2023-11-14 20:22:07.777103,Did not match description,1.0,229.06
14509,97230,11424,24.0,2023-07-25 20:41:08.528186,Wrong Item,1.0,61.63
14511,97280,15873,151.0,2023-11-03 06:42:22.805808,Did not match description,1.0,185.26
14512,97284,12696,393.0,2023-05-25 18:47:10.832427,Defective,1.0,32.38
14513,97296,18303,88.0,2023-09-18 09:12:48.312315,Wrong Item,1.0,158.09
14514,97296,18303,346.0,2023-09-13 09:12:48.312315,Defective,1.0,117.47
14515,97296,18303,192.0,2023-09-16 09:12:48.312315,Changed Mind,1.0,220.79
14516,97306,2009,558.0,2023-06-06 17:21:27.470665,Defective,1.0,386.45
14521,97321,5268,479.0,2023-09-30 17:27:34.995070,Wrong Item,1.0,168.89
14522,97321,5268,883.0,2023-10-06 17:27:34.995070,Defective,1.0,633.05
14523,97321,5268,959.0,2023-10-15 17:27:34.995070,Did not match description,1.0,103.85
14524,97321,5268,406.0,2023-10-05 17:27:34.995070,Changed Mind,3.0,5964.96
14525,97321,5268,546.0,2023-10-11 17:27:34.995070,Changed Mind,3.0,686.16
14526,97342,12086,357.0,2023-12-03 19:30:50.842152,Did not match description,2.0,128.74
14527,97342,12086,443.0,2023-12-22 19:30:50.842152,Changed Mind,1.0,1358.16
14528,97342,12086,339.0,2023-12-09 19:30:50.842152,Changed Mind,2.0,879.51
14529,97342,12086,585.0,2023-12-15 19:30:50.842152,Wrong Item,1.0,164.05
14530,97350,18593,802.0,2023-07-09 01:43:01.899543,Did not match description,2.0,120.08
14534,97397,3565,894.0,2023-10-11 01:20:31.017898,Did not match description,1.0,221.67
14539,97412,10150,487.0,2023-02-06 14:12:16.026604,Did not match description,1.0,143.32
14549,97487,7070,728.0,2023-12-26 03:40:58.628933,Did not match description,1.0,420.78
14550,97487,7070,324.0,2023-12-18 03:40:58.628933,Changed Mind,1.0,180.49
14551,97530,4062,362.0,2023-11-18 13:27:14.093531,Did not match description,3.0,866.19
14552,97541,13473,245.0,2023-06-05 21:07:37.385964,Changed Mind,1.0,83.47
14553,97541,13473,133.0,2023-06-15 21:07:37.385964,Defective,2.0,1277.4
14554,97541,13473,154.0,2023-06-02 21:07:37.385964,Did not match description,1.0,118.85
14560,97582,2560,963.0,2023-11-23 18:45:08.670815,Defective,1.0,290.28
14561,97585,7035,781.0,2023-05-26 16:08:27.626903,Changed Mind,2.0,337.01
14562,97607,9456,288.0,2022-03-03 12:02:46.341650,Defective,1.0,1148.44
14563,97607,9456,86.0,2022-03-12 12:02:46.341650,Changed Mind,1.0,190.33
14564,97610,19403,467.0,2023-12-19 03:32:20.600622,Defective,1.0,1082.43
14568,97625,14711,229.0,2024-01-06 15:11:05.497289,Did not match description,5.0,3830.9
14569,97625,14711,781.0,2024-01-24 15:11:05.497289,Changed Mind,2.0,337.01
14572,97660,4942,740.0,2022-07-26 19:28:07.360068,Defective,1.0,185.27
14573,97660,4942,875.0,2022-07-13 19:28:07.360068,Defective,1.0,623.11
14574,97660,4942,362.0,2022-07-08 19:28:07.360068,Did not match description,1.0,288.73
14579,97682,766,436.0,2022-09-01 11:09:45.935174,Defective,1.0,136.55
14582,97713,17009,921.0,2023-03-08 20:38:11.817936,Changed Mind,1.0,240.0
14583,97713,17009,145.0,2023-02-12 20:38:11.817936,Changed Mind,2.0,242.04
14584,97713,17009,192.0,2023-03-03 20:38:11.817936,Changed Mind,1.0,245.32
14587,97726,666,911.0,2023-09-01 11:45:12.979568,Did not match description,3.0,1012.68
14588,97726,666,705.0,2023-08-22 11:45:12.979568,Did not match description,1.0,65.45
14589,97726,666,972.0,2023-08-27 11:45:12.979568,Defective,1.0,71.02
14593,97786,17043,325.0,2021-11-02 20:42:09.503999,Did not match description,1.0,243.72
14594,97786,17043,485.0,2021-10-25 20:42:09.503999,Changed Mind,1.0,485.48
14595,97794,17200,417.0,2023-06-09 20:00:24.642699,Wrong Item,1.0,98.94
14596,97794,17200,488.0,2023-06-02 20:00:24.642699,Did not match description,1.0,241.71
14612,97921,12058,441.0,2023-04-22 01:34:01.078759,Did not match description,1.0,229.2
14613,97921,12058,589.0,2023-04-19 01:34:01.078759,Defective,5.0,706.45
14615,97923,14543,762.0,2021-12-10 20:53:49.054777,Changed Mind,1.0,131.34
14616,97926,12014,836.0,2022-10-03 03:44:33.243299,Defective,1.0,1022.78
14617,97926,12014,449.0,2022-09-18 03:44:33.243299,Did not match description,2.0,253.52
14621,97979,698,614.0,2023-10-02 12:11:14.391605,Changed Mind,2.0,64.68
14622,97979,698,836.0,2023-09-19 12:11:14.391605,Did not match description,1.0,1022.78
14623,97979,698,684.0,2023-09-23 12:11:14.391605,Defective,2.0,569.22
14624,97979,698,458.0,2023-10-01 12:11:14.391605,Wrong Item,1.0,103.0
14628,98038,11176,561.0,2022-09-04 11:00:20.423704,Defective,3.0,1311.1
14629,98038,11176,154.0,2022-09-19 11:00:20.423704,Defective,1.0,118.85
14639,98210,13488,813.0,2023-06-24 06:27:27.887403,Wrong Item,1.0,147.5
14640,98210,13488,796.0,2023-06-27 06:27:27.887403,Wrong Item,2.0,230.74
14643,98239,1364,218.0,2022-06-12 12:34:20.313603,Defective,1.0,188.34
14645,98298,4237,55.0,2023-12-03 12:13:45.266621,Changed Mind,2.0,410.34
14646,98298,4237,866.0,2023-12-19 12:13:45.266621,Defective,1.0,301.62
14647,98300,7805,458.0,2021-03-17 02:43:21.711342,Defective,1.0,114.45
14650,98315,13741,361.0,2023-08-30 09:38:23.519257,Did not match description,4.0,310.76
14651,98315,13741,814.0,2023-08-14 09:38:23.519257,Wrong Item,1.0,91.55
14652,98331,12098,339.0,2021-08-19 04:18:01.262915,Changed Mind,4.0,1862.5
14653,98331,12098,513.0,2021-08-08 04:18:01.262915,Defective,1.0,179.48
14661,98435,16593,664.0,2023-11-04 23:14:41.319532,Did not match description,1.0,597.81
14662,98435,16593,860.0,2023-11-09 23:14:41.319532,Wrong Item,1.0,220.15
14663,98435,16593,879.0,2023-11-02 23:14:41.319532,Wrong Item,1.0,1529.95
14665,98449,1166,46.0,2023-02-19 21:01:56.525910,Did not match description,1.0,94.25
14666,98452,18435,618.0,2023-06-22 14:59:37.066889,Defective,2.0,356.36
14667,98454,13627,402.0,2023-03-06 08:41:18.700172,Defective,1.0,1582.28
14668,98454,13627,505.0,2023-03-27 08:41:18.700172,Wrong Item,1.0,141.58
14669,98454,13627,517.0,2023-03-21 08:41:18.700172,Wrong Item,1.0,73.31
14670,98454,13627,674.0,2023-03-16 08:41:18.700172,Changed Mind,1.0,250.91
14671,98454,13627,518.0,2023-04-02 08:41:18.700172,Defective,1.0,570.9
14676,98509,18593,737.0,2023-05-29 21:11:06.885994,Wrong Item,1.0,349.37
14683,98543,2634,860.0,2023-12-02 22:46:16.706764,Changed Mind,5.0,1100.75
14688,98604,14299,576.0,2022-10-30 16:43:34.795962,Changed Mind,1.0,43.84
14689,98611,8792,217.0,2024-01-20 09:19:03.032242,Wrong Item,3.0,3520.61
14690,98611,8792,300.0,2024-01-09 09:19:03.032242,Defective,1.0,757.93
14691,98611,8792,335.0,2024-01-06 09:19:03.032242,Wrong Item,1.0,574.23
14692,98611,8792,889.0,2023-12-29 09:19:03.032242,Defective,1.0,25.62
14697,98643,1087,441.0,2023-09-30 23:58:58.282428,Changed Mind,2.0,458.4
14698,98643,1087,348.0,2023-10-04 23:58:58.282428,Did not match description,1.0,1147.28
14700,98685,15282,841.0,2023-08-23 03:08:22.996959,Wrong Item,1.0,88.74
14701,98685,15282,363.0,2023-09-04 03:08:22.996959,Did not match description,1.0,246.31
14702,98688,12146,69.0,2022-10-25 20:13:35.652998,Changed Mind,1.0,225.22
14703,98688,12146,49.0,2022-11-04 20:13:35.652998,Changed Mind,1.0,248.92
14705,98724,17000,779.0,2023-05-05 15:27:59.849634,Defective,5.0,714.9
14707,98754,3536,720.0,2023-09-25 15:41:06.809057,Did not match description,1.0,1266.55
14708,98754,3536,505.0,2023-10-06 15:41:06.809057,Did not match description,1.0,127.42
14714,98791,8096,487.0,2023-06-26 10:38:31.290234,Defective,3.0,429.96
14719,98825,14101,954.0,2023-11-28 05:17:24.184190,Defective,4.0,103.16
14722,98847,2944,957.0,2023-07-18 13:39:45.452929,Changed Mind,1.0,106.92
14723,98847,2944,290.0,2023-07-14 13:39:45.452929,Defective,3.0,344.73
14724,98847,2944,287.0,2023-07-20 13:39:45.452929,Changed Mind,1.0,37.62
14743,98986,4349,201.0,2023-10-19 05:41:24.045974,Defective,3.0,277.68
14744,98986,4349,617.0,2023-10-26 05:41:24.045974,Defective,1.0,284.77
14745,98986,4349,899.0,2023-10-25 05:41:24.045974,Defective,1.0,137.91
14746,98986,4349,815.0,2023-10-22 05:41:24.045974,Changed Mind,1.0,167.09
14757,99066,19675,354.0,2023-10-28 09:41:34.970443,Wrong Item,1.0,1587.43
14759,99081,10920,433.0,2024-01-08 12:21:32.933974,Wrong Item,1.0,279.86
14761,99098,4228,576.0,2024-01-11 16:28:34.246072,Did not match description,4.0,140.29
14771,99225,10447,449.0,2023-12-16 10:29:08.387763,Defective,2.0,298.26
14772,99235,11443,56.0,2023-08-10 10:42:22.929346,Did not match description,1.0,64.01
14773,99235,11443,108.0,2023-08-20 10:42:22.929346,Did not match description,1.0,2131.29
14775,99251,17487,173.0,2023-08-18 07:25:51.422447,Did not match description,1.0,1010.52
14776,99251,17487,953.0,2023-08-16 07:25:51.422447,Changed Mind,1.0,127.64
14777,99251,17487,637.0,2023-08-07 07:25:51.422447,Wrong Item,1.0,515.27
14778,99251,17487,426.0,2023-08-16 07:25:51.422447,Changed Mind,3.0,5483.67
14779,99255,5815,399.0,2022-11-10 10:18:03.500822,Changed Mind,1.0,793.3
14780,99255,5815,164.0,2022-10-31 10:18:03.500822,Wrong Item,1.0,159.85
14781,99255,5815,992.0,2022-11-26 10:18:03.500822,Defective,2.0,3008.08
14783,99338,5380,753.0,2022-09-08 02:49:59.408785,Changed Mind,1.0,14.67
14784,99338,5380,956.0,2022-08-18 02:49:59.408785,Did not match description,1.0,210.16
14785,99338,5380,46.0,2022-09-09 02:49:59.408785,Did not match description,1.0,80.11
14786,99338,5380,688.0,2022-08-26 02:49:59.408785,Changed Mind,1.0,127.8
14787,99338,5380,836.0,2022-08-16 02:49:59.408785,Changed Mind,1.0,1022.78
14789,99351,4497,784.0,2023-12-27 07:09:11.929424,Did not match description,1.0,586.58
14790,99351,4497,990.0,2024-01-03 07:09:11.929424,Wrong Item,2.0,211.3
14792,99392,5227,684.0,2023-12-03 17:23:52.252728,Changed Mind,1.0,284.61
14793,99392,5227,997.0,2023-11-23 17:23:52.252728,Changed Mind,1.0,1418.64
14794,99392,5227,52.0,2023-11-20 17:23:52.252728,Changed Mind,1.0,208.42
14795,99401,14792,894.0,2022-11-08 09:48:47.790160,Did not match description,3.0,565.26
14796,99401,14792,21.0,2022-11-19 09:48:47.790160,Defective,1.0,1482.59
14797,99401,14792,38.0,2022-11-12 09:48:47.790160,Defective,2.0,327.52
14798,99401,14792,321.0,2022-11-14 09:48:47.790160,Changed Mind,1.0,903.32
14799,99401,14792,85.0,2022-11-28 09:48:47.790160,Did not match description,3.0,1040.1
14800,99406,14321,18.0,2022-02-12 21:45:59.392767,Changed Mind,4.0,89.82
14801,99406,14321,800.0,2022-02-14 21:45:59.392767,Wrong Item,4.0,751.84
14802,99406,14321,490.0,2022-02-22 21:45:59.392767,Did not match description,1.0,16.09
14807,99460,2275,24.0,2022-08-28 23:40:54.774820,Did not match description,1.0,55.47
14812,99569,4981,803.0,2024-01-15 18:07:22.469957,Changed Mind,1.0,332.24
14813,99569,4981,877.0,2024-01-09 18:07:22.469957,Changed Mind,1.0,197.18
14837,99686,5891,203.0,2023-01-20 22:46:25.016813,Did not match description,1.0,315.86
14838,99687,1695,246.0,2023-04-23 11:49:43.977133,Defective,1.0,300.05
14851,99748,7533,743.0,2023-12-07 02:40:53.163954,Defective,1.0,203.53
14852,99748,7533,453.0,2023-11-18 02:40:53.163954,Did not match description,1.0,155.46
14856,99763,12092,867.0,2022-04-08 17:59:40.581573,Defective,2.0,226.96
14857,99763,12092,502.0,2022-04-06 17:59:40.581573,Did not match description,1.0,600.28
14858,99763,12092,76.0,2022-04-18 17:59:40.581573,Wrong Item,1.0,300.6
14859,99784,2832,770.0,2023-11-07 19:58:50.596206,Changed Mind,3.0,35.61
14861,99792,403,633.0,2023-11-12 07:29:24.007996,Wrong Item,3.0,697.32
14862,99792,403,557.0,2023-10-30 07:29:24.007996,Changed Mind,1.0,329.92
14863,99792,403,408.0,2023-10-28 07:29:24.007996,Changed Mind,1.0,147.94
14864,99792,403,825.0,2023-11-08 07:29:24.007996,Wrong Item,4.0,372.06
14866,99799,11998,65.0,2023-09-01 02:56:47.174431,Wrong Item,1.0,318.94
14867,99799,11998,858.0,2023-09-13 02:56:47.174431,Defective,1.0,344.13
14869,99817,17946,934.0,2024-01-18 15:13:15.129628,Changed Mind,3.0,1812.57
14870,99817,17946,987.0,2024-01-11 15:13:15.129628,Did not match description,3.0,310.59
14874,99844,19950,819.0,2023-04-18 13:31:11.600371,Wrong Item,1.0,185.17
14875,99845,9228,757.0,2023-12-15 08:35:20.025960,Defective,1.0,98.93
14885,99938,4938,629.0,2023-07-14 01:51:36.966391,Did not match description,2.0,416.46
14886,99938,4938,655.0,2023-07-17 01:51:36.966391,Wrong Item,4.0,1310.96
14887,99938,4938,362.0,2023-07-17 01:51:36.966391,Wrong Item,1.0,288.73
14888,99938,4938,548.0,2023-07-25 01:51:36.966391,Wrong Item,1.0,44.94
14889,99938,4938,842.0,2023-08-03 01:51:36.966391,Did not match description,1.0,283.88
14890,99942,15340,246.0,2023-12-20 19:02:10.688774,Did not match description,3.0,1012.66
14891,99942,15340,503.0,2023-12-27 19:02:10.688774,Did not match description,3.0,2124.21
14897,99976,5550,514.0,2023-07-01 01:13:17.416664,Changed Mind,3.0,2376.3
14898,99976,5550,230.0,2023-07-07 01:13:17.416664,Changed Mind,1.0,207.67
14899,99976,5550,428.0,2023-07-22 01:13:17.416664,Defective,2.0,2848.74
14901,99983,7888,901.0,2023-12-01 18:21:10.983024,Defective,1.0,152.05
14902,99983,7888,754.0,2023-11-28 18:21:10.983024,Wrong Item,1.0,692.84
