customer_id,Segment,Cluster,RFM_Score,recency,frequency,monetary
1.0,Loyal Customers,1,4,66,1,104.78
2.0,Lost Customers,1,4,587,1,156.11
3.0,Lost Customers,1,4,709,1,162.43
4.0,Loyal Customers,1,4,165,1,105.53
5.0,Lost Customers,1,4,662,1,89.66
6.0,Loyal Customers,1,4,90,1,123.57
7.0,Loyal Customers,1,4,303,1,108.04
8.0,Loyal Customers,1,4,351,1,185.06
9.0,Potential Loyalists,1,4,444,1,72.21
10.0,Lost Customers,1,4,573,1,50.73
11.0,Potential Loyalists,1,4,503,1,132.81
12.0,Loyal Customers,1,4,100,1,141.91
13.0,Loyal Customers,1,4,339,1,126.22
14.0,Loyal Customers,1,4,209,1,113.5
15.0,Loyal Customers,1,4,1,1,146.82
16.0,Potential Loyalists,1,4,377,1,190.91
17.0,Loyal Customers,1,4,212,1,85.84
18.0,Potential Loyalists,1,4,502,1,170.44
19.0,Loyal Customers,1,4,310,1,185.66
20.0,Lost Customers,1,4,715,1,118.57
21.0,Potential Loyalists,1,4,512,1,111.25
22.0,Potential Loyalists,1,4,524,1,118.86
23.0,Loyal Customers,1,4,267,1,302.62
24.0,Loyal Customers,1,4,190,1,129.67
25.0,Lost Customers,1,4,599,1,109.44
26.0,Lost Customers,1,4,634,1,140.46
27.0,Lost Customers,1,4,693,1,130.58
28.0,Loyal Customers,1,4,328,1,48.16
29.0,Lost Customers,1,4,558,1,101.36
30.0,Potential Loyalists,1,4,394,1,87.23
31.0,Loyal Customers,1,4,341,1,135.95
32.0,Potential Loyalists,1,4,498,1,149.86
33.0,Lost Customers,1,4,717,1,216.76
34.0,Loyal Customers,1,4,337,1,110.2
35.0,Loyal Customers,1,4,295,1,220.66
36.0,Loyal Customers,1,4,136,1,150.23
37.0,Loyal Customers,1,4,349,1,138.61
38.0,Lost Customers,1,4,590,1,103.34
39.0,Potential Loyalists,1,4,370,1,73.05
40.0,Loyal Customers,1,4,80,1,48.59
41.0,Loyal Customers,1,4,337,1,117.78
42.0,Loyal Customers,1,4,359,1,108.41
43.0,Lost Customers,1,4,599,1,134.5
44.0,Loyal Customers,1,4,252,1,109.5
45.0,Potential Loyalists,1,4,452,1,144.37
46.0,Potential Loyalists,1,4,422,1,109.31
47.0,Loyal Customers,1,4,23,1,163.77
48.0,Potential Loyalists,1,4,457,1,139.46
49.0,Loyal Customers,1,4,127,1,159.37
50.0,Loyal Customers,1,4,32,1,111.61
51.0,Loyal Customers,1,4,284,1,152.47
52.0,Lost Customers,1,4,594,1,86.33
53.0,Champions,1,4,168,1,249.7
54.0,Loyal Customers,1,4,1,1,108.83
55.0,Loyal Customers,1,4,96,1,78.76
56.0,Loyal Customers,1,4,302,1,79.35
57.0,Potential Loyalists,1,4,396,1,126.73
58.0,Potential Loyalists,1,4,507,1,117.57
59.0,Potential Loyalists,1,4,534,1,300.02
60.0,Loyal Customers,1,4,117,1,63.87
61.0,Loyal Customers,1,4,34,1,82.7
62.0,Loyal Customers,1,4,256,1,177.23
63.0,Lost Customers,1,4,611,1,105.8
64.0,Potential Loyalists,1,4,447,1,90.99
65.0,Potential Loyalists,1,4,455,1,100.5
66.0,Potential Loyalists,1,4,438,1,85.64
67.0,Lost Customers,1,4,661,1,122.53
68.0,Loyal Customers,1,4,155,1,119.18
69.0,Loyal Customers,1,4,71,1,115.38
70.0,Potential Loyalists,1,4,535,1,88.71
71.0,Potential Loyalists,1,4,409,1,98.5
72.0,Loyal Customers,1,4,90,1,65.6
73.0,Loyal Customers,1,4,185,1,167.65
74.0,Loyal Customers,1,4,2,1,136.87
75.0,Champions,1,4,120,1,172.09
76.0,Loyal Customers,1,4,220,1,105.03
77.0,Lost Customers,1,4,697,1,21.91
78.0,Potential Loyalists,1,4,483,1,143.31
79.0,Loyal Customers,1,4,339,1,99.83
80.0,Potential Loyalists,1,4,485,1,135.24
81.0,Loyal Customers,1,4,330,1,117.75
82.0,Loyal Customers,1,4,357,1,123.91
83.0,Loyal Customers,1,4,20,1,40.3
84.0,Loyal Customers,1,4,4,1,81.6
85.0,Lost Customers,1,4,661,1,106.31
86.0,Loyal Customers,1,4,130,1,119.01
87.0,Loyal Customers,1,4,51,1,118.02
88.0,Loyal Customers,1,4,155,1,125.78
89.0,Loyal Customers,1,4,126,1,71.11
90.0,Potential Loyalists,1,4,537,1,198.71
91.0,Loyal Customers,1,4,283,1,104.78
92.0,Loyal Customers,1,4,233,1,81.32
93.0,Lost Customers,1,4,578,1,120.82
94.0,Potential Loyalists,1,4,436,1,113.23
95.0,Potential Loyalists,1,4,460,1,150.69
96.0,Loyal Customers,1,4,291,1,78.62
97.0,Lost Customers,1,4,632,1,99.05
98.0,Loyal Customers,1,4,130,1,82.27
99.0,Potential Loyalists,1,4,446,1,129.4
100.0,Loyal Customers,1,4,57,1,127.2
101.0,Potential Loyalists,1,4,475,1,88.06
102.0,Lost Customers,1,4,672,1,89.18
103.0,Lost Customers,1,4,571,1,166.92
104.0,Lost Customers,1,4,566,1,131.27
105.0,Lost Customers,1,4,619,1,121.43
106.0,Loyal Customers,1,4,102,1,160.05
107.0,Loyal Customers,1,4,281,1,154.58
108.0,Loyal Customers,1,4,249,1,258.3
109.0,Champions,1,4,29,1,179.42
110.0,Lost Customers,1,4,648,1,112.67
111.0,Lost Customers,1,4,713,1,118.96
112.0,Loyal Customers,1,4,278,1,68.74
113.0,Potential Loyalists,1,4,448,1,155.19
114.0,Champions,1,4,139,1,206.78
115.0,Champions,1,4,18,1,243.23
116.0,Loyal Customers,1,4,348,1,115.53
117.0,Champions,1,4,151,1,180.25
118.0,Loyal Customers,1,4,173,1,103.71
119.0,Champions,1,4,170,1,193.67
120.0,Lost Customers,1,4,622,1,175.62
121.0,Potential Loyalists,1,4,502,1,133.24
122.0,Loyal Customers,1,4,231,1,125.43
123.0,Loyal Customers,1,4,170,1,97.16
124.0,Lost Customers,1,4,633,1,177.75
125.0,Potential Loyalists,1,4,372,1,138.03
126.0,Lost Customers,1,4,635,1,102.92
127.0,Loyal Customers,1,4,329,1,201.46
128.0,Loyal Customers,1,4,275,1,94.57
129.0,Loyal Customers,1,4,71,1,121.99
130.0,Potential Loyalists,1,4,438,1,66.3
131.0,Champions,1,4,74,1,181.68
132.0,Loyal Customers,1,4,200,1,135.47
133.0,Lost Customers,1,4,599,1,227.92
134.0,Lost Customers,1,4,565,1,114.33
135.0,Lost Customers,1,4,718,1,268.22
136.0,Loyal Customers,1,4,119,1,140.02
137.0,Loyal Customers,1,4,328,1,53.3
138.0,Lost Customers,1,4,636,1,65.35
139.0,Champions,1,4,176,1,195.16
140.0,Potential Loyalists,1,4,468,1,84.2
141.0,Loyal Customers,1,4,352,1,60.73
142.0,Lost Customers,1,4,550,1,54.72
143.0,Lost Customers,1,4,625,1,117.27
144.0,Potential Loyalists,1,4,392,1,96.81
145.0,Loyal Customers,1,4,23,1,65.21
146.0,Lost Customers,1,4,585,1,87.99
147.0,Loyal Customers,1,4,123,1,151.64
148.0,Champions,1,4,134,1,213.71
149.0,Potential Loyalists,1,4,506,1,144.75
150.0,Loyal Customers,1,4,311,1,141.63
151.0,Potential Loyalists,1,4,437,1,337.89
152.0,Lost Customers,1,4,572,1,90.21
153.0,Potential Loyalists,1,4,493,1,43.6
154.0,Lost Customers,1,4,668,1,158.35
155.0,Loyal Customers,1,4,343,1,142.2
156.0,Loyal Customers,1,4,167,1,93.43
157.0,Loyal Customers,1,4,302,1,71.84
158.0,Loyal Customers,1,4,307,1,232.51
159.0,Loyal Customers,1,4,271,1,140.78
160.0,Loyal Customers,1,4,337,1,183.56
161.0,Lost Customers,1,4,674,1,108.34
162.0,Lost Customers,1,4,673,1,189.82
163.0,Lost Customers,1,4,719,1,94.41
164.0,Loyal Customers,1,4,328,1,104.36
165.0,Loyal Customers,1,4,130,1,85.55
166.0,Lost Customers,1,4,572,1,106.89
167.0,Lost Customers,1,4,616,1,112.78
168.0,Loyal Customers,1,4,94,1,94.77
169.0,Potential Loyalists,1,4,460,1,99.49
170.0,Lost Customers,1,4,551,1,114.0
171.0,Potential Loyalists,1,4,538,1,119.24
172.0,Champions,1,4,59,1,169.83
173.0,Loyal Customers,1,4,330,1,123.51
174.0,Lost Customers,1,4,607,1,67.68
175.0,Lost Customers,1,4,567,1,125.85
176.0,Potential Loyalists,1,4,452,1,114.74
177.0,Lost Customers,1,4,671,1,81.72
178.0,Loyal Customers,1,4,334,1,142.35
179.0,Potential Loyalists,1,4,450,1,201.12
180.0,Potential Loyalists,1,4,449,1,110.09
181.0,Champions,1,4,130,1,184.32
182.0,Loyal Customers,1,4,103,1,91.11
183.0,Potential Loyalists,1,4,493,1,81.86
184.0,Loyal Customers,1,4,185,1,214.51
185.0,Loyal Customers,1,4,98,1,63.17
186.0,Loyal Customers,1,4,269,1,155.22
187.0,Lost Customers,1,4,718,1,76.43
188.0,Lost Customers,1,4,660,1,86.08
189.0,Loyal Customers,1,4,313,1,162.69
190.0,Loyal Customers,1,4,157,1,148.54
191.0,Loyal Customers,1,4,17,1,80.7
192.0,Lost Customers,1,4,560,1,107.7
193.0,Potential Loyalists,1,4,407,1,108.07
194.0,Loyal Customers,1,4,124,1,129.74
195.0,Potential Loyalists,1,4,447,1,100.7
196.0,Lost Customers,1,4,653,1,135.17
197.0,Loyal Customers,1,4,5,1,151.71
198.0,Loyal Customers,1,4,339,1,153.68
199.0,Loyal Customers,1,4,354,1,113.54
200.0,Loyal Customers,1,4,356,1,79.07
201.0,Lost Customers,1,4,606,1,84.08
202.0,Lost Customers,1,4,559,1,158.24
203.0,Potential Loyalists,1,4,498,1,94.3
204.0,Potential Loyalists,1,4,512,1,127.69
205.0,Loyal Customers,1,4,256,1,130.73
206.0,Potential Loyalists,1,4,404,1,79.36
207.0,Loyal Customers,1,4,224,1,221.68
208.0,Lost Customers,1,4,675,1,126.61
209.0,Loyal Customers,1,4,289,1,123.06
210.0,Potential Loyalists,1,4,454,1,68.22
211.0,Champions,1,4,69,1,168.95
212.0,Potential Loyalists,1,4,475,1,214.73
213.0,Loyal Customers,1,4,253,1,73.14
214.0,Loyal Customers,1,4,301,1,173.66
215.0,Potential Loyalists,1,4,437,1,77.41
216.0,Loyal Customers,1,4,153,1,129.27
217.0,Potential Loyalists,1,4,518,1,89.05
218.0,Potential Loyalists,1,4,471,1,87.05
219.0,Lost Customers,1,4,689,1,145.35
220.0,Loyal Customers,1,4,328,1,69.62
221.0,Loyal Customers,1,4,124,1,136.15
222.0,Lost Customers,1,4,589,1,86.42
223.0,Champions,1,4,115,1,184.41
224.0,Loyal Customers,1,4,333,1,72.33
225.0,Potential Loyalists,1,4,384,1,172.28
226.0,Loyal Customers,1,4,362,1,176.8
227.0,Potential Loyalists,1,4,458,1,54.41
228.0,Loyal Customers,1,4,184,1,77.92
229.0,Potential Loyalists,1,4,459,1,75.55
230.0,Champions,1,4,131,1,180.91
231.0,Champions,1,4,127,1,301.95
232.0,Loyal Customers,1,4,296,1,54.15
233.0,Champions,1,4,143,1,170.18
234.0,Lost Customers,1,4,695,1,58.52
235.0,Potential Loyalists,1,4,427,1,155.82
236.0,Loyal Customers,1,4,318,1,101.56
237.0,Loyal Customers,1,4,345,1,117.79
238.0,Loyal Customers,1,4,226,1,92.88
239.0,Lost Customers,1,4,617,1,77.03
240.0,Loyal Customers,1,4,199,1,107.97
241.0,Loyal Customers,1,4,356,1,51.88
242.0,Loyal Customers,1,4,275,1,74.12
243.0,Lost Customers,1,4,674,1,83.43
244.0,Lost Customers,1,4,556,1,106.44
245.0,Potential Loyalists,1,4,395,1,238.93
246.0,Loyal Customers,1,4,216,1,125.62
247.0,Potential Loyalists,1,4,396,1,167.52
248.0,Potential Loyalists,1,4,533,1,70.79
249.0,Potential Loyalists,1,4,490,1,99.64
250.0,Potential Loyalists,1,4,460,1,105.97
251.0,Loyal Customers,1,4,292,1,141.9
252.0,Lost Customers,1,4,726,1,166.1
253.0,Potential Loyalists,1,4,451,1,160.47
254.0,Loyal Customers,1,4,259,1,114.79
255.0,Potential Loyalists,1,4,495,1,94.88
256.0,Loyal Customers,1,4,56,1,111.5
257.0,Lost Customers,1,4,710,1,223.07
258.0,Loyal Customers,1,4,124,1,131.14
259.0,Loyal Customers,1,4,124,1,77.24
260.0,Lost Customers,1,4,552,1,149.48
261.0,Potential Loyalists,1,4,475,1,112.55
262.0,Loyal Customers,1,4,83,1,140.19
263.0,Lost Customers,1,4,663,1,132.72
264.0,Lost Customers,1,4,673,1,164.59
265.0,Loyal Customers,1,4,274,1,167.83
266.0,Loyal Customers,1,4,206,1,70.18
267.0,Lost Customers,1,4,550,1,115.28
268.0,Lost Customers,1,4,687,1,61.29
269.0,Potential Loyalists,1,4,490,1,213.95
270.0,Lost Customers,1,4,577,1,264.55
271.0,Loyal Customers,1,4,209,1,129.32
272.0,Lost Customers,1,4,599,1,147.31
273.0,Champions,1,4,172,1,171.13
274.0,Loyal Customers,1,4,162,1,65.21
275.0,Potential Loyalists,1,4,421,1,206.67
276.0,Champions,1,4,125,1,227.85
277.0,Loyal Customers,1,4,179,1,121.91
278.0,Loyal Customers,1,4,125,1,87.14
279.0,Loyal Customers,1,4,9,1,132.06
280.0,Lost Customers,1,4,577,1,159.75
281.0,Lost Customers,1,4,686,1,100.17
282.0,Champions,1,4,37,1,190.25
283.0,Lost Customers,1,4,622,1,171.59
284.0,Lost Customers,1,4,701,1,196.72
285.0,Loyal Customers,1,4,100,1,125.37
286.0,Loyal Customers,1,4,129,1,102.68
287.0,Loyal Customers,1,4,340,1,81.19
288.0,Lost Customers,1,4,687,1,116.52
289.0,Loyal Customers,1,4,299,1,104.31
290.0,Potential Loyalists,1,4,487,1,132.35
291.0,Lost Customers,1,4,724,1,123.83
292.0,Potential Loyalists,1,4,509,1,227.46
293.0,Loyal Customers,1,4,301,1,156.58
294.0,Loyal Customers,1,4,40,1,153.61
295.0,Lost Customers,1,4,595,1,143.7
296.0,Lost Customers,1,4,680,1,106.2
297.0,Potential Loyalists,1,4,526,1,158.61
298.0,Loyal Customers,1,4,120,1,131.62
299.0,Loyal Customers,1,4,140,1,88.13
300.0,Potential Loyalists,1,4,477,1,137.63
301.0,Lost Customers,1,4,655,1,103.7
302.0,Lost Customers,1,4,637,1,115.62
303.0,Loyal Customers,1,4,319,1,140.19
304.0,Lost Customers,1,4,631,1,164.25
305.0,Potential Loyalists,1,4,504,1,308.2
306.0,Loyal Customers,1,4,51,1,112.22
307.0,Lost Customers,1,4,693,1,185.43
308.0,Lost Customers,1,4,567,1,131.65
309.0,Lost Customers,1,4,573,1,151.69
310.0,Lost Customers,1,4,672,1,141.97
311.0,Lost Customers,1,4,642,1,184.89
312.0,Potential Loyalists,1,4,381,1,199.07
313.0,Potential Loyalists,1,4,512,1,63.76
314.0,Loyal Customers,1,4,232,1,86.44
315.0,Potential Loyalists,1,4,514,1,88.36
316.0,Potential Loyalists,1,4,488,1,128.6
317.0,Lost Customers,1,4,599,1,127.17
318.0,Lost Customers,1,4,588,1,144.93
319.0,Lost Customers,1,4,729,1,76.46
320.0,Loyal Customers,1,4,117,1,102.88
321.0,Loyal Customers,1,4,288,1,225.66
322.0,Lost Customers,1,4,613,1,92.4
323.0,Potential Loyalists,1,4,518,1,102.35
324.0,Loyal Customers,1,4,145,1,129.34
325.0,Lost Customers,1,4,697,1,130.73
326.0,Potential Loyalists,1,4,545,1,113.45
327.0,Lost Customers,1,4,552,1,139.95
328.0,Lost Customers,1,4,703,1,104.2
329.0,Loyal Customers,1,4,127,1,150.26
330.0,Loyal Customers,1,4,88,1,64.35
331.0,Champions,1,4,68,1,213.93
332.0,Loyal Customers,1,4,232,1,165.59
333.0,Potential Loyalists,1,4,410,1,120.62
334.0,Potential Loyalists,1,4,543,1,109.5
335.0,Champions,1,4,36,1,183.47
336.0,Loyal Customers,1,4,186,1,175.8
337.0,Lost Customers,1,4,559,1,94.88
338.0,Loyal Customers,1,4,15,1,130.02
339.0,Lost Customers,1,4,633,1,82.73
340.0,Loyal Customers,1,4,185,1,165.72
341.0,Loyal Customers,1,4,189,1,130.17
342.0,Loyal Customers,1,4,144,1,81.01
343.0,Loyal Customers,1,4,366,1,185.16
344.0,Potential Loyalists,1,4,445,1,81.07
345.0,Loyal Customers,1,4,136,1,98.11
346.0,Lost Customers,1,4,715,1,169.34
347.0,Champions,1,4,110,1,198.19
348.0,Lost Customers,1,4,708,1,87.23
349.0,Potential Loyalists,1,4,384,1,179.27
350.0,Loyal Customers,1,4,299,1,116.16
351.0,Lost Customers,1,4,658,1,147.92
352.0,Loyal Customers,1,4,308,1,123.79
353.0,Loyal Customers,1,4,334,1,120.11
354.0,Lost Customers,1,4,631,1,221.56
355.0,Loyal Customers,1,4,214,1,118.97
356.0,Loyal Customers,1,4,295,1,116.73
357.0,Lost Customers,1,4,644,1,133.37
358.0,Potential Loyalists,1,4,499,1,103.18
359.0,Loyal Customers,1,4,9,1,129.86
360.0,Lost Customers,1,4,592,1,111.12
361.0,Loyal Customers,1,4,207,1,80.24
362.0,Potential Loyalists,1,4,391,1,149.68
363.0,Potential Loyalists,1,4,369,1,120.28
364.0,Potential Loyalists,1,4,498,1,106.31
365.0,Potential Loyalists,1,4,548,1,296.52
366.0,Loyal Customers,1,4,26,1,118.23
367.0,Loyal Customers,1,4,216,1,167.57
368.0,Loyal Customers,1,4,15,1,82.84
369.0,Lost Customers,1,4,627,1,112.31
370.0,Loyal Customers,1,4,344,1,129.11
371.0,Loyal Customers,1,4,338,1,136.24
372.0,Champions,1,4,81,1,167.43
373.0,Loyal Customers,1,4,317,1,227.05
374.0,Loyal Customers,1,4,28,1,87.53
375.0,Loyal Customers,1,4,140,1,100.36
376.0,Loyal Customers,1,4,293,1,85.01
377.0,Loyal Customers,1,4,159,1,129.4
378.0,Loyal Customers,1,4,364,1,80.49
379.0,Loyal Customers,1,4,228,1,57.1
380.0,Loyal Customers,1,4,222,1,76.18
381.0,Potential Loyalists,1,4,416,1,148.19
382.0,Lost Customers,1,4,685,1,97.22
383.0,Champions,1,4,64,1,200.82
384.0,Loyal Customers,1,4,172,1,112.12
385.0,Loyal Customers,1,4,30,1,153.82
386.0,Champions,1,4,38,1,180.26
387.0,Lost Customers,1,4,690,1,87.04
388.0,Potential Loyalists,1,4,373,1,88.42
389.0,Loyal Customers,1,4,360,1,193.29
390.0,Loyal Customers,1,4,251,1,106.19
391.0,Lost Customers,1,4,720,1,98.14
392.0,Lost Customers,1,4,555,1,108.6
393.0,Loyal Customers,1,4,82,1,94.93
394.0,Lost Customers,1,4,595,1,54.58
395.0,Loyal Customers,1,4,93,1,125.27
396.0,Loyal Customers,1,4,362,1,85.12
397.0,Lost Customers,1,4,678,1,111.74
398.0,Champions,1,4,91,1,171.12
399.0,Champions,1,4,55,1,175.28
400.0,Loyal Customers,1,4,135,1,97.8
401.0,Loyal Customers,1,4,240,1,72.22
402.0,Potential Loyalists,1,4,411,1,105.57
403.0,Lost Customers,1,4,719,1,104.4
404.0,Loyal Customers,1,4,108,1,102.21
405.0,Lost Customers,1,4,599,1,126.29
406.0,Potential Loyalists,1,4,503,1,224.01
407.0,Champions,1,4,113,1,252.92
408.0,Potential Loyalists,1,4,539,1,114.37
409.0,Loyal Customers,1,4,65,1,161.61
410.0,Loyal Customers,1,4,234,1,189.04
411.0,Potential Loyalists,1,4,422,1,125.96
412.0,Loyal Customers,1,4,9,1,154.61
413.0,Loyal Customers,1,4,161,1,100.98
414.0,Loyal Customers,1,4,26,1,121.84
415.0,Loyal Customers,1,4,315,1,119.01
416.0,Lost Customers,1,4,618,1,64.76
417.0,Champions,1,4,81,1,209.02
418.0,Loyal Customers,1,4,105,1,111.01
419.0,Potential Loyalists,1,4,537,1,62.14
420.0,Lost Customers,1,4,635,1,188.27
421.0,Loyal Customers,1,4,299,1,137.99
422.0,Loyal Customers,1,4,129,1,109.86
423.0,Loyal Customers,1,4,23,1,127.48
424.0,Champions,1,4,130,1,175.15
425.0,Lost Customers,1,4,587,1,112.9
426.0,Lost Customers,1,4,663,1,113.18
427.0,Potential Loyalists,1,4,468,1,77.53
428.0,Loyal Customers,1,4,113,1,74.75
429.0,Lost Customers,1,4,566,1,64.97
430.0,Loyal Customers,1,4,262,1,133.35
431.0,Potential Loyalists,1,4,537,1,119.06
432.0,Loyal Customers,1,4,46,1,146.23
433.0,Potential Loyalists,1,4,502,1,118.53
434.0,Loyal Customers,1,4,285,1,118.44
435.0,Champions,1,4,170,1,169.96
436.0,Loyal Customers,1,4,184,1,136.43
437.0,Potential Loyalists,1,4,515,1,58.31
438.0,Champions,1,4,70,1,179.49
439.0,Potential Loyalists,1,4,523,1,279.59
440.0,Loyal Customers,1,4,186,1,75.38
441.0,Lost Customers,1,4,653,1,75.96
442.0,Loyal Customers,1,4,344,1,161.51
443.0,Potential Loyalists,1,4,437,1,54.77
444.0,Lost Customers,1,4,642,1,184.52
445.0,Potential Loyalists,1,4,387,1,150.17
446.0,Potential Loyalists,1,4,496,1,136.38
447.0,Lost Customers,1,4,616,1,58.87
448.0,Loyal Customers,1,4,331,1,164.18
449.0,Potential Loyalists,1,4,430,1,207.86
450.0,Lost Customers,1,4,583,1,83.48
451.0,Potential Loyalists,1,4,491,1,177.43
452.0,Loyal Customers,1,4,160,1,78.09
453.0,Loyal Customers,1,4,290,1,172.57
454.0,Champions,1,4,100,1,174.08
455.0,Loyal Customers,1,4,353,1,104.68
456.0,Loyal Customers,1,4,68,1,94.57
457.0,Potential Loyalists,1,4,465,1,95.41
458.0,Loyal Customers,1,4,22,1,80.52
459.0,Loyal Customers,1,4,95,1,116.9
460.0,Loyal Customers,1,4,167,1,103.73
461.0,Lost Customers,1,4,611,1,100.28
462.0,Loyal Customers,1,4,319,1,167.96
463.0,Loyal Customers,1,4,270,1,99.39
464.0,Loyal Customers,1,4,76,1,154.36
465.0,Loyal Customers,1,4,134,1,131.8
466.0,Loyal Customers,1,4,8,1,91.74
467.0,Loyal Customers,1,4,194,1,198.62
468.0,Lost Customers,1,4,726,1,110.47
469.0,Potential Loyalists,1,4,391,1,112.06
470.0,Loyal Customers,1,4,3,1,100.96
471.0,Loyal Customers,1,4,275,1,93.65
472.0,Lost Customers,1,4,576,1,85.16
473.0,Loyal Customers,1,4,213,1,196.27
474.0,Potential Loyalists,1,4,379,1,228.01
475.0,Loyal Customers,1,4,6,1,163.14
476.0,Loyal Customers,1,4,280,1,152.52
477.0,Loyal Customers,1,4,230,1,116.29
478.0,Lost Customers,1,4,692,1,159.3
479.0,Lost Customers,1,4,705,1,205.79
480.0,Lost Customers,1,4,697,1,134.15
481.0,Loyal Customers,1,4,236,1,79.01
482.0,Potential Loyalists,1,4,532,1,203.43
483.0,Lost Customers,1,4,686,1,121.91
484.0,Loyal Customers,1,4,35,1,122.57
485.0,Loyal Customers,1,4,328,1,104.6
486.0,Lost Customers,1,4,716,1,155.85
487.0,Loyal Customers,1,4,363,1,119.84
488.0,Loyal Customers,1,4,110,1,161.14
489.0,Lost Customers,1,4,722,1,85.26
490.0,Loyal Customers,1,4,252,1,178.24
491.0,Loyal Customers,1,4,148,1,55.6
492.0,Loyal Customers,1,4,261,1,100.22
493.0,Potential Loyalists,1,4,413,1,121.96
494.0,Potential Loyalists,1,4,421,1,90.79
495.0,Lost Customers,1,4,708,1,98.27
496.0,Loyal Customers,1,4,170,1,127.47
497.0,Potential Loyalists,1,4,505,1,76.47
498.0,Champions,1,4,94,1,171.47
499.0,Loyal Customers,1,4,68,1,161.27
500.0,Loyal Customers,1,4,225,1,209.09
501.0,Loyal Customers,1,4,251,1,86.46
502.0,Loyal Customers,1,4,162,1,106.81
503.0,Potential Loyalists,1,4,373,1,126.85
504.0,Potential Loyalists,1,4,484,1,210.42
505.0,Loyal Customers,1,4,175,1,74.8
506.0,Potential Loyalists,1,4,409,1,156.55
507.0,Potential Loyalists,1,4,485,1,125.08
508.0,Loyal Customers,1,4,13,1,110.64
509.0,Loyal Customers,1,4,250,1,239.44
510.0,Lost Customers,1,4,681,1,50.11
511.0,Loyal Customers,1,4,212,1,186.2
512.0,Potential Loyalists,1,4,430,1,140.39
513.0,Loyal Customers,1,4,249,1,104.5
514.0,Loyal Customers,1,4,261,1,107.97
515.0,Loyal Customers,1,4,328,1,85.33
516.0,Loyal Customers,1,4,361,1,118.58
517.0,Lost Customers,1,4,719,1,85.89
518.0,Loyal Customers,1,4,238,1,250.0
519.0,Potential Loyalists,1,4,379,1,99.19
520.0,Lost Customers,1,4,641,1,86.97
521.0,Loyal Customers,1,4,37,1,121.06
522.0,Loyal Customers,1,4,160,1,63.43
523.0,Lost Customers,1,4,695,1,123.41
524.0,Loyal Customers,1,4,337,1,89.26
525.0,Lost Customers,1,4,553,1,161.31
526.0,Loyal Customers,1,4,198,1,103.72
527.0,Lost Customers,1,4,549,1,142.17
528.0,Loyal Customers,1,4,151,1,97.61
529.0,Loyal Customers,1,4,189,1,116.36
530.0,Lost Customers,1,4,586,1,95.1
531.0,Champions,1,4,121,1,218.29
532.0,Loyal Customers,1,4,222,1,85.85
533.0,Loyal Customers,1,4,362,1,68.88
534.0,Loyal Customers,1,4,317,1,125.77
535.0,Champions,1,4,43,1,166.59
536.0,Lost Customers,1,4,637,1,135.38
537.0,Potential Loyalists,1,4,457,1,142.14
538.0,Lost Customers,1,4,709,1,131.95
539.0,Loyal Customers,1,4,46,1,106.1
540.0,Loyal Customers,1,4,311,1,72.61
541.0,Lost Customers,1,4,572,1,205.37
542.0,Lost Customers,1,4,557,1,67.88
543.0,Loyal Customers,1,4,300,1,146.34
544.0,Lost Customers,1,4,712,1,126.7
545.0,Loyal Customers,1,4,237,1,59.72
546.0,Loyal Customers,1,4,255,1,124.11
547.0,Potential Loyalists,1,4,393,1,187.25
548.0,Lost Customers,1,4,652,1,85.6
549.0,Loyal Customers,1,4,148,1,119.92
550.0,Lost Customers,1,4,629,1,135.57
551.0,Loyal Customers,1,4,38,1,124.93
552.0,Lost Customers,1,4,550,1,93.02
553.0,Lost Customers,1,4,575,1,239.91
554.0,Lost Customers,1,4,637,1,203.65
555.0,Potential Loyalists,1,4,463,1,301.0
556.0,Loyal Customers,1,4,122,1,121.09
557.0,Lost Customers,1,4,612,1,87.92
558.0,Lost Customers,1,4,643,1,95.51
559.0,Lost Customers,1,4,572,1,122.89
560.0,Potential Loyalists,1,4,511,1,148.81
561.0,Loyal Customers,1,4,231,1,67.89
562.0,Potential Loyalists,1,4,406,1,140.85
563.0,Lost Customers,1,4,588,1,176.63
564.0,Loyal Customers,1,4,277,1,133.44
565.0,Potential Loyalists,1,4,412,1,92.09
566.0,Loyal Customers,1,4,139,1,61.06
567.0,Lost Customers,1,4,657,1,103.74
568.0,Loyal Customers,1,4,143,1,128.78
569.0,Lost Customers,1,4,609,1,230.81
570.0,Loyal Customers,1,4,286,1,91.24
571.0,Loyal Customers,1,4,263,1,232.92
572.0,Lost Customers,1,4,624,1,168.44
573.0,Potential Loyalists,1,4,411,1,75.34
574.0,Champions,1,4,128,1,199.88
575.0,Potential Loyalists,1,4,471,1,104.81
576.0,Loyal Customers,1,4,80,1,92.14
577.0,Lost Customers,1,4,666,1,115.59
578.0,Potential Loyalists,1,4,440,1,193.51
579.0,Loyal Customers,1,4,182,1,140.22
580.0,Loyal Customers,1,4,189,1,143.66
581.0,Potential Loyalists,1,4,397,1,139.97
582.0,Loyal Customers,1,4,189,1,92.19
583.0,Potential Loyalists,1,4,546,1,90.07
584.0,Loyal Customers,1,4,273,1,80.53
585.0,Loyal Customers,1,4,276,1,195.51
586.0,Potential Loyalists,1,4,502,1,131.28
587.0,Lost Customers,1,4,701,1,188.18
588.0,Loyal Customers,1,4,114,1,124.69
589.0,Potential Loyalists,1,4,435,1,114.01
590.0,Potential Loyalists,1,4,537,1,89.59
591.0,Loyal Customers,1,4,358,1,159.51
592.0,Loyal Customers,1,4,262,1,217.89
593.0,Loyal Customers,1,4,128,1,86.36
594.0,Champions,1,4,26,1,216.85
595.0,Loyal Customers,1,4,237,1,141.61
596.0,Potential Loyalists,1,4,487,1,221.22
597.0,Loyal Customers,1,4,94,1,147.99
598.0,Potential Loyalists,1,4,428,1,136.34
599.0,Loyal Customers,1,4,364,1,62.6
600.0,Loyal Customers,1,4,154,1,104.22
601.0,Loyal Customers,1,4,363,1,142.18
602.0,Potential Loyalists,1,4,459,1,129.04
603.0,Lost Customers,1,4,644,1,228.0
604.0,Potential Loyalists,1,4,495,1,135.2
605.0,Loyal Customers,1,4,169,1,102.13
606.0,Loyal Customers,1,4,110,1,93.76
607.0,Loyal Customers,1,4,19,1,110.8
608.0,Loyal Customers,1,4,331,1,188.18
609.0,Lost Customers,1,4,560,1,73.43
610.0,Potential Loyalists,1,4,460,1,155.0
611.0,Lost Customers,1,4,579,1,92.47
612.0,Potential Loyalists,1,4,533,1,139.22
613.0,Loyal Customers,1,4,196,1,121.35
614.0,Loyal Customers,1,4,91,1,132.37
615.0,Loyal Customers,1,4,310,1,227.33
616.0,Loyal Customers,1,4,9,1,131.02
617.0,Loyal Customers,1,4,30,1,111.56
618.0,Potential Loyalists,1,4,373,1,94.01
619.0,Loyal Customers,1,4,209,1,207.84
620.0,Loyal Customers,1,4,63,1,155.5
621.0,Potential Loyalists,1,4,453,1,149.34
622.0,Potential Loyalists,1,4,548,1,90.59
623.0,Potential Loyalists,1,4,507,1,195.04
624.0,Loyal Customers,1,4,60,1,134.58
625.0,Lost Customers,1,4,560,1,49.47
626.0,Champions,1,4,32,1,182.14
627.0,Loyal Customers,1,4,268,1,88.15
628.0,Loyal Customers,1,4,185,1,57.89
629.0,Potential Loyalists,1,4,492,1,100.31
630.0,Champions,1,4,155,1,188.9
631.0,Loyal Customers,1,4,169,1,132.19
632.0,Potential Loyalists,1,4,494,1,72.38
633.0,Loyal Customers,1,4,178,1,102.86
634.0,Champions,1,4,93,1,193.47
635.0,Loyal Customers,1,4,77,1,143.55
636.0,Loyal Customers,1,4,149,1,106.44
637.0,Loyal Customers,1,4,179,1,53.06
638.0,Potential Loyalists,1,4,432,1,121.67
639.0,Loyal Customers,1,4,341,1,214.91
640.0,Lost Customers,1,4,586,1,131.87
641.0,Loyal Customers,1,4,260,1,116.7
642.0,Loyal Customers,1,4,335,1,93.12
643.0,Potential Loyalists,1,4,495,1,126.64
644.0,Potential Loyalists,1,4,390,1,227.7
645.0,Lost Customers,1,4,664,1,99.45
646.0,Potential Loyalists,1,4,511,1,71.83
647.0,Lost Customers,1,4,582,1,300.21
648.0,Potential Loyalists,1,4,545,1,164.84
649.0,Potential Loyalists,1,4,412,1,83.19
650.0,Champions,1,4,129,1,185.59
651.0,Potential Loyalists,1,4,531,1,177.27
652.0,Loyal Customers,1,4,351,1,80.48
653.0,Lost Customers,1,4,603,1,217.33
654.0,Loyal Customers,1,4,316,1,75.66
655.0,Lost Customers,1,4,692,1,203.33
656.0,Loyal Customers,1,4,236,1,97.41
657.0,Loyal Customers,1,4,295,1,234.62
658.0,Lost Customers,1,4,663,1,159.81
659.0,Lost Customers,1,4,611,1,119.31
660.0,Lost Customers,1,4,602,1,89.29
661.0,Lost Customers,1,4,656,1,116.76
662.0,Potential Loyalists,1,4,387,1,244.44
663.0,Lost Customers,1,4,681,1,37.91
664.0,Loyal Customers,1,4,344,1,41.76
665.0,Loyal Customers,1,4,232,1,80.82
666.0,Loyal Customers,1,4,254,1,170.08
667.0,Potential Loyalists,1,4,367,1,85.75
668.0,Potential Loyalists,1,4,434,1,124.15
669.0,Loyal Customers,1,4,327,1,112.34
670.0,Lost Customers,1,4,719,1,94.72
671.0,Loyal Customers,1,4,91,1,124.97
672.0,Loyal Customers,1,4,228,1,67.24
673.0,Loyal Customers,1,4,323,1,73.05
674.0,Lost Customers,1,4,607,1,162.65
675.0,Potential Loyalists,1,4,437,1,142.17
676.0,Potential Loyalists,1,4,429,1,104.28
677.0,Lost Customers,1,4,569,1,96.88
678.0,Potential Loyalists,1,4,478,1,110.77
679.0,Potential Loyalists,1,4,482,1,229.44
680.0,Potential Loyalists,1,4,385,1,161.33
681.0,Loyal Customers,1,4,133,1,108.89
682.0,Loyal Customers,1,4,287,1,124.94
683.0,Loyal Customers,1,4,337,1,113.37
684.0,Lost Customers,1,4,558,1,89.68
685.0,Lost Customers,1,4,571,1,114.06
686.0,Loyal Customers,1,4,190,1,125.77
687.0,Loyal Customers,1,4,300,1,102.13
688.0,Loyal Customers,1,4,275,1,241.06
689.0,Loyal Customers,1,4,273,1,176.13
690.0,Lost Customers,1,4,598,1,105.64
691.0,Loyal Customers,1,4,255,1,116.33
692.0,Lost Customers,1,4,691,1,78.33
693.0,Lost Customers,1,4,577,1,95.1
694.0,Loyal Customers,1,4,138,1,114.47
695.0,Loyal Customers,1,4,205,1,125.56
696.0,Potential Loyalists,1,4,463,1,86.72
697.0,Lost Customers,1,4,551,1,86.45
698.0,Loyal Customers,1,4,85,1,77.92
699.0,Loyal Customers,1,4,264,1,134.7
700.0,Champions,1,4,172,1,167.7
701.0,Loyal Customers,1,4,282,1,242.44
702.0,Champions,1,4,178,1,241.97
703.0,Loyal Customers,1,4,89,1,141.77
704.0,Loyal Customers,1,4,21,1,117.4
705.0,Lost Customers,1,4,663,1,83.41
706.0,Lost Customers,1,4,702,1,106.8
707.0,Loyal Customers,1,4,175,1,149.88
708.0,Loyal Customers,1,4,5,1,86.42
709.0,Lost Customers,1,4,688,1,104.3
710.0,Lost Customers,1,4,621,1,81.98
711.0,Lost Customers,1,4,687,1,150.48
712.0,Loyal Customers,1,4,202,1,161.72
713.0,Loyal Customers,1,4,222,1,172.61
714.0,Loyal Customers,1,4,135,1,69.69
715.0,Loyal Customers,1,4,188,1,58.79
716.0,Lost Customers,1,4,682,1,101.09
717.0,Loyal Customers,1,4,237,1,117.65
718.0,Loyal Customers,1,4,205,1,203.15
719.0,Potential Loyalists,1,4,441,1,85.39
720.0,Loyal Customers,1,4,323,1,74.59
721.0,Loyal Customers,1,4,229,1,50.25
722.0,Loyal Customers,1,4,361,1,100.68
723.0,Potential Loyalists,1,4,486,1,149.52
724.0,Loyal Customers,1,4,358,1,55.37
725.0,Loyal Customers,1,4,283,1,131.68
726.0,Lost Customers,1,4,656,1,163.46
727.0,Loyal Customers,1,4,74,1,87.39
728.0,Lost Customers,1,4,688,1,209.25
729.0,Lost Customers,1,4,716,1,139.74
730.0,Loyal Customers,1,4,289,1,134.28
731.0,Potential Loyalists,1,4,482,1,164.2
732.0,Loyal Customers,1,4,318,1,159.33
733.0,Loyal Customers,1,4,204,1,182.3
734.0,Potential Loyalists,1,4,372,1,75.01
735.0,Potential Loyalists,1,4,381,1,56.79
736.0,Potential Loyalists,1,4,492,1,98.2
737.0,Loyal Customers,1,4,327,1,167.73
738.0,Potential Loyalists,1,4,397,1,92.96
739.0,Lost Customers,1,4,661,1,264.12
740.0,Loyal Customers,1,4,204,1,204.88
741.0,Potential Loyalists,1,4,493,1,164.49
742.0,Potential Loyalists,1,4,507,1,75.15
743.0,Loyal Customers,1,4,318,1,209.2
744.0,Loyal Customers,1,4,99,1,162.17
745.0,Loyal Customers,1,4,348,1,149.42
746.0,Potential Loyalists,1,4,378,1,285.06
747.0,Loyal Customers,1,4,180,1,152.62
748.0,Potential Loyalists,1,4,373,1,28.31
749.0,Champions,1,4,37,1,250.79
750.0,Potential Loyalists,1,4,531,1,49.73
751.0,Lost Customers,1,4,707,1,222.17
752.0,Champions,1,4,170,1,181.41
753.0,Lost Customers,1,4,655,1,69.1
754.0,Champions,1,4,49,1,192.69
755.0,Loyal Customers,1,4,123,1,96.37
756.0,Potential Loyalists,1,4,547,1,77.75
757.0,Lost Customers,1,4,591,1,55.51
758.0,Potential Loyalists,1,4,388,1,161.43
759.0,Potential Loyalists,1,4,420,1,85.04
760.0,Lost Customers,1,4,623,1,181.43
761.0,Potential Loyalists,1,4,524,1,168.05
762.0,Loyal Customers,1,4,138,1,88.05
763.0,Loyal Customers,1,4,259,1,94.25
764.0,Loyal Customers,1,4,303,1,127.28
765.0,Potential Loyalists,1,4,454,1,101.29
766.0,Loyal Customers,1,4,291,1,85.85
767.0,Potential Loyalists,1,4,455,1,84.15
768.0,Potential Loyalists,1,4,404,1,170.24
769.0,Loyal Customers,1,4,38,1,70.43
770.0,Loyal Customers,1,4,329,1,95.94
771.0,Potential Loyalists,1,4,401,1,126.12
772.0,Potential Loyalists,1,4,477,1,130.7
773.0,Potential Loyalists,1,4,522,1,230.0
774.0,Loyal Customers,1,4,5,1,34.05
775.0,Loyal Customers,1,4,290,1,95.19
776.0,Potential Loyalists,1,4,539,1,123.19
777.0,Lost Customers,1,4,669,1,153.28
778.0,Loyal Customers,1,4,254,1,136.53
779.0,Lost Customers,1,4,634,1,136.03
780.0,Loyal Customers,1,4,365,1,97.29
781.0,Loyal Customers,1,4,159,1,140.75
782.0,Potential Loyalists,1,4,527,1,136.74
783.0,Lost Customers,1,4,724,1,146.79
784.0,Potential Loyalists,1,4,446,1,90.62
785.0,Potential Loyalists,1,4,375,1,117.66
786.0,Loyal Customers,1,4,233,1,122.85
787.0,Lost Customers,1,4,561,1,104.93
788.0,Lost Customers,1,4,602,1,101.7
789.0,Lost Customers,1,4,641,1,131.59
790.0,Loyal Customers,1,4,348,1,171.74
791.0,Loyal Customers,1,4,117,1,65.87
792.0,Lost Customers,1,4,568,1,158.64
793.0,Loyal Customers,1,4,166,1,111.67
794.0,Lost Customers,1,4,670,1,182.91
795.0,Loyal Customers,1,4,273,1,139.11
796.0,Potential Loyalists,1,4,420,1,147.78
797.0,Loyal Customers,1,4,299,1,121.69
798.0,Loyal Customers,1,4,348,1,91.51
799.0,Lost Customers,1,4,703,1,114.46
800.0,Lost Customers,1,4,627,1,200.62
801.0,Champions,1,4,60,1,210.83
802.0,Potential Loyalists,1,4,525,1,113.4
803.0,Loyal Customers,1,4,35,1,163.25
804.0,Loyal Customers,1,4,284,1,190.91
805.0,Loyal Customers,1,4,109,1,126.6
806.0,Loyal Customers,1,4,11,1,73.25
807.0,Potential Loyalists,1,4,379,1,155.77
808.0,Loyal Customers,1,4,210,1,155.98
809.0,Lost Customers,1,4,581,1,160.64
810.0,Lost Customers,1,4,609,1,245.31
811.0,Loyal Customers,1,4,279,1,148.52
812.0,Loyal Customers,1,4,219,1,98.19
813.0,Potential Loyalists,1,4,425,1,82.91
814.0,Potential Loyalists,1,4,443,1,93.91
815.0,Loyal Customers,1,4,68,1,79.36
816.0,Loyal Customers,1,4,158,1,79.98
817.0,Lost Customers,1,4,653,1,118.74
818.0,Lost Customers,1,4,573,1,81.54
819.0,Loyal Customers,1,4,226,1,221.23
820.0,Potential Loyalists,1,4,444,1,146.93
821.0,Loyal Customers,1,4,103,1,131.71
822.0,Loyal Customers,1,4,313,1,100.99
823.0,Lost Customers,1,4,723,1,118.16
824.0,Loyal Customers,1,4,68,1,157.05
825.0,Champions,1,4,177,1,210.74
826.0,Champions,1,4,99,1,165.73
827.0,Champions,1,4,26,1,222.27
828.0,Potential Loyalists,1,4,468,1,124.88
829.0,Loyal Customers,1,4,138,1,94.05
830.0,Potential Loyalists,1,4,415,1,135.77
831.0,Lost Customers,1,4,604,1,129.43
832.0,Loyal Customers,1,4,214,1,74.92
833.0,Champions,1,4,112,1,277.14
834.0,Loyal Customers,1,4,348,1,107.14
835.0,Loyal Customers,1,4,136,1,65.4
836.0,Lost Customers,1,4,692,1,137.05
837.0,Lost Customers,1,4,647,1,80.87
838.0,Loyal Customers,1,4,236,1,106.02
839.0,Potential Loyalists,1,4,416,1,96.22
840.0,Lost Customers,1,4,549,1,129.98
841.0,Potential Loyalists,1,4,485,1,115.86
842.0,Champions,1,4,142,1,226.17
843.0,Potential Loyalists,1,4,515,1,99.59
844.0,Loyal Customers,1,4,196,1,22.26
845.0,Loyal Customers,1,4,165,1,62.73
846.0,Lost Customers,1,4,650,1,234.45
847.0,Loyal Customers,1,4,135,1,108.62
848.0,Loyal Customers,1,4,316,1,113.27
849.0,Loyal Customers,1,4,310,1,111.95
850.0,Loyal Customers,1,4,274,1,151.82
851.0,Potential Loyalists,1,4,387,1,99.92
852.0,Potential Loyalists,1,4,536,1,60.8
853.0,Lost Customers,1,4,623,1,111.55
854.0,Loyal Customers,1,4,237,1,210.42
855.0,Potential Loyalists,1,4,431,1,97.07
856.0,Potential Loyalists,1,4,379,1,104.43
857.0,Lost Customers,1,4,552,1,146.74
858.0,Loyal Customers,1,4,164,1,144.87
859.0,Lost Customers,1,4,703,1,157.43
860.0,Loyal Customers,1,4,104,1,117.05
861.0,Lost Customers,1,4,605,1,62.65
862.0,Loyal Customers,1,4,157,1,129.41
863.0,Loyal Customers,1,4,62,1,154.79
864.0,Loyal Customers,1,4,249,1,130.55
865.0,Loyal Customers,1,4,137,1,71.26
866.0,Loyal Customers,1,4,162,1,73.6
867.0,Loyal Customers,1,4,277,1,82.42
868.0,Potential Loyalists,1,4,389,1,167.02
869.0,Loyal Customers,1,4,204,1,121.47
870.0,Loyal Customers,1,4,311,1,96.54
871.0,Potential Loyalists,1,4,406,1,97.4
872.0,Loyal Customers,1,4,250,1,155.12
873.0,Loyal Customers,1,4,65,1,92.84
874.0,Loyal Customers,1,4,101,1,84.38
875.0,Lost Customers,1,4,585,1,153.76
876.0,Loyal Customers,1,4,349,1,150.2
877.0,Loyal Customers,1,4,354,1,114.83
878.0,Loyal Customers,1,4,43,1,65.07
879.0,Potential Loyalists,1,4,446,1,264.27
880.0,Lost Customers,1,4,634,1,78.78
881.0,Potential Loyalists,1,4,495,1,86.19
882.0,Lost Customers,1,4,590,1,237.63
883.0,Loyal Customers,1,4,18,1,127.53
884.0,Loyal Customers,1,4,192,1,174.86
885.0,Lost Customers,1,4,616,1,206.88
886.0,Champions,1,4,155,1,175.02
887.0,Loyal Customers,1,4,293,1,81.68
888.0,Lost Customers,1,4,708,1,174.24
889.0,Loyal Customers,1,4,123,1,85.78
890.0,Loyal Customers,1,4,69,1,128.03
891.0,Lost Customers,1,4,559,1,124.82
892.0,Loyal Customers,1,4,211,1,105.35
893.0,Loyal Customers,1,4,310,1,91.04
894.0,Loyal Customers,1,4,72,1,146.91
895.0,Lost Customers,1,4,622,1,103.36
896.0,Loyal Customers,1,4,5,1,73.39
897.0,Champions,1,4,113,1,165.41
898.0,Loyal Customers,1,4,284,1,116.74
899.0,Lost Customers,1,4,662,1,131.21
900.0,Loyal Customers,1,4,321,1,213.69
901.0,Champions,1,4,20,1,272.98
902.0,Lost Customers,1,4,701,1,133.89
903.0,Potential Loyalists,1,4,538,1,96.94
904.0,Loyal Customers,1,4,358,1,130.26
905.0,Lost Customers,1,4,684,1,86.72
906.0,Loyal Customers,1,4,274,1,114.88
907.0,Loyal Customers,1,4,180,1,157.9
908.0,Lost Customers,1,4,724,1,122.43
909.0,Loyal Customers,1,4,365,1,129.79
910.0,Loyal Customers,1,4,16,1,116.54
911.0,Lost Customers,1,4,655,1,115.4
912.0,Loyal Customers,1,4,151,1,100.51
913.0,Lost Customers,1,4,564,1,165.65
914.0,Potential Loyalists,1,4,497,1,104.46
915.0,Potential Loyalists,1,4,428,1,157.13
916.0,Champions,1,4,150,1,240.75
917.0,Loyal Customers,1,4,317,1,143.84
918.0,Potential Loyalists,1,4,488,1,97.56
919.0,Loyal Customers,1,4,90,1,157.8
920.0,Potential Loyalists,1,4,495,1,121.19
921.0,Loyal Customers,1,4,209,1,136.71
922.0,Lost Customers,1,4,602,1,156.8
923.0,Loyal Customers,1,4,342,1,89.21
924.0,Potential Loyalists,1,4,434,1,80.02
925.0,Champions,1,4,30,1,195.47
926.0,Loyal Customers,1,4,45,1,147.58
927.0,Loyal Customers,1,4,241,1,159.51
928.0,Lost Customers,1,4,631,1,94.1
929.0,Lost Customers,1,4,718,1,198.05
930.0,Loyal Customers,1,4,153,1,86.37
931.0,Loyal Customers,1,4,253,1,203.46
932.0,Lost Customers,1,4,669,1,143.8
933.0,Lost Customers,1,4,645,1,154.05
934.0,Lost Customers,1,4,682,1,125.1
935.0,Loyal Customers,1,4,127,1,67.79
936.0,Loyal Customers,1,4,238,1,85.61
937.0,Loyal Customers,1,4,186,1,244.42
938.0,Lost Customers,1,4,567,1,97.95
939.0,Lost Customers,1,4,679,1,113.67
940.0,Loyal Customers,1,4,1,1,113.47
941.0,Loyal Customers,1,4,126,1,108.7
942.0,Loyal Customers,1,4,183,1,92.07
943.0,Loyal Customers,1,4,260,1,97.81
944.0,Loyal Customers,1,4,296,1,148.19
945.0,Loyal Customers,1,4,170,1,119.68
946.0,Potential Loyalists,1,4,477,1,138.01
947.0,Loyal Customers,1,4,308,1,128.11
948.0,Lost Customers,1,4,702,1,133.04
949.0,Loyal Customers,1,4,106,1,100.62
950.0,Loyal Customers,1,4,32,1,75.01
951.0,Champions,1,4,113,1,203.93
952.0,Potential Loyalists,1,4,444,1,134.85
953.0,Lost Customers,1,4,558,1,86.01
954.0,Lost Customers,1,4,674,1,89.23
955.0,Potential Loyalists,1,4,453,1,149.03
956.0,Champions,1,4,90,1,314.18
957.0,Potential Loyalists,1,4,533,1,226.18
958.0,Potential Loyalists,1,4,523,1,130.68
959.0,Loyal Customers,1,4,305,1,291.03
960.0,Potential Loyalists,1,4,387,1,115.62
961.0,Loyal Customers,1,4,181,1,152.24
962.0,Lost Customers,1,4,626,1,97.98
963.0,Loyal Customers,1,4,202,1,118.72
964.0,Potential Loyalists,1,4,398,1,102.94
965.0,Loyal Customers,1,4,290,1,92.91
966.0,Potential Loyalists,1,4,524,1,125.49
967.0,Loyal Customers,1,4,195,1,126.99
968.0,Potential Loyalists,1,4,414,1,64.41
969.0,Loyal Customers,1,4,185,1,63.34
970.0,Loyal Customers,1,4,122,1,64.02
971.0,Potential Loyalists,1,4,531,1,99.76
972.0,Loyal Customers,1,4,310,1,80.19
973.0,Lost Customers,1,4,695,1,123.9
974.0,Potential Loyalists,1,4,541,1,178.14
975.0,Champions,1,4,8,1,172.72
976.0,Lost Customers,1,4,582,1,157.28
977.0,Lost Customers,1,4,594,1,136.4
978.0,Potential Loyalists,1,4,367,1,159.76
979.0,Potential Loyalists,1,4,400,1,278.86
980.0,Loyal Customers,1,4,142,1,89.0
981.0,Lost Customers,1,4,634,1,86.29
982.0,Potential Loyalists,1,4,498,1,115.58
983.0,Loyal Customers,1,4,365,1,119.36
984.0,Loyal Customers,1,4,276,1,85.39
985.0,Loyal Customers,1,4,186,1,67.61
986.0,Loyal Customers,1,4,85,1,83.07
987.0,Champions,1,4,3,1,276.07
988.0,Potential Loyalists,1,4,473,1,94.11
989.0,Loyal Customers,1,4,87,1,132.55
990.0,Champions,1,4,67,1,216.12
991.0,Loyal Customers,1,4,129,1,97.25
992.0,Loyal Customers,1,4,299,1,134.71
993.0,Lost Customers,1,4,635,1,118.85
994.0,Loyal Customers,1,4,128,1,100.79
995.0,Lost Customers,1,4,590,1,100.45
996.0,Loyal Customers,1,4,145,1,113.16
997.0,Lost Customers,1,4,589,1,201.27
998.0,Lost Customers,1,4,631,1,145.45
999.0,Loyal Customers,1,4,96,1,111.32
1000.0,Potential Loyalists,1,4,387,1,148.51
1001.0,Loyal Customers,1,4,180,1,126.53
1002.0,Loyal Customers,1,4,144,1,93.98
1003.0,Loyal Customers,1,4,248,1,144.88
1004.0,Lost Customers,1,4,697,1,208.68
1005.0,Champions,1,4,40,1,172.84
1006.0,Lost Customers,1,4,641,1,154.79
1007.0,Potential Loyalists,1,4,456,1,75.47
1008.0,Loyal Customers,1,4,313,1,114.44
1009.0,Loyal Customers,1,4,202,1,216.12
1010.0,Lost Customers,1,4,643,1,111.36
1011.0,Loyal Customers,1,4,196,1,136.78
1012.0,Loyal Customers,1,4,326,1,82.85
1013.0,Lost Customers,1,4,681,1,124.05
1014.0,Potential Loyalists,1,4,496,1,157.24
1015.0,Loyal Customers,1,4,162,1,137.02
1016.0,Lost Customers,1,4,554,1,125.3
1017.0,Loyal Customers,1,4,60,1,114.84
1018.0,Loyal Customers,1,4,250,1,186.43
1019.0,Loyal Customers,1,4,325,1,105.37
1020.0,Potential Loyalists,1,4,469,1,113.23
1021.0,Loyal Customers,1,4,27,1,88.39
1022.0,Lost Customers,1,4,596,1,129.57
1023.0,Loyal Customers,1,4,113,1,127.48
1024.0,Loyal Customers,1,4,205,1,89.85
1025.0,Loyal Customers,1,4,158,1,90.33
1026.0,Loyal Customers,1,4,15,1,57.6
1027.0,Potential Loyalists,1,4,527,1,117.91
1028.0,Loyal Customers,1,4,70,1,100.58
1029.0,Potential Loyalists,1,4,460,1,43.45
1030.0,Potential Loyalists,1,4,468,1,180.12
1031.0,Loyal Customers,1,4,264,1,100.7
1032.0,Loyal Customers,1,4,201,1,49.23
1033.0,Potential Loyalists,1,4,445,1,97.3
1034.0,Potential Loyalists,1,4,447,1,105.57
1035.0,Loyal Customers,1,4,194,1,233.84
1036.0,Lost Customers,1,4,607,1,104.27
1037.0,Champions,1,4,28,1,165.19
1038.0,Loyal Customers,1,4,15,1,123.44
1039.0,Potential Loyalists,1,4,422,1,55.63
1040.0,Loyal Customers,1,4,317,1,82.47
1041.0,Potential Loyalists,1,4,424,1,92.42
1042.0,Loyal Customers,1,4,103,1,99.32
1043.0,Loyal Customers,1,4,32,1,93.52
1044.0,Potential Loyalists,1,4,401,1,80.05
1045.0,Potential Loyalists,1,4,484,1,81.21
1046.0,Loyal Customers,1,4,257,1,136.5
1047.0,Lost Customers,1,4,695,1,154.02
1048.0,Lost Customers,1,4,587,1,99.67
1049.0,Loyal Customers,1,4,288,1,121.38
1050.0,Lost Customers,1,4,577,1,201.26
1051.0,Champions,1,4,155,1,258.39
1052.0,Loyal Customers,1,4,345,1,122.26
1053.0,Potential Loyalists,1,4,402,1,107.99
1054.0,Lost Customers,1,4,721,1,337.25
1055.0,Lost Customers,1,4,595,1,106.69
1056.0,Lost Customers,1,4,615,1,95.36
1057.0,Loyal Customers,1,4,69,1,57.42
1058.0,Potential Loyalists,1,4,527,1,177.07
1059.0,Champions,1,4,175,1,173.73
1060.0,Lost Customers,1,4,642,1,238.79
1061.0,Lost Customers,1,4,723,1,79.11
1062.0,Loyal Customers,1,4,15,1,138.63
1063.0,Loyal Customers,1,4,74,1,140.89
1064.0,Lost Customers,1,4,636,1,110.34
1065.0,Loyal Customers,1,4,36,1,67.63
1066.0,Loyal Customers,1,4,225,1,127.29
1067.0,Loyal Customers,1,4,61,1,147.23
1068.0,Loyal Customers,1,4,271,1,188.74
1069.0,Loyal Customers,1,4,50,1,119.92
1070.0,Potential Loyalists,1,4,491,1,138.7
1071.0,Loyal Customers,1,4,212,1,123.68
1072.0,Potential Loyalists,1,4,435,1,138.06
1073.0,Lost Customers,1,4,582,1,267.92
1074.0,Loyal Customers,1,4,121,1,103.38
1075.0,Potential Loyalists,1,4,538,1,201.77
1076.0,Loyal Customers,1,4,194,1,140.05
1077.0,Champions,1,4,83,1,174.13
1078.0,Loyal Customers,1,4,70,1,120.88
1079.0,Potential Loyalists,1,4,529,1,133.98
1080.0,Loyal Customers,1,4,226,1,87.39
1081.0,Lost Customers,1,4,632,1,134.69
1082.0,Potential Loyalists,1,4,452,1,119.08
1083.0,Loyal Customers,1,4,125,1,114.38
1084.0,Potential Loyalists,1,4,408,1,141.81
1085.0,Potential Loyalists,1,4,420,1,130.41
1086.0,Loyal Customers,1,4,109,1,126.9
1087.0,Lost Customers,1,4,605,1,125.96
1088.0,Potential Loyalists,1,4,481,1,120.84
1089.0,Loyal Customers,1,4,11,1,102.52
1090.0,Loyal Customers,1,4,137,1,128.81
1091.0,Loyal Customers,1,4,2,1,114.54
1092.0,Lost Customers,1,4,635,1,121.47
1093.0,Potential Loyalists,1,4,511,1,71.81
1094.0,Loyal Customers,1,4,70,1,123.46
1095.0,Potential Loyalists,1,4,430,1,108.59
1096.0,Lost Customers,1,4,550,1,64.33
1097.0,Loyal Customers,1,4,244,1,134.51
1098.0,Potential Loyalists,1,4,434,1,187.75
1099.0,Potential Loyalists,1,4,407,1,181.04
1100.0,Lost Customers,1,4,626,1,162.73
1101.0,Lost Customers,1,4,613,1,129.16
1102.0,Potential Loyalists,1,4,376,1,99.14
1103.0,Lost Customers,1,4,693,1,95.05
1104.0,Lost Customers,1,4,709,1,186.37
1105.0,Loyal Customers,1,4,59,1,136.3
1106.0,Potential Loyalists,1,4,445,1,87.36
1107.0,Potential Loyalists,1,4,423,1,101.69
1108.0,Loyal Customers,1,4,105,1,100.06
1109.0,Lost Customers,1,4,695,1,133.32
1110.0,Loyal Customers,1,4,341,1,189.84
1111.0,Potential Loyalists,1,4,471,1,62.31
1112.0,Loyal Customers,1,4,29,1,132.84
1113.0,Loyal Customers,1,4,100,1,83.86
1114.0,Potential Loyalists,1,4,543,1,70.57
1115.0,Potential Loyalists,1,4,524,1,132.21
1116.0,Potential Loyalists,1,4,451,1,94.2
1117.0,Lost Customers,1,4,637,1,118.65
1118.0,Lost Customers,1,4,562,1,266.29
1119.0,Loyal Customers,1,4,224,1,199.64
1120.0,Loyal Customers,1,4,82,1,59.71
1121.0,Lost Customers,1,4,583,1,98.13
1122.0,Loyal Customers,1,4,100,1,101.15
1123.0,Lost Customers,1,4,682,1,80.04
1124.0,Loyal Customers,1,4,26,1,98.75
1125.0,Potential Loyalists,1,4,382,1,81.49
1126.0,Champions,1,4,1,1,257.73
1127.0,Lost Customers,1,4,684,1,98.6
1128.0,Lost Customers,1,4,549,1,149.21
1129.0,Potential Loyalists,1,4,472,1,178.36
1130.0,Loyal Customers,1,4,14,1,71.79
1131.0,Lost Customers,1,4,666,1,267.59
1132.0,Lost Customers,1,4,578,1,30.27
1133.0,Loyal Customers,1,4,275,1,120.58
1134.0,Loyal Customers,1,4,352,1,113.18
1135.0,Loyal Customers,1,4,169,1,84.94
1136.0,Potential Loyalists,1,4,475,1,140.75
1137.0,Loyal Customers,1,4,103,1,72.34
1138.0,Potential Loyalists,1,4,384,1,161.17
1139.0,Lost Customers,1,4,656,1,301.42
1140.0,Lost Customers,1,4,571,1,66.48
1141.0,Potential Loyalists,1,4,431,1,95.44
1142.0,Potential Loyalists,1,4,541,1,117.45
1143.0,Loyal Customers,1,4,74,1,85.75
1144.0,Potential Loyalists,1,4,439,1,151.68
1145.0,Lost Customers,1,4,691,1,96.75
1146.0,Loyal Customers,1,4,173,1,144.47
1147.0,Loyal Customers,1,4,115,1,72.07
1148.0,Loyal Customers,1,4,329,1,92.96
1149.0,Loyal Customers,1,4,217,1,194.62
1150.0,Potential Loyalists,1,4,513,1,230.55
1151.0,Champions,1,4,26,1,199.39
1152.0,Loyal Customers,1,4,156,1,77.57
1153.0,Loyal Customers,1,4,10,1,126.27
1154.0,Loyal Customers,1,4,25,1,125.5
1155.0,Lost Customers,1,4,625,1,82.46
1156.0,Loyal Customers,1,4,267,1,115.68
1157.0,Loyal Customers,1,4,322,1,46.23
1158.0,Loyal Customers,1,4,277,1,144.92
1159.0,Potential Loyalists,1,4,423,1,186.67
1160.0,Loyal Customers,1,4,289,1,181.17
1161.0,Loyal Customers,1,4,355,1,174.91
1162.0,Loyal Customers,1,4,350,1,169.55
1163.0,Loyal Customers,1,4,228,1,79.16
1164.0,Potential Loyalists,1,4,455,1,100.35
1165.0,Lost Customers,1,4,700,1,169.6
1166.0,Lost Customers,1,4,703,1,170.12
1167.0,Potential Loyalists,1,4,402,1,117.34
1168.0,Champions,1,4,40,1,177.18
1169.0,Loyal Customers,1,4,358,1,122.16
1170.0,Loyal Customers,1,4,344,1,73.51
1171.0,Loyal Customers,1,4,170,1,99.83
1172.0,Loyal Customers,1,4,178,1,125.59
1173.0,Loyal Customers,1,4,329,1,131.36
1174.0,Loyal Customers,1,4,147,1,116.22
1175.0,Loyal Customers,1,4,107,1,129.24
1176.0,Loyal Customers,1,4,225,1,107.91
1177.0,Lost Customers,1,4,706,1,135.35
1178.0,Loyal Customers,1,4,322,1,117.51
1179.0,Lost Customers,1,4,559,1,142.99
1180.0,Lost Customers,1,4,596,1,247.56
1181.0,Potential Loyalists,1,4,478,1,241.85
1182.0,Loyal Customers,1,4,25,1,90.95
1183.0,Champions,1,4,21,1,245.05
1184.0,Lost Customers,1,4,628,1,130.49
1185.0,Loyal Customers,1,4,4,1,100.43
1186.0,Potential Loyalists,1,4,495,1,163.56
1187.0,Lost Customers,1,4,712,1,92.14
1188.0,Potential Loyalists,1,4,381,1,211.47
1189.0,Loyal Customers,1,4,112,1,125.53
1190.0,Loyal Customers,1,4,327,1,231.74
1191.0,Loyal Customers,1,4,170,1,121.11
1192.0,Loyal Customers,1,4,348,1,135.9
1193.0,Potential Loyalists,1,4,456,1,169.38
1194.0,Lost Customers,1,4,605,1,123.03
1195.0,Lost Customers,1,4,594,1,228.53
1196.0,Lost Customers,1,4,664,1,121.26
1197.0,Loyal Customers,1,4,263,1,71.71
1198.0,Lost Customers,1,4,700,1,91.63
1199.0,Loyal Customers,1,4,130,1,141.5
1200.0,Loyal Customers,1,4,19,1,127.87
1201.0,Champions,1,4,127,1,174.3
1202.0,Potential Loyalists,1,4,483,1,91.18
1203.0,Potential Loyalists,1,4,537,1,272.71
1204.0,Champions,1,4,168,1,169.69
1205.0,Lost Customers,1,4,704,1,149.5
1206.0,Loyal Customers,1,4,4,1,116.87
1207.0,Potential Loyalists,1,4,413,1,68.41
1208.0,Lost Customers,1,4,639,1,88.89
1209.0,Loyal Customers,1,4,322,1,110.77
1210.0,Lost Customers,1,4,722,1,120.93
1211.0,Loyal Customers,1,4,220,1,161.23
1212.0,Potential Loyalists,1,4,425,1,78.39
1213.0,Lost Customers,1,4,646,1,103.85
1214.0,Potential Loyalists,1,4,411,1,207.7
1215.0,Potential Loyalists,1,4,383,1,81.91
1216.0,Potential Loyalists,1,4,428,1,124.15
1217.0,Lost Customers,1,4,666,1,43.84
1218.0,Potential Loyalists,1,4,396,1,164.94
1219.0,Potential Loyalists,1,4,506,1,197.36
1220.0,Loyal Customers,1,4,9,1,78.93
1221.0,Loyal Customers,1,4,79,1,95.88
1222.0,Potential Loyalists,1,4,488,1,120.83
1223.0,Potential Loyalists,1,4,490,1,110.95
1224.0,Potential Loyalists,1,4,494,1,112.93
1225.0,Lost Customers,1,4,671,1,130.63
1226.0,Loyal Customers,1,4,150,1,125.8
1227.0,Loyal Customers,1,4,26,1,96.48
1228.0,Lost Customers,1,4,663,1,107.46
1229.0,Loyal Customers,1,4,102,1,123.49
1230.0,Loyal Customers,1,4,78,1,92.18
1231.0,Potential Loyalists,1,4,408,1,109.98
1232.0,Potential Loyalists,1,4,463,1,73.53
1233.0,Potential Loyalists,1,4,498,1,106.12
1234.0,Champions,1,4,66,1,191.68
1235.0,Potential Loyalists,1,4,482,1,152.37
1236.0,Lost Customers,1,4,620,1,80.35
1237.0,Lost Customers,1,4,714,1,264.04
1238.0,Lost Customers,1,4,698,1,245.79
1239.0,Loyal Customers,1,4,96,1,72.1
1240.0,Potential Loyalists,1,4,402,1,99.64
1241.0,Potential Loyalists,1,4,387,1,128.24
1242.0,Loyal Customers,1,4,176,1,96.37
1243.0,Loyal Customers,1,4,208,1,93.79
1244.0,Lost Customers,1,4,640,1,41.55
1245.0,Potential Loyalists,1,4,469,1,157.41
1246.0,Loyal Customers,1,4,333,1,138.33
1247.0,Potential Loyalists,1,4,426,1,198.3
1248.0,Loyal Customers,1,4,234,1,105.84
1249.0,Loyal Customers,1,4,276,1,162.03
1250.0,Loyal Customers,1,4,140,1,119.87
1251.0,Loyal Customers,1,4,241,1,169.66
1252.0,Loyal Customers,1,4,330,1,215.04
1253.0,Loyal Customers,1,4,243,1,117.84
1254.0,Loyal Customers,1,4,95,1,85.27
1255.0,Potential Loyalists,1,4,421,1,115.92
1256.0,Potential Loyalists,1,4,530,1,92.53
1257.0,Lost Customers,1,4,588,1,138.61
1258.0,Champions,1,4,45,1,215.67
1259.0,Potential Loyalists,1,4,415,1,129.37
1260.0,Lost Customers,1,4,623,1,82.47
1261.0,Lost Customers,1,4,670,1,105.66
1262.0,Lost Customers,1,4,567,1,155.07
1263.0,Lost Customers,1,4,636,1,126.61
1264.0,Loyal Customers,1,4,348,1,134.1
1265.0,Potential Loyalists,1,4,456,1,119.44
1266.0,Lost Customers,1,4,724,1,84.08
1267.0,Lost Customers,1,4,622,1,157.07
1268.0,Loyal Customers,1,4,234,1,112.56
1269.0,Loyal Customers,1,4,36,1,66.97
1270.0,Loyal Customers,1,4,105,1,135.67
1271.0,Loyal Customers,1,4,229,1,110.35
1272.0,Lost Customers,1,4,698,1,176.27
1273.0,Loyal Customers,1,4,19,1,153.21
1274.0,Potential Loyalists,1,4,441,1,115.16
1275.0,Lost Customers,1,4,709,1,116.19
1276.0,Loyal Customers,1,4,199,1,200.22
1277.0,Loyal Customers,1,4,201,1,224.81
1278.0,Lost Customers,1,4,728,1,95.01
1279.0,Potential Loyalists,1,4,541,1,108.17
1280.0,Loyal Customers,1,4,47,1,98.73
1281.0,Loyal Customers,1,4,308,1,111.4
1282.0,Potential Loyalists,1,4,490,1,104.01
1283.0,Loyal Customers,1,4,241,1,161.12
1284.0,Loyal Customers,1,4,218,1,93.37
1285.0,Loyal Customers,1,4,109,1,114.95
1286.0,Loyal Customers,1,4,16,1,122.39
1287.0,Loyal Customers,1,4,45,1,128.37
1288.0,Loyal Customers,1,4,331,1,97.46
1289.0,Lost Customers,1,4,655,1,124.03
1290.0,Loyal Customers,1,4,324,1,117.5
1291.0,Loyal Customers,1,4,69,1,107.31
1292.0,Loyal Customers,1,4,356,1,120.09
1293.0,Loyal Customers,1,4,208,1,168.66
1294.0,Loyal Customers,1,4,293,1,159.84
1295.0,Lost Customers,1,4,721,1,156.94
1296.0,Lost Customers,1,4,651,1,156.77
1297.0,Loyal Customers,1,4,287,1,95.99
1298.0,Potential Loyalists,1,4,462,1,66.52
1299.0,Lost Customers,1,4,648,1,185.79
1300.0,Loyal Customers,1,4,357,1,74.75
1301.0,Loyal Customers,1,4,208,1,167.39
1302.0,Loyal Customers,1,4,285,1,199.25
1303.0,Loyal Customers,1,4,129,1,122.96
1304.0,Potential Loyalists,1,4,486,1,102.76
1305.0,Lost Customers,1,4,635,1,111.32
1306.0,Potential Loyalists,1,4,420,1,124.84
1307.0,Potential Loyalists,1,4,443,1,95.43
1308.0,Loyal Customers,1,4,327,1,111.8
1309.0,Potential Loyalists,1,4,412,1,168.7
1310.0,Loyal Customers,1,4,217,1,172.96
1311.0,Loyal Customers,1,4,182,1,95.18
1312.0,Loyal Customers,1,4,326,1,141.47
1313.0,Loyal Customers,1,4,62,1,73.86
1314.0,Potential Loyalists,1,4,367,1,25.29
1315.0,Potential Loyalists,1,4,391,1,135.06
1316.0,Loyal Customers,1,4,351,1,110.15
1317.0,Lost Customers,1,4,643,1,81.32
1318.0,Potential Loyalists,1,4,547,1,79.95
1319.0,Potential Loyalists,1,4,394,1,140.04
1320.0,Champions,1,4,1,1,222.59
1321.0,Potential Loyalists,1,4,520,1,117.1
1322.0,Loyal Customers,1,4,84,1,149.9
1323.0,Lost Customers,1,4,573,1,204.25
1324.0,Lost Customers,1,4,588,1,156.62
1325.0,Potential Loyalists,1,4,429,1,186.58
1326.0,Loyal Customers,1,4,326,1,121.07
1327.0,Loyal Customers,1,4,271,1,199.91
1328.0,Loyal Customers,1,4,266,1,140.3
1329.0,Loyal Customers,1,4,200,1,126.6
1330.0,Lost Customers,1,4,630,1,91.93
1331.0,Lost Customers,1,4,709,1,129.79
1332.0,Lost Customers,1,4,624,1,268.37
1333.0,Potential Loyalists,1,4,421,1,94.08
1334.0,Lost Customers,1,4,648,1,102.0
1335.0,Loyal Customers,1,4,110,1,137.49
1336.0,Lost Customers,1,4,616,1,171.17
1337.0,Loyal Customers,1,4,144,1,86.8
1338.0,Loyal Customers,1,4,320,1,62.48
1339.0,Loyal Customers,1,4,69,1,68.55
1340.0,Potential Loyalists,1,4,467,1,99.66
1341.0,Potential Loyalists,1,4,390,1,117.7
1342.0,Lost Customers,1,4,697,1,128.74
1343.0,Loyal Customers,1,4,277,1,96.4
1344.0,Loyal Customers,1,4,326,1,112.85
1345.0,Loyal Customers,1,4,232,1,81.05
1346.0,Loyal Customers,1,4,76,1,119.88
1347.0,Lost Customers,1,4,552,1,116.41
1348.0,Potential Loyalists,1,4,510,1,161.12
1349.0,Lost Customers,1,4,674,1,125.55
1350.0,Loyal Customers,1,4,77,1,101.69
1351.0,Loyal Customers,1,4,69,1,97.78
1352.0,Loyal Customers,1,4,252,1,175.75
1353.0,Loyal Customers,1,4,322,1,115.98
1354.0,Loyal Customers,1,4,190,1,107.47
1355.0,Loyal Customers,1,4,144,1,97.9
1356.0,Lost Customers,1,4,606,1,145.19
1357.0,Loyal Customers,1,4,309,1,108.43
1358.0,Loyal Customers,1,4,326,1,165.65
1359.0,Lost Customers,1,4,605,1,131.41
1360.0,Lost Customers,1,4,723,1,104.42
1361.0,Lost Customers,1,4,695,1,72.71
1362.0,Lost Customers,1,4,597,1,166.54
1363.0,Loyal Customers,1,4,79,1,131.73
1364.0,Lost Customers,1,4,700,1,166.61
1365.0,Loyal Customers,1,4,286,1,135.33
1366.0,Loyal Customers,1,4,5,1,137.6
1367.0,Potential Loyalists,1,4,497,1,60.26
1368.0,Lost Customers,1,4,568,1,142.37
1369.0,Potential Loyalists,1,4,533,1,61.29
1370.0,Loyal Customers,1,4,226,1,77.66
1371.0,Loyal Customers,1,4,144,1,127.58
1372.0,Loyal Customers,1,4,162,1,82.82
1373.0,Lost Customers,1,4,711,1,73.35
1374.0,Potential Loyalists,1,4,515,1,92.9
1375.0,Lost Customers,1,4,602,1,90.74
1376.0,Loyal Customers,1,4,23,1,120.26
1377.0,Potential Loyalists,1,4,388,1,210.34
1378.0,Lost Customers,1,4,722,1,130.14
1379.0,Loyal Customers,1,4,42,1,106.57
1380.0,Potential Loyalists,1,4,546,1,74.15
1381.0,Lost Customers,1,4,589,1,144.58
1382.0,Lost Customers,1,4,586,1,78.59
1383.0,Loyal Customers,1,4,91,1,130.18
1384.0,Loyal Customers,1,4,319,1,123.43
1385.0,Potential Loyalists,1,4,403,1,53.61
1386.0,Potential Loyalists,1,4,461,1,44.0
1387.0,Potential Loyalists,1,4,421,1,134.91
1388.0,Potential Loyalists,1,4,522,1,109.92
1389.0,Loyal Customers,1,4,35,1,98.58
1390.0,Lost Customers,1,4,553,1,99.54
1391.0,Loyal Customers,1,4,229,1,69.32
1392.0,Loyal Customers,1,4,86,1,104.63
1393.0,Loyal Customers,1,4,334,1,116.99
1394.0,Potential Loyalists,1,4,391,1,83.49
1395.0,Lost Customers,1,4,726,1,105.14
1396.0,Potential Loyalists,1,4,388,1,121.91
1397.0,Potential Loyalists,1,4,443,1,121.74
1398.0,Potential Loyalists,1,4,518,1,125.22
1399.0,Lost Customers,1,4,553,1,107.23
1400.0,Lost Customers,1,4,702,1,137.73
1401.0,Lost Customers,1,4,660,1,126.71
1402.0,Loyal Customers,1,4,280,1,93.78
1403.0,Loyal Customers,1,4,271,1,235.82
1404.0,Potential Loyalists,1,4,536,1,121.97
1405.0,Lost Customers,1,4,652,1,126.37
1406.0,Potential Loyalists,1,4,431,1,111.91
1407.0,Loyal Customers,1,4,39,1,127.54
1408.0,Champions,1,4,129,1,199.23
1409.0,Lost Customers,1,4,631,1,200.92
1410.0,Potential Loyalists,1,4,412,1,89.85
1411.0,Loyal Customers,1,4,107,1,158.7
1412.0,Lost Customers,1,4,696,1,79.97
1413.0,Potential Loyalists,1,4,386,1,137.23
1414.0,Loyal Customers,1,4,167,1,91.28
1415.0,Loyal Customers,1,4,318,1,202.92
1416.0,Potential Loyalists,1,4,548,1,189.89
1417.0,Loyal Customers,1,4,290,1,117.8
1418.0,Lost Customers,1,4,720,1,263.8
1419.0,Loyal Customers,1,4,340,1,115.43
1420.0,Loyal Customers,1,4,29,1,97.68
1421.0,Loyal Customers,1,4,109,1,76.88
1422.0,Loyal Customers,1,4,350,1,157.21
1423.0,Champions,1,4,97,1,170.11
1424.0,Loyal Customers,1,4,307,1,108.18
1425.0,Loyal Customers,1,4,85,1,81.16
1426.0,Potential Loyalists,1,4,470,1,115.87
1427.0,Loyal Customers,1,4,29,1,91.05
1428.0,Loyal Customers,1,4,366,1,157.64
1429.0,Lost Customers,1,4,723,1,193.53
1430.0,Loyal Customers,1,4,27,1,128.92
1431.0,Lost Customers,1,4,725,1,166.9
1432.0,Loyal Customers,1,4,333,1,72.04
1433.0,Champions,1,4,60,1,227.16
1434.0,Loyal Customers,1,4,236,1,90.35
1435.0,Lost Customers,1,4,658,1,110.91
1436.0,Loyal Customers,1,4,274,1,166.1
1437.0,Potential Loyalists,1,4,412,1,98.35
1438.0,Potential Loyalists,1,4,544,1,107.44
1439.0,Loyal Customers,1,4,187,1,180.81
1440.0,Lost Customers,1,4,703,1,112.39
1441.0,Loyal Customers,1,4,125,1,99.8
1442.0,Loyal Customers,1,4,32,1,121.34
1443.0,Potential Loyalists,1,4,420,1,145.45
1444.0,Loyal Customers,1,4,167,1,127.39
1445.0,Potential Loyalists,1,4,496,1,200.6
1446.0,Loyal Customers,1,4,105,1,139.23
1447.0,Champions,1,4,152,1,173.2
1448.0,Loyal Customers,1,4,42,1,161.56
1449.0,Loyal Customers,1,4,38,1,104.57
1450.0,Loyal Customers,1,4,130,1,110.35
1451.0,Lost Customers,1,4,564,1,191.2
1452.0,Loyal Customers,1,4,228,1,101.9
1453.0,Loyal Customers,1,4,107,1,144.25
1454.0,Loyal Customers,1,4,327,1,241.25
1455.0,Lost Customers,1,4,665,1,92.27
1456.0,Loyal Customers,1,4,232,1,101.11
1457.0,Loyal Customers,1,4,7,1,124.13
1458.0,Potential Loyalists,1,4,374,1,172.93
1459.0,Loyal Customers,1,4,33,1,102.31
1460.0,Loyal Customers,1,4,214,1,86.02
1461.0,Loyal Customers,1,4,325,1,232.5
1462.0,Potential Loyalists,1,4,429,1,112.9
1463.0,Potential Loyalists,1,4,397,1,83.25
1464.0,Loyal Customers,1,4,334,1,236.11
1465.0,Loyal Customers,1,4,194,1,112.54
1466.0,Loyal Customers,1,4,195,1,211.31
1467.0,Potential Loyalists,1,4,391,1,129.38
1468.0,Loyal Customers,1,4,55,1,111.35
1469.0,Lost Customers,1,4,715,1,235.85
1470.0,Loyal Customers,1,4,196,1,94.02
1471.0,Loyal Customers,1,4,236,1,103.24
1472.0,Loyal Customers,1,4,61,1,75.68
1473.0,Loyal Customers,1,4,197,1,135.66
1474.0,Loyal Customers,1,4,133,1,116.06
1475.0,Loyal Customers,1,4,333,1,136.39
1476.0,Loyal Customers,1,4,53,1,143.77
1477.0,Potential Loyalists,1,4,406,1,144.0
1478.0,Loyal Customers,1,4,101,1,126.8
1479.0,Loyal Customers,1,4,347,1,112.3
1480.0,Loyal Customers,1,4,365,1,193.7
1481.0,Lost Customers,1,4,597,1,93.24
1482.0,Loyal Customers,1,4,178,1,162.0
1483.0,Loyal Customers,1,4,165,1,119.49
1484.0,Lost Customers,1,4,603,1,125.06
1485.0,Loyal Customers,1,4,84,1,64.23
1486.0,Lost Customers,1,4,659,1,110.43
1487.0,Loyal Customers,1,4,220,1,189.57
1488.0,Loyal Customers,1,4,85,1,112.92
1489.0,Loyal Customers,1,4,213,1,118.54
1490.0,Loyal Customers,1,4,216,1,121.99
1491.0,Loyal Customers,1,4,91,1,126.18
1492.0,Lost Customers,1,4,638,1,210.6
1493.0,Loyal Customers,1,4,319,1,163.1
1494.0,Loyal Customers,1,4,40,1,78.86
1495.0,Loyal Customers,1,4,151,1,130.35
1496.0,Loyal Customers,1,4,163,1,72.92
1497.0,Loyal Customers,1,4,344,1,58.72
1498.0,Lost Customers,1,4,639,1,106.26
1499.0,Potential Loyalists,1,4,515,1,103.9
1500.0,Potential Loyalists,1,4,367,1,102.33
1501.0,Loyal Customers,1,4,176,1,81.71
1502.0,Potential Loyalists,1,4,513,1,88.65
1503.0,Lost Customers,1,4,620,1,134.1
1504.0,Lost Customers,1,4,690,1,85.79
1505.0,Champions,1,4,79,1,197.86
1506.0,Lost Customers,1,4,551,1,110.77
1507.0,Loyal Customers,1,4,15,1,126.54
1508.0,Loyal Customers,1,4,7,1,116.32
1509.0,Loyal Customers,1,4,196,1,162.29
1510.0,Potential Loyalists,1,4,528,1,135.1
1511.0,Loyal Customers,1,4,10,1,94.17
1512.0,Lost Customers,1,4,729,1,147.51
1513.0,Loyal Customers,1,4,332,1,133.24
1514.0,Loyal Customers,1,4,285,1,146.14
1515.0,Potential Loyalists,1,4,516,1,56.35
1516.0,Loyal Customers,1,4,258,1,268.32
1517.0,Loyal Customers,1,4,101,1,123.95
1518.0,Loyal Customers,1,4,150,1,107.9
1519.0,Loyal Customers,1,4,175,1,48.52
1520.0,Potential Loyalists,1,4,370,1,57.06
1521.0,Lost Customers,1,4,629,1,150.47
1522.0,Lost Customers,1,4,724,1,98.65
1523.0,Loyal Customers,1,4,221,1,99.47
1524.0,Potential Loyalists,1,4,472,1,29.78
1525.0,Loyal Customers,1,4,248,1,83.07
1526.0,Loyal Customers,1,4,167,1,87.37
1527.0,Potential Loyalists,1,4,390,1,140.92
1528.0,Potential Loyalists,1,4,431,1,144.23
1529.0,Potential Loyalists,1,4,367,1,71.44
1530.0,Lost Customers,1,4,571,1,65.73
1531.0,Lost Customers,1,4,652,1,107.35
1532.0,Loyal Customers,1,4,1,1,110.42
1533.0,Lost Customers,1,4,656,1,200.5
1534.0,Lost Customers,1,4,554,1,145.33
1535.0,Loyal Customers,1,4,11,1,130.81
1536.0,Champions,1,4,180,1,201.69
1537.0,Loyal Customers,1,4,162,1,119.77
1538.0,Lost Customers,1,4,727,1,90.47
1539.0,Loyal Customers,1,4,192,1,74.43
1540.0,Loyal Customers,1,4,364,1,64.71
1541.0,Potential Loyalists,1,4,407,1,77.03
1542.0,Loyal Customers,1,4,129,1,112.46
1543.0,Potential Loyalists,1,4,443,1,135.04
1544.0,Loyal Customers,1,4,222,1,178.66
1545.0,Potential Loyalists,1,4,372,1,104.44
1546.0,Lost Customers,1,4,648,1,84.78
1547.0,Lost Customers,1,4,722,1,197.42
1548.0,Loyal Customers,1,4,155,1,56.77
1549.0,Lost Customers,1,4,717,1,104.5
1550.0,Potential Loyalists,1,4,450,1,156.29
1551.0,Potential Loyalists,1,4,548,1,87.0
1552.0,Potential Loyalists,1,4,446,1,275.51
1553.0,Loyal Customers,1,4,147,1,110.35
1554.0,Potential Loyalists,1,4,431,1,184.56
1555.0,Loyal Customers,1,4,66,1,113.27
1556.0,Lost Customers,1,4,584,1,167.47
1557.0,Loyal Customers,1,4,344,1,116.01
1558.0,Potential Loyalists,1,4,509,1,127.06
1559.0,Loyal Customers,1,4,260,1,103.5
1560.0,Lost Customers,1,4,654,1,82.1
1561.0,Loyal Customers,1,4,165,1,85.17
1562.0,Lost Customers,1,4,679,1,144.78
1563.0,Potential Loyalists,1,4,486,1,96.96
1564.0,Potential Loyalists,1,4,390,1,125.1
1565.0,Loyal Customers,1,4,289,1,101.42
1566.0,Potential Loyalists,1,4,497,1,92.81
1567.0,Loyal Customers,1,4,17,1,121.77
1568.0,Loyal Customers,1,4,26,1,85.14
1569.0,Loyal Customers,1,4,176,1,111.17
1570.0,Loyal Customers,1,4,69,1,137.51
1571.0,Potential Loyalists,1,4,391,1,120.87
1572.0,Lost Customers,1,4,579,1,106.06
1573.0,Lost Customers,1,4,553,1,281.74
1574.0,Loyal Customers,1,4,215,1,116.82
1575.0,Lost Customers,1,4,713,1,103.62
1576.0,Lost Customers,1,4,558,1,96.13
1577.0,Loyal Customers,1,4,147,1,70.4
1578.0,Lost Customers,1,4,626,1,127.87
1579.0,Loyal Customers,1,4,221,1,100.05
1580.0,Loyal Customers,1,4,364,1,98.92
1581.0,Potential Loyalists,1,4,368,1,142.17
1582.0,Loyal Customers,1,4,17,1,96.93
1583.0,Loyal Customers,1,4,287,1,124.18
1584.0,Champions,1,4,26,1,230.07
1585.0,Lost Customers,1,4,690,1,91.04
1586.0,Lost Customers,1,4,682,1,154.34
1587.0,Loyal Customers,1,4,332,1,163.63
1588.0,Loyal Customers,1,4,176,1,74.05
1589.0,Potential Loyalists,1,4,368,1,127.14
1590.0,Loyal Customers,1,4,190,1,77.49
1591.0,Loyal Customers,1,4,254,1,199.54
1592.0,Potential Loyalists,1,4,381,1,86.94
1593.0,Potential Loyalists,1,4,534,1,104.96
1594.0,Loyal Customers,1,4,39,1,77.0
1595.0,Lost Customers,1,4,653,1,147.06
1596.0,Potential Loyalists,1,4,546,1,144.97
1597.0,Potential Loyalists,1,4,517,1,148.52
1598.0,Loyal Customers,1,4,351,1,133.07
1599.0,Potential Loyalists,1,4,418,1,143.44
1600.0,Potential Loyalists,1,4,426,1,347.17
1601.0,Lost Customers,1,4,675,1,175.26
1602.0,Lost Customers,1,4,577,1,100.97
1603.0,Potential Loyalists,1,4,412,1,158.2
1604.0,Loyal Customers,1,4,206,1,116.39
1605.0,Loyal Customers,1,4,43,1,159.6
1606.0,Loyal Customers,1,4,327,1,45.89
1607.0,Loyal Customers,1,4,114,1,93.05
1608.0,Loyal Customers,1,4,252,1,182.92
1609.0,Lost Customers,1,4,679,1,169.64
1610.0,Potential Loyalists,1,4,380,1,143.19
1611.0,Loyal Customers,1,4,248,1,300.26
1612.0,Potential Loyalists,1,4,509,1,185.38
1613.0,Lost Customers,1,4,662,1,110.73
1614.0,Potential Loyalists,1,4,504,1,229.04
1615.0,Loyal Customers,1,4,65,1,161.39
1616.0,Lost Customers,1,4,635,1,82.98
1617.0,Loyal Customers,1,4,98,1,120.01
1618.0,Loyal Customers,1,4,325,1,181.09
1619.0,Lost Customers,1,4,606,1,159.27
1620.0,Potential Loyalists,1,4,500,1,111.03
1621.0,Loyal Customers,1,4,151,1,95.52
1622.0,Loyal Customers,1,4,308,1,190.4
1623.0,Champions,1,4,66,1,180.53
1624.0,Champions,1,4,161,1,193.05
1625.0,Lost Customers,1,4,684,1,133.85
1626.0,Loyal Customers,1,4,362,1,124.19
1627.0,Loyal Customers,1,4,355,1,262.65
1628.0,Loyal Customers,1,4,342,1,255.59
1629.0,Lost Customers,1,4,618,1,108.98
1630.0,Loyal Customers,1,4,35,1,72.08
1631.0,Lost Customers,1,4,712,1,134.94
1632.0,Lost Customers,1,4,604,1,162.08
1633.0,Loyal Customers,1,4,238,1,162.13
1634.0,Loyal Customers,1,4,151,1,164.99
1635.0,Potential Loyalists,1,4,534,1,76.36
1636.0,Lost Customers,1,4,553,1,115.93
1637.0,Lost Customers,1,4,637,1,87.24
1638.0,Potential Loyalists,1,4,422,1,123.79
1639.0,Lost Customers,1,4,556,1,109.26
1640.0,Loyal Customers,1,4,308,1,90.56
1641.0,Loyal Customers,1,4,197,1,141.73
1642.0,Potential Loyalists,1,4,491,1,101.63
1643.0,Lost Customers,1,4,584,1,174.34
1644.0,Champions,1,4,130,1,192.92
1645.0,Loyal Customers,1,4,239,1,104.58
1646.0,Loyal Customers,1,4,175,1,151.22
1647.0,Lost Customers,1,4,681,1,223.93
1648.0,Lost Customers,1,4,723,1,113.72
1649.0,Lost Customers,1,4,606,1,221.49
1650.0,Potential Loyalists,1,4,420,1,65.17
1651.0,Loyal Customers,1,4,269,1,135.72
1652.0,Lost Customers,1,4,684,1,75.95
1653.0,Loyal Customers,1,4,262,1,63.82
1654.0,Lost Customers,1,4,729,1,117.74
1655.0,Potential Loyalists,1,4,417,1,85.45
1656.0,Lost Customers,1,4,717,1,239.73
1657.0,Potential Loyalists,1,4,484,1,84.71
1658.0,Lost Customers,1,4,660,1,158.29
1659.0,Lost Customers,1,4,718,1,112.27
1660.0,Loyal Customers,1,4,42,1,141.96
1661.0,Potential Loyalists,1,4,425,1,75.63
1662.0,Lost Customers,1,4,586,1,125.24
1663.0,Loyal Customers,1,4,3,1,88.71
1664.0,Potential Loyalists,1,4,380,1,76.22
1665.0,Potential Loyalists,1,4,479,1,131.57
1666.0,Loyal Customers,1,4,4,1,95.21
1667.0,Loyal Customers,1,4,299,1,57.53
1668.0,Loyal Customers,1,4,108,1,131.91
1669.0,Potential Loyalists,1,4,537,1,69.14
1670.0,Loyal Customers,1,4,343,1,114.42
1671.0,Potential Loyalists,1,4,418,1,274.55
1672.0,Potential Loyalists,1,4,517,1,74.02
1673.0,Loyal Customers,1,4,42,1,129.9
1674.0,Loyal Customers,1,4,217,1,110.23
1675.0,Lost Customers,1,4,688,1,97.6
1676.0,Loyal Customers,1,4,295,1,64.14
1677.0,Loyal Customers,1,4,22,1,130.5
1678.0,Champions,1,4,82,1,211.42
1679.0,Loyal Customers,1,4,234,1,165.09
1680.0,Lost Customers,1,4,600,1,115.48
1681.0,Loyal Customers,1,4,315,1,99.67
1682.0,Loyal Customers,1,4,354,1,106.5
1683.0,Loyal Customers,1,4,189,1,126.26
1684.0,Loyal Customers,1,4,214,1,159.05
1685.0,Potential Loyalists,1,4,467,1,101.74
1686.0,Loyal Customers,1,4,63,1,82.47
1687.0,Loyal Customers,1,4,320,1,105.67
1688.0,Lost Customers,1,4,636,1,176.01
1689.0,Potential Loyalists,1,4,540,1,99.54
1690.0,Loyal Customers,1,4,316,1,85.39
1691.0,Lost Customers,1,4,586,1,137.24
1692.0,Lost Customers,1,4,662,1,233.5
1693.0,Lost Customers,1,4,700,1,120.17
1694.0,Lost Customers,1,4,682,1,108.23
1695.0,Lost Customers,1,4,646,1,70.97
1696.0,Loyal Customers,1,4,183,1,124.98
1697.0,Champions,1,4,115,1,181.31
1698.0,Lost Customers,1,4,664,1,133.93
1699.0,Loyal Customers,1,4,193,1,183.1
1700.0,Champions,1,4,76,1,304.98
1701.0,Loyal Customers,1,4,318,1,40.31
1702.0,Lost Customers,1,4,594,1,138.22
1703.0,Potential Loyalists,1,4,484,1,161.86
1704.0,Champions,1,4,71,1,260.15
1705.0,Lost Customers,1,4,555,1,134.1
1706.0,Loyal Customers,1,4,172,1,126.21
1707.0,Loyal Customers,1,4,11,1,95.91
1708.0,Potential Loyalists,1,4,372,1,103.59
1709.0,Potential Loyalists,1,4,459,1,175.68
1710.0,Potential Loyalists,1,4,466,1,166.82
1711.0,Loyal Customers,1,4,244,1,85.87
1712.0,Lost Customers,1,4,573,1,114.41
1713.0,Loyal Customers,1,4,333,1,151.74
1714.0,Potential Loyalists,1,4,453,1,146.34
1715.0,Potential Loyalists,1,4,528,1,79.41
1716.0,Loyal Customers,1,4,72,1,105.64
1717.0,Potential Loyalists,1,4,440,1,217.64
1718.0,Loyal Customers,1,4,147,1,78.69
1719.0,Loyal Customers,1,4,186,1,71.03
1720.0,Loyal Customers,1,4,74,1,134.74
1721.0,Loyal Customers,1,4,174,1,104.81
1722.0,Loyal Customers,1,4,318,1,168.47
1723.0,Lost Customers,1,4,673,1,211.66
1724.0,Loyal Customers,1,4,51,1,139.69
1725.0,Potential Loyalists,1,4,533,1,62.14
1726.0,Loyal Customers,1,4,99,1,86.13
1727.0,Lost Customers,1,4,632,1,153.85
1728.0,Lost Customers,1,4,553,1,179.83
1729.0,Potential Loyalists,1,4,540,1,34.3
1730.0,Lost Customers,1,4,709,1,148.21
1731.0,Potential Loyalists,1,4,476,1,126.16
1732.0,Champions,1,4,73,1,169.7
1733.0,Lost Customers,1,4,692,1,100.62
1734.0,Potential Loyalists,1,4,488,1,97.11
1735.0,Loyal Customers,1,4,280,1,128.99
1736.0,Potential Loyalists,1,4,401,1,117.53
1737.0,Potential Loyalists,1,4,416,1,153.93
1738.0,Loyal Customers,1,4,211,1,129.45
1739.0,Loyal Customers,1,4,155,1,81.03
1740.0,Lost Customers,1,4,677,1,186.77
1741.0,Lost Customers,1,4,729,1,167.37
1742.0,Loyal Customers,1,4,296,1,180.26
1743.0,Lost Customers,1,4,593,1,289.19
1744.0,Champions,1,4,171,1,166.17
1745.0,Lost Customers,1,4,638,1,77.34
1746.0,Potential Loyalists,1,4,423,1,182.36
1747.0,Loyal Customers,1,4,348,1,224.18
1748.0,Loyal Customers,1,4,76,1,86.25
1749.0,Loyal Customers,1,4,343,1,107.51
1750.0,Champions,1,4,90,1,170.97
1751.0,Loyal Customers,1,4,238,1,90.2
1752.0,Lost Customers,1,4,707,1,130.74
1753.0,Lost Customers,1,4,720,1,116.88
1754.0,Potential Loyalists,1,4,505,1,111.96
1755.0,Loyal Customers,1,4,324,1,173.73
1756.0,Lost Customers,1,4,611,1,76.01
1757.0,Loyal Customers,1,4,26,1,126.95
1758.0,Loyal Customers,1,4,154,1,138.4
1759.0,Potential Loyalists,1,4,543,1,76.46
1760.0,Lost Customers,1,4,690,1,110.74
1761.0,Potential Loyalists,1,4,457,1,92.45
1762.0,Champions,1,4,178,1,167.86
1763.0,Potential Loyalists,1,4,477,1,135.27
1764.0,Loyal Customers,1,4,315,1,98.79
1765.0,Lost Customers,1,4,716,1,119.66
1766.0,Loyal Customers,1,4,36,1,113.29
1767.0,Lost Customers,1,4,597,1,133.54
1768.0,Champions,1,4,85,1,180.47
1769.0,Loyal Customers,1,4,366,1,138.89
1770.0,Loyal Customers,1,4,315,1,93.75
1771.0,Champions,1,4,179,1,207.28
1772.0,Loyal Customers,1,4,97,1,109.43
1773.0,Potential Loyalists,1,4,404,1,116.9
1774.0,Potential Loyalists,1,4,390,1,143.05
1775.0,Loyal Customers,1,4,356,1,88.43
1776.0,Lost Customers,1,4,644,1,113.62
1777.0,Loyal Customers,1,4,240,1,165.17
1778.0,Potential Loyalists,1,4,464,1,94.37
1779.0,Loyal Customers,1,4,133,1,134.86
1780.0,Loyal Customers,1,4,29,1,117.94
1781.0,Potential Loyalists,1,4,437,1,241.56
1782.0,Champions,1,4,71,1,194.89
1783.0,Loyal Customers,1,4,107,1,162.16
1784.0,Loyal Customers,1,4,189,1,97.15
1785.0,Loyal Customers,1,4,12,1,91.22
1786.0,Loyal Customers,1,4,257,1,131.03
1787.0,Loyal Customers,1,4,175,1,100.89
1788.0,Loyal Customers,1,4,25,1,150.9
1789.0,Lost Customers,1,4,625,1,66.74
1790.0,Loyal Customers,1,4,23,1,112.3
1791.0,Lost Customers,1,4,694,1,130.8
1792.0,Loyal Customers,1,4,139,1,97.73
1793.0,Lost Customers,1,4,677,1,191.51
1794.0,Potential Loyalists,1,4,491,1,98.79
1795.0,Lost Customers,1,4,609,1,165.28
1796.0,Loyal Customers,1,4,202,1,141.26
1797.0,Champions,1,4,3,1,271.29
1798.0,Loyal Customers,1,4,24,1,106.27
1799.0,Lost Customers,1,4,701,1,112.8
1800.0,Lost Customers,1,4,651,1,122.34
1801.0,Lost Customers,1,4,637,1,116.56
1802.0,Potential Loyalists,1,4,407,1,52.32
1803.0,Lost Customers,1,4,607,1,91.89
1804.0,Potential Loyalists,1,4,473,1,138.91
1805.0,Potential Loyalists,1,4,470,1,77.4
1806.0,Lost Customers,1,4,557,1,46.49
1807.0,Loyal Customers,1,4,339,1,79.21
1808.0,Potential Loyalists,1,4,459,1,195.28
1809.0,Lost Customers,1,4,690,1,122.16
1810.0,Lost Customers,1,4,611,1,342.7
1811.0,Lost Customers,1,4,574,1,73.05
1812.0,Champions,1,4,122,1,212.32
1813.0,Loyal Customers,1,4,82,1,102.49
1814.0,Loyal Customers,1,4,342,1,93.66
1815.0,Loyal Customers,1,4,257,1,77.55
1816.0,Loyal Customers,1,4,239,1,156.27
1817.0,Loyal Customers,1,4,109,1,114.82
1818.0,Potential Loyalists,1,4,413,1,176.07
1819.0,Champions,1,4,127,1,208.03
1820.0,Potential Loyalists,1,4,504,1,150.81
1821.0,Lost Customers,1,4,683,1,97.32
1822.0,Lost Customers,1,4,588,1,149.38
1823.0,Potential Loyalists,1,4,516,1,172.55
1824.0,Lost Customers,1,4,630,1,215.05
1825.0,Lost Customers,1,4,569,1,100.2
1826.0,Lost Customers,1,4,594,1,178.77
1827.0,Champions,1,4,175,1,175.82
1828.0,Loyal Customers,1,4,216,1,130.8
1829.0,Loyal Customers,1,4,31,1,94.75
1830.0,Lost Customers,1,4,709,1,248.23
1831.0,Potential Loyalists,1,4,538,1,112.96
1832.0,Loyal Customers,1,4,274,1,109.01
1833.0,Loyal Customers,1,4,215,1,168.49
1834.0,Potential Loyalists,1,4,485,1,113.24
1835.0,Loyal Customers,1,4,162,1,149.16
1836.0,Lost Customers,1,4,592,1,126.25
1837.0,Loyal Customers,1,4,279,1,78.53
1838.0,Lost Customers,1,4,721,1,154.85
1839.0,Loyal Customers,1,4,357,1,142.83
1840.0,Lost Customers,1,4,604,1,240.33
1841.0,Loyal Customers,1,4,3,1,131.47
1842.0,Loyal Customers,1,4,289,1,87.16
1843.0,Loyal Customers,1,4,57,1,110.54
1844.0,Potential Loyalists,1,4,385,1,139.01
1845.0,Loyal Customers,1,4,167,1,143.68
1846.0,Potential Loyalists,1,4,454,1,79.59
1847.0,Potential Loyalists,1,4,467,1,66.33
1848.0,Loyal Customers,1,4,276,1,98.47
1849.0,Potential Loyalists,1,4,454,1,145.13
1850.0,Lost Customers,1,4,613,1,181.95
1851.0,Loyal Customers,1,4,325,1,117.7
1852.0,Lost Customers,1,4,596,1,111.87
1853.0,Loyal Customers,1,4,216,1,90.57
1854.0,Potential Loyalists,1,4,403,1,145.4
1855.0,Lost Customers,1,4,675,1,99.28
1856.0,Loyal Customers,1,4,252,1,65.12
1857.0,Loyal Customers,1,4,309,1,59.67
1858.0,Loyal Customers,1,4,311,1,105.89
1859.0,Potential Loyalists,1,4,387,1,145.49
1860.0,Potential Loyalists,1,4,409,1,148.85
1861.0,Loyal Customers,1,4,249,1,136.89
1862.0,Loyal Customers,1,4,245,1,117.6
1863.0,Potential Loyalists,1,4,486,1,287.04
1864.0,Potential Loyalists,1,4,398,1,64.42
1865.0,Lost Customers,1,4,570,1,138.98
1866.0,Loyal Customers,1,4,124,1,119.97
1867.0,Loyal Customers,1,4,224,1,86.02
1868.0,Loyal Customers,1,4,227,1,196.26
1869.0,Loyal Customers,1,4,81,1,103.44
1870.0,Potential Loyalists,1,4,408,1,222.48
1871.0,Potential Loyalists,1,4,524,1,155.89
1872.0,Loyal Customers,1,4,360,1,85.22
1873.0,Loyal Customers,1,4,239,1,168.1
1874.0,Lost Customers,1,4,656,1,99.02
1875.0,Lost Customers,1,4,652,1,120.79
1876.0,Loyal Customers,1,4,159,1,143.02
1877.0,Loyal Customers,1,4,105,1,57.06
1878.0,Potential Loyalists,1,4,434,1,79.24
1879.0,Lost Customers,1,4,719,1,149.34
1880.0,Lost Customers,1,4,658,1,135.16
1881.0,Lost Customers,1,4,681,1,131.04
1882.0,Loyal Customers,1,4,94,1,112.85
1883.0,Potential Loyalists,1,4,402,1,220.96
1884.0,Potential Loyalists,1,4,432,1,74.74
1885.0,Loyal Customers,1,4,110,1,70.94
1886.0,Potential Loyalists,1,4,375,1,84.13
1887.0,Lost Customers,1,4,641,1,133.4
1888.0,Loyal Customers,1,4,335,1,77.07
1889.0,Loyal Customers,1,4,335,1,166.97
1890.0,Potential Loyalists,1,4,376,1,136.07
1891.0,Potential Loyalists,1,4,487,1,91.64
1892.0,Potential Loyalists,1,4,457,1,121.37
1893.0,Loyal Customers,1,4,28,1,111.74
1894.0,Lost Customers,1,4,636,1,89.19
1895.0,Potential Loyalists,1,4,397,1,240.12
1896.0,Loyal Customers,1,4,93,1,141.83
1897.0,Loyal Customers,1,4,21,1,73.06
1898.0,Lost Customers,1,4,632,1,171.31
1899.0,Loyal Customers,1,4,61,1,47.86
1900.0,Potential Loyalists,1,4,454,1,43.51
1901.0,Loyal Customers,1,4,82,1,121.46
1902.0,Potential Loyalists,1,4,480,1,88.93
1903.0,Potential Loyalists,1,4,440,1,114.94
1904.0,Loyal Customers,1,4,180,1,15.0
1905.0,Lost Customers,1,4,602,1,131.8
1906.0,Loyal Customers,1,4,145,1,134.02
1907.0,Loyal Customers,1,4,261,1,125.42
1908.0,Lost Customers,1,4,665,1,254.89
1909.0,Loyal Customers,1,4,286,1,78.72
1910.0,Champions,1,4,41,1,215.36
1911.0,Loyal Customers,1,4,242,1,105.79
1912.0,Loyal Customers,1,4,256,1,129.81
1913.0,Loyal Customers,1,4,137,1,104.12
1914.0,Loyal Customers,1,4,25,1,105.66
1915.0,Lost Customers,1,4,645,1,95.35
1916.0,Potential Loyalists,1,4,480,1,194.64
1917.0,Loyal Customers,1,4,22,1,128.27
1918.0,Lost Customers,1,4,656,1,112.13
1919.0,Loyal Customers,1,4,323,1,83.12
1920.0,Lost Customers,1,4,582,1,43.84
1921.0,Potential Loyalists,1,4,471,1,135.98
1922.0,Loyal Customers,1,4,270,1,110.73
1923.0,Loyal Customers,1,4,328,1,229.99
1924.0,Potential Loyalists,1,4,382,1,121.8
1925.0,Champions,1,4,38,1,200.71
1926.0,Potential Loyalists,1,4,375,1,99.75
1927.0,Potential Loyalists,1,4,427,1,139.65
1928.0,Potential Loyalists,1,4,436,1,175.6
1929.0,Potential Loyalists,1,4,476,1,102.91
1930.0,Lost Customers,1,4,720,1,89.88
1931.0,Potential Loyalists,1,4,523,1,168.7
1932.0,Champions,1,4,142,1,253.95
1933.0,Potential Loyalists,1,4,509,1,150.85
1934.0,Loyal Customers,1,4,31,1,127.7
1935.0,Loyal Customers,1,4,314,1,117.27
1936.0,Champions,1,4,50,1,195.88
1937.0,Lost Customers,1,4,608,1,128.06
1938.0,Loyal Customers,1,4,1,1,132.62
1939.0,Loyal Customers,1,4,252,1,119.28
1940.0,Lost Customers,1,4,592,1,93.3
1941.0,Loyal Customers,1,4,219,1,138.76
1942.0,Lost Customers,1,4,629,1,74.96
1943.0,Lost Customers,1,4,654,1,118.11
1944.0,Lost Customers,1,4,632,1,68.12
1945.0,Lost Customers,1,4,562,1,131.44
1946.0,Champions,1,4,44,1,224.66
1947.0,Lost Customers,1,4,549,1,82.06
1948.0,Loyal Customers,1,4,80,1,157.71
1949.0,Lost Customers,1,4,703,1,129.06
1950.0,Lost Customers,1,4,666,1,92.73
1951.0,Champions,1,4,158,1,179.95
1952.0,Potential Loyalists,1,4,448,1,51.2
1953.0,Lost Customers,1,4,678,1,140.37
1954.0,Potential Loyalists,1,4,399,1,103.71
1955.0,Loyal Customers,1,4,349,1,101.58
1956.0,Loyal Customers,1,4,220,1,105.32
1957.0,Lost Customers,1,4,703,1,96.36
1958.0,Lost Customers,1,4,724,1,63.86
1959.0,Lost Customers,1,4,689,1,114.01
1960.0,Loyal Customers,1,4,231,1,215.63
1961.0,Lost Customers,1,4,591,1,127.62
1962.0,Loyal Customers,1,4,329,1,129.02
1963.0,Potential Loyalists,1,4,533,1,234.25
1964.0,Lost Customers,1,4,609,1,103.77
1965.0,Potential Loyalists,1,4,440,1,77.76
1966.0,Loyal Customers,1,4,22,1,74.51
1967.0,Loyal Customers,1,4,194,1,92.03
1968.0,Loyal Customers,1,4,340,1,111.57
1969.0,Champions,1,4,161,1,183.44
1970.0,Lost Customers,1,4,576,1,129.2
1971.0,Loyal Customers,1,4,281,1,208.8
1972.0,Champions,1,4,84,1,169.44
1973.0,Lost Customers,1,4,690,1,39.08
1974.0,Loyal Customers,1,4,134,1,67.5
1975.0,Lost Customers,1,4,680,1,117.29
1976.0,Lost Customers,1,4,635,1,74.58
1977.0,Potential Loyalists,1,4,468,1,103.6
1978.0,Potential Loyalists,1,4,402,1,97.14
1979.0,Potential Loyalists,1,4,381,1,157.79
1980.0,Potential Loyalists,1,4,374,1,120.7
1981.0,Loyal Customers,1,4,253,1,217.63
1982.0,Lost Customers,1,4,689,1,99.65
1983.0,Lost Customers,1,4,571,1,89.62
1984.0,Loyal Customers,1,4,17,1,102.22
1985.0,Potential Loyalists,1,4,532,1,95.02
1986.0,Lost Customers,1,4,703,1,223.44
1987.0,Loyal Customers,1,4,204,1,105.35
1988.0,Loyal Customers,1,4,268,1,154.84
1989.0,Loyal Customers,1,4,219,1,103.18
1990.0,Lost Customers,1,4,621,1,117.88
1991.0,Loyal Customers,1,4,267,1,204.41
1992.0,Potential Loyalists,1,4,524,1,70.02
1993.0,Loyal Customers,1,4,293,1,99.98
1994.0,Lost Customers,1,4,600,1,83.03
1995.0,Loyal Customers,1,4,193,1,103.23
1996.0,Potential Loyalists,1,4,437,1,62.25
1997.0,Potential Loyalists,1,4,498,1,238.5
1998.0,Loyal Customers,1,4,93,1,81.06
1999.0,Lost Customers,1,4,551,1,98.23
2000.0,Lost Customers,1,4,701,1,153.08
2001.0,Lost Customers,1,4,609,1,204.38
2002.0,Loyal Customers,1,4,206,1,77.34
2003.0,Loyal Customers,1,4,143,1,71.65
2004.0,Champions,1,4,63,1,249.82
2005.0,Loyal Customers,1,4,80,1,162.4
2006.0,Loyal Customers,1,4,32,1,137.98
2007.0,Lost Customers,1,4,667,1,111.4
2008.0,Loyal Customers,1,4,236,1,87.42
2009.0,Champions,1,4,11,1,176.83
2010.0,Loyal Customers,1,4,203,1,120.29
2011.0,Loyal Customers,1,4,185,1,160.52
2012.0,Lost Customers,1,4,681,1,146.91
2013.0,Loyal Customers,1,4,232,1,87.95
2014.0,Lost Customers,1,4,604,1,107.53
2015.0,Loyal Customers,1,4,215,1,66.43
2016.0,Loyal Customers,1,4,274,1,159.51
2017.0,Loyal Customers,1,4,185,1,97.49
2018.0,Loyal Customers,1,4,47,1,93.88
2019.0,Lost Customers,1,4,583,1,83.77
2020.0,Potential Loyalists,1,4,392,1,260.21
2021.0,Lost Customers,1,4,702,1,98.48
2022.0,Loyal Customers,1,4,285,1,52.4
2023.0,Lost Customers,1,4,698,1,295.55
2024.0,Potential Loyalists,1,4,545,1,119.47
2025.0,Potential Loyalists,1,4,452,1,64.61
2026.0,Loyal Customers,1,4,295,1,114.75
2027.0,Potential Loyalists,1,4,454,1,213.4
2028.0,Loyal Customers,1,4,71,1,86.89
2029.0,Potential Loyalists,1,4,459,1,64.44
2030.0,Loyal Customers,1,4,9,1,131.37
2031.0,Loyal Customers,1,4,94,1,88.72
2032.0,Lost Customers,1,4,714,1,157.82
2033.0,Loyal Customers,1,4,155,1,114.58
2034.0,Lost Customers,1,4,629,1,101.42
2035.0,Loyal Customers,1,4,246,1,88.41
2036.0,Potential Loyalists,1,4,505,1,106.87
2037.0,Lost Customers,1,4,656,1,92.21
2038.0,Loyal Customers,1,4,366,1,183.24
2039.0,Loyal Customers,1,4,164,1,82.52
2040.0,Loyal Customers,1,4,143,1,134.47
2041.0,Lost Customers,1,4,556,1,202.38
2042.0,Lost Customers,1,4,649,1,250.97
2043.0,Lost Customers,1,4,726,1,112.88
2044.0,Loyal Customers,1,4,195,1,112.25
2045.0,Loyal Customers,1,4,252,1,147.11
2046.0,Lost Customers,1,4,615,1,118.19
2047.0,Lost Customers,1,4,726,1,68.11
2048.0,Loyal Customers,1,4,73,1,86.33
2049.0,Lost Customers,1,4,606,1,139.09
2050.0,Loyal Customers,1,4,116,1,130.96
2051.0,Champions,1,4,19,1,237.32
2052.0,Lost Customers,1,4,645,1,91.04
2053.0,Loyal Customers,1,4,306,1,159.47
2054.0,Potential Loyalists,1,4,484,1,205.96
2055.0,Lost Customers,1,4,719,1,89.38
2056.0,Lost Customers,1,4,553,1,85.55
2057.0,Loyal Customers,1,4,319,1,181.11
2058.0,Lost Customers,1,4,646,1,132.47
2059.0,Loyal Customers,1,4,113,1,143.95
2060.0,Potential Loyalists,1,4,378,1,122.27
2061.0,Lost Customers,1,4,680,1,178.99
2062.0,Potential Loyalists,1,4,483,1,166.74
2063.0,Potential Loyalists,1,4,410,1,114.7
2064.0,Loyal Customers,1,4,333,1,47.8
2065.0,Loyal Customers,1,4,125,1,57.6
2066.0,Lost Customers,1,4,599,1,127.21
2067.0,Loyal Customers,1,4,145,1,109.34
2068.0,Potential Loyalists,1,4,469,1,149.29
2069.0,Loyal Customers,1,4,292,1,114.04
2070.0,Lost Customers,1,4,700,1,233.86
2071.0,Loyal Customers,1,4,30,1,97.22
2072.0,Loyal Customers,1,4,15,1,92.23
2073.0,Loyal Customers,1,4,341,1,142.97
2074.0,Loyal Customers,1,4,11,1,111.55
2075.0,Potential Loyalists,1,4,431,1,155.62
2076.0,Loyal Customers,1,4,278,1,87.15
2077.0,Loyal Customers,1,4,269,1,131.47
2078.0,Loyal Customers,1,4,153,1,34.37
2079.0,Potential Loyalists,1,4,384,1,73.36
2080.0,Loyal Customers,1,4,316,1,163.0
2081.0,Champions,1,4,19,1,247.57
2082.0,Potential Loyalists,1,4,448,1,103.4
2083.0,Lost Customers,1,4,614,1,60.24
2084.0,Potential Loyalists,1,4,394,1,104.66
2085.0,Loyal Customers,1,4,177,1,77.7
2086.0,Loyal Customers,1,4,319,1,167.53
2087.0,Potential Loyalists,1,4,375,1,136.61
2088.0,Loyal Customers,1,4,55,1,89.81
2089.0,Lost Customers,1,4,555,1,141.59
2090.0,Potential Loyalists,1,4,387,1,66.13
2091.0,Loyal Customers,1,4,134,1,133.81
2092.0,Potential Loyalists,1,4,535,1,237.0
2093.0,Loyal Customers,1,4,286,1,289.73
2094.0,Potential Loyalists,1,4,519,1,62.79
2095.0,Lost Customers,1,4,607,1,61.58
2096.0,Loyal Customers,1,4,174,1,115.84
2097.0,Loyal Customers,1,4,150,1,125.34
2098.0,Lost Customers,1,4,633,1,165.45
2099.0,Champions,1,4,127,1,172.33
2100.0,Lost Customers,1,4,665,1,161.63
2101.0,Lost Customers,1,4,632,1,123.0
2102.0,Lost Customers,1,4,579,1,179.32
2103.0,Loyal Customers,1,4,115,1,160.45
2104.0,Lost Customers,1,4,692,1,108.41
2105.0,Potential Loyalists,1,4,447,1,167.3
2106.0,Lost Customers,1,4,583,1,128.75
2107.0,Potential Loyalists,1,4,529,1,207.35
2108.0,Potential Loyalists,1,4,513,1,97.32
2109.0,Potential Loyalists,1,4,479,1,131.95
2110.0,Loyal Customers,1,4,336,1,158.48
2111.0,Potential Loyalists,1,4,508,1,84.84
2112.0,Loyal Customers,1,4,222,1,89.86
2113.0,Lost Customers,1,4,581,1,102.41
2114.0,Loyal Customers,1,4,79,1,128.93
2115.0,Loyal Customers,1,4,109,1,98.17
2116.0,Loyal Customers,1,4,85,1,124.77
2117.0,Loyal Customers,1,4,107,1,105.89
2118.0,Potential Loyalists,1,4,420,1,61.18
2119.0,Potential Loyalists,1,4,508,1,130.95
2120.0,Loyal Customers,1,4,182,1,90.34
2121.0,Potential Loyalists,1,4,424,1,202.15
2122.0,Lost Customers,1,4,658,1,147.5
2123.0,Lost Customers,1,4,627,1,103.65
2124.0,Potential Loyalists,1,4,459,1,170.22
2125.0,Loyal Customers,1,4,84,1,43.71
2126.0,Potential Loyalists,1,4,502,1,153.16
2127.0,Potential Loyalists,1,4,425,1,93.18
2128.0,Lost Customers,1,4,586,1,122.7
2129.0,Lost Customers,1,4,605,1,123.99
2130.0,Potential Loyalists,1,4,377,1,58.2
2131.0,Lost Customers,1,4,586,1,56.1
2132.0,Lost Customers,1,4,557,1,161.89
2133.0,Lost Customers,1,4,611,1,148.21
2134.0,Loyal Customers,1,4,309,1,173.4
2135.0,Potential Loyalists,1,4,460,1,102.98
2136.0,Lost Customers,1,4,640,1,99.29
2137.0,Potential Loyalists,1,4,511,1,74.63
2138.0,Loyal Customers,1,4,141,1,106.22
2139.0,Champions,1,4,137,1,191.24
2140.0,Loyal Customers,1,4,238,1,134.12
2141.0,Loyal Customers,1,4,272,1,168.88
2142.0,Potential Loyalists,1,4,484,1,124.01
2143.0,Potential Loyalists,1,4,540,1,166.06
2144.0,Lost Customers,1,4,657,1,233.9
2145.0,Potential Loyalists,1,4,437,1,76.43
2146.0,Lost Customers,1,4,712,1,152.95
2147.0,Loyal Customers,1,4,146,1,131.4
2148.0,Champions,1,4,12,1,188.78
2149.0,Loyal Customers,1,4,95,1,79.45
2150.0,Lost Customers,1,4,682,1,90.0
2151.0,Lost Customers,1,4,692,1,111.14
2152.0,Loyal Customers,1,4,269,1,257.65
2153.0,Potential Loyalists,1,4,474,1,120.07
2154.0,Loyal Customers,1,4,67,1,104.22
2155.0,Champions,1,4,3,1,220.17
2156.0,Potential Loyalists,1,4,374,1,134.41
2157.0,Loyal Customers,1,4,355,1,91.52
2158.0,Loyal Customers,1,4,271,1,83.27
2159.0,Lost Customers,1,4,711,1,111.57
2160.0,Loyal Customers,1,4,80,1,131.44
2161.0,Loyal Customers,1,4,361,1,82.61
2162.0,Potential Loyalists,1,4,518,1,183.43
2163.0,Lost Customers,1,4,675,1,82.95
2164.0,Loyal Customers,1,4,96,1,96.73
2165.0,Loyal Customers,1,4,310,1,125.45
2166.0,Lost Customers,1,4,714,1,161.62
2167.0,Loyal Customers,1,4,216,1,137.26
2168.0,Lost Customers,1,4,619,1,117.92
2169.0,Loyal Customers,1,4,217,1,97.27
2170.0,Loyal Customers,1,4,181,1,115.56
2171.0,Loyal Customers,1,4,231,1,263.8
2172.0,Lost Customers,1,4,603,1,144.55
2173.0,Loyal Customers,1,4,316,1,98.49
2174.0,Lost Customers,1,4,642,1,62.26
2175.0,Lost Customers,1,4,615,1,128.21
2176.0,Loyal Customers,1,4,189,1,109.78
2177.0,Loyal Customers,1,4,293,1,251.0
2178.0,Lost Customers,1,4,658,1,193.62
2179.0,Lost Customers,1,4,648,1,138.8
2180.0,Lost Customers,1,4,567,1,159.01
2181.0,Potential Loyalists,1,4,385,1,201.68
2182.0,Loyal Customers,1,4,212,1,107.94
2183.0,Loyal Customers,1,4,153,1,79.87
2184.0,Lost Customers,1,4,711,1,149.34
2185.0,Lost Customers,1,4,711,1,171.82
2186.0,Champions,1,4,74,1,166.51
2187.0,Potential Loyalists,1,4,540,1,139.68
2188.0,Champions,1,4,2,1,228.74
2189.0,Loyal Customers,1,4,220,1,188.83
2190.0,Loyal Customers,1,4,184,1,93.03
2191.0,Loyal Customers,1,4,345,1,321.09
2192.0,Champions,1,4,150,1,224.75
2193.0,Loyal Customers,1,4,57,1,64.54
2194.0,Lost Customers,1,4,564,1,95.42
2195.0,Loyal Customers,1,4,347,1,61.1
2196.0,Potential Loyalists,1,4,533,1,196.18
2197.0,Lost Customers,1,4,580,1,106.53
2198.0,Potential Loyalists,1,4,505,1,205.0
2199.0,Potential Loyalists,1,4,441,1,107.48
2200.0,Loyal Customers,1,4,72,1,161.09
2201.0,Loyal Customers,1,4,172,1,109.8
2202.0,Loyal Customers,1,4,198,1,188.61
2203.0,Lost Customers,1,4,592,1,244.28
2204.0,Potential Loyalists,1,4,464,1,139.07
2205.0,Potential Loyalists,1,4,522,1,107.25
2206.0,Loyal Customers,1,4,275,1,178.58
2207.0,Loyal Customers,1,4,127,1,106.33
2208.0,Loyal Customers,1,4,266,1,121.61
2209.0,Loyal Customers,1,4,324,1,239.11
2210.0,Loyal Customers,1,4,165,1,161.78
2211.0,Potential Loyalists,1,4,392,1,78.21
2212.0,Loyal Customers,1,4,208,1,157.32
2213.0,Potential Loyalists,1,4,407,1,295.43
2214.0,Champions,1,4,67,1,302.87
2215.0,Lost Customers,1,4,727,1,87.68
2216.0,Loyal Customers,1,4,14,1,112.1
2217.0,Potential Loyalists,1,4,459,1,250.04
2218.0,Lost Customers,1,4,672,1,176.55
2219.0,Potential Loyalists,1,4,436,1,194.14
2220.0,Potential Loyalists,1,4,421,1,146.97
2221.0,Loyal Customers,1,4,116,1,129.41
2222.0,Potential Loyalists,1,4,451,1,108.91
2223.0,Lost Customers,1,4,623,1,135.32
2224.0,Potential Loyalists,1,4,495,1,125.1
2225.0,Lost Customers,1,4,597,1,92.16
2226.0,Potential Loyalists,1,4,408,1,199.5
2227.0,Champions,1,4,143,1,233.99
2228.0,Lost Customers,1,4,728,1,208.41
2229.0,Loyal Customers,1,4,159,1,139.29
2230.0,Lost Customers,1,4,708,1,148.75
2231.0,Champions,1,4,2,1,240.55
2232.0,Potential Loyalists,1,4,381,1,154.39
2233.0,Potential Loyalists,1,4,415,1,277.55
2234.0,Champions,1,4,160,1,225.32
2235.0,Potential Loyalists,1,4,532,1,133.93
2236.0,Lost Customers,1,4,656,1,140.4
2237.0,Loyal Customers,1,4,45,1,114.18
2238.0,Loyal Customers,1,4,5,1,88.23
2239.0,Lost Customers,1,4,586,1,106.88
2240.0,Loyal Customers,1,4,32,1,123.18
2241.0,Lost Customers,1,4,617,1,138.6
2242.0,Loyal Customers,1,4,31,1,55.4
2243.0,Loyal Customers,1,4,366,1,201.03
2244.0,Loyal Customers,1,4,315,1,132.36
2245.0,Lost Customers,1,4,580,1,98.54
2246.0,Loyal Customers,1,4,137,1,154.24
2247.0,Potential Loyalists,1,4,402,1,126.14
2248.0,Potential Loyalists,1,4,540,1,71.6
2249.0,Potential Loyalists,1,4,428,1,232.09
2250.0,Champions,1,4,111,1,174.39
2251.0,Loyal Customers,1,4,168,1,114.2
2252.0,Loyal Customers,1,4,366,1,94.34
2253.0,Potential Loyalists,1,4,522,1,113.75
2254.0,Loyal Customers,1,4,89,1,76.49
2255.0,Loyal Customers,1,4,243,1,121.15
2256.0,Champions,1,4,115,1,182.16
2257.0,Lost Customers,1,4,630,1,102.76
2258.0,Lost Customers,1,4,577,1,95.68
2259.0,Loyal Customers,1,4,352,1,129.72
2260.0,Loyal Customers,1,4,16,1,81.01
2261.0,Potential Loyalists,1,4,486,1,105.77
2262.0,Loyal Customers,1,4,336,1,80.26
2263.0,Lost Customers,1,4,631,1,66.02
2264.0,Lost Customers,1,4,695,1,86.95
2265.0,Loyal Customers,1,4,112,1,78.01
2266.0,Loyal Customers,1,4,27,1,127.57
2267.0,Lost Customers,1,4,695,1,81.07
2268.0,Potential Loyalists,1,4,435,1,117.17
2269.0,Champions,1,4,53,1,248.13
2270.0,Lost Customers,1,4,564,1,132.79
2271.0,Potential Loyalists,1,4,478,1,78.59
2272.0,Lost Customers,1,4,624,1,119.74
2273.0,Lost Customers,1,4,554,1,103.21
2274.0,Loyal Customers,1,4,268,1,140.54
2275.0,Loyal Customers,1,4,180,1,150.33
2276.0,Loyal Customers,1,4,330,1,126.82
2277.0,Loyal Customers,1,4,114,1,101.38
2278.0,Loyal Customers,1,4,344,1,101.4
2279.0,Loyal Customers,1,4,85,1,70.32
2280.0,Potential Loyalists,1,4,485,1,146.0
2281.0,Lost Customers,1,4,691,1,150.03
2282.0,Lost Customers,1,4,723,1,217.33
2283.0,Potential Loyalists,1,4,515,1,176.93
2284.0,Loyal Customers,1,4,327,1,81.17
2285.0,Lost Customers,1,4,560,1,112.33
2286.0,Lost Customers,1,4,699,1,197.7
2287.0,Loyal Customers,1,4,329,1,78.2
2288.0,Lost Customers,1,4,637,1,102.55
2289.0,Potential Loyalists,1,4,453,1,88.98
2290.0,Lost Customers,1,4,636,1,244.85
2291.0,Potential Loyalists,1,4,367,1,175.56
2292.0,Loyal Customers,1,4,149,1,135.63
2293.0,Lost Customers,1,4,645,1,119.3
2294.0,Loyal Customers,1,4,157,1,83.39
2295.0,Loyal Customers,1,4,322,1,94.29
2296.0,Loyal Customers,1,4,40,1,126.07
2297.0,Loyal Customers,1,4,185,1,139.39
2298.0,Champions,1,4,40,1,207.5
2299.0,Loyal Customers,1,4,191,1,215.98
2300.0,Lost Customers,1,4,669,1,45.11
2301.0,Loyal Customers,1,4,237,1,158.08
2302.0,Potential Loyalists,1,4,416,1,83.65
2303.0,Loyal Customers,1,4,272,1,166.51
2304.0,Potential Loyalists,1,4,512,1,166.96
2305.0,Loyal Customers,1,4,17,1,109.03
2306.0,Potential Loyalists,1,4,439,1,166.39
2307.0,Loyal Customers,1,4,1,1,154.06
2308.0,Lost Customers,1,4,562,1,71.49
2309.0,Loyal Customers,1,4,141,1,87.4
2310.0,Loyal Customers,1,4,363,1,131.99
2311.0,Loyal Customers,1,4,30,1,98.93
2312.0,Loyal Customers,1,4,26,1,113.93
2313.0,Loyal Customers,1,4,135,1,72.66
2314.0,Loyal Customers,1,4,259,1,76.55
2315.0,Loyal Customers,1,4,180,1,93.83
2316.0,Loyal Customers,1,4,247,1,102.93
2317.0,Lost Customers,1,4,694,1,89.43
2318.0,Lost Customers,1,4,567,1,101.84
2319.0,Potential Loyalists,1,4,527,1,119.4
2320.0,Lost Customers,1,4,711,1,76.69
2321.0,Lost Customers,1,4,584,1,87.44
2322.0,Loyal Customers,1,4,111,1,96.99
2323.0,Loyal Customers,1,4,209,1,75.36
2324.0,Lost Customers,1,4,656,1,100.2
2325.0,Loyal Customers,1,4,256,1,110.93
2326.0,Lost Customers,1,4,705,1,126.15
2327.0,Potential Loyalists,1,4,494,1,130.98
2328.0,Loyal Customers,1,4,246,1,283.5
2329.0,Loyal Customers,1,4,223,1,202.09
2330.0,Potential Loyalists,1,4,525,1,39.82
2331.0,Loyal Customers,1,4,292,1,88.71
2332.0,Potential Loyalists,1,4,394,1,72.36
2333.0,Lost Customers,1,4,556,1,328.75
2334.0,Potential Loyalists,1,4,491,1,244.78
2335.0,Loyal Customers,1,4,353,1,192.19
2336.0,Potential Loyalists,1,4,398,1,136.01
2337.0,Lost Customers,1,4,575,1,97.94
2338.0,Champions,1,4,78,1,183.04
2339.0,Lost Customers,1,4,710,1,211.83
2340.0,Potential Loyalists,1,4,546,1,93.4
2341.0,Loyal Customers,1,4,299,1,100.52
2342.0,Loyal Customers,1,4,52,1,78.53
2343.0,Loyal Customers,1,4,47,1,133.27
2344.0,Loyal Customers,1,4,97,1,79.29
2345.0,Potential Loyalists,1,4,392,1,158.7
2346.0,Loyal Customers,1,4,264,1,222.22
2347.0,Loyal Customers,1,4,304,1,68.22
2348.0,Loyal Customers,1,4,303,1,115.78
2349.0,Lost Customers,1,4,728,1,79.81
2350.0,Lost Customers,1,4,710,1,125.09
2351.0,Loyal Customers,1,4,258,1,127.75
2352.0,Loyal Customers,1,4,352,1,92.97
2353.0,Loyal Customers,1,4,82,1,90.88
2354.0,Loyal Customers,1,4,50,1,85.36
2355.0,Loyal Customers,1,4,347,1,122.67
2356.0,Lost Customers,1,4,588,1,72.63
2357.0,Potential Loyalists,1,4,520,1,111.56
2358.0,Lost Customers,1,4,558,1,80.91
2359.0,Lost Customers,1,4,725,1,78.26
2360.0,Lost Customers,1,4,619,1,105.99
2361.0,Loyal Customers,1,4,94,1,83.32
2362.0,Potential Loyalists,1,4,369,1,138.8
2363.0,Potential Loyalists,1,4,459,1,102.42
2364.0,Loyal Customers,1,4,275,1,85.78
2365.0,Loyal Customers,1,4,362,1,66.84
2366.0,Loyal Customers,1,4,7,1,128.99
2367.0,Loyal Customers,1,4,295,1,160.51
2368.0,Lost Customers,1,4,714,1,16.12
2369.0,Loyal Customers,1,4,275,1,160.17
2370.0,Champions,1,4,104,1,219.98
2371.0,Potential Loyalists,1,4,399,1,120.09
2372.0,Loyal Customers,1,4,272,1,105.77
2373.0,Loyal Customers,1,4,4,1,54.75
2374.0,Lost Customers,1,4,720,1,105.17
2375.0,Loyal Customers,1,4,281,1,96.91
2376.0,Lost Customers,1,4,668,1,116.62
2377.0,Loyal Customers,1,4,1,1,109.91
2378.0,Loyal Customers,1,4,37,1,92.76
2379.0,Loyal Customers,1,4,285,1,74.95
2380.0,Potential Loyalists,1,4,392,1,108.68
2381.0,Potential Loyalists,1,4,467,1,97.32
2382.0,Lost Customers,1,4,657,1,172.69
2383.0,Potential Loyalists,1,4,540,1,120.57
2384.0,Loyal Customers,1,4,107,1,132.2
2385.0,Loyal Customers,1,4,187,1,202.77
2386.0,Potential Loyalists,1,4,369,1,80.33
2387.0,Loyal Customers,1,4,7,1,125.25
2388.0,Loyal Customers,1,4,146,1,152.41
2389.0,Loyal Customers,1,4,103,1,98.01
2390.0,Loyal Customers,1,4,318,1,163.27
2391.0,Loyal Customers,1,4,238,1,280.2
2392.0,Champions,1,4,11,1,180.92
2393.0,Potential Loyalists,1,4,387,1,47.03
2394.0,Loyal Customers,1,4,238,1,128.63
2395.0,Potential Loyalists,1,4,435,1,139.5
2396.0,Potential Loyalists,1,4,475,1,158.2
2397.0,Loyal Customers,1,4,306,1,89.98
2398.0,Lost Customers,1,4,622,1,164.01
2399.0,Loyal Customers,1,4,218,1,240.03
2400.0,Lost Customers,1,4,566,1,122.08
2401.0,Potential Loyalists,1,4,421,1,224.41
2402.0,Lost Customers,1,4,691,1,178.07
2403.0,Loyal Customers,1,4,289,1,215.94
2404.0,Lost Customers,1,4,635,1,174.99
2405.0,Potential Loyalists,1,4,408,1,167.6
2406.0,Loyal Customers,1,4,185,1,90.27
2407.0,Lost Customers,1,4,672,1,193.49
2408.0,Loyal Customers,1,4,300,1,111.35
2409.0,Potential Loyalists,1,4,511,1,93.13
2410.0,Loyal Customers,1,4,22,1,109.09
2411.0,Potential Loyalists,1,4,409,1,119.22
2412.0,Lost Customers,1,4,586,1,133.1
2413.0,Potential Loyalists,1,4,395,1,148.2
2414.0,Loyal Customers,1,4,114,1,87.55
2415.0,Champions,1,4,13,1,215.37
2416.0,Loyal Customers,1,4,63,1,153.72
2417.0,Loyal Customers,1,4,353,1,118.05
2418.0,Potential Loyalists,1,4,475,1,111.92
2419.0,Potential Loyalists,1,4,503,1,260.22
2420.0,Loyal Customers,1,4,234,1,250.44
2421.0,Loyal Customers,1,4,290,1,163.76
2422.0,Lost Customers,1,4,660,1,93.11
2423.0,Potential Loyalists,1,4,460,1,114.81
2424.0,Potential Loyalists,1,4,472,1,86.01
2425.0,Loyal Customers,1,4,32,1,85.76
2426.0,Potential Loyalists,1,4,451,1,156.72
2427.0,Loyal Customers,1,4,274,1,90.62
2428.0,Potential Loyalists,1,4,448,1,263.98
2429.0,Lost Customers,1,4,658,1,147.78
2430.0,Loyal Customers,1,4,183,1,100.98
2431.0,Loyal Customers,1,4,20,1,143.01
2432.0,Lost Customers,1,4,628,1,121.59
2433.0,Loyal Customers,1,4,345,1,143.25
2434.0,Loyal Customers,1,4,337,1,171.0
2435.0,Loyal Customers,1,4,174,1,104.49
2436.0,Loyal Customers,1,4,78,1,115.13
2437.0,Potential Loyalists,1,4,406,1,101.2
2438.0,Loyal Customers,1,4,137,1,98.68
2439.0,Potential Loyalists,1,4,487,1,229.56
2440.0,Potential Loyalists,1,4,495,1,72.37
2441.0,Potential Loyalists,1,4,398,1,51.95
2442.0,Potential Loyalists,1,4,546,1,99.71
2443.0,Lost Customers,1,4,595,1,95.03
2444.0,Potential Loyalists,1,4,470,1,121.36
2445.0,Loyal Customers,1,4,43,1,73.44
2446.0,Lost Customers,1,4,635,1,104.79
2447.0,Loyal Customers,1,4,319,1,132.15
2448.0,Lost Customers,1,4,678,1,135.67
2449.0,Lost Customers,1,4,566,1,141.69
2450.0,Loyal Customers,1,4,154,1,91.8
2451.0,Lost Customers,1,4,618,1,150.09
2452.0,Lost Customers,1,4,643,1,98.2
2453.0,Potential Loyalists,1,4,483,1,107.92
2454.0,Lost Customers,1,4,694,1,64.78
2455.0,Loyal Customers,1,4,309,1,174.22
2456.0,Potential Loyalists,1,4,498,1,146.4
2457.0,Potential Loyalists,1,4,441,1,77.31
2458.0,Lost Customers,1,4,725,1,149.63
2459.0,Lost Customers,1,4,646,1,122.11
2460.0,Lost Customers,1,4,584,1,90.25
2461.0,Loyal Customers,1,4,36,1,129.46
2462.0,Loyal Customers,1,4,355,1,220.54
2463.0,Lost Customers,1,4,564,1,133.37
2464.0,Potential Loyalists,1,4,507,1,165.19
2465.0,Lost Customers,1,4,602,1,97.9
2466.0,Loyal Customers,1,4,85,1,144.99
2467.0,Potential Loyalists,1,4,376,1,74.44
2468.0,Champions,1,4,127,1,170.86
2469.0,Loyal Customers,1,4,191,1,174.34
2470.0,Loyal Customers,1,4,185,1,128.13
2471.0,Loyal Customers,1,4,131,1,132.56
2472.0,Lost Customers,1,4,699,1,118.91
2473.0,Loyal Customers,1,4,114,1,139.29
2474.0,Loyal Customers,1,4,172,1,122.91
2475.0,Loyal Customers,1,4,13,1,117.61
2476.0,Loyal Customers,1,4,8,1,87.59
2477.0,Potential Loyalists,1,4,474,1,219.26
2478.0,Potential Loyalists,1,4,381,1,196.45
2479.0,Loyal Customers,1,4,332,1,128.44
2480.0,Potential Loyalists,1,4,406,1,105.99
2481.0,Loyal Customers,1,4,268,1,192.37
2482.0,Potential Loyalists,1,4,478,1,125.69
2483.0,Loyal Customers,1,4,275,1,122.71
2484.0,Potential Loyalists,1,4,387,1,97.76
2485.0,Loyal Customers,1,4,42,1,99.03
2486.0,Lost Customers,1,4,557,1,159.33
2487.0,Loyal Customers,1,4,37,1,146.71
2488.0,Loyal Customers,1,4,279,1,92.11
2489.0,Loyal Customers,1,4,359,1,123.78
2490.0,Loyal Customers,1,4,313,1,145.5
2491.0,Potential Loyalists,1,4,506,1,113.48
2492.0,Potential Loyalists,1,4,411,1,100.88
2493.0,Potential Loyalists,1,4,370,1,59.34
2494.0,Loyal Customers,1,4,253,1,126.52
2495.0,Potential Loyalists,1,4,491,1,136.84
2496.0,Loyal Customers,1,4,222,1,81.93
2497.0,Loyal Customers,1,4,297,1,217.24
2498.0,Lost Customers,1,4,629,1,64.8
2499.0,Loyal Customers,1,4,338,1,110.81
2500.0,Lost Customers,1,4,651,1,197.48
2501.0,Loyal Customers,1,4,144,1,145.35
2502.0,Potential Loyalists,1,4,448,1,101.14
2503.0,Loyal Customers,1,4,35,1,147.52
2504.0,Lost Customers,1,4,726,1,80.1
2505.0,Loyal Customers,1,4,323,1,152.75
2506.0,Lost Customers,1,4,572,1,72.63
2507.0,Loyal Customers,1,4,132,1,88.69
2508.0,Loyal Customers,1,4,278,1,160.94
2509.0,Loyal Customers,1,4,283,1,117.01
2510.0,Lost Customers,1,4,556,1,95.89
2511.0,Loyal Customers,1,4,311,1,99.19
2512.0,Loyal Customers,1,4,31,1,76.72
2513.0,Lost Customers,1,4,646,1,131.04
2514.0,Lost Customers,1,4,590,1,109.74
2515.0,Lost Customers,1,4,559,1,133.3
2516.0,Lost Customers,1,4,671,1,173.3
2517.0,Loyal Customers,1,4,142,1,73.95
2518.0,Loyal Customers,1,4,12,1,125.84
2519.0,Loyal Customers,1,4,244,1,73.29
2520.0,Lost Customers,1,4,686,1,113.16
2521.0,Potential Loyalists,1,4,480,1,128.5
2522.0,Potential Loyalists,1,4,444,1,146.17
2523.0,Potential Loyalists,1,4,439,1,113.32
2524.0,Lost Customers,1,4,697,1,204.25
2525.0,Loyal Customers,1,4,57,1,100.16
2526.0,Lost Customers,1,4,566,1,76.64
2527.0,Potential Loyalists,1,4,490,1,224.83
2528.0,Loyal Customers,1,4,92,1,73.47
2529.0,Potential Loyalists,1,4,467,1,160.07
2530.0,Loyal Customers,1,4,176,1,115.29
2531.0,Loyal Customers,1,4,41,1,72.3
2532.0,Potential Loyalists,1,4,450,1,90.24
2533.0,Lost Customers,1,4,631,1,236.84
2534.0,Lost Customers,1,4,714,1,97.95
2535.0,Potential Loyalists,1,4,462,1,66.96
2536.0,Champions,1,4,147,1,165.7
2537.0,Lost Customers,1,4,580,1,127.96
2538.0,Loyal Customers,1,4,284,1,139.44
2539.0,Potential Loyalists,1,4,407,1,111.17
2540.0,Loyal Customers,1,4,323,1,49.84
2541.0,Lost Customers,1,4,635,1,127.86
2542.0,Loyal Customers,1,4,208,1,96.28
2543.0,Loyal Customers,1,4,76,1,60.73
2544.0,Loyal Customers,1,4,361,1,83.67
2545.0,Loyal Customers,1,4,1,1,86.51
2546.0,Potential Loyalists,1,4,535,1,178.83
2547.0,Lost Customers,1,4,634,1,139.04
2548.0,Lost Customers,1,4,574,1,94.05
2549.0,Potential Loyalists,1,4,410,1,135.2
2550.0,Potential Loyalists,1,4,453,1,75.02
2551.0,Potential Loyalists,1,4,507,1,104.57
2552.0,Potential Loyalists,1,4,369,1,196.89
2553.0,Loyal Customers,1,4,322,1,99.02
2554.0,Loyal Customers,1,4,174,1,100.62
2555.0,Loyal Customers,1,4,66,1,143.94
2556.0,Potential Loyalists,1,4,519,1,275.35
2557.0,Potential Loyalists,1,4,457,1,116.2
2558.0,Loyal Customers,1,4,2,1,63.68
2559.0,Lost Customers,1,4,650,1,254.45
2560.0,Champions,1,4,19,1,166.98
2561.0,Potential Loyalists,1,4,419,1,82.32
2562.0,Loyal Customers,1,4,340,1,96.93
2563.0,Champions,1,4,104,1,194.64
2564.0,Loyal Customers,1,4,259,1,71.81
2565.0,Potential Loyalists,1,4,458,1,73.34
2566.0,Loyal Customers,1,4,62,1,105.31
2567.0,Loyal Customers,1,4,345,1,228.96
2568.0,Potential Loyalists,1,4,432,1,143.92
2569.0,Lost Customers,1,4,676,1,114.59
2570.0,Lost Customers,1,4,631,1,90.17
2571.0,Loyal Customers,1,4,149,1,92.02
2572.0,Potential Loyalists,1,4,371,1,138.94
2573.0,Potential Loyalists,1,4,414,1,134.16
2574.0,Potential Loyalists,1,4,371,1,127.18
2575.0,Lost Customers,1,4,555,1,79.52
2576.0,Loyal Customers,1,4,170,1,132.54
2577.0,Lost Customers,1,4,604,1,127.33
2578.0,Loyal Customers,1,4,94,1,131.18
2579.0,Loyal Customers,1,4,261,1,203.32
2580.0,Loyal Customers,1,4,129,1,68.82
2581.0,Loyal Customers,1,4,149,1,157.12
2582.0,Loyal Customers,1,4,67,1,66.58
2583.0,Lost Customers,1,4,602,1,187.69
2584.0,Lost Customers,1,4,678,1,83.87
2585.0,Potential Loyalists,1,4,497,1,48.21
2586.0,Potential Loyalists,1,4,488,1,96.39
2587.0,Lost Customers,1,4,674,1,128.94
2588.0,Loyal Customers,1,4,133,1,105.38
2589.0,Champions,1,4,147,1,262.02
2590.0,Loyal Customers,1,4,188,1,91.94
2591.0,Potential Loyalists,1,4,387,1,63.82
2592.0,Loyal Customers,1,4,172,1,95.46
2593.0,Champions,1,4,133,1,255.92
2594.0,Champions,1,4,67,1,180.31
2595.0,Potential Loyalists,1,4,522,1,91.79
2596.0,Lost Customers,1,4,657,1,118.63
2597.0,Loyal Customers,1,4,47,1,123.54
2598.0,Loyal Customers,1,4,314,1,197.66
2599.0,Loyal Customers,1,4,305,1,89.7
2600.0,Potential Loyalists,1,4,373,1,63.25
2601.0,Loyal Customers,1,4,176,1,79.39
2602.0,Champions,1,4,149,1,251.97
2603.0,Lost Customers,1,4,633,1,81.99
2604.0,Loyal Customers,1,4,177,1,79.51
2605.0,Lost Customers,1,4,691,1,59.85
2606.0,Loyal Customers,1,4,225,1,57.34
2607.0,Loyal Customers,1,4,36,1,158.75
2608.0,Lost Customers,1,4,558,1,143.3
2609.0,Potential Loyalists,1,4,379,1,204.9
2610.0,Champions,1,4,178,1,168.57
2611.0,Loyal Customers,1,4,362,1,69.36
2612.0,Lost Customers,1,4,691,1,58.95
2613.0,Loyal Customers,1,4,358,1,106.04
2614.0,Loyal Customers,1,4,45,1,125.31
2615.0,Loyal Customers,1,4,137,1,89.6
2616.0,Potential Loyalists,1,4,411,1,133.95
2617.0,Loyal Customers,1,4,111,1,74.94
2618.0,Potential Loyalists,1,4,452,1,102.18
2619.0,Lost Customers,1,4,683,1,96.81
2620.0,Champions,1,4,85,1,259.75
2621.0,Loyal Customers,1,4,63,1,143.39
2622.0,Loyal Customers,1,4,140,1,152.28
2623.0,Loyal Customers,1,4,232,1,87.74
2624.0,Champions,1,4,123,1,174.26
2625.0,Loyal Customers,1,4,191,1,79.53
2626.0,Potential Loyalists,1,4,483,1,116.8
2627.0,Lost Customers,1,4,577,1,107.55
2628.0,Loyal Customers,1,4,145,1,104.68
2629.0,Lost Customers,1,4,607,1,101.6
2630.0,Lost Customers,1,4,726,1,173.35
2631.0,Loyal Customers,1,4,125,1,105.7
2632.0,Loyal Customers,1,4,54,1,107.62
2633.0,Potential Loyalists,1,4,445,1,143.23
2634.0,Potential Loyalists,1,4,497,1,141.9
2635.0,Lost Customers,1,4,592,1,157.9
2636.0,Loyal Customers,1,4,203,1,186.08
2637.0,Loyal Customers,1,4,139,1,69.69
2638.0,Potential Loyalists,1,4,535,1,145.95
2639.0,Lost Customers,1,4,709,1,207.04
2640.0,Loyal Customers,1,4,172,1,76.55
2641.0,Champions,1,4,62,1,253.44
2642.0,Loyal Customers,1,4,164,1,156.61
2643.0,Lost Customers,1,4,714,1,125.69
2644.0,Potential Loyalists,1,4,434,1,122.62
2645.0,Loyal Customers,1,4,48,1,85.43
2646.0,Loyal Customers,1,4,170,1,97.5
2647.0,Champions,1,4,109,1,254.55
2648.0,Loyal Customers,1,4,229,1,246.76
2649.0,Lost Customers,1,4,644,1,142.63
2650.0,Loyal Customers,1,4,26,1,95.09
2651.0,Loyal Customers,1,4,265,1,59.65
2652.0,Loyal Customers,1,4,320,1,75.6
2653.0,Potential Loyalists,1,4,520,1,157.37
2654.0,Loyal Customers,1,4,236,1,150.71
2655.0,Lost Customers,1,4,628,1,110.54
2656.0,Lost Customers,1,4,609,1,195.25
2657.0,Potential Loyalists,1,4,383,1,96.1
2658.0,Potential Loyalists,1,4,456,1,166.16
2659.0,Lost Customers,1,4,592,1,140.27
2660.0,Potential Loyalists,1,4,420,1,56.94
2661.0,Potential Loyalists,1,4,397,1,191.47
2662.0,Potential Loyalists,1,4,529,1,127.01
2663.0,Loyal Customers,1,4,157,1,132.93
2664.0,Loyal Customers,1,4,357,1,95.83
2665.0,Potential Loyalists,1,4,382,1,230.85
2666.0,Potential Loyalists,1,4,498,1,62.81
2667.0,Loyal Customers,1,4,272,1,165.56
2668.0,Lost Customers,1,4,647,1,226.18
2669.0,Lost Customers,1,4,702,1,90.42
2670.0,Lost Customers,1,4,639,1,146.23
2671.0,Potential Loyalists,1,4,412,1,94.68
2672.0,Champions,1,4,89,1,222.02
2673.0,Lost Customers,1,4,600,1,107.22
2674.0,Loyal Customers,1,4,122,1,106.49
2675.0,Loyal Customers,1,4,286,1,80.17
2676.0,Potential Loyalists,1,4,488,1,115.32
2677.0,Lost Customers,1,4,639,1,216.41
2678.0,Lost Customers,1,4,720,1,194.98
2679.0,Loyal Customers,1,4,184,1,124.01
2680.0,Loyal Customers,1,4,205,1,112.12
2681.0,Lost Customers,1,4,565,1,142.99
2682.0,Loyal Customers,1,4,153,1,66.76
2683.0,Lost Customers,1,4,690,1,133.67
2684.0,Lost Customers,1,4,681,1,111.66
2685.0,Loyal Customers,1,4,244,1,168.53
2686.0,Lost Customers,1,4,649,1,115.21
2687.0,Loyal Customers,1,4,192,1,94.12
2688.0,Potential Loyalists,1,4,544,1,204.43
2689.0,Lost Customers,1,4,645,1,88.39
2690.0,Potential Loyalists,1,4,471,1,86.14
2691.0,Loyal Customers,1,4,65,1,70.36
2692.0,Lost Customers,1,4,713,1,99.1
2693.0,Potential Loyalists,1,4,539,1,111.53
2694.0,Lost Customers,1,4,583,1,124.24
2695.0,Loyal Customers,1,4,177,1,86.88
2696.0,Lost Customers,1,4,722,1,113.51
2697.0,Lost Customers,1,4,653,1,92.63
2698.0,Loyal Customers,1,4,13,1,77.98
2699.0,Loyal Customers,1,4,142,1,127.79
2700.0,Loyal Customers,1,4,81,1,89.99
2701.0,Loyal Customers,1,4,356,1,259.38
2702.0,Potential Loyalists,1,4,525,1,220.06
2703.0,Potential Loyalists,1,4,397,1,115.06
2704.0,Loyal Customers,1,4,0,1,142.28
2705.0,Potential Loyalists,1,4,466,1,141.21
2706.0,Lost Customers,1,4,721,1,125.53
2707.0,Loyal Customers,1,4,329,1,84.32
2708.0,Loyal Customers,1,4,121,1,153.51
2709.0,Loyal Customers,1,4,174,1,120.25
2710.0,Loyal Customers,1,4,149,1,100.18
2711.0,Lost Customers,1,4,581,1,115.46
2712.0,Champions,1,4,101,1,184.68
2713.0,Loyal Customers,1,4,228,1,211.23
2714.0,Lost Customers,1,4,718,1,122.44
2715.0,Potential Loyalists,1,4,452,1,193.55
2716.0,Lost Customers,1,4,567,1,161.21
2717.0,Potential Loyalists,1,4,467,1,66.97
2718.0,Potential Loyalists,1,4,391,1,36.47
2719.0,Lost Customers,1,4,609,1,118.28
2720.0,Champions,1,4,28,1,261.65
2721.0,Loyal Customers,1,4,211,1,128.46
2722.0,Loyal Customers,1,4,169,1,161.35
2723.0,Loyal Customers,1,4,89,1,97.82
2724.0,Loyal Customers,1,4,242,1,213.6
2725.0,Lost Customers,1,4,690,1,55.2
2726.0,Potential Loyalists,1,4,401,1,95.52
2727.0,Potential Loyalists,1,4,540,1,225.98
2728.0,Potential Loyalists,1,4,541,1,238.45
2729.0,Loyal Customers,1,4,90,1,97.18
2730.0,Loyal Customers,1,4,151,1,60.71
2731.0,Loyal Customers,1,4,218,1,103.16
2732.0,Loyal Customers,1,4,357,1,71.33
2733.0,Lost Customers,1,4,633,1,127.17
2734.0,Loyal Customers,1,4,313,1,151.16
2735.0,Loyal Customers,1,4,77,1,115.57
2736.0,Champions,1,4,113,1,212.39
2737.0,Lost Customers,1,4,661,1,163.41
2738.0,Loyal Customers,1,4,168,1,138.85
2739.0,Champions,1,4,24,1,182.57
2740.0,Loyal Customers,1,4,345,1,140.89
2741.0,Potential Loyalists,1,4,462,1,68.49
2742.0,Lost Customers,1,4,609,1,73.87
2743.0,Loyal Customers,1,4,157,1,61.15
2744.0,Champions,1,4,39,1,176.04
2745.0,Loyal Customers,1,4,255,1,128.75
2746.0,Lost Customers,1,4,727,1,97.34
2747.0,Potential Loyalists,1,4,404,1,193.32
2748.0,Potential Loyalists,1,4,511,1,110.52
2749.0,Lost Customers,1,4,641,1,128.61
2750.0,Loyal Customers,1,4,173,1,101.45
2751.0,Lost Customers,1,4,580,1,107.04
2752.0,Loyal Customers,1,4,129,1,122.61
2753.0,Loyal Customers,1,4,14,1,92.49
2754.0,Potential Loyalists,1,4,407,1,62.47
2755.0,Loyal Customers,1,4,277,1,145.14
2756.0,Lost Customers,1,4,566,1,107.1
2757.0,Loyal Customers,1,4,70,1,144.26
2758.0,Potential Loyalists,1,4,511,1,108.95
2759.0,Loyal Customers,1,4,295,1,152.65
2760.0,Loyal Customers,1,4,5,1,57.12
2761.0,Lost Customers,1,4,612,1,41.17
2762.0,Loyal Customers,1,4,155,1,137.06
2763.0,Lost Customers,1,4,658,1,97.28
2764.0,Loyal Customers,1,4,298,1,158.54
2765.0,Lost Customers,1,4,709,1,261.64
2766.0,Potential Loyalists,1,4,406,1,69.12
2767.0,Lost Customers,1,4,580,1,191.0
2768.0,Loyal Customers,1,4,155,1,91.48
2769.0,Loyal Customers,1,4,166,1,118.9
2770.0,Lost Customers,1,4,623,1,92.97
2771.0,Potential Loyalists,1,4,516,1,38.9
2772.0,Potential Loyalists,1,4,499,1,162.36
2773.0,Lost Customers,1,4,640,1,93.06
2774.0,Loyal Customers,1,4,98,1,122.51
2775.0,Lost Customers,1,4,717,1,123.11
2776.0,Lost Customers,1,4,707,1,90.69
2777.0,Loyal Customers,1,4,155,1,143.54
2778.0,Loyal Customers,1,4,355,1,139.34
2779.0,Loyal Customers,1,4,93,1,115.23
2780.0,Loyal Customers,1,4,310,1,52.49
2781.0,Loyal Customers,1,4,254,1,116.14
2782.0,Loyal Customers,1,4,275,1,86.51
2783.0,Lost Customers,1,4,589,1,198.99
2784.0,Loyal Customers,1,4,341,1,218.7
2785.0,Loyal Customers,1,4,60,1,119.46
2786.0,Loyal Customers,1,4,70,1,115.7
2787.0,Loyal Customers,1,4,46,1,114.19
2788.0,Potential Loyalists,1,4,494,1,145.69
2789.0,Lost Customers,1,4,619,1,122.01
2790.0,Loyal Customers,1,4,358,1,110.66
2791.0,Loyal Customers,1,4,251,1,203.88
2792.0,Potential Loyalists,1,4,436,1,79.66
2793.0,Lost Customers,1,4,661,1,116.76
2794.0,Loyal Customers,1,4,296,1,143.54
2795.0,Lost Customers,1,4,566,1,70.74
2796.0,Loyal Customers,1,4,167,1,150.07
2797.0,Loyal Customers,1,4,22,1,147.45
2798.0,Lost Customers,1,4,611,1,203.15
2799.0,Potential Loyalists,1,4,376,1,169.52
2800.0,Lost Customers,1,4,693,1,109.62
2801.0,Champions,1,4,87,1,173.25
2802.0,Loyal Customers,1,4,152,1,83.96
2803.0,Loyal Customers,1,4,364,1,114.9
2804.0,Loyal Customers,1,4,287,1,85.2
2805.0,Lost Customers,1,4,647,1,108.57
2806.0,Loyal Customers,1,4,161,1,118.95
2807.0,Loyal Customers,1,4,303,1,92.29
2808.0,Loyal Customers,1,4,54,1,109.3
2809.0,Loyal Customers,1,4,330,1,115.32
2810.0,Loyal Customers,1,4,18,1,115.1
2811.0,Loyal Customers,1,4,357,1,195.98
2812.0,Loyal Customers,1,4,226,1,183.7
2813.0,Loyal Customers,1,4,331,1,80.78
2814.0,Loyal Customers,1,4,326,1,164.94
2815.0,Loyal Customers,1,4,47,1,113.52
2816.0,Potential Loyalists,1,4,512,1,69.47
2817.0,Potential Loyalists,1,4,431,1,112.23
2818.0,Loyal Customers,1,4,262,1,134.98
2819.0,Champions,1,4,120,1,245.04
2820.0,Loyal Customers,1,4,193,1,138.56
2821.0,Loyal Customers,1,4,65,1,97.75
2822.0,Lost Customers,1,4,704,1,91.57
2823.0,Loyal Customers,1,4,341,1,98.21
2824.0,Loyal Customers,1,4,45,1,66.26
2825.0,Champions,1,4,92,1,242.07
2826.0,Potential Loyalists,1,4,455,1,145.93
2827.0,Champions,1,4,66,1,208.55
2828.0,Potential Loyalists,1,4,440,1,246.68
2829.0,Loyal Customers,1,4,348,1,203.07
2830.0,Loyal Customers,1,4,361,1,275.68
2831.0,Loyal Customers,1,4,89,1,120.05
2832.0,Loyal Customers,1,4,221,1,76.36
2833.0,Loyal Customers,1,4,243,1,84.27
2834.0,Potential Loyalists,1,4,483,1,98.27
2835.0,Potential Loyalists,1,4,391,1,112.76
2836.0,Lost Customers,1,4,562,1,151.81
2837.0,Loyal Customers,1,4,261,1,104.54
2838.0,Lost Customers,1,4,552,1,49.72
2839.0,Loyal Customers,1,4,270,1,206.88
2840.0,Loyal Customers,1,4,241,1,105.61
2841.0,Potential Loyalists,1,4,514,1,140.41
2842.0,Loyal Customers,1,4,49,1,82.65
2843.0,Loyal Customers,1,4,71,1,156.23
2844.0,Loyal Customers,1,4,205,1,156.37
2845.0,Loyal Customers,1,4,260,1,98.29
2846.0,Loyal Customers,1,4,140,1,45.14
2847.0,Potential Loyalists,1,4,510,1,204.55
2848.0,Loyal Customers,1,4,0,1,101.46
2849.0,Loyal Customers,1,4,183,1,99.07
2850.0,Lost Customers,1,4,553,1,68.43
2851.0,Lost Customers,1,4,661,1,146.82
2852.0,Loyal Customers,1,4,346,1,92.87
2853.0,Loyal Customers,1,4,268,1,105.4
2854.0,Potential Loyalists,1,4,373,1,106.15
2855.0,Potential Loyalists,1,4,442,1,127.47
2856.0,Loyal Customers,1,4,305,1,93.1
2857.0,Potential Loyalists,1,4,388,1,175.26
2858.0,Loyal Customers,1,4,41,1,98.5
2859.0,Lost Customers,1,4,571,1,134.08
2860.0,Potential Loyalists,1,4,430,1,97.57
2861.0,Champions,1,4,11,1,205.38
2862.0,Champions,1,4,43,1,238.56
2863.0,Loyal Customers,1,4,347,1,73.49
2864.0,Loyal Customers,1,4,326,1,98.14
2865.0,Champions,1,4,19,1,172.66
2866.0,Loyal Customers,1,4,333,1,137.03
2867.0,Potential Loyalists,1,4,407,1,96.1
2868.0,Loyal Customers,1,4,86,1,128.65
2869.0,Loyal Customers,1,4,169,1,87.14
2870.0,Loyal Customers,1,4,43,1,129.27
2871.0,Lost Customers,1,4,572,1,124.99
2872.0,Loyal Customers,1,4,204,1,103.72
2873.0,Lost Customers,1,4,566,1,73.8
2874.0,Loyal Customers,1,4,347,1,98.61
2875.0,Champions,1,4,4,1,193.1
2876.0,Loyal Customers,1,4,109,1,35.12
2877.0,Loyal Customers,1,4,139,1,128.87
2878.0,Lost Customers,1,4,565,1,129.16
2879.0,Loyal Customers,1,4,167,1,87.74
2880.0,Loyal Customers,1,4,226,1,119.4
2881.0,Loyal Customers,1,4,34,1,142.74
2882.0,Loyal Customers,1,4,263,1,202.0
2883.0,Potential Loyalists,1,4,483,1,94.68
2884.0,Loyal Customers,1,4,107,1,30.83
2885.0,Loyal Customers,1,4,365,1,98.35
2886.0,Loyal Customers,1,4,107,1,150.63
2887.0,Lost Customers,1,4,688,1,201.04
2888.0,Potential Loyalists,1,4,367,1,82.71
2889.0,Loyal Customers,1,4,313,1,208.71
2890.0,Lost Customers,1,4,663,1,76.67
2891.0,Lost Customers,1,4,696,1,153.24
2892.0,Loyal Customers,1,4,54,1,109.99
2893.0,Loyal Customers,1,4,37,1,138.78
2894.0,Potential Loyalists,1,4,433,1,100.6
2895.0,Lost Customers,1,4,714,1,120.77
2896.0,Lost Customers,1,4,703,1,125.59
2897.0,Loyal Customers,1,4,353,1,76.05
2898.0,Potential Loyalists,1,4,381,1,181.32
2899.0,Potential Loyalists,1,4,470,1,55.43
2900.0,Potential Loyalists,1,4,472,1,115.84
2901.0,Loyal Customers,1,4,328,1,108.44
2902.0,Loyal Customers,1,4,36,1,157.54
2903.0,Champions,1,4,81,1,193.99
2904.0,Loyal Customers,1,4,180,1,84.64
2905.0,Champions,1,4,19,1,226.05
2906.0,Loyal Customers,1,4,260,1,96.34
2907.0,Lost Customers,1,4,621,1,48.93
2908.0,Potential Loyalists,1,4,429,1,88.24
2909.0,Potential Loyalists,1,4,408,1,185.89
2910.0,Lost Customers,1,4,665,1,153.82
2911.0,Champions,1,4,151,1,192.4
2912.0,Lost Customers,1,4,700,1,148.24
2913.0,Loyal Customers,1,4,310,1,103.36
2914.0,Lost Customers,1,4,679,1,100.12
2915.0,Loyal Customers,1,4,220,1,156.0
2916.0,Loyal Customers,1,4,318,1,154.49
2917.0,Loyal Customers,1,4,247,1,110.38
2918.0,Loyal Customers,1,4,73,1,127.45
2919.0,Loyal Customers,1,4,210,1,150.76
2920.0,Potential Loyalists,1,4,442,1,121.61
2921.0,Lost Customers,1,4,593,1,101.89
2922.0,Loyal Customers,1,4,57,1,128.99
2923.0,Potential Loyalists,1,4,500,1,34.02
2924.0,Loyal Customers,1,4,96,1,143.97
2925.0,Loyal Customers,1,4,301,1,149.82
2926.0,Potential Loyalists,1,4,503,1,101.64
2927.0,Potential Loyalists,1,4,543,1,174.64
2928.0,Loyal Customers,1,4,334,1,94.55
2929.0,Lost Customers,1,4,587,1,246.36
2930.0,Loyal Customers,1,4,256,1,148.92
2931.0,Loyal Customers,1,4,23,1,34.11
2932.0,Loyal Customers,1,4,354,1,107.56
2933.0,Champions,1,4,136,1,196.16
2934.0,Champions,1,4,80,1,267.45
2935.0,Potential Loyalists,1,4,367,1,113.12
2936.0,Loyal Customers,1,4,255,1,130.72
2937.0,Loyal Customers,1,4,69,1,123.29
2938.0,Lost Customers,1,4,552,1,177.9
2939.0,Lost Customers,1,4,616,1,132.61
2940.0,Lost Customers,1,4,729,1,147.07
2941.0,Loyal Customers,1,4,18,1,88.55
2942.0,Loyal Customers,1,4,72,1,129.32
2943.0,Loyal Customers,1,4,240,1,240.74
2944.0,Lost Customers,1,4,625,1,126.32
2945.0,Loyal Customers,1,4,63,1,89.72
2946.0,Loyal Customers,1,4,295,1,79.45
2947.0,Potential Loyalists,1,4,464,1,53.29
2948.0,Potential Loyalists,1,4,400,1,216.74
2949.0,Loyal Customers,1,4,189,1,70.92
2950.0,Lost Customers,1,4,553,1,67.87
2951.0,Loyal Customers,1,4,247,1,124.15
2952.0,Potential Loyalists,1,4,375,1,103.92
2953.0,Loyal Customers,1,4,366,1,251.77
2954.0,Potential Loyalists,1,4,401,1,76.46
2955.0,Potential Loyalists,1,4,513,1,160.4
2956.0,Loyal Customers,1,4,268,1,64.87
2957.0,Lost Customers,1,4,714,1,15.0
2958.0,Potential Loyalists,1,4,434,1,95.98
2959.0,Loyal Customers,1,4,169,1,93.36
2960.0,Loyal Customers,1,4,243,1,72.59
2961.0,Potential Loyalists,1,4,390,1,128.93
2962.0,Lost Customers,1,4,626,1,242.78
2963.0,Potential Loyalists,1,4,464,1,143.59
2964.0,Potential Loyalists,1,4,368,1,112.53
2965.0,Potential Loyalists,1,4,492,1,106.86
2966.0,Potential Loyalists,1,4,389,1,84.86
2967.0,Lost Customers,1,4,665,1,114.26
2968.0,Potential Loyalists,1,4,486,1,160.64
2969.0,Loyal Customers,1,4,198,1,210.8
2970.0,Loyal Customers,1,4,317,1,137.85
2971.0,Loyal Customers,1,4,96,1,160.86
2972.0,Loyal Customers,1,4,356,1,106.62
2973.0,Potential Loyalists,1,4,492,1,219.21
2974.0,Potential Loyalists,1,4,441,1,134.49
2975.0,Loyal Customers,1,4,299,1,167.55
2976.0,Lost Customers,1,4,627,1,60.83
2977.0,Potential Loyalists,1,4,452,1,59.04
2978.0,Loyal Customers,1,4,361,1,261.38
2979.0,Potential Loyalists,1,4,394,1,171.62
2980.0,Potential Loyalists,1,4,463,1,159.56
2981.0,Potential Loyalists,1,4,528,1,108.03
2982.0,Loyal Customers,1,4,121,1,96.66
2983.0,Loyal Customers,1,4,11,1,143.24
2984.0,Loyal Customers,1,4,260,1,163.53
2985.0,Loyal Customers,1,4,147,1,106.9
2986.0,Lost Customers,1,4,579,1,123.96
2987.0,Potential Loyalists,1,4,540,1,126.12
2988.0,Loyal Customers,1,4,7,1,71.73
2989.0,Lost Customers,1,4,704,1,86.43
2990.0,Loyal Customers,1,4,3,1,148.01
2991.0,Potential Loyalists,1,4,477,1,113.33
2992.0,Potential Loyalists,1,4,480,1,105.42
2993.0,Loyal Customers,1,4,262,1,89.14
2994.0,Lost Customers,1,4,724,1,105.22
2995.0,Lost Customers,1,4,594,1,130.81
2996.0,Loyal Customers,1,4,285,1,99.33
2997.0,Champions,1,4,20,1,214.95
2998.0,Loyal Customers,1,4,74,1,149.93
2999.0,Potential Loyalists,1,4,381,1,128.26
3000.0,Loyal Customers,1,4,24,1,148.34
3001.0,Loyal Customers,1,4,22,1,85.54
3002.0,Lost Customers,1,4,567,1,83.28
3003.0,Potential Loyalists,1,4,486,1,116.73
3004.0,Lost Customers,1,4,570,1,118.2
3005.0,Loyal Customers,1,4,325,1,101.54
3006.0,Loyal Customers,1,4,176,1,147.97
3007.0,Lost Customers,1,4,636,1,101.21
3008.0,Loyal Customers,1,4,177,1,106.76
3009.0,Potential Loyalists,1,4,413,1,61.64
3010.0,Lost Customers,1,4,593,1,121.71
3011.0,Potential Loyalists,1,4,508,1,90.06
3012.0,Loyal Customers,1,4,209,1,110.17
3013.0,Loyal Customers,1,4,140,1,104.12
3014.0,Lost Customers,1,4,718,1,140.63
3015.0,Lost Customers,1,4,634,1,141.76
3016.0,Loyal Customers,1,4,221,1,89.01
3017.0,Loyal Customers,1,4,126,1,107.25
3018.0,Lost Customers,1,4,613,1,119.65
3019.0,Lost Customers,1,4,653,1,121.11
3020.0,Potential Loyalists,1,4,460,1,66.54
3021.0,Potential Loyalists,1,4,374,1,65.61
3022.0,Lost Customers,1,4,550,1,100.41
3023.0,Potential Loyalists,1,4,412,1,97.99
3024.0,Champions,1,4,14,1,232.33
3025.0,Loyal Customers,1,4,242,1,106.84
3026.0,Loyal Customers,1,4,332,1,187.79
3027.0,Potential Loyalists,1,4,377,1,121.73
3028.0,Loyal Customers,1,4,296,1,155.86
3029.0,Lost Customers,1,4,711,1,124.61
3030.0,Lost Customers,1,4,686,1,82.04
3031.0,Lost Customers,1,4,657,1,77.03
3032.0,Lost Customers,1,4,598,1,126.27
3033.0,Lost Customers,1,4,634,1,180.95
3034.0,Lost Customers,1,4,706,1,110.41
3035.0,Loyal Customers,1,4,217,1,80.9
3036.0,Lost Customers,1,4,673,1,79.31
3037.0,Loyal Customers,1,4,20,1,87.26
3038.0,Loyal Customers,1,4,359,1,163.54
3039.0,Loyal Customers,1,4,70,1,105.77
3040.0,Lost Customers,1,4,558,1,159.13
3041.0,Loyal Customers,1,4,255,1,181.56
3042.0,Potential Loyalists,1,4,461,1,139.08
3043.0,Loyal Customers,1,4,25,1,130.65
3044.0,Potential Loyalists,1,4,422,1,97.23
3045.0,Potential Loyalists,1,4,489,1,181.02
3046.0,Loyal Customers,1,4,46,1,74.23
3047.0,Lost Customers,1,4,623,1,131.98
3048.0,Loyal Customers,1,4,324,1,77.81
3049.0,Champions,1,4,150,1,188.52
3050.0,Loyal Customers,1,4,351,1,164.16
3051.0,Potential Loyalists,1,4,539,1,95.09
3052.0,Lost Customers,1,4,724,1,170.11
3053.0,Lost Customers,1,4,599,1,61.74
3054.0,Lost Customers,1,4,603,1,93.64
3055.0,Loyal Customers,1,4,102,1,105.97
3056.0,Loyal Customers,1,4,231,1,93.07
3057.0,Lost Customers,1,4,558,1,136.5
3058.0,Champions,1,4,92,1,167.91
3059.0,Potential Loyalists,1,4,532,1,44.6
3060.0,Potential Loyalists,1,4,430,1,133.28
3061.0,Champions,1,4,153,1,209.02
3062.0,Potential Loyalists,1,4,430,1,168.18
3063.0,Loyal Customers,1,4,6,1,118.17
3064.0,Potential Loyalists,1,4,432,1,167.99
3065.0,Loyal Customers,1,4,50,1,127.13
3066.0,Loyal Customers,1,4,146,1,144.27
3067.0,Loyal Customers,1,4,242,1,119.13
3068.0,Loyal Customers,1,4,104,1,154.7
3069.0,Potential Loyalists,1,4,525,1,101.03
3070.0,Lost Customers,1,4,581,1,119.51
3071.0,Lost Customers,1,4,592,1,49.54
3072.0,Loyal Customers,1,4,354,1,100.64
3073.0,Potential Loyalists,1,4,418,1,103.96
3074.0,Potential Loyalists,1,4,477,1,111.51
3075.0,Lost Customers,1,4,571,1,191.58
3076.0,Loyal Customers,1,4,236,1,161.61
3077.0,Lost Customers,1,4,574,1,147.17
3078.0,Loyal Customers,1,4,340,1,72.24
3079.0,Potential Loyalists,1,4,429,1,67.51
3080.0,Potential Loyalists,1,4,548,1,94.68
3081.0,Loyal Customers,1,4,238,1,127.49
3082.0,Loyal Customers,1,4,207,1,116.87
3083.0,Potential Loyalists,1,4,466,1,56.41
3084.0,Loyal Customers,1,4,277,1,132.1
3085.0,Potential Loyalists,1,4,524,1,111.1
3086.0,Potential Loyalists,1,4,389,1,142.97
3087.0,Loyal Customers,1,4,206,1,110.78
3088.0,Loyal Customers,1,4,332,1,119.65
3089.0,Lost Customers,1,4,609,1,87.63
3090.0,Lost Customers,1,4,632,1,88.18
3091.0,Loyal Customers,1,4,178,1,62.45
3092.0,Champions,1,4,12,1,206.37
3093.0,Lost Customers,1,4,621,1,82.58
3094.0,Lost Customers,1,4,584,1,85.04
3095.0,Loyal Customers,1,4,144,1,108.65
3096.0,Lost Customers,1,4,727,1,234.96
3097.0,Loyal Customers,1,4,305,1,286.23
3098.0,Loyal Customers,1,4,325,1,104.33
3099.0,Loyal Customers,1,4,201,1,138.88
3100.0,Loyal Customers,1,4,119,1,132.65
3101.0,Champions,1,4,82,1,166.1
3102.0,Lost Customers,1,4,560,1,119.27
3103.0,Loyal Customers,1,4,220,1,138.2
3104.0,Potential Loyalists,1,4,512,1,127.29
3105.0,Loyal Customers,1,4,51,1,157.34
3106.0,Loyal Customers,1,4,93,1,108.31
3107.0,Loyal Customers,1,4,34,1,160.74
3108.0,Potential Loyalists,1,4,396,1,139.65
3109.0,Loyal Customers,1,4,162,1,108.43
3110.0,Lost Customers,1,4,603,1,157.07
3111.0,Loyal Customers,1,4,172,1,85.23
3112.0,Lost Customers,1,4,626,1,99.09
3113.0,Lost Customers,1,4,574,1,114.36
3114.0,Potential Loyalists,1,4,380,1,67.6
3115.0,Potential Loyalists,1,4,538,1,237.29
3116.0,Loyal Customers,1,4,92,1,101.93
3117.0,Potential Loyalists,1,4,468,1,152.62
3118.0,Loyal Customers,1,4,95,1,85.56
3119.0,Potential Loyalists,1,4,453,1,107.47
3120.0,Loyal Customers,1,4,43,1,142.98
3121.0,Loyal Customers,1,4,151,1,125.51
3122.0,Potential Loyalists,1,4,451,1,62.86
3123.0,Potential Loyalists,1,4,458,1,155.83
3124.0,Lost Customers,1,4,554,1,157.2
3125.0,Loyal Customers,1,4,221,1,152.38
3126.0,Potential Loyalists,1,4,398,1,237.56
3127.0,Loyal Customers,1,4,50,1,94.86
3128.0,Loyal Customers,1,4,21,1,103.0
3129.0,Champions,1,4,8,1,224.7
3130.0,Loyal Customers,1,4,257,1,60.05
3131.0,Loyal Customers,1,4,26,1,67.46
3132.0,Lost Customers,1,4,662,1,54.77
3133.0,Potential Loyalists,1,4,506,1,125.81
3134.0,Loyal Customers,1,4,217,1,55.44
3135.0,Lost Customers,1,4,687,1,122.04
3136.0,Loyal Customers,1,4,29,1,100.12
3137.0,Champions,1,4,96,1,188.64
3138.0,Lost Customers,1,4,628,1,164.14
3139.0,Potential Loyalists,1,4,416,1,168.26
3140.0,Potential Loyalists,1,4,390,1,233.23
3141.0,Lost Customers,1,4,695,1,118.57
3142.0,Loyal Customers,1,4,332,1,41.85
3143.0,Loyal Customers,1,4,198,1,136.64
3144.0,Loyal Customers,1,4,94,1,95.91
3145.0,Loyal Customers,1,4,184,1,140.12
3146.0,Loyal Customers,1,4,333,1,165.37
3147.0,Loyal Customers,1,4,140,1,109.31
3148.0,Potential Loyalists,1,4,423,1,205.87
3149.0,Lost Customers,1,4,692,1,97.29
3150.0,Loyal Customers,1,4,118,1,95.05
3151.0,Loyal Customers,1,4,334,1,148.57
3152.0,Loyal Customers,1,4,59,1,125.26
3153.0,Potential Loyalists,1,4,495,1,158.97
3154.0,Loyal Customers,1,4,79,1,118.93
3155.0,Loyal Customers,1,4,154,1,152.87
3156.0,Potential Loyalists,1,4,392,1,93.37
3157.0,Champions,1,4,83,1,181.88
3158.0,Loyal Customers,1,4,254,1,148.79
3159.0,Potential Loyalists,1,4,387,1,116.68
3160.0,Potential Loyalists,1,4,521,1,131.3
3161.0,Loyal Customers,1,4,126,1,114.65
3162.0,Potential Loyalists,1,4,458,1,68.77
3163.0,Potential Loyalists,1,4,448,1,106.61
3164.0,Loyal Customers,1,4,232,1,79.22
3165.0,Loyal Customers,1,4,31,1,129.02
3166.0,Loyal Customers,1,4,297,1,106.36
3167.0,Lost Customers,1,4,638,1,92.59
3168.0,Potential Loyalists,1,4,440,1,69.79
3169.0,Loyal Customers,1,4,321,1,223.8
3170.0,Loyal Customers,1,4,341,1,128.9
3171.0,Loyal Customers,1,4,93,1,63.07
3172.0,Potential Loyalists,1,4,475,1,167.61
3173.0,Lost Customers,1,4,626,1,105.23
3174.0,Loyal Customers,1,4,196,1,99.37
3175.0,Potential Loyalists,1,4,434,1,76.8
3176.0,Potential Loyalists,1,4,522,1,187.73
3177.0,Loyal Customers,1,4,352,1,177.31
3178.0,Potential Loyalists,1,4,378,1,133.67
3179.0,Lost Customers,1,4,578,1,65.0
3180.0,Loyal Customers,1,4,337,1,165.94
3181.0,Lost Customers,1,4,551,1,185.76
3182.0,Loyal Customers,1,4,336,1,100.32
3183.0,Potential Loyalists,1,4,378,1,201.0
3184.0,Loyal Customers,1,4,173,1,143.01
3185.0,Loyal Customers,1,4,289,1,96.29
3186.0,Potential Loyalists,1,4,511,1,139.93
3187.0,Champions,1,4,126,1,204.24
3188.0,Lost Customers,1,4,601,1,110.51
3189.0,Potential Loyalists,1,4,546,1,119.96
3190.0,Loyal Customers,1,4,34,1,113.8
3191.0,Lost Customers,1,4,627,1,139.22
3192.0,Loyal Customers,1,4,3,1,82.83
3193.0,Lost Customers,1,4,668,1,141.78
3194.0,Lost Customers,1,4,555,1,67.96
3195.0,Loyal Customers,1,4,244,1,209.65
3196.0,Lost Customers,1,4,714,1,105.37
3197.0,Lost Customers,1,4,686,1,192.89
3198.0,Loyal Customers,1,4,56,1,162.13
3199.0,Potential Loyalists,1,4,377,1,78.35
3200.0,Lost Customers,1,4,573,1,89.32
3201.0,Potential Loyalists,1,4,509,1,106.3
3202.0,Potential Loyalists,1,4,402,1,97.64
3203.0,Lost Customers,1,4,681,1,136.51
3204.0,Lost Customers,1,4,692,1,108.31
3205.0,Loyal Customers,1,4,50,1,47.43
3206.0,Potential Loyalists,1,4,420,1,78.48
3207.0,Loyal Customers,1,4,299,1,225.9
3208.0,Loyal Customers,1,4,239,1,101.71
3209.0,Potential Loyalists,1,4,512,1,221.08
3210.0,Lost Customers,1,4,654,1,100.72
3211.0,Potential Loyalists,1,4,372,1,171.97
3212.0,Loyal Customers,1,4,131,1,92.46
3213.0,Loyal Customers,1,4,336,1,87.6
3214.0,Lost Customers,1,4,646,1,290.5
3215.0,Loyal Customers,1,4,19,1,148.08
3216.0,Lost Customers,1,4,696,1,164.92
3217.0,Loyal Customers,1,4,227,1,131.98
3218.0,Loyal Customers,1,4,279,1,72.32
3219.0,Loyal Customers,1,4,300,1,108.66
3220.0,Lost Customers,1,4,676,1,111.31
3221.0,Lost Customers,1,4,723,1,157.62
3222.0,Loyal Customers,1,4,342,1,170.42
3223.0,Potential Loyalists,1,4,390,1,128.33
3224.0,Loyal Customers,1,4,63,1,120.91
3225.0,Lost Customers,1,4,722,1,232.28
3226.0,Lost Customers,1,4,629,1,135.29
3227.0,Loyal Customers,1,4,215,1,205.66
3228.0,Potential Loyalists,1,4,410,1,111.45
3229.0,Loyal Customers,1,4,213,1,183.14
3230.0,Lost Customers,1,4,717,1,176.94
3231.0,Potential Loyalists,1,4,446,1,54.68
3232.0,Loyal Customers,1,4,297,1,231.01
3233.0,Lost Customers,1,4,652,1,130.36
3234.0,Loyal Customers,1,4,83,1,88.41
3235.0,Champions,1,4,61,1,173.61
3236.0,Loyal Customers,1,4,69,1,131.82
3237.0,Champions,1,4,45,1,170.06
3238.0,Lost Customers,1,4,720,1,95.86
3239.0,Potential Loyalists,1,4,544,1,159.4
3240.0,Lost Customers,1,4,701,1,77.02
3241.0,Lost Customers,1,4,601,1,168.04
3242.0,Lost Customers,1,4,650,1,113.63
3243.0,Champions,1,4,38,1,197.81
3244.0,Potential Loyalists,1,4,541,1,169.89
3245.0,Potential Loyalists,1,4,407,1,148.22
3246.0,Loyal Customers,1,4,284,1,164.75
3247.0,Potential Loyalists,1,4,371,1,199.9
3248.0,Potential Loyalists,1,4,548,1,125.21
3249.0,Loyal Customers,1,4,30,1,154.23
3250.0,Loyal Customers,1,4,239,1,45.35
3251.0,Lost Customers,1,4,681,1,132.75
3252.0,Loyal Customers,1,4,3,1,93.73
3253.0,Potential Loyalists,1,4,481,1,199.57
3254.0,Champions,1,4,158,1,183.15
3255.0,Potential Loyalists,1,4,454,1,156.35
3256.0,Loyal Customers,1,4,154,1,161.16
3257.0,Potential Loyalists,1,4,481,1,80.01
3258.0,Loyal Customers,1,4,246,1,100.65
3259.0,Lost Customers,1,4,588,1,119.55
3260.0,Lost Customers,1,4,658,1,124.49
3261.0,Loyal Customers,1,4,325,1,87.82
3262.0,Potential Loyalists,1,4,533,1,228.56
3263.0,Loyal Customers,1,4,320,1,69.06
3264.0,Lost Customers,1,4,624,1,125.56
3265.0,Lost Customers,1,4,688,1,108.84
3266.0,Potential Loyalists,1,4,492,1,147.17
3267.0,Potential Loyalists,1,4,464,1,237.62
3268.0,Loyal Customers,1,4,19,1,118.37
3269.0,Lost Customers,1,4,680,1,106.21
3270.0,Potential Loyalists,1,4,540,1,86.67
3271.0,Loyal Customers,1,4,106,1,79.16
3272.0,Lost Customers,1,4,697,1,99.1
3273.0,Loyal Customers,1,4,230,1,128.04
3274.0,Lost Customers,1,4,631,1,79.45
3275.0,Lost Customers,1,4,669,1,75.43
3276.0,Loyal Customers,1,4,72,1,97.63
3277.0,Loyal Customers,1,4,327,1,90.31
3278.0,Potential Loyalists,1,4,533,1,162.2
3279.0,Lost Customers,1,4,554,1,74.62
3280.0,Potential Loyalists,1,4,416,1,106.32
3281.0,Loyal Customers,1,4,30,1,147.7
3282.0,Loyal Customers,1,4,148,1,157.81
3283.0,Lost Customers,1,4,552,1,155.01
3284.0,Loyal Customers,1,4,237,1,117.88
3285.0,Lost Customers,1,4,726,1,82.28
3286.0,Potential Loyalists,1,4,489,1,116.73
3287.0,Loyal Customers,1,4,117,1,93.26
3288.0,Lost Customers,1,4,720,1,91.45
3289.0,Loyal Customers,1,4,352,1,151.64
3290.0,Loyal Customers,1,4,116,1,133.97
3291.0,Loyal Customers,1,4,323,1,110.36
3292.0,Loyal Customers,1,4,145,1,117.03
3293.0,Potential Loyalists,1,4,530,1,127.5
3294.0,Potential Loyalists,1,4,537,1,104.08
3295.0,Lost Customers,1,4,560,1,130.75
3296.0,Potential Loyalists,1,4,367,1,136.3
3297.0,Potential Loyalists,1,4,419,1,107.12
3298.0,Potential Loyalists,1,4,367,1,187.49
3299.0,Loyal Customers,1,4,208,1,125.97
3300.0,Loyal Customers,1,4,292,1,102.2
3301.0,Potential Loyalists,1,4,367,1,97.27
3302.0,Loyal Customers,1,4,364,1,131.33
3303.0,Lost Customers,1,4,686,1,72.6
3304.0,Loyal Customers,1,4,162,1,132.64
3305.0,Loyal Customers,1,4,203,1,173.85
3306.0,Loyal Customers,1,4,134,1,72.35
3307.0,Loyal Customers,1,4,204,1,134.52
3308.0,Potential Loyalists,1,4,510,1,133.21
3309.0,Loyal Customers,1,4,138,1,105.33
3310.0,Loyal Customers,1,4,136,1,58.12
3311.0,Potential Loyalists,1,4,432,1,130.3
3312.0,Lost Customers,1,4,588,1,70.2
3313.0,Potential Loyalists,1,4,541,1,105.14
3314.0,Potential Loyalists,1,4,468,1,145.86
3315.0,Loyal Customers,1,4,154,1,59.77
3316.0,Loyal Customers,1,4,11,1,151.72
3317.0,Loyal Customers,1,4,319,1,79.64
3318.0,Loyal Customers,1,4,137,1,81.93
3319.0,Loyal Customers,1,4,11,1,94.8
3320.0,Loyal Customers,1,4,1,1,119.38
3321.0,Lost Customers,1,4,709,1,162.91
3322.0,Potential Loyalists,1,4,418,1,123.73
3323.0,Lost Customers,1,4,685,1,91.09
3324.0,Lost Customers,1,4,697,1,81.62
3325.0,Lost Customers,1,4,712,1,80.62
3326.0,Loyal Customers,1,4,175,1,127.33
3327.0,Loyal Customers,1,4,226,1,95.57
3328.0,Loyal Customers,1,4,301,1,161.85
3329.0,Potential Loyalists,1,4,376,1,135.11
3330.0,Potential Loyalists,1,4,523,1,195.85
3331.0,Loyal Customers,1,4,69,1,75.09
3332.0,Champions,1,4,64,1,201.75
3333.0,Lost Customers,1,4,596,1,65.88
3334.0,Potential Loyalists,1,4,485,1,101.13
3335.0,Potential Loyalists,1,4,499,1,111.44
3336.0,Lost Customers,1,4,601,1,106.72
3337.0,Potential Loyalists,1,4,448,1,132.93
3338.0,Loyal Customers,1,4,184,1,282.31
3339.0,Lost Customers,1,4,704,1,143.06
3340.0,Potential Loyalists,1,4,428,1,76.16
3341.0,Lost Customers,1,4,557,1,175.12
3342.0,Potential Loyalists,1,4,404,1,196.93
3343.0,Potential Loyalists,1,4,441,1,73.52
3344.0,Lost Customers,1,4,578,1,124.86
3345.0,Loyal Customers,1,4,22,1,144.83
3346.0,Lost Customers,1,4,683,1,86.69
3347.0,Loyal Customers,1,4,309,1,120.35
3348.0,Lost Customers,1,4,568,1,97.51
3349.0,Loyal Customers,1,4,282,1,86.13
3350.0,Loyal Customers,1,4,325,1,163.98
3351.0,Loyal Customers,1,4,227,1,153.41
3352.0,Potential Loyalists,1,4,443,1,194.87
3353.0,Potential Loyalists,1,4,514,1,39.03
3354.0,Loyal Customers,1,4,102,1,110.37
3355.0,Potential Loyalists,1,4,390,1,120.84
3356.0,Potential Loyalists,1,4,502,1,78.44
3357.0,Champions,1,4,160,1,206.16
3358.0,Potential Loyalists,1,4,456,1,90.6
3359.0,Loyal Customers,1,4,144,1,141.75
3360.0,Champions,1,4,122,1,232.34
3361.0,Lost Customers,1,4,568,1,61.69
3362.0,Loyal Customers,1,4,9,1,109.26
3363.0,Loyal Customers,1,4,40,1,142.27
3364.0,Loyal Customers,1,4,194,1,91.25
3365.0,Potential Loyalists,1,4,395,1,130.56
3366.0,Loyal Customers,1,4,129,1,65.99
3367.0,Potential Loyalists,1,4,491,1,27.4
3368.0,Loyal Customers,1,4,347,1,124.76
3369.0,Loyal Customers,1,4,345,1,51.02
3370.0,Potential Loyalists,1,4,404,1,128.07
3371.0,Potential Loyalists,1,4,414,1,129.25
3372.0,Lost Customers,1,4,720,1,116.18
3373.0,Potential Loyalists,1,4,439,1,112.8
3374.0,Lost Customers,1,4,723,1,78.11
3375.0,Loyal Customers,1,4,131,1,127.22
3376.0,Loyal Customers,1,4,266,1,170.7
3377.0,Lost Customers,1,4,561,1,99.8
3378.0,Loyal Customers,1,4,230,1,112.68
3379.0,Lost Customers,1,4,631,1,157.19
3380.0,Potential Loyalists,1,4,408,1,162.84
3381.0,Loyal Customers,1,4,146,1,127.24
3382.0,Lost Customers,1,4,683,1,124.59
3383.0,Loyal Customers,1,4,356,1,110.27
3384.0,Lost Customers,1,4,613,1,118.34
3385.0,Potential Loyalists,1,4,502,1,68.28
3386.0,Loyal Customers,1,4,250,1,172.38
3387.0,Lost Customers,1,4,727,1,96.8
3388.0,Loyal Customers,1,4,254,1,102.73
3389.0,Lost Customers,1,4,624,1,155.24
3390.0,Potential Loyalists,1,4,536,1,147.72
3391.0,Potential Loyalists,1,4,389,1,160.11
3392.0,Potential Loyalists,1,4,457,1,71.87
3393.0,Loyal Customers,1,4,234,1,83.72
3394.0,Loyal Customers,1,4,119,1,124.47
3395.0,Lost Customers,1,4,620,1,125.28
3396.0,Lost Customers,1,4,685,1,89.53
3397.0,Loyal Customers,1,4,171,1,142.14
3398.0,Loyal Customers,1,4,309,1,163.48
3399.0,Potential Loyalists,1,4,439,1,133.08
3400.0,Loyal Customers,1,4,307,1,128.58
3401.0,Loyal Customers,1,4,229,1,132.63
3402.0,Loyal Customers,1,4,270,1,167.85
3403.0,Loyal Customers,1,4,93,1,106.16
3404.0,Potential Loyalists,1,4,546,1,64.77
3405.0,Loyal Customers,1,4,26,1,65.29
3406.0,Loyal Customers,1,4,327,1,93.14
3407.0,Loyal Customers,1,4,157,1,101.19
3408.0,Loyal Customers,1,4,218,1,188.52
3409.0,Lost Customers,1,4,647,1,138.93
3410.0,Champions,1,4,78,1,186.46
3411.0,Potential Loyalists,1,4,535,1,68.76
3412.0,Loyal Customers,1,4,7,1,71.63
3413.0,Loyal Customers,1,4,192,1,120.36
3414.0,Loyal Customers,1,4,19,1,106.38
3415.0,Loyal Customers,1,4,49,1,67.89
3416.0,Potential Loyalists,1,4,391,1,58.58
3417.0,Potential Loyalists,1,4,444,1,45.39
3418.0,Lost Customers,1,4,640,1,88.94
3419.0,Potential Loyalists,1,4,382,1,136.96
3420.0,Loyal Customers,1,4,331,1,115.53
3421.0,Loyal Customers,1,4,89,1,141.38
3422.0,Loyal Customers,1,4,284,1,127.04
3423.0,Loyal Customers,1,4,278,1,50.43
3424.0,Lost Customers,1,4,624,1,206.97
3425.0,Potential Loyalists,1,4,548,1,125.7
3426.0,Lost Customers,1,4,671,1,86.86
3427.0,Lost Customers,1,4,689,1,160.92
3428.0,Loyal Customers,1,4,167,1,135.34
3429.0,Loyal Customers,1,4,14,1,86.14
3430.0,Lost Customers,1,4,568,1,50.41
3431.0,Potential Loyalists,1,4,476,1,129.89
3432.0,Lost Customers,1,4,707,1,146.86
3433.0,Potential Loyalists,1,4,513,1,68.63
3434.0,Loyal Customers,1,4,157,1,71.35
3435.0,Loyal Customers,1,4,15,1,116.74
3436.0,Lost Customers,1,4,587,1,166.71
3437.0,Loyal Customers,1,4,88,1,157.85
3438.0,Lost Customers,1,4,683,1,65.87
3439.0,Loyal Customers,1,4,80,1,150.01
3440.0,Potential Loyalists,1,4,420,1,83.22
3441.0,Loyal Customers,1,4,102,1,137.79
3442.0,Loyal Customers,1,4,96,1,154.83
3443.0,Potential Loyalists,1,4,481,1,83.32
3444.0,Potential Loyalists,1,4,418,1,140.23
3445.0,Loyal Customers,1,4,283,1,171.06
3446.0,Loyal Customers,1,4,341,1,101.27
3447.0,Lost Customers,1,4,690,1,59.38
3448.0,Loyal Customers,1,4,323,1,121.88
3449.0,Potential Loyalists,1,4,458,1,33.87
3450.0,Potential Loyalists,1,4,530,1,82.76
3451.0,Lost Customers,1,4,608,1,87.73
3452.0,Potential Loyalists,1,4,515,1,183.77
3453.0,Loyal Customers,1,4,345,1,118.74
3454.0,Loyal Customers,1,4,285,1,129.96
3455.0,Potential Loyalists,1,4,477,1,103.93
3456.0,Lost Customers,1,4,722,1,96.69
3457.0,Lost Customers,1,4,637,1,94.77
3458.0,Lost Customers,1,4,584,1,181.5
3459.0,Loyal Customers,1,4,16,1,81.23
3460.0,Potential Loyalists,1,4,471,1,117.29
3461.0,Loyal Customers,1,4,261,1,108.8
3462.0,Lost Customers,1,4,649,1,38.42
3463.0,Lost Customers,1,4,562,1,157.03
3464.0,Loyal Customers,1,4,275,1,98.91
3465.0,Loyal Customers,1,4,313,1,130.87
3466.0,Loyal Customers,1,4,45,1,138.42
3467.0,Loyal Customers,1,4,57,1,163.17
3468.0,Potential Loyalists,1,4,390,1,110.23
3469.0,Loyal Customers,1,4,315,1,104.91
3470.0,Potential Loyalists,1,4,527,1,155.79
3471.0,Potential Loyalists,1,4,529,1,125.26
3472.0,Loyal Customers,1,4,33,1,86.3
3473.0,Loyal Customers,1,4,166,1,70.0
3474.0,Loyal Customers,1,4,149,1,126.02
3475.0,Loyal Customers,1,4,207,1,108.76
3476.0,Loyal Customers,1,4,278,1,89.95
3477.0,Lost Customers,1,4,594,1,185.7
3478.0,Loyal Customers,1,4,229,1,70.05
3479.0,Lost Customers,1,4,623,1,101.36
3480.0,Loyal Customers,1,4,2,1,93.06
3481.0,Loyal Customers,1,4,260,1,106.9
3482.0,Potential Loyalists,1,4,369,1,181.16
3483.0,Lost Customers,1,4,678,1,93.77
3484.0,Loyal Customers,1,4,12,1,99.67
3485.0,Potential Loyalists,1,4,494,1,127.85
3486.0,Loyal Customers,1,4,67,1,37.64
3487.0,Potential Loyalists,1,4,470,1,114.93
3488.0,Potential Loyalists,1,4,460,1,192.53
3489.0,Lost Customers,1,4,687,1,112.29
3490.0,Loyal Customers,1,4,251,1,240.16
3491.0,Lost Customers,1,4,719,1,129.22
3492.0,Loyal Customers,1,4,220,1,132.4
3493.0,Potential Loyalists,1,4,532,1,121.57
3494.0,Loyal Customers,1,4,286,1,123.1
3495.0,Loyal Customers,1,4,207,1,73.16
3496.0,Potential Loyalists,1,4,435,1,98.82
3497.0,Potential Loyalists,1,4,545,1,99.99
3498.0,Potential Loyalists,1,4,447,1,99.02
3499.0,Lost Customers,1,4,604,1,273.74
3500.0,Potential Loyalists,1,4,527,1,227.42
3501.0,Potential Loyalists,1,4,428,1,88.88
3502.0,Loyal Customers,1,4,56,1,41.74
3503.0,Lost Customers,1,4,620,1,89.67
3504.0,Potential Loyalists,1,4,406,1,233.87
3505.0,Loyal Customers,1,4,144,1,111.3
3506.0,Potential Loyalists,1,4,448,1,96.43
3507.0,Lost Customers,1,4,695,1,111.89
3508.0,Lost Customers,1,4,706,1,112.26
3509.0,Lost Customers,1,4,620,1,83.9
3510.0,Potential Loyalists,1,4,544,1,89.82
3511.0,Lost Customers,1,4,615,1,93.49
3512.0,Loyal Customers,1,4,360,1,128.64
3513.0,Potential Loyalists,1,4,423,1,244.87
3514.0,Lost Customers,1,4,648,1,109.98
3515.0,Potential Loyalists,1,4,405,1,65.96
3516.0,Potential Loyalists,1,4,484,1,208.71
3517.0,Lost Customers,1,4,722,1,112.94
3518.0,Lost Customers,1,4,695,1,126.69
3519.0,Loyal Customers,1,4,267,1,133.05
3520.0,Loyal Customers,1,4,295,1,145.59
3521.0,Lost Customers,1,4,639,1,101.09
3522.0,Loyal Customers,1,4,172,1,114.96
3523.0,Champions,1,4,169,1,205.62
3524.0,Potential Loyalists,1,4,407,1,115.85
3525.0,Lost Customers,1,4,721,1,105.3
3526.0,Potential Loyalists,1,4,501,1,142.28
3527.0,Loyal Customers,1,4,84,1,89.0
3528.0,Loyal Customers,1,4,145,1,107.53
3529.0,Lost Customers,1,4,610,1,187.44
3530.0,Loyal Customers,1,4,22,1,67.38
3531.0,Loyal Customers,1,4,339,1,271.97
3532.0,Loyal Customers,1,4,172,1,106.41
3533.0,Potential Loyalists,1,4,491,1,224.22
3534.0,Lost Customers,1,4,718,1,89.18
3535.0,Loyal Customers,1,4,227,1,76.45
3536.0,Potential Loyalists,1,4,435,1,155.23
3537.0,Loyal Customers,1,4,68,1,76.97
3538.0,Lost Customers,1,4,729,1,142.16
3539.0,Potential Loyalists,1,4,395,1,141.22
3540.0,Loyal Customers,1,4,332,1,214.6
3541.0,Potential Loyalists,1,4,455,1,125.19
3542.0,Loyal Customers,1,4,70,1,114.31
3543.0,Loyal Customers,1,4,94,1,156.04
3544.0,Lost Customers,1,4,630,1,236.86
3545.0,Lost Customers,1,4,585,1,160.86
3546.0,Champions,1,4,114,1,226.71
3547.0,Potential Loyalists,1,4,380,1,125.59
3548.0,Loyal Customers,1,4,162,1,122.59
3549.0,Lost Customers,1,4,632,1,137.52
3550.0,Potential Loyalists,1,4,374,1,94.71
3551.0,Loyal Customers,1,4,122,1,118.4
3552.0,Potential Loyalists,1,4,434,1,177.87
3553.0,Potential Loyalists,1,4,544,1,124.11
3554.0,Champions,1,4,61,1,181.9
3555.0,Lost Customers,1,4,706,1,48.54
3556.0,Lost Customers,1,4,578,1,93.0
3557.0,Potential Loyalists,1,4,428,1,99.95
3558.0,Loyal Customers,1,4,277,1,195.0
3559.0,Potential Loyalists,1,4,399,1,128.71
3560.0,Champions,1,4,73,1,217.46
3561.0,Loyal Customers,1,4,93,1,120.69
3562.0,Potential Loyalists,1,4,371,1,278.71
3563.0,Loyal Customers,1,4,349,1,115.15
3564.0,Loyal Customers,1,4,153,1,138.69
3565.0,Loyal Customers,1,4,142,1,116.86
3566.0,Loyal Customers,1,4,340,1,84.84
3567.0,Loyal Customers,1,4,123,1,137.78
3568.0,Loyal Customers,1,4,31,1,161.04
3569.0,Loyal Customers,1,4,345,1,142.41
3570.0,Loyal Customers,1,4,72,1,106.87
3571.0,Loyal Customers,1,4,211,1,101.16
3572.0,Champions,1,4,171,1,225.61
3573.0,Loyal Customers,1,4,75,1,112.94
3574.0,Potential Loyalists,1,4,374,1,219.81
3575.0,Loyal Customers,1,4,303,1,100.77
3576.0,Potential Loyalists,1,4,436,1,111.72
3577.0,Lost Customers,1,4,661,1,170.13
3578.0,Loyal Customers,1,4,56,1,151.34
3579.0,Loyal Customers,1,4,342,1,161.67
3580.0,Potential Loyalists,1,4,405,1,131.6
3581.0,Lost Customers,1,4,631,1,112.41
3582.0,Potential Loyalists,1,4,538,1,182.02
3583.0,Potential Loyalists,1,4,437,1,188.83
3584.0,Loyal Customers,1,4,185,1,97.29
3585.0,Loyal Customers,1,4,278,1,197.07
3586.0,Loyal Customers,1,4,35,1,97.96
3587.0,Lost Customers,1,4,564,1,98.67
3588.0,Potential Loyalists,1,4,483,1,233.13
3589.0,Loyal Customers,1,4,182,1,133.21
3590.0,Loyal Customers,1,4,175,1,139.81
3591.0,Potential Loyalists,1,4,424,1,89.43
3592.0,Potential Loyalists,1,4,530,1,105.99
3593.0,Champions,1,4,64,1,260.85
3594.0,Loyal Customers,1,4,56,1,74.52
3595.0,Potential Loyalists,1,4,507,1,249.91
3596.0,Loyal Customers,1,4,240,1,126.44
3597.0,Loyal Customers,1,4,299,1,141.29
3598.0,Loyal Customers,1,4,188,1,234.79
3599.0,Lost Customers,1,4,625,1,189.77
3600.0,Champions,1,4,20,1,247.07
3601.0,Lost Customers,1,4,685,1,211.54
3602.0,Loyal Customers,1,4,321,1,187.6
3603.0,Loyal Customers,1,4,147,1,94.2
3604.0,Loyal Customers,1,4,308,1,75.19
3605.0,Loyal Customers,1,4,337,1,96.18
3606.0,Loyal Customers,1,4,140,1,128.34
3607.0,Loyal Customers,1,4,84,1,158.11
3608.0,Champions,1,4,20,1,286.75
3609.0,Potential Loyalists,1,4,524,1,162.5
3610.0,Loyal Customers,1,4,181,1,146.52
3611.0,Lost Customers,1,4,688,1,97.2
3612.0,Lost Customers,1,4,639,1,158.37
3613.0,Lost Customers,1,4,576,1,148.61
3614.0,Potential Loyalists,1,4,445,1,84.86
3615.0,Loyal Customers,1,4,282,1,202.13
3616.0,Loyal Customers,1,4,15,1,115.06
3617.0,Loyal Customers,1,4,257,1,134.64
3618.0,Potential Loyalists,1,4,497,1,127.85
3619.0,Lost Customers,1,4,694,1,97.38
3620.0,Potential Loyalists,1,4,396,1,146.18
3621.0,Potential Loyalists,1,4,472,1,104.53
3622.0,Lost Customers,1,4,678,1,164.71
3623.0,Loyal Customers,1,4,264,1,86.09
3624.0,Potential Loyalists,1,4,492,1,260.15
3625.0,Loyal Customers,1,4,212,1,182.28
3626.0,Lost Customers,1,4,615,1,129.22
3627.0,Lost Customers,1,4,708,1,110.08
3628.0,Loyal Customers,1,4,332,1,82.37
3629.0,Lost Customers,1,4,658,1,156.89
3630.0,Loyal Customers,1,4,309,1,132.51
3631.0,Loyal Customers,1,4,294,1,131.14
3632.0,Loyal Customers,1,4,365,1,128.25
3633.0,Potential Loyalists,1,4,481,1,87.57
3634.0,Potential Loyalists,1,4,470,1,122.15
3635.0,Loyal Customers,1,4,333,1,174.37
3636.0,Loyal Customers,1,4,69,1,73.04
3637.0,Loyal Customers,1,4,248,1,96.9
3638.0,Loyal Customers,1,4,108,1,79.47
3639.0,Lost Customers,1,4,653,1,88.5
3640.0,Lost Customers,1,4,661,1,171.15
3641.0,Potential Loyalists,1,4,504,1,103.19
3642.0,Potential Loyalists,1,4,528,1,65.67
3643.0,Lost Customers,1,4,569,1,94.59
3644.0,Loyal Customers,1,4,365,1,145.56
3645.0,Lost Customers,1,4,595,1,108.25
3646.0,Loyal Customers,1,4,54,1,123.66
3647.0,Lost Customers,1,4,702,1,152.54
3648.0,Lost Customers,1,4,715,1,136.7
3649.0,Loyal Customers,1,4,161,1,81.65
3650.0,Loyal Customers,1,4,290,1,109.53
3651.0,Champions,1,4,111,1,208.22
3652.0,Loyal Customers,1,4,351,1,140.19
3653.0,Potential Loyalists,1,4,430,1,94.17
3654.0,Loyal Customers,1,4,157,1,121.46
3655.0,Potential Loyalists,1,4,472,1,148.67
3656.0,Loyal Customers,1,4,181,1,133.63
3657.0,Loyal Customers,1,4,296,1,137.0
3658.0,Champions,1,4,137,1,196.02
3659.0,Lost Customers,1,4,612,1,94.81
3660.0,Loyal Customers,1,4,357,1,179.67
3661.0,Potential Loyalists,1,4,546,1,171.88
3662.0,Loyal Customers,1,4,329,1,93.61
3663.0,Potential Loyalists,1,4,424,1,127.95
3664.0,Potential Loyalists,1,4,478,1,120.88
3665.0,Loyal Customers,1,4,254,1,100.41
3666.0,Loyal Customers,1,4,330,1,47.85
3667.0,Lost Customers,1,4,625,1,92.06
3668.0,Potential Loyalists,1,4,427,1,127.76
3669.0,Loyal Customers,1,4,249,1,129.59
3670.0,Lost Customers,1,4,558,1,166.74
3671.0,Loyal Customers,1,4,252,1,93.37
3672.0,Champions,1,4,12,1,197.28
3673.0,Potential Loyalists,1,4,520,1,142.66
3674.0,Loyal Customers,1,4,160,1,93.58
3675.0,Loyal Customers,1,4,70,1,90.53
3676.0,Lost Customers,1,4,607,1,80.38
3677.0,Loyal Customers,1,4,203,1,151.37
3678.0,Potential Loyalists,1,4,398,1,33.96
3679.0,Loyal Customers,1,4,271,1,98.93
3680.0,Loyal Customers,1,4,244,1,71.47
3681.0,Loyal Customers,1,4,279,1,91.33
3682.0,Loyal Customers,1,4,323,1,48.69
3683.0,Loyal Customers,1,4,282,1,134.53
3684.0,Potential Loyalists,1,4,465,1,71.71
3685.0,Loyal Customers,1,4,67,1,93.72
3686.0,Lost Customers,1,4,648,1,101.04
3687.0,Champions,1,4,127,1,242.66
3688.0,Potential Loyalists,1,4,457,1,80.37
3689.0,Potential Loyalists,1,4,373,1,106.67
3690.0,Potential Loyalists,1,4,494,1,82.61
3691.0,Potential Loyalists,1,4,441,1,98.98
3692.0,Loyal Customers,1,4,38,1,46.34
3693.0,Potential Loyalists,1,4,515,1,45.45
3694.0,Loyal Customers,1,4,252,1,78.59
3695.0,Loyal Customers,1,4,156,1,95.96
3696.0,Potential Loyalists,1,4,423,1,96.22
3697.0,Potential Loyalists,1,4,477,1,231.22
3698.0,Loyal Customers,1,4,358,1,107.54
3699.0,Potential Loyalists,1,4,389,1,147.8
3700.0,Champions,1,4,45,1,170.78
3701.0,Champions,1,4,56,1,198.37
3702.0,Loyal Customers,1,4,359,1,122.77
3703.0,Loyal Customers,1,4,293,1,125.96
3704.0,Loyal Customers,1,4,364,1,161.52
3705.0,Loyal Customers,1,4,181,1,91.01
3706.0,Loyal Customers,1,4,122,1,56.5
3707.0,Lost Customers,1,4,599,1,68.38
3708.0,Loyal Customers,1,4,29,1,77.7
3709.0,Loyal Customers,1,4,260,1,125.15
3710.0,Potential Loyalists,1,4,415,1,58.59
3711.0,Lost Customers,1,4,603,1,131.0
3712.0,Potential Loyalists,1,4,505,1,145.81
3713.0,Potential Loyalists,1,4,399,1,107.28
3714.0,Potential Loyalists,1,4,523,1,107.48
3715.0,Potential Loyalists,1,4,500,1,105.59
3716.0,Lost Customers,1,4,703,1,103.19
3717.0,Potential Loyalists,1,4,372,1,206.05
3718.0,Loyal Customers,1,4,211,1,82.5
3719.0,Loyal Customers,1,4,120,1,91.48
3720.0,Loyal Customers,1,4,9,1,162.71
3721.0,Loyal Customers,1,4,79,1,112.46
3722.0,Loyal Customers,1,4,352,1,141.27
3723.0,Lost Customers,1,4,574,1,129.45
3724.0,Potential Loyalists,1,4,417,1,91.33
3725.0,Loyal Customers,1,4,92,1,66.82
3726.0,Lost Customers,1,4,726,1,165.84
3727.0,Lost Customers,1,4,662,1,201.4
3728.0,Lost Customers,1,4,628,1,255.89
3729.0,Potential Loyalists,1,4,534,1,122.68
3730.0,Potential Loyalists,1,4,428,1,67.69
3731.0,Loyal Customers,1,4,183,1,139.27
3732.0,Loyal Customers,1,4,267,1,101.78
3733.0,Lost Customers,1,4,688,1,54.26
3734.0,Potential Loyalists,1,4,400,1,72.16
3735.0,Loyal Customers,1,4,133,1,136.81
3736.0,Loyal Customers,1,4,222,1,69.66
3737.0,Lost Customers,1,4,614,1,131.69
3738.0,Loyal Customers,1,4,133,1,118.69
3739.0,Loyal Customers,1,4,198,1,121.89
3740.0,Champions,1,4,144,1,234.74
3741.0,Lost Customers,1,4,552,1,125.46
3742.0,Potential Loyalists,1,4,545,1,239.2
3743.0,Loyal Customers,1,4,145,1,97.91
3744.0,Potential Loyalists,1,4,473,1,191.88
3745.0,Potential Loyalists,1,4,456,1,70.17
3746.0,Potential Loyalists,1,4,506,1,152.13
3747.0,Loyal Customers,1,4,99,1,160.35
3748.0,Potential Loyalists,1,4,547,1,59.78
3749.0,Loyal Customers,1,4,264,1,236.47
3750.0,Lost Customers,1,4,611,1,182.27
3751.0,Loyal Customers,1,4,339,1,195.98
3752.0,Loyal Customers,1,4,17,1,135.24
3753.0,Lost Customers,1,4,659,1,102.49
3754.0,Potential Loyalists,1,4,439,1,93.66
3755.0,Loyal Customers,1,4,132,1,107.0
3756.0,Loyal Customers,1,4,327,1,135.19
3757.0,Loyal Customers,1,4,342,1,79.1
3758.0,Lost Customers,1,4,678,1,116.92
3759.0,Loyal Customers,1,4,232,1,100.05
3760.0,Loyal Customers,1,4,261,1,96.04
3761.0,Loyal Customers,1,4,246,1,110.11
3762.0,Loyal Customers,1,4,117,1,90.96
3763.0,Lost Customers,1,4,696,1,149.87
3764.0,Loyal Customers,1,4,201,1,368.16
3765.0,Lost Customers,1,4,638,1,137.49
3766.0,Loyal Customers,1,4,347,1,287.16
3767.0,Loyal Customers,1,4,347,1,134.72
3768.0,Lost Customers,1,4,615,1,148.84
3769.0,Loyal Customers,1,4,123,1,84.95
3770.0,Lost Customers,1,4,607,1,159.44
3771.0,Champions,1,4,37,1,192.65
3772.0,Lost Customers,1,4,550,1,156.55
3773.0,Loyal Customers,1,4,180,1,78.09
3774.0,Loyal Customers,1,4,261,1,106.99
3775.0,Champions,1,4,62,1,185.04
3776.0,Loyal Customers,1,4,282,1,89.56
3777.0,Loyal Customers,1,4,239,1,159.78
3778.0,Potential Loyalists,1,4,471,1,94.74
3779.0,Champions,1,4,74,1,230.55
3780.0,Potential Loyalists,1,4,509,1,78.76
3781.0,Loyal Customers,1,4,183,1,63.69
3782.0,Loyal Customers,1,4,117,1,139.81
3783.0,Lost Customers,1,4,566,1,95.99
3784.0,Loyal Customers,1,4,158,1,123.11
3785.0,Loyal Customers,1,4,93,1,116.74
3786.0,Lost Customers,1,4,717,1,183.46
3787.0,Loyal Customers,1,4,214,1,153.59
3788.0,Loyal Customers,1,4,114,1,107.25
3789.0,Lost Customers,1,4,567,1,170.31
3790.0,Loyal Customers,1,4,2,1,99.74
3791.0,Potential Loyalists,1,4,535,1,64.92
3792.0,Loyal Customers,1,4,333,1,108.15
3793.0,Potential Loyalists,1,4,408,1,115.68
3794.0,Potential Loyalists,1,4,374,1,167.6
3795.0,Champions,1,4,36,1,188.29
3796.0,Potential Loyalists,1,4,454,1,105.63
3797.0,Loyal Customers,1,4,362,1,104.32
3798.0,Potential Loyalists,1,4,440,1,101.01
3799.0,Loyal Customers,1,4,110,1,96.28
3800.0,Loyal Customers,1,4,242,1,65.73
3801.0,Loyal Customers,1,4,291,1,89.94
3802.0,Loyal Customers,1,4,341,1,108.07
3803.0,Potential Loyalists,1,4,505,1,192.38
3804.0,Loyal Customers,1,4,232,1,184.86
3805.0,Potential Loyalists,1,4,508,1,80.25
3806.0,Loyal Customers,1,4,299,1,86.24
3807.0,Loyal Customers,1,4,240,1,139.9
3808.0,Loyal Customers,1,4,2,1,161.27
3809.0,Loyal Customers,1,4,116,1,77.02
3810.0,Loyal Customers,1,4,243,1,202.23
3811.0,Potential Loyalists,1,4,420,1,130.34
3812.0,Potential Loyalists,1,4,451,1,144.9
3813.0,Loyal Customers,1,4,223,1,148.98
3814.0,Lost Customers,1,4,570,1,98.9
3815.0,Loyal Customers,1,4,25,1,149.73
3816.0,Lost Customers,1,4,640,1,187.78
3817.0,Potential Loyalists,1,4,393,1,123.5
3818.0,Lost Customers,1,4,591,1,140.81
3819.0,Loyal Customers,1,4,289,1,159.25
3820.0,Lost Customers,1,4,723,1,101.05
3821.0,Loyal Customers,1,4,304,1,99.93
3822.0,Loyal Customers,1,4,198,1,119.6
3823.0,Loyal Customers,1,4,137,1,88.71
3824.0,Champions,1,4,81,1,171.34
3825.0,Loyal Customers,1,4,19,1,99.52
3826.0,Potential Loyalists,1,4,453,1,155.05
3827.0,Lost Customers,1,4,557,1,173.18
3828.0,Potential Loyalists,1,4,375,1,276.19
3829.0,Champions,1,4,161,1,231.07
3830.0,Loyal Customers,1,4,270,1,100.29
3831.0,Potential Loyalists,1,4,475,1,77.29
3832.0,Loyal Customers,1,4,208,1,92.96
3833.0,Potential Loyalists,1,4,434,1,167.82
3834.0,Lost Customers,1,4,636,1,48.38
3835.0,Lost Customers,1,4,618,1,106.59
3836.0,Loyal Customers,1,4,121,1,98.23
3837.0,Potential Loyalists,1,4,377,1,105.56
3838.0,Lost Customers,1,4,586,1,190.5
3839.0,Potential Loyalists,1,4,440,1,126.71
3840.0,Loyal Customers,1,4,238,1,169.64
3841.0,Loyal Customers,1,4,91,1,114.99
3842.0,Potential Loyalists,1,4,423,1,91.39
3843.0,Lost Customers,1,4,715,1,74.97
3844.0,Loyal Customers,1,4,176,1,141.18
3845.0,Lost Customers,1,4,701,1,148.55
3846.0,Potential Loyalists,1,4,533,1,126.27
3847.0,Lost Customers,1,4,712,1,80.42
3848.0,Loyal Customers,1,4,322,1,249.62
3849.0,Potential Loyalists,1,4,519,1,123.6
3850.0,Loyal Customers,1,4,148,1,34.4
3851.0,Potential Loyalists,1,4,504,1,135.2
3852.0,Loyal Customers,1,4,65,1,109.73
3853.0,Potential Loyalists,1,4,438,1,63.09
3854.0,Loyal Customers,1,4,42,1,97.8
3855.0,Lost Customers,1,4,639,1,82.45
3856.0,Loyal Customers,1,4,99,1,80.32
3857.0,Lost Customers,1,4,637,1,123.04
3858.0,Loyal Customers,1,4,284,1,158.47
3859.0,Lost Customers,1,4,716,1,100.36
3860.0,Loyal Customers,1,4,275,1,86.92
3861.0,Potential Loyalists,1,4,434,1,116.89
3862.0,Potential Loyalists,1,4,385,1,72.1
3863.0,Loyal Customers,1,4,0,1,85.26
3864.0,Loyal Customers,1,4,345,1,55.26
3865.0,Champions,1,4,23,1,287.9
3866.0,Loyal Customers,1,4,364,1,163.53
3867.0,Lost Customers,1,4,720,1,124.04
3868.0,Loyal Customers,1,4,281,1,98.94
3869.0,Loyal Customers,1,4,260,1,151.78
3870.0,Potential Loyalists,1,4,429,1,182.14
3871.0,Loyal Customers,1,4,206,1,84.9
3872.0,Loyal Customers,1,4,125,1,103.92
3873.0,Loyal Customers,1,4,181,1,100.02
3874.0,Lost Customers,1,4,661,1,125.25
3875.0,Loyal Customers,1,4,167,1,140.16
3876.0,Loyal Customers,1,4,279,1,204.73
3877.0,Loyal Customers,1,4,287,1,92.27
3878.0,Lost Customers,1,4,685,1,138.26
3879.0,Loyal Customers,1,4,262,1,128.68
3880.0,Loyal Customers,1,4,85,1,108.93
3881.0,Loyal Customers,1,4,2,1,116.47
3882.0,Potential Loyalists,1,4,410,1,125.65
3883.0,Loyal Customers,1,4,361,1,49.27
3884.0,Loyal Customers,1,4,181,1,106.04
3885.0,Loyal Customers,1,4,59,1,112.89
3886.0,Loyal Customers,1,4,29,1,92.97
3887.0,Lost Customers,1,4,713,1,112.38
3888.0,Loyal Customers,1,4,195,1,131.46
3889.0,Loyal Customers,1,4,294,1,99.34
3890.0,Lost Customers,1,4,701,1,237.31
3891.0,Loyal Customers,1,4,98,1,110.71
3892.0,Potential Loyalists,1,4,374,1,171.21
3893.0,Loyal Customers,1,4,284,1,117.93
3894.0,Loyal Customers,1,4,341,1,148.03
3895.0,Champions,1,4,118,1,252.33
3896.0,Loyal Customers,1,4,113,1,86.32
3897.0,Lost Customers,1,4,668,1,207.75
3898.0,Loyal Customers,1,4,259,1,82.1
3899.0,Lost Customers,1,4,596,1,114.71
3900.0,Loyal Customers,1,4,363,1,70.31
3901.0,Lost Customers,1,4,599,1,201.91
3902.0,Potential Loyalists,1,4,447,1,78.3
3903.0,Loyal Customers,1,4,347,1,144.89
3904.0,Potential Loyalists,1,4,488,1,99.3
3905.0,Potential Loyalists,1,4,516,1,106.81
3906.0,Potential Loyalists,1,4,518,1,80.2
3907.0,Lost Customers,1,4,610,1,121.04
3908.0,Lost Customers,1,4,572,1,204.37
3909.0,Lost Customers,1,4,554,1,96.75
3910.0,Potential Loyalists,1,4,435,1,131.08
3911.0,Potential Loyalists,1,4,500,1,129.59
3912.0,Potential Loyalists,1,4,499,1,115.12
3913.0,Potential Loyalists,1,4,515,1,86.78
3914.0,Loyal Customers,1,4,124,1,73.06
3915.0,Champions,1,4,25,1,229.9
3916.0,Lost Customers,1,4,618,1,209.2
3917.0,Lost Customers,1,4,708,1,117.36
3918.0,Loyal Customers,1,4,75,1,126.76
3919.0,Lost Customers,1,4,601,1,259.47
3920.0,Loyal Customers,1,4,195,1,122.27
3921.0,Lost Customers,1,4,727,1,123.34
3922.0,Lost Customers,1,4,673,1,128.43
3923.0,Potential Loyalists,1,4,395,1,132.07
3924.0,Loyal Customers,1,4,250,1,102.0
3925.0,Loyal Customers,1,4,265,1,101.46
3926.0,Lost Customers,1,4,572,1,118.11
3927.0,Potential Loyalists,1,4,442,1,126.64
3928.0,Potential Loyalists,1,4,390,1,112.51
3929.0,Loyal Customers,1,4,20,1,147.54
3930.0,Loyal Customers,1,4,211,1,62.52
3931.0,Lost Customers,1,4,628,1,151.13
3932.0,Potential Loyalists,1,4,538,1,128.85
3933.0,Lost Customers,1,4,712,1,122.99
3934.0,Potential Loyalists,1,4,525,1,75.54
3935.0,Loyal Customers,1,4,366,1,112.59
3936.0,Lost Customers,1,4,698,1,94.45
3937.0,Loyal Customers,1,4,112,1,125.02
3938.0,Loyal Customers,1,4,42,1,138.42
3939.0,Potential Loyalists,1,4,528,1,132.96
3940.0,Potential Loyalists,1,4,388,1,215.61
3941.0,Lost Customers,1,4,659,1,97.6
3942.0,Lost Customers,1,4,681,1,240.29
3943.0,Loyal Customers,1,4,12,1,103.88
3944.0,Lost Customers,1,4,640,1,88.18
3945.0,Loyal Customers,1,4,218,1,152.84
3946.0,Champions,1,4,39,1,214.98
3947.0,Loyal Customers,1,4,359,1,130.18
3948.0,Champions,1,4,43,1,182.17
3949.0,Potential Loyalists,1,4,472,1,62.84
3950.0,Lost Customers,1,4,612,1,157.81
3951.0,Loyal Customers,1,4,354,1,103.82
3952.0,Loyal Customers,1,4,282,1,178.34
3953.0,Lost Customers,1,4,659,1,109.24
3954.0,Lost Customers,1,4,613,1,109.07
3955.0,Champions,1,4,42,1,227.38
3956.0,Loyal Customers,1,4,74,1,125.84
3957.0,Lost Customers,1,4,711,1,170.92
3958.0,Loyal Customers,1,4,164,1,134.76
3959.0,Loyal Customers,1,4,62,1,131.55
3960.0,Loyal Customers,1,4,226,1,129.82
3961.0,Potential Loyalists,1,4,408,1,149.52
3962.0,Potential Loyalists,1,4,402,1,101.68
3963.0,Loyal Customers,1,4,255,1,86.39
3964.0,Champions,1,4,99,1,190.84
3965.0,Champions,1,4,63,1,195.71
3966.0,Loyal Customers,1,4,42,1,47.87
3967.0,Potential Loyalists,1,4,409,1,125.65
3968.0,Loyal Customers,1,4,123,1,33.11
3969.0,Loyal Customers,1,4,302,1,115.46
3970.0,Champions,1,4,133,1,266.92
3971.0,Champions,1,4,109,1,194.68
3972.0,Loyal Customers,1,4,296,1,96.1
3973.0,Potential Loyalists,1,4,428,1,200.54
3974.0,Loyal Customers,1,4,255,1,161.22
3975.0,Potential Loyalists,1,4,448,1,84.87
3976.0,Lost Customers,1,4,680,1,124.56
3977.0,Champions,1,4,148,1,182.15
3978.0,Loyal Customers,1,4,151,1,107.98
3979.0,Loyal Customers,1,4,78,1,137.04
3980.0,Loyal Customers,1,4,313,1,72.83
3981.0,Potential Loyalists,1,4,369,1,153.27
3982.0,Loyal Customers,1,4,234,1,126.12
3983.0,Potential Loyalists,1,4,455,1,152.7
3984.0,Champions,1,4,140,1,188.06
3985.0,Champions,1,4,13,1,214.76
3986.0,Lost Customers,1,4,650,1,103.24
3987.0,Loyal Customers,1,4,327,1,182.15
3988.0,Potential Loyalists,1,4,431,1,161.33
3989.0,Loyal Customers,1,4,268,1,145.46
3990.0,Loyal Customers,1,4,365,1,95.19
3991.0,Champions,1,4,127,1,182.67
3992.0,Lost Customers,1,4,672,1,83.31
3993.0,Loyal Customers,1,4,265,1,117.82
3994.0,Lost Customers,1,4,729,1,105.4
3995.0,Loyal Customers,1,4,167,1,108.16
3996.0,Lost Customers,1,4,560,1,73.42
3997.0,Lost Customers,1,4,706,1,89.78
3998.0,Lost Customers,1,4,562,1,161.11
3999.0,Loyal Customers,1,4,288,1,131.13
4000.0,Lost Customers,1,4,664,1,205.61
4001.0,Loyal Customers,1,4,313,1,90.01
4002.0,Potential Loyalists,1,4,477,1,123.71
4003.0,Loyal Customers,1,4,117,1,65.96
4004.0,Potential Loyalists,1,4,506,1,150.15
4005.0,Loyal Customers,1,4,10,1,123.24
4006.0,Loyal Customers,1,4,213,1,145.19
4007.0,Lost Customers,1,4,649,1,109.8
4008.0,Loyal Customers,1,4,105,1,121.53
4009.0,Loyal Customers,1,4,107,1,140.77
4010.0,Loyal Customers,1,4,121,1,93.7
4011.0,Potential Loyalists,1,4,442,1,127.52
4012.0,Loyal Customers,1,4,190,1,223.54
4013.0,Loyal Customers,1,4,239,1,151.51
4014.0,Lost Customers,1,4,713,1,114.56
4015.0,Loyal Customers,1,4,244,1,232.35
4016.0,Lost Customers,1,4,581,1,56.64
4017.0,Potential Loyalists,1,4,491,1,153.96
4018.0,Loyal Customers,1,4,190,1,184.12
4019.0,Lost Customers,1,4,550,1,107.31
4020.0,Lost Customers,1,4,623,1,72.23
4021.0,Loyal Customers,1,4,228,1,128.92
4022.0,Potential Loyalists,1,4,546,1,142.37
4023.0,Potential Loyalists,1,4,485,1,179.4
4024.0,Loyal Customers,1,4,146,1,98.79
4025.0,Loyal Customers,1,4,14,1,61.72
4026.0,Potential Loyalists,1,4,476,1,107.49
4027.0,Loyal Customers,1,4,103,1,96.59
4028.0,Loyal Customers,1,4,164,1,134.53
4029.0,Loyal Customers,1,4,182,1,85.09
4030.0,Loyal Customers,1,4,232,1,192.22
4031.0,Loyal Customers,1,4,316,1,150.29
4032.0,Loyal Customers,1,4,355,1,138.68
4033.0,Potential Loyalists,1,4,546,1,144.76
4034.0,Lost Customers,1,4,611,1,127.68
4035.0,Lost Customers,1,4,710,1,173.32
4036.0,Loyal Customers,1,4,135,1,100.42
4037.0,Loyal Customers,1,4,72,1,129.82
4038.0,Loyal Customers,1,4,341,1,119.96
4039.0,Potential Loyalists,1,4,531,1,26.86
4040.0,Lost Customers,1,4,553,1,269.01
4041.0,Lost Customers,1,4,691,1,39.94
4042.0,Loyal Customers,1,4,282,1,187.38
4043.0,Lost Customers,1,4,616,1,115.87
4044.0,Lost Customers,1,4,648,1,132.58
4045.0,Loyal Customers,1,4,244,1,162.28
4046.0,Potential Loyalists,1,4,472,1,105.99
4047.0,Loyal Customers,1,4,281,1,107.97
4048.0,Potential Loyalists,1,4,379,1,120.44
4049.0,Loyal Customers,1,4,11,1,118.42
4050.0,Loyal Customers,1,4,272,1,164.78
4051.0,Loyal Customers,1,4,141,1,114.82
4052.0,Lost Customers,1,4,574,1,92.98
4053.0,Loyal Customers,1,4,126,1,120.59
4054.0,Potential Loyalists,1,4,397,1,130.1
4055.0,Loyal Customers,1,4,200,1,163.33
4056.0,Lost Customers,1,4,683,1,71.25
4057.0,Loyal Customers,1,4,294,1,103.95
4058.0,Lost Customers,1,4,680,1,82.06
4059.0,Lost Customers,1,4,590,1,117.67
4060.0,Loyal Customers,1,4,236,1,123.8
4061.0,Potential Loyalists,1,4,488,1,162.47
4062.0,Lost Customers,1,4,601,1,79.92
4063.0,Loyal Customers,1,4,92,1,71.24
4064.0,Loyal Customers,1,4,38,1,74.48
4065.0,Loyal Customers,1,4,131,1,118.32
4066.0,Potential Loyalists,1,4,419,1,101.46
4067.0,Lost Customers,1,4,642,1,103.22
4068.0,Potential Loyalists,1,4,484,1,101.51
4069.0,Loyal Customers,1,4,205,1,91.57
4070.0,Lost Customers,1,4,653,1,70.94
4071.0,Loyal Customers,1,4,323,1,90.51
4072.0,Lost Customers,1,4,699,1,86.17
4073.0,Potential Loyalists,1,4,444,1,48.55
4074.0,Loyal Customers,1,4,39,1,99.84
4075.0,Potential Loyalists,1,4,457,1,128.68
4076.0,Lost Customers,1,4,560,1,81.15
4077.0,Potential Loyalists,1,4,539,1,154.05
4078.0,Potential Loyalists,1,4,450,1,121.58
4079.0,Lost Customers,1,4,670,1,102.27
4080.0,Loyal Customers,1,4,151,1,107.16
4081.0,Loyal Customers,1,4,22,1,150.96
4082.0,Potential Loyalists,1,4,523,1,130.81
4083.0,Loyal Customers,1,4,364,1,235.1
4084.0,Loyal Customers,1,4,303,1,149.16
4085.0,Potential Loyalists,1,4,444,1,127.39
4086.0,Potential Loyalists,1,4,375,1,110.57
4087.0,Lost Customers,1,4,636,1,124.25
4088.0,Champions,1,4,97,1,290.57
4089.0,Lost Customers,1,4,580,1,91.1
4090.0,Lost Customers,1,4,616,1,85.83
4091.0,Loyal Customers,1,4,345,1,153.32
4092.0,Lost Customers,1,4,675,1,224.53
4093.0,Lost Customers,1,4,642,1,193.75
4094.0,Loyal Customers,1,4,20,1,98.8
4095.0,Potential Loyalists,1,4,459,1,93.86
4096.0,Loyal Customers,1,4,121,1,82.32
4097.0,Loyal Customers,1,4,339,1,116.34
4098.0,Potential Loyalists,1,4,436,1,180.9
4099.0,Champions,1,4,46,1,165.76
4100.0,Potential Loyalists,1,4,396,1,150.07
4101.0,Lost Customers,1,4,549,1,266.86
4102.0,Potential Loyalists,1,4,493,1,94.93
4103.0,Potential Loyalists,1,4,398,1,114.09
4104.0,Loyal Customers,1,4,26,1,109.48
4105.0,Loyal Customers,1,4,356,1,211.23
4106.0,Potential Loyalists,1,4,392,1,104.42
4107.0,Loyal Customers,1,4,59,1,112.18
4108.0,Loyal Customers,1,4,238,1,132.22
4109.0,Loyal Customers,1,4,311,1,195.94
4110.0,Loyal Customers,1,4,348,1,181.39
4111.0,Loyal Customers,1,4,287,1,104.05
4112.0,Potential Loyalists,1,4,456,1,184.4
4113.0,Potential Loyalists,1,4,479,1,118.64
4114.0,Potential Loyalists,1,4,406,1,179.92
4115.0,Lost Customers,1,4,633,1,87.11
4116.0,Loyal Customers,1,4,338,1,86.67
4117.0,Lost Customers,1,4,681,1,143.42
4118.0,Champions,1,4,79,1,220.06
4119.0,Potential Loyalists,1,4,460,1,154.13
4120.0,Potential Loyalists,1,4,419,1,81.5
4121.0,Loyal Customers,1,4,299,1,51.93
4122.0,Loyal Customers,1,4,131,1,133.59
4123.0,Potential Loyalists,1,4,438,1,160.85
4124.0,Loyal Customers,1,4,158,1,138.05
4125.0,Lost Customers,1,4,624,1,44.4
4126.0,Potential Loyalists,1,4,484,1,109.59
4127.0,Lost Customers,1,4,643,1,98.89
4128.0,Lost Customers,1,4,580,1,74.52
4129.0,Loyal Customers,1,4,198,1,199.85
4130.0,Loyal Customers,1,4,241,1,115.82
4131.0,Lost Customers,1,4,627,1,71.23
4132.0,Loyal Customers,1,4,221,1,61.61
4133.0,Loyal Customers,1,4,93,1,95.07
4134.0,Potential Loyalists,1,4,548,1,188.71
4135.0,Potential Loyalists,1,4,476,1,216.17
4136.0,Lost Customers,1,4,593,1,115.25
4137.0,Loyal Customers,1,4,187,1,160.62
4138.0,Loyal Customers,1,4,309,1,96.49
4139.0,Loyal Customers,1,4,184,1,106.67
4140.0,Loyal Customers,1,4,240,1,134.2
4141.0,Potential Loyalists,1,4,462,1,142.87
4142.0,Loyal Customers,1,4,164,1,113.32
4143.0,Loyal Customers,1,4,28,1,91.62
4144.0,Loyal Customers,1,4,252,1,102.19
4145.0,Loyal Customers,1,4,131,1,131.23
4146.0,Potential Loyalists,1,4,452,1,96.99
4147.0,Loyal Customers,1,4,351,1,103.31
4148.0,Lost Customers,1,4,641,1,123.78
4149.0,Lost Customers,1,4,668,1,210.07
4150.0,Loyal Customers,1,4,350,1,135.6
4151.0,Potential Loyalists,1,4,419,1,109.44
4152.0,Potential Loyalists,1,4,398,1,92.6
4153.0,Lost Customers,1,4,569,1,265.15
4154.0,Loyal Customers,1,4,239,1,152.52
4155.0,Potential Loyalists,1,4,448,1,93.38
4156.0,Loyal Customers,1,4,357,1,79.16
4157.0,Loyal Customers,1,4,202,1,184.71
4158.0,Potential Loyalists,1,4,513,1,121.01
4159.0,Lost Customers,1,4,722,1,134.86
4160.0,Loyal Customers,1,4,143,1,137.23
4161.0,Potential Loyalists,1,4,527,1,97.73
4162.0,Potential Loyalists,1,4,489,1,156.23
4163.0,Lost Customers,1,4,561,1,131.03
4164.0,Potential Loyalists,1,4,531,1,80.65
4165.0,Potential Loyalists,1,4,456,1,89.08
4166.0,Loyal Customers,1,4,356,1,107.22
4167.0,Lost Customers,1,4,585,1,150.76
4168.0,Loyal Customers,1,4,286,1,33.93
4169.0,Loyal Customers,1,4,170,1,118.95
4170.0,Loyal Customers,1,4,317,1,91.36
4171.0,Lost Customers,1,4,711,1,196.62
4172.0,Champions,1,4,82,1,194.32
4173.0,Potential Loyalists,1,4,385,1,122.83
4174.0,Potential Loyalists,1,4,539,1,108.28
4175.0,Loyal Customers,1,4,343,1,100.41
4176.0,Lost Customers,1,4,648,1,160.75
4177.0,Champions,1,4,164,1,248.48
4178.0,Loyal Customers,1,4,343,1,191.67
4179.0,Lost Customers,1,4,630,1,67.29
4180.0,Lost Customers,1,4,653,1,111.53
4181.0,Lost Customers,1,4,622,1,240.69
4182.0,Loyal Customers,1,4,181,1,83.18
4183.0,Loyal Customers,1,4,181,1,74.24
4184.0,Loyal Customers,1,4,344,1,264.98
4185.0,Loyal Customers,1,4,314,1,133.52
4186.0,Loyal Customers,1,4,357,1,148.81
4187.0,Potential Loyalists,1,4,422,1,108.01
4188.0,Potential Loyalists,1,4,545,1,141.96
4189.0,Champions,1,4,72,1,185.44
4190.0,Lost Customers,1,4,698,1,86.06
4191.0,Potential Loyalists,1,4,389,1,129.48
4192.0,Lost Customers,1,4,708,1,118.37
4193.0,Champions,1,4,38,1,188.97
4194.0,Loyal Customers,1,4,127,1,135.6
4195.0,Loyal Customers,1,4,252,1,125.7
4196.0,Potential Loyalists,1,4,517,1,62.17
4197.0,Lost Customers,1,4,685,1,137.2
4198.0,Potential Loyalists,1,4,478,1,140.81
4199.0,Lost Customers,1,4,725,1,77.42
4200.0,Potential Loyalists,1,4,391,1,93.41
4201.0,Lost Customers,1,4,588,1,149.19
4202.0,Loyal Customers,1,4,274,1,152.55
4203.0,Lost Customers,1,4,560,1,163.89
4204.0,Lost Customers,1,4,697,1,178.51
4205.0,Potential Loyalists,1,4,446,1,88.39
4206.0,Loyal Customers,1,4,132,1,72.07
4207.0,Loyal Customers,1,4,145,1,90.95
4208.0,Loyal Customers,1,4,149,1,150.71
4209.0,Potential Loyalists,1,4,508,1,105.44
4210.0,Lost Customers,1,4,597,1,96.69
4211.0,Loyal Customers,1,4,163,1,131.13
4212.0,Loyal Customers,1,4,256,1,122.62
4213.0,Lost Customers,1,4,729,1,159.09
4214.0,Champions,1,4,159,1,178.88
4215.0,Lost Customers,1,4,679,1,86.39
4216.0,Potential Loyalists,1,4,472,1,126.07
4217.0,Loyal Customers,1,4,138,1,73.8
4218.0,Potential Loyalists,1,4,374,1,72.34
4219.0,Potential Loyalists,1,4,475,1,111.15
4220.0,Loyal Customers,1,4,231,1,147.67
4221.0,Loyal Customers,1,4,63,1,143.01
4222.0,Potential Loyalists,1,4,385,1,110.72
4223.0,Loyal Customers,1,4,96,1,159.94
4224.0,Loyal Customers,1,4,135,1,127.37
4225.0,Champions,1,4,124,1,193.13
4226.0,Loyal Customers,1,4,218,1,140.06
4227.0,Potential Loyalists,1,4,460,1,135.06
4228.0,Potential Loyalists,1,4,481,1,130.66
4229.0,Potential Loyalists,1,4,460,1,118.51
4230.0,Potential Loyalists,1,4,529,1,82.04
4231.0,Loyal Customers,1,4,57,1,131.11
4232.0,Lost Customers,1,4,581,1,122.54
4233.0,Potential Loyalists,1,4,410,1,212.33
4234.0,Potential Loyalists,1,4,506,1,205.99
4235.0,Loyal Customers,1,4,260,1,211.52
4236.0,Champions,1,4,62,1,167.77
4237.0,Loyal Customers,1,4,32,1,83.63
4238.0,Lost Customers,1,4,573,1,187.19
4239.0,Loyal Customers,1,4,191,1,85.84
4240.0,Loyal Customers,1,4,45,1,160.43
4241.0,Loyal Customers,1,4,363,1,104.44
4242.0,Potential Loyalists,1,4,369,1,99.02
4243.0,Champions,1,4,15,1,201.44
4244.0,Champions,1,4,51,1,215.69
4245.0,Loyal Customers,1,4,170,1,126.79
4246.0,Potential Loyalists,1,4,530,1,79.32
4247.0,Potential Loyalists,1,4,462,1,78.96
4248.0,Potential Loyalists,1,4,385,1,79.54
4249.0,Loyal Customers,1,4,317,1,121.11
4250.0,Champions,1,4,26,1,169.66
4251.0,Lost Customers,1,4,574,1,237.9
4252.0,Loyal Customers,1,4,244,1,180.29
4253.0,Potential Loyalists,1,4,475,1,129.19
4254.0,Potential Loyalists,1,4,532,1,77.09
4255.0,Potential Loyalists,1,4,388,1,118.19
4256.0,Potential Loyalists,1,4,388,1,61.7
4257.0,Loyal Customers,1,4,43,1,94.5
4258.0,Potential Loyalists,1,4,502,1,259.59
4259.0,Loyal Customers,1,4,134,1,55.58
4260.0,Lost Customers,1,4,584,1,228.8
4261.0,Potential Loyalists,1,4,534,1,162.38
4262.0,Loyal Customers,1,4,237,1,88.92
4263.0,Lost Customers,1,4,615,1,87.23
4264.0,Lost Customers,1,4,729,1,49.71
4265.0,Loyal Customers,1,4,30,1,105.2
4266.0,Loyal Customers,1,4,205,1,189.02
4267.0,Champions,1,4,100,1,191.99
4268.0,Lost Customers,1,4,679,1,91.93
4269.0,Potential Loyalists,1,4,425,1,86.17
4270.0,Loyal Customers,1,4,63,1,84.72
4271.0,Loyal Customers,1,4,93,1,122.36
4272.0,Loyal Customers,1,4,88,1,70.24
4273.0,Potential Loyalists,1,4,389,1,97.71
4274.0,Potential Loyalists,1,4,482,1,101.93
4275.0,Lost Customers,1,4,669,1,90.01
4276.0,Potential Loyalists,1,4,510,1,149.54
4277.0,Potential Loyalists,1,4,522,1,121.34
4278.0,Potential Loyalists,1,4,433,1,298.69
4279.0,Loyal Customers,1,4,149,1,106.13
4280.0,Lost Customers,1,4,701,1,225.15
4281.0,Potential Loyalists,1,4,404,1,107.85
4282.0,Lost Customers,1,4,697,1,165.37
4283.0,Potential Loyalists,1,4,483,1,138.12
4284.0,Loyal Customers,1,4,137,1,87.26
4285.0,Potential Loyalists,1,4,467,1,43.76
4286.0,Potential Loyalists,1,4,505,1,94.31
4287.0,Lost Customers,1,4,625,1,105.58
4288.0,Loyal Customers,1,4,314,1,179.3
4289.0,Lost Customers,1,4,646,1,118.05
4290.0,Lost Customers,1,4,569,1,85.93
4291.0,Potential Loyalists,1,4,367,1,146.8
4292.0,Champions,1,4,31,1,246.12
4293.0,Potential Loyalists,1,4,509,1,210.13
4294.0,Potential Loyalists,1,4,491,1,192.03
4295.0,Potential Loyalists,1,4,471,1,188.08
4296.0,Loyal Customers,1,4,97,1,155.11
4297.0,Loyal Customers,1,4,120,1,120.92
4298.0,Loyal Customers,1,4,195,1,177.75
4299.0,Lost Customers,1,4,622,1,262.74
4300.0,Loyal Customers,1,4,32,1,115.05
4301.0,Lost Customers,1,4,677,1,132.1
4302.0,Loyal Customers,1,4,239,1,99.04
4303.0,Loyal Customers,1,4,366,1,113.46
4304.0,Loyal Customers,1,4,74,1,74.11
4305.0,Champions,1,4,69,1,253.07
4306.0,Potential Loyalists,1,4,373,1,142.57
4307.0,Loyal Customers,1,4,286,1,79.39
4308.0,Potential Loyalists,1,4,483,1,264.1
4309.0,Potential Loyalists,1,4,430,1,102.38
4310.0,Loyal Customers,1,4,18,1,75.75
4311.0,Loyal Customers,1,4,340,1,303.91
4312.0,Potential Loyalists,1,4,480,1,113.19
4313.0,Loyal Customers,1,4,307,1,106.41
4314.0,Lost Customers,1,4,698,1,104.06
4315.0,Loyal Customers,1,4,279,1,96.75
4316.0,Loyal Customers,1,4,68,1,132.75
4317.0,Potential Loyalists,1,4,391,1,117.44
4318.0,Lost Customers,1,4,590,1,100.7
4319.0,Lost Customers,1,4,639,1,95.39
4320.0,Loyal Customers,1,4,221,1,233.17
4321.0,Loyal Customers,1,4,295,1,103.0
4322.0,Loyal Customers,1,4,293,1,48.56
4323.0,Champions,1,4,30,1,303.86
4324.0,Potential Loyalists,1,4,459,1,95.3
4325.0,Loyal Customers,1,4,97,1,111.5
4326.0,Lost Customers,1,4,603,1,76.0
4327.0,Potential Loyalists,1,4,451,1,148.81
4328.0,Potential Loyalists,1,4,406,1,124.55
4329.0,Loyal Customers,1,4,352,1,135.96
4330.0,Loyal Customers,1,4,89,1,123.06
4331.0,Potential Loyalists,1,4,458,1,185.09
4332.0,Potential Loyalists,1,4,409,1,110.74
4333.0,Potential Loyalists,1,4,488,1,128.76
4334.0,Loyal Customers,1,4,77,1,94.93
4335.0,Loyal Customers,1,4,326,1,78.1
4336.0,Champions,1,4,88,1,216.9
4337.0,Lost Customers,1,4,604,1,92.31
4338.0,Lost Customers,1,4,693,1,112.18
4339.0,Lost Customers,1,4,636,1,128.13
4340.0,Potential Loyalists,1,4,451,1,104.44
4341.0,Lost Customers,1,4,697,1,78.83
4342.0,Loyal Customers,1,4,128,1,150.56
4343.0,Loyal Customers,1,4,298,1,147.1
4344.0,Potential Loyalists,1,4,485,1,40.7
4345.0,Potential Loyalists,1,4,374,1,101.84
4346.0,Loyal Customers,1,4,347,1,156.03
4347.0,Lost Customers,1,4,706,1,136.24
4348.0,Loyal Customers,1,4,23,1,67.02
4349.0,Loyal Customers,1,4,247,1,124.35
4350.0,Lost Customers,1,4,661,1,183.51
4351.0,Potential Loyalists,1,4,539,1,196.28
4352.0,Potential Loyalists,1,4,445,1,97.75
4353.0,Loyal Customers,1,4,236,1,170.57
4354.0,Potential Loyalists,1,4,474,1,115.0
4355.0,Loyal Customers,1,4,57,1,115.35
4356.0,Loyal Customers,1,4,347,1,153.97
4357.0,Loyal Customers,1,4,101,1,101.12
4358.0,Loyal Customers,1,4,188,1,115.6
4359.0,Potential Loyalists,1,4,393,1,58.86
4360.0,Lost Customers,1,4,653,1,100.13
4361.0,Loyal Customers,1,4,235,1,115.77
4362.0,Loyal Customers,1,4,206,1,121.28
4363.0,Lost Customers,1,4,711,1,149.84
4364.0,Potential Loyalists,1,4,543,1,149.79
4365.0,Lost Customers,1,4,718,1,82.37
4366.0,Loyal Customers,1,4,226,1,95.47
4367.0,Loyal Customers,1,4,146,1,163.73
4368.0,Lost Customers,1,4,591,1,85.76
4369.0,Lost Customers,1,4,630,1,127.23
4370.0,Loyal Customers,1,4,82,1,75.1
4371.0,Loyal Customers,1,4,51,1,134.31
4372.0,Potential Loyalists,1,4,448,1,170.92
4373.0,Loyal Customers,1,4,133,1,126.83
4374.0,Loyal Customers,1,4,38,1,103.32
4375.0,Loyal Customers,1,4,45,1,75.36
4376.0,Loyal Customers,1,4,248,1,111.02
4377.0,Lost Customers,1,4,703,1,74.29
4378.0,Lost Customers,1,4,622,1,99.71
4379.0,Lost Customers,1,4,647,1,105.7
4380.0,Loyal Customers,1,4,133,1,86.53
4381.0,Loyal Customers,1,4,298,1,111.47
4382.0,Potential Loyalists,1,4,452,1,111.14
4383.0,Loyal Customers,1,4,0,1,157.84
4384.0,Lost Customers,1,4,666,1,144.34
4385.0,Loyal Customers,1,4,124,1,102.54
4386.0,Potential Loyalists,1,4,410,1,113.31
4387.0,Lost Customers,1,4,564,1,202.44
4388.0,Potential Loyalists,1,4,487,1,72.74
4389.0,Lost Customers,1,4,645,1,68.3
4390.0,Lost Customers,1,4,634,1,259.28
4391.0,Loyal Customers,1,4,136,1,131.13
4392.0,Champions,1,4,149,1,203.86
4393.0,Loyal Customers,1,4,54,1,130.89
4394.0,Loyal Customers,1,4,262,1,180.16
4395.0,Loyal Customers,1,4,306,1,97.83
4396.0,Potential Loyalists,1,4,425,1,73.99
4397.0,Loyal Customers,1,4,213,1,132.75
4398.0,Loyal Customers,1,4,141,1,123.16
4399.0,Loyal Customers,1,4,38,1,58.08
4400.0,Loyal Customers,1,4,71,1,132.57
4401.0,Champions,1,4,15,1,183.74
4402.0,Potential Loyalists,1,4,501,1,157.4
4403.0,Lost Customers,1,4,549,1,73.54
4404.0,Loyal Customers,1,4,332,1,102.74
4405.0,Loyal Customers,1,4,311,1,84.01
4406.0,Lost Customers,1,4,684,1,91.3
4407.0,Loyal Customers,1,4,89,1,74.08
4408.0,Loyal Customers,1,4,326,1,86.42
4409.0,Lost Customers,1,4,648,1,185.25
4410.0,Potential Loyalists,1,4,438,1,89.86
4411.0,Loyal Customers,1,4,226,1,208.1
4412.0,Lost Customers,1,4,626,1,74.59
4413.0,Potential Loyalists,1,4,486,1,90.08
4414.0,Loyal Customers,1,4,57,1,67.14
4415.0,Potential Loyalists,1,4,421,1,106.2
4416.0,Lost Customers,1,4,620,1,78.93
4417.0,Loyal Customers,1,4,138,1,61.97
4418.0,Loyal Customers,1,4,321,1,106.51
4419.0,Potential Loyalists,1,4,380,1,160.92
4420.0,Loyal Customers,1,4,232,1,147.8
4421.0,Lost Customers,1,4,585,1,95.98
4422.0,Lost Customers,1,4,626,1,158.67
4423.0,Potential Loyalists,1,4,425,1,189.49
4424.0,Potential Loyalists,1,4,379,1,135.2
4425.0,Potential Loyalists,1,4,446,1,175.41
4426.0,Potential Loyalists,1,4,508,1,87.93
4427.0,Lost Customers,1,4,623,1,124.6
4428.0,Lost Customers,1,4,685,1,161.24
4429.0,Lost Customers,1,4,650,1,112.33
4430.0,Loyal Customers,1,4,201,1,158.9
4431.0,Lost Customers,1,4,728,1,92.84
4432.0,Loyal Customers,1,4,179,1,159.81
4433.0,Lost Customers,1,4,580,1,135.04
4434.0,Loyal Customers,1,4,33,1,127.04
4435.0,Lost Customers,1,4,578,1,111.14
4436.0,Lost Customers,1,4,603,1,94.61
4437.0,Potential Loyalists,1,4,490,1,129.32
4438.0,Lost Customers,1,4,558,1,118.53
4439.0,Potential Loyalists,1,4,448,1,91.1
4440.0,Loyal Customers,1,4,141,1,94.87
4441.0,Loyal Customers,1,4,334,1,121.07
4442.0,Lost Customers,1,4,697,1,152.3
4443.0,Potential Loyalists,1,4,506,1,128.24
4444.0,Loyal Customers,1,4,131,1,110.94
4445.0,Champions,1,4,16,1,197.76
4446.0,Champions,1,4,144,1,196.82
4447.0,Loyal Customers,1,4,365,1,250.41
4448.0,Loyal Customers,1,4,181,1,59.11
4449.0,Loyal Customers,1,4,60,1,155.92
4450.0,Loyal Customers,1,4,243,1,50.9
4451.0,Champions,1,4,80,1,190.6
4452.0,Loyal Customers,1,4,47,1,87.84
4453.0,Loyal Customers,1,4,140,1,75.67
4454.0,Loyal Customers,1,4,203,1,81.26
4455.0,Potential Loyalists,1,4,526,1,81.41
4456.0,Lost Customers,1,4,708,1,106.31
4457.0,Lost Customers,1,4,717,1,134.66
4458.0,Potential Loyalists,1,4,419,1,142.26
4459.0,Loyal Customers,1,4,26,1,69.73
4460.0,Potential Loyalists,1,4,504,1,195.12
4461.0,Loyal Customers,1,4,196,1,65.37
4462.0,Loyal Customers,1,4,50,1,104.3
4463.0,Loyal Customers,1,4,357,1,164.03
4464.0,Lost Customers,1,4,630,1,96.36
4465.0,Lost Customers,1,4,620,1,196.57
4466.0,Loyal Customers,1,4,98,1,85.01
4467.0,Loyal Customers,1,4,142,1,73.09
4468.0,Potential Loyalists,1,4,395,1,45.95
4469.0,Champions,1,4,125,1,172.87
4470.0,Potential Loyalists,1,4,473,1,121.81
4471.0,Potential Loyalists,1,4,491,1,103.72
4472.0,Loyal Customers,1,4,79,1,125.97
4473.0,Lost Customers,1,4,715,1,110.04
4474.0,Loyal Customers,1,4,131,1,107.92
4475.0,Lost Customers,1,4,568,1,112.56
4476.0,Lost Customers,1,4,634,1,245.57
4477.0,Loyal Customers,1,4,235,1,87.87
4478.0,Potential Loyalists,1,4,537,1,108.29
4479.0,Lost Customers,1,4,675,1,195.89
4480.0,Loyal Customers,1,4,111,1,111.42
4481.0,Lost Customers,1,4,653,1,108.47
4482.0,Potential Loyalists,1,4,487,1,91.5
4483.0,Lost Customers,1,4,629,1,151.75
4484.0,Loyal Customers,1,4,220,1,118.53
4485.0,Potential Loyalists,1,4,541,1,69.57
4486.0,Loyal Customers,1,4,44,1,165.02
4487.0,Potential Loyalists,1,4,513,1,100.79
4488.0,Champions,1,4,107,1,179.11
4489.0,Loyal Customers,1,4,278,1,76.29
4490.0,Loyal Customers,1,4,69,1,135.26
4491.0,Potential Loyalists,1,4,411,1,86.46
4492.0,Loyal Customers,1,4,208,1,79.81
4493.0,Potential Loyalists,1,4,424,1,81.47
4494.0,Potential Loyalists,1,4,480,1,76.59
4495.0,Loyal Customers,1,4,137,1,117.6
4496.0,Potential Loyalists,1,4,418,1,187.06
4497.0,Potential Loyalists,1,4,441,1,102.25
4498.0,Potential Loyalists,1,4,403,1,98.65
4499.0,Loyal Customers,1,4,81,1,123.99
4500.0,Lost Customers,1,4,620,1,212.46
4501.0,Potential Loyalists,1,4,415,1,135.22
4502.0,Loyal Customers,1,4,0,1,109.63
4503.0,Potential Loyalists,1,4,484,1,124.1
4504.0,Loyal Customers,1,4,357,1,106.45
4505.0,Loyal Customers,1,4,361,1,183.43
4506.0,Potential Loyalists,1,4,396,1,92.91
4507.0,Lost Customers,1,4,579,1,143.88
4508.0,Loyal Customers,1,4,286,1,97.17
4509.0,Loyal Customers,1,4,360,1,90.25
4510.0,Potential Loyalists,1,4,374,1,126.89
4511.0,Loyal Customers,1,4,120,1,82.86
4512.0,Loyal Customers,1,4,106,1,89.25
4513.0,Loyal Customers,1,4,312,1,82.3
4514.0,Lost Customers,1,4,656,1,230.18
4515.0,Potential Loyalists,1,4,459,1,122.44
4516.0,Loyal Customers,1,4,121,1,101.78
4517.0,Loyal Customers,1,4,275,1,110.59
4518.0,Loyal Customers,1,4,100,1,122.83
4519.0,Lost Customers,1,4,686,1,127.47
4520.0,Potential Loyalists,1,4,470,1,65.48
4521.0,Lost Customers,1,4,680,1,126.55
4522.0,Lost Customers,1,4,592,1,121.2
4523.0,Lost Customers,1,4,566,1,230.77
4524.0,Lost Customers,1,4,708,1,92.87
4525.0,Potential Loyalists,1,4,477,1,182.41
4526.0,Lost Customers,1,4,675,1,84.69
4527.0,Potential Loyalists,1,4,493,1,127.59
4528.0,Loyal Customers,1,4,262,1,77.16
4529.0,Loyal Customers,1,4,289,1,173.14
4530.0,Potential Loyalists,1,4,526,1,94.32
4531.0,Potential Loyalists,1,4,536,1,80.27
4532.0,Lost Customers,1,4,581,1,107.59
4533.0,Lost Customers,1,4,634,1,74.96
4534.0,Lost Customers,1,4,699,1,141.4
4535.0,Loyal Customers,1,4,23,1,81.41
4536.0,Potential Loyalists,1,4,401,1,94.14
4537.0,Potential Loyalists,1,4,535,1,147.48
4538.0,Loyal Customers,1,4,24,1,63.93
4539.0,Lost Customers,1,4,667,1,122.23
4540.0,Loyal Customers,1,4,213,1,115.66
4541.0,Potential Loyalists,1,4,469,1,187.67
4542.0,Loyal Customers,1,4,358,1,75.15
4543.0,Loyal Customers,1,4,254,1,172.54
4544.0,Loyal Customers,1,4,137,1,147.25
4545.0,Lost Customers,1,4,628,1,223.98
4546.0,Lost Customers,1,4,673,1,253.45
4547.0,Potential Loyalists,1,4,465,1,151.36
4548.0,Loyal Customers,1,4,118,1,82.75
4549.0,Lost Customers,1,4,656,1,173.47
4550.0,Lost Customers,1,4,633,1,132.89
4551.0,Lost Customers,1,4,588,1,101.94
4552.0,Lost Customers,1,4,645,1,191.23
4553.0,Potential Loyalists,1,4,537,1,202.99
4554.0,Lost Customers,1,4,703,1,94.78
4555.0,Loyal Customers,1,4,300,1,62.18
4556.0,Potential Loyalists,1,4,412,1,139.94
4557.0,Lost Customers,1,4,663,1,158.67
4558.0,Loyal Customers,1,4,60,1,121.89
4559.0,Loyal Customers,1,4,214,1,135.61
4560.0,Loyal Customers,1,4,359,1,107.99
4561.0,Loyal Customers,1,4,128,1,113.89
4562.0,Potential Loyalists,1,4,427,1,101.01
4563.0,Loyal Customers,1,4,167,1,78.96
4564.0,Loyal Customers,1,4,264,1,193.97
4565.0,Lost Customers,1,4,708,1,132.63
4566.0,Loyal Customers,1,4,20,1,123.21
4567.0,Champions,1,4,115,1,239.56
4568.0,Loyal Customers,1,4,51,1,101.03
4569.0,Loyal Customers,1,4,156,1,136.11
4570.0,Loyal Customers,1,4,98,1,89.47
4571.0,Potential Loyalists,1,4,432,1,82.73
4572.0,Champions,1,4,120,1,175.26
4573.0,Potential Loyalists,1,4,494,1,122.4
4574.0,Potential Loyalists,1,4,415,1,69.71
4575.0,Lost Customers,1,4,663,1,136.9
4576.0,Potential Loyalists,1,4,438,1,166.44
4577.0,Loyal Customers,1,4,50,1,86.3
4578.0,Loyal Customers,1,4,100,1,109.83
4579.0,Lost Customers,1,4,596,1,119.51
4580.0,Loyal Customers,1,4,174,1,79.29
4581.0,Potential Loyalists,1,4,534,1,65.23
4582.0,Loyal Customers,1,4,133,1,108.25
4583.0,Loyal Customers,1,4,363,1,98.04
4584.0,Lost Customers,1,4,553,1,103.42
4585.0,Champions,1,4,110,1,168.58
4586.0,Potential Loyalists,1,4,397,1,73.22
4587.0,Loyal Customers,1,4,294,1,100.03
4588.0,Loyal Customers,1,4,0,1,54.57
4589.0,Potential Loyalists,1,4,498,1,135.24
4590.0,Potential Loyalists,1,4,494,1,132.95
4591.0,Lost Customers,1,4,640,1,95.18
4592.0,Lost Customers,1,4,714,1,106.59
4593.0,Loyal Customers,1,4,183,1,155.73
4594.0,Lost Customers,1,4,702,1,253.31
4595.0,Loyal Customers,1,4,248,1,91.34
4596.0,Potential Loyalists,1,4,446,1,258.22
4597.0,Champions,1,4,92,1,202.15
4598.0,Potential Loyalists,1,4,416,1,127.63
4599.0,Loyal Customers,1,4,53,1,161.5
4600.0,Champions,1,4,65,1,182.7
4601.0,Potential Loyalists,1,4,458,1,96.26
4602.0,Loyal Customers,1,4,5,1,95.02
4603.0,Loyal Customers,1,4,203,1,86.82
4604.0,Potential Loyalists,1,4,429,1,86.33
4605.0,Lost Customers,1,4,677,1,162.1
4606.0,Potential Loyalists,1,4,535,1,178.14
4607.0,Loyal Customers,1,4,277,1,160.82
4608.0,Potential Loyalists,1,4,418,1,99.18
4609.0,Champions,1,4,30,1,289.14
4610.0,Loyal Customers,1,4,225,1,127.69
4611.0,Potential Loyalists,1,4,393,1,84.54
4612.0,Loyal Customers,1,4,132,1,113.79
4613.0,Loyal Customers,1,4,269,1,286.22
4614.0,Lost Customers,1,4,694,1,81.79
4615.0,Loyal Customers,1,4,173,1,82.08
4616.0,Loyal Customers,1,4,207,1,151.15
4617.0,Loyal Customers,1,4,136,1,66.78
4618.0,Loyal Customers,1,4,225,1,140.8
4619.0,Potential Loyalists,1,4,465,1,66.58
4620.0,Loyal Customers,1,4,33,1,127.46
4621.0,Lost Customers,1,4,608,1,95.44
4622.0,Lost Customers,1,4,686,1,103.33
4623.0,Loyal Customers,1,4,291,1,60.38
4624.0,Potential Loyalists,1,4,429,1,189.6
4625.0,Loyal Customers,1,4,52,1,138.63
4626.0,Potential Loyalists,1,4,468,1,110.8
4627.0,Loyal Customers,1,4,302,1,169.24
4628.0,Loyal Customers,1,4,307,1,87.71
4629.0,Lost Customers,1,4,578,1,118.06
4630.0,Loyal Customers,1,4,127,1,98.36
4631.0,Loyal Customers,1,4,244,1,59.49
4632.0,Champions,1,4,57,1,174.61
4633.0,Potential Loyalists,1,4,539,1,139.71
4634.0,Champions,1,4,154,1,167.17
4635.0,Loyal Customers,1,4,312,1,97.5
4636.0,Potential Loyalists,1,4,385,1,229.56
4637.0,Loyal Customers,1,4,152,1,85.71
4638.0,Loyal Customers,1,4,36,1,95.52
4639.0,Lost Customers,1,4,708,1,122.47
4640.0,Loyal Customers,1,4,211,1,107.63
4641.0,Potential Loyalists,1,4,488,1,117.09
4642.0,Lost Customers,1,4,715,1,39.42
4643.0,Potential Loyalists,1,4,468,1,132.8
4644.0,Lost Customers,1,4,649,1,154.2
4645.0,Loyal Customers,1,4,197,1,106.28
4646.0,Loyal Customers,1,4,204,1,232.15
4647.0,Loyal Customers,1,4,109,1,95.91
4648.0,Champions,1,4,116,1,306.61
4649.0,Lost Customers,1,4,560,1,124.49
4650.0,Loyal Customers,1,4,306,1,129.24
4651.0,Lost Customers,1,4,683,1,106.99
4652.0,Loyal Customers,1,4,242,1,163.0
4653.0,Potential Loyalists,1,4,480,1,99.07
4654.0,Lost Customers,1,4,591,1,112.94
4655.0,Loyal Customers,1,4,258,1,248.72
4656.0,Lost Customers,1,4,557,1,163.19
4657.0,Loyal Customers,1,4,251,1,100.6
4658.0,Lost Customers,1,4,703,1,88.39
4659.0,Lost Customers,1,4,577,1,96.57
4660.0,Loyal Customers,1,4,176,1,146.34
4661.0,Loyal Customers,1,4,132,1,21.03
4662.0,Lost Customers,1,4,704,1,124.99
4663.0,Loyal Customers,1,4,137,1,124.51
4664.0,Champions,1,4,36,1,168.77
4665.0,Loyal Customers,1,4,207,1,137.28
4666.0,Lost Customers,1,4,661,1,223.66
4667.0,Potential Loyalists,1,4,499,1,67.8
4668.0,Potential Loyalists,1,4,505,1,86.65
4669.0,Loyal Customers,1,4,43,1,155.74
4670.0,Lost Customers,1,4,567,1,138.05
4671.0,Potential Loyalists,1,4,482,1,93.68
4672.0,Loyal Customers,1,4,11,1,148.19
4673.0,Lost Customers,1,4,601,1,91.62
4674.0,Loyal Customers,1,4,351,1,134.83
4675.0,Lost Customers,1,4,613,1,135.78
4676.0,Loyal Customers,1,4,313,1,93.04
4677.0,Lost Customers,1,4,675,1,97.19
4678.0,Potential Loyalists,1,4,544,1,115.21
4679.0,Loyal Customers,1,4,222,1,94.27
4680.0,Loyal Customers,1,4,356,1,117.61
4681.0,Loyal Customers,1,4,204,1,115.54
4682.0,Lost Customers,1,4,610,1,91.21
4683.0,Potential Loyalists,1,4,494,1,82.02
4684.0,Loyal Customers,1,4,316,1,144.16
4685.0,Lost Customers,1,4,607,1,186.93
4686.0,Loyal Customers,1,4,203,1,103.75
4687.0,Potential Loyalists,1,4,532,1,139.85
4688.0,Loyal Customers,1,4,255,1,240.77
4689.0,Loyal Customers,1,4,197,1,83.64
4690.0,Potential Loyalists,1,4,449,1,128.6
4691.0,Potential Loyalists,1,4,369,1,61.11
4692.0,Loyal Customers,1,4,318,1,217.09
4693.0,Loyal Customers,1,4,271,1,102.19
4694.0,Loyal Customers,1,4,273,1,93.04
4695.0,Lost Customers,1,4,560,1,129.1
4696.0,Lost Customers,1,4,623,1,165.63
4697.0,Loyal Customers,1,4,266,1,76.12
4698.0,Lost Customers,1,4,676,1,210.49
4699.0,Lost Customers,1,4,606,1,136.17
4700.0,Loyal Customers,1,4,231,1,87.69
4701.0,Loyal Customers,1,4,246,1,84.21
4702.0,Potential Loyalists,1,4,489,1,125.54
4703.0,Loyal Customers,1,4,100,1,161.65
4704.0,Lost Customers,1,4,618,1,82.1
4705.0,Loyal Customers,1,4,63,1,140.43
4706.0,Loyal Customers,1,4,217,1,177.91
4707.0,Potential Loyalists,1,4,525,1,107.53
4708.0,Loyal Customers,1,4,265,1,86.28
4709.0,Potential Loyalists,1,4,449,1,99.81
4710.0,Lost Customers,1,4,584,1,88.24
4711.0,Loyal Customers,1,4,137,1,130.4
4712.0,Champions,1,4,97,1,198.97
4713.0,Loyal Customers,1,4,176,1,101.48
4714.0,Loyal Customers,1,4,347,1,116.5
4715.0,Loyal Customers,1,4,241,1,107.13
4716.0,Lost Customers,1,4,619,1,189.43
4717.0,Loyal Customers,1,4,252,1,113.42
4718.0,Potential Loyalists,1,4,370,1,148.33
4719.0,Loyal Customers,1,4,195,1,98.79
4720.0,Potential Loyalists,1,4,515,1,96.95
4721.0,Champions,1,4,172,1,184.81
4722.0,Lost Customers,1,4,634,1,55.53
4723.0,Lost Customers,1,4,723,1,173.17
4724.0,Loyal Customers,1,4,226,1,157.9
4725.0,Loyal Customers,1,4,303,1,123.66
4726.0,Loyal Customers,1,4,20,1,103.04
4727.0,Loyal Customers,1,4,209,1,77.77
4728.0,Lost Customers,1,4,724,1,130.78
4729.0,Loyal Customers,1,4,270,1,125.23
4730.0,Potential Loyalists,1,4,522,1,96.71
4731.0,Loyal Customers,1,4,28,1,70.82
4732.0,Potential Loyalists,1,4,418,1,85.71
4733.0,Loyal Customers,1,4,348,1,131.79
4734.0,Potential Loyalists,1,4,460,1,167.34
4735.0,Lost Customers,1,4,635,1,92.41
4736.0,Loyal Customers,1,4,325,1,154.68
4737.0,Loyal Customers,1,4,293,1,179.27
4738.0,Loyal Customers,1,4,22,1,88.78
4739.0,Lost Customers,1,4,689,1,152.81
4740.0,Lost Customers,1,4,723,1,106.33
4741.0,Potential Loyalists,1,4,445,1,173.81
4742.0,Lost Customers,1,4,690,1,81.67
4743.0,Potential Loyalists,1,4,390,1,152.27
4744.0,Potential Loyalists,1,4,396,1,89.53
4745.0,Lost Customers,1,4,691,1,89.21
4746.0,Loyal Customers,1,4,66,1,98.15
4747.0,Potential Loyalists,1,4,508,1,153.78
4748.0,Loyal Customers,1,4,90,1,110.24
4749.0,Loyal Customers,1,4,186,1,101.1
4750.0,Lost Customers,1,4,554,1,147.57
4751.0,Loyal Customers,1,4,197,1,127.88
4752.0,Potential Loyalists,1,4,512,1,118.2
4753.0,Potential Loyalists,1,4,436,1,144.06
4754.0,Loyal Customers,1,4,174,1,63.99
4755.0,Potential Loyalists,1,4,515,1,103.08
4756.0,Champions,1,4,142,1,222.69
4757.0,Loyal Customers,1,4,9,1,147.41
4758.0,Loyal Customers,1,4,58,1,91.98
4759.0,Loyal Customers,1,4,246,1,162.18
4760.0,Potential Loyalists,1,4,523,1,127.63
4761.0,Potential Loyalists,1,4,452,1,71.31
4762.0,Loyal Customers,1,4,206,1,102.7
4763.0,Loyal Customers,1,4,6,1,122.66
4764.0,Potential Loyalists,1,4,489,1,172.94
4765.0,Loyal Customers,1,4,19,1,77.13
4766.0,Lost Customers,1,4,668,1,126.28
4767.0,Loyal Customers,1,4,187,1,185.03
4768.0,Loyal Customers,1,4,183,1,138.75
4769.0,Potential Loyalists,1,4,506,1,97.48
4770.0,Loyal Customers,1,4,50,1,135.44
4771.0,Loyal Customers,1,4,124,1,146.58
4772.0,Loyal Customers,1,4,51,1,77.17
4773.0,Loyal Customers,1,4,222,1,123.91
4774.0,Lost Customers,1,4,636,1,86.75
4775.0,Lost Customers,1,4,656,1,83.78
4776.0,Loyal Customers,1,4,104,1,102.02
4777.0,Lost Customers,1,4,677,1,140.55
4778.0,Lost Customers,1,4,698,1,129.43
4779.0,Lost Customers,1,4,599,1,57.46
4780.0,Loyal Customers,1,4,48,1,161.79
4781.0,Lost Customers,1,4,638,1,77.9
4782.0,Champions,1,4,169,1,196.32
4783.0,Loyal Customers,1,4,55,1,97.66
4784.0,Loyal Customers,1,4,293,1,148.85
4785.0,Loyal Customers,1,4,49,1,108.33
4786.0,Potential Loyalists,1,4,528,1,182.07
4787.0,Loyal Customers,1,4,58,1,83.07
4788.0,Loyal Customers,1,4,350,1,138.47
4789.0,Potential Loyalists,1,4,419,1,53.46
4790.0,Loyal Customers,1,4,323,1,139.71
4791.0,Lost Customers,1,4,592,1,188.07
4792.0,Potential Loyalists,1,4,445,1,97.35
4793.0,Loyal Customers,1,4,26,1,81.49
4794.0,Lost Customers,1,4,654,1,108.08
4795.0,Lost Customers,1,4,586,1,105.54
4796.0,Loyal Customers,1,4,364,1,95.69
4797.0,Loyal Customers,1,4,95,1,108.44
4798.0,Loyal Customers,1,4,215,1,326.7
4799.0,Loyal Customers,1,4,307,1,170.95
4800.0,Loyal Customers,1,4,65,1,102.62
4801.0,Loyal Customers,1,4,260,1,97.08
4802.0,Lost Customers,1,4,696,1,95.98
4803.0,Loyal Customers,1,4,159,1,69.19
4804.0,Potential Loyalists,1,4,460,1,94.16
4805.0,Loyal Customers,1,4,249,1,92.76
4806.0,Loyal Customers,1,4,240,1,130.93
4807.0,Lost Customers,1,4,696,1,127.69
4808.0,Potential Loyalists,1,4,476,1,65.29
4809.0,Loyal Customers,1,4,79,1,74.54
4810.0,Potential Loyalists,1,4,479,1,133.48
4811.0,Lost Customers,1,4,659,1,120.24
4812.0,Potential Loyalists,1,4,464,1,94.11
4813.0,Potential Loyalists,1,4,428,1,154.92
4814.0,Loyal Customers,1,4,273,1,85.59
4815.0,Potential Loyalists,1,4,478,1,192.79
4816.0,Lost Customers,1,4,653,1,74.52
4817.0,Lost Customers,1,4,639,1,95.43
4818.0,Loyal Customers,1,4,104,1,101.89
4819.0,Loyal Customers,1,4,170,1,117.62
4820.0,Lost Customers,1,4,704,1,63.46
4821.0,Loyal Customers,1,4,166,1,158.66
4822.0,Loyal Customers,1,4,356,1,102.09
4823.0,Loyal Customers,1,4,48,1,122.76
4824.0,Loyal Customers,1,4,300,1,98.72
4825.0,Potential Loyalists,1,4,460,1,195.02
4826.0,Potential Loyalists,1,4,508,1,81.87
4827.0,Loyal Customers,1,4,184,1,170.15
4828.0,Potential Loyalists,1,4,456,1,214.7
4829.0,Potential Loyalists,1,4,428,1,133.46
4830.0,Lost Customers,1,4,561,1,149.82
4831.0,Lost Customers,1,4,702,1,92.14
4832.0,Loyal Customers,1,4,161,1,88.11
4833.0,Potential Loyalists,1,4,447,1,94.72
4834.0,Potential Loyalists,1,4,467,1,45.79
4835.0,Potential Loyalists,1,4,418,1,119.83
4836.0,Potential Loyalists,1,4,544,1,108.35
4837.0,Loyal Customers,1,4,361,1,100.95
4838.0,Champions,1,4,149,1,287.26
4839.0,Lost Customers,1,4,695,1,61.78
4840.0,Potential Loyalists,1,4,547,1,158.02
4841.0,Potential Loyalists,1,4,516,1,173.16
4842.0,Loyal Customers,1,4,277,1,114.47
4843.0,Potential Loyalists,1,4,469,1,136.62
4844.0,Loyal Customers,1,4,308,1,127.84
4845.0,Potential Loyalists,1,4,505,1,112.27
4846.0,Lost Customers,1,4,570,1,135.69
4847.0,Loyal Customers,1,4,16,1,127.09
4848.0,Potential Loyalists,1,4,414,1,60.07
4849.0,Loyal Customers,1,4,308,1,168.52
4850.0,Lost Customers,1,4,676,1,69.25
4851.0,Lost Customers,1,4,605,1,92.28
4852.0,Lost Customers,1,4,618,1,116.71
4853.0,Potential Loyalists,1,4,409,1,56.97
4854.0,Loyal Customers,1,4,121,1,90.85
4855.0,Potential Loyalists,1,4,480,1,78.62
4856.0,Loyal Customers,1,4,319,1,84.94
4857.0,Loyal Customers,1,4,120,1,112.99
4858.0,Loyal Customers,1,4,354,1,128.3
4859.0,Loyal Customers,1,4,176,1,118.59
4860.0,Loyal Customers,1,4,264,1,201.79
4861.0,Loyal Customers,1,4,66,1,98.71
4862.0,Loyal Customers,1,4,128,1,109.18
4863.0,Loyal Customers,1,4,284,1,129.09
4864.0,Potential Loyalists,1,4,530,1,117.89
4865.0,Potential Loyalists,1,4,464,1,99.65
4866.0,Champions,1,4,153,1,196.61
4867.0,Potential Loyalists,1,4,387,1,115.41
4868.0,Loyal Customers,1,4,128,1,106.74
4869.0,Loyal Customers,1,4,248,1,138.13
4870.0,Loyal Customers,1,4,347,1,130.32
4871.0,Lost Customers,1,4,557,1,68.12
4872.0,Loyal Customers,1,4,66,1,150.85
4873.0,Lost Customers,1,4,639,1,92.31
4874.0,Potential Loyalists,1,4,544,1,157.8
4875.0,Loyal Customers,1,4,219,1,138.17
4876.0,Loyal Customers,1,4,299,1,110.56
4877.0,Lost Customers,1,4,708,1,155.57
4878.0,Champions,1,4,121,1,193.51
4879.0,Loyal Customers,1,4,302,1,176.54
4880.0,Loyal Customers,1,4,171,1,96.06
4881.0,Loyal Customers,1,4,75,1,103.27
4882.0,Loyal Customers,1,4,236,1,96.2
4883.0,Lost Customers,1,4,649,1,63.49
4884.0,Potential Loyalists,1,4,423,1,96.4
4885.0,Lost Customers,1,4,674,1,98.37
4886.0,Potential Loyalists,1,4,427,1,93.94
4887.0,Loyal Customers,1,4,127,1,103.8
4888.0,Loyal Customers,1,4,56,1,79.59
4889.0,Potential Loyalists,1,4,493,1,194.91
4890.0,Lost Customers,1,4,720,1,162.56
4891.0,Lost Customers,1,4,661,1,137.44
4892.0,Loyal Customers,1,4,215,1,139.02
4893.0,Loyal Customers,1,4,32,1,152.19
4894.0,Loyal Customers,1,4,92,1,138.63
4895.0,Loyal Customers,1,4,153,1,106.87
4896.0,Potential Loyalists,1,4,491,1,302.95
4897.0,Lost Customers,1,4,721,1,193.37
4898.0,Loyal Customers,1,4,205,1,198.23
4899.0,Potential Loyalists,1,4,471,1,147.36
4900.0,Potential Loyalists,1,4,384,1,71.14
4901.0,Lost Customers,1,4,727,1,168.69
4902.0,Loyal Customers,1,4,50,1,59.28
4903.0,Potential Loyalists,1,4,378,1,127.38
4904.0,Potential Loyalists,1,4,397,1,109.62
4905.0,Potential Loyalists,1,4,373,1,93.62
4906.0,Lost Customers,1,4,639,1,138.05
4907.0,Loyal Customers,1,4,210,1,86.94
4908.0,Loyal Customers,1,4,246,1,92.83
4909.0,Champions,1,4,33,1,208.91
4910.0,Potential Loyalists,1,4,419,1,152.44
4911.0,Lost Customers,1,4,658,1,188.04
4912.0,Loyal Customers,1,4,223,1,62.09
4913.0,Potential Loyalists,1,4,489,1,78.18
4914.0,Potential Loyalists,1,4,453,1,182.85
4915.0,Lost Customers,1,4,689,1,58.38
4916.0,Champions,1,4,34,1,166.01
4917.0,Loyal Customers,1,4,107,1,28.21
4918.0,Potential Loyalists,1,4,546,1,101.84
4919.0,Lost Customers,1,4,663,1,103.26
4920.0,Loyal Customers,1,4,194,1,139.43
4921.0,Loyal Customers,1,4,282,1,60.21
4922.0,Lost Customers,1,4,664,1,195.73
4923.0,Loyal Customers,1,4,86,1,115.95
4924.0,Lost Customers,1,4,677,1,163.43
4925.0,Loyal Customers,1,4,242,1,174.63
4926.0,Loyal Customers,1,4,283,1,82.38
4927.0,Potential Loyalists,1,4,530,1,113.46
4928.0,Loyal Customers,1,4,194,1,160.51
4929.0,Lost Customers,1,4,645,1,96.2
4930.0,Potential Loyalists,1,4,426,1,92.1
4931.0,Loyal Customers,1,4,50,1,158.95
4932.0,Lost Customers,1,4,631,1,111.12
4933.0,Loyal Customers,1,4,154,1,90.42
4934.0,Potential Loyalists,1,4,523,1,124.49
4935.0,Potential Loyalists,1,4,490,1,403.18
4936.0,Potential Loyalists,1,4,419,1,175.06
4937.0,Loyal Customers,1,4,279,1,91.93
4938.0,Loyal Customers,1,4,109,1,72.59
4939.0,Loyal Customers,1,4,335,1,162.54
4940.0,Loyal Customers,1,4,254,1,144.25
4941.0,Loyal Customers,1,4,235,1,279.08
4942.0,Loyal Customers,1,4,322,1,139.62
4943.0,Loyal Customers,1,4,344,1,92.32
4944.0,Loyal Customers,1,4,267,1,206.35
4945.0,Potential Loyalists,1,4,481,1,99.48
4946.0,Loyal Customers,1,4,83,1,74.83
4947.0,Loyal Customers,1,4,355,1,107.97
4948.0,Loyal Customers,1,4,42,1,124.46
4949.0,Lost Customers,1,4,625,1,187.68
4950.0,Loyal Customers,1,4,61,1,117.14
4951.0,Loyal Customers,1,4,289,1,124.07
4952.0,Loyal Customers,1,4,265,1,100.32
4953.0,Lost Customers,1,4,600,1,99.22
4954.0,Potential Loyalists,1,4,508,1,90.41
4955.0,Potential Loyalists,1,4,442,1,76.05
4956.0,Potential Loyalists,1,4,464,1,166.71
4957.0,Loyal Customers,1,4,154,1,88.32
4958.0,Potential Loyalists,1,4,489,1,71.37
4959.0,Potential Loyalists,1,4,538,1,188.47
4960.0,Potential Loyalists,1,4,514,1,99.83
4961.0,Loyal Customers,1,4,195,1,219.74
4962.0,Potential Loyalists,1,4,425,1,144.06
4963.0,Champions,1,4,71,1,194.88
4964.0,Lost Customers,1,4,613,1,205.27
4965.0,Lost Customers,1,4,717,1,111.47
4966.0,Champions,1,4,29,1,285.12
4967.0,Loyal Customers,1,4,165,1,61.34
4968.0,Loyal Customers,1,4,58,1,85.83
4969.0,Loyal Customers,1,4,88,1,76.38
4970.0,Lost Customers,1,4,684,1,128.15
4971.0,Loyal Customers,1,4,267,1,141.25
4972.0,Lost Customers,1,4,689,1,92.09
4973.0,Loyal Customers,1,4,220,1,78.52
4974.0,Loyal Customers,1,4,303,1,102.47
4975.0,Lost Customers,1,4,718,1,126.6
4976.0,Loyal Customers,1,4,79,1,71.64
4977.0,Loyal Customers,1,4,174,1,100.28
4978.0,Potential Loyalists,1,4,431,1,141.27
4979.0,Potential Loyalists,1,4,499,1,38.86
4980.0,Lost Customers,1,4,618,1,99.33
4981.0,Loyal Customers,1,4,303,1,233.45
4982.0,Potential Loyalists,1,4,396,1,75.89
4983.0,Loyal Customers,1,4,355,1,134.63
4984.0,Potential Loyalists,1,4,419,1,95.23
4985.0,Champions,1,4,104,1,171.39
4986.0,Potential Loyalists,1,4,444,1,137.32
4987.0,Lost Customers,1,4,675,1,185.0
4988.0,Lost Customers,1,4,600,1,89.89
4989.0,Loyal Customers,1,4,6,1,152.73
4990.0,Loyal Customers,1,4,268,1,75.25
4991.0,Potential Loyalists,1,4,545,1,277.6
4992.0,Champions,1,4,52,1,224.04
4993.0,Loyal Customers,1,4,213,1,120.32
4994.0,Loyal Customers,1,4,86,1,97.42
4995.0,Loyal Customers,1,4,201,1,107.11
4996.0,Potential Loyalists,1,4,466,1,82.33
4997.0,Lost Customers,1,4,726,1,70.43
4998.0,Loyal Customers,1,4,27,1,142.35
4999.0,Loyal Customers,1,4,246,1,208.83
5000.0,Lost Customers,1,4,661,1,150.24
5001.0,Lost Customers,1,4,573,1,40.0
5002.0,Lost Customers,1,4,607,1,77.11
5003.0,Potential Loyalists,1,4,390,1,133.37
5004.0,Potential Loyalists,1,4,389,1,88.34
5005.0,Loyal Customers,1,4,285,1,284.54
5006.0,Loyal Customers,1,4,230,1,136.81
5007.0,Lost Customers,1,4,618,1,125.94
5008.0,Champions,1,4,85,1,265.24
5009.0,Loyal Customers,1,4,162,1,95.58
5010.0,Champions,1,4,116,1,211.7
5011.0,Loyal Customers,1,4,247,1,97.73
5012.0,Potential Loyalists,1,4,413,1,221.89
5013.0,Loyal Customers,1,4,354,1,115.36
5014.0,Loyal Customers,1,4,356,1,138.76
5015.0,Loyal Customers,1,4,83,1,80.73
5016.0,Loyal Customers,1,4,256,1,204.28
5017.0,Lost Customers,1,4,612,1,114.95
5018.0,Loyal Customers,1,4,123,1,73.25
5019.0,Potential Loyalists,1,4,398,1,94.75
5020.0,Potential Loyalists,1,4,497,1,103.69
5021.0,Loyal Customers,1,4,325,1,168.77
5022.0,Loyal Customers,1,4,84,1,137.76
5023.0,Potential Loyalists,1,4,508,1,103.38
5024.0,Potential Loyalists,1,4,482,1,73.21
5025.0,Lost Customers,1,4,561,1,196.6
5026.0,Loyal Customers,1,4,210,1,300.25
5027.0,Potential Loyalists,1,4,414,1,98.91
5028.0,Loyal Customers,1,4,135,1,79.66
5029.0,Loyal Customers,1,4,220,1,170.63
5030.0,Champions,1,4,60,1,256.75
5031.0,Loyal Customers,1,4,5,1,97.79
5032.0,Loyal Customers,1,4,346,1,164.46
5033.0,Loyal Customers,1,4,106,1,152.0
5034.0,Lost Customers,1,4,576,1,159.9
5035.0,Loyal Customers,1,4,345,1,256.36
5036.0,Potential Loyalists,1,4,495,1,51.69
5037.0,Champions,1,4,53,1,211.72
5038.0,Loyal Customers,1,4,92,1,136.58
5039.0,Loyal Customers,1,4,340,1,157.6
5040.0,Lost Customers,1,4,549,1,87.76
5041.0,Loyal Customers,1,4,224,1,70.52
5042.0,Loyal Customers,1,4,119,1,93.81
5043.0,Lost Customers,1,4,633,1,108.19
5044.0,Potential Loyalists,1,4,504,1,107.79
5045.0,Potential Loyalists,1,4,458,1,105.33
5046.0,Potential Loyalists,1,4,492,1,112.61
5047.0,Potential Loyalists,1,4,391,1,81.87
5048.0,Loyal Customers,1,4,163,1,89.95
5049.0,Loyal Customers,1,4,66,1,91.83
5050.0,Loyal Customers,1,4,357,1,286.48
5051.0,Loyal Customers,1,4,147,1,123.11
5052.0,Loyal Customers,1,4,315,1,147.84
5053.0,Loyal Customers,1,4,107,1,125.97
5054.0,Loyal Customers,1,4,12,1,81.05
5055.0,Loyal Customers,1,4,341,1,141.75
5056.0,Loyal Customers,1,4,157,1,113.37
5057.0,Loyal Customers,1,4,282,1,137.18
5058.0,Loyal Customers,1,4,192,1,122.3
5059.0,Lost Customers,1,4,725,1,114.96
5060.0,Potential Loyalists,1,4,380,1,96.51
5061.0,Loyal Customers,1,4,198,1,169.85
5062.0,Loyal Customers,1,4,65,1,151.43
5063.0,Potential Loyalists,1,4,536,1,112.82
5064.0,Loyal Customers,1,4,27,1,131.82
5065.0,Loyal Customers,1,4,116,1,85.04
5066.0,Loyal Customers,1,4,6,1,111.85
5067.0,Champions,1,4,120,1,248.22
5068.0,Loyal Customers,1,4,92,1,150.35
5069.0,Potential Loyalists,1,4,493,1,65.61
5070.0,Potential Loyalists,1,4,375,1,59.73
5071.0,Loyal Customers,1,4,149,1,84.24
5072.0,Lost Customers,1,4,700,1,180.98
5073.0,Lost Customers,1,4,664,1,132.88
5074.0,Lost Customers,1,4,659,1,104.49
5075.0,Potential Loyalists,1,4,376,1,150.18
5076.0,Potential Loyalists,1,4,463,1,127.71
5077.0,Lost Customers,1,4,705,1,133.46
5078.0,Potential Loyalists,1,4,432,1,127.76
5079.0,Loyal Customers,1,4,171,1,105.93
5080.0,Loyal Customers,1,4,91,1,83.6
5081.0,Loyal Customers,1,4,223,1,164.53
5082.0,Loyal Customers,1,4,154,1,142.58
5083.0,Champions,1,4,165,1,183.24
5084.0,Lost Customers,1,4,631,1,108.32
5085.0,Lost Customers,1,4,583,1,107.39
5086.0,Potential Loyalists,1,4,422,1,128.15
5087.0,Loyal Customers,1,4,10,1,119.87
5088.0,Loyal Customers,1,4,265,1,111.16
5089.0,Potential Loyalists,1,4,411,1,126.23
5090.0,Loyal Customers,1,4,300,1,102.73
5091.0,Loyal Customers,1,4,74,1,85.64
5092.0,Lost Customers,1,4,680,1,63.54
5093.0,Loyal Customers,1,4,70,1,143.85
5094.0,Potential Loyalists,1,4,446,1,105.87
5095.0,Loyal Customers,1,4,114,1,93.82
5096.0,Lost Customers,1,4,587,1,112.51
5097.0,Loyal Customers,1,4,308,1,189.01
5098.0,Lost Customers,1,4,636,1,171.07
5099.0,Loyal Customers,1,4,255,1,104.29
5100.0,Lost Customers,1,4,562,1,120.98
5101.0,Loyal Customers,1,4,176,1,123.78
5102.0,Lost Customers,1,4,636,1,147.17
5103.0,Lost Customers,1,4,637,1,86.69
5104.0,Loyal Customers,1,4,163,1,77.2
5105.0,Loyal Customers,1,4,228,1,166.47
5106.0,Champions,1,4,39,1,212.27
5107.0,Champions,1,4,177,1,255.95
5108.0,Potential Loyalists,1,4,447,1,122.16
5109.0,Loyal Customers,1,4,8,1,92.02
5110.0,Champions,1,4,136,1,241.77
5111.0,Potential Loyalists,1,4,426,1,57.03
5112.0,Lost Customers,1,4,682,1,91.25
5113.0,Potential Loyalists,1,4,375,1,89.27
5114.0,Potential Loyalists,1,4,420,1,174.77
5115.0,Loyal Customers,1,4,177,1,92.8
5116.0,Loyal Customers,1,4,315,1,117.17
5117.0,Loyal Customers,1,4,328,1,134.72
5118.0,Lost Customers,1,4,572,1,108.63
5119.0,Champions,1,4,104,1,259.48
5120.0,Loyal Customers,1,4,346,1,94.68
5121.0,Potential Loyalists,1,4,498,1,55.69
5122.0,Lost Customers,1,4,681,1,86.48
5123.0,Potential Loyalists,1,4,498,1,117.8
5124.0,Loyal Customers,1,4,149,1,106.73
5125.0,Potential Loyalists,1,4,544,1,208.62
5126.0,Lost Customers,1,4,571,1,245.81
5127.0,Loyal Customers,1,4,362,1,257.77
5128.0,Loyal Customers,1,4,42,1,88.62
5129.0,Loyal Customers,1,4,45,1,72.61
5130.0,Potential Loyalists,1,4,520,1,189.05
5131.0,Potential Loyalists,1,4,448,1,156.97
5132.0,Loyal Customers,1,4,292,1,39.63
5133.0,Potential Loyalists,1,4,488,1,156.89
5134.0,Lost Customers,1,4,718,1,128.51
5135.0,Loyal Customers,1,4,112,1,150.05
5136.0,Loyal Customers,1,4,25,1,106.27
5137.0,Potential Loyalists,1,4,491,1,145.77
5138.0,Lost Customers,1,4,568,1,183.23
5139.0,Loyal Customers,1,4,251,1,114.55
5140.0,Potential Loyalists,1,4,465,1,129.15
5141.0,Loyal Customers,1,4,349,1,85.61
5142.0,Loyal Customers,1,4,271,1,118.94
5143.0,Loyal Customers,1,4,159,1,112.06
5144.0,Lost Customers,1,4,620,1,96.61
5145.0,Loyal Customers,1,4,180,1,85.89
5146.0,Loyal Customers,1,4,226,1,111.78
5147.0,Potential Loyalists,1,4,439,1,101.75
5148.0,Potential Loyalists,1,4,367,1,109.97
5149.0,Loyal Customers,1,4,298,1,139.6
5150.0,Potential Loyalists,1,4,466,1,117.8
5151.0,Potential Loyalists,1,4,452,1,191.6
5152.0,Potential Loyalists,1,4,373,1,109.66
5153.0,Loyal Customers,1,4,65,1,132.37
5154.0,Lost Customers,1,4,646,1,96.91
5155.0,Loyal Customers,1,4,233,1,170.36
5156.0,Potential Loyalists,1,4,476,1,150.11
5157.0,Lost Customers,1,4,624,1,83.25
5158.0,Loyal Customers,1,4,254,1,107.57
5159.0,Champions,1,4,138,1,192.86
5160.0,Potential Loyalists,1,4,443,1,57.43
5161.0,Loyal Customers,1,4,294,1,103.35
5162.0,Lost Customers,1,4,570,1,77.05
5163.0,Loyal Customers,1,4,21,1,103.32
5164.0,Lost Customers,1,4,621,1,91.61
5165.0,Loyal Customers,1,4,270,1,225.23
5166.0,Loyal Customers,1,4,106,1,151.24
5167.0,Potential Loyalists,1,4,433,1,54.42
5168.0,Loyal Customers,1,4,190,1,143.7
5169.0,Champions,1,4,13,1,192.57
5170.0,Loyal Customers,1,4,281,1,115.32
5171.0,Loyal Customers,1,4,302,1,89.73
5172.0,Loyal Customers,1,4,249,1,110.61
5173.0,Potential Loyalists,1,4,510,1,143.01
5174.0,Loyal Customers,1,4,339,1,137.13
5175.0,Loyal Customers,1,4,353,1,181.42
5176.0,Loyal Customers,1,4,4,1,77.79
5177.0,Loyal Customers,1,4,245,1,135.11
5178.0,Lost Customers,1,4,568,1,86.33
5179.0,Loyal Customers,1,4,24,1,69.7
5180.0,Loyal Customers,1,4,222,1,194.45
5181.0,Lost Customers,1,4,633,1,107.57
5182.0,Lost Customers,1,4,714,1,130.26
5183.0,Loyal Customers,1,4,313,1,118.08
5184.0,Lost Customers,1,4,626,1,74.49
5185.0,Loyal Customers,1,4,264,1,283.24
5186.0,Lost Customers,1,4,654,1,227.32
5187.0,Loyal Customers,1,4,156,1,120.19
5188.0,Lost Customers,1,4,611,1,155.62
5189.0,Loyal Customers,1,4,48,1,94.63
5190.0,Loyal Customers,1,4,90,1,91.17
5191.0,Loyal Customers,1,4,231,1,80.4
5192.0,Potential Loyalists,1,4,410,1,103.88
5193.0,Potential Loyalists,1,4,475,1,46.84
5194.0,Potential Loyalists,1,4,526,1,150.69
5195.0,Loyal Customers,1,4,120,1,85.35
5196.0,Loyal Customers,1,4,239,1,69.97
5197.0,Loyal Customers,1,4,211,1,80.83
5198.0,Potential Loyalists,1,4,516,1,145.88
5199.0,Potential Loyalists,1,4,375,1,184.15
5200.0,Lost Customers,1,4,586,1,143.29
5201.0,Potential Loyalists,1,4,456,1,91.12
5202.0,Loyal Customers,1,4,99,1,99.31
5203.0,Loyal Customers,1,4,129,1,143.86
5204.0,Potential Loyalists,1,4,542,1,176.87
5205.0,Lost Customers,1,4,570,1,109.2
5206.0,Potential Loyalists,1,4,488,1,100.67
5207.0,Loyal Customers,1,4,78,1,84.57
5208.0,Potential Loyalists,1,4,532,1,106.32
5209.0,Loyal Customers,1,4,342,1,77.77
5210.0,Loyal Customers,1,4,96,1,140.8
5211.0,Loyal Customers,1,4,175,1,114.08
5212.0,Lost Customers,1,4,672,1,79.39
5213.0,Champions,1,4,137,1,302.86
5214.0,Lost Customers,1,4,634,1,161.76
5215.0,Lost Customers,1,4,702,1,60.4
5216.0,Potential Loyalists,1,4,513,1,86.7
5217.0,Loyal Customers,1,4,313,1,320.99
5218.0,Lost Customers,1,4,713,1,147.65
5219.0,Loyal Customers,1,4,42,1,112.7
5220.0,Lost Customers,1,4,689,1,91.84
5221.0,Lost Customers,1,4,643,1,100.03
5222.0,Lost Customers,1,4,584,1,133.73
5223.0,Loyal Customers,1,4,303,1,149.2
5224.0,Loyal Customers,1,4,115,1,110.6
5225.0,Lost Customers,1,4,689,1,153.32
5226.0,Loyal Customers,1,4,117,1,152.83
5227.0,Lost Customers,1,4,652,1,57.49
5228.0,Loyal Customers,1,4,187,1,297.49
5229.0,Champions,1,4,166,1,183.89
5230.0,Lost Customers,1,4,615,1,125.85
5231.0,Potential Loyalists,1,4,446,1,220.3
5232.0,Loyal Customers,1,4,354,1,87.8
5233.0,Lost Customers,1,4,584,1,85.77
5234.0,Loyal Customers,1,4,138,1,108.86
5235.0,Potential Loyalists,1,4,507,1,150.35
5236.0,Champions,1,4,46,1,193.5
5237.0,Lost Customers,1,4,588,1,116.51
5238.0,Potential Loyalists,1,4,520,1,142.7
5239.0,Loyal Customers,1,4,331,1,119.51
5240.0,Lost Customers,1,4,725,1,224.72
5241.0,Potential Loyalists,1,4,391,1,63.95
5242.0,Loyal Customers,1,4,49,1,117.66
5243.0,Loyal Customers,1,4,318,1,247.33
5244.0,Lost Customers,1,4,606,1,137.14
5245.0,Loyal Customers,1,4,344,1,172.4
5246.0,Loyal Customers,1,4,46,1,99.86
5247.0,Loyal Customers,1,4,360,1,85.45
5248.0,Lost Customers,1,4,561,1,131.58
5249.0,Potential Loyalists,1,4,379,1,106.99
5250.0,Loyal Customers,1,4,300,1,117.12
5251.0,Lost Customers,1,4,667,1,141.2
5252.0,Loyal Customers,1,4,64,1,67.06
5253.0,Loyal Customers,1,4,212,1,152.97
5254.0,Loyal Customers,1,4,5,1,146.15
5255.0,Potential Loyalists,1,4,418,1,95.29
5256.0,Loyal Customers,1,4,211,1,48.3
5257.0,Lost Customers,1,4,646,1,95.3
5258.0,Loyal Customers,1,4,148,1,150.21
5259.0,Lost Customers,1,4,630,1,65.03
5260.0,Loyal Customers,1,4,287,1,63.82
5261.0,Champions,1,4,100,1,219.58
5262.0,Potential Loyalists,1,4,474,1,280.06
5263.0,Potential Loyalists,1,4,444,1,61.55
5264.0,Loyal Customers,1,4,332,1,118.1
5265.0,Lost Customers,1,4,550,1,142.99
5266.0,Lost Customers,1,4,575,1,117.43
5267.0,Loyal Customers,1,4,86,1,84.19
5268.0,Champions,1,4,45,1,185.13
5269.0,Loyal Customers,1,4,319,1,59.37
5270.0,Loyal Customers,1,4,103,1,83.48
5271.0,Potential Loyalists,1,4,466,1,166.51
5272.0,Potential Loyalists,1,4,541,1,138.74
5273.0,Loyal Customers,1,4,327,1,120.09
5274.0,Lost Customers,1,4,715,1,152.45
5275.0,Potential Loyalists,1,4,488,1,135.7
5276.0,Lost Customers,1,4,694,1,86.72
5277.0,Potential Loyalists,1,4,374,1,142.02
5278.0,Lost Customers,1,4,676,1,77.31
5279.0,Loyal Customers,1,4,323,1,256.35
5280.0,Loyal Customers,1,4,353,1,115.51
5281.0,Potential Loyalists,1,4,432,1,230.35
5282.0,Loyal Customers,1,4,321,1,114.02
5283.0,Potential Loyalists,1,4,383,1,63.47
5284.0,Lost Customers,1,4,705,1,162.08
5285.0,Potential Loyalists,1,4,516,1,122.27
5286.0,Loyal Customers,1,4,337,1,182.76
5287.0,Lost Customers,1,4,553,1,123.24
5288.0,Lost Customers,1,4,597,1,87.45
5289.0,Loyal Customers,1,4,263,1,167.28
5290.0,Potential Loyalists,1,4,470,1,199.64
5291.0,Loyal Customers,1,4,360,1,118.77
5292.0,Lost Customers,1,4,715,1,120.45
5293.0,Loyal Customers,1,4,258,1,146.65
5294.0,Lost Customers,1,4,703,1,116.34
5295.0,Loyal Customers,1,4,341,1,105.94
5296.0,Potential Loyalists,1,4,527,1,214.7
5297.0,Lost Customers,1,4,634,1,98.33
5298.0,Champions,1,4,84,1,165.4
5299.0,Potential Loyalists,1,4,388,1,70.31
5300.0,Potential Loyalists,1,4,485,1,153.53
5301.0,Potential Loyalists,1,4,388,1,68.19
5302.0,Potential Loyalists,1,4,428,1,253.62
5303.0,Loyal Customers,1,4,171,1,126.95
5304.0,Potential Loyalists,1,4,421,1,134.93
5305.0,Lost Customers,1,4,618,1,99.39
5306.0,Loyal Customers,1,4,267,1,137.73
5307.0,Champions,1,4,89,1,166.29
5308.0,Champions,1,4,172,1,182.58
5309.0,Loyal Customers,1,4,52,1,134.94
5310.0,Loyal Customers,1,4,242,1,92.81
5311.0,Lost Customers,1,4,551,1,148.41
5312.0,Lost Customers,1,4,710,1,141.63
5313.0,Loyal Customers,1,4,217,1,230.42
5314.0,Potential Loyalists,1,4,462,1,98.87
5315.0,Potential Loyalists,1,4,485,1,106.55
5316.0,Lost Customers,1,4,652,1,106.3
5317.0,Loyal Customers,1,4,187,1,85.97
5318.0,Potential Loyalists,1,4,400,1,141.18
5319.0,Loyal Customers,1,4,198,1,153.63
5320.0,Loyal Customers,1,4,158,1,158.15
5321.0,Loyal Customers,1,4,340,1,145.53
5322.0,Loyal Customers,1,4,213,1,88.67
5323.0,Potential Loyalists,1,4,459,1,39.03
5324.0,Loyal Customers,1,4,41,1,154.99
5325.0,Loyal Customers,1,4,215,1,148.21
5326.0,Loyal Customers,1,4,350,1,99.99
5327.0,Lost Customers,1,4,663,1,269.93
5328.0,Loyal Customers,1,4,298,1,217.17
5329.0,Loyal Customers,1,4,92,1,112.44
5330.0,Loyal Customers,1,4,261,1,180.01
5331.0,Potential Loyalists,1,4,538,1,124.84
5332.0,Loyal Customers,1,4,334,1,266.98
5333.0,Loyal Customers,1,4,220,1,140.55
5334.0,Loyal Customers,1,4,302,1,203.63
5335.0,Loyal Customers,1,4,134,1,124.52
5336.0,Loyal Customers,1,4,254,1,184.36
5337.0,Loyal Customers,1,4,283,1,144.38
5338.0,Loyal Customers,1,4,291,1,129.51
5339.0,Champions,1,4,8,1,230.64
5340.0,Loyal Customers,1,4,110,1,104.7
5341.0,Loyal Customers,1,4,126,1,81.02
5342.0,Lost Customers,1,4,716,1,158.95
5343.0,Loyal Customers,1,4,324,1,135.95
5344.0,Potential Loyalists,1,4,500,1,182.34
5345.0,Loyal Customers,1,4,11,1,119.6
5346.0,Loyal Customers,1,4,57,1,109.95
5347.0,Potential Loyalists,1,4,453,1,165.4
5348.0,Potential Loyalists,1,4,463,1,82.0
5349.0,Champions,1,4,36,1,241.94
5350.0,Lost Customers,1,4,577,1,115.37
5351.0,Potential Loyalists,1,4,397,1,115.58
5352.0,Loyal Customers,1,4,133,1,121.81
5353.0,Potential Loyalists,1,4,461,1,139.61
5354.0,Potential Loyalists,1,4,392,1,150.37
5355.0,Loyal Customers,1,4,327,1,212.05
5356.0,Lost Customers,1,4,649,1,98.17
5357.0,Loyal Customers,1,4,73,1,84.03
5358.0,Lost Customers,1,4,572,1,130.38
5359.0,Loyal Customers,1,4,264,1,125.09
5360.0,Loyal Customers,1,4,121,1,92.66
5361.0,Lost Customers,1,4,567,1,70.03
5362.0,Loyal Customers,1,4,255,1,178.38
5363.0,Potential Loyalists,1,4,516,1,111.89
5364.0,Loyal Customers,1,4,315,1,130.2
5365.0,Loyal Customers,1,4,300,1,103.1
5366.0,Lost Customers,1,4,721,1,111.54
5367.0,Potential Loyalists,1,4,498,1,262.21
5368.0,Loyal Customers,1,4,177,1,105.13
5369.0,Potential Loyalists,1,4,433,1,68.66
5370.0,Loyal Customers,1,4,48,1,102.56
5371.0,Potential Loyalists,1,4,471,1,115.65
5372.0,Loyal Customers,1,4,51,1,138.05
5373.0,Loyal Customers,1,4,220,1,138.94
5374.0,Potential Loyalists,1,4,410,1,101.87
5375.0,Potential Loyalists,1,4,421,1,184.61
5376.0,Lost Customers,1,4,634,1,96.63
5377.0,Potential Loyalists,1,4,457,1,76.48
5378.0,Potential Loyalists,1,4,384,1,90.46
5379.0,Champions,1,4,91,1,211.11
5380.0,Potential Loyalists,1,4,413,1,61.93
5381.0,Lost Customers,1,4,720,1,130.97
5382.0,Champions,1,4,100,1,212.38
5383.0,Loyal Customers,1,4,151,1,141.26
5384.0,Potential Loyalists,1,4,501,1,160.67
5385.0,Loyal Customers,1,4,59,1,157.27
5386.0,Potential Loyalists,1,4,514,1,160.38
5387.0,Loyal Customers,1,4,215,1,88.22
5388.0,Loyal Customers,1,4,228,1,118.32
5389.0,Lost Customers,1,4,715,1,166.01
5390.0,Loyal Customers,1,4,327,1,117.8
5391.0,Loyal Customers,1,4,333,1,81.83
5392.0,Champions,1,4,56,1,173.57
5393.0,Loyal Customers,1,4,58,1,87.81
5394.0,Loyal Customers,1,4,289,1,96.36
5395.0,Loyal Customers,1,4,107,1,101.4
5396.0,Lost Customers,1,4,696,1,75.56
5397.0,Loyal Customers,1,4,276,1,159.73
5398.0,Lost Customers,1,4,610,1,40.23
5399.0,Lost Customers,1,4,556,1,122.79
5400.0,Loyal Customers,1,4,125,1,74.76
5401.0,Loyal Customers,1,4,279,1,98.58
5402.0,Loyal Customers,1,4,94,1,120.81
5403.0,Champions,1,4,21,1,165.5
5404.0,Lost Customers,1,4,654,1,105.81
5405.0,Potential Loyalists,1,4,415,1,116.97
5406.0,Lost Customers,1,4,691,1,73.95
5407.0,Lost Customers,1,4,554,1,168.34
5408.0,Champions,1,4,32,1,224.98
5409.0,Lost Customers,1,4,602,1,170.98
5410.0,Potential Loyalists,1,4,531,1,69.1
5411.0,Lost Customers,1,4,575,1,218.17
5412.0,Champions,1,4,172,1,176.77
5413.0,Lost Customers,1,4,718,1,132.73
5414.0,Potential Loyalists,1,4,383,1,82.27
5415.0,Potential Loyalists,1,4,474,1,75.64
5416.0,Lost Customers,1,4,677,1,114.06
5417.0,Lost Customers,1,4,620,1,106.59
5418.0,Potential Loyalists,1,4,471,1,119.22
5419.0,Lost Customers,1,4,628,1,105.45
5420.0,Lost Customers,1,4,662,1,30.37
5421.0,Lost Customers,1,4,632,1,126.55
5422.0,Loyal Customers,1,4,153,1,117.07
5423.0,Lost Customers,1,4,630,1,169.54
5424.0,Loyal Customers,1,4,299,1,117.34
5425.0,Loyal Customers,1,4,187,1,111.98
5426.0,Potential Loyalists,1,4,498,1,128.27
5427.0,Loyal Customers,1,4,121,1,122.31
5428.0,Loyal Customers,1,4,296,1,164.62
5429.0,Loyal Customers,1,4,43,1,140.77
5430.0,Potential Loyalists,1,4,467,1,69.69
5431.0,Potential Loyalists,1,4,387,1,153.43
5432.0,Potential Loyalists,1,4,497,1,190.65
5433.0,Loyal Customers,1,4,26,1,103.46
5434.0,Potential Loyalists,1,4,513,1,81.66
5435.0,Loyal Customers,1,4,323,1,111.31
5436.0,Lost Customers,1,4,690,1,85.02
5437.0,Loyal Customers,1,4,353,1,88.39
5438.0,Loyal Customers,1,4,31,1,98.91
5439.0,Loyal Customers,1,4,315,1,138.6
5440.0,Loyal Customers,1,4,306,1,146.44
5441.0,Loyal Customers,1,4,127,1,85.59
5442.0,Potential Loyalists,1,4,369,1,168.91
5443.0,Potential Loyalists,1,4,382,1,109.67
5444.0,Loyal Customers,1,4,72,1,77.0
5445.0,Lost Customers,1,4,683,1,78.03
5446.0,Lost Customers,1,4,648,1,69.22
5447.0,Loyal Customers,1,4,100,1,77.5
5448.0,Loyal Customers,1,4,250,1,97.8
5449.0,Potential Loyalists,1,4,514,1,148.0
5450.0,Potential Loyalists,1,4,429,1,115.79
5451.0,Potential Loyalists,1,4,446,1,80.18
5452.0,Lost Customers,1,4,719,1,66.48
5453.0,Potential Loyalists,1,4,474,1,149.18
5454.0,Lost Customers,1,4,673,1,210.8
5455.0,Loyal Customers,1,4,279,1,113.77
5456.0,Loyal Customers,1,4,5,1,97.82
5457.0,Loyal Customers,1,4,212,1,57.73
5458.0,Loyal Customers,1,4,296,1,88.11
5459.0,Champions,1,4,43,1,192.49
5460.0,Lost Customers,1,4,695,1,174.64
5461.0,Loyal Customers,1,4,194,1,66.4
5462.0,Potential Loyalists,1,4,493,1,123.09
5463.0,Loyal Customers,1,4,112,1,96.09
5464.0,Potential Loyalists,1,4,450,1,89.88
5465.0,Loyal Customers,1,4,103,1,70.09
5466.0,Lost Customers,1,4,646,1,147.39
5467.0,Potential Loyalists,1,4,458,1,150.46
5468.0,Potential Loyalists,1,4,428,1,117.89
5469.0,Loyal Customers,1,4,254,1,162.36
5470.0,Loyal Customers,1,4,288,1,110.48
5471.0,Potential Loyalists,1,4,422,1,150.44
5472.0,Lost Customers,1,4,569,1,125.22
5473.0,Potential Loyalists,1,4,497,1,82.55
5474.0,Loyal Customers,1,4,39,1,131.93
5475.0,Loyal Customers,1,4,236,1,171.54
5476.0,Potential Loyalists,1,4,521,1,133.23
5477.0,Loyal Customers,1,4,136,1,81.69
5478.0,Loyal Customers,1,4,91,1,84.04
5479.0,Potential Loyalists,1,4,434,1,94.56
5480.0,Potential Loyalists,1,4,389,1,113.38
5481.0,Lost Customers,1,4,698,1,217.97
5482.0,Potential Loyalists,1,4,539,1,118.23
5483.0,Potential Loyalists,1,4,386,1,142.04
5484.0,Lost Customers,1,4,611,1,125.95
5485.0,Loyal Customers,1,4,40,1,101.59
5486.0,Champions,1,4,62,1,175.76
5487.0,Potential Loyalists,1,4,390,1,78.4
5488.0,Loyal Customers,1,4,345,1,143.32
5489.0,Potential Loyalists,1,4,532,1,117.11
5490.0,Loyal Customers,1,4,179,1,102.14
5491.0,Loyal Customers,1,4,297,1,154.29
5492.0,Loyal Customers,1,4,233,1,121.82
5493.0,Loyal Customers,1,4,365,1,114.11
5494.0,Loyal Customers,1,4,16,1,87.29
5495.0,Potential Loyalists,1,4,367,1,167.78
5496.0,Potential Loyalists,1,4,435,1,71.86
5497.0,Lost Customers,1,4,672,1,209.24
5498.0,Potential Loyalists,1,4,498,1,75.14
5499.0,Loyal Customers,1,4,119,1,54.03
5500.0,Potential Loyalists,1,4,387,1,145.22
5501.0,Lost Customers,1,4,568,1,61.92
5502.0,Lost Customers,1,4,638,1,85.11
5503.0,Champions,1,4,176,1,208.18
5504.0,Potential Loyalists,1,4,548,1,97.45
5505.0,Loyal Customers,1,4,349,1,127.99
5506.0,Potential Loyalists,1,4,521,1,143.52
5507.0,Loyal Customers,1,4,132,1,147.52
5508.0,Loyal Customers,1,4,22,1,120.21
5509.0,Potential Loyalists,1,4,446,1,229.72
5510.0,Loyal Customers,1,4,158,1,71.32
5511.0,Loyal Customers,1,4,56,1,156.69
5512.0,Loyal Customers,1,4,240,1,208.17
5513.0,Potential Loyalists,1,4,422,1,203.54
5514.0,Potential Loyalists,1,4,434,1,104.78
5515.0,Loyal Customers,1,4,104,1,89.82
5516.0,Lost Customers,1,4,550,1,123.41
5517.0,Potential Loyalists,1,4,487,1,156.51
5518.0,Loyal Customers,1,4,230,1,90.89
5519.0,Loyal Customers,1,4,110,1,70.26
5520.0,Champions,1,4,52,1,165.08
5521.0,Lost Customers,1,4,609,1,276.94
5522.0,Loyal Customers,1,4,244,1,81.17
5523.0,Loyal Customers,1,4,20,1,133.34
5524.0,Potential Loyalists,1,4,412,1,102.56
5525.0,Lost Customers,1,4,692,1,118.58
5526.0,Lost Customers,1,4,630,1,33.81
5527.0,Loyal Customers,1,4,326,1,87.51
5528.0,Loyal Customers,1,4,88,1,109.83
5529.0,Loyal Customers,1,4,323,1,179.14
5530.0,Loyal Customers,1,4,348,1,124.65
5531.0,Loyal Customers,1,4,209,1,74.62
5532.0,Loyal Customers,1,4,329,1,139.46
5533.0,Loyal Customers,1,4,48,1,108.42
5534.0,Loyal Customers,1,4,218,1,140.04
5535.0,Lost Customers,1,4,577,1,235.0
5536.0,Loyal Customers,1,4,164,1,86.53
5537.0,Loyal Customers,1,4,344,1,92.02
5538.0,Potential Loyalists,1,4,517,1,270.09
5539.0,Potential Loyalists,1,4,496,1,74.58
5540.0,Loyal Customers,1,4,251,1,112.35
5541.0,Loyal Customers,1,4,275,1,201.56
5542.0,Loyal Customers,1,4,80,1,53.37
5543.0,Lost Customers,1,4,633,1,166.91
5544.0,Loyal Customers,1,4,320,1,209.06
5545.0,Potential Loyalists,1,4,460,1,221.82
5546.0,Loyal Customers,1,4,288,1,120.78
5547.0,Loyal Customers,1,4,192,1,128.28
5548.0,Lost Customers,1,4,571,1,95.41
5549.0,Lost Customers,1,4,598,1,153.6
5550.0,Potential Loyalists,1,4,439,1,137.54
5551.0,Potential Loyalists,1,4,497,1,143.72
5552.0,Loyal Customers,1,4,303,1,95.87
5553.0,Potential Loyalists,1,4,450,1,71.92
5554.0,Lost Customers,1,4,689,1,151.48
5555.0,Loyal Customers,1,4,31,1,136.11
5556.0,Loyal Customers,1,4,261,1,155.46
5557.0,Lost Customers,1,4,550,1,95.21
5558.0,Lost Customers,1,4,605,1,142.22
5559.0,Loyal Customers,1,4,322,1,92.4
5560.0,Potential Loyalists,1,4,386,1,134.66
5561.0,Loyal Customers,1,4,54,1,69.63
5562.0,Potential Loyalists,1,4,413,1,90.48
5563.0,Loyal Customers,1,4,1,1,112.99
5564.0,Loyal Customers,1,4,270,1,133.41
5565.0,Loyal Customers,1,4,32,1,70.2
5566.0,Loyal Customers,1,4,64,1,72.25
5567.0,Loyal Customers,1,4,325,1,130.37
5568.0,Loyal Customers,1,4,222,1,163.39
5569.0,Lost Customers,1,4,688,1,234.85
5570.0,Loyal Customers,1,4,230,1,126.55
5571.0,Lost Customers,1,4,728,1,98.26
5572.0,Loyal Customers,1,4,282,1,83.79
5573.0,Loyal Customers,1,4,205,1,124.65
5574.0,Loyal Customers,1,4,136,1,134.02
5575.0,Loyal Customers,1,4,131,1,72.92
5576.0,Potential Loyalists,1,4,449,1,127.67
5577.0,Loyal Customers,1,4,342,1,115.1
5578.0,Lost Customers,1,4,680,1,139.71
5579.0,Lost Customers,1,4,600,1,77.28
5580.0,Loyal Customers,1,4,315,1,279.01
5581.0,Loyal Customers,1,4,152,1,101.7
5582.0,Lost Customers,1,4,600,1,148.7
5583.0,Lost Customers,1,4,654,1,97.4
5584.0,Potential Loyalists,1,4,374,1,92.27
5585.0,Lost Customers,1,4,684,1,133.06
5586.0,Champions,1,4,21,1,221.52
5587.0,Lost Customers,1,4,632,1,86.93
5588.0,Champions,1,4,173,1,187.77
5589.0,Potential Loyalists,1,4,457,1,155.3
5590.0,Champions,1,4,170,1,232.36
5591.0,Lost Customers,1,4,562,1,166.91
5592.0,Loyal Customers,1,4,330,1,84.43
5593.0,Potential Loyalists,1,4,501,1,109.28
5594.0,Lost Customers,1,4,556,1,109.47
5595.0,Potential Loyalists,1,4,516,1,76.12
5596.0,Loyal Customers,1,4,253,1,112.1
5597.0,Potential Loyalists,1,4,406,1,166.04
5598.0,Loyal Customers,1,4,295,1,182.57
5599.0,Champions,1,4,32,1,245.3
5600.0,Potential Loyalists,1,4,369,1,125.48
5601.0,Lost Customers,1,4,579,1,251.08
5602.0,Lost Customers,1,4,650,1,163.95
5603.0,Loyal Customers,1,4,37,1,53.38
5604.0,Loyal Customers,1,4,343,1,96.99
5605.0,Loyal Customers,1,4,22,1,139.1
5606.0,Lost Customers,1,4,704,1,186.77
5607.0,Loyal Customers,1,4,173,1,161.16
5608.0,Loyal Customers,1,4,257,1,58.95
5609.0,Potential Loyalists,1,4,488,1,98.48
5610.0,Loyal Customers,1,4,142,1,104.08
5611.0,Potential Loyalists,1,4,539,1,99.12
5612.0,Potential Loyalists,1,4,370,1,141.43
5613.0,Loyal Customers,1,4,23,1,108.23
5614.0,Potential Loyalists,1,4,466,1,76.98
5615.0,Potential Loyalists,1,4,493,1,69.04
5616.0,Lost Customers,1,4,694,1,138.62
5617.0,Potential Loyalists,1,4,379,1,83.69
5618.0,Loyal Customers,1,4,358,1,114.36
5619.0,Loyal Customers,1,4,295,1,103.67
5620.0,Potential Loyalists,1,4,435,1,154.14
5621.0,Lost Customers,1,4,683,1,155.64
5622.0,Potential Loyalists,1,4,427,1,109.16
5623.0,Loyal Customers,1,4,168,1,89.7
5624.0,Potential Loyalists,1,4,519,1,130.64
5625.0,Loyal Customers,1,4,303,1,179.61
5626.0,Loyal Customers,1,4,329,1,128.21
5627.0,Loyal Customers,1,4,266,1,63.32
5628.0,Loyal Customers,1,4,186,1,87.94
5629.0,Loyal Customers,1,4,342,1,53.13
5630.0,Lost Customers,1,4,614,1,64.6
5631.0,Potential Loyalists,1,4,398,1,270.97
5632.0,Loyal Customers,1,4,268,1,202.29
5633.0,Lost Customers,1,4,681,1,120.7
5634.0,Potential Loyalists,1,4,485,1,214.37
5635.0,Loyal Customers,1,4,191,1,72.51
5636.0,Loyal Customers,1,4,184,1,184.93
5637.0,Potential Loyalists,1,4,410,1,93.79
5638.0,Potential Loyalists,1,4,425,1,75.96
5639.0,Lost Customers,1,4,603,1,144.78
5640.0,Potential Loyalists,1,4,485,1,64.66
5641.0,Potential Loyalists,1,4,493,1,115.29
5642.0,Lost Customers,1,4,727,1,81.09
5643.0,Lost Customers,1,4,690,1,93.94
5644.0,Loyal Customers,1,4,44,1,59.6
5645.0,Loyal Customers,1,4,204,1,136.26
5646.0,Loyal Customers,1,4,24,1,109.15
5647.0,Loyal Customers,1,4,274,1,127.58
5648.0,Lost Customers,1,4,705,1,109.21
5649.0,Loyal Customers,1,4,345,1,187.4
5650.0,Loyal Customers,1,4,274,1,109.78
5651.0,Loyal Customers,1,4,14,1,131.29
5652.0,Potential Loyalists,1,4,374,1,110.36
5653.0,Loyal Customers,1,4,289,1,194.89
5654.0,Lost Customers,1,4,606,1,154.99
5655.0,Lost Customers,1,4,589,1,209.59
5656.0,Lost Customers,1,4,645,1,184.87
5657.0,Lost Customers,1,4,652,1,170.64
5658.0,Loyal Customers,1,4,106,1,111.97
5659.0,Potential Loyalists,1,4,383,1,80.28
5660.0,Potential Loyalists,1,4,396,1,154.34
5661.0,Lost Customers,1,4,686,1,29.9
5662.0,Loyal Customers,1,4,278,1,172.37
5663.0,Potential Loyalists,1,4,469,1,47.21
5664.0,Loyal Customers,1,4,17,1,76.62
5665.0,Loyal Customers,1,4,287,1,29.36
5666.0,Lost Customers,1,4,612,1,67.19
5667.0,Loyal Customers,1,4,262,1,81.78
5668.0,Lost Customers,1,4,648,1,97.84
5669.0,Loyal Customers,1,4,347,1,106.83
5670.0,Loyal Customers,1,4,302,1,74.03
5671.0,Lost Customers,1,4,590,1,126.95
5672.0,Champions,1,4,131,1,177.95
5673.0,Lost Customers,1,4,626,1,101.44
5674.0,Loyal Customers,1,4,102,1,145.99
5675.0,Lost Customers,1,4,645,1,112.1
5676.0,Loyal Customers,1,4,169,1,141.12
5677.0,Potential Loyalists,1,4,483,1,111.15
5678.0,Lost Customers,1,4,551,1,79.85
5679.0,Lost Customers,1,4,681,1,94.76
5680.0,Lost Customers,1,4,651,1,135.21
5681.0,Champions,1,4,143,1,193.14
5682.0,Loyal Customers,1,4,271,1,131.36
5683.0,Champions,1,4,13,1,173.33
5684.0,Lost Customers,1,4,657,1,109.09
5685.0,Loyal Customers,1,4,293,1,96.83
5686.0,Loyal Customers,1,4,42,1,101.3
5687.0,Loyal Customers,1,4,59,1,129.38
5688.0,Loyal Customers,1,4,267,1,130.31
5689.0,Lost Customers,1,4,584,1,168.09
5690.0,Potential Loyalists,1,4,525,1,72.3
5691.0,Loyal Customers,1,4,260,1,115.83
5692.0,Lost Customers,1,4,655,1,73.72
5693.0,Loyal Customers,1,4,250,1,110.79
5694.0,Lost Customers,1,4,597,1,194.89
5695.0,Potential Loyalists,1,4,414,1,160.28
5696.0,Loyal Customers,1,4,287,1,200.66
5697.0,Lost Customers,1,4,693,1,147.1
5698.0,Champions,1,4,19,1,166.58
5699.0,Lost Customers,1,4,713,1,139.23
5700.0,Loyal Customers,1,4,253,1,103.84
5701.0,Lost Customers,1,4,705,1,85.24
5702.0,Champions,1,4,32,1,189.78
5703.0,Loyal Customers,1,4,138,1,114.43
5704.0,Champions,1,4,57,1,267.68
5705.0,Lost Customers,1,4,645,1,166.98
5706.0,Champions,1,4,175,1,165.33
5707.0,Potential Loyalists,1,4,493,1,139.93
5708.0,Lost Customers,1,4,712,1,139.7
5709.0,Lost Customers,1,4,723,1,121.31
5710.0,Potential Loyalists,1,4,405,1,75.47
5711.0,Lost Customers,1,4,617,1,117.43
5712.0,Potential Loyalists,1,4,375,1,98.3
5713.0,Lost Customers,1,4,683,1,151.7
5714.0,Loyal Customers,1,4,40,1,111.49
5715.0,Potential Loyalists,1,4,502,1,304.51
5716.0,Potential Loyalists,1,4,468,1,287.74
5717.0,Loyal Customers,1,4,254,1,162.46
5718.0,Lost Customers,1,4,641,1,86.3
5719.0,Lost Customers,1,4,630,1,37.55
5720.0,Loyal Customers,1,4,206,1,59.49
5721.0,Loyal Customers,1,4,76,1,162.63
5722.0,Lost Customers,1,4,701,1,111.79
5723.0,Loyal Customers,1,4,83,1,133.02
5724.0,Loyal Customers,1,4,89,1,131.96
5725.0,Loyal Customers,1,4,357,1,193.94
5726.0,Potential Loyalists,1,4,540,1,127.78
5727.0,Potential Loyalists,1,4,378,1,97.15
5728.0,Loyal Customers,1,4,180,1,134.89
5729.0,Loyal Customers,1,4,5,1,137.42
5730.0,Loyal Customers,1,4,50,1,128.86
5731.0,Loyal Customers,1,4,55,1,132.69
5732.0,Potential Loyalists,1,4,392,1,113.18
5733.0,Loyal Customers,1,4,81,1,132.0
5734.0,Lost Customers,1,4,658,1,115.27
5735.0,Loyal Customers,1,4,5,1,110.87
5736.0,Potential Loyalists,1,4,470,1,280.43
5737.0,Loyal Customers,1,4,95,1,127.84
5738.0,Lost Customers,1,4,654,1,130.83
5739.0,Potential Loyalists,1,4,491,1,116.71
5740.0,Loyal Customers,1,4,262,1,132.35
5741.0,Potential Loyalists,1,4,439,1,97.37
5742.0,Champions,1,4,22,1,169.72
5743.0,Potential Loyalists,1,4,458,1,42.51
5744.0,Loyal Customers,1,4,271,1,107.81
5745.0,Potential Loyalists,1,4,380,1,149.48
5746.0,Loyal Customers,1,4,146,1,142.44
5747.0,Loyal Customers,1,4,84,1,112.56
5748.0,Loyal Customers,1,4,47,1,156.64
5749.0,Lost Customers,1,4,553,1,108.26
5750.0,Lost Customers,1,4,642,1,121.16
5751.0,Loyal Customers,1,4,28,1,56.14
5752.0,Champions,1,4,131,1,200.47
5753.0,Lost Customers,1,4,688,1,258.44
5754.0,Potential Loyalists,1,4,528,1,125.39
5755.0,Potential Loyalists,1,4,438,1,114.81
5756.0,Loyal Customers,1,4,310,1,114.24
5757.0,Lost Customers,1,4,623,1,71.81
5758.0,Lost Customers,1,4,555,1,51.11
5759.0,Lost Customers,1,4,628,1,125.21
5760.0,Potential Loyalists,1,4,440,1,177.59
5761.0,Loyal Customers,1,4,293,1,97.04
5762.0,Loyal Customers,1,4,127,1,134.24
5763.0,Loyal Customers,1,4,158,1,94.22
5764.0,Loyal Customers,1,4,303,1,129.01
5765.0,Loyal Customers,1,4,290,1,70.77
5766.0,Potential Loyalists,1,4,535,1,109.76
5767.0,Loyal Customers,1,4,275,1,163.16
5768.0,Loyal Customers,1,4,337,1,80.44
5769.0,Lost Customers,1,4,690,1,107.9
5770.0,Lost Customers,1,4,725,1,252.97
5771.0,Potential Loyalists,1,4,502,1,124.12
5772.0,Lost Customers,1,4,668,1,243.07
5773.0,Lost Customers,1,4,571,1,76.04
5774.0,Champions,1,4,117,1,175.25
5775.0,Potential Loyalists,1,4,378,1,117.82
5776.0,Loyal Customers,1,4,318,1,138.03
5777.0,Lost Customers,1,4,619,1,80.25
5778.0,Loyal Customers,1,4,278,1,105.52
5779.0,Loyal Customers,1,4,339,1,61.92
5780.0,Potential Loyalists,1,4,378,1,112.82
5781.0,Potential Loyalists,1,4,483,1,90.06
5782.0,Lost Customers,1,4,608,1,159.35
5783.0,Lost Customers,1,4,573,1,126.71
5784.0,Loyal Customers,1,4,236,1,129.63
5785.0,Loyal Customers,1,4,224,1,126.61
5786.0,Loyal Customers,1,4,93,1,83.28
5787.0,Loyal Customers,1,4,65,1,121.25
5788.0,Lost Customers,1,4,565,1,151.75
5789.0,Loyal Customers,1,4,314,1,96.24
5790.0,Lost Customers,1,4,590,1,116.31
5791.0,Lost Customers,1,4,664,1,65.7
5792.0,Loyal Customers,1,4,147,1,104.4
5793.0,Loyal Customers,1,4,200,1,65.46
5794.0,Loyal Customers,1,4,268,1,130.09
5795.0,Lost Customers,1,4,609,1,137.85
5796.0,Lost Customers,1,4,695,1,81.29
5797.0,Potential Loyalists,1,4,515,1,76.07
5798.0,Loyal Customers,1,4,111,1,66.78
5799.0,Lost Customers,1,4,647,1,152.94
5800.0,Potential Loyalists,1,4,493,1,215.03
5801.0,Potential Loyalists,1,4,441,1,146.86
5802.0,Loyal Customers,1,4,186,1,119.13
5803.0,Loyal Customers,1,4,361,1,196.35
5804.0,Lost Customers,1,4,622,1,157.54
5805.0,Lost Customers,1,4,574,1,248.1
5806.0,Champions,1,4,119,1,292.9
5807.0,Loyal Customers,1,4,269,1,147.05
5808.0,Champions,1,4,85,1,257.79
5809.0,Loyal Customers,1,4,349,1,104.03
5810.0,Potential Loyalists,1,4,425,1,97.82
5811.0,Lost Customers,1,4,718,1,124.22
5812.0,Lost Customers,1,4,637,1,55.4
5813.0,Potential Loyalists,1,4,384,1,62.22
5814.0,Lost Customers,1,4,726,1,77.6
5815.0,Potential Loyalists,1,4,384,1,88.61
5816.0,Loyal Customers,1,4,291,1,170.5
5817.0,Lost Customers,1,4,704,1,70.47
5818.0,Loyal Customers,1,4,99,1,81.94
5819.0,Loyal Customers,1,4,296,1,138.74
5820.0,Lost Customers,1,4,706,1,117.35
5821.0,Potential Loyalists,1,4,417,1,240.85
5822.0,Potential Loyalists,1,4,449,1,100.9
5823.0,Loyal Customers,1,4,36,1,157.02
5824.0,Loyal Customers,1,4,256,1,82.99
5825.0,Lost Customers,1,4,677,1,58.38
5826.0,Lost Customers,1,4,678,1,67.6
5827.0,Loyal Customers,1,4,336,1,114.47
5828.0,Lost Customers,1,4,686,1,195.42
5829.0,Lost Customers,1,4,572,1,86.5
5830.0,Loyal Customers,1,4,361,1,100.6
5831.0,Loyal Customers,1,4,207,1,100.79
5832.0,Champions,1,4,33,1,326.95
5833.0,Loyal Customers,1,4,338,1,158.99
5834.0,Champions,1,4,156,1,178.48
5835.0,Potential Loyalists,1,4,433,1,60.56
5836.0,Lost Customers,1,4,569,1,101.75
5837.0,Loyal Customers,1,4,122,1,129.1
5838.0,Loyal Customers,1,4,111,1,102.69
5839.0,Potential Loyalists,1,4,431,1,104.8
5840.0,Champions,1,4,147,1,220.95
5841.0,Loyal Customers,1,4,108,1,124.34
5842.0,Potential Loyalists,1,4,544,1,111.02
5843.0,Lost Customers,1,4,577,1,79.01
5844.0,Potential Loyalists,1,4,487,1,124.08
5845.0,Loyal Customers,1,4,225,1,154.36
5846.0,Lost Customers,1,4,621,1,128.44
5847.0,Lost Customers,1,4,584,1,190.14
5848.0,Loyal Customers,1,4,84,1,111.78
5849.0,Potential Loyalists,1,4,546,1,215.19
5850.0,Potential Loyalists,1,4,486,1,110.56
5851.0,Loyal Customers,1,4,230,1,73.7
5852.0,Lost Customers,1,4,550,1,105.77
5853.0,Lost Customers,1,4,721,1,129.02
5854.0,Loyal Customers,1,4,233,1,171.32
5855.0,Loyal Customers,1,4,124,1,138.99
5856.0,Lost Customers,1,4,621,1,125.1
5857.0,Loyal Customers,1,4,67,1,112.92
5858.0,Lost Customers,1,4,559,1,114.28
5859.0,Loyal Customers,1,4,337,1,158.17
5860.0,Loyal Customers,1,4,185,1,116.06
5861.0,Loyal Customers,1,4,45,1,134.99
5862.0,Potential Loyalists,1,4,402,1,108.65
5863.0,Potential Loyalists,1,4,399,1,138.19
5864.0,Lost Customers,1,4,653,1,187.78
5865.0,Loyal Customers,1,4,303,1,125.65
5866.0,Loyal Customers,1,4,14,1,105.92
5867.0,Loyal Customers,1,4,240,1,260.68
5868.0,Loyal Customers,1,4,266,1,109.35
5869.0,Lost Customers,1,4,612,1,156.06
5870.0,Loyal Customers,1,4,202,1,196.42
5871.0,Lost Customers,1,4,716,1,136.44
5872.0,Loyal Customers,1,4,280,1,164.41
5873.0,Potential Loyalists,1,4,385,1,113.18
5874.0,Loyal Customers,1,4,250,1,189.15
5875.0,Loyal Customers,1,4,240,1,153.49
5876.0,Potential Loyalists,1,4,457,1,121.2
5877.0,Loyal Customers,1,4,132,1,77.1
5878.0,Loyal Customers,1,4,51,1,104.09
5879.0,Potential Loyalists,1,4,400,1,90.65
5880.0,Loyal Customers,1,4,21,1,132.97
5881.0,Loyal Customers,1,4,284,1,122.68
5882.0,Potential Loyalists,1,4,468,1,137.47
5883.0,Lost Customers,1,4,714,1,169.38
5884.0,Loyal Customers,1,4,130,1,64.43
5885.0,Loyal Customers,1,4,290,1,102.89
5886.0,Lost Customers,1,4,712,1,90.05
5887.0,Potential Loyalists,1,4,537,1,73.31
5888.0,Loyal Customers,1,4,212,1,156.58
5889.0,Potential Loyalists,1,4,439,1,237.36
5890.0,Loyal Customers,1,4,184,1,78.52
5891.0,Lost Customers,1,4,588,1,172.94
5892.0,Loyal Customers,1,4,35,1,162.9
5893.0,Champions,1,4,125,1,188.16
5894.0,Lost Customers,1,4,659,1,156.26
5895.0,Lost Customers,1,4,614,1,250.57
5896.0,Lost Customers,1,4,698,1,123.73
5897.0,Potential Loyalists,1,4,374,1,121.34
5898.0,Loyal Customers,1,4,275,1,110.43
5899.0,Potential Loyalists,1,4,481,1,122.61
5900.0,Loyal Customers,1,4,325,1,106.78
5901.0,Potential Loyalists,1,4,526,1,114.93
5902.0,Loyal Customers,1,4,191,1,142.45
5903.0,Loyal Customers,1,4,289,1,114.91
5904.0,Lost Customers,1,4,662,1,60.28
5905.0,Potential Loyalists,1,4,535,1,98.92
5906.0,Lost Customers,1,4,640,1,172.62
5907.0,Potential Loyalists,1,4,429,1,119.52
5908.0,Loyal Customers,1,4,209,1,149.79
5909.0,Lost Customers,1,4,656,1,113.53
5910.0,Potential Loyalists,1,4,410,1,204.96
5911.0,Loyal Customers,1,4,304,1,124.11
5912.0,Champions,1,4,69,1,212.31
5913.0,Potential Loyalists,1,4,456,1,103.8
5914.0,Champions,1,4,60,1,171.81
5915.0,Lost Customers,1,4,697,1,99.39
5916.0,Lost Customers,1,4,566,1,143.11
5917.0,Loyal Customers,1,4,98,1,104.09
5918.0,Loyal Customers,1,4,339,1,189.83
5919.0,Potential Loyalists,1,4,496,1,129.5
5920.0,Loyal Customers,1,4,36,1,144.3
5921.0,Lost Customers,1,4,640,1,122.58
5922.0,Lost Customers,1,4,654,1,147.47
5923.0,Loyal Customers,1,4,311,1,109.15
5924.0,Loyal Customers,1,4,193,1,159.17
5925.0,Lost Customers,1,4,585,1,137.04
5926.0,Loyal Customers,1,4,346,1,63.9
5927.0,Loyal Customers,1,4,272,1,84.12
5928.0,Loyal Customers,1,4,187,1,116.86
5929.0,Lost Customers,1,4,675,1,54.29
5930.0,Loyal Customers,1,4,115,1,91.84
5931.0,Potential Loyalists,1,4,396,1,111.28
5932.0,Champions,1,4,56,1,199.88
5933.0,Potential Loyalists,1,4,497,1,195.52
5934.0,Lost Customers,1,4,626,1,97.04
5935.0,Loyal Customers,1,4,235,1,84.65
5936.0,Loyal Customers,1,4,266,1,120.96
5937.0,Potential Loyalists,1,4,547,1,103.72
5938.0,Lost Customers,1,4,640,1,339.03
5939.0,Lost Customers,1,4,702,1,103.95
5940.0,Champions,1,4,55,1,184.65
5941.0,Potential Loyalists,1,4,480,1,255.02
5942.0,Loyal Customers,1,4,238,1,181.65
5943.0,Lost Customers,1,4,639,1,119.43
5944.0,Potential Loyalists,1,4,495,1,150.76
5945.0,Loyal Customers,1,4,277,1,138.39
5946.0,Loyal Customers,1,4,81,1,121.2
5947.0,Loyal Customers,1,4,19,1,148.15
5948.0,Lost Customers,1,4,625,1,150.96
5949.0,Champions,1,4,151,1,173.57
5950.0,Loyal Customers,1,4,18,1,71.35
5951.0,Lost Customers,1,4,589,1,160.79
5952.0,Lost Customers,1,4,640,1,219.88
5953.0,Champions,1,4,77,1,166.36
5954.0,Loyal Customers,1,4,297,1,94.67
5955.0,Loyal Customers,1,4,274,1,122.18
5956.0,Lost Customers,1,4,586,1,144.91
5957.0,Loyal Customers,1,4,267,1,125.15
5958.0,Loyal Customers,1,4,196,1,145.16
5959.0,Loyal Customers,1,4,273,1,88.05
5960.0,Champions,1,4,174,1,245.95
5961.0,Potential Loyalists,1,4,501,1,80.35
5962.0,Potential Loyalists,1,4,541,1,115.47
5963.0,Champions,1,4,9,1,183.86
5964.0,Loyal Customers,1,4,29,1,108.9
5965.0,Loyal Customers,1,4,270,1,221.06
5966.0,Potential Loyalists,1,4,426,1,102.49
5967.0,Lost Customers,1,4,705,1,135.18
5968.0,Champions,1,4,29,1,169.21
5969.0,Loyal Customers,1,4,52,1,99.07
5970.0,Potential Loyalists,1,4,503,1,70.93
5971.0,Loyal Customers,1,4,329,1,181.35
5972.0,Potential Loyalists,1,4,512,1,92.99
5973.0,Champions,1,4,50,1,202.71
5974.0,Loyal Customers,1,4,328,1,124.54
5975.0,Loyal Customers,1,4,266,1,110.37
5976.0,Loyal Customers,1,4,122,1,95.62
5977.0,Lost Customers,1,4,556,1,148.04
5978.0,Loyal Customers,1,4,166,1,114.52
5979.0,Loyal Customers,1,4,247,1,97.72
5980.0,Loyal Customers,1,4,136,1,134.58
5981.0,Potential Loyalists,1,4,388,1,232.66
5982.0,Potential Loyalists,1,4,417,1,116.98
5983.0,Potential Loyalists,1,4,385,1,117.83
5984.0,Loyal Customers,1,4,183,1,106.6
5985.0,Potential Loyalists,1,4,377,1,164.98
5986.0,Lost Customers,1,4,678,1,250.01
5987.0,Loyal Customers,1,4,166,1,105.29
5988.0,Loyal Customers,1,4,49,1,131.05
5989.0,Potential Loyalists,1,4,410,1,117.79
5990.0,Loyal Customers,1,4,354,1,120.29
5991.0,Loyal Customers,1,4,54,1,101.65
5992.0,Loyal Customers,1,4,8,1,119.83
5993.0,Potential Loyalists,1,4,511,1,62.03
5994.0,Potential Loyalists,1,4,463,1,127.67
5995.0,Potential Loyalists,1,4,458,1,137.56
5996.0,Loyal Customers,1,4,277,1,96.65
5997.0,Loyal Customers,1,4,240,1,69.96
5998.0,Loyal Customers,1,4,56,1,95.02
5999.0,Potential Loyalists,1,4,494,1,94.25
6000.0,Potential Loyalists,1,4,415,1,48.53
6001.0,Loyal Customers,1,4,87,1,66.03
6002.0,Lost Customers,1,4,629,1,170.14
6003.0,Loyal Customers,1,4,82,1,100.29
6004.0,Lost Customers,1,4,695,1,110.52
6005.0,Loyal Customers,1,4,24,1,119.66
6006.0,Potential Loyalists,1,4,480,1,93.45
6007.0,Lost Customers,1,4,697,1,101.77
6008.0,Loyal Customers,1,4,229,1,207.86
6009.0,Loyal Customers,1,4,111,1,127.19
6010.0,Lost Customers,1,4,596,1,122.32
6011.0,Lost Customers,1,4,717,1,136.67
6012.0,Lost Customers,1,4,617,1,138.08
6013.0,Loyal Customers,1,4,163,1,57.83
6014.0,Lost Customers,1,4,599,1,307.58
6015.0,Champions,1,4,151,1,234.02
6016.0,Loyal Customers,1,4,23,1,80.87
6017.0,Potential Loyalists,1,4,409,1,132.33
6018.0,Lost Customers,1,4,695,1,104.05
6019.0,Lost Customers,1,4,633,1,103.73
6020.0,Loyal Customers,1,4,259,1,76.87
6021.0,Champions,1,4,23,1,223.26
6022.0,Loyal Customers,1,4,108,1,101.56
6023.0,Lost Customers,1,4,570,1,100.15
6024.0,Potential Loyalists,1,4,506,1,96.79
6025.0,Lost Customers,1,4,571,1,240.51
6026.0,Loyal Customers,1,4,186,1,131.45
6027.0,Lost Customers,1,4,664,1,259.89
6028.0,Lost Customers,1,4,725,1,88.43
6029.0,Potential Loyalists,1,4,443,1,75.04
6030.0,Loyal Customers,1,4,336,1,144.38
6031.0,Potential Loyalists,1,4,500,1,108.86
6032.0,Loyal Customers,1,4,137,1,85.0
6033.0,Loyal Customers,1,4,41,1,87.97
6034.0,Potential Loyalists,1,4,374,1,187.06
6035.0,Loyal Customers,1,4,265,1,190.37
6036.0,Loyal Customers,1,4,200,1,103.48
6037.0,Potential Loyalists,1,4,505,1,78.51
6038.0,Loyal Customers,1,4,168,1,81.96
6039.0,Potential Loyalists,1,4,437,1,60.29
6040.0,Potential Loyalists,1,4,421,1,82.6
6041.0,Loyal Customers,1,4,271,1,176.27
6042.0,Lost Customers,1,4,631,1,128.15
6043.0,Potential Loyalists,1,4,548,1,170.65
6044.0,Potential Loyalists,1,4,395,1,111.67
6045.0,Potential Loyalists,1,4,371,1,169.83
6046.0,Loyal Customers,1,4,22,1,53.9
6047.0,Potential Loyalists,1,4,413,1,184.44
6048.0,Loyal Customers,1,4,272,1,110.08
6049.0,Loyal Customers,1,4,300,1,150.45
6050.0,Lost Customers,1,4,653,1,154.34
6051.0,Lost Customers,1,4,603,1,72.64
6052.0,Potential Loyalists,1,4,377,1,63.88
6053.0,Potential Loyalists,1,4,383,1,185.8
6054.0,Potential Loyalists,1,4,534,1,133.67
6055.0,Champions,1,4,41,1,215.93
6056.0,Potential Loyalists,1,4,408,1,101.04
6057.0,Loyal Customers,1,4,87,1,136.41
6058.0,Lost Customers,1,4,631,1,96.44
6059.0,Loyal Customers,1,4,113,1,111.06
6060.0,Potential Loyalists,1,4,436,1,166.12
6061.0,Potential Loyalists,1,4,414,1,54.22
6062.0,Loyal Customers,1,4,107,1,154.15
6063.0,Loyal Customers,1,4,356,1,108.77
6064.0,Loyal Customers,1,4,365,1,116.36
6065.0,Champions,1,4,73,1,185.69
6066.0,Loyal Customers,1,4,198,1,100.78
6067.0,Loyal Customers,1,4,265,1,97.91
6068.0,Loyal Customers,1,4,348,1,118.93
6069.0,Potential Loyalists,1,4,379,1,153.36
6070.0,Lost Customers,1,4,582,1,116.25
6071.0,Loyal Customers,1,4,188,1,129.34
6072.0,Potential Loyalists,1,4,492,1,63.39
6073.0,Potential Loyalists,1,4,473,1,278.12
6074.0,Loyal Customers,1,4,122,1,151.78
6075.0,Lost Customers,1,4,633,1,141.89
6076.0,Potential Loyalists,1,4,375,1,228.81
6077.0,Loyal Customers,1,4,353,1,102.51
6078.0,Lost Customers,1,4,589,1,75.83
6079.0,Loyal Customers,1,4,97,1,112.62
6080.0,Potential Loyalists,1,4,387,1,146.5
6081.0,Loyal Customers,1,4,326,1,89.2
6082.0,Loyal Customers,1,4,189,1,128.54
6083.0,Lost Customers,1,4,655,1,168.34
6084.0,Loyal Customers,1,4,143,1,72.97
6085.0,Potential Loyalists,1,4,396,1,250.7
6086.0,Lost Customers,1,4,705,1,181.65
6087.0,Loyal Customers,1,4,327,1,168.2
6088.0,Loyal Customers,1,4,1,1,80.83
6089.0,Loyal Customers,1,4,311,1,157.07
6090.0,Loyal Customers,1,4,97,1,98.89
6091.0,Potential Loyalists,1,4,537,1,134.55
6092.0,Loyal Customers,1,4,174,1,77.22
6093.0,Loyal Customers,1,4,347,1,113.7
6094.0,Champions,1,4,68,1,215.83
6095.0,Loyal Customers,1,4,304,1,94.9
6096.0,Loyal Customers,1,4,51,1,134.8
6097.0,Lost Customers,1,4,672,1,59.71
6098.0,Lost Customers,1,4,660,1,76.21
6099.0,Lost Customers,1,4,597,1,112.99
6100.0,Potential Loyalists,1,4,437,1,77.73
6101.0,Potential Loyalists,1,4,543,1,121.16
6102.0,Lost Customers,1,4,567,1,72.32
6103.0,Loyal Customers,1,4,185,1,174.43
6104.0,Loyal Customers,1,4,241,1,133.18
6105.0,Loyal Customers,1,4,134,1,105.89
6106.0,Champions,1,4,99,1,166.14
6107.0,Loyal Customers,1,4,178,1,160.27
6108.0,Lost Customers,1,4,568,1,131.64
6109.0,Loyal Customers,1,4,296,1,111.48
6110.0,Potential Loyalists,1,4,451,1,136.68
6111.0,Loyal Customers,1,4,256,1,123.03
6112.0,Loyal Customers,1,4,320,1,123.83
6113.0,Lost Customers,1,4,688,1,90.96
6114.0,Loyal Customers,1,4,226,1,153.43
6115.0,Loyal Customers,1,4,73,1,145.99
6116.0,Lost Customers,1,4,594,1,182.29
6117.0,Loyal Customers,1,4,296,1,115.03
6118.0,Loyal Customers,1,4,277,1,144.08
6119.0,Loyal Customers,1,4,301,1,96.38
6120.0,Potential Loyalists,1,4,512,1,89.56
6121.0,Lost Customers,1,4,644,1,150.28
6122.0,Lost Customers,1,4,712,1,77.39
6123.0,Lost Customers,1,4,583,1,103.74
6124.0,Potential Loyalists,1,4,379,1,133.67
6125.0,Potential Loyalists,1,4,435,1,87.54
6126.0,Champions,1,4,55,1,240.45
6127.0,Lost Customers,1,4,669,1,87.11
6128.0,Lost Customers,1,4,693,1,118.43
6129.0,Lost Customers,1,4,566,1,137.14
6130.0,Champions,1,4,182,1,174.39
6131.0,Loyal Customers,1,4,234,1,59.97
6132.0,Champions,1,4,62,1,179.78
6133.0,Champions,1,4,48,1,261.05
6134.0,Loyal Customers,1,4,356,1,153.29
6135.0,Lost Customers,1,4,565,1,104.78
6136.0,Loyal Customers,1,4,300,1,103.7
6137.0,Loyal Customers,1,4,152,1,73.22
6138.0,Lost Customers,1,4,597,1,152.44
6139.0,Lost Customers,1,4,646,1,92.83
6140.0,Loyal Customers,1,4,157,1,83.05
6141.0,Loyal Customers,1,4,365,1,120.93
6142.0,Lost Customers,1,4,706,1,137.64
6143.0,Loyal Customers,1,4,231,1,140.58
6144.0,Potential Loyalists,1,4,403,1,62.73
6145.0,Lost Customers,1,4,694,1,109.65
6146.0,Potential Loyalists,1,4,483,1,106.42
6147.0,Loyal Customers,1,4,86,1,115.44
6148.0,Lost Customers,1,4,689,1,128.28
6149.0,Champions,1,4,134,1,169.17
6150.0,Loyal Customers,1,4,118,1,135.83
6151.0,Loyal Customers,1,4,289,1,96.38
6152.0,Potential Loyalists,1,4,505,1,104.78
6153.0,Lost Customers,1,4,728,1,53.16
6154.0,Loyal Customers,1,4,325,1,150.06
6155.0,Champions,1,4,20,1,190.01
6156.0,Lost Customers,1,4,711,1,109.18
6157.0,Loyal Customers,1,4,192,1,75.82
6158.0,Loyal Customers,1,4,260,1,223.21
6159.0,Loyal Customers,1,4,59,1,119.43
6160.0,Lost Customers,1,4,651,1,136.55
6161.0,Loyal Customers,1,4,329,1,96.09
6162.0,Loyal Customers,1,4,294,1,177.32
6163.0,Loyal Customers,1,4,200,1,95.39
6164.0,Lost Customers,1,4,673,1,75.83
6165.0,Potential Loyalists,1,4,387,1,167.75
6166.0,Lost Customers,1,4,568,1,101.72
6167.0,Loyal Customers,1,4,164,1,107.26
6168.0,Lost Customers,1,4,693,1,140.67
6169.0,Potential Loyalists,1,4,413,1,149.01
6170.0,Lost Customers,1,4,619,1,68.39
6171.0,Loyal Customers,1,4,343,1,94.88
6172.0,Potential Loyalists,1,4,487,1,94.31
6173.0,Loyal Customers,1,4,201,1,210.31
6174.0,Potential Loyalists,1,4,395,1,103.84
6175.0,Lost Customers,1,4,589,1,156.7
6176.0,Potential Loyalists,1,4,405,1,211.43
6177.0,Lost Customers,1,4,608,1,238.93
6178.0,Loyal Customers,1,4,326,1,119.24
6179.0,Lost Customers,1,4,666,1,131.13
6180.0,Loyal Customers,1,4,175,1,120.95
6181.0,Lost Customers,1,4,574,1,116.32
6182.0,Loyal Customers,1,4,257,1,49.41
6183.0,Loyal Customers,1,4,300,1,163.72
6184.0,Loyal Customers,1,4,201,1,85.29
6185.0,Loyal Customers,1,4,89,1,84.1
6186.0,Potential Loyalists,1,4,481,1,131.97
6187.0,Loyal Customers,1,4,366,1,113.48
6188.0,Lost Customers,1,4,710,1,155.71
6189.0,Lost Customers,1,4,685,1,127.28
6190.0,Loyal Customers,1,4,251,1,190.33
6191.0,Lost Customers,1,4,724,1,87.92
6192.0,Loyal Customers,1,4,313,1,65.14
6193.0,Potential Loyalists,1,4,490,1,134.98
6194.0,Loyal Customers,1,4,177,1,101.12
6195.0,Loyal Customers,1,4,153,1,114.5
6196.0,Potential Loyalists,1,4,507,1,73.47
6197.0,Potential Loyalists,1,4,449,1,123.99
6198.0,Loyal Customers,1,4,121,1,77.73
6199.0,Potential Loyalists,1,4,505,1,72.31
6200.0,Lost Customers,1,4,727,1,150.95
6201.0,Lost Customers,1,4,710,1,99.22
6202.0,Potential Loyalists,1,4,377,1,165.04
6203.0,Loyal Customers,1,4,163,1,109.36
6204.0,Loyal Customers,1,4,224,1,98.72
6205.0,Lost Customers,1,4,670,1,129.66
6206.0,Lost Customers,1,4,729,1,126.09
6207.0,Potential Loyalists,1,4,399,1,119.21
6208.0,Loyal Customers,1,4,82,1,127.51
6209.0,Loyal Customers,1,4,253,1,209.73
6210.0,Loyal Customers,1,4,359,1,97.23
6211.0,Loyal Customers,1,4,207,1,59.92
6212.0,Loyal Customers,1,4,163,1,148.82
6213.0,Potential Loyalists,1,4,502,1,148.46
6214.0,Potential Loyalists,1,4,466,1,129.08
6215.0,Lost Customers,1,4,705,1,91.98
6216.0,Loyal Customers,1,4,33,1,98.82
6217.0,Lost Customers,1,4,646,1,205.66
6218.0,Loyal Customers,1,4,263,1,78.28
6219.0,Loyal Customers,1,4,258,1,30.19
6220.0,Lost Customers,1,4,559,1,125.55
6221.0,Potential Loyalists,1,4,469,1,191.5
6222.0,Loyal Customers,1,4,68,1,128.3
6223.0,Lost Customers,1,4,648,1,191.53
6224.0,Potential Loyalists,1,4,384,1,126.33
6225.0,Potential Loyalists,1,4,376,1,71.11
6226.0,Loyal Customers,1,4,233,1,151.57
6227.0,Lost Customers,1,4,622,1,167.81
6228.0,Loyal Customers,1,4,210,1,196.58
6229.0,Lost Customers,1,4,580,1,149.48
6230.0,Loyal Customers,1,4,270,1,203.67
6231.0,Lost Customers,1,4,660,1,132.7
6232.0,Loyal Customers,1,4,307,1,239.17
6233.0,Loyal Customers,1,4,266,1,160.08
6234.0,Lost Customers,1,4,653,1,69.95
6235.0,Loyal Customers,1,4,129,1,75.03
6236.0,Lost Customers,1,4,600,1,231.35
6237.0,Lost Customers,1,4,607,1,126.42
6238.0,Potential Loyalists,1,4,491,1,244.58
6239.0,Potential Loyalists,1,4,447,1,52.57
6240.0,Loyal Customers,1,4,200,1,74.69
6241.0,Loyal Customers,1,4,79,1,126.25
6242.0,Loyal Customers,1,4,291,1,124.36
6243.0,Loyal Customers,1,4,51,1,87.7
6244.0,Lost Customers,1,4,708,1,158.47
6245.0,Loyal Customers,1,4,355,1,148.95
6246.0,Loyal Customers,1,4,199,1,157.78
6247.0,Lost Customers,1,4,567,1,161.29
6248.0,Loyal Customers,1,4,193,1,150.06
6249.0,Loyal Customers,1,4,83,1,49.95
6250.0,Potential Loyalists,1,4,448,1,135.81
6251.0,Loyal Customers,1,4,138,1,164.46
6252.0,Loyal Customers,1,4,220,1,133.39
6253.0,Loyal Customers,1,4,68,1,159.31
6254.0,Potential Loyalists,1,4,507,1,159.11
6255.0,Lost Customers,1,4,578,1,169.96
6256.0,Lost Customers,1,4,684,1,122.97
6257.0,Loyal Customers,1,4,261,1,166.29
6258.0,Potential Loyalists,1,4,448,1,136.09
6259.0,Champions,1,4,73,1,184.09
6260.0,Potential Loyalists,1,4,502,1,149.28
6261.0,Lost Customers,1,4,604,1,111.48
6262.0,Loyal Customers,1,4,230,1,81.97
6263.0,Potential Loyalists,1,4,422,1,101.05
6264.0,Loyal Customers,1,4,277,1,76.11
6265.0,Lost Customers,1,4,567,1,180.09
6266.0,Loyal Customers,1,4,54,1,106.97
6267.0,Loyal Customers,1,4,104,1,77.27
6268.0,Lost Customers,1,4,646,1,79.53
6269.0,Potential Loyalists,1,4,504,1,154.29
6270.0,Potential Loyalists,1,4,534,1,105.12
6271.0,Loyal Customers,1,4,145,1,106.7
6272.0,Lost Customers,1,4,710,1,86.47
6273.0,Loyal Customers,1,4,175,1,65.63
6274.0,Loyal Customers,1,4,127,1,102.65
6275.0,Potential Loyalists,1,4,388,1,158.32
6276.0,Potential Loyalists,1,4,435,1,162.41
6277.0,Loyal Customers,1,4,44,1,109.5
6278.0,Potential Loyalists,1,4,403,1,104.4
6279.0,Loyal Customers,1,4,243,1,272.57
6280.0,Lost Customers,1,4,624,1,202.12
6281.0,Potential Loyalists,1,4,401,1,101.37
6282.0,Lost Customers,1,4,588,1,135.54
6283.0,Champions,1,4,99,1,177.62
6284.0,Loyal Customers,1,4,105,1,121.69
6285.0,Lost Customers,1,4,583,1,104.95
6286.0,Potential Loyalists,1,4,383,1,114.98
6287.0,Loyal Customers,1,4,264,1,261.83
6288.0,Loyal Customers,1,4,50,1,93.58
6289.0,Lost Customers,1,4,603,1,148.25
6290.0,Loyal Customers,1,4,194,1,124.68
6291.0,Lost Customers,1,4,630,1,125.29
6292.0,Lost Customers,1,4,695,1,31.26
6293.0,Champions,1,4,21,1,193.08
6294.0,Lost Customers,1,4,579,1,131.76
6295.0,Potential Loyalists,1,4,507,1,102.25
6296.0,Loyal Customers,1,4,358,1,109.3
6297.0,Loyal Customers,1,4,238,1,124.84
6298.0,Potential Loyalists,1,4,483,1,85.27
6299.0,Loyal Customers,1,4,327,1,85.03
6300.0,Lost Customers,1,4,717,1,70.16
6301.0,Lost Customers,1,4,572,1,120.85
6302.0,Potential Loyalists,1,4,536,1,186.46
6303.0,Loyal Customers,1,4,323,1,60.1
6304.0,Potential Loyalists,1,4,546,1,144.12
6305.0,Loyal Customers,1,4,8,1,125.28
6306.0,Lost Customers,1,4,645,1,75.23
6307.0,Loyal Customers,1,4,51,1,155.89
6308.0,Loyal Customers,1,4,129,1,67.57
6309.0,Lost Customers,1,4,623,1,139.64
6310.0,Loyal Customers,1,4,147,1,92.63
6311.0,Loyal Customers,1,4,49,1,95.2
6312.0,Lost Customers,1,4,649,1,96.49
6313.0,Champions,1,4,12,1,256.39
6314.0,Loyal Customers,1,4,205,1,89.19
6315.0,Loyal Customers,1,4,109,1,101.6
6316.0,Loyal Customers,1,4,355,1,126.82
6317.0,Potential Loyalists,1,4,447,1,145.99
6318.0,Potential Loyalists,1,4,527,1,124.59
6319.0,Lost Customers,1,4,622,1,118.6
6320.0,Loyal Customers,1,4,227,1,86.34
6321.0,Lost Customers,1,4,660,1,82.93
6322.0,Lost Customers,1,4,632,1,75.97
6323.0,Loyal Customers,1,4,193,1,218.81
6324.0,Loyal Customers,1,4,256,1,139.85
6325.0,Lost Customers,1,4,624,1,125.95
6326.0,Loyal Customers,1,4,0,1,114.68
6327.0,Potential Loyalists,1,4,536,1,114.84
6328.0,Potential Loyalists,1,4,371,1,148.5
6329.0,Loyal Customers,1,4,290,1,208.84
6330.0,Loyal Customers,1,4,30,1,109.91
6331.0,Loyal Customers,1,4,158,1,163.47
6332.0,Lost Customers,1,4,720,1,250.73
6333.0,Loyal Customers,1,4,245,1,97.92
6334.0,Loyal Customers,1,4,299,1,77.56
6335.0,Lost Customers,1,4,710,1,193.49
6336.0,Loyal Customers,1,4,112,1,138.57
6337.0,Loyal Customers,1,4,1,1,140.59
6338.0,Loyal Customers,1,4,313,1,136.7
6339.0,Loyal Customers,1,4,275,1,66.63
6340.0,Loyal Customers,1,4,96,1,128.52
6341.0,Loyal Customers,1,4,236,1,97.41
6342.0,Champions,1,4,173,1,334.56
6343.0,Loyal Customers,1,4,64,1,73.92
6344.0,Champions,1,4,81,1,195.1
6345.0,Loyal Customers,1,4,174,1,158.28
6346.0,Lost Customers,1,4,613,1,86.15
6347.0,Champions,1,4,128,1,188.84
6348.0,Lost Customers,1,4,636,1,138.16
6349.0,Potential Loyalists,1,4,410,1,258.18
6350.0,Lost Customers,1,4,718,1,62.91
6351.0,Lost Customers,1,4,625,1,134.71
6352.0,Loyal Customers,1,4,95,1,150.57
6353.0,Loyal Customers,1,4,74,1,95.33
6354.0,Lost Customers,1,4,611,1,113.81
6355.0,Lost Customers,1,4,677,1,67.49
6356.0,Loyal Customers,1,4,268,1,70.64
6357.0,Loyal Customers,1,4,157,1,115.52
6358.0,Loyal Customers,1,4,171,1,104.55
6359.0,Loyal Customers,1,4,110,1,81.14
6360.0,Loyal Customers,1,4,167,1,128.74
6361.0,Lost Customers,1,4,627,1,83.59
6362.0,Lost Customers,1,4,658,1,281.68
6363.0,Lost Customers,1,4,633,1,130.02
6364.0,Lost Customers,1,4,670,1,131.85
6365.0,Potential Loyalists,1,4,439,1,230.05
6366.0,Loyal Customers,1,4,159,1,84.08
6367.0,Loyal Customers,1,4,87,1,159.48
6368.0,Loyal Customers,1,4,130,1,94.94
6369.0,Potential Loyalists,1,4,517,1,161.97
6370.0,Loyal Customers,1,4,242,1,103.0
6371.0,Loyal Customers,1,4,13,1,159.7
6372.0,Lost Customers,1,4,574,1,158.52
6373.0,Loyal Customers,1,4,210,1,85.48
6374.0,Loyal Customers,1,4,183,1,127.22
6375.0,Loyal Customers,1,4,239,1,165.6
6376.0,Loyal Customers,1,4,274,1,95.91
6377.0,Loyal Customers,1,4,28,1,152.74
6378.0,Loyal Customers,1,4,297,1,89.65
6379.0,Lost Customers,1,4,727,1,162.42
6380.0,Champions,1,4,97,1,208.45
6381.0,Lost Customers,1,4,591,1,128.55
6382.0,Loyal Customers,1,4,344,1,164.99
6383.0,Lost Customers,1,4,702,1,142.31
6384.0,Loyal Customers,1,4,99,1,146.67
6385.0,Loyal Customers,1,4,346,1,36.9
6386.0,Loyal Customers,1,4,33,1,106.27
6387.0,Potential Loyalists,1,4,521,1,107.29
6388.0,Potential Loyalists,1,4,401,1,110.07
6389.0,Loyal Customers,1,4,318,1,202.03
6390.0,Potential Loyalists,1,4,478,1,153.14
6391.0,Potential Loyalists,1,4,488,1,47.24
6392.0,Loyal Customers,1,4,304,1,101.07
6393.0,Lost Customers,1,4,666,1,155.68
6394.0,Loyal Customers,1,4,307,1,182.35
6395.0,Loyal Customers,1,4,357,1,79.07
6396.0,Potential Loyalists,1,4,486,1,55.3
6397.0,Loyal Customers,1,4,314,1,92.43
6398.0,Potential Loyalists,1,4,464,1,131.04
6399.0,Loyal Customers,1,4,36,1,121.47
6400.0,Loyal Customers,1,4,315,1,103.1
6401.0,Lost Customers,1,4,710,1,130.98
6402.0,Lost Customers,1,4,715,1,152.43
6403.0,Loyal Customers,1,4,280,1,163.53
6404.0,Potential Loyalists,1,4,448,1,144.61
6405.0,Potential Loyalists,1,4,433,1,238.44
6406.0,Lost Customers,1,4,651,1,114.06
6407.0,Potential Loyalists,1,4,473,1,201.37
6408.0,Potential Loyalists,1,4,369,1,90.17
6409.0,Loyal Customers,1,4,27,1,64.65
6410.0,Potential Loyalists,1,4,409,1,139.58
6411.0,Loyal Customers,1,4,196,1,118.88
6412.0,Lost Customers,1,4,664,1,83.17
6413.0,Loyal Customers,1,4,306,1,112.07
6414.0,Potential Loyalists,1,4,525,1,94.03
6415.0,Loyal Customers,1,4,285,1,82.14
6416.0,Lost Customers,1,4,584,1,120.08
6417.0,Lost Customers,1,4,683,1,101.96
6418.0,Lost Customers,1,4,657,1,79.54
6419.0,Loyal Customers,1,4,304,1,124.4
6420.0,Loyal Customers,1,4,349,1,260.64
6421.0,Potential Loyalists,1,4,467,1,105.96
6422.0,Loyal Customers,1,4,220,1,91.33
6423.0,Lost Customers,1,4,600,1,182.3
6424.0,Potential Loyalists,1,4,394,1,106.05
6425.0,Lost Customers,1,4,724,1,148.43
6426.0,Champions,1,4,67,1,180.32
6427.0,Loyal Customers,1,4,197,1,124.86
6428.0,Loyal Customers,1,4,106,1,85.7
6429.0,Loyal Customers,1,4,289,1,92.14
6430.0,Potential Loyalists,1,4,394,1,126.44
6431.0,Potential Loyalists,1,4,389,1,95.76
6432.0,Loyal Customers,1,4,350,1,69.16
6433.0,Lost Customers,1,4,592,1,126.14
6434.0,Lost Customers,1,4,601,1,181.71
6435.0,Lost Customers,1,4,651,1,78.24
6436.0,Potential Loyalists,1,4,388,1,167.53
6437.0,Loyal Customers,1,4,313,1,286.56
6438.0,Potential Loyalists,1,4,403,1,68.3
6439.0,Loyal Customers,1,4,158,1,150.07
6440.0,Champions,1,4,34,1,219.2
6441.0,Lost Customers,1,4,609,1,83.65
6442.0,Champions,1,4,145,1,188.45
6443.0,Potential Loyalists,1,4,415,1,148.87
6444.0,Lost Customers,1,4,693,1,76.74
6445.0,Loyal Customers,1,4,354,1,181.91
6446.0,Potential Loyalists,1,4,424,1,87.52
6447.0,Potential Loyalists,1,4,489,1,59.52
6448.0,Potential Loyalists,1,4,398,1,122.85
6449.0,Lost Customers,1,4,620,1,101.9
6450.0,Lost Customers,1,4,697,1,94.69
6451.0,Loyal Customers,1,4,140,1,133.73
6452.0,Potential Loyalists,1,4,513,1,79.37
6453.0,Lost Customers,1,4,678,1,85.28
6454.0,Potential Loyalists,1,4,536,1,149.03
6455.0,Loyal Customers,1,4,195,1,167.64
6456.0,Loyal Customers,1,4,268,1,110.35
6457.0,Loyal Customers,1,4,258,1,88.43
6458.0,Lost Customers,1,4,558,1,236.21
6459.0,Potential Loyalists,1,4,402,1,278.85
6460.0,Lost Customers,1,4,586,1,114.08
6461.0,Loyal Customers,1,4,36,1,121.6
6462.0,Potential Loyalists,1,4,493,1,126.16
6463.0,Loyal Customers,1,4,86,1,79.35
6464.0,Lost Customers,1,4,639,1,61.58
6465.0,Potential Loyalists,1,4,413,1,128.24
6466.0,Lost Customers,1,4,559,1,119.21
6467.0,Loyal Customers,1,4,185,1,94.98
6468.0,Loyal Customers,1,4,271,1,80.01
6469.0,Potential Loyalists,1,4,386,1,104.76
6470.0,Lost Customers,1,4,711,1,118.48
6471.0,Potential Loyalists,1,4,546,1,59.16
6472.0,Loyal Customers,1,4,193,1,174.89
6473.0,Loyal Customers,1,4,319,1,216.94
6474.0,Loyal Customers,1,4,267,1,73.81
6475.0,Lost Customers,1,4,626,1,123.71
6476.0,Potential Loyalists,1,4,392,1,68.86
6477.0,Loyal Customers,1,4,58,1,91.09
6478.0,Lost Customers,1,4,723,1,69.18
6479.0,Loyal Customers,1,4,114,1,88.8
6480.0,Lost Customers,1,4,695,1,117.05
6481.0,Potential Loyalists,1,4,489,1,141.11
6482.0,Lost Customers,1,4,624,1,59.04
6483.0,Loyal Customers,1,4,178,1,98.25
6484.0,Lost Customers,1,4,693,1,172.03
6485.0,Potential Loyalists,1,4,515,1,194.29
6486.0,Lost Customers,1,4,587,1,95.57
6487.0,Loyal Customers,1,4,342,1,87.62
6488.0,Loyal Customers,1,4,31,1,153.55
6489.0,Lost Customers,1,4,716,1,122.7
6490.0,Potential Loyalists,1,4,539,1,97.92
6491.0,Potential Loyalists,1,4,432,1,69.86
6492.0,Potential Loyalists,1,4,375,1,178.24
6493.0,Lost Customers,1,4,566,1,124.82
6494.0,Loyal Customers,1,4,27,1,119.4
6495.0,Potential Loyalists,1,4,416,1,176.44
6496.0,Loyal Customers,1,4,188,1,195.56
6497.0,Loyal Customers,1,4,285,1,183.34
6498.0,Lost Customers,1,4,626,1,137.93
6499.0,Potential Loyalists,1,4,398,1,158.38
6500.0,Loyal Customers,1,4,193,1,161.67
6501.0,Loyal Customers,1,4,238,1,225.66
6502.0,Lost Customers,1,4,652,1,159.03
6503.0,Potential Loyalists,1,4,389,1,181.71
6504.0,Loyal Customers,1,4,243,1,70.29
6505.0,Loyal Customers,1,4,124,1,152.59
6506.0,Lost Customers,1,4,577,1,137.7
6507.0,Loyal Customers,1,4,54,1,116.77
6508.0,Lost Customers,1,4,597,1,134.58
6509.0,Loyal Customers,1,4,72,1,92.82
6510.0,Loyal Customers,1,4,343,1,178.1
6511.0,Champions,1,4,174,1,222.72
6512.0,Loyal Customers,1,4,288,1,77.95
6513.0,Loyal Customers,1,4,307,1,211.88
6514.0,Potential Loyalists,1,4,426,1,69.54
6515.0,Loyal Customers,1,4,216,1,127.99
6516.0,Potential Loyalists,1,4,468,1,85.57
6517.0,Lost Customers,1,4,627,1,62.45
6518.0,Loyal Customers,1,4,71,1,145.71
6519.0,Lost Customers,1,4,589,1,51.32
6520.0,Loyal Customers,1,4,78,1,76.81
6521.0,Loyal Customers,1,4,300,1,126.6
6522.0,Champions,1,4,125,1,237.43
6523.0,Loyal Customers,1,4,239,1,171.11
6524.0,Loyal Customers,1,4,57,1,92.33
6525.0,Lost Customers,1,4,574,1,238.31
6526.0,Lost Customers,1,4,604,1,128.3
6527.0,Loyal Customers,1,4,306,1,72.07
6528.0,Loyal Customers,1,4,200,1,180.63
6529.0,Loyal Customers,1,4,214,1,138.0
6530.0,Loyal Customers,1,4,326,1,176.11
6531.0,Loyal Customers,1,4,333,1,68.45
6532.0,Loyal Customers,1,4,70,1,94.88
6533.0,Potential Loyalists,1,4,399,1,137.2
6534.0,Lost Customers,1,4,552,1,81.26
6535.0,Loyal Customers,1,4,351,1,142.0
6536.0,Potential Loyalists,1,4,483,1,75.7
6537.0,Lost Customers,1,4,650,1,129.83
6538.0,Loyal Customers,1,4,354,1,94.83
6539.0,Lost Customers,1,4,715,1,121.7
6540.0,Lost Customers,1,4,724,1,222.87
6541.0,Potential Loyalists,1,4,474,1,84.0
6542.0,Lost Customers,1,4,623,1,87.9
6543.0,Potential Loyalists,1,4,505,1,89.11
6544.0,Lost Customers,1,4,553,1,89.0
6545.0,Potential Loyalists,1,4,461,1,309.61
6546.0,Loyal Customers,1,4,267,1,66.3
6547.0,Lost Customers,1,4,646,1,164.52
6548.0,Loyal Customers,1,4,143,1,152.51
6549.0,Potential Loyalists,1,4,545,1,71.86
6550.0,Lost Customers,1,4,610,1,62.51
6551.0,Lost Customers,1,4,677,1,64.54
6552.0,Lost Customers,1,4,560,1,84.37
6553.0,Potential Loyalists,1,4,451,1,155.11
6554.0,Loyal Customers,1,4,364,1,103.06
6555.0,Potential Loyalists,1,4,429,1,164.12
6556.0,Lost Customers,1,4,653,1,79.1
6557.0,Potential Loyalists,1,4,505,1,89.77
6558.0,Loyal Customers,1,4,200,1,90.44
6559.0,Loyal Customers,1,4,339,1,216.43
6560.0,Loyal Customers,1,4,277,1,71.53
6561.0,Champions,1,4,60,1,202.44
6562.0,Champions,1,4,7,1,303.99
6563.0,Potential Loyalists,1,4,531,1,143.13
6564.0,Loyal Customers,1,4,70,1,96.41
6565.0,Loyal Customers,1,4,341,1,146.99
6566.0,Lost Customers,1,4,618,1,204.29
6567.0,Lost Customers,1,4,692,1,134.29
6568.0,Loyal Customers,1,4,155,1,104.63
6569.0,Potential Loyalists,1,4,510,1,111.79
6570.0,Potential Loyalists,1,4,397,1,85.69
6571.0,Champions,1,4,51,1,183.37
6572.0,Loyal Customers,1,4,22,1,119.58
6573.0,Lost Customers,1,4,623,1,223.36
6574.0,Loyal Customers,1,4,41,1,61.9
6575.0,Potential Loyalists,1,4,406,1,111.28
6576.0,Lost Customers,1,4,613,1,90.15
6577.0,Loyal Customers,1,4,346,1,69.28
6578.0,Potential Loyalists,1,4,470,1,164.88
6579.0,Loyal Customers,1,4,65,1,90.53
6580.0,Loyal Customers,1,4,282,1,153.4
6581.0,Lost Customers,1,4,707,1,159.24
6582.0,Potential Loyalists,1,4,394,1,155.15
6583.0,Champions,1,4,153,1,281.16
6584.0,Lost Customers,1,4,662,1,204.87
6585.0,Loyal Customers,1,4,316,1,101.37
6586.0,Lost Customers,1,4,602,1,140.04
6587.0,Potential Loyalists,1,4,506,1,121.31
6588.0,Potential Loyalists,1,4,538,1,104.17
6589.0,Loyal Customers,1,4,274,1,108.52
6590.0,Loyal Customers,1,4,354,1,142.47
6591.0,Potential Loyalists,1,4,546,1,88.48
6592.0,Lost Customers,1,4,573,1,118.41
6593.0,Loyal Customers,1,4,211,1,124.19
6594.0,Potential Loyalists,1,4,373,1,94.85
6595.0,Potential Loyalists,1,4,511,1,90.0
6596.0,Loyal Customers,1,4,36,1,131.61
6597.0,Lost Customers,1,4,672,1,125.83
6598.0,Loyal Customers,1,4,228,1,117.05
6599.0,Potential Loyalists,1,4,384,1,89.24
6600.0,Lost Customers,1,4,571,1,97.36
6601.0,Loyal Customers,1,4,288,1,98.96
6602.0,Lost Customers,1,4,572,1,117.33
6603.0,Lost Customers,1,4,678,1,152.46
6604.0,Loyal Customers,1,4,21,1,111.37
6605.0,Loyal Customers,1,4,136,1,131.83
6606.0,Loyal Customers,1,4,350,1,247.15
6607.0,Potential Loyalists,1,4,390,1,130.92
6608.0,Loyal Customers,1,4,218,1,143.3
6609.0,Lost Customers,1,4,644,1,174.41
6610.0,Loyal Customers,1,4,219,1,175.9
6611.0,Champions,1,4,65,1,189.34
6612.0,Potential Loyalists,1,4,526,1,182.21
6613.0,Lost Customers,1,4,719,1,143.15
6614.0,Loyal Customers,1,4,334,1,65.04
6615.0,Champions,1,4,150,1,211.15
6616.0,Loyal Customers,1,4,193,1,205.34
6617.0,Lost Customers,1,4,652,1,113.18
6618.0,Potential Loyalists,1,4,381,1,130.38
6619.0,Lost Customers,1,4,559,1,80.76
6620.0,Potential Loyalists,1,4,470,1,211.68
6621.0,Lost Customers,1,4,673,1,64.38
6622.0,Loyal Customers,1,4,320,1,103.82
6623.0,Loyal Customers,1,4,77,1,43.48
6624.0,Loyal Customers,1,4,248,1,95.47
6625.0,Lost Customers,1,4,591,1,161.55
6626.0,Lost Customers,1,4,671,1,121.05
6627.0,Potential Loyalists,1,4,493,1,230.23
6628.0,Loyal Customers,1,4,287,1,274.22
6629.0,Potential Loyalists,1,4,477,1,173.71
6630.0,Loyal Customers,1,4,223,1,233.99
6631.0,Loyal Customers,1,4,111,1,156.42
6632.0,Champions,1,4,115,1,172.94
6633.0,Lost Customers,1,4,556,1,65.4
6634.0,Lost Customers,1,4,579,1,174.7
6635.0,Loyal Customers,1,4,178,1,91.13
6636.0,Champions,1,4,74,1,168.51
6637.0,Loyal Customers,1,4,73,1,120.33
6638.0,Lost Customers,1,4,618,1,71.22
6639.0,Lost Customers,1,4,691,1,109.02
6640.0,Loyal Customers,1,4,313,1,94.04
6641.0,Loyal Customers,1,4,191,1,201.2
6642.0,Loyal Customers,1,4,105,1,96.7
6643.0,Potential Loyalists,1,4,473,1,104.04
6644.0,Potential Loyalists,1,4,546,1,141.01
6645.0,Potential Loyalists,1,4,503,1,76.69
6646.0,Lost Customers,1,4,667,1,147.92
6647.0,Lost Customers,1,4,641,1,97.15
6648.0,Loyal Customers,1,4,299,1,170.7
6649.0,Loyal Customers,1,4,318,1,89.21
6650.0,Loyal Customers,1,4,250,1,147.44
6651.0,Lost Customers,1,4,678,1,103.75
6652.0,Loyal Customers,1,4,92,1,104.9
6653.0,Loyal Customers,1,4,356,1,100.27
6654.0,Potential Loyalists,1,4,547,1,96.6
6655.0,Loyal Customers,1,4,198,1,77.69
6656.0,Potential Loyalists,1,4,412,1,105.48
6657.0,Loyal Customers,1,4,279,1,130.77
6658.0,Loyal Customers,1,4,291,1,79.69
6659.0,Loyal Customers,1,4,31,1,120.24
6660.0,Loyal Customers,1,4,116,1,116.99
6661.0,Loyal Customers,1,4,327,1,103.4
6662.0,Lost Customers,1,4,605,1,163.61
6663.0,Lost Customers,1,4,651,1,124.55
6664.0,Loyal Customers,1,4,46,1,75.52
6665.0,Loyal Customers,1,4,125,1,154.52
6666.0,Lost Customers,1,4,637,1,63.27
6667.0,Lost Customers,1,4,660,1,119.74
6668.0,Potential Loyalists,1,4,538,1,106.29
6669.0,Loyal Customers,1,4,356,1,138.74
6670.0,Loyal Customers,1,4,216,1,135.78
6671.0,Loyal Customers,1,4,40,1,139.45
6672.0,Loyal Customers,1,4,104,1,94.61
6673.0,Loyal Customers,1,4,12,1,33.67
6674.0,Loyal Customers,1,4,214,1,117.93
6675.0,Potential Loyalists,1,4,490,1,180.72
6676.0,Loyal Customers,1,4,236,1,130.85
6677.0,Lost Customers,1,4,613,1,64.03
6678.0,Loyal Customers,1,4,51,1,164.47
6679.0,Lost Customers,1,4,619,1,140.18
6680.0,Potential Loyalists,1,4,546,1,91.28
6681.0,Loyal Customers,1,4,81,1,112.55
6682.0,Loyal Customers,1,4,260,1,148.24
6683.0,Lost Customers,1,4,634,1,95.72
6684.0,Loyal Customers,1,4,76,1,74.09
6685.0,Loyal Customers,1,4,305,1,244.76
6686.0,Lost Customers,1,4,680,1,152.37
6687.0,Lost Customers,1,4,672,1,107.92
6688.0,Champions,1,4,179,1,236.27
6689.0,Loyal Customers,1,4,106,1,142.43
6690.0,Lost Customers,1,4,665,1,84.54
6691.0,Potential Loyalists,1,4,527,1,266.92
6692.0,Lost Customers,1,4,723,1,91.6
6693.0,Potential Loyalists,1,4,461,1,74.63
6694.0,Loyal Customers,1,4,79,1,57.77
6695.0,Lost Customers,1,4,597,1,147.56
6696.0,Lost Customers,1,4,555,1,117.01
6697.0,Potential Loyalists,1,4,434,1,67.43
6698.0,Potential Loyalists,1,4,384,1,135.73
6699.0,Lost Customers,1,4,574,1,91.58
6700.0,Loyal Customers,1,4,343,1,83.08
6701.0,Loyal Customers,1,4,17,1,161.58
6702.0,Potential Loyalists,1,4,537,1,125.97
6703.0,Loyal Customers,1,4,4,1,71.83
6704.0,Potential Loyalists,1,4,545,1,210.01
6705.0,Loyal Customers,1,4,104,1,85.08
6706.0,Lost Customers,1,4,723,1,73.22
6707.0,Potential Loyalists,1,4,415,1,112.49
6708.0,Lost Customers,1,4,579,1,92.39
6709.0,Loyal Customers,1,4,39,1,95.17
6710.0,Potential Loyalists,1,4,409,1,158.8
6711.0,Potential Loyalists,1,4,479,1,47.85
6712.0,Lost Customers,1,4,704,1,98.27
6713.0,Loyal Customers,1,4,137,1,78.39
6714.0,Loyal Customers,1,4,82,1,146.9
6715.0,Lost Customers,1,4,658,1,131.23
6716.0,Potential Loyalists,1,4,441,1,164.43
6717.0,Loyal Customers,1,4,321,1,182.32
6718.0,Loyal Customers,1,4,280,1,119.77
6719.0,Lost Customers,1,4,715,1,48.66
6720.0,Loyal Customers,1,4,202,1,85.49
6721.0,Lost Customers,1,4,634,1,108.62
6722.0,Potential Loyalists,1,4,469,1,90.81
6723.0,Loyal Customers,1,4,22,1,160.47
6724.0,Loyal Customers,1,4,179,1,70.07
6725.0,Potential Loyalists,1,4,470,1,86.89
6726.0,Loyal Customers,1,4,224,1,89.99
6727.0,Lost Customers,1,4,690,1,269.26
6728.0,Loyal Customers,1,4,97,1,92.38
6729.0,Loyal Customers,1,4,345,1,147.36
6730.0,Champions,1,4,132,1,176.94
6731.0,Loyal Customers,1,4,169,1,92.28
6732.0,Champions,1,4,95,1,220.16
6733.0,Loyal Customers,1,4,121,1,110.39
6734.0,Loyal Customers,1,4,151,1,148.08
6735.0,Loyal Customers,1,4,156,1,88.03
6736.0,Lost Customers,1,4,705,1,107.17
6737.0,Potential Loyalists,1,4,535,1,181.81
6738.0,Loyal Customers,1,4,66,1,132.27
6739.0,Lost Customers,1,4,719,1,104.76
6740.0,Loyal Customers,1,4,303,1,118.28
6741.0,Lost Customers,1,4,716,1,73.7
6742.0,Lost Customers,1,4,601,1,104.92
6743.0,Lost Customers,1,4,615,1,115.37
6744.0,Lost Customers,1,4,556,1,102.43
6745.0,Lost Customers,1,4,677,1,114.51
6746.0,Lost Customers,1,4,724,1,125.47
6747.0,Potential Loyalists,1,4,518,1,182.63
6748.0,Loyal Customers,1,4,266,1,106.04
6749.0,Loyal Customers,1,4,147,1,64.56
6750.0,Loyal Customers,1,4,90,1,113.23
6751.0,Lost Customers,1,4,653,1,230.81
6752.0,Lost Customers,1,4,675,1,93.22
6753.0,Loyal Customers,1,4,169,1,129.35
6754.0,Loyal Customers,1,4,86,1,77.51
6755.0,Lost Customers,1,4,688,1,198.47
6756.0,Loyal Customers,1,4,290,1,103.42
6757.0,Potential Loyalists,1,4,377,1,92.1
6758.0,Champions,1,4,76,1,170.41
6759.0,Loyal Customers,1,4,71,1,125.63
6760.0,Potential Loyalists,1,4,510,1,237.81
6761.0,Potential Loyalists,1,4,488,1,135.89
6762.0,Potential Loyalists,1,4,495,1,145.58
6763.0,Lost Customers,1,4,588,1,279.12
6764.0,Lost Customers,1,4,716,1,270.97
6765.0,Loyal Customers,1,4,22,1,84.57
6766.0,Loyal Customers,1,4,158,1,88.75
6767.0,Loyal Customers,1,4,320,1,130.81
6768.0,Loyal Customers,1,4,318,1,158.15
6769.0,Loyal Customers,1,4,275,1,138.68
6770.0,Potential Loyalists,1,4,416,1,75.67
6771.0,Lost Customers,1,4,666,1,103.77
6772.0,Loyal Customers,1,4,83,1,111.68
6773.0,Lost Customers,1,4,694,1,37.02
6774.0,Lost Customers,1,4,677,1,115.05
6775.0,Loyal Customers,1,4,206,1,89.85
6776.0,Loyal Customers,1,4,41,1,110.77
6777.0,Lost Customers,1,4,726,1,130.12
6778.0,Loyal Customers,1,4,128,1,137.24
6779.0,Potential Loyalists,1,4,377,1,158.38
6780.0,Lost Customers,1,4,677,1,170.82
6781.0,Champions,1,4,65,1,173.72
6782.0,Lost Customers,1,4,626,1,115.71
6783.0,Loyal Customers,1,4,296,1,69.04
6784.0,Loyal Customers,1,4,272,1,180.58
6785.0,Loyal Customers,1,4,197,1,122.18
6786.0,Lost Customers,1,4,644,1,142.32
6787.0,Potential Loyalists,1,4,419,1,189.54
6788.0,Lost Customers,1,4,567,1,70.93
6789.0,Potential Loyalists,1,4,447,1,106.67
6790.0,Lost Customers,1,4,728,1,205.39
6791.0,Loyal Customers,1,4,269,1,64.01
6792.0,Loyal Customers,1,4,202,1,101.62
6793.0,Loyal Customers,1,4,361,1,183.13
6794.0,Loyal Customers,1,4,3,1,123.17
6795.0,Champions,1,4,156,1,183.34
6796.0,Loyal Customers,1,4,105,1,88.2
6797.0,Loyal Customers,1,4,361,1,73.82
6798.0,Loyal Customers,1,4,288,1,108.93
6799.0,Loyal Customers,1,4,130,1,115.68
6800.0,Potential Loyalists,1,4,404,1,209.07
6801.0,Potential Loyalists,1,4,460,1,172.49
6802.0,Loyal Customers,1,4,348,1,131.17
6803.0,Loyal Customers,1,4,22,1,77.5
6804.0,Potential Loyalists,1,4,502,1,115.72
6805.0,Lost Customers,1,4,726,1,128.3
6806.0,Champions,1,4,74,1,202.46
6807.0,Loyal Customers,1,4,220,1,70.02
6808.0,Potential Loyalists,1,4,369,1,122.83
6809.0,Loyal Customers,1,4,147,1,135.79
6810.0,Potential Loyalists,1,4,518,1,87.37
6811.0,Lost Customers,1,4,588,1,82.58
6812.0,Loyal Customers,1,4,217,1,93.04
6813.0,Potential Loyalists,1,4,520,1,153.49
6814.0,Potential Loyalists,1,4,468,1,154.78
6815.0,Loyal Customers,1,4,265,1,74.28
6816.0,Lost Customers,1,4,571,1,91.39
6817.0,Loyal Customers,1,4,319,1,145.86
6818.0,Potential Loyalists,1,4,540,1,92.84
6819.0,Lost Customers,1,4,636,1,172.48
6820.0,Champions,1,4,172,1,210.52
6821.0,Lost Customers,1,4,609,1,92.0
6822.0,Potential Loyalists,1,4,381,1,104.97
6823.0,Loyal Customers,1,4,121,1,79.21
6824.0,Lost Customers,1,4,696,1,102.57
6825.0,Loyal Customers,1,4,214,1,198.4
6826.0,Lost Customers,1,4,579,1,204.58
6827.0,Lost Customers,1,4,677,1,158.42
6828.0,Loyal Customers,1,4,106,1,152.48
6829.0,Loyal Customers,1,4,347,1,146.26
6830.0,Champions,1,4,163,1,184.8
6831.0,Potential Loyalists,1,4,545,1,146.5
6832.0,Loyal Customers,1,4,139,1,96.03
6833.0,Loyal Customers,1,4,181,1,160.01
6834.0,Loyal Customers,1,4,73,1,96.09
6835.0,Loyal Customers,1,4,256,1,88.93
6836.0,Potential Loyalists,1,4,529,1,242.31
6837.0,Potential Loyalists,1,4,459,1,146.64
6838.0,Loyal Customers,1,4,311,1,233.44
6839.0,Loyal Customers,1,4,41,1,124.6
6840.0,Champions,1,4,121,1,194.35
6841.0,Loyal Customers,1,4,321,1,104.25
6842.0,Lost Customers,1,4,682,1,133.69
6843.0,Loyal Customers,1,4,255,1,85.36
6844.0,Loyal Customers,1,4,228,1,111.13
6845.0,Champions,1,4,60,1,233.87
6846.0,Loyal Customers,1,4,174,1,96.1
6847.0,Potential Loyalists,1,4,433,1,184.35
6848.0,Lost Customers,1,4,677,1,221.21
6849.0,Loyal Customers,1,4,269,1,155.56
6850.0,Lost Customers,1,4,658,1,354.99
6851.0,Potential Loyalists,1,4,396,1,132.87
6852.0,Loyal Customers,1,4,124,1,138.73
6853.0,Lost Customers,1,4,727,1,94.07
6854.0,Lost Customers,1,4,687,1,83.51
6855.0,Loyal Customers,1,4,89,1,81.08
6856.0,Potential Loyalists,1,4,429,1,126.07
6857.0,Lost Customers,1,4,690,1,95.2
6858.0,Potential Loyalists,1,4,378,1,142.9
6859.0,Lost Customers,1,4,700,1,111.63
6860.0,Potential Loyalists,1,4,450,1,143.7
6861.0,Potential Loyalists,1,4,544,1,118.59
6862.0,Lost Customers,1,4,619,1,166.79
6863.0,Potential Loyalists,1,4,370,1,114.64
6864.0,Loyal Customers,1,4,97,1,132.42
6865.0,Lost Customers,1,4,647,1,95.4
6866.0,Champions,1,4,39,1,185.88
6867.0,Loyal Customers,1,4,82,1,83.64
6868.0,Loyal Customers,1,4,112,1,117.74
6869.0,Potential Loyalists,1,4,537,1,61.06
6870.0,Potential Loyalists,1,4,458,1,253.18
6871.0,Loyal Customers,1,4,292,1,154.02
6872.0,Potential Loyalists,1,4,501,1,75.76
6873.0,Loyal Customers,1,4,339,1,123.37
6874.0,Lost Customers,1,4,634,1,165.56
6875.0,Loyal Customers,1,4,337,1,239.77
6876.0,Potential Loyalists,1,4,431,1,102.28
6877.0,Potential Loyalists,1,4,480,1,248.6
6878.0,Lost Customers,1,4,561,1,126.85
6879.0,Loyal Customers,1,4,51,1,67.47
6880.0,Loyal Customers,1,4,75,1,62.71
6881.0,Potential Loyalists,1,4,417,1,196.27
6882.0,Loyal Customers,1,4,267,1,46.85
6883.0,Lost Customers,1,4,696,1,76.38
6884.0,Loyal Customers,1,4,114,1,75.93
6885.0,Loyal Customers,1,4,264,1,112.69
6886.0,Loyal Customers,1,4,306,1,184.05
6887.0,Loyal Customers,1,4,258,1,57.26
6888.0,Potential Loyalists,1,4,534,1,102.18
6889.0,Potential Loyalists,1,4,541,1,80.09
6890.0,Loyal Customers,1,4,240,1,168.5
6891.0,Potential Loyalists,1,4,370,1,123.82
6892.0,Loyal Customers,1,4,43,1,78.84
6893.0,Lost Customers,1,4,590,1,119.21
6894.0,Loyal Customers,1,4,324,1,237.37
6895.0,Loyal Customers,1,4,91,1,160.37
6896.0,Potential Loyalists,1,4,386,1,84.47
6897.0,Loyal Customers,1,4,58,1,101.01
6898.0,Champions,1,4,41,1,177.66
6899.0,Lost Customers,1,4,683,1,161.49
6900.0,Lost Customers,1,4,726,1,85.69
6901.0,Lost Customers,1,4,658,1,81.78
6902.0,Lost Customers,1,4,649,1,98.05
6903.0,Loyal Customers,1,4,9,1,111.79
6904.0,Champions,1,4,132,1,232.5
6905.0,Loyal Customers,1,4,364,1,255.19
6906.0,Loyal Customers,1,4,334,1,224.69
6907.0,Lost Customers,1,4,618,1,121.54
6908.0,Lost Customers,1,4,675,1,81.18
6909.0,Lost Customers,1,4,579,1,148.55
6910.0,Loyal Customers,1,4,16,1,133.88
6911.0,Potential Loyalists,1,4,468,1,104.35
6912.0,Lost Customers,1,4,602,1,124.62
6913.0,Potential Loyalists,1,4,473,1,128.79
6914.0,Loyal Customers,1,4,341,1,90.44
6915.0,Lost Customers,1,4,666,1,77.76
6916.0,Potential Loyalists,1,4,394,1,79.34
6917.0,Potential Loyalists,1,4,436,1,89.83
6918.0,Loyal Customers,1,4,235,1,83.02
6919.0,Potential Loyalists,1,4,478,1,86.21
6920.0,Potential Loyalists,1,4,438,1,102.06
6921.0,Champions,1,4,110,1,264.99
6922.0,Champions,1,4,55,1,250.65
6923.0,Potential Loyalists,1,4,523,1,74.29
6924.0,Loyal Customers,1,4,242,1,82.09
6925.0,Loyal Customers,1,4,365,1,46.87
6926.0,Lost Customers,1,4,704,1,106.57
6927.0,Loyal Customers,1,4,98,1,152.66
6928.0,Potential Loyalists,1,4,409,1,103.91
6929.0,Potential Loyalists,1,4,390,1,114.24
6930.0,Lost Customers,1,4,549,1,132.11
6931.0,Lost Customers,1,4,676,1,88.01
6932.0,Lost Customers,1,4,664,1,126.28
6933.0,Loyal Customers,1,4,145,1,49.26
6934.0,Loyal Customers,1,4,293,1,112.82
6935.0,Potential Loyalists,1,4,513,1,122.29
6936.0,Lost Customers,1,4,598,1,103.64
6937.0,Lost Customers,1,4,560,1,124.31
6938.0,Potential Loyalists,1,4,476,1,131.6
6939.0,Loyal Customers,1,4,253,1,109.71
6940.0,Loyal Customers,1,4,112,1,80.13
6941.0,Lost Customers,1,4,568,1,112.46
6942.0,Loyal Customers,1,4,249,1,165.23
6943.0,Lost Customers,1,4,562,1,165.27
6944.0,Potential Loyalists,1,4,430,1,116.8
6945.0,Loyal Customers,1,4,50,1,117.01
6946.0,Potential Loyalists,1,4,456,1,132.09
6947.0,Lost Customers,1,4,700,1,52.23
6948.0,Lost Customers,1,4,680,1,90.17
6949.0,Loyal Customers,1,4,284,1,162.45
6950.0,Lost Customers,1,4,671,1,80.47
6951.0,Loyal Customers,1,4,354,1,187.78
6952.0,Loyal Customers,1,4,167,1,110.86
6953.0,Loyal Customers,1,4,270,1,92.99
6954.0,Loyal Customers,1,4,222,1,101.05
6955.0,Loyal Customers,1,4,238,1,93.07
6956.0,Loyal Customers,1,4,171,1,109.13
6957.0,Loyal Customers,1,4,289,1,125.4
6958.0,Potential Loyalists,1,4,431,1,168.12
6959.0,Loyal Customers,1,4,94,1,95.96
6960.0,Loyal Customers,1,4,126,1,109.6
6961.0,Lost Customers,1,4,703,1,82.17
6962.0,Loyal Customers,1,4,83,1,115.57
6963.0,Potential Loyalists,1,4,498,1,90.65
6964.0,Loyal Customers,1,4,219,1,205.22
6965.0,Loyal Customers,1,4,44,1,71.66
6966.0,Potential Loyalists,1,4,522,1,62.08
6967.0,Lost Customers,1,4,697,1,40.35
6968.0,Potential Loyalists,1,4,546,1,116.8
6969.0,Lost Customers,1,4,565,1,152.96
6970.0,Loyal Customers,1,4,25,1,124.64
6971.0,Lost Customers,1,4,703,1,144.95
6972.0,Potential Loyalists,1,4,531,1,153.04
6973.0,Champions,1,4,164,1,171.82
6974.0,Loyal Customers,1,4,308,1,70.27
6975.0,Loyal Customers,1,4,79,1,99.35
6976.0,Lost Customers,1,4,661,1,142.5
6977.0,Champions,1,4,53,1,186.08
6978.0,Lost Customers,1,4,603,1,121.05
6979.0,Lost Customers,1,4,721,1,152.36
6980.0,Loyal Customers,1,4,348,1,255.46
6981.0,Loyal Customers,1,4,194,1,65.89
6982.0,Loyal Customers,1,4,221,1,129.35
6983.0,Loyal Customers,1,4,210,1,109.33
6984.0,Lost Customers,1,4,596,1,167.32
6985.0,Loyal Customers,1,4,157,1,160.38
6986.0,Potential Loyalists,1,4,376,1,74.21
6987.0,Loyal Customers,1,4,199,1,169.59
6988.0,Potential Loyalists,1,4,444,1,103.49
6989.0,Champions,1,4,25,1,181.89
6990.0,Potential Loyalists,1,4,398,1,262.57
6991.0,Potential Loyalists,1,4,412,1,141.19
6992.0,Potential Loyalists,1,4,448,1,101.92
6993.0,Loyal Customers,1,4,338,1,77.41
6994.0,Loyal Customers,1,4,315,1,98.92
6995.0,Lost Customers,1,4,606,1,132.06
6996.0,Loyal Customers,1,4,236,1,134.44
6997.0,Potential Loyalists,1,4,429,1,202.83
6998.0,Loyal Customers,1,4,140,1,87.2
6999.0,Loyal Customers,1,4,9,1,101.6
7000.0,Loyal Customers,1,4,75,1,90.94
7001.0,Potential Loyalists,1,4,495,1,94.49
7002.0,Potential Loyalists,1,4,422,1,106.13
7003.0,Lost Customers,1,4,637,1,108.61
7004.0,Loyal Customers,1,4,64,1,108.56
7005.0,Loyal Customers,1,4,98,1,149.46
7006.0,Loyal Customers,1,4,366,1,133.21
7007.0,Loyal Customers,1,4,341,1,85.47
7008.0,Loyal Customers,1,4,287,1,117.6
7009.0,Lost Customers,1,4,711,1,190.43
7010.0,Lost Customers,1,4,725,1,121.65
7011.0,Lost Customers,1,4,585,1,180.04
7012.0,Lost Customers,1,4,551,1,87.41
7013.0,Lost Customers,1,4,706,1,135.33
7014.0,Loyal Customers,1,4,270,1,249.91
7015.0,Lost Customers,1,4,613,1,184.72
7016.0,Potential Loyalists,1,4,425,1,107.48
7017.0,Loyal Customers,1,4,148,1,77.69
7018.0,Loyal Customers,1,4,362,1,186.02
7019.0,Potential Loyalists,1,4,496,1,230.23
7020.0,Loyal Customers,1,4,28,1,146.57
7021.0,Potential Loyalists,1,4,446,1,107.08
7022.0,Loyal Customers,1,4,310,1,93.21
7023.0,Champions,1,4,87,1,200.27
7024.0,Loyal Customers,1,4,264,1,217.56
7025.0,Lost Customers,1,4,612,1,120.34
7026.0,Lost Customers,1,4,724,1,93.96
7027.0,Loyal Customers,1,4,0,1,109.74
7028.0,Potential Loyalists,1,4,425,1,290.43
7029.0,Lost Customers,1,4,582,1,64.13
7030.0,Loyal Customers,1,4,256,1,186.69
7031.0,Lost Customers,1,4,616,1,130.03
7032.0,Potential Loyalists,1,4,491,1,108.28
7033.0,Loyal Customers,1,4,253,1,169.21
7034.0,Loyal Customers,1,4,92,1,155.1
7035.0,Loyal Customers,1,4,206,1,119.2
7036.0,Lost Customers,1,4,655,1,184.42
7037.0,Loyal Customers,1,4,259,1,222.69
7038.0,Lost Customers,1,4,557,1,100.26
7039.0,Potential Loyalists,1,4,390,1,167.12
7040.0,Loyal Customers,1,4,211,1,82.57
7041.0,Lost Customers,1,4,697,1,154.57
7042.0,Lost Customers,1,4,555,1,112.53
7043.0,Lost Customers,1,4,612,1,95.76
7044.0,Loyal Customers,1,4,304,1,73.54
7045.0,Loyal Customers,1,4,318,1,120.28
7046.0,Loyal Customers,1,4,331,1,170.27
7047.0,Lost Customers,1,4,714,1,135.11
7048.0,Loyal Customers,1,4,315,1,143.53
7049.0,Potential Loyalists,1,4,498,1,58.9
7050.0,Potential Loyalists,1,4,367,1,135.39
7051.0,Potential Loyalists,1,4,399,1,88.15
7052.0,Loyal Customers,1,4,122,1,91.16
7053.0,Potential Loyalists,1,4,388,1,110.2
7054.0,Loyal Customers,1,4,317,1,226.96
7055.0,Potential Loyalists,1,4,414,1,78.67
7056.0,Loyal Customers,1,4,148,1,117.81
7057.0,Potential Loyalists,1,4,386,1,99.74
7058.0,Potential Loyalists,1,4,465,1,103.75
7059.0,Potential Loyalists,1,4,468,1,97.05
7060.0,Loyal Customers,1,4,19,1,113.63
7061.0,Potential Loyalists,1,4,506,1,119.53
7062.0,Lost Customers,1,4,651,1,100.82
7063.0,Potential Loyalists,1,4,422,1,90.1
7064.0,Potential Loyalists,1,4,380,1,104.36
7065.0,Lost Customers,1,4,607,1,188.18
7066.0,Lost Customers,1,4,717,1,166.76
7067.0,Loyal Customers,1,4,176,1,152.35
7068.0,Loyal Customers,1,4,244,1,70.79
7069.0,Potential Loyalists,1,4,421,1,111.39
7070.0,Loyal Customers,1,4,130,1,121.97
7071.0,Loyal Customers,1,4,292,1,83.15
7072.0,Lost Customers,1,4,665,1,220.52
7073.0,Loyal Customers,1,4,336,1,209.13
7074.0,Potential Loyalists,1,4,493,1,109.17
7075.0,Potential Loyalists,1,4,520,1,98.61
7076.0,Loyal Customers,1,4,14,1,126.19
7077.0,Loyal Customers,1,4,88,1,109.72
7078.0,Potential Loyalists,1,4,519,1,119.39
7079.0,Lost Customers,1,4,676,1,115.41
7080.0,Champions,1,4,163,1,211.27
7081.0,Loyal Customers,1,4,30,1,96.79
7082.0,Lost Customers,1,4,645,1,80.77
7083.0,Champions,1,4,149,1,207.93
7084.0,Lost Customers,1,4,721,1,160.25
7085.0,Lost Customers,1,4,670,1,119.96
7086.0,Lost Customers,1,4,622,1,241.28
7087.0,Loyal Customers,1,4,321,1,96.82
7088.0,Loyal Customers,1,4,92,1,119.77
7089.0,Potential Loyalists,1,4,502,1,68.15
7090.0,Loyal Customers,1,4,99,1,131.12
7091.0,Lost Customers,1,4,700,1,109.44
7092.0,Lost Customers,1,4,602,1,122.2
7093.0,Loyal Customers,1,4,43,1,148.16
7094.0,Loyal Customers,1,4,223,1,309.76
7095.0,Lost Customers,1,4,564,1,121.88
7096.0,Loyal Customers,1,4,276,1,113.4
7097.0,Potential Loyalists,1,4,375,1,15.0
7098.0,Potential Loyalists,1,4,375,1,159.36
7099.0,Loyal Customers,1,4,3,1,115.86
7100.0,Loyal Customers,1,4,201,1,99.23
7101.0,Lost Customers,1,4,676,1,136.03
7102.0,Lost Customers,1,4,679,1,130.42
7103.0,Loyal Customers,1,4,238,1,142.68
7104.0,Loyal Customers,1,4,277,1,37.52
7105.0,Loyal Customers,1,4,182,1,54.56
7106.0,Potential Loyalists,1,4,440,1,138.96
7107.0,Potential Loyalists,1,4,395,1,72.86
7108.0,Lost Customers,1,4,623,1,143.44
7109.0,Loyal Customers,1,4,283,1,129.91
7110.0,Lost Customers,1,4,621,1,92.77
7111.0,Potential Loyalists,1,4,504,1,246.87
7112.0,Loyal Customers,1,4,291,1,153.63
7113.0,Lost Customers,1,4,719,1,130.46
7114.0,Lost Customers,1,4,586,1,141.94
7115.0,Loyal Customers,1,4,178,1,96.52
7116.0,Loyal Customers,1,4,152,1,109.93
7117.0,Loyal Customers,1,4,353,1,156.07
7118.0,Loyal Customers,1,4,158,1,39.27
7119.0,Loyal Customers,1,4,287,1,115.59
7120.0,Potential Loyalists,1,4,495,1,80.66
7121.0,Lost Customers,1,4,632,1,124.53
7122.0,Lost Customers,1,4,694,1,175.12
7123.0,Loyal Customers,1,4,349,1,140.87
7124.0,Loyal Customers,1,4,86,1,99.76
7125.0,Loyal Customers,1,4,222,1,243.02
7126.0,Loyal Customers,1,4,162,1,111.98
7127.0,Loyal Customers,1,4,354,1,177.86
7128.0,Loyal Customers,1,4,270,1,133.38
7129.0,Loyal Customers,1,4,154,1,145.41
7130.0,Loyal Customers,1,4,251,1,34.4
7131.0,Potential Loyalists,1,4,515,1,132.19
7132.0,Potential Loyalists,1,4,442,1,78.1
7133.0,Lost Customers,1,4,564,1,69.56
7134.0,Loyal Customers,1,4,195,1,156.15
7135.0,Lost Customers,1,4,567,1,263.78
7136.0,Champions,1,4,128,1,171.26
7137.0,Lost Customers,1,4,698,1,108.86
7138.0,Loyal Customers,1,4,127,1,59.49
7139.0,Loyal Customers,1,4,327,1,102.33
7140.0,Potential Loyalists,1,4,376,1,95.58
7141.0,Loyal Customers,1,4,85,1,131.95
7142.0,Loyal Customers,1,4,208,1,102.02
7143.0,Lost Customers,1,4,710,1,89.2
7144.0,Loyal Customers,1,4,43,1,27.94
7145.0,Loyal Customers,1,4,149,1,83.71
7146.0,Loyal Customers,1,4,325,1,91.25
7147.0,Lost Customers,1,4,625,1,169.45
7148.0,Champions,1,4,65,1,180.39
7149.0,Loyal Customers,1,4,124,1,110.65
7150.0,Loyal Customers,1,4,5,1,57.61
7151.0,Potential Loyalists,1,4,408,1,123.11
7152.0,Lost Customers,1,4,604,1,128.37
7153.0,Lost Customers,1,4,647,1,65.85
7154.0,Loyal Customers,1,4,204,1,202.92
7155.0,Lost Customers,1,4,680,1,86.15
7156.0,Loyal Customers,1,4,206,1,88.57
7157.0,Lost Customers,1,4,582,1,82.81
7158.0,Lost Customers,1,4,702,1,54.46
7159.0,Lost Customers,1,4,615,1,130.9
7160.0,Potential Loyalists,1,4,489,1,118.33
7161.0,Lost Customers,1,4,636,1,162.68
7162.0,Lost Customers,1,4,566,1,71.98
7163.0,Lost Customers,1,4,608,1,65.89
7164.0,Loyal Customers,1,4,256,1,160.92
7165.0,Loyal Customers,1,4,251,1,135.89
7166.0,Potential Loyalists,1,4,489,1,175.59
7167.0,Loyal Customers,1,4,336,1,92.18
7168.0,Loyal Customers,1,4,209,1,88.92
7169.0,Loyal Customers,1,4,53,1,93.89
7170.0,Loyal Customers,1,4,239,1,63.69
7171.0,Potential Loyalists,1,4,494,1,318.77
7172.0,Loyal Customers,1,4,60,1,102.6
7173.0,Loyal Customers,1,4,343,1,167.86
7174.0,Loyal Customers,1,4,12,1,72.84
7175.0,Lost Customers,1,4,656,1,139.71
7176.0,Loyal Customers,1,4,300,1,134.89
7177.0,Loyal Customers,1,4,16,1,107.12
7178.0,Lost Customers,1,4,695,1,117.93
7179.0,Lost Customers,1,4,652,1,111.6
7180.0,Lost Customers,1,4,703,1,117.33
7181.0,Lost Customers,1,4,631,1,122.92
7182.0,Lost Customers,1,4,640,1,99.24
7183.0,Potential Loyalists,1,4,401,1,117.51
7184.0,Potential Loyalists,1,4,446,1,125.74
7185.0,Loyal Customers,1,4,339,1,143.98
7186.0,Potential Loyalists,1,4,547,1,90.98
7187.0,Potential Loyalists,1,4,427,1,234.67
7188.0,Loyal Customers,1,4,147,1,87.11
7189.0,Lost Customers,1,4,671,1,122.68
7190.0,Potential Loyalists,1,4,411,1,48.27
7191.0,Lost Customers,1,4,561,1,142.84
7192.0,Lost Customers,1,4,715,1,128.81
7193.0,Potential Loyalists,1,4,531,1,127.86
7194.0,Potential Loyalists,1,4,481,1,97.38
7195.0,Loyal Customers,1,4,185,1,104.03
7196.0,Champions,1,4,14,1,172.1
7197.0,Loyal Customers,1,4,241,1,274.19
7198.0,Potential Loyalists,1,4,390,1,101.43
7199.0,Loyal Customers,1,4,61,1,82.77
7200.0,Loyal Customers,1,4,295,1,121.76
7201.0,Lost Customers,1,4,674,1,170.53
7202.0,Potential Loyalists,1,4,475,1,102.39
7203.0,Loyal Customers,1,4,43,1,142.04
7204.0,Loyal Customers,1,4,254,1,146.88
7205.0,Loyal Customers,1,4,305,1,201.83
7206.0,Loyal Customers,1,4,190,1,150.47
7207.0,Loyal Customers,1,4,320,1,157.1
7208.0,Loyal Customers,1,4,229,1,84.21
7209.0,Potential Loyalists,1,4,415,1,148.69
7210.0,Loyal Customers,1,4,344,1,142.03
7211.0,Loyal Customers,1,4,252,1,138.29
7212.0,Loyal Customers,1,4,257,1,167.68
7213.0,Loyal Customers,1,4,245,1,70.15
7214.0,Potential Loyalists,1,4,425,1,89.85
7215.0,Loyal Customers,1,4,240,1,107.93
7216.0,Potential Loyalists,1,4,519,1,77.76
7217.0,Potential Loyalists,1,4,445,1,140.52
7218.0,Loyal Customers,1,4,193,1,129.66
7219.0,Loyal Customers,1,4,192,1,116.43
7220.0,Loyal Customers,1,4,318,1,41.2
7221.0,Loyal Customers,1,4,261,1,105.7
7222.0,Loyal Customers,1,4,271,1,172.02
7223.0,Loyal Customers,1,4,311,1,160.93
7224.0,Loyal Customers,1,4,45,1,98.43
7225.0,Lost Customers,1,4,726,1,199.52
7226.0,Loyal Customers,1,4,337,1,211.24
7227.0,Loyal Customers,1,4,274,1,98.42
7228.0,Potential Loyalists,1,4,405,1,102.12
7229.0,Loyal Customers,1,4,193,1,53.19
7230.0,Champions,1,4,162,1,196.61
7231.0,Potential Loyalists,1,4,372,1,154.07
7232.0,Lost Customers,1,4,591,1,94.13
7233.0,Loyal Customers,1,4,6,1,82.9
7234.0,Potential Loyalists,1,4,462,1,114.08
7235.0,Potential Loyalists,1,4,472,1,83.06
7236.0,Loyal Customers,1,4,162,1,160.99
7237.0,Loyal Customers,1,4,210,1,81.16
7238.0,Loyal Customers,1,4,223,1,148.16
7239.0,Lost Customers,1,4,638,1,70.98
7240.0,Loyal Customers,1,4,234,1,165.97
7241.0,Loyal Customers,1,4,207,1,113.57
7242.0,Champions,1,4,100,1,202.44
7243.0,Potential Loyalists,1,4,427,1,141.79
7244.0,Loyal Customers,1,4,126,1,147.27
7245.0,Lost Customers,1,4,621,1,86.1
7246.0,Loyal Customers,1,4,122,1,147.8
7247.0,Loyal Customers,1,4,37,1,130.33
7248.0,Loyal Customers,1,4,287,1,81.93
7249.0,Loyal Customers,1,4,12,1,75.39
7250.0,Potential Loyalists,1,4,409,1,102.67
7251.0,Lost Customers,1,4,661,1,102.49
7252.0,Potential Loyalists,1,4,449,1,111.14
7253.0,Lost Customers,1,4,710,1,144.5
7254.0,Loyal Customers,1,4,314,1,52.66
7255.0,Potential Loyalists,1,4,461,1,194.72
7256.0,Loyal Customers,1,4,212,1,80.29
7257.0,Loyal Customers,1,4,18,1,153.75
7258.0,Loyal Customers,1,4,60,1,76.22
7259.0,Loyal Customers,1,4,30,1,139.71
7260.0,Loyal Customers,1,4,198,1,132.6
7261.0,Loyal Customers,1,4,144,1,96.49
7262.0,Champions,1,4,81,1,198.76
7263.0,Champions,1,4,67,1,235.46
7264.0,Loyal Customers,1,4,280,1,206.04
7265.0,Potential Loyalists,1,4,540,1,197.24
7266.0,Loyal Customers,1,4,334,1,168.48
7267.0,Champions,1,4,15,1,213.61
7268.0,Potential Loyalists,1,4,512,1,112.62
7269.0,Lost Customers,1,4,582,1,111.25
7270.0,Loyal Customers,1,4,354,1,338.45
7271.0,Loyal Customers,1,4,238,1,52.59
7272.0,Potential Loyalists,1,4,462,1,99.72
7273.0,Loyal Customers,1,4,24,1,152.54
7274.0,Loyal Customers,1,4,290,1,75.93
7275.0,Lost Customers,1,4,708,1,103.92
7276.0,Potential Loyalists,1,4,390,1,80.64
7277.0,Loyal Customers,1,4,339,1,146.21
7278.0,Potential Loyalists,1,4,487,1,174.89
7279.0,Lost Customers,1,4,707,1,168.56
7280.0,Loyal Customers,1,4,242,1,99.79
7281.0,Loyal Customers,1,4,157,1,107.62
7282.0,Potential Loyalists,1,4,399,1,143.69
7283.0,Loyal Customers,1,4,225,1,138.96
7284.0,Potential Loyalists,1,4,418,1,85.12
7285.0,Loyal Customers,1,4,297,1,137.36
7286.0,Lost Customers,1,4,558,1,297.79
7287.0,Loyal Customers,1,4,31,1,86.93
7288.0,Potential Loyalists,1,4,519,1,179.08
7289.0,Loyal Customers,1,4,163,1,92.24
7290.0,Loyal Customers,1,4,323,1,121.82
7291.0,Loyal Customers,1,4,272,1,104.53
7292.0,Loyal Customers,1,4,97,1,160.11
7293.0,Potential Loyalists,1,4,413,1,96.68
7294.0,Potential Loyalists,1,4,484,1,187.63
7295.0,Champions,1,4,66,1,192.5
7296.0,Loyal Customers,1,4,7,1,94.88
7297.0,Loyal Customers,1,4,208,1,100.61
7298.0,Lost Customers,1,4,599,1,109.73
7299.0,Lost Customers,1,4,680,1,200.68
7300.0,Potential Loyalists,1,4,474,1,107.91
7301.0,Lost Customers,1,4,723,1,93.33
7302.0,Lost Customers,1,4,651,1,100.31
7303.0,Lost Customers,1,4,694,1,62.12
7304.0,Loyal Customers,1,4,282,1,73.82
7305.0,Potential Loyalists,1,4,423,1,121.05
7306.0,Champions,1,4,61,1,211.84
7307.0,Loyal Customers,1,4,138,1,92.82
7308.0,Loyal Customers,1,4,276,1,51.72
7309.0,Lost Customers,1,4,663,1,129.03
7310.0,Lost Customers,1,4,683,1,176.67
7311.0,Lost Customers,1,4,681,1,100.05
7312.0,Lost Customers,1,4,593,1,51.88
7313.0,Loyal Customers,1,4,22,1,84.6
7314.0,Lost Customers,1,4,696,1,258.82
7315.0,Lost Customers,1,4,652,1,113.8
7316.0,Lost Customers,1,4,621,1,183.64
7317.0,Lost Customers,1,4,700,1,192.79
7318.0,Loyal Customers,1,4,143,1,115.56
7319.0,Potential Loyalists,1,4,540,1,128.18
7320.0,Potential Loyalists,1,4,426,1,94.74
7321.0,Lost Customers,1,4,592,1,198.18
7322.0,Loyal Customers,1,4,228,1,159.89
7323.0,Loyal Customers,1,4,30,1,148.99
7324.0,Loyal Customers,1,4,83,1,150.65
7325.0,Lost Customers,1,4,591,1,60.1
7326.0,Loyal Customers,1,4,79,1,144.25
7327.0,Potential Loyalists,1,4,454,1,86.89
7328.0,Champions,1,4,155,1,183.6
7329.0,Loyal Customers,1,4,329,1,127.64
7330.0,Lost Customers,1,4,661,1,97.14
7331.0,Champions,1,4,157,1,191.2
7332.0,Lost Customers,1,4,723,1,109.07
7333.0,Potential Loyalists,1,4,434,1,134.63
7334.0,Potential Loyalists,1,4,501,1,281.25
7335.0,Lost Customers,1,4,681,1,85.54
7336.0,Loyal Customers,1,4,164,1,110.34
7337.0,Lost Customers,1,4,666,1,116.57
7338.0,Loyal Customers,1,4,130,1,151.74
7339.0,Potential Loyalists,1,4,479,1,77.25
7340.0,Loyal Customers,1,4,60,1,54.51
7341.0,Lost Customers,1,4,673,1,85.63
7342.0,Loyal Customers,1,4,302,1,85.33
7343.0,Potential Loyalists,1,4,528,1,182.41
7344.0,Potential Loyalists,1,4,533,1,81.21
7345.0,Potential Loyalists,1,4,546,1,92.13
7346.0,Loyal Customers,1,4,246,1,33.45
7347.0,Loyal Customers,1,4,119,1,138.81
7348.0,Loyal Customers,1,4,53,1,117.95
7349.0,Loyal Customers,1,4,185,1,172.62
7350.0,Loyal Customers,1,4,331,1,77.08
7351.0,Loyal Customers,1,4,361,1,71.28
7352.0,Loyal Customers,1,4,222,1,138.39
7353.0,Champions,1,4,60,1,176.56
7354.0,Loyal Customers,1,4,197,1,115.81
7355.0,Potential Loyalists,1,4,547,1,102.56
7356.0,Lost Customers,1,4,628,1,135.52
7357.0,Lost Customers,1,4,617,1,109.74
7358.0,Potential Loyalists,1,4,439,1,143.72
7359.0,Champions,1,4,140,1,176.8
7360.0,Lost Customers,1,4,572,1,89.9
7361.0,Loyal Customers,1,4,223,1,82.92
7362.0,Loyal Customers,1,4,12,1,111.02
7363.0,Potential Loyalists,1,4,461,1,248.12
7364.0,Potential Loyalists,1,4,447,1,105.6
7365.0,Potential Loyalists,1,4,529,1,138.47
7366.0,Loyal Customers,1,4,176,1,150.39
7367.0,Potential Loyalists,1,4,526,1,141.73
7368.0,Lost Customers,1,4,706,1,88.34
7369.0,Lost Customers,1,4,696,1,201.7
7370.0,Loyal Customers,1,4,89,1,131.14
7371.0,Champions,1,4,41,1,171.05
7372.0,Potential Loyalists,1,4,548,1,127.21
7373.0,Potential Loyalists,1,4,436,1,80.58
7374.0,Loyal Customers,1,4,34,1,77.17
7375.0,Lost Customers,1,4,727,1,76.7
7376.0,Loyal Customers,1,4,198,1,117.53
7377.0,Champions,1,4,14,1,230.09
7378.0,Lost Customers,1,4,658,1,160.18
7379.0,Loyal Customers,1,4,87,1,79.88
7380.0,Loyal Customers,1,4,256,1,76.68
7381.0,Potential Loyalists,1,4,403,1,160.31
7382.0,Potential Loyalists,1,4,454,1,159.57
7383.0,Loyal Customers,1,4,226,1,78.16
7384.0,Lost Customers,1,4,726,1,228.93
7385.0,Loyal Customers,1,4,229,1,131.59
7386.0,Lost Customers,1,4,570,1,160.09
7387.0,Potential Loyalists,1,4,395,1,65.74
7388.0,Champions,1,4,58,1,247.55
7389.0,Potential Loyalists,1,4,540,1,242.91
7390.0,Lost Customers,1,4,663,1,136.04
7391.0,Loyal Customers,1,4,350,1,140.15
7392.0,Champions,1,4,100,1,180.26
7393.0,Lost Customers,1,4,688,1,61.28
7394.0,Loyal Customers,1,4,160,1,128.68
7395.0,Loyal Customers,1,4,36,1,56.64
7396.0,Loyal Customers,1,4,174,1,129.7
7397.0,Potential Loyalists,1,4,416,1,114.96
7398.0,Loyal Customers,1,4,20,1,111.96
7399.0,Loyal Customers,1,4,343,1,73.57
7400.0,Loyal Customers,1,4,350,1,89.67
7401.0,Potential Loyalists,1,4,371,1,86.59
7402.0,Loyal Customers,1,4,264,1,198.43
7403.0,Loyal Customers,1,4,323,1,78.99
7404.0,Lost Customers,1,4,681,1,99.73
7405.0,Potential Loyalists,1,4,543,1,154.83
7406.0,Loyal Customers,1,4,104,1,133.1
7407.0,Potential Loyalists,1,4,438,1,151.61
7408.0,Lost Customers,1,4,726,1,109.9
7409.0,Loyal Customers,1,4,195,1,125.25
7410.0,Loyal Customers,1,4,283,1,114.31
7411.0,Loyal Customers,1,4,329,1,282.82
7412.0,Loyal Customers,1,4,326,1,203.16
7413.0,Loyal Customers,1,4,206,1,98.15
7414.0,Loyal Customers,1,4,107,1,100.92
7415.0,Loyal Customers,1,4,294,1,145.48
7416.0,Loyal Customers,1,4,331,1,103.86
7417.0,Loyal Customers,1,4,27,1,136.85
7418.0,Loyal Customers,1,4,242,1,74.8
7419.0,Potential Loyalists,1,4,443,1,94.98
7420.0,Loyal Customers,1,4,321,1,45.86
7421.0,Loyal Customers,1,4,330,1,166.28
7422.0,Loyal Customers,1,4,145,1,153.88
7423.0,Lost Customers,1,4,715,1,151.48
7424.0,Loyal Customers,1,4,281,1,91.43
7425.0,Loyal Customers,1,4,277,1,90.07
7426.0,Potential Loyalists,1,4,403,1,104.19
7427.0,Loyal Customers,1,4,81,1,76.49
7428.0,Lost Customers,1,4,686,1,115.3
7429.0,Lost Customers,1,4,583,1,139.29
7430.0,Potential Loyalists,1,4,407,1,131.72
7431.0,Loyal Customers,1,4,77,1,121.38
7432.0,Loyal Customers,1,4,203,1,89.81
7433.0,Loyal Customers,1,4,67,1,108.39
7434.0,Loyal Customers,1,4,305,1,114.92
7435.0,Lost Customers,1,4,623,1,109.26
7436.0,Loyal Customers,1,4,301,1,268.09
7437.0,Potential Loyalists,1,4,368,1,197.27
7438.0,Lost Customers,1,4,589,1,79.74
7439.0,Loyal Customers,1,4,140,1,78.02
7440.0,Lost Customers,1,4,690,1,73.71
7441.0,Loyal Customers,1,4,195,1,79.55
7442.0,Lost Customers,1,4,617,1,123.31
7443.0,Loyal Customers,1,4,265,1,99.14
7444.0,Potential Loyalists,1,4,548,1,164.01
7445.0,Loyal Customers,1,4,339,1,121.51
7446.0,Lost Customers,1,4,644,1,279.08
7447.0,Lost Customers,1,4,710,1,123.43
7448.0,Loyal Customers,1,4,315,1,74.86
7449.0,Loyal Customers,1,4,274,1,274.74
7450.0,Potential Loyalists,1,4,452,1,121.69
7451.0,Loyal Customers,1,4,51,1,150.3
7452.0,Potential Loyalists,1,4,418,1,124.11
7453.0,Potential Loyalists,1,4,486,1,150.08
7454.0,Lost Customers,1,4,624,1,120.26
7455.0,Potential Loyalists,1,4,397,1,200.09
7456.0,Lost Customers,1,4,674,1,72.46
7457.0,Potential Loyalists,1,4,487,1,93.4
7458.0,Lost Customers,1,4,663,1,124.53
7459.0,Loyal Customers,1,4,327,1,79.76
7460.0,Lost Customers,1,4,699,1,115.59
7461.0,Potential Loyalists,1,4,469,1,150.74
7462.0,Loyal Customers,1,4,251,1,80.29
7463.0,Loyal Customers,1,4,47,1,63.27
7464.0,Loyal Customers,1,4,213,1,210.18
7465.0,Potential Loyalists,1,4,379,1,125.99
7466.0,Lost Customers,1,4,699,1,105.71
7467.0,Potential Loyalists,1,4,485,1,100.69
7468.0,Loyal Customers,1,4,287,1,129.9
7469.0,Loyal Customers,1,4,308,1,127.3
7470.0,Potential Loyalists,1,4,481,1,194.37
7471.0,Loyal Customers,1,4,282,1,106.04
7472.0,Potential Loyalists,1,4,482,1,74.38
7473.0,Loyal Customers,1,4,70,1,129.47
7474.0,Loyal Customers,1,4,242,1,109.7
7475.0,Potential Loyalists,1,4,463,1,117.66
7476.0,Champions,1,4,13,1,199.51
7477.0,Loyal Customers,1,4,52,1,103.1
7478.0,Loyal Customers,1,4,277,1,135.01
7479.0,Lost Customers,1,4,585,1,124.84
7480.0,Loyal Customers,1,4,91,1,75.01
7481.0,Potential Loyalists,1,4,537,1,211.11
7482.0,Loyal Customers,1,4,291,1,98.17
7483.0,Potential Loyalists,1,4,538,1,129.67
7484.0,Potential Loyalists,1,4,417,1,81.58
7485.0,Potential Loyalists,1,4,379,1,139.0
7486.0,Loyal Customers,1,4,183,1,182.44
7487.0,Lost Customers,1,4,724,1,193.93
7488.0,Loyal Customers,1,4,42,1,99.76
7489.0,Potential Loyalists,1,4,369,1,164.88
7490.0,Lost Customers,1,4,599,1,227.71
7491.0,Lost Customers,1,4,650,1,149.55
7492.0,Loyal Customers,1,4,42,1,120.86
7493.0,Loyal Customers,1,4,26,1,114.85
7494.0,Potential Loyalists,1,4,406,1,86.49
7495.0,Potential Loyalists,1,4,448,1,138.1
7496.0,Loyal Customers,1,4,111,1,107.1
7497.0,Loyal Customers,1,4,311,1,154.34
7498.0,Lost Customers,1,4,662,1,105.83
7499.0,Loyal Customers,1,4,151,1,105.8
7500.0,Potential Loyalists,1,4,457,1,109.19
7501.0,Lost Customers,1,4,681,1,106.85
7502.0,Potential Loyalists,1,4,495,1,116.28
7503.0,Loyal Customers,1,4,211,1,39.91
7504.0,Loyal Customers,1,4,189,1,131.32
7505.0,Loyal Customers,1,4,14,1,127.22
7506.0,Loyal Customers,1,4,213,1,63.12
7507.0,Lost Customers,1,4,671,1,129.43
7508.0,Potential Loyalists,1,4,441,1,182.0
7509.0,Loyal Customers,1,4,297,1,114.59
7510.0,Loyal Customers,1,4,137,1,149.03
7511.0,Loyal Customers,1,4,81,1,120.65
7512.0,Lost Customers,1,4,692,1,114.35
7513.0,Lost Customers,1,4,555,1,59.61
7514.0,Lost Customers,1,4,716,1,87.02
7515.0,Potential Loyalists,1,4,426,1,70.93
7516.0,Potential Loyalists,1,4,457,1,102.06
7517.0,Loyal Customers,1,4,253,1,46.2
7518.0,Lost Customers,1,4,584,1,73.63
7519.0,Loyal Customers,1,4,88,1,103.4
7520.0,Loyal Customers,1,4,77,1,80.84
7521.0,Lost Customers,1,4,561,1,135.23
7522.0,Champions,1,4,39,1,216.65
7523.0,Loyal Customers,1,4,332,1,99.25
7524.0,Loyal Customers,1,4,36,1,130.08
7525.0,Loyal Customers,1,4,52,1,113.8
7526.0,Lost Customers,1,4,704,1,101.66
7527.0,Loyal Customers,1,4,251,1,119.64
7528.0,Loyal Customers,1,4,339,1,150.02
7529.0,Potential Loyalists,1,4,505,1,114.98
7530.0,Loyal Customers,1,4,246,1,209.95
7531.0,Lost Customers,1,4,713,1,84.88
7532.0,Potential Loyalists,1,4,535,1,117.81
7533.0,Lost Customers,1,4,647,1,157.57
7534.0,Lost Customers,1,4,591,1,91.25
7535.0,Potential Loyalists,1,4,518,1,113.62
7536.0,Loyal Customers,1,4,112,1,57.98
7537.0,Loyal Customers,1,4,274,1,111.79
7538.0,Loyal Customers,1,4,270,1,88.57
7539.0,Champions,1,4,93,1,184.57
7540.0,Champions,1,4,127,1,176.38
7541.0,Potential Loyalists,1,4,381,1,108.61
7542.0,Loyal Customers,1,4,35,1,67.66
7543.0,Potential Loyalists,1,4,436,1,113.96
7544.0,Loyal Customers,1,4,129,1,90.47
7545.0,Champions,1,4,98,1,167.97
7546.0,Champions,1,4,135,1,185.34
7547.0,Loyal Customers,1,4,209,1,88.99
7548.0,Champions,1,4,84,1,189.22
7549.0,Potential Loyalists,1,4,544,1,105.7
7550.0,Loyal Customers,1,4,351,1,60.22
7551.0,Loyal Customers,1,4,311,1,194.11
7552.0,Potential Loyalists,1,4,513,1,291.39
7553.0,Potential Loyalists,1,4,379,1,133.96
7554.0,Loyal Customers,1,4,276,1,169.72
7555.0,Lost Customers,1,4,603,1,73.2
7556.0,Loyal Customers,1,4,252,1,237.0
7557.0,Champions,1,4,160,1,220.38
7558.0,Lost Customers,1,4,618,1,149.21
7559.0,Loyal Customers,1,4,57,1,82.79
7560.0,Lost Customers,1,4,579,1,103.22
7561.0,Lost Customers,1,4,652,1,92.73
7562.0,Lost Customers,1,4,635,1,302.04
7563.0,Potential Loyalists,1,4,508,1,181.11
7564.0,Loyal Customers,1,4,176,1,120.56
7565.0,Potential Loyalists,1,4,450,1,111.04
7566.0,Loyal Customers,1,4,75,1,133.7
7567.0,Lost Customers,1,4,720,1,310.89
7568.0,Potential Loyalists,1,4,491,1,152.36
7569.0,Lost Customers,1,4,667,1,121.77
7570.0,Potential Loyalists,1,4,486,1,72.77
7571.0,Potential Loyalists,1,4,416,1,126.98
7572.0,Lost Customers,1,4,726,1,172.45
7573.0,Potential Loyalists,1,4,521,1,242.33
7574.0,Lost Customers,1,4,686,1,116.52
7575.0,Loyal Customers,1,4,364,1,107.68
7576.0,Loyal Customers,1,4,357,1,89.37
7577.0,Lost Customers,1,4,626,1,277.05
7578.0,Loyal Customers,1,4,285,1,94.42
7579.0,Loyal Customers,1,4,115,1,160.14
7580.0,Loyal Customers,1,4,160,1,34.0
7581.0,Loyal Customers,1,4,146,1,105.52
7582.0,Loyal Customers,1,4,159,1,105.79
7583.0,Lost Customers,1,4,657,1,172.38
7584.0,Loyal Customers,1,4,107,1,122.71
7585.0,Loyal Customers,1,4,273,1,113.34
7586.0,Loyal Customers,1,4,195,1,189.58
7587.0,Potential Loyalists,1,4,527,1,133.36
7588.0,Lost Customers,1,4,576,1,164.36
7589.0,Lost Customers,1,4,714,1,146.44
7590.0,Loyal Customers,1,4,58,1,119.3
7591.0,Potential Loyalists,1,4,465,1,60.38
7592.0,Lost Customers,1,4,675,1,178.16
7593.0,Loyal Customers,1,4,136,1,55.41
7594.0,Lost Customers,1,4,600,1,101.0
7595.0,Potential Loyalists,1,4,510,1,301.71
7596.0,Champions,1,4,99,1,198.19
7597.0,Lost Customers,1,4,582,1,170.11
7598.0,Loyal Customers,1,4,324,1,107.14
7599.0,Loyal Customers,1,4,257,1,104.71
7600.0,Loyal Customers,1,4,106,1,130.41
7601.0,Loyal Customers,1,4,319,1,221.51
7602.0,Loyal Customers,1,4,10,1,92.43
7603.0,Lost Customers,1,4,678,1,181.41
7604.0,Potential Loyalists,1,4,514,1,159.13
7605.0,Loyal Customers,1,4,58,1,70.64
7606.0,Lost Customers,1,4,580,1,110.68
7607.0,Champions,1,4,53,1,235.94
7608.0,Lost Customers,1,4,700,1,117.33
7609.0,Lost Customers,1,4,711,1,114.57
7610.0,Champions,1,4,40,1,177.19
7611.0,Lost Customers,1,4,596,1,120.95
7612.0,Champions,1,4,68,1,188.32
7613.0,Loyal Customers,1,4,70,1,109.92
7614.0,Champions,1,4,111,1,188.8
7615.0,Loyal Customers,1,4,223,1,190.11
7616.0,Loyal Customers,1,4,357,1,248.98
7617.0,Loyal Customers,1,4,119,1,124.58
7618.0,Lost Customers,1,4,718,1,65.35
7619.0,Loyal Customers,1,4,366,1,254.88
7620.0,Loyal Customers,1,4,232,1,136.21
7621.0,Loyal Customers,1,4,330,1,123.75
7622.0,Loyal Customers,1,4,108,1,64.41
7623.0,Loyal Customers,1,4,77,1,139.26
7624.0,Potential Loyalists,1,4,508,1,160.44
7625.0,Lost Customers,1,4,594,1,117.62
7626.0,Lost Customers,1,4,594,1,95.97
7627.0,Lost Customers,1,4,661,1,60.36
7628.0,Potential Loyalists,1,4,488,1,225.38
7629.0,Loyal Customers,1,4,355,1,137.05
7630.0,Loyal Customers,1,4,36,1,99.11
7631.0,Lost Customers,1,4,602,1,214.21
7632.0,Potential Loyalists,1,4,448,1,74.67
7633.0,Loyal Customers,1,4,95,1,153.48
7634.0,Potential Loyalists,1,4,426,1,176.99
7635.0,Lost Customers,1,4,586,1,134.64
7636.0,Loyal Customers,1,4,163,1,81.34
7637.0,Potential Loyalists,1,4,375,1,193.51
7638.0,Champions,1,4,162,1,237.1
7639.0,Lost Customers,1,4,706,1,78.11
7640.0,Potential Loyalists,1,4,412,1,103.29
7641.0,Loyal Customers,1,4,258,1,132.07
7642.0,Loyal Customers,1,4,248,1,125.6
7643.0,Potential Loyalists,1,4,524,1,73.63
7644.0,Loyal Customers,1,4,42,1,103.35
7645.0,Lost Customers,1,4,569,1,194.17
7646.0,Loyal Customers,1,4,97,1,105.63
7647.0,Potential Loyalists,1,4,516,1,101.19
7648.0,Potential Loyalists,1,4,460,1,135.41
7649.0,Loyal Customers,1,4,310,1,98.25
7650.0,Lost Customers,1,4,726,1,198.18
7651.0,Loyal Customers,1,4,170,1,122.9
7652.0,Loyal Customers,1,4,266,1,78.8
7653.0,Loyal Customers,1,4,196,1,93.87
7654.0,Loyal Customers,1,4,71,1,143.47
7655.0,Potential Loyalists,1,4,479,1,170.62
7656.0,Lost Customers,1,4,712,1,170.87
7657.0,Potential Loyalists,1,4,407,1,248.54
7658.0,Loyal Customers,1,4,222,1,50.83
7659.0,Lost Customers,1,4,630,1,87.59
7660.0,Lost Customers,1,4,549,1,141.19
7661.0,Potential Loyalists,1,4,545,1,96.64
7662.0,Lost Customers,1,4,552,1,95.06
7663.0,Champions,1,4,31,1,193.81
7664.0,Lost Customers,1,4,638,1,111.07
7665.0,Loyal Customers,1,4,38,1,67.52
7666.0,Champions,1,4,68,1,197.73
7667.0,Loyal Customers,1,4,323,1,125.59
7668.0,Potential Loyalists,1,4,537,1,88.9
7669.0,Potential Loyalists,1,4,488,1,77.97
7670.0,Loyal Customers,1,4,183,1,67.47
7671.0,Lost Customers,1,4,602,1,85.29
7672.0,Loyal Customers,1,4,342,1,115.11
7673.0,Lost Customers,1,4,584,1,88.11
7674.0,Loyal Customers,1,4,294,1,94.22
7675.0,Loyal Customers,1,4,125,1,106.93
7676.0,Lost Customers,1,4,690,1,196.69
7677.0,Loyal Customers,1,4,32,1,92.21
7678.0,Lost Customers,1,4,642,1,134.54
7679.0,Lost Customers,1,4,648,1,74.23
7680.0,Potential Loyalists,1,4,548,1,109.99
7681.0,Lost Customers,1,4,566,1,120.29
7682.0,Potential Loyalists,1,4,531,1,109.44
7683.0,Loyal Customers,1,4,93,1,77.85
7684.0,Potential Loyalists,1,4,380,1,123.57
7685.0,Loyal Customers,1,4,297,1,110.61
7686.0,Loyal Customers,1,4,33,1,86.91
7687.0,Potential Loyalists,1,4,479,1,157.94
7688.0,Potential Loyalists,1,4,516,1,135.51
7689.0,Loyal Customers,1,4,251,1,235.41
7690.0,Lost Customers,1,4,602,1,33.29
7691.0,Loyal Customers,1,4,214,1,198.99
7692.0,Champions,1,4,70,1,291.35
7693.0,Lost Customers,1,4,584,1,134.07
7694.0,Potential Loyalists,1,4,539,1,84.53
7695.0,Lost Customers,1,4,588,1,79.27
7696.0,Loyal Customers,1,4,23,1,141.08
7697.0,Loyal Customers,1,4,91,1,99.08
7698.0,Lost Customers,1,4,685,1,163.05
7699.0,Loyal Customers,1,4,267,1,202.66
7700.0,Loyal Customers,1,4,129,1,83.59
7701.0,Potential Loyalists,1,4,413,1,107.86
7702.0,Loyal Customers,1,4,154,1,137.46
7703.0,Loyal Customers,1,4,63,1,141.26
7704.0,Potential Loyalists,1,4,534,1,166.44
7705.0,Lost Customers,1,4,648,1,115.48
7706.0,Loyal Customers,1,4,327,1,206.09
7707.0,Loyal Customers,1,4,120,1,63.82
7708.0,Loyal Customers,1,4,363,1,116.52
7709.0,Loyal Customers,1,4,202,1,106.37
7710.0,Lost Customers,1,4,599,1,95.78
7711.0,Loyal Customers,1,4,285,1,77.55
7712.0,Lost Customers,1,4,569,1,133.54
7713.0,Lost Customers,1,4,633,1,69.23
7714.0,Loyal Customers,1,4,208,1,84.19
7715.0,Loyal Customers,1,4,185,1,216.14
7716.0,Loyal Customers,1,4,187,1,54.29
7717.0,Lost Customers,1,4,636,1,95.42
7718.0,Potential Loyalists,1,4,486,1,165.94
7719.0,Champions,1,4,66,1,172.31
7720.0,Loyal Customers,1,4,257,1,144.34
7721.0,Lost Customers,1,4,630,1,93.78
7722.0,Potential Loyalists,1,4,520,1,193.21
7723.0,Lost Customers,1,4,683,1,174.9
7724.0,Lost Customers,1,4,618,1,214.79
7725.0,Loyal Customers,1,4,354,1,67.7
7726.0,Loyal Customers,1,4,232,1,109.19
7727.0,Champions,1,4,144,1,168.56
7728.0,Loyal Customers,1,4,201,1,141.03
7729.0,Loyal Customers,1,4,30,1,48.51
7730.0,Loyal Customers,1,4,209,1,137.1
7731.0,Loyal Customers,1,4,308,1,223.53
7732.0,Loyal Customers,1,4,240,1,158.7
7733.0,Lost Customers,1,4,551,1,158.47
7734.0,Loyal Customers,1,4,217,1,212.37
7735.0,Loyal Customers,1,4,269,1,92.72
7736.0,Loyal Customers,1,4,335,1,184.52
7737.0,Lost Customers,1,4,685,1,95.03
7738.0,Loyal Customers,1,4,16,1,127.47
7739.0,Loyal Customers,1,4,340,1,231.31
7740.0,Loyal Customers,1,4,93,1,117.1
7741.0,Lost Customers,1,4,679,1,81.76
7742.0,Potential Loyalists,1,4,507,1,88.49
7743.0,Potential Loyalists,1,4,373,1,134.94
7744.0,Loyal Customers,1,4,60,1,162.13
7745.0,Potential Loyalists,1,4,443,1,95.81
7746.0,Potential Loyalists,1,4,504,1,91.56
7747.0,Potential Loyalists,1,4,502,1,188.51
7748.0,Lost Customers,1,4,571,1,99.31
7749.0,Potential Loyalists,1,4,445,1,93.62
7750.0,Potential Loyalists,1,4,388,1,197.36
7751.0,Loyal Customers,1,4,196,1,113.55
7752.0,Loyal Customers,1,4,32,1,95.38
7753.0,Lost Customers,1,4,619,1,166.87
7754.0,Champions,1,4,105,1,201.9
7755.0,Lost Customers,1,4,677,1,92.6
7756.0,Lost Customers,1,4,666,1,137.76
7757.0,Loyal Customers,1,4,1,1,83.38
7758.0,Potential Loyalists,1,4,518,1,67.81
7759.0,Loyal Customers,1,4,130,1,69.18
7760.0,Potential Loyalists,1,4,462,1,165.62
7761.0,Lost Customers,1,4,709,1,207.09
7762.0,Lost Customers,1,4,646,1,100.77
7763.0,Loyal Customers,1,4,247,1,121.02
7764.0,Potential Loyalists,1,4,481,1,106.34
7765.0,Loyal Customers,1,4,263,1,167.61
7766.0,Loyal Customers,1,4,12,1,43.37
7767.0,Potential Loyalists,1,4,437,1,117.99
7768.0,Lost Customers,1,4,640,1,88.41
7769.0,Champions,1,4,104,1,233.65
7770.0,Lost Customers,1,4,707,1,116.67
7771.0,Lost Customers,1,4,712,1,160.12
7772.0,Potential Loyalists,1,4,383,1,212.18
7773.0,Loyal Customers,1,4,204,1,161.19
7774.0,Potential Loyalists,1,4,514,1,126.38
7775.0,Loyal Customers,1,4,187,1,95.89
7776.0,Loyal Customers,1,4,338,1,135.46
7777.0,Lost Customers,1,4,633,1,162.84
7778.0,Potential Loyalists,1,4,490,1,98.78
7779.0,Potential Loyalists,1,4,487,1,115.27
7780.0,Potential Loyalists,1,4,538,1,117.86
7781.0,Loyal Customers,1,4,314,1,73.51
7782.0,Lost Customers,1,4,720,1,106.25
7783.0,Loyal Customers,1,4,232,1,93.34
7784.0,Loyal Customers,1,4,213,1,156.43
7785.0,Loyal Customers,1,4,35,1,46.09
7786.0,Loyal Customers,1,4,307,1,92.06
7787.0,Lost Customers,1,4,578,1,205.13
7788.0,Loyal Customers,1,4,347,1,104.46
7789.0,Potential Loyalists,1,4,402,1,128.18
7790.0,Potential Loyalists,1,4,539,1,129.54
7791.0,Lost Customers,1,4,653,1,76.99
7792.0,Loyal Customers,1,4,325,1,153.57
7793.0,Loyal Customers,1,4,292,1,133.43
7794.0,Loyal Customers,1,4,118,1,111.91
7795.0,Potential Loyalists,1,4,377,1,119.7
7796.0,Lost Customers,1,4,553,1,127.98
7797.0,Potential Loyalists,1,4,510,1,148.92
7798.0,Lost Customers,1,4,680,1,93.16
7799.0,Loyal Customers,1,4,233,1,123.58
7800.0,Potential Loyalists,1,4,450,1,222.11
7801.0,Lost Customers,1,4,679,1,63.72
7802.0,Lost Customers,1,4,702,1,212.78
7803.0,Potential Loyalists,1,4,378,1,150.38
7804.0,Loyal Customers,1,4,269,1,80.44
7805.0,Potential Loyalists,1,4,506,1,114.51
7806.0,Loyal Customers,1,4,209,1,150.47
7807.0,Loyal Customers,1,4,6,1,96.99
7808.0,Lost Customers,1,4,702,1,176.97
7809.0,Potential Loyalists,1,4,468,1,92.13
7810.0,Potential Loyalists,1,4,368,1,116.37
7811.0,Loyal Customers,1,4,112,1,150.28
7812.0,Loyal Customers,1,4,301,1,217.69
7813.0,Loyal Customers,1,4,334,1,174.46
7814.0,Potential Loyalists,1,4,542,1,148.11
7815.0,Loyal Customers,1,4,302,1,235.32
7816.0,Loyal Customers,1,4,163,1,130.41
7817.0,Champions,1,4,111,1,184.7
7818.0,Loyal Customers,1,4,366,1,187.14
7819.0,Loyal Customers,1,4,353,1,152.67
7820.0,Lost Customers,1,4,721,1,74.69
7821.0,Potential Loyalists,1,4,470,1,44.04
7822.0,Loyal Customers,1,4,331,1,129.21
7823.0,Champions,1,4,140,1,232.04
7824.0,Potential Loyalists,1,4,369,1,121.09
7825.0,Lost Customers,1,4,675,1,126.4
7826.0,Loyal Customers,1,4,318,1,217.93
7827.0,Loyal Customers,1,4,217,1,87.09
7828.0,Champions,1,4,2,1,184.23
7829.0,Loyal Customers,1,4,242,1,158.56
7830.0,Loyal Customers,1,4,205,1,92.8
7831.0,Loyal Customers,1,4,73,1,127.53
7832.0,Potential Loyalists,1,4,526,1,134.11
7833.0,Loyal Customers,1,4,107,1,126.93
7834.0,Loyal Customers,1,4,135,1,146.89
7835.0,Lost Customers,1,4,679,1,113.43
7836.0,Potential Loyalists,1,4,496,1,77.46
7837.0,Lost Customers,1,4,554,1,87.56
7838.0,Loyal Customers,1,4,263,1,155.31
7839.0,Lost Customers,1,4,549,1,123.56
7840.0,Potential Loyalists,1,4,453,1,140.03
7841.0,Lost Customers,1,4,702,1,103.88
7842.0,Lost Customers,1,4,570,1,100.55
7843.0,Loyal Customers,1,4,62,1,123.38
7844.0,Lost Customers,1,4,624,1,91.71
7845.0,Loyal Customers,1,4,334,1,110.43
7846.0,Loyal Customers,1,4,144,1,91.25
7847.0,Loyal Customers,1,4,249,1,88.72
7848.0,Potential Loyalists,1,4,509,1,75.72
7849.0,Lost Customers,1,4,690,1,163.82
7850.0,Loyal Customers,1,4,103,1,96.4
7851.0,Potential Loyalists,1,4,484,1,130.95
7852.0,Lost Customers,1,4,568,1,120.32
7853.0,Potential Loyalists,1,4,435,1,109.45
7854.0,Lost Customers,1,4,673,1,133.69
7855.0,Lost Customers,1,4,646,1,93.39
7856.0,Lost Customers,1,4,643,1,78.08
7857.0,Lost Customers,1,4,631,1,94.36
7858.0,Potential Loyalists,1,4,445,1,86.55
7859.0,Lost Customers,1,4,567,1,110.95
7860.0,Lost Customers,1,4,667,1,60.05
7861.0,Loyal Customers,1,4,287,1,132.56
7862.0,Potential Loyalists,1,4,463,1,223.19
7863.0,Loyal Customers,1,4,301,1,58.82
7864.0,Lost Customers,1,4,708,1,201.48
7865.0,Champions,1,4,66,1,188.63
7866.0,Potential Loyalists,1,4,487,1,160.88
7867.0,Loyal Customers,1,4,174,1,71.97
7868.0,Potential Loyalists,1,4,461,1,139.95
7869.0,Loyal Customers,1,4,349,1,155.98
7870.0,Potential Loyalists,1,4,369,1,119.65
7871.0,Champions,1,4,45,1,233.94
7872.0,Loyal Customers,1,4,209,1,109.84
7873.0,Lost Customers,1,4,723,1,99.49
7874.0,Lost Customers,1,4,683,1,125.49
7875.0,Loyal Customers,1,4,228,1,115.76
7876.0,Loyal Customers,1,4,344,1,148.67
7877.0,Lost Customers,1,4,588,1,111.63
7878.0,Potential Loyalists,1,4,456,1,161.96
7879.0,Loyal Customers,1,4,286,1,165.6
7880.0,Loyal Customers,1,4,228,1,96.51
7881.0,Loyal Customers,1,4,323,1,186.22
7882.0,Lost Customers,1,4,603,1,115.61
7883.0,Loyal Customers,1,4,38,1,163.68
7884.0,Lost Customers,1,4,667,1,137.0
7885.0,Loyal Customers,1,4,299,1,133.07
7886.0,Lost Customers,1,4,647,1,67.29
7887.0,Loyal Customers,1,4,321,1,101.69
7888.0,Lost Customers,1,4,704,1,143.52
7889.0,Potential Loyalists,1,4,442,1,144.35
7890.0,Loyal Customers,1,4,52,1,105.99
7891.0,Potential Loyalists,1,4,496,1,124.89
7892.0,Loyal Customers,1,4,66,1,110.53
7893.0,Potential Loyalists,1,4,503,1,135.59
7894.0,Lost Customers,1,4,558,1,116.58
7895.0,Potential Loyalists,1,4,403,1,162.15
7896.0,Potential Loyalists,1,4,396,1,127.11
7897.0,Champions,1,4,171,1,172.94
7898.0,Loyal Customers,1,4,46,1,127.03
7899.0,Champions,1,4,159,1,274.31
7900.0,Potential Loyalists,1,4,489,1,88.74
7901.0,Potential Loyalists,1,4,408,1,142.53
7902.0,Potential Loyalists,1,4,483,1,92.75
7903.0,Loyal Customers,1,4,272,1,102.24
7904.0,Loyal Customers,1,4,76,1,148.32
7905.0,Champions,1,4,41,1,168.3
7906.0,Potential Loyalists,1,4,528,1,162.44
7907.0,Loyal Customers,1,4,293,1,92.04
7908.0,Loyal Customers,1,4,299,1,140.74
7909.0,Champions,1,4,119,1,232.33
7910.0,Potential Loyalists,1,4,412,1,103.27
7911.0,Lost Customers,1,4,711,1,177.93
7912.0,Lost Customers,1,4,665,1,119.12
7913.0,Potential Loyalists,1,4,400,1,240.97
7914.0,Loyal Customers,1,4,107,1,137.51
7915.0,Potential Loyalists,1,4,408,1,128.05
7916.0,Loyal Customers,1,4,195,1,94.78
7917.0,Lost Customers,1,4,623,1,99.37
7918.0,Loyal Customers,1,4,253,1,110.13
7919.0,Loyal Customers,1,4,231,1,91.9
7920.0,Loyal Customers,1,4,281,1,189.05
7921.0,Lost Customers,1,4,634,1,210.72
7922.0,Loyal Customers,1,4,107,1,99.3
7923.0,Potential Loyalists,1,4,547,1,181.94
7924.0,Lost Customers,1,4,716,1,128.27
7925.0,Lost Customers,1,4,668,1,129.56
7926.0,Potential Loyalists,1,4,367,1,94.49
7927.0,Lost Customers,1,4,561,1,279.6
7928.0,Potential Loyalists,1,4,369,1,149.34
7929.0,Lost Customers,1,4,644,1,146.66
7930.0,Loyal Customers,1,4,264,1,187.88
7931.0,Loyal Customers,1,4,59,1,132.05
7932.0,Loyal Customers,1,4,100,1,133.6
7933.0,Loyal Customers,1,4,31,1,132.62
7934.0,Lost Customers,1,4,650,1,85.93
7935.0,Loyal Customers,1,4,350,1,149.58
7936.0,Champions,1,4,68,1,214.26
7937.0,Loyal Customers,1,4,96,1,108.06
7938.0,Loyal Customers,1,4,360,1,114.49
7939.0,Potential Loyalists,1,4,430,1,58.59
7940.0,Potential Loyalists,1,4,382,1,162.77
7941.0,Loyal Customers,1,4,265,1,93.28
7942.0,Loyal Customers,1,4,119,1,98.74
7943.0,Loyal Customers,1,4,200,1,106.46
7944.0,Loyal Customers,1,4,20,1,139.05
7945.0,Loyal Customers,1,4,301,1,134.2
7946.0,Loyal Customers,1,4,95,1,138.89
7947.0,Lost Customers,1,4,590,1,121.3
7948.0,Potential Loyalists,1,4,427,1,89.66
7949.0,Champions,1,4,131,1,179.12
7950.0,Potential Loyalists,1,4,433,1,154.28
7951.0,Loyal Customers,1,4,45,1,141.64
7952.0,Lost Customers,1,4,728,1,186.03
7953.0,Lost Customers,1,4,597,1,160.96
7954.0,Lost Customers,1,4,633,1,82.93
7955.0,Loyal Customers,1,4,165,1,99.31
7956.0,Lost Customers,1,4,595,1,76.68
7957.0,Loyal Customers,1,4,91,1,83.02
7958.0,Lost Customers,1,4,684,1,177.36
7959.0,Champions,1,4,84,1,263.45
7960.0,Loyal Customers,1,4,352,1,142.72
7961.0,Loyal Customers,1,4,334,1,221.01
7962.0,Potential Loyalists,1,4,456,1,200.85
7963.0,Lost Customers,1,4,621,1,66.8
7964.0,Lost Customers,1,4,669,1,61.36
7965.0,Loyal Customers,1,4,313,1,107.33
7966.0,Potential Loyalists,1,4,433,1,77.39
7967.0,Loyal Customers,1,4,77,1,97.89
7968.0,Loyal Customers,1,4,159,1,154.36
7969.0,Potential Loyalists,1,4,459,1,256.51
7970.0,Potential Loyalists,1,4,538,1,122.35
7971.0,Lost Customers,1,4,707,1,48.93
7972.0,Loyal Customers,1,4,121,1,122.11
7973.0,Potential Loyalists,1,4,495,1,128.11
7974.0,Lost Customers,1,4,586,1,98.9
7975.0,Loyal Customers,1,4,364,1,146.89
7976.0,Potential Loyalists,1,4,395,1,84.16
7977.0,Potential Loyalists,1,4,430,1,139.75
7978.0,Loyal Customers,1,4,53,1,65.22
7979.0,Champions,1,4,144,1,169.0
7980.0,Potential Loyalists,1,4,388,1,93.89
7981.0,Potential Loyalists,1,4,544,1,94.16
7982.0,Champions,1,4,71,1,198.69
7983.0,Potential Loyalists,1,4,427,1,68.4
7984.0,Loyal Customers,1,4,315,1,69.27
7985.0,Lost Customers,1,4,571,1,217.58
7986.0,Lost Customers,1,4,686,1,172.97
7987.0,Loyal Customers,1,4,261,1,90.02
7988.0,Potential Loyalists,1,4,423,1,172.82
7989.0,Loyal Customers,1,4,0,1,111.63
7990.0,Potential Loyalists,1,4,528,1,116.62
7991.0,Potential Loyalists,1,4,538,1,131.67
7992.0,Potential Loyalists,1,4,534,1,94.54
7993.0,Lost Customers,1,4,616,1,146.04
7994.0,Loyal Customers,1,4,266,1,126.65
7995.0,Lost Customers,1,4,553,1,85.67
7996.0,Champions,1,4,161,1,206.12
7997.0,Loyal Customers,1,4,138,1,137.73
7998.0,Loyal Customers,1,4,94,1,164.04
7999.0,Lost Customers,1,4,718,1,110.34
8000.0,Lost Customers,1,4,620,1,131.7
8001.0,Potential Loyalists,1,4,434,1,131.85
8002.0,Loyal Customers,1,4,335,1,120.42
8003.0,Potential Loyalists,1,4,475,1,107.32
8004.0,Loyal Customers,1,4,208,1,79.67
8005.0,Potential Loyalists,1,4,425,1,133.6
8006.0,Potential Loyalists,1,4,410,1,104.91
8007.0,Loyal Customers,1,4,231,1,122.59
8008.0,Loyal Customers,1,4,89,1,133.35
8009.0,Potential Loyalists,1,4,428,1,188.85
8010.0,Lost Customers,1,4,626,1,138.14
8011.0,Loyal Customers,1,4,55,1,153.96
8012.0,Loyal Customers,1,4,284,1,100.95
8013.0,Loyal Customers,1,4,240,1,172.93
8014.0,Potential Loyalists,1,4,516,1,64.25
8015.0,Loyal Customers,1,4,198,1,90.48
8016.0,Lost Customers,1,4,642,1,171.36
8017.0,Loyal Customers,1,4,174,1,93.73
8018.0,Loyal Customers,1,4,51,1,108.59
8019.0,Loyal Customers,1,4,164,1,92.26
8020.0,Lost Customers,1,4,637,1,164.78
8021.0,Loyal Customers,1,4,292,1,91.33
8022.0,Loyal Customers,1,4,314,1,138.91
8023.0,Potential Loyalists,1,4,525,1,180.44
8024.0,Potential Loyalists,1,4,469,1,146.58
8025.0,Loyal Customers,1,4,207,1,118.16
8026.0,Potential Loyalists,1,4,539,1,241.11
8027.0,Loyal Customers,1,4,338,1,74.04
8028.0,Loyal Customers,1,4,226,1,85.72
8029.0,Lost Customers,1,4,566,1,106.6
8030.0,Potential Loyalists,1,4,468,1,156.72
8031.0,Potential Loyalists,1,4,449,1,159.56
8032.0,Potential Loyalists,1,4,412,1,271.52
8033.0,Loyal Customers,1,4,281,1,153.53
8034.0,Loyal Customers,1,4,142,1,123.07
8035.0,Lost Customers,1,4,576,1,64.58
8036.0,Potential Loyalists,1,4,425,1,156.84
8037.0,Loyal Customers,1,4,302,1,155.45
8038.0,Potential Loyalists,1,4,453,1,254.54
8039.0,Potential Loyalists,1,4,410,1,282.57
8040.0,Loyal Customers,1,4,279,1,117.62
8041.0,Potential Loyalists,1,4,523,1,142.78
8042.0,Loyal Customers,1,4,251,1,70.61
8043.0,Loyal Customers,1,4,284,1,270.81
8044.0,Loyal Customers,1,4,301,1,135.12
8045.0,Loyal Customers,1,4,11,1,106.08
8046.0,Loyal Customers,1,4,304,1,131.69
8047.0,Lost Customers,1,4,673,1,78.86
8048.0,Lost Customers,1,4,692,1,94.54
8049.0,Lost Customers,1,4,714,1,85.36
8050.0,Loyal Customers,1,4,348,1,94.04
8051.0,Potential Loyalists,1,4,423,1,102.32
8052.0,Loyal Customers,1,4,110,1,84.79
8053.0,Loyal Customers,1,4,197,1,164.11
8054.0,Potential Loyalists,1,4,468,1,85.95
8055.0,Potential Loyalists,1,4,374,1,134.32
8056.0,Lost Customers,1,4,654,1,121.66
8057.0,Lost Customers,1,4,644,1,108.64
8058.0,Potential Loyalists,1,4,495,1,74.59
8059.0,Lost Customers,1,4,631,1,115.21
8060.0,Potential Loyalists,1,4,491,1,103.83
8061.0,Lost Customers,1,4,728,1,178.83
8062.0,Lost Customers,1,4,682,1,102.73
8063.0,Loyal Customers,1,4,192,1,125.42
8064.0,Loyal Customers,1,4,248,1,189.13
8065.0,Loyal Customers,1,4,295,1,89.99
8066.0,Champions,1,4,1,1,170.4
8067.0,Lost Customers,1,4,551,1,133.31
8068.0,Lost Customers,1,4,622,1,114.56
8069.0,Potential Loyalists,1,4,399,1,69.41
8070.0,Lost Customers,1,4,703,1,142.81
8071.0,Loyal Customers,1,4,62,1,49.36
8072.0,Lost Customers,1,4,575,1,106.37
8073.0,Potential Loyalists,1,4,456,1,190.9
8074.0,Lost Customers,1,4,624,1,97.97
8075.0,Loyal Customers,1,4,231,1,116.14
8076.0,Lost Customers,1,4,670,1,125.31
8077.0,Lost Customers,1,4,682,1,120.21
8078.0,Potential Loyalists,1,4,422,1,174.32
8079.0,Loyal Customers,1,4,304,1,115.68
8080.0,Loyal Customers,1,4,332,1,152.7
8081.0,Loyal Customers,1,4,361,1,166.93
8082.0,Loyal Customers,1,4,145,1,94.89
8083.0,Lost Customers,1,4,709,1,107.17
8084.0,Potential Loyalists,1,4,454,1,104.13
8085.0,Loyal Customers,1,4,338,1,95.56
8086.0,Potential Loyalists,1,4,484,1,59.49
8087.0,Lost Customers,1,4,612,1,137.3
8088.0,Potential Loyalists,1,4,375,1,132.23
8089.0,Loyal Customers,1,4,310,1,121.62
8090.0,Lost Customers,1,4,642,1,174.61
8091.0,Loyal Customers,1,4,210,1,128.45
8092.0,Lost Customers,1,4,552,1,152.73
8093.0,Lost Customers,1,4,581,1,84.81
8094.0,Loyal Customers,1,4,189,1,100.75
8095.0,Potential Loyalists,1,4,424,1,109.54
8096.0,Lost Customers,1,4,553,1,74.81
8097.0,Loyal Customers,1,4,349,1,70.82
8098.0,Potential Loyalists,1,4,445,1,152.49
8099.0,Loyal Customers,1,4,1,1,94.23
8100.0,Loyal Customers,1,4,254,1,185.1
8101.0,Loyal Customers,1,4,217,1,103.2
8102.0,Potential Loyalists,1,4,547,1,77.3
8103.0,Potential Loyalists,1,4,473,1,120.16
8104.0,Loyal Customers,1,4,12,1,15.0
8105.0,Loyal Customers,1,4,355,1,160.5
8106.0,Loyal Customers,1,4,192,1,142.55
8107.0,Potential Loyalists,1,4,508,1,158.52
8108.0,Lost Customers,1,4,615,1,101.03
8109.0,Champions,1,4,33,1,197.04
8110.0,Loyal Customers,1,4,278,1,133.15
8111.0,Lost Customers,1,4,643,1,94.08
8112.0,Potential Loyalists,1,4,463,1,149.49
8113.0,Lost Customers,1,4,612,1,217.94
8114.0,Lost Customers,1,4,596,1,197.6
8115.0,Loyal Customers,1,4,89,1,72.34
8116.0,Loyal Customers,1,4,50,1,65.59
8117.0,Champions,1,4,139,1,179.74
8118.0,Loyal Customers,1,4,366,1,157.68
8119.0,Loyal Customers,1,4,50,1,121.56
8120.0,Loyal Customers,1,4,84,1,123.99
8121.0,Potential Loyalists,1,4,384,1,65.89
8122.0,Champions,1,4,8,1,224.42
8123.0,Loyal Customers,1,4,280,1,98.93
8124.0,Potential Loyalists,1,4,406,1,137.87
8125.0,Loyal Customers,1,4,158,1,96.11
8126.0,Loyal Customers,1,4,283,1,117.97
8127.0,Loyal Customers,1,4,223,1,152.06
8128.0,Potential Loyalists,1,4,500,1,41.01
8129.0,Loyal Customers,1,4,83,1,123.07
8130.0,Loyal Customers,1,4,158,1,124.34
8131.0,Loyal Customers,1,4,291,1,221.46
8132.0,Potential Loyalists,1,4,499,1,162.84
8133.0,Lost Customers,1,4,700,1,125.14
8134.0,Lost Customers,1,4,627,1,171.25
8135.0,Lost Customers,1,4,614,1,92.26
8136.0,Loyal Customers,1,4,86,1,88.44
8137.0,Potential Loyalists,1,4,446,1,177.15
8138.0,Potential Loyalists,1,4,525,1,193.92
8139.0,Lost Customers,1,4,573,1,132.9
8140.0,Loyal Customers,1,4,105,1,117.15
8141.0,Loyal Customers,1,4,61,1,132.83
8142.0,Loyal Customers,1,4,126,1,147.05
8143.0,Loyal Customers,1,4,151,1,91.81
8144.0,Potential Loyalists,1,4,372,1,99.01
8145.0,Loyal Customers,1,4,147,1,78.34
8146.0,Loyal Customers,1,4,143,1,104.95
8147.0,Lost Customers,1,4,714,1,220.2
8148.0,Loyal Customers,1,4,36,1,103.98
8149.0,Lost Customers,1,4,645,1,93.15
8150.0,Loyal Customers,1,4,179,1,78.69
8151.0,Loyal Customers,1,4,273,1,88.99
8152.0,Potential Loyalists,1,4,529,1,124.26
8153.0,Loyal Customers,1,4,282,1,105.51
8154.0,Lost Customers,1,4,614,1,95.44
8155.0,Loyal Customers,1,4,169,1,137.84
8156.0,Lost Customers,1,4,721,1,99.21
8157.0,Champions,1,4,86,1,167.28
8158.0,Loyal Customers,1,4,244,1,120.88
8159.0,Potential Loyalists,1,4,491,1,185.02
8160.0,Lost Customers,1,4,676,1,165.09
8161.0,Loyal Customers,1,4,86,1,83.44
8162.0,Loyal Customers,1,4,230,1,69.92
8163.0,Champions,1,4,132,1,194.2
8164.0,Champions,1,4,43,1,168.77
8165.0,Loyal Customers,1,4,61,1,52.42
8166.0,Loyal Customers,1,4,15,1,139.5
8167.0,Loyal Customers,1,4,203,1,107.62
8168.0,Loyal Customers,1,4,14,1,136.51
8169.0,Loyal Customers,1,4,48,1,65.26
8170.0,Potential Loyalists,1,4,401,1,76.04
8171.0,Lost Customers,1,4,589,1,171.27
8172.0,Champions,1,4,173,1,176.27
8173.0,Lost Customers,1,4,637,1,77.06
8174.0,Potential Loyalists,1,4,404,1,179.78
8175.0,Loyal Customers,1,4,65,1,85.92
8176.0,Loyal Customers,1,4,187,1,45.78
8177.0,Loyal Customers,1,4,144,1,91.69
8178.0,Loyal Customers,1,4,288,1,46.51
8179.0,Champions,1,4,65,1,165.25
8180.0,Loyal Customers,1,4,245,1,118.5
8181.0,Loyal Customers,1,4,153,1,84.11
8182.0,Lost Customers,1,4,579,1,86.5
8183.0,Potential Loyalists,1,4,439,1,124.31
8184.0,Lost Customers,1,4,721,1,150.19
8185.0,Loyal Customers,1,4,9,1,95.32
8186.0,Loyal Customers,1,4,117,1,125.72
8187.0,Lost Customers,1,4,559,1,82.86
8188.0,Loyal Customers,1,4,335,1,105.56
8189.0,Potential Loyalists,1,4,404,1,235.41
8190.0,Lost Customers,1,4,660,1,84.21
8191.0,Loyal Customers,1,4,349,1,75.19
8192.0,Loyal Customers,1,4,179,1,121.48
8193.0,Potential Loyalists,1,4,532,1,59.94
8194.0,Loyal Customers,1,4,317,1,113.2
8195.0,Potential Loyalists,1,4,432,1,154.42
8196.0,Potential Loyalists,1,4,417,1,132.71
8197.0,Potential Loyalists,1,4,404,1,99.84
8198.0,Potential Loyalists,1,4,443,1,104.62
8199.0,Loyal Customers,1,4,219,1,166.7
8200.0,Lost Customers,1,4,584,1,238.9
8201.0,Potential Loyalists,1,4,537,1,75.5
8202.0,Champions,1,4,58,1,202.41
8203.0,Potential Loyalists,1,4,515,1,162.68
8204.0,Potential Loyalists,1,4,529,1,102.36
8205.0,Lost Customers,1,4,553,1,126.57
8206.0,Lost Customers,1,4,637,1,80.86
8207.0,Lost Customers,1,4,716,1,136.11
8208.0,Loyal Customers,1,4,68,1,105.06
8209.0,Potential Loyalists,1,4,453,1,94.54
8210.0,Loyal Customers,1,4,205,1,165.31
8211.0,Loyal Customers,1,4,305,1,132.83
8212.0,Potential Loyalists,1,4,372,1,82.53
8213.0,Lost Customers,1,4,643,1,109.92
8214.0,Loyal Customers,1,4,293,1,110.61
8215.0,Potential Loyalists,1,4,463,1,123.17
8216.0,Potential Loyalists,1,4,468,1,166.34
8217.0,Loyal Customers,1,4,179,1,103.1
8218.0,Lost Customers,1,4,553,1,121.31
8219.0,Loyal Customers,1,4,302,1,186.81
8220.0,Lost Customers,1,4,638,1,127.48
8221.0,Lost Customers,1,4,568,1,128.79
8222.0,Loyal Customers,1,4,296,1,141.77
8223.0,Lost Customers,1,4,667,1,97.4
8224.0,Potential Loyalists,1,4,423,1,121.39
8225.0,Potential Loyalists,1,4,446,1,206.18
8226.0,Potential Loyalists,1,4,475,1,140.47
8227.0,Loyal Customers,1,4,351,1,168.31
8228.0,Loyal Customers,1,4,221,1,119.14
8229.0,Loyal Customers,1,4,201,1,109.37
8230.0,Potential Loyalists,1,4,527,1,142.08
8231.0,Loyal Customers,1,4,80,1,70.0
8232.0,Lost Customers,1,4,701,1,118.99
8233.0,Potential Loyalists,1,4,434,1,97.63
8234.0,Potential Loyalists,1,4,400,1,109.88
8235.0,Lost Customers,1,4,557,1,103.48
8236.0,Loyal Customers,1,4,309,1,102.04
8237.0,Loyal Customers,1,4,299,1,52.7
8238.0,Loyal Customers,1,4,313,1,152.91
8239.0,Loyal Customers,1,4,359,1,103.03
8240.0,Loyal Customers,1,4,104,1,160.36
8241.0,Potential Loyalists,1,4,455,1,128.39
8242.0,Loyal Customers,1,4,332,1,117.39
8243.0,Loyal Customers,1,4,122,1,80.35
8244.0,Loyal Customers,1,4,312,1,148.45
8245.0,Loyal Customers,1,4,314,1,57.72
8246.0,Loyal Customers,1,4,352,1,94.26
8247.0,Potential Loyalists,1,4,440,1,95.46
8248.0,Potential Loyalists,1,4,504,1,100.18
8249.0,Loyal Customers,1,4,232,1,93.75
8250.0,Loyal Customers,1,4,145,1,159.84
8251.0,Loyal Customers,1,4,282,1,147.32
8252.0,Lost Customers,1,4,586,1,134.04
8253.0,Loyal Customers,1,4,286,1,147.37
8254.0,Loyal Customers,1,4,298,1,101.05
8255.0,Potential Loyalists,1,4,434,1,164.37
8256.0,Loyal Customers,1,4,41,1,129.95
8257.0,Lost Customers,1,4,564,1,87.82
8258.0,Loyal Customers,1,4,199,1,111.7
8259.0,Lost Customers,1,4,610,1,107.57
8260.0,Loyal Customers,1,4,12,1,97.44
8261.0,Potential Loyalists,1,4,377,1,95.09
8262.0,Loyal Customers,1,4,318,1,139.52
8263.0,Loyal Customers,1,4,340,1,126.6
8264.0,Potential Loyalists,1,4,378,1,134.84
8265.0,Lost Customers,1,4,576,1,163.83
8266.0,Potential Loyalists,1,4,502,1,144.45
8267.0,Loyal Customers,1,4,181,1,71.66
8268.0,Potential Loyalists,1,4,446,1,146.12
8269.0,Potential Loyalists,1,4,476,1,102.6
8270.0,Lost Customers,1,4,679,1,68.97
8271.0,Lost Customers,1,4,680,1,160.26
8272.0,Champions,1,4,171,1,178.81
8273.0,Potential Loyalists,1,4,429,1,77.15
8274.0,Loyal Customers,1,4,36,1,100.81
8275.0,Potential Loyalists,1,4,539,1,80.08
8276.0,Loyal Customers,1,4,361,1,177.44
8277.0,Loyal Customers,1,4,296,1,239.05
8278.0,Lost Customers,1,4,720,1,159.31
8279.0,Lost Customers,1,4,612,1,91.64
8280.0,Loyal Customers,1,4,285,1,152.82
8281.0,Potential Loyalists,1,4,435,1,138.78
8282.0,Loyal Customers,1,4,272,1,115.51
8283.0,Potential Loyalists,1,4,526,1,59.76
8284.0,Loyal Customers,1,4,44,1,64.81
8285.0,Lost Customers,1,4,723,1,131.69
8286.0,Loyal Customers,1,4,213,1,113.96
8287.0,Loyal Customers,1,4,138,1,128.76
8288.0,Loyal Customers,1,4,95,1,149.23
8289.0,Potential Loyalists,1,4,452,1,65.32
8290.0,Loyal Customers,1,4,234,1,94.68
8291.0,Potential Loyalists,1,4,517,1,123.43
8292.0,Potential Loyalists,1,4,452,1,218.41
8293.0,Champions,1,4,34,1,270.15
8294.0,Loyal Customers,1,4,267,1,130.15
8295.0,Lost Customers,1,4,673,1,139.62
8296.0,Champions,1,4,77,1,182.06
8297.0,Lost Customers,1,4,550,1,131.61
8298.0,Loyal Customers,1,4,203,1,102.45
8299.0,Potential Loyalists,1,4,507,1,232.47
8300.0,Loyal Customers,1,4,345,1,91.08
8301.0,Loyal Customers,1,4,99,1,117.32
8302.0,Loyal Customers,1,4,83,1,142.12
8303.0,Loyal Customers,1,4,285,1,106.35
8304.0,Lost Customers,1,4,620,1,64.97
8305.0,Potential Loyalists,1,4,525,1,226.5
8306.0,Potential Loyalists,1,4,368,1,116.04
8307.0,Lost Customers,1,4,587,1,76.6
8308.0,Lost Customers,1,4,671,1,142.37
8309.0,Potential Loyalists,1,4,492,1,155.2
8310.0,Loyal Customers,1,4,267,1,83.6
8311.0,Loyal Customers,1,4,4,1,156.29
8312.0,Loyal Customers,1,4,123,1,109.06
8313.0,Potential Loyalists,1,4,441,1,114.85
8314.0,Lost Customers,1,4,652,1,87.29
8315.0,Potential Loyalists,1,4,505,1,176.42
8316.0,Lost Customers,1,4,553,1,246.62
8317.0,Loyal Customers,1,4,345,1,104.61
8318.0,Potential Loyalists,1,4,398,1,118.37
8319.0,Loyal Customers,1,4,228,1,75.5
8320.0,Loyal Customers,1,4,119,1,96.64
8321.0,Potential Loyalists,1,4,374,1,158.08
8322.0,Loyal Customers,1,4,86,1,88.11
8323.0,Potential Loyalists,1,4,493,1,167.73
8324.0,Loyal Customers,1,4,146,1,114.62
8325.0,Potential Loyalists,1,4,410,1,88.18
8326.0,Lost Customers,1,4,560,1,114.83
8327.0,Loyal Customers,1,4,180,1,139.72
8328.0,Potential Loyalists,1,4,484,1,127.17
8329.0,Lost Customers,1,4,670,1,215.11
8330.0,Potential Loyalists,1,4,540,1,109.58
8331.0,Lost Customers,1,4,679,1,118.51
8332.0,Potential Loyalists,1,4,514,1,210.89
8333.0,Potential Loyalists,1,4,533,1,143.5
8334.0,Potential Loyalists,1,4,469,1,176.46
8335.0,Loyal Customers,1,4,244,1,171.78
8336.0,Lost Customers,1,4,689,1,224.57
8337.0,Lost Customers,1,4,678,1,147.81
8338.0,Potential Loyalists,1,4,501,1,106.43
8339.0,Loyal Customers,1,4,172,1,62.49
8340.0,Potential Loyalists,1,4,376,1,96.29
8341.0,Loyal Customers,1,4,196,1,121.12
8342.0,Lost Customers,1,4,553,1,165.05
8343.0,Lost Customers,1,4,698,1,113.29
8344.0,Potential Loyalists,1,4,385,1,178.61
8345.0,Lost Customers,1,4,705,1,96.01
8346.0,Potential Loyalists,1,4,487,1,110.22
8347.0,Loyal Customers,1,4,104,1,118.5
8348.0,Loyal Customers,1,4,347,1,95.15
8349.0,Potential Loyalists,1,4,460,1,75.87
8350.0,Lost Customers,1,4,626,1,113.85
8351.0,Lost Customers,1,4,718,1,95.55
8352.0,Loyal Customers,1,4,111,1,153.75
8353.0,Lost Customers,1,4,703,1,202.41
8354.0,Loyal Customers,1,4,15,1,103.73
8355.0,Loyal Customers,1,4,199,1,202.23
8356.0,Potential Loyalists,1,4,480,1,119.06
8357.0,Potential Loyalists,1,4,538,1,86.95
8358.0,Loyal Customers,1,4,249,1,132.79
8359.0,Lost Customers,1,4,674,1,178.4
8360.0,Loyal Customers,1,4,283,1,121.83
8361.0,Loyal Customers,1,4,205,1,92.02
8362.0,Loyal Customers,1,4,79,1,164.62
8363.0,Lost Customers,1,4,550,1,111.91
8364.0,Lost Customers,1,4,561,1,80.86
8365.0,Loyal Customers,1,4,306,1,142.11
8366.0,Loyal Customers,1,4,80,1,99.47
8367.0,Potential Loyalists,1,4,451,1,89.27
8368.0,Potential Loyalists,1,4,427,1,107.21
8369.0,Loyal Customers,1,4,256,1,156.66
8370.0,Loyal Customers,1,4,82,1,115.29
8371.0,Loyal Customers,1,4,340,1,43.5
8372.0,Champions,1,4,97,1,278.1
8373.0,Potential Loyalists,1,4,457,1,105.75
8374.0,Loyal Customers,1,4,177,1,105.7
8375.0,Lost Customers,1,4,678,1,155.49
8376.0,Loyal Customers,1,4,120,1,164.75
8377.0,Loyal Customers,1,4,175,1,123.41
8378.0,Loyal Customers,1,4,235,1,58.69
8379.0,Potential Loyalists,1,4,487,1,78.37
8380.0,Loyal Customers,1,4,94,1,73.34
8381.0,Potential Loyalists,1,4,515,1,172.54
8382.0,Lost Customers,1,4,564,1,110.86
8383.0,Lost Customers,1,4,586,1,94.23
8384.0,Potential Loyalists,1,4,449,1,93.89
8385.0,Lost Customers,1,4,701,1,87.75
8386.0,Lost Customers,1,4,679,1,85.36
8387.0,Loyal Customers,1,4,234,1,183.46
8388.0,Lost Customers,1,4,628,1,101.07
8389.0,Champions,1,4,151,1,172.82
8390.0,Loyal Customers,1,4,205,1,209.44
8391.0,Loyal Customers,1,4,194,1,156.89
8392.0,Potential Loyalists,1,4,374,1,98.68
8393.0,Lost Customers,1,4,560,1,168.85
8394.0,Potential Loyalists,1,4,445,1,156.43
8395.0,Loyal Customers,1,4,91,1,61.17
8396.0,Loyal Customers,1,4,214,1,119.96
8397.0,Loyal Customers,1,4,13,1,76.06
8398.0,Potential Loyalists,1,4,472,1,172.93
8399.0,Potential Loyalists,1,4,508,1,142.74
8400.0,Loyal Customers,1,4,217,1,93.11
8401.0,Loyal Customers,1,4,242,1,112.37
8402.0,Potential Loyalists,1,4,428,1,68.75
8403.0,Lost Customers,1,4,713,1,125.95
8404.0,Lost Customers,1,4,626,1,64.28
8405.0,Potential Loyalists,1,4,495,1,274.23
8406.0,Lost Customers,1,4,578,1,84.03
8407.0,Champions,1,4,15,1,233.5
8408.0,Loyal Customers,1,4,72,1,120.78
8409.0,Loyal Customers,1,4,160,1,115.05
8410.0,Potential Loyalists,1,4,451,1,164.19
8411.0,Loyal Customers,1,4,297,1,110.8
8412.0,Lost Customers,1,4,600,1,86.28
8413.0,Loyal Customers,1,4,342,1,113.01
8414.0,Loyal Customers,1,4,336,1,142.23
8415.0,Loyal Customers,1,4,346,1,187.92
8416.0,Loyal Customers,1,4,89,1,74.95
8417.0,Loyal Customers,1,4,236,1,109.45
8418.0,Potential Loyalists,1,4,516,1,123.31
8419.0,Loyal Customers,1,4,15,1,81.74
8420.0,Champions,1,4,135,1,196.82
8421.0,Loyal Customers,1,4,55,1,60.34
8422.0,Lost Customers,1,4,583,1,133.8
8423.0,Lost Customers,1,4,656,1,111.54
8424.0,Lost Customers,1,4,635,1,130.23
8425.0,Lost Customers,1,4,643,1,109.61
8426.0,Lost Customers,1,4,578,1,71.16
8427.0,Loyal Customers,1,4,299,1,127.08
8428.0,Loyal Customers,1,4,155,1,100.21
8429.0,Potential Loyalists,1,4,450,1,192.23
8430.0,Loyal Customers,1,4,345,1,88.42
8431.0,Loyal Customers,1,4,26,1,93.18
8432.0,Potential Loyalists,1,4,386,1,111.72
8433.0,Champions,1,4,84,1,199.41
8434.0,Lost Customers,1,4,604,1,175.35
8435.0,Lost Customers,1,4,598,1,41.57
8436.0,Loyal Customers,1,4,337,1,134.81
8437.0,Loyal Customers,1,4,98,1,69.16
8438.0,Lost Customers,1,4,573,1,87.03
8439.0,Potential Loyalists,1,4,389,1,178.92
8440.0,Potential Loyalists,1,4,387,1,95.59
8441.0,Potential Loyalists,1,4,533,1,176.12
8442.0,Lost Customers,1,4,563,1,133.66
8443.0,Lost Customers,1,4,574,1,131.55
8444.0,Potential Loyalists,1,4,517,1,94.8
8445.0,Loyal Customers,1,4,195,1,128.43
8446.0,Loyal Customers,1,4,264,1,105.65
8447.0,Loyal Customers,1,4,268,1,85.26
8448.0,Loyal Customers,1,4,360,1,152.09
8449.0,Loyal Customers,1,4,112,1,158.53
8450.0,Loyal Customers,1,4,131,1,122.29
8451.0,Loyal Customers,1,4,16,1,96.24
8452.0,Loyal Customers,1,4,121,1,96.11
8453.0,Lost Customers,1,4,702,1,150.34
8454.0,Loyal Customers,1,4,330,1,94.98
8455.0,Loyal Customers,1,4,65,1,113.7
8456.0,Loyal Customers,1,4,272,1,117.95
8457.0,Loyal Customers,1,4,181,1,82.02
8458.0,Potential Loyalists,1,4,528,1,117.89
8459.0,Loyal Customers,1,4,194,1,25.16
8460.0,Lost Customers,1,4,708,1,87.31
8461.0,Lost Customers,1,4,701,1,110.68
8462.0,Lost Customers,1,4,695,1,116.59
8463.0,Loyal Customers,1,4,230,1,192.01
8464.0,Lost Customers,1,4,707,1,105.06
8465.0,Lost Customers,1,4,625,1,79.1
8466.0,Loyal Customers,1,4,182,1,127.79
8467.0,Potential Loyalists,1,4,374,1,101.61
8468.0,Lost Customers,1,4,711,1,77.43
8469.0,Loyal Customers,1,4,10,1,87.02
8470.0,Loyal Customers,1,4,355,1,128.05
8471.0,Loyal Customers,1,4,52,1,86.38
8472.0,Potential Loyalists,1,4,486,1,231.51
8473.0,Potential Loyalists,1,4,478,1,121.35
8474.0,Loyal Customers,1,4,166,1,46.36
8475.0,Loyal Customers,1,4,175,1,109.72
8476.0,Loyal Customers,1,4,38,1,157.16
8477.0,Potential Loyalists,1,4,472,1,193.53
8478.0,Lost Customers,1,4,645,1,212.63
8479.0,Lost Customers,1,4,726,1,100.81
8480.0,Potential Loyalists,1,4,474,1,98.43
8481.0,Loyal Customers,1,4,214,1,152.5
8482.0,Potential Loyalists,1,4,483,1,168.38
8483.0,Loyal Customers,1,4,53,1,140.25
8484.0,Potential Loyalists,1,4,475,1,140.72
8485.0,Potential Loyalists,1,4,460,1,123.99
8486.0,Loyal Customers,1,4,332,1,62.05
8487.0,Loyal Customers,1,4,112,1,144.89
8488.0,Loyal Customers,1,4,51,1,84.47
8489.0,Potential Loyalists,1,4,446,1,118.76
8490.0,Potential Loyalists,1,4,469,1,98.9
8491.0,Lost Customers,1,4,621,1,166.37
8492.0,Lost Customers,1,4,705,1,107.9
8493.0,Potential Loyalists,1,4,497,1,83.4
8494.0,Loyal Customers,1,4,317,1,109.34
8495.0,Potential Loyalists,1,4,433,1,71.31
8496.0,Champions,1,4,21,1,170.53
8497.0,Lost Customers,1,4,583,1,113.62
8498.0,Loyal Customers,1,4,314,1,76.14
8499.0,Champions,1,4,181,1,170.73
8500.0,Lost Customers,1,4,650,1,262.45
8501.0,Loyal Customers,1,4,83,1,159.19
8502.0,Lost Customers,1,4,693,1,151.66
8503.0,Potential Loyalists,1,4,476,1,127.28
8504.0,Lost Customers,1,4,556,1,141.04
8505.0,Potential Loyalists,1,4,498,1,94.13
8506.0,Lost Customers,1,4,673,1,81.42
8507.0,Loyal Customers,1,4,108,1,76.03
8508.0,Potential Loyalists,1,4,499,1,129.31
8509.0,Loyal Customers,1,4,269,1,97.16
8510.0,Loyal Customers,1,4,246,1,124.69
8511.0,Loyal Customers,1,4,245,1,295.95
8512.0,Loyal Customers,1,4,194,1,123.09
8513.0,Potential Loyalists,1,4,482,1,120.75
8514.0,Potential Loyalists,1,4,520,1,140.09
8515.0,Lost Customers,1,4,642,1,68.38
8516.0,Lost Customers,1,4,723,1,107.42
8517.0,Loyal Customers,1,4,197,1,79.86
8518.0,Potential Loyalists,1,4,450,1,115.82
8519.0,Lost Customers,1,4,601,1,133.32
8520.0,Loyal Customers,1,4,0,1,116.04
8521.0,Lost Customers,1,4,575,1,107.3
8522.0,Loyal Customers,1,4,262,1,109.91
8523.0,Loyal Customers,1,4,357,1,68.53
8524.0,Lost Customers,1,4,551,1,83.13
8525.0,Lost Customers,1,4,666,1,112.59
8526.0,Potential Loyalists,1,4,542,1,182.89
8527.0,Loyal Customers,1,4,303,1,81.99
8528.0,Loyal Customers,1,4,17,1,97.68
8529.0,Potential Loyalists,1,4,535,1,88.17
8530.0,Loyal Customers,1,4,331,1,85.33
8531.0,Champions,1,4,148,1,182.59
8532.0,Loyal Customers,1,4,321,1,54.08
8533.0,Loyal Customers,1,4,57,1,60.16
8534.0,Potential Loyalists,1,4,483,1,69.82
8535.0,Loyal Customers,1,4,3,1,71.27
8536.0,Loyal Customers,1,4,87,1,101.21
8537.0,Lost Customers,1,4,710,1,140.43
8538.0,Potential Loyalists,1,4,522,1,152.12
8539.0,Potential Loyalists,1,4,368,1,77.81
8540.0,Loyal Customers,1,4,182,1,84.08
8541.0,Lost Customers,1,4,594,1,134.27
8542.0,Potential Loyalists,1,4,382,1,135.91
8543.0,Potential Loyalists,1,4,507,1,112.6
8544.0,Loyal Customers,1,4,30,1,100.79
8545.0,Loyal Customers,1,4,18,1,110.85
8546.0,Potential Loyalists,1,4,424,1,80.55
8547.0,Loyal Customers,1,4,159,1,144.31
8548.0,Loyal Customers,1,4,99,1,153.3
8549.0,Potential Loyalists,1,4,459,1,283.03
8550.0,Potential Loyalists,1,4,414,1,273.27
8551.0,Potential Loyalists,1,4,428,1,107.16
8552.0,Loyal Customers,1,4,245,1,176.55
8553.0,Lost Customers,1,4,691,1,135.07
8554.0,Potential Loyalists,1,4,532,1,129.09
8555.0,Loyal Customers,1,4,224,1,214.11
8556.0,Loyal Customers,1,4,302,1,236.32
8557.0,Lost Customers,1,4,550,1,95.66
8558.0,Loyal Customers,1,4,99,1,62.36
8559.0,Loyal Customers,1,4,86,1,106.39
8560.0,Lost Customers,1,4,595,1,260.41
8561.0,Lost Customers,1,4,680,1,140.74
8562.0,Loyal Customers,1,4,320,1,100.89
8563.0,Lost Customers,1,4,561,1,80.05
8564.0,Loyal Customers,1,4,350,1,168.24
8565.0,Loyal Customers,1,4,302,1,164.68
8566.0,Loyal Customers,1,4,328,1,127.25
8567.0,Loyal Customers,1,4,250,1,170.95
8568.0,Loyal Customers,1,4,224,1,150.19
8569.0,Potential Loyalists,1,4,533,1,96.42
8570.0,Loyal Customers,1,4,145,1,107.91
8571.0,Lost Customers,1,4,553,1,113.78
8572.0,Lost Customers,1,4,551,1,135.38
8573.0,Lost Customers,1,4,685,1,121.24
8574.0,Potential Loyalists,1,4,444,1,88.97
8575.0,Lost Customers,1,4,727,1,130.84
8576.0,Loyal Customers,1,4,273,1,59.98
8577.0,Lost Customers,1,4,727,1,87.63
8578.0,Lost Customers,1,4,589,1,150.25
8579.0,Loyal Customers,1,4,20,1,113.85
8580.0,Potential Loyalists,1,4,483,1,62.62
8581.0,Loyal Customers,1,4,54,1,59.64
8582.0,Lost Customers,1,4,637,1,115.8
8583.0,Loyal Customers,1,4,263,1,144.72
8584.0,Loyal Customers,1,4,89,1,148.15
8585.0,Loyal Customers,1,4,241,1,161.86
8586.0,Potential Loyalists,1,4,373,1,164.49
8587.0,Loyal Customers,1,4,152,1,104.44
8588.0,Loyal Customers,1,4,217,1,96.25
8589.0,Loyal Customers,1,4,258,1,50.18
8590.0,Champions,1,4,36,1,176.03
8591.0,Lost Customers,1,4,610,1,142.68
8592.0,Lost Customers,1,4,712,1,88.24
8593.0,Loyal Customers,1,4,82,1,76.87
8594.0,Loyal Customers,1,4,337,1,216.59
8595.0,Loyal Customers,1,4,123,1,58.15
8596.0,Lost Customers,1,4,727,1,118.58
8597.0,Lost Customers,1,4,690,1,97.9
8598.0,Loyal Customers,1,4,60,1,134.42
8599.0,Lost Customers,1,4,643,1,71.49
8600.0,Champions,1,4,25,1,263.03
8601.0,Loyal Customers,1,4,261,1,129.13
8602.0,Potential Loyalists,1,4,472,1,73.75
8603.0,Lost Customers,1,4,636,1,83.68
8604.0,Loyal Customers,1,4,307,1,90.11
8605.0,Potential Loyalists,1,4,535,1,175.0
8606.0,Champions,1,4,67,1,247.34
8607.0,Lost Customers,1,4,681,1,110.36
8608.0,Lost Customers,1,4,723,1,155.1
8609.0,Loyal Customers,1,4,353,1,75.16
8610.0,Lost Customers,1,4,694,1,78.53
8611.0,Lost Customers,1,4,636,1,94.92
8612.0,Lost Customers,1,4,560,1,94.37
8613.0,Lost Customers,1,4,636,1,115.48
8614.0,Lost Customers,1,4,667,1,94.89
8615.0,Potential Loyalists,1,4,539,1,146.5
8616.0,Lost Customers,1,4,610,1,164.12
8617.0,Lost Customers,1,4,639,1,197.81
8618.0,Loyal Customers,1,4,99,1,91.37
8619.0,Loyal Customers,1,4,50,1,94.15
8620.0,Potential Loyalists,1,4,385,1,114.6
8621.0,Champions,1,4,87,1,221.37
8622.0,Lost Customers,1,4,692,1,171.22
8623.0,Loyal Customers,1,4,162,1,85.22
8624.0,Lost Customers,1,4,692,1,86.75
8625.0,Loyal Customers,1,4,197,1,159.97
8626.0,Lost Customers,1,4,692,1,134.14
8627.0,Potential Loyalists,1,4,481,1,97.55
8628.0,Loyal Customers,1,4,134,1,119.48
8629.0,Potential Loyalists,1,4,445,1,82.57
8630.0,Potential Loyalists,1,4,505,1,65.93
8631.0,Potential Loyalists,1,4,401,1,93.93
8632.0,Loyal Customers,1,4,210,1,167.62
8633.0,Loyal Customers,1,4,286,1,205.91
8634.0,Loyal Customers,1,4,6,1,105.52
8635.0,Potential Loyalists,1,4,398,1,292.87
8636.0,Loyal Customers,1,4,195,1,126.6
8637.0,Loyal Customers,1,4,28,1,83.47
8638.0,Potential Loyalists,1,4,403,1,88.33
8639.0,Lost Customers,1,4,690,1,130.98
8640.0,Loyal Customers,1,4,192,1,115.95
8641.0,Loyal Customers,1,4,320,1,57.33
8642.0,Loyal Customers,1,4,260,1,79.68
8643.0,Potential Loyalists,1,4,380,1,153.44
8644.0,Loyal Customers,1,4,300,1,225.01
8645.0,Lost Customers,1,4,597,1,103.01
8646.0,Potential Loyalists,1,4,404,1,275.48
8647.0,Loyal Customers,1,4,363,1,95.39
8648.0,Lost Customers,1,4,641,1,121.85
8649.0,Champions,1,4,39,1,213.64
8650.0,Lost Customers,1,4,688,1,46.51
8651.0,Potential Loyalists,1,4,522,1,111.69
8652.0,Lost Customers,1,4,553,1,81.67
8653.0,Lost Customers,1,4,609,1,64.3
8654.0,Lost Customers,1,4,691,1,163.96
8655.0,Lost Customers,1,4,561,1,75.57
8656.0,Lost Customers,1,4,598,1,124.6
8657.0,Lost Customers,1,4,644,1,142.0
8658.0,Champions,1,4,175,1,224.02
8659.0,Loyal Customers,1,4,4,1,113.03
8660.0,Loyal Customers,1,4,299,1,65.86
8661.0,Loyal Customers,1,4,9,1,142.67
8662.0,Lost Customers,1,4,695,1,91.84
8663.0,Loyal Customers,1,4,3,1,125.35
8664.0,Potential Loyalists,1,4,512,1,167.08
8665.0,Potential Loyalists,1,4,463,1,181.14
8666.0,Loyal Customers,1,4,256,1,201.78
8667.0,Potential Loyalists,1,4,443,1,117.75
8668.0,Loyal Customers,1,4,131,1,121.24
8669.0,Loyal Customers,1,4,37,1,75.45
8670.0,Champions,1,4,110,1,168.51
8671.0,Loyal Customers,1,4,117,1,80.54
8672.0,Lost Customers,1,4,644,1,68.69
8673.0,Loyal Customers,1,4,6,1,97.68
8674.0,Champions,1,4,141,1,252.03
8675.0,Champions,1,4,176,1,183.93
8676.0,Loyal Customers,1,4,126,1,154.11
8677.0,Lost Customers,1,4,633,1,128.65
8678.0,Loyal Customers,1,4,295,1,175.35
8679.0,Loyal Customers,1,4,115,1,89.74
8680.0,Loyal Customers,1,4,203,1,154.94
8681.0,Loyal Customers,1,4,265,1,192.76
8682.0,Loyal Customers,1,4,229,1,72.42
8683.0,Loyal Customers,1,4,281,1,264.73
8684.0,Potential Loyalists,1,4,483,1,153.83
8685.0,Loyal Customers,1,4,63,1,132.15
8686.0,Lost Customers,1,4,567,1,114.18
8687.0,Potential Loyalists,1,4,372,1,106.17
8688.0,Potential Loyalists,1,4,483,1,183.25
8689.0,Loyal Customers,1,4,222,1,112.8
8690.0,Loyal Customers,1,4,173,1,147.16
8691.0,Lost Customers,1,4,681,1,246.53
8692.0,Loyal Customers,1,4,205,1,104.27
8693.0,Loyal Customers,1,4,128,1,154.73
8694.0,Loyal Customers,1,4,206,1,94.86
8695.0,Loyal Customers,1,4,203,1,83.85
8696.0,Potential Loyalists,1,4,534,1,117.25
8697.0,Potential Loyalists,1,4,547,1,154.6
8698.0,Potential Loyalists,1,4,470,1,147.4
8699.0,Loyal Customers,1,4,6,1,146.27
8700.0,Potential Loyalists,1,4,503,1,148.89
8701.0,Potential Loyalists,1,4,464,1,127.73
8702.0,Potential Loyalists,1,4,428,1,281.64
8703.0,Loyal Customers,1,4,257,1,92.31
8704.0,Loyal Customers,1,4,316,1,137.19
8705.0,Loyal Customers,1,4,259,1,216.84
8706.0,Potential Loyalists,1,4,465,1,129.66
8707.0,Lost Customers,1,4,660,1,190.53
8708.0,Lost Customers,1,4,653,1,122.74
8709.0,Potential Loyalists,1,4,393,1,89.38
8710.0,Potential Loyalists,1,4,371,1,84.16
8711.0,Lost Customers,1,4,655,1,133.32
8712.0,Loyal Customers,1,4,249,1,91.54
8713.0,Loyal Customers,1,4,230,1,114.47
8714.0,Loyal Customers,1,4,89,1,105.44
8715.0,Loyal Customers,1,4,210,1,129.5
8716.0,Loyal Customers,1,4,235,1,124.95
8717.0,Loyal Customers,1,4,246,1,138.76
8718.0,Loyal Customers,1,4,7,1,77.59
8719.0,Loyal Customers,1,4,225,1,215.41
8720.0,Potential Loyalists,1,4,439,1,43.52
8721.0,Loyal Customers,1,4,278,1,121.13
8722.0,Loyal Customers,1,4,89,1,153.17
8723.0,Potential Loyalists,1,4,397,1,102.96
8724.0,Potential Loyalists,1,4,463,1,93.48
8725.0,Loyal Customers,1,4,361,1,114.49
8726.0,Potential Loyalists,1,4,499,1,157.11
8727.0,Loyal Customers,1,4,27,1,123.45
8728.0,Loyal Customers,1,4,171,1,106.56
8729.0,Lost Customers,1,4,611,1,55.06
8730.0,Loyal Customers,1,4,240,1,97.73
8731.0,Lost Customers,1,4,590,1,130.11
8732.0,Loyal Customers,1,4,209,1,189.39
8733.0,Champions,1,4,16,1,168.71
8734.0,Loyal Customers,1,4,166,1,67.84
8735.0,Potential Loyalists,1,4,473,1,95.91
8736.0,Loyal Customers,1,4,276,1,190.58
8737.0,Champions,1,4,98,1,168.95
8738.0,Loyal Customers,1,4,361,1,281.04
8739.0,Potential Loyalists,1,4,518,1,233.21
8740.0,Loyal Customers,1,4,124,1,88.6
8741.0,Potential Loyalists,1,4,404,1,130.3
8742.0,Potential Loyalists,1,4,412,1,163.51
8743.0,Lost Customers,1,4,706,1,108.93
8744.0,Loyal Customers,1,4,346,1,115.74
8745.0,Lost Customers,1,4,679,1,106.92
8746.0,Loyal Customers,1,4,172,1,119.83
8747.0,Loyal Customers,1,4,335,1,294.99
8748.0,Lost Customers,1,4,658,1,169.27
8749.0,Loyal Customers,1,4,267,1,84.52
8750.0,Lost Customers,1,4,635,1,117.67
8751.0,Loyal Customers,1,4,275,1,138.82
8752.0,Loyal Customers,1,4,114,1,75.8
8753.0,Champions,1,4,99,1,182.64
8754.0,Potential Loyalists,1,4,525,1,117.57
8755.0,Potential Loyalists,1,4,453,1,118.74
8756.0,Potential Loyalists,1,4,451,1,105.56
8757.0,Loyal Customers,1,4,115,1,123.28
8758.0,Loyal Customers,1,4,291,1,117.89
8759.0,Loyal Customers,1,4,313,1,91.76
8760.0,Potential Loyalists,1,4,388,1,112.81
8761.0,Potential Loyalists,1,4,409,1,251.1
8762.0,Loyal Customers,1,4,365,1,146.28
8763.0,Loyal Customers,1,4,35,1,84.7
8764.0,Loyal Customers,1,4,89,1,111.95
8765.0,Loyal Customers,1,4,170,1,94.0
8766.0,Potential Loyalists,1,4,412,1,83.47
8767.0,Champions,1,4,98,1,178.86
8768.0,Lost Customers,1,4,688,1,105.11
8769.0,Loyal Customers,1,4,337,1,102.2
8770.0,Potential Loyalists,1,4,370,1,135.56
8771.0,Lost Customers,1,4,685,1,77.17
8772.0,Potential Loyalists,1,4,381,1,272.68
8773.0,Lost Customers,1,4,690,1,100.53
8774.0,Loyal Customers,1,4,115,1,139.28
8775.0,Loyal Customers,1,4,175,1,47.72
8776.0,Lost Customers,1,4,607,1,173.74
8777.0,Loyal Customers,1,4,356,1,168.42
8778.0,Loyal Customers,1,4,339,1,75.51
8779.0,Loyal Customers,1,4,235,1,66.52
8780.0,Loyal Customers,1,4,13,1,67.48
8781.0,Lost Customers,1,4,697,1,78.33
8782.0,Lost Customers,1,4,666,1,96.68
8783.0,Lost Customers,1,4,729,1,169.12
8784.0,Loyal Customers,1,4,300,1,135.4
8785.0,Champions,1,4,52,1,166.02
8786.0,Loyal Customers,1,4,98,1,102.61
8787.0,Lost Customers,1,4,626,1,119.65
8788.0,Potential Loyalists,1,4,503,1,120.78
8789.0,Lost Customers,1,4,729,1,77.91
8790.0,Loyal Customers,1,4,54,1,130.66
8791.0,Loyal Customers,1,4,139,1,120.43
8792.0,Loyal Customers,1,4,254,1,153.34
8793.0,Loyal Customers,1,4,295,1,160.99
8794.0,Lost Customers,1,4,582,1,80.82
8795.0,Lost Customers,1,4,706,1,176.84
8796.0,Loyal Customers,1,4,249,1,102.24
8797.0,Potential Loyalists,1,4,451,1,93.28
8798.0,Champions,1,4,37,1,179.7
8799.0,Potential Loyalists,1,4,427,1,134.89
8800.0,Loyal Customers,1,4,339,1,147.09
8801.0,Loyal Customers,1,4,116,1,108.71
8802.0,Loyal Customers,1,4,228,1,99.02
8803.0,Loyal Customers,1,4,87,1,104.66
8804.0,Potential Loyalists,1,4,447,1,65.31
8805.0,Potential Loyalists,1,4,381,1,80.15
8806.0,Loyal Customers,1,4,34,1,164.26
8807.0,Loyal Customers,1,4,192,1,74.55
8808.0,Loyal Customers,1,4,347,1,93.69
8809.0,Loyal Customers,1,4,60,1,85.85
8810.0,Potential Loyalists,1,4,381,1,73.0
8811.0,Potential Loyalists,1,4,398,1,130.05
8812.0,Potential Loyalists,1,4,499,1,116.23
8813.0,Loyal Customers,1,4,314,1,221.01
8814.0,Loyal Customers,1,4,260,1,127.09
8815.0,Loyal Customers,1,4,253,1,188.57
8816.0,Loyal Customers,1,4,299,1,112.52
8817.0,Potential Loyalists,1,4,541,1,117.23
8818.0,Loyal Customers,1,4,336,1,106.34
8819.0,Loyal Customers,1,4,297,1,187.64
8820.0,Lost Customers,1,4,571,1,69.71
8821.0,Loyal Customers,1,4,284,1,153.29
8822.0,Lost Customers,1,4,667,1,143.7
8823.0,Loyal Customers,1,4,232,1,128.46
8824.0,Potential Loyalists,1,4,431,1,221.0
8825.0,Loyal Customers,1,4,359,1,136.92
8826.0,Loyal Customers,1,4,137,1,130.69
8827.0,Lost Customers,1,4,584,1,121.4
8828.0,Loyal Customers,1,4,366,1,167.03
8829.0,Potential Loyalists,1,4,468,1,136.88
8830.0,Potential Loyalists,1,4,412,1,114.65
8831.0,Loyal Customers,1,4,129,1,101.43
8832.0,Potential Loyalists,1,4,538,1,57.78
8833.0,Loyal Customers,1,4,58,1,55.93
8834.0,Potential Loyalists,1,4,533,1,169.71
8835.0,Potential Loyalists,1,4,419,1,101.51
8836.0,Lost Customers,1,4,695,1,156.71
8837.0,Loyal Customers,1,4,163,1,87.79
8838.0,Potential Loyalists,1,4,424,1,90.12
8839.0,Lost Customers,1,4,590,1,128.22
8840.0,Loyal Customers,1,4,57,1,50.56
8841.0,Champions,1,4,44,1,169.89
8842.0,Loyal Customers,1,4,227,1,18.1
8843.0,Potential Loyalists,1,4,447,1,36.1
8844.0,Lost Customers,1,4,639,1,211.0
8845.0,Loyal Customers,1,4,31,1,81.1
8846.0,Champions,1,4,128,1,188.82
8847.0,Potential Loyalists,1,4,531,1,171.04
8848.0,Loyal Customers,1,4,308,1,46.55
8849.0,Potential Loyalists,1,4,402,1,101.05
8850.0,Potential Loyalists,1,4,545,1,122.49
8851.0,Lost Customers,1,4,711,1,78.86
8852.0,Loyal Customers,1,4,247,1,93.0
8853.0,Loyal Customers,1,4,214,1,122.45
8854.0,Loyal Customers,1,4,347,1,96.2
8855.0,Lost Customers,1,4,619,1,101.31
8856.0,Lost Customers,1,4,661,1,184.07
8857.0,Potential Loyalists,1,4,435,1,208.82
8858.0,Potential Loyalists,1,4,384,1,64.81
8859.0,Potential Loyalists,1,4,449,1,80.59
8860.0,Lost Customers,1,4,729,1,89.58
8861.0,Loyal Customers,1,4,323,1,91.76
8862.0,Loyal Customers,1,4,6,1,91.95
8863.0,Lost Customers,1,4,721,1,55.89
8864.0,Lost Customers,1,4,677,1,191.23
8865.0,Potential Loyalists,1,4,455,1,64.12
8866.0,Loyal Customers,1,4,55,1,81.78
8867.0,Lost Customers,1,4,643,1,237.72
8868.0,Lost Customers,1,4,610,1,65.07
8869.0,Loyal Customers,1,4,338,1,85.99
8870.0,Champions,1,4,117,1,180.41
8871.0,Lost Customers,1,4,624,1,85.02
8872.0,Loyal Customers,1,4,260,1,252.02
8873.0,Loyal Customers,1,4,249,1,171.91
8874.0,Champions,1,4,170,1,200.12
8875.0,Potential Loyalists,1,4,406,1,210.11
8876.0,Potential Loyalists,1,4,538,1,80.7
8877.0,Loyal Customers,1,4,186,1,145.84
8878.0,Potential Loyalists,1,4,406,1,144.86
8879.0,Potential Loyalists,1,4,521,1,122.86
8880.0,Potential Loyalists,1,4,367,1,155.9
8881.0,Lost Customers,1,4,648,1,137.39
8882.0,Lost Customers,1,4,729,1,146.23
8883.0,Loyal Customers,1,4,239,1,113.67
8884.0,Lost Customers,1,4,721,1,159.1
8885.0,Champions,1,4,65,1,205.37
8886.0,Loyal Customers,1,4,322,1,191.17
8887.0,Loyal Customers,1,4,128,1,89.78
8888.0,Champions,1,4,181,1,166.48
8889.0,Lost Customers,1,4,604,1,145.53
8890.0,Potential Loyalists,1,4,412,1,110.26
8891.0,Potential Loyalists,1,4,441,1,168.13
8892.0,Loyal Customers,1,4,322,1,139.58
8893.0,Champions,1,4,76,1,213.78
8894.0,Potential Loyalists,1,4,372,1,127.07
8895.0,Loyal Customers,1,4,216,1,72.86
8896.0,Loyal Customers,1,4,276,1,108.65
8897.0,Loyal Customers,1,4,306,1,96.29
8898.0,Potential Loyalists,1,4,370,1,199.4
8899.0,Lost Customers,1,4,659,1,102.8
8900.0,Lost Customers,1,4,728,1,115.33
8901.0,Lost Customers,1,4,710,1,96.49
8902.0,Loyal Customers,1,4,238,1,43.96
8903.0,Lost Customers,1,4,565,1,150.03
8904.0,Loyal Customers,1,4,12,1,90.55
8905.0,Lost Customers,1,4,682,1,116.76
8906.0,Lost Customers,1,4,657,1,109.35
8907.0,Potential Loyalists,1,4,405,1,110.71
8908.0,Loyal Customers,1,4,38,1,120.51
8909.0,Lost Customers,1,4,724,1,112.9
8910.0,Loyal Customers,1,4,2,1,105.1
8911.0,Loyal Customers,1,4,53,1,82.62
8912.0,Loyal Customers,1,4,80,1,144.88
8913.0,Loyal Customers,1,4,345,1,115.5
8914.0,Potential Loyalists,1,4,432,1,127.39
8915.0,Loyal Customers,1,4,306,1,104.23
8916.0,Lost Customers,1,4,618,1,88.86
8917.0,Loyal Customers,1,4,12,1,105.02
8918.0,Potential Loyalists,1,4,402,1,134.02
8919.0,Lost Customers,1,4,687,1,158.8
8920.0,Champions,1,4,169,1,285.54
8921.0,Loyal Customers,1,4,336,1,119.03
8922.0,Loyal Customers,1,4,56,1,102.99
8923.0,Loyal Customers,1,4,256,1,100.75
8924.0,Lost Customers,1,4,568,1,179.59
8925.0,Lost Customers,1,4,584,1,93.75
8926.0,Potential Loyalists,1,4,379,1,80.89
8927.0,Lost Customers,1,4,694,1,58.87
8928.0,Potential Loyalists,1,4,443,1,92.05
8929.0,Loyal Customers,1,4,211,1,117.49
8930.0,Loyal Customers,1,4,330,1,87.82
8931.0,Potential Loyalists,1,4,487,1,143.65
8932.0,Loyal Customers,1,4,73,1,96.25
8933.0,Loyal Customers,1,4,133,1,101.74
8934.0,Champions,1,4,164,1,213.47
8935.0,Lost Customers,1,4,635,1,131.84
8936.0,Potential Loyalists,1,4,451,1,142.36
8937.0,Lost Customers,1,4,671,1,57.65
8938.0,Lost Customers,1,4,689,1,66.51
8939.0,Loyal Customers,1,4,22,1,130.48
8940.0,Loyal Customers,1,4,346,1,117.87
8941.0,Loyal Customers,1,4,275,1,157.28
8942.0,Lost Customers,1,4,576,1,122.06
8943.0,Lost Customers,1,4,567,1,126.31
8944.0,Potential Loyalists,1,4,376,1,118.4
8945.0,Lost Customers,1,4,698,1,127.51
8946.0,Lost Customers,1,4,617,1,240.74
8947.0,Champions,1,4,53,1,216.24
8948.0,Potential Loyalists,1,4,458,1,184.73
8949.0,Loyal Customers,1,4,50,1,58.32
8950.0,Champions,1,4,69,1,185.22
8951.0,Lost Customers,1,4,654,1,85.79
8952.0,Loyal Customers,1,4,174,1,163.97
8953.0,Potential Loyalists,1,4,476,1,117.42
8954.0,Potential Loyalists,1,4,369,1,105.75
8955.0,Loyal Customers,1,4,59,1,38.92
8956.0,Lost Customers,1,4,695,1,169.56
8957.0,Loyal Customers,1,4,90,1,61.49
8958.0,Loyal Customers,1,4,350,1,169.44
8959.0,Lost Customers,1,4,591,1,138.39
8960.0,Loyal Customers,1,4,151,1,107.95
8961.0,Loyal Customers,1,4,161,1,78.29
8962.0,Loyal Customers,1,4,88,1,157.34
8963.0,Loyal Customers,1,4,29,1,134.34
8964.0,Potential Loyalists,1,4,410,1,76.95
8965.0,Potential Loyalists,1,4,516,1,104.75
8966.0,Potential Loyalists,1,4,464,1,100.36
8967.0,Loyal Customers,1,4,282,1,87.76
8968.0,Lost Customers,1,4,696,1,76.1
8969.0,Loyal Customers,1,4,134,1,134.7
8970.0,Loyal Customers,1,4,305,1,150.19
8971.0,Lost Customers,1,4,669,1,119.81
8972.0,Loyal Customers,1,4,167,1,145.09
8973.0,Loyal Customers,1,4,314,1,94.27
8974.0,Loyal Customers,1,4,208,1,144.43
8975.0,Potential Loyalists,1,4,393,1,176.16
8976.0,Potential Loyalists,1,4,531,1,159.36
8977.0,Potential Loyalists,1,4,545,1,89.24
8978.0,Potential Loyalists,1,4,393,1,84.77
8979.0,Lost Customers,1,4,590,1,127.96
8980.0,Potential Loyalists,1,4,373,1,96.06
8981.0,Lost Customers,1,4,570,1,104.08
8982.0,Potential Loyalists,1,4,517,1,144.57
8983.0,Potential Loyalists,1,4,489,1,168.22
8984.0,Lost Customers,1,4,603,1,180.77
8985.0,Loyal Customers,1,4,145,1,97.52
8986.0,Loyal Customers,1,4,216,1,117.59
8987.0,Loyal Customers,1,4,154,1,124.14
8988.0,Potential Loyalists,1,4,410,1,94.06
8989.0,Loyal Customers,1,4,177,1,80.64
8990.0,Loyal Customers,1,4,98,1,109.72
8991.0,Loyal Customers,1,4,300,1,192.72
8992.0,Loyal Customers,1,4,120,1,82.78
8993.0,Loyal Customers,1,4,23,1,104.67
8994.0,Loyal Customers,1,4,302,1,154.61
8995.0,Potential Loyalists,1,4,535,1,145.3
8996.0,Lost Customers,1,4,572,1,117.24
8997.0,Loyal Customers,1,4,9,1,143.79
8998.0,Lost Customers,1,4,638,1,89.64
8999.0,Loyal Customers,1,4,304,1,94.29
9000.0,Loyal Customers,1,4,240,1,139.28
9001.0,Potential Loyalists,1,4,393,1,134.72
9002.0,Potential Loyalists,1,4,518,1,130.88
9003.0,Potential Loyalists,1,4,479,1,152.27
9004.0,Lost Customers,1,4,658,1,85.12
9005.0,Loyal Customers,1,4,133,1,140.29
9006.0,Lost Customers,1,4,646,1,130.87
9007.0,Potential Loyalists,1,4,369,1,92.78
9008.0,Champions,1,4,102,1,200.77
9009.0,Loyal Customers,1,4,302,1,86.87
9010.0,Champions,1,4,31,1,165.31
9011.0,Lost Customers,1,4,690,1,228.57
9012.0,Lost Customers,1,4,654,1,99.41
9013.0,Loyal Customers,1,4,351,1,110.87
9014.0,Loyal Customers,1,4,48,1,82.26
9015.0,Lost Customers,1,4,644,1,272.29
9016.0,Lost Customers,1,4,706,1,206.68
9017.0,Potential Loyalists,1,4,390,1,91.8
9018.0,Potential Loyalists,1,4,406,1,186.08
9019.0,Loyal Customers,1,4,277,1,140.08
9020.0,Loyal Customers,1,4,141,1,112.88
9021.0,Potential Loyalists,1,4,542,1,79.87
9022.0,Lost Customers,1,4,624,1,32.83
9023.0,Lost Customers,1,4,702,1,75.69
9024.0,Loyal Customers,1,4,268,1,146.43
9025.0,Lost Customers,1,4,616,1,97.56
9026.0,Lost Customers,1,4,596,1,90.65
9027.0,Lost Customers,1,4,715,1,87.5
9028.0,Loyal Customers,1,4,53,1,143.15
9029.0,Lost Customers,1,4,582,1,89.15
9030.0,Lost Customers,1,4,662,1,124.87
9031.0,Loyal Customers,1,4,191,1,101.26
9032.0,Loyal Customers,1,4,116,1,73.83
9033.0,Potential Loyalists,1,4,547,1,98.48
9034.0,Loyal Customers,1,4,4,1,81.69
9035.0,Loyal Customers,1,4,314,1,118.39
9036.0,Lost Customers,1,4,609,1,126.18
9037.0,Loyal Customers,1,4,189,1,89.43
9038.0,Lost Customers,1,4,624,1,143.08
9039.0,Loyal Customers,1,4,233,1,191.31
9040.0,Lost Customers,1,4,657,1,154.61
9041.0,Potential Loyalists,1,4,449,1,90.35
9042.0,Potential Loyalists,1,4,455,1,121.98
9043.0,Loyal Customers,1,4,61,1,103.56
9044.0,Loyal Customers,1,4,65,1,122.47
9045.0,Loyal Customers,1,4,265,1,134.62
9046.0,Potential Loyalists,1,4,385,1,117.31
9047.0,Potential Loyalists,1,4,371,1,119.88
9048.0,Loyal Customers,1,4,205,1,128.73
9049.0,Loyal Customers,1,4,307,1,96.28
9050.0,Potential Loyalists,1,4,469,1,132.61
9051.0,Potential Loyalists,1,4,418,1,49.44
9052.0,Potential Loyalists,1,4,515,1,114.73
9053.0,Loyal Customers,1,4,234,1,102.18
9054.0,Lost Customers,1,4,729,1,56.64
9055.0,Loyal Customers,1,4,122,1,127.43
9056.0,Loyal Customers,1,4,180,1,102.24
9057.0,Potential Loyalists,1,4,431,1,207.86
9058.0,Potential Loyalists,1,4,373,1,184.35
9059.0,Potential Loyalists,1,4,401,1,189.18
9060.0,Lost Customers,1,4,588,1,182.01
9061.0,Lost Customers,1,4,622,1,158.49
9062.0,Lost Customers,1,4,607,1,133.0
9063.0,Loyal Customers,1,4,363,1,121.68
9064.0,Loyal Customers,1,4,345,1,78.57
9065.0,Potential Loyalists,1,4,485,1,131.9
9066.0,Loyal Customers,1,4,294,1,108.08
9067.0,Loyal Customers,1,4,179,1,32.45
9068.0,Loyal Customers,1,4,268,1,200.79
9069.0,Champions,1,4,124,1,167.35
9070.0,Champions,1,4,78,1,208.09
9071.0,Champions,1,4,60,1,225.43
9072.0,Potential Loyalists,1,4,423,1,149.37
9073.0,Loyal Customers,1,4,33,1,65.17
9074.0,Potential Loyalists,1,4,413,1,126.0
9075.0,Loyal Customers,1,4,261,1,151.1
9076.0,Lost Customers,1,4,590,1,122.87
9077.0,Lost Customers,1,4,701,1,187.55
9078.0,Lost Customers,1,4,585,1,82.69
9079.0,Loyal Customers,1,4,81,1,103.36
9080.0,Champions,1,4,128,1,198.93
9081.0,Potential Loyalists,1,4,503,1,166.64
9082.0,Lost Customers,1,4,565,1,53.43
9083.0,Lost Customers,1,4,593,1,89.16
9084.0,Potential Loyalists,1,4,417,1,124.87
9085.0,Potential Loyalists,1,4,459,1,112.23
9086.0,Lost Customers,1,4,624,1,65.16
9087.0,Potential Loyalists,1,4,401,1,133.05
9088.0,Loyal Customers,1,4,249,1,118.33
9089.0,Lost Customers,1,4,576,1,74.0
9090.0,Potential Loyalists,1,4,539,1,126.59
9091.0,Potential Loyalists,1,4,375,1,48.32
9092.0,Potential Loyalists,1,4,403,1,140.21
9093.0,Loyal Customers,1,4,185,1,285.19
9094.0,Potential Loyalists,1,4,482,1,117.34
9095.0,Loyal Customers,1,4,296,1,125.88
9096.0,Potential Loyalists,1,4,415,1,170.77
9097.0,Potential Loyalists,1,4,407,1,99.32
9098.0,Lost Customers,1,4,729,1,122.01
9099.0,Lost Customers,1,4,691,1,87.26
9100.0,Potential Loyalists,1,4,465,1,96.14
9101.0,Loyal Customers,1,4,165,1,81.75
9102.0,Loyal Customers,1,4,252,1,203.2
9103.0,Loyal Customers,1,4,360,1,89.66
9104.0,Loyal Customers,1,4,207,1,102.7
9105.0,Loyal Customers,1,4,236,1,159.27
9106.0,Potential Loyalists,1,4,505,1,78.02
9107.0,Lost Customers,1,4,554,1,183.14
9108.0,Lost Customers,1,4,581,1,102.47
9109.0,Lost Customers,1,4,608,1,104.49
9110.0,Loyal Customers,1,4,245,1,154.94
9111.0,Potential Loyalists,1,4,541,1,77.98
9112.0,Loyal Customers,1,4,49,1,163.14
9113.0,Loyal Customers,1,4,365,1,76.69
9114.0,Potential Loyalists,1,4,466,1,162.19
9115.0,Lost Customers,1,4,576,1,167.78
9116.0,Loyal Customers,1,4,143,1,113.87
9117.0,Lost Customers,1,4,598,1,74.74
9118.0,Lost Customers,1,4,567,1,135.81
9119.0,Lost Customers,1,4,665,1,106.19
9120.0,Loyal Customers,1,4,334,1,176.05
9121.0,Potential Loyalists,1,4,467,1,73.4
9122.0,Loyal Customers,1,4,362,1,62.88
9123.0,Loyal Customers,1,4,60,1,137.76
9124.0,Potential Loyalists,1,4,502,1,301.72
9125.0,Loyal Customers,1,4,240,1,114.7
9126.0,Loyal Customers,1,4,14,1,141.48
9127.0,Loyal Customers,1,4,5,1,116.96
9128.0,Loyal Customers,1,4,112,1,126.18
9129.0,Lost Customers,1,4,655,1,172.71
9130.0,Potential Loyalists,1,4,474,1,137.76
9131.0,Potential Loyalists,1,4,499,1,81.78
9132.0,Champions,1,4,102,1,183.69
9133.0,Loyal Customers,1,4,170,1,122.48
9134.0,Loyal Customers,1,4,319,1,198.39
9135.0,Loyal Customers,1,4,264,1,134.93
9136.0,Potential Loyalists,1,4,543,1,131.58
9137.0,Potential Loyalists,1,4,450,1,218.93
9138.0,Lost Customers,1,4,603,1,96.21
9139.0,Lost Customers,1,4,677,1,99.03
9140.0,Loyal Customers,1,4,352,1,110.9
9141.0,Loyal Customers,1,4,253,1,321.77
9142.0,Loyal Customers,1,4,73,1,99.46
9143.0,Lost Customers,1,4,717,1,137.77
9144.0,Lost Customers,1,4,631,1,78.69
9145.0,Potential Loyalists,1,4,480,1,134.24
9146.0,Loyal Customers,1,4,323,1,169.39
9147.0,Potential Loyalists,1,4,512,1,102.22
9148.0,Lost Customers,1,4,552,1,236.94
9149.0,Lost Customers,1,4,627,1,77.28
9150.0,Loyal Customers,1,4,272,1,103.58
9151.0,Loyal Customers,1,4,329,1,76.84
9152.0,Loyal Customers,1,4,229,1,159.83
9153.0,Loyal Customers,1,4,284,1,81.82
9154.0,Lost Customers,1,4,723,1,80.64
9155.0,Loyal Customers,1,4,231,1,195.56
9156.0,Lost Customers,1,4,694,1,158.14
9157.0,Lost Customers,1,4,722,1,143.61
9158.0,Potential Loyalists,1,4,469,1,145.09
9159.0,Potential Loyalists,1,4,501,1,128.76
9160.0,Potential Loyalists,1,4,487,1,195.97
9161.0,Potential Loyalists,1,4,373,1,106.81
9162.0,Loyal Customers,1,4,43,1,122.05
9163.0,Loyal Customers,1,4,192,1,116.08
9164.0,Loyal Customers,1,4,234,1,241.94
9165.0,Potential Loyalists,1,4,525,1,110.41
9166.0,Potential Loyalists,1,4,386,1,181.15
9167.0,Potential Loyalists,1,4,489,1,126.47
9168.0,Potential Loyalists,1,4,423,1,101.92
9169.0,Loyal Customers,1,4,166,1,58.14
9170.0,Lost Customers,1,4,611,1,245.26
9171.0,Loyal Customers,1,4,29,1,122.81
9172.0,Potential Loyalists,1,4,537,1,112.05
9173.0,Loyal Customers,1,4,348,1,167.71
9174.0,Loyal Customers,1,4,140,1,66.45
9175.0,Lost Customers,1,4,661,1,83.93
9176.0,Lost Customers,1,4,709,1,174.54
9177.0,Lost Customers,1,4,549,1,80.15
9178.0,Potential Loyalists,1,4,481,1,124.77
9179.0,Potential Loyalists,1,4,506,1,156.1
9180.0,Loyal Customers,1,4,249,1,118.08
9181.0,Lost Customers,1,4,672,1,88.91
9182.0,Potential Loyalists,1,4,383,1,56.19
9183.0,Loyal Customers,1,4,302,1,111.56
9184.0,Potential Loyalists,1,4,388,1,75.05
9185.0,Lost Customers,1,4,565,1,63.9
9186.0,Champions,1,4,24,1,305.88
9187.0,Potential Loyalists,1,4,423,1,123.04
9188.0,Potential Loyalists,1,4,492,1,147.34
9189.0,Loyal Customers,1,4,213,1,156.74
9190.0,Lost Customers,1,4,700,1,155.36
9191.0,Loyal Customers,1,4,241,1,85.33
9192.0,Potential Loyalists,1,4,410,1,67.23
9193.0,Loyal Customers,1,4,349,1,62.46
9194.0,Loyal Customers,1,4,303,1,70.66
9195.0,Loyal Customers,1,4,28,1,116.28
9196.0,Potential Loyalists,1,4,402,1,84.38
9197.0,Potential Loyalists,1,4,401,1,113.62
9198.0,Loyal Customers,1,4,252,1,115.37
9199.0,Loyal Customers,1,4,23,1,77.29
9200.0,Loyal Customers,1,4,362,1,139.56
9201.0,Potential Loyalists,1,4,416,1,113.74
9202.0,Champions,1,4,164,1,179.49
9203.0,Lost Customers,1,4,578,1,65.03
9204.0,Lost Customers,1,4,640,1,176.25
9205.0,Potential Loyalists,1,4,511,1,110.58
9206.0,Lost Customers,1,4,600,1,90.07
9207.0,Lost Customers,1,4,558,1,241.95
9208.0,Lost Customers,1,4,721,1,117.53
9209.0,Lost Customers,1,4,682,1,130.29
9210.0,Potential Loyalists,1,4,513,1,138.83
9211.0,Loyal Customers,1,4,254,1,181.78
9212.0,Loyal Customers,1,4,277,1,102.1
9213.0,Loyal Customers,1,4,55,1,73.87
9214.0,Loyal Customers,1,4,319,1,230.7
9215.0,Loyal Customers,1,4,265,1,228.04
9216.0,Loyal Customers,1,4,327,1,108.35
9217.0,Loyal Customers,1,4,238,1,292.7
9218.0,Loyal Customers,1,4,17,1,122.12
9219.0,Loyal Customers,1,4,100,1,102.65
9220.0,Champions,1,4,77,1,165.42
9221.0,Lost Customers,1,4,551,1,136.31
9222.0,Potential Loyalists,1,4,474,1,95.89
9223.0,Loyal Customers,1,4,73,1,158.85
9224.0,Lost Customers,1,4,679,1,57.37
9225.0,Loyal Customers,1,4,254,1,163.61
9226.0,Lost Customers,1,4,711,1,121.78
9227.0,Loyal Customers,1,4,285,1,241.74
9228.0,Loyal Customers,1,4,77,1,92.66
9229.0,Potential Loyalists,1,4,432,1,83.54
9230.0,Loyal Customers,1,4,314,1,134.39
9231.0,Potential Loyalists,1,4,479,1,104.76
9232.0,Loyal Customers,1,4,164,1,125.28
9233.0,Loyal Customers,1,4,256,1,83.19
9234.0,Loyal Customers,1,4,249,1,110.21
9235.0,Lost Customers,1,4,577,1,104.06
9236.0,Potential Loyalists,1,4,400,1,80.97
9237.0,Lost Customers,1,4,723,1,144.12
9238.0,Loyal Customers,1,4,265,1,66.28
9239.0,Potential Loyalists,1,4,480,1,77.14
9240.0,Lost Customers,1,4,579,1,86.13
9241.0,Lost Customers,1,4,661,1,140.68
9242.0,Lost Customers,1,4,725,1,82.46
9243.0,Loyal Customers,1,4,45,1,72.14
9244.0,Lost Customers,1,4,556,1,61.97
9245.0,Lost Customers,1,4,585,1,125.99
9246.0,Loyal Customers,1,4,34,1,105.85
9247.0,Lost Customers,1,4,612,1,69.46
9248.0,Potential Loyalists,1,4,407,1,111.8
9249.0,Potential Loyalists,1,4,414,1,166.08
9250.0,Lost Customers,1,4,683,1,94.88
9251.0,Potential Loyalists,1,4,519,1,128.49
9252.0,Potential Loyalists,1,4,392,1,133.43
9253.0,Potential Loyalists,1,4,457,1,143.55
9254.0,Lost Customers,1,4,624,1,139.51
9255.0,Lost Customers,1,4,627,1,94.32
9256.0,Potential Loyalists,1,4,477,1,94.24
9257.0,Loyal Customers,1,4,198,1,104.37
9258.0,Loyal Customers,1,4,281,1,115.26
9259.0,Loyal Customers,1,4,97,1,32.24
9260.0,Loyal Customers,1,4,146,1,80.63
9261.0,Loyal Customers,1,4,281,1,98.18
9262.0,Loyal Customers,1,4,199,1,88.4
9263.0,Lost Customers,1,4,653,1,77.83
9264.0,Potential Loyalists,1,4,465,1,161.81
9265.0,Lost Customers,1,4,673,1,76.6
9266.0,Loyal Customers,1,4,232,1,132.74
9267.0,Loyal Customers,1,4,343,1,276.82
9268.0,Potential Loyalists,1,4,432,1,86.93
9269.0,Potential Loyalists,1,4,484,1,74.8
9270.0,Loyal Customers,1,4,102,1,117.76
9271.0,Loyal Customers,1,4,295,1,160.44
9272.0,Loyal Customers,1,4,50,1,57.42
9273.0,Lost Customers,1,4,617,1,184.39
9274.0,Potential Loyalists,1,4,397,1,189.08
9275.0,Loyal Customers,1,4,346,1,108.67
9276.0,Loyal Customers,1,4,259,1,125.71
9277.0,Loyal Customers,1,4,10,1,50.78
9278.0,Champions,1,4,131,1,196.93
9279.0,Loyal Customers,1,4,337,1,232.47
9280.0,Loyal Customers,1,4,101,1,158.08
9281.0,Loyal Customers,1,4,166,1,109.99
9282.0,Lost Customers,1,4,665,1,100.33
9283.0,Loyal Customers,1,4,244,1,78.92
9284.0,Potential Loyalists,1,4,414,1,126.95
9285.0,Loyal Customers,1,4,46,1,74.78
9286.0,Potential Loyalists,1,4,425,1,144.63
9287.0,Lost Customers,1,4,628,1,195.28
9288.0,Lost Customers,1,4,581,1,102.31
9289.0,Lost Customers,1,4,617,1,133.67
9290.0,Loyal Customers,1,4,201,1,134.16
9291.0,Loyal Customers,1,4,138,1,125.02
9292.0,Potential Loyalists,1,4,483,1,248.44
9293.0,Lost Customers,1,4,613,1,175.08
9294.0,Loyal Customers,1,4,216,1,119.51
9295.0,Lost Customers,1,4,580,1,133.35
9296.0,Potential Loyalists,1,4,378,1,149.67
9297.0,Loyal Customers,1,4,312,1,113.15
9298.0,Lost Customers,1,4,676,1,58.95
9299.0,Loyal Customers,1,4,159,1,51.5
9300.0,Loyal Customers,1,4,360,1,105.39
9301.0,Lost Customers,1,4,596,1,129.0
9302.0,Potential Loyalists,1,4,428,1,152.0
9303.0,Potential Loyalists,1,4,506,1,157.38
9304.0,Loyal Customers,1,4,147,1,137.36
9305.0,Lost Customers,1,4,613,1,150.65
9306.0,Loyal Customers,1,4,107,1,146.98
9307.0,Loyal Customers,1,4,228,1,86.16
9308.0,Lost Customers,1,4,653,1,79.76
9309.0,Loyal Customers,1,4,365,1,110.88
9310.0,Potential Loyalists,1,4,446,1,111.34
9311.0,Lost Customers,1,4,585,1,92.82
9312.0,Loyal Customers,1,4,161,1,61.43
9313.0,Champions,1,4,176,1,182.93
9314.0,Loyal Customers,1,4,352,1,159.47
9315.0,Potential Loyalists,1,4,453,1,180.63
9316.0,Loyal Customers,1,4,2,1,126.61
9317.0,Loyal Customers,1,4,222,1,120.85
9318.0,Champions,1,4,37,1,180.06
9319.0,Potential Loyalists,1,4,374,1,75.73
9320.0,Loyal Customers,1,4,210,1,93.79
9321.0,Lost Customers,1,4,589,1,308.01
9322.0,Champions,1,4,136,1,252.35
9323.0,Potential Loyalists,1,4,405,1,133.33
9324.0,Potential Loyalists,1,4,494,1,44.82
9325.0,Loyal Customers,1,4,244,1,99.86
9326.0,Loyal Customers,1,4,9,1,155.39
9327.0,Loyal Customers,1,4,193,1,180.27
9328.0,Loyal Customers,1,4,331,1,115.05
9329.0,Loyal Customers,1,4,323,1,91.78
9330.0,Potential Loyalists,1,4,421,1,137.93
9331.0,Loyal Customers,1,4,240,1,186.75
9332.0,Potential Loyalists,1,4,504,1,71.09
9333.0,Loyal Customers,1,4,63,1,118.42
9334.0,Loyal Customers,1,4,42,1,93.94
9335.0,Lost Customers,1,4,592,1,99.04
9336.0,Potential Loyalists,1,4,500,1,263.58
9337.0,Lost Customers,1,4,555,1,97.92
9338.0,Lost Customers,1,4,596,1,103.24
9339.0,Lost Customers,1,4,723,1,208.19
9340.0,Potential Loyalists,1,4,453,1,155.36
9341.0,Loyal Customers,1,4,77,1,136.9
9342.0,Loyal Customers,1,4,126,1,124.45
9343.0,Lost Customers,1,4,717,1,80.0
9344.0,Potential Loyalists,1,4,386,1,66.15
9345.0,Loyal Customers,1,4,87,1,143.52
9346.0,Loyal Customers,1,4,199,1,165.54
9347.0,Potential Loyalists,1,4,446,1,67.57
9348.0,Potential Loyalists,1,4,425,1,123.78
9349.0,Lost Customers,1,4,721,1,89.35
9350.0,Loyal Customers,1,4,40,1,44.52
9351.0,Champions,1,4,101,1,187.32
9352.0,Loyal Customers,1,4,224,1,201.8
9353.0,Loyal Customers,1,4,189,1,166.0
9354.0,Loyal Customers,1,4,30,1,117.82
9355.0,Lost Customers,1,4,550,1,169.05
9356.0,Potential Loyalists,1,4,449,1,175.15
9357.0,Champions,1,4,40,1,190.7
9358.0,Loyal Customers,1,4,238,1,73.83
9359.0,Potential Loyalists,1,4,434,1,147.68
9360.0,Potential Loyalists,1,4,386,1,241.7
9361.0,Loyal Customers,1,4,107,1,139.34
9362.0,Lost Customers,1,4,614,1,88.12
9363.0,Lost Customers,1,4,670,1,91.37
9364.0,Potential Loyalists,1,4,453,1,155.72
9365.0,Lost Customers,1,4,674,1,97.77
9366.0,Potential Loyalists,1,4,536,1,164.5
9367.0,Champions,1,4,120,1,245.72
9368.0,Potential Loyalists,1,4,445,1,115.99
9369.0,Loyal Customers,1,4,52,1,111.66
9370.0,Loyal Customers,1,4,81,1,74.84
9371.0,Loyal Customers,1,4,118,1,59.17
9372.0,Lost Customers,1,4,610,1,255.65
9373.0,Loyal Customers,1,4,75,1,82.89
9374.0,Lost Customers,1,4,586,1,77.85
9375.0,Potential Loyalists,1,4,423,1,176.53
9376.0,Champions,1,4,163,1,256.18
9377.0,Loyal Customers,1,4,211,1,174.09
9378.0,Champions,1,4,131,1,253.91
9379.0,Lost Customers,1,4,664,1,124.47
9380.0,Loyal Customers,1,4,64,1,99.47
9381.0,Loyal Customers,1,4,88,1,114.94
9382.0,Loyal Customers,1,4,343,1,82.59
9383.0,Loyal Customers,1,4,216,1,147.18
9384.0,Lost Customers,1,4,634,1,150.2
9385.0,Loyal Customers,1,4,270,1,112.17
9386.0,Loyal Customers,1,4,170,1,119.13
9387.0,Loyal Customers,1,4,212,1,104.07
9388.0,Potential Loyalists,1,4,395,1,194.29
9389.0,Potential Loyalists,1,4,409,1,109.64
9390.0,Potential Loyalists,1,4,381,1,201.79
9391.0,Loyal Customers,1,4,6,1,156.47
9392.0,Lost Customers,1,4,579,1,62.85
9393.0,Loyal Customers,1,4,248,1,134.24
9394.0,Lost Customers,1,4,689,1,200.31
9395.0,Lost Customers,1,4,650,1,105.26
9396.0,Loyal Customers,1,4,116,1,100.07
9397.0,Loyal Customers,1,4,125,1,71.26
9398.0,Lost Customers,1,4,586,1,50.69
9399.0,Potential Loyalists,1,4,479,1,189.75
9400.0,Potential Loyalists,1,4,378,1,217.7
9401.0,Loyal Customers,1,4,260,1,60.11
9402.0,Loyal Customers,1,4,313,1,247.44
9403.0,Champions,1,4,64,1,196.76
9404.0,Loyal Customers,1,4,282,1,99.3
9405.0,Lost Customers,1,4,682,1,91.15
9406.0,Potential Loyalists,1,4,442,1,99.71
9407.0,Loyal Customers,1,4,22,1,105.47
9408.0,Lost Customers,1,4,556,1,151.34
9409.0,Lost Customers,1,4,729,1,68.61
9410.0,Lost Customers,1,4,553,1,122.26
9411.0,Potential Loyalists,1,4,538,1,144.85
9412.0,Lost Customers,1,4,659,1,92.84
9413.0,Loyal Customers,1,4,65,1,70.7
9414.0,Loyal Customers,1,4,234,1,92.22
9415.0,Lost Customers,1,4,677,1,211.76
9416.0,Potential Loyalists,1,4,434,1,88.02
9417.0,Loyal Customers,1,4,141,1,142.47
9418.0,Potential Loyalists,1,4,543,1,222.49
9419.0,Potential Loyalists,1,4,403,1,83.16
9420.0,Loyal Customers,1,4,292,1,105.17
9421.0,Lost Customers,1,4,694,1,131.53
9422.0,Potential Loyalists,1,4,487,1,83.7
9423.0,Lost Customers,1,4,691,1,180.9
9424.0,Loyal Customers,1,4,313,1,113.84
9425.0,Lost Customers,1,4,721,1,112.39
9426.0,Potential Loyalists,1,4,501,1,124.37
9427.0,Loyal Customers,1,4,324,1,97.78
9428.0,Lost Customers,1,4,568,1,78.75
9429.0,Lost Customers,1,4,597,1,130.64
9430.0,Lost Customers,1,4,628,1,96.07
9431.0,Potential Loyalists,1,4,442,1,87.18
9432.0,Loyal Customers,1,4,246,1,117.18
9433.0,Lost Customers,1,4,625,1,213.19
9434.0,Loyal Customers,1,4,93,1,163.24
9435.0,Potential Loyalists,1,4,405,1,139.0
9436.0,Lost Customers,1,4,549,1,261.11
9437.0,Potential Loyalists,1,4,448,1,212.03
9438.0,Loyal Customers,1,4,282,1,77.3
9439.0,Potential Loyalists,1,4,488,1,108.92
9440.0,Champions,1,4,171,1,171.61
9441.0,Loyal Customers,1,4,158,1,92.39
9442.0,Lost Customers,1,4,633,1,112.48
9443.0,Loyal Customers,1,4,241,1,219.97
9444.0,Loyal Customers,1,4,203,1,134.16
9445.0,Loyal Customers,1,4,301,1,56.91
9446.0,Loyal Customers,1,4,350,1,202.01
9447.0,Loyal Customers,1,4,13,1,36.03
9448.0,Lost Customers,1,4,593,1,112.34
9449.0,Potential Loyalists,1,4,497,1,104.17
9450.0,Lost Customers,1,4,691,1,124.44
9451.0,Potential Loyalists,1,4,445,1,84.75
9452.0,Potential Loyalists,1,4,383,1,83.61
9453.0,Lost Customers,1,4,558,1,268.45
9454.0,Potential Loyalists,1,4,523,1,136.06
9455.0,Champions,1,4,139,1,214.73
9456.0,Champions,1,4,66,1,172.38
9457.0,Loyal Customers,1,4,305,1,128.18
9458.0,Loyal Customers,1,4,85,1,104.41
9459.0,Lost Customers,1,4,724,1,83.71
9460.0,Lost Customers,1,4,650,1,131.93
9461.0,Lost Customers,1,4,606,1,95.76
9462.0,Loyal Customers,1,4,6,1,51.71
9463.0,Loyal Customers,1,4,363,1,98.09
9464.0,Champions,1,4,118,1,186.44
9465.0,Lost Customers,1,4,570,1,154.66
9466.0,Loyal Customers,1,4,94,1,137.65
9467.0,Potential Loyalists,1,4,382,1,96.79
9468.0,Loyal Customers,1,4,249,1,215.65
9469.0,Loyal Customers,1,4,301,1,85.8
9470.0,Lost Customers,1,4,680,1,180.37
9471.0,Loyal Customers,1,4,342,1,91.2
9472.0,Potential Loyalists,1,4,421,1,61.02
9473.0,Lost Customers,1,4,702,1,52.74
9474.0,Lost Customers,1,4,628,1,106.8
9475.0,Champions,1,4,182,1,226.23
9476.0,Loyal Customers,1,4,222,1,113.83
9477.0,Loyal Customers,1,4,39,1,98.11
9478.0,Lost Customers,1,4,622,1,112.59
9479.0,Champions,1,4,39,1,172.22
9480.0,Potential Loyalists,1,4,377,1,159.26
9481.0,Potential Loyalists,1,4,458,1,90.16
9482.0,Potential Loyalists,1,4,518,1,166.17
9483.0,Loyal Customers,1,4,163,1,145.99
9484.0,Lost Customers,1,4,696,1,175.81
9485.0,Loyal Customers,1,4,125,1,109.55
9486.0,Potential Loyalists,1,4,414,1,150.59
9487.0,Lost Customers,1,4,725,1,62.76
9488.0,Loyal Customers,1,4,314,1,50.58
9489.0,Loyal Customers,1,4,230,1,157.7
9490.0,Potential Loyalists,1,4,529,1,104.34
9491.0,Potential Loyalists,1,4,411,1,280.37
9492.0,Loyal Customers,1,4,90,1,131.12
9493.0,Lost Customers,1,4,627,1,166.35
9494.0,Lost Customers,1,4,714,1,76.22
9495.0,Lost Customers,1,4,592,1,193.61
9496.0,Loyal Customers,1,4,292,1,108.48
9497.0,Lost Customers,1,4,723,1,62.8
9498.0,Potential Loyalists,1,4,509,1,116.0
9499.0,Lost Customers,1,4,565,1,58.26
9500.0,Potential Loyalists,1,4,500,1,75.73
9501.0,Lost Customers,1,4,636,1,143.76
9502.0,Lost Customers,1,4,607,1,170.49
9503.0,Loyal Customers,1,4,166,1,84.48
9504.0,Lost Customers,1,4,698,1,119.17
9505.0,Loyal Customers,1,4,60,1,98.54
9506.0,Loyal Customers,1,4,143,1,119.25
9507.0,Lost Customers,1,4,615,1,126.88
9508.0,Loyal Customers,1,4,254,1,115.16
9509.0,Lost Customers,1,4,719,1,95.94
9510.0,Potential Loyalists,1,4,405,1,163.87
9511.0,Loyal Customers,1,4,106,1,74.22
9512.0,Lost Customers,1,4,610,1,129.48
9513.0,Loyal Customers,1,4,9,1,65.3
9514.0,Loyal Customers,1,4,178,1,108.95
9515.0,Champions,1,4,174,1,281.03
9516.0,Lost Customers,1,4,621,1,74.7
9517.0,Loyal Customers,1,4,366,1,179.64
9518.0,Lost Customers,1,4,646,1,178.62
9519.0,Loyal Customers,1,4,112,1,66.67
9520.0,Potential Loyalists,1,4,489,1,83.34
9521.0,Potential Loyalists,1,4,426,1,121.21
9522.0,Loyal Customers,1,4,229,1,99.9
9523.0,Loyal Customers,1,4,118,1,140.56
9524.0,Loyal Customers,1,4,289,1,207.04
9525.0,Champions,1,4,66,1,197.51
9526.0,Loyal Customers,1,4,127,1,128.99
9527.0,Loyal Customers,1,4,363,1,130.59
9528.0,Potential Loyalists,1,4,405,1,118.18
9529.0,Potential Loyalists,1,4,427,1,108.96
9530.0,Lost Customers,1,4,695,1,100.22
9531.0,Loyal Customers,1,4,173,1,120.27
9532.0,Loyal Customers,1,4,262,1,77.66
9533.0,Loyal Customers,1,4,318,1,150.94
9534.0,Loyal Customers,1,4,55,1,98.22
9535.0,Lost Customers,1,4,619,1,184.27
9536.0,Loyal Customers,1,4,196,1,134.52
9537.0,Loyal Customers,1,4,168,1,57.63
9538.0,Potential Loyalists,1,4,498,1,126.3
9539.0,Lost Customers,1,4,718,1,96.25
9540.0,Loyal Customers,1,4,156,1,123.65
9541.0,Potential Loyalists,1,4,428,1,115.6
9542.0,Champions,1,4,40,1,192.99
9543.0,Lost Customers,1,4,688,1,93.92
9544.0,Lost Customers,1,4,715,1,97.33
9545.0,Loyal Customers,1,4,179,1,118.23
9546.0,Potential Loyalists,1,4,524,1,133.0
9547.0,Potential Loyalists,1,4,532,1,98.54
9548.0,Loyal Customers,1,4,42,1,101.26
9549.0,Loyal Customers,1,4,259,1,71.12
9550.0,Lost Customers,1,4,703,1,89.21
9551.0,Lost Customers,1,4,590,1,251.61
9552.0,Loyal Customers,1,4,216,1,119.38
9553.0,Loyal Customers,1,4,222,1,180.35
9554.0,Potential Loyalists,1,4,456,1,143.17
9555.0,Loyal Customers,1,4,83,1,106.28
9556.0,Loyal Customers,1,4,198,1,58.48
9557.0,Potential Loyalists,1,4,423,1,267.24
9558.0,Potential Loyalists,1,4,478,1,117.93
9559.0,Lost Customers,1,4,644,1,230.93
9560.0,Lost Customers,1,4,634,1,80.77
9561.0,Loyal Customers,1,4,83,1,128.22
9562.0,Lost Customers,1,4,608,1,108.41
9563.0,Potential Loyalists,1,4,423,1,134.52
9564.0,Loyal Customers,1,4,13,1,109.36
9565.0,Lost Customers,1,4,639,1,92.28
9566.0,Loyal Customers,1,4,270,1,104.62
9567.0,Lost Customers,1,4,577,1,170.92
9568.0,Loyal Customers,1,4,220,1,150.15
9569.0,Lost Customers,1,4,656,1,85.73
9570.0,Loyal Customers,1,4,197,1,59.6
9571.0,Potential Loyalists,1,4,501,1,133.72
9572.0,Loyal Customers,1,4,226,1,110.11
9573.0,Loyal Customers,1,4,339,1,151.99
9574.0,Loyal Customers,1,4,49,1,127.77
9575.0,Lost Customers,1,4,588,1,80.71
9576.0,Loyal Customers,1,4,160,1,53.2
9577.0,Loyal Customers,1,4,145,1,82.45
9578.0,Lost Customers,1,4,600,1,83.61
9579.0,Loyal Customers,1,4,350,1,77.64
9580.0,Loyal Customers,1,4,352,1,79.34
9581.0,Loyal Customers,1,4,273,1,114.33
9582.0,Champions,1,4,64,1,172.09
9583.0,Loyal Customers,1,4,206,1,156.12
9584.0,Lost Customers,1,4,661,1,114.16
9585.0,Lost Customers,1,4,595,1,167.25
9586.0,Loyal Customers,1,4,247,1,78.72
9587.0,Lost Customers,1,4,598,1,95.98
9588.0,Champions,1,4,118,1,192.56
9589.0,Lost Customers,1,4,639,1,115.35
9590.0,Lost Customers,1,4,643,1,138.67
9591.0,Lost Customers,1,4,564,1,69.62
9592.0,Loyal Customers,1,4,89,1,109.88
9593.0,Lost Customers,1,4,633,1,160.09
9594.0,Loyal Customers,1,4,324,1,99.6
9595.0,Loyal Customers,1,4,139,1,112.65
9596.0,Champions,1,4,175,1,168.09
9597.0,Loyal Customers,1,4,285,1,123.48
9598.0,Potential Loyalists,1,4,480,1,118.31
9599.0,Loyal Customers,1,4,27,1,134.56
9600.0,Potential Loyalists,1,4,518,1,217.67
9601.0,Loyal Customers,1,4,270,1,145.68
9602.0,Loyal Customers,1,4,289,1,91.57
9603.0,Loyal Customers,1,4,96,1,107.11
9604.0,Loyal Customers,1,4,333,1,151.24
9605.0,Potential Loyalists,1,4,406,1,159.57
9606.0,Champions,1,4,90,1,175.68
9607.0,Loyal Customers,1,4,86,1,113.84
9608.0,Loyal Customers,1,4,182,1,128.85
9609.0,Loyal Customers,1,4,130,1,122.2
9610.0,Loyal Customers,1,4,262,1,66.08
9611.0,Loyal Customers,1,4,237,1,92.05
9612.0,Lost Customers,1,4,714,1,148.18
9613.0,Potential Loyalists,1,4,525,1,114.95
9614.0,Potential Loyalists,1,4,450,1,108.54
9615.0,Loyal Customers,1,4,344,1,169.15
9616.0,Lost Customers,1,4,608,1,59.42
9617.0,Lost Customers,1,4,637,1,27.35
9618.0,Loyal Customers,1,4,73,1,90.53
9619.0,Loyal Customers,1,4,59,1,156.02
9620.0,Potential Loyalists,1,4,371,1,140.21
9621.0,Champions,1,4,50,1,201.11
9622.0,Potential Loyalists,1,4,496,1,188.65
9623.0,Lost Customers,1,4,717,1,190.12
9624.0,Potential Loyalists,1,4,527,1,82.97
9625.0,Lost Customers,1,4,671,1,114.34
9626.0,Loyal Customers,1,4,304,1,68.21
9627.0,Lost Customers,1,4,671,1,75.22
9628.0,Lost Customers,1,4,719,1,139.78
9629.0,Loyal Customers,1,4,129,1,116.51
9630.0,Lost Customers,1,4,569,1,94.92
9631.0,Loyal Customers,1,4,103,1,118.81
9632.0,Potential Loyalists,1,4,402,1,89.1
9633.0,Loyal Customers,1,4,296,1,160.53
9634.0,Loyal Customers,1,4,247,1,99.41
9635.0,Loyal Customers,1,4,170,1,98.18
9636.0,Lost Customers,1,4,581,1,142.45
9637.0,Potential Loyalists,1,4,422,1,143.25
9638.0,Lost Customers,1,4,585,1,92.31
9639.0,Potential Loyalists,1,4,481,1,163.9
9640.0,Loyal Customers,1,4,22,1,84.7
9641.0,Lost Customers,1,4,702,1,136.6
9642.0,Potential Loyalists,1,4,380,1,173.28
9643.0,Champions,1,4,99,1,183.39
9644.0,Lost Customers,1,4,552,1,99.1
9645.0,Potential Loyalists,1,4,369,1,169.92
9646.0,Loyal Customers,1,4,138,1,95.5
9647.0,Loyal Customers,1,4,314,1,146.52
9648.0,Loyal Customers,1,4,215,1,141.11
9649.0,Champions,1,4,1,1,208.04
9650.0,Loyal Customers,1,4,253,1,139.68
9651.0,Potential Loyalists,1,4,377,1,188.15
9652.0,Loyal Customers,1,4,76,1,121.37
9653.0,Loyal Customers,1,4,162,1,79.74
9654.0,Loyal Customers,1,4,181,1,130.58
9655.0,Loyal Customers,1,4,247,1,135.1
9656.0,Loyal Customers,1,4,326,1,175.17
9657.0,Potential Loyalists,1,4,466,1,112.42
9658.0,Loyal Customers,1,4,300,1,114.53
9659.0,Champions,1,4,35,1,218.97
9660.0,Lost Customers,1,4,602,1,46.89
9661.0,Loyal Customers,1,4,342,1,181.3
9662.0,Lost Customers,1,4,722,1,207.68
9663.0,Potential Loyalists,1,4,457,1,128.28
9664.0,Potential Loyalists,1,4,534,1,88.42
9665.0,Lost Customers,1,4,578,1,90.82
9666.0,Potential Loyalists,1,4,401,1,113.99
9667.0,Lost Customers,1,4,663,1,54.19
9668.0,Loyal Customers,1,4,288,1,128.44
9669.0,Lost Customers,1,4,551,1,134.66
9670.0,Potential Loyalists,1,4,433,1,169.74
9671.0,Loyal Customers,1,4,36,1,158.84
9672.0,Champions,1,4,14,1,311.7
9673.0,Loyal Customers,1,4,230,1,151.55
9674.0,Potential Loyalists,1,4,446,1,132.85
9675.0,Loyal Customers,1,4,307,1,99.12
9676.0,Potential Loyalists,1,4,464,1,78.39
9677.0,Champions,1,4,63,1,203.05
9678.0,Lost Customers,1,4,604,1,142.22
9679.0,Lost Customers,1,4,687,1,83.73
9680.0,Loyal Customers,1,4,214,1,71.5
9681.0,Potential Loyalists,1,4,378,1,73.24
9682.0,Potential Loyalists,1,4,454,1,240.32
9683.0,Loyal Customers,1,4,75,1,72.32
9684.0,Potential Loyalists,1,4,408,1,186.44
9685.0,Loyal Customers,1,4,65,1,128.24
9686.0,Loyal Customers,1,4,33,1,88.05
9687.0,Lost Customers,1,4,631,1,132.22
9688.0,Lost Customers,1,4,667,1,65.64
9689.0,Champions,1,4,75,1,197.33
9690.0,Lost Customers,1,4,721,1,148.38
9691.0,Loyal Customers,1,4,112,1,118.81
9692.0,Loyal Customers,1,4,269,1,165.93
9693.0,Lost Customers,1,4,566,1,107.12
9694.0,Loyal Customers,1,4,297,1,98.61
9695.0,Loyal Customers,1,4,36,1,119.91
9696.0,Loyal Customers,1,4,298,1,168.46
9697.0,Loyal Customers,1,4,293,1,84.65
9698.0,Loyal Customers,1,4,62,1,120.79
9699.0,Champions,1,4,52,1,223.26
9700.0,Loyal Customers,1,4,179,1,146.65
9701.0,Loyal Customers,1,4,261,1,110.53
9702.0,Loyal Customers,1,4,208,1,120.09
9703.0,Potential Loyalists,1,4,460,1,113.39
9704.0,Lost Customers,1,4,613,1,112.83
9705.0,Potential Loyalists,1,4,435,1,232.14
9706.0,Loyal Customers,1,4,114,1,111.47
9707.0,Lost Customers,1,4,578,1,102.45
9708.0,Potential Loyalists,1,4,457,1,153.54
9709.0,Lost Customers,1,4,668,1,57.62
9710.0,Loyal Customers,1,4,132,1,85.13
9711.0,Loyal Customers,1,4,70,1,125.52
9712.0,Champions,1,4,52,1,199.22
9713.0,Loyal Customers,1,4,2,1,145.0
9714.0,Lost Customers,1,4,588,1,170.15
9715.0,Lost Customers,1,4,666,1,103.37
9716.0,Potential Loyalists,1,4,512,1,244.73
9717.0,Potential Loyalists,1,4,445,1,89.7
9718.0,Lost Customers,1,4,722,1,113.93
9719.0,Loyal Customers,1,4,136,1,107.03
9720.0,Loyal Customers,1,4,259,1,172.3
9721.0,Lost Customers,1,4,587,1,100.17
9722.0,Potential Loyalists,1,4,483,1,258.69
9723.0,Potential Loyalists,1,4,475,1,146.66
9724.0,Potential Loyalists,1,4,508,1,243.12
9725.0,Loyal Customers,1,4,276,1,176.52
9726.0,Champions,1,4,180,1,245.25
9727.0,Loyal Customers,1,4,207,1,120.47
9728.0,Potential Loyalists,1,4,422,1,137.07
9729.0,Potential Loyalists,1,4,393,1,84.74
9730.0,Lost Customers,1,4,718,1,239.8
9731.0,Loyal Customers,1,4,236,1,142.65
9732.0,Loyal Customers,1,4,337,1,101.87
9733.0,Loyal Customers,1,4,141,1,88.04
9734.0,Loyal Customers,1,4,240,1,119.65
9735.0,Lost Customers,1,4,659,1,76.61
9736.0,Lost Customers,1,4,706,1,88.93
9737.0,Champions,1,4,161,1,232.5
9738.0,Lost Customers,1,4,578,1,81.86
9739.0,Potential Loyalists,1,4,531,1,153.0
9740.0,Loyal Customers,1,4,343,1,115.8
9741.0,Lost Customers,1,4,664,1,141.61
9742.0,Potential Loyalists,1,4,421,1,55.07
9743.0,Loyal Customers,1,4,308,1,106.82
9744.0,Lost Customers,1,4,718,1,105.76
9745.0,Loyal Customers,1,4,315,1,99.92
9746.0,Champions,1,4,115,1,254.76
9747.0,Loyal Customers,1,4,332,1,200.93
9748.0,Potential Loyalists,1,4,520,1,182.55
9749.0,Potential Loyalists,1,4,526,1,81.32
9750.0,Loyal Customers,1,4,63,1,75.57
9751.0,Champions,1,4,136,1,204.31
9752.0,Potential Loyalists,1,4,373,1,131.31
9753.0,Potential Loyalists,1,4,495,1,82.3
9754.0,Lost Customers,1,4,559,1,84.88
9755.0,Champions,1,4,161,1,203.42
9756.0,Lost Customers,1,4,627,1,108.78
9757.0,Loyal Customers,1,4,285,1,93.53
9758.0,Lost Customers,1,4,657,1,120.15
9759.0,Loyal Customers,1,4,135,1,113.39
9760.0,Loyal Customers,1,4,157,1,106.99
9761.0,Lost Customers,1,4,679,1,105.94
9762.0,Lost Customers,1,4,722,1,118.67
9763.0,Lost Customers,1,4,709,1,140.76
9764.0,Loyal Customers,1,4,141,1,87.53
9765.0,Loyal Customers,1,4,259,1,109.85
9766.0,Lost Customers,1,4,649,1,119.64
9767.0,Lost Customers,1,4,595,1,102.04
9768.0,Loyal Customers,1,4,127,1,86.26
9769.0,Potential Loyalists,1,4,539,1,76.85
9770.0,Potential Loyalists,1,4,505,1,70.47
9771.0,Potential Loyalists,1,4,404,1,97.33
9772.0,Loyal Customers,1,4,361,1,55.42
9773.0,Potential Loyalists,1,4,376,1,124.79
9774.0,Potential Loyalists,1,4,402,1,244.65
9775.0,Loyal Customers,1,4,95,1,139.77
9776.0,Loyal Customers,1,4,10,1,59.97
9777.0,Loyal Customers,1,4,122,1,144.28
9778.0,Lost Customers,1,4,624,1,145.54
9779.0,Loyal Customers,1,4,244,1,47.03
9780.0,Potential Loyalists,1,4,492,1,219.06
9781.0,Loyal Customers,1,4,186,1,45.04
9782.0,Loyal Customers,1,4,356,1,131.13
9783.0,Loyal Customers,1,4,152,1,75.69
9784.0,Potential Loyalists,1,4,497,1,152.68
9785.0,Potential Loyalists,1,4,402,1,65.74
9786.0,Lost Customers,1,4,657,1,179.7
9787.0,Lost Customers,1,4,563,1,94.29
9788.0,Loyal Customers,1,4,191,1,161.43
9789.0,Lost Customers,1,4,725,1,116.56
9790.0,Potential Loyalists,1,4,504,1,154.14
9791.0,Loyal Customers,1,4,350,1,62.76
9792.0,Potential Loyalists,1,4,420,1,126.86
9793.0,Loyal Customers,1,4,358,1,144.0
9794.0,Loyal Customers,1,4,79,1,148.05
9795.0,Potential Loyalists,1,4,548,1,65.83
9796.0,Loyal Customers,1,4,335,1,106.51
9797.0,Lost Customers,1,4,664,1,80.99
9798.0,Loyal Customers,1,4,195,1,178.32
9799.0,Loyal Customers,1,4,170,1,159.92
9800.0,Loyal Customers,1,4,58,1,82.17
9801.0,Lost Customers,1,4,704,1,111.42
9802.0,Potential Loyalists,1,4,426,1,127.19
9803.0,Lost Customers,1,4,720,1,102.9
9804.0,Champions,1,4,8,1,193.78
9805.0,Loyal Customers,1,4,320,1,83.22
9806.0,Lost Customers,1,4,677,1,144.63
9807.0,Potential Loyalists,1,4,425,1,82.79
9808.0,Loyal Customers,1,4,247,1,115.49
9809.0,Champions,1,4,102,1,175.67
9810.0,Loyal Customers,1,4,189,1,137.14
9811.0,Loyal Customers,1,4,193,1,143.61
9812.0,Loyal Customers,1,4,256,1,112.14
9813.0,Lost Customers,1,4,663,1,84.73
9814.0,Loyal Customers,1,4,189,1,106.72
9815.0,Loyal Customers,1,4,263,1,159.74
9816.0,Loyal Customers,1,4,140,1,120.11
9817.0,Potential Loyalists,1,4,512,1,70.82
9818.0,Loyal Customers,1,4,332,1,73.44
9819.0,Lost Customers,1,4,563,1,94.95
9820.0,Potential Loyalists,1,4,421,1,78.65
9821.0,Lost Customers,1,4,598,1,121.21
9822.0,Lost Customers,1,4,632,1,231.33
9823.0,Potential Loyalists,1,4,449,1,118.01
9824.0,Potential Loyalists,1,4,438,1,213.04
9825.0,Loyal Customers,1,4,221,1,132.51
9826.0,Loyal Customers,1,4,233,1,150.21
9827.0,Loyal Customers,1,4,61,1,87.21
9828.0,Loyal Customers,1,4,192,1,115.93
9829.0,Loyal Customers,1,4,2,1,160.3
9830.0,Loyal Customers,1,4,86,1,62.7
9831.0,Potential Loyalists,1,4,435,1,142.75
9832.0,Champions,1,4,147,1,298.39
9833.0,Loyal Customers,1,4,29,1,123.38
9834.0,Loyal Customers,1,4,206,1,174.59
9835.0,Loyal Customers,1,4,177,1,121.9
9836.0,Loyal Customers,1,4,311,1,102.09
9837.0,Loyal Customers,1,4,289,1,71.57
9838.0,Lost Customers,1,4,704,1,154.56
9839.0,Loyal Customers,1,4,142,1,109.85
9840.0,Lost Customers,1,4,666,1,148.02
9841.0,Lost Customers,1,4,651,1,140.47
9842.0,Loyal Customers,1,4,354,1,154.13
9843.0,Potential Loyalists,1,4,519,1,197.65
9844.0,Loyal Customers,1,4,134,1,91.49
9845.0,Loyal Customers,1,4,223,1,58.55
9846.0,Loyal Customers,1,4,290,1,149.55
9847.0,Champions,1,4,37,1,325.6
9848.0,Loyal Customers,1,4,213,1,175.68
9849.0,Potential Loyalists,1,4,402,1,104.77
9850.0,Loyal Customers,1,4,174,1,164.7
9851.0,Lost Customers,1,4,666,1,122.52
9852.0,Loyal Customers,1,4,251,1,44.99
9853.0,Loyal Customers,1,4,257,1,128.4
9854.0,Loyal Customers,1,4,311,1,157.93
9855.0,Lost Customers,1,4,627,1,156.96
9856.0,Potential Loyalists,1,4,546,1,173.25
9857.0,Loyal Customers,1,4,212,1,113.73
9858.0,Loyal Customers,1,4,306,1,85.51
9859.0,Loyal Customers,1,4,290,1,66.96
9860.0,Loyal Customers,1,4,202,1,111.29
9861.0,Loyal Customers,1,4,176,1,144.65
9862.0,Loyal Customers,1,4,265,1,109.04
9863.0,Loyal Customers,1,4,33,1,158.38
9864.0,Potential Loyalists,1,4,493,1,201.65
9865.0,Potential Loyalists,1,4,525,1,78.4
9866.0,Potential Loyalists,1,4,376,1,96.55
9867.0,Potential Loyalists,1,4,428,1,200.23
9868.0,Loyal Customers,1,4,230,1,89.15
9869.0,Potential Loyalists,1,4,383,1,167.03
9870.0,Champions,1,4,12,1,302.67
9871.0,Potential Loyalists,1,4,465,1,122.58
9872.0,Loyal Customers,1,4,2,1,73.7
9873.0,Loyal Customers,1,4,272,1,92.42
9874.0,Potential Loyalists,1,4,407,1,100.07
9875.0,Potential Loyalists,1,4,536,1,51.75
9876.0,Lost Customers,1,4,582,1,123.28
9877.0,Champions,1,4,168,1,274.84
9878.0,Loyal Customers,1,4,45,1,117.43
9879.0,Champions,1,4,27,1,250.28
9880.0,Loyal Customers,1,4,38,1,82.44
9881.0,Lost Customers,1,4,707,1,115.28
9882.0,Lost Customers,1,4,577,1,110.37
9883.0,Lost Customers,1,4,670,1,225.04
9884.0,Loyal Customers,1,4,277,1,79.06
9885.0,Loyal Customers,1,4,218,1,62.48
9886.0,Lost Customers,1,4,724,1,232.19
9887.0,Lost Customers,1,4,676,1,256.69
9888.0,Potential Loyalists,1,4,498,1,114.65
9889.0,Loyal Customers,1,4,9,1,150.65
9890.0,Loyal Customers,1,4,74,1,133.4
9891.0,Lost Customers,1,4,680,1,95.27
9892.0,Loyal Customers,1,4,123,1,128.79
9893.0,Potential Loyalists,1,4,410,1,182.21
9894.0,Loyal Customers,1,4,346,1,62.08
9895.0,Lost Customers,1,4,590,1,98.99
9896.0,Lost Customers,1,4,607,1,193.93
9897.0,Loyal Customers,1,4,78,1,71.22
9898.0,Champions,1,4,17,1,240.01
9899.0,Champions,1,4,148,1,241.53
9900.0,Lost Customers,1,4,707,1,123.37
9901.0,Potential Loyalists,1,4,493,1,172.81
9902.0,Loyal Customers,1,4,206,1,138.62
9903.0,Lost Customers,1,4,661,1,184.16
9904.0,Loyal Customers,1,4,134,1,78.55
9905.0,Lost Customers,1,4,719,1,144.29
9906.0,Champions,1,4,103,1,174.6
9907.0,Loyal Customers,1,4,135,1,106.47
9908.0,Lost Customers,1,4,635,1,162.64
9909.0,Potential Loyalists,1,4,530,1,92.48
9910.0,Lost Customers,1,4,640,1,91.35
9911.0,Champions,1,4,83,1,261.69
9912.0,Potential Loyalists,1,4,495,1,129.66
9913.0,Lost Customers,1,4,676,1,135.61
9914.0,Potential Loyalists,1,4,424,1,123.13
9915.0,Champions,1,4,103,1,189.07
9916.0,Lost Customers,1,4,643,1,82.75
9917.0,Loyal Customers,1,4,187,1,182.85
9918.0,Loyal Customers,1,4,256,1,135.54
9919.0,Loyal Customers,1,4,309,1,143.83
9920.0,Loyal Customers,1,4,198,1,94.95
9921.0,Loyal Customers,1,4,318,1,67.64
9922.0,Loyal Customers,1,4,296,1,116.34
9923.0,Lost Customers,1,4,688,1,180.08
9924.0,Lost Customers,1,4,681,1,179.16
9925.0,Loyal Customers,1,4,313,1,87.6
9926.0,Lost Customers,1,4,670,1,95.78
9927.0,Loyal Customers,1,4,238,1,123.0
9928.0,Lost Customers,1,4,654,1,253.87
9929.0,Loyal Customers,1,4,151,1,97.77
9930.0,Potential Loyalists,1,4,504,1,103.13
9931.0,Lost Customers,1,4,620,1,88.76
9932.0,Lost Customers,1,4,555,1,210.43
9933.0,Potential Loyalists,1,4,465,1,277.52
9934.0,Champions,1,4,166,1,200.39
9935.0,Lost Customers,1,4,552,1,158.2
9936.0,Potential Loyalists,1,4,431,1,124.57
9937.0,Loyal Customers,1,4,296,1,170.31
9938.0,Loyal Customers,1,4,215,1,79.76
9939.0,Lost Customers,1,4,572,1,51.29
9940.0,Potential Loyalists,1,4,434,1,60.68
9941.0,Lost Customers,1,4,691,1,113.28
9942.0,Potential Loyalists,1,4,506,1,94.85
9943.0,Potential Loyalists,1,4,502,1,143.66
9944.0,Lost Customers,1,4,654,1,47.25
9945.0,Potential Loyalists,1,4,489,1,64.78
9946.0,Potential Loyalists,1,4,406,1,185.05
9947.0,Lost Customers,1,4,572,1,204.43
9948.0,Lost Customers,1,4,675,1,77.23
9949.0,Loyal Customers,1,4,331,1,116.7
9950.0,Lost Customers,1,4,682,1,112.85
9951.0,Lost Customers,1,4,669,1,67.34
9952.0,Potential Loyalists,1,4,411,1,155.26
9953.0,Loyal Customers,1,4,209,1,80.21
9954.0,Champions,1,4,51,1,179.81
9955.0,Potential Loyalists,1,4,367,1,181.25
9956.0,Loyal Customers,1,4,165,1,54.08
9957.0,Lost Customers,1,4,647,1,114.98
9958.0,Lost Customers,1,4,659,1,147.35
9959.0,Lost Customers,1,4,592,1,189.02
9960.0,Potential Loyalists,1,4,537,1,276.98
9961.0,Loyal Customers,1,4,203,1,103.07
9962.0,Loyal Customers,1,4,340,1,71.35
9963.0,Loyal Customers,1,4,294,1,168.63
9964.0,Potential Loyalists,1,4,402,1,63.9
9965.0,Lost Customers,1,4,687,1,101.66
9966.0,Lost Customers,1,4,606,1,201.69
9967.0,Loyal Customers,1,4,81,1,79.45
9968.0,Loyal Customers,1,4,85,1,145.59
9969.0,Loyal Customers,1,4,207,1,173.31
9970.0,Potential Loyalists,1,4,519,1,268.62
9971.0,Loyal Customers,1,4,170,1,152.73
9972.0,Potential Loyalists,1,4,484,1,193.13
9973.0,Lost Customers,1,4,631,1,71.02
9974.0,Loyal Customers,1,4,182,1,149.04
9975.0,Potential Loyalists,1,4,438,1,65.41
9976.0,Lost Customers,1,4,563,1,251.17
9977.0,Loyal Customers,1,4,240,1,85.88
9978.0,Loyal Customers,1,4,285,1,255.33
9979.0,Loyal Customers,1,4,286,1,117.93
9980.0,Loyal Customers,1,4,194,1,130.83
9981.0,Loyal Customers,1,4,32,1,97.95
9982.0,Lost Customers,1,4,688,1,144.56
9983.0,Lost Customers,1,4,638,1,111.0
9984.0,Loyal Customers,1,4,333,1,80.93
9985.0,Loyal Customers,1,4,163,1,127.5
9986.0,Loyal Customers,1,4,246,1,135.97
9987.0,Loyal Customers,1,4,193,1,133.39
9988.0,Lost Customers,1,4,584,1,127.97
9989.0,Lost Customers,1,4,627,1,89.82
9990.0,Loyal Customers,1,4,114,1,131.93
9991.0,Potential Loyalists,1,4,397,1,142.57
9992.0,Loyal Customers,1,4,110,1,127.48
9993.0,Loyal Customers,1,4,330,1,134.68
9994.0,Loyal Customers,1,4,349,1,87.74
9995.0,Potential Loyalists,1,4,465,1,204.67
9996.0,Loyal Customers,1,4,116,1,126.38
9997.0,Loyal Customers,1,4,42,1,84.42
9998.0,Loyal Customers,1,4,281,1,96.06
9999.0,Loyal Customers,1,4,160,1,116.15
10000.0,Potential Loyalists,1,4,548,1,172.3
10001.0,Loyal Customers,1,4,317,1,180.06
10002.0,Potential Loyalists,1,4,452,1,177.24
10003.0,Potential Loyalists,1,4,452,1,147.73
10004.0,Loyal Customers,1,4,87,1,161.26
10005.0,Loyal Customers,1,4,352,1,102.91
10006.0,Lost Customers,1,4,589,1,89.13
10007.0,Loyal Customers,1,4,272,1,167.8
10008.0,Loyal Customers,1,4,82,1,102.73
10009.0,Champions,1,4,147,1,302.05
10010.0,Lost Customers,1,4,690,1,98.37
10011.0,Champions,1,4,41,1,257.1
10012.0,Potential Loyalists,1,4,529,1,99.24
10013.0,Potential Loyalists,1,4,490,1,45.8
10014.0,Loyal Customers,1,4,78,1,96.21
10015.0,Loyal Customers,1,4,279,1,149.31
10016.0,Loyal Customers,1,4,285,1,86.87
10017.0,Potential Loyalists,1,4,443,1,154.69
10018.0,Loyal Customers,1,4,276,1,139.94
10019.0,Loyal Customers,1,4,164,1,126.25
10020.0,Loyal Customers,1,4,263,1,125.17
10021.0,Lost Customers,1,4,711,1,195.43
10022.0,Potential Loyalists,1,4,535,1,114.5
10023.0,Loyal Customers,1,4,51,1,107.65
10024.0,Loyal Customers,1,4,175,1,157.74
10025.0,Loyal Customers,1,4,290,1,121.06
10026.0,Loyal Customers,1,4,57,1,91.42
10027.0,Potential Loyalists,1,4,433,1,96.68
10028.0,Lost Customers,1,4,656,1,71.38
10029.0,Potential Loyalists,1,4,434,1,130.03
10030.0,Loyal Customers,1,4,14,1,145.44
10031.0,Loyal Customers,1,4,352,1,107.49
10032.0,Champions,1,4,149,1,212.4
10033.0,Potential Loyalists,1,4,374,1,71.26
10034.0,Potential Loyalists,1,4,396,1,110.51
10035.0,Potential Loyalists,1,4,430,1,169.02
10036.0,Champions,1,4,11,1,182.38
10037.0,Loyal Customers,1,4,41,1,74.7
10038.0,Lost Customers,1,4,723,1,107.14
10039.0,Potential Loyalists,1,4,379,1,137.35
10040.0,Lost Customers,1,4,611,1,129.43
10041.0,Potential Loyalists,1,4,400,1,142.89
10042.0,Potential Loyalists,1,4,535,1,113.5
10043.0,Champions,1,4,90,1,214.26
10044.0,Loyal Customers,1,4,210,1,111.35
10045.0,Loyal Customers,1,4,246,1,173.52
10046.0,Champions,1,4,22,1,171.49
10047.0,Lost Customers,1,4,592,1,159.27
10048.0,Lost Customers,1,4,693,1,85.68
10049.0,Potential Loyalists,1,4,536,1,144.05
10050.0,Lost Customers,1,4,612,1,116.59
10051.0,Potential Loyalists,1,4,531,1,125.12
10052.0,Loyal Customers,1,4,249,1,121.0
10053.0,Lost Customers,1,4,715,1,147.68
10054.0,Champions,1,4,116,1,215.08
10055.0,Loyal Customers,1,4,365,1,169.27
10056.0,Lost Customers,1,4,627,1,176.17
10057.0,Loyal Customers,1,4,199,1,126.7
10058.0,Potential Loyalists,1,4,449,1,146.19
10059.0,Loyal Customers,1,4,144,1,69.35
10060.0,Potential Loyalists,1,4,395,1,82.71
10061.0,Loyal Customers,1,4,6,1,97.81
10062.0,Loyal Customers,1,4,217,1,185.62
10063.0,Lost Customers,1,4,727,1,122.8
10064.0,Champions,1,4,170,1,170.9
10065.0,Loyal Customers,1,4,77,1,110.47
10066.0,Loyal Customers,1,4,248,1,98.45
10067.0,Lost Customers,1,4,560,1,109.66
10068.0,Loyal Customers,1,4,229,1,79.87
10069.0,Loyal Customers,1,4,332,1,105.54
10070.0,Loyal Customers,1,4,133,1,160.12
10071.0,Lost Customers,1,4,704,1,157.22
10072.0,Potential Loyalists,1,4,489,1,158.16
10073.0,Potential Loyalists,1,4,492,1,88.28
10074.0,Lost Customers,1,4,594,1,129.95
10075.0,Loyal Customers,1,4,325,1,260.75
10076.0,Loyal Customers,1,4,203,1,120.23
10077.0,Potential Loyalists,1,4,498,1,107.52
10078.0,Loyal Customers,1,4,175,1,101.59
10079.0,Champions,1,4,101,1,199.37
10080.0,Potential Loyalists,1,4,453,1,162.16
10081.0,Loyal Customers,1,4,163,1,131.14
10082.0,Potential Loyalists,1,4,394,1,251.61
10083.0,Loyal Customers,1,4,364,1,82.7
10084.0,Potential Loyalists,1,4,416,1,88.09
10085.0,Lost Customers,1,4,614,1,110.08
10086.0,Loyal Customers,1,4,247,1,136.06
10087.0,Loyal Customers,1,4,202,1,83.76
10088.0,Lost Customers,1,4,599,1,100.01
10089.0,Lost Customers,1,4,718,1,244.89
10090.0,Potential Loyalists,1,4,548,1,97.66
10091.0,Loyal Customers,1,4,308,1,99.6
10092.0,Loyal Customers,1,4,262,1,125.32
10093.0,Champions,1,4,153,1,183.46
10094.0,Loyal Customers,1,4,231,1,89.15
10095.0,Potential Loyalists,1,4,427,1,68.04
10096.0,Potential Loyalists,1,4,400,1,80.92
10097.0,Potential Loyalists,1,4,500,1,95.47
10098.0,Loyal Customers,1,4,312,1,110.17
10099.0,Loyal Customers,1,4,26,1,64.17
10100.0,Lost Customers,1,4,622,1,126.48
10101.0,Loyal Customers,1,4,323,1,86.11
10102.0,Loyal Customers,1,4,196,1,101.69
10103.0,Potential Loyalists,1,4,389,1,115.56
10104.0,Loyal Customers,1,4,354,1,68.92
10105.0,Potential Loyalists,1,4,528,1,126.04
10106.0,Potential Loyalists,1,4,496,1,82.91
10107.0,Potential Loyalists,1,4,535,1,101.09
10108.0,Loyal Customers,1,4,337,1,134.16
10109.0,Loyal Customers,1,4,215,1,110.04
10110.0,Potential Loyalists,1,4,401,1,77.7
10111.0,Loyal Customers,1,4,8,1,70.94
10112.0,Loyal Customers,1,4,308,1,64.34
10113.0,Potential Loyalists,1,4,399,1,106.71
10114.0,Lost Customers,1,4,579,1,163.69
10115.0,Potential Loyalists,1,4,481,1,51.88
10116.0,Potential Loyalists,1,4,483,1,109.78
10117.0,Potential Loyalists,1,4,421,1,67.74
10118.0,Loyal Customers,1,4,13,1,96.37
10119.0,Potential Loyalists,1,4,427,1,127.1
10120.0,Loyal Customers,1,4,47,1,114.25
10121.0,Loyal Customers,1,4,151,1,112.06
10122.0,Loyal Customers,1,4,164,1,102.47
10123.0,Loyal Customers,1,4,218,1,116.24
10124.0,Loyal Customers,1,4,125,1,148.63
10125.0,Loyal Customers,1,4,18,1,162.0
10126.0,Loyal Customers,1,4,237,1,71.86
10127.0,Potential Loyalists,1,4,406,1,202.0
10128.0,Loyal Customers,1,4,39,1,162.49
10129.0,Potential Loyalists,1,4,414,1,144.61
10130.0,Loyal Customers,1,4,316,1,115.53
10131.0,Lost Customers,1,4,619,1,204.51
10132.0,Loyal Customers,1,4,282,1,146.56
10133.0,Loyal Customers,1,4,342,1,113.86
10134.0,Lost Customers,1,4,718,1,131.43
10135.0,Loyal Customers,1,4,310,1,306.32
10136.0,Loyal Customers,1,4,53,1,86.74
10137.0,Potential Loyalists,1,4,368,1,136.91
10138.0,Potential Loyalists,1,4,409,1,27.99
10139.0,Potential Loyalists,1,4,515,1,64.42
10140.0,Potential Loyalists,1,4,483,1,288.82
10141.0,Lost Customers,1,4,599,1,190.02
10142.0,Lost Customers,1,4,709,1,38.59
10143.0,Potential Loyalists,1,4,414,1,70.57
10144.0,Potential Loyalists,1,4,369,1,222.62
10145.0,Lost Customers,1,4,656,1,102.63
10146.0,Loyal Customers,1,4,216,1,123.93
10147.0,Lost Customers,1,4,587,1,130.07
10148.0,Lost Customers,1,4,595,1,168.28
10149.0,Loyal Customers,1,4,44,1,126.17
10150.0,Champions,1,4,160,1,228.54
10151.0,Loyal Customers,1,4,112,1,161.3
10152.0,Loyal Customers,1,4,13,1,94.67
10153.0,Lost Customers,1,4,606,1,81.28
10154.0,Loyal Customers,1,4,268,1,120.13
10155.0,Lost Customers,1,4,552,1,105.37
10156.0,Loyal Customers,1,4,21,1,149.64
10157.0,Loyal Customers,1,4,94,1,106.27
10158.0,Loyal Customers,1,4,89,1,141.19
10159.0,Lost Customers,1,4,610,1,149.47
10160.0,Potential Loyalists,1,4,381,1,74.74
10161.0,Lost Customers,1,4,636,1,132.08
10162.0,Loyal Customers,1,4,38,1,64.71
10163.0,Lost Customers,1,4,556,1,117.8
10164.0,Potential Loyalists,1,4,497,1,176.51
10165.0,Potential Loyalists,1,4,453,1,99.61
10166.0,Loyal Customers,1,4,346,1,88.38
10167.0,Lost Customers,1,4,704,1,174.27
10168.0,Potential Loyalists,1,4,448,1,92.98
10169.0,Lost Customers,1,4,620,1,81.05
10170.0,Lost Customers,1,4,583,1,114.95
10171.0,Lost Customers,1,4,669,1,130.96
10172.0,Lost Customers,1,4,640,1,138.92
10173.0,Lost Customers,1,4,574,1,87.25
10174.0,Lost Customers,1,4,606,1,74.44
10175.0,Loyal Customers,1,4,365,1,143.64
10176.0,Potential Loyalists,1,4,499,1,76.87
10177.0,Loyal Customers,1,4,7,1,146.69
10178.0,Potential Loyalists,1,4,428,1,151.19
10179.0,Loyal Customers,1,4,342,1,76.54
10180.0,Loyal Customers,1,4,224,1,97.69
10181.0,Loyal Customers,1,4,33,1,74.3
10182.0,Potential Loyalists,1,4,546,1,85.68
10183.0,Potential Loyalists,1,4,427,1,95.49
10184.0,Lost Customers,1,4,633,1,153.49
10185.0,Potential Loyalists,1,4,424,1,184.14
10186.0,Loyal Customers,1,4,326,1,105.68
10187.0,Loyal Customers,1,4,354,1,78.05
10188.0,Loyal Customers,1,4,277,1,135.19
10189.0,Potential Loyalists,1,4,418,1,209.55
10190.0,Loyal Customers,1,4,342,1,124.96
10191.0,Loyal Customers,1,4,175,1,66.18
10192.0,Loyal Customers,1,4,135,1,108.98
10193.0,Loyal Customers,1,4,244,1,87.17
10194.0,Potential Loyalists,1,4,407,1,150.34
10195.0,Lost Customers,1,4,665,1,121.09
10196.0,Loyal Customers,1,4,329,1,68.37
10197.0,Potential Loyalists,1,4,450,1,71.24
10198.0,Loyal Customers,1,4,362,1,166.95
10199.0,Potential Loyalists,1,4,531,1,129.05
10200.0,Potential Loyalists,1,4,375,1,95.91
10201.0,Loyal Customers,1,4,187,1,79.33
10202.0,Loyal Customers,1,4,284,1,148.56
10203.0,Loyal Customers,1,4,183,1,175.46
10204.0,Potential Loyalists,1,4,548,1,92.28
10205.0,Loyal Customers,1,4,46,1,129.55
10206.0,Loyal Customers,1,4,80,1,114.43
10207.0,Potential Loyalists,1,4,368,1,123.41
10208.0,Loyal Customers,1,4,105,1,101.51
10209.0,Potential Loyalists,1,4,502,1,136.5
10210.0,Lost Customers,1,4,729,1,112.44
10211.0,Potential Loyalists,1,4,539,1,73.08
10212.0,Lost Customers,1,4,675,1,68.39
10213.0,Lost Customers,1,4,627,1,146.58
10214.0,Loyal Customers,1,4,329,1,140.78
10215.0,Lost Customers,1,4,549,1,93.39
10216.0,Potential Loyalists,1,4,369,1,214.12
10217.0,Loyal Customers,1,4,223,1,99.28
10218.0,Potential Loyalists,1,4,477,1,50.25
10219.0,Champions,1,4,118,1,196.52
10220.0,Lost Customers,1,4,657,1,57.92
10221.0,Lost Customers,1,4,715,1,68.09
10222.0,Loyal Customers,1,4,147,1,93.1
10223.0,Loyal Customers,1,4,255,1,169.04
10224.0,Potential Loyalists,1,4,370,1,118.1
10225.0,Loyal Customers,1,4,36,1,86.99
10226.0,Potential Loyalists,1,4,453,1,162.97
10227.0,Loyal Customers,1,4,339,1,124.29
10228.0,Loyal Customers,1,4,235,1,131.54
10229.0,Potential Loyalists,1,4,526,1,181.96
10230.0,Loyal Customers,1,4,296,1,196.03
10231.0,Loyal Customers,1,4,94,1,143.37
10232.0,Potential Loyalists,1,4,524,1,93.53
10233.0,Potential Loyalists,1,4,523,1,198.37
10234.0,Potential Loyalists,1,4,504,1,192.6
10235.0,Champions,1,4,60,1,168.2
10236.0,Loyal Customers,1,4,280,1,113.43
10237.0,Loyal Customers,1,4,247,1,83.36
10238.0,Loyal Customers,1,4,301,1,99.69
10239.0,Lost Customers,1,4,638,1,96.72
10240.0,Loyal Customers,1,4,204,1,70.31
10241.0,Loyal Customers,1,4,18,1,154.8
10242.0,Potential Loyalists,1,4,446,1,144.41
10243.0,Loyal Customers,1,4,186,1,144.63
10244.0,Potential Loyalists,1,4,480,1,44.55
10245.0,Loyal Customers,1,4,228,1,111.02
10246.0,Potential Loyalists,1,4,433,1,73.98
10247.0,Potential Loyalists,1,4,391,1,155.0
10248.0,Potential Loyalists,1,4,527,1,230.2
10249.0,Potential Loyalists,1,4,378,1,132.66
10250.0,Potential Loyalists,1,4,469,1,85.75
10251.0,Lost Customers,1,4,634,1,85.37
10252.0,Lost Customers,1,4,602,1,249.39
10253.0,Lost Customers,1,4,575,1,48.61
10254.0,Loyal Customers,1,4,44,1,139.0
10255.0,Loyal Customers,1,4,262,1,92.06
10256.0,Potential Loyalists,1,4,367,1,64.96
10257.0,Lost Customers,1,4,602,1,113.89
10258.0,Potential Loyalists,1,4,479,1,114.6
10259.0,Lost Customers,1,4,676,1,114.73
10260.0,Loyal Customers,1,4,226,1,161.92
10261.0,Potential Loyalists,1,4,410,1,235.84
10262.0,Champions,1,4,160,1,187.86
10263.0,Potential Loyalists,1,4,394,1,247.0
10264.0,Champions,1,4,45,1,203.12
10265.0,Loyal Customers,1,4,225,1,73.92
10266.0,Loyal Customers,1,4,227,1,86.69
10267.0,Potential Loyalists,1,4,496,1,165.31
10268.0,Lost Customers,1,4,604,1,82.54
10269.0,Loyal Customers,1,4,184,1,210.07
10270.0,Potential Loyalists,1,4,520,1,111.86
10271.0,Loyal Customers,1,4,74,1,136.67
10272.0,Potential Loyalists,1,4,427,1,162.95
10273.0,Loyal Customers,1,4,363,1,115.38
10274.0,Potential Loyalists,1,4,408,1,169.02
10275.0,Loyal Customers,1,4,249,1,141.68
10276.0,Loyal Customers,1,4,336,1,118.09
10277.0,Potential Loyalists,1,4,455,1,245.91
10278.0,Loyal Customers,1,4,229,1,219.21
10279.0,Loyal Customers,1,4,257,1,100.95
10280.0,Loyal Customers,1,4,343,1,140.96
10281.0,Lost Customers,1,4,708,1,139.08
10282.0,Loyal Customers,1,4,97,1,134.7
10283.0,Loyal Customers,1,4,27,1,126.44
10284.0,Loyal Customers,1,4,4,1,43.68
10285.0,Loyal Customers,1,4,62,1,71.75
10286.0,Champions,1,4,94,1,242.69
10287.0,Lost Customers,1,4,724,1,215.75
10288.0,Potential Loyalists,1,4,432,1,119.64
10289.0,Loyal Customers,1,4,196,1,239.07
10290.0,Loyal Customers,1,4,162,1,116.9
10291.0,Loyal Customers,1,4,47,1,82.77
10292.0,Loyal Customers,1,4,69,1,110.46
10293.0,Lost Customers,1,4,716,1,69.58
10294.0,Potential Loyalists,1,4,488,1,102.07
10295.0,Potential Loyalists,1,4,422,1,151.05
10296.0,Potential Loyalists,1,4,506,1,58.97
10297.0,Lost Customers,1,4,703,1,116.45
10298.0,Loyal Customers,1,4,99,1,115.92
10299.0,Potential Loyalists,1,4,435,1,64.67
10300.0,Loyal Customers,1,4,20,1,118.51
10301.0,Loyal Customers,1,4,171,1,95.12
10302.0,Loyal Customers,1,4,269,1,187.12
10303.0,Loyal Customers,1,4,140,1,58.44
10304.0,Lost Customers,1,4,588,1,80.39
10305.0,Potential Loyalists,1,4,429,1,129.62
10306.0,Potential Loyalists,1,4,548,1,209.66
10307.0,Lost Customers,1,4,682,1,68.45
10308.0,Potential Loyalists,1,4,400,1,143.83
10309.0,Lost Customers,1,4,664,1,88.67
10310.0,Potential Loyalists,1,4,505,1,81.63
10311.0,Potential Loyalists,1,4,498,1,162.45
10312.0,Potential Loyalists,1,4,505,1,112.93
10313.0,Loyal Customers,1,4,121,1,160.74
10314.0,Loyal Customers,1,4,173,1,155.45
10315.0,Loyal Customers,1,4,227,1,114.94
10316.0,Champions,1,4,71,1,181.25
10317.0,Loyal Customers,1,4,124,1,158.68
10318.0,Potential Loyalists,1,4,501,1,199.26
10319.0,Lost Customers,1,4,631,1,95.87
10320.0,Potential Loyalists,1,4,518,1,270.39
10321.0,Loyal Customers,1,4,319,1,67.0
10322.0,Potential Loyalists,1,4,502,1,78.18
10323.0,Potential Loyalists,1,4,500,1,59.07
10324.0,Loyal Customers,1,4,346,1,80.85
10325.0,Loyal Customers,1,4,106,1,75.51
10326.0,Potential Loyalists,1,4,376,1,73.81
10327.0,Loyal Customers,1,4,23,1,127.64
10328.0,Loyal Customers,1,4,304,1,230.29
10329.0,Loyal Customers,1,4,253,1,122.53
10330.0,Lost Customers,1,4,619,1,100.04
10331.0,Potential Loyalists,1,4,372,1,242.81
10332.0,Loyal Customers,1,4,293,1,99.45
10333.0,Loyal Customers,1,4,338,1,99.82
10334.0,Loyal Customers,1,4,208,1,104.95
10335.0,Lost Customers,1,4,697,1,69.33
10336.0,Loyal Customers,1,4,203,1,116.98
10337.0,Potential Loyalists,1,4,434,1,115.84
10338.0,Loyal Customers,1,4,289,1,156.13
10339.0,Potential Loyalists,1,4,431,1,211.14
10340.0,Potential Loyalists,1,4,470,1,301.76
10341.0,Loyal Customers,1,4,351,1,102.71
10342.0,Loyal Customers,1,4,234,1,135.39
10343.0,Champions,1,4,17,1,166.95
10344.0,Potential Loyalists,1,4,506,1,135.21
10345.0,Loyal Customers,1,4,337,1,184.7
10346.0,Loyal Customers,1,4,149,1,106.82
10347.0,Champions,1,4,128,1,257.48
10348.0,Loyal Customers,1,4,270,1,187.38
10349.0,Potential Loyalists,1,4,430,1,102.54
10350.0,Lost Customers,1,4,713,1,79.79
10351.0,Potential Loyalists,1,4,425,1,81.87
10352.0,Lost Customers,1,4,561,1,109.37
10353.0,Lost Customers,1,4,549,1,204.17
10354.0,Lost Customers,1,4,655,1,189.17
10355.0,Potential Loyalists,1,4,439,1,94.41
10356.0,Lost Customers,1,4,713,1,26.12
10357.0,Loyal Customers,1,4,360,1,110.95
10358.0,Loyal Customers,1,4,318,1,171.19
10359.0,Potential Loyalists,1,4,383,1,130.64
10360.0,Potential Loyalists,1,4,400,1,47.26
10361.0,Lost Customers,1,4,616,1,99.86
10362.0,Loyal Customers,1,4,224,1,190.71
10363.0,Lost Customers,1,4,725,1,169.89
10364.0,Loyal Customers,1,4,46,1,148.53
10365.0,Loyal Customers,1,4,118,1,88.93
10366.0,Potential Loyalists,1,4,444,1,99.19
10367.0,Loyal Customers,1,4,281,1,30.23
10368.0,Loyal Customers,1,4,301,1,275.78
10369.0,Loyal Customers,1,4,232,1,158.37
10370.0,Potential Loyalists,1,4,413,1,101.8
10371.0,Potential Loyalists,1,4,530,1,133.9
10372.0,Loyal Customers,1,4,15,1,59.87
10373.0,Champions,1,4,147,1,248.22
10374.0,Loyal Customers,1,4,249,1,114.19
10375.0,Lost Customers,1,4,578,1,152.42
10376.0,Lost Customers,1,4,659,1,225.31
10377.0,Potential Loyalists,1,4,392,1,65.47
10378.0,Potential Loyalists,1,4,493,1,116.42
10379.0,Potential Loyalists,1,4,406,1,155.08
10380.0,Loyal Customers,1,4,351,1,88.03
10381.0,Loyal Customers,1,4,261,1,46.03
10382.0,Potential Loyalists,1,4,456,1,95.03
10383.0,Lost Customers,1,4,623,1,166.96
10384.0,Lost Customers,1,4,670,1,127.51
10385.0,Lost Customers,1,4,611,1,148.14
10386.0,Lost Customers,1,4,558,1,80.13
10387.0,Potential Loyalists,1,4,505,1,103.86
10388.0,Loyal Customers,1,4,171,1,117.79
10389.0,Lost Customers,1,4,701,1,151.99
10390.0,Loyal Customers,1,4,298,1,121.29
10391.0,Loyal Customers,1,4,355,1,121.59
10392.0,Potential Loyalists,1,4,494,1,133.48
10393.0,Lost Customers,1,4,685,1,176.67
10394.0,Lost Customers,1,4,689,1,152.35
10395.0,Potential Loyalists,1,4,428,1,185.6
10396.0,Lost Customers,1,4,636,1,82.96
10397.0,Loyal Customers,1,4,154,1,157.2
10398.0,Lost Customers,1,4,724,1,158.62
10399.0,Lost Customers,1,4,616,1,63.04
10400.0,Lost Customers,1,4,629,1,159.11
10401.0,Potential Loyalists,1,4,448,1,105.51
10402.0,Lost Customers,1,4,724,1,60.15
10403.0,Loyal Customers,1,4,309,1,145.7
10404.0,Lost Customers,1,4,718,1,129.32
10405.0,Lost Customers,1,4,711,1,154.8
10406.0,Lost Customers,1,4,699,1,100.72
10407.0,Potential Loyalists,1,4,502,1,75.17
10408.0,Potential Loyalists,1,4,448,1,220.67
10409.0,Lost Customers,1,4,558,1,174.92
10410.0,Lost Customers,1,4,656,1,261.74
10411.0,Loyal Customers,1,4,1,1,141.76
10412.0,Loyal Customers,1,4,171,1,77.66
10413.0,Lost Customers,1,4,647,1,116.1
10414.0,Lost Customers,1,4,607,1,81.91
10415.0,Lost Customers,1,4,664,1,62.36
10416.0,Loyal Customers,1,4,48,1,139.17
10417.0,Lost Customers,1,4,605,1,124.48
10418.0,Loyal Customers,1,4,31,1,106.0
10419.0,Loyal Customers,1,4,76,1,129.25
10420.0,Loyal Customers,1,4,107,1,72.73
10421.0,Lost Customers,1,4,657,1,139.52
10422.0,Loyal Customers,1,4,136,1,75.86
10423.0,Lost Customers,1,4,578,1,76.46
10424.0,Loyal Customers,1,4,163,1,49.25
10425.0,Loyal Customers,1,4,29,1,90.2
10426.0,Lost Customers,1,4,566,1,151.35
10427.0,Potential Loyalists,1,4,459,1,90.13
10428.0,Potential Loyalists,1,4,390,1,98.87
10429.0,Loyal Customers,1,4,114,1,74.59
10430.0,Lost Customers,1,4,714,1,124.55
10431.0,Loyal Customers,1,4,211,1,120.65
10432.0,Potential Loyalists,1,4,436,1,226.17
10433.0,Loyal Customers,1,4,293,1,54.23
10434.0,Potential Loyalists,1,4,535,1,219.81
10435.0,Loyal Customers,1,4,233,1,142.94
10436.0,Potential Loyalists,1,4,411,1,64.58
10437.0,Potential Loyalists,1,4,431,1,137.12
10438.0,Loyal Customers,1,4,333,1,89.5
10439.0,Potential Loyalists,1,4,418,1,104.42
10440.0,Potential Loyalists,1,4,377,1,82.94
10441.0,Lost Customers,1,4,569,1,79.94
10442.0,Lost Customers,1,4,654,1,87.06
10443.0,Loyal Customers,1,4,30,1,80.81
10444.0,Loyal Customers,1,4,250,1,156.66
10445.0,Champions,1,4,71,1,230.64
10446.0,Potential Loyalists,1,4,467,1,73.56
10447.0,Loyal Customers,1,4,253,1,131.38
10448.0,Potential Loyalists,1,4,444,1,172.59
10449.0,Lost Customers,1,4,665,1,164.31
10450.0,Loyal Customers,1,4,140,1,151.75
10451.0,Loyal Customers,1,4,202,1,115.11
10452.0,Loyal Customers,1,4,164,1,112.3
10453.0,Potential Loyalists,1,4,504,1,102.42
10454.0,Lost Customers,1,4,655,1,157.33
10455.0,Loyal Customers,1,4,157,1,116.08
10456.0,Loyal Customers,1,4,185,1,132.36
10457.0,Potential Loyalists,1,4,418,1,149.7
10458.0,Champions,1,4,8,1,247.06
10459.0,Loyal Customers,1,4,156,1,92.45
10460.0,Potential Loyalists,1,4,543,1,105.12
10461.0,Potential Loyalists,1,4,465,1,132.65
10462.0,Loyal Customers,1,4,141,1,56.02
10463.0,Potential Loyalists,1,4,482,1,123.88
10464.0,Loyal Customers,1,4,185,1,133.88
10465.0,Loyal Customers,1,4,182,1,156.28
10466.0,Potential Loyalists,1,4,460,1,123.09
10467.0,Potential Loyalists,1,4,490,1,141.79
10468.0,Lost Customers,1,4,704,1,217.97
10469.0,Loyal Customers,1,4,125,1,88.37
10470.0,Loyal Customers,1,4,338,1,217.06
10471.0,Loyal Customers,1,4,366,1,121.89
10472.0,Lost Customers,1,4,728,1,104.98
10473.0,Loyal Customers,1,4,236,1,96.08
10474.0,Lost Customers,1,4,643,1,71.28
10475.0,Loyal Customers,1,4,255,1,81.3
10476.0,Potential Loyalists,1,4,381,1,73.28
10477.0,Loyal Customers,1,4,207,1,179.68
10478.0,Lost Customers,1,4,680,1,81.37
10479.0,Loyal Customers,1,4,286,1,248.38
10480.0,Potential Loyalists,1,4,448,1,92.23
10481.0,Potential Loyalists,1,4,461,1,80.83
10482.0,Lost Customers,1,4,564,1,98.48
10483.0,Lost Customers,1,4,613,1,94.72
10484.0,Loyal Customers,1,4,319,1,117.02
10485.0,Potential Loyalists,1,4,436,1,86.57
10486.0,Loyal Customers,1,4,318,1,83.64
10487.0,Loyal Customers,1,4,276,1,135.8
10488.0,Lost Customers,1,4,550,1,140.43
10489.0,Lost Customers,1,4,555,1,123.01
10490.0,Loyal Customers,1,4,289,1,79.4
10491.0,Loyal Customers,1,4,141,1,90.11
10492.0,Potential Loyalists,1,4,419,1,226.64
10493.0,Potential Loyalists,1,4,455,1,107.42
10494.0,Loyal Customers,1,4,190,1,115.83
10495.0,Lost Customers,1,4,590,1,82.06
10496.0,Loyal Customers,1,4,303,1,110.69
10497.0,Lost Customers,1,4,660,1,87.56
10498.0,Loyal Customers,1,4,276,1,180.87
10499.0,Lost Customers,1,4,662,1,143.51
10500.0,Potential Loyalists,1,4,536,1,102.58
10501.0,Lost Customers,1,4,670,1,102.9
10502.0,Potential Loyalists,1,4,454,1,118.28
10503.0,Loyal Customers,1,4,89,1,96.11
10504.0,Lost Customers,1,4,729,1,183.45
10505.0,Lost Customers,1,4,713,1,103.33
10506.0,Loyal Customers,1,4,109,1,144.47
10507.0,Lost Customers,1,4,724,1,109.36
10508.0,Potential Loyalists,1,4,455,1,136.69
10509.0,Champions,1,4,172,1,189.03
10510.0,Lost Customers,1,4,686,1,179.42
10511.0,Champions,1,4,16,1,167.8
10512.0,Lost Customers,1,4,588,1,196.15
10513.0,Lost Customers,1,4,697,1,112.6
10514.0,Loyal Customers,1,4,297,1,102.0
10515.0,Lost Customers,1,4,599,1,125.83
10516.0,Loyal Customers,1,4,51,1,69.67
10517.0,Loyal Customers,1,4,216,1,124.89
10518.0,Lost Customers,1,4,659,1,135.31
10519.0,Potential Loyalists,1,4,458,1,106.42
10520.0,Potential Loyalists,1,4,467,1,111.43
10521.0,Loyal Customers,1,4,350,1,86.2
10522.0,Lost Customers,1,4,670,1,147.83
10523.0,Loyal Customers,1,4,226,1,117.56
10524.0,Champions,1,4,41,1,185.3
10525.0,Lost Customers,1,4,666,1,71.91
10526.0,Loyal Customers,1,4,111,1,124.23
10527.0,Loyal Customers,1,4,306,1,146.1
10528.0,Lost Customers,1,4,702,1,157.66
10529.0,Loyal Customers,1,4,172,1,107.82
10530.0,Potential Loyalists,1,4,524,1,281.1
10531.0,Potential Loyalists,1,4,463,1,58.18
10532.0,Lost Customers,1,4,718,1,125.63
10533.0,Loyal Customers,1,4,361,1,95.42
10534.0,Lost Customers,1,4,720,1,109.18
10535.0,Loyal Customers,1,4,273,1,196.86
10536.0,Loyal Customers,1,4,87,1,121.22
10537.0,Lost Customers,1,4,566,1,94.91
10538.0,Lost Customers,1,4,716,1,155.99
10539.0,Loyal Customers,1,4,348,1,95.76
10540.0,Loyal Customers,1,4,16,1,114.19
10541.0,Lost Customers,1,4,553,1,171.03
10542.0,Loyal Customers,1,4,74,1,115.38
10543.0,Potential Loyalists,1,4,486,1,84.17
10544.0,Potential Loyalists,1,4,476,1,251.05
10545.0,Lost Customers,1,4,575,1,90.91
10546.0,Loyal Customers,1,4,54,1,143.29
10547.0,Loyal Customers,1,4,250,1,102.02
10548.0,Lost Customers,1,4,624,1,222.03
10549.0,Potential Loyalists,1,4,371,1,59.76
10550.0,Lost Customers,1,4,615,1,162.16
10551.0,Potential Loyalists,1,4,370,1,100.07
10552.0,Loyal Customers,1,4,49,1,145.85
10553.0,Loyal Customers,1,4,82,1,112.24
10554.0,Lost Customers,1,4,610,1,73.22
10555.0,Lost Customers,1,4,629,1,120.01
10556.0,Lost Customers,1,4,584,1,221.3
10557.0,Loyal Customers,1,4,216,1,68.19
10558.0,Potential Loyalists,1,4,388,1,252.03
10559.0,Lost Customers,1,4,622,1,57.36
10560.0,Lost Customers,1,4,588,1,119.3
10561.0,Loyal Customers,1,4,317,1,150.54
10562.0,Loyal Customers,1,4,28,1,109.23
10563.0,Loyal Customers,1,4,271,1,195.27
10564.0,Potential Loyalists,1,4,435,1,124.98
10565.0,Loyal Customers,1,4,39,1,143.21
10566.0,Loyal Customers,1,4,250,1,127.71
10567.0,Lost Customers,1,4,693,1,114.12
10568.0,Loyal Customers,1,4,115,1,138.62
10569.0,Loyal Customers,1,4,144,1,116.48
10570.0,Loyal Customers,1,4,273,1,67.09
10571.0,Loyal Customers,1,4,166,1,74.08
10572.0,Lost Customers,1,4,586,1,73.47
10573.0,Potential Loyalists,1,4,522,1,274.35
10574.0,Champions,1,4,31,1,196.26
10575.0,Lost Customers,1,4,602,1,232.21
10576.0,Loyal Customers,1,4,333,1,134.02
10577.0,Potential Loyalists,1,4,535,1,154.73
10578.0,Potential Loyalists,1,4,507,1,185.65
10579.0,Potential Loyalists,1,4,488,1,127.82
10580.0,Potential Loyalists,1,4,409,1,57.81
10581.0,Lost Customers,1,4,679,1,122.7
10582.0,Loyal Customers,1,4,2,1,95.6
10583.0,Champions,1,4,8,1,167.73
10584.0,Loyal Customers,1,4,145,1,59.52
10585.0,Loyal Customers,1,4,197,1,161.7
10586.0,Loyal Customers,1,4,288,1,110.31
10587.0,Loyal Customers,1,4,155,1,76.35
10588.0,Loyal Customers,1,4,15,1,126.29
10589.0,Lost Customers,1,4,560,1,113.18
10590.0,Loyal Customers,1,4,282,1,135.13
10591.0,Potential Loyalists,1,4,499,1,182.11
10592.0,Lost Customers,1,4,563,1,79.74
10593.0,Potential Loyalists,1,4,465,1,274.74
10594.0,Potential Loyalists,1,4,414,1,68.81
10595.0,Champions,1,4,96,1,165.96
10596.0,Potential Loyalists,1,4,519,1,119.8
10597.0,Loyal Customers,1,4,2,1,107.8
10598.0,Loyal Customers,1,4,136,1,144.57
10599.0,Loyal Customers,1,4,358,1,120.81
10600.0,Loyal Customers,1,4,257,1,158.93
10601.0,Champions,1,4,108,1,235.67
10602.0,Lost Customers,1,4,675,1,90.09
10603.0,Loyal Customers,1,4,193,1,128.14
10604.0,Loyal Customers,1,4,153,1,81.62
10605.0,Potential Loyalists,1,4,532,1,90.18
10606.0,Loyal Customers,1,4,32,1,73.16
10607.0,Potential Loyalists,1,4,425,1,127.97
10608.0,Loyal Customers,1,4,292,1,73.76
10609.0,Potential Loyalists,1,4,404,1,97.17
10610.0,Loyal Customers,1,4,95,1,48.98
10611.0,Loyal Customers,1,4,253,1,202.01
10612.0,Potential Loyalists,1,4,537,1,203.74
10613.0,Lost Customers,1,4,629,1,90.58
10614.0,Potential Loyalists,1,4,373,1,136.78
10615.0,Loyal Customers,1,4,349,1,73.87
10616.0,Loyal Customers,1,4,232,1,155.55
10617.0,Potential Loyalists,1,4,503,1,156.72
10618.0,Lost Customers,1,4,559,1,237.21
10619.0,Loyal Customers,1,4,137,1,87.17
10620.0,Loyal Customers,1,4,346,1,117.23
10621.0,Loyal Customers,1,4,38,1,72.06
10622.0,Loyal Customers,1,4,31,1,101.88
10623.0,Loyal Customers,1,4,343,1,92.25
10624.0,Potential Loyalists,1,4,539,1,198.26
10625.0,Loyal Customers,1,4,128,1,68.81
10626.0,Potential Loyalists,1,4,406,1,75.73
10627.0,Lost Customers,1,4,664,1,188.03
10628.0,Loyal Customers,1,4,149,1,153.83
10629.0,Potential Loyalists,1,4,458,1,71.3
10630.0,Loyal Customers,1,4,107,1,144.51
10631.0,Lost Customers,1,4,666,1,150.25
10632.0,Lost Customers,1,4,614,1,148.13
10633.0,Loyal Customers,1,4,238,1,94.45
10634.0,Lost Customers,1,4,686,1,223.5
10635.0,Potential Loyalists,1,4,457,1,119.16
10636.0,Potential Loyalists,1,4,492,1,139.24
10637.0,Loyal Customers,1,4,100,1,157.51
10638.0,Loyal Customers,1,4,96,1,119.63
10639.0,Loyal Customers,1,4,256,1,113.64
10640.0,Loyal Customers,1,4,157,1,94.37
10641.0,Loyal Customers,1,4,177,1,96.33
10642.0,Loyal Customers,1,4,99,1,101.9
10643.0,Loyal Customers,1,4,217,1,303.94
10644.0,Potential Loyalists,1,4,502,1,129.69
10645.0,Lost Customers,1,4,669,1,154.15
10646.0,Loyal Customers,1,4,308,1,99.37
10647.0,Loyal Customers,1,4,339,1,35.54
10648.0,Potential Loyalists,1,4,539,1,80.42
10649.0,Lost Customers,1,4,571,1,79.23
10650.0,Lost Customers,1,4,667,1,182.03
10651.0,Potential Loyalists,1,4,544,1,241.87
10652.0,Champions,1,4,69,1,185.67
10653.0,Lost Customers,1,4,721,1,190.48
10654.0,Champions,1,4,148,1,239.71
10655.0,Loyal Customers,1,4,1,1,120.6
10656.0,Loyal Customers,1,4,341,1,144.95
10657.0,Loyal Customers,1,4,211,1,169.98
10658.0,Loyal Customers,1,4,277,1,77.51
10659.0,Potential Loyalists,1,4,485,1,159.1
10660.0,Lost Customers,1,4,556,1,47.56
10661.0,Potential Loyalists,1,4,499,1,159.68
10662.0,Loyal Customers,1,4,139,1,141.26
10663.0,Loyal Customers,1,4,178,1,137.74
10664.0,Potential Loyalists,1,4,412,1,128.76
10665.0,Lost Customers,1,4,685,1,214.98
10666.0,Lost Customers,1,4,606,1,149.63
10667.0,Loyal Customers,1,4,284,1,116.64
10668.0,Loyal Customers,1,4,128,1,78.47
10669.0,Lost Customers,1,4,564,1,137.55
10670.0,Lost Customers,1,4,560,1,70.45
10671.0,Lost Customers,1,4,576,1,112.68
10672.0,Potential Loyalists,1,4,446,1,150.81
10673.0,Loyal Customers,1,4,194,1,59.58
10674.0,Lost Customers,1,4,650,1,173.08
10675.0,Lost Customers,1,4,685,1,78.09
10676.0,Loyal Customers,1,4,360,1,126.47
10677.0,Lost Customers,1,4,617,1,229.93
10678.0,Loyal Customers,1,4,293,1,101.62
10679.0,Loyal Customers,1,4,139,1,112.89
10680.0,Lost Customers,1,4,609,1,234.07
10681.0,Lost Customers,1,4,611,1,65.38
10682.0,Potential Loyalists,1,4,429,1,98.51
10683.0,Potential Loyalists,1,4,447,1,142.88
10684.0,Potential Loyalists,1,4,531,1,182.91
10685.0,Lost Customers,1,4,598,1,120.0
10686.0,Lost Customers,1,4,567,1,108.12
10687.0,Lost Customers,1,4,703,1,179.83
10688.0,Lost Customers,1,4,573,1,85.98
10689.0,Loyal Customers,1,4,55,1,125.51
10690.0,Loyal Customers,1,4,246,1,100.92
10691.0,Potential Loyalists,1,4,510,1,116.98
10692.0,Lost Customers,1,4,616,1,180.99
10693.0,Lost Customers,1,4,653,1,104.88
10694.0,Potential Loyalists,1,4,458,1,126.15
10695.0,Loyal Customers,1,4,115,1,141.59
10696.0,Loyal Customers,1,4,364,1,74.33
10697.0,Lost Customers,1,4,707,1,136.86
10698.0,Potential Loyalists,1,4,444,1,106.0
10699.0,Loyal Customers,1,4,196,1,114.57
10700.0,Loyal Customers,1,4,3,1,68.61
10701.0,Lost Customers,1,4,582,1,108.21
10702.0,Lost Customers,1,4,725,1,32.9
10703.0,Potential Loyalists,1,4,421,1,116.16
10704.0,Champions,1,4,16,1,176.64
10705.0,Lost Customers,1,4,601,1,85.93
10706.0,Potential Loyalists,1,4,536,1,283.89
10707.0,Loyal Customers,1,4,226,1,159.07
10708.0,Potential Loyalists,1,4,396,1,94.67
10709.0,Potential Loyalists,1,4,421,1,86.61
10710.0,Loyal Customers,1,4,227,1,94.72
10711.0,Loyal Customers,1,4,334,1,128.16
10712.0,Potential Loyalists,1,4,380,1,122.28
10713.0,Lost Customers,1,4,718,1,123.82
10714.0,Loyal Customers,1,4,30,1,148.63
10715.0,Loyal Customers,1,4,71,1,82.94
10716.0,Loyal Customers,1,4,261,1,250.92
10717.0,Lost Customers,1,4,616,1,242.07
10718.0,Loyal Customers,1,4,352,1,168.41
10719.0,Loyal Customers,1,4,156,1,66.29
10720.0,Lost Customers,1,4,550,1,78.4
10721.0,Loyal Customers,1,4,25,1,116.29
10722.0,Loyal Customers,1,4,260,1,92.61
10723.0,Loyal Customers,1,4,163,1,133.01
10724.0,Loyal Customers,1,4,362,1,112.19
10725.0,Potential Loyalists,1,4,471,1,99.0
10726.0,Loyal Customers,1,4,350,1,138.03
10727.0,Lost Customers,1,4,644,1,125.31
10728.0,Loyal Customers,1,4,58,1,89.49
10729.0,Lost Customers,1,4,579,1,50.73
10730.0,Potential Loyalists,1,4,407,1,118.03
10731.0,Lost Customers,1,4,696,1,108.28
10732.0,Loyal Customers,1,4,58,1,148.92
10733.0,Lost Customers,1,4,549,1,103.86
10734.0,Lost Customers,1,4,725,1,107.98
10735.0,Loyal Customers,1,4,49,1,133.92
10736.0,Champions,1,4,119,1,184.61
10737.0,Lost Customers,1,4,711,1,59.38
10738.0,Potential Loyalists,1,4,546,1,86.44
10739.0,Loyal Customers,1,4,286,1,100.85
10740.0,Potential Loyalists,1,4,463,1,136.79
10741.0,Loyal Customers,1,4,217,1,132.57
10742.0,Lost Customers,1,4,559,1,74.37
10743.0,Loyal Customers,1,4,2,1,97.34
10744.0,Lost Customers,1,4,558,1,70.1
10745.0,Potential Loyalists,1,4,421,1,179.08
10746.0,Potential Loyalists,1,4,388,1,110.64
10747.0,Loyal Customers,1,4,31,1,89.76
10748.0,Lost Customers,1,4,725,1,124.56
10749.0,Loyal Customers,1,4,184,1,103.58
10750.0,Loyal Customers,1,4,283,1,119.23
10751.0,Loyal Customers,1,4,9,1,69.05
10752.0,Lost Customers,1,4,629,1,62.61
10753.0,Loyal Customers,1,4,266,1,104.87
10754.0,Potential Loyalists,1,4,454,1,147.32
10755.0,Loyal Customers,1,4,163,1,139.39
10756.0,Lost Customers,1,4,587,1,181.14
10757.0,Potential Loyalists,1,4,540,1,108.45
10758.0,Loyal Customers,1,4,30,1,87.05
10759.0,Lost Customers,1,4,608,1,81.32
10760.0,Loyal Customers,1,4,319,1,107.65
10761.0,Loyal Customers,1,4,130,1,98.85
10762.0,Lost Customers,1,4,689,1,197.93
10763.0,Potential Loyalists,1,4,473,1,165.66
10764.0,Lost Customers,1,4,632,1,122.07
10765.0,Lost Customers,1,4,576,1,54.87
10766.0,Potential Loyalists,1,4,369,1,106.53
10767.0,Loyal Customers,1,4,207,1,94.57
10768.0,Lost Customers,1,4,650,1,77.16
10769.0,Loyal Customers,1,4,234,1,84.0
10770.0,Loyal Customers,1,4,267,1,177.66
10771.0,Loyal Customers,1,4,127,1,87.07
10772.0,Potential Loyalists,1,4,495,1,200.14
10773.0,Lost Customers,1,4,570,1,93.11
10774.0,Loyal Customers,1,4,229,1,211.97
10775.0,Lost Customers,1,4,705,1,77.98
10776.0,Loyal Customers,1,4,172,1,126.24
10777.0,Lost Customers,1,4,600,1,104.19
10778.0,Potential Loyalists,1,4,400,1,131.71
10779.0,Potential Loyalists,1,4,483,1,65.29
10780.0,Lost Customers,1,4,675,1,153.06
10781.0,Lost Customers,1,4,585,1,137.44
10782.0,Loyal Customers,1,4,247,1,108.92
10783.0,Lost Customers,1,4,658,1,144.02
10784.0,Lost Customers,1,4,593,1,126.47
10785.0,Potential Loyalists,1,4,526,1,133.1
10786.0,Lost Customers,1,4,603,1,115.03
10787.0,Loyal Customers,1,4,255,1,258.75
10788.0,Lost Customers,1,4,607,1,72.13
10789.0,Lost Customers,1,4,661,1,70.95
10790.0,Potential Loyalists,1,4,473,1,125.57
10791.0,Loyal Customers,1,4,160,1,72.6
10792.0,Loyal Customers,1,4,331,1,108.32
10793.0,Lost Customers,1,4,568,1,93.6
10794.0,Loyal Customers,1,4,104,1,80.68
10795.0,Loyal Customers,1,4,230,1,77.67
10796.0,Loyal Customers,1,4,15,1,144.23
10797.0,Loyal Customers,1,4,53,1,76.13
10798.0,Lost Customers,1,4,729,1,241.32
10799.0,Potential Loyalists,1,4,386,1,131.67
10800.0,Lost Customers,1,4,692,1,113.89
10801.0,Loyal Customers,1,4,67,1,140.74
10802.0,Lost Customers,1,4,625,1,73.09
10803.0,Lost Customers,1,4,550,1,108.53
10804.0,Potential Loyalists,1,4,395,1,211.79
10805.0,Lost Customers,1,4,584,1,131.3
10806.0,Potential Loyalists,1,4,525,1,178.96
10807.0,Loyal Customers,1,4,187,1,84.39
10808.0,Loyal Customers,1,4,108,1,73.44
10809.0,Lost Customers,1,4,633,1,65.91
10810.0,Loyal Customers,1,4,123,1,117.04
10811.0,Loyal Customers,1,4,352,1,100.51
10812.0,Champions,1,4,152,1,185.73
10813.0,Potential Loyalists,1,4,452,1,99.99
10814.0,Loyal Customers,1,4,289,1,147.81
10815.0,Potential Loyalists,1,4,395,1,92.17
10816.0,Lost Customers,1,4,588,1,93.0
10817.0,Potential Loyalists,1,4,377,1,106.42
10818.0,Loyal Customers,1,4,286,1,116.88
10819.0,Potential Loyalists,1,4,539,1,189.93
10820.0,Loyal Customers,1,4,350,1,207.99
10821.0,Loyal Customers,1,4,17,1,144.67
10822.0,Potential Loyalists,1,4,398,1,103.82
10823.0,Loyal Customers,1,4,25,1,73.5
10824.0,Potential Loyalists,1,4,542,1,126.16
10825.0,Champions,1,4,157,1,181.43
10826.0,Lost Customers,1,4,705,1,110.19
10827.0,Lost Customers,1,4,639,1,107.5
10828.0,Loyal Customers,1,4,60,1,98.42
10829.0,Loyal Customers,1,4,141,1,111.92
10830.0,Champions,1,4,95,1,189.36
10831.0,Loyal Customers,1,4,60,1,123.92
10832.0,Lost Customers,1,4,608,1,95.51
10833.0,Loyal Customers,1,4,99,1,107.4
10834.0,Loyal Customers,1,4,327,1,60.63
10835.0,Lost Customers,1,4,722,1,114.13
10836.0,Loyal Customers,1,4,342,1,107.29
10837.0,Lost Customers,1,4,661,1,101.6
10838.0,Lost Customers,1,4,693,1,311.41
10839.0,Lost Customers,1,4,574,1,67.08
10840.0,Loyal Customers,1,4,313,1,63.29
10841.0,Loyal Customers,1,4,307,1,105.92
10842.0,Loyal Customers,1,4,334,1,114.16
10843.0,Potential Loyalists,1,4,506,1,79.49
10844.0,Loyal Customers,1,4,352,1,122.35
10845.0,Loyal Customers,1,4,268,1,76.26
10846.0,Loyal Customers,1,4,30,1,100.31
10847.0,Lost Customers,1,4,665,1,92.83
10848.0,Lost Customers,1,4,598,1,129.99
10849.0,Potential Loyalists,1,4,445,1,115.59
10850.0,Potential Loyalists,1,4,446,1,244.19
10851.0,Lost Customers,1,4,582,1,96.42
10852.0,Lost Customers,1,4,620,1,125.05
10853.0,Loyal Customers,1,4,267,1,119.72
10854.0,Loyal Customers,1,4,126,1,103.43
10855.0,Loyal Customers,1,4,317,1,166.4
10856.0,Loyal Customers,1,4,89,1,111.27
10857.0,Loyal Customers,1,4,274,1,89.68
10858.0,Potential Loyalists,1,4,524,1,114.58
10859.0,Champions,1,4,171,1,168.81
10860.0,Loyal Customers,1,4,341,1,91.22
10861.0,Lost Customers,1,4,681,1,72.56
10862.0,Potential Loyalists,1,4,375,1,102.7
10863.0,Potential Loyalists,1,4,447,1,186.96
10864.0,Loyal Customers,1,4,147,1,97.55
10865.0,Potential Loyalists,1,4,413,1,161.08
10866.0,Loyal Customers,1,4,24,1,123.34
10867.0,Loyal Customers,1,4,326,1,103.51
10868.0,Loyal Customers,1,4,210,1,213.27
10869.0,Loyal Customers,1,4,274,1,107.67
10870.0,Lost Customers,1,4,583,1,123.32
10871.0,Potential Loyalists,1,4,385,1,62.25
10872.0,Lost Customers,1,4,598,1,120.13
10873.0,Loyal Customers,1,4,98,1,91.53
10874.0,Loyal Customers,1,4,189,1,64.31
10875.0,Potential Loyalists,1,4,438,1,92.55
10876.0,Loyal Customers,1,4,365,1,99.66
10877.0,Loyal Customers,1,4,180,1,85.98
10878.0,Potential Loyalists,1,4,486,1,83.62
10879.0,Loyal Customers,1,4,60,1,111.57
10880.0,Loyal Customers,1,4,95,1,113.4
10881.0,Lost Customers,1,4,551,1,56.37
10882.0,Loyal Customers,1,4,32,1,104.66
10883.0,Potential Loyalists,1,4,545,1,90.49
10884.0,Loyal Customers,1,4,217,1,70.76
10885.0,Loyal Customers,1,4,233,1,128.97
10886.0,Loyal Customers,1,4,73,1,138.54
10887.0,Potential Loyalists,1,4,469,1,100.24
10888.0,Lost Customers,1,4,625,1,94.3
10889.0,Lost Customers,1,4,576,1,41.51
10890.0,Lost Customers,1,4,638,1,109.9
10891.0,Potential Loyalists,1,4,529,1,135.07
10892.0,Loyal Customers,1,4,311,1,75.03
10893.0,Loyal Customers,1,4,121,1,73.29
10894.0,Champions,1,4,159,1,215.08
10895.0,Potential Loyalists,1,4,428,1,91.17
10896.0,Loyal Customers,1,4,307,1,97.57
10897.0,Champions,1,4,39,1,204.94
10898.0,Lost Customers,1,4,577,1,116.15
10899.0,Loyal Customers,1,4,271,1,109.95
10900.0,Loyal Customers,1,4,357,1,138.6
10901.0,Potential Loyalists,1,4,497,1,219.84
10902.0,Loyal Customers,1,4,181,1,96.39
10903.0,Loyal Customers,1,4,109,1,88.27
10904.0,Potential Loyalists,1,4,516,1,122.75
10905.0,Loyal Customers,1,4,106,1,112.54
10906.0,Loyal Customers,1,4,185,1,203.31
10907.0,Loyal Customers,1,4,293,1,84.93
10908.0,Champions,1,4,0,1,225.06
10909.0,Loyal Customers,1,4,297,1,80.2
10910.0,Loyal Customers,1,4,175,1,138.47
10911.0,Loyal Customers,1,4,358,1,137.77
10912.0,Loyal Customers,1,4,42,1,73.86
10913.0,Loyal Customers,1,4,18,1,126.14
10914.0,Lost Customers,1,4,596,1,183.66
10915.0,Potential Loyalists,1,4,466,1,137.75
10916.0,Loyal Customers,1,4,74,1,33.41
10917.0,Lost Customers,1,4,712,1,98.85
10918.0,Lost Customers,1,4,578,1,182.11
10919.0,Lost Customers,1,4,683,1,103.07
10920.0,Loyal Customers,1,4,322,1,160.34
10921.0,Loyal Customers,1,4,235,1,116.86
10922.0,Lost Customers,1,4,636,1,69.95
10923.0,Potential Loyalists,1,4,543,1,93.75
10924.0,Potential Loyalists,1,4,544,1,179.21
10925.0,Loyal Customers,1,4,111,1,109.15
10926.0,Loyal Customers,1,4,210,1,58.97
10927.0,Lost Customers,1,4,607,1,97.78
10928.0,Loyal Customers,1,4,253,1,108.11
10929.0,Loyal Customers,1,4,156,1,77.27
10930.0,Loyal Customers,1,4,336,1,101.46
10931.0,Potential Loyalists,1,4,409,1,193.43
10932.0,Loyal Customers,1,4,182,1,92.46
10933.0,Potential Loyalists,1,4,406,1,113.32
10934.0,Potential Loyalists,1,4,382,1,111.6
10935.0,Potential Loyalists,1,4,539,1,164.05
10936.0,Potential Loyalists,1,4,417,1,138.04
10937.0,Loyal Customers,1,4,307,1,102.84
10938.0,Potential Loyalists,1,4,383,1,93.68
10939.0,Potential Loyalists,1,4,429,1,258.31
10940.0,Lost Customers,1,4,638,1,142.72
10941.0,Lost Customers,1,4,570,1,91.29
10942.0,Loyal Customers,1,4,319,1,102.93
10943.0,Loyal Customers,1,4,31,1,90.58
10944.0,Champions,1,4,170,1,203.92
10945.0,Loyal Customers,1,4,106,1,104.67
10946.0,Potential Loyalists,1,4,410,1,121.69
10947.0,Loyal Customers,1,4,299,1,97.15
10948.0,Loyal Customers,1,4,234,1,186.17
10949.0,Lost Customers,1,4,634,1,223.62
10950.0,Lost Customers,1,4,681,1,153.33
10951.0,Potential Loyalists,1,4,483,1,113.77
10952.0,Loyal Customers,1,4,307,1,138.44
10953.0,Lost Customers,1,4,706,1,92.11
10954.0,Potential Loyalists,1,4,526,1,77.6
10955.0,Potential Loyalists,1,4,396,1,52.97
10956.0,Loyal Customers,1,4,282,1,104.55
10957.0,Potential Loyalists,1,4,482,1,79.03
10958.0,Potential Loyalists,1,4,422,1,202.3
10959.0,Loyal Customers,1,4,99,1,160.36
10960.0,Loyal Customers,1,4,217,1,151.44
10961.0,Lost Customers,1,4,701,1,68.69
10962.0,Loyal Customers,1,4,364,1,118.4
10963.0,Loyal Customers,1,4,163,1,106.18
10964.0,Loyal Customers,1,4,12,1,116.98
10965.0,Potential Loyalists,1,4,462,1,43.97
10966.0,Lost Customers,1,4,656,1,101.56
10967.0,Potential Loyalists,1,4,422,1,261.3
10968.0,Champions,1,4,51,1,233.52
10969.0,Potential Loyalists,1,4,461,1,125.49
10970.0,Loyal Customers,1,4,209,1,99.1
10971.0,Potential Loyalists,1,4,501,1,91.39
10972.0,Potential Loyalists,1,4,491,1,93.48
10973.0,Loyal Customers,1,4,28,1,93.62
10974.0,Loyal Customers,1,4,210,1,211.02
10975.0,Loyal Customers,1,4,327,1,99.0
10976.0,Champions,1,4,16,1,171.44
10977.0,Loyal Customers,1,4,208,1,89.71
10978.0,Loyal Customers,1,4,355,1,86.51
10979.0,Loyal Customers,1,4,300,1,142.69
10980.0,Potential Loyalists,1,4,536,1,61.95
10981.0,Loyal Customers,1,4,216,1,104.87
10982.0,Loyal Customers,1,4,220,1,76.5
10983.0,Lost Customers,1,4,677,1,186.12
10984.0,Loyal Customers,1,4,36,1,135.52
10985.0,Potential Loyalists,1,4,484,1,69.43
10986.0,Loyal Customers,1,4,331,1,156.25
10987.0,Potential Loyalists,1,4,386,1,102.65
10988.0,Lost Customers,1,4,578,1,83.41
10989.0,Lost Customers,1,4,670,1,87.12
10990.0,Loyal Customers,1,4,225,1,115.37
10991.0,Potential Loyalists,1,4,398,1,162.66
10992.0,Loyal Customers,1,4,300,1,90.9
10993.0,Loyal Customers,1,4,140,1,162.67
10994.0,Champions,1,4,50,1,168.5
10995.0,Potential Loyalists,1,4,491,1,94.41
10996.0,Potential Loyalists,1,4,487,1,151.51
10997.0,Loyal Customers,1,4,101,1,111.19
10998.0,Loyal Customers,1,4,301,1,128.96
10999.0,Potential Loyalists,1,4,435,1,109.05
11000.0,Potential Loyalists,1,4,446,1,80.96
11001.0,Lost Customers,1,4,706,1,101.77
11002.0,Lost Customers,1,4,567,1,141.41
11003.0,Loyal Customers,1,4,321,1,194.12
11004.0,Lost Customers,1,4,566,1,181.52
11005.0,Loyal Customers,1,4,319,1,181.18
11006.0,Loyal Customers,1,4,6,1,92.87
11007.0,Loyal Customers,1,4,357,1,51.77
11008.0,Lost Customers,1,4,695,1,179.68
11009.0,Lost Customers,1,4,699,1,141.01
11010.0,Loyal Customers,1,4,284,1,151.79
11011.0,Potential Loyalists,1,4,453,1,98.11
11012.0,Loyal Customers,1,4,117,1,32.64
11013.0,Potential Loyalists,1,4,447,1,130.19
11014.0,Loyal Customers,1,4,249,1,133.12
11015.0,Potential Loyalists,1,4,434,1,136.43
11016.0,Lost Customers,1,4,564,1,273.49
11017.0,Lost Customers,1,4,630,1,223.28
11018.0,Loyal Customers,1,4,89,1,78.88
11019.0,Champions,1,4,175,1,197.63
11020.0,Loyal Customers,1,4,344,1,63.65
11021.0,Potential Loyalists,1,4,480,1,157.73
11022.0,Champions,1,4,15,1,231.4
11023.0,Potential Loyalists,1,4,512,1,111.45
11024.0,Loyal Customers,1,4,287,1,77.39
11025.0,Potential Loyalists,1,4,430,1,115.94
11026.0,Loyal Customers,1,4,178,1,95.97
11027.0,Loyal Customers,1,4,103,1,71.83
11028.0,Loyal Customers,1,4,209,1,104.15
11029.0,Lost Customers,1,4,563,1,171.26
11030.0,Loyal Customers,1,4,335,1,146.73
11031.0,Loyal Customers,1,4,234,1,93.08
11032.0,Potential Loyalists,1,4,375,1,86.15
11033.0,Potential Loyalists,1,4,467,1,192.23
11034.0,Loyal Customers,1,4,174,1,95.41
11035.0,Potential Loyalists,1,4,396,1,98.69
11036.0,Champions,1,4,166,1,261.42
11037.0,Lost Customers,1,4,695,1,94.34
11038.0,Potential Loyalists,1,4,512,1,177.24
11039.0,Potential Loyalists,1,4,470,1,64.62
11040.0,Loyal Customers,1,4,259,1,164.33
11041.0,Potential Loyalists,1,4,481,1,93.51
11042.0,Lost Customers,1,4,604,1,250.64
11043.0,Lost Customers,1,4,723,1,101.57
11044.0,Lost Customers,1,4,729,1,119.61
11045.0,Lost Customers,1,4,700,1,53.58
11046.0,Loyal Customers,1,4,293,1,122.99
11047.0,Potential Loyalists,1,4,372,1,183.22
11048.0,Loyal Customers,1,4,215,1,147.78
11049.0,Loyal Customers,1,4,199,1,90.68
11050.0,Loyal Customers,1,4,286,1,125.99
11051.0,Loyal Customers,1,4,364,1,176.07
11052.0,Loyal Customers,1,4,63,1,53.62
11053.0,Loyal Customers,1,4,260,1,204.51
11054.0,Loyal Customers,1,4,7,1,70.86
11055.0,Potential Loyalists,1,4,529,1,256.97
11056.0,Lost Customers,1,4,581,1,162.66
11057.0,Champions,1,4,130,1,213.14
11058.0,Lost Customers,1,4,666,1,118.58
11059.0,Loyal Customers,1,4,102,1,92.05
11060.0,Champions,1,4,181,1,179.55
11061.0,Potential Loyalists,1,4,471,1,85.44
11062.0,Lost Customers,1,4,701,1,60.52
11063.0,Lost Customers,1,4,600,1,161.53
11064.0,Lost Customers,1,4,698,1,126.67
11065.0,Potential Loyalists,1,4,438,1,80.84
11066.0,Potential Loyalists,1,4,467,1,96.06
11067.0,Lost Customers,1,4,661,1,96.74
11068.0,Lost Customers,1,4,610,1,171.93
11069.0,Champions,1,4,5,1,172.78
11070.0,Lost Customers,1,4,728,1,141.92
11071.0,Potential Loyalists,1,4,457,1,127.45
11072.0,Loyal Customers,1,4,95,1,117.27
11073.0,Lost Customers,1,4,664,1,67.2
11074.0,Potential Loyalists,1,4,471,1,144.8
11075.0,Loyal Customers,1,4,305,1,110.22
11076.0,Lost Customers,1,4,672,1,89.47
11077.0,Loyal Customers,1,4,89,1,155.47
11078.0,Potential Loyalists,1,4,534,1,148.97
11079.0,Champions,1,4,67,1,218.31
11080.0,Lost Customers,1,4,605,1,227.31
11081.0,Potential Loyalists,1,4,448,1,55.75
11082.0,Loyal Customers,1,4,203,1,95.01
11083.0,Potential Loyalists,1,4,393,1,102.03
11084.0,Lost Customers,1,4,619,1,71.44
11085.0,Potential Loyalists,1,4,433,1,101.72
11086.0,Champions,1,4,180,1,194.97
11087.0,Potential Loyalists,1,4,383,1,49.57
11088.0,Loyal Customers,1,4,100,1,138.06
11089.0,Loyal Customers,1,4,180,1,88.59
11090.0,Potential Loyalists,1,4,529,1,135.39
11091.0,Loyal Customers,1,4,105,1,95.27
11092.0,Champions,1,4,35,1,247.39
11093.0,Loyal Customers,1,4,14,1,107.96
11094.0,Loyal Customers,1,4,361,1,61.1
11095.0,Potential Loyalists,1,4,532,1,133.93
11096.0,Loyal Customers,1,4,239,1,116.89
11097.0,Lost Customers,1,4,705,1,81.87
11098.0,Loyal Customers,1,4,174,1,141.47
11099.0,Potential Loyalists,1,4,503,1,179.44
11100.0,Potential Loyalists,1,4,405,1,90.43
11101.0,Loyal Customers,1,4,276,1,157.16
11102.0,Loyal Customers,1,4,70,1,67.96
11103.0,Lost Customers,1,4,667,1,104.23
11104.0,Loyal Customers,1,4,181,1,145.83
11105.0,Lost Customers,1,4,561,1,104.08
11106.0,Loyal Customers,1,4,200,1,160.96
11107.0,Loyal Customers,1,4,336,1,92.93
11108.0,Lost Customers,1,4,588,1,71.0
11109.0,Potential Loyalists,1,4,468,1,129.98
11110.0,Loyal Customers,1,4,110,1,125.68
11111.0,Loyal Customers,1,4,207,1,114.83
11112.0,Lost Customers,1,4,676,1,95.89
11113.0,Lost Customers,1,4,639,1,111.52
11114.0,Loyal Customers,1,4,203,1,113.79
11115.0,Loyal Customers,1,4,331,1,51.56
11116.0,Potential Loyalists,1,4,494,1,115.07
11117.0,Potential Loyalists,1,4,377,1,115.08
11118.0,Loyal Customers,1,4,220,1,54.9
11119.0,Potential Loyalists,1,4,457,1,121.22
11120.0,Potential Loyalists,1,4,534,1,144.33
11121.0,Loyal Customers,1,4,105,1,100.41
11122.0,Potential Loyalists,1,4,389,1,132.81
11123.0,Loyal Customers,1,4,34,1,94.77
11124.0,Loyal Customers,1,4,65,1,80.54
11125.0,Loyal Customers,1,4,72,1,140.69
11126.0,Lost Customers,1,4,627,1,184.9
11127.0,Loyal Customers,1,4,329,1,99.03
11128.0,Lost Customers,1,4,596,1,62.38
11129.0,Potential Loyalists,1,4,547,1,186.44
11130.0,Lost Customers,1,4,624,1,121.22
11131.0,Potential Loyalists,1,4,481,1,191.81
11132.0,Loyal Customers,1,4,242,1,189.37
11133.0,Loyal Customers,1,4,242,1,110.85
11134.0,Lost Customers,1,4,600,1,84.05
11135.0,Loyal Customers,1,4,193,1,223.82
11136.0,Loyal Customers,1,4,29,1,142.72
11137.0,Potential Loyalists,1,4,413,1,70.73
11138.0,Champions,1,4,57,1,200.81
11139.0,Loyal Customers,1,4,52,1,129.79
11140.0,Loyal Customers,1,4,198,1,118.09
11141.0,Potential Loyalists,1,4,396,1,178.02
11142.0,Loyal Customers,1,4,267,1,172.51
11143.0,Loyal Customers,1,4,120,1,128.18
11144.0,Lost Customers,1,4,594,1,128.77
11145.0,Potential Loyalists,1,4,460,1,121.67
11146.0,Potential Loyalists,1,4,514,1,121.32
11147.0,Loyal Customers,1,4,271,1,187.33
11148.0,Loyal Customers,1,4,165,1,126.89
11149.0,Potential Loyalists,1,4,478,1,113.33
11150.0,Potential Loyalists,1,4,476,1,104.33
11151.0,Potential Loyalists,1,4,455,1,158.24
11152.0,Loyal Customers,1,4,5,1,125.24
11153.0,Loyal Customers,1,4,217,1,94.76
11154.0,Potential Loyalists,1,4,450,1,138.32
11155.0,Loyal Customers,1,4,121,1,80.18
11156.0,Lost Customers,1,4,567,1,62.29
11157.0,Lost Customers,1,4,593,1,114.94
11158.0,Potential Loyalists,1,4,546,1,183.51
11159.0,Loyal Customers,1,4,68,1,90.16
11160.0,Loyal Customers,1,4,42,1,99.96
11161.0,Loyal Customers,1,4,256,1,178.76
11162.0,Loyal Customers,1,4,314,1,107.73
11163.0,Lost Customers,1,4,618,1,118.57
11164.0,Potential Loyalists,1,4,497,1,143.53
11165.0,Lost Customers,1,4,662,1,128.44
11166.0,Loyal Customers,1,4,346,1,170.89
11167.0,Lost Customers,1,4,612,1,138.84
11168.0,Potential Loyalists,1,4,517,1,101.83
11169.0,Lost Customers,1,4,574,1,67.22
11170.0,Loyal Customers,1,4,346,1,138.42
11171.0,Loyal Customers,1,4,199,1,92.01
11172.0,Loyal Customers,1,4,198,1,184.9
11173.0,Potential Loyalists,1,4,511,1,70.42
11174.0,Lost Customers,1,4,585,1,154.15
11175.0,Potential Loyalists,1,4,456,1,174.03
11176.0,Loyal Customers,1,4,171,1,94.67
11177.0,Lost Customers,1,4,712,1,211.18
11178.0,Potential Loyalists,1,4,383,1,78.22
11179.0,Lost Customers,1,4,716,1,93.63
11180.0,Loyal Customers,1,4,152,1,137.99
11181.0,Loyal Customers,1,4,15,1,135.6
11182.0,Loyal Customers,1,4,323,1,121.1
11183.0,Potential Loyalists,1,4,459,1,182.24
11184.0,Potential Loyalists,1,4,502,1,159.5
11185.0,Potential Loyalists,1,4,411,1,107.28
11186.0,Loyal Customers,1,4,26,1,98.9
11187.0,Potential Loyalists,1,4,393,1,126.17
11188.0,Potential Loyalists,1,4,409,1,81.74
11189.0,Lost Customers,1,4,611,1,210.45
11190.0,Loyal Customers,1,4,324,1,39.39
11191.0,Loyal Customers,1,4,292,1,135.1
11192.0,Loyal Customers,1,4,343,1,149.12
11193.0,Lost Customers,1,4,637,1,126.79
11194.0,Lost Customers,1,4,597,1,106.33
11195.0,Loyal Customers,1,4,356,1,125.92
11196.0,Potential Loyalists,1,4,494,1,147.18
11197.0,Loyal Customers,1,4,216,1,159.82
11198.0,Potential Loyalists,1,4,529,1,149.99
11199.0,Loyal Customers,1,4,79,1,94.42
11200.0,Loyal Customers,1,4,219,1,145.23
11201.0,Potential Loyalists,1,4,520,1,80.47
11202.0,Loyal Customers,1,4,7,1,94.97
11203.0,Loyal Customers,1,4,272,1,170.81
11204.0,Champions,1,4,35,1,192.32
11205.0,Loyal Customers,1,4,253,1,124.99
11206.0,Loyal Customers,1,4,321,1,153.23
11207.0,Potential Loyalists,1,4,521,1,88.34
11208.0,Champions,1,4,175,1,168.51
11209.0,Loyal Customers,1,4,1,1,104.22
11210.0,Potential Loyalists,1,4,511,1,110.91
11211.0,Loyal Customers,1,4,264,1,75.19
11212.0,Loyal Customers,1,4,7,1,68.25
11213.0,Loyal Customers,1,4,190,1,71.55
11214.0,Potential Loyalists,1,4,402,1,122.34
11215.0,Lost Customers,1,4,601,1,108.27
11216.0,Loyal Customers,1,4,314,1,60.1
11217.0,Champions,1,4,71,1,185.7
11218.0,Lost Customers,1,4,619,1,137.7
11219.0,Lost Customers,1,4,689,1,137.6
11220.0,Loyal Customers,1,4,258,1,65.2
11221.0,Loyal Customers,1,4,324,1,202.79
11222.0,Lost Customers,1,4,693,1,102.74
11223.0,Loyal Customers,1,4,78,1,122.15
11224.0,Loyal Customers,1,4,314,1,206.88
11225.0,Potential Loyalists,1,4,382,1,151.14
11226.0,Loyal Customers,1,4,97,1,94.58
11227.0,Loyal Customers,1,4,180,1,143.17
11228.0,Potential Loyalists,1,4,459,1,101.48
11229.0,Lost Customers,1,4,666,1,135.02
11230.0,Potential Loyalists,1,4,420,1,95.45
11231.0,Potential Loyalists,1,4,531,1,87.63
11232.0,Loyal Customers,1,4,299,1,334.23
11233.0,Loyal Customers,1,4,317,1,106.6
11234.0,Loyal Customers,1,4,160,1,141.48
11235.0,Lost Customers,1,4,682,1,202.76
11236.0,Potential Loyalists,1,4,398,1,75.92
11237.0,Potential Loyalists,1,4,520,1,85.02
11238.0,Lost Customers,1,4,564,1,132.69
11239.0,Lost Customers,1,4,556,1,87.34
11240.0,Potential Loyalists,1,4,367,1,170.77
11241.0,Loyal Customers,1,4,96,1,80.43
11242.0,Loyal Customers,1,4,51,1,140.32
11243.0,Potential Loyalists,1,4,505,1,266.22
11244.0,Loyal Customers,1,4,158,1,118.99
11245.0,Potential Loyalists,1,4,489,1,113.61
11246.0,Loyal Customers,1,4,87,1,69.11
11247.0,Loyal Customers,1,4,26,1,83.48
11248.0,Loyal Customers,1,4,324,1,124.24
11249.0,Potential Loyalists,1,4,536,1,175.23
11250.0,Lost Customers,1,4,709,1,250.4
11251.0,Loyal Customers,1,4,54,1,136.1
11252.0,Potential Loyalists,1,4,387,1,195.48
11253.0,Lost Customers,1,4,578,1,76.88
11254.0,Loyal Customers,1,4,261,1,90.43
11255.0,Loyal Customers,1,4,278,1,121.86
11256.0,Potential Loyalists,1,4,418,1,213.76
11257.0,Potential Loyalists,1,4,389,1,94.79
11258.0,Lost Customers,1,4,707,1,124.02
11259.0,Loyal Customers,1,4,80,1,152.82
11260.0,Loyal Customers,1,4,243,1,141.0
11261.0,Loyal Customers,1,4,214,1,74.47
11262.0,Potential Loyalists,1,4,500,1,201.62
11263.0,Loyal Customers,1,4,168,1,101.4
11264.0,Loyal Customers,1,4,105,1,152.9
11265.0,Potential Loyalists,1,4,530,1,165.86
11266.0,Lost Customers,1,4,627,1,85.45
11267.0,Champions,1,4,136,1,197.35
11268.0,Loyal Customers,1,4,37,1,107.74
11269.0,Lost Customers,1,4,599,1,120.08
11270.0,Loyal Customers,1,4,341,1,201.13
11271.0,Potential Loyalists,1,4,525,1,41.7
11272.0,Loyal Customers,1,4,306,1,211.05
11273.0,Loyal Customers,1,4,86,1,142.38
11274.0,Champions,1,4,93,1,166.87
11275.0,Potential Loyalists,1,4,445,1,89.57
11276.0,Loyal Customers,1,4,139,1,104.86
11277.0,Lost Customers,1,4,586,1,187.04
11278.0,Potential Loyalists,1,4,537,1,75.21
11279.0,Loyal Customers,1,4,291,1,122.84
11280.0,Potential Loyalists,1,4,453,1,251.21
11281.0,Potential Loyalists,1,4,495,1,123.48
11282.0,Lost Customers,1,4,620,1,130.18
11283.0,Loyal Customers,1,4,285,1,111.52
11284.0,Potential Loyalists,1,4,481,1,200.15
11285.0,Loyal Customers,1,4,237,1,146.58
11286.0,Loyal Customers,1,4,225,1,110.47
11287.0,Loyal Customers,1,4,76,1,90.71
11288.0,Champions,1,4,110,1,190.25
11289.0,Loyal Customers,1,4,283,1,146.49
11290.0,Loyal Customers,1,4,156,1,72.88
11291.0,Potential Loyalists,1,4,537,1,214.42
11292.0,Potential Loyalists,1,4,419,1,151.07
11293.0,Champions,1,4,31,1,226.11
11294.0,Potential Loyalists,1,4,412,1,244.61
11295.0,Potential Loyalists,1,4,452,1,81.88
11296.0,Loyal Customers,1,4,30,1,108.17
11297.0,Loyal Customers,1,4,353,1,110.45
11298.0,Loyal Customers,1,4,77,1,70.61
11299.0,Loyal Customers,1,4,337,1,158.09
11300.0,Potential Loyalists,1,4,375,1,157.14
11301.0,Loyal Customers,1,4,90,1,73.31
11302.0,Loyal Customers,1,4,83,1,112.1
11303.0,Loyal Customers,1,4,247,1,132.71
11304.0,Loyal Customers,1,4,360,1,168.63
11305.0,Loyal Customers,1,4,187,1,105.04
11306.0,Loyal Customers,1,4,183,1,253.26
11307.0,Loyal Customers,1,4,153,1,131.08
11308.0,Lost Customers,1,4,638,1,152.88
11309.0,Lost Customers,1,4,632,1,110.62
11310.0,Loyal Customers,1,4,191,1,79.14
11311.0,Lost Customers,1,4,692,1,217.47
11312.0,Lost Customers,1,4,606,1,89.86
11313.0,Lost Customers,1,4,614,1,41.35
11314.0,Potential Loyalists,1,4,472,1,124.43
11315.0,Champions,1,4,82,1,181.62
11316.0,Loyal Customers,1,4,38,1,129.7
11317.0,Champions,1,4,28,1,166.35
11318.0,Loyal Customers,1,4,77,1,97.54
11319.0,Lost Customers,1,4,674,1,144.08
11320.0,Lost Customers,1,4,590,1,208.41
11321.0,Loyal Customers,1,4,230,1,152.15
11322.0,Lost Customers,1,4,585,1,174.94
11323.0,Loyal Customers,1,4,342,1,87.14
11324.0,Lost Customers,1,4,572,1,109.08
11325.0,Loyal Customers,1,4,152,1,130.55
11326.0,Potential Loyalists,1,4,491,1,253.72
11327.0,Loyal Customers,1,4,86,1,50.44
11328.0,Loyal Customers,1,4,167,1,72.07
11329.0,Loyal Customers,1,4,282,1,107.73
11330.0,Loyal Customers,1,4,100,1,60.61
11331.0,Potential Loyalists,1,4,444,1,111.0
11332.0,Loyal Customers,1,4,356,1,123.12
11333.0,Loyal Customers,1,4,263,1,134.13
11334.0,Lost Customers,1,4,712,1,78.57
11335.0,Loyal Customers,1,4,345,1,80.31
11336.0,Loyal Customers,1,4,142,1,72.9
11337.0,Loyal Customers,1,4,244,1,127.7
11338.0,Loyal Customers,1,4,133,1,64.19
11339.0,Loyal Customers,1,4,248,1,221.67
11340.0,Potential Loyalists,1,4,383,1,104.45
11341.0,Potential Loyalists,1,4,519,1,86.11
11342.0,Loyal Customers,1,4,280,1,130.7
11343.0,Lost Customers,1,4,628,1,89.83
11344.0,Potential Loyalists,1,4,517,1,73.42
11345.0,Lost Customers,1,4,632,1,156.48
11346.0,Loyal Customers,1,4,39,1,160.91
11347.0,Potential Loyalists,1,4,508,1,246.77
11348.0,Champions,1,4,122,1,279.41
11349.0,Potential Loyalists,1,4,440,1,167.1
11350.0,Potential Loyalists,1,4,438,1,79.69
11351.0,Lost Customers,1,4,615,1,57.07
11352.0,Loyal Customers,1,4,250,1,166.57
11353.0,Potential Loyalists,1,4,396,1,52.1
11354.0,Loyal Customers,1,4,340,1,130.47
11355.0,Loyal Customers,1,4,109,1,158.96
11356.0,Loyal Customers,1,4,250,1,127.83
11357.0,Loyal Customers,1,4,291,1,103.8
11358.0,Loyal Customers,1,4,336,1,142.51
11359.0,Loyal Customers,1,4,224,1,162.87
11360.0,Loyal Customers,1,4,40,1,103.35
11361.0,Lost Customers,1,4,651,1,115.7
11362.0,Loyal Customers,1,4,46,1,68.46
11363.0,Lost Customers,1,4,695,1,103.89
11364.0,Loyal Customers,1,4,32,1,60.63
11365.0,Lost Customers,1,4,566,1,78.56
11366.0,Lost Customers,1,4,618,1,116.22
11367.0,Lost Customers,1,4,712,1,203.84
11368.0,Lost Customers,1,4,597,1,92.59
11369.0,Champions,1,4,181,1,186.35
11370.0,Loyal Customers,1,4,49,1,68.33
11371.0,Potential Loyalists,1,4,410,1,136.81
11372.0,Loyal Customers,1,4,113,1,85.23
11373.0,Champions,1,4,51,1,170.9
11374.0,Lost Customers,1,4,656,1,106.95
11375.0,Potential Loyalists,1,4,427,1,128.53
11376.0,Loyal Customers,1,4,61,1,94.38
11377.0,Potential Loyalists,1,4,399,1,99.04
11378.0,Loyal Customers,1,4,157,1,136.13
11379.0,Loyal Customers,1,4,210,1,156.92
11380.0,Potential Loyalists,1,4,525,1,66.93
11381.0,Loyal Customers,1,4,250,1,143.88
11382.0,Potential Loyalists,1,4,384,1,151.89
11383.0,Champions,1,4,141,1,173.71
11384.0,Lost Customers,1,4,585,1,102.22
11385.0,Lost Customers,1,4,563,1,94.89
11386.0,Loyal Customers,1,4,267,1,89.51
11387.0,Lost Customers,1,4,564,1,134.28
11388.0,Loyal Customers,1,4,149,1,104.11
11389.0,Loyal Customers,1,4,156,1,138.49
11390.0,Loyal Customers,1,4,76,1,105.94
11391.0,Loyal Customers,1,4,221,1,108.91
11392.0,Potential Loyalists,1,4,527,1,255.99
11393.0,Lost Customers,1,4,650,1,149.4
11394.0,Loyal Customers,1,4,7,1,114.15
11395.0,Lost Customers,1,4,605,1,165.13
11396.0,Lost Customers,1,4,590,1,215.31
11397.0,Loyal Customers,1,4,203,1,75.88
11398.0,Loyal Customers,1,4,180,1,103.72
11399.0,Potential Loyalists,1,4,387,1,161.43
11400.0,Loyal Customers,1,4,289,1,95.0
11401.0,Loyal Customers,1,4,300,1,120.52
11402.0,Lost Customers,1,4,709,1,153.71
11403.0,Lost Customers,1,4,578,1,87.23
11404.0,Lost Customers,1,4,681,1,88.5
11405.0,Champions,1,4,72,1,173.8
11406.0,Loyal Customers,1,4,181,1,128.29
11407.0,Lost Customers,1,4,584,1,125.4
11408.0,Champions,1,4,16,1,269.72
11409.0,Lost Customers,1,4,724,1,199.99
11410.0,Loyal Customers,1,4,73,1,96.89
11411.0,Loyal Customers,1,4,223,1,103.94
11412.0,Potential Loyalists,1,4,417,1,112.82
11413.0,Loyal Customers,1,4,303,1,122.61
11414.0,Champions,1,4,66,1,197.66
11415.0,Loyal Customers,1,4,229,1,117.91
11416.0,Lost Customers,1,4,576,1,105.84
11417.0,Potential Loyalists,1,4,505,1,307.54
11418.0,Potential Loyalists,1,4,430,1,205.61
11419.0,Lost Customers,1,4,615,1,87.63
11420.0,Loyal Customers,1,4,261,1,120.92
11421.0,Loyal Customers,1,4,357,1,94.04
11422.0,Loyal Customers,1,4,202,1,86.9
11423.0,Potential Loyalists,1,4,476,1,130.29
11424.0,Lost Customers,1,4,679,1,101.74
11425.0,Potential Loyalists,1,4,441,1,263.84
11426.0,Champions,1,4,85,1,231.04
11427.0,Loyal Customers,1,4,272,1,88.96
11428.0,Potential Loyalists,1,4,429,1,87.34
11429.0,Potential Loyalists,1,4,529,1,208.13
11430.0,Loyal Customers,1,4,335,1,90.75
11431.0,Lost Customers,1,4,592,1,79.09
11432.0,Champions,1,4,37,1,179.56
11433.0,Lost Customers,1,4,637,1,179.63
11434.0,Lost Customers,1,4,610,1,200.76
11435.0,Lost Customers,1,4,657,1,130.96
11436.0,Lost Customers,1,4,697,1,150.71
11437.0,Lost Customers,1,4,722,1,164.74
11438.0,Lost Customers,1,4,623,1,78.27
11439.0,Loyal Customers,1,4,121,1,155.26
11440.0,Potential Loyalists,1,4,542,1,154.55
11441.0,Lost Customers,1,4,706,1,168.06
11442.0,Loyal Customers,1,4,21,1,121.38
11443.0,Lost Customers,1,4,611,1,150.8
11444.0,Loyal Customers,1,4,296,1,68.19
11445.0,Lost Customers,1,4,721,1,105.87
11446.0,Champions,1,4,89,1,221.71
11447.0,Lost Customers,1,4,706,1,253.41
11448.0,Potential Loyalists,1,4,463,1,121.59
11449.0,Potential Loyalists,1,4,498,1,203.07
11450.0,Lost Customers,1,4,562,1,227.62
11451.0,Champions,1,4,104,1,200.11
11452.0,Lost Customers,1,4,557,1,106.66
11453.0,Potential Loyalists,1,4,505,1,190.87
11454.0,Potential Loyalists,1,4,409,1,274.45
11455.0,Loyal Customers,1,4,96,1,60.29
11456.0,Loyal Customers,1,4,186,1,120.81
11457.0,Loyal Customers,1,4,208,1,72.89
11458.0,Potential Loyalists,1,4,399,1,84.78
11459.0,Loyal Customers,1,4,141,1,132.39
11460.0,Potential Loyalists,1,4,452,1,152.88
11461.0,Potential Loyalists,1,4,369,1,107.13
11462.0,Loyal Customers,1,4,60,1,91.95
11463.0,Loyal Customers,1,4,115,1,121.06
11464.0,Loyal Customers,1,4,292,1,78.55
11465.0,Loyal Customers,1,4,263,1,98.57
11466.0,Potential Loyalists,1,4,381,1,90.69
11467.0,Champions,1,4,48,1,283.73
11468.0,Loyal Customers,1,4,7,1,134.61
11469.0,Lost Customers,1,4,576,1,108.85
11470.0,Loyal Customers,1,4,296,1,118.2
11471.0,Potential Loyalists,1,4,460,1,134.29
11472.0,Loyal Customers,1,4,97,1,141.72
11473.0,Loyal Customers,1,4,74,1,128.47
11474.0,Loyal Customers,1,4,134,1,83.93
11475.0,Lost Customers,1,4,668,1,84.12
11476.0,Loyal Customers,1,4,155,1,98.43
11477.0,Lost Customers,1,4,627,1,138.06
11478.0,Potential Loyalists,1,4,440,1,127.75
11479.0,Loyal Customers,1,4,324,1,200.61
11480.0,Champions,1,4,131,1,187.31
11481.0,Potential Loyalists,1,4,377,1,118.15
11482.0,Potential Loyalists,1,4,409,1,173.14
11483.0,Lost Customers,1,4,594,1,186.24
11484.0,Loyal Customers,1,4,365,1,182.61
11485.0,Potential Loyalists,1,4,387,1,40.95
11486.0,Loyal Customers,1,4,217,1,93.88
11487.0,Lost Customers,1,4,620,1,166.19
11488.0,Potential Loyalists,1,4,428,1,113.76
11489.0,Loyal Customers,1,4,248,1,154.57
11490.0,Loyal Customers,1,4,322,1,164.45
11491.0,Potential Loyalists,1,4,452,1,134.28
11492.0,Loyal Customers,1,4,218,1,175.7
11493.0,Loyal Customers,1,4,74,1,97.41
11494.0,Loyal Customers,1,4,262,1,125.76
11495.0,Loyal Customers,1,4,80,1,128.69
11496.0,Loyal Customers,1,4,351,1,235.35
11497.0,Lost Customers,1,4,587,1,69.3
11498.0,Lost Customers,1,4,587,1,111.3
11499.0,Loyal Customers,1,4,285,1,141.84
11500.0,Lost Customers,1,4,725,1,112.35
11501.0,Lost Customers,1,4,644,1,101.45
11502.0,Loyal Customers,1,4,148,1,146.28
11503.0,Potential Loyalists,1,4,535,1,154.32
11504.0,Potential Loyalists,1,4,464,1,108.33
11505.0,Loyal Customers,1,4,131,1,153.28
11506.0,Loyal Customers,1,4,77,1,91.67
11507.0,Loyal Customers,1,4,5,1,61.97
11508.0,Potential Loyalists,1,4,534,1,124.71
11509.0,Lost Customers,1,4,646,1,35.15
11510.0,Champions,1,4,163,1,274.02
11511.0,Potential Loyalists,1,4,496,1,108.16
11512.0,Loyal Customers,1,4,320,1,87.69
11513.0,Potential Loyalists,1,4,384,1,120.47
11514.0,Loyal Customers,1,4,271,1,116.09
11515.0,Lost Customers,1,4,588,1,124.16
11516.0,Loyal Customers,1,4,100,1,96.79
11517.0,Potential Loyalists,1,4,446,1,173.33
11518.0,Loyal Customers,1,4,145,1,155.54
11519.0,Potential Loyalists,1,4,368,1,69.79
11520.0,Lost Customers,1,4,662,1,143.42
11521.0,Loyal Customers,1,4,268,1,82.92
11522.0,Lost Customers,1,4,655,1,188.03
11523.0,Loyal Customers,1,4,252,1,74.68
11524.0,Lost Customers,1,4,555,1,121.79
11525.0,Lost Customers,1,4,698,1,172.34
11526.0,Loyal Customers,1,4,248,1,55.86
11527.0,Loyal Customers,1,4,25,1,82.33
11528.0,Champions,1,4,165,1,172.66
11529.0,Lost Customers,1,4,666,1,67.22
11530.0,Loyal Customers,1,4,104,1,142.96
11531.0,Loyal Customers,1,4,314,1,104.12
11532.0,Loyal Customers,1,4,282,1,91.32
11533.0,Lost Customers,1,4,719,1,95.79
11534.0,Loyal Customers,1,4,208,1,146.13
11535.0,Loyal Customers,1,4,225,1,235.65
11536.0,Loyal Customers,1,4,304,1,147.83
11537.0,Loyal Customers,1,4,184,1,134.21
11538.0,Lost Customers,1,4,718,1,114.82
11539.0,Lost Customers,1,4,622,1,123.1
11540.0,Lost Customers,1,4,603,1,50.32
11541.0,Loyal Customers,1,4,202,1,137.0
11542.0,Lost Customers,1,4,672,1,102.46
11543.0,Loyal Customers,1,4,193,1,87.78
11544.0,Loyal Customers,1,4,348,1,89.41
11545.0,Potential Loyalists,1,4,415,1,106.29
11546.0,Potential Loyalists,1,4,420,1,79.96
11547.0,Loyal Customers,1,4,306,1,88.92
11548.0,Loyal Customers,1,4,82,1,156.36
11549.0,Potential Loyalists,1,4,535,1,143.92
11550.0,Lost Customers,1,4,711,1,242.45
11551.0,Loyal Customers,1,4,127,1,144.21
11552.0,Lost Customers,1,4,692,1,86.5
11553.0,Potential Loyalists,1,4,408,1,160.8
11554.0,Lost Customers,1,4,599,1,86.83
11555.0,Lost Customers,1,4,637,1,61.08
11556.0,Potential Loyalists,1,4,444,1,63.92
11557.0,Lost Customers,1,4,706,1,155.83
11558.0,Loyal Customers,1,4,125,1,54.09
11559.0,Potential Loyalists,1,4,508,1,77.17
11560.0,Loyal Customers,1,4,87,1,109.97
11561.0,Loyal Customers,1,4,315,1,73.79
11562.0,Loyal Customers,1,4,96,1,47.96
11563.0,Lost Customers,1,4,552,1,75.33
11564.0,Potential Loyalists,1,4,448,1,113.57
11565.0,Potential Loyalists,1,4,494,1,83.04
11566.0,Lost Customers,1,4,592,1,207.92
11567.0,Potential Loyalists,1,4,464,1,138.33
11568.0,Loyal Customers,1,4,186,1,151.81
11569.0,Lost Customers,1,4,706,1,141.28
11570.0,Loyal Customers,1,4,239,1,95.35
11571.0,Loyal Customers,1,4,218,1,115.59
11572.0,Champions,1,4,123,1,263.4
11573.0,Lost Customers,1,4,626,1,141.43
11574.0,Loyal Customers,1,4,69,1,155.43
11575.0,Loyal Customers,1,4,237,1,181.33
11576.0,Potential Loyalists,1,4,487,1,239.99
11577.0,Potential Loyalists,1,4,464,1,161.7
11578.0,Loyal Customers,1,4,93,1,120.95
11579.0,Potential Loyalists,1,4,476,1,63.59
11580.0,Loyal Customers,1,4,208,1,140.03
11581.0,Potential Loyalists,1,4,500,1,237.74
11582.0,Lost Customers,1,4,564,1,120.2
11583.0,Loyal Customers,1,4,106,1,60.41
11584.0,Lost Customers,1,4,680,1,108.39
11585.0,Loyal Customers,1,4,327,1,115.8
11586.0,Loyal Customers,1,4,212,1,103.27
11587.0,Loyal Customers,1,4,190,1,70.04
11588.0,Loyal Customers,1,4,260,1,219.81
11589.0,Potential Loyalists,1,4,485,1,66.8
11590.0,Lost Customers,1,4,716,1,253.99
11591.0,Loyal Customers,1,4,121,1,78.58
11592.0,Loyal Customers,1,4,184,1,177.13
11593.0,Loyal Customers,1,4,46,1,141.58
11594.0,Loyal Customers,1,4,254,1,150.11
11595.0,Lost Customers,1,4,610,1,29.4
11596.0,Loyal Customers,1,4,359,1,192.32
11597.0,Lost Customers,1,4,567,1,120.5
11598.0,Lost Customers,1,4,663,1,281.48
11599.0,Loyal Customers,1,4,185,1,80.61
11600.0,Champions,1,4,61,1,166.47
11601.0,Loyal Customers,1,4,39,1,123.45
11602.0,Potential Loyalists,1,4,369,1,88.21
11603.0,Loyal Customers,1,4,192,1,99.58
11604.0,Loyal Customers,1,4,119,1,156.41
11605.0,Lost Customers,1,4,557,1,259.75
11606.0,Loyal Customers,1,4,139,1,97.99
11607.0,Loyal Customers,1,4,88,1,134.86
11608.0,Loyal Customers,1,4,351,1,138.92
11609.0,Loyal Customers,1,4,182,1,69.59
11610.0,Lost Customers,1,4,612,1,118.37
11611.0,Potential Loyalists,1,4,445,1,84.44
11612.0,Champions,1,4,50,1,175.46
11613.0,Loyal Customers,1,4,180,1,147.37
11614.0,Potential Loyalists,1,4,443,1,133.59
11615.0,Lost Customers,1,4,579,1,132.2
11616.0,Loyal Customers,1,4,333,1,159.32
11617.0,Potential Loyalists,1,4,474,1,127.1
11618.0,Loyal Customers,1,4,200,1,273.08
11619.0,Loyal Customers,1,4,203,1,102.14
11620.0,Lost Customers,1,4,690,1,164.67
11621.0,Potential Loyalists,1,4,495,1,146.83
11622.0,Loyal Customers,1,4,365,1,83.06
11623.0,Lost Customers,1,4,554,1,238.04
11624.0,Potential Loyalists,1,4,475,1,90.76
11625.0,Loyal Customers,1,4,185,1,100.99
11626.0,Loyal Customers,1,4,208,1,125.74
11627.0,Loyal Customers,1,4,161,1,69.58
11628.0,Loyal Customers,1,4,236,1,75.38
11629.0,Loyal Customers,1,4,352,1,90.54
11630.0,Champions,1,4,90,1,193.08
11631.0,Loyal Customers,1,4,232,1,108.06
11632.0,Potential Loyalists,1,4,529,1,267.09
11633.0,Lost Customers,1,4,571,1,117.56
11634.0,Potential Loyalists,1,4,436,1,126.08
11635.0,Lost Customers,1,4,603,1,175.79
11636.0,Loyal Customers,1,4,289,1,119.27
11637.0,Loyal Customers,1,4,255,1,95.85
11638.0,Loyal Customers,1,4,348,1,85.27
11639.0,Potential Loyalists,1,4,539,1,91.42
11640.0,Loyal Customers,1,4,300,1,114.16
11641.0,Loyal Customers,1,4,200,1,74.91
11642.0,Potential Loyalists,1,4,517,1,131.06
11643.0,Lost Customers,1,4,668,1,79.32
11644.0,Champions,1,4,115,1,238.45
11645.0,Potential Loyalists,1,4,476,1,39.74
11646.0,Loyal Customers,1,4,326,1,115.59
11647.0,Potential Loyalists,1,4,462,1,74.09
11648.0,Loyal Customers,1,4,188,1,78.12
11649.0,Champions,1,4,102,1,264.37
11650.0,Loyal Customers,1,4,217,1,138.07
11651.0,Potential Loyalists,1,4,389,1,85.34
11652.0,Champions,1,4,37,1,225.68
11653.0,Lost Customers,1,4,553,1,97.19
11654.0,Loyal Customers,1,4,10,1,88.22
11655.0,Potential Loyalists,1,4,540,1,126.36
11656.0,Lost Customers,1,4,682,1,129.08
11657.0,Potential Loyalists,1,4,491,1,112.5
11658.0,Potential Loyalists,1,4,403,1,233.04
11659.0,Loyal Customers,1,4,323,1,94.27
11660.0,Lost Customers,1,4,695,1,136.83
11661.0,Potential Loyalists,1,4,386,1,301.02
11662.0,Potential Loyalists,1,4,502,1,84.85
11663.0,Potential Loyalists,1,4,464,1,100.06
11664.0,Champions,1,4,168,1,191.18
11665.0,Loyal Customers,1,4,13,1,110.26
11666.0,Loyal Customers,1,4,119,1,136.94
11667.0,Lost Customers,1,4,557,1,119.61
11668.0,Loyal Customers,1,4,222,1,121.41
11669.0,Potential Loyalists,1,4,503,1,99.67
11670.0,Potential Loyalists,1,4,534,1,118.17
11671.0,Loyal Customers,1,4,232,1,75.72
11672.0,Loyal Customers,1,4,222,1,103.25
11673.0,Loyal Customers,1,4,97,1,113.49
11674.0,Potential Loyalists,1,4,436,1,128.92
11675.0,Lost Customers,1,4,692,1,175.77
11676.0,Lost Customers,1,4,636,1,173.04
11677.0,Loyal Customers,1,4,206,1,84.47
11678.0,Potential Loyalists,1,4,443,1,329.92
11679.0,Loyal Customers,1,4,239,1,133.01
11680.0,Loyal Customers,1,4,189,1,128.53
11681.0,Lost Customers,1,4,577,1,89.44
11682.0,Loyal Customers,1,4,333,1,158.06
11683.0,Loyal Customers,1,4,260,1,68.07
11684.0,Potential Loyalists,1,4,457,1,223.17
11685.0,Loyal Customers,1,4,212,1,82.2
11686.0,Lost Customers,1,4,574,1,95.31
11687.0,Loyal Customers,1,4,253,1,134.44
11688.0,Potential Loyalists,1,4,465,1,274.43
11689.0,Loyal Customers,1,4,184,1,106.43
11690.0,Lost Customers,1,4,622,1,80.76
11691.0,Lost Customers,1,4,557,1,159.68
11692.0,Lost Customers,1,4,701,1,79.07
11693.0,Loyal Customers,1,4,353,1,127.08
11694.0,Lost Customers,1,4,643,1,111.56
11695.0,Loyal Customers,1,4,306,1,95.21
11696.0,Champions,1,4,164,1,223.83
11697.0,Loyal Customers,1,4,6,1,162.39
11698.0,Loyal Customers,1,4,196,1,90.36
11699.0,Champions,1,4,2,1,199.17
11700.0,Lost Customers,1,4,626,1,56.63
11701.0,Loyal Customers,1,4,116,1,145.26
11702.0,Potential Loyalists,1,4,485,1,45.3
11703.0,Lost Customers,1,4,616,1,93.58
11704.0,Loyal Customers,1,4,259,1,156.06
11705.0,Lost Customers,1,4,644,1,154.99
11706.0,Lost Customers,1,4,714,1,267.37
11707.0,Lost Customers,1,4,706,1,120.71
11708.0,Loyal Customers,1,4,219,1,167.0
11709.0,Potential Loyalists,1,4,401,1,111.56
11710.0,Loyal Customers,1,4,177,1,124.17
11711.0,Potential Loyalists,1,4,501,1,145.0
11712.0,Potential Loyalists,1,4,410,1,272.38
11713.0,Loyal Customers,1,4,301,1,128.03
11714.0,Lost Customers,1,4,584,1,286.59
11715.0,Loyal Customers,1,4,352,1,167.74
11716.0,Loyal Customers,1,4,124,1,64.59
11717.0,Loyal Customers,1,4,6,1,95.29
11718.0,Lost Customers,1,4,630,1,128.42
11719.0,Potential Loyalists,1,4,541,1,57.43
11720.0,Potential Loyalists,1,4,406,1,187.22
11721.0,Loyal Customers,1,4,221,1,87.38
11722.0,Lost Customers,1,4,615,1,143.19
11723.0,Loyal Customers,1,4,334,1,175.91
11724.0,Loyal Customers,1,4,83,1,110.2
11725.0,Potential Loyalists,1,4,375,1,83.49
11726.0,Loyal Customers,1,4,53,1,150.42
11727.0,Loyal Customers,1,4,219,1,97.06
11728.0,Loyal Customers,1,4,211,1,181.66
11729.0,Lost Customers,1,4,682,1,102.27
11730.0,Lost Customers,1,4,642,1,99.5
11731.0,Loyal Customers,1,4,316,1,142.51
11732.0,Loyal Customers,1,4,24,1,159.78
11733.0,Potential Loyalists,1,4,524,1,118.56
11734.0,Potential Loyalists,1,4,409,1,158.34
11735.0,Loyal Customers,1,4,34,1,155.61
11736.0,Loyal Customers,1,4,221,1,59.54
11737.0,Potential Loyalists,1,4,483,1,105.49
11738.0,Lost Customers,1,4,690,1,125.21
11739.0,Lost Customers,1,4,612,1,72.9
11740.0,Loyal Customers,1,4,151,1,98.67
11741.0,Lost Customers,1,4,610,1,168.37
11742.0,Loyal Customers,1,4,278,1,179.53
11743.0,Lost Customers,1,4,568,1,133.28
11744.0,Lost Customers,1,4,588,1,163.73
11745.0,Lost Customers,1,4,608,1,150.75
11746.0,Loyal Customers,1,4,311,1,84.34
11747.0,Potential Loyalists,1,4,538,1,111.51
11748.0,Loyal Customers,1,4,8,1,134.94
11749.0,Loyal Customers,1,4,203,1,139.27
11750.0,Loyal Customers,1,4,336,1,125.63
11751.0,Potential Loyalists,1,4,486,1,108.11
11752.0,Loyal Customers,1,4,15,1,122.6
11753.0,Loyal Customers,1,4,75,1,152.2
11754.0,Loyal Customers,1,4,251,1,73.36
11755.0,Loyal Customers,1,4,129,1,103.53
11756.0,Potential Loyalists,1,4,429,1,88.44
11757.0,Loyal Customers,1,4,33,1,158.04
11758.0,Loyal Customers,1,4,112,1,72.3
11759.0,Lost Customers,1,4,564,1,194.01
11760.0,Potential Loyalists,1,4,492,1,50.2
11761.0,Loyal Customers,1,4,133,1,78.59
11762.0,Potential Loyalists,1,4,394,1,189.35
11763.0,Potential Loyalists,1,4,367,1,105.59
11764.0,Loyal Customers,1,4,207,1,59.86
11765.0,Lost Customers,1,4,556,1,95.91
11766.0,Lost Customers,1,4,645,1,157.56
11767.0,Loyal Customers,1,4,125,1,74.76
11768.0,Lost Customers,1,4,664,1,65.07
11769.0,Lost Customers,1,4,652,1,94.58
11770.0,Loyal Customers,1,4,86,1,107.6
11771.0,Lost Customers,1,4,564,1,205.76
11772.0,Lost Customers,1,4,559,1,143.56
11773.0,Potential Loyalists,1,4,539,1,202.7
11774.0,Loyal Customers,1,4,50,1,152.29
11775.0,Loyal Customers,1,4,247,1,45.64
11776.0,Champions,1,4,49,1,197.11
11777.0,Potential Loyalists,1,4,542,1,125.67
11778.0,Lost Customers,1,4,719,1,102.84
11779.0,Potential Loyalists,1,4,435,1,106.81
11780.0,Lost Customers,1,4,591,1,118.41
11781.0,Loyal Customers,1,4,363,1,219.73
11782.0,Champions,1,4,127,1,212.02
11783.0,Loyal Customers,1,4,302,1,115.08
11784.0,Loyal Customers,1,4,245,1,55.77
11785.0,Lost Customers,1,4,565,1,88.25
11786.0,Potential Loyalists,1,4,373,1,135.32
11787.0,Potential Loyalists,1,4,487,1,164.84
11788.0,Lost Customers,1,4,591,1,72.34
11789.0,Lost Customers,1,4,657,1,193.51
11790.0,Champions,1,4,27,1,211.63
11791.0,Lost Customers,1,4,728,1,112.28
11792.0,Loyal Customers,1,4,332,1,117.75
11793.0,Lost Customers,1,4,556,1,63.8
11794.0,Lost Customers,1,4,549,1,149.92
11795.0,Lost Customers,1,4,573,1,98.45
11796.0,Loyal Customers,1,4,298,1,143.07
11797.0,Loyal Customers,1,4,115,1,112.75
11798.0,Potential Loyalists,1,4,444,1,119.38
11799.0,Loyal Customers,1,4,305,1,138.75
11800.0,Loyal Customers,1,4,43,1,91.77
11801.0,Loyal Customers,1,4,297,1,92.68
11802.0,Loyal Customers,1,4,30,1,109.27
11803.0,Loyal Customers,1,4,193,1,77.12
11804.0,Lost Customers,1,4,718,1,88.11
11805.0,Loyal Customers,1,4,280,1,93.66
11806.0,Loyal Customers,1,4,342,1,68.05
11807.0,Potential Loyalists,1,4,500,1,130.75
11808.0,Potential Loyalists,1,4,545,1,163.61
11809.0,Lost Customers,1,4,684,1,154.09
11810.0,Loyal Customers,1,4,351,1,176.47
11811.0,Potential Loyalists,1,4,408,1,104.42
11812.0,Lost Customers,1,4,728,1,59.45
11813.0,Lost Customers,1,4,726,1,176.21
11814.0,Loyal Customers,1,4,141,1,91.08
11815.0,Potential Loyalists,1,4,385,1,56.57
11816.0,Potential Loyalists,1,4,446,1,67.56
11817.0,Lost Customers,1,4,707,1,316.86
11818.0,Lost Customers,1,4,655,1,111.08
11819.0,Potential Loyalists,1,4,401,1,206.2
11820.0,Loyal Customers,1,4,300,1,178.53
11821.0,Loyal Customers,1,4,45,1,78.87
11822.0,Potential Loyalists,1,4,463,1,127.69
11823.0,Potential Loyalists,1,4,433,1,246.5
11824.0,Champions,1,4,15,1,165.21
11825.0,Loyal Customers,1,4,175,1,154.78
11826.0,Lost Customers,1,4,632,1,93.1
11827.0,Potential Loyalists,1,4,478,1,118.97
11828.0,Loyal Customers,1,4,218,1,81.43
11829.0,Loyal Customers,1,4,253,1,93.81
11830.0,Loyal Customers,1,4,256,1,99.9
11831.0,Lost Customers,1,4,709,1,127.67
11832.0,Lost Customers,1,4,549,1,105.12
11833.0,Potential Loyalists,1,4,441,1,234.1
11834.0,Potential Loyalists,1,4,410,1,155.24
11835.0,Loyal Customers,1,4,323,1,86.96
11836.0,Loyal Customers,1,4,252,1,141.75
11837.0,Loyal Customers,1,4,126,1,96.39
11838.0,Loyal Customers,1,4,332,1,139.82
11839.0,Loyal Customers,1,4,196,1,71.05
11840.0,Lost Customers,1,4,655,1,105.21
11841.0,Potential Loyalists,1,4,384,1,110.85
11842.0,Potential Loyalists,1,4,497,1,110.68
11843.0,Loyal Customers,1,4,154,1,117.74
11844.0,Lost Customers,1,4,572,1,155.86
11845.0,Lost Customers,1,4,600,1,109.38
11846.0,Loyal Customers,1,4,208,1,109.94
11847.0,Lost Customers,1,4,669,1,227.9
11848.0,Loyal Customers,1,4,93,1,136.51
11849.0,Loyal Customers,1,4,87,1,153.2
11850.0,Lost Customers,1,4,699,1,154.85
11851.0,Loyal Customers,1,4,97,1,158.99
11852.0,Lost Customers,1,4,664,1,102.7
11853.0,Lost Customers,1,4,700,1,129.99
11854.0,Loyal Customers,1,4,243,1,139.22
11855.0,Loyal Customers,1,4,260,1,121.87
11856.0,Lost Customers,1,4,612,1,91.63
11857.0,Potential Loyalists,1,4,539,1,240.33
11858.0,Potential Loyalists,1,4,405,1,196.96
11859.0,Lost Customers,1,4,592,1,96.77
11860.0,Lost Customers,1,4,593,1,102.68
11861.0,Potential Loyalists,1,4,497,1,169.07
11862.0,Loyal Customers,1,4,220,1,166.69
11863.0,Loyal Customers,1,4,9,1,127.3
11864.0,Lost Customers,1,4,573,1,98.63
11865.0,Lost Customers,1,4,556,1,116.65
11866.0,Lost Customers,1,4,693,1,109.33
11867.0,Champions,1,4,39,1,174.33
11868.0,Loyal Customers,1,4,361,1,57.3
11869.0,Loyal Customers,1,4,307,1,92.81
11870.0,Lost Customers,1,4,679,1,94.7
11871.0,Loyal Customers,1,4,62,1,115.34
11872.0,Loyal Customers,1,4,326,1,93.19
11873.0,Lost Customers,1,4,706,1,56.12
11874.0,Loyal Customers,1,4,365,1,65.16
11875.0,Lost Customers,1,4,569,1,139.27
11876.0,Loyal Customers,1,4,305,1,82.96
11877.0,Loyal Customers,1,4,318,1,217.92
11878.0,Lost Customers,1,4,676,1,128.08
11879.0,Loyal Customers,1,4,339,1,96.52
11880.0,Loyal Customers,1,4,136,1,144.16
11881.0,Loyal Customers,1,4,136,1,84.05
11882.0,Potential Loyalists,1,4,540,1,120.58
11883.0,Loyal Customers,1,4,5,1,100.86
11884.0,Potential Loyalists,1,4,445,1,166.01
11885.0,Loyal Customers,1,4,54,1,79.56
11886.0,Loyal Customers,1,4,37,1,163.43
11887.0,Loyal Customers,1,4,58,1,110.21
11888.0,Champions,1,4,160,1,227.18
11889.0,Loyal Customers,1,4,358,1,87.72
11890.0,Lost Customers,1,4,661,1,66.53
11891.0,Loyal Customers,1,4,222,1,146.15
11892.0,Potential Loyalists,1,4,436,1,106.91
11893.0,Loyal Customers,1,4,271,1,121.85
11894.0,Lost Customers,1,4,565,1,158.37
11895.0,Loyal Customers,1,4,362,1,103.48
11896.0,Loyal Customers,1,4,129,1,116.26
11897.0,Potential Loyalists,1,4,539,1,101.14
11898.0,Loyal Customers,1,4,314,1,90.77
11899.0,Potential Loyalists,1,4,442,1,116.9
11900.0,Loyal Customers,1,4,255,1,221.64
11901.0,Potential Loyalists,1,4,490,1,82.34
11902.0,Potential Loyalists,1,4,494,1,93.67
11903.0,Potential Loyalists,1,4,483,1,115.52
11904.0,Loyal Customers,1,4,39,1,49.02
11905.0,Loyal Customers,1,4,366,1,84.29
11906.0,Potential Loyalists,1,4,499,1,121.45
11907.0,Champions,1,4,112,1,167.78
11908.0,Lost Customers,1,4,614,1,140.12
11909.0,Loyal Customers,1,4,270,1,148.74
11910.0,Lost Customers,1,4,650,1,85.23
11911.0,Loyal Customers,1,4,188,1,242.36
11912.0,Lost Customers,1,4,645,1,122.01
11913.0,Lost Customers,1,4,578,1,103.7
11914.0,Potential Loyalists,1,4,545,1,161.84
11915.0,Lost Customers,1,4,728,1,158.34
11916.0,Loyal Customers,1,4,326,1,98.05
11917.0,Potential Loyalists,1,4,425,1,15.0
11918.0,Lost Customers,1,4,596,1,176.72
11919.0,Potential Loyalists,1,4,493,1,161.96
11920.0,Loyal Customers,1,4,273,1,104.0
11921.0,Loyal Customers,1,4,107,1,113.03
11922.0,Lost Customers,1,4,588,1,73.83
11923.0,Potential Loyalists,1,4,390,1,133.9
11924.0,Lost Customers,1,4,660,1,160.13
11925.0,Loyal Customers,1,4,100,1,99.58
11926.0,Loyal Customers,1,4,102,1,64.57
11927.0,Loyal Customers,1,4,283,1,209.22
11928.0,Loyal Customers,1,4,310,1,77.04
11929.0,Potential Loyalists,1,4,394,1,181.16
11930.0,Potential Loyalists,1,4,475,1,109.15
11931.0,Potential Loyalists,1,4,488,1,134.59
11932.0,Lost Customers,1,4,632,1,192.37
11933.0,Loyal Customers,1,4,61,1,123.92
11934.0,Potential Loyalists,1,4,465,1,135.53
11935.0,Potential Loyalists,1,4,525,1,72.06
11936.0,Potential Loyalists,1,4,467,1,167.02
11937.0,Loyal Customers,1,4,72,1,94.91
11938.0,Loyal Customers,1,4,8,1,80.19
11939.0,Lost Customers,1,4,693,1,134.66
11940.0,Loyal Customers,1,4,19,1,72.05
11941.0,Lost Customers,1,4,641,1,93.6
11942.0,Lost Customers,1,4,685,1,81.97
11943.0,Potential Loyalists,1,4,431,1,59.52
11944.0,Loyal Customers,1,4,12,1,130.15
11945.0,Loyal Customers,1,4,133,1,98.63
11946.0,Loyal Customers,1,4,284,1,84.14
11947.0,Loyal Customers,1,4,256,1,177.91
11948.0,Potential Loyalists,1,4,385,1,101.15
11949.0,Potential Loyalists,1,4,483,1,172.08
11950.0,Loyal Customers,1,4,325,1,146.08
11951.0,Lost Customers,1,4,563,1,98.64
11952.0,Loyal Customers,1,4,273,1,62.84
11953.0,Potential Loyalists,1,4,470,1,123.17
11954.0,Lost Customers,1,4,571,1,251.7
11955.0,Potential Loyalists,1,4,484,1,100.97
11956.0,Lost Customers,1,4,594,1,171.86
11957.0,Potential Loyalists,1,4,508,1,128.47
11958.0,Loyal Customers,1,4,173,1,65.12
11959.0,Loyal Customers,1,4,67,1,94.87
11960.0,Potential Loyalists,1,4,480,1,70.75
11961.0,Lost Customers,1,4,644,1,137.44
11962.0,Lost Customers,1,4,573,1,60.67
11963.0,Lost Customers,1,4,699,1,166.55
11964.0,Lost Customers,1,4,593,1,70.52
11965.0,Potential Loyalists,1,4,400,1,235.72
11966.0,Loyal Customers,1,4,359,1,88.04
11967.0,Loyal Customers,1,4,22,1,100.79
11968.0,Potential Loyalists,1,4,511,1,140.27
11969.0,Potential Loyalists,1,4,403,1,82.35
11970.0,Potential Loyalists,1,4,444,1,167.2
11971.0,Loyal Customers,1,4,358,1,184.43
11972.0,Champions,1,4,134,1,231.27
11973.0,Champions,1,4,136,1,267.31
11974.0,Potential Loyalists,1,4,528,1,48.46
11975.0,Potential Loyalists,1,4,456,1,90.26
11976.0,Loyal Customers,1,4,245,1,35.35
11977.0,Lost Customers,1,4,666,1,108.07
11978.0,Lost Customers,1,4,620,1,16.56
11979.0,Lost Customers,1,4,706,1,101.1
11980.0,Loyal Customers,1,4,228,1,173.55
11981.0,Lost Customers,1,4,564,1,125.21
11982.0,Lost Customers,1,4,598,1,214.35
11983.0,Loyal Customers,1,4,171,1,126.29
11984.0,Lost Customers,1,4,619,1,105.09
11985.0,Loyal Customers,1,4,224,1,119.65
11986.0,Potential Loyalists,1,4,500,1,136.92
11987.0,Loyal Customers,1,4,199,1,136.04
11988.0,Lost Customers,1,4,712,1,170.87
11989.0,Lost Customers,1,4,727,1,110.44
11990.0,Potential Loyalists,1,4,393,1,64.22
11991.0,Champions,1,4,115,1,225.27
11992.0,Lost Customers,1,4,668,1,222.0
11993.0,Potential Loyalists,1,4,407,1,65.2
11994.0,Lost Customers,1,4,586,1,109.95
11995.0,Loyal Customers,1,4,199,1,92.7
11996.0,Potential Loyalists,1,4,445,1,149.71
11997.0,Loyal Customers,1,4,282,1,135.5
11998.0,Champions,1,4,11,1,215.41
11999.0,Loyal Customers,1,4,306,1,171.51
12000.0,Lost Customers,1,4,575,1,165.71
12001.0,Loyal Customers,1,4,232,1,103.71
12002.0,Potential Loyalists,1,4,489,1,108.29
12003.0,Potential Loyalists,1,4,459,1,164.35
12004.0,Loyal Customers,1,4,229,1,140.77
12005.0,Lost Customers,1,4,568,1,127.53
12006.0,Lost Customers,1,4,620,1,159.64
12007.0,Loyal Customers,1,4,286,1,199.01
12008.0,Lost Customers,1,4,561,1,67.06
12009.0,Lost Customers,1,4,579,1,107.22
12010.0,Lost Customers,1,4,664,1,162.42
12011.0,Lost Customers,1,4,709,1,123.69
12012.0,Loyal Customers,1,4,330,1,140.55
12013.0,Lost Customers,1,4,585,1,140.12
12014.0,Loyal Customers,1,4,134,1,107.66
12015.0,Potential Loyalists,1,4,421,1,105.45
12016.0,Potential Loyalists,1,4,428,1,111.92
12017.0,Loyal Customers,1,4,297,1,102.19
12018.0,Loyal Customers,1,4,120,1,113.0
12019.0,Lost Customers,1,4,654,1,74.31
12020.0,Potential Loyalists,1,4,517,1,101.74
12021.0,Loyal Customers,1,4,139,1,142.19
12022.0,Loyal Customers,1,4,166,1,138.25
12023.0,Loyal Customers,1,4,127,1,111.91
12024.0,Loyal Customers,1,4,353,1,95.99
12025.0,Loyal Customers,1,4,344,1,111.83
12026.0,Loyal Customers,1,4,278,1,179.65
12027.0,Potential Loyalists,1,4,547,1,83.36
12028.0,Lost Customers,1,4,569,1,120.55
12029.0,Champions,1,4,115,1,183.73
12030.0,Lost Customers,1,4,643,1,73.14
12031.0,Lost Customers,1,4,604,1,147.43
12032.0,Loyal Customers,1,4,360,1,128.89
12033.0,Lost Customers,1,4,629,1,48.25
12034.0,Loyal Customers,1,4,16,1,124.56
12035.0,Lost Customers,1,4,720,1,149.54
12036.0,Loyal Customers,1,4,262,1,126.59
12037.0,Potential Loyalists,1,4,511,1,151.37
12038.0,Champions,1,4,78,1,167.44
12039.0,Loyal Customers,1,4,95,1,98.63
12040.0,Loyal Customers,1,4,23,1,62.99
12041.0,Champions,1,4,60,1,196.19
12042.0,Potential Loyalists,1,4,376,1,184.64
12043.0,Champions,1,4,102,1,168.63
12044.0,Loyal Customers,1,4,195,1,91.88
12045.0,Loyal Customers,1,4,144,1,83.23
12046.0,Lost Customers,1,4,595,1,170.4
12047.0,Potential Loyalists,1,4,434,1,106.57
12048.0,Loyal Customers,1,4,76,1,99.87
12049.0,Loyal Customers,1,4,320,1,138.15
12050.0,Lost Customers,1,4,570,1,63.05
12051.0,Loyal Customers,1,4,295,1,100.12
12052.0,Lost Customers,1,4,605,1,123.49
12053.0,Loyal Customers,1,4,129,1,123.08
12054.0,Potential Loyalists,1,4,397,1,111.79
12055.0,Potential Loyalists,1,4,395,1,86.91
12056.0,Loyal Customers,1,4,137,1,104.57
12057.0,Loyal Customers,1,4,52,1,145.08
12058.0,Potential Loyalists,1,4,513,1,101.0
12059.0,Lost Customers,1,4,605,1,193.57
12060.0,Potential Loyalists,1,4,451,1,56.68
12061.0,Potential Loyalists,1,4,406,1,75.93
12062.0,Potential Loyalists,1,4,402,1,114.74
12063.0,Potential Loyalists,1,4,513,1,260.69
12064.0,Potential Loyalists,1,4,377,1,123.1
12065.0,Champions,1,4,138,1,178.23
12066.0,Champions,1,4,30,1,182.99
12067.0,Loyal Customers,1,4,265,1,96.77
12068.0,Potential Loyalists,1,4,487,1,95.12
12069.0,Loyal Customers,1,4,296,1,151.89
12070.0,Loyal Customers,1,4,112,1,123.48
12071.0,Loyal Customers,1,4,273,1,63.98
12072.0,Loyal Customers,1,4,39,1,96.82
12073.0,Lost Customers,1,4,569,1,107.97
12074.0,Potential Loyalists,1,4,418,1,93.53
12075.0,Loyal Customers,1,4,113,1,111.71
12076.0,Lost Customers,1,4,698,1,171.2
12077.0,Potential Loyalists,1,4,374,1,126.73
12078.0,Loyal Customers,1,4,364,1,114.9
12079.0,Loyal Customers,1,4,54,1,160.63
12080.0,Potential Loyalists,1,4,512,1,23.3
12081.0,Lost Customers,1,4,638,1,185.0
12082.0,Loyal Customers,1,4,189,1,107.61
12083.0,Potential Loyalists,1,4,453,1,87.81
12084.0,Loyal Customers,1,4,339,1,132.2
12085.0,Lost Customers,1,4,648,1,93.62
12086.0,Lost Customers,1,4,586,1,94.64
12087.0,Potential Loyalists,1,4,463,1,118.25
12088.0,Lost Customers,1,4,721,1,146.25
12089.0,Loyal Customers,1,4,254,1,122.47
12090.0,Lost Customers,1,4,565,1,80.52
12091.0,Lost Customers,1,4,616,1,123.29
12092.0,Loyal Customers,1,4,114,1,69.6
12093.0,Loyal Customers,1,4,247,1,90.04
12094.0,Loyal Customers,1,4,252,1,174.43
12095.0,Loyal Customers,1,4,329,1,94.12
12096.0,Loyal Customers,1,4,230,1,162.31
12097.0,Champions,1,4,180,1,253.4
12098.0,Lost Customers,1,4,680,1,143.54
12099.0,Champions,1,4,60,1,176.52
12100.0,Potential Loyalists,1,4,377,1,59.64
12101.0,Loyal Customers,1,4,305,1,95.59
12102.0,Lost Customers,1,4,701,1,210.15
12103.0,Loyal Customers,1,4,320,1,242.14
12104.0,Loyal Customers,1,4,349,1,105.74
12105.0,Loyal Customers,1,4,290,1,71.22
12106.0,Lost Customers,1,4,674,1,213.43
12107.0,Loyal Customers,1,4,249,1,222.63
12108.0,Potential Loyalists,1,4,406,1,70.0
12109.0,Potential Loyalists,1,4,543,1,156.57
12110.0,Lost Customers,1,4,609,1,111.19
12111.0,Champions,1,4,25,1,205.81
12112.0,Loyal Customers,1,4,80,1,137.81
12113.0,Lost Customers,1,4,610,1,96.46
12114.0,Lost Customers,1,4,632,1,108.23
12115.0,Potential Loyalists,1,4,498,1,104.94
12116.0,Loyal Customers,1,4,253,1,162.23
12117.0,Loyal Customers,1,4,8,1,74.41
12118.0,Loyal Customers,1,4,283,1,152.32
12119.0,Lost Customers,1,4,641,1,98.41
12120.0,Loyal Customers,1,4,261,1,102.32
12121.0,Lost Customers,1,4,640,1,132.64
12122.0,Potential Loyalists,1,4,419,1,96.7
12123.0,Lost Customers,1,4,624,1,80.81
12124.0,Champions,1,4,122,1,218.55
12125.0,Lost Customers,1,4,678,1,96.02
12126.0,Loyal Customers,1,4,31,1,47.65
12127.0,Loyal Customers,1,4,268,1,157.56
12128.0,Champions,1,4,75,1,170.1
12129.0,Loyal Customers,1,4,50,1,107.12
12130.0,Lost Customers,1,4,583,1,185.06
12131.0,Lost Customers,1,4,712,1,77.93
12132.0,Loyal Customers,1,4,224,1,101.5
12133.0,Potential Loyalists,1,4,430,1,83.54
12134.0,Loyal Customers,1,4,160,1,106.94
12135.0,Loyal Customers,1,4,174,1,98.43
12136.0,Loyal Customers,1,4,192,1,64.84
12137.0,Potential Loyalists,1,4,499,1,118.66
12138.0,Loyal Customers,1,4,178,1,157.21
12139.0,Potential Loyalists,1,4,541,1,170.3
12140.0,Potential Loyalists,1,4,390,1,77.33
12141.0,Potential Loyalists,1,4,457,1,107.19
12142.0,Loyal Customers,1,4,109,1,90.49
12143.0,Loyal Customers,1,4,225,1,193.19
12144.0,Loyal Customers,1,4,362,1,100.83
12145.0,Loyal Customers,1,4,198,1,129.41
12146.0,Loyal Customers,1,4,74,1,161.43
12147.0,Lost Customers,1,4,588,1,89.72
12148.0,Loyal Customers,1,4,233,1,96.27
12149.0,Loyal Customers,1,4,267,1,98.32
12150.0,Potential Loyalists,1,4,496,1,96.41
12151.0,Loyal Customers,1,4,52,1,96.05
12152.0,Loyal Customers,1,4,239,1,57.77
12153.0,Lost Customers,1,4,556,1,152.14
12154.0,Potential Loyalists,1,4,376,1,143.46
12155.0,Lost Customers,1,4,700,1,81.2
12156.0,Loyal Customers,1,4,40,1,101.49
12157.0,Loyal Customers,1,4,0,1,151.7
12158.0,Loyal Customers,1,4,6,1,95.58
12159.0,Lost Customers,1,4,559,1,219.27
12160.0,Lost Customers,1,4,604,1,153.63
12161.0,Loyal Customers,1,4,63,1,68.55
12162.0,Loyal Customers,1,4,221,1,235.03
12163.0,Lost Customers,1,4,593,1,48.17
12164.0,Lost Customers,1,4,618,1,80.11
12165.0,Loyal Customers,1,4,363,1,166.82
12166.0,Loyal Customers,1,4,326,1,93.43
12167.0,Loyal Customers,1,4,245,1,102.57
12168.0,Lost Customers,1,4,567,1,127.9
12169.0,Loyal Customers,1,4,6,1,66.82
12170.0,Loyal Customers,1,4,255,1,96.57
12171.0,Lost Customers,1,4,612,1,76.77
12172.0,Loyal Customers,1,4,0,1,51.39
12173.0,Lost Customers,1,4,622,1,162.9
12174.0,Loyal Customers,1,4,114,1,147.56
12175.0,Lost Customers,1,4,663,1,141.91
12176.0,Lost Customers,1,4,698,1,88.9
12177.0,Loyal Customers,1,4,40,1,106.37
12178.0,Loyal Customers,1,4,152,1,78.96
12179.0,Loyal Customers,1,4,127,1,89.52
12180.0,Lost Customers,1,4,594,1,144.01
12181.0,Potential Loyalists,1,4,480,1,80.09
12182.0,Loyal Customers,1,4,262,1,190.21
12183.0,Lost Customers,1,4,642,1,94.05
12184.0,Lost Customers,1,4,656,1,161.1
12185.0,Potential Loyalists,1,4,478,1,90.67
12186.0,Lost Customers,1,4,565,1,145.46
12187.0,Loyal Customers,1,4,271,1,107.6
12188.0,Loyal Customers,1,4,303,1,254.34
12189.0,Potential Loyalists,1,4,418,1,216.98
12190.0,Potential Loyalists,1,4,437,1,233.11
12191.0,Loyal Customers,1,4,313,1,238.94
12192.0,Loyal Customers,1,4,365,1,107.62
12193.0,Potential Loyalists,1,4,414,1,136.32
12194.0,Loyal Customers,1,4,332,1,86.36
12195.0,Loyal Customers,1,4,85,1,119.57
12196.0,Loyal Customers,1,4,122,1,137.88
12197.0,Loyal Customers,1,4,40,1,88.9
12198.0,Loyal Customers,1,4,163,1,72.57
12199.0,Lost Customers,1,4,595,1,89.15
12200.0,Lost Customers,1,4,668,1,96.33
12201.0,Potential Loyalists,1,4,455,1,115.9
12202.0,Loyal Customers,1,4,174,1,119.47
12203.0,Champions,1,4,38,1,177.47
12204.0,Loyal Customers,1,4,362,1,123.86
12205.0,Lost Customers,1,4,694,1,50.06
12206.0,Loyal Customers,1,4,53,1,127.94
12207.0,Loyal Customers,1,4,360,1,111.53
12208.0,Loyal Customers,1,4,154,1,143.68
12209.0,Potential Loyalists,1,4,480,1,88.74
12210.0,Potential Loyalists,1,4,505,1,113.42
12211.0,Loyal Customers,1,4,31,1,61.41
12212.0,Loyal Customers,1,4,95,1,98.46
12213.0,Loyal Customers,1,4,241,1,162.98
12214.0,Loyal Customers,1,4,287,1,104.14
12215.0,Potential Loyalists,1,4,516,1,96.55
12216.0,Loyal Customers,1,4,339,1,223.64
12217.0,Loyal Customers,1,4,358,1,150.47
12218.0,Potential Loyalists,1,4,378,1,98.55
12219.0,Potential Loyalists,1,4,454,1,226.29
12220.0,Loyal Customers,1,4,153,1,140.98
12221.0,Potential Loyalists,1,4,458,1,171.59
12222.0,Loyal Customers,1,4,77,1,47.19
12223.0,Loyal Customers,1,4,206,1,239.12
12224.0,Loyal Customers,1,4,68,1,148.84
12225.0,Loyal Customers,1,4,4,1,88.47
12226.0,Loyal Customers,1,4,208,1,122.81
12227.0,Potential Loyalists,1,4,373,1,202.68
12228.0,Potential Loyalists,1,4,536,1,147.45
12229.0,Loyal Customers,1,4,157,1,90.28
12230.0,Lost Customers,1,4,568,1,147.44
12231.0,Lost Customers,1,4,567,1,140.26
12232.0,Loyal Customers,1,4,12,1,84.63
12233.0,Loyal Customers,1,4,267,1,86.0
12234.0,Loyal Customers,1,4,311,1,142.4
12235.0,Loyal Customers,1,4,352,1,160.98
12236.0,Loyal Customers,1,4,15,1,112.55
12237.0,Loyal Customers,1,4,341,1,112.22
12238.0,Lost Customers,1,4,597,1,144.13
12239.0,Loyal Customers,1,4,229,1,109.58
12240.0,Lost Customers,1,4,709,1,85.91
12241.0,Loyal Customers,1,4,312,1,151.26
12242.0,Potential Loyalists,1,4,537,1,126.51
12243.0,Loyal Customers,1,4,317,1,91.91
12244.0,Lost Customers,1,4,697,1,112.89
12245.0,Loyal Customers,1,4,121,1,128.7
12246.0,Potential Loyalists,1,4,507,1,134.19
12247.0,Loyal Customers,1,4,116,1,72.67
12248.0,Potential Loyalists,1,4,540,1,86.68
12249.0,Loyal Customers,1,4,350,1,126.79
12250.0,Lost Customers,1,4,678,1,144.76
12251.0,Loyal Customers,1,4,313,1,38.06
12252.0,Lost Customers,1,4,659,1,178.09
12253.0,Potential Loyalists,1,4,538,1,139.3
12254.0,Lost Customers,1,4,577,1,247.71
12255.0,Potential Loyalists,1,4,409,1,145.77
12256.0,Loyal Customers,1,4,305,1,97.73
12257.0,Champions,1,4,90,1,286.65
12258.0,Potential Loyalists,1,4,471,1,135.08
12259.0,Loyal Customers,1,4,139,1,134.64
12260.0,Potential Loyalists,1,4,403,1,98.74
12261.0,Lost Customers,1,4,576,1,86.77
12262.0,Potential Loyalists,1,4,452,1,148.77
12263.0,Champions,1,4,121,1,329.39
12264.0,Potential Loyalists,1,4,391,1,135.37
12265.0,Loyal Customers,1,4,318,1,102.49
12266.0,Loyal Customers,1,4,171,1,130.68
12267.0,Lost Customers,1,4,631,1,149.26
12268.0,Lost Customers,1,4,574,1,152.61
12269.0,Loyal Customers,1,4,257,1,96.18
12270.0,Loyal Customers,1,4,22,1,87.19
12271.0,Lost Customers,1,4,676,1,130.64
12272.0,Potential Loyalists,1,4,541,1,67.35
12273.0,Potential Loyalists,1,4,537,1,111.18
12274.0,Potential Loyalists,1,4,542,1,206.53
12275.0,Lost Customers,1,4,657,1,90.55
12276.0,Loyal Customers,1,4,172,1,107.71
12277.0,Loyal Customers,1,4,210,1,217.53
12278.0,Lost Customers,1,4,583,1,99.45
12279.0,Lost Customers,1,4,646,1,172.8
12280.0,Lost Customers,1,4,598,1,134.69
12281.0,Loyal Customers,1,4,283,1,88.09
12282.0,Potential Loyalists,1,4,427,1,204.59
12283.0,Loyal Customers,1,4,166,1,126.52
12284.0,Champions,1,4,127,1,204.41
12285.0,Potential Loyalists,1,4,439,1,240.15
12286.0,Lost Customers,1,4,596,1,118.07
12287.0,Potential Loyalists,1,4,404,1,133.41
12288.0,Lost Customers,1,4,662,1,86.95
12289.0,Loyal Customers,1,4,101,1,80.8
12290.0,Potential Loyalists,1,4,524,1,77.71
12291.0,Potential Loyalists,1,4,449,1,131.56
12292.0,Loyal Customers,1,4,287,1,156.58
12293.0,Lost Customers,1,4,613,1,190.61
12294.0,Potential Loyalists,1,4,413,1,148.32
12295.0,Loyal Customers,1,4,216,1,260.34
12296.0,Potential Loyalists,1,4,440,1,108.17
12297.0,Lost Customers,1,4,697,1,187.94
12298.0,Loyal Customers,1,4,213,1,221.54
12299.0,Potential Loyalists,1,4,392,1,74.31
12300.0,Loyal Customers,1,4,317,1,185.86
12301.0,Lost Customers,1,4,574,1,154.7
12302.0,Loyal Customers,1,4,293,1,87.69
12303.0,Potential Loyalists,1,4,527,1,243.69
12304.0,Loyal Customers,1,4,47,1,80.59
12305.0,Potential Loyalists,1,4,472,1,211.71
12306.0,Lost Customers,1,4,557,1,183.49
12307.0,Lost Customers,1,4,650,1,234.22
12308.0,Loyal Customers,1,4,5,1,117.96
12309.0,Loyal Customers,1,4,8,1,109.89
12310.0,Loyal Customers,1,4,249,1,92.83
12311.0,Lost Customers,1,4,685,1,108.01
12312.0,Potential Loyalists,1,4,539,1,157.36
12313.0,Potential Loyalists,1,4,400,1,102.27
12314.0,Loyal Customers,1,4,179,1,126.27
12315.0,Loyal Customers,1,4,298,1,88.58
12316.0,Lost Customers,1,4,629,1,84.15
12317.0,Loyal Customers,1,4,301,1,126.93
12318.0,Potential Loyalists,1,4,498,1,265.54
12319.0,Lost Customers,1,4,720,1,138.54
12320.0,Loyal Customers,1,4,167,1,144.32
12321.0,Loyal Customers,1,4,176,1,102.83
12322.0,Lost Customers,1,4,710,1,78.72
12323.0,Potential Loyalists,1,4,367,1,168.35
12324.0,Potential Loyalists,1,4,472,1,85.76
12325.0,Loyal Customers,1,4,312,1,158.63
12326.0,Champions,1,4,179,1,282.78
12327.0,Lost Customers,1,4,611,1,184.15
12328.0,Potential Loyalists,1,4,468,1,140.85
12329.0,Lost Customers,1,4,664,1,99.55
12330.0,Potential Loyalists,1,4,381,1,81.91
12331.0,Potential Loyalists,1,4,469,1,127.89
12332.0,Potential Loyalists,1,4,503,1,192.61
12333.0,Potential Loyalists,1,4,406,1,145.18
12334.0,Lost Customers,1,4,591,1,48.9
12335.0,Lost Customers,1,4,619,1,101.91
12336.0,Loyal Customers,1,4,160,1,94.33
12337.0,Potential Loyalists,1,4,411,1,106.24
12338.0,Champions,1,4,54,1,188.48
12339.0,Loyal Customers,1,4,252,1,103.7
12340.0,Potential Loyalists,1,4,429,1,58.82
12341.0,Lost Customers,1,4,658,1,123.95
12342.0,Lost Customers,1,4,567,1,139.32
12343.0,Lost Customers,1,4,657,1,64.32
12344.0,Loyal Customers,1,4,268,1,176.17
12345.0,Champions,1,4,3,1,177.94
12346.0,Loyal Customers,1,4,308,1,68.34
12347.0,Champions,1,4,103,1,222.58
12348.0,Loyal Customers,1,4,82,1,150.09
12349.0,Lost Customers,1,4,710,1,123.53
12350.0,Potential Loyalists,1,4,440,1,16.73
12351.0,Loyal Customers,1,4,4,1,100.82
12352.0,Champions,1,4,2,1,165.76
12353.0,Lost Customers,1,4,679,1,121.91
12354.0,Loyal Customers,1,4,334,1,93.06
12355.0,Potential Loyalists,1,4,503,1,94.54
12356.0,Loyal Customers,1,4,363,1,67.74
12357.0,Lost Customers,1,4,724,1,83.35
12358.0,Potential Loyalists,1,4,473,1,94.88
12359.0,Lost Customers,1,4,631,1,98.29
12360.0,Loyal Customers,1,4,252,1,92.55
12361.0,Loyal Customers,1,4,33,1,125.32
12362.0,Loyal Customers,1,4,197,1,285.23
12363.0,Loyal Customers,1,4,222,1,146.27
12364.0,Loyal Customers,1,4,55,1,85.67
12365.0,Lost Customers,1,4,561,1,183.55
12366.0,Loyal Customers,1,4,259,1,164.01
12367.0,Potential Loyalists,1,4,370,1,108.9
12368.0,Lost Customers,1,4,662,1,112.31
12369.0,Lost Customers,1,4,647,1,194.24
12370.0,Loyal Customers,1,4,342,1,129.2
12371.0,Potential Loyalists,1,4,544,1,115.13
12372.0,Loyal Customers,1,4,133,1,97.91
12373.0,Lost Customers,1,4,686,1,91.13
12374.0,Loyal Customers,1,4,59,1,106.74
12375.0,Lost Customers,1,4,562,1,99.64
12376.0,Potential Loyalists,1,4,439,1,96.83
12377.0,Lost Customers,1,4,614,1,135.7
12378.0,Loyal Customers,1,4,304,1,66.43
12379.0,Champions,1,4,56,1,170.12
12380.0,Loyal Customers,1,4,16,1,161.09
12381.0,Loyal Customers,1,4,351,1,86.58
12382.0,Potential Loyalists,1,4,501,1,93.22
12383.0,Potential Loyalists,1,4,409,1,129.87
12384.0,Lost Customers,1,4,560,1,135.7
12385.0,Loyal Customers,1,4,78,1,113.99
12386.0,Potential Loyalists,1,4,382,1,97.83
12387.0,Loyal Customers,1,4,44,1,95.79
12388.0,Lost Customers,1,4,712,1,188.98
12389.0,Potential Loyalists,1,4,487,1,150.25
12390.0,Loyal Customers,1,4,153,1,95.63
12391.0,Loyal Customers,1,4,6,1,89.38
12392.0,Potential Loyalists,1,4,453,1,230.85
12393.0,Lost Customers,1,4,701,1,139.98
12394.0,Potential Loyalists,1,4,531,1,137.88
12395.0,Loyal Customers,1,4,216,1,95.06
12396.0,Loyal Customers,1,4,268,1,138.83
12397.0,Potential Loyalists,1,4,491,1,82.47
12398.0,Loyal Customers,1,4,272,1,166.35
12399.0,Loyal Customers,1,4,218,1,220.99
12400.0,Loyal Customers,1,4,275,1,56.19
12401.0,Loyal Customers,1,4,337,1,152.95
12402.0,Lost Customers,1,4,729,1,99.86
12403.0,Loyal Customers,1,4,285,1,109.79
12404.0,Loyal Customers,1,4,169,1,158.73
12405.0,Loyal Customers,1,4,352,1,132.85
12406.0,Loyal Customers,1,4,209,1,48.85
12407.0,Loyal Customers,1,4,348,1,105.15
12408.0,Lost Customers,1,4,659,1,104.04
12409.0,Loyal Customers,1,4,13,1,86.65
12410.0,Lost Customers,1,4,554,1,67.71
12411.0,Loyal Customers,1,4,275,1,151.43
12412.0,Potential Loyalists,1,4,420,1,109.6
12413.0,Potential Loyalists,1,4,430,1,96.0
12414.0,Lost Customers,1,4,666,1,201.79
12415.0,Lost Customers,1,4,653,1,216.57
12416.0,Loyal Customers,1,4,53,1,134.17
12417.0,Loyal Customers,1,4,272,1,144.4
12418.0,Loyal Customers,1,4,326,1,147.76
12419.0,Loyal Customers,1,4,16,1,121.82
12420.0,Lost Customers,1,4,556,1,200.23
12421.0,Loyal Customers,1,4,257,1,224.62
12422.0,Loyal Customers,1,4,332,1,138.88
12423.0,Loyal Customers,1,4,50,1,93.18
12424.0,Lost Customers,1,4,666,1,198.31
12425.0,Lost Customers,1,4,665,1,109.2
12426.0,Lost Customers,1,4,667,1,119.66
12427.0,Loyal Customers,1,4,366,1,70.43
12428.0,Loyal Customers,1,4,288,1,151.25
12429.0,Lost Customers,1,4,666,1,105.89
12430.0,Loyal Customers,1,4,60,1,116.85
12431.0,Potential Loyalists,1,4,543,1,73.34
12432.0,Loyal Customers,1,4,285,1,198.62
12433.0,Loyal Customers,1,4,126,1,58.24
12434.0,Loyal Customers,1,4,17,1,104.95
12435.0,Lost Customers,1,4,678,1,131.91
12436.0,Loyal Customers,1,4,24,1,74.14
12437.0,Loyal Customers,1,4,155,1,138.91
12438.0,Potential Loyalists,1,4,441,1,289.98
12439.0,Champions,1,4,79,1,186.25
12440.0,Loyal Customers,1,4,141,1,90.14
12441.0,Loyal Customers,1,4,125,1,151.08
12442.0,Loyal Customers,1,4,231,1,74.27
12443.0,Lost Customers,1,4,678,1,85.92
12444.0,Lost Customers,1,4,630,1,117.69
12445.0,Potential Loyalists,1,4,525,1,89.48
12446.0,Loyal Customers,1,4,303,1,90.28
12447.0,Lost Customers,1,4,571,1,116.43
12448.0,Potential Loyalists,1,4,492,1,154.8
12449.0,Loyal Customers,1,4,91,1,67.92
12450.0,Loyal Customers,1,4,75,1,92.36
12451.0,Loyal Customers,1,4,296,1,192.86
12452.0,Loyal Customers,1,4,137,1,152.07
12453.0,Loyal Customers,1,4,324,1,106.03
12454.0,Lost Customers,1,4,647,1,142.57
12455.0,Lost Customers,1,4,693,1,153.38
12456.0,Potential Loyalists,1,4,471,1,360.89
12457.0,Loyal Customers,1,4,317,1,95.72
12458.0,Lost Customers,1,4,549,1,80.0
12459.0,Potential Loyalists,1,4,445,1,92.56
12460.0,Loyal Customers,1,4,222,1,89.59
12461.0,Loyal Customers,1,4,340,1,100.2
12462.0,Loyal Customers,1,4,263,1,76.99
12463.0,Lost Customers,1,4,716,1,128.5
12464.0,Lost Customers,1,4,641,1,95.29
12465.0,Lost Customers,1,4,566,1,166.71
12466.0,Potential Loyalists,1,4,460,1,103.73
12467.0,Lost Customers,1,4,686,1,193.54
12468.0,Loyal Customers,1,4,64,1,99.94
12469.0,Loyal Customers,1,4,323,1,124.51
12470.0,Potential Loyalists,1,4,384,1,111.28
12471.0,Loyal Customers,1,4,290,1,113.51
12472.0,Lost Customers,1,4,667,1,54.6
12473.0,Loyal Customers,1,4,362,1,154.43
12474.0,Loyal Customers,1,4,183,1,77.07
12475.0,Champions,1,4,45,1,172.18
12476.0,Loyal Customers,1,4,185,1,111.54
12477.0,Loyal Customers,1,4,323,1,111.89
12478.0,Loyal Customers,1,4,50,1,75.48
12479.0,Lost Customers,1,4,661,1,131.6
12480.0,Lost Customers,1,4,572,1,193.45
12481.0,Loyal Customers,1,4,191,1,131.61
12482.0,Lost Customers,1,4,624,1,63.78
12483.0,Lost Customers,1,4,633,1,64.05
12484.0,Potential Loyalists,1,4,447,1,75.05
12485.0,Lost Customers,1,4,550,1,269.85
12486.0,Loyal Customers,1,4,195,1,284.06
12487.0,Potential Loyalists,1,4,476,1,182.78
12488.0,Lost Customers,1,4,719,1,123.24
12489.0,Potential Loyalists,1,4,410,1,62.32
12490.0,Loyal Customers,1,4,207,1,67.79
12491.0,Loyal Customers,1,4,267,1,95.48
12492.0,Loyal Customers,1,4,87,1,48.93
12493.0,Lost Customers,1,4,655,1,100.08
12494.0,Lost Customers,1,4,696,1,124.09
12495.0,Loyal Customers,1,4,60,1,101.46
12496.0,Loyal Customers,1,4,275,1,129.94
12497.0,Loyal Customers,1,4,349,1,93.31
12498.0,Potential Loyalists,1,4,525,1,83.34
12499.0,Loyal Customers,1,4,117,1,121.25
12500.0,Potential Loyalists,1,4,504,1,141.02
12501.0,Champions,1,4,135,1,192.02
12502.0,Lost Customers,1,4,567,1,62.31
12503.0,Loyal Customers,1,4,308,1,163.75
12504.0,Loyal Customers,1,4,215,1,215.53
12505.0,Loyal Customers,1,4,174,1,161.35
12506.0,Loyal Customers,1,4,165,1,73.23
12507.0,Loyal Customers,1,4,89,1,93.11
12508.0,Potential Loyalists,1,4,532,1,180.92
12509.0,Potential Loyalists,1,4,397,1,84.04
12510.0,Loyal Customers,1,4,97,1,100.68
12511.0,Loyal Customers,1,4,83,1,53.41
12512.0,Champions,1,4,31,1,260.78
12513.0,Loyal Customers,1,4,255,1,89.4
12514.0,Lost Customers,1,4,643,1,90.41
12515.0,Loyal Customers,1,4,122,1,102.06
12516.0,Loyal Customers,1,4,363,1,103.05
12517.0,Loyal Customers,1,4,275,1,115.2
12518.0,Loyal Customers,1,4,86,1,164.7
12519.0,Lost Customers,1,4,603,1,180.49
12520.0,Loyal Customers,1,4,273,1,124.1
12521.0,Loyal Customers,1,4,17,1,151.87
12522.0,Loyal Customers,1,4,36,1,127.01
12523.0,Potential Loyalists,1,4,375,1,101.46
12524.0,Loyal Customers,1,4,119,1,54.94
12525.0,Loyal Customers,1,4,60,1,84.03
12526.0,Lost Customers,1,4,594,1,163.52
12527.0,Potential Loyalists,1,4,413,1,106.76
12528.0,Lost Customers,1,4,594,1,128.68
12529.0,Loyal Customers,1,4,365,1,130.25
12530.0,Lost Customers,1,4,611,1,76.47
12531.0,Lost Customers,1,4,582,1,107.97
12532.0,Loyal Customers,1,4,224,1,165.46
12533.0,Lost Customers,1,4,598,1,126.88
12534.0,Potential Loyalists,1,4,548,1,148.1
12535.0,Potential Loyalists,1,4,386,1,118.96
12536.0,Lost Customers,1,4,639,1,89.52
12537.0,Loyal Customers,1,4,338,1,94.85
12538.0,Potential Loyalists,1,4,511,1,72.78
12539.0,Loyal Customers,1,4,143,1,117.58
12540.0,Lost Customers,1,4,604,1,277.31
12541.0,Loyal Customers,1,4,286,1,55.98
12542.0,Loyal Customers,1,4,36,1,119.67
12543.0,Loyal Customers,1,4,212,1,155.6
12544.0,Lost Customers,1,4,595,1,136.36
12545.0,Loyal Customers,1,4,117,1,95.64
12546.0,Loyal Customers,1,4,81,1,121.0
12547.0,Loyal Customers,1,4,87,1,96.48
12548.0,Loyal Customers,1,4,169,1,132.53
12549.0,Potential Loyalists,1,4,489,1,100.64
12550.0,Loyal Customers,1,4,197,1,274.05
12551.0,Loyal Customers,1,4,108,1,131.88
12552.0,Loyal Customers,1,4,167,1,88.49
12553.0,Lost Customers,1,4,697,1,175.02
12554.0,Potential Loyalists,1,4,414,1,242.46
12555.0,Lost Customers,1,4,557,1,69.57
12556.0,Lost Customers,1,4,682,1,110.36
12557.0,Potential Loyalists,1,4,412,1,56.7
12558.0,Loyal Customers,1,4,36,1,123.78
12559.0,Loyal Customers,1,4,333,1,110.66
12560.0,Loyal Customers,1,4,314,1,183.44
12561.0,Lost Customers,1,4,570,1,222.79
12562.0,Loyal Customers,1,4,251,1,97.97
12563.0,Lost Customers,1,4,695,1,161.5
12564.0,Lost Customers,1,4,694,1,73.23
12565.0,Loyal Customers,1,4,339,1,107.4
12566.0,Loyal Customers,1,4,7,1,138.8
12567.0,Loyal Customers,1,4,361,1,243.63
12568.0,Lost Customers,1,4,689,1,237.97
12569.0,Lost Customers,1,4,558,1,125.83
12570.0,Loyal Customers,1,4,115,1,95.58
12571.0,Loyal Customers,1,4,310,1,139.51
12572.0,Champions,1,4,19,1,175.1
12573.0,Loyal Customers,1,4,145,1,83.25
12574.0,Lost Customers,1,4,616,1,105.74
12575.0,Lost Customers,1,4,643,1,72.07
12576.0,Potential Loyalists,1,4,382,1,96.03
12577.0,Lost Customers,1,4,562,1,145.69
12578.0,Potential Loyalists,1,4,516,1,145.63
12579.0,Lost Customers,1,4,630,1,82.59
12580.0,Potential Loyalists,1,4,432,1,153.29
12581.0,Loyal Customers,1,4,268,1,208.81
12582.0,Potential Loyalists,1,4,371,1,75.85
12583.0,Lost Customers,1,4,729,1,106.64
12584.0,Potential Loyalists,1,4,460,1,256.77
12585.0,Loyal Customers,1,4,40,1,95.08
12586.0,Loyal Customers,1,4,277,1,151.46
12587.0,Lost Customers,1,4,559,1,133.65
12588.0,Lost Customers,1,4,725,1,211.39
12589.0,Champions,1,4,94,1,260.16
12590.0,Loyal Customers,1,4,160,1,131.3
12591.0,Loyal Customers,1,4,141,1,113.75
12592.0,Potential Loyalists,1,4,491,1,97.6
12593.0,Lost Customers,1,4,641,1,121.19
12594.0,Loyal Customers,1,4,235,1,65.04
12595.0,Potential Loyalists,1,4,492,1,97.63
12596.0,Loyal Customers,1,4,242,1,101.66
12597.0,Loyal Customers,1,4,323,1,109.62
12598.0,Loyal Customers,1,4,52,1,99.75
12599.0,Potential Loyalists,1,4,422,1,113.98
12600.0,Potential Loyalists,1,4,378,1,94.31
12601.0,Loyal Customers,1,4,241,1,134.92
12602.0,Potential Loyalists,1,4,427,1,102.53
12603.0,Lost Customers,1,4,600,1,181.92
12604.0,Potential Loyalists,1,4,501,1,113.44
12605.0,Potential Loyalists,1,4,541,1,130.41
12606.0,Loyal Customers,1,4,164,1,57.79
12607.0,Loyal Customers,1,4,233,1,62.43
12608.0,Lost Customers,1,4,678,1,137.29
12609.0,Lost Customers,1,4,669,1,217.7
12610.0,Loyal Customers,1,4,26,1,94.12
12611.0,Loyal Customers,1,4,75,1,72.2
12612.0,Loyal Customers,1,4,15,1,134.07
12613.0,Loyal Customers,1,4,147,1,79.16
12614.0,Potential Loyalists,1,4,425,1,89.43
12615.0,Loyal Customers,1,4,250,1,68.58
12616.0,Loyal Customers,1,4,257,1,167.28
12617.0,Potential Loyalists,1,4,511,1,130.27
12618.0,Potential Loyalists,1,4,389,1,98.74
12619.0,Loyal Customers,1,4,363,1,138.15
12620.0,Lost Customers,1,4,729,1,139.37
12621.0,Lost Customers,1,4,618,1,221.62
12622.0,Lost Customers,1,4,552,1,158.93
12623.0,Loyal Customers,1,4,273,1,63.92
12624.0,Lost Customers,1,4,723,1,120.26
12625.0,Potential Loyalists,1,4,473,1,137.81
12626.0,Champions,1,4,161,1,231.86
12627.0,Potential Loyalists,1,4,527,1,102.14
12628.0,Lost Customers,1,4,549,1,148.2
12629.0,Loyal Customers,1,4,116,1,82.13
12630.0,Lost Customers,1,4,690,1,155.64
12631.0,Loyal Customers,1,4,112,1,80.84
12632.0,Lost Customers,1,4,725,1,248.33
12633.0,Loyal Customers,1,4,118,1,90.7
12634.0,Lost Customers,1,4,664,1,101.68
12635.0,Loyal Customers,1,4,155,1,90.39
12636.0,Potential Loyalists,1,4,456,1,46.86
12637.0,Potential Loyalists,1,4,519,1,160.95
12638.0,Loyal Customers,1,4,189,1,168.69
12639.0,Lost Customers,1,4,718,1,80.75
12640.0,Loyal Customers,1,4,144,1,100.81
12641.0,Loyal Customers,1,4,56,1,77.1
12642.0,Potential Loyalists,1,4,433,1,134.55
12643.0,Lost Customers,1,4,600,1,246.04
12644.0,Loyal Customers,1,4,18,1,118.98
12645.0,Loyal Customers,1,4,140,1,99.97
12646.0,Lost Customers,1,4,572,1,168.87
12647.0,Loyal Customers,1,4,251,1,118.82
12648.0,Loyal Customers,1,4,202,1,138.74
12649.0,Loyal Customers,1,4,355,1,74.41
12650.0,Potential Loyalists,1,4,518,1,112.48
12651.0,Potential Loyalists,1,4,407,1,112.94
12652.0,Potential Loyalists,1,4,412,1,130.44
12653.0,Loyal Customers,1,4,57,1,140.08
12654.0,Loyal Customers,1,4,290,1,140.08
12655.0,Loyal Customers,1,4,232,1,199.55
12656.0,Lost Customers,1,4,697,1,121.79
12657.0,Loyal Customers,1,4,249,1,116.12
12658.0,Loyal Customers,1,4,35,1,86.5
12659.0,Lost Customers,1,4,657,1,99.47
12660.0,Loyal Customers,1,4,18,1,154.04
12661.0,Loyal Customers,1,4,175,1,76.2
12662.0,Loyal Customers,1,4,175,1,15.0
12663.0,Lost Customers,1,4,558,1,105.4
12664.0,Loyal Customers,1,4,184,1,75.35
12665.0,Loyal Customers,1,4,216,1,101.24
12666.0,Loyal Customers,1,4,329,1,97.85
12667.0,Loyal Customers,1,4,221,1,109.51
12668.0,Loyal Customers,1,4,180,1,91.84
12669.0,Champions,1,4,107,1,181.98
12670.0,Potential Loyalists,1,4,372,1,100.25
12671.0,Loyal Customers,1,4,54,1,146.15
12672.0,Potential Loyalists,1,4,399,1,182.2
12673.0,Loyal Customers,1,4,90,1,62.16
12674.0,Potential Loyalists,1,4,377,1,110.2
12675.0,Potential Loyalists,1,4,534,1,62.16
12676.0,Potential Loyalists,1,4,440,1,90.59
12677.0,Potential Loyalists,1,4,453,1,172.34
12678.0,Loyal Customers,1,4,4,1,139.04
12679.0,Potential Loyalists,1,4,379,1,82.86
12680.0,Champions,1,4,125,1,168.14
12681.0,Lost Customers,1,4,672,1,200.06
12682.0,Potential Loyalists,1,4,389,1,93.89
12683.0,Loyal Customers,1,4,222,1,140.39
12684.0,Potential Loyalists,1,4,446,1,133.25
12685.0,Lost Customers,1,4,647,1,87.48
12686.0,Loyal Customers,1,4,53,1,79.96
12687.0,Loyal Customers,1,4,200,1,85.55
12688.0,Lost Customers,1,4,564,1,93.21
12689.0,Loyal Customers,1,4,133,1,101.11
12690.0,Lost Customers,1,4,715,1,121.13
12691.0,Potential Loyalists,1,4,514,1,94.85
12692.0,Potential Loyalists,1,4,529,1,200.47
12693.0,Potential Loyalists,1,4,464,1,137.19
12694.0,Loyal Customers,1,4,196,1,245.9
12695.0,Potential Loyalists,1,4,435,1,92.76
12696.0,Potential Loyalists,1,4,481,1,155.25
12697.0,Loyal Customers,1,4,288,1,129.86
12698.0,Lost Customers,1,4,664,1,217.52
12699.0,Loyal Customers,1,4,360,1,127.78
12700.0,Loyal Customers,1,4,171,1,152.15
12701.0,Loyal Customers,1,4,199,1,160.29
12702.0,Potential Loyalists,1,4,396,1,151.21
12703.0,Loyal Customers,1,4,302,1,70.53
12704.0,Lost Customers,1,4,554,1,101.03
12705.0,Loyal Customers,1,4,259,1,112.88
12706.0,Lost Customers,1,4,600,1,128.85
12707.0,Loyal Customers,1,4,349,1,155.26
12708.0,Lost Customers,1,4,729,1,69.7
12709.0,Lost Customers,1,4,684,1,116.31
12710.0,Potential Loyalists,1,4,370,1,283.67
12711.0,Loyal Customers,1,4,249,1,136.12
12712.0,Lost Customers,1,4,595,1,226.58
12713.0,Potential Loyalists,1,4,454,1,118.75
12714.0,Potential Loyalists,1,4,427,1,90.51
12715.0,Lost Customers,1,4,682,1,132.21
12716.0,Potential Loyalists,1,4,432,1,164.41
12717.0,Lost Customers,1,4,558,1,67.83
12718.0,Loyal Customers,1,4,190,1,146.32
12719.0,Potential Loyalists,1,4,530,1,107.42
12720.0,Loyal Customers,1,4,196,1,280.31
12721.0,Lost Customers,1,4,663,1,81.65
12722.0,Loyal Customers,1,4,59,1,160.62
12723.0,Loyal Customers,1,4,214,1,140.32
12724.0,Lost Customers,1,4,622,1,106.25
12725.0,Champions,1,4,148,1,166.0
12726.0,Lost Customers,1,4,679,1,59.98
12727.0,Lost Customers,1,4,656,1,229.22
12728.0,Potential Loyalists,1,4,409,1,129.12
12729.0,Loyal Customers,1,4,123,1,108.08
12730.0,Loyal Customers,1,4,96,1,123.58
12731.0,Potential Loyalists,1,4,376,1,65.7
12732.0,Champions,1,4,2,1,188.71
12733.0,Loyal Customers,1,4,43,1,116.38
12734.0,Lost Customers,1,4,555,1,159.22
12735.0,Loyal Customers,1,4,323,1,142.31
12736.0,Loyal Customers,1,4,156,1,147.02
12737.0,Champions,1,4,104,1,216.58
12738.0,Potential Loyalists,1,4,451,1,174.16
12739.0,Loyal Customers,1,4,233,1,175.36
12740.0,Lost Customers,1,4,721,1,106.11
12741.0,Loyal Customers,1,4,102,1,63.73
12742.0,Potential Loyalists,1,4,524,1,68.0
12743.0,Loyal Customers,1,4,50,1,131.3
12744.0,Potential Loyalists,1,4,404,1,172.82
12745.0,Lost Customers,1,4,619,1,162.68
12746.0,Lost Customers,1,4,724,1,66.03
12747.0,Lost Customers,1,4,576,1,187.48
12748.0,Potential Loyalists,1,4,485,1,99.15
12749.0,Potential Loyalists,1,4,474,1,209.04
12750.0,Loyal Customers,1,4,145,1,87.53
12751.0,Potential Loyalists,1,4,441,1,111.43
12752.0,Champions,1,4,38,1,191.52
12753.0,Loyal Customers,1,4,284,1,137.31
12754.0,Potential Loyalists,1,4,425,1,163.42
12755.0,Lost Customers,1,4,670,1,273.45
12756.0,Loyal Customers,1,4,311,1,74.9
12757.0,Potential Loyalists,1,4,428,1,123.54
12758.0,Lost Customers,1,4,658,1,62.87
12759.0,Potential Loyalists,1,4,513,1,93.93
12760.0,Loyal Customers,1,4,202,1,135.21
12761.0,Loyal Customers,1,4,234,1,212.91
12762.0,Lost Customers,1,4,626,1,86.74
12763.0,Loyal Customers,1,4,306,1,123.24
12764.0,Potential Loyalists,1,4,442,1,97.22
12765.0,Lost Customers,1,4,621,1,71.64
12766.0,Loyal Customers,1,4,31,1,111.27
12767.0,Loyal Customers,1,4,195,1,93.77
12768.0,Lost Customers,1,4,633,1,125.79
12769.0,Potential Loyalists,1,4,497,1,44.32
12770.0,Loyal Customers,1,4,196,1,64.17
12771.0,Potential Loyalists,1,4,405,1,99.82
12772.0,Potential Loyalists,1,4,460,1,107.87
12773.0,Lost Customers,1,4,559,1,96.16
12774.0,Potential Loyalists,1,4,430,1,122.97
12775.0,Potential Loyalists,1,4,512,1,171.83
12776.0,Potential Loyalists,1,4,490,1,124.21
12777.0,Loyal Customers,1,4,286,1,128.48
12778.0,Potential Loyalists,1,4,534,1,98.74
12779.0,Lost Customers,1,4,666,1,138.38
12780.0,Potential Loyalists,1,4,536,1,162.77
12781.0,Lost Customers,1,4,640,1,247.77
12782.0,Loyal Customers,1,4,114,1,133.2
12783.0,Potential Loyalists,1,4,506,1,181.29
12784.0,Champions,1,4,7,1,373.01
12785.0,Lost Customers,1,4,563,1,53.23
12786.0,Champions,1,4,64,1,200.26
12787.0,Champions,1,4,165,1,202.24
12788.0,Lost Customers,1,4,724,1,128.46
12789.0,Loyal Customers,1,4,53,1,135.85
12790.0,Loyal Customers,1,4,174,1,122.16
12791.0,Loyal Customers,1,4,33,1,67.57
12792.0,Loyal Customers,1,4,263,1,169.59
12793.0,Loyal Customers,1,4,161,1,79.82
12794.0,Potential Loyalists,1,4,519,1,125.87
12795.0,Lost Customers,1,4,724,1,111.77
12796.0,Loyal Customers,1,4,146,1,152.68
12797.0,Loyal Customers,1,4,58,1,136.17
12798.0,Lost Customers,1,4,678,1,138.02
12799.0,Lost Customers,1,4,671,1,231.92
12800.0,Loyal Customers,1,4,129,1,78.46
12801.0,Lost Customers,1,4,613,1,80.4
12802.0,Loyal Customers,1,4,34,1,132.93
12803.0,Potential Loyalists,1,4,379,1,146.49
12804.0,Potential Loyalists,1,4,478,1,154.19
12805.0,Lost Customers,1,4,690,1,217.07
12806.0,Potential Loyalists,1,4,504,1,94.85
12807.0,Lost Customers,1,4,662,1,189.34
12808.0,Loyal Customers,1,4,170,1,114.74
12809.0,Lost Customers,1,4,587,1,116.77
12810.0,Loyal Customers,1,4,18,1,133.91
12811.0,Loyal Customers,1,4,128,1,62.66
12812.0,Loyal Customers,1,4,78,1,128.8
12813.0,Champions,1,4,169,1,265.17
12814.0,Loyal Customers,1,4,270,1,106.1
12815.0,Loyal Customers,1,4,104,1,92.08
12816.0,Loyal Customers,1,4,301,1,234.24
12817.0,Loyal Customers,1,4,184,1,112.36
12818.0,Potential Loyalists,1,4,516,1,127.14
12819.0,Potential Loyalists,1,4,397,1,194.27
12820.0,Potential Loyalists,1,4,419,1,104.21
12821.0,Potential Loyalists,1,4,374,1,143.97
12822.0,Potential Loyalists,1,4,545,1,95.66
12823.0,Lost Customers,1,4,618,1,232.28
12824.0,Loyal Customers,1,4,281,1,66.08
12825.0,Loyal Customers,1,4,187,1,78.16
12826.0,Champions,1,4,32,1,192.05
12827.0,Loyal Customers,1,4,93,1,72.04
12828.0,Lost Customers,1,4,708,1,101.12
12829.0,Loyal Customers,1,4,242,1,135.67
12830.0,Potential Loyalists,1,4,515,1,69.49
12831.0,Loyal Customers,1,4,262,1,65.78
12832.0,Loyal Customers,1,4,309,1,96.6
12833.0,Loyal Customers,1,4,26,1,62.67
12834.0,Potential Loyalists,1,4,461,1,130.65
12835.0,Lost Customers,1,4,551,1,155.65
12836.0,Loyal Customers,1,4,342,1,192.65
12837.0,Lost Customers,1,4,696,1,128.99
12838.0,Potential Loyalists,1,4,415,1,94.56
12839.0,Loyal Customers,1,4,7,1,97.77
12840.0,Potential Loyalists,1,4,516,1,111.34
12841.0,Loyal Customers,1,4,47,1,149.35
12842.0,Loyal Customers,1,4,325,1,98.11
12843.0,Potential Loyalists,1,4,524,1,156.15
12844.0,Potential Loyalists,1,4,495,1,80.37
12845.0,Lost Customers,1,4,668,1,119.06
12846.0,Loyal Customers,1,4,336,1,69.84
12847.0,Loyal Customers,1,4,87,1,122.7
12848.0,Champions,1,4,25,1,218.12
12849.0,Potential Loyalists,1,4,463,1,96.15
12850.0,Potential Loyalists,1,4,381,1,108.78
12851.0,Loyal Customers,1,4,67,1,66.97
12852.0,Loyal Customers,1,4,242,1,75.0
12853.0,Loyal Customers,1,4,79,1,100.28
12854.0,Lost Customers,1,4,666,1,90.4
12855.0,Loyal Customers,1,4,49,1,131.13
12856.0,Potential Loyalists,1,4,475,1,79.4
12857.0,Potential Loyalists,1,4,390,1,123.43
12858.0,Loyal Customers,1,4,48,1,109.22
12859.0,Potential Loyalists,1,4,521,1,111.77
12860.0,Lost Customers,1,4,686,1,202.26
12861.0,Loyal Customers,1,4,100,1,133.82
12862.0,Loyal Customers,1,4,311,1,115.94
12863.0,Potential Loyalists,1,4,427,1,87.85
12864.0,Loyal Customers,1,4,187,1,121.79
12865.0,Lost Customers,1,4,560,1,183.35
12866.0,Loyal Customers,1,4,116,1,144.5
12867.0,Loyal Customers,1,4,70,1,111.95
12868.0,Lost Customers,1,4,626,1,58.35
12869.0,Lost Customers,1,4,711,1,242.35
12870.0,Loyal Customers,1,4,118,1,124.15
12871.0,Loyal Customers,1,4,227,1,48.01
12872.0,Loyal Customers,1,4,132,1,100.93
12873.0,Potential Loyalists,1,4,417,1,82.31
12874.0,Loyal Customers,1,4,208,1,72.1
12875.0,Potential Loyalists,1,4,534,1,166.65
12876.0,Lost Customers,1,4,579,1,180.71
12877.0,Lost Customers,1,4,614,1,125.35
12878.0,Lost Customers,1,4,679,1,97.43
12879.0,Loyal Customers,1,4,146,1,99.84
12880.0,Lost Customers,1,4,595,1,85.1
12881.0,Potential Loyalists,1,4,483,1,98.5
12882.0,Loyal Customers,1,4,257,1,238.99
12883.0,Loyal Customers,1,4,35,1,161.5
12884.0,Potential Loyalists,1,4,468,1,204.31
12885.0,Lost Customers,1,4,604,1,49.48
12886.0,Lost Customers,1,4,638,1,94.43
12887.0,Loyal Customers,1,4,196,1,117.02
12888.0,Loyal Customers,1,4,187,1,27.64
12889.0,Lost Customers,1,4,690,1,159.92
12890.0,Lost Customers,1,4,590,1,230.59
12891.0,Lost Customers,1,4,553,1,144.21
12892.0,Loyal Customers,1,4,187,1,83.54
12893.0,Loyal Customers,1,4,289,1,74.83
12894.0,Lost Customers,1,4,676,1,82.67
12895.0,Lost Customers,1,4,588,1,131.25
12896.0,Potential Loyalists,1,4,370,1,117.22
12897.0,Potential Loyalists,1,4,406,1,125.04
12898.0,Potential Loyalists,1,4,525,1,129.56
12899.0,Loyal Customers,1,4,269,1,110.67
12900.0,Loyal Customers,1,4,308,1,115.45
12901.0,Potential Loyalists,1,4,492,1,93.35
12902.0,Lost Customers,1,4,705,1,139.78
12903.0,Lost Customers,1,4,674,1,103.6
12904.0,Loyal Customers,1,4,134,1,80.9
12905.0,Lost Customers,1,4,644,1,86.92
12906.0,Loyal Customers,1,4,18,1,133.11
12907.0,Loyal Customers,1,4,325,1,64.46
12908.0,Loyal Customers,1,4,110,1,21.79
12909.0,Loyal Customers,1,4,195,1,103.75
12910.0,Loyal Customers,1,4,164,1,148.48
12911.0,Lost Customers,1,4,599,1,136.76
12912.0,Potential Loyalists,1,4,494,1,121.31
12913.0,Loyal Customers,1,4,79,1,125.75
12914.0,Potential Loyalists,1,4,416,1,110.48
12915.0,Lost Customers,1,4,651,1,142.57
12916.0,Lost Customers,1,4,665,1,78.89
12917.0,Potential Loyalists,1,4,524,1,92.83
12918.0,Potential Loyalists,1,4,520,1,67.35
12919.0,Lost Customers,1,4,633,1,143.31
12920.0,Loyal Customers,1,4,236,1,126.48
12921.0,Loyal Customers,1,4,355,1,241.84
12922.0,Potential Loyalists,1,4,383,1,114.55
12923.0,Loyal Customers,1,4,113,1,108.3
12924.0,Loyal Customers,1,4,228,1,116.04
12925.0,Loyal Customers,1,4,360,1,76.67
12926.0,Loyal Customers,1,4,343,1,95.54
12927.0,Loyal Customers,1,4,229,1,140.15
12928.0,Loyal Customers,1,4,276,1,157.28
12929.0,Loyal Customers,1,4,147,1,84.18
12930.0,Champions,1,4,155,1,215.33
12931.0,Potential Loyalists,1,4,435,1,160.86
12932.0,Loyal Customers,1,4,326,1,90.69
12933.0,Loyal Customers,1,4,5,1,159.42
12934.0,Potential Loyalists,1,4,382,1,159.36
12935.0,Lost Customers,1,4,642,1,173.48
12936.0,Lost Customers,1,4,673,1,154.44
12937.0,Lost Customers,1,4,702,1,88.08
12938.0,Potential Loyalists,1,4,446,1,153.51
12939.0,Lost Customers,1,4,698,1,43.64
12940.0,Potential Loyalists,1,4,458,1,84.39
12941.0,Loyal Customers,1,4,16,1,127.46
12942.0,Lost Customers,1,4,657,1,126.47
12943.0,Potential Loyalists,1,4,446,1,116.53
12944.0,Loyal Customers,1,4,193,1,64.05
12945.0,Loyal Customers,1,4,149,1,133.89
12946.0,Loyal Customers,1,4,277,1,149.2
12947.0,Champions,1,4,49,1,207.46
12948.0,Loyal Customers,1,4,79,1,124.62
12949.0,Loyal Customers,1,4,324,1,117.72
12950.0,Potential Loyalists,1,4,500,1,133.92
12951.0,Potential Loyalists,1,4,531,1,95.08
12952.0,Potential Loyalists,1,4,432,1,199.47
12953.0,Potential Loyalists,1,4,384,1,126.6
12954.0,Loyal Customers,1,4,211,1,38.63
12955.0,Loyal Customers,1,4,272,1,121.87
12956.0,Loyal Customers,1,4,177,1,117.72
12957.0,Loyal Customers,1,4,269,1,136.61
12958.0,Loyal Customers,1,4,363,1,76.88
12959.0,Champions,1,4,77,1,240.84
12960.0,Loyal Customers,1,4,343,1,263.79
12961.0,Lost Customers,1,4,570,1,81.94
12962.0,Loyal Customers,1,4,169,1,99.83
12963.0,Loyal Customers,1,4,97,1,84.61
12964.0,Lost Customers,1,4,691,1,144.12
12965.0,Potential Loyalists,1,4,546,1,133.86
12966.0,Lost Customers,1,4,613,1,235.29
12967.0,Lost Customers,1,4,565,1,69.86
12968.0,Potential Loyalists,1,4,468,1,72.65
12969.0,Potential Loyalists,1,4,514,1,86.07
12970.0,Loyal Customers,1,4,45,1,154.14
12971.0,Loyal Customers,1,4,122,1,142.35
12972.0,Loyal Customers,1,4,214,1,174.76
12973.0,Potential Loyalists,1,4,411,1,79.23
12974.0,Lost Customers,1,4,613,1,105.84
12975.0,Loyal Customers,1,4,2,1,143.55
12976.0,Champions,1,4,149,1,252.63
12977.0,Loyal Customers,1,4,121,1,66.27
12978.0,Lost Customers,1,4,599,1,103.82
12979.0,Loyal Customers,1,4,150,1,72.36
12980.0,Potential Loyalists,1,4,400,1,215.82
12981.0,Champions,1,4,109,1,236.4
12982.0,Lost Customers,1,4,632,1,113.03
12983.0,Lost Customers,1,4,659,1,148.94
12984.0,Loyal Customers,1,4,194,1,65.95
12985.0,Loyal Customers,1,4,111,1,123.09
12986.0,Loyal Customers,1,4,187,1,112.6
12987.0,Potential Loyalists,1,4,434,1,73.65
12988.0,Potential Loyalists,1,4,453,1,102.93
12989.0,Loyal Customers,1,4,183,1,89.22
12990.0,Loyal Customers,1,4,224,1,103.36
12991.0,Potential Loyalists,1,4,526,1,124.53
12992.0,Lost Customers,1,4,621,1,127.87
12993.0,Loyal Customers,1,4,140,1,100.22
12994.0,Potential Loyalists,1,4,435,1,165.8
12995.0,Lost Customers,1,4,652,1,235.41
12996.0,Loyal Customers,1,4,362,1,99.43
12997.0,Lost Customers,1,4,698,1,132.68
12998.0,Lost Customers,1,4,568,1,129.44
12999.0,Potential Loyalists,1,4,418,1,171.29
13000.0,Lost Customers,1,4,643,1,103.04
13001.0,Lost Customers,1,4,575,1,80.42
13002.0,Potential Loyalists,1,4,371,1,79.71
13003.0,Loyal Customers,1,4,0,1,131.51
13004.0,Lost Customers,1,4,663,1,81.2
13005.0,Lost Customers,1,4,687,1,173.77
13006.0,Lost Customers,1,4,702,1,179.19
13007.0,Loyal Customers,1,4,172,1,108.15
13008.0,Lost Customers,1,4,702,1,100.46
13009.0,Lost Customers,1,4,665,1,112.15
13010.0,Loyal Customers,1,4,360,1,109.88
13011.0,Loyal Customers,1,4,96,1,115.13
13012.0,Loyal Customers,1,4,101,1,67.62
13013.0,Loyal Customers,1,4,220,1,75.53
13014.0,Loyal Customers,1,4,200,1,177.98
13015.0,Loyal Customers,1,4,352,1,98.33
13016.0,Loyal Customers,1,4,189,1,126.33
13017.0,Loyal Customers,1,4,26,1,162.28
13018.0,Loyal Customers,1,4,138,1,146.13
13019.0,Lost Customers,1,4,638,1,101.79
13020.0,Loyal Customers,1,4,71,1,27.89
13021.0,Lost Customers,1,4,559,1,109.62
13022.0,Potential Loyalists,1,4,436,1,93.1
13023.0,Lost Customers,1,4,591,1,69.28
13024.0,Loyal Customers,1,4,346,1,108.17
13025.0,Potential Loyalists,1,4,434,1,151.08
13026.0,Champions,1,4,61,1,169.45
13027.0,Potential Loyalists,1,4,406,1,236.82
13028.0,Loyal Customers,1,4,178,1,137.4
13029.0,Lost Customers,1,4,629,1,135.01
13030.0,Loyal Customers,1,4,239,1,178.8
13031.0,Potential Loyalists,1,4,480,1,207.03
13032.0,Loyal Customers,1,4,275,1,105.18
13033.0,Loyal Customers,1,4,143,1,102.56
13034.0,Potential Loyalists,1,4,412,1,88.84
13035.0,Loyal Customers,1,4,264,1,109.82
13036.0,Loyal Customers,1,4,337,1,73.04
13037.0,Potential Loyalists,1,4,453,1,128.92
13038.0,Lost Customers,1,4,657,1,121.23
13039.0,Loyal Customers,1,4,42,1,110.86
13040.0,Loyal Customers,1,4,214,1,203.53
13041.0,Loyal Customers,1,4,361,1,137.58
13042.0,Champions,1,4,117,1,223.65
13043.0,Loyal Customers,1,4,354,1,121.5
13044.0,Loyal Customers,1,4,356,1,116.25
13045.0,Loyal Customers,1,4,183,1,61.64
13046.0,Potential Loyalists,1,4,484,1,118.45
13047.0,Potential Loyalists,1,4,460,1,136.3
13048.0,Lost Customers,1,4,550,1,212.99
13049.0,Loyal Customers,1,4,343,1,98.11
13050.0,Potential Loyalists,1,4,412,1,77.99
13051.0,Lost Customers,1,4,648,1,133.35
13052.0,Loyal Customers,1,4,121,1,97.37
13053.0,Loyal Customers,1,4,184,1,124.74
13054.0,Loyal Customers,1,4,342,1,119.25
13055.0,Loyal Customers,1,4,111,1,156.12
13056.0,Loyal Customers,1,4,139,1,98.34
13057.0,Loyal Customers,1,4,239,1,118.67
13058.0,Loyal Customers,1,4,98,1,112.73
13059.0,Potential Loyalists,1,4,424,1,102.73
13060.0,Loyal Customers,1,4,273,1,137.1
13061.0,Loyal Customers,1,4,344,1,61.42
13062.0,Loyal Customers,1,4,107,1,120.48
13063.0,Potential Loyalists,1,4,481,1,147.81
13064.0,Potential Loyalists,1,4,521,1,90.3
13065.0,Loyal Customers,1,4,329,1,124.01
13066.0,Loyal Customers,1,4,258,1,138.5
13067.0,Loyal Customers,1,4,233,1,112.42
13068.0,Lost Customers,1,4,565,1,223.31
13069.0,Lost Customers,1,4,582,1,122.25
13070.0,Lost Customers,1,4,576,1,75.09
13071.0,Lost Customers,1,4,564,1,124.99
13072.0,Loyal Customers,1,4,140,1,106.11
13073.0,Loyal Customers,1,4,258,1,82.86
13074.0,Loyal Customers,1,4,3,1,149.55
13075.0,Lost Customers,1,4,577,1,75.63
13076.0,Loyal Customers,1,4,173,1,67.69
13077.0,Potential Loyalists,1,4,438,1,76.11
13078.0,Loyal Customers,1,4,28,1,157.05
13079.0,Loyal Customers,1,4,138,1,95.3
13080.0,Potential Loyalists,1,4,528,1,246.38
13081.0,Lost Customers,1,4,693,1,96.72
13082.0,Potential Loyalists,1,4,425,1,126.69
13083.0,Loyal Customers,1,4,286,1,95.62
13084.0,Potential Loyalists,1,4,483,1,116.29
13085.0,Potential Loyalists,1,4,445,1,129.76
13086.0,Lost Customers,1,4,605,1,79.33
13087.0,Lost Customers,1,4,622,1,159.16
13088.0,Lost Customers,1,4,718,1,116.12
13089.0,Lost Customers,1,4,557,1,131.0
13090.0,Potential Loyalists,1,4,458,1,132.44
13091.0,Loyal Customers,1,4,275,1,118.27
13092.0,Lost Customers,1,4,571,1,192.35
13093.0,Potential Loyalists,1,4,476,1,190.88
13094.0,Loyal Customers,1,4,127,1,118.79
13095.0,Potential Loyalists,1,4,454,1,123.54
13096.0,Potential Loyalists,1,4,465,1,108.3
13097.0,Lost Customers,1,4,676,1,85.28
13098.0,Lost Customers,1,4,667,1,80.11
13099.0,Loyal Customers,1,4,59,1,57.38
13100.0,Lost Customers,1,4,699,1,133.65
13101.0,Potential Loyalists,1,4,470,1,56.9
13102.0,Potential Loyalists,1,4,396,1,82.16
13103.0,Loyal Customers,1,4,153,1,81.98
13104.0,Potential Loyalists,1,4,465,1,64.99
13105.0,Loyal Customers,1,4,163,1,112.84
13106.0,Loyal Customers,1,4,197,1,116.11
13107.0,Loyal Customers,1,4,241,1,70.29
13108.0,Potential Loyalists,1,4,410,1,140.43
13109.0,Lost Customers,1,4,581,1,179.48
13110.0,Loyal Customers,1,4,52,1,84.17
13111.0,Lost Customers,1,4,651,1,91.87
13112.0,Potential Loyalists,1,4,538,1,100.85
13113.0,Potential Loyalists,1,4,531,1,248.89
13114.0,Loyal Customers,1,4,314,1,106.72
13115.0,Lost Customers,1,4,647,1,119.25
13116.0,Lost Customers,1,4,718,1,72.81
13117.0,Potential Loyalists,1,4,396,1,96.35
13118.0,Loyal Customers,1,4,144,1,96.15
13119.0,Potential Loyalists,1,4,500,1,88.45
13120.0,Champions,1,4,73,1,166.21
13121.0,Lost Customers,1,4,713,1,133.64
13122.0,Potential Loyalists,1,4,415,1,56.22
13123.0,Loyal Customers,1,4,360,1,69.12
13124.0,Potential Loyalists,1,4,537,1,343.5
13125.0,Potential Loyalists,1,4,375,1,99.09
13126.0,Potential Loyalists,1,4,540,1,15.0
13127.0,Potential Loyalists,1,4,397,1,182.65
13128.0,Lost Customers,1,4,695,1,80.98
13129.0,Champions,1,4,164,1,185.87
13130.0,Lost Customers,1,4,617,1,104.28
13131.0,Lost Customers,1,4,600,1,265.24
13132.0,Loyal Customers,1,4,298,1,80.11
13133.0,Lost Customers,1,4,707,1,65.14
13134.0,Lost Customers,1,4,672,1,139.04
13135.0,Lost Customers,1,4,552,1,146.7
13136.0,Loyal Customers,1,4,44,1,130.71
13137.0,Lost Customers,1,4,724,1,135.88
13138.0,Loyal Customers,1,4,152,1,121.97
13139.0,Champions,1,4,149,1,165.82
13140.0,Lost Customers,1,4,640,1,111.58
13141.0,Lost Customers,1,4,665,1,70.85
13142.0,Lost Customers,1,4,624,1,103.53
13143.0,Potential Loyalists,1,4,450,1,109.38
13144.0,Potential Loyalists,1,4,483,1,95.69
13145.0,Lost Customers,1,4,609,1,167.77
13146.0,Potential Loyalists,1,4,505,1,154.26
13147.0,Loyal Customers,1,4,251,1,210.9
13148.0,Potential Loyalists,1,4,435,1,119.72
13149.0,Potential Loyalists,1,4,524,1,112.88
13150.0,Lost Customers,1,4,628,1,77.01
13151.0,Potential Loyalists,1,4,457,1,143.74
13152.0,Lost Customers,1,4,650,1,133.54
13153.0,Lost Customers,1,4,682,1,75.04
13154.0,Potential Loyalists,1,4,438,1,125.39
13155.0,Potential Loyalists,1,4,474,1,92.79
13156.0,Lost Customers,1,4,672,1,125.33
13157.0,Loyal Customers,1,4,204,1,268.81
13158.0,Loyal Customers,1,4,339,1,254.63
13159.0,Loyal Customers,1,4,66,1,95.45
13160.0,Loyal Customers,1,4,85,1,141.77
13161.0,Potential Loyalists,1,4,434,1,146.28
13162.0,Loyal Customers,1,4,359,1,88.47
13163.0,Loyal Customers,1,4,34,1,91.92
13164.0,Loyal Customers,1,4,194,1,168.36
13165.0,Potential Loyalists,1,4,408,1,119.77
13166.0,Lost Customers,1,4,705,1,97.63
13167.0,Loyal Customers,1,4,170,1,104.55
13168.0,Potential Loyalists,1,4,369,1,86.47
13169.0,Potential Loyalists,1,4,405,1,90.39
13170.0,Loyal Customers,1,4,236,1,76.38
13171.0,Lost Customers,1,4,673,1,74.33
13172.0,Loyal Customers,1,4,276,1,60.17
13173.0,Loyal Customers,1,4,357,1,172.9
13174.0,Potential Loyalists,1,4,426,1,173.35
13175.0,Loyal Customers,1,4,279,1,57.28
13176.0,Lost Customers,1,4,678,1,110.9
13177.0,Lost Customers,1,4,664,1,156.42
13178.0,Potential Loyalists,1,4,519,1,85.82
13179.0,Potential Loyalists,1,4,464,1,72.3
13180.0,Lost Customers,1,4,690,1,134.33
13181.0,Lost Customers,1,4,628,1,107.38
13182.0,Lost Customers,1,4,673,1,89.22
13183.0,Potential Loyalists,1,4,429,1,185.11
13184.0,Potential Loyalists,1,4,371,1,171.02
13185.0,Champions,1,4,167,1,248.48
13186.0,Loyal Customers,1,4,31,1,131.99
13187.0,Potential Loyalists,1,4,439,1,140.53
13188.0,Lost Customers,1,4,610,1,100.84
13189.0,Loyal Customers,1,4,197,1,111.12
13190.0,Loyal Customers,1,4,294,1,144.77
13191.0,Loyal Customers,1,4,2,1,96.08
13192.0,Loyal Customers,1,4,254,1,261.17
13193.0,Lost Customers,1,4,625,1,110.73
13194.0,Loyal Customers,1,4,153,1,148.47
13195.0,Loyal Customers,1,4,237,1,80.19
13196.0,Loyal Customers,1,4,355,1,150.92
13197.0,Champions,1,4,79,1,206.35
13198.0,Potential Loyalists,1,4,372,1,288.71
13199.0,Loyal Customers,1,4,236,1,107.5
13200.0,Lost Customers,1,4,693,1,137.04
13201.0,Loyal Customers,1,4,328,1,92.09
13202.0,Lost Customers,1,4,587,1,203.04
13203.0,Lost Customers,1,4,560,1,107.53
13204.0,Lost Customers,1,4,649,1,85.56
13205.0,Lost Customers,1,4,675,1,107.74
13206.0,Lost Customers,1,4,556,1,138.77
13207.0,Potential Loyalists,1,4,544,1,143.32
13208.0,Loyal Customers,1,4,309,1,115.05
13209.0,Potential Loyalists,1,4,435,1,142.95
13210.0,Potential Loyalists,1,4,417,1,61.66
13211.0,Potential Loyalists,1,4,382,1,174.13
13212.0,Lost Customers,1,4,678,1,137.95
13213.0,Loyal Customers,1,4,1,1,85.69
13214.0,Loyal Customers,1,4,225,1,141.25
13215.0,Loyal Customers,1,4,231,1,184.44
13216.0,Loyal Customers,1,4,190,1,169.83
13217.0,Loyal Customers,1,4,214,1,150.46
13218.0,Loyal Customers,1,4,141,1,77.79
13219.0,Potential Loyalists,1,4,530,1,103.41
13220.0,Loyal Customers,1,4,213,1,111.26
13221.0,Loyal Customers,1,4,172,1,129.35
13222.0,Loyal Customers,1,4,170,1,118.04
13223.0,Lost Customers,1,4,633,1,96.83
13224.0,Potential Loyalists,1,4,529,1,104.5
13225.0,Loyal Customers,1,4,227,1,130.83
13226.0,Lost Customers,1,4,678,1,178.5
13227.0,Loyal Customers,1,4,219,1,106.43
13228.0,Lost Customers,1,4,715,1,110.14
13229.0,Loyal Customers,1,4,116,1,110.95
13230.0,Potential Loyalists,1,4,373,1,164.53
13231.0,Lost Customers,1,4,677,1,61.18
13232.0,Lost Customers,1,4,678,1,298.2
13233.0,Lost Customers,1,4,628,1,160.44
13234.0,Potential Loyalists,1,4,547,1,80.67
13235.0,Lost Customers,1,4,673,1,124.13
13236.0,Potential Loyalists,1,4,383,1,145.85
13237.0,Loyal Customers,1,4,287,1,38.08
13238.0,Potential Loyalists,1,4,535,1,108.06
13239.0,Loyal Customers,1,4,353,1,114.09
13240.0,Lost Customers,1,4,636,1,116.59
13241.0,Loyal Customers,1,4,317,1,146.69
13242.0,Champions,1,4,62,1,178.32
13243.0,Lost Customers,1,4,675,1,106.24
13244.0,Loyal Customers,1,4,82,1,133.38
13245.0,Loyal Customers,1,4,275,1,132.55
13246.0,Potential Loyalists,1,4,440,1,108.03
13247.0,Loyal Customers,1,4,321,1,102.81
13248.0,Potential Loyalists,1,4,480,1,96.63
13249.0,Loyal Customers,1,4,144,1,80.92
13250.0,Loyal Customers,1,4,235,1,69.03
13251.0,Potential Loyalists,1,4,426,1,119.12
13252.0,Loyal Customers,1,4,57,1,69.23
13253.0,Loyal Customers,1,4,80,1,124.78
13254.0,Loyal Customers,1,4,335,1,109.06
13255.0,Loyal Customers,1,4,19,1,71.84
13256.0,Lost Customers,1,4,627,1,231.57
13257.0,Loyal Customers,1,4,45,1,67.33
13258.0,Loyal Customers,1,4,259,1,251.37
13259.0,Lost Customers,1,4,655,1,100.05
13260.0,Loyal Customers,1,4,336,1,225.93
13261.0,Loyal Customers,1,4,262,1,150.08
13262.0,Potential Loyalists,1,4,368,1,115.54
13263.0,Potential Loyalists,1,4,434,1,105.35
13264.0,Loyal Customers,1,4,192,1,166.95
13265.0,Loyal Customers,1,4,172,1,77.19
13266.0,Loyal Customers,1,4,36,1,64.43
13267.0,Loyal Customers,1,4,328,1,105.31
13268.0,Loyal Customers,1,4,326,1,140.53
13269.0,Lost Customers,1,4,699,1,129.48
13270.0,Potential Loyalists,1,4,465,1,107.21
13271.0,Loyal Customers,1,4,64,1,110.01
13272.0,Loyal Customers,1,4,292,1,166.23
13273.0,Loyal Customers,1,4,206,1,107.18
13274.0,Potential Loyalists,1,4,404,1,227.87
13275.0,Lost Customers,1,4,726,1,139.85
13276.0,Loyal Customers,1,4,239,1,155.33
13277.0,Potential Loyalists,1,4,470,1,90.88
13278.0,Potential Loyalists,1,4,375,1,169.63
13279.0,Loyal Customers,1,4,63,1,146.95
13280.0,Loyal Customers,1,4,9,1,139.53
13281.0,Potential Loyalists,1,4,523,1,126.83
13282.0,Potential Loyalists,1,4,536,1,66.25
13283.0,Potential Loyalists,1,4,469,1,52.91
13284.0,Loyal Customers,1,4,332,1,91.79
13285.0,Potential Loyalists,1,4,367,1,109.98
13286.0,Lost Customers,1,4,651,1,110.67
13287.0,Loyal Customers,1,4,183,1,209.06
13288.0,Lost Customers,1,4,586,1,107.3
13289.0,Lost Customers,1,4,667,1,171.5
13290.0,Loyal Customers,1,4,140,1,96.96
13291.0,Loyal Customers,1,4,205,1,96.51
13292.0,Loyal Customers,1,4,43,1,99.97
13293.0,Loyal Customers,1,4,154,1,137.03
13294.0,Champions,1,4,158,1,190.11
13295.0,Lost Customers,1,4,657,1,75.43
13296.0,Potential Loyalists,1,4,386,1,97.65
13297.0,Loyal Customers,1,4,43,1,130.67
13298.0,Potential Loyalists,1,4,487,1,182.13
13299.0,Loyal Customers,1,4,363,1,49.44
13300.0,Lost Customers,1,4,600,1,173.01
13301.0,Lost Customers,1,4,674,1,273.71
13302.0,Champions,1,4,103,1,194.41
13303.0,Loyal Customers,1,4,344,1,69.75
13304.0,Potential Loyalists,1,4,491,1,231.5
13305.0,Champions,1,4,53,1,186.0
13306.0,Lost Customers,1,4,681,1,200.49
13307.0,Potential Loyalists,1,4,496,1,58.43
13308.0,Potential Loyalists,1,4,368,1,150.84
13309.0,Loyal Customers,1,4,244,1,136.11
13310.0,Lost Customers,1,4,690,1,177.27
13311.0,Champions,1,4,41,1,178.27
13312.0,Loyal Customers,1,4,314,1,108.64
13313.0,Champions,1,4,161,1,269.53
13314.0,Loyal Customers,1,4,307,1,165.51
13315.0,Lost Customers,1,4,650,1,239.4
13316.0,Loyal Customers,1,4,176,1,110.28
13317.0,Lost Customers,1,4,722,1,110.58
13318.0,Loyal Customers,1,4,58,1,122.8
13319.0,Loyal Customers,1,4,5,1,118.71
13320.0,Lost Customers,1,4,603,1,91.46
13321.0,Loyal Customers,1,4,181,1,47.14
13322.0,Champions,1,4,57,1,173.85
13323.0,Lost Customers,1,4,576,1,115.42
13324.0,Loyal Customers,1,4,353,1,79.75
13325.0,Loyal Customers,1,4,171,1,159.28
13326.0,Loyal Customers,1,4,321,1,82.46
13327.0,Loyal Customers,1,4,349,1,93.21
13328.0,Lost Customers,1,4,722,1,85.58
13329.0,Potential Loyalists,1,4,462,1,121.14
13330.0,Loyal Customers,1,4,212,1,173.96
13331.0,Loyal Customers,1,4,18,1,105.77
13332.0,Loyal Customers,1,4,77,1,81.05
13333.0,Champions,1,4,70,1,262.47
13334.0,Loyal Customers,1,4,136,1,94.03
13335.0,Champions,1,4,110,1,184.57
13336.0,Lost Customers,1,4,566,1,182.64
13337.0,Potential Loyalists,1,4,439,1,153.34
13338.0,Lost Customers,1,4,706,1,115.11
13339.0,Loyal Customers,1,4,144,1,103.75
13340.0,Loyal Customers,1,4,87,1,96.6
13341.0,Loyal Customers,1,4,64,1,123.48
13342.0,Lost Customers,1,4,563,1,154.38
13343.0,Lost Customers,1,4,596,1,95.36
13344.0,Loyal Customers,1,4,299,1,75.86
13345.0,Potential Loyalists,1,4,527,1,120.23
13346.0,Lost Customers,1,4,605,1,209.12
13347.0,Lost Customers,1,4,636,1,136.42
13348.0,Potential Loyalists,1,4,521,1,114.89
13349.0,Loyal Customers,1,4,330,1,143.02
13350.0,Loyal Customers,1,4,280,1,55.62
13351.0,Loyal Customers,1,4,94,1,92.04
13352.0,Potential Loyalists,1,4,545,1,165.97
13353.0,Loyal Customers,1,4,215,1,141.0
13354.0,Potential Loyalists,1,4,454,1,211.65
13355.0,Loyal Customers,1,4,212,1,153.85
13356.0,Potential Loyalists,1,4,447,1,75.94
13357.0,Lost Customers,1,4,570,1,63.94
13358.0,Loyal Customers,1,4,289,1,55.74
13359.0,Lost Customers,1,4,622,1,72.5
13360.0,Potential Loyalists,1,4,390,1,206.23
13361.0,Lost Customers,1,4,619,1,107.5
13362.0,Potential Loyalists,1,4,496,1,148.94
13363.0,Loyal Customers,1,4,285,1,79.37
13364.0,Loyal Customers,1,4,354,1,59.92
13365.0,Lost Customers,1,4,571,1,120.12
13366.0,Potential Loyalists,1,4,368,1,106.65
13367.0,Lost Customers,1,4,655,1,163.13
13368.0,Loyal Customers,1,4,120,1,47.65
13369.0,Potential Loyalists,1,4,448,1,283.76
13370.0,Loyal Customers,1,4,200,1,115.52
13371.0,Lost Customers,1,4,666,1,77.65
13372.0,Loyal Customers,1,4,345,1,134.5
13373.0,Champions,1,4,126,1,218.27
13374.0,Lost Customers,1,4,629,1,111.27
13375.0,Lost Customers,1,4,549,1,69.6
13376.0,Loyal Customers,1,4,59,1,115.63
13377.0,Potential Loyalists,1,4,489,1,102.02
13378.0,Loyal Customers,1,4,297,1,51.4
13379.0,Lost Customers,1,4,665,1,94.34
13380.0,Loyal Customers,1,4,322,1,144.76
13381.0,Loyal Customers,1,4,221,1,114.3
13382.0,Lost Customers,1,4,588,1,96.78
13383.0,Potential Loyalists,1,4,416,1,67.67
13384.0,Loyal Customers,1,4,238,1,175.62
13385.0,Loyal Customers,1,4,184,1,102.25
13386.0,Loyal Customers,1,4,281,1,219.09
13387.0,Potential Loyalists,1,4,494,1,99.77
13388.0,Loyal Customers,1,4,153,1,136.75
13389.0,Loyal Customers,1,4,328,1,204.28
13390.0,Potential Loyalists,1,4,438,1,126.67
13391.0,Lost Customers,1,4,607,1,128.71
13392.0,Lost Customers,1,4,569,1,129.91
13393.0,Loyal Customers,1,4,312,1,170.31
13394.0,Lost Customers,1,4,604,1,95.49
13395.0,Loyal Customers,1,4,238,1,116.07
13396.0,Champions,1,4,25,1,251.14
13397.0,Lost Customers,1,4,721,1,111.61
13398.0,Loyal Customers,1,4,105,1,127.49
13399.0,Lost Customers,1,4,652,1,95.23
13400.0,Loyal Customers,1,4,202,1,64.47
13401.0,Loyal Customers,1,4,14,1,127.94
13402.0,Lost Customers,1,4,648,1,187.39
13403.0,Potential Loyalists,1,4,533,1,121.14
13404.0,Potential Loyalists,1,4,449,1,161.88
13405.0,Champions,1,4,11,1,298.15
13406.0,Loyal Customers,1,4,246,1,93.01
13407.0,Loyal Customers,1,4,337,1,118.77
13408.0,Loyal Customers,1,4,6,1,73.2
13409.0,Loyal Customers,1,4,172,1,159.73
13410.0,Loyal Customers,1,4,210,1,205.41
13411.0,Lost Customers,1,4,585,1,131.39
13412.0,Loyal Customers,1,4,60,1,108.74
13413.0,Champions,1,4,152,1,237.48
13414.0,Loyal Customers,1,4,191,1,104.75
13415.0,Lost Customers,1,4,573,1,89.0
13416.0,Potential Loyalists,1,4,510,1,91.31
13417.0,Lost Customers,1,4,611,1,116.5
13418.0,Potential Loyalists,1,4,468,1,127.96
13419.0,Potential Loyalists,1,4,390,1,105.8
13420.0,Potential Loyalists,1,4,490,1,76.73
13421.0,Potential Loyalists,1,4,399,1,132.88
13422.0,Potential Loyalists,1,4,504,1,82.82
13423.0,Loyal Customers,1,4,300,1,108.51
13424.0,Loyal Customers,1,4,123,1,94.95
13425.0,Potential Loyalists,1,4,474,1,167.72
13426.0,Lost Customers,1,4,611,1,122.28
13427.0,Lost Customers,1,4,596,1,103.37
13428.0,Potential Loyalists,1,4,425,1,191.12
13429.0,Loyal Customers,1,4,199,1,82.71
13430.0,Lost Customers,1,4,583,1,90.15
13431.0,Loyal Customers,1,4,213,1,73.91
13432.0,Loyal Customers,1,4,303,1,120.72
13433.0,Lost Customers,1,4,628,1,183.38
13434.0,Loyal Customers,1,4,141,1,60.36
13435.0,Loyal Customers,1,4,363,1,270.98
13436.0,Loyal Customers,1,4,129,1,148.0
13437.0,Loyal Customers,1,4,212,1,131.13
13438.0,Potential Loyalists,1,4,454,1,91.49
13439.0,Potential Loyalists,1,4,380,1,256.81
13440.0,Potential Loyalists,1,4,471,1,163.04
13441.0,Potential Loyalists,1,4,471,1,61.0
13442.0,Lost Customers,1,4,713,1,119.52
13443.0,Lost Customers,1,4,693,1,83.41
13444.0,Loyal Customers,1,4,219,1,101.13
13445.0,Loyal Customers,1,4,81,1,85.79
13446.0,Lost Customers,1,4,695,1,87.65
13447.0,Loyal Customers,1,4,51,1,92.82
13448.0,Lost Customers,1,4,601,1,105.05
13449.0,Potential Loyalists,1,4,526,1,136.9
13450.0,Lost Customers,1,4,611,1,262.6
13451.0,Loyal Customers,1,4,243,1,251.31
13452.0,Lost Customers,1,4,622,1,177.91
13453.0,Lost Customers,1,4,659,1,164.0
13454.0,Lost Customers,1,4,559,1,90.0
13455.0,Loyal Customers,1,4,242,1,125.06
13456.0,Loyal Customers,1,4,248,1,111.48
13457.0,Loyal Customers,1,4,294,1,86.78
13458.0,Loyal Customers,1,4,144,1,111.39
13459.0,Lost Customers,1,4,654,1,86.01
13460.0,Potential Loyalists,1,4,417,1,98.26
13461.0,Loyal Customers,1,4,209,1,174.5
13462.0,Lost Customers,1,4,605,1,189.55
13463.0,Loyal Customers,1,4,262,1,91.82
13464.0,Potential Loyalists,1,4,503,1,80.56
13465.0,Loyal Customers,1,4,82,1,114.09
13466.0,Lost Customers,1,4,718,1,131.06
13467.0,Loyal Customers,1,4,279,1,117.9
13468.0,Potential Loyalists,1,4,437,1,180.87
13469.0,Potential Loyalists,1,4,447,1,108.61
13470.0,Potential Loyalists,1,4,546,1,167.34
13471.0,Potential Loyalists,1,4,396,1,91.69
13472.0,Loyal Customers,1,4,326,1,166.59
13473.0,Loyal Customers,1,4,223,1,224.38
13474.0,Lost Customers,1,4,662,1,104.88
13475.0,Potential Loyalists,1,4,398,1,105.83
13476.0,Loyal Customers,1,4,157,1,93.12
13477.0,Loyal Customers,1,4,309,1,108.65
13478.0,Loyal Customers,1,4,316,1,190.46
13479.0,Loyal Customers,1,4,263,1,56.95
13480.0,Potential Loyalists,1,4,487,1,110.31
13481.0,Lost Customers,1,4,622,1,86.22
13482.0,Loyal Customers,1,4,229,1,126.65
13483.0,Loyal Customers,1,4,220,1,118.79
13484.0,Loyal Customers,1,4,270,1,88.68
13485.0,Loyal Customers,1,4,292,1,130.1
13486.0,Loyal Customers,1,4,252,1,125.03
13487.0,Potential Loyalists,1,4,484,1,116.26
13488.0,Potential Loyalists,1,4,525,1,54.73
13489.0,Loyal Customers,1,4,5,1,127.76
13490.0,Loyal Customers,1,4,244,1,149.93
13491.0,Loyal Customers,1,4,218,1,103.95
13492.0,Lost Customers,1,4,647,1,56.42
13493.0,Potential Loyalists,1,4,513,1,127.99
13494.0,Lost Customers,1,4,617,1,82.73
13495.0,Potential Loyalists,1,4,428,1,95.54
13496.0,Potential Loyalists,1,4,430,1,129.41
13497.0,Potential Loyalists,1,4,532,1,148.25
13498.0,Loyal Customers,1,4,80,1,67.82
13499.0,Lost Customers,1,4,677,1,150.34
13500.0,Loyal Customers,1,4,84,1,115.05
13501.0,Lost Customers,1,4,697,1,182.53
13502.0,Loyal Customers,1,4,215,1,65.3
13503.0,Loyal Customers,1,4,16,1,133.25
13504.0,Loyal Customers,1,4,134,1,154.66
13505.0,Loyal Customers,1,4,159,1,78.88
13506.0,Champions,1,4,96,1,289.64
13507.0,Lost Customers,1,4,692,1,96.8
13508.0,Lost Customers,1,4,586,1,125.27
13509.0,Loyal Customers,1,4,201,1,74.05
13510.0,Lost Customers,1,4,562,1,139.62
13511.0,Loyal Customers,1,4,218,1,164.58
13512.0,Loyal Customers,1,4,347,1,135.32
13513.0,Loyal Customers,1,4,9,1,129.28
13514.0,Potential Loyalists,1,4,519,1,186.25
13515.0,Loyal Customers,1,4,143,1,119.09
13516.0,Champions,1,4,73,1,209.68
13517.0,Loyal Customers,1,4,239,1,164.42
13518.0,Lost Customers,1,4,703,1,134.21
13519.0,Potential Loyalists,1,4,386,1,219.77
13520.0,Potential Loyalists,1,4,500,1,280.73
13521.0,Potential Loyalists,1,4,442,1,89.17
13522.0,Loyal Customers,1,4,163,1,154.51
13523.0,Potential Loyalists,1,4,457,1,83.08
13524.0,Champions,1,4,38,1,257.8
13525.0,Loyal Customers,1,4,49,1,142.65
13526.0,Loyal Customers,1,4,335,1,126.06
13527.0,Lost Customers,1,4,666,1,98.14
13528.0,Loyal Customers,1,4,256,1,81.84
13529.0,Loyal Customers,1,4,144,1,154.82
13530.0,Loyal Customers,1,4,93,1,27.45
13531.0,Loyal Customers,1,4,20,1,152.01
13532.0,Loyal Customers,1,4,148,1,102.48
13533.0,Lost Customers,1,4,589,1,98.93
13534.0,Potential Loyalists,1,4,386,1,91.7
13535.0,Champions,1,4,17,1,184.09
13536.0,Potential Loyalists,1,4,531,1,143.27
13537.0,Loyal Customers,1,4,37,1,140.55
13538.0,Potential Loyalists,1,4,548,1,143.03
13539.0,Potential Loyalists,1,4,515,1,86.1
13540.0,Lost Customers,1,4,696,1,77.0
13541.0,Loyal Customers,1,4,306,1,176.02
13542.0,Loyal Customers,1,4,365,1,141.41
13543.0,Loyal Customers,1,4,105,1,99.51
13544.0,Potential Loyalists,1,4,528,1,87.73
13545.0,Loyal Customers,1,4,173,1,160.46
13546.0,Loyal Customers,1,4,311,1,172.93
13547.0,Lost Customers,1,4,562,1,113.0
13548.0,Loyal Customers,1,4,6,1,141.87
13549.0,Loyal Customers,1,4,236,1,154.7
13550.0,Loyal Customers,1,4,267,1,115.19
13551.0,Lost Customers,1,4,692,1,49.54
13552.0,Champions,1,4,61,1,207.28
13553.0,Champions,1,4,169,1,296.63
13554.0,Loyal Customers,1,4,196,1,130.22
13555.0,Loyal Customers,1,4,55,1,97.25
13556.0,Potential Loyalists,1,4,419,1,145.66
13557.0,Loyal Customers,1,4,269,1,147.11
13558.0,Potential Loyalists,1,4,411,1,120.73
13559.0,Champions,1,4,29,1,224.87
13560.0,Loyal Customers,1,4,161,1,114.34
13561.0,Loyal Customers,1,4,192,1,229.33
13562.0,Potential Loyalists,1,4,393,1,49.44
13563.0,Lost Customers,1,4,571,1,88.0
13564.0,Potential Loyalists,1,4,384,1,100.01
13565.0,Potential Loyalists,1,4,418,1,144.82
13566.0,Loyal Customers,1,4,87,1,134.03
13567.0,Loyal Customers,1,4,207,1,127.8
13568.0,Potential Loyalists,1,4,534,1,243.49
13569.0,Lost Customers,1,4,585,1,100.96
13570.0,Loyal Customers,1,4,362,1,158.73
13571.0,Potential Loyalists,1,4,492,1,99.58
13572.0,Loyal Customers,1,4,185,1,90.32
13573.0,Loyal Customers,1,4,292,1,238.23
13574.0,Potential Loyalists,1,4,472,1,262.56
13575.0,Loyal Customers,1,4,261,1,144.3
13576.0,Lost Customers,1,4,574,1,91.53
13577.0,Potential Loyalists,1,4,413,1,94.07
13578.0,Loyal Customers,1,4,173,1,87.28
13579.0,Lost Customers,1,4,682,1,166.46
13580.0,Lost Customers,1,4,567,1,169.75
13581.0,Loyal Customers,1,4,124,1,54.9
13582.0,Loyal Customers,1,4,101,1,148.32
13583.0,Lost Customers,1,4,646,1,91.89
13584.0,Loyal Customers,1,4,123,1,123.28
13585.0,Loyal Customers,1,4,188,1,214.5
13586.0,Loyal Customers,1,4,126,1,112.89
13587.0,Lost Customers,1,4,654,1,114.71
13588.0,Champions,1,4,144,1,180.3
13589.0,Loyal Customers,1,4,193,1,83.46
13590.0,Lost Customers,1,4,604,1,95.21
13591.0,Potential Loyalists,1,4,393,1,120.76
13592.0,Loyal Customers,1,4,217,1,152.65
13593.0,Loyal Customers,1,4,113,1,71.4
13594.0,Loyal Customers,1,4,67,1,96.17
13595.0,Loyal Customers,1,4,353,1,262.6
13596.0,Potential Loyalists,1,4,492,1,117.56
13597.0,Lost Customers,1,4,674,1,131.78
13598.0,Lost Customers,1,4,554,1,83.13
13599.0,Lost Customers,1,4,612,1,151.33
13600.0,Loyal Customers,1,4,335,1,183.98
13601.0,Lost Customers,1,4,600,1,108.9
13602.0,Loyal Customers,1,4,313,1,145.51
13603.0,Loyal Customers,1,4,254,1,81.0
13604.0,Loyal Customers,1,4,159,1,125.29
13605.0,Loyal Customers,1,4,172,1,144.54
13606.0,Champions,1,4,49,1,177.59
13607.0,Loyal Customers,1,4,189,1,185.06
13608.0,Lost Customers,1,4,681,1,90.28
13609.0,Loyal Customers,1,4,81,1,70.03
13610.0,Lost Customers,1,4,692,1,159.91
13611.0,Loyal Customers,1,4,181,1,90.7
13612.0,Loyal Customers,1,4,251,1,97.17
13613.0,Loyal Customers,1,4,53,1,82.5
13614.0,Lost Customers,1,4,605,1,134.37
13615.0,Champions,1,4,35,1,167.12
13616.0,Loyal Customers,1,4,255,1,140.82
13617.0,Lost Customers,1,4,642,1,136.3
13618.0,Loyal Customers,1,4,324,1,227.93
13619.0,Potential Loyalists,1,4,514,1,85.85
13620.0,Lost Customers,1,4,590,1,288.87
13621.0,Lost Customers,1,4,636,1,78.45
13622.0,Potential Loyalists,1,4,411,1,137.2
13623.0,Loyal Customers,1,4,69,1,136.72
13624.0,Potential Loyalists,1,4,388,1,116.23
13625.0,Loyal Customers,1,4,8,1,162.45
13626.0,Loyal Customers,1,4,218,1,112.68
13627.0,Lost Customers,1,4,570,1,47.49
13628.0,Loyal Customers,1,4,51,1,143.71
13629.0,Potential Loyalists,1,4,369,1,288.92
13630.0,Loyal Customers,1,4,340,1,165.38
13631.0,Loyal Customers,1,4,361,1,144.72
13632.0,Lost Customers,1,4,685,1,104.58
13633.0,Potential Loyalists,1,4,449,1,98.47
13634.0,Lost Customers,1,4,649,1,68.45
13635.0,Potential Loyalists,1,4,371,1,146.44
13636.0,Loyal Customers,1,4,337,1,168.01
13637.0,Loyal Customers,1,4,291,1,101.78
13638.0,Loyal Customers,1,4,266,1,84.75
13639.0,Loyal Customers,1,4,96,1,121.0
13640.0,Potential Loyalists,1,4,423,1,129.41
13641.0,Champions,1,4,83,1,177.69
13642.0,Loyal Customers,1,4,169,1,128.37
13643.0,Lost Customers,1,4,623,1,66.57
13644.0,Loyal Customers,1,4,264,1,130.09
13645.0,Loyal Customers,1,4,10,1,155.89
13646.0,Potential Loyalists,1,4,509,1,295.8
13647.0,Loyal Customers,1,4,110,1,124.71
13648.0,Loyal Customers,1,4,327,1,87.35
13649.0,Lost Customers,1,4,647,1,159.87
13650.0,Potential Loyalists,1,4,512,1,269.9
13651.0,Loyal Customers,1,4,236,1,175.42
13652.0,Loyal Customers,1,4,259,1,143.25
13653.0,Potential Loyalists,1,4,387,1,114.09
13654.0,Loyal Customers,1,4,86,1,110.72
13655.0,Lost Customers,1,4,574,1,90.95
13656.0,Loyal Customers,1,4,281,1,51.93
13657.0,Loyal Customers,1,4,270,1,136.68
13658.0,Loyal Customers,1,4,172,1,56.74
13659.0,Lost Customers,1,4,656,1,200.9
13660.0,Lost Customers,1,4,642,1,165.19
13661.0,Lost Customers,1,4,647,1,186.08
13662.0,Potential Loyalists,1,4,442,1,93.45
13663.0,Potential Loyalists,1,4,545,1,213.76
13664.0,Potential Loyalists,1,4,458,1,112.11
13665.0,Lost Customers,1,4,714,1,29.33
13666.0,Lost Customers,1,4,560,1,126.65
13667.0,Lost Customers,1,4,693,1,205.8
13668.0,Lost Customers,1,4,709,1,179.08
13669.0,Loyal Customers,1,4,7,1,102.51
13670.0,Potential Loyalists,1,4,537,1,102.0
13671.0,Potential Loyalists,1,4,391,1,117.38
13672.0,Loyal Customers,1,4,35,1,129.91
13673.0,Lost Customers,1,4,567,1,61.94
13674.0,Lost Customers,1,4,686,1,161.82
13675.0,Potential Loyalists,1,4,450,1,87.84
13676.0,Potential Loyalists,1,4,465,1,169.17
13677.0,Loyal Customers,1,4,130,1,101.81
13678.0,Potential Loyalists,1,4,489,1,86.26
13679.0,Loyal Customers,1,4,84,1,121.98
13680.0,Loyal Customers,1,4,322,1,115.1
13681.0,Potential Loyalists,1,4,423,1,146.71
13682.0,Loyal Customers,1,4,142,1,98.07
13683.0,Loyal Customers,1,4,186,1,133.13
13684.0,Lost Customers,1,4,670,1,251.07
13685.0,Loyal Customers,1,4,119,1,112.64
13686.0,Loyal Customers,1,4,137,1,119.15
13687.0,Lost Customers,1,4,616,1,65.11
13688.0,Potential Loyalists,1,4,436,1,79.96
13689.0,Loyal Customers,1,4,291,1,137.71
13690.0,Loyal Customers,1,4,224,1,57.88
13691.0,Loyal Customers,1,4,91,1,162.83
13692.0,Loyal Customers,1,4,339,1,82.56
13693.0,Loyal Customers,1,4,355,1,124.29
13694.0,Potential Loyalists,1,4,438,1,91.31
13695.0,Potential Loyalists,1,4,378,1,115.4
13696.0,Loyal Customers,1,4,3,1,137.04
13697.0,Loyal Customers,1,4,340,1,92.97
13698.0,Loyal Customers,1,4,14,1,65.93
13699.0,Lost Customers,1,4,680,1,113.82
13700.0,Loyal Customers,1,4,174,1,93.64
13701.0,Potential Loyalists,1,4,407,1,104.58
13702.0,Loyal Customers,1,4,136,1,100.84
13703.0,Potential Loyalists,1,4,543,1,123.83
13704.0,Loyal Customers,1,4,363,1,119.49
13705.0,Loyal Customers,1,4,292,1,142.78
13706.0,Potential Loyalists,1,4,481,1,82.08
13707.0,Lost Customers,1,4,666,1,87.05
13708.0,Champions,1,4,100,1,170.55
13709.0,Loyal Customers,1,4,299,1,146.22
13710.0,Lost Customers,1,4,564,1,142.58
13711.0,Lost Customers,1,4,551,1,242.37
13712.0,Loyal Customers,1,4,276,1,84.04
13713.0,Loyal Customers,1,4,138,1,148.25
13714.0,Lost Customers,1,4,599,1,122.1
13715.0,Lost Customers,1,4,642,1,126.72
13716.0,Potential Loyalists,1,4,459,1,115.79
13717.0,Champions,1,4,40,1,178.69
13718.0,Loyal Customers,1,4,119,1,79.84
13719.0,Loyal Customers,1,4,228,1,135.7
13720.0,Potential Loyalists,1,4,483,1,118.17
13721.0,Loyal Customers,1,4,89,1,133.27
13722.0,Loyal Customers,1,4,289,1,68.45
13723.0,Loyal Customers,1,4,338,1,78.9
13724.0,Lost Customers,1,4,664,1,252.79
13725.0,Loyal Customers,1,4,279,1,81.56
13726.0,Lost Customers,1,4,558,1,126.41
13727.0,Potential Loyalists,1,4,426,1,100.06
13728.0,Lost Customers,1,4,553,1,89.62
13729.0,Lost Customers,1,4,556,1,129.64
13730.0,Loyal Customers,1,4,113,1,109.58
13731.0,Potential Loyalists,1,4,436,1,93.81
13732.0,Potential Loyalists,1,4,382,1,95.55
13733.0,Loyal Customers,1,4,318,1,130.42
13734.0,Potential Loyalists,1,4,517,1,46.25
13735.0,Lost Customers,1,4,673,1,133.73
13736.0,Lost Customers,1,4,577,1,119.77
13737.0,Lost Customers,1,4,706,1,104.49
13738.0,Potential Loyalists,1,4,380,1,57.63
13739.0,Lost Customers,1,4,608,1,155.14
13740.0,Potential Loyalists,1,4,375,1,54.48
13741.0,Lost Customers,1,4,579,1,165.75
13742.0,Loyal Customers,1,4,206,1,145.36
13743.0,Loyal Customers,1,4,165,1,88.78
13744.0,Lost Customers,1,4,564,1,146.5
13745.0,Loyal Customers,1,4,343,1,144.06
13746.0,Loyal Customers,1,4,21,1,94.57
13747.0,Loyal Customers,1,4,324,1,235.36
13748.0,Potential Loyalists,1,4,446,1,66.52
13749.0,Loyal Customers,1,4,104,1,139.84
13750.0,Loyal Customers,1,4,151,1,143.32
13751.0,Potential Loyalists,1,4,378,1,148.71
13752.0,Potential Loyalists,1,4,468,1,102.78
13753.0,Loyal Customers,1,4,278,1,128.16
13754.0,Loyal Customers,1,4,181,1,160.67
13755.0,Lost Customers,1,4,586,1,90.43
13756.0,Lost Customers,1,4,579,1,187.97
13757.0,Lost Customers,1,4,572,1,138.72
13758.0,Loyal Customers,1,4,223,1,137.36
13759.0,Loyal Customers,1,4,152,1,133.28
13760.0,Loyal Customers,1,4,178,1,67.69
13761.0,Lost Customers,1,4,729,1,115.14
13762.0,Loyal Customers,1,4,222,1,102.62
13763.0,Loyal Customers,1,4,111,1,96.09
13764.0,Loyal Customers,1,4,266,1,113.96
13765.0,Loyal Customers,1,4,163,1,104.96
13766.0,Lost Customers,1,4,683,1,192.59
13767.0,Lost Customers,1,4,671,1,55.61
13768.0,Potential Loyalists,1,4,388,1,98.45
13769.0,Loyal Customers,1,4,126,1,62.44
13770.0,Potential Loyalists,1,4,543,1,263.07
13771.0,Potential Loyalists,1,4,431,1,163.75
13772.0,Lost Customers,1,4,578,1,81.35
13773.0,Loyal Customers,1,4,59,1,152.1
13774.0,Potential Loyalists,1,4,506,1,155.14
13775.0,Loyal Customers,1,4,294,1,146.01
13776.0,Lost Customers,1,4,574,1,229.47
13777.0,Lost Customers,1,4,713,1,126.08
13778.0,Loyal Customers,1,4,263,1,174.39
13779.0,Potential Loyalists,1,4,415,1,140.16
13780.0,Lost Customers,1,4,596,1,82.57
13781.0,Champions,1,4,95,1,279.76
13782.0,Potential Loyalists,1,4,494,1,185.53
13783.0,Potential Loyalists,1,4,497,1,169.73
13784.0,Loyal Customers,1,4,227,1,70.05
13785.0,Loyal Customers,1,4,101,1,103.81
13786.0,Loyal Customers,1,4,28,1,154.81
13787.0,Loyal Customers,1,4,162,1,154.53
13788.0,Loyal Customers,1,4,268,1,114.44
13789.0,Loyal Customers,1,4,313,1,38.76
13790.0,Loyal Customers,1,4,221,1,44.03
13791.0,Loyal Customers,1,4,290,1,114.79
13792.0,Potential Loyalists,1,4,418,1,112.88
13793.0,Potential Loyalists,1,4,451,1,207.67
13794.0,Loyal Customers,1,4,317,1,60.49
13795.0,Loyal Customers,1,4,120,1,103.23
13796.0,Loyal Customers,1,4,359,1,84.23
13797.0,Loyal Customers,1,4,323,1,114.79
13798.0,Loyal Customers,1,4,12,1,153.89
13799.0,Champions,1,4,24,1,221.44
13800.0,Potential Loyalists,1,4,425,1,152.66
13801.0,Loyal Customers,1,4,280,1,122.18
13802.0,Loyal Customers,1,4,357,1,147.03
13803.0,Potential Loyalists,1,4,427,1,197.76
13804.0,Lost Customers,1,4,616,1,142.36
13805.0,Lost Customers,1,4,625,1,139.38
13806.0,Potential Loyalists,1,4,384,1,176.28
13807.0,Lost Customers,1,4,644,1,170.77
13808.0,Loyal Customers,1,4,327,1,129.42
13809.0,Potential Loyalists,1,4,544,1,153.05
13810.0,Potential Loyalists,1,4,529,1,85.51
13811.0,Potential Loyalists,1,4,513,1,93.58
13812.0,Lost Customers,1,4,641,1,80.22
13813.0,Potential Loyalists,1,4,463,1,128.16
13814.0,Potential Loyalists,1,4,381,1,106.48
13815.0,Loyal Customers,1,4,294,1,135.93
13816.0,Potential Loyalists,1,4,506,1,73.29
13817.0,Loyal Customers,1,4,348,1,140.97
13818.0,Potential Loyalists,1,4,529,1,129.21
13819.0,Loyal Customers,1,4,129,1,91.59
13820.0,Champions,1,4,108,1,281.95
13821.0,Lost Customers,1,4,598,1,129.04
13822.0,Potential Loyalists,1,4,390,1,201.91
13823.0,Potential Loyalists,1,4,471,1,75.23
13824.0,Loyal Customers,1,4,245,1,221.4
13825.0,Loyal Customers,1,4,40,1,122.4
13826.0,Loyal Customers,1,4,220,1,70.13
13827.0,Lost Customers,1,4,591,1,88.1
13828.0,Lost Customers,1,4,592,1,169.33
13829.0,Potential Loyalists,1,4,489,1,129.29
13830.0,Champions,1,4,66,1,228.97
13831.0,Potential Loyalists,1,4,520,1,69.74
13832.0,Lost Customers,1,4,654,1,77.27
13833.0,Lost Customers,1,4,645,1,98.9
13834.0,Loyal Customers,1,4,121,1,151.16
13835.0,Loyal Customers,1,4,208,1,105.43
13836.0,Loyal Customers,1,4,358,1,97.24
13837.0,Loyal Customers,1,4,137,1,152.31
13838.0,Lost Customers,1,4,640,1,112.16
13839.0,Potential Loyalists,1,4,417,1,114.79
13840.0,Loyal Customers,1,4,240,1,96.42
13841.0,Lost Customers,1,4,636,1,215.77
13842.0,Loyal Customers,1,4,239,1,123.16
13843.0,Lost Customers,1,4,599,1,165.39
13844.0,Potential Loyalists,1,4,489,1,101.14
13845.0,Loyal Customers,1,4,39,1,52.59
13846.0,Lost Customers,1,4,697,1,95.86
13847.0,Potential Loyalists,1,4,412,1,162.83
13848.0,Loyal Customers,1,4,319,1,102.55
13849.0,Potential Loyalists,1,4,426,1,184.61
13850.0,Lost Customers,1,4,572,1,126.13
13851.0,Loyal Customers,1,4,263,1,111.4
13852.0,Lost Customers,1,4,691,1,116.23
13853.0,Loyal Customers,1,4,226,1,179.57
13854.0,Lost Customers,1,4,688,1,143.27
13855.0,Loyal Customers,1,4,256,1,133.77
13856.0,Lost Customers,1,4,695,1,127.59
13857.0,Lost Customers,1,4,662,1,98.86
13858.0,Lost Customers,1,4,577,1,144.9
13859.0,Potential Loyalists,1,4,387,1,87.49
13860.0,Loyal Customers,1,4,220,1,131.81
13861.0,Loyal Customers,1,4,24,1,68.84
13862.0,Loyal Customers,1,4,138,1,87.28
13863.0,Champions,1,4,104,1,258.83
13864.0,Potential Loyalists,1,4,475,1,120.27
13865.0,Loyal Customers,1,4,186,1,184.8
13866.0,Potential Loyalists,1,4,534,1,138.64
13867.0,Champions,1,4,30,1,196.66
13868.0,Loyal Customers,1,4,300,1,80.64
13869.0,Loyal Customers,1,4,0,1,154.51
13870.0,Loyal Customers,1,4,297,1,139.65
13871.0,Loyal Customers,1,4,129,1,74.18
13872.0,Loyal Customers,1,4,183,1,149.84
13873.0,Lost Customers,1,4,622,1,141.32
13874.0,Loyal Customers,1,4,128,1,111.71
13875.0,Lost Customers,1,4,619,1,275.6
13876.0,Loyal Customers,1,4,258,1,72.77
13877.0,Loyal Customers,1,4,151,1,164.27
13878.0,Loyal Customers,1,4,243,1,252.2
13879.0,Potential Loyalists,1,4,382,1,181.5
13880.0,Lost Customers,1,4,590,1,96.67
13881.0,Loyal Customers,1,4,290,1,63.25
13882.0,Potential Loyalists,1,4,516,1,134.7
13883.0,Lost Customers,1,4,675,1,105.16
13884.0,Loyal Customers,1,4,245,1,111.53
13885.0,Lost Customers,1,4,642,1,156.82
13886.0,Potential Loyalists,1,4,528,1,82.69
13887.0,Lost Customers,1,4,672,1,90.25
13888.0,Potential Loyalists,1,4,447,1,55.68
13889.0,Loyal Customers,1,4,101,1,99.43
13890.0,Lost Customers,1,4,619,1,239.4
13891.0,Loyal Customers,1,4,5,1,67.6
13892.0,Loyal Customers,1,4,227,1,270.16
13893.0,Lost Customers,1,4,619,1,172.92
13894.0,Champions,1,4,166,1,181.34
13895.0,Loyal Customers,1,4,50,1,118.2
13896.0,Lost Customers,1,4,691,1,192.72
13897.0,Loyal Customers,1,4,1,1,132.05
13898.0,Loyal Customers,1,4,73,1,32.64
13899.0,Loyal Customers,1,4,253,1,73.05
13900.0,Loyal Customers,1,4,363,1,94.3
13901.0,Potential Loyalists,1,4,422,1,79.95
13902.0,Potential Loyalists,1,4,446,1,141.97
13903.0,Potential Loyalists,1,4,543,1,113.9
13904.0,Potential Loyalists,1,4,417,1,188.5
13905.0,Potential Loyalists,1,4,434,1,114.21
13906.0,Potential Loyalists,1,4,451,1,95.78
13907.0,Potential Loyalists,1,4,376,1,102.92
13908.0,Loyal Customers,1,4,314,1,166.01
13909.0,Loyal Customers,1,4,286,1,136.7
13910.0,Loyal Customers,1,4,28,1,103.14
13911.0,Loyal Customers,1,4,11,1,90.31
13912.0,Loyal Customers,1,4,130,1,136.22
13913.0,Loyal Customers,1,4,331,1,97.04
13914.0,Potential Loyalists,1,4,403,1,261.38
13915.0,Loyal Customers,1,4,26,1,124.84
13916.0,Lost Customers,1,4,699,1,115.45
13917.0,Lost Customers,1,4,714,1,110.06
13918.0,Loyal Customers,1,4,146,1,92.21
13919.0,Potential Loyalists,1,4,384,1,128.16
13920.0,Loyal Customers,1,4,115,1,63.74
13921.0,Loyal Customers,1,4,15,1,76.26
13922.0,Loyal Customers,1,4,166,1,93.76
13923.0,Loyal Customers,1,4,288,1,101.91
13924.0,Champions,1,4,80,1,176.05
13925.0,Champions,1,4,30,1,169.17
13926.0,Loyal Customers,1,4,334,1,97.62
13927.0,Loyal Customers,1,4,210,1,94.71
13928.0,Lost Customers,1,4,623,1,129.62
13929.0,Loyal Customers,1,4,142,1,150.18
13930.0,Loyal Customers,1,4,107,1,76.79
13931.0,Loyal Customers,1,4,321,1,124.63
13932.0,Lost Customers,1,4,571,1,87.51
13933.0,Potential Loyalists,1,4,452,1,170.79
13934.0,Lost Customers,1,4,652,1,161.4
13935.0,Potential Loyalists,1,4,493,1,149.12
13936.0,Loyal Customers,1,4,277,1,92.46
13937.0,Loyal Customers,1,4,27,1,114.54
13938.0,Loyal Customers,1,4,62,1,151.16
13939.0,Loyal Customers,1,4,78,1,54.3
13940.0,Loyal Customers,1,4,147,1,61.68
13941.0,Loyal Customers,1,4,256,1,123.27
13942.0,Potential Loyalists,1,4,448,1,98.81
13943.0,Loyal Customers,1,4,321,1,140.21
13944.0,Potential Loyalists,1,4,486,1,75.78
13945.0,Potential Loyalists,1,4,387,1,59.53
13946.0,Loyal Customers,1,4,147,1,68.37
13947.0,Loyal Customers,1,4,245,1,284.33
13948.0,Loyal Customers,1,4,354,1,119.21
13949.0,Loyal Customers,1,4,341,1,71.88
13950.0,Loyal Customers,1,4,241,1,84.28
13951.0,Lost Customers,1,4,643,1,102.28
13952.0,Loyal Customers,1,4,87,1,81.49
13953.0,Champions,1,4,69,1,171.28
13954.0,Loyal Customers,1,4,95,1,124.0
13955.0,Loyal Customers,1,4,79,1,140.93
13956.0,Potential Loyalists,1,4,492,1,45.72
13957.0,Loyal Customers,1,4,15,1,102.26
13958.0,Loyal Customers,1,4,231,1,102.35
13959.0,Loyal Customers,1,4,26,1,127.63
13960.0,Champions,1,4,23,1,179.77
13961.0,Potential Loyalists,1,4,450,1,141.17
13962.0,Lost Customers,1,4,673,1,156.53
13963.0,Potential Loyalists,1,4,515,1,95.39
13964.0,Potential Loyalists,1,4,383,1,131.69
13965.0,Lost Customers,1,4,643,1,138.95
13966.0,Loyal Customers,1,4,38,1,115.15
13967.0,Loyal Customers,1,4,235,1,93.72
13968.0,Loyal Customers,1,4,30,1,131.42
13969.0,Loyal Customers,1,4,38,1,88.08
13970.0,Potential Loyalists,1,4,391,1,157.97
13971.0,Lost Customers,1,4,636,1,83.06
13972.0,Loyal Customers,1,4,116,1,79.77
13973.0,Loyal Customers,1,4,25,1,124.82
13974.0,Loyal Customers,1,4,91,1,81.63
13975.0,Loyal Customers,1,4,285,1,132.22
13976.0,Lost Customers,1,4,553,1,232.37
13977.0,Lost Customers,1,4,559,1,127.81
13978.0,Loyal Customers,1,4,290,1,79.62
13979.0,Potential Loyalists,1,4,487,1,113.3
13980.0,Loyal Customers,1,4,242,1,116.94
13981.0,Loyal Customers,1,4,13,1,117.99
13982.0,Potential Loyalists,1,4,538,1,91.56
13983.0,Loyal Customers,1,4,300,1,134.32
13984.0,Loyal Customers,1,4,235,1,75.83
13985.0,Loyal Customers,1,4,38,1,70.89
13986.0,Potential Loyalists,1,4,408,1,85.86
13987.0,Potential Loyalists,1,4,510,1,88.63
13988.0,Lost Customers,1,4,728,1,62.43
13989.0,Potential Loyalists,1,4,452,1,130.25
13990.0,Loyal Customers,1,4,323,1,209.79
13991.0,Potential Loyalists,1,4,465,1,168.12
13992.0,Loyal Customers,1,4,329,1,109.97
13993.0,Loyal Customers,1,4,13,1,59.65
13994.0,Potential Loyalists,1,4,426,1,80.76
13995.0,Lost Customers,1,4,591,1,137.51
13996.0,Potential Loyalists,1,4,440,1,138.4
13997.0,Loyal Customers,1,4,245,1,114.77
13998.0,Potential Loyalists,1,4,427,1,52.66
13999.0,Champions,1,4,76,1,206.41
14000.0,Loyal Customers,1,4,86,1,135.24
14001.0,Potential Loyalists,1,4,418,1,175.07
14002.0,Loyal Customers,1,4,90,1,92.5
14003.0,Potential Loyalists,1,4,529,1,106.37
14004.0,Potential Loyalists,1,4,431,1,155.19
14005.0,Potential Loyalists,1,4,367,1,135.93
14006.0,Potential Loyalists,1,4,387,1,303.6
14007.0,Potential Loyalists,1,4,387,1,119.02
14008.0,Lost Customers,1,4,609,1,95.08
14009.0,Loyal Customers,1,4,70,1,91.19
14010.0,Potential Loyalists,1,4,379,1,151.45
14011.0,Champions,1,4,112,1,199.62
14012.0,Potential Loyalists,1,4,490,1,100.99
14013.0,Loyal Customers,1,4,279,1,117.34
14014.0,Potential Loyalists,1,4,406,1,122.58
14015.0,Loyal Customers,1,4,193,1,128.63
14016.0,Potential Loyalists,1,4,483,1,80.34
14017.0,Lost Customers,1,4,708,1,86.32
14018.0,Lost Customers,1,4,598,1,121.16
14019.0,Loyal Customers,1,4,20,1,147.46
14020.0,Champions,1,4,182,1,266.17
14021.0,Potential Loyalists,1,4,466,1,191.04
14022.0,Lost Customers,1,4,663,1,108.68
14023.0,Loyal Customers,1,4,187,1,222.02
14024.0,Lost Customers,1,4,665,1,122.06
14025.0,Loyal Customers,1,4,122,1,93.15
14026.0,Lost Customers,1,4,616,1,141.45
14027.0,Loyal Customers,1,4,157,1,111.88
14028.0,Lost Customers,1,4,554,1,219.83
14029.0,Potential Loyalists,1,4,508,1,117.08
14030.0,Loyal Customers,1,4,28,1,138.7
14031.0,Lost Customers,1,4,706,1,102.16
14032.0,Lost Customers,1,4,671,1,62.52
14033.0,Potential Loyalists,1,4,381,1,108.16
14034.0,Loyal Customers,1,4,333,1,235.42
14035.0,Lost Customers,1,4,601,1,106.94
14036.0,Loyal Customers,1,4,353,1,96.39
14037.0,Loyal Customers,1,4,358,1,95.66
14038.0,Loyal Customers,1,4,334,1,136.81
14039.0,Potential Loyalists,1,4,502,1,69.23
14040.0,Loyal Customers,1,4,292,1,106.51
14041.0,Lost Customers,1,4,700,1,194.22
14042.0,Loyal Customers,1,4,53,1,65.21
14043.0,Lost Customers,1,4,553,1,109.96
14044.0,Loyal Customers,1,4,97,1,108.93
14045.0,Lost Customers,1,4,607,1,249.66
14046.0,Loyal Customers,1,4,346,1,84.99
14047.0,Potential Loyalists,1,4,403,1,174.56
14048.0,Potential Loyalists,1,4,420,1,94.09
14049.0,Loyal Customers,1,4,362,1,159.05
14050.0,Loyal Customers,1,4,351,1,104.97
14051.0,Lost Customers,1,4,713,1,186.2
14052.0,Loyal Customers,1,4,290,1,215.56
14053.0,Loyal Customers,1,4,32,1,164.31
14054.0,Potential Loyalists,1,4,441,1,62.24
14055.0,Loyal Customers,1,4,176,1,102.2
14056.0,Potential Loyalists,1,4,442,1,67.49
14057.0,Loyal Customers,1,4,142,1,104.94
14058.0,Champions,1,4,121,1,177.43
14059.0,Potential Loyalists,1,4,507,1,82.75
14060.0,Champions,1,4,113,1,236.56
14061.0,Loyal Customers,1,4,161,1,109.17
14062.0,Loyal Customers,1,4,240,1,72.97
14063.0,Potential Loyalists,1,4,374,1,105.64
14064.0,Potential Loyalists,1,4,508,1,208.06
14065.0,Champions,1,4,46,1,343.54
14066.0,Potential Loyalists,1,4,426,1,80.94
14067.0,Loyal Customers,1,4,115,1,148.79
14068.0,Lost Customers,1,4,691,1,73.22
14069.0,Loyal Customers,1,4,269,1,139.74
14070.0,Loyal Customers,1,4,279,1,142.81
14071.0,Loyal Customers,1,4,334,1,132.02
14072.0,Loyal Customers,1,4,343,1,274.69
14073.0,Lost Customers,1,4,617,1,110.4
14074.0,Lost Customers,1,4,693,1,156.9
14075.0,Loyal Customers,1,4,274,1,243.98
14076.0,Lost Customers,1,4,672,1,107.16
14077.0,Lost Customers,1,4,620,1,94.19
14078.0,Loyal Customers,1,4,37,1,71.17
14079.0,Potential Loyalists,1,4,458,1,249.82
14080.0,Lost Customers,1,4,584,1,118.27
14081.0,Lost Customers,1,4,618,1,105.02
14082.0,Lost Customers,1,4,639,1,85.86
14083.0,Lost Customers,1,4,582,1,144.44
14084.0,Loyal Customers,1,4,244,1,74.97
14085.0,Lost Customers,1,4,696,1,103.0
14086.0,Loyal Customers,1,4,66,1,109.07
14087.0,Lost Customers,1,4,726,1,161.29
14088.0,Lost Customers,1,4,604,1,150.15
14089.0,Loyal Customers,1,4,221,1,56.02
14090.0,Potential Loyalists,1,4,546,1,96.42
14091.0,Loyal Customers,1,4,38,1,78.85
14092.0,Potential Loyalists,1,4,462,1,141.26
14093.0,Potential Loyalists,1,4,495,1,193.45
14094.0,Potential Loyalists,1,4,488,1,232.3
14095.0,Loyal Customers,1,4,164,1,113.55
14096.0,Loyal Customers,1,4,313,1,163.75
14097.0,Loyal Customers,1,4,51,1,118.82
14098.0,Loyal Customers,1,4,66,1,113.5
14099.0,Loyal Customers,1,4,220,1,145.87
14100.0,Loyal Customers,1,4,325,1,115.52
14101.0,Lost Customers,1,4,680,1,90.93
14102.0,Loyal Customers,1,4,333,1,183.97
14103.0,Lost Customers,1,4,712,1,261.88
14104.0,Potential Loyalists,1,4,430,1,156.14
14105.0,Loyal Customers,1,4,287,1,93.59
14106.0,Lost Customers,1,4,659,1,105.09
14107.0,Potential Loyalists,1,4,388,1,153.3
14108.0,Potential Loyalists,1,4,400,1,87.29
14109.0,Lost Customers,1,4,617,1,132.72
14110.0,Lost Customers,1,4,557,1,81.95
14111.0,Lost Customers,1,4,570,1,81.28
14112.0,Loyal Customers,1,4,256,1,69.21
14113.0,Lost Customers,1,4,549,1,105.93
14114.0,Loyal Customers,1,4,254,1,32.19
14115.0,Lost Customers,1,4,690,1,111.08
14116.0,Lost Customers,1,4,685,1,66.54
14117.0,Loyal Customers,1,4,291,1,161.67
14118.0,Loyal Customers,1,4,53,1,75.43
14119.0,Potential Loyalists,1,4,429,1,149.25
14120.0,Lost Customers,1,4,629,1,149.01
14121.0,Potential Loyalists,1,4,440,1,51.51
14122.0,Loyal Customers,1,4,233,1,183.92
14123.0,Loyal Customers,1,4,353,1,68.0
14124.0,Loyal Customers,1,4,225,1,130.39
14125.0,Lost Customers,1,4,631,1,71.59
14126.0,Loyal Customers,1,4,137,1,138.48
14127.0,Lost Customers,1,4,549,1,87.59
14128.0,Loyal Customers,1,4,48,1,117.22
14129.0,Potential Loyalists,1,4,466,1,257.54
14130.0,Lost Customers,1,4,584,1,151.18
14131.0,Potential Loyalists,1,4,502,1,98.78
14132.0,Loyal Customers,1,4,262,1,169.33
14133.0,Lost Customers,1,4,679,1,77.57
14134.0,Loyal Customers,1,4,353,1,159.16
14135.0,Lost Customers,1,4,589,1,145.37
14136.0,Loyal Customers,1,4,358,1,73.12
14137.0,Loyal Customers,1,4,92,1,90.21
14138.0,Lost Customers,1,4,577,1,126.58
14139.0,Potential Loyalists,1,4,395,1,121.2
14140.0,Loyal Customers,1,4,306,1,92.92
14141.0,Loyal Customers,1,4,57,1,105.74
14142.0,Potential Loyalists,1,4,456,1,166.79
14143.0,Loyal Customers,1,4,281,1,82.52
14144.0,Potential Loyalists,1,4,427,1,103.01
14145.0,Loyal Customers,1,4,342,1,84.5
14146.0,Potential Loyalists,1,4,392,1,312.01
14147.0,Loyal Customers,1,4,97,1,56.73
14148.0,Potential Loyalists,1,4,381,1,186.07
14149.0,Loyal Customers,1,4,101,1,106.21
14150.0,Lost Customers,1,4,722,1,106.42
14151.0,Loyal Customers,1,4,10,1,98.42
14152.0,Potential Loyalists,1,4,447,1,112.08
14153.0,Loyal Customers,1,4,128,1,130.78
14154.0,Loyal Customers,1,4,277,1,88.19
14155.0,Loyal Customers,1,4,258,1,124.94
14156.0,Potential Loyalists,1,4,471,1,68.85
14157.0,Loyal Customers,1,4,155,1,115.59
14158.0,Potential Loyalists,1,4,387,1,166.43
14159.0,Lost Customers,1,4,575,1,161.73
14160.0,Potential Loyalists,1,4,434,1,112.34
14161.0,Potential Loyalists,1,4,545,1,300.08
14162.0,Potential Loyalists,1,4,489,1,116.16
14163.0,Loyal Customers,1,4,213,1,100.85
14164.0,Loyal Customers,1,4,211,1,100.54
14165.0,Loyal Customers,1,4,147,1,91.14
14166.0,Loyal Customers,1,4,148,1,127.7
14167.0,Loyal Customers,1,4,219,1,144.3
14168.0,Loyal Customers,1,4,51,1,99.04
14169.0,Loyal Customers,1,4,107,1,107.2
14170.0,Loyal Customers,1,4,71,1,125.77
14171.0,Loyal Customers,1,4,129,1,70.27
14172.0,Lost Customers,1,4,616,1,257.6
14173.0,Lost Customers,1,4,669,1,113.95
14174.0,Champions,1,4,132,1,218.05
14175.0,Potential Loyalists,1,4,510,1,115.1
14176.0,Lost Customers,1,4,650,1,107.15
14177.0,Potential Loyalists,1,4,378,1,194.08
14178.0,Potential Loyalists,1,4,419,1,120.67
14179.0,Lost Customers,1,4,600,1,94.38
14180.0,Lost Customers,1,4,576,1,176.65
14181.0,Potential Loyalists,1,4,505,1,177.85
14182.0,Loyal Customers,1,4,352,1,114.04
14183.0,Loyal Customers,1,4,312,1,90.15
14184.0,Loyal Customers,1,4,356,1,86.34
14185.0,Loyal Customers,1,4,268,1,122.96
14186.0,Lost Customers,1,4,640,1,119.14
14187.0,Loyal Customers,1,4,363,1,136.18
14188.0,Loyal Customers,1,4,174,1,86.57
14189.0,Loyal Customers,1,4,11,1,81.54
14190.0,Champions,1,4,121,1,215.25
14191.0,Potential Loyalists,1,4,391,1,187.02
14192.0,Potential Loyalists,1,4,489,1,136.66
14193.0,Lost Customers,1,4,561,1,219.67
14194.0,Champions,1,4,36,1,189.7
14195.0,Loyal Customers,1,4,95,1,85.49
14196.0,Potential Loyalists,1,4,481,1,100.63
14197.0,Lost Customers,1,4,551,1,169.31
14198.0,Loyal Customers,1,4,7,1,94.8
14199.0,Loyal Customers,1,4,74,1,142.57
14200.0,Lost Customers,1,4,710,1,144.74
14201.0,Potential Loyalists,1,4,511,1,108.15
14202.0,Lost Customers,1,4,573,1,132.37
14203.0,Champions,1,4,50,1,179.21
14204.0,Potential Loyalists,1,4,377,1,147.53
14205.0,Loyal Customers,1,4,112,1,66.1
14206.0,Potential Loyalists,1,4,497,1,78.45
14207.0,Loyal Customers,1,4,79,1,112.44
14208.0,Loyal Customers,1,4,46,1,82.74
14209.0,Loyal Customers,1,4,37,1,125.13
14210.0,Champions,1,4,70,1,317.68
14211.0,Potential Loyalists,1,4,376,1,103.64
14212.0,Champions,1,4,96,1,195.32
14213.0,Loyal Customers,1,4,208,1,175.54
14214.0,Potential Loyalists,1,4,469,1,64.07
14215.0,Loyal Customers,1,4,251,1,105.84
14216.0,Loyal Customers,1,4,366,1,125.7
14217.0,Lost Customers,1,4,573,1,124.55
14218.0,Potential Loyalists,1,4,538,1,99.35
14219.0,Loyal Customers,1,4,51,1,143.37
14220.0,Loyal Customers,1,4,8,1,106.31
14221.0,Loyal Customers,1,4,4,1,97.36
14222.0,Potential Loyalists,1,4,385,1,135.7
14223.0,Potential Loyalists,1,4,409,1,157.32
14224.0,Potential Loyalists,1,4,393,1,102.19
14225.0,Loyal Customers,1,4,204,1,149.29
14226.0,Loyal Customers,1,4,6,1,125.8
14227.0,Champions,1,4,1,1,169.28
14228.0,Potential Loyalists,1,4,506,1,49.25
14229.0,Loyal Customers,1,4,341,1,111.24
14230.0,Loyal Customers,1,4,108,1,130.8
14231.0,Lost Customers,1,4,671,1,108.65
14232.0,Loyal Customers,1,4,245,1,97.59
14233.0,Loyal Customers,1,4,237,1,73.38
14234.0,Loyal Customers,1,4,238,1,151.08
14235.0,Lost Customers,1,4,671,1,107.66
14236.0,Loyal Customers,1,4,295,1,142.62
14237.0,Loyal Customers,1,4,35,1,53.62
14238.0,Potential Loyalists,1,4,444,1,82.65
14239.0,Loyal Customers,1,4,241,1,77.21
14240.0,Loyal Customers,1,4,231,1,144.42
14241.0,Loyal Customers,1,4,193,1,126.01
14242.0,Potential Loyalists,1,4,471,1,146.98
14243.0,Potential Loyalists,1,4,428,1,163.31
14244.0,Champions,1,4,175,1,217.07
14245.0,Loyal Customers,1,4,233,1,151.55
14246.0,Potential Loyalists,1,4,446,1,85.53
14247.0,Potential Loyalists,1,4,430,1,135.38
14248.0,Potential Loyalists,1,4,525,1,103.05
14249.0,Lost Customers,1,4,709,1,71.95
14250.0,Potential Loyalists,1,4,508,1,111.78
14251.0,Potential Loyalists,1,4,469,1,150.78
14252.0,Loyal Customers,1,4,95,1,63.28
14253.0,Potential Loyalists,1,4,455,1,89.36
14254.0,Loyal Customers,1,4,353,1,116.72
14255.0,Loyal Customers,1,4,320,1,105.69
14256.0,Loyal Customers,1,4,25,1,134.41
14257.0,Loyal Customers,1,4,179,1,104.22
14258.0,Loyal Customers,1,4,251,1,125.58
14259.0,Lost Customers,1,4,603,1,93.7
14260.0,Potential Loyalists,1,4,429,1,158.48
14261.0,Champions,1,4,137,1,207.67
14262.0,Loyal Customers,1,4,290,1,108.29
14263.0,Lost Customers,1,4,602,1,120.83
14264.0,Lost Customers,1,4,701,1,116.59
14265.0,Lost Customers,1,4,703,1,277.6
14266.0,Loyal Customers,1,4,233,1,112.6
14267.0,Loyal Customers,1,4,301,1,105.61
14268.0,Lost Customers,1,4,549,1,115.32
14269.0,Loyal Customers,1,4,185,1,151.81
14270.0,Champions,1,4,111,1,249.55
14271.0,Champions,1,4,33,1,172.09
14272.0,Potential Loyalists,1,4,386,1,66.28
14273.0,Loyal Customers,1,4,114,1,131.42
14274.0,Potential Loyalists,1,4,370,1,99.08
14275.0,Loyal Customers,1,4,333,1,152.32
14276.0,Loyal Customers,1,4,319,1,140.54
14277.0,Potential Loyalists,1,4,488,1,70.64
14278.0,Loyal Customers,1,4,1,1,116.82
14279.0,Lost Customers,1,4,689,1,116.4
14280.0,Loyal Customers,1,4,156,1,140.52
14281.0,Loyal Customers,1,4,222,1,219.57
14282.0,Loyal Customers,1,4,293,1,134.78
14283.0,Loyal Customers,1,4,42,1,99.93
14284.0,Potential Loyalists,1,4,396,1,163.21
14285.0,Potential Loyalists,1,4,468,1,85.83
14286.0,Potential Loyalists,1,4,453,1,165.09
14287.0,Loyal Customers,1,4,269,1,93.68
14288.0,Potential Loyalists,1,4,407,1,153.07
14289.0,Potential Loyalists,1,4,476,1,176.0
14290.0,Lost Customers,1,4,719,1,218.8
14291.0,Loyal Customers,1,4,158,1,67.75
14292.0,Champions,1,4,2,1,193.02
14293.0,Loyal Customers,1,4,58,1,151.7
14294.0,Lost Customers,1,4,625,1,91.54
14295.0,Loyal Customers,1,4,193,1,198.25
14296.0,Champions,1,4,75,1,208.38
14297.0,Potential Loyalists,1,4,479,1,193.49
14298.0,Lost Customers,1,4,597,1,202.46
14299.0,Lost Customers,1,4,607,1,74.41
14300.0,Loyal Customers,1,4,294,1,106.35
14301.0,Lost Customers,1,4,578,1,118.35
14302.0,Loyal Customers,1,4,72,1,63.95
14303.0,Loyal Customers,1,4,24,1,149.56
14304.0,Loyal Customers,1,4,205,1,119.35
14305.0,Lost Customers,1,4,603,1,123.18
14306.0,Loyal Customers,1,4,355,1,219.89
14307.0,Loyal Customers,1,4,52,1,154.37
14308.0,Champions,1,4,136,1,244.0
14309.0,Potential Loyalists,1,4,511,1,284.07
14310.0,Loyal Customers,1,4,224,1,104.37
14311.0,Lost Customers,1,4,681,1,97.63
14312.0,Loyal Customers,1,4,180,1,78.84
14313.0,Lost Customers,1,4,560,1,204.83
14314.0,Loyal Customers,1,4,265,1,170.21
14315.0,Potential Loyalists,1,4,371,1,54.42
14316.0,Potential Loyalists,1,4,494,1,234.46
14317.0,Loyal Customers,1,4,312,1,157.97
14318.0,Loyal Customers,1,4,272,1,81.75
14319.0,Loyal Customers,1,4,324,1,140.29
14320.0,Loyal Customers,1,4,88,1,50.71
14321.0,Loyal Customers,1,4,143,1,81.13
14322.0,Lost Customers,1,4,618,1,262.74
14323.0,Lost Customers,1,4,642,1,53.86
14324.0,Lost Customers,1,4,552,1,106.47
14325.0,Loyal Customers,1,4,265,1,158.16
14326.0,Lost Customers,1,4,676,1,119.07
14327.0,Loyal Customers,1,4,144,1,74.4
14328.0,Lost Customers,1,4,671,1,294.31
14329.0,Loyal Customers,1,4,62,1,108.82
14330.0,Loyal Customers,1,4,42,1,114.5
14331.0,Loyal Customers,1,4,205,1,231.53
14332.0,Potential Loyalists,1,4,472,1,84.72
14333.0,Lost Customers,1,4,594,1,172.53
14334.0,Loyal Customers,1,4,195,1,190.81
14335.0,Loyal Customers,1,4,201,1,123.15
14336.0,Lost Customers,1,4,679,1,73.44
14337.0,Loyal Customers,1,4,49,1,134.82
14338.0,Loyal Customers,1,4,276,1,118.87
14339.0,Potential Loyalists,1,4,481,1,97.23
14340.0,Loyal Customers,1,4,62,1,70.32
14341.0,Potential Loyalists,1,4,426,1,118.18
14342.0,Loyal Customers,1,4,200,1,160.59
14343.0,Loyal Customers,1,4,22,1,162.63
14344.0,Loyal Customers,1,4,223,1,156.17
14345.0,Loyal Customers,1,4,10,1,134.92
14346.0,Loyal Customers,1,4,90,1,148.45
14347.0,Loyal Customers,1,4,305,1,156.37
14348.0,Potential Loyalists,1,4,404,1,109.38
14349.0,Potential Loyalists,1,4,369,1,108.4
14350.0,Loyal Customers,1,4,325,1,94.41
14351.0,Lost Customers,1,4,623,1,99.88
14352.0,Potential Loyalists,1,4,514,1,140.36
14353.0,Potential Loyalists,1,4,405,1,125.57
14354.0,Lost Customers,1,4,634,1,125.48
14355.0,Loyal Customers,1,4,180,1,72.89
14356.0,Loyal Customers,1,4,359,1,108.65
14357.0,Loyal Customers,1,4,349,1,128.19
14358.0,Loyal Customers,1,4,237,1,250.24
14359.0,Lost Customers,1,4,641,1,73.84
14360.0,Potential Loyalists,1,4,422,1,113.55
14361.0,Lost Customers,1,4,610,1,252.68
14362.0,Loyal Customers,1,4,86,1,127.67
14363.0,Champions,1,4,97,1,258.15
14364.0,Loyal Customers,1,4,233,1,142.92
14365.0,Loyal Customers,1,4,254,1,283.67
14366.0,Potential Loyalists,1,4,458,1,161.54
14367.0,Lost Customers,1,4,685,1,107.59
14368.0,Potential Loyalists,1,4,541,1,126.38
14369.0,Potential Loyalists,1,4,382,1,121.72
14370.0,Loyal Customers,1,4,116,1,154.48
14371.0,Loyal Customers,1,4,303,1,121.61
14372.0,Loyal Customers,1,4,47,1,76.73
14373.0,Lost Customers,1,4,709,1,108.93
14374.0,Potential Loyalists,1,4,369,1,230.74
14375.0,Loyal Customers,1,4,247,1,118.44
14376.0,Loyal Customers,1,4,339,1,307.17
14377.0,Potential Loyalists,1,4,500,1,184.33
14378.0,Potential Loyalists,1,4,510,1,132.21
14379.0,Potential Loyalists,1,4,431,1,122.94
14380.0,Champions,1,4,113,1,181.53
14381.0,Loyal Customers,1,4,252,1,123.48
14382.0,Potential Loyalists,1,4,484,1,130.52
14383.0,Potential Loyalists,1,4,421,1,248.21
14384.0,Champions,1,4,70,1,176.88
14385.0,Lost Customers,1,4,656,1,118.88
14386.0,Potential Loyalists,1,4,448,1,231.37
14387.0,Loyal Customers,1,4,282,1,112.9
14388.0,Lost Customers,1,4,618,1,190.73
14389.0,Loyal Customers,1,4,234,1,126.64
14390.0,Potential Loyalists,1,4,478,1,91.21
14391.0,Lost Customers,1,4,595,1,148.78
14392.0,Loyal Customers,1,4,115,1,125.22
14393.0,Loyal Customers,1,4,85,1,138.98
14394.0,Loyal Customers,1,4,214,1,197.52
14395.0,Loyal Customers,1,4,222,1,139.08
14396.0,Potential Loyalists,1,4,415,1,70.35
14397.0,Loyal Customers,1,4,95,1,44.06
14398.0,Loyal Customers,1,4,260,1,254.83
14399.0,Lost Customers,1,4,553,1,46.42
14400.0,Loyal Customers,1,4,4,1,120.73
14401.0,Loyal Customers,1,4,19,1,135.22
14402.0,Loyal Customers,1,4,303,1,135.33
14403.0,Loyal Customers,1,4,214,1,89.15
14404.0,Loyal Customers,1,4,352,1,125.71
14405.0,Potential Loyalists,1,4,490,1,211.7
14406.0,Potential Loyalists,1,4,412,1,190.39
14407.0,Potential Loyalists,1,4,370,1,130.46
14408.0,Lost Customers,1,4,627,1,162.55
14409.0,Loyal Customers,1,4,210,1,56.11
14410.0,Potential Loyalists,1,4,502,1,121.3
14411.0,Loyal Customers,1,4,207,1,143.87
14412.0,Potential Loyalists,1,4,489,1,114.99
14413.0,Lost Customers,1,4,693,1,157.95
14414.0,Loyal Customers,1,4,158,1,81.78
14415.0,Loyal Customers,1,4,206,1,131.58
14416.0,Lost Customers,1,4,692,1,135.5
14417.0,Lost Customers,1,4,666,1,90.11
14418.0,Lost Customers,1,4,575,1,122.27
14419.0,Potential Loyalists,1,4,368,1,99.11
14420.0,Loyal Customers,1,4,257,1,169.81
14421.0,Lost Customers,1,4,660,1,142.73
14422.0,Potential Loyalists,1,4,396,1,112.11
14423.0,Loyal Customers,1,4,313,1,202.03
14424.0,Loyal Customers,1,4,207,1,88.33
14425.0,Loyal Customers,1,4,212,1,85.42
14426.0,Lost Customers,1,4,561,1,85.8
14427.0,Loyal Customers,1,4,117,1,137.17
14428.0,Lost Customers,1,4,562,1,105.85
14429.0,Loyal Customers,1,4,214,1,119.31
14430.0,Loyal Customers,1,4,334,1,131.8
14431.0,Loyal Customers,1,4,218,1,65.68
14432.0,Loyal Customers,1,4,194,1,76.36
14433.0,Potential Loyalists,1,4,404,1,79.14
14434.0,Loyal Customers,1,4,44,1,104.25
14435.0,Loyal Customers,1,4,308,1,120.05
14436.0,Loyal Customers,1,4,316,1,56.66
14437.0,Champions,1,4,46,1,182.31
14438.0,Lost Customers,1,4,729,1,164.67
14439.0,Loyal Customers,1,4,354,1,209.85
14440.0,Loyal Customers,1,4,346,1,147.62
14441.0,Loyal Customers,1,4,303,1,115.03
14442.0,Potential Loyalists,1,4,414,1,67.88
14443.0,Loyal Customers,1,4,314,1,92.83
14444.0,Potential Loyalists,1,4,479,1,124.29
14445.0,Loyal Customers,1,4,234,1,88.0
14446.0,Loyal Customers,1,4,208,1,116.24
14447.0,Loyal Customers,1,4,353,1,259.84
14448.0,Loyal Customers,1,4,148,1,63.13
14449.0,Loyal Customers,1,4,256,1,145.47
14450.0,Loyal Customers,1,4,214,1,185.45
14451.0,Loyal Customers,1,4,146,1,104.14
14452.0,Lost Customers,1,4,557,1,120.43
14453.0,Lost Customers,1,4,722,1,122.83
14454.0,Potential Loyalists,1,4,430,1,194.94
14455.0,Potential Loyalists,1,4,484,1,89.32
14456.0,Lost Customers,1,4,681,1,104.88
14457.0,Loyal Customers,1,4,151,1,70.39
14458.0,Loyal Customers,1,4,109,1,143.27
14459.0,Lost Customers,1,4,575,1,89.72
14460.0,Potential Loyalists,1,4,470,1,111.29
14461.0,Loyal Customers,1,4,183,1,140.35
14462.0,Potential Loyalists,1,4,539,1,155.44
14463.0,Loyal Customers,1,4,69,1,54.14
14464.0,Potential Loyalists,1,4,516,1,91.33
14465.0,Loyal Customers,1,4,316,1,133.77
14466.0,Loyal Customers,1,4,328,1,151.53
14467.0,Champions,1,4,149,1,287.21
14468.0,Lost Customers,1,4,554,1,80.99
14469.0,Loyal Customers,1,4,221,1,109.25
14470.0,Loyal Customers,1,4,314,1,187.72
14471.0,Loyal Customers,1,4,344,1,111.17
14472.0,Loyal Customers,1,4,223,1,99.87
14473.0,Loyal Customers,1,4,324,1,88.73
14474.0,Lost Customers,1,4,619,1,272.52
14475.0,Lost Customers,1,4,570,1,127.74
14476.0,Loyal Customers,1,4,223,1,132.18
14477.0,Lost Customers,1,4,619,1,173.98
14478.0,Lost Customers,1,4,688,1,162.64
14479.0,Lost Customers,1,4,657,1,167.39
14480.0,Lost Customers,1,4,550,1,137.23
14481.0,Loyal Customers,1,4,11,1,135.78
14482.0,Lost Customers,1,4,693,1,93.73
14483.0,Loyal Customers,1,4,303,1,110.87
14484.0,Loyal Customers,1,4,0,1,125.75
14485.0,Potential Loyalists,1,4,528,1,64.56
14486.0,Potential Loyalists,1,4,427,1,154.5
14487.0,Loyal Customers,1,4,278,1,142.88
14488.0,Loyal Customers,1,4,102,1,93.23
14489.0,Loyal Customers,1,4,139,1,103.29
14490.0,Lost Customers,1,4,606,1,162.5
14491.0,Loyal Customers,1,4,7,1,78.53
14492.0,Lost Customers,1,4,669,1,232.82
14493.0,Loyal Customers,1,4,43,1,138.89
14494.0,Lost Customers,1,4,718,1,61.77
14495.0,Lost Customers,1,4,634,1,83.31
14496.0,Lost Customers,1,4,655,1,135.45
14497.0,Loyal Customers,1,4,280,1,317.09
14498.0,Lost Customers,1,4,579,1,99.0
14499.0,Potential Loyalists,1,4,467,1,161.72
14500.0,Loyal Customers,1,4,91,1,107.9
14501.0,Champions,1,4,168,1,215.23
14502.0,Loyal Customers,1,4,188,1,135.09
14503.0,Lost Customers,1,4,549,1,86.42
14504.0,Loyal Customers,1,4,124,1,152.71
14505.0,Loyal Customers,1,4,208,1,149.69
14506.0,Loyal Customers,1,4,249,1,148.91
14507.0,Lost Customers,1,4,699,1,75.54
14508.0,Lost Customers,1,4,720,1,108.23
14509.0,Loyal Customers,1,4,154,1,76.03
14510.0,Potential Loyalists,1,4,391,1,185.97
14511.0,Lost Customers,1,4,559,1,163.18
14512.0,Loyal Customers,1,4,262,1,187.31
14513.0,Lost Customers,1,4,567,1,141.3
14514.0,Potential Loyalists,1,4,431,1,96.85
14515.0,Loyal Customers,1,4,269,1,90.55
14516.0,Potential Loyalists,1,4,369,1,188.37
14517.0,Potential Loyalists,1,4,487,1,84.3
14518.0,Potential Loyalists,1,4,540,1,197.69
14519.0,Lost Customers,1,4,574,1,166.71
14520.0,Lost Customers,1,4,615,1,167.22
14521.0,Champions,1,4,108,1,289.53
14522.0,Potential Loyalists,1,4,511,1,81.31
14523.0,Potential Loyalists,1,4,437,1,115.66
14524.0,Potential Loyalists,1,4,430,1,125.84
14525.0,Loyal Customers,1,4,7,1,103.81
14526.0,Loyal Customers,1,4,354,1,82.93
14527.0,Champions,1,4,122,1,168.73
14528.0,Potential Loyalists,1,4,456,1,124.19
14529.0,Loyal Customers,1,4,21,1,92.44
14530.0,Potential Loyalists,1,4,529,1,124.38
14531.0,Loyal Customers,1,4,136,1,74.38
14532.0,Loyal Customers,1,4,66,1,79.89
14533.0,Potential Loyalists,1,4,532,1,100.83
14534.0,Potential Loyalists,1,4,413,1,106.17
14535.0,Loyal Customers,1,4,114,1,158.98
14536.0,Lost Customers,1,4,656,1,105.22
14537.0,Loyal Customers,1,4,275,1,171.77
14538.0,Potential Loyalists,1,4,431,1,127.39
14539.0,Loyal Customers,1,4,238,1,104.93
14540.0,Loyal Customers,1,4,184,1,150.3
14541.0,Loyal Customers,1,4,333,1,145.2
14542.0,Potential Loyalists,1,4,503,1,137.88
14543.0,Potential Loyalists,1,4,516,1,283.48
14544.0,Loyal Customers,1,4,273,1,197.75
14545.0,Potential Loyalists,1,4,397,1,101.81
14546.0,Loyal Customers,1,4,340,1,45.05
14547.0,Lost Customers,1,4,694,1,196.81
14548.0,Loyal Customers,1,4,125,1,98.14
14549.0,Loyal Customers,1,4,172,1,68.44
14550.0,Potential Loyalists,1,4,427,1,145.4
14551.0,Lost Customers,1,4,647,1,71.48
14552.0,Potential Loyalists,1,4,498,1,117.66
14553.0,Lost Customers,1,4,682,1,97.56
14554.0,Potential Loyalists,1,4,449,1,104.41
14555.0,Potential Loyalists,1,4,436,1,92.27
14556.0,Lost Customers,1,4,720,1,167.19
14557.0,Potential Loyalists,1,4,487,1,56.88
14558.0,Loyal Customers,1,4,49,1,162.35
14559.0,Potential Loyalists,1,4,385,1,261.21
14560.0,Loyal Customers,1,4,298,1,105.9
14561.0,Lost Customers,1,4,586,1,102.02
14562.0,Loyal Customers,1,4,358,1,119.47
14563.0,Loyal Customers,1,4,202,1,239.8
14564.0,Loyal Customers,1,4,71,1,98.82
14565.0,Loyal Customers,1,4,66,1,144.19
14566.0,Loyal Customers,1,4,40,1,121.84
14567.0,Loyal Customers,1,4,330,1,90.51
14568.0,Loyal Customers,1,4,234,1,79.29
14569.0,Loyal Customers,1,4,279,1,98.75
14570.0,Potential Loyalists,1,4,402,1,197.51
14571.0,Lost Customers,1,4,566,1,104.67
14572.0,Potential Loyalists,1,4,443,1,135.2
14573.0,Lost Customers,1,4,675,1,135.81
14574.0,Champions,1,4,46,1,165.85
14575.0,Potential Loyalists,1,4,381,1,100.79
14576.0,Loyal Customers,1,4,183,1,95.58
14577.0,Potential Loyalists,1,4,432,1,185.94
14578.0,Potential Loyalists,1,4,511,1,64.37
14579.0,Loyal Customers,1,4,275,1,45.42
14580.0,Loyal Customers,1,4,146,1,106.21
14581.0,Loyal Customers,1,4,252,1,71.57
14582.0,Potential Loyalists,1,4,463,1,194.01
14583.0,Potential Loyalists,1,4,386,1,104.57
14584.0,Loyal Customers,1,4,148,1,158.62
14585.0,Lost Customers,1,4,713,1,90.31
14586.0,Loyal Customers,1,4,139,1,123.5
14587.0,Loyal Customers,1,4,21,1,162.0
14588.0,Loyal Customers,1,4,295,1,202.83
14589.0,Loyal Customers,1,4,296,1,152.5
14590.0,Lost Customers,1,4,725,1,155.67
14591.0,Lost Customers,1,4,585,1,78.68
14592.0,Lost Customers,1,4,620,1,189.58
14593.0,Lost Customers,1,4,679,1,190.62
14594.0,Lost Customers,1,4,609,1,120.16
14595.0,Potential Loyalists,1,4,434,1,105.19
14596.0,Loyal Customers,1,4,229,1,136.2
14597.0,Potential Loyalists,1,4,472,1,164.95
14598.0,Loyal Customers,1,4,0,1,110.87
14599.0,Loyal Customers,1,4,166,1,159.79
14600.0,Lost Customers,1,4,726,1,181.86
14601.0,Loyal Customers,1,4,186,1,92.58
14602.0,Loyal Customers,1,4,53,1,93.69
14603.0,Champions,1,4,40,1,260.21
14604.0,Loyal Customers,1,4,247,1,83.51
14605.0,Potential Loyalists,1,4,545,1,113.41
14606.0,Potential Loyalists,1,4,446,1,115.49
14607.0,Lost Customers,1,4,673,1,197.82
14608.0,Loyal Customers,1,4,46,1,126.58
14609.0,Potential Loyalists,1,4,546,1,137.71
14610.0,Loyal Customers,1,4,12,1,103.17
14611.0,Potential Loyalists,1,4,453,1,259.6
14612.0,Loyal Customers,1,4,283,1,123.78
14613.0,Potential Loyalists,1,4,376,1,94.38
14614.0,Loyal Customers,1,4,224,1,111.48
14615.0,Loyal Customers,1,4,25,1,105.22
14616.0,Loyal Customers,1,4,152,1,87.37
14617.0,Lost Customers,1,4,721,1,142.78
14618.0,Champions,1,4,8,1,166.35
14619.0,Loyal Customers,1,4,348,1,195.38
14620.0,Loyal Customers,1,4,282,1,65.87
14621.0,Loyal Customers,1,4,227,1,112.44
14622.0,Loyal Customers,1,4,287,1,132.23
14623.0,Champions,1,4,101,1,175.89
14624.0,Potential Loyalists,1,4,375,1,78.89
14625.0,Champions,1,4,175,1,225.71
14626.0,Potential Loyalists,1,4,499,1,77.79
14627.0,Loyal Customers,1,4,284,1,79.96
14628.0,Loyal Customers,1,4,153,1,115.87
14629.0,Potential Loyalists,1,4,460,1,140.88
14630.0,Potential Loyalists,1,4,485,1,55.77
14631.0,Loyal Customers,1,4,266,1,161.53
14632.0,Lost Customers,1,4,660,1,111.73
14633.0,Lost Customers,1,4,616,1,116.53
14634.0,Lost Customers,1,4,676,1,158.8
14635.0,Potential Loyalists,1,4,424,1,116.94
14636.0,Potential Loyalists,1,4,520,1,140.77
14637.0,Lost Customers,1,4,558,1,67.42
14638.0,Potential Loyalists,1,4,401,1,151.74
14639.0,Loyal Customers,1,4,79,1,117.23
14640.0,Lost Customers,1,4,564,1,204.27
14641.0,Potential Loyalists,1,4,422,1,101.64
14642.0,Lost Customers,1,4,665,1,109.9
14643.0,Champions,1,4,27,1,171.65
14644.0,Loyal Customers,1,4,166,1,163.44
14645.0,Loyal Customers,1,4,195,1,119.98
14646.0,Potential Loyalists,1,4,482,1,118.89
14647.0,Lost Customers,1,4,704,1,216.18
14648.0,Lost Customers,1,4,577,1,84.35
14649.0,Potential Loyalists,1,4,412,1,40.26
14650.0,Loyal Customers,1,4,320,1,86.94
14651.0,Potential Loyalists,1,4,403,1,88.71
14652.0,Lost Customers,1,4,567,1,115.24
14653.0,Loyal Customers,1,4,279,1,66.83
14654.0,Loyal Customers,1,4,303,1,109.52
14655.0,Loyal Customers,1,4,316,1,55.25
14656.0,Potential Loyalists,1,4,397,1,48.92
14657.0,Lost Customers,1,4,556,1,171.83
14658.0,Loyal Customers,1,4,311,1,112.17
14659.0,Loyal Customers,1,4,316,1,123.61
14660.0,Champions,1,4,72,1,211.04
14661.0,Lost Customers,1,4,681,1,111.99
14662.0,Potential Loyalists,1,4,521,1,93.66
14663.0,Loyal Customers,1,4,9,1,137.08
14664.0,Champions,1,4,120,1,197.07
14665.0,Loyal Customers,1,4,313,1,191.52
14666.0,Lost Customers,1,4,654,1,106.64
14667.0,Loyal Customers,1,4,272,1,99.73
14668.0,Lost Customers,1,4,570,1,68.96
14669.0,Loyal Customers,1,4,45,1,83.4
14670.0,Loyal Customers,1,4,268,1,100.74
14671.0,Lost Customers,1,4,667,1,172.53
14672.0,Lost Customers,1,4,597,1,170.69
14673.0,Champions,1,4,134,1,195.29
14674.0,Loyal Customers,1,4,331,1,126.76
14675.0,Loyal Customers,1,4,302,1,122.99
14676.0,Lost Customers,1,4,690,1,157.05
14677.0,Loyal Customers,1,4,353,1,236.03
14678.0,Potential Loyalists,1,4,368,1,151.38
14679.0,Potential Loyalists,1,4,371,1,227.02
14680.0,Potential Loyalists,1,4,460,1,191.06
14681.0,Loyal Customers,1,4,219,1,122.54
14682.0,Lost Customers,1,4,596,1,108.36
14683.0,Potential Loyalists,1,4,477,1,199.21
14684.0,Potential Loyalists,1,4,433,1,128.68
14685.0,Champions,1,4,144,1,166.44
14686.0,Potential Loyalists,1,4,387,1,95.29
14687.0,Loyal Customers,1,4,338,1,64.88
14688.0,Loyal Customers,1,4,117,1,103.3
14689.0,Loyal Customers,1,4,340,1,134.36
14690.0,Potential Loyalists,1,4,469,1,91.33
14691.0,Loyal Customers,1,4,364,1,120.04
14692.0,Loyal Customers,1,4,103,1,72.86
14693.0,Potential Loyalists,1,4,397,1,189.81
14694.0,Lost Customers,1,4,716,1,74.88
14695.0,Loyal Customers,1,4,337,1,203.23
14696.0,Loyal Customers,1,4,193,1,100.93
14697.0,Champions,1,4,74,1,169.93
14698.0,Lost Customers,1,4,713,1,91.71
14699.0,Potential Loyalists,1,4,448,1,95.79
14700.0,Lost Customers,1,4,616,1,108.02
14701.0,Loyal Customers,1,4,209,1,79.2
14702.0,Lost Customers,1,4,710,1,110.67
14703.0,Lost Customers,1,4,722,1,50.94
14704.0,Loyal Customers,1,4,209,1,175.51
14705.0,Loyal Customers,1,4,223,1,134.71
14706.0,Loyal Customers,1,4,292,1,133.04
14707.0,Loyal Customers,1,4,134,1,116.54
14708.0,Potential Loyalists,1,4,391,1,59.03
14709.0,Loyal Customers,1,4,173,1,134.52
14710.0,Potential Loyalists,1,4,504,1,175.0
14711.0,Loyal Customers,1,4,223,1,60.75
14712.0,Loyal Customers,1,4,324,1,144.18
14713.0,Lost Customers,1,4,688,1,132.32
14714.0,Potential Loyalists,1,4,542,1,129.31
14715.0,Lost Customers,1,4,654,1,106.33
14716.0,Lost Customers,1,4,587,1,81.36
14717.0,Lost Customers,1,4,691,1,69.88
14718.0,Loyal Customers,1,4,324,1,124.98
14719.0,Lost Customers,1,4,561,1,178.96
14720.0,Loyal Customers,1,4,35,1,164.58
14721.0,Potential Loyalists,1,4,501,1,104.48
14722.0,Loyal Customers,1,4,202,1,137.41
14723.0,Loyal Customers,1,4,89,1,105.52
14724.0,Loyal Customers,1,4,303,1,98.45
14725.0,Lost Customers,1,4,677,1,191.19
14726.0,Lost Customers,1,4,629,1,194.56
14727.0,Loyal Customers,1,4,363,1,76.26
14728.0,Lost Customers,1,4,673,1,84.35
14729.0,Loyal Customers,1,4,65,1,93.92
14730.0,Loyal Customers,1,4,216,1,115.45
14731.0,Potential Loyalists,1,4,415,1,180.32
14732.0,Potential Loyalists,1,4,416,1,168.23
14733.0,Loyal Customers,1,4,115,1,74.68
14734.0,Potential Loyalists,1,4,381,1,63.92
14735.0,Lost Customers,1,4,687,1,179.64
14736.0,Lost Customers,1,4,644,1,161.23
14737.0,Potential Loyalists,1,4,386,1,104.78
14738.0,Loyal Customers,1,4,280,1,251.2
14739.0,Loyal Customers,1,4,287,1,150.51
14740.0,Loyal Customers,1,4,36,1,147.63
14741.0,Lost Customers,1,4,725,1,113.66
14742.0,Loyal Customers,1,4,213,1,114.28
14743.0,Loyal Customers,1,4,308,1,103.32
14744.0,Loyal Customers,1,4,7,1,134.17
14745.0,Lost Customers,1,4,652,1,102.96
14746.0,Loyal Customers,1,4,213,1,90.88
14747.0,Lost Customers,1,4,549,1,94.35
14748.0,Lost Customers,1,4,613,1,82.37
14749.0,Loyal Customers,1,4,108,1,117.88
14750.0,Lost Customers,1,4,692,1,133.97
14751.0,Loyal Customers,1,4,218,1,57.51
14752.0,Potential Loyalists,1,4,534,1,83.56
14753.0,Loyal Customers,1,4,110,1,98.76
14754.0,Loyal Customers,1,4,315,1,93.84
14755.0,Lost Customers,1,4,648,1,99.95
14756.0,Potential Loyalists,1,4,378,1,144.53
14757.0,Lost Customers,1,4,550,1,63.33
14758.0,Loyal Customers,1,4,359,1,294.99
14759.0,Champions,1,4,49,1,182.8
14760.0,Potential Loyalists,1,4,373,1,78.7
14761.0,Lost Customers,1,4,678,1,111.69
14762.0,Lost Customers,1,4,603,1,95.12
14763.0,Champions,1,4,38,1,166.26
14764.0,Potential Loyalists,1,4,373,1,260.29
14765.0,Potential Loyalists,1,4,516,1,120.17
14766.0,Lost Customers,1,4,717,1,194.57
14767.0,Champions,1,4,169,1,248.32
14768.0,Potential Loyalists,1,4,368,1,284.71
14769.0,Champions,1,4,12,1,265.32
14770.0,Loyal Customers,1,4,111,1,130.28
14771.0,Lost Customers,1,4,666,1,248.46
14772.0,Loyal Customers,1,4,320,1,68.66
14773.0,Lost Customers,1,4,568,1,210.44
14774.0,Loyal Customers,1,4,175,1,135.95
14775.0,Loyal Customers,1,4,98,1,96.66
14776.0,Lost Customers,1,4,669,1,71.9
14777.0,Loyal Customers,1,4,170,1,136.21
14778.0,Potential Loyalists,1,4,504,1,116.67
14779.0,Loyal Customers,1,4,237,1,41.17
14780.0,Potential Loyalists,1,4,440,1,151.59
14781.0,Loyal Customers,1,4,310,1,274.73
14782.0,Loyal Customers,1,4,299,1,112.53
14783.0,Loyal Customers,1,4,82,1,145.8
14784.0,Loyal Customers,1,4,110,1,117.2
14785.0,Lost Customers,1,4,674,1,153.6
14786.0,Loyal Customers,1,4,119,1,149.33
14787.0,Potential Loyalists,1,4,425,1,101.81
14788.0,Loyal Customers,1,4,128,1,115.42
14789.0,Champions,1,4,108,1,177.22
14790.0,Lost Customers,1,4,703,1,102.11
14791.0,Lost Customers,1,4,558,1,98.03
14792.0,Potential Loyalists,1,4,405,1,138.18
14793.0,Lost Customers,1,4,727,1,178.91
14794.0,Loyal Customers,1,4,238,1,176.04
14795.0,Loyal Customers,1,4,3,1,160.52
14796.0,Lost Customers,1,4,704,1,147.2
14797.0,Loyal Customers,1,4,73,1,152.11
14798.0,Loyal Customers,1,4,178,1,124.78
14799.0,Lost Customers,1,4,567,1,85.51
14800.0,Lost Customers,1,4,594,1,83.86
14801.0,Potential Loyalists,1,4,530,1,168.64
14802.0,Lost Customers,1,4,657,1,158.99
14803.0,Loyal Customers,1,4,57,1,72.41
14804.0,Champions,1,4,6,1,176.78
14805.0,Loyal Customers,1,4,287,1,149.12
14806.0,Potential Loyalists,1,4,392,1,72.07
14807.0,Lost Customers,1,4,575,1,159.15
14808.0,Loyal Customers,1,4,80,1,98.86
14809.0,Loyal Customers,1,4,123,1,126.49
14810.0,Lost Customers,1,4,574,1,106.29
14811.0,Lost Customers,1,4,625,1,243.36
14812.0,Potential Loyalists,1,4,475,1,104.5
14813.0,Loyal Customers,1,4,230,1,85.83
14814.0,Loyal Customers,1,4,1,1,160.67
14815.0,Potential Loyalists,1,4,432,1,88.23
14816.0,Loyal Customers,1,4,252,1,92.64
14817.0,Potential Loyalists,1,4,545,1,93.55
14818.0,Lost Customers,1,4,555,1,73.97
14819.0,Loyal Customers,1,4,73,1,90.98
14820.0,Loyal Customers,1,4,194,1,116.68
14821.0,Lost Customers,1,4,596,1,79.98
14822.0,Potential Loyalists,1,4,387,1,81.08
14823.0,Potential Loyalists,1,4,482,1,115.98
14824.0,Potential Loyalists,1,4,444,1,109.83
14825.0,Potential Loyalists,1,4,423,1,42.99
14826.0,Loyal Customers,1,4,355,1,208.83
14827.0,Loyal Customers,1,4,28,1,152.47
14828.0,Lost Customers,1,4,656,1,85.89
14829.0,Champions,1,4,46,1,190.46
14830.0,Loyal Customers,1,4,130,1,68.39
14831.0,Lost Customers,1,4,592,1,168.88
14832.0,Loyal Customers,1,4,86,1,101.77
14833.0,Lost Customers,1,4,623,1,133.44
14834.0,Potential Loyalists,1,4,431,1,115.22
14835.0,Potential Loyalists,1,4,519,1,62.87
14836.0,Loyal Customers,1,4,185,1,123.8
14837.0,Loyal Customers,1,4,254,1,117.49
14838.0,Potential Loyalists,1,4,369,1,104.54
14839.0,Loyal Customers,1,4,364,1,122.34
14840.0,Potential Loyalists,1,4,398,1,201.99
14841.0,Potential Loyalists,1,4,445,1,79.22
14842.0,Potential Loyalists,1,4,533,1,121.58
14843.0,Lost Customers,1,4,726,1,56.88
14844.0,Loyal Customers,1,4,200,1,246.06
14845.0,Loyal Customers,1,4,4,1,158.75
14846.0,Champions,1,4,177,1,204.62
14847.0,Potential Loyalists,1,4,507,1,96.84
14848.0,Loyal Customers,1,4,9,1,99.33
14849.0,Potential Loyalists,1,4,367,1,248.15
14850.0,Lost Customers,1,4,639,1,176.65
14851.0,Loyal Customers,1,4,110,1,124.65
14852.0,Lost Customers,1,4,599,1,162.32
14853.0,Champions,1,4,23,1,266.71
14854.0,Lost Customers,1,4,633,1,149.38
14855.0,Lost Customers,1,4,649,1,92.42
14856.0,Potential Loyalists,1,4,461,1,91.79
14857.0,Potential Loyalists,1,4,399,1,195.58
14858.0,Lost Customers,1,4,719,1,99.53
14859.0,Loyal Customers,1,4,293,1,142.03
14860.0,Loyal Customers,1,4,324,1,115.25
14861.0,Loyal Customers,1,4,110,1,48.03
14862.0,Loyal Customers,1,4,255,1,154.07
14863.0,Lost Customers,1,4,648,1,72.36
14864.0,Loyal Customers,1,4,131,1,120.55
14865.0,Lost Customers,1,4,653,1,180.62
14866.0,Lost Customers,1,4,694,1,118.37
14867.0,Lost Customers,1,4,728,1,98.81
14868.0,Loyal Customers,1,4,236,1,209.51
14869.0,Potential Loyalists,1,4,379,1,145.23
14870.0,Loyal Customers,1,4,267,1,122.07
14871.0,Potential Loyalists,1,4,467,1,90.02
14872.0,Lost Customers,1,4,566,1,121.49
14873.0,Potential Loyalists,1,4,548,1,124.96
14874.0,Potential Loyalists,1,4,463,1,63.53
14875.0,Potential Loyalists,1,4,503,1,66.2
14876.0,Loyal Customers,1,4,111,1,73.16
14877.0,Potential Loyalists,1,4,383,1,281.19
14878.0,Potential Loyalists,1,4,433,1,185.12
14879.0,Loyal Customers,1,4,251,1,120.65
14880.0,Loyal Customers,1,4,272,1,112.94
14881.0,Lost Customers,1,4,698,1,140.98
14882.0,Lost Customers,1,4,555,1,132.83
14883.0,Potential Loyalists,1,4,423,1,149.65
14884.0,Potential Loyalists,1,4,422,1,100.98
14885.0,Loyal Customers,1,4,12,1,137.9
14886.0,Loyal Customers,1,4,242,1,127.14
14887.0,Potential Loyalists,1,4,387,1,70.2
14888.0,Lost Customers,1,4,576,1,116.53
14889.0,Potential Loyalists,1,4,422,1,78.08
14890.0,Potential Loyalists,1,4,376,1,157.24
14891.0,Loyal Customers,1,4,49,1,135.27
14892.0,Lost Customers,1,4,645,1,128.37
14893.0,Lost Customers,1,4,692,1,63.21
14894.0,Loyal Customers,1,4,354,1,150.73
14895.0,Loyal Customers,1,4,217,1,136.09
14896.0,Potential Loyalists,1,4,446,1,101.97
14897.0,Loyal Customers,1,4,306,1,342.73
14898.0,Loyal Customers,1,4,110,1,120.56
14899.0,Loyal Customers,1,4,110,1,88.88
14900.0,Potential Loyalists,1,4,522,1,203.53
14901.0,Loyal Customers,1,4,280,1,118.49
14902.0,Loyal Customers,1,4,124,1,115.32
14903.0,Lost Customers,1,4,614,1,190.23
14904.0,Loyal Customers,1,4,75,1,96.16
14905.0,Loyal Customers,1,4,50,1,113.9
14906.0,Loyal Customers,1,4,146,1,74.67
14907.0,Lost Customers,1,4,562,1,105.58
14908.0,Loyal Customers,1,4,227,1,115.9
14909.0,Loyal Customers,1,4,273,1,260.39
14910.0,Loyal Customers,1,4,86,1,113.26
14911.0,Lost Customers,1,4,566,1,136.0
14912.0,Loyal Customers,1,4,271,1,135.55
14913.0,Loyal Customers,1,4,319,1,90.37
14914.0,Lost Customers,1,4,713,1,140.65
14915.0,Potential Loyalists,1,4,384,1,175.66
14916.0,Lost Customers,1,4,636,1,121.7
14917.0,Potential Loyalists,1,4,430,1,122.29
14918.0,Potential Loyalists,1,4,522,1,109.46
14919.0,Loyal Customers,1,4,234,1,88.52
14920.0,Potential Loyalists,1,4,464,1,120.26
14921.0,Lost Customers,1,4,580,1,114.71
14922.0,Lost Customers,1,4,575,1,105.71
14923.0,Loyal Customers,1,4,185,1,98.38
14924.0,Potential Loyalists,1,4,510,1,121.34
14925.0,Lost Customers,1,4,698,1,114.79
14926.0,Loyal Customers,1,4,104,1,158.93
14927.0,Loyal Customers,1,4,124,1,137.22
14928.0,Potential Loyalists,1,4,540,1,69.81
14929.0,Lost Customers,1,4,635,1,243.9
14930.0,Lost Customers,1,4,556,1,81.29
14931.0,Loyal Customers,1,4,185,1,118.82
14932.0,Potential Loyalists,1,4,417,1,134.46
14933.0,Potential Loyalists,1,4,513,1,146.15
14934.0,Loyal Customers,1,4,344,1,93.43
14935.0,Potential Loyalists,1,4,407,1,228.99
14936.0,Champions,1,4,22,1,211.1
14937.0,Potential Loyalists,1,4,535,1,171.24
14938.0,Lost Customers,1,4,684,1,104.14
14939.0,Loyal Customers,1,4,127,1,91.73
14940.0,Loyal Customers,1,4,281,1,94.54
14941.0,Potential Loyalists,1,4,520,1,210.3
14942.0,Lost Customers,1,4,598,1,189.54
14943.0,Loyal Customers,1,4,76,1,116.69
14944.0,Lost Customers,1,4,669,1,64.73
14945.0,Loyal Customers,1,4,198,1,61.46
14946.0,Loyal Customers,1,4,122,1,102.61
14947.0,Loyal Customers,1,4,195,1,163.91
14948.0,Loyal Customers,1,4,223,1,139.59
14949.0,Loyal Customers,1,4,345,1,156.27
14950.0,Loyal Customers,1,4,207,1,175.45
14951.0,Lost Customers,1,4,670,1,123.49
14952.0,Lost Customers,1,4,651,1,237.27
14953.0,Loyal Customers,1,4,29,1,77.58
14954.0,Lost Customers,1,4,596,1,116.4
14955.0,Loyal Customers,1,4,163,1,98.45
14956.0,Potential Loyalists,1,4,403,1,78.12
14957.0,Loyal Customers,1,4,321,1,166.59
14958.0,Potential Loyalists,1,4,400,1,102.78
14959.0,Champions,1,4,95,1,165.76
14960.0,Loyal Customers,1,4,91,1,118.42
14961.0,Lost Customers,1,4,592,1,94.73
14962.0,Lost Customers,1,4,622,1,161.3
14963.0,Potential Loyalists,1,4,423,1,110.96
14964.0,Potential Loyalists,1,4,375,1,73.69
14965.0,Loyal Customers,1,4,2,1,87.8
14966.0,Loyal Customers,1,4,78,1,95.27
14967.0,Loyal Customers,1,4,126,1,54.52
14968.0,Lost Customers,1,4,610,1,136.32
14969.0,Lost Customers,1,4,552,1,235.31
14970.0,Potential Loyalists,1,4,502,1,199.17
14971.0,Lost Customers,1,4,574,1,115.98
14972.0,Loyal Customers,1,4,141,1,109.06
14973.0,Potential Loyalists,1,4,368,1,119.69
14974.0,Lost Customers,1,4,726,1,172.5
14975.0,Loyal Customers,1,4,145,1,71.41
14976.0,Loyal Customers,1,4,216,1,70.53
14977.0,Potential Loyalists,1,4,392,1,93.64
14978.0,Potential Loyalists,1,4,519,1,123.68
14979.0,Potential Loyalists,1,4,521,1,137.03
14980.0,Potential Loyalists,1,4,535,1,122.23
14981.0,Lost Customers,1,4,726,1,81.88
14982.0,Loyal Customers,1,4,326,1,119.07
14983.0,Loyal Customers,1,4,254,1,95.77
14984.0,Lost Customers,1,4,639,1,238.32
14985.0,Lost Customers,1,4,709,1,126.44
14986.0,Loyal Customers,1,4,234,1,103.97
14987.0,Loyal Customers,1,4,11,1,118.74
14988.0,Champions,1,4,124,1,168.75
14989.0,Lost Customers,1,4,628,1,131.58
14990.0,Potential Loyalists,1,4,466,1,231.37
14991.0,Lost Customers,1,4,657,1,68.14
14992.0,Lost Customers,1,4,662,1,122.27
14993.0,Potential Loyalists,1,4,413,1,122.64
14994.0,Potential Loyalists,1,4,485,1,127.14
14995.0,Lost Customers,1,4,576,1,67.62
14996.0,Potential Loyalists,1,4,409,1,115.24
14997.0,Loyal Customers,1,4,169,1,107.52
14998.0,Loyal Customers,1,4,175,1,119.45
14999.0,Lost Customers,1,4,682,1,71.04
15000.0,Lost Customers,1,4,685,1,17.1
15001.0,Loyal Customers,1,4,228,1,137.6
15002.0,Loyal Customers,1,4,164,1,142.41
15003.0,Potential Loyalists,1,4,417,1,85.52
15004.0,Lost Customers,1,4,701,1,224.84
15005.0,Loyal Customers,1,4,190,1,98.24
15006.0,Potential Loyalists,1,4,522,1,56.55
15007.0,Lost Customers,1,4,677,1,125.85
15008.0,Lost Customers,1,4,596,1,94.79
15009.0,Loyal Customers,1,4,59,1,80.58
15010.0,Champions,1,4,29,1,173.17
15011.0,Potential Loyalists,1,4,465,1,131.22
15012.0,Loyal Customers,1,4,162,1,116.57
15013.0,Loyal Customers,1,4,134,1,110.54
15014.0,Loyal Customers,1,4,71,1,88.2
15015.0,Lost Customers,1,4,557,1,128.94
15016.0,Loyal Customers,1,4,77,1,134.81
15017.0,Loyal Customers,1,4,349,1,15.0
15018.0,Potential Loyalists,1,4,368,1,145.86
15019.0,Loyal Customers,1,4,5,1,90.59
15020.0,Lost Customers,1,4,726,1,111.62
15021.0,Loyal Customers,1,4,73,1,95.46
15022.0,Loyal Customers,1,4,150,1,98.8
15023.0,Potential Loyalists,1,4,376,1,101.9
15024.0,Potential Loyalists,1,4,414,1,131.33
15025.0,Loyal Customers,1,4,241,1,152.86
15026.0,Loyal Customers,1,4,119,1,91.18
15027.0,Loyal Customers,1,4,64,1,150.13
15028.0,Loyal Customers,1,4,227,1,178.02
15029.0,Loyal Customers,1,4,14,1,77.63
15030.0,Lost Customers,1,4,621,1,159.32
15031.0,Lost Customers,1,4,628,1,163.53
15032.0,Lost Customers,1,4,577,1,154.58
15033.0,Loyal Customers,1,4,118,1,147.54
15034.0,Loyal Customers,1,4,299,1,80.05
15035.0,Potential Loyalists,1,4,499,1,125.67
15036.0,Potential Loyalists,1,4,368,1,93.57
15037.0,Loyal Customers,1,4,202,1,104.82
15038.0,Loyal Customers,1,4,158,1,111.98
15039.0,Loyal Customers,1,4,32,1,101.67
15040.0,Loyal Customers,1,4,66,1,144.59
15041.0,Potential Loyalists,1,4,391,1,96.07
15042.0,Loyal Customers,1,4,216,1,189.72
15043.0,Potential Loyalists,1,4,512,1,102.38
15044.0,Lost Customers,1,4,726,1,140.73
15045.0,Loyal Customers,1,4,159,1,144.94
15046.0,Loyal Customers,1,4,16,1,161.98
15047.0,Champions,1,4,55,1,165.45
15048.0,Loyal Customers,1,4,48,1,117.48
15049.0,Potential Loyalists,1,4,412,1,123.14
15050.0,Potential Loyalists,1,4,443,1,76.49
15051.0,Lost Customers,1,4,715,1,99.37
15052.0,Loyal Customers,1,4,5,1,82.78
15053.0,Loyal Customers,1,4,352,1,42.98
15054.0,Potential Loyalists,1,4,455,1,111.08
15055.0,Potential Loyalists,1,4,382,1,184.73
15056.0,Loyal Customers,1,4,349,1,226.06
15057.0,Lost Customers,1,4,642,1,132.23
15058.0,Loyal Customers,1,4,201,1,120.0
15059.0,Lost Customers,1,4,689,1,170.53
15060.0,Lost Customers,1,4,561,1,115.22
15061.0,Potential Loyalists,1,4,441,1,151.92
15062.0,Lost Customers,1,4,564,1,98.71
15063.0,Loyal Customers,1,4,58,1,69.38
15064.0,Loyal Customers,1,4,213,1,74.18
15065.0,Potential Loyalists,1,4,443,1,29.21
15066.0,Champions,1,4,70,1,294.75
15067.0,Loyal Customers,1,4,345,1,85.8
15068.0,Potential Loyalists,1,4,507,1,105.52
15069.0,Lost Customers,1,4,709,1,106.03
15070.0,Potential Loyalists,1,4,411,1,123.51
15071.0,Potential Loyalists,1,4,442,1,120.26
15072.0,Potential Loyalists,1,4,480,1,154.76
15073.0,Lost Customers,1,4,681,1,116.63
15074.0,Loyal Customers,1,4,242,1,109.92
15075.0,Loyal Customers,1,4,241,1,95.01
15076.0,Lost Customers,1,4,709,1,106.11
15077.0,Potential Loyalists,1,4,420,1,173.29
15078.0,Loyal Customers,1,4,126,1,100.31
15079.0,Lost Customers,1,4,562,1,115.15
15080.0,Loyal Customers,1,4,94,1,125.48
15081.0,Loyal Customers,1,4,88,1,111.59
15082.0,Lost Customers,1,4,572,1,130.4
15083.0,Lost Customers,1,4,669,1,156.87
15084.0,Loyal Customers,1,4,268,1,273.71
15085.0,Potential Loyalists,1,4,402,1,166.96
15086.0,Loyal Customers,1,4,315,1,130.01
15087.0,Loyal Customers,1,4,303,1,196.18
15088.0,Potential Loyalists,1,4,501,1,101.16
15089.0,Champions,1,4,130,1,185.92
15090.0,Loyal Customers,1,4,63,1,145.95
15091.0,Potential Loyalists,1,4,489,1,124.65
15092.0,Potential Loyalists,1,4,485,1,92.35
15093.0,Lost Customers,1,4,621,1,253.61
15094.0,Lost Customers,1,4,706,1,38.19
15095.0,Loyal Customers,1,4,205,1,151.99
15096.0,Loyal Customers,1,4,339,1,156.11
15097.0,Loyal Customers,1,4,0,1,125.32
15098.0,Loyal Customers,1,4,25,1,105.63
15099.0,Potential Loyalists,1,4,391,1,270.8
15100.0,Loyal Customers,1,4,39,1,75.5
15101.0,Loyal Customers,1,4,137,1,70.61
15102.0,Loyal Customers,1,4,359,1,260.99
15103.0,Potential Loyalists,1,4,382,1,150.3
15104.0,Lost Customers,1,4,716,1,66.6
15105.0,Loyal Customers,1,4,38,1,115.44
15106.0,Lost Customers,1,4,623,1,108.13
15107.0,Potential Loyalists,1,4,409,1,112.45
15108.0,Loyal Customers,1,4,298,1,90.83
15109.0,Potential Loyalists,1,4,397,1,125.23
15110.0,Potential Loyalists,1,4,422,1,144.22
15111.0,Loyal Customers,1,4,355,1,75.58
15112.0,Potential Loyalists,1,4,375,1,127.62
15113.0,Loyal Customers,1,4,62,1,152.81
15114.0,Loyal Customers,1,4,212,1,130.83
15115.0,Lost Customers,1,4,672,1,113.26
15116.0,Potential Loyalists,1,4,412,1,103.62
15117.0,Lost Customers,1,4,549,1,274.44
15118.0,Champions,1,4,40,1,176.92
15119.0,Potential Loyalists,1,4,398,1,319.14
15120.0,Loyal Customers,1,4,21,1,131.74
15121.0,Loyal Customers,1,4,337,1,99.03
15122.0,Loyal Customers,1,4,54,1,39.36
15123.0,Loyal Customers,1,4,206,1,114.56
15124.0,Loyal Customers,1,4,220,1,187.03
15125.0,Potential Loyalists,1,4,452,1,98.71
15126.0,Loyal Customers,1,4,196,1,133.63
15127.0,Loyal Customers,1,4,175,1,120.82
15128.0,Loyal Customers,1,4,322,1,174.93
15129.0,Loyal Customers,1,4,238,1,163.02
15130.0,Lost Customers,1,4,689,1,122.41
15131.0,Loyal Customers,1,4,278,1,72.42
15132.0,Loyal Customers,1,4,218,1,105.83
15133.0,Lost Customers,1,4,719,1,79.14
15134.0,Potential Loyalists,1,4,518,1,85.89
15135.0,Champions,1,4,172,1,165.91
15136.0,Loyal Customers,1,4,308,1,129.45
15137.0,Loyal Customers,1,4,170,1,56.85
15138.0,Loyal Customers,1,4,301,1,89.84
15139.0,Lost Customers,1,4,677,1,115.06
15140.0,Loyal Customers,1,4,271,1,100.56
15141.0,Lost Customers,1,4,559,1,145.14
15142.0,Lost Customers,1,4,618,1,123.36
15143.0,Champions,1,4,66,1,199.47
15144.0,Potential Loyalists,1,4,472,1,200.85
15145.0,Loyal Customers,1,4,140,1,103.27
15146.0,Potential Loyalists,1,4,459,1,78.81
15147.0,Lost Customers,1,4,623,1,198.75
15148.0,Loyal Customers,1,4,302,1,73.69
15149.0,Lost Customers,1,4,553,1,111.97
15150.0,Potential Loyalists,1,4,541,1,77.84
15151.0,Loyal Customers,1,4,185,1,125.82
15152.0,Potential Loyalists,1,4,543,1,123.92
15153.0,Lost Customers,1,4,697,1,98.85
15154.0,Lost Customers,1,4,630,1,77.02
15155.0,Lost Customers,1,4,648,1,122.21
15156.0,Loyal Customers,1,4,112,1,86.38
15157.0,Loyal Customers,1,4,217,1,85.94
15158.0,Loyal Customers,1,4,179,1,76.48
15159.0,Potential Loyalists,1,4,544,1,83.73
15160.0,Potential Loyalists,1,4,447,1,86.52
15161.0,Lost Customers,1,4,567,1,121.44
15162.0,Lost Customers,1,4,602,1,115.83
15163.0,Lost Customers,1,4,645,1,114.01
15164.0,Lost Customers,1,4,608,1,285.09
15165.0,Loyal Customers,1,4,293,1,65.64
15166.0,Loyal Customers,1,4,21,1,112.49
15167.0,Champions,1,4,111,1,191.33
15168.0,Lost Customers,1,4,716,1,99.41
15169.0,Loyal Customers,1,4,39,1,91.15
15170.0,Loyal Customers,1,4,113,1,138.99
15171.0,Loyal Customers,1,4,354,1,70.61
15172.0,Lost Customers,1,4,686,1,204.5
15173.0,Potential Loyalists,1,4,421,1,219.97
15174.0,Champions,1,4,179,1,219.69
15175.0,Loyal Customers,1,4,292,1,154.12
15176.0,Champions,1,4,158,1,197.63
15177.0,Loyal Customers,1,4,253,1,87.76
15178.0,Loyal Customers,1,4,270,1,97.84
15179.0,Potential Loyalists,1,4,402,1,125.21
15180.0,Loyal Customers,1,4,91,1,120.65
15181.0,Loyal Customers,1,4,66,1,118.07
15182.0,Loyal Customers,1,4,76,1,112.51
15183.0,Loyal Customers,1,4,350,1,153.51
15184.0,Loyal Customers,1,4,226,1,89.45
15185.0,Loyal Customers,1,4,335,1,138.17
15186.0,Loyal Customers,1,4,9,1,134.62
15187.0,Potential Loyalists,1,4,548,1,217.9
15188.0,Lost Customers,1,4,630,1,111.72
15189.0,Loyal Customers,1,4,163,1,142.67
15190.0,Loyal Customers,1,4,262,1,49.77
15191.0,Loyal Customers,1,4,39,1,68.38
15192.0,Loyal Customers,1,4,83,1,151.75
15193.0,Lost Customers,1,4,642,1,207.3
15194.0,Potential Loyalists,1,4,369,1,134.87
15195.0,Loyal Customers,1,4,89,1,109.06
15196.0,Lost Customers,1,4,649,1,268.5
15197.0,Loyal Customers,1,4,270,1,128.86
15198.0,Loyal Customers,1,4,242,1,145.32
15199.0,Potential Loyalists,1,4,390,1,85.36
15200.0,Loyal Customers,1,4,193,1,158.28
15201.0,Loyal Customers,1,4,30,1,65.57
15202.0,Potential Loyalists,1,4,367,1,167.05
15203.0,Potential Loyalists,1,4,377,1,128.48
15204.0,Loyal Customers,1,4,63,1,134.27
15205.0,Loyal Customers,1,4,218,1,170.39
15206.0,Loyal Customers,1,4,78,1,107.34
15207.0,Potential Loyalists,1,4,493,1,116.03
15208.0,Potential Loyalists,1,4,504,1,116.23
15209.0,Lost Customers,1,4,667,1,140.46
15210.0,Loyal Customers,1,4,312,1,155.01
15211.0,Loyal Customers,1,4,199,1,125.06
15212.0,Loyal Customers,1,4,233,1,190.15
15213.0,Loyal Customers,1,4,38,1,144.37
15214.0,Loyal Customers,1,4,285,1,121.86
15215.0,Loyal Customers,1,4,9,1,93.9
15216.0,Loyal Customers,1,4,42,1,105.9
15217.0,Potential Loyalists,1,4,425,1,123.08
15218.0,Lost Customers,1,4,716,1,65.2
15219.0,Loyal Customers,1,4,310,1,139.53
15220.0,Lost Customers,1,4,562,1,181.65
15221.0,Loyal Customers,1,4,356,1,51.1
15222.0,Lost Customers,1,4,702,1,76.55
15223.0,Potential Loyalists,1,4,469,1,56.97
15224.0,Loyal Customers,1,4,147,1,118.52
15225.0,Lost Customers,1,4,636,1,138.14
15226.0,Loyal Customers,1,4,46,1,132.45
15227.0,Potential Loyalists,1,4,509,1,120.26
15228.0,Loyal Customers,1,4,49,1,60.8
15229.0,Loyal Customers,1,4,360,1,104.21
15230.0,Lost Customers,1,4,720,1,93.51
15231.0,Lost Customers,1,4,696,1,99.51
15232.0,Loyal Customers,1,4,322,1,158.44
15233.0,Loyal Customers,1,4,319,1,123.48
15234.0,Potential Loyalists,1,4,504,1,121.65
15235.0,Loyal Customers,1,4,348,1,96.25
15236.0,Potential Loyalists,1,4,411,1,112.44
15237.0,Loyal Customers,1,4,146,1,99.23
15238.0,Loyal Customers,1,4,179,1,85.56
15239.0,Loyal Customers,1,4,164,1,56.0
15240.0,Loyal Customers,1,4,241,1,152.92
15241.0,Lost Customers,1,4,626,1,108.0
15242.0,Lost Customers,1,4,681,1,220.7
15243.0,Loyal Customers,1,4,138,1,77.98
15244.0,Potential Loyalists,1,4,538,1,135.68
15245.0,Potential Loyalists,1,4,521,1,156.73
15246.0,Lost Customers,1,4,600,1,155.44
15247.0,Loyal Customers,1,4,334,1,69.55
15248.0,Potential Loyalists,1,4,463,1,189.64
15249.0,Loyal Customers,1,4,3,1,42.61
15250.0,Loyal Customers,1,4,257,1,107.1
15251.0,Loyal Customers,1,4,290,1,85.39
15252.0,Loyal Customers,1,4,356,1,93.03
15253.0,Potential Loyalists,1,4,472,1,161.58
15254.0,Lost Customers,1,4,613,1,152.82
15255.0,Loyal Customers,1,4,156,1,86.09
15256.0,Lost Customers,1,4,621,1,119.7
15257.0,Potential Loyalists,1,4,387,1,96.27
15258.0,Potential Loyalists,1,4,431,1,94.21
15259.0,Lost Customers,1,4,690,1,131.68
15260.0,Lost Customers,1,4,701,1,140.89
15261.0,Lost Customers,1,4,724,1,70.64
15262.0,Lost Customers,1,4,682,1,107.58
15263.0,Loyal Customers,1,4,85,1,123.84
15264.0,Loyal Customers,1,4,104,1,162.78
15265.0,Loyal Customers,1,4,296,1,154.55
15266.0,Loyal Customers,1,4,113,1,114.31
15267.0,Potential Loyalists,1,4,454,1,77.52
15268.0,Loyal Customers,1,4,94,1,62.75
15269.0,Loyal Customers,1,4,75,1,139.39
15270.0,Potential Loyalists,1,4,443,1,107.3
15271.0,Loyal Customers,1,4,259,1,126.79
15272.0,Potential Loyalists,1,4,432,1,114.23
15273.0,Loyal Customers,1,4,173,1,107.11
15274.0,Lost Customers,1,4,728,1,132.8
15275.0,Loyal Customers,1,4,14,1,102.93
15276.0,Loyal Customers,1,4,303,1,86.8
15277.0,Potential Loyalists,1,4,523,1,222.75
15278.0,Potential Loyalists,1,4,519,1,111.23
15279.0,Lost Customers,1,4,681,1,120.14
15280.0,Lost Customers,1,4,654,1,82.07
15281.0,Loyal Customers,1,4,20,1,98.99
15282.0,Loyal Customers,1,4,325,1,237.67
15283.0,Potential Loyalists,1,4,436,1,86.33
15284.0,Loyal Customers,1,4,330,1,93.08
15285.0,Loyal Customers,1,4,8,1,150.25
15286.0,Loyal Customers,1,4,216,1,105.57
15287.0,Lost Customers,1,4,621,1,222.06
15288.0,Loyal Customers,1,4,201,1,134.08
15289.0,Lost Customers,1,4,659,1,89.18
15290.0,Potential Loyalists,1,4,486,1,255.19
15291.0,Loyal Customers,1,4,315,1,130.71
15292.0,Loyal Customers,1,4,252,1,206.12
15293.0,Lost Customers,1,4,561,1,77.69
15294.0,Potential Loyalists,1,4,456,1,136.94
15295.0,Lost Customers,1,4,595,1,114.03
15296.0,Lost Customers,1,4,573,1,133.63
15297.0,Potential Loyalists,1,4,423,1,78.7
15298.0,Lost Customers,1,4,718,1,81.09
15299.0,Lost Customers,1,4,558,1,100.22
15300.0,Loyal Customers,1,4,200,1,82.71
15301.0,Potential Loyalists,1,4,524,1,81.38
15302.0,Loyal Customers,1,4,333,1,167.5
15303.0,Lost Customers,1,4,668,1,67.98
15304.0,Potential Loyalists,1,4,467,1,112.18
15305.0,Potential Loyalists,1,4,400,1,114.66
15306.0,Loyal Customers,1,4,362,1,176.05
15307.0,Loyal Customers,1,4,77,1,123.87
15308.0,Loyal Customers,1,4,90,1,76.81
15309.0,Loyal Customers,1,4,130,1,128.7
15310.0,Champions,1,4,38,1,280.88
15311.0,Potential Loyalists,1,4,440,1,102.3
15312.0,Potential Loyalists,1,4,475,1,238.4
15313.0,Loyal Customers,1,4,281,1,212.79
15314.0,Loyal Customers,1,4,340,1,107.02
15315.0,Loyal Customers,1,4,223,1,92.96
15316.0,Potential Loyalists,1,4,457,1,117.76
15317.0,Potential Loyalists,1,4,397,1,121.46
15318.0,Potential Loyalists,1,4,416,1,63.67
15319.0,Champions,1,4,137,1,168.02
15320.0,Loyal Customers,1,4,226,1,77.61
15321.0,Loyal Customers,1,4,178,1,97.38
15322.0,Potential Loyalists,1,4,504,1,72.76
15323.0,Loyal Customers,1,4,165,1,149.06
15324.0,Lost Customers,1,4,723,1,105.35
15325.0,Potential Loyalists,1,4,421,1,51.74
15326.0,Lost Customers,1,4,656,1,84.71
15327.0,Lost Customers,1,4,689,1,77.77
15328.0,Loyal Customers,1,4,233,1,112.79
15329.0,Loyal Customers,1,4,128,1,75.86
15330.0,Lost Customers,1,4,566,1,98.59
15331.0,Lost Customers,1,4,723,1,108.32
15332.0,Loyal Customers,1,4,179,1,118.58
15333.0,Potential Loyalists,1,4,378,1,114.42
15334.0,Loyal Customers,1,4,166,1,118.56
15335.0,Loyal Customers,1,4,18,1,85.48
15336.0,Lost Customers,1,4,703,1,99.16
15337.0,Loyal Customers,1,4,320,1,156.03
15338.0,Potential Loyalists,1,4,546,1,65.1
15339.0,Potential Loyalists,1,4,475,1,98.25
15340.0,Loyal Customers,1,4,231,1,149.85
15341.0,Potential Loyalists,1,4,543,1,107.07
15342.0,Lost Customers,1,4,727,1,89.08
15343.0,Potential Loyalists,1,4,481,1,105.5
15344.0,Loyal Customers,1,4,361,1,136.94
15345.0,Potential Loyalists,1,4,386,1,162.32
15346.0,Potential Loyalists,1,4,403,1,84.62
15347.0,Loyal Customers,1,4,79,1,101.23
15348.0,Loyal Customers,1,4,364,1,149.7
15349.0,Lost Customers,1,4,653,1,117.13
15350.0,Loyal Customers,1,4,253,1,146.9
15351.0,Loyal Customers,1,4,240,1,104.38
15352.0,Loyal Customers,1,4,135,1,94.04
15353.0,Loyal Customers,1,4,239,1,88.98
15354.0,Loyal Customers,1,4,0,1,120.87
15355.0,Loyal Customers,1,4,171,1,100.97
15356.0,Loyal Customers,1,4,306,1,131.93
15357.0,Loyal Customers,1,4,10,1,125.21
15358.0,Champions,1,4,93,1,276.87
15359.0,Potential Loyalists,1,4,536,1,121.44
15360.0,Champions,1,4,57,1,274.17
15361.0,Loyal Customers,1,4,80,1,87.37
15362.0,Loyal Customers,1,4,87,1,104.88
15363.0,Loyal Customers,1,4,60,1,111.9
15364.0,Potential Loyalists,1,4,417,1,126.9
15365.0,Lost Customers,1,4,623,1,155.36
15366.0,Loyal Customers,1,4,303,1,145.28
15367.0,Loyal Customers,1,4,339,1,40.4
15368.0,Lost Customers,1,4,652,1,96.83
15369.0,Loyal Customers,1,4,326,1,171.79
15370.0,Lost Customers,1,4,593,1,287.01
15371.0,Loyal Customers,1,4,111,1,109.55
15372.0,Lost Customers,1,4,682,1,89.39
15373.0,Potential Loyalists,1,4,502,1,230.15
15374.0,Potential Loyalists,1,4,463,1,129.09
15375.0,Loyal Customers,1,4,365,1,108.22
15376.0,Loyal Customers,1,4,70,1,96.66
15377.0,Potential Loyalists,1,4,481,1,116.62
15378.0,Loyal Customers,1,4,27,1,71.25
15379.0,Lost Customers,1,4,614,1,194.51
15380.0,Loyal Customers,1,4,164,1,88.33
15381.0,Lost Customers,1,4,598,1,268.37
15382.0,Loyal Customers,1,4,55,1,94.87
15383.0,Potential Loyalists,1,4,390,1,182.68
15384.0,Loyal Customers,1,4,30,1,147.8
15385.0,Lost Customers,1,4,549,1,79.08
15386.0,Loyal Customers,1,4,6,1,123.8
15387.0,Lost Customers,1,4,654,1,64.96
15388.0,Potential Loyalists,1,4,407,1,121.19
15389.0,Lost Customers,1,4,566,1,129.47
15390.0,Potential Loyalists,1,4,497,1,99.82
15391.0,Loyal Customers,1,4,354,1,112.79
15392.0,Champions,1,4,93,1,210.03
15393.0,Champions,1,4,65,1,328.89
15394.0,Loyal Customers,1,4,336,1,80.59
15395.0,Loyal Customers,1,4,257,1,47.48
15396.0,Potential Loyalists,1,4,399,1,95.59
15397.0,Loyal Customers,1,4,173,1,146.27
15398.0,Loyal Customers,1,4,310,1,271.57
15399.0,Potential Loyalists,1,4,442,1,213.5
15400.0,Loyal Customers,1,4,310,1,110.33
15401.0,Potential Loyalists,1,4,510,1,95.28
15402.0,Potential Loyalists,1,4,393,1,184.78
15403.0,Loyal Customers,1,4,54,1,34.44
15404.0,Lost Customers,1,4,596,1,116.07
15405.0,Lost Customers,1,4,594,1,82.4
15406.0,Loyal Customers,1,4,300,1,120.31
15407.0,Potential Loyalists,1,4,379,1,182.28
15408.0,Champions,1,4,47,1,208.69
15409.0,Loyal Customers,1,4,136,1,130.33
15410.0,Champions,1,4,14,1,267.92
15411.0,Lost Customers,1,4,585,1,109.13
15412.0,Potential Loyalists,1,4,449,1,118.42
15413.0,Lost Customers,1,4,575,1,92.12
15414.0,Loyal Customers,1,4,156,1,59.99
15415.0,Potential Loyalists,1,4,473,1,97.46
15416.0,Loyal Customers,1,4,142,1,68.94
15417.0,Potential Loyalists,1,4,499,1,136.79
15418.0,Loyal Customers,1,4,114,1,104.38
15419.0,Lost Customers,1,4,578,1,131.59
15420.0,Loyal Customers,1,4,234,1,93.7
15421.0,Loyal Customers,1,4,175,1,163.14
15422.0,Potential Loyalists,1,4,448,1,169.14
15423.0,Loyal Customers,1,4,250,1,121.72
15424.0,Lost Customers,1,4,701,1,85.09
15425.0,Loyal Customers,1,4,318,1,112.13
15426.0,Potential Loyalists,1,4,531,1,108.08
15427.0,Potential Loyalists,1,4,396,1,77.96
15428.0,Champions,1,4,5,1,190.31
15429.0,Loyal Customers,1,4,345,1,107.73
15430.0,Loyal Customers,1,4,286,1,127.25
15431.0,Lost Customers,1,4,688,1,192.09
15432.0,Lost Customers,1,4,614,1,89.34
15433.0,Loyal Customers,1,4,303,1,92.85
15434.0,Potential Loyalists,1,4,471,1,124.07
15435.0,Potential Loyalists,1,4,498,1,148.47
15436.0,Loyal Customers,1,4,215,1,120.23
15437.0,Lost Customers,1,4,642,1,91.51
15438.0,Loyal Customers,1,4,266,1,146.3
15439.0,Loyal Customers,1,4,127,1,151.41
15440.0,Loyal Customers,1,4,262,1,116.64
15441.0,Lost Customers,1,4,567,1,70.85
15442.0,Loyal Customers,1,4,211,1,58.02
15443.0,Lost Customers,1,4,618,1,159.39
15444.0,Potential Loyalists,1,4,470,1,106.19
15445.0,Loyal Customers,1,4,167,1,104.4
15446.0,Lost Customers,1,4,703,1,146.94
15447.0,Lost Customers,1,4,619,1,88.34
15448.0,Loyal Customers,1,4,149,1,80.02
15449.0,Loyal Customers,1,4,227,1,177.06
15450.0,Lost Customers,1,4,715,1,104.25
15451.0,Lost Customers,1,4,703,1,67.25
15452.0,Potential Loyalists,1,4,529,1,188.88
15453.0,Potential Loyalists,1,4,385,1,184.89
15454.0,Potential Loyalists,1,4,448,1,239.83
15455.0,Loyal Customers,1,4,278,1,179.26
15456.0,Loyal Customers,1,4,71,1,79.13
15457.0,Lost Customers,1,4,597,1,58.49
15458.0,Potential Loyalists,1,4,444,1,89.87
15459.0,Lost Customers,1,4,573,1,64.26
15460.0,Potential Loyalists,1,4,527,1,74.04
15461.0,Loyal Customers,1,4,322,1,136.35
15462.0,Loyal Customers,1,4,185,1,126.56
15463.0,Potential Loyalists,1,4,477,1,101.64
15464.0,Potential Loyalists,1,4,536,1,197.73
15465.0,Loyal Customers,1,4,352,1,71.22
15466.0,Potential Loyalists,1,4,513,1,261.37
15467.0,Loyal Customers,1,4,267,1,146.12
15468.0,Loyal Customers,1,4,61,1,87.06
15469.0,Potential Loyalists,1,4,429,1,191.97
15470.0,Loyal Customers,1,4,224,1,131.42
15471.0,Potential Loyalists,1,4,475,1,147.5
15472.0,Loyal Customers,1,4,298,1,158.37
15473.0,Lost Customers,1,4,696,1,143.42
15474.0,Lost Customers,1,4,585,1,165.3
15475.0,Potential Loyalists,1,4,402,1,137.74
15476.0,Loyal Customers,1,4,15,1,89.81
15477.0,Lost Customers,1,4,558,1,89.5
15478.0,Lost Customers,1,4,722,1,100.22
15479.0,Potential Loyalists,1,4,455,1,105.09
15480.0,Potential Loyalists,1,4,518,1,122.72
15481.0,Loyal Customers,1,4,286,1,196.26
15482.0,Loyal Customers,1,4,191,1,87.6
15483.0,Loyal Customers,1,4,222,1,70.1
15484.0,Potential Loyalists,1,4,389,1,47.07
15485.0,Loyal Customers,1,4,255,1,193.73
15486.0,Potential Loyalists,1,4,542,1,75.2
15487.0,Loyal Customers,1,4,127,1,138.66
15488.0,Potential Loyalists,1,4,487,1,164.57
15489.0,Loyal Customers,1,4,165,1,99.64
15490.0,Lost Customers,1,4,727,1,220.11
15491.0,Lost Customers,1,4,559,1,80.52
15492.0,Loyal Customers,1,4,88,1,133.97
15493.0,Potential Loyalists,1,4,403,1,138.52
15494.0,Loyal Customers,1,4,319,1,85.75
15495.0,Loyal Customers,1,4,11,1,117.2
15496.0,Loyal Customers,1,4,306,1,110.7
15497.0,Loyal Customers,1,4,68,1,140.92
15498.0,Loyal Customers,1,4,61,1,74.52
15499.0,Loyal Customers,1,4,205,1,88.97
15500.0,Loyal Customers,1,4,264,1,148.52
15501.0,Loyal Customers,1,4,39,1,158.44
15502.0,Loyal Customers,1,4,172,1,91.49
15503.0,Potential Loyalists,1,4,533,1,83.52
15504.0,Potential Loyalists,1,4,471,1,73.78
15505.0,Lost Customers,1,4,562,1,97.24
15506.0,Lost Customers,1,4,688,1,133.26
15507.0,Lost Customers,1,4,625,1,129.56
15508.0,Lost Customers,1,4,662,1,97.48
15509.0,Lost Customers,1,4,713,1,187.64
15510.0,Potential Loyalists,1,4,395,1,124.11
15511.0,Lost Customers,1,4,549,1,131.82
15512.0,Potential Loyalists,1,4,384,1,139.97
15513.0,Potential Loyalists,1,4,485,1,135.01
15514.0,Loyal Customers,1,4,0,1,125.71
15515.0,Potential Loyalists,1,4,453,1,91.28
15516.0,Loyal Customers,1,4,282,1,96.59
15517.0,Loyal Customers,1,4,251,1,190.51
15518.0,Loyal Customers,1,4,191,1,72.64
15519.0,Lost Customers,1,4,593,1,329.92
15520.0,Lost Customers,1,4,649,1,87.07
15521.0,Lost Customers,1,4,589,1,226.21
15522.0,Loyal Customers,1,4,151,1,110.52
15523.0,Loyal Customers,1,4,249,1,63.3
15524.0,Potential Loyalists,1,4,486,1,109.32
15525.0,Potential Loyalists,1,4,401,1,165.97
15526.0,Loyal Customers,1,4,146,1,139.39
15527.0,Potential Loyalists,1,4,385,1,64.64
15528.0,Loyal Customers,1,4,161,1,124.21
15529.0,Loyal Customers,1,4,268,1,161.33
15530.0,Loyal Customers,1,4,128,1,103.85
15531.0,Potential Loyalists,1,4,477,1,61.26
15532.0,Lost Customers,1,4,604,1,139.07
15533.0,Lost Customers,1,4,606,1,147.45
15534.0,Potential Loyalists,1,4,459,1,112.65
15535.0,Lost Customers,1,4,726,1,197.93
15536.0,Potential Loyalists,1,4,517,1,124.1
15537.0,Potential Loyalists,1,4,424,1,158.16
15538.0,Loyal Customers,1,4,161,1,59.98
15539.0,Loyal Customers,1,4,293,1,99.28
15540.0,Potential Loyalists,1,4,440,1,88.65
15541.0,Lost Customers,1,4,572,1,167.28
15542.0,Lost Customers,1,4,682,1,89.54
15543.0,Loyal Customers,1,4,169,1,97.6
15544.0,Lost Customers,1,4,586,1,188.22
15545.0,Loyal Customers,1,4,219,1,98.02
15546.0,Loyal Customers,1,4,9,1,89.49
15547.0,Loyal Customers,1,4,351,1,86.03
15548.0,Champions,1,4,134,1,179.98
15549.0,Loyal Customers,1,4,294,1,90.52
15550.0,Lost Customers,1,4,652,1,110.02
15551.0,Potential Loyalists,1,4,544,1,115.07
15552.0,Loyal Customers,1,4,173,1,115.41
15553.0,Potential Loyalists,1,4,513,1,172.48
15554.0,Loyal Customers,1,4,329,1,111.46
15555.0,Loyal Customers,1,4,30,1,89.13
15556.0,Potential Loyalists,1,4,371,1,111.64
15557.0,Potential Loyalists,1,4,374,1,105.28
15558.0,Lost Customers,1,4,555,1,231.49
15559.0,Potential Loyalists,1,4,481,1,158.79
15560.0,Potential Loyalists,1,4,515,1,66.42
15561.0,Loyal Customers,1,4,248,1,121.38
15562.0,Loyal Customers,1,4,18,1,96.92
15563.0,Loyal Customers,1,4,348,1,138.09
15564.0,Lost Customers,1,4,722,1,70.91
15565.0,Loyal Customers,1,4,19,1,119.4
15566.0,Loyal Customers,1,4,229,1,154.46
15567.0,Potential Loyalists,1,4,435,1,72.44
15568.0,Loyal Customers,1,4,310,1,195.54
15569.0,Loyal Customers,1,4,141,1,86.45
15570.0,Potential Loyalists,1,4,458,1,116.27
15571.0,Loyal Customers,1,4,154,1,104.24
15572.0,Loyal Customers,1,4,22,1,160.54
15573.0,Lost Customers,1,4,628,1,147.33
15574.0,Potential Loyalists,1,4,403,1,111.84
15575.0,Lost Customers,1,4,576,1,198.85
15576.0,Potential Loyalists,1,4,370,1,195.96
15577.0,Loyal Customers,1,4,205,1,139.16
15578.0,Loyal Customers,1,4,165,1,101.41
15579.0,Loyal Customers,1,4,211,1,184.35
15580.0,Potential Loyalists,1,4,424,1,271.26
15581.0,Lost Customers,1,4,713,1,89.43
15582.0,Loyal Customers,1,4,343,1,131.17
15583.0,Loyal Customers,1,4,339,1,111.82
15584.0,Champions,1,4,156,1,242.27
15585.0,Lost Customers,1,4,584,1,98.29
15586.0,Lost Customers,1,4,549,1,281.72
15587.0,Lost Customers,1,4,722,1,157.13
15588.0,Champions,1,4,78,1,169.74
15589.0,Potential Loyalists,1,4,456,1,77.27
15590.0,Loyal Customers,1,4,334,1,111.76
15591.0,Lost Customers,1,4,633,1,122.84
15592.0,Champions,1,4,148,1,206.69
15593.0,Champions,1,4,80,1,241.54
15594.0,Potential Loyalists,1,4,371,1,128.51
15595.0,Loyal Customers,1,4,336,1,178.51
15596.0,Potential Loyalists,1,4,467,1,136.44
15597.0,Loyal Customers,1,4,128,1,148.9
15598.0,Loyal Customers,1,4,53,1,159.28
15599.0,Potential Loyalists,1,4,472,1,108.87
15600.0,Potential Loyalists,1,4,506,1,83.15
15601.0,Loyal Customers,1,4,6,1,45.51
15602.0,Loyal Customers,1,4,194,1,169.7
15603.0,Loyal Customers,1,4,100,1,79.31
15604.0,Potential Loyalists,1,4,434,1,114.54
15605.0,Loyal Customers,1,4,326,1,89.85
15606.0,Lost Customers,1,4,631,1,99.75
15607.0,Loyal Customers,1,4,282,1,81.96
15608.0,Potential Loyalists,1,4,385,1,110.62
15609.0,Loyal Customers,1,4,223,1,104.68
15610.0,Loyal Customers,1,4,275,1,108.82
15611.0,Loyal Customers,1,4,311,1,60.27
15612.0,Loyal Customers,1,4,329,1,143.49
15613.0,Lost Customers,1,4,621,1,108.01
15614.0,Lost Customers,1,4,618,1,132.97
15615.0,Champions,1,4,132,1,166.02
15616.0,Loyal Customers,1,4,356,1,75.98
15617.0,Potential Loyalists,1,4,430,1,189.49
15618.0,Potential Loyalists,1,4,502,1,118.03
15619.0,Potential Loyalists,1,4,419,1,129.82
15620.0,Lost Customers,1,4,574,1,99.25
15621.0,Potential Loyalists,1,4,468,1,80.09
15622.0,Loyal Customers,1,4,352,1,199.93
15623.0,Potential Loyalists,1,4,390,1,88.99
15624.0,Loyal Customers,1,4,23,1,126.44
15625.0,Loyal Customers,1,4,341,1,133.51
15626.0,Potential Loyalists,1,4,435,1,68.18
15627.0,Lost Customers,1,4,621,1,75.4
15628.0,Lost Customers,1,4,669,1,96.01
15629.0,Potential Loyalists,1,4,509,1,120.95
15630.0,Loyal Customers,1,4,262,1,193.26
15631.0,Loyal Customers,1,4,67,1,130.61
15632.0,Lost Customers,1,4,681,1,121.97
15633.0,Loyal Customers,1,4,210,1,137.64
15634.0,Lost Customers,1,4,715,1,99.41
15635.0,Loyal Customers,1,4,315,1,144.89
15636.0,Loyal Customers,1,4,76,1,142.06
15637.0,Lost Customers,1,4,577,1,102.28
15638.0,Loyal Customers,1,4,311,1,100.06
15639.0,Lost Customers,1,4,713,1,236.05
15640.0,Loyal Customers,1,4,326,1,98.84
15641.0,Loyal Customers,1,4,255,1,219.21
15642.0,Loyal Customers,1,4,110,1,107.49
15643.0,Loyal Customers,1,4,52,1,59.47
15644.0,Potential Loyalists,1,4,445,1,168.59
15645.0,Loyal Customers,1,4,84,1,156.71
15646.0,Lost Customers,1,4,618,1,141.78
15647.0,Lost Customers,1,4,556,1,103.0
15648.0,Potential Loyalists,1,4,431,1,185.51
15649.0,Potential Loyalists,1,4,368,1,78.27
15650.0,Potential Loyalists,1,4,429,1,151.04
15651.0,Loyal Customers,1,4,204,1,109.09
15652.0,Loyal Customers,1,4,233,1,89.04
15653.0,Loyal Customers,1,4,11,1,134.21
15654.0,Potential Loyalists,1,4,525,1,154.2
15655.0,Champions,1,4,140,1,181.09
15656.0,Loyal Customers,1,4,108,1,151.75
15657.0,Potential Loyalists,1,4,503,1,110.71
15658.0,Loyal Customers,1,4,298,1,102.8
15659.0,Potential Loyalists,1,4,530,1,111.57
15660.0,Loyal Customers,1,4,352,1,75.97
15661.0,Loyal Customers,1,4,80,1,103.29
15662.0,Loyal Customers,1,4,37,1,73.33
15663.0,Loyal Customers,1,4,167,1,115.49
15664.0,Champions,1,4,123,1,192.62
15665.0,Lost Customers,1,4,586,1,151.64
15666.0,Loyal Customers,1,4,191,1,105.02
15667.0,Loyal Customers,1,4,282,1,109.81
15668.0,Loyal Customers,1,4,150,1,54.84
15669.0,Lost Customers,1,4,613,1,248.43
15670.0,Potential Loyalists,1,4,432,1,171.26
15671.0,Loyal Customers,1,4,294,1,86.33
15672.0,Loyal Customers,1,4,11,1,139.4
15673.0,Potential Loyalists,1,4,510,1,96.33
15674.0,Loyal Customers,1,4,309,1,95.15
15675.0,Loyal Customers,1,4,134,1,78.21
15676.0,Lost Customers,1,4,606,1,116.22
15677.0,Potential Loyalists,1,4,491,1,55.63
15678.0,Lost Customers,1,4,692,1,91.11
15679.0,Potential Loyalists,1,4,423,1,121.4
15680.0,Potential Loyalists,1,4,547,1,101.25
15681.0,Potential Loyalists,1,4,535,1,62.61
15682.0,Potential Loyalists,1,4,376,1,252.9
15683.0,Loyal Customers,1,4,99,1,78.23
15684.0,Loyal Customers,1,4,62,1,133.76
15685.0,Potential Loyalists,1,4,491,1,92.67
15686.0,Lost Customers,1,4,665,1,79.5
15687.0,Loyal Customers,1,4,177,1,64.7
15688.0,Loyal Customers,1,4,255,1,81.53
15689.0,Loyal Customers,1,4,221,1,56.91
15690.0,Loyal Customers,1,4,242,1,88.9
15691.0,Champions,1,4,162,1,218.12
15692.0,Loyal Customers,1,4,122,1,70.78
15693.0,Lost Customers,1,4,654,1,249.04
15694.0,Champions,1,4,115,1,233.7
15695.0,Potential Loyalists,1,4,369,1,83.92
15696.0,Loyal Customers,1,4,20,1,99.24
15697.0,Potential Loyalists,1,4,367,1,61.07
15698.0,Potential Loyalists,1,4,441,1,36.07
15699.0,Loyal Customers,1,4,197,1,91.2
15700.0,Potential Loyalists,1,4,442,1,255.58
15701.0,Lost Customers,1,4,668,1,251.63
15702.0,Loyal Customers,1,4,12,1,109.33
15703.0,Loyal Customers,1,4,183,1,197.63
15704.0,Loyal Customers,1,4,25,1,77.87
15705.0,Loyal Customers,1,4,293,1,103.84
15706.0,Loyal Customers,1,4,359,1,163.18
15707.0,Loyal Customers,1,4,119,1,114.35
15708.0,Potential Loyalists,1,4,367,1,152.26
15709.0,Potential Loyalists,1,4,382,1,143.14
15710.0,Potential Loyalists,1,4,447,1,111.05
15711.0,Champions,1,4,169,1,285.24
15712.0,Loyal Customers,1,4,71,1,96.11
15713.0,Loyal Customers,1,4,14,1,83.46
15714.0,Loyal Customers,1,4,360,1,80.87
15715.0,Loyal Customers,1,4,126,1,72.34
15716.0,Loyal Customers,1,4,272,1,160.01
15717.0,Loyal Customers,1,4,156,1,116.63
15718.0,Potential Loyalists,1,4,431,1,105.08
15719.0,Loyal Customers,1,4,284,1,86.12
15720.0,Loyal Customers,1,4,284,1,128.05
15721.0,Potential Loyalists,1,4,519,1,97.61
15722.0,Lost Customers,1,4,563,1,133.93
15723.0,Potential Loyalists,1,4,523,1,87.01
15724.0,Loyal Customers,1,4,299,1,120.98
15725.0,Champions,1,4,168,1,171.26
15726.0,Loyal Customers,1,4,363,1,119.09
15727.0,Loyal Customers,1,4,104,1,127.81
15728.0,Loyal Customers,1,4,188,1,73.45
15729.0,Lost Customers,1,4,661,1,93.68
15730.0,Loyal Customers,1,4,177,1,58.8
15731.0,Loyal Customers,1,4,21,1,112.0
15732.0,Potential Loyalists,1,4,394,1,179.93
15733.0,Loyal Customers,1,4,347,1,150.7
15734.0,Loyal Customers,1,4,100,1,109.81
15735.0,Loyal Customers,1,4,300,1,167.15
15736.0,Loyal Customers,1,4,182,1,153.44
15737.0,Loyal Customers,1,4,143,1,87.87
15738.0,Loyal Customers,1,4,113,1,133.1
15739.0,Lost Customers,1,4,575,1,112.19
15740.0,Loyal Customers,1,4,234,1,87.93
15741.0,Lost Customers,1,4,678,1,150.84
15742.0,Champions,1,4,121,1,193.71
15743.0,Lost Customers,1,4,559,1,69.67
15744.0,Loyal Customers,1,4,348,1,87.57
15745.0,Loyal Customers,1,4,238,1,130.0
15746.0,Loyal Customers,1,4,72,1,117.11
15747.0,Loyal Customers,1,4,145,1,107.02
15748.0,Loyal Customers,1,4,255,1,175.98
15749.0,Loyal Customers,1,4,352,1,109.61
15750.0,Potential Loyalists,1,4,421,1,76.05
15751.0,Champions,1,4,28,1,208.65
15752.0,Potential Loyalists,1,4,369,1,62.43
15753.0,Loyal Customers,1,4,30,1,122.03
15754.0,Potential Loyalists,1,4,467,1,131.64
15755.0,Loyal Customers,1,4,287,1,126.14
15756.0,Loyal Customers,1,4,338,1,178.25
15757.0,Lost Customers,1,4,563,1,179.42
15758.0,Lost Customers,1,4,623,1,160.5
15759.0,Loyal Customers,1,4,293,1,56.46
15760.0,Loyal Customers,1,4,207,1,139.21
15761.0,Loyal Customers,1,4,330,1,84.02
15762.0,Lost Customers,1,4,715,1,123.16
15763.0,Potential Loyalists,1,4,482,1,192.57
15764.0,Potential Loyalists,1,4,388,1,109.57
15765.0,Potential Loyalists,1,4,526,1,101.03
15766.0,Loyal Customers,1,4,12,1,152.46
15767.0,Champions,1,4,8,1,182.08
15768.0,Lost Customers,1,4,600,1,101.51
15769.0,Loyal Customers,1,4,72,1,65.36
15770.0,Potential Loyalists,1,4,466,1,142.73
15771.0,Potential Loyalists,1,4,450,1,191.01
15772.0,Loyal Customers,1,4,83,1,132.97
15773.0,Loyal Customers,1,4,93,1,95.97
15774.0,Loyal Customers,1,4,108,1,107.75
15775.0,Lost Customers,1,4,603,1,150.64
15776.0,Loyal Customers,1,4,341,1,89.13
15777.0,Champions,1,4,30,1,200.36
15778.0,Loyal Customers,1,4,138,1,126.99
15779.0,Potential Loyalists,1,4,440,1,78.08
15780.0,Loyal Customers,1,4,330,1,70.02
15781.0,Potential Loyalists,1,4,520,1,78.37
15782.0,Loyal Customers,1,4,222,1,105.48
15783.0,Lost Customers,1,4,620,1,103.66
15784.0,Lost Customers,1,4,643,1,145.54
15785.0,Loyal Customers,1,4,360,1,90.91
15786.0,Loyal Customers,1,4,217,1,150.44
15787.0,Lost Customers,1,4,652,1,94.29
15788.0,Loyal Customers,1,4,121,1,129.33
15789.0,Loyal Customers,1,4,350,1,40.84
15790.0,Loyal Customers,1,4,149,1,61.08
15791.0,Lost Customers,1,4,566,1,155.72
15792.0,Lost Customers,1,4,651,1,80.18
15793.0,Potential Loyalists,1,4,473,1,192.11
15794.0,Potential Loyalists,1,4,548,1,211.53
15795.0,Lost Customers,1,4,696,1,193.18
15796.0,Loyal Customers,1,4,318,1,133.08
15797.0,Potential Loyalists,1,4,515,1,111.09
15798.0,Loyal Customers,1,4,136,1,145.08
15799.0,Champions,1,4,77,1,222.58
15800.0,Loyal Customers,1,4,2,1,130.14
15801.0,Loyal Customers,1,4,309,1,97.87
15802.0,Loyal Customers,1,4,4,1,82.35
15803.0,Loyal Customers,1,4,18,1,130.97
15804.0,Loyal Customers,1,4,343,1,131.4
15805.0,Lost Customers,1,4,578,1,83.71
15806.0,Loyal Customers,1,4,131,1,159.19
15807.0,Potential Loyalists,1,4,437,1,133.04
15808.0,Potential Loyalists,1,4,434,1,63.16
15809.0,Lost Customers,1,4,635,1,160.67
15810.0,Loyal Customers,1,4,83,1,94.54
15811.0,Lost Customers,1,4,670,1,89.14
15812.0,Champions,1,4,151,1,209.84
15813.0,Loyal Customers,1,4,169,1,123.91
15814.0,Loyal Customers,1,4,182,1,156.44
15815.0,Loyal Customers,1,4,275,1,43.01
15816.0,Loyal Customers,1,4,133,1,147.66
15817.0,Potential Loyalists,1,4,493,1,174.17
15818.0,Loyal Customers,1,4,23,1,113.54
15819.0,Potential Loyalists,1,4,508,1,106.78
15820.0,Loyal Customers,1,4,134,1,164.11
15821.0,Lost Customers,1,4,556,1,155.08
15822.0,Champions,1,4,112,1,222.71
15823.0,Loyal Customers,1,4,224,1,191.57
15824.0,Potential Loyalists,1,4,385,1,112.62
15825.0,Lost Customers,1,4,729,1,54.77
15826.0,Lost Customers,1,4,661,1,109.55
15827.0,Champions,1,4,134,1,255.43
15828.0,Loyal Customers,1,4,212,1,110.98
15829.0,Lost Customers,1,4,669,1,65.9
15830.0,Loyal Customers,1,4,190,1,118.59
15831.0,Lost Customers,1,4,619,1,122.49
15832.0,Loyal Customers,1,4,222,1,149.41
15833.0,Lost Customers,1,4,670,1,234.27
15834.0,Loyal Customers,1,4,331,1,249.26
15835.0,Potential Loyalists,1,4,486,1,57.79
15836.0,Potential Loyalists,1,4,487,1,186.58
15837.0,Potential Loyalists,1,4,372,1,166.37
15838.0,Lost Customers,1,4,636,1,87.36
15839.0,Lost Customers,1,4,688,1,224.95
15840.0,Potential Loyalists,1,4,489,1,146.66
15841.0,Champions,1,4,151,1,171.75
15842.0,Potential Loyalists,1,4,394,1,111.89
15843.0,Potential Loyalists,1,4,534,1,67.82
15844.0,Lost Customers,1,4,672,1,103.6
15845.0,Potential Loyalists,1,4,493,1,156.24
15846.0,Loyal Customers,1,4,237,1,115.6
15847.0,Potential Loyalists,1,4,450,1,96.78
15848.0,Loyal Customers,1,4,311,1,121.44
15849.0,Loyal Customers,1,4,237,1,154.9
15850.0,Potential Loyalists,1,4,406,1,125.53
15851.0,Lost Customers,1,4,572,1,63.03
15852.0,Loyal Customers,1,4,40,1,132.02
15853.0,Lost Customers,1,4,725,1,71.7
15854.0,Champions,1,4,35,1,188.77
15855.0,Potential Loyalists,1,4,437,1,103.11
15856.0,Potential Loyalists,1,4,404,1,89.92
15857.0,Potential Loyalists,1,4,499,1,96.35
15858.0,Loyal Customers,1,4,63,1,119.66
15859.0,Lost Customers,1,4,679,1,141.52
15860.0,Loyal Customers,1,4,114,1,95.05
15861.0,Potential Loyalists,1,4,383,1,128.7
15862.0,Loyal Customers,1,4,289,1,99.95
15863.0,Loyal Customers,1,4,253,1,146.73
15864.0,Loyal Customers,1,4,99,1,76.03
15865.0,Potential Loyalists,1,4,400,1,110.14
15866.0,Lost Customers,1,4,595,1,134.52
15867.0,Loyal Customers,1,4,161,1,43.57
15868.0,Potential Loyalists,1,4,439,1,259.7
15869.0,Potential Loyalists,1,4,446,1,110.03
15870.0,Lost Customers,1,4,559,1,46.41
15871.0,Lost Customers,1,4,705,1,152.55
15872.0,Lost Customers,1,4,603,1,136.5
15873.0,Lost Customers,1,4,729,1,101.28
15874.0,Potential Loyalists,1,4,452,1,102.11
15875.0,Lost Customers,1,4,716,1,248.6
15876.0,Potential Loyalists,1,4,394,1,99.14
15877.0,Loyal Customers,1,4,307,1,70.54
15878.0,Loyal Customers,1,4,112,1,102.48
15879.0,Lost Customers,1,4,604,1,149.18
15880.0,Lost Customers,1,4,627,1,96.59
15881.0,Lost Customers,1,4,613,1,76.0
15882.0,Lost Customers,1,4,555,1,126.8
15883.0,Lost Customers,1,4,596,1,71.83
15884.0,Loyal Customers,1,4,348,1,109.53
15885.0,Lost Customers,1,4,623,1,156.83
15886.0,Loyal Customers,1,4,204,1,96.07
15887.0,Loyal Customers,1,4,301,1,217.11
15888.0,Lost Customers,1,4,687,1,90.07
15889.0,Potential Loyalists,1,4,517,1,67.79
15890.0,Loyal Customers,1,4,278,1,256.43
15891.0,Loyal Customers,1,4,363,1,224.47
15892.0,Loyal Customers,1,4,207,1,130.98
15893.0,Lost Customers,1,4,715,1,112.22
15894.0,Loyal Customers,1,4,110,1,93.27
15895.0,Potential Loyalists,1,4,423,1,92.68
15896.0,Lost Customers,1,4,613,1,113.03
15897.0,Loyal Customers,1,4,348,1,110.08
15898.0,Loyal Customers,1,4,275,1,93.96
15899.0,Lost Customers,1,4,692,1,92.36
15900.0,Loyal Customers,1,4,228,1,78.53
15901.0,Loyal Customers,1,4,100,1,55.28
15902.0,Loyal Customers,1,4,178,1,121.82
15903.0,Lost Customers,1,4,568,1,62.07
15904.0,Champions,1,4,25,1,219.65
15905.0,Loyal Customers,1,4,40,1,136.56
15906.0,Lost Customers,1,4,597,1,156.61
15907.0,Potential Loyalists,1,4,428,1,99.6
15908.0,Loyal Customers,1,4,97,1,69.8
15909.0,Loyal Customers,1,4,361,1,93.99
15910.0,Loyal Customers,1,4,102,1,130.39
15911.0,Potential Loyalists,1,4,470,1,134.86
15912.0,Lost Customers,1,4,688,1,59.36
15913.0,Loyal Customers,1,4,183,1,118.77
15914.0,Loyal Customers,1,4,110,1,67.43
15915.0,Champions,1,4,95,1,165.38
15916.0,Loyal Customers,1,4,94,1,151.92
15917.0,Potential Loyalists,1,4,395,1,309.12
15918.0,Potential Loyalists,1,4,452,1,115.98
15919.0,Loyal Customers,1,4,69,1,76.48
15920.0,Potential Loyalists,1,4,406,1,104.87
15921.0,Potential Loyalists,1,4,514,1,83.01
15922.0,Potential Loyalists,1,4,372,1,96.28
15923.0,Potential Loyalists,1,4,458,1,234.28
15924.0,Lost Customers,1,4,675,1,232.51
15925.0,Potential Loyalists,1,4,376,1,78.16
15926.0,Loyal Customers,1,4,272,1,188.97
15927.0,Loyal Customers,1,4,208,1,180.17
15928.0,Lost Customers,1,4,610,1,166.36
15929.0,Loyal Customers,1,4,220,1,136.27
15930.0,Potential Loyalists,1,4,489,1,106.66
15931.0,Loyal Customers,1,4,181,1,109.01
15932.0,Potential Loyalists,1,4,417,1,100.14
15933.0,Loyal Customers,1,4,315,1,198.73
15934.0,Lost Customers,1,4,727,1,115.74
15935.0,Lost Customers,1,4,556,1,160.19
15936.0,Loyal Customers,1,4,62,1,88.38
15937.0,Lost Customers,1,4,621,1,115.37
15938.0,Loyal Customers,1,4,151,1,110.23
15939.0,Loyal Customers,1,4,265,1,78.82
15940.0,Loyal Customers,1,4,309,1,86.67
15941.0,Potential Loyalists,1,4,543,1,177.74
15942.0,Loyal Customers,1,4,240,1,143.28
15943.0,Lost Customers,1,4,618,1,185.53
15944.0,Loyal Customers,1,4,216,1,83.87
15945.0,Lost Customers,1,4,658,1,117.26
15946.0,Champions,1,4,139,1,177.77
15947.0,Lost Customers,1,4,715,1,109.14
15948.0,Lost Customers,1,4,605,1,94.96
15949.0,Lost Customers,1,4,690,1,103.94
15950.0,Loyal Customers,1,4,293,1,158.69
15951.0,Loyal Customers,1,4,96,1,73.16
15952.0,Potential Loyalists,1,4,516,1,269.81
15953.0,Loyal Customers,1,4,341,1,104.97
15954.0,Lost Customers,1,4,700,1,198.85
15955.0,Loyal Customers,1,4,160,1,128.5
15956.0,Lost Customers,1,4,599,1,134.36
15957.0,Potential Loyalists,1,4,402,1,91.27
15958.0,Potential Loyalists,1,4,530,1,119.26
15959.0,Loyal Customers,1,4,145,1,112.25
15960.0,Lost Customers,1,4,591,1,133.7
15961.0,Lost Customers,1,4,695,1,80.25
15962.0,Loyal Customers,1,4,90,1,69.29
15963.0,Loyal Customers,1,4,195,1,94.48
15964.0,Lost Customers,1,4,658,1,146.75
15965.0,Loyal Customers,1,4,11,1,88.36
15966.0,Lost Customers,1,4,670,1,81.12
15967.0,Loyal Customers,1,4,239,1,109.59
15968.0,Potential Loyalists,1,4,414,1,125.61
15969.0,Loyal Customers,1,4,85,1,149.51
15970.0,Lost Customers,1,4,698,1,183.92
15971.0,Lost Customers,1,4,649,1,184.2
15972.0,Loyal Customers,1,4,249,1,69.38
15973.0,Loyal Customers,1,4,212,1,188.62
15974.0,Lost Customers,1,4,566,1,176.21
15975.0,Potential Loyalists,1,4,530,1,77.32
15976.0,Loyal Customers,1,4,48,1,74.55
15977.0,Loyal Customers,1,4,24,1,150.49
15978.0,Loyal Customers,1,4,132,1,91.65
15979.0,Lost Customers,1,4,698,1,100.15
15980.0,Loyal Customers,1,4,144,1,112.64
15981.0,Lost Customers,1,4,556,1,86.26
15982.0,Loyal Customers,1,4,212,1,104.76
15983.0,Loyal Customers,1,4,144,1,93.6
15984.0,Potential Loyalists,1,4,471,1,204.99
15985.0,Loyal Customers,1,4,288,1,132.58
15986.0,Loyal Customers,1,4,185,1,120.68
15987.0,Lost Customers,1,4,625,1,157.04
15988.0,Lost Customers,1,4,634,1,174.0
15989.0,Lost Customers,1,4,690,1,112.43
15990.0,Loyal Customers,1,4,272,1,62.75
15991.0,Potential Loyalists,1,4,406,1,65.66
15992.0,Loyal Customers,1,4,206,1,165.51
15993.0,Loyal Customers,1,4,64,1,153.68
15994.0,Loyal Customers,1,4,365,1,111.03
15995.0,Loyal Customers,1,4,246,1,173.21
15996.0,Loyal Customers,1,4,337,1,125.35
15997.0,Lost Customers,1,4,601,1,149.92
15998.0,Lost Customers,1,4,720,1,109.35
15999.0,Loyal Customers,1,4,355,1,73.16
16000.0,Potential Loyalists,1,4,374,1,143.43
16001.0,Lost Customers,1,4,675,1,173.37
16002.0,Loyal Customers,1,4,306,1,184.68
16003.0,Loyal Customers,1,4,32,1,71.39
16004.0,Lost Customers,1,4,655,1,154.24
16005.0,Potential Loyalists,1,4,509,1,83.47
16006.0,Loyal Customers,1,4,218,1,94.84
16007.0,Loyal Customers,1,4,268,1,58.81
16008.0,Loyal Customers,1,4,20,1,60.31
16009.0,Loyal Customers,1,4,233,1,92.55
16010.0,Lost Customers,1,4,584,1,165.83
16011.0,Potential Loyalists,1,4,510,1,150.9
16012.0,Lost Customers,1,4,687,1,204.96
16013.0,Potential Loyalists,1,4,440,1,132.09
16014.0,Loyal Customers,1,4,8,1,63.61
16015.0,Potential Loyalists,1,4,446,1,54.07
16016.0,Potential Loyalists,1,4,438,1,117.59
16017.0,Lost Customers,1,4,674,1,97.51
16018.0,Champions,1,4,110,1,192.06
16019.0,Potential Loyalists,1,4,483,1,89.55
16020.0,Lost Customers,1,4,687,1,94.46
16021.0,Loyal Customers,1,4,51,1,150.78
16022.0,Loyal Customers,1,4,79,1,116.01
16023.0,Lost Customers,1,4,553,1,174.33
16024.0,Potential Loyalists,1,4,403,1,185.66
16025.0,Lost Customers,1,4,549,1,90.21
16026.0,Potential Loyalists,1,4,507,1,66.31
16027.0,Potential Loyalists,1,4,434,1,236.39
16028.0,Potential Loyalists,1,4,449,1,115.1
16029.0,Potential Loyalists,1,4,398,1,257.2
16030.0,Potential Loyalists,1,4,493,1,119.3
16031.0,Potential Loyalists,1,4,479,1,112.68
16032.0,Loyal Customers,1,4,365,1,110.06
16033.0,Loyal Customers,1,4,88,1,58.22
16034.0,Loyal Customers,1,4,171,1,132.19
16035.0,Loyal Customers,1,4,97,1,85.64
16036.0,Loyal Customers,1,4,356,1,183.24
16037.0,Potential Loyalists,1,4,541,1,84.48
16038.0,Potential Loyalists,1,4,489,1,240.71
16039.0,Loyal Customers,1,4,117,1,92.48
16040.0,Lost Customers,1,4,676,1,169.8
16041.0,Potential Loyalists,1,4,518,1,76.79
16042.0,Loyal Customers,1,4,362,1,79.51
16043.0,Loyal Customers,1,4,240,1,119.12
16044.0,Potential Loyalists,1,4,398,1,161.32
16045.0,Loyal Customers,1,4,178,1,109.03
16046.0,Champions,1,4,71,1,227.84
16047.0,Lost Customers,1,4,606,1,118.33
16048.0,Potential Loyalists,1,4,388,1,143.46
16049.0,Lost Customers,1,4,554,1,76.46
16050.0,Potential Loyalists,1,4,443,1,114.94
16051.0,Loyal Customers,1,4,38,1,71.15
16052.0,Potential Loyalists,1,4,407,1,169.49
16053.0,Loyal Customers,1,4,320,1,60.46
16054.0,Loyal Customers,1,4,36,1,156.91
16055.0,Loyal Customers,1,4,192,1,129.51
16056.0,Potential Loyalists,1,4,517,1,112.43
16057.0,Loyal Customers,1,4,146,1,95.59
16058.0,Lost Customers,1,4,714,1,49.0
16059.0,Lost Customers,1,4,583,1,62.44
16060.0,Potential Loyalists,1,4,529,1,170.2
16061.0,Potential Loyalists,1,4,497,1,92.07
16062.0,Loyal Customers,1,4,118,1,121.38
16063.0,Potential Loyalists,1,4,492,1,131.65
16064.0,Loyal Customers,1,4,129,1,133.95
16065.0,Loyal Customers,1,4,80,1,112.5
16066.0,Lost Customers,1,4,674,1,102.21
16067.0,Loyal Customers,1,4,365,1,101.98
16068.0,Loyal Customers,1,4,205,1,201.43
16069.0,Loyal Customers,1,4,287,1,143.41
16070.0,Loyal Customers,1,4,79,1,112.91
16071.0,Loyal Customers,1,4,176,1,145.45
16072.0,Lost Customers,1,4,723,1,129.87
16073.0,Loyal Customers,1,4,69,1,96.32
16074.0,Lost Customers,1,4,708,1,135.17
16075.0,Loyal Customers,1,4,17,1,139.41
16076.0,Loyal Customers,1,4,244,1,131.09
16077.0,Potential Loyalists,1,4,396,1,114.26
16078.0,Lost Customers,1,4,725,1,150.46
16079.0,Loyal Customers,1,4,229,1,102.52
16080.0,Loyal Customers,1,4,38,1,162.8
16081.0,Lost Customers,1,4,641,1,168.02
16082.0,Potential Loyalists,1,4,429,1,133.49
16083.0,Lost Customers,1,4,571,1,100.13
16084.0,Potential Loyalists,1,4,542,1,117.46
16085.0,Potential Loyalists,1,4,518,1,78.64
16086.0,Loyal Customers,1,4,111,1,121.84
16087.0,Loyal Customers,1,4,288,1,88.62
16088.0,Lost Customers,1,4,717,1,95.63
16089.0,Loyal Customers,1,4,141,1,133.35
16090.0,Loyal Customers,1,4,211,1,174.05
16091.0,Loyal Customers,1,4,102,1,124.08
16092.0,Potential Loyalists,1,4,398,1,104.62
16093.0,Lost Customers,1,4,580,1,201.82
16094.0,Lost Customers,1,4,721,1,81.46
16095.0,Loyal Customers,1,4,2,1,92.48
16096.0,Loyal Customers,1,4,266,1,137.35
16097.0,Champions,1,4,61,1,323.62
16098.0,Loyal Customers,1,4,80,1,97.25
16099.0,Lost Customers,1,4,641,1,177.29
16100.0,Loyal Customers,1,4,235,1,100.28
16101.0,Loyal Customers,1,4,327,1,46.91
16102.0,Loyal Customers,1,4,244,1,42.11
16103.0,Loyal Customers,1,4,304,1,142.55
16104.0,Loyal Customers,1,4,94,1,105.67
16105.0,Loyal Customers,1,4,222,1,100.31
16106.0,Potential Loyalists,1,4,424,1,71.58
16107.0,Loyal Customers,1,4,173,1,151.81
16108.0,Loyal Customers,1,4,347,1,121.95
16109.0,Loyal Customers,1,4,258,1,122.36
16110.0,Lost Customers,1,4,687,1,213.93
16111.0,Potential Loyalists,1,4,386,1,95.19
16112.0,Loyal Customers,1,4,217,1,63.1
16113.0,Loyal Customers,1,4,113,1,114.03
16114.0,Potential Loyalists,1,4,485,1,176.77
16115.0,Loyal Customers,1,4,238,1,208.45
16116.0,Loyal Customers,1,4,67,1,122.51
16117.0,Champions,1,4,180,1,220.81
16118.0,Loyal Customers,1,4,200,1,122.99
16119.0,Potential Loyalists,1,4,536,1,183.91
16120.0,Loyal Customers,1,4,265,1,120.48
16121.0,Lost Customers,1,4,682,1,84.49
16122.0,Loyal Customers,1,4,317,1,106.97
16123.0,Potential Loyalists,1,4,417,1,85.87
16124.0,Loyal Customers,1,4,359,1,112.36
16125.0,Lost Customers,1,4,645,1,137.65
16126.0,Potential Loyalists,1,4,546,1,74.22
16127.0,Loyal Customers,1,4,302,1,125.29
16128.0,Loyal Customers,1,4,303,1,84.92
16129.0,Loyal Customers,1,4,228,1,95.34
16130.0,Loyal Customers,1,4,116,1,144.04
16131.0,Loyal Customers,1,4,307,1,120.68
16132.0,Loyal Customers,1,4,65,1,130.76
16133.0,Potential Loyalists,1,4,525,1,119.24
16134.0,Loyal Customers,1,4,323,1,88.05
16135.0,Lost Customers,1,4,681,1,88.05
16136.0,Lost Customers,1,4,661,1,156.8
16137.0,Loyal Customers,1,4,125,1,133.89
16138.0,Loyal Customers,1,4,360,1,99.35
16139.0,Loyal Customers,1,4,230,1,140.47
16140.0,Lost Customers,1,4,617,1,94.08
16141.0,Potential Loyalists,1,4,460,1,136.26
16142.0,Lost Customers,1,4,587,1,133.11
16143.0,Potential Loyalists,1,4,482,1,134.6
16144.0,Lost Customers,1,4,656,1,171.95
16145.0,Potential Loyalists,1,4,409,1,76.31
16146.0,Potential Loyalists,1,4,483,1,218.79
16147.0,Loyal Customers,1,4,193,1,172.24
16148.0,Loyal Customers,1,4,95,1,129.45
16149.0,Champions,1,4,81,1,329.14
16150.0,Lost Customers,1,4,565,1,100.06
16151.0,Loyal Customers,1,4,298,1,102.45
16152.0,Loyal Customers,1,4,233,1,129.6
16153.0,Lost Customers,1,4,713,1,147.34
16154.0,Champions,1,4,176,1,185.94
16155.0,Champions,1,4,100,1,169.44
16156.0,Loyal Customers,1,4,274,1,147.03
16157.0,Loyal Customers,1,4,174,1,159.71
16158.0,Loyal Customers,1,4,240,1,56.69
16159.0,Lost Customers,1,4,555,1,169.1
16160.0,Loyal Customers,1,4,14,1,144.6
16161.0,Loyal Customers,1,4,40,1,91.51
16162.0,Loyal Customers,1,4,15,1,87.56
16163.0,Loyal Customers,1,4,324,1,246.45
16164.0,Potential Loyalists,1,4,503,1,98.75
16165.0,Loyal Customers,1,4,250,1,102.9
16166.0,Potential Loyalists,1,4,496,1,81.97
16167.0,Lost Customers,1,4,568,1,80.88
16168.0,Loyal Customers,1,4,338,1,91.05
16169.0,Potential Loyalists,1,4,524,1,195.05
16170.0,Champions,1,4,105,1,256.52
16171.0,Loyal Customers,1,4,247,1,168.51
16172.0,Potential Loyalists,1,4,385,1,122.83
16173.0,Champions,1,4,105,1,169.97
16174.0,Loyal Customers,1,4,52,1,79.73
16175.0,Lost Customers,1,4,629,1,143.23
16176.0,Lost Customers,1,4,642,1,235.96
16177.0,Loyal Customers,1,4,228,1,111.53
16178.0,Lost Customers,1,4,574,1,175.22
16179.0,Potential Loyalists,1,4,438,1,156.66
16180.0,Loyal Customers,1,4,31,1,116.31
16181.0,Lost Customers,1,4,657,1,145.51
16182.0,Potential Loyalists,1,4,423,1,259.21
16183.0,Loyal Customers,1,4,76,1,129.04
16184.0,Lost Customers,1,4,562,1,167.1
16185.0,Lost Customers,1,4,633,1,120.36
16186.0,Potential Loyalists,1,4,385,1,121.85
16187.0,Lost Customers,1,4,569,1,64.22
16188.0,Potential Loyalists,1,4,390,1,180.79
16189.0,Champions,1,4,151,1,167.02
16190.0,Loyal Customers,1,4,291,1,137.07
16191.0,Lost Customers,1,4,549,1,111.17
16192.0,Potential Loyalists,1,4,373,1,230.37
16193.0,Loyal Customers,1,4,220,1,146.88
16194.0,Lost Customers,1,4,698,1,148.99
16195.0,Loyal Customers,1,4,297,1,88.07
16196.0,Loyal Customers,1,4,116,1,113.05
16197.0,Lost Customers,1,4,629,1,287.43
16198.0,Loyal Customers,1,4,263,1,129.55
16199.0,Loyal Customers,1,4,142,1,90.52
16200.0,Loyal Customers,1,4,63,1,110.66
16201.0,Potential Loyalists,1,4,531,1,152.74
16202.0,Loyal Customers,1,4,39,1,152.0
16203.0,Loyal Customers,1,4,291,1,61.78
16204.0,Loyal Customers,1,4,149,1,153.75
16205.0,Loyal Customers,1,4,39,1,159.8
16206.0,Potential Loyalists,1,4,521,1,113.72
16207.0,Potential Loyalists,1,4,485,1,110.82
16208.0,Loyal Customers,1,4,256,1,109.93
16209.0,Loyal Customers,1,4,31,1,109.71
16210.0,Loyal Customers,1,4,132,1,136.14
16211.0,Loyal Customers,1,4,342,1,127.24
16212.0,Loyal Customers,1,4,35,1,99.82
16213.0,Loyal Customers,1,4,239,1,116.75
16214.0,Loyal Customers,1,4,320,1,146.07
16215.0,Lost Customers,1,4,679,1,147.15
16216.0,Loyal Customers,1,4,66,1,68.58
16217.0,Lost Customers,1,4,701,1,139.92
16218.0,Lost Customers,1,4,707,1,137.07
16219.0,Potential Loyalists,1,4,437,1,85.0
16220.0,Lost Customers,1,4,606,1,198.04
16221.0,Loyal Customers,1,4,345,1,84.37
16222.0,Potential Loyalists,1,4,386,1,119.54
16223.0,Potential Loyalists,1,4,369,1,133.53
16224.0,Loyal Customers,1,4,119,1,94.09
16225.0,Loyal Customers,1,4,222,1,97.06
16226.0,Champions,1,4,126,1,205.8
16227.0,Lost Customers,1,4,722,1,214.91
16228.0,Lost Customers,1,4,588,1,110.97
16229.0,Potential Loyalists,1,4,547,1,118.39
16230.0,Loyal Customers,1,4,234,1,78.5
16231.0,Champions,1,4,65,1,205.23
16232.0,Lost Customers,1,4,637,1,86.56
16233.0,Loyal Customers,1,4,252,1,112.22
16234.0,Loyal Customers,1,4,208,1,132.54
16235.0,Lost Customers,1,4,710,1,98.63
16236.0,Lost Customers,1,4,603,1,98.69
16237.0,Lost Customers,1,4,720,1,183.52
16238.0,Lost Customers,1,4,574,1,96.61
16239.0,Lost Customers,1,4,692,1,142.15
16240.0,Potential Loyalists,1,4,383,1,216.12
16241.0,Potential Loyalists,1,4,467,1,173.73
16242.0,Lost Customers,1,4,598,1,193.79
16243.0,Loyal Customers,1,4,8,1,115.16
16244.0,Potential Loyalists,1,4,412,1,111.56
16245.0,Potential Loyalists,1,4,419,1,132.19
16246.0,Loyal Customers,1,4,44,1,145.9
16247.0,Champions,1,4,56,1,213.37
16248.0,Lost Customers,1,4,680,1,112.06
16249.0,Champions,1,4,8,1,188.73
16250.0,Lost Customers,1,4,717,1,217.77
16251.0,Loyal Customers,1,4,293,1,98.38
16252.0,Lost Customers,1,4,604,1,64.49
16253.0,Lost Customers,1,4,695,1,146.61
16254.0,Lost Customers,1,4,616,1,154.15
16255.0,Loyal Customers,1,4,259,1,55.13
16256.0,Loyal Customers,1,4,295,1,266.31
16257.0,Potential Loyalists,1,4,443,1,60.44
16258.0,Lost Customers,1,4,669,1,77.16
16259.0,Lost Customers,1,4,609,1,188.88
16260.0,Lost Customers,1,4,617,1,171.32
16261.0,Loyal Customers,1,4,154,1,126.42
16262.0,Loyal Customers,1,4,290,1,123.26
16263.0,Potential Loyalists,1,4,396,1,130.84
16264.0,Lost Customers,1,4,584,1,111.4
16265.0,Lost Customers,1,4,708,1,83.83
16266.0,Potential Loyalists,1,4,500,1,73.16
16267.0,Lost Customers,1,4,608,1,208.67
16268.0,Loyal Customers,1,4,364,1,65.74
16269.0,Lost Customers,1,4,638,1,185.71
16270.0,Loyal Customers,1,4,223,1,103.94
16271.0,Potential Loyalists,1,4,375,1,197.03
16272.0,Potential Loyalists,1,4,512,1,126.37
16273.0,Loyal Customers,1,4,127,1,47.17
16274.0,Loyal Customers,1,4,202,1,150.46
16275.0,Potential Loyalists,1,4,482,1,167.16
16276.0,Champions,1,4,14,1,178.91
16277.0,Lost Customers,1,4,630,1,202.83
16278.0,Loyal Customers,1,4,269,1,189.93
16279.0,Lost Customers,1,4,709,1,102.17
16280.0,Loyal Customers,1,4,358,1,184.64
16281.0,Lost Customers,1,4,577,1,89.52
16282.0,Lost Customers,1,4,640,1,115.4
16283.0,Loyal Customers,1,4,171,1,91.05
16284.0,Lost Customers,1,4,726,1,145.71
16285.0,Loyal Customers,1,4,67,1,65.89
16286.0,Lost Customers,1,4,621,1,124.34
16287.0,Loyal Customers,1,4,161,1,136.03
16288.0,Loyal Customers,1,4,57,1,159.39
16289.0,Loyal Customers,1,4,159,1,84.67
16290.0,Potential Loyalists,1,4,526,1,81.12
16291.0,Champions,1,4,90,1,208.28
16292.0,Loyal Customers,1,4,273,1,68.39
16293.0,Potential Loyalists,1,4,502,1,137.37
16294.0,Loyal Customers,1,4,171,1,69.69
16295.0,Loyal Customers,1,4,233,1,108.09
16296.0,Loyal Customers,1,4,103,1,93.46
16297.0,Lost Customers,1,4,595,1,95.02
16298.0,Potential Loyalists,1,4,376,1,191.03
16299.0,Loyal Customers,1,4,18,1,117.6
16300.0,Loyal Customers,1,4,133,1,82.0
16301.0,Loyal Customers,1,4,310,1,96.29
16302.0,Loyal Customers,1,4,275,1,87.45
16303.0,Potential Loyalists,1,4,411,1,133.88
16304.0,Lost Customers,1,4,596,1,132.24
16305.0,Lost Customers,1,4,594,1,327.66
16306.0,Potential Loyalists,1,4,525,1,148.86
16307.0,Potential Loyalists,1,4,548,1,98.96
16308.0,Potential Loyalists,1,4,524,1,67.57
16309.0,Lost Customers,1,4,647,1,145.63
16310.0,Potential Loyalists,1,4,415,1,78.35
16311.0,Loyal Customers,1,4,9,1,134.29
16312.0,Loyal Customers,1,4,196,1,153.46
16313.0,Loyal Customers,1,4,199,1,163.49
16314.0,Lost Customers,1,4,663,1,98.52
16315.0,Potential Loyalists,1,4,375,1,91.64
16316.0,Lost Customers,1,4,676,1,171.75
16317.0,Lost Customers,1,4,727,1,205.11
16318.0,Loyal Customers,1,4,179,1,140.99
16319.0,Lost Customers,1,4,603,1,106.95
16320.0,Loyal Customers,1,4,53,1,129.39
16321.0,Lost Customers,1,4,662,1,93.42
16322.0,Lost Customers,1,4,590,1,212.69
16323.0,Potential Loyalists,1,4,517,1,64.09
16324.0,Lost Customers,1,4,572,1,118.94
16325.0,Lost Customers,1,4,708,1,143.71
16326.0,Loyal Customers,1,4,287,1,159.9
16327.0,Loyal Customers,1,4,317,1,113.76
16328.0,Lost Customers,1,4,594,1,65.93
16329.0,Potential Loyalists,1,4,487,1,110.75
16330.0,Loyal Customers,1,4,341,1,120.44
16331.0,Loyal Customers,1,4,357,1,202.08
16332.0,Loyal Customers,1,4,215,1,88.17
16333.0,Loyal Customers,1,4,26,1,131.36
16334.0,Loyal Customers,1,4,72,1,80.91
16335.0,Loyal Customers,1,4,214,1,117.43
16336.0,Lost Customers,1,4,628,1,191.29
16337.0,Loyal Customers,1,4,199,1,97.26
16338.0,Lost Customers,1,4,615,1,129.2
16339.0,Loyal Customers,1,4,338,1,164.57
16340.0,Potential Loyalists,1,4,375,1,86.57
16341.0,Loyal Customers,1,4,22,1,129.55
16342.0,Potential Loyalists,1,4,490,1,158.98
16343.0,Loyal Customers,1,4,279,1,87.94
16344.0,Potential Loyalists,1,4,443,1,206.56
16345.0,Lost Customers,1,4,674,1,128.97
16346.0,Champions,1,4,124,1,179.61
16347.0,Potential Loyalists,1,4,416,1,152.36
16348.0,Lost Customers,1,4,715,1,156.85
16349.0,Lost Customers,1,4,715,1,95.53
16350.0,Lost Customers,1,4,719,1,115.42
16351.0,Loyal Customers,1,4,19,1,106.07
16352.0,Potential Loyalists,1,4,511,1,128.12
16353.0,Champions,1,4,33,1,196.46
16354.0,Lost Customers,1,4,720,1,224.84
16355.0,Lost Customers,1,4,655,1,102.88
16356.0,Loyal Customers,1,4,160,1,80.46
16357.0,Lost Customers,1,4,673,1,110.51
16358.0,Loyal Customers,1,4,170,1,129.04
16359.0,Potential Loyalists,1,4,488,1,116.67
16360.0,Potential Loyalists,1,4,409,1,271.56
16361.0,Potential Loyalists,1,4,531,1,103.4
16362.0,Loyal Customers,1,4,99,1,104.71
16363.0,Champions,1,4,40,1,191.47
16364.0,Lost Customers,1,4,672,1,230.44
16365.0,Loyal Customers,1,4,1,1,116.26
16366.0,Lost Customers,1,4,552,1,112.87
16367.0,Potential Loyalists,1,4,399,1,187.89
16368.0,Loyal Customers,1,4,303,1,128.47
16369.0,Potential Loyalists,1,4,388,1,69.24
16370.0,Potential Loyalists,1,4,498,1,233.21
16371.0,Loyal Customers,1,4,42,1,127.82
16372.0,Potential Loyalists,1,4,456,1,57.6
16373.0,Lost Customers,1,4,725,1,179.94
16374.0,Lost Customers,1,4,664,1,78.53
16375.0,Loyal Customers,1,4,13,1,93.95
16376.0,Loyal Customers,1,4,264,1,111.17
16377.0,Lost Customers,1,4,698,1,242.3
16378.0,Lost Customers,1,4,696,1,87.21
16379.0,Lost Customers,1,4,578,1,105.87
16380.0,Lost Customers,1,4,692,1,89.06
16381.0,Potential Loyalists,1,4,445,1,189.12
16382.0,Loyal Customers,1,4,268,1,177.04
16383.0,Lost Customers,1,4,667,1,106.24
16384.0,Potential Loyalists,1,4,505,1,135.21
16385.0,Potential Loyalists,1,4,466,1,150.52
16386.0,Loyal Customers,1,4,259,1,156.95
16387.0,Loyal Customers,1,4,218,1,108.54
16388.0,Loyal Customers,1,4,243,1,139.37
16389.0,Potential Loyalists,1,4,478,1,81.9
16390.0,Potential Loyalists,1,4,390,1,118.54
16391.0,Potential Loyalists,1,4,500,1,173.89
16392.0,Loyal Customers,1,4,238,1,100.43
16393.0,Lost Customers,1,4,668,1,64.75
16394.0,Lost Customers,1,4,617,1,87.76
16395.0,Loyal Customers,1,4,2,1,88.34
16396.0,Loyal Customers,1,4,93,1,128.84
16397.0,Loyal Customers,1,4,296,1,50.75
16398.0,Lost Customers,1,4,572,1,162.94
16399.0,Potential Loyalists,1,4,419,1,103.9
16400.0,Lost Customers,1,4,582,1,95.05
16401.0,Loyal Customers,1,4,230,1,271.01
16402.0,Potential Loyalists,1,4,501,1,93.71
16403.0,Loyal Customers,1,4,327,1,105.98
16404.0,Lost Customers,1,4,673,1,187.4
16405.0,Loyal Customers,1,4,128,1,71.07
16406.0,Champions,1,4,164,1,374.53
16407.0,Loyal Customers,1,4,145,1,132.85
16408.0,Loyal Customers,1,4,70,1,37.36
16409.0,Potential Loyalists,1,4,402,1,80.72
16410.0,Loyal Customers,1,4,173,1,97.45
16411.0,Potential Loyalists,1,4,412,1,189.73
16412.0,Potential Loyalists,1,4,384,1,144.74
16413.0,Loyal Customers,1,4,51,1,119.57
16414.0,Loyal Customers,1,4,35,1,151.98
16415.0,Loyal Customers,1,4,128,1,84.22
16416.0,Lost Customers,1,4,688,1,269.04
16417.0,Potential Loyalists,1,4,446,1,79.73
16418.0,Lost Customers,1,4,672,1,178.25
16419.0,Loyal Customers,1,4,113,1,99.09
16420.0,Lost Customers,1,4,700,1,126.99
16421.0,Lost Customers,1,4,690,1,142.68
16422.0,Potential Loyalists,1,4,487,1,115.43
16423.0,Potential Loyalists,1,4,389,1,75.51
16424.0,Loyal Customers,1,4,348,1,88.59
16425.0,Loyal Customers,1,4,101,1,110.85
16426.0,Potential Loyalists,1,4,536,1,261.14
16427.0,Lost Customers,1,4,580,1,73.87
16428.0,Potential Loyalists,1,4,471,1,154.48
16429.0,Champions,1,4,43,1,166.74
16430.0,Loyal Customers,1,4,195,1,148.81
16431.0,Loyal Customers,1,4,55,1,133.43
16432.0,Potential Loyalists,1,4,429,1,108.11
16433.0,Lost Customers,1,4,724,1,140.53
16434.0,Potential Loyalists,1,4,541,1,134.19
16435.0,Lost Customers,1,4,673,1,90.93
16436.0,Potential Loyalists,1,4,547,1,118.73
16437.0,Loyal Customers,1,4,216,1,157.1
16438.0,Lost Customers,1,4,600,1,91.44
16439.0,Loyal Customers,1,4,175,1,97.88
16440.0,Loyal Customers,1,4,260,1,67.26
16441.0,Potential Loyalists,1,4,399,1,229.07
16442.0,Potential Loyalists,1,4,543,1,156.2
16443.0,Potential Loyalists,1,4,454,1,110.16
16444.0,Lost Customers,1,4,594,1,121.82
16445.0,Loyal Customers,1,4,26,1,117.57
16446.0,Loyal Customers,1,4,188,1,112.66
16447.0,Potential Loyalists,1,4,545,1,89.92
16448.0,Loyal Customers,1,4,366,1,181.47
16449.0,Loyal Customers,1,4,28,1,106.39
16450.0,Potential Loyalists,1,4,486,1,109.26
16451.0,Lost Customers,1,4,571,1,100.41
16452.0,Loyal Customers,1,4,301,1,58.41
16453.0,Lost Customers,1,4,588,1,105.47
16454.0,Champions,1,4,62,1,202.04
16455.0,Lost Customers,1,4,646,1,104.93
16456.0,Potential Loyalists,1,4,491,1,121.77
16457.0,Lost Customers,1,4,571,1,186.68
16458.0,Loyal Customers,1,4,13,1,160.71
16459.0,Potential Loyalists,1,4,507,1,307.14
16460.0,Loyal Customers,1,4,260,1,166.28
16461.0,Loyal Customers,1,4,102,1,142.85
16462.0,Potential Loyalists,1,4,482,1,80.84
16463.0,Potential Loyalists,1,4,505,1,167.15
16464.0,Loyal Customers,1,4,214,1,106.91
16465.0,Lost Customers,1,4,610,1,96.56
16466.0,Lost Customers,1,4,679,1,48.53
16467.0,Loyal Customers,1,4,271,1,152.32
16468.0,Lost Customers,1,4,627,1,108.86
16469.0,Lost Customers,1,4,558,1,94.97
16470.0,Potential Loyalists,1,4,428,1,65.46
16471.0,Lost Customers,1,4,632,1,132.08
16472.0,Loyal Customers,1,4,235,1,127.31
16473.0,Potential Loyalists,1,4,453,1,79.63
16474.0,Loyal Customers,1,4,212,1,194.79
16475.0,Lost Customers,1,4,709,1,117.47
16476.0,Loyal Customers,1,4,73,1,67.14
16477.0,Potential Loyalists,1,4,482,1,137.69
16478.0,Potential Loyalists,1,4,488,1,145.93
16479.0,Lost Customers,1,4,578,1,65.04
16480.0,Potential Loyalists,1,4,384,1,122.86
16481.0,Loyal Customers,1,4,106,1,130.25
16482.0,Lost Customers,1,4,550,1,110.41
16483.0,Lost Customers,1,4,718,1,99.44
16484.0,Lost Customers,1,4,592,1,135.89
16485.0,Loyal Customers,1,4,345,1,135.38
16486.0,Potential Loyalists,1,4,435,1,131.7
16487.0,Potential Loyalists,1,4,381,1,282.91
16488.0,Lost Customers,1,4,660,1,307.8
16489.0,Loyal Customers,1,4,108,1,94.86
16490.0,Lost Customers,1,4,549,1,100.47
16491.0,Lost Customers,1,4,710,1,145.55
16492.0,Potential Loyalists,1,4,417,1,101.19
16493.0,Potential Loyalists,1,4,475,1,164.17
16494.0,Loyal Customers,1,4,9,1,76.38
16495.0,Loyal Customers,1,4,169,1,71.53
16496.0,Lost Customers,1,4,590,1,108.42
16497.0,Loyal Customers,1,4,119,1,117.63
16498.0,Lost Customers,1,4,726,1,193.37
16499.0,Loyal Customers,1,4,12,1,110.82
16500.0,Loyal Customers,1,4,44,1,118.92
16501.0,Loyal Customers,1,4,57,1,147.67
16502.0,Lost Customers,1,4,596,1,151.82
16503.0,Loyal Customers,1,4,215,1,56.31
16504.0,Lost Customers,1,4,688,1,110.93
16505.0,Potential Loyalists,1,4,442,1,94.71
16506.0,Potential Loyalists,1,4,460,1,117.29
16507.0,Potential Loyalists,1,4,536,1,80.53
16508.0,Loyal Customers,1,4,216,1,117.6
16509.0,Loyal Customers,1,4,111,1,131.07
16510.0,Loyal Customers,1,4,123,1,116.85
16511.0,Potential Loyalists,1,4,483,1,119.24
16512.0,Lost Customers,1,4,618,1,204.13
16513.0,Lost Customers,1,4,667,1,79.46
16514.0,Loyal Customers,1,4,106,1,116.88
16515.0,Loyal Customers,1,4,312,1,111.84
16516.0,Loyal Customers,1,4,137,1,71.49
16517.0,Potential Loyalists,1,4,415,1,125.5
16518.0,Loyal Customers,1,4,168,1,160.61
16519.0,Loyal Customers,1,4,184,1,125.18
16520.0,Potential Loyalists,1,4,547,1,72.03
16521.0,Loyal Customers,1,4,326,1,60.6
16522.0,Lost Customers,1,4,640,1,56.87
16523.0,Loyal Customers,1,4,296,1,91.9
16524.0,Lost Customers,1,4,624,1,192.54
16525.0,Potential Loyalists,1,4,491,1,234.26
16526.0,Potential Loyalists,1,4,503,1,85.33
16527.0,Loyal Customers,1,4,177,1,92.97
16528.0,Lost Customers,1,4,641,1,87.71
16529.0,Lost Customers,1,4,603,1,95.86
16530.0,Loyal Customers,1,4,147,1,62.71
16531.0,Lost Customers,1,4,640,1,80.62
16532.0,Loyal Customers,1,4,62,1,100.74
16533.0,Lost Customers,1,4,712,1,108.3
16534.0,Loyal Customers,1,4,252,1,66.85
16535.0,Potential Loyalists,1,4,430,1,183.94
16536.0,Loyal Customers,1,4,45,1,99.09
16537.0,Lost Customers,1,4,654,1,67.89
16538.0,Lost Customers,1,4,551,1,282.92
16539.0,Loyal Customers,1,4,121,1,113.62
16540.0,Potential Loyalists,1,4,497,1,140.95
16541.0,Lost Customers,1,4,715,1,90.3
16542.0,Loyal Customers,1,4,59,1,162.14
16543.0,Loyal Customers,1,4,267,1,274.07
16544.0,Potential Loyalists,1,4,453,1,175.94
16545.0,Loyal Customers,1,4,3,1,102.06
16546.0,Potential Loyalists,1,4,452,1,172.11
16547.0,Potential Loyalists,1,4,460,1,123.32
16548.0,Lost Customers,1,4,674,1,108.81
16549.0,Loyal Customers,1,4,267,1,84.04
16550.0,Potential Loyalists,1,4,462,1,108.68
16551.0,Lost Customers,1,4,721,1,112.96
16552.0,Loyal Customers,1,4,317,1,114.15
16553.0,Loyal Customers,1,4,357,1,148.58
16554.0,Loyal Customers,1,4,120,1,109.02
16555.0,Loyal Customers,1,4,84,1,118.42
16556.0,Potential Loyalists,1,4,414,1,126.16
16557.0,Loyal Customers,1,4,229,1,87.26
16558.0,Loyal Customers,1,4,65,1,33.24
16559.0,Potential Loyalists,1,4,544,1,243.36
16560.0,Loyal Customers,1,4,199,1,110.49
16561.0,Lost Customers,1,4,575,1,63.49
16562.0,Loyal Customers,1,4,49,1,89.36
16563.0,Potential Loyalists,1,4,504,1,120.96
16564.0,Champions,1,4,133,1,246.75
16565.0,Lost Customers,1,4,682,1,75.96
16566.0,Lost Customers,1,4,608,1,123.7
16567.0,Potential Loyalists,1,4,504,1,116.72
16568.0,Loyal Customers,1,4,284,1,141.91
16569.0,Lost Customers,1,4,652,1,174.26
16570.0,Loyal Customers,1,4,180,1,58.37
16571.0,Loyal Customers,1,4,13,1,79.32
16572.0,Lost Customers,1,4,596,1,157.33
16573.0,Potential Loyalists,1,4,401,1,134.66
16574.0,Loyal Customers,1,4,188,1,47.64
16575.0,Potential Loyalists,1,4,405,1,86.06
16576.0,Potential Loyalists,1,4,535,1,223.03
16577.0,Potential Loyalists,1,4,509,1,167.49
16578.0,Potential Loyalists,1,4,540,1,141.1
16579.0,Loyal Customers,1,4,210,1,160.53
16580.0,Loyal Customers,1,4,161,1,108.75
16581.0,Loyal Customers,1,4,296,1,101.12
16582.0,Loyal Customers,1,4,135,1,150.36
16583.0,Loyal Customers,1,4,156,1,108.31
16584.0,Loyal Customers,1,4,180,1,109.56
16585.0,Lost Customers,1,4,693,1,161.54
16586.0,Potential Loyalists,1,4,520,1,99.42
16587.0,Lost Customers,1,4,683,1,147.8
16588.0,Potential Loyalists,1,4,545,1,81.15
16589.0,Potential Loyalists,1,4,409,1,190.65
16590.0,Loyal Customers,1,4,127,1,162.07
16591.0,Loyal Customers,1,4,18,1,156.66
16592.0,Loyal Customers,1,4,113,1,141.77
16593.0,Potential Loyalists,1,4,483,1,80.66
16594.0,Potential Loyalists,1,4,432,1,79.18
16595.0,Potential Loyalists,1,4,407,1,243.47
16596.0,Loyal Customers,1,4,201,1,253.61
16597.0,Potential Loyalists,1,4,502,1,216.74
16598.0,Potential Loyalists,1,4,537,1,130.4
16599.0,Lost Customers,1,4,663,1,200.11
16600.0,Loyal Customers,1,4,167,1,99.37
16601.0,Lost Customers,1,4,714,1,113.12
16602.0,Loyal Customers,1,4,358,1,57.87
16603.0,Champions,1,4,40,1,275.69
16604.0,Lost Customers,1,4,694,1,147.54
16605.0,Lost Customers,1,4,552,1,178.82
16606.0,Loyal Customers,1,4,263,1,81.77
16607.0,Lost Customers,1,4,653,1,94.5
16608.0,Loyal Customers,1,4,91,1,145.51
16609.0,Loyal Customers,1,4,350,1,111.3
16610.0,Potential Loyalists,1,4,486,1,138.78
16611.0,Loyal Customers,1,4,151,1,139.4
16612.0,Champions,1,4,81,1,219.53
16613.0,Loyal Customers,1,4,355,1,163.37
16614.0,Potential Loyalists,1,4,535,1,110.0
16615.0,Loyal Customers,1,4,257,1,145.87
16616.0,Potential Loyalists,1,4,489,1,73.02
16617.0,Potential Loyalists,1,4,542,1,212.99
16618.0,Potential Loyalists,1,4,408,1,97.93
16619.0,Lost Customers,1,4,713,1,205.64
16620.0,Loyal Customers,1,4,237,1,197.16
16621.0,Lost Customers,1,4,712,1,205.71
16622.0,Potential Loyalists,1,4,426,1,147.73
16623.0,Lost Customers,1,4,585,1,116.44
16624.0,Lost Customers,1,4,565,1,80.59
16625.0,Loyal Customers,1,4,308,1,223.64
16626.0,Loyal Customers,1,4,126,1,145.42
16627.0,Loyal Customers,1,4,274,1,102.42
16628.0,Loyal Customers,1,4,12,1,96.27
16629.0,Lost Customers,1,4,699,1,139.96
16630.0,Potential Loyalists,1,4,528,1,104.79
16631.0,Loyal Customers,1,4,366,1,158.67
16632.0,Loyal Customers,1,4,328,1,196.15
16633.0,Loyal Customers,1,4,83,1,102.26
16634.0,Potential Loyalists,1,4,397,1,153.02
16635.0,Loyal Customers,1,4,58,1,92.77
16636.0,Loyal Customers,1,4,259,1,62.15
16637.0,Potential Loyalists,1,4,519,1,81.32
16638.0,Lost Customers,1,4,575,1,164.21
16639.0,Lost Customers,1,4,672,1,66.73
16640.0,Champions,1,4,92,1,195.79
16641.0,Potential Loyalists,1,4,372,1,68.27
16642.0,Loyal Customers,1,4,231,1,96.83
16643.0,Lost Customers,1,4,652,1,89.17
16644.0,Loyal Customers,1,4,246,1,81.48
16645.0,Lost Customers,1,4,568,1,87.03
16646.0,Loyal Customers,1,4,122,1,145.74
16647.0,Lost Customers,1,4,725,1,178.6
16648.0,Potential Loyalists,1,4,416,1,98.25
16649.0,Loyal Customers,1,4,171,1,84.6
16650.0,Loyal Customers,1,4,301,1,76.02
16651.0,Potential Loyalists,1,4,443,1,129.07
16652.0,Loyal Customers,1,4,311,1,81.33
16653.0,Loyal Customers,1,4,233,1,112.31
16654.0,Loyal Customers,1,4,178,1,132.12
16655.0,Loyal Customers,1,4,265,1,151.35
16656.0,Lost Customers,1,4,583,1,104.06
16657.0,Loyal Customers,1,4,320,1,98.91
16658.0,Loyal Customers,1,4,256,1,255.1
16659.0,Lost Customers,1,4,692,1,139.95
16660.0,Potential Loyalists,1,4,517,1,71.03
16661.0,Potential Loyalists,1,4,424,1,108.34
16662.0,Lost Customers,1,4,683,1,195.51
16663.0,Champions,1,4,118,1,170.59
16664.0,Potential Loyalists,1,4,485,1,159.17
16665.0,Loyal Customers,1,4,66,1,115.29
16666.0,Potential Loyalists,1,4,492,1,105.02
16667.0,Loyal Customers,1,4,272,1,73.49
16668.0,Loyal Customers,1,4,281,1,180.63
16669.0,Potential Loyalists,1,4,408,1,59.99
16670.0,Loyal Customers,1,4,32,1,134.93
16671.0,Potential Loyalists,1,4,385,1,64.61
16672.0,Lost Customers,1,4,587,1,115.76
16673.0,Loyal Customers,1,4,21,1,98.7
16674.0,Loyal Customers,1,4,167,1,59.4
16675.0,Loyal Customers,1,4,319,1,119.42
16676.0,Loyal Customers,1,4,190,1,84.32
16677.0,Loyal Customers,1,4,151,1,96.87
16678.0,Loyal Customers,1,4,227,1,88.41
16679.0,Lost Customers,1,4,665,1,59.76
16680.0,Loyal Customers,1,4,302,1,95.21
16681.0,Potential Loyalists,1,4,438,1,174.82
16682.0,Potential Loyalists,1,4,481,1,163.77
16683.0,Potential Loyalists,1,4,447,1,168.68
16684.0,Lost Customers,1,4,728,1,96.11
16685.0,Potential Loyalists,1,4,370,1,104.66
16686.0,Lost Customers,1,4,714,1,118.38
16687.0,Potential Loyalists,1,4,506,1,122.91
16688.0,Potential Loyalists,1,4,458,1,63.98
16689.0,Loyal Customers,1,4,340,1,267.5
16690.0,Potential Loyalists,1,4,521,1,120.56
16691.0,Lost Customers,1,4,683,1,76.01
16692.0,Loyal Customers,1,4,267,1,62.74
16693.0,Loyal Customers,1,4,357,1,201.92
16694.0,Loyal Customers,1,4,2,1,164.16
16695.0,Lost Customers,1,4,686,1,119.58
16696.0,Loyal Customers,1,4,141,1,78.59
16697.0,Potential Loyalists,1,4,396,1,123.26
16698.0,Loyal Customers,1,4,53,1,129.86
16699.0,Potential Loyalists,1,4,477,1,95.67
16700.0,Loyal Customers,1,4,362,1,85.45
16701.0,Potential Loyalists,1,4,402,1,101.81
16702.0,Lost Customers,1,4,550,1,101.02
16703.0,Lost Customers,1,4,602,1,66.71
16704.0,Potential Loyalists,1,4,490,1,103.06
16705.0,Lost Customers,1,4,562,1,196.75
16706.0,Potential Loyalists,1,4,400,1,98.46
16707.0,Potential Loyalists,1,4,444,1,129.77
16708.0,Lost Customers,1,4,688,1,156.39
16709.0,Loyal Customers,1,4,256,1,87.29
16710.0,Loyal Customers,1,4,360,1,137.49
16711.0,Loyal Customers,1,4,47,1,163.22
16712.0,Potential Loyalists,1,4,470,1,207.58
16713.0,Loyal Customers,1,4,271,1,167.38
16714.0,Loyal Customers,1,4,123,1,87.72
16715.0,Lost Customers,1,4,614,1,90.74
16716.0,Potential Loyalists,1,4,448,1,139.13
16717.0,Loyal Customers,1,4,229,1,114.04
16718.0,Potential Loyalists,1,4,401,1,65.21
16719.0,Loyal Customers,1,4,291,1,168.05
16720.0,Potential Loyalists,1,4,470,1,209.81
16721.0,Loyal Customers,1,4,363,1,143.24
16722.0,Loyal Customers,1,4,248,1,102.41
16723.0,Potential Loyalists,1,4,479,1,161.97
16724.0,Loyal Customers,1,4,74,1,92.04
16725.0,Potential Loyalists,1,4,410,1,115.65
16726.0,Loyal Customers,1,4,97,1,49.22
16727.0,Loyal Customers,1,4,6,1,122.05
16728.0,Potential Loyalists,1,4,440,1,100.23
16729.0,Loyal Customers,1,4,166,1,86.52
16730.0,Potential Loyalists,1,4,524,1,89.97
16731.0,Potential Loyalists,1,4,370,1,59.57
16732.0,Lost Customers,1,4,646,1,175.7
16733.0,Loyal Customers,1,4,83,1,93.85
16734.0,Loyal Customers,1,4,196,1,94.4
16735.0,Loyal Customers,1,4,214,1,139.43
16736.0,Loyal Customers,1,4,209,1,80.59
16737.0,Potential Loyalists,1,4,504,1,123.86
16738.0,Loyal Customers,1,4,248,1,241.9
16739.0,Loyal Customers,1,4,232,1,103.24
16740.0,Lost Customers,1,4,636,1,75.6
16741.0,Champions,1,4,155,1,184.02
16742.0,Loyal Customers,1,4,43,1,111.2
16743.0,Champions,1,4,95,1,230.22
16744.0,Loyal Customers,1,4,14,1,85.84
16745.0,Potential Loyalists,1,4,530,1,228.8
16746.0,Lost Customers,1,4,697,1,231.17
16747.0,Lost Customers,1,4,624,1,174.89
16748.0,Loyal Customers,1,4,161,1,110.31
16749.0,Loyal Customers,1,4,228,1,248.91
16750.0,Potential Loyalists,1,4,479,1,279.89
16751.0,Potential Loyalists,1,4,381,1,207.2
16752.0,Loyal Customers,1,4,222,1,169.25
16753.0,Potential Loyalists,1,4,397,1,82.7
16754.0,Lost Customers,1,4,656,1,125.05
16755.0,Potential Loyalists,1,4,452,1,106.04
16756.0,Loyal Customers,1,4,2,1,92.31
16757.0,Loyal Customers,1,4,280,1,189.28
16758.0,Lost Customers,1,4,560,1,77.58
16759.0,Loyal Customers,1,4,199,1,101.85
16760.0,Potential Loyalists,1,4,521,1,215.39
16761.0,Loyal Customers,1,4,339,1,110.18
16762.0,Loyal Customers,1,4,39,1,117.1
16763.0,Champions,1,4,8,1,173.81
16764.0,Loyal Customers,1,4,235,1,107.61
16765.0,Loyal Customers,1,4,233,1,163.83
16766.0,Loyal Customers,1,4,159,1,111.67
16767.0,Potential Loyalists,1,4,442,1,135.81
16768.0,Potential Loyalists,1,4,408,1,130.15
16769.0,Potential Loyalists,1,4,399,1,205.41
16770.0,Loyal Customers,1,4,131,1,157.83
16771.0,Loyal Customers,1,4,262,1,131.18
16772.0,Loyal Customers,1,4,224,1,90.65
16773.0,Potential Loyalists,1,4,542,1,108.04
16774.0,Champions,1,4,18,1,253.02
16775.0,Lost Customers,1,4,645,1,141.55
16776.0,Lost Customers,1,4,690,1,105.91
16777.0,Potential Loyalists,1,4,407,1,221.65
16778.0,Potential Loyalists,1,4,539,1,120.48
16779.0,Potential Loyalists,1,4,489,1,108.14
16780.0,Loyal Customers,1,4,350,1,77.36
16781.0,Lost Customers,1,4,616,1,105.54
16782.0,Champions,1,4,78,1,179.79
16783.0,Potential Loyalists,1,4,419,1,122.05
16784.0,Loyal Customers,1,4,4,1,83.31
16785.0,Lost Customers,1,4,620,1,89.51
16786.0,Potential Loyalists,1,4,408,1,170.5
16787.0,Loyal Customers,1,4,152,1,49.08
16788.0,Lost Customers,1,4,639,1,193.46
16789.0,Loyal Customers,1,4,49,1,154.75
16790.0,Lost Customers,1,4,652,1,170.35
16791.0,Lost Customers,1,4,729,1,116.47
16792.0,Potential Loyalists,1,4,502,1,86.47
16793.0,Lost Customers,1,4,614,1,98.47
16794.0,Loyal Customers,1,4,279,1,78.76
16795.0,Loyal Customers,1,4,249,1,112.71
16796.0,Loyal Customers,1,4,2,1,150.25
16797.0,Loyal Customers,1,4,80,1,140.18
16798.0,Loyal Customers,1,4,231,1,82.87
16799.0,Loyal Customers,1,4,37,1,109.9
16800.0,Loyal Customers,1,4,158,1,121.96
16801.0,Loyal Customers,1,4,191,1,108.15
16802.0,Lost Customers,1,4,627,1,186.38
16803.0,Lost Customers,1,4,666,1,146.13
16804.0,Potential Loyalists,1,4,515,1,131.1
16805.0,Loyal Customers,1,4,230,1,111.35
16806.0,Lost Customers,1,4,701,1,181.19
16807.0,Loyal Customers,1,4,50,1,109.81
16808.0,Loyal Customers,1,4,63,1,118.48
16809.0,Loyal Customers,1,4,124,1,75.35
16810.0,Lost Customers,1,4,584,1,106.21
16811.0,Loyal Customers,1,4,227,1,112.96
16812.0,Lost Customers,1,4,697,1,117.23
16813.0,Loyal Customers,1,4,273,1,231.31
16814.0,Loyal Customers,1,4,32,1,49.15
16815.0,Loyal Customers,1,4,364,1,140.61
16816.0,Lost Customers,1,4,681,1,87.05
16817.0,Loyal Customers,1,4,337,1,94.66
16818.0,Loyal Customers,1,4,22,1,116.73
16819.0,Champions,1,4,111,1,167.78
16820.0,Potential Loyalists,1,4,460,1,121.19
16821.0,Loyal Customers,1,4,201,1,127.68
16822.0,Lost Customers,1,4,707,1,174.37
16823.0,Lost Customers,1,4,699,1,137.14
16824.0,Lost Customers,1,4,578,1,132.64
16825.0,Potential Loyalists,1,4,368,1,198.74
16826.0,Potential Loyalists,1,4,510,1,78.58
16827.0,Lost Customers,1,4,687,1,95.41
16828.0,Potential Loyalists,1,4,455,1,122.9
16829.0,Champions,1,4,83,1,165.19
16830.0,Lost Customers,1,4,683,1,85.73
16831.0,Potential Loyalists,1,4,371,1,70.32
16832.0,Loyal Customers,1,4,154,1,85.11
16833.0,Loyal Customers,1,4,332,1,204.17
16834.0,Loyal Customers,1,4,223,1,199.0
16835.0,Loyal Customers,1,4,322,1,131.62
16836.0,Lost Customers,1,4,622,1,63.14
16837.0,Lost Customers,1,4,691,1,106.28
16838.0,Potential Loyalists,1,4,400,1,167.19
16839.0,Lost Customers,1,4,566,1,112.85
16840.0,Loyal Customers,1,4,94,1,130.54
16841.0,Loyal Customers,1,4,155,1,133.03
16842.0,Lost Customers,1,4,625,1,82.68
16843.0,Loyal Customers,1,4,281,1,116.41
16844.0,Loyal Customers,1,4,364,1,113.81
16845.0,Lost Customers,1,4,576,1,200.96
16846.0,Loyal Customers,1,4,150,1,163.18
16847.0,Lost Customers,1,4,708,1,66.73
16848.0,Lost Customers,1,4,714,1,213.87
16849.0,Potential Loyalists,1,4,480,1,149.75
16850.0,Loyal Customers,1,4,360,1,87.01
16851.0,Potential Loyalists,1,4,408,1,90.06
16852.0,Lost Customers,1,4,590,1,104.39
16853.0,Lost Customers,1,4,684,1,127.29
16854.0,Lost Customers,1,4,665,1,110.6
16855.0,Loyal Customers,1,4,253,1,232.45
16856.0,Potential Loyalists,1,4,498,1,124.41
16857.0,Loyal Customers,1,4,284,1,188.83
16858.0,Loyal Customers,1,4,45,1,158.65
16859.0,Lost Customers,1,4,712,1,216.01
16860.0,Champions,1,4,147,1,166.65
16861.0,Potential Loyalists,1,4,437,1,98.6
16862.0,Lost Customers,1,4,648,1,83.84
16863.0,Loyal Customers,1,4,278,1,49.91
16864.0,Loyal Customers,1,4,204,1,141.04
16865.0,Loyal Customers,1,4,15,1,133.31
16866.0,Loyal Customers,1,4,279,1,117.57
16867.0,Potential Loyalists,1,4,375,1,165.52
16868.0,Loyal Customers,1,4,244,1,148.03
16869.0,Loyal Customers,1,4,255,1,71.91
16870.0,Loyal Customers,1,4,232,1,80.36
16871.0,Loyal Customers,1,4,268,1,154.6
16872.0,Potential Loyalists,1,4,495,1,81.75
16873.0,Loyal Customers,1,4,187,1,52.39
16874.0,Potential Loyalists,1,4,460,1,292.46
16875.0,Lost Customers,1,4,617,1,69.34
16876.0,Lost Customers,1,4,557,1,152.88
16877.0,Loyal Customers,1,4,307,1,100.81
16878.0,Loyal Customers,1,4,21,1,111.41
16879.0,Lost Customers,1,4,723,1,185.56
16880.0,Loyal Customers,1,4,116,1,149.76
16881.0,Potential Loyalists,1,4,489,1,254.69
16882.0,Loyal Customers,1,4,271,1,74.41
16883.0,Loyal Customers,1,4,325,1,92.58
16884.0,Loyal Customers,1,4,259,1,191.74
16885.0,Champions,1,4,155,1,238.65
16886.0,Champions,1,4,77,1,215.6
16887.0,Loyal Customers,1,4,43,1,117.91
16888.0,Potential Loyalists,1,4,446,1,103.83
16889.0,Loyal Customers,1,4,31,1,135.94
16890.0,Loyal Customers,1,4,136,1,158.61
16891.0,Loyal Customers,1,4,283,1,102.89
16892.0,Champions,1,4,48,1,213.42
16893.0,Lost Customers,1,4,683,1,96.45
16894.0,Potential Loyalists,1,4,490,1,89.57
16895.0,Potential Loyalists,1,4,380,1,275.94
16896.0,Loyal Customers,1,4,154,1,123.84
16897.0,Loyal Customers,1,4,228,1,69.6
16898.0,Potential Loyalists,1,4,476,1,114.78
16899.0,Loyal Customers,1,4,181,1,58.89
16900.0,Potential Loyalists,1,4,482,1,137.66
16901.0,Potential Loyalists,1,4,386,1,106.31
16902.0,Potential Loyalists,1,4,467,1,124.45
16903.0,Potential Loyalists,1,4,449,1,107.78
16904.0,Loyal Customers,1,4,212,1,215.76
16905.0,Loyal Customers,1,4,172,1,72.83
16906.0,Loyal Customers,1,4,42,1,149.5
16907.0,Loyal Customers,1,4,4,1,115.33
16908.0,Lost Customers,1,4,727,1,168.39
16909.0,Lost Customers,1,4,622,1,152.59
16910.0,Potential Loyalists,1,4,517,1,175.14
16911.0,Loyal Customers,1,4,249,1,108.26
16912.0,Loyal Customers,1,4,281,1,64.27
16913.0,Lost Customers,1,4,707,1,110.79
16914.0,Loyal Customers,1,4,214,1,105.44
16915.0,Champions,1,4,40,1,224.39
16916.0,Loyal Customers,1,4,185,1,103.1
16917.0,Potential Loyalists,1,4,416,1,125.58
16918.0,Potential Loyalists,1,4,444,1,108.97
16919.0,Loyal Customers,1,4,202,1,108.48
16920.0,Loyal Customers,1,4,158,1,82.25
16921.0,Potential Loyalists,1,4,452,1,174.34
16922.0,Loyal Customers,1,4,33,1,87.53
16923.0,Loyal Customers,1,4,219,1,131.97
16924.0,Loyal Customers,1,4,357,1,51.9
16925.0,Loyal Customers,1,4,8,1,89.18
16926.0,Potential Loyalists,1,4,449,1,143.55
16927.0,Potential Loyalists,1,4,373,1,56.77
16928.0,Lost Customers,1,4,668,1,68.92
16929.0,Potential Loyalists,1,4,378,1,89.09
16930.0,Lost Customers,1,4,573,1,96.82
16931.0,Loyal Customers,1,4,228,1,66.04
16932.0,Potential Loyalists,1,4,448,1,147.26
16933.0,Loyal Customers,1,4,149,1,99.89
16934.0,Potential Loyalists,1,4,475,1,213.83
16935.0,Loyal Customers,1,4,332,1,103.38
16936.0,Loyal Customers,1,4,73,1,58.15
16937.0,Lost Customers,1,4,573,1,92.84
16938.0,Lost Customers,1,4,728,1,75.18
16939.0,Potential Loyalists,1,4,515,1,145.38
16940.0,Loyal Customers,1,4,213,1,71.57
16941.0,Loyal Customers,1,4,283,1,137.06
16942.0,Potential Loyalists,1,4,467,1,98.8
16943.0,Loyal Customers,1,4,286,1,110.82
16944.0,Loyal Customers,1,4,118,1,70.14
16945.0,Lost Customers,1,4,626,1,166.52
16946.0,Potential Loyalists,1,4,541,1,54.64
16947.0,Loyal Customers,1,4,171,1,109.24
16948.0,Loyal Customers,1,4,16,1,114.24
16949.0,Loyal Customers,1,4,220,1,81.74
16950.0,Potential Loyalists,1,4,382,1,112.4
16951.0,Loyal Customers,1,4,36,1,73.39
16952.0,Lost Customers,1,4,655,1,98.4
16953.0,Potential Loyalists,1,4,437,1,174.71
16954.0,Lost Customers,1,4,589,1,82.48
16955.0,Potential Loyalists,1,4,542,1,123.78
16956.0,Potential Loyalists,1,4,392,1,135.34
16957.0,Lost Customers,1,4,703,1,76.86
16958.0,Loyal Customers,1,4,96,1,111.24
16959.0,Loyal Customers,1,4,266,1,141.82
16960.0,Loyal Customers,1,4,114,1,90.29
16961.0,Loyal Customers,1,4,85,1,124.76
16962.0,Lost Customers,1,4,700,1,95.58
16963.0,Potential Loyalists,1,4,404,1,135.4
16964.0,Potential Loyalists,1,4,535,1,74.15
16965.0,Loyal Customers,1,4,344,1,81.1
16966.0,Lost Customers,1,4,560,1,136.68
16967.0,Loyal Customers,1,4,334,1,80.16
16968.0,Potential Loyalists,1,4,527,1,97.05
16969.0,Potential Loyalists,1,4,440,1,88.65
16970.0,Loyal Customers,1,4,6,1,80.08
16971.0,Lost Customers,1,4,636,1,193.61
16972.0,Lost Customers,1,4,601,1,133.95
16973.0,Potential Loyalists,1,4,407,1,101.59
16974.0,Potential Loyalists,1,4,451,1,60.58
16975.0,Lost Customers,1,4,647,1,109.5
16976.0,Loyal Customers,1,4,310,1,85.03
16977.0,Potential Loyalists,1,4,408,1,106.4
16978.0,Champions,1,4,129,1,243.07
16979.0,Lost Customers,1,4,664,1,93.27
16980.0,Lost Customers,1,4,621,1,100.71
16981.0,Loyal Customers,1,4,177,1,95.93
16982.0,Lost Customers,1,4,619,1,102.94
16983.0,Loyal Customers,1,4,318,1,154.67
16984.0,Loyal Customers,1,4,345,1,96.22
16985.0,Potential Loyalists,1,4,437,1,99.65
16986.0,Loyal Customers,1,4,83,1,125.76
16987.0,Potential Loyalists,1,4,514,1,70.13
16988.0,Champions,1,4,110,1,188.15
16989.0,Potential Loyalists,1,4,385,1,115.97
16990.0,Potential Loyalists,1,4,447,1,77.7
16991.0,Potential Loyalists,1,4,428,1,69.11
16992.0,Loyal Customers,1,4,113,1,148.75
16993.0,Lost Customers,1,4,610,1,231.86
16994.0,Loyal Customers,1,4,132,1,115.57
16995.0,Lost Customers,1,4,720,1,59.65
16996.0,Loyal Customers,1,4,343,1,31.74
16997.0,Loyal Customers,1,4,356,1,143.1
16998.0,Lost Customers,1,4,605,1,140.86
16999.0,Loyal Customers,1,4,356,1,154.99
17000.0,Loyal Customers,1,4,111,1,142.19
17001.0,Lost Customers,1,4,710,1,166.12
17002.0,Loyal Customers,1,4,285,1,96.63
17003.0,Loyal Customers,1,4,137,1,140.49
17004.0,Potential Loyalists,1,4,462,1,104.49
17005.0,Loyal Customers,1,4,276,1,183.98
17006.0,Potential Loyalists,1,4,429,1,107.22
17007.0,Champions,1,4,4,1,259.04
17008.0,Potential Loyalists,1,4,404,1,65.36
17009.0,Loyal Customers,1,4,62,1,146.64
17010.0,Lost Customers,1,4,567,1,136.76
17011.0,Loyal Customers,1,4,151,1,91.18
17012.0,Loyal Customers,1,4,271,1,104.09
17013.0,Loyal Customers,1,4,302,1,105.17
17014.0,Potential Loyalists,1,4,436,1,168.74
17015.0,Loyal Customers,1,4,250,1,236.61
17016.0,Loyal Customers,1,4,187,1,209.07
17017.0,Loyal Customers,1,4,100,1,165.03
17018.0,Potential Loyalists,1,4,434,1,177.15
17019.0,Potential Loyalists,1,4,450,1,119.41
17020.0,Loyal Customers,1,4,308,1,158.59
17021.0,Loyal Customers,1,4,272,1,137.7
17022.0,Potential Loyalists,1,4,415,1,217.29
17023.0,Potential Loyalists,1,4,375,1,76.63
17024.0,Loyal Customers,1,4,57,1,145.39
17025.0,Loyal Customers,1,4,220,1,244.36
17026.0,Lost Customers,1,4,708,1,133.65
17027.0,Potential Loyalists,1,4,403,1,125.36
17028.0,Lost Customers,1,4,682,1,129.12
17029.0,Loyal Customers,1,4,244,1,140.03
17030.0,Loyal Customers,1,4,167,1,94.43
17031.0,Loyal Customers,1,4,234,1,87.49
17032.0,Lost Customers,1,4,706,1,109.7
17033.0,Loyal Customers,1,4,201,1,91.57
17034.0,Potential Loyalists,1,4,403,1,103.69
17035.0,Lost Customers,1,4,698,1,69.01
17036.0,Loyal Customers,1,4,123,1,155.45
17037.0,Loyal Customers,1,4,340,1,95.44
17038.0,Loyal Customers,1,4,37,1,140.11
17039.0,Lost Customers,1,4,598,1,105.94
17040.0,Potential Loyalists,1,4,506,1,102.56
17041.0,Loyal Customers,1,4,231,1,297.64
17042.0,Lost Customers,1,4,667,1,70.95
17043.0,Loyal Customers,1,4,180,1,143.32
17044.0,Potential Loyalists,1,4,531,1,116.35
17045.0,Loyal Customers,1,4,147,1,88.41
17046.0,Potential Loyalists,1,4,427,1,106.84
17047.0,Loyal Customers,1,4,21,1,104.66
17048.0,Potential Loyalists,1,4,451,1,106.45
17049.0,Lost Customers,1,4,707,1,92.58
17050.0,Potential Loyalists,1,4,434,1,69.78
17051.0,Loyal Customers,1,4,140,1,107.7
17052.0,Potential Loyalists,1,4,378,1,235.67
17053.0,Loyal Customers,1,4,60,1,151.41
17054.0,Potential Loyalists,1,4,427,1,106.9
17055.0,Loyal Customers,1,4,59,1,103.4
17056.0,Lost Customers,1,4,557,1,181.95
17057.0,Champions,1,4,9,1,196.56
17058.0,Potential Loyalists,1,4,388,1,105.23
17059.0,Lost Customers,1,4,656,1,164.63
17060.0,Loyal Customers,1,4,236,1,91.35
17061.0,Loyal Customers,1,4,212,1,145.48
17062.0,Loyal Customers,1,4,209,1,122.17
17063.0,Champions,1,4,72,1,221.47
17064.0,Potential Loyalists,1,4,507,1,235.14
17065.0,Loyal Customers,1,4,74,1,101.09
17066.0,Loyal Customers,1,4,149,1,115.58
17067.0,Potential Loyalists,1,4,522,1,95.06
17068.0,Loyal Customers,1,4,69,1,156.03
17069.0,Loyal Customers,1,4,302,1,94.16
17070.0,Loyal Customers,1,4,309,1,72.69
17071.0,Champions,1,4,169,1,179.11
17072.0,Potential Loyalists,1,4,542,1,164.38
17073.0,Lost Customers,1,4,562,1,63.0
17074.0,Loyal Customers,1,4,68,1,116.74
17075.0,Potential Loyalists,1,4,403,1,141.19
17076.0,Lost Customers,1,4,640,1,118.71
17077.0,Potential Loyalists,1,4,471,1,153.61
17078.0,Loyal Customers,1,4,250,1,101.34
17079.0,Loyal Customers,1,4,92,1,58.84
17080.0,Potential Loyalists,1,4,439,1,74.8
17081.0,Lost Customers,1,4,725,1,90.05
17082.0,Potential Loyalists,1,4,508,1,74.9
17083.0,Lost Customers,1,4,589,1,112.34
17084.0,Potential Loyalists,1,4,432,1,139.37
17085.0,Loyal Customers,1,4,231,1,61.17
17086.0,Loyal Customers,1,4,207,1,151.06
17087.0,Loyal Customers,1,4,178,1,115.69
17088.0,Lost Customers,1,4,681,1,189.76
17089.0,Loyal Customers,1,4,45,1,97.77
17090.0,Loyal Customers,1,4,202,1,121.77
17091.0,Lost Customers,1,4,555,1,75.2
17092.0,Loyal Customers,1,4,40,1,121.84
17093.0,Loyal Customers,1,4,180,1,94.52
17094.0,Potential Loyalists,1,4,476,1,99.42
17095.0,Lost Customers,1,4,695,1,98.1
17096.0,Lost Customers,1,4,566,1,93.54
17097.0,Champions,1,4,20,1,170.71
17098.0,Lost Customers,1,4,637,1,165.36
17099.0,Loyal Customers,1,4,108,1,120.06
17100.0,Potential Loyalists,1,4,387,1,105.92
17101.0,Loyal Customers,1,4,44,1,102.51
17102.0,Loyal Customers,1,4,118,1,128.05
17103.0,Potential Loyalists,1,4,399,1,142.22
17104.0,Lost Customers,1,4,655,1,89.02
17105.0,Loyal Customers,1,4,360,1,136.24
17106.0,Loyal Customers,1,4,219,1,138.12
17107.0,Loyal Customers,1,4,114,1,119.8
17108.0,Potential Loyalists,1,4,408,1,110.51
17109.0,Potential Loyalists,1,4,401,1,177.7
17110.0,Loyal Customers,1,4,243,1,48.38
17111.0,Loyal Customers,1,4,91,1,71.32
17112.0,Loyal Customers,1,4,149,1,85.68
17113.0,Loyal Customers,1,4,274,1,92.11
17114.0,Loyal Customers,1,4,179,1,127.0
17115.0,Loyal Customers,1,4,87,1,115.69
17116.0,Lost Customers,1,4,590,1,88.29
17117.0,Lost Customers,1,4,713,1,94.34
17118.0,Potential Loyalists,1,4,502,1,77.23
17119.0,Lost Customers,1,4,654,1,83.51
17120.0,Loyal Customers,1,4,258,1,129.85
17121.0,Loyal Customers,1,4,6,1,151.11
17122.0,Potential Loyalists,1,4,454,1,95.65
17123.0,Potential Loyalists,1,4,538,1,93.77
17124.0,Lost Customers,1,4,577,1,168.19
17125.0,Lost Customers,1,4,693,1,175.56
17126.0,Lost Customers,1,4,580,1,103.43
17127.0,Lost Customers,1,4,627,1,171.24
17128.0,Loyal Customers,1,4,107,1,105.6
17129.0,Loyal Customers,1,4,227,1,136.58
17130.0,Loyal Customers,1,4,205,1,104.97
17131.0,Lost Customers,1,4,561,1,71.36
17132.0,Potential Loyalists,1,4,429,1,85.81
17133.0,Loyal Customers,1,4,310,1,206.1
17134.0,Lost Customers,1,4,721,1,130.98
17135.0,Lost Customers,1,4,571,1,139.31
17136.0,Champions,1,4,144,1,182.04
17137.0,Champions,1,4,179,1,181.75
17138.0,Lost Customers,1,4,715,1,177.31
17139.0,Loyal Customers,1,4,316,1,137.63
17140.0,Potential Loyalists,1,4,519,1,171.39
17141.0,Lost Customers,1,4,573,1,159.34
17142.0,Potential Loyalists,1,4,532,1,91.85
17143.0,Potential Loyalists,1,4,395,1,57.03
17144.0,Lost Customers,1,4,688,1,106.9
17145.0,Potential Loyalists,1,4,389,1,70.27
17146.0,Lost Customers,1,4,630,1,130.46
17147.0,Loyal Customers,1,4,261,1,95.91
17148.0,Loyal Customers,1,4,363,1,172.26
17149.0,Loyal Customers,1,4,206,1,223.7
17150.0,Potential Loyalists,1,4,413,1,156.17
17151.0,Champions,1,4,48,1,265.27
17152.0,Lost Customers,1,4,719,1,116.83
17153.0,Lost Customers,1,4,616,1,241.02
17154.0,Loyal Customers,1,4,55,1,103.24
17155.0,Lost Customers,1,4,689,1,102.61
17156.0,Loyal Customers,1,4,262,1,93.43
17157.0,Lost Customers,1,4,574,1,129.44
17158.0,Lost Customers,1,4,723,1,79.98
17159.0,Potential Loyalists,1,4,379,1,81.6
17160.0,Lost Customers,1,4,617,1,55.13
17161.0,Loyal Customers,1,4,250,1,210.82
17162.0,Loyal Customers,1,4,6,1,60.51
17163.0,Loyal Customers,1,4,205,1,126.31
17164.0,Loyal Customers,1,4,206,1,171.36
17165.0,Lost Customers,1,4,565,1,187.54
17166.0,Lost Customers,1,4,612,1,188.31
17167.0,Loyal Customers,1,4,320,1,50.31
17168.0,Potential Loyalists,1,4,452,1,86.48
17169.0,Potential Loyalists,1,4,409,1,69.16
17170.0,Loyal Customers,1,4,239,1,177.77
17171.0,Potential Loyalists,1,4,535,1,92.39
17172.0,Lost Customers,1,4,726,1,99.49
17173.0,Potential Loyalists,1,4,382,1,125.62
17174.0,Loyal Customers,1,4,353,1,180.56
17175.0,Loyal Customers,1,4,21,1,99.93
17176.0,Potential Loyalists,1,4,477,1,136.02
17177.0,Potential Loyalists,1,4,369,1,137.23
17178.0,Loyal Customers,1,4,193,1,61.51
17179.0,Loyal Customers,1,4,11,1,97.51
17180.0,Loyal Customers,1,4,362,1,133.78
17181.0,Loyal Customers,1,4,31,1,149.82
17182.0,Loyal Customers,1,4,199,1,75.22
17183.0,Loyal Customers,1,4,235,1,95.12
17184.0,Lost Customers,1,4,665,1,92.13
17185.0,Loyal Customers,1,4,31,1,37.19
17186.0,Potential Loyalists,1,4,379,1,93.06
17187.0,Loyal Customers,1,4,177,1,68.6
17188.0,Potential Loyalists,1,4,395,1,182.16
17189.0,Loyal Customers,1,4,75,1,51.91
17190.0,Loyal Customers,1,4,231,1,180.98
17191.0,Loyal Customers,1,4,99,1,110.51
17192.0,Loyal Customers,1,4,12,1,140.09
17193.0,Loyal Customers,1,4,218,1,50.32
17194.0,Loyal Customers,1,4,216,1,92.96
17195.0,Lost Customers,1,4,585,1,18.84
17196.0,Potential Loyalists,1,4,484,1,36.19
17197.0,Loyal Customers,1,4,354,1,144.14
17198.0,Lost Customers,1,4,699,1,106.4
17199.0,Lost Customers,1,4,636,1,109.45
17200.0,Loyal Customers,1,4,207,1,201.38
17201.0,Potential Loyalists,1,4,544,1,98.22
17202.0,Loyal Customers,1,4,322,1,93.36
17203.0,Champions,1,4,167,1,254.1
17204.0,Loyal Customers,1,4,147,1,70.67
17205.0,Loyal Customers,1,4,319,1,202.89
17206.0,Potential Loyalists,1,4,434,1,183.72
17207.0,Lost Customers,1,4,552,1,91.29
17208.0,Lost Customers,1,4,622,1,88.71
17209.0,Loyal Customers,1,4,121,1,159.38
17210.0,Potential Loyalists,1,4,443,1,166.39
17211.0,Lost Customers,1,4,707,1,170.06
17212.0,Lost Customers,1,4,700,1,74.52
17213.0,Loyal Customers,1,4,65,1,63.73
17214.0,Loyal Customers,1,4,161,1,124.0
17215.0,Loyal Customers,1,4,353,1,102.57
17216.0,Loyal Customers,1,4,270,1,71.43
17217.0,Loyal Customers,1,4,365,1,301.32
17218.0,Lost Customers,1,4,644,1,40.93
17219.0,Loyal Customers,1,4,272,1,159.1
17220.0,Lost Customers,1,4,672,1,193.9
17221.0,Lost Customers,1,4,616,1,26.04
17222.0,Potential Loyalists,1,4,367,1,202.87
17223.0,Loyal Customers,1,4,197,1,207.55
17224.0,Loyal Customers,1,4,212,1,194.46
17225.0,Loyal Customers,1,4,289,1,72.29
17226.0,Potential Loyalists,1,4,460,1,102.22
17227.0,Potential Loyalists,1,4,522,1,112.12
17228.0,Potential Loyalists,1,4,478,1,87.64
17229.0,Loyal Customers,1,4,263,1,209.81
17230.0,Loyal Customers,1,4,262,1,62.96
17231.0,Loyal Customers,1,4,2,1,126.8
17232.0,Loyal Customers,1,4,268,1,43.41
17233.0,Loyal Customers,1,4,139,1,122.86
17234.0,Loyal Customers,1,4,343,1,96.29
17235.0,Potential Loyalists,1,4,525,1,157.48
17236.0,Loyal Customers,1,4,195,1,93.84
17237.0,Potential Loyalists,1,4,466,1,72.01
17238.0,Loyal Customers,1,4,223,1,117.88
17239.0,Lost Customers,1,4,637,1,51.41
17240.0,Loyal Customers,1,4,316,1,121.81
17241.0,Loyal Customers,1,4,223,1,72.08
17242.0,Champions,1,4,144,1,176.24
17243.0,Loyal Customers,1,4,124,1,114.96
17244.0,Loyal Customers,1,4,356,1,89.19
17245.0,Potential Loyalists,1,4,403,1,200.88
17246.0,Loyal Customers,1,4,42,1,136.0
17247.0,Loyal Customers,1,4,176,1,81.79
17248.0,Loyal Customers,1,4,190,1,139.59
17249.0,Potential Loyalists,1,4,547,1,110.56
17250.0,Loyal Customers,1,4,214,1,69.54
17251.0,Champions,1,4,171,1,167.3
17252.0,Loyal Customers,1,4,10,1,69.71
17253.0,Potential Loyalists,1,4,484,1,90.62
17254.0,Lost Customers,1,4,646,1,195.24
17255.0,Lost Customers,1,4,608,1,206.16
17256.0,Potential Loyalists,1,4,450,1,61.84
17257.0,Potential Loyalists,1,4,533,1,193.5
17258.0,Loyal Customers,1,4,194,1,127.56
17259.0,Lost Customers,1,4,698,1,75.57
17260.0,Lost Customers,1,4,573,1,233.38
17261.0,Loyal Customers,1,4,1,1,98.41
17262.0,Lost Customers,1,4,575,1,73.28
17263.0,Loyal Customers,1,4,58,1,140.59
17264.0,Potential Loyalists,1,4,393,1,80.84
17265.0,Potential Loyalists,1,4,462,1,201.52
17266.0,Potential Loyalists,1,4,443,1,149.62
17267.0,Loyal Customers,1,4,12,1,72.74
17268.0,Lost Customers,1,4,689,1,81.21
17269.0,Potential Loyalists,1,4,489,1,102.46
17270.0,Lost Customers,1,4,588,1,79.71
17271.0,Potential Loyalists,1,4,387,1,94.27
17272.0,Potential Loyalists,1,4,464,1,150.94
17273.0,Potential Loyalists,1,4,419,1,172.67
17274.0,Loyal Customers,1,4,283,1,73.42
17275.0,Lost Customers,1,4,593,1,108.35
17276.0,Loyal Customers,1,4,333,1,170.51
17277.0,Lost Customers,1,4,554,1,152.62
17278.0,Potential Loyalists,1,4,529,1,230.05
17279.0,Lost Customers,1,4,715,1,188.98
17280.0,Loyal Customers,1,4,276,1,76.56
17281.0,Loyal Customers,1,4,240,1,119.28
17282.0,Loyal Customers,1,4,184,1,116.08
17283.0,Lost Customers,1,4,716,1,75.81
17284.0,Lost Customers,1,4,669,1,86.5
17285.0,Loyal Customers,1,4,201,1,105.13
17286.0,Lost Customers,1,4,558,1,267.15
17287.0,Loyal Customers,1,4,239,1,182.93
17288.0,Loyal Customers,1,4,245,1,94.62
17289.0,Potential Loyalists,1,4,546,1,103.67
17290.0,Lost Customers,1,4,674,1,15.0
17291.0,Potential Loyalists,1,4,517,1,105.57
17292.0,Loyal Customers,1,4,290,1,175.82
17293.0,Lost Customers,1,4,728,1,119.53
17294.0,Champions,1,4,77,1,236.33
17295.0,Potential Loyalists,1,4,432,1,149.33
17296.0,Loyal Customers,1,4,54,1,112.14
17297.0,Potential Loyalists,1,4,450,1,116.15
17298.0,Potential Loyalists,1,4,513,1,55.96
17299.0,Loyal Customers,1,4,137,1,105.06
17300.0,Loyal Customers,1,4,90,1,91.75
17301.0,Champions,1,4,131,1,175.44
17302.0,Lost Customers,1,4,631,1,134.85
17303.0,Lost Customers,1,4,691,1,131.98
17304.0,Loyal Customers,1,4,214,1,98.57
17305.0,Lost Customers,1,4,553,1,102.34
17306.0,Loyal Customers,1,4,64,1,144.13
17307.0,Loyal Customers,1,4,138,1,153.5
17308.0,Potential Loyalists,1,4,379,1,181.42
17309.0,Loyal Customers,1,4,258,1,79.86
17310.0,Lost Customers,1,4,725,1,142.4
17311.0,Potential Loyalists,1,4,467,1,108.3
17312.0,Lost Customers,1,4,710,1,145.05
17313.0,Loyal Customers,1,4,82,1,123.6
17314.0,Loyal Customers,1,4,358,1,62.46
17315.0,Potential Loyalists,1,4,369,1,86.94
17316.0,Lost Customers,1,4,591,1,152.9
17317.0,Lost Customers,1,4,649,1,106.59
17318.0,Loyal Customers,1,4,16,1,108.78
17319.0,Loyal Customers,1,4,298,1,173.16
17320.0,Lost Customers,1,4,651,1,102.15
17321.0,Loyal Customers,1,4,10,1,104.32
17322.0,Lost Customers,1,4,609,1,170.74
17323.0,Potential Loyalists,1,4,547,1,131.83
17324.0,Lost Customers,1,4,558,1,181.11
17325.0,Loyal Customers,1,4,212,1,136.68
17326.0,Loyal Customers,1,4,224,1,105.54
17327.0,Loyal Customers,1,4,87,1,54.23
17328.0,Loyal Customers,1,4,267,1,41.96
17329.0,Potential Loyalists,1,4,514,1,191.7
17330.0,Loyal Customers,1,4,231,1,103.27
17331.0,Potential Loyalists,1,4,467,1,230.61
17332.0,Loyal Customers,1,4,207,1,65.25
17333.0,Lost Customers,1,4,683,1,86.39
17334.0,Loyal Customers,1,4,42,1,91.88
17335.0,Potential Loyalists,1,4,446,1,84.13
17336.0,Potential Loyalists,1,4,427,1,86.05
17337.0,Loyal Customers,1,4,128,1,117.73
17338.0,Potential Loyalists,1,4,469,1,228.18
17339.0,Potential Loyalists,1,4,544,1,123.01
17340.0,Loyal Customers,1,4,32,1,104.54
17341.0,Loyal Customers,1,4,232,1,129.08
17342.0,Loyal Customers,1,4,242,1,98.26
17343.0,Loyal Customers,1,4,45,1,146.49
17344.0,Loyal Customers,1,4,187,1,188.66
17345.0,Potential Loyalists,1,4,401,1,125.74
17346.0,Loyal Customers,1,4,250,1,149.88
17347.0,Loyal Customers,1,4,77,1,69.2
17348.0,Lost Customers,1,4,724,1,107.48
17349.0,Loyal Customers,1,4,150,1,119.05
17350.0,Lost Customers,1,4,570,1,136.61
17351.0,Loyal Customers,1,4,213,1,103.98
17352.0,Loyal Customers,1,4,204,1,93.03
17353.0,Potential Loyalists,1,4,385,1,302.51
17354.0,Loyal Customers,1,4,297,1,160.62
17355.0,Potential Loyalists,1,4,518,1,160.2
17356.0,Loyal Customers,1,4,173,1,78.61
17357.0,Potential Loyalists,1,4,472,1,167.63
17358.0,Loyal Customers,1,4,360,1,123.07
17359.0,Loyal Customers,1,4,195,1,107.64
17360.0,Lost Customers,1,4,549,1,55.88
17361.0,Lost Customers,1,4,618,1,93.81
17362.0,Lost Customers,1,4,670,1,164.51
17363.0,Potential Loyalists,1,4,432,1,228.64
17364.0,Lost Customers,1,4,684,1,93.51
17365.0,Lost Customers,1,4,585,1,102.3
17366.0,Lost Customers,1,4,717,1,120.54
17367.0,Loyal Customers,1,4,344,1,83.17
17368.0,Potential Loyalists,1,4,385,1,63.32
17369.0,Loyal Customers,1,4,216,1,155.54
17370.0,Lost Customers,1,4,557,1,91.67
17371.0,Potential Loyalists,1,4,471,1,82.13
17372.0,Potential Loyalists,1,4,429,1,113.09
17373.0,Lost Customers,1,4,722,1,94.32
17374.0,Potential Loyalists,1,4,458,1,156.56
17375.0,Potential Loyalists,1,4,472,1,117.53
17376.0,Potential Loyalists,1,4,519,1,89.19
17377.0,Champions,1,4,46,1,207.98
17378.0,Loyal Customers,1,4,335,1,79.9
17379.0,Loyal Customers,1,4,108,1,112.82
17380.0,Loyal Customers,1,4,188,1,66.48
17381.0,Loyal Customers,1,4,288,1,81.96
17382.0,Loyal Customers,1,4,32,1,101.97
17383.0,Loyal Customers,1,4,253,1,81.65
17384.0,Potential Loyalists,1,4,421,1,159.26
17385.0,Lost Customers,1,4,688,1,112.15
17386.0,Loyal Customers,1,4,171,1,115.56
17387.0,Potential Loyalists,1,4,476,1,153.24
17388.0,Loyal Customers,1,4,218,1,54.63
17389.0,Champions,1,4,97,1,208.68
17390.0,Loyal Customers,1,4,46,1,79.36
17391.0,Potential Loyalists,1,4,532,1,136.3
17392.0,Loyal Customers,1,4,142,1,71.99
17393.0,Potential Loyalists,1,4,414,1,56.4
17394.0,Lost Customers,1,4,624,1,96.87
17395.0,Potential Loyalists,1,4,373,1,152.62
17396.0,Lost Customers,1,4,623,1,135.22
17397.0,Loyal Customers,1,4,18,1,117.22
17398.0,Potential Loyalists,1,4,496,1,137.54
17399.0,Potential Loyalists,1,4,418,1,170.13
17400.0,Potential Loyalists,1,4,408,1,235.08
17401.0,Lost Customers,1,4,719,1,144.85
17402.0,Lost Customers,1,4,652,1,101.4
17403.0,Loyal Customers,1,4,324,1,122.34
17404.0,Potential Loyalists,1,4,427,1,144.68
17405.0,Lost Customers,1,4,580,1,125.68
17406.0,Potential Loyalists,1,4,450,1,58.84
17407.0,Lost Customers,1,4,593,1,116.15
17408.0,Lost Customers,1,4,727,1,113.26
17409.0,Potential Loyalists,1,4,526,1,132.5
17410.0,Lost Customers,1,4,556,1,88.71
17411.0,Lost Customers,1,4,589,1,161.87
17412.0,Potential Loyalists,1,4,480,1,95.22
17413.0,Lost Customers,1,4,569,1,89.53
17414.0,Loyal Customers,1,4,56,1,153.87
17415.0,Lost Customers,1,4,673,1,118.87
17416.0,Loyal Customers,1,4,325,1,117.44
17417.0,Potential Loyalists,1,4,437,1,92.17
17418.0,Loyal Customers,1,4,45,1,107.72
17419.0,Loyal Customers,1,4,238,1,128.64
17420.0,Loyal Customers,1,4,37,1,147.27
17421.0,Champions,1,4,106,1,250.45
17422.0,Potential Loyalists,1,4,473,1,195.43
17423.0,Loyal Customers,1,4,124,1,113.24
17424.0,Lost Customers,1,4,658,1,117.87
17425.0,Lost Customers,1,4,722,1,90.49
17426.0,Loyal Customers,1,4,283,1,104.92
17427.0,Loyal Customers,1,4,344,1,116.95
17428.0,Loyal Customers,1,4,178,1,97.47
17429.0,Champions,1,4,163,1,182.33
17430.0,Potential Loyalists,1,4,431,1,135.61
17431.0,Lost Customers,1,4,653,1,272.59
17432.0,Loyal Customers,1,4,330,1,144.13
17433.0,Loyal Customers,1,4,17,1,98.47
17434.0,Loyal Customers,1,4,48,1,155.99
17435.0,Champions,1,4,48,1,226.68
17436.0,Potential Loyalists,1,4,372,1,91.39
17437.0,Potential Loyalists,1,4,536,1,147.78
17438.0,Potential Loyalists,1,4,535,1,182.54
17439.0,Loyal Customers,1,4,327,1,86.07
17440.0,Potential Loyalists,1,4,421,1,124.37
17441.0,Loyal Customers,1,4,345,1,136.65
17442.0,Loyal Customers,1,4,259,1,129.32
17443.0,Loyal Customers,1,4,105,1,94.96
17444.0,Lost Customers,1,4,607,1,127.27
17445.0,Loyal Customers,1,4,265,1,154.14
17446.0,Lost Customers,1,4,590,1,82.38
17447.0,Potential Loyalists,1,4,539,1,160.99
17448.0,Potential Loyalists,1,4,425,1,154.83
17449.0,Loyal Customers,1,4,312,1,214.91
17450.0,Potential Loyalists,1,4,379,1,210.35
17451.0,Loyal Customers,1,4,25,1,97.91
17452.0,Loyal Customers,1,4,23,1,156.02
17453.0,Loyal Customers,1,4,75,1,125.26
17454.0,Potential Loyalists,1,4,371,1,61.06
17455.0,Loyal Customers,1,4,180,1,49.41
17456.0,Lost Customers,1,4,565,1,226.24
17457.0,Loyal Customers,1,4,320,1,144.22
17458.0,Loyal Customers,1,4,160,1,124.92
17459.0,Lost Customers,1,4,616,1,150.76
17460.0,Loyal Customers,1,4,342,1,140.55
17461.0,Loyal Customers,1,4,212,1,109.14
17462.0,Loyal Customers,1,4,326,1,172.86
17463.0,Lost Customers,1,4,672,1,125.86
17464.0,Loyal Customers,1,4,355,1,96.94
17465.0,Lost Customers,1,4,704,1,116.17
17466.0,Loyal Customers,1,4,306,1,87.81
17467.0,Potential Loyalists,1,4,462,1,70.91
17468.0,Champions,1,4,58,1,218.33
17469.0,Lost Customers,1,4,642,1,124.16
17470.0,Loyal Customers,1,4,240,1,52.65
17471.0,Potential Loyalists,1,4,471,1,109.07
17472.0,Lost Customers,1,4,639,1,97.75
17473.0,Lost Customers,1,4,719,1,109.36
17474.0,Lost Customers,1,4,712,1,176.5
17475.0,Loyal Customers,1,4,100,1,163.43
17476.0,Potential Loyalists,1,4,495,1,67.44
17477.0,Potential Loyalists,1,4,521,1,105.62
17478.0,Lost Customers,1,4,551,1,190.78
17479.0,Lost Customers,1,4,550,1,132.04
17480.0,Loyal Customers,1,4,36,1,117.38
17481.0,Loyal Customers,1,4,127,1,97.5
17482.0,Loyal Customers,1,4,147,1,123.65
17483.0,Potential Loyalists,1,4,445,1,122.61
17484.0,Lost Customers,1,4,655,1,236.07
17485.0,Loyal Customers,1,4,241,1,71.45
17486.0,Loyal Customers,1,4,22,1,78.71
17487.0,Loyal Customers,1,4,247,1,99.02
17488.0,Potential Loyalists,1,4,413,1,145.89
17489.0,Loyal Customers,1,4,222,1,134.91
17490.0,Potential Loyalists,1,4,385,1,137.68
17491.0,Lost Customers,1,4,612,1,119.7
17492.0,Loyal Customers,1,4,177,1,137.76
17493.0,Loyal Customers,1,4,135,1,79.23
17494.0,Loyal Customers,1,4,134,1,101.51
17495.0,Lost Customers,1,4,595,1,128.52
17496.0,Potential Loyalists,1,4,445,1,101.21
17497.0,Loyal Customers,1,4,313,1,116.29
17498.0,Lost Customers,1,4,676,1,189.67
17499.0,Loyal Customers,1,4,295,1,77.21
17500.0,Potential Loyalists,1,4,543,1,126.57
17501.0,Loyal Customers,1,4,198,1,81.12
17502.0,Lost Customers,1,4,711,1,89.35
17503.0,Lost Customers,1,4,630,1,154.6
17504.0,Lost Customers,1,4,600,1,113.47
17505.0,Loyal Customers,1,4,157,1,136.12
17506.0,Lost Customers,1,4,688,1,92.65
17507.0,Potential Loyalists,1,4,523,1,55.87
17508.0,Lost Customers,1,4,645,1,100.94
17509.0,Loyal Customers,1,4,203,1,108.64
17510.0,Potential Loyalists,1,4,455,1,109.83
17511.0,Potential Loyalists,1,4,542,1,162.8
17512.0,Potential Loyalists,1,4,405,1,203.66
17513.0,Loyal Customers,1,4,114,1,80.67
17514.0,Lost Customers,1,4,620,1,105.7
17515.0,Lost Customers,1,4,587,1,113.93
17516.0,Lost Customers,1,4,650,1,106.48
17517.0,Loyal Customers,1,4,266,1,80.05
17518.0,Lost Customers,1,4,580,1,99.16
17519.0,Loyal Customers,1,4,92,1,128.2
17520.0,Loyal Customers,1,4,157,1,48.11
17521.0,Lost Customers,1,4,725,1,157.54
17522.0,Lost Customers,1,4,609,1,135.81
17523.0,Loyal Customers,1,4,72,1,39.38
17524.0,Loyal Customers,1,4,274,1,152.02
17525.0,Potential Loyalists,1,4,487,1,122.23
17526.0,Lost Customers,1,4,625,1,76.33
17527.0,Loyal Customers,1,4,185,1,129.11
17528.0,Potential Loyalists,1,4,423,1,81.43
17529.0,Loyal Customers,1,4,28,1,90.72
17530.0,Potential Loyalists,1,4,368,1,143.63
17531.0,Potential Loyalists,1,4,381,1,140.78
17532.0,Loyal Customers,1,4,56,1,125.48
17533.0,Loyal Customers,1,4,273,1,111.76
17534.0,Lost Customers,1,4,583,1,56.12
17535.0,Loyal Customers,1,4,244,1,104.07
17536.0,Loyal Customers,1,4,158,1,164.09
17537.0,Loyal Customers,1,4,339,1,127.09
17538.0,Loyal Customers,1,4,105,1,82.99
17539.0,Loyal Customers,1,4,156,1,157.79
17540.0,Loyal Customers,1,4,273,1,184.55
17541.0,Lost Customers,1,4,646,1,180.83
17542.0,Lost Customers,1,4,602,1,73.33
17543.0,Loyal Customers,1,4,148,1,108.93
17544.0,Loyal Customers,1,4,285,1,82.11
17545.0,Loyal Customers,1,4,118,1,89.77
17546.0,Potential Loyalists,1,4,451,1,119.23
17547.0,Loyal Customers,1,4,221,1,88.65
17548.0,Lost Customers,1,4,573,1,94.23
17549.0,Loyal Customers,1,4,183,1,89.6
17550.0,Loyal Customers,1,4,128,1,90.7
17551.0,Potential Loyalists,1,4,397,1,91.92
17552.0,Loyal Customers,1,4,356,1,110.11
17553.0,Potential Loyalists,1,4,440,1,155.17
17554.0,Loyal Customers,1,4,356,1,123.08
17555.0,Lost Customers,1,4,686,1,97.47
17556.0,Loyal Customers,1,4,342,1,66.48
17557.0,Lost Customers,1,4,659,1,66.84
17558.0,Lost Customers,1,4,707,1,52.41
17559.0,Loyal Customers,1,4,17,1,138.64
17560.0,Lost Customers,1,4,570,1,86.49
17561.0,Lost Customers,1,4,727,1,46.17
17562.0,Lost Customers,1,4,713,1,293.68
17563.0,Potential Loyalists,1,4,528,1,132.74
17564.0,Lost Customers,1,4,553,1,52.86
17565.0,Potential Loyalists,1,4,405,1,36.45
17566.0,Champions,1,4,124,1,171.89
17567.0,Potential Loyalists,1,4,399,1,142.22
17568.0,Loyal Customers,1,4,182,1,107.96
17569.0,Loyal Customers,1,4,99,1,118.21
17570.0,Lost Customers,1,4,619,1,145.54
17571.0,Potential Loyalists,1,4,454,1,129.74
17572.0,Potential Loyalists,1,4,492,1,158.99
17573.0,Lost Customers,1,4,725,1,75.03
17574.0,Loyal Customers,1,4,288,1,107.13
17575.0,Loyal Customers,1,4,23,1,140.12
17576.0,Lost Customers,1,4,659,1,94.41
17577.0,Lost Customers,1,4,646,1,151.7
17578.0,Lost Customers,1,4,587,1,159.24
17579.0,Lost Customers,1,4,602,1,88.13
17580.0,Potential Loyalists,1,4,516,1,114.04
17581.0,Loyal Customers,1,4,83,1,95.4
17582.0,Loyal Customers,1,4,299,1,202.06
17583.0,Lost Customers,1,4,714,1,249.54
17584.0,Potential Loyalists,1,4,442,1,228.98
17585.0,Lost Customers,1,4,633,1,78.74
17586.0,Potential Loyalists,1,4,413,1,222.65
17587.0,Lost Customers,1,4,649,1,120.92
17588.0,Loyal Customers,1,4,51,1,94.36
17589.0,Loyal Customers,1,4,169,1,69.83
17590.0,Potential Loyalists,1,4,461,1,117.82
17591.0,Loyal Customers,1,4,55,1,80.79
17592.0,Lost Customers,1,4,575,1,130.87
17593.0,Loyal Customers,1,4,106,1,98.25
17594.0,Loyal Customers,1,4,82,1,75.38
17595.0,Loyal Customers,1,4,12,1,135.06
17596.0,Lost Customers,1,4,577,1,256.13
17597.0,Loyal Customers,1,4,32,1,150.88
17598.0,Loyal Customers,1,4,361,1,176.04
17599.0,Potential Loyalists,1,4,411,1,117.04
17600.0,Lost Customers,1,4,653,1,87.62
17601.0,Loyal Customers,1,4,192,1,82.74
17602.0,Loyal Customers,1,4,15,1,109.46
17603.0,Lost Customers,1,4,691,1,114.81
17604.0,Loyal Customers,1,4,115,1,54.33
17605.0,Loyal Customers,1,4,120,1,119.81
17606.0,Potential Loyalists,1,4,420,1,126.17
17607.0,Champions,1,4,6,1,203.05
17608.0,Lost Customers,1,4,713,1,182.15
17609.0,Lost Customers,1,4,615,1,103.16
17610.0,Loyal Customers,1,4,238,1,153.25
17611.0,Lost Customers,1,4,685,1,193.44
17612.0,Loyal Customers,1,4,37,1,107.16
17613.0,Potential Loyalists,1,4,476,1,125.29
17614.0,Lost Customers,1,4,706,1,264.06
17615.0,Loyal Customers,1,4,115,1,77.48
17616.0,Loyal Customers,1,4,260,1,179.69
17617.0,Loyal Customers,1,4,329,1,92.51
17618.0,Loyal Customers,1,4,24,1,144.07
17619.0,Champions,1,4,104,1,173.34
17620.0,Lost Customers,1,4,560,1,188.87
17621.0,Loyal Customers,1,4,327,1,96.67
17622.0,Loyal Customers,1,4,160,1,108.75
17623.0,Lost Customers,1,4,582,1,79.0
17624.0,Potential Loyalists,1,4,535,1,91.87
17625.0,Potential Loyalists,1,4,532,1,172.9
17626.0,Loyal Customers,1,4,231,1,70.98
17627.0,Loyal Customers,1,4,259,1,107.36
17628.0,Loyal Customers,1,4,188,1,109.73
17629.0,Loyal Customers,1,4,123,1,124.77
17630.0,Loyal Customers,1,4,132,1,49.57
17631.0,Lost Customers,1,4,606,1,89.9
17632.0,Loyal Customers,1,4,271,1,105.91
17633.0,Lost Customers,1,4,704,1,272.53
17634.0,Potential Loyalists,1,4,545,1,136.12
17635.0,Loyal Customers,1,4,118,1,74.02
17636.0,Potential Loyalists,1,4,383,1,134.07
17637.0,Loyal Customers,1,4,203,1,79.64
17638.0,Potential Loyalists,1,4,486,1,81.43
17639.0,Loyal Customers,1,4,363,1,129.82
17640.0,Potential Loyalists,1,4,482,1,64.37
17641.0,Loyal Customers,1,4,350,1,84.17
17642.0,Loyal Customers,1,4,139,1,120.2
17643.0,Lost Customers,1,4,656,1,125.46
17644.0,Loyal Customers,1,4,147,1,114.26
17645.0,Loyal Customers,1,4,211,1,122.53
17646.0,Potential Loyalists,1,4,504,1,71.05
17647.0,Potential Loyalists,1,4,447,1,252.91
17648.0,Lost Customers,1,4,724,1,76.46
17649.0,Lost Customers,1,4,595,1,75.79
17650.0,Potential Loyalists,1,4,409,1,80.47
17651.0,Potential Loyalists,1,4,487,1,100.01
17652.0,Loyal Customers,1,4,46,1,89.79
17653.0,Potential Loyalists,1,4,513,1,125.62
17654.0,Loyal Customers,1,4,342,1,286.38
17655.0,Loyal Customers,1,4,291,1,103.19
17656.0,Loyal Customers,1,4,217,1,102.19
17657.0,Loyal Customers,1,4,275,1,154.31
17658.0,Loyal Customers,1,4,69,1,85.59
17659.0,Potential Loyalists,1,4,430,1,109.45
17660.0,Lost Customers,1,4,628,1,102.59
17661.0,Lost Customers,1,4,575,1,195.73
17662.0,Lost Customers,1,4,567,1,199.76
17663.0,Lost Customers,1,4,599,1,181.51
17664.0,Loyal Customers,1,4,126,1,157.62
17665.0,Lost Customers,1,4,615,1,67.23
17666.0,Loyal Customers,1,4,267,1,127.31
17667.0,Loyal Customers,1,4,137,1,123.46
17668.0,Loyal Customers,1,4,364,1,105.18
17669.0,Loyal Customers,1,4,126,1,101.84
17670.0,Lost Customers,1,4,636,1,91.97
17671.0,Loyal Customers,1,4,186,1,64.11
17672.0,Loyal Customers,1,4,26,1,130.89
17673.0,Loyal Customers,1,4,197,1,87.59
17674.0,Lost Customers,1,4,703,1,139.93
17675.0,Lost Customers,1,4,689,1,101.71
17676.0,Potential Loyalists,1,4,510,1,91.68
17677.0,Loyal Customers,1,4,273,1,66.76
17678.0,Potential Loyalists,1,4,492,1,60.9
17679.0,Loyal Customers,1,4,90,1,158.91
17680.0,Loyal Customers,1,4,223,1,137.54
17681.0,Loyal Customers,1,4,16,1,110.1
17682.0,Potential Loyalists,1,4,462,1,91.33
17683.0,Loyal Customers,1,4,54,1,160.99
17684.0,Loyal Customers,1,4,153,1,129.64
17685.0,Lost Customers,1,4,567,1,88.2
17686.0,Loyal Customers,1,4,261,1,74.37
17687.0,Loyal Customers,1,4,89,1,135.25
17688.0,Loyal Customers,1,4,317,1,91.44
17689.0,Loyal Customers,1,4,183,1,92.25
17690.0,Lost Customers,1,4,574,1,325.22
17691.0,Potential Loyalists,1,4,392,1,62.03
17692.0,Loyal Customers,1,4,141,1,132.99
17693.0,Loyal Customers,1,4,232,1,131.62
17694.0,Champions,1,4,81,1,165.6
17695.0,Lost Customers,1,4,651,1,308.36
17696.0,Potential Loyalists,1,4,484,1,82.55
17697.0,Potential Loyalists,1,4,474,1,114.69
17698.0,Champions,1,4,110,1,167.02
17699.0,Potential Loyalists,1,4,548,1,135.74
17700.0,Potential Loyalists,1,4,428,1,100.76
17701.0,Potential Loyalists,1,4,507,1,122.96
17702.0,Loyal Customers,1,4,51,1,93.66
17703.0,Lost Customers,1,4,642,1,158.15
17704.0,Loyal Customers,1,4,244,1,126.26
17705.0,Loyal Customers,1,4,136,1,85.48
17706.0,Lost Customers,1,4,707,1,121.21
17707.0,Loyal Customers,1,4,24,1,94.07
17708.0,Loyal Customers,1,4,18,1,113.45
17709.0,Lost Customers,1,4,565,1,70.74
17710.0,Loyal Customers,1,4,91,1,87.45
17711.0,Loyal Customers,1,4,96,1,117.39
17712.0,Lost Customers,1,4,667,1,78.52
17713.0,Potential Loyalists,1,4,392,1,120.09
17714.0,Potential Loyalists,1,4,445,1,161.83
17715.0,Loyal Customers,1,4,55,1,72.9
17716.0,Loyal Customers,1,4,21,1,58.89
17717.0,Loyal Customers,1,4,329,1,81.27
17718.0,Lost Customers,1,4,590,1,108.02
17719.0,Loyal Customers,1,4,281,1,43.99
17720.0,Loyal Customers,1,4,56,1,45.74
17721.0,Lost Customers,1,4,709,1,113.39
17722.0,Lost Customers,1,4,645,1,121.77
17723.0,Potential Loyalists,1,4,512,1,109.97
17724.0,Lost Customers,1,4,621,1,117.37
17725.0,Loyal Customers,1,4,12,1,69.38
17726.0,Lost Customers,1,4,565,1,80.1
17727.0,Lost Customers,1,4,728,1,139.02
17728.0,Lost Customers,1,4,551,1,175.33
17729.0,Lost Customers,1,4,563,1,222.91
17730.0,Lost Customers,1,4,572,1,90.73
17731.0,Potential Loyalists,1,4,505,1,117.34
17732.0,Potential Loyalists,1,4,546,1,140.01
17733.0,Loyal Customers,1,4,95,1,162.31
17734.0,Lost Customers,1,4,668,1,99.87
17735.0,Loyal Customers,1,4,18,1,134.15
17736.0,Loyal Customers,1,4,67,1,129.8
17737.0,Champions,1,4,112,1,171.6
17738.0,Potential Loyalists,1,4,495,1,121.93
17739.0,Potential Loyalists,1,4,414,1,139.13
17740.0,Loyal Customers,1,4,236,1,102.01
17741.0,Loyal Customers,1,4,324,1,116.62
17742.0,Lost Customers,1,4,567,1,62.7
17743.0,Loyal Customers,1,4,58,1,128.84
17744.0,Lost Customers,1,4,594,1,100.64
17745.0,Loyal Customers,1,4,271,1,241.6
17746.0,Loyal Customers,1,4,316,1,223.96
17747.0,Potential Loyalists,1,4,436,1,63.02
17748.0,Loyal Customers,1,4,194,1,167.19
17749.0,Loyal Customers,1,4,365,1,64.03
17750.0,Loyal Customers,1,4,155,1,108.49
17751.0,Loyal Customers,1,4,359,1,144.11
17752.0,Potential Loyalists,1,4,383,1,125.37
17753.0,Loyal Customers,1,4,144,1,70.99
17754.0,Potential Loyalists,1,4,381,1,238.71
17755.0,Champions,1,4,156,1,189.13
17756.0,Loyal Customers,1,4,249,1,160.65
17757.0,Lost Customers,1,4,729,1,94.72
17758.0,Potential Loyalists,1,4,443,1,151.1
17759.0,Potential Loyalists,1,4,510,1,123.83
17760.0,Lost Customers,1,4,616,1,87.31
17761.0,Potential Loyalists,1,4,505,1,247.98
17762.0,Lost Customers,1,4,556,1,138.66
17763.0,Lost Customers,1,4,622,1,101.38
17764.0,Loyal Customers,1,4,342,1,110.27
17765.0,Potential Loyalists,1,4,388,1,156.7
17766.0,Loyal Customers,1,4,322,1,108.23
17767.0,Loyal Customers,1,4,2,1,100.71
17768.0,Lost Customers,1,4,609,1,145.13
17769.0,Loyal Customers,1,4,127,1,60.9
17770.0,Lost Customers,1,4,613,1,128.81
17771.0,Potential Loyalists,1,4,517,1,96.63
17772.0,Champions,1,4,109,1,232.7
17773.0,Potential Loyalists,1,4,513,1,247.86
17774.0,Loyal Customers,1,4,283,1,108.15
17775.0,Lost Customers,1,4,642,1,92.95
17776.0,Loyal Customers,1,4,282,1,89.1
17777.0,Loyal Customers,1,4,325,1,132.46
17778.0,Potential Loyalists,1,4,415,1,187.41
17779.0,Lost Customers,1,4,729,1,105.27
17780.0,Loyal Customers,1,4,327,1,63.2
17781.0,Loyal Customers,1,4,199,1,94.87
17782.0,Potential Loyalists,1,4,515,1,71.71
17783.0,Loyal Customers,1,4,21,1,155.78
17784.0,Loyal Customers,1,4,243,1,108.73
17785.0,Champions,1,4,38,1,234.39
17786.0,Loyal Customers,1,4,20,1,37.0
17787.0,Loyal Customers,1,4,295,1,169.98
17788.0,Loyal Customers,1,4,197,1,84.51
17789.0,Loyal Customers,1,4,203,1,143.61
17790.0,Potential Loyalists,1,4,408,1,140.69
17791.0,Lost Customers,1,4,706,1,144.05
17792.0,Lost Customers,1,4,595,1,127.25
17793.0,Potential Loyalists,1,4,484,1,79.99
17794.0,Champions,1,4,55,1,187.72
17795.0,Lost Customers,1,4,652,1,75.1
17796.0,Potential Loyalists,1,4,399,1,107.15
17797.0,Loyal Customers,1,4,88,1,149.58
17798.0,Loyal Customers,1,4,333,1,105.61
17799.0,Loyal Customers,1,4,87,1,99.78
17800.0,Loyal Customers,1,4,90,1,84.84
17801.0,Lost Customers,1,4,600,1,99.36
17802.0,Lost Customers,1,4,647,1,202.74
17803.0,Potential Loyalists,1,4,483,1,138.21
17804.0,Champions,1,4,177,1,199.23
17805.0,Loyal Customers,1,4,75,1,112.2
17806.0,Loyal Customers,1,4,97,1,101.88
17807.0,Loyal Customers,1,4,245,1,90.77
17808.0,Loyal Customers,1,4,119,1,59.43
17809.0,Potential Loyalists,1,4,491,1,133.22
17810.0,Potential Loyalists,1,4,530,1,159.1
17811.0,Lost Customers,1,4,614,1,65.14
17812.0,Loyal Customers,1,4,164,1,125.92
17813.0,Potential Loyalists,1,4,509,1,87.97
17814.0,Loyal Customers,1,4,267,1,122.22
17815.0,Potential Loyalists,1,4,492,1,94.27
17816.0,Lost Customers,1,4,603,1,59.14
17817.0,Loyal Customers,1,4,338,1,180.4
17818.0,Lost Customers,1,4,633,1,120.59
17819.0,Loyal Customers,1,4,113,1,122.58
17820.0,Loyal Customers,1,4,29,1,64.81
17821.0,Loyal Customers,1,4,159,1,128.75
17822.0,Potential Loyalists,1,4,438,1,106.81
17823.0,Loyal Customers,1,4,31,1,127.59
17824.0,Lost Customers,1,4,689,1,89.19
17825.0,Potential Loyalists,1,4,403,1,125.05
17826.0,Potential Loyalists,1,4,506,1,178.46
17827.0,Lost Customers,1,4,655,1,143.98
17828.0,Loyal Customers,1,4,114,1,117.07
17829.0,Loyal Customers,1,4,309,1,93.9
17830.0,Potential Loyalists,1,4,434,1,112.49
17831.0,Loyal Customers,1,4,232,1,190.85
17832.0,Lost Customers,1,4,587,1,249.59
17833.0,Loyal Customers,1,4,304,1,261.91
17834.0,Potential Loyalists,1,4,465,1,67.57
17835.0,Loyal Customers,1,4,13,1,103.66
17836.0,Potential Loyalists,1,4,465,1,199.68
17837.0,Lost Customers,1,4,573,1,156.11
17838.0,Loyal Customers,1,4,224,1,55.46
17839.0,Loyal Customers,1,4,19,1,64.62
17840.0,Lost Customers,1,4,659,1,146.57
17841.0,Lost Customers,1,4,652,1,131.53
17842.0,Lost Customers,1,4,629,1,140.58
17843.0,Loyal Customers,1,4,145,1,106.14
17844.0,Lost Customers,1,4,675,1,85.16
17845.0,Lost Customers,1,4,613,1,84.84
17846.0,Potential Loyalists,1,4,547,1,90.49
17847.0,Lost Customers,1,4,581,1,130.42
17848.0,Potential Loyalists,1,4,400,1,54.13
17849.0,Lost Customers,1,4,728,1,93.2
17850.0,Champions,1,4,137,1,248.93
17851.0,Lost Customers,1,4,574,1,102.07
17852.0,Loyal Customers,1,4,277,1,280.93
17853.0,Potential Loyalists,1,4,377,1,109.81
17854.0,Lost Customers,1,4,697,1,155.03
17855.0,Loyal Customers,1,4,265,1,120.45
17856.0,Potential Loyalists,1,4,394,1,95.82
17857.0,Potential Loyalists,1,4,548,1,114.18
17858.0,Lost Customers,1,4,611,1,88.69
17859.0,Loyal Customers,1,4,77,1,101.35
17860.0,Potential Loyalists,1,4,543,1,60.93
17861.0,Loyal Customers,1,4,14,1,118.7
17862.0,Loyal Customers,1,4,109,1,141.1
17863.0,Potential Loyalists,1,4,439,1,113.42
17864.0,Potential Loyalists,1,4,469,1,163.45
17865.0,Lost Customers,1,4,695,1,63.35
17866.0,Champions,1,4,129,1,196.54
17867.0,Loyal Customers,1,4,248,1,108.35
17868.0,Loyal Customers,1,4,335,1,119.28
17869.0,Loyal Customers,1,4,174,1,47.69
17870.0,Potential Loyalists,1,4,395,1,168.58
17871.0,Loyal Customers,1,4,97,1,113.83
17872.0,Loyal Customers,1,4,29,1,82.34
17873.0,Lost Customers,1,4,590,1,113.29
17874.0,Loyal Customers,1,4,158,1,128.89
17875.0,Potential Loyalists,1,4,483,1,145.76
17876.0,Loyal Customers,1,4,354,1,120.03
17877.0,Loyal Customers,1,4,171,1,83.65
17878.0,Lost Customers,1,4,685,1,151.12
17879.0,Loyal Customers,1,4,31,1,112.83
17880.0,Potential Loyalists,1,4,541,1,221.1
17881.0,Loyal Customers,1,4,74,1,107.67
17882.0,Potential Loyalists,1,4,510,1,141.63
17883.0,Loyal Customers,1,4,352,1,100.3
17884.0,Loyal Customers,1,4,277,1,211.9
17885.0,Lost Customers,1,4,681,1,160.63
17886.0,Loyal Customers,1,4,16,1,87.88
17887.0,Lost Customers,1,4,657,1,196.67
17888.0,Loyal Customers,1,4,101,1,67.58
17889.0,Lost Customers,1,4,657,1,114.5
17890.0,Potential Loyalists,1,4,416,1,84.89
17891.0,Loyal Customers,1,4,221,1,150.85
17892.0,Lost Customers,1,4,686,1,115.08
17893.0,Loyal Customers,1,4,150,1,134.4
17894.0,Loyal Customers,1,4,227,1,140.84
17895.0,Loyal Customers,1,4,116,1,104.0
17896.0,Loyal Customers,1,4,42,1,75.42
17897.0,Loyal Customers,1,4,256,1,122.89
17898.0,Loyal Customers,1,4,96,1,73.1
17899.0,Loyal Customers,1,4,320,1,108.12
17900.0,Loyal Customers,1,4,321,1,147.64
17901.0,Lost Customers,1,4,636,1,332.94
17902.0,Lost Customers,1,4,643,1,129.97
17903.0,Lost Customers,1,4,617,1,291.41
17904.0,Loyal Customers,1,4,224,1,191.43
17905.0,Loyal Customers,1,4,30,1,57.19
17906.0,Loyal Customers,1,4,169,1,61.31
17907.0,Loyal Customers,1,4,97,1,90.21
17908.0,Lost Customers,1,4,715,1,166.17
17909.0,Lost Customers,1,4,613,1,119.96
17910.0,Loyal Customers,1,4,300,1,57.87
17911.0,Loyal Customers,1,4,22,1,127.72
17912.0,Lost Customers,1,4,563,1,71.53
17913.0,Lost Customers,1,4,719,1,129.11
17914.0,Loyal Customers,1,4,344,1,85.21
17915.0,Loyal Customers,1,4,323,1,140.22
17916.0,Lost Customers,1,4,612,1,62.66
17917.0,Loyal Customers,1,4,353,1,121.95
17918.0,Loyal Customers,1,4,343,1,135.61
17919.0,Loyal Customers,1,4,248,1,141.12
17920.0,Loyal Customers,1,4,296,1,129.17
17921.0,Potential Loyalists,1,4,490,1,110.49
17922.0,Potential Loyalists,1,4,439,1,98.59
17923.0,Loyal Customers,1,4,160,1,82.65
17924.0,Loyal Customers,1,4,111,1,117.72
17925.0,Loyal Customers,1,4,205,1,112.63
17926.0,Lost Customers,1,4,598,1,245.52
17927.0,Loyal Customers,1,4,253,1,133.23
17928.0,Loyal Customers,1,4,320,1,151.8
17929.0,Potential Loyalists,1,4,468,1,64.41
17930.0,Potential Loyalists,1,4,468,1,113.29
17931.0,Loyal Customers,1,4,166,1,78.46
17932.0,Loyal Customers,1,4,320,1,51.45
17933.0,Loyal Customers,1,4,171,1,132.53
17934.0,Potential Loyalists,1,4,388,1,153.03
17935.0,Potential Loyalists,1,4,389,1,222.39
17936.0,Lost Customers,1,4,635,1,185.9
17937.0,Potential Loyalists,1,4,447,1,135.2
17938.0,Lost Customers,1,4,708,1,55.8
17939.0,Potential Loyalists,1,4,486,1,89.79
17940.0,Potential Loyalists,1,4,382,1,96.67
17941.0,Lost Customers,1,4,713,1,162.56
17942.0,Loyal Customers,1,4,216,1,75.48
17943.0,Loyal Customers,1,4,295,1,174.54
17944.0,Lost Customers,1,4,569,1,71.39
17945.0,Potential Loyalists,1,4,390,1,168.98
17946.0,Champions,1,4,63,1,177.01
17947.0,Loyal Customers,1,4,272,1,99.5
17948.0,Lost Customers,1,4,644,1,117.24
17949.0,Potential Loyalists,1,4,497,1,253.71
17950.0,Loyal Customers,1,4,155,1,94.39
17951.0,Loyal Customers,1,4,49,1,125.16
17952.0,Potential Loyalists,1,4,368,1,50.98
17953.0,Potential Loyalists,1,4,470,1,138.23
17954.0,Loyal Customers,1,4,81,1,126.35
17955.0,Lost Customers,1,4,637,1,115.97
17956.0,Loyal Customers,1,4,111,1,145.48
17957.0,Loyal Customers,1,4,192,1,123.38
17958.0,Potential Loyalists,1,4,446,1,56.21
17959.0,Potential Loyalists,1,4,412,1,191.91
17960.0,Lost Customers,1,4,557,1,110.87
17961.0,Loyal Customers,1,4,47,1,63.9
17962.0,Loyal Customers,1,4,230,1,180.76
17963.0,Loyal Customers,1,4,361,1,165.32
17964.0,Lost Customers,1,4,650,1,121.81
17965.0,Loyal Customers,1,4,285,1,71.16
17966.0,Loyal Customers,1,4,299,1,217.92
17967.0,Potential Loyalists,1,4,547,1,145.46
17968.0,Potential Loyalists,1,4,382,1,96.71
17969.0,Loyal Customers,1,4,318,1,96.62
17970.0,Loyal Customers,1,4,77,1,126.24
17971.0,Loyal Customers,1,4,360,1,141.65
17972.0,Lost Customers,1,4,638,1,63.3
17973.0,Potential Loyalists,1,4,547,1,147.5
17974.0,Loyal Customers,1,4,317,1,155.52
17975.0,Potential Loyalists,1,4,490,1,139.46
17976.0,Champions,1,4,178,1,236.68
17977.0,Lost Customers,1,4,694,1,99.46
17978.0,Potential Loyalists,1,4,413,1,147.47
17979.0,Lost Customers,1,4,609,1,96.87
17980.0,Loyal Customers,1,4,213,1,143.8
17981.0,Potential Loyalists,1,4,408,1,108.45
17982.0,Loyal Customers,1,4,134,1,93.5
17983.0,Loyal Customers,1,4,225,1,188.09
17984.0,Loyal Customers,1,4,210,1,70.56
17985.0,Loyal Customers,1,4,107,1,80.38
17986.0,Lost Customers,1,4,567,1,233.31
17987.0,Loyal Customers,1,4,159,1,93.22
17988.0,Potential Loyalists,1,4,414,1,85.05
17989.0,Loyal Customers,1,4,307,1,126.2
17990.0,Lost Customers,1,4,622,1,124.1
17991.0,Potential Loyalists,1,4,488,1,100.38
17992.0,Lost Customers,1,4,651,1,100.81
17993.0,Champions,1,4,102,1,181.04
17994.0,Lost Customers,1,4,603,1,121.02
17995.0,Lost Customers,1,4,657,1,69.41
17996.0,Lost Customers,1,4,692,1,241.85
17997.0,Loyal Customers,1,4,286,1,263.94
17998.0,Potential Loyalists,1,4,459,1,179.74
17999.0,Lost Customers,1,4,718,1,157.75
18000.0,Potential Loyalists,1,4,520,1,71.18
