order_id,customer_id,order_date,order_status,shipping_state,total_amount
100000.0,1.0,2025-09-28,Completed,TX,65.0
100001.0,2.0,2025-11-27,Completed,TX,65.0
100002.0,3.0,2025-11-05,Completed,NY,12.5
100003.0,4.0,2025-10-04,Completed,CO,24.99
100004.0,5.0,2025-02-28,Completed,TX,26.5
100005.0,6.0,2025-02-24,Completed,TX,18.0
100006.0,7.0,2025-01-21,Completed,NY,6.5
100007.0,8.0,2025-09-22,Completed,MA,26.5
100008.0,9.0,2025-09-21,Completed,VA,96.0
100009.0,10.0,2025-02-23,Completed,NY,26.5
100010.0,11.0,2025-06-11,Completed,VA,53.0
100011.0,12.0,2025-09-09,Completed,NY,19.5
100012.0,13.0,2025-02-22,Completed,CO,65.0
100013.0,14.0,2025-01-15,Completed,CA,24.99
100014.0,15.0,2025-05-16,Completed,VA,65.0
100015.0,16.0,2025-10-16,Completed,MA,44.0
100016.0,17.0,2025-11-24,Completed,VA,12.5
100017.0,18.0,2025-04-09,Completed,TX,65.0
100018.0,19.0,2025-05-11,Completed,MA,24.99
100019.0,20.0,2025-07-26,Completed,MA,26.5
100020.0,21.0,2025-04-06,Completed,WA,36.0
100021.0,22.0,2025-11-23,Completed,CO,48.0
100022.0,23.0,2025-05-14,Completed,NC,36.0
100023.0,24.0,2025-12-14,Completed,CO,6.5
100024.0,25.0,2025-05-01,Completed,FL,18.0
100025.0,26.0,2025-05-17,Completed,VA,22.0
100026.0,27.0,2025-11-11,Completed,WA,99.99
100027.0,28.0,2025-11-14,Completed,MA,24.99
100028.0,29.0,2025-04-23,Completed,CA,22.0
100029.0,30.0,2025-05-10,Completed,CA,99.99
100030.0,31.0,2025-05-06,Completed,FL,12.5
100031.0,32.0,2025-09-04,Completed,CA,18.0
100032.0,33.0,2025-10-21,Completed,FL,65.0
100033.0,34.0,2025-08-28,Completed,TX,24.99
100034.0,35.0,2025-09-09,Completed,TX,18.0
100035.0,36.0,2025-12-18,Completed,MA,79.0
100036.0,37.0,2025-12-26,Completed,NY,24.99
100037.0,38.0,2025-10-25,Completed,CO,48.0
100038.0,39.0,2026-01-04,Completed,IL,37.5
100039.0,40.0,2025-06-09,Completed,TX,79.0
100040.0,41.0,2025-06-01,Completed,CA,199.98
100041.0,42.0,2025-04-14,Completed,CO,18.0
100042.0,43.0,2025-06-02,Completed,FL,12.5
100043.0,44.0,2025-07-27,Completed,IL,6.5
100044.0,45.0,2025-05-15,Completed,TX,48.0
100045.0,46.0,2026-01-10,Completed,TX,99.99
100046.0,47.0,2025-09-21,Completed,CA,12.5
100047.0,48.0,2025-11-13,Completed,CA,48.0
100048.0,49.0,2025-06-07,Completed,IL,44.0
100049.0,50.0,2025-12-15,Completed,CA,24.99
100050.0,51.0,2025-07-10,Completed,TX,22.0
100051.0,52.0,2025-01-18,Completed,TX,6.5
100052.0,53.0,2025-06-23,Completed,MA,65.0
100053.0,54.0,2025-05-07,Completed,CA,53.0
100054.0,55.0,2025-06-25,Completed,TX,79.0
100055.0,56.0,2025-01-13,Completed,WA,26.5
100056.0,57.0,2025-09-21,Completed,NY,48.0
100057.0,58.0,2025-08-03,Completed,FL,99.99
100058.0,59.0,2025-02-27,Completed,FL,99.99
100059.0,60.0,2025-04-11,Completed,IL,49.98
100060.0,61.0,2025-07-15,Completed,TX,99.99
100061.0,62.0,2026-01-05,Completed,TX,26.5
100062.0,63.0,2025-02-27,Completed,MA,79.0
100063.0,64.0,2025-05-09,Completed,FL,53.0
100064.0,65.0,2025-03-30,Completed,MA,130.0
100065.0,66.0,2025-03-10,Completed,NC,99.99
100066.0,67.0,2025-03-27,Completed,CA,6.5
100067.0,68.0,2025-08-26,Completed,NC,18.0
100068.0,69.0,2025-12-07,Completed,IL,79.0
100069.0,70.0,2025-09-07,Completed,WA,53.0
100070.0,71.0,2025-04-06,Completed,VA,24.99
100071.0,72.0,2025-09-04,Completed,WA,12.5
100072.0,73.0,2025-06-27,Completed,TX,48.0
100073.0,74.0,2025-04-11,Completed,NY,96.0
100074.0,75.0,2025-08-30,Completed,NC,48.0
100075.0,76.0,2025-04-25,Completed,NY,6.5
100076.0,77.0,2025-03-16,Completed,CO,65.0
100077.0,78.0,2025-12-23,Completed,TX,6.5
100078.0,79.0,2025-02-05,Completed,MA,12.5
100079.0,80.0,2025-09-25,Completed,TX,24.99
100080.0,81.0,2025-10-13,Completed,CO,24.99
100081.0,82.0,2025-07-06,Completed,CO,48.0
100082.0,83.0,2025-09-22,Completed,WA,237.0
100083.0,84.0,2026-01-02,Completed,WA,22.0
100084.0,85.0,2025-02-22,Completed,IL,158.0
100085.0,86.0,2025-07-05,Completed,TX,237.0
100086.0,87.0,2025-08-09,Completed,NC,37.5
100087.0,88.0,2025-09-10,Completed,NC,99.99
100088.0,89.0,2025-10-10,Completed,FL,26.5
100089.0,90.0,2025-05-16,Completed,MA,49.98
100090.0,91.0,2025-10-28,Completed,TX,18.0
100091.0,92.0,2025-07-01,Completed,MA,79.0
100092.0,93.0,2025-06-22,Completed,VA,12.5
100093.0,94.0,2025-12-27,Completed,CO,79.0
100094.0,95.0,2026-01-04,Completed,FL,13.0
100095.0,96.0,2025-02-13,Completed,IL,22.0
100096.0,97.0,2025-08-15,Completed,CO,144.0
100097.0,98.0,2025-01-14,Completed,MA,24.99
100098.0,99.0,2025-11-26,Completed,IL,65.0
100099.0,100.0,2025-05-02,Completed,NY,18.0
100100.0,101.0,2025-08-08,Completed,FL,66.0
100101.0,102.0,2025-07-31,Completed,IL,96.0
100102.0,103.0,2025-01-10,Completed,IL,130.0
100103.0,104.0,2025-10-16,Completed,CA,199.98
100104.0,105.0,2025-12-07,Completed,CA,26.5
100105.0,106.0,2025-04-08,Completed,MA,6.5
100106.0,107.0,2025-07-16,Completed,IL,66.0
100107.0,108.0,2025-06-14,Completed,CO,53.0
100108.0,109.0,2025-01-01,Completed,CA,48.0
100109.0,110.0,2025-10-15,Completed,NC,12.5
100110.0,111.0,2025-06-11,Completed,CA,199.98
100111.0,112.0,2025-08-24,Completed,CA,22.0
100112.0,113.0,2025-09-12,Completed,NY,158.0
100113.0,114.0,2025-04-13,Completed,NY,99.99
100114.0,115.0,2025-12-04,Completed,FL,96.0
100115.0,116.0,2025-01-30,Completed,WA,79.0
100116.0,117.0,2025-07-03,Completed,VA,24.99
100117.0,118.0,2025-02-03,Completed,TX,99.99
100118.0,119.0,2025-09-06,Completed,FL,79.0
100119.0,120.0,2025-01-08,Completed,TX,18.0
100120.0,121.0,2025-07-14,Completed,IL,12.5
100121.0,122.0,2025-04-02,Completed,CA,26.5
100122.0,123.0,2025-01-12,Completed,NC,53.0
100123.0,124.0,2025-03-14,Completed,VA,53.0
100124.0,125.0,2025-04-17,Completed,CA,24.99
100125.0,126.0,2025-09-10,Completed,FL,18.0
100126.0,127.0,2025-01-28,Completed,NC,79.0
100127.0,128.0,2025-07-06,Completed,MA,65.0
100128.0,129.0,2025-12-29,Completed,CO,12.5
100129.0,130.0,2025-01-28,Completed,FL,26.5
100130.0,131.0,2025-10-27,Completed,WA,13.0
100131.0,132.0,2025-08-21,Completed,NY,12.5
100132.0,133.0,2025-09-21,Completed,CO,65.0
100133.0,134.0,2025-01-06,Completed,VA,18.0
100134.0,135.0,2025-12-31,Completed,FL,99.99
100135.0,136.0,2025-07-17,Completed,VA,99.99
100136.0,137.0,2025-05-17,Completed,IL,79.0
100137.0,138.0,2025-08-11,Completed,WA,99.99
100138.0,139.0,2025-05-14,Completed,TX,99.99
100139.0,140.0,2025-07-13,Completed,IL,65.0
100140.0,141.0,2025-04-28,Completed,CA,18.0
100141.0,142.0,2025-02-16,Completed,IL,24.99
100142.0,143.0,2025-05-19,Completed,FL,18.0
100143.0,144.0,2025-01-10,Completed,VA,22.0
100144.0,145.0,2025-03-25,Completed,CO,24.99
100145.0,146.0,2025-02-07,Completed,IL,158.0
100146.0,147.0,2025-08-24,Completed,CO,12.5
100147.0,148.0,2025-02-04,Completed,VA,24.99
100148.0,149.0,2025-12-27,Completed,IL,22.0
100149.0,150.0,2025-12-05,Completed,NC,53.0
100150.0,151.0,2025-10-23,Completed,TX,65.0
100151.0,152.0,2025-01-23,Completed,MA,24.99
100152.0,153.0,2025-11-05,Completed,FL,65.0
100153.0,154.0,2025-03-08,Completed,WA,79.0
100154.0,155.0,2025-06-06,Completed,WA,24.99
100155.0,156.0,2025-02-07,Completed,MA,6.5
100156.0,157.0,2025-09-11,Completed,NC,18.0
100157.0,158.0,2025-04-28,Completed,VA,99.99
100158.0,159.0,2025-06-06,Completed,NY,65.0
100159.0,160.0,2025-04-25,Completed,IL,48.0
100160.0,161.0,2025-01-11,Completed,MA,26.5
100161.0,162.0,2025-12-12,Completed,CO,26.5
100162.0,163.0,2025-11-12,Completed,IL,36.0
100163.0,164.0,2025-05-07,Completed,CO,53.0
100164.0,165.0,2025-02-20,Completed,CA,130.0
100165.0,166.0,2025-04-11,Completed,MA,22.0
100166.0,167.0,2025-01-01,Completed,IL,99.99
100167.0,168.0,2025-11-05,Completed,NC,6.5
100168.0,169.0,2025-10-18,Completed,NY,18.0
100169.0,170.0,2025-12-13,Completed,TX,24.99
100170.0,171.0,2025-06-01,Completed,VA,6.5
100171.0,172.0,2025-06-26,Completed,CA,99.99
100172.0,173.0,2025-12-03,Completed,FL,18.0
100173.0,174.0,2025-07-08,Completed,MA,65.0
100174.0,175.0,2026-01-14,Completed,CA,130.0
100175.0,176.0,2025-10-13,Completed,TX,65.0
100176.0,177.0,2025-07-13,Completed,FL,99.99
100177.0,178.0,2025-11-15,Completed,MA,18.0
100178.0,179.0,2025-09-23,Completed,CA,53.0
100179.0,180.0,2025-02-24,Completed,CO,25.0
100180.0,181.0,2025-11-19,Completed,VA,65.0
100181.0,182.0,2025-08-17,Completed,VA,96.0
100182.0,183.0,2025-03-29,Completed,WA,130.0
100183.0,184.0,2025-07-01,Completed,NY,22.0
100184.0,185.0,2025-11-26,Completed,TX,79.0
100185.0,186.0,2025-10-12,Completed,WA,25.0
100186.0,187.0,2025-08-22,Completed,WA,12.5
100187.0,188.0,2025-10-20,Completed,IL,199.98
100188.0,189.0,2025-12-08,Completed,MA,65.0
100189.0,190.0,2025-08-12,Completed,CO,24.99
100190.0,191.0,2025-08-25,Completed,WA,6.5
100191.0,192.0,2025-01-29,Completed,NY,12.5
100192.0,193.0,2025-12-07,Completed,CA,26.5
100193.0,194.0,2025-06-02,Completed,NC,199.98
100194.0,195.0,2025-01-27,Completed,NY,6.5
100195.0,196.0,2025-08-25,Completed,CA,6.5
100196.0,197.0,2025-07-09,Completed,FL,26.5
100197.0,198.0,2025-07-12,Completed,IL,48.0
100198.0,199.0,2025-10-23,Completed,TX,18.0
100199.0,200.0,2025-04-08,Completed,IL,79.0
100200.0,201.0,2025-09-07,Completed,WA,18.0
100201.0,202.0,2025-12-31,Completed,CO,12.5
100202.0,203.0,2025-01-17,Completed,NC,24.99
100203.0,204.0,2025-02-08,Completed,TX,96.0
100204.0,205.0,2025-04-12,Completed,CA,12.5
100205.0,206.0,2025-01-17,Completed,VA,26.5
100206.0,207.0,2025-09-21,Completed,FL,44.0
100207.0,208.0,2025-01-25,Completed,NC,12.5
100208.0,209.0,2025-12-31,Completed,MA,26.5
100209.0,210.0,2025-10-09,Completed,IL,22.0
100210.0,211.0,2026-01-06,Completed,NY,195.0
100211.0,212.0,2026-01-07,Completed,MA,79.0
100212.0,213.0,2025-01-14,Completed,NY,65.0
100213.0,214.0,2025-10-20,Completed,MA,65.0
100214.0,215.0,2025-01-04,Completed,NC,99.99
100215.0,216.0,2025-11-07,Completed,MA,96.0
100216.0,217.0,2025-05-21,Completed,MA,25.0
100217.0,218.0,2025-01-29,Completed,CO,24.99
100218.0,219.0,2025-08-24,Completed,MA,13.0
100219.0,220.0,2025-03-06,Completed,NY,24.99
100220.0,221.0,2025-05-26,Completed,CO,22.0
100221.0,222.0,2025-11-01,Completed,NC,6.5
100222.0,223.0,2025-03-02,Completed,VA,22.0
100223.0,224.0,2025-12-10,Completed,VA,12.5
100224.0,225.0,2026-01-08,Completed,NY,48.0
100225.0,226.0,2025-08-06,Completed,FL,6.5
100226.0,227.0,2025-02-23,Completed,NC,158.0
100227.0,228.0,2025-03-02,Completed,CA,26.5
100228.0,229.0,2025-01-03,Completed,CO,48.0
100229.0,230.0,2025-03-09,Completed,TX,22.0
100230.0,231.0,2025-01-29,Completed,NC,6.5
100231.0,232.0,2025-02-09,Completed,VA,6.5
100232.0,233.0,2025-02-07,Completed,NY,65.0
100233.0,234.0,2025-02-06,Completed,TX,66.0
100234.0,235.0,2025-11-19,Completed,CA,65.0
100235.0,236.0,2025-08-04,Completed,CO,96.0
100236.0,237.0,2025-02-14,Completed,FL,13.0
100237.0,238.0,2025-01-07,Completed,TX,44.0
100238.0,239.0,2025-01-23,Completed,MA,26.5
100239.0,240.0,2025-03-23,Completed,MA,18.0
100240.0,241.0,2025-08-12,Completed,NY,24.99
100241.0,242.0,2025-12-10,Completed,MA,48.0
100242.0,243.0,2025-08-21,Completed,IL,12.5
100243.0,244.0,2025-10-05,Completed,WA,18.0
100244.0,245.0,2025-07-11,Completed,FL,49.98
100245.0,246.0,2025-01-22,Completed,WA,26.5
100246.0,247.0,2025-08-15,Completed,CA,36.0
100247.0,248.0,2025-02-27,Completed,WA,79.0
100248.0,249.0,2025-04-09,Completed,WA,6.5
100249.0,250.0,2025-05-10,Completed,CA,18.0
100250.0,251.0,2025-08-24,Completed,IL,65.0
100251.0,252.0,2025-03-25,Completed,CA,199.98
100252.0,253.0,2026-01-15,Completed,CA,99.99
100253.0,254.0,2025-10-07,Completed,VA,25.0
100254.0,255.0,2025-05-25,Completed,NY,22.0
100255.0,256.0,2025-07-18,Completed,VA,96.0
100256.0,257.0,2026-01-13,Completed,MA,48.0
100257.0,258.0,2025-08-24,Completed,CO,18.0
100258.0,259.0,2025-04-27,Completed,CA,25.0
100259.0,260.0,2025-10-04,Completed,FL,12.5
100260.0,261.0,2025-01-11,Completed,VA,13.0
100261.0,262.0,2025-08-02,Completed,CO,48.0
100262.0,263.0,2025-06-09,Completed,NC,99.99
100263.0,264.0,2025-08-30,Completed,CA,24.99
100264.0,265.0,2025-06-03,Completed,NC,99.99
100265.0,266.0,2025-05-02,Completed,CA,25.0
100266.0,267.0,2025-11-13,Completed,CO,96.0
100267.0,268.0,2025-02-10,Completed,WA,25.0
100268.0,269.0,2025-04-21,Completed,FL,79.0
100269.0,270.0,2025-01-22,Completed,NC,26.5
100270.0,271.0,2025-01-12,Completed,TX,79.0
100271.0,272.0,2025-05-27,Completed,MA,79.0
100272.0,273.0,2025-07-02,Completed,TX,48.0
100273.0,274.0,2025-02-06,Completed,NC,195.0
100274.0,275.0,2025-02-04,Completed,CA,99.99
100275.0,276.0,2025-06-08,Completed,WA,26.5
100276.0,277.0,2025-12-30,Completed,TX,18.0
100277.0,278.0,2025-04-15,Completed,WA,18.0
100278.0,279.0,2025-12-01,Completed,TX,25.0
100279.0,280.0,2025-07-05,Completed,NY,99.99
100280.0,281.0,2025-01-21,Completed,MA,24.99
100281.0,282.0,2025-01-14,Completed,CO,12.5
100282.0,283.0,2025-11-12,Completed,MA,65.0
100283.0,284.0,2025-05-25,Completed,IL,19.5
100284.0,285.0,2025-06-13,Completed,TX,79.0
100285.0,286.0,2025-09-27,Completed,CO,26.5
100286.0,287.0,2025-05-13,Completed,CO,18.0
100287.0,288.0,2026-01-09,Completed,IL,18.0
100288.0,289.0,2025-11-01,Completed,FL,24.99
100289.0,290.0,2025-09-08,Completed,IL,18.0
100290.0,291.0,2025-10-09,Completed,IL,24.99
100291.0,292.0,2025-11-21,Completed,NC,24.99
100292.0,293.0,2025-06-30,Completed,NY,37.5
100293.0,294.0,2025-11-02,Completed,NY,6.5
100294.0,295.0,2025-10-21,Completed,WA,18.0
100295.0,296.0,2025-08-22,Completed,MA,79.0
100296.0,297.0,2025-06-06,Completed,NY,199.98
100297.0,298.0,2025-04-29,Completed,NY,26.5
100298.0,299.0,2025-10-30,Completed,CO,130.0
100299.0,300.0,2025-10-16,Completed,IL,24.99
100300.0,301.0,2025-03-10,Completed,NY,6.5
100301.0,302.0,2025-03-04,Completed,CO,13.0
100302.0,303.0,2025-03-18,Completed,FL,6.5
100303.0,304.0,2025-05-12,Completed,CO,99.99
100304.0,305.0,2025-12-31,Completed,CO,24.99
100305.0,306.0,2025-05-23,Completed,IL,24.99
100306.0,307.0,2025-11-12,Completed,TX,6.5
100307.0,308.0,2025-04-12,Completed,NC,26.5
100308.0,309.0,2025-09-22,Completed,NY,48.0
100309.0,310.0,2025-04-27,Completed,IL,26.5
100310.0,311.0,2025-10-27,Completed,FL,18.0
100311.0,312.0,2025-12-30,Completed,IL,22.0
100312.0,313.0,2025-10-08,Completed,IL,36.0
100313.0,314.0,2025-10-02,Completed,IL,12.5
100314.0,315.0,2025-01-27,Completed,NY,48.0
100315.0,316.0,2025-03-18,Completed,MA,36.0
100316.0,317.0,2025-03-15,Completed,VA,79.0
100317.0,318.0,2025-10-25,Completed,MA,195.0
100318.0,319.0,2025-06-21,Completed,MA,65.0
100319.0,320.0,2025-08-02,Completed,VA,13.0
100320.0,321.0,2025-05-01,Completed,NC,53.0
100321.0,322.0,2025-10-20,Completed,MA,18.0
100322.0,323.0,2025-12-11,Completed,MA,25.0
100323.0,324.0,2025-03-10,Completed,MA,24.99
100324.0,325.0,2025-10-20,Completed,NC,48.0
100325.0,326.0,2025-03-19,Completed,TX,6.5
100326.0,327.0,2025-03-26,Completed,MA,12.5
100327.0,328.0,2025-08-29,Completed,WA,79.0
100328.0,329.0,2025-04-12,Completed,WA,53.0
100329.0,330.0,2025-08-17,Completed,CA,24.99
100330.0,331.0,2025-03-11,Completed,NY,6.5
100331.0,332.0,2025-01-05,Completed,TX,22.0
100332.0,333.0,2025-10-27,Completed,MA,26.5
100333.0,334.0,2025-09-15,Completed,WA,99.99
100334.0,335.0,2025-10-27,Completed,CO,79.5
100335.0,336.0,2025-07-27,Completed,CA,26.5
100336.0,337.0,2025-05-16,Completed,MA,18.0
100337.0,338.0,2025-04-25,Completed,VA,65.0
100338.0,339.0,2025-11-17,Completed,FL,6.5
100339.0,340.0,2025-08-19,Completed,WA,24.99
100340.0,341.0,2025-05-22,Completed,NY,18.0
100341.0,342.0,2025-12-07,Completed,TX,25.0
100342.0,343.0,2025-07-09,Completed,FL,158.0
100343.0,344.0,2025-05-23,Completed,CA,99.99
100344.0,345.0,2025-06-15,Completed,NC,12.5
100345.0,346.0,2025-05-14,Completed,CO,96.0
100346.0,347.0,2025-06-12,Completed,WA,12.5
100347.0,348.0,2025-09-13,Completed,FL,53.0
100348.0,349.0,2025-06-13,Completed,WA,24.99
100349.0,350.0,2025-01-25,Completed,WA,22.0
100350.0,351.0,2025-03-20,Completed,WA,18.0
100351.0,352.0,2025-11-12,Completed,NY,99.99
100352.0,353.0,2025-05-31,Completed,NY,48.0
100353.0,354.0,2025-05-10,Completed,CO,12.5
100354.0,355.0,2025-03-24,Completed,TX,6.5
100355.0,356.0,2025-03-21,Completed,CA,24.99
100356.0,357.0,2025-12-25,Completed,FL,18.0
100357.0,358.0,2025-06-27,Completed,TX,44.0
100358.0,359.0,2025-04-02,Completed,FL,199.98
100359.0,360.0,2025-07-02,Completed,FL,12.5
100360.0,361.0,2025-05-18,Completed,CA,79.0
100361.0,362.0,2025-08-01,Completed,NY,26.5
100362.0,363.0,2025-06-22,Completed,IL,18.0
100363.0,364.0,2025-09-13,Completed,NY,79.0
100364.0,365.0,2025-04-22,Completed,WA,12.5
100365.0,366.0,2025-02-11,Completed,CA,66.0
100366.0,367.0,2025-05-09,Completed,NC,12.5
100367.0,368.0,2025-11-10,Completed,NY,65.0
100368.0,369.0,2025-08-02,Completed,MA,65.0
100369.0,370.0,2025-06-22,Completed,MA,48.0
100370.0,371.0,2025-01-08,Completed,TX,65.0
100371.0,372.0,2025-06-01,Completed,NC,74.97
100372.0,373.0,2026-01-01,Completed,MA,18.0
100373.0,374.0,2025-01-28,Completed,FL,48.0
100374.0,375.0,2025-01-08,Completed,CA,26.5
100375.0,376.0,2025-05-16,Completed,NY,65.0
100376.0,377.0,2025-02-18,Completed,CO,18.0
100377.0,378.0,2026-01-13,Completed,IL,79.0
100378.0,379.0,2025-05-20,Completed,NY,65.0
100379.0,380.0,2025-01-10,Completed,CO,49.98
100380.0,381.0,2025-11-11,Completed,WA,26.5
100381.0,382.0,2025-06-21,Completed,TX,96.0
100382.0,383.0,2025-02-01,Completed,NY,158.0
100383.0,384.0,2025-05-29,Completed,MA,65.0
100384.0,385.0,2025-08-12,Completed,NY,199.98
100385.0,386.0,2025-01-29,Completed,TX,22.0
100386.0,387.0,2025-03-29,Completed,VA,99.99
100387.0,388.0,2025-07-10,Completed,MA,99.99
100388.0,389.0,2026-01-02,Completed,NC,13.0
100389.0,390.0,2025-03-13,Completed,WA,24.99
100390.0,391.0,2025-08-12,Completed,IL,26.5
100391.0,392.0,2025-10-29,Completed,CO,79.0
100392.0,393.0,2025-03-27,Completed,CA,53.0
100393.0,394.0,2025-01-14,Completed,TX,19.5
100394.0,395.0,2025-03-11,Completed,WA,65.0
100395.0,396.0,2025-01-24,Completed,IL,99.99
100396.0,397.0,2025-12-25,Completed,CO,22.0
100397.0,398.0,2025-01-20,Completed,TX,24.99
100398.0,399.0,2025-07-05,Completed,VA,79.0
100399.0,400.0,2025-06-07,Completed,TX,12.5
100400.0,401.0,2025-11-15,Completed,NC,48.0
100401.0,402.0,2025-04-27,Completed,WA,18.0
100402.0,403.0,2025-07-02,Completed,WA,24.99
100403.0,404.0,2025-09-08,Completed,CA,13.0
100404.0,405.0,2025-09-17,Completed,FL,36.0
100405.0,406.0,2025-03-19,Completed,CO,79.0
100406.0,407.0,2025-03-02,Completed,CA,26.5
100407.0,408.0,2025-09-11,Completed,TX,99.99
100408.0,409.0,2025-02-04,Completed,IL,53.0
100409.0,410.0,2025-02-18,Completed,FL,22.0
100410.0,411.0,2025-09-17,Completed,VA,158.0
100411.0,412.0,2025-04-10,Completed,CO,99.99
100412.0,413.0,2025-06-01,Completed,NC,19.5
100413.0,414.0,2025-12-08,Completed,VA,79.0
100414.0,415.0,2025-12-02,Completed,FL,99.99
100415.0,416.0,2025-11-25,Completed,NC,18.0
100416.0,417.0,2025-01-21,Completed,FL,18.0
100417.0,418.0,2025-06-09,Completed,MA,65.0
100418.0,419.0,2025-06-03,Completed,NC,65.0
100419.0,420.0,2025-03-23,Completed,VA,22.0
100420.0,421.0,2026-01-06,Completed,CO,13.0
100421.0,422.0,2025-06-27,Completed,MA,22.0
100422.0,423.0,2025-10-16,Completed,NC,74.97
100423.0,424.0,2025-06-18,Completed,FL,79.0
100424.0,425.0,2025-07-17,Completed,NY,12.5
100425.0,426.0,2025-04-22,Completed,TX,6.5
100426.0,427.0,2025-06-16,Completed,FL,99.99
100427.0,428.0,2025-02-28,Completed,CA,79.5
100428.0,429.0,2025-02-01,Completed,WA,158.0
100429.0,430.0,2026-01-07,Completed,FL,99.99
100430.0,431.0,2025-04-02,Completed,CA,6.5
100431.0,432.0,2025-03-07,Completed,CA,6.5
100432.0,433.0,2025-08-15,Completed,NY,99.99
100433.0,434.0,2025-07-16,Completed,VA,48.0
100434.0,435.0,2025-10-24,Completed,CO,18.0
100435.0,436.0,2025-08-26,Completed,FL,65.0
100436.0,437.0,2025-09-20,Completed,VA,48.0
100437.0,438.0,2025-08-08,Completed,IL,24.99
100438.0,439.0,2026-01-01,Completed,MA,199.98
100439.0,440.0,2025-03-04,Completed,NY,79.0
100440.0,441.0,2025-04-12,Completed,IL,26.5
100441.0,442.0,2025-05-11,Completed,NC,24.99
100442.0,443.0,2025-05-13,Completed,WA,48.0
100443.0,444.0,2025-05-14,Completed,NY,96.0
100444.0,445.0,2025-12-30,Completed,TX,6.5
100445.0,446.0,2025-10-13,Completed,NC,26.5
100446.0,447.0,2025-06-12,Completed,NY,36.0
100447.0,448.0,2025-03-16,Completed,CA,6.5
100448.0,449.0,2025-12-16,Completed,NY,48.0
100449.0,450.0,2025-09-05,Completed,CA,79.0
100450.0,451.0,2025-09-04,Completed,NC,79.0
100451.0,452.0,2025-10-30,Completed,CO,99.99
100452.0,453.0,2025-10-29,Completed,MA,36.0
100453.0,454.0,2025-12-21,Completed,MA,12.5
100454.0,455.0,2025-04-01,Completed,WA,12.5
100455.0,456.0,2025-11-24,Completed,WA,48.0
100456.0,457.0,2025-10-08,Completed,MA,65.0
100457.0,458.0,2025-03-24,Completed,WA,96.0
100458.0,459.0,2025-11-23,Completed,TX,6.5
100459.0,460.0,2025-04-30,Completed,CA,99.99
100460.0,461.0,2025-09-22,Completed,IL,24.99
100461.0,462.0,2025-11-30,Completed,VA,6.5
100462.0,463.0,2025-04-30,Completed,TX,79.0
100463.0,464.0,2025-03-05,Completed,WA,12.5
100464.0,465.0,2025-06-21,Completed,CO,24.99
100465.0,466.0,2025-02-04,Completed,VA,24.99
100466.0,467.0,2025-11-28,Completed,CO,99.99
100467.0,468.0,2025-01-26,Completed,TX,18.0
100468.0,469.0,2025-10-03,Completed,MA,6.5
100469.0,470.0,2025-01-28,Completed,FL,18.0
100470.0,471.0,2025-07-13,Completed,CA,65.0
100471.0,472.0,2025-09-19,Completed,FL,99.99
100472.0,473.0,2025-10-10,Completed,CO,65.0
100473.0,474.0,2025-04-19,Completed,WA,24.99
100474.0,475.0,2025-06-26,Completed,VA,199.98
100475.0,476.0,2026-01-15,Completed,CA,24.99
100476.0,477.0,2025-11-14,Completed,CO,26.5
100477.0,478.0,2025-02-06,Completed,TX,24.99
100478.0,479.0,2025-07-02,Completed,TX,6.5
100479.0,480.0,2025-11-29,Completed,VA,24.99
100480.0,481.0,2025-04-19,Completed,NC,49.98
100481.0,482.0,2025-06-02,Completed,CA,79.0
100482.0,483.0,2025-12-06,Completed,CA,12.5
100483.0,484.0,2025-03-23,Completed,WA,22.0
100484.0,485.0,2025-08-13,Completed,NY,26.5
100485.0,486.0,2025-10-12,Completed,NC,6.5
100486.0,487.0,2025-07-29,Completed,TX,96.0
100487.0,488.0,2025-06-04,Completed,VA,44.0
100488.0,489.0,2025-03-22,Completed,CA,6.5
100489.0,490.0,2025-12-23,Completed,CO,44.0
100490.0,491.0,2025-10-21,Completed,TX,22.0
100491.0,492.0,2026-01-10,Completed,NY,6.5
100492.0,493.0,2025-07-14,Completed,NC,6.5
100493.0,494.0,2025-04-10,Completed,IL,24.99
100494.0,495.0,2025-07-15,Completed,WA,44.0
100495.0,496.0,2025-06-06,Completed,CA,26.5
100496.0,497.0,2025-10-21,Completed,VA,22.0
100497.0,498.0,2025-11-17,Completed,VA,18.0
100498.0,499.0,2025-03-08,Completed,NC,18.0
100499.0,500.0,2025-11-02,Completed,NC,199.98
100500.0,501.0,2025-05-05,Completed,MA,66.0
100501.0,502.0,2025-10-01,Completed,WA,19.5
100502.0,503.0,2025-04-19,Completed,CA,99.99
100503.0,504.0,2025-06-11,Completed,TX,99.99
100504.0,505.0,2025-12-20,Completed,IL,48.0
100505.0,506.0,2025-05-19,Completed,VA,79.0
100506.0,507.0,2025-04-21,Completed,CA,12.5
100507.0,508.0,2025-09-09,Completed,NC,12.5
100508.0,509.0,2025-06-14,Completed,CA,79.0
100509.0,510.0,2025-06-13,Completed,IL,99.99
100510.0,511.0,2025-09-24,Completed,IL,99.99
100511.0,512.0,2025-01-05,Completed,NC,24.99
100512.0,513.0,2025-01-17,Completed,WA,48.0
100513.0,514.0,2025-03-11,Completed,CA,79.0
100514.0,515.0,2025-07-22,Completed,IL,6.5
100515.0,516.0,2025-03-23,Completed,MA,48.0
100516.0,517.0,2025-06-12,Completed,CA,6.5
100517.0,518.0,2025-08-13,Completed,IL,65.0
100518.0,519.0,2025-07-08,Completed,FL,79.0
100519.0,520.0,2025-11-19,Completed,IL,99.99
100520.0,521.0,2025-07-23,Completed,CO,12.5
100521.0,522.0,2025-01-19,Completed,MA,12.5
100522.0,523.0,2025-05-15,Completed,CA,48.0
100523.0,524.0,2025-02-06,Completed,CO,130.0
100524.0,525.0,2025-09-14,Completed,MA,18.0
100525.0,526.0,2025-10-17,Completed,TX,18.0
100526.0,527.0,2025-09-16,Completed,FL,12.5
100527.0,528.0,2025-03-07,Completed,FL,65.0
100528.0,529.0,2025-01-13,Completed,MA,65.0
100529.0,530.0,2025-08-03,Completed,MA,65.0
100530.0,531.0,2025-10-22,Completed,IL,24.99
100531.0,532.0,2025-10-02,Completed,MA,13.0
100532.0,533.0,2025-03-15,Completed,WA,53.0
100533.0,534.0,2026-01-05,Completed,VA,12.5
100534.0,535.0,2025-01-30,Completed,NY,18.0
100535.0,536.0,2025-04-29,Completed,CO,12.5
100536.0,537.0,2025-02-18,Completed,NC,6.5
100537.0,538.0,2025-04-06,Completed,NY,99.99
100538.0,539.0,2025-11-21,Completed,CO,6.5
100539.0,540.0,2025-04-17,Completed,WA,48.0
100540.0,541.0,2025-05-21,Completed,TX,96.0
100541.0,542.0,2025-07-05,Completed,CO,79.0
100542.0,543.0,2025-06-24,Completed,IL,79.0
100543.0,544.0,2025-01-24,Completed,CO,24.99
100544.0,545.0,2025-12-06,Completed,CA,48.0
100545.0,546.0,2025-10-31,Completed,NY,79.0
100546.0,547.0,2025-08-15,Completed,NY,6.5
100547.0,548.0,2025-04-10,Completed,FL,12.5
100548.0,549.0,2025-04-10,Completed,VA,79.0
100549.0,550.0,2025-09-20,Completed,IL,18.0
100550.0,551.0,2025-11-06,Completed,TX,99.99
100551.0,552.0,2025-11-09,Completed,IL,24.99
100552.0,553.0,2025-02-15,Completed,CA,44.0
100553.0,554.0,2025-05-18,Completed,CA,48.0
100554.0,555.0,2025-07-01,Completed,WA,18.0
100555.0,556.0,2025-07-07,Completed,CA,26.5
100556.0,557.0,2025-04-02,Completed,NC,53.0
100557.0,558.0,2025-06-24,Completed,IL,6.5
100558.0,559.0,2025-02-02,Completed,IL,79.0
100559.0,560.0,2025-05-15,Completed,VA,36.0
100560.0,561.0,2025-08-05,Completed,WA,65.0
100561.0,562.0,2025-07-14,Completed,MA,13.0
100562.0,563.0,2025-01-04,Completed,VA,79.5
100563.0,564.0,2025-11-27,Completed,MA,99.99
100564.0,565.0,2025-01-26,Completed,IL,13.0
100565.0,566.0,2025-03-09,Completed,VA,24.99
100566.0,567.0,2025-02-26,Completed,NY,6.5
100567.0,568.0,2025-03-25,Completed,CA,18.0
100568.0,569.0,2025-08-14,Completed,FL,26.5
100569.0,570.0,2025-03-27,Completed,TX,12.5
100570.0,571.0,2025-01-06,Completed,CA,65.0
100571.0,572.0,2025-11-27,Completed,FL,25.0
100572.0,573.0,2025-09-29,Completed,NC,54.0
100573.0,574.0,2025-11-28,Completed,MA,22.0
100574.0,575.0,2026-01-09,Completed,TX,37.5
100575.0,576.0,2025-02-28,Completed,NY,12.5
100576.0,577.0,2025-09-04,Completed,WA,65.0
100577.0,578.0,2025-04-04,Completed,WA,24.99
100578.0,579.0,2025-08-30,Completed,IL,199.98
100579.0,580.0,2025-02-05,Completed,IL,22.0
100580.0,581.0,2025-06-19,Completed,FL,130.0
100581.0,582.0,2025-06-04,Completed,NC,6.5
100582.0,583.0,2025-09-22,Completed,TX,99.99
100583.0,584.0,2025-06-09,Completed,WA,13.0
100584.0,585.0,2025-04-27,Completed,NC,48.0
100585.0,586.0,2025-01-17,Completed,IL,37.5
100586.0,587.0,2025-03-23,Completed,NC,36.0
100587.0,588.0,2025-04-26,Completed,CO,79.0
100588.0,589.0,2026-01-13,Completed,CO,24.99
100589.0,590.0,2025-03-09,Completed,IL,22.0
100590.0,591.0,2025-03-17,Completed,MA,53.0
100591.0,592.0,2025-11-23,Completed,WA,53.0
100592.0,593.0,2025-12-28,Completed,VA,18.0
100593.0,594.0,2025-05-27,Completed,WA,79.0
100594.0,595.0,2025-09-28,Completed,VA,48.0
100595.0,596.0,2025-02-09,Completed,NC,18.0
100596.0,597.0,2025-11-19,Completed,VA,25.0
100597.0,598.0,2025-12-31,Completed,CO,22.0
100598.0,599.0,2025-09-06,Completed,VA,99.99
100599.0,600.0,2025-03-26,Completed,WA,18.0
100600.0,601.0,2025-11-28,Completed,CO,99.99
100601.0,602.0,2025-12-09,Completed,CO,26.5
100602.0,603.0,2025-07-25,Completed,FL,6.5
100603.0,604.0,2025-02-08,Completed,VA,130.0
100604.0,605.0,2025-02-28,Completed,NY,79.0
100605.0,606.0,2025-01-09,Completed,CO,74.97
100606.0,607.0,2025-11-20,Completed,IL,18.0
100607.0,608.0,2025-11-17,Completed,VA,6.5
100608.0,609.0,2025-09-28,Completed,MA,79.0
100609.0,610.0,2025-06-16,Completed,CO,6.5
100610.0,611.0,2025-03-11,Completed,CA,99.99
100611.0,612.0,2025-03-17,Completed,NC,79.0
100612.0,613.0,2025-04-10,Completed,WA,18.0
100613.0,614.0,2025-03-19,Completed,MA,26.5
100614.0,615.0,2025-08-04,Completed,VA,48.0
100615.0,616.0,2025-07-12,Completed,TX,22.0
100616.0,617.0,2025-07-23,Completed,MA,53.0
100617.0,618.0,2026-01-11,Completed,MA,99.99
100618.0,619.0,2026-01-10,Completed,TX,96.0
100619.0,620.0,2025-11-24,Completed,IL,24.99
100620.0,621.0,2025-04-07,Completed,FL,22.0
100621.0,622.0,2025-02-28,Completed,TX,24.99
100622.0,623.0,2025-07-16,Completed,CA,12.5
100623.0,624.0,2025-03-25,Completed,MA,99.99
100624.0,625.0,2025-05-08,Completed,VA,99.99
100625.0,626.0,2025-11-15,Completed,NC,53.0
100626.0,627.0,2025-11-18,Completed,CO,99.99
100627.0,628.0,2025-03-23,Completed,CA,26.5
100628.0,629.0,2025-03-12,Completed,NY,48.0
100629.0,630.0,2025-10-07,Completed,MA,26.5
100630.0,631.0,2025-08-07,Completed,WA,99.99
100631.0,632.0,2025-03-25,Completed,NY,48.0
100632.0,633.0,2025-07-26,Completed,FL,26.5
100633.0,634.0,2025-04-10,Completed,NC,25.0
100634.0,635.0,2025-09-23,Completed,IL,44.0
100635.0,636.0,2025-10-05,Completed,CA,18.0
100636.0,637.0,2025-10-28,Completed,TX,36.0
100637.0,638.0,2025-05-18,Completed,FL,18.0
100638.0,639.0,2025-06-15,Completed,NY,24.99
100639.0,640.0,2025-09-01,Completed,WA,44.0
100640.0,641.0,2026-01-14,Completed,CA,6.5
100641.0,642.0,2026-01-12,Completed,VA,6.5
100642.0,643.0,2026-01-04,Completed,CA,44.0
100643.0,644.0,2026-01-01,Completed,NY,22.0
100644.0,645.0,2025-11-14,Completed,MA,26.5
100645.0,646.0,2025-12-04,Completed,VA,99.99
100646.0,647.0,2025-12-24,Completed,VA,24.99
100647.0,648.0,2025-07-28,Completed,MA,6.5
100648.0,649.0,2025-10-11,Completed,VA,49.98
100649.0,650.0,2025-12-07,Completed,FL,12.5
100650.0,651.0,2025-06-17,Completed,NY,18.0
100651.0,652.0,2025-05-30,Completed,MA,26.5
100652.0,653.0,2025-12-29,Completed,CA,99.99
100653.0,654.0,2025-01-03,Completed,FL,99.99
100654.0,655.0,2025-05-13,Completed,MA,24.99
100655.0,656.0,2025-10-30,Completed,CA,18.0
100656.0,657.0,2025-05-20,Completed,NC,65.0
100657.0,658.0,2025-12-10,Completed,MA,13.0
100658.0,659.0,2025-02-05,Completed,CA,26.5
100659.0,660.0,2025-11-13,Completed,MA,6.5
100660.0,661.0,2025-04-28,Completed,MA,22.0
100661.0,662.0,2025-08-02,Completed,WA,6.5
100662.0,663.0,2025-04-22,Completed,IL,79.0
100663.0,664.0,2025-05-14,Completed,CA,12.5
100664.0,665.0,2025-08-23,Completed,TX,53.0
100665.0,666.0,2025-06-11,Completed,MA,6.5
100666.0,667.0,2025-02-16,Completed,VA,99.99
100667.0,668.0,2025-05-17,Completed,NC,24.99
100668.0,669.0,2025-06-24,Completed,TX,26.5
100669.0,670.0,2025-09-03,Completed,CA,24.99
100670.0,671.0,2025-11-16,Completed,MA,79.0
100671.0,672.0,2025-11-21,Completed,CA,53.0
100672.0,673.0,2025-11-05,Completed,CO,24.99
100673.0,674.0,2025-09-10,Completed,NC,48.0
100674.0,675.0,2025-05-24,Completed,VA,6.5
100675.0,676.0,2025-04-03,Completed,TX,13.0
100676.0,677.0,2025-07-18,Completed,TX,96.0
100677.0,678.0,2025-06-30,Completed,NY,13.0
100678.0,679.0,2025-05-16,Completed,VA,99.99
100679.0,680.0,2025-12-01,Completed,NY,18.0
100680.0,681.0,2025-02-14,Completed,NC,99.99
100681.0,682.0,2025-11-19,Completed,VA,48.0
100682.0,683.0,2025-03-03,Completed,NC,18.0
100683.0,684.0,2025-04-06,Completed,NY,12.5
100684.0,685.0,2025-07-26,Completed,NC,6.5
100685.0,686.0,2026-01-03,Completed,TX,79.0
100686.0,687.0,2025-07-11,Completed,FL,79.0
100687.0,688.0,2025-08-03,Completed,NC,48.0
100688.0,689.0,2025-09-02,Completed,FL,199.98
100689.0,690.0,2025-01-08,Completed,NY,65.0
100690.0,691.0,2025-08-10,Completed,CA,26.5
100691.0,692.0,2025-01-02,Completed,NY,12.5
100692.0,693.0,2025-03-03,Completed,TX,99.99
100693.0,694.0,2025-03-02,Completed,IL,24.99
100694.0,695.0,2025-12-22,Completed,WA,79.0
100695.0,696.0,2026-01-10,Completed,WA,199.98
100696.0,697.0,2025-06-10,Completed,FL,65.0
100697.0,698.0,2025-04-06,Completed,NY,96.0
100698.0,699.0,2025-08-05,Completed,MA,65.0
100699.0,700.0,2025-03-18,Completed,CA,99.99
100700.0,701.0,2025-09-13,Completed,NC,99.99
100701.0,702.0,2025-12-31,Completed,CA,48.0
100702.0,703.0,2025-07-06,Completed,IL,44.0
100703.0,704.0,2025-03-27,Completed,CA,99.99
100704.0,705.0,2025-12-22,Completed,TX,158.0
100705.0,706.0,2025-07-27,Completed,CO,44.0
100706.0,707.0,2025-03-02,Completed,CO,48.0
100707.0,708.0,2025-02-17,Completed,NY,96.0
100708.0,709.0,2025-07-16,Completed,WA,66.0
100709.0,710.0,2025-04-23,Completed,NY,26.5
100710.0,711.0,2025-02-24,Completed,IL,99.99
100711.0,712.0,2025-05-13,Completed,CO,79.0
100712.0,713.0,2025-12-05,Completed,VA,24.99
100713.0,714.0,2025-08-02,Completed,NY,12.5
100714.0,715.0,2025-04-22,Completed,VA,24.99
100715.0,716.0,2025-01-20,Completed,NY,99.99
100716.0,717.0,2025-08-18,Completed,VA,25.0
100717.0,718.0,2025-10-26,Completed,NC,99.99
100718.0,719.0,2025-07-28,Completed,MA,36.0
100719.0,720.0,2025-02-14,Completed,VA,65.0
100720.0,721.0,2025-03-14,Completed,CA,48.0
100721.0,722.0,2025-08-11,Completed,IL,79.0
100722.0,723.0,2026-01-01,Completed,CA,18.0
100723.0,724.0,2025-03-05,Completed,NY,53.0
100724.0,725.0,2025-03-12,Completed,FL,26.5
100725.0,726.0,2025-02-21,Completed,CO,22.0
100726.0,727.0,2025-03-13,Completed,VA,65.0
100727.0,728.0,2025-12-16,Completed,CA,65.0
100728.0,729.0,2025-01-13,Completed,NY,18.0
100729.0,730.0,2025-06-15,Completed,NY,65.0
100730.0,731.0,2026-01-10,Completed,VA,22.0
100731.0,732.0,2025-04-22,Completed,NC,79.0
100732.0,733.0,2025-04-16,Completed,CO,22.0
100733.0,734.0,2025-01-18,Completed,NC,144.0
100734.0,735.0,2025-11-15,Completed,CO,158.0
100735.0,736.0,2025-05-28,Completed,CO,26.5
100736.0,737.0,2025-11-28,Completed,TX,199.98
100737.0,738.0,2025-01-18,Completed,VA,79.0
100738.0,739.0,2025-12-31,Completed,CO,49.98
100739.0,740.0,2025-12-12,Completed,CO,99.99
100740.0,741.0,2025-06-09,Completed,IL,99.99
100741.0,742.0,2025-05-11,Completed,FL,199.98
100742.0,743.0,2025-03-13,Completed,NC,13.0
100743.0,744.0,2025-09-13,Completed,IL,24.99
100744.0,745.0,2025-12-11,Completed,WA,6.5
100745.0,746.0,2025-01-13,Completed,CA,53.0
100746.0,747.0,2025-09-30,Completed,MA,65.0
100747.0,748.0,2025-11-24,Completed,MA,130.0
100748.0,749.0,2025-06-05,Completed,FL,6.5
100749.0,750.0,2025-10-13,Completed,NY,158.0
100750.0,751.0,2025-06-20,Completed,CA,44.0
100751.0,752.0,2025-04-26,Completed,IL,6.5
100752.0,753.0,2025-06-29,Completed,CA,49.98
100753.0,754.0,2025-08-15,Completed,CA,12.5
100754.0,755.0,2025-03-13,Completed,TX,24.99
100755.0,756.0,2025-04-13,Completed,IL,24.99
100756.0,757.0,2025-02-25,Completed,TX,99.99
100757.0,758.0,2025-07-19,Completed,VA,6.5
100758.0,759.0,2025-05-29,Completed,MA,48.0
100759.0,760.0,2025-09-30,Completed,NY,99.99
100760.0,761.0,2025-04-29,Completed,NC,44.0
100761.0,762.0,2025-10-26,Completed,CA,54.0
100762.0,763.0,2025-08-16,Completed,TX,79.0
100763.0,764.0,2025-12-26,Completed,NY,65.0
100764.0,765.0,2025-10-23,Completed,NY,49.98
100765.0,766.0,2025-05-17,Completed,CO,65.0
100766.0,767.0,2025-09-07,Completed,NC,65.0
100767.0,768.0,2025-12-26,Completed,TX,26.5
100768.0,769.0,2025-10-10,Completed,IL,24.99
100769.0,770.0,2025-06-11,Completed,MA,158.0
100770.0,771.0,2025-06-25,Completed,NY,79.0
100771.0,772.0,2026-01-13,Completed,FL,22.0
100772.0,773.0,2026-01-07,Completed,WA,99.99
100773.0,774.0,2025-10-29,Completed,IL,6.5
100774.0,775.0,2025-04-23,Completed,TX,79.0
100775.0,776.0,2025-12-26,Completed,NC,79.0
100776.0,777.0,2025-06-29,Completed,IL,24.99
100777.0,778.0,2025-08-25,Completed,FL,22.0
100778.0,779.0,2025-07-16,Completed,VA,13.0
100779.0,780.0,2025-11-03,Completed,FL,79.0
100780.0,781.0,2026-01-13,Completed,VA,6.5
100781.0,782.0,2025-09-04,Completed,FL,18.0
100782.0,783.0,2025-04-11,Completed,FL,24.99
100783.0,784.0,2025-12-01,Completed,VA,24.99
100784.0,785.0,2025-09-30,Completed,FL,24.99
100785.0,786.0,2025-03-19,Completed,VA,99.99
100786.0,787.0,2025-05-23,Completed,IL,199.98
100787.0,788.0,2025-06-12,Completed,MA,99.99
100788.0,789.0,2025-01-26,Completed,NY,22.0
100789.0,790.0,2025-09-30,Completed,MA,6.5
100790.0,791.0,2025-03-04,Completed,WA,48.0
100791.0,792.0,2025-05-02,Completed,MA,65.0
100792.0,793.0,2025-03-06,Completed,NC,48.0
100793.0,794.0,2026-01-03,Completed,WA,18.0
100794.0,795.0,2025-12-12,Completed,VA,12.5
100795.0,796.0,2025-06-20,Completed,MA,6.5
100796.0,797.0,2025-12-30,Completed,TX,48.0
100797.0,798.0,2025-08-18,Completed,MA,12.5
100798.0,799.0,2025-06-20,Completed,NC,158.0
100799.0,800.0,2025-04-18,Completed,NC,36.0
100800.0,801.0,2025-09-28,Completed,NC,65.0
100801.0,802.0,2025-01-06,Completed,CA,65.0
100802.0,803.0,2025-12-03,Completed,VA,6.5
100803.0,804.0,2025-10-18,Completed,MA,99.99
100804.0,805.0,2025-09-08,Completed,MA,26.5
100805.0,806.0,2025-08-13,Completed,MA,12.5
100806.0,807.0,2025-03-24,Completed,CO,22.0
100807.0,808.0,2025-08-25,Completed,NC,65.0
100808.0,809.0,2025-11-10,Completed,TX,158.0
100809.0,810.0,2025-02-17,Completed,IL,12.5
100810.0,811.0,2025-07-28,Completed,FL,25.0
100811.0,812.0,2025-11-27,Completed,NC,24.99
100812.0,813.0,2025-12-30,Completed,MA,26.5
100813.0,814.0,2025-05-10,Completed,VA,26.5
100814.0,815.0,2026-01-10,Completed,CA,65.0
100815.0,816.0,2025-09-10,Completed,IL,24.99
100816.0,817.0,2025-07-27,Completed,IL,18.0
100817.0,818.0,2025-05-31,Completed,IL,26.5
100818.0,819.0,2025-08-16,Completed,IL,18.0
100819.0,820.0,2025-11-07,Completed,WA,18.0
100820.0,821.0,2025-08-12,Completed,TX,12.5
100821.0,822.0,2025-02-03,Completed,WA,99.99
100822.0,823.0,2025-11-25,Completed,WA,79.0
100823.0,824.0,2025-12-01,Completed,NY,6.5
100824.0,825.0,2025-01-05,Completed,FL,18.0
100825.0,826.0,2025-11-20,Completed,MA,12.5
100826.0,827.0,2025-05-27,Completed,CO,53.0
100827.0,828.0,2025-07-08,Completed,WA,144.0
100828.0,829.0,2025-05-10,Completed,MA,12.5
100829.0,830.0,2025-04-17,Completed,WA,130.0
100830.0,831.0,2026-01-02,Completed,CA,12.5
100831.0,832.0,2025-06-30,Completed,WA,53.0
100832.0,833.0,2025-01-19,Completed,TX,26.5
100833.0,834.0,2025-07-14,Completed,CA,53.0
100834.0,835.0,2025-11-12,Completed,CO,99.99
100835.0,836.0,2025-09-23,Completed,CO,26.5
100836.0,837.0,2025-02-11,Completed,CO,22.0
100837.0,838.0,2025-08-30,Completed,CO,19.5
100838.0,839.0,2025-03-14,Completed,NY,26.5
100839.0,840.0,2025-10-03,Completed,WA,79.0
100840.0,841.0,2025-06-08,Completed,IL,19.5
100841.0,842.0,2025-12-25,Completed,IL,65.0
100842.0,843.0,2025-06-11,Completed,WA,26.5
100843.0,844.0,2025-01-22,Completed,WA,18.0
100844.0,845.0,2025-01-18,Completed,IL,99.99
100845.0,846.0,2025-04-14,Completed,FL,48.0
100846.0,847.0,2025-12-03,Completed,CA,79.0
100847.0,848.0,2025-11-06,Completed,MA,12.5
100848.0,849.0,2025-09-13,Completed,TX,24.99
100849.0,850.0,2025-07-09,Completed,WA,158.0
100850.0,851.0,2025-05-13,Completed,FL,6.5
100851.0,852.0,2025-11-21,Completed,MA,6.5
100852.0,853.0,2025-03-16,Completed,FL,237.0
100853.0,854.0,2025-01-16,Completed,NC,96.0
100854.0,855.0,2025-12-03,Completed,TX,12.5
100855.0,856.0,2025-05-11,Completed,WA,48.0
100856.0,857.0,2025-10-03,Completed,TX,13.0
100857.0,858.0,2025-05-21,Completed,IL,6.5
100858.0,859.0,2025-02-12,Completed,NC,48.0
100859.0,860.0,2025-04-25,Completed,CO,26.5
100860.0,861.0,2025-07-30,Completed,MA,237.0
100861.0,862.0,2025-09-24,Completed,NY,26.5
100862.0,863.0,2025-10-02,Completed,NC,99.99
100863.0,864.0,2025-03-06,Completed,FL,96.0
100864.0,865.0,2026-01-11,Completed,CO,79.0
100865.0,866.0,2026-01-01,Completed,VA,96.0
100866.0,867.0,2026-01-12,Completed,WA,13.0
100867.0,868.0,2025-03-16,Completed,FL,24.99
100868.0,869.0,2025-08-03,Completed,CO,79.0
100869.0,870.0,2025-02-23,Completed,TX,48.0
100870.0,871.0,2025-12-14,Completed,WA,24.99
100871.0,872.0,2025-06-22,Completed,IL,195.0
100872.0,873.0,2025-11-16,Completed,CA,79.0
100873.0,874.0,2025-06-18,Completed,NY,26.5
100874.0,875.0,2025-11-04,Completed,NY,24.99
100875.0,876.0,2025-05-12,Completed,NY,99.99
100876.0,877.0,2025-07-08,Completed,WA,48.0
100877.0,878.0,2025-09-01,Completed,TX,6.5
100878.0,879.0,2025-09-08,Completed,NC,18.0
100879.0,880.0,2025-01-30,Completed,WA,99.99
100880.0,881.0,2025-03-31,Completed,NC,22.0
100881.0,882.0,2025-03-28,Completed,VA,26.5
100882.0,883.0,2025-03-27,Completed,IL,48.0
100883.0,884.0,2025-09-06,Completed,FL,26.5
100884.0,885.0,2025-06-04,Completed,MA,237.0
100885.0,886.0,2025-06-10,Completed,IL,22.0
100886.0,887.0,2025-10-01,Completed,FL,48.0
100887.0,888.0,2025-07-05,Completed,WA,49.98
100888.0,889.0,2025-07-29,Completed,FL,18.0
100889.0,890.0,2025-06-21,Completed,IL,99.99
100890.0,891.0,2025-09-08,Completed,MA,79.0
100891.0,892.0,2025-09-22,Completed,MA,26.5
100892.0,893.0,2025-02-11,Completed,MA,22.0
100893.0,894.0,2025-09-28,Completed,TX,79.0
100894.0,895.0,2025-12-14,Completed,TX,48.0
100895.0,896.0,2025-01-08,Completed,TX,79.0
100896.0,897.0,2025-02-14,Completed,CO,65.0
100897.0,898.0,2025-11-30,Completed,FL,22.0
100898.0,899.0,2025-10-05,Completed,NC,65.0
100899.0,900.0,2025-07-27,Completed,CO,65.0
100900.0,901.0,2025-07-07,Completed,WA,53.0
100901.0,902.0,2025-10-06,Completed,NY,99.99
100902.0,903.0,2025-05-21,Completed,TX,12.5
100903.0,904.0,2025-06-04,Completed,CA,6.5
100904.0,905.0,2025-09-06,Completed,FL,12.5
100905.0,906.0,2025-10-07,Completed,CO,79.0
100906.0,907.0,2025-04-28,Completed,MA,25.0
100907.0,908.0,2026-01-05,Completed,TX,12.5
100908.0,909.0,2025-11-05,Completed,VA,53.0
100909.0,910.0,2025-07-12,Completed,VA,48.0
100910.0,911.0,2025-12-04,Completed,CA,79.0
100911.0,912.0,2025-01-28,Completed,NC,36.0
100912.0,913.0,2025-04-08,Completed,MA,48.0
100913.0,914.0,2025-11-06,Completed,VA,99.99
100914.0,915.0,2025-08-02,Completed,CO,22.0
100915.0,916.0,2025-05-14,Completed,MA,79.0
100916.0,917.0,2025-06-07,Completed,CO,12.5
100917.0,918.0,2025-12-13,Completed,TX,12.5
100918.0,919.0,2025-05-15,Completed,CO,12.5
100919.0,920.0,2025-04-19,Completed,CA,13.0
100920.0,921.0,2025-05-28,Completed,CO,44.0
100921.0,922.0,2025-01-25,Completed,CO,26.5
100922.0,923.0,2025-03-16,Completed,TX,25.0
100923.0,924.0,2025-06-01,Completed,VA,48.0
100924.0,925.0,2025-02-04,Completed,NY,24.99
100925.0,926.0,2025-08-14,Completed,FL,96.0
100926.0,927.0,2025-11-25,Completed,VA,24.99
100927.0,928.0,2025-02-03,Completed,NC,6.5
100928.0,929.0,2025-12-27,Completed,CO,79.0
100929.0,930.0,2025-03-29,Completed,WA,18.0
100930.0,931.0,2025-06-17,Completed,CA,6.5
100931.0,932.0,2025-05-23,Completed,IL,48.0
100932.0,933.0,2025-03-20,Completed,WA,25.0
100933.0,934.0,2025-04-19,Completed,TX,26.5
100934.0,935.0,2026-01-01,Completed,IL,6.5
100935.0,936.0,2025-10-25,Completed,NC,18.0
100936.0,937.0,2025-03-14,Completed,MA,18.0
100937.0,938.0,2025-10-23,Completed,NC,79.0
100938.0,939.0,2025-07-16,Completed,WA,79.0
100939.0,940.0,2025-07-02,Completed,NC,24.99
100940.0,941.0,2025-08-08,Completed,TX,26.5
100941.0,942.0,2025-03-16,Completed,FL,99.99
100942.0,943.0,2026-01-02,Completed,MA,130.0
100943.0,944.0,2025-09-27,Completed,TX,24.99
100944.0,945.0,2025-05-24,Completed,WA,99.99
100945.0,946.0,2025-09-30,Completed,CO,158.0
100946.0,947.0,2025-08-03,Completed,CA,99.99
100947.0,948.0,2025-01-26,Completed,FL,48.0
100948.0,949.0,2025-03-19,Completed,VA,144.0
100949.0,950.0,2025-08-10,Completed,FL,130.0
100950.0,951.0,2025-11-23,Completed,VA,19.5
100951.0,952.0,2025-07-15,Completed,VA,96.0
100952.0,953.0,2025-10-10,Completed,MA,24.99
100953.0,954.0,2025-05-03,Completed,WA,26.5
100954.0,955.0,2025-07-06,Completed,TX,24.99
100955.0,956.0,2025-06-24,Completed,CA,96.0
100956.0,957.0,2025-01-24,Completed,NY,18.0
100957.0,958.0,2025-03-20,Completed,MA,99.99
100958.0,959.0,2025-07-09,Completed,WA,6.5
100959.0,960.0,2025-09-26,Completed,CO,24.99
100960.0,961.0,2025-07-11,Completed,FL,6.5
100961.0,962.0,2025-03-30,Completed,IL,65.0
100962.0,963.0,2025-10-18,Completed,CA,44.0
100963.0,964.0,2025-09-30,Completed,MA,26.5
100964.0,965.0,2025-12-16,Completed,IL,99.99
100965.0,966.0,2025-01-16,Completed,IL,48.0
100966.0,967.0,2025-07-04,Completed,FL,12.5
100967.0,968.0,2025-06-06,Completed,MA,99.99
100968.0,969.0,2025-04-07,Completed,NY,24.99
100969.0,970.0,2025-02-28,Completed,WA,24.99
100970.0,971.0,2025-11-14,Completed,VA,12.5
100971.0,972.0,2025-01-18,Completed,MA,99.99
100972.0,973.0,2025-03-20,Completed,NC,25.0
100973.0,974.0,2025-11-10,Completed,NC,54.0
100974.0,975.0,2025-03-11,Completed,CA,199.98
100975.0,976.0,2026-01-05,Completed,NC,22.0
100976.0,977.0,2025-07-17,Completed,CA,36.0
100977.0,978.0,2026-01-04,Completed,FL,65.0
100978.0,979.0,2025-11-12,Completed,WA,48.0
100979.0,980.0,2025-02-11,Completed,NY,25.0
100980.0,981.0,2025-05-02,Completed,VA,24.99
100981.0,982.0,2025-02-25,Completed,TX,79.0
100982.0,983.0,2025-11-04,Completed,TX,22.0
100983.0,984.0,2025-08-07,Completed,FL,44.0
100984.0,985.0,2025-01-26,Completed,CA,49.98
100985.0,986.0,2025-07-06,Completed,NY,237.0
100986.0,987.0,2025-07-25,Completed,NY,79.0
100987.0,988.0,2025-03-22,Completed,CO,44.0
100988.0,989.0,2025-08-27,Completed,FL,22.0
100989.0,990.0,2025-04-07,Completed,NC,237.0
100990.0,991.0,2025-04-19,Completed,NY,79.0
100991.0,992.0,2026-01-13,Completed,NC,24.99
100992.0,993.0,2025-03-20,Completed,CO,48.0
100993.0,994.0,2025-05-31,Completed,NY,158.0
100994.0,995.0,2025-04-15,Completed,FL,24.99
100995.0,996.0,2025-01-10,Completed,IL,158.0
100996.0,997.0,2025-07-28,Completed,NC,24.99
100997.0,998.0,2025-07-23,Completed,CA,65.0
100998.0,999.0,2025-07-06,Completed,NY,12.5
100999.0,1000.0,2025-09-28,Completed,NC,6.5
101000.0,1001.0,2025-07-22,Completed,IL,26.5
101001.0,1002.0,2025-02-10,Completed,CA,65.0
101002.0,1003.0,2025-08-17,Completed,VA,6.5
101003.0,1004.0,2025-11-20,Completed,VA,24.99
101004.0,1005.0,2025-07-22,Completed,VA,22.0
101005.0,1006.0,2025-12-31,Completed,IL,24.99
101006.0,1007.0,2025-03-23,Completed,WA,24.99
101007.0,1008.0,2026-01-11,Completed,IL,65.0
101008.0,1009.0,2025-01-19,Completed,NC,53.0
101009.0,1010.0,2025-12-04,Completed,TX,22.0
101010.0,1011.0,2025-03-17,Completed,CA,24.99
101011.0,1012.0,2025-06-03,Completed,FL,144.0
101012.0,1013.0,2025-02-15,Completed,CA,36.0
101013.0,1014.0,2025-05-24,Completed,FL,26.5
101014.0,1015.0,2025-05-28,Completed,NC,79.0
101015.0,1016.0,2025-07-18,Completed,TX,24.99
101016.0,1017.0,2025-03-09,Completed,CA,79.5
101017.0,1018.0,2025-08-06,Completed,NY,24.99
101018.0,1019.0,2025-10-09,Completed,NY,22.0
101019.0,1020.0,2025-03-28,Completed,NY,79.0
101020.0,1021.0,2025-07-06,Completed,WA,48.0
101021.0,1022.0,2025-09-29,Completed,FL,48.0
101022.0,1023.0,2025-07-11,Completed,FL,18.0
101023.0,1024.0,2026-01-08,Completed,TX,48.0
101024.0,1025.0,2025-03-25,Completed,IL,22.0
101025.0,1026.0,2025-07-11,Completed,IL,48.0
101026.0,1027.0,2025-09-28,Completed,IL,48.0
101027.0,1028.0,2026-01-12,Completed,TX,199.98
101028.0,1029.0,2025-01-14,Completed,MA,79.0
101029.0,1030.0,2025-02-03,Completed,TX,13.0
101030.0,1031.0,2025-08-11,Completed,NC,48.0
101031.0,1032.0,2025-12-20,Completed,NY,26.5
101032.0,1033.0,2025-01-19,Completed,FL,12.5
101033.0,1034.0,2025-05-05,Completed,CO,48.0
101034.0,1035.0,2025-01-08,Completed,NC,26.5
101035.0,1036.0,2025-07-31,Completed,FL,130.0
101036.0,1037.0,2025-12-08,Completed,WA,22.0
101037.0,1038.0,2025-12-09,Completed,FL,79.0
101038.0,1039.0,2025-07-08,Completed,NC,99.99
101039.0,1040.0,2025-02-20,Completed,VA,12.5
101040.0,1041.0,2025-03-11,Completed,CA,22.0
101041.0,1042.0,2025-08-08,Completed,NC,6.5
101042.0,1043.0,2025-03-15,Completed,NC,13.0
101043.0,1044.0,2025-11-27,Completed,MA,79.0
101044.0,1045.0,2025-10-14,Completed,NY,79.0
101045.0,1046.0,2025-08-14,Completed,FL,18.0
101046.0,1047.0,2025-04-20,Completed,IL,65.0
101047.0,1048.0,2025-06-26,Completed,VA,37.5
101048.0,1049.0,2025-11-20,Completed,TX,26.5
101049.0,1050.0,2025-10-06,Completed,NY,99.99
101050.0,1051.0,2025-01-18,Completed,FL,6.5
101051.0,1052.0,2025-10-12,Completed,NC,96.0
101052.0,1053.0,2025-03-17,Completed,IL,12.5
101053.0,1054.0,2025-09-15,Completed,MA,22.0
101054.0,1055.0,2025-09-11,Completed,IL,6.5
101055.0,1056.0,2025-11-04,Completed,NC,6.5
101056.0,1057.0,2025-05-07,Completed,WA,158.0
101057.0,1058.0,2025-07-17,Completed,IL,24.99
101058.0,1059.0,2025-08-09,Completed,MA,22.0
101059.0,1060.0,2025-05-31,Completed,NC,36.0
101060.0,1061.0,2025-03-31,Completed,CO,22.0
101061.0,1062.0,2025-11-21,Completed,TX,99.99
101062.0,1063.0,2026-01-01,Completed,NC,25.0
101063.0,1064.0,2025-03-16,Completed,MA,26.5
101064.0,1065.0,2025-04-15,Completed,CO,130.0
101065.0,1066.0,2025-06-15,Completed,NC,22.0
101066.0,1067.0,2025-01-04,Completed,MA,12.5
101067.0,1068.0,2025-04-08,Completed,IL,18.0
101068.0,1069.0,2025-03-04,Completed,WA,6.5
101069.0,1070.0,2025-07-26,Completed,NY,53.0
101070.0,1071.0,2025-01-01,Completed,VA,79.0
101071.0,1072.0,2025-06-19,Completed,FL,99.99
101072.0,1073.0,2025-05-30,Completed,MA,18.0
101073.0,1074.0,2025-02-18,Completed,VA,65.0
101074.0,1075.0,2025-02-20,Completed,NC,25.0
101075.0,1076.0,2025-07-04,Completed,WA,36.0
101076.0,1077.0,2025-08-02,Completed,MA,24.99
101077.0,1078.0,2025-11-01,Completed,NC,79.0
101078.0,1079.0,2025-09-03,Completed,IL,22.0
101079.0,1080.0,2025-05-25,Completed,NY,25.0
101080.0,1081.0,2025-03-03,Completed,MA,18.0
101081.0,1082.0,2025-04-27,Completed,MA,18.0
101082.0,1083.0,2025-02-11,Completed,NC,6.5
101083.0,1084.0,2025-12-24,Completed,CA,48.0
101084.0,1085.0,2025-03-19,Completed,CA,44.0
101085.0,1086.0,2025-02-27,Completed,VA,6.5
101086.0,1087.0,2025-06-20,Completed,VA,96.0
101087.0,1088.0,2025-08-09,Completed,FL,74.97
101088.0,1089.0,2025-03-12,Completed,VA,26.5
101089.0,1090.0,2026-01-07,Completed,IL,18.0
101090.0,1091.0,2025-01-18,Completed,CA,299.97
101091.0,1092.0,2025-08-25,Completed,VA,96.0
101092.0,1093.0,2025-06-02,Completed,NY,99.99
101093.0,1094.0,2025-07-03,Completed,IL,79.0
101094.0,1095.0,2025-03-28,Completed,TX,6.5
101095.0,1096.0,2025-04-28,Completed,CA,79.5
101096.0,1097.0,2025-09-15,Completed,NY,18.0
101097.0,1098.0,2025-09-03,Completed,WA,79.0
101098.0,1099.0,2025-07-16,Completed,TX,18.0
101099.0,1100.0,2025-01-14,Completed,NY,22.0
101100.0,1101.0,2025-10-13,Completed,CA,130.0
101101.0,1102.0,2025-10-15,Completed,TX,13.0
101102.0,1103.0,2025-10-10,Completed,IL,48.0
101103.0,1104.0,2025-04-19,Completed,MA,24.99
101104.0,1105.0,2025-12-08,Completed,NY,25.0
101105.0,1106.0,2025-03-23,Completed,MA,65.0
101106.0,1107.0,2025-02-07,Completed,TX,13.0
101107.0,1108.0,2025-03-23,Completed,MA,22.0
101108.0,1109.0,2025-07-23,Completed,MA,12.5
101109.0,1110.0,2025-06-15,Completed,CA,79.0
101110.0,1111.0,2025-07-04,Completed,FL,26.5
101111.0,1112.0,2025-12-25,Completed,NC,25.0
101112.0,1113.0,2025-07-15,Completed,MA,79.0
101113.0,1114.0,2025-04-29,Completed,NC,12.5
101114.0,1115.0,2025-02-13,Completed,TX,199.98
101115.0,1116.0,2025-12-08,Completed,CA,26.5
101116.0,1117.0,2025-09-26,Completed,VA,130.0
101117.0,1118.0,2025-02-21,Completed,CO,199.98
101118.0,1119.0,2025-07-30,Completed,TX,22.0
101119.0,1120.0,2025-11-20,Completed,TX,6.5
101120.0,1121.0,2025-02-25,Completed,FL,13.0
101121.0,1122.0,2025-08-20,Completed,CO,24.99
101122.0,1123.0,2025-03-07,Completed,FL,18.0
101123.0,1124.0,2025-04-17,Completed,VA,158.0
101124.0,1125.0,2025-03-25,Completed,IL,237.0
101125.0,1126.0,2025-09-25,Completed,FL,65.0
101126.0,1127.0,2025-05-08,Completed,MA,48.0
101127.0,1128.0,2025-07-03,Completed,VA,26.5
101128.0,1129.0,2025-03-16,Completed,WA,79.0
101129.0,1130.0,2025-08-14,Completed,MA,12.5
101130.0,1131.0,2025-11-22,Completed,NY,79.0
101131.0,1132.0,2025-08-02,Completed,VA,18.0
101132.0,1133.0,2025-02-18,Completed,IL,18.0
101133.0,1134.0,2025-10-01,Completed,TX,99.99
101134.0,1135.0,2025-11-16,Completed,NY,26.5
101135.0,1136.0,2025-08-13,Completed,NY,99.99
101136.0,1137.0,2025-06-18,Completed,WA,22.0
101137.0,1138.0,2025-12-16,Completed,MA,26.5
101138.0,1139.0,2025-02-16,Completed,NY,22.0
101139.0,1140.0,2025-08-12,Completed,FL,26.5
101140.0,1141.0,2025-06-28,Completed,WA,237.0
101141.0,1142.0,2025-12-24,Completed,MA,26.5
101142.0,1143.0,2025-02-15,Completed,NY,12.5
101143.0,1144.0,2025-07-12,Completed,CA,48.0
101144.0,1145.0,2025-02-12,Completed,NY,99.99
101145.0,1146.0,2025-05-06,Completed,FL,26.5
101146.0,1147.0,2025-01-10,Completed,CA,12.5
101147.0,1148.0,2025-11-22,Completed,NC,74.97
101148.0,1149.0,2025-12-12,Completed,IL,99.99
101149.0,1150.0,2025-09-28,Completed,VA,24.99
101150.0,1151.0,2025-11-07,Completed,NC,44.0
101151.0,1152.0,2025-11-14,Completed,VA,199.98
101152.0,1153.0,2025-04-27,Completed,TX,79.0
101153.0,1154.0,2025-12-07,Completed,NY,65.0
101154.0,1155.0,2025-04-03,Completed,FL,6.5
101155.0,1156.0,2025-03-25,Completed,CO,99.99
101156.0,1157.0,2025-04-03,Completed,IL,99.99
101157.0,1158.0,2025-03-14,Completed,NC,6.5
101158.0,1159.0,2025-11-01,Completed,MA,65.0
101159.0,1160.0,2025-06-13,Completed,CO,6.5
101160.0,1161.0,2025-05-09,Completed,FL,79.0
101161.0,1162.0,2025-03-08,Completed,NY,99.99
101162.0,1163.0,2025-03-23,Completed,WA,158.0
101163.0,1164.0,2026-01-03,Completed,CA,18.0
101164.0,1165.0,2025-04-26,Completed,VA,6.5
101165.0,1166.0,2025-10-28,Completed,NC,26.5
101166.0,1167.0,2025-01-24,Completed,CA,36.0
101167.0,1168.0,2025-07-26,Completed,NC,6.5
101168.0,1169.0,2025-03-09,Completed,NY,22.0
101169.0,1170.0,2025-04-13,Completed,MA,6.5
101170.0,1171.0,2025-07-23,Completed,NY,158.0
101171.0,1172.0,2025-05-12,Completed,CA,18.0
101172.0,1173.0,2025-02-25,Completed,CO,48.0
101173.0,1174.0,2025-08-05,Completed,TX,26.5
101174.0,1175.0,2025-08-04,Completed,WA,36.0
101175.0,1176.0,2025-06-29,Completed,NY,22.0
101176.0,1177.0,2025-03-07,Completed,MA,22.0
101177.0,1178.0,2025-11-06,Completed,TX,26.5
101178.0,1179.0,2025-02-18,Completed,CA,22.0
101179.0,1180.0,2025-12-25,Completed,TX,26.5
101180.0,1181.0,2025-07-30,Completed,MA,44.0
101181.0,1182.0,2025-09-04,Completed,NC,48.0
101182.0,1183.0,2025-12-03,Completed,CA,44.0
101183.0,1184.0,2025-04-10,Completed,NY,12.5
101184.0,1185.0,2025-05-23,Completed,WA,99.99
101185.0,1186.0,2025-08-30,Completed,TX,6.5
101186.0,1187.0,2025-12-28,Completed,WA,99.99
101187.0,1188.0,2025-11-09,Completed,CA,99.99
101188.0,1189.0,2025-02-21,Completed,IL,22.0
101189.0,1190.0,2025-02-14,Completed,TX,6.5
101190.0,1191.0,2025-04-24,Completed,CO,48.0
101191.0,1192.0,2025-03-03,Completed,MA,48.0
101192.0,1193.0,2025-06-12,Completed,FL,79.0
101193.0,1194.0,2025-06-21,Completed,IL,12.5
101194.0,1195.0,2025-04-16,Completed,CO,26.5
101195.0,1196.0,2025-03-12,Completed,TX,99.99
101196.0,1197.0,2025-11-09,Completed,NC,65.0
101197.0,1198.0,2025-07-23,Completed,NY,24.99
101198.0,1199.0,2025-03-26,Completed,FL,18.0
101199.0,1200.0,2025-07-06,Completed,VA,12.5
101200.0,1201.0,2025-11-09,Completed,TX,6.5
101201.0,1202.0,2025-11-27,Completed,NC,65.0
101202.0,1203.0,2025-07-09,Completed,MA,48.0
101203.0,1204.0,2025-10-16,Completed,MA,96.0
101204.0,1205.0,2025-01-26,Completed,IL,65.0
101205.0,1206.0,2025-05-13,Completed,MA,99.99
101206.0,1207.0,2025-08-23,Completed,MA,12.5
101207.0,1208.0,2025-06-03,Completed,FL,24.99
101208.0,1209.0,2025-02-19,Completed,CO,99.99
101209.0,1210.0,2025-11-26,Completed,FL,24.99
101210.0,1211.0,2025-05-30,Completed,TX,299.97
101211.0,1212.0,2025-10-05,Completed,NY,48.0
101212.0,1213.0,2025-05-21,Completed,CO,22.0
101213.0,1214.0,2025-02-21,Completed,NC,25.0
101214.0,1215.0,2025-10-18,Completed,FL,99.99
101215.0,1216.0,2025-07-11,Completed,CO,24.99
101216.0,1217.0,2025-05-13,Completed,IL,48.0
101217.0,1218.0,2025-04-01,Completed,IL,12.5
101218.0,1219.0,2025-07-27,Completed,MA,65.0
101219.0,1220.0,2025-06-23,Completed,NC,48.0
101220.0,1221.0,2025-10-26,Completed,TX,26.5
101221.0,1222.0,2025-06-01,Completed,VA,237.0
101222.0,1223.0,2025-07-14,Completed,CA,53.0
101223.0,1224.0,2025-11-19,Completed,MA,99.99
101224.0,1225.0,2025-09-06,Completed,FL,24.99
101225.0,1226.0,2025-02-13,Completed,VA,18.0
101226.0,1227.0,2025-09-01,Completed,VA,96.0
101227.0,1228.0,2025-08-02,Completed,IL,158.0
101228.0,1229.0,2025-12-13,Completed,MA,24.99
101229.0,1230.0,2025-06-23,Completed,MA,66.0
101230.0,1231.0,2025-05-10,Completed,MA,65.0
101231.0,1232.0,2025-01-21,Completed,WA,26.5
101232.0,1233.0,2025-05-28,Completed,NC,12.5
101233.0,1234.0,2025-06-18,Completed,IL,13.0
101234.0,1235.0,2025-02-17,Completed,IL,6.5
101235.0,1236.0,2025-10-05,Completed,TX,79.0
101236.0,1237.0,2025-03-10,Completed,VA,65.0
101237.0,1238.0,2025-07-31,Completed,NC,12.5
101238.0,1239.0,2025-03-30,Completed,VA,65.0
101239.0,1240.0,2025-06-27,Completed,IL,12.5
101240.0,1241.0,2025-07-27,Completed,NY,13.0
101241.0,1242.0,2025-01-04,Completed,TX,26.5
101242.0,1243.0,2025-01-29,Completed,CA,158.0
101243.0,1244.0,2025-10-04,Completed,NC,24.99
101244.0,1245.0,2025-04-03,Completed,VA,18.0
101245.0,1246.0,2025-05-31,Completed,CA,49.98
101246.0,1247.0,2025-07-08,Completed,TX,99.99
101247.0,1248.0,2025-02-03,Completed,VA,18.0
101248.0,1249.0,2025-01-11,Completed,CA,26.5
101249.0,1250.0,2025-01-07,Completed,TX,48.0
101250.0,1251.0,2025-01-21,Completed,CO,12.5
101251.0,1252.0,2025-10-10,Completed,IL,18.0
101252.0,1253.0,2025-09-16,Completed,CA,36.0
101253.0,1254.0,2025-07-17,Completed,CO,12.5
101254.0,1255.0,2025-07-18,Completed,NC,26.5
101255.0,1256.0,2025-09-30,Completed,VA,65.0
101256.0,1257.0,2025-07-10,Completed,WA,99.99
101257.0,1258.0,2026-01-01,Completed,TX,25.0
101258.0,1259.0,2025-11-24,Completed,IL,18.0
101259.0,1260.0,2025-12-21,Completed,MA,49.98
101260.0,1261.0,2025-01-15,Completed,NC,22.0
101261.0,1262.0,2025-05-10,Completed,NY,18.0
101262.0,1263.0,2025-10-06,Completed,NY,26.5
101263.0,1264.0,2025-05-16,Completed,FL,44.0
101264.0,1265.0,2025-07-10,Completed,MA,48.0
101265.0,1266.0,2025-06-20,Completed,WA,48.0
101266.0,1267.0,2025-11-02,Completed,VA,79.0
101267.0,1268.0,2025-05-01,Completed,NY,48.0
101268.0,1269.0,2025-08-29,Completed,FL,49.98
101269.0,1270.0,2025-03-08,Completed,MA,18.0
101270.0,1271.0,2025-12-03,Completed,CA,79.0
101271.0,1272.0,2025-11-22,Completed,VA,48.0
101272.0,1273.0,2026-01-11,Completed,FL,65.0
101273.0,1274.0,2025-01-24,Completed,VA,49.98
101274.0,1275.0,2025-07-18,Completed,NC,158.0
101275.0,1276.0,2025-04-26,Completed,NY,26.5
101276.0,1277.0,2025-10-07,Completed,VA,65.0
101277.0,1278.0,2025-09-18,Completed,MA,49.98
101278.0,1279.0,2025-06-24,Completed,VA,26.5
101279.0,1280.0,2025-07-09,Completed,NY,79.0
101280.0,1281.0,2025-05-12,Completed,MA,53.0
101281.0,1282.0,2025-06-05,Completed,NC,22.0
101282.0,1283.0,2025-03-24,Completed,MA,130.0
101283.0,1284.0,2025-10-17,Completed,TX,26.5
101284.0,1285.0,2025-02-10,Completed,CO,26.5
101285.0,1286.0,2025-04-29,Completed,TX,65.0
101286.0,1287.0,2025-10-11,Completed,NC,22.0
101287.0,1288.0,2025-10-13,Completed,NY,99.99
101288.0,1289.0,2025-09-19,Completed,NY,130.0
101289.0,1290.0,2026-01-02,Completed,MA,12.5
101290.0,1291.0,2025-12-23,Completed,VA,99.99
101291.0,1292.0,2025-06-04,Completed,VA,24.99
101292.0,1293.0,2025-07-16,Completed,NY,24.99
101293.0,1294.0,2026-01-11,Completed,IL,79.0
101294.0,1295.0,2025-03-25,Completed,MA,25.0
101295.0,1296.0,2025-06-01,Completed,VA,12.5
101296.0,1297.0,2025-08-23,Completed,FL,96.0
101297.0,1298.0,2025-08-07,Completed,CA,65.0
101298.0,1299.0,2025-06-24,Completed,CA,18.0
101299.0,1300.0,2025-04-23,Completed,FL,22.0
101300.0,1301.0,2025-05-01,Completed,VA,24.99
101301.0,1302.0,2026-01-04,Completed,CO,6.5
101302.0,1303.0,2025-06-26,Completed,MA,6.5
101303.0,1304.0,2025-08-06,Completed,FL,79.0
101304.0,1305.0,2025-09-25,Completed,FL,65.0
101305.0,1306.0,2025-12-09,Completed,VA,36.0
101306.0,1307.0,2025-02-27,Completed,MA,79.0
101307.0,1308.0,2025-12-28,Completed,MA,26.5
101308.0,1309.0,2025-10-19,Completed,NY,6.5
101309.0,1310.0,2025-05-23,Completed,IL,65.0
101310.0,1311.0,2025-01-23,Completed,CO,65.0
101311.0,1312.0,2025-03-26,Completed,IL,66.0
101312.0,1313.0,2025-10-26,Completed,MA,6.5
101313.0,1314.0,2025-03-08,Completed,VA,79.0
101314.0,1315.0,2025-04-01,Completed,VA,24.99
101315.0,1316.0,2025-12-28,Completed,NY,24.99
101316.0,1317.0,2025-01-16,Completed,VA,24.99
101317.0,1318.0,2025-02-07,Completed,MA,22.0
101318.0,1319.0,2025-03-20,Completed,CO,6.5
101319.0,1320.0,2025-08-12,Completed,TX,299.97
101320.0,1321.0,2025-08-18,Completed,NY,65.0
101321.0,1322.0,2025-12-11,Completed,NC,26.5
101322.0,1323.0,2025-04-02,Completed,CO,99.99
101323.0,1324.0,2025-07-06,Completed,WA,99.99
101324.0,1325.0,2025-11-30,Completed,FL,79.0
101325.0,1326.0,2025-06-10,Completed,NC,99.99
101326.0,1327.0,2025-11-14,Completed,CO,158.0
101327.0,1328.0,2025-05-11,Completed,CA,99.99
101328.0,1329.0,2025-12-21,Completed,CA,18.0
101329.0,1330.0,2025-07-10,Completed,FL,79.0
101330.0,1331.0,2025-07-09,Completed,VA,25.0
101331.0,1332.0,2025-07-23,Completed,IL,22.0
101332.0,1333.0,2025-03-24,Completed,WA,99.99
101333.0,1334.0,2025-06-20,Completed,NC,79.0
101334.0,1335.0,2026-01-01,Completed,IL,79.0
101335.0,1336.0,2025-01-24,Completed,CA,79.0
101336.0,1337.0,2025-04-04,Completed,CO,79.0
101337.0,1338.0,2025-08-16,Completed,IL,6.5
101338.0,1339.0,2025-12-10,Completed,NY,49.98
101339.0,1340.0,2025-01-15,Completed,NY,6.5
101340.0,1341.0,2025-01-16,Completed,TX,79.0
101341.0,1342.0,2025-04-12,Completed,VA,130.0
101342.0,1343.0,2025-03-02,Completed,FL,26.5
101343.0,1344.0,2025-12-29,Completed,FL,79.0
101344.0,1345.0,2025-11-09,Completed,CO,22.0
101345.0,1346.0,2025-08-13,Completed,CA,24.99
101346.0,1347.0,2025-12-23,Completed,CO,18.0
101347.0,1348.0,2026-01-01,Completed,FL,54.0
101348.0,1349.0,2025-06-02,Completed,WA,12.5
101349.0,1350.0,2025-05-29,Completed,MA,99.99
101350.0,1351.0,2025-09-27,Completed,VA,130.0
101351.0,1352.0,2025-08-08,Completed,CA,65.0
101352.0,1353.0,2025-03-27,Completed,CA,26.5
101353.0,1354.0,2025-08-06,Completed,TX,6.5
101354.0,1355.0,2026-01-04,Completed,CA,48.0
101355.0,1356.0,2025-06-26,Completed,CO,22.0
101356.0,1357.0,2025-08-14,Completed,WA,26.5
101357.0,1358.0,2025-02-12,Completed,IL,158.0
101358.0,1359.0,2025-11-17,Completed,CO,99.99
101359.0,1360.0,2025-02-20,Completed,FL,65.0
101360.0,1361.0,2025-04-16,Completed,FL,49.98
101361.0,1362.0,2025-06-19,Completed,WA,12.5
101362.0,1363.0,2025-10-16,Completed,CO,25.0
101363.0,1364.0,2025-10-14,Completed,NY,79.0
101364.0,1365.0,2025-09-28,Completed,VA,48.0
101365.0,1366.0,2025-07-22,Completed,CO,18.0
101366.0,1367.0,2025-03-12,Completed,NY,12.5
101367.0,1368.0,2025-03-25,Completed,NC,12.5
101368.0,1369.0,2025-03-06,Completed,IL,12.5
101369.0,1370.0,2025-05-29,Completed,WA,65.0
101370.0,1371.0,2025-05-09,Completed,VA,24.99
101371.0,1372.0,2025-12-17,Completed,VA,158.0
101372.0,1373.0,2025-12-02,Completed,TX,99.99
101373.0,1374.0,2025-10-26,Completed,NC,22.0
101374.0,1375.0,2025-10-12,Completed,NC,48.0
101375.0,1376.0,2025-10-15,Completed,VA,26.5
101376.0,1377.0,2025-05-02,Completed,MA,26.5
101377.0,1378.0,2025-11-04,Completed,CA,6.5
101378.0,1379.0,2025-02-22,Completed,WA,48.0
101379.0,1380.0,2025-04-15,Completed,MA,99.99
101380.0,1381.0,2025-05-14,Completed,IL,48.0
101381.0,1382.0,2026-01-06,Completed,CA,44.0
101382.0,1383.0,2025-08-06,Completed,CA,99.99
101383.0,1384.0,2025-10-13,Completed,NC,18.0
101384.0,1385.0,2025-05-12,Completed,NY,22.0
101385.0,1386.0,2025-12-10,Completed,CO,12.5
101386.0,1387.0,2025-02-04,Completed,NC,13.0
101387.0,1388.0,2025-07-07,Completed,FL,48.0
101388.0,1389.0,2025-02-10,Completed,CO,79.0
101389.0,1390.0,2025-04-15,Completed,CA,99.99
101390.0,1391.0,2025-11-03,Completed,NC,99.99
101391.0,1392.0,2025-06-13,Completed,WA,18.0
101392.0,1393.0,2025-07-15,Completed,FL,99.99
101393.0,1394.0,2025-04-11,Completed,CA,12.5
101394.0,1395.0,2025-10-04,Completed,WA,24.99
101395.0,1396.0,2025-12-09,Completed,CA,13.0
101396.0,1397.0,2025-08-19,Completed,CA,26.5
101397.0,1398.0,2025-03-21,Completed,CA,24.99
101398.0,1399.0,2025-05-19,Completed,CA,26.5
101399.0,1400.0,2025-01-10,Completed,IL,65.0
101400.0,1401.0,2025-01-20,Completed,WA,6.5
101401.0,1402.0,2026-01-13,Completed,NC,6.5
101402.0,1403.0,2025-02-12,Completed,NY,79.5
101403.0,1404.0,2025-07-13,Completed,VA,26.5
101404.0,1405.0,2025-11-02,Completed,IL,22.0
101405.0,1406.0,2025-05-27,Completed,WA,99.99
101406.0,1407.0,2025-10-04,Completed,NC,12.5
101407.0,1408.0,2025-07-20,Completed,FL,96.0
101408.0,1409.0,2025-03-31,Completed,CA,158.0
101409.0,1410.0,2025-11-15,Completed,NC,13.0
101410.0,1411.0,2025-10-05,Completed,CO,19.5
101411.0,1412.0,2025-02-16,Completed,TX,6.5
101412.0,1413.0,2025-10-14,Completed,CO,22.0
101413.0,1414.0,2025-08-18,Completed,CO,199.98
101414.0,1415.0,2025-11-26,Completed,FL,79.0
101415.0,1416.0,2025-02-14,Completed,CO,24.99
101416.0,1417.0,2025-10-12,Completed,CA,25.0
101417.0,1418.0,2025-11-10,Completed,CO,65.0
101418.0,1419.0,2025-09-10,Completed,TX,96.0
101419.0,1420.0,2025-12-08,Completed,CO,24.99
101420.0,1421.0,2025-06-14,Completed,WA,18.0
101421.0,1422.0,2025-06-21,Completed,IL,65.0
101422.0,1423.0,2025-12-06,Completed,WA,18.0
101423.0,1424.0,2025-11-25,Completed,NC,26.5
101424.0,1425.0,2025-03-29,Completed,IL,48.0
101425.0,1426.0,2025-09-23,Completed,WA,99.99
101426.0,1427.0,2025-02-02,Completed,NY,49.98
101427.0,1428.0,2025-08-12,Completed,WA,65.0
101428.0,1429.0,2025-06-26,Completed,NY,24.99
101429.0,1430.0,2025-04-02,Completed,MA,158.0
101430.0,1431.0,2025-08-22,Completed,CO,99.99
101431.0,1432.0,2025-03-29,Completed,CA,6.5
101432.0,1433.0,2025-02-15,Completed,MA,13.0
101433.0,1434.0,2025-12-11,Completed,WA,65.0
101434.0,1435.0,2025-09-28,Completed,WA,24.99
101435.0,1436.0,2025-12-27,Completed,CA,25.0
101436.0,1437.0,2025-02-26,Completed,VA,24.99
101437.0,1438.0,2025-09-28,Completed,WA,96.0
101438.0,1439.0,2025-05-11,Completed,NY,13.0
101439.0,1440.0,2025-09-08,Completed,TX,22.0
101440.0,1441.0,2025-02-07,Completed,CO,36.0
101441.0,1442.0,2025-06-17,Completed,WA,79.0
101442.0,1443.0,2025-06-01,Completed,WA,18.0
101443.0,1444.0,2025-12-31,Completed,WA,37.5
101444.0,1445.0,2025-10-08,Completed,CO,6.5
101445.0,1446.0,2025-12-18,Completed,VA,49.98
101446.0,1447.0,2025-04-15,Completed,NY,48.0
101447.0,1448.0,2025-10-16,Completed,NC,12.5
101448.0,1449.0,2025-07-26,Completed,VA,26.5
101449.0,1450.0,2025-12-05,Completed,TX,65.0
101450.0,1451.0,2025-11-24,Completed,NC,79.0
101451.0,1452.0,2025-11-17,Completed,CA,18.0
101452.0,1453.0,2025-12-03,Completed,NY,79.0
101453.0,1454.0,2025-06-01,Completed,NC,65.0
101454.0,1455.0,2025-03-14,Completed,NC,36.0
101455.0,1456.0,2025-08-17,Completed,FL,12.5
101456.0,1457.0,2025-07-23,Completed,FL,66.0
101457.0,1458.0,2025-12-01,Completed,MA,79.0
101458.0,1459.0,2025-02-06,Completed,IL,79.0
101459.0,1460.0,2025-04-11,Completed,MA,65.0
101460.0,1461.0,2025-04-02,Completed,FL,158.0
101461.0,1462.0,2025-08-06,Completed,NY,24.99
101462.0,1463.0,2025-11-23,Completed,MA,12.5
101463.0,1464.0,2025-10-15,Completed,CO,99.99
101464.0,1465.0,2025-11-23,Completed,CA,6.5
101465.0,1466.0,2025-11-16,Completed,VA,18.0
101466.0,1467.0,2025-12-31,Completed,CA,22.0
101467.0,1468.0,2025-08-11,Completed,TX,44.0
101468.0,1469.0,2025-09-28,Completed,NY,99.99
101469.0,1470.0,2025-01-26,Completed,CO,12.5
101470.0,1471.0,2025-05-03,Completed,NC,44.0
101471.0,1472.0,2025-09-10,Completed,TX,48.0
101472.0,1473.0,2025-01-26,Completed,CA,65.0
101473.0,1474.0,2025-02-13,Completed,NY,18.0
101474.0,1475.0,2025-03-30,Completed,CO,24.99
101475.0,1476.0,2025-09-14,Completed,IL,158.0
101476.0,1477.0,2025-01-08,Completed,NC,199.98
101477.0,1478.0,2025-05-18,Completed,IL,99.99
101478.0,1479.0,2025-08-11,Completed,MA,158.0
101479.0,1480.0,2025-01-23,Completed,IL,130.0
101480.0,1481.0,2025-11-23,Completed,NC,19.5
101481.0,1482.0,2025-12-14,Completed,CA,130.0
101482.0,1483.0,2025-10-01,Completed,CO,24.99
101483.0,1484.0,2025-01-31,Completed,NC,6.5
101484.0,1485.0,2025-01-02,Completed,WA,130.0
101485.0,1486.0,2025-10-07,Completed,NC,22.0
101486.0,1487.0,2026-01-11,Completed,NY,36.0
101487.0,1488.0,2025-03-15,Completed,IL,24.99
101488.0,1489.0,2025-09-22,Completed,FL,199.98
101489.0,1490.0,2025-10-14,Completed,WA,99.99
101490.0,1491.0,2025-05-08,Completed,NY,26.5
101491.0,1492.0,2025-02-17,Completed,CA,53.0
101492.0,1493.0,2025-08-27,Completed,CA,24.99
101493.0,1494.0,2025-10-24,Completed,VA,6.5
101494.0,1495.0,2025-03-10,Completed,CO,65.0
101495.0,1496.0,2025-06-09,Completed,NY,79.5
101496.0,1497.0,2025-11-25,Completed,CA,65.0
101497.0,1498.0,2025-11-28,Completed,NY,18.0
101498.0,1499.0,2025-06-27,Completed,MA,66.0
101499.0,1500.0,2025-08-18,Completed,NY,195.0
101500.0,1501.0,2025-03-29,Completed,CO,130.0
101501.0,1502.0,2025-03-02,Completed,NC,48.0
101502.0,1503.0,2025-08-07,Completed,IL,6.5
101503.0,1504.0,2025-03-21,Completed,CO,158.0
101504.0,1505.0,2025-10-19,Completed,TX,99.99
101505.0,1506.0,2025-04-27,Completed,TX,48.0
101506.0,1507.0,2025-12-02,Completed,NC,22.0
101507.0,1508.0,2025-06-22,Completed,VA,26.5
101508.0,1509.0,2025-12-22,Completed,IL,22.0
101509.0,1510.0,2025-05-17,Completed,NC,12.5
101510.0,1511.0,2025-12-03,Completed,TX,79.0
101511.0,1512.0,2025-02-23,Completed,NY,130.0
101512.0,1513.0,2025-07-22,Completed,MA,49.98
101513.0,1514.0,2025-06-25,Completed,NC,22.0
101514.0,1515.0,2025-04-17,Completed,MA,24.99
101515.0,1516.0,2026-01-09,Completed,TX,22.0
101516.0,1517.0,2025-08-04,Completed,WA,79.0
101517.0,1518.0,2025-02-14,Completed,NY,49.98
101518.0,1519.0,2025-03-08,Completed,VA,24.99
101519.0,1520.0,2025-11-21,Completed,TX,18.0
101520.0,1521.0,2025-09-17,Completed,NC,24.99
101521.0,1522.0,2025-01-23,Completed,NC,12.5
101522.0,1523.0,2025-02-28,Completed,CO,49.98
101523.0,1524.0,2025-04-10,Completed,NY,53.0
101524.0,1525.0,2025-06-25,Completed,WA,96.0
101525.0,1526.0,2025-08-17,Completed,FL,44.0
101526.0,1527.0,2025-09-24,Completed,TX,6.5
101527.0,1528.0,2025-09-01,Completed,CA,99.99
101528.0,1529.0,2025-05-24,Completed,MA,24.99
101529.0,1530.0,2025-12-24,Completed,FL,79.0
101530.0,1531.0,2025-03-21,Completed,WA,6.5
101531.0,1532.0,2025-03-15,Completed,NY,13.0
101532.0,1533.0,2025-03-28,Completed,VA,49.98
101533.0,1534.0,2025-03-02,Completed,MA,79.0
101534.0,1535.0,2025-04-06,Completed,CA,65.0
101535.0,1536.0,2025-05-05,Completed,IL,65.0
101536.0,1537.0,2025-05-01,Completed,CA,44.0
101537.0,1538.0,2025-02-08,Completed,VA,199.98
101538.0,1539.0,2025-01-16,Completed,NC,22.0
101539.0,1540.0,2025-03-23,Completed,CO,18.0
101540.0,1541.0,2025-04-25,Completed,VA,26.5
101541.0,1542.0,2025-11-30,Completed,CO,48.0
101542.0,1543.0,2025-07-18,Completed,CA,22.0
101543.0,1544.0,2025-03-26,Completed,IL,79.0
101544.0,1545.0,2025-10-08,Completed,WA,13.0
101545.0,1546.0,2025-08-21,Completed,CO,79.5
101546.0,1547.0,2025-12-16,Completed,NC,18.0
101547.0,1548.0,2025-08-16,Completed,CO,65.0
101548.0,1549.0,2025-06-22,Completed,VA,18.0
101549.0,1550.0,2025-12-21,Completed,MA,22.0
101550.0,1551.0,2025-09-25,Completed,FL,130.0
101551.0,1552.0,2025-01-19,Completed,NC,18.0
101552.0,1553.0,2025-07-11,Completed,WA,18.0
101553.0,1554.0,2025-10-02,Completed,CA,22.0
101554.0,1555.0,2025-10-28,Completed,CA,65.0
101555.0,1556.0,2025-07-23,Completed,NY,199.98
101556.0,1557.0,2025-12-04,Completed,TX,74.97
101557.0,1558.0,2025-01-25,Completed,NY,26.5
101558.0,1559.0,2026-01-08,Completed,MA,49.98
101559.0,1560.0,2025-12-02,Completed,IL,199.98
101560.0,1561.0,2026-01-03,Completed,WA,13.0
101561.0,1562.0,2025-03-17,Completed,VA,49.98
101562.0,1563.0,2025-09-25,Completed,FL,6.5
101563.0,1564.0,2025-07-29,Completed,CA,12.5
101564.0,1565.0,2025-08-14,Completed,MA,96.0
101565.0,1566.0,2025-08-25,Completed,CO,79.0
101566.0,1567.0,2025-07-02,Completed,MA,22.0
101567.0,1568.0,2025-02-18,Completed,NY,6.5
101568.0,1569.0,2025-12-08,Completed,WA,130.0
101569.0,1570.0,2025-04-05,Completed,VA,6.5
101570.0,1571.0,2025-03-22,Completed,IL,6.5
101571.0,1572.0,2025-09-23,Completed,VA,22.0
101572.0,1573.0,2025-07-29,Completed,CA,65.0
101573.0,1574.0,2025-09-18,Completed,MA,24.99
101574.0,1575.0,2025-06-12,Completed,NY,65.0
101575.0,1576.0,2025-11-12,Completed,CO,99.99
101576.0,1577.0,2025-09-16,Completed,TX,18.0
101577.0,1578.0,2025-03-31,Completed,IL,18.0
101578.0,1579.0,2025-03-19,Completed,WA,79.0
101579.0,1580.0,2025-06-24,Completed,CO,199.98
101580.0,1581.0,2025-03-18,Completed,IL,79.0
101581.0,1582.0,2025-01-27,Completed,TX,199.98
101582.0,1583.0,2025-05-04,Completed,NY,48.0
101583.0,1584.0,2025-02-17,Completed,VA,79.0
101584.0,1585.0,2025-11-27,Completed,FL,65.0
101585.0,1586.0,2025-03-31,Completed,IL,48.0
101586.0,1587.0,2025-08-11,Completed,NY,195.0
101587.0,1588.0,2026-01-07,Completed,CO,25.0
101588.0,1589.0,2025-08-21,Completed,FL,99.99
101589.0,1590.0,2025-01-18,Completed,VA,99.99
101590.0,1591.0,2025-04-29,Completed,FL,19.5
101591.0,1592.0,2025-09-26,Completed,CA,79.0
101592.0,1593.0,2025-02-17,Completed,TX,22.0
101593.0,1594.0,2025-03-12,Completed,FL,48.0
101594.0,1595.0,2025-10-08,Completed,FL,65.0
101595.0,1596.0,2025-09-10,Completed,CA,22.0
101596.0,1597.0,2025-08-22,Completed,FL,96.0
101597.0,1598.0,2025-11-09,Completed,VA,79.0
101598.0,1599.0,2025-08-22,Completed,NY,22.0
101599.0,1600.0,2025-06-04,Completed,TX,48.0
101600.0,1601.0,2025-08-13,Completed,NY,6.5
101601.0,1602.0,2025-08-23,Completed,NC,12.5
101602.0,1603.0,2025-09-02,Completed,CO,96.0
101603.0,1604.0,2025-01-25,Completed,FL,18.0
101604.0,1605.0,2025-06-24,Completed,CA,24.99
101605.0,1606.0,2025-07-25,Completed,TX,6.5
101606.0,1607.0,2025-04-21,Completed,WA,96.0
101607.0,1608.0,2025-10-25,Completed,TX,6.5
101608.0,1609.0,2025-06-14,Completed,VA,12.5
101609.0,1610.0,2025-04-17,Completed,VA,79.0
101610.0,1611.0,2025-07-04,Completed,NY,99.99
101611.0,1612.0,2025-11-20,Completed,MA,6.5
101612.0,1613.0,2025-10-23,Completed,NY,48.0
101613.0,1614.0,2025-01-04,Completed,NC,6.5
101614.0,1615.0,2025-08-04,Completed,NY,48.0
101615.0,1616.0,2026-01-03,Completed,WA,24.99
101616.0,1617.0,2025-02-04,Completed,IL,79.0
101617.0,1618.0,2025-06-12,Completed,MA,26.5
101618.0,1619.0,2025-05-07,Completed,CO,74.97
101619.0,1620.0,2025-08-03,Completed,CA,65.0
101620.0,1621.0,2025-01-01,Completed,MA,24.99
101621.0,1622.0,2025-12-15,Completed,FL,18.0
101622.0,1623.0,2026-01-10,Completed,NY,48.0
101623.0,1624.0,2025-09-02,Completed,IL,65.0
101624.0,1625.0,2025-04-19,Completed,TX,65.0
101625.0,1626.0,2025-07-24,Completed,NC,199.98
101626.0,1627.0,2025-04-15,Completed,NC,6.5
101627.0,1628.0,2025-06-06,Completed,VA,37.5
101628.0,1629.0,2025-05-11,Completed,MA,99.99
101629.0,1630.0,2025-06-20,Completed,VA,53.0
101630.0,1631.0,2025-11-20,Completed,NC,22.0
101631.0,1632.0,2025-10-20,Completed,NC,48.0
101632.0,1633.0,2025-09-20,Completed,NC,49.98
101633.0,1634.0,2025-05-07,Completed,VA,22.0
101634.0,1635.0,2025-11-16,Completed,FL,26.5
101635.0,1636.0,2025-10-12,Completed,NY,6.5
101636.0,1637.0,2025-07-13,Completed,MA,12.5
101637.0,1638.0,2025-06-02,Completed,NC,12.5
101638.0,1639.0,2025-09-06,Completed,NY,79.0
101639.0,1640.0,2025-05-10,Completed,WA,6.5
101640.0,1641.0,2025-08-24,Completed,FL,99.99
101641.0,1642.0,2025-05-18,Completed,WA,22.0
101642.0,1643.0,2025-01-29,Completed,IL,6.5
101643.0,1644.0,2025-03-02,Completed,NY,130.0
101644.0,1645.0,2025-09-06,Completed,NY,13.0
101645.0,1646.0,2025-01-10,Completed,NY,237.0
101646.0,1647.0,2025-09-28,Completed,TX,48.0
101647.0,1648.0,2025-03-17,Completed,CA,99.99
101648.0,1649.0,2025-11-22,Completed,MA,65.0
101649.0,1650.0,2025-06-29,Completed,IL,36.0
101650.0,1651.0,2025-04-15,Completed,CA,12.5
101651.0,1652.0,2025-12-09,Completed,NY,12.5
101652.0,1653.0,2025-11-15,Completed,NC,79.0
101653.0,1654.0,2025-02-11,Completed,CO,6.5
101654.0,1655.0,2025-10-19,Completed,CA,6.5
101655.0,1656.0,2025-04-05,Completed,FL,99.99
101656.0,1657.0,2025-07-27,Completed,VA,18.0
101657.0,1658.0,2025-09-16,Completed,CA,18.0
101658.0,1659.0,2025-08-23,Completed,VA,79.5
101659.0,1660.0,2025-06-05,Completed,WA,237.0
101660.0,1661.0,2025-12-12,Completed,FL,22.0
101661.0,1662.0,2025-02-11,Completed,NY,24.99
101662.0,1663.0,2025-03-14,Completed,NY,48.0
101663.0,1664.0,2026-01-08,Completed,CO,22.0
101664.0,1665.0,2025-05-03,Completed,NY,53.0
101665.0,1666.0,2025-07-23,Completed,WA,12.5
101666.0,1667.0,2025-12-08,Completed,FL,22.0
101667.0,1668.0,2025-05-18,Completed,NC,26.5
101668.0,1669.0,2025-11-14,Completed,VA,24.99
101669.0,1670.0,2025-11-15,Completed,WA,6.5
101670.0,1671.0,2025-05-03,Completed,NY,65.0
101671.0,1672.0,2025-03-11,Completed,CA,22.0
101672.0,1673.0,2025-06-24,Completed,TX,79.0
101673.0,1674.0,2025-11-17,Completed,TX,18.0
101674.0,1675.0,2025-04-29,Completed,TX,6.5
101675.0,1676.0,2025-12-07,Completed,CO,65.0
101676.0,1677.0,2025-03-24,Completed,VA,22.0
101677.0,1678.0,2025-01-17,Completed,FL,26.5
101678.0,1679.0,2025-11-02,Completed,FL,22.0
101679.0,1680.0,2025-08-04,Completed,TX,65.0
101680.0,1681.0,2025-01-18,Completed,CA,22.0
101681.0,1682.0,2025-01-01,Completed,WA,6.5
101682.0,1683.0,2025-11-08,Completed,WA,44.0
101683.0,1684.0,2025-04-22,Completed,NC,48.0
101684.0,1685.0,2025-02-27,Completed,CA,99.99
101685.0,1686.0,2025-01-25,Completed,FL,79.5
101686.0,1687.0,2025-07-26,Completed,IL,65.0
101687.0,1688.0,2025-03-10,Completed,NY,18.0
101688.0,1689.0,2025-07-03,Completed,IL,65.0
101689.0,1690.0,2025-10-20,Completed,WA,22.0
101690.0,1691.0,2025-08-10,Completed,NC,12.5
101691.0,1692.0,2025-09-30,Completed,IL,65.0
101692.0,1693.0,2025-02-28,Completed,TX,53.0
101693.0,1694.0,2025-03-15,Completed,CO,79.0
101694.0,1695.0,2025-07-01,Completed,NC,26.5
101695.0,1696.0,2025-12-22,Completed,CO,26.5
101696.0,1697.0,2025-12-19,Completed,TX,12.5
101697.0,1698.0,2025-04-24,Completed,NC,96.0
101698.0,1699.0,2025-01-13,Completed,VA,66.0
101699.0,1700.0,2025-02-06,Completed,NY,26.5
101700.0,1701.0,2025-10-24,Completed,FL,79.0
101701.0,1702.0,2025-01-05,Completed,TX,24.99
101702.0,1703.0,2025-04-25,Completed,NC,48.0
101703.0,1704.0,2025-05-26,Completed,MA,48.0
101704.0,1705.0,2025-02-27,Completed,VA,18.0
101705.0,1706.0,2026-01-01,Completed,VA,22.0
101706.0,1707.0,2025-12-22,Completed,FL,65.0
101707.0,1708.0,2025-06-19,Completed,VA,12.5
101708.0,1709.0,2025-01-17,Completed,MA,12.5
101709.0,1710.0,2026-01-08,Completed,VA,49.98
101710.0,1711.0,2025-04-18,Completed,CO,44.0
101711.0,1712.0,2025-03-22,Completed,FL,99.99
101712.0,1713.0,2025-12-11,Completed,WA,13.0
101713.0,1714.0,2025-05-14,Completed,FL,22.0
101714.0,1715.0,2025-12-14,Completed,CA,24.99
101715.0,1716.0,2025-10-13,Completed,NY,6.5
101716.0,1717.0,2025-05-19,Completed,NY,65.0
101717.0,1718.0,2025-02-14,Completed,FL,65.0
101718.0,1719.0,2025-04-02,Completed,FL,6.5
101719.0,1720.0,2025-01-19,Completed,WA,48.0
101720.0,1721.0,2025-08-09,Completed,FL,130.0
101721.0,1722.0,2026-01-10,Completed,FL,26.5
101722.0,1723.0,2025-02-06,Completed,CA,22.0
101723.0,1724.0,2025-08-31,Completed,WA,48.0
101724.0,1725.0,2025-09-09,Completed,TX,65.0
101725.0,1726.0,2025-07-16,Completed,FL,18.0
101726.0,1727.0,2025-07-05,Completed,CA,18.0
101727.0,1728.0,2025-09-12,Completed,VA,99.99
101728.0,1729.0,2025-01-28,Completed,WA,48.0
101729.0,1730.0,2025-07-26,Completed,NC,22.0
101730.0,1731.0,2025-02-13,Completed,CA,24.99
101731.0,1732.0,2025-03-23,Completed,TX,158.0
101732.0,1733.0,2025-02-25,Completed,VA,6.5
101733.0,1734.0,2025-06-22,Completed,IL,65.0
101734.0,1735.0,2025-11-05,Completed,TX,79.0
101735.0,1736.0,2025-11-07,Completed,WA,24.99
101736.0,1737.0,2025-04-03,Completed,MA,26.5
101737.0,1738.0,2025-01-29,Completed,VA,99.99
101738.0,1739.0,2025-06-13,Completed,NC,22.0
101739.0,1740.0,2025-06-13,Completed,IL,36.0
101740.0,1741.0,2025-06-04,Completed,IL,74.97
101741.0,1742.0,2025-09-16,Completed,NC,48.0
101742.0,1743.0,2025-08-09,Completed,FL,99.99
101743.0,1744.0,2025-12-03,Completed,MA,44.0
101744.0,1745.0,2025-02-08,Completed,IL,22.0
101745.0,1746.0,2025-01-15,Completed,MA,22.0
101746.0,1747.0,2025-05-14,Completed,CO,79.0
101747.0,1748.0,2025-01-04,Completed,MA,22.0
101748.0,1749.0,2025-09-02,Completed,CO,48.0
101749.0,1750.0,2025-04-02,Completed,CA,54.0
101750.0,1751.0,2025-07-16,Completed,MA,199.98
101751.0,1752.0,2025-02-21,Completed,CA,79.0
101752.0,1753.0,2025-01-14,Completed,WA,26.5
101753.0,1754.0,2025-04-03,Completed,IL,6.5
101754.0,1755.0,2025-04-30,Completed,NC,18.0
101755.0,1756.0,2025-07-16,Completed,CO,22.0
101756.0,1757.0,2025-09-12,Completed,FL,12.5
101757.0,1758.0,2025-09-02,Completed,NC,12.5
101758.0,1759.0,2025-03-24,Completed,CA,96.0
101759.0,1760.0,2025-11-07,Completed,TX,158.0
101760.0,1761.0,2025-09-16,Completed,IL,99.99
101761.0,1762.0,2025-01-09,Completed,NC,24.99
101762.0,1763.0,2025-10-06,Completed,FL,53.0
101763.0,1764.0,2026-01-14,Completed,CO,6.5
101764.0,1765.0,2025-03-28,Completed,TX,22.0
101765.0,1766.0,2025-03-13,Completed,IL,299.97
101766.0,1767.0,2025-03-01,Completed,NY,19.5
101767.0,1768.0,2025-03-30,Completed,NC,26.5
101768.0,1769.0,2025-06-15,Completed,NC,96.0
101769.0,1770.0,2025-04-21,Completed,IL,53.0
101770.0,1771.0,2025-01-13,Completed,IL,6.5
101771.0,1772.0,2025-07-18,Completed,TX,24.99
101772.0,1773.0,2025-04-18,Completed,WA,12.5
101773.0,1774.0,2025-05-24,Completed,FL,53.0
101774.0,1775.0,2025-07-06,Completed,NC,22.0
101775.0,1776.0,2025-09-28,Completed,NC,79.0
101776.0,1777.0,2025-01-04,Completed,NC,79.0
101777.0,1778.0,2025-12-03,Completed,CA,48.0
101778.0,1779.0,2025-11-02,Completed,IL,48.0
101779.0,1780.0,2025-10-17,Completed,NY,24.99
101780.0,1781.0,2025-06-05,Completed,MA,26.5
101781.0,1782.0,2025-07-19,Completed,CO,18.0
101782.0,1783.0,2025-03-27,Completed,IL,99.99
101783.0,1784.0,2025-04-01,Completed,NY,99.99
101784.0,1785.0,2025-03-01,Completed,NC,12.5
101785.0,1786.0,2025-02-02,Completed,VA,44.0
101786.0,1787.0,2025-10-14,Completed,TX,49.98
101787.0,1788.0,2025-09-01,Completed,VA,65.0
101788.0,1789.0,2025-09-13,Completed,MA,65.0
101789.0,1790.0,2025-10-11,Completed,IL,12.5
101790.0,1791.0,2025-10-18,Completed,TX,79.0
101791.0,1792.0,2025-11-16,Completed,TX,6.5
101792.0,1793.0,2025-06-24,Completed,FL,48.0
101793.0,1794.0,2025-11-30,Completed,VA,199.98
101794.0,1795.0,2025-10-31,Completed,CO,79.0
101795.0,1796.0,2025-08-23,Completed,IL,99.99
101796.0,1797.0,2025-02-16,Completed,FL,44.0
101797.0,1798.0,2025-01-06,Completed,VA,22.0
101798.0,1799.0,2025-12-28,Completed,TX,18.0
101799.0,1800.0,2025-10-06,Completed,TX,22.0
101800.0,1801.0,2025-07-05,Completed,NC,66.0
101801.0,1802.0,2025-09-13,Completed,WA,18.0
101802.0,1803.0,2025-07-29,Completed,VA,24.99
101803.0,1804.0,2025-12-30,Completed,VA,237.0
101804.0,1805.0,2025-01-14,Completed,MA,22.0
101805.0,1806.0,2025-03-12,Completed,WA,24.99
101806.0,1807.0,2025-06-09,Completed,FL,48.0
101807.0,1808.0,2025-08-04,Completed,FL,65.0
101808.0,1809.0,2025-11-05,Completed,NY,48.0
101809.0,1810.0,2025-04-13,Completed,IL,79.0
101810.0,1811.0,2025-06-18,Completed,CO,18.0
101811.0,1812.0,2025-04-10,Completed,CO,12.5
101812.0,1813.0,2025-05-29,Completed,MA,53.0
101813.0,1814.0,2025-09-22,Completed,MA,65.0
101814.0,1815.0,2025-08-08,Completed,NC,6.5
101815.0,1816.0,2025-02-15,Completed,IL,199.98
101816.0,1817.0,2025-01-03,Completed,NY,79.0
101817.0,1818.0,2025-11-27,Completed,NC,26.5
101818.0,1819.0,2025-04-05,Completed,CA,49.98
101819.0,1820.0,2025-12-01,Completed,CO,26.5
101820.0,1821.0,2025-09-17,Completed,VA,65.0
101821.0,1822.0,2025-08-19,Completed,CA,18.0
101822.0,1823.0,2025-01-21,Completed,WA,79.0
101823.0,1824.0,2026-01-06,Completed,NY,65.0
101824.0,1825.0,2025-11-07,Completed,VA,65.0
101825.0,1826.0,2025-04-05,Completed,CA,24.99
101826.0,1827.0,2025-05-27,Completed,CO,6.5
101827.0,1828.0,2025-09-07,Completed,WA,79.0
101828.0,1829.0,2025-08-14,Completed,WA,99.99
101829.0,1830.0,2025-09-21,Completed,WA,65.0
101830.0,1831.0,2025-01-22,Completed,FL,79.0
101831.0,1832.0,2025-12-17,Completed,MA,26.5
101832.0,1833.0,2025-12-20,Completed,NY,158.0
101833.0,1834.0,2025-03-27,Completed,FL,22.0
101834.0,1835.0,2025-01-15,Completed,CO,6.5
101835.0,1836.0,2025-04-23,Completed,FL,22.0
101836.0,1837.0,2025-12-09,Completed,FL,24.99
101837.0,1838.0,2025-01-20,Completed,FL,24.99
101838.0,1839.0,2025-05-15,Completed,CO,65.0
101839.0,1840.0,2025-07-27,Completed,TX,26.5
101840.0,1841.0,2025-11-02,Completed,TX,22.0
101841.0,1842.0,2025-05-12,Completed,IL,79.0
101842.0,1843.0,2025-04-19,Completed,IL,24.99
101843.0,1844.0,2025-03-20,Completed,CA,24.99
101844.0,1845.0,2025-01-20,Completed,FL,6.5
101845.0,1846.0,2025-05-25,Completed,FL,6.5
101846.0,1847.0,2025-12-19,Completed,TX,48.0
101847.0,1848.0,2025-03-28,Completed,CO,18.0
101848.0,1849.0,2025-09-05,Completed,MA,99.99
101849.0,1850.0,2025-01-26,Completed,WA,26.5
101850.0,1851.0,2025-09-03,Completed,CA,24.99
101851.0,1852.0,2025-09-21,Completed,CO,66.0
101852.0,1853.0,2025-11-06,Completed,NC,26.5
101853.0,1854.0,2025-09-21,Completed,FL,26.5
101854.0,1855.0,2025-06-17,Completed,FL,79.0
101855.0,1856.0,2025-03-03,Completed,VA,79.0
101856.0,1857.0,2025-03-21,Completed,CO,65.0
101857.0,1858.0,2025-10-17,Completed,FL,49.98
101858.0,1859.0,2025-11-16,Completed,MA,65.0
101859.0,1860.0,2025-09-12,Completed,NY,24.99
101860.0,1861.0,2025-10-30,Completed,FL,26.5
101861.0,1862.0,2025-12-18,Completed,NY,48.0
101862.0,1863.0,2025-11-06,Completed,CO,26.5
101863.0,1864.0,2025-07-07,Completed,WA,6.5
101864.0,1865.0,2025-04-30,Completed,NC,199.98
101865.0,1866.0,2025-11-22,Completed,FL,25.0
101866.0,1867.0,2025-05-01,Completed,TX,79.0
101867.0,1868.0,2025-11-17,Completed,VA,65.0
101868.0,1869.0,2025-10-30,Completed,MA,12.5
101869.0,1870.0,2025-06-09,Completed,NC,49.98
101870.0,1871.0,2025-02-24,Completed,MA,18.0
101871.0,1872.0,2025-11-04,Completed,NC,53.0
101872.0,1873.0,2025-08-30,Completed,NC,25.0
101873.0,1874.0,2026-01-05,Completed,CO,22.0
101874.0,1875.0,2025-05-05,Completed,NY,12.5
101875.0,1876.0,2025-10-03,Completed,NC,24.99
101876.0,1877.0,2025-09-18,Completed,CO,6.5
101877.0,1878.0,2025-10-02,Completed,NC,65.0
101878.0,1879.0,2025-11-24,Completed,IL,24.99
101879.0,1880.0,2025-01-28,Completed,NC,24.99
101880.0,1881.0,2025-11-03,Completed,CO,65.0
101881.0,1882.0,2025-12-27,Completed,CO,99.99
101882.0,1883.0,2025-04-30,Completed,CA,48.0
101883.0,1884.0,2025-09-17,Completed,CO,18.0
101884.0,1885.0,2025-06-04,Completed,TX,65.0
101885.0,1886.0,2025-03-15,Completed,TX,79.0
101886.0,1887.0,2025-04-20,Completed,TX,12.5
101887.0,1888.0,2025-11-21,Completed,TX,53.0
101888.0,1889.0,2025-10-15,Completed,VA,99.99
101889.0,1890.0,2025-04-19,Completed,VA,26.5
101890.0,1891.0,2025-05-27,Completed,CO,99.99
101891.0,1892.0,2025-06-05,Completed,VA,79.0
101892.0,1893.0,2025-10-03,Completed,FL,22.0
101893.0,1894.0,2025-02-16,Completed,IL,99.99
101894.0,1895.0,2025-11-12,Completed,TX,79.0
101895.0,1896.0,2025-02-07,Completed,WA,144.0
101896.0,1897.0,2025-08-09,Completed,CA,48.0
101897.0,1898.0,2025-07-30,Completed,NY,66.0
101898.0,1899.0,2025-03-13,Completed,IL,44.0
101899.0,1900.0,2025-04-15,Completed,WA,18.0
101900.0,1901.0,2025-12-02,Completed,CO,36.0
101901.0,1902.0,2025-08-21,Completed,VA,18.0
101902.0,1903.0,2025-04-24,Completed,FL,12.5
101903.0,1904.0,2025-03-10,Completed,WA,199.98
101904.0,1905.0,2025-02-05,Completed,VA,24.99
101905.0,1906.0,2025-04-11,Completed,MA,26.5
101906.0,1907.0,2025-03-09,Completed,CO,22.0
101907.0,1908.0,2025-06-29,Completed,CA,65.0
101908.0,1909.0,2025-01-27,Completed,NY,18.0
101909.0,1910.0,2025-03-23,Completed,FL,48.0
101910.0,1911.0,2025-09-20,Completed,CA,12.5
101911.0,1912.0,2025-12-13,Completed,IL,6.5
101912.0,1913.0,2025-03-11,Completed,CO,18.0
101913.0,1914.0,2025-05-11,Completed,CA,26.5
101914.0,1915.0,2025-06-30,Completed,NC,199.98
101915.0,1916.0,2025-02-24,Completed,CO,24.99
101916.0,1917.0,2025-07-06,Completed,MA,199.98
101917.0,1918.0,2025-01-25,Completed,TX,99.99
101918.0,1919.0,2026-01-02,Completed,MA,25.0
101919.0,1920.0,2025-02-11,Completed,NC,130.0
101920.0,1921.0,2025-04-20,Completed,TX,12.5
101921.0,1922.0,2025-05-17,Completed,MA,79.0
101922.0,1923.0,2025-03-08,Completed,IL,26.5
101923.0,1924.0,2025-03-28,Completed,CO,6.5
101924.0,1925.0,2026-01-04,Completed,NC,18.0
101925.0,1926.0,2025-04-01,Completed,NC,48.0
101926.0,1927.0,2025-12-16,Completed,FL,24.99
101927.0,1928.0,2025-12-11,Completed,NC,99.99
101928.0,1929.0,2025-01-29,Completed,FL,96.0
101929.0,1930.0,2025-11-23,Completed,CA,22.0
101930.0,1931.0,2025-01-25,Completed,NC,66.0
101931.0,1932.0,2025-07-29,Completed,FL,79.0
101932.0,1933.0,2025-12-08,Completed,FL,22.0
101933.0,1934.0,2025-04-22,Completed,MA,99.99
101934.0,1935.0,2025-12-06,Completed,WA,6.5
101935.0,1936.0,2025-10-19,Completed,VA,65.0
101936.0,1937.0,2025-09-10,Completed,CA,26.5
101937.0,1938.0,2025-01-31,Completed,CA,12.5
101938.0,1939.0,2025-11-20,Completed,TX,53.0
101939.0,1940.0,2025-11-21,Completed,CA,79.0
101940.0,1941.0,2025-08-18,Completed,CO,66.0
101941.0,1942.0,2025-10-28,Completed,NC,26.5
101942.0,1943.0,2025-10-31,Completed,MA,48.0
101943.0,1944.0,2025-01-16,Completed,VA,22.0
101944.0,1945.0,2025-03-10,Completed,CA,199.98
101945.0,1946.0,2025-12-24,Completed,VA,12.5
101946.0,1947.0,2025-03-23,Completed,IL,99.99
101947.0,1948.0,2025-01-07,Completed,NY,12.5
101948.0,1949.0,2025-07-28,Completed,CA,18.0
101949.0,1950.0,2025-04-26,Completed,FL,26.5
101950.0,1951.0,2025-08-06,Completed,MA,37.5
101951.0,1952.0,2025-09-11,Completed,CA,18.0
101952.0,1953.0,2025-03-16,Completed,TX,6.5
101953.0,1954.0,2025-06-13,Completed,NY,79.0
101954.0,1955.0,2025-07-10,Completed,NC,22.0
101955.0,1956.0,2025-10-23,Completed,NY,48.0
101956.0,1957.0,2025-03-07,Completed,NC,44.0
101957.0,1958.0,2025-12-07,Completed,IL,53.0
101958.0,1959.0,2025-04-01,Completed,VA,26.5
101959.0,1960.0,2025-09-28,Completed,CA,25.0
101960.0,1961.0,2025-09-29,Completed,CA,99.99
101961.0,1962.0,2025-01-10,Completed,FL,48.0
101962.0,1963.0,2025-10-24,Completed,VA,22.0
101963.0,1964.0,2025-03-09,Completed,NY,199.98
101964.0,1965.0,2025-09-19,Completed,NC,12.5
101965.0,1966.0,2026-01-11,Completed,FL,6.5
101966.0,1967.0,2025-03-02,Completed,TX,13.0
101967.0,1968.0,2025-06-16,Completed,IL,53.0
101968.0,1969.0,2025-04-17,Completed,FL,49.98
101969.0,1970.0,2025-05-01,Completed,TX,65.0
101970.0,1971.0,2025-05-01,Completed,FL,22.0
101971.0,1972.0,2026-01-14,Completed,IL,18.0
101972.0,1973.0,2025-03-07,Completed,FL,79.0
101973.0,1974.0,2025-06-27,Completed,NC,48.0
101974.0,1975.0,2025-06-21,Completed,VA,79.0
101975.0,1976.0,2026-01-04,Completed,CA,79.0
101976.0,1977.0,2025-06-25,Completed,NC,26.5
101977.0,1978.0,2025-10-22,Completed,CO,53.0
101978.0,1979.0,2025-02-05,Completed,NC,48.0
101979.0,1980.0,2025-04-01,Completed,TX,24.99
101980.0,1981.0,2025-03-24,Completed,NY,26.5
101981.0,1982.0,2025-10-10,Completed,CA,79.0
101982.0,1983.0,2025-10-03,Completed,TX,48.0
101983.0,1984.0,2025-03-31,Completed,NY,195.0
101984.0,1985.0,2025-01-03,Completed,CA,48.0
101985.0,1986.0,2026-01-08,Completed,FL,18.0
101986.0,1987.0,2025-02-15,Completed,NY,49.98
101987.0,1988.0,2025-05-17,Completed,NY,24.99
101988.0,1989.0,2025-01-06,Completed,CO,22.0
101989.0,1990.0,2025-10-27,Completed,IL,26.5
101990.0,1991.0,2025-09-09,Completed,WA,65.0
101991.0,1992.0,2025-03-16,Completed,IL,96.0
101992.0,1993.0,2025-10-02,Completed,CO,12.5
101993.0,1994.0,2025-05-06,Completed,CO,65.0
101994.0,1995.0,2025-12-02,Completed,CO,26.5
101995.0,1996.0,2025-06-14,Completed,TX,12.5
101996.0,1997.0,2025-12-24,Completed,CO,48.0
101997.0,1998.0,2025-07-20,Completed,NY,79.0
101998.0,1999.0,2025-09-24,Completed,WA,65.0
101999.0,2000.0,2025-12-21,Completed,CO,130.0
102000.0,2001.0,2025-04-30,Completed,MA,48.0
102001.0,2002.0,2025-09-02,Completed,NC,18.0
102002.0,2003.0,2025-04-19,Completed,WA,6.5
102003.0,2004.0,2025-01-27,Completed,CO,65.0
102004.0,2005.0,2025-10-28,Completed,WA,12.5
102005.0,2006.0,2025-11-12,Completed,TX,49.98
102006.0,2007.0,2025-11-30,Completed,CO,6.5
102007.0,2008.0,2025-10-08,Completed,WA,26.5
102008.0,2009.0,2025-02-12,Completed,VA,6.5
102009.0,2010.0,2025-01-27,Completed,CO,53.0
102010.0,2011.0,2025-09-17,Completed,NC,26.5
102011.0,2012.0,2025-09-03,Completed,NC,144.0
102012.0,2013.0,2025-01-16,Completed,MA,24.99
102013.0,2014.0,2025-07-12,Completed,CA,66.0
102014.0,2015.0,2025-03-27,Completed,NC,96.0
102015.0,2016.0,2025-03-04,Completed,MA,49.98
102016.0,2017.0,2025-07-04,Completed,NC,12.5
102017.0,2018.0,2025-05-20,Completed,IL,158.0
102018.0,2019.0,2025-05-07,Completed,CA,79.0
102019.0,2020.0,2025-09-19,Completed,IL,54.0
102020.0,2021.0,2025-02-06,Completed,NC,65.0
102021.0,2022.0,2025-11-09,Completed,MA,48.0
102022.0,2023.0,2025-08-08,Completed,CA,53.0
102023.0,2024.0,2025-02-03,Completed,VA,99.99
102024.0,2025.0,2025-05-21,Completed,MA,26.5
102025.0,2026.0,2025-03-02,Completed,WA,130.0
102026.0,2027.0,2025-03-18,Completed,CO,26.5
102027.0,2028.0,2025-06-13,Completed,IL,6.5
102028.0,2029.0,2025-07-04,Completed,WA,299.97
102029.0,2030.0,2025-11-14,Completed,FL,18.0
102030.0,2031.0,2025-06-07,Completed,CA,6.5
102031.0,2032.0,2025-01-15,Completed,CA,12.5
102032.0,2033.0,2025-12-19,Completed,NY,6.5
102033.0,2034.0,2025-01-01,Completed,CA,13.0
102034.0,2035.0,2025-12-25,Completed,NC,12.5
102035.0,2036.0,2025-02-14,Completed,VA,158.0
102036.0,2037.0,2025-04-26,Completed,WA,65.0
102037.0,2038.0,2025-10-11,Completed,NC,12.5
102038.0,2039.0,2025-02-16,Completed,WA,26.5
102039.0,2040.0,2026-01-13,Completed,WA,53.0
102040.0,2041.0,2025-12-04,Completed,VA,49.98
102041.0,2042.0,2025-04-27,Completed,IL,12.5
102042.0,2043.0,2025-03-16,Completed,MA,79.5
102043.0,2044.0,2025-06-14,Completed,IL,79.0
102044.0,2045.0,2025-10-14,Completed,MA,79.0
102045.0,2046.0,2025-07-01,Completed,TX,237.0
102046.0,2047.0,2025-06-24,Completed,NC,79.0
102047.0,2048.0,2025-01-29,Completed,VA,99.99
102048.0,2049.0,2025-11-09,Completed,WA,22.0
102049.0,2050.0,2025-02-06,Completed,CA,96.0
102050.0,2051.0,2025-02-13,Completed,WA,36.0
102051.0,2052.0,2025-10-29,Completed,FL,12.5
102052.0,2053.0,2025-02-07,Completed,NC,22.0
102053.0,2054.0,2025-05-16,Completed,NY,158.0
102054.0,2055.0,2025-12-27,Completed,CO,79.0
102055.0,2056.0,2025-08-29,Completed,TX,25.0
102056.0,2057.0,2025-03-10,Completed,FL,49.98
102057.0,2058.0,2025-03-22,Completed,VA,24.99
102058.0,2059.0,2025-07-06,Completed,TX,65.0
102059.0,2060.0,2025-05-01,Completed,WA,18.0
102060.0,2061.0,2025-06-13,Completed,FL,12.5
102061.0,2062.0,2025-12-11,Completed,VA,12.5
102062.0,2063.0,2025-09-29,Completed,TX,199.98
102063.0,2064.0,2025-05-27,Completed,WA,22.0
102064.0,2065.0,2025-08-31,Completed,MA,79.0
102065.0,2066.0,2025-08-13,Completed,VA,12.5
102066.0,2067.0,2025-04-05,Completed,NY,99.99
102067.0,2068.0,2026-01-06,Completed,CO,24.99
102068.0,2069.0,2025-06-29,Completed,CA,24.99
102069.0,2070.0,2025-07-29,Completed,MA,18.0
102070.0,2071.0,2025-07-09,Completed,MA,99.99
102071.0,2072.0,2025-06-12,Completed,TX,48.0
102072.0,2073.0,2025-12-09,Completed,NY,6.5
102073.0,2074.0,2025-10-04,Completed,MA,65.0
102074.0,2075.0,2025-12-29,Completed,CO,130.0
102075.0,2076.0,2025-03-12,Completed,WA,12.5
102076.0,2077.0,2025-09-17,Completed,VA,6.5
102077.0,2078.0,2025-12-10,Completed,MA,79.0
102078.0,2079.0,2025-06-21,Completed,VA,36.0
102079.0,2080.0,2025-07-15,Completed,FL,44.0
102080.0,2081.0,2025-02-21,Completed,FL,130.0
102081.0,2082.0,2025-07-20,Completed,NY,6.5
102082.0,2083.0,2025-03-24,Completed,WA,199.98
102083.0,2084.0,2025-11-18,Completed,TX,65.0
102084.0,2085.0,2025-07-17,Completed,NC,48.0
102085.0,2086.0,2025-04-14,Completed,MA,99.99
102086.0,2087.0,2025-09-30,Completed,TX,158.0
102087.0,2088.0,2025-02-05,Completed,CA,6.5
102088.0,2089.0,2025-08-30,Completed,WA,65.0
102089.0,2090.0,2025-03-26,Completed,TX,48.0
102090.0,2091.0,2025-02-20,Completed,VA,26.5
102091.0,2092.0,2025-12-02,Completed,WA,79.0
102092.0,2093.0,2025-02-18,Completed,MA,99.99
102093.0,2094.0,2025-10-21,Completed,MA,22.0
102094.0,2095.0,2025-05-11,Completed,FL,66.0
102095.0,2096.0,2025-10-12,Completed,CA,12.5
102096.0,2097.0,2025-08-01,Completed,TX,22.0
102097.0,2098.0,2025-10-28,Completed,CO,48.0
102098.0,2099.0,2025-04-16,Completed,CO,18.0
102099.0,2100.0,2025-06-04,Completed,CA,6.5
102100.0,2101.0,2025-09-02,Completed,MA,53.0
102101.0,2102.0,2025-10-05,Completed,MA,79.0
102102.0,2103.0,2025-02-14,Completed,IL,49.98
102103.0,2104.0,2025-09-07,Completed,CO,53.0
102104.0,2105.0,2025-01-28,Completed,IL,26.5
102105.0,2106.0,2025-12-14,Completed,NC,79.5
102106.0,2107.0,2025-08-05,Completed,FL,65.0
102107.0,2108.0,2025-09-24,Completed,FL,199.98
102108.0,2109.0,2025-04-09,Completed,FL,158.0
102109.0,2110.0,2025-09-20,Completed,NC,65.0
102110.0,2111.0,2025-11-13,Completed,NC,13.0
102111.0,2112.0,2025-03-23,Completed,IL,13.0
102112.0,2113.0,2025-12-29,Completed,CA,65.0
102113.0,2114.0,2025-11-29,Completed,CA,199.98
102114.0,2115.0,2025-05-02,Completed,CO,79.0
102115.0,2116.0,2025-09-01,Completed,VA,22.0
102116.0,2117.0,2025-12-05,Completed,WA,6.5
102117.0,2118.0,2025-06-07,Completed,CO,99.99
102118.0,2119.0,2025-11-16,Completed,NC,24.99
102119.0,2120.0,2025-09-27,Completed,WA,12.5
102120.0,2121.0,2025-06-17,Completed,FL,6.5
102121.0,2122.0,2025-10-09,Completed,VA,65.0
102122.0,2123.0,2025-08-19,Completed,FL,96.0
102123.0,2124.0,2025-01-28,Completed,CA,18.0
102124.0,2125.0,2025-06-18,Completed,NY,48.0
102125.0,2126.0,2025-06-03,Completed,NC,96.0
102126.0,2127.0,2025-08-02,Completed,IL,6.5
102127.0,2128.0,2025-07-07,Completed,NY,158.0
102128.0,2129.0,2025-03-13,Completed,CO,36.0
102129.0,2130.0,2025-06-01,Completed,CO,65.0
102130.0,2131.0,2025-08-29,Completed,FL,12.5
102131.0,2132.0,2025-02-09,Completed,CA,13.0
102132.0,2133.0,2025-11-20,Completed,NC,65.0
102133.0,2134.0,2025-07-26,Completed,FL,18.0
102134.0,2135.0,2025-08-16,Completed,FL,26.5
102135.0,2136.0,2025-07-06,Completed,WA,79.0
102136.0,2137.0,2025-06-22,Completed,FL,6.5
102137.0,2138.0,2026-01-11,Completed,WA,65.0
102138.0,2139.0,2025-07-08,Completed,NY,53.0
102139.0,2140.0,2025-12-16,Completed,CO,79.0
102140.0,2141.0,2025-01-25,Completed,MA,99.99
102141.0,2142.0,2025-09-23,Completed,FL,26.5
102142.0,2143.0,2025-05-17,Completed,MA,22.0
102143.0,2144.0,2025-02-23,Completed,CA,48.0
102144.0,2145.0,2025-11-23,Completed,VA,48.0
102145.0,2146.0,2025-12-05,Completed,FL,48.0
102146.0,2147.0,2025-10-02,Completed,MA,18.0
102147.0,2148.0,2025-06-20,Completed,NC,22.0
102148.0,2149.0,2025-06-19,Completed,TX,26.5
102149.0,2150.0,2026-01-04,Completed,NC,18.0
102150.0,2151.0,2025-04-08,Completed,CA,99.99
102151.0,2152.0,2025-08-31,Completed,CO,99.99
102152.0,2153.0,2025-08-21,Completed,MA,79.0
102153.0,2154.0,2025-06-26,Completed,IL,13.0
102154.0,2155.0,2025-01-09,Completed,VA,99.99
102155.0,2156.0,2025-05-14,Completed,NY,99.99
102156.0,2157.0,2025-07-09,Completed,FL,44.0
102157.0,2158.0,2025-05-23,Completed,IL,12.5
102158.0,2159.0,2025-05-26,Completed,WA,6.5
102159.0,2160.0,2025-11-10,Completed,CO,48.0
102160.0,2161.0,2025-12-05,Completed,MA,79.0
102161.0,2162.0,2025-12-22,Completed,NY,79.0
102162.0,2163.0,2025-08-15,Completed,CO,53.0
102163.0,2164.0,2025-07-10,Completed,FL,99.99
102164.0,2165.0,2025-05-16,Completed,VA,36.0
102165.0,2166.0,2025-02-15,Completed,MA,199.98
102166.0,2167.0,2025-02-21,Completed,FL,22.0
102167.0,2168.0,2026-01-15,Completed,IL,79.0
102168.0,2169.0,2025-07-05,Completed,FL,6.5
102169.0,2170.0,2025-10-13,Completed,VA,18.0
102170.0,2171.0,2025-07-12,Completed,FL,12.5
102171.0,2172.0,2025-09-27,Completed,CO,79.0
102172.0,2173.0,2025-02-06,Completed,WA,18.0
102173.0,2174.0,2025-01-18,Completed,NC,6.5
102174.0,2175.0,2025-07-27,Completed,FL,54.0
102175.0,2176.0,2026-01-09,Completed,IL,12.5
102176.0,2177.0,2025-07-16,Completed,CO,12.5
102177.0,2178.0,2025-06-04,Completed,NY,13.0
102178.0,2179.0,2025-01-01,Completed,FL,65.0
102179.0,2180.0,2025-10-05,Completed,IL,6.5
102180.0,2181.0,2025-06-16,Completed,IL,53.0
102181.0,2182.0,2025-06-29,Completed,NC,18.0
102182.0,2183.0,2025-12-12,Completed,NY,26.5
102183.0,2184.0,2025-01-27,Completed,FL,6.5
102184.0,2185.0,2025-03-27,Completed,VA,79.0
102185.0,2186.0,2025-03-25,Completed,TX,79.0
102186.0,2187.0,2025-03-25,Completed,CO,237.0
102187.0,2188.0,2025-12-25,Completed,FL,65.0
102188.0,2189.0,2025-09-21,Completed,FL,49.98
102189.0,2190.0,2025-12-28,Completed,MA,37.5
102190.0,2191.0,2025-09-02,Completed,CO,195.0
102191.0,2192.0,2025-02-05,Completed,IL,12.5
102192.0,2193.0,2026-01-01,Completed,NY,12.5
102193.0,2194.0,2025-12-13,Completed,NC,13.0
102194.0,2195.0,2025-03-19,Completed,NY,6.5
102195.0,2196.0,2025-09-07,Completed,NC,24.99
102196.0,2197.0,2025-10-17,Completed,MA,65.0
102197.0,2198.0,2025-12-20,Completed,TX,79.0
102198.0,2199.0,2025-05-19,Completed,WA,18.0
102199.0,2200.0,2025-12-18,Completed,FL,65.0
102200.0,2201.0,2025-12-25,Completed,NC,6.5
102201.0,2202.0,2025-09-01,Completed,TX,49.98
102202.0,2203.0,2025-03-26,Completed,CO,24.99
102203.0,2204.0,2025-07-11,Completed,CA,49.98
102204.0,2205.0,2026-01-12,Completed,CO,99.99
102205.0,2206.0,2026-01-09,Completed,FL,22.0
102206.0,2207.0,2025-05-23,Completed,NY,36.0
102207.0,2208.0,2025-05-11,Completed,NC,6.5
102208.0,2209.0,2025-06-23,Completed,FL,6.5
102209.0,2210.0,2025-11-15,Completed,CA,6.5
102210.0,2211.0,2025-04-16,Completed,IL,24.99
102211.0,2212.0,2025-03-11,Completed,TX,26.5
102212.0,2213.0,2025-12-02,Completed,NC,99.99
102213.0,2214.0,2025-10-18,Completed,TX,96.0
102214.0,2215.0,2025-08-25,Completed,NY,22.0
102215.0,2216.0,2025-01-18,Completed,NC,144.0
102216.0,2217.0,2025-06-18,Completed,IL,6.5
102217.0,2218.0,2025-01-03,Completed,CO,22.0
102218.0,2219.0,2025-09-20,Completed,NY,99.99
102219.0,2220.0,2025-05-09,Completed,FL,26.5
102220.0,2221.0,2025-03-21,Completed,NY,79.0
102221.0,2222.0,2025-10-24,Completed,IL,22.0
102222.0,2223.0,2025-02-05,Completed,CA,48.0
102223.0,2224.0,2025-01-17,Completed,TX,26.5
102224.0,2225.0,2025-03-19,Completed,CA,65.0
102225.0,2226.0,2025-11-28,Completed,TX,25.0
102226.0,2227.0,2025-05-12,Completed,FL,48.0
102227.0,2228.0,2025-06-21,Completed,NY,48.0
102228.0,2229.0,2025-07-08,Completed,CA,25.0
102229.0,2230.0,2025-11-26,Completed,VA,12.5
102230.0,2231.0,2025-06-18,Completed,FL,53.0
102231.0,2232.0,2025-01-05,Completed,IL,6.5
102232.0,2233.0,2025-11-27,Completed,VA,79.0
102233.0,2234.0,2025-04-25,Completed,NY,12.5
102234.0,2235.0,2025-01-30,Completed,WA,12.5
102235.0,2236.0,2026-01-05,Completed,TX,96.0
102236.0,2237.0,2025-04-10,Completed,MA,18.0
102237.0,2238.0,2025-12-07,Completed,NC,99.99
102238.0,2239.0,2025-01-09,Completed,TX,79.0
102239.0,2240.0,2025-11-02,Completed,CO,96.0
102240.0,2241.0,2025-04-02,Completed,IL,13.0
102241.0,2242.0,2026-01-01,Completed,TX,25.0
102242.0,2243.0,2025-05-07,Completed,NC,53.0
102243.0,2244.0,2025-09-04,Completed,VA,49.98
102244.0,2245.0,2025-05-02,Completed,WA,130.0
102245.0,2246.0,2025-11-30,Completed,IL,26.5
102246.0,2247.0,2025-11-28,Completed,WA,26.5
102247.0,2248.0,2025-06-04,Completed,IL,53.0
102248.0,2249.0,2025-12-13,Completed,CO,130.0
102249.0,2250.0,2025-08-12,Completed,TX,130.0
102250.0,2251.0,2025-05-14,Completed,TX,96.0
102251.0,2252.0,2025-07-10,Completed,TX,26.5
102252.0,2253.0,2025-06-02,Completed,CO,18.0
102253.0,2254.0,2025-09-23,Completed,NC,44.0
102254.0,2255.0,2025-02-16,Completed,WA,79.0
102255.0,2256.0,2025-09-09,Completed,CA,48.0
102256.0,2257.0,2025-04-07,Completed,CA,99.99
102257.0,2258.0,2025-10-09,Completed,WA,99.99
102258.0,2259.0,2025-06-15,Completed,VA,26.5
102259.0,2260.0,2025-06-11,Completed,CA,79.0
102260.0,2261.0,2025-12-01,Completed,CA,130.0
102261.0,2262.0,2025-07-29,Completed,MA,26.5
102262.0,2263.0,2025-01-05,Completed,CA,12.5
102263.0,2264.0,2025-08-18,Completed,NY,99.99
102264.0,2265.0,2025-02-22,Completed,CA,22.0
102265.0,2266.0,2025-10-04,Completed,NY,54.0
102266.0,2267.0,2025-01-15,Completed,MA,18.0
102267.0,2268.0,2025-11-29,Completed,CO,48.0
102268.0,2269.0,2025-09-03,Completed,TX,18.0
102269.0,2270.0,2025-01-23,Completed,TX,65.0
102270.0,2271.0,2025-11-03,Completed,TX,65.0
102271.0,2272.0,2025-03-09,Completed,FL,18.0
102272.0,2273.0,2025-07-26,Completed,NY,48.0
102273.0,2274.0,2025-12-02,Completed,CO,53.0
102274.0,2275.0,2025-01-13,Completed,IL,130.0
102275.0,2276.0,2025-12-22,Completed,TX,22.0
102276.0,2277.0,2025-12-29,Completed,NC,44.0
102277.0,2278.0,2025-03-06,Completed,NC,199.98
102278.0,2279.0,2025-01-06,Completed,NC,99.99
102279.0,2280.0,2025-03-31,Completed,FL,65.0
102280.0,2281.0,2025-04-23,Completed,CO,22.0
102281.0,2282.0,2025-01-22,Completed,NY,158.0
102282.0,2283.0,2025-10-31,Completed,WA,44.0
102283.0,2284.0,2025-06-13,Completed,NC,79.0
102284.0,2285.0,2025-04-12,Completed,TX,99.99
102285.0,2286.0,2025-09-28,Completed,NC,24.99
102286.0,2287.0,2025-10-25,Completed,CO,18.0
102287.0,2288.0,2025-11-30,Completed,MA,48.0
102288.0,2289.0,2025-12-12,Completed,NC,65.0
102289.0,2290.0,2025-02-24,Completed,WA,6.5
102290.0,2291.0,2025-07-17,Completed,VA,18.0
102291.0,2292.0,2025-10-01,Completed,CA,18.0
102292.0,2293.0,2025-12-04,Completed,CO,44.0
102293.0,2294.0,2025-01-16,Completed,NY,99.99
102294.0,2295.0,2025-07-11,Completed,IL,79.0
102295.0,2296.0,2025-08-11,Completed,NC,48.0
102296.0,2297.0,2025-09-19,Completed,VA,65.0
102297.0,2298.0,2025-04-12,Completed,CA,79.0
102298.0,2299.0,2025-08-19,Completed,FL,48.0
102299.0,2300.0,2025-05-08,Completed,CO,48.0
102300.0,2301.0,2025-07-30,Completed,FL,99.99
102301.0,2302.0,2025-11-01,Completed,MA,13.0
102302.0,2303.0,2025-06-07,Completed,CO,22.0
102303.0,2304.0,2025-03-10,Completed,MA,96.0
102304.0,2305.0,2025-02-05,Completed,IL,79.0
102305.0,2306.0,2025-01-30,Completed,MA,79.0
102306.0,2307.0,2025-09-04,Completed,TX,158.0
102307.0,2308.0,2025-01-07,Completed,WA,12.5
102308.0,2309.0,2025-07-08,Completed,WA,65.0
102309.0,2310.0,2025-02-19,Completed,IL,18.0
102310.0,2311.0,2025-08-20,Completed,CO,22.0
102311.0,2312.0,2025-05-15,Completed,WA,6.5
102312.0,2313.0,2025-12-26,Completed,CO,12.5
102313.0,2314.0,2025-02-18,Completed,MA,195.0
102314.0,2315.0,2025-01-08,Completed,VA,22.0
102315.0,2316.0,2025-05-26,Completed,IL,48.0
102316.0,2317.0,2025-04-14,Completed,IL,25.0
102317.0,2318.0,2025-08-21,Completed,TX,12.5
102318.0,2319.0,2025-03-19,Completed,WA,199.98
102319.0,2320.0,2025-12-19,Completed,NY,24.99
102320.0,2321.0,2025-01-18,Completed,WA,53.0
102321.0,2322.0,2025-05-09,Completed,FL,48.0
102322.0,2323.0,2025-09-17,Completed,MA,48.0
102323.0,2324.0,2025-04-13,Completed,NY,65.0
102324.0,2325.0,2025-08-23,Completed,FL,199.98
102325.0,2326.0,2025-04-27,Completed,FL,49.98
102326.0,2327.0,2025-10-25,Completed,CA,22.0
102327.0,2328.0,2025-02-15,Completed,NY,48.0
102328.0,2329.0,2025-09-30,Completed,IL,26.5
102329.0,2330.0,2025-08-04,Completed,NY,18.0
102330.0,2331.0,2025-11-05,Completed,FL,26.5
102331.0,2332.0,2025-09-01,Completed,WA,158.0
102332.0,2333.0,2025-04-19,Completed,NY,65.0
102333.0,2334.0,2025-07-17,Completed,MA,36.0
102334.0,2335.0,2025-11-25,Completed,NC,158.0
102335.0,2336.0,2025-08-18,Completed,VA,130.0
102336.0,2337.0,2025-09-20,Completed,IL,6.5
102337.0,2338.0,2025-12-01,Completed,WA,22.0
102338.0,2339.0,2025-10-12,Completed,WA,79.0
102339.0,2340.0,2025-07-09,Completed,CA,36.0
102340.0,2341.0,2025-11-17,Completed,WA,199.98
102341.0,2342.0,2025-02-06,Completed,TX,99.99
102342.0,2343.0,2025-11-14,Completed,CO,130.0
102343.0,2344.0,2025-03-20,Completed,MA,12.5
102344.0,2345.0,2025-04-11,Completed,WA,54.0
102345.0,2346.0,2025-08-14,Completed,CO,24.99
102346.0,2347.0,2025-06-05,Completed,MA,53.0
102347.0,2348.0,2025-03-21,Completed,TX,199.98
102348.0,2349.0,2025-06-18,Completed,MA,26.5
102349.0,2350.0,2025-04-12,Completed,IL,24.99
102350.0,2351.0,2025-02-25,Completed,NC,18.0
102351.0,2352.0,2025-06-22,Completed,MA,18.0
102352.0,2353.0,2025-06-27,Completed,TX,44.0
102353.0,2354.0,2025-03-19,Completed,WA,299.97
102354.0,2355.0,2025-05-23,Completed,NC,36.0
102355.0,2356.0,2025-02-23,Completed,MA,24.99
102356.0,2357.0,2025-07-02,Completed,WA,25.0
102357.0,2358.0,2026-01-15,Completed,MA,48.0
102358.0,2359.0,2025-04-23,Completed,NY,26.5
102359.0,2360.0,2025-07-12,Completed,VA,25.0
102360.0,2361.0,2025-01-15,Completed,FL,24.99
102361.0,2362.0,2025-02-03,Completed,NY,96.0
102362.0,2363.0,2025-08-04,Completed,NC,158.0
102363.0,2364.0,2025-01-12,Completed,IL,24.99
102364.0,2365.0,2025-07-15,Completed,MA,199.98
102365.0,2366.0,2025-09-01,Completed,IL,79.0
102366.0,2367.0,2025-12-18,Completed,NC,22.0
102367.0,2368.0,2026-01-09,Completed,TX,199.98
102368.0,2369.0,2025-09-28,Completed,CA,44.0
102369.0,2370.0,2025-07-30,Completed,NC,79.0
102370.0,2371.0,2025-02-21,Completed,NC,199.98
102371.0,2372.0,2025-12-17,Completed,WA,22.0
102372.0,2373.0,2025-03-04,Completed,IL,18.0
102373.0,2374.0,2025-05-30,Completed,WA,65.0
102374.0,2375.0,2025-10-25,Completed,IL,24.99
102375.0,2376.0,2025-04-21,Completed,WA,65.0
102376.0,2377.0,2025-07-16,Completed,IL,48.0
102377.0,2378.0,2025-07-09,Completed,MA,6.5
102378.0,2379.0,2025-04-28,Completed,CA,12.5
102379.0,2380.0,2025-01-25,Completed,NC,36.0
102380.0,2381.0,2025-10-15,Completed,NY,24.99
102381.0,2382.0,2025-09-04,Completed,CO,130.0
102382.0,2383.0,2025-02-14,Completed,FL,26.5
102383.0,2384.0,2025-08-23,Completed,NC,65.0
102384.0,2385.0,2025-09-09,Completed,NY,25.0
102385.0,2386.0,2025-02-19,Completed,IL,74.97
102386.0,2387.0,2025-09-08,Completed,NC,53.0
102387.0,2388.0,2025-02-20,Completed,CA,36.0
102388.0,2389.0,2025-08-07,Completed,NY,74.97
102389.0,2390.0,2025-07-06,Completed,NY,24.99
102390.0,2391.0,2025-12-17,Completed,CO,6.5
102391.0,2392.0,2026-01-13,Completed,NC,6.5
102392.0,2393.0,2025-09-29,Completed,CO,44.0
102393.0,2394.0,2025-12-25,Completed,IL,96.0
102394.0,2395.0,2025-06-12,Completed,MA,74.97
102395.0,2396.0,2025-12-16,Completed,VA,12.5
102396.0,2397.0,2025-04-07,Completed,NY,12.5
102397.0,2398.0,2025-07-04,Completed,IL,24.99
102398.0,2399.0,2025-07-23,Completed,WA,53.0
102399.0,2400.0,2025-06-29,Completed,NC,37.5
102400.0,2401.0,2025-09-19,Completed,IL,12.5
102401.0,2402.0,2025-10-01,Completed,WA,44.0
102402.0,2403.0,2025-01-25,Completed,TX,130.0
102403.0,2404.0,2025-11-17,Completed,CA,299.97
102404.0,2405.0,2025-03-27,Completed,CA,12.5
102405.0,2406.0,2025-12-30,Completed,CO,36.0
102406.0,2407.0,2025-05-26,Completed,CO,199.98
102407.0,2408.0,2025-12-31,Completed,TX,79.0
102408.0,2409.0,2025-12-25,Completed,CA,6.5
102409.0,2410.0,2025-11-21,Completed,VA,26.5
102410.0,2411.0,2025-05-18,Completed,FL,22.0
102411.0,2412.0,2025-11-14,Completed,CO,19.5
102412.0,2413.0,2025-06-01,Completed,CO,24.99
102413.0,2414.0,2025-08-29,Completed,TX,24.99
102414.0,2415.0,2026-01-02,Completed,CA,26.5
102415.0,2416.0,2025-06-23,Completed,TX,130.0
102416.0,2417.0,2025-10-12,Completed,MA,65.0
102417.0,2418.0,2025-10-29,Completed,VA,18.0
102418.0,2419.0,2025-06-08,Completed,WA,18.0
102419.0,2420.0,2025-04-22,Completed,NC,79.0
102420.0,2421.0,2025-08-26,Completed,NY,158.0
102421.0,2422.0,2025-04-16,Completed,NC,25.0
102422.0,2423.0,2025-01-07,Completed,CO,44.0
102423.0,2424.0,2025-09-21,Completed,CO,26.5
102424.0,2425.0,2025-10-23,Completed,CO,96.0
102425.0,2426.0,2025-05-08,Completed,VA,53.0
102426.0,2427.0,2025-09-27,Completed,CA,99.99
102427.0,2428.0,2025-02-01,Completed,WA,49.98
102428.0,2429.0,2025-04-08,Completed,TX,22.0
102429.0,2430.0,2025-12-23,Completed,CA,26.5
102430.0,2431.0,2025-05-08,Completed,CO,24.99
102431.0,2432.0,2025-09-17,Completed,MA,18.0
102432.0,2433.0,2025-10-16,Completed,NY,18.0
102433.0,2434.0,2025-12-07,Completed,MA,65.0
102434.0,2435.0,2025-09-30,Completed,WA,22.0
102435.0,2436.0,2025-09-20,Completed,IL,26.5
102436.0,2437.0,2025-05-05,Completed,WA,26.5
102437.0,2438.0,2026-01-11,Completed,NC,22.0
102438.0,2439.0,2025-04-18,Completed,NY,66.0
102439.0,2440.0,2025-12-24,Completed,NC,79.0
102440.0,2441.0,2025-06-24,Completed,CO,65.0
102441.0,2442.0,2025-06-09,Completed,IL,65.0
102442.0,2443.0,2025-03-31,Completed,NC,26.5
102443.0,2444.0,2025-11-28,Completed,WA,24.99
102444.0,2445.0,2025-12-27,Completed,VA,65.0
102445.0,2446.0,2025-10-31,Completed,FL,96.0
102446.0,2447.0,2025-05-18,Completed,IL,18.0
102447.0,2448.0,2025-06-04,Completed,IL,79.0
102448.0,2449.0,2025-12-17,Completed,CA,65.0
102449.0,2450.0,2025-04-05,Completed,NY,6.5
102450.0,2451.0,2025-11-21,Completed,MA,18.0
102451.0,2452.0,2025-08-11,Completed,MA,18.0
102452.0,2453.0,2025-01-07,Completed,NY,18.0
102453.0,2454.0,2025-08-28,Completed,MA,79.0
102454.0,2455.0,2025-01-30,Completed,MA,99.99
102455.0,2456.0,2025-07-12,Completed,NC,26.5
102456.0,2457.0,2025-09-01,Completed,CA,44.0
102457.0,2458.0,2025-03-03,Completed,CO,53.0
102458.0,2459.0,2025-04-17,Completed,NY,53.0
102459.0,2460.0,2025-05-07,Completed,TX,66.0
102460.0,2461.0,2025-03-07,Completed,VA,99.99
102461.0,2462.0,2025-01-15,Completed,TX,44.0
102462.0,2463.0,2025-04-06,Completed,IL,79.0
102463.0,2464.0,2025-12-18,Completed,CA,48.0
102464.0,2465.0,2025-09-16,Completed,VA,6.5
102465.0,2466.0,2025-11-19,Completed,MA,158.0
102466.0,2467.0,2025-11-27,Completed,FL,24.99
102467.0,2468.0,2025-03-14,Completed,TX,96.0
102468.0,2469.0,2026-01-11,Completed,FL,99.99
102469.0,2470.0,2025-06-16,Completed,WA,48.0
102470.0,2471.0,2025-11-14,Completed,FL,12.5
102471.0,2472.0,2025-07-28,Completed,VA,79.0
102472.0,2473.0,2025-04-02,Completed,IL,48.0
102473.0,2474.0,2025-09-22,Completed,MA,99.99
102474.0,2475.0,2025-12-04,Completed,NC,22.0
102475.0,2476.0,2025-02-05,Completed,NY,26.5
102476.0,2477.0,2025-05-22,Completed,NY,65.0
102477.0,2478.0,2025-05-09,Completed,WA,48.0
102478.0,2479.0,2025-06-24,Completed,CO,18.0
102479.0,2480.0,2025-10-28,Completed,WA,26.5
102480.0,2481.0,2025-01-06,Completed,VA,22.0
102481.0,2482.0,2025-11-14,Completed,NY,22.0
102482.0,2483.0,2025-03-09,Completed,FL,6.5
102483.0,2484.0,2025-05-03,Completed,CO,53.0
102484.0,2485.0,2025-05-20,Completed,TX,25.0
102485.0,2486.0,2025-12-11,Completed,CO,79.5
102486.0,2487.0,2025-03-11,Completed,MA,24.99
102487.0,2488.0,2025-10-10,Completed,MA,65.0
102488.0,2489.0,2025-12-08,Completed,MA,12.5
102489.0,2490.0,2025-09-27,Completed,IL,18.0
102490.0,2491.0,2025-10-21,Completed,VA,99.99
102491.0,2492.0,2025-04-15,Completed,NC,26.5
102492.0,2493.0,2025-02-24,Completed,IL,158.0
102493.0,2494.0,2025-08-02,Completed,TX,48.0
102494.0,2495.0,2025-05-09,Completed,MA,79.0
102495.0,2496.0,2025-11-23,Completed,CA,6.5
102496.0,2497.0,2025-07-23,Completed,IL,18.0
102497.0,2498.0,2025-02-14,Completed,IL,79.5
102498.0,2499.0,2025-09-02,Completed,CO,130.0
102499.0,2500.0,2025-03-04,Completed,NC,48.0
102500.0,2501.0,2025-08-31,Completed,NY,65.0
102501.0,2502.0,2025-06-24,Completed,CO,26.5
102502.0,2503.0,2025-12-04,Completed,VA,24.99
102503.0,2504.0,2025-10-23,Completed,CO,49.98
102504.0,2505.0,2025-04-10,Completed,WA,22.0
102505.0,2506.0,2025-10-29,Completed,WA,99.99
102506.0,2507.0,2025-09-20,Completed,CO,18.0
102507.0,2508.0,2025-11-08,Completed,TX,99.99
102508.0,2509.0,2025-11-09,Completed,CA,96.0
102509.0,2510.0,2025-10-05,Completed,CO,99.99
102510.0,2511.0,2025-03-15,Completed,CA,48.0
102511.0,2512.0,2025-01-10,Completed,FL,25.0
102512.0,2513.0,2025-01-26,Completed,FL,53.0
102513.0,2514.0,2025-01-14,Completed,VA,49.98
102514.0,2515.0,2026-01-03,Completed,WA,48.0
102515.0,2516.0,2025-06-16,Completed,FL,18.0
102516.0,2517.0,2025-04-09,Completed,IL,24.99
102517.0,2518.0,2025-03-08,Completed,NY,130.0
102518.0,2519.0,2025-05-27,Completed,FL,65.0
102519.0,2520.0,2025-12-20,Completed,IL,18.0
102520.0,2521.0,2026-01-13,Completed,IL,130.0
102521.0,2522.0,2025-03-08,Completed,NY,79.0
102522.0,2523.0,2025-09-21,Completed,VA,22.0
102523.0,2524.0,2025-11-16,Completed,IL,48.0
102524.0,2525.0,2025-12-09,Completed,CA,74.97
102525.0,2526.0,2025-04-25,Completed,MA,24.99
102526.0,2527.0,2025-01-31,Completed,CA,6.5
102527.0,2528.0,2025-09-12,Completed,IL,25.0
102528.0,2529.0,2025-01-12,Completed,TX,13.0
102529.0,2530.0,2025-02-11,Completed,TX,12.5
102530.0,2531.0,2025-10-15,Completed,CO,26.5
102531.0,2532.0,2025-05-07,Completed,VA,6.5
102532.0,2533.0,2025-04-15,Completed,IL,6.5
102533.0,2534.0,2025-12-07,Completed,NC,18.0
102534.0,2535.0,2026-01-07,Completed,MA,48.0
102535.0,2536.0,2025-05-01,Completed,CA,99.99
102536.0,2537.0,2025-01-28,Completed,NC,54.0
102537.0,2538.0,2025-11-01,Completed,VA,6.5
102538.0,2539.0,2025-09-27,Completed,MA,12.5
102539.0,2540.0,2025-11-11,Completed,TX,12.5
102540.0,2541.0,2025-02-11,Completed,WA,22.0
102541.0,2542.0,2025-12-05,Completed,CA,18.0
102542.0,2543.0,2025-10-26,Completed,CO,12.5
102543.0,2544.0,2025-01-05,Completed,FL,6.5
102544.0,2545.0,2025-06-14,Completed,VA,24.99
102545.0,2546.0,2025-04-24,Completed,WA,44.0
102546.0,2547.0,2025-08-20,Completed,NY,65.0
102547.0,2548.0,2025-09-26,Completed,CA,24.99
102548.0,2549.0,2025-09-25,Completed,NY,22.0
102549.0,2550.0,2025-12-01,Completed,WA,99.99
102550.0,2551.0,2025-04-07,Completed,IL,25.0
102551.0,2552.0,2025-12-08,Completed,FL,48.0
102552.0,2553.0,2025-07-30,Completed,CO,79.0
102553.0,2554.0,2025-07-06,Completed,CA,12.5
102554.0,2555.0,2025-05-03,Completed,NY,99.99
102555.0,2556.0,2025-01-22,Completed,TX,12.5
102556.0,2557.0,2025-02-24,Completed,IL,12.5
102557.0,2558.0,2025-08-31,Completed,FL,65.0
102558.0,2559.0,2025-02-24,Completed,IL,54.0
102559.0,2560.0,2025-04-21,Completed,NY,79.0
102560.0,2561.0,2025-01-16,Completed,FL,79.0
102561.0,2562.0,2025-10-07,Completed,IL,144.0
102562.0,2563.0,2025-05-19,Completed,MA,79.0
102563.0,2564.0,2025-01-04,Completed,TX,24.99
102564.0,2565.0,2025-05-13,Completed,MA,18.0
102565.0,2566.0,2025-06-24,Completed,NC,79.0
102566.0,2567.0,2025-07-27,Completed,WA,18.0
102567.0,2568.0,2025-06-22,Completed,FL,79.0
102568.0,2569.0,2025-10-09,Completed,VA,44.0
102569.0,2570.0,2025-09-04,Completed,WA,65.0
102570.0,2571.0,2025-01-26,Completed,TX,99.99
102571.0,2572.0,2025-02-07,Completed,WA,79.0
102572.0,2573.0,2025-07-05,Completed,CO,99.99
102573.0,2574.0,2025-08-29,Completed,CO,65.0
102574.0,2575.0,2025-10-28,Completed,IL,65.0
102575.0,2576.0,2025-05-17,Completed,IL,36.0
102576.0,2577.0,2025-01-14,Completed,VA,65.0
102577.0,2578.0,2025-06-19,Completed,MA,26.5
102578.0,2579.0,2025-02-17,Completed,TX,158.0
102579.0,2580.0,2025-01-03,Completed,CO,99.99
102580.0,2581.0,2025-05-25,Completed,WA,49.98
102581.0,2582.0,2025-05-11,Completed,NC,65.0
102582.0,2583.0,2025-09-03,Completed,CO,24.99
102583.0,2584.0,2025-09-22,Completed,WA,18.0
102584.0,2585.0,2025-03-14,Completed,FL,199.98
102585.0,2586.0,2025-03-13,Completed,WA,26.5
102586.0,2587.0,2025-08-24,Completed,VA,22.0
102587.0,2588.0,2025-06-18,Completed,VA,6.5
102588.0,2589.0,2025-11-13,Completed,NY,24.99
102589.0,2590.0,2025-11-16,Completed,MA,65.0
102590.0,2591.0,2025-06-10,Completed,TX,18.0
102591.0,2592.0,2025-08-11,Completed,TX,26.5
102592.0,2593.0,2025-06-16,Completed,FL,65.0
102593.0,2594.0,2025-07-08,Completed,IL,24.99
102594.0,2595.0,2025-05-08,Completed,NY,99.99
102595.0,2596.0,2025-02-04,Completed,IL,99.99
102596.0,2597.0,2026-01-01,Completed,FL,48.0
102597.0,2598.0,2025-03-09,Completed,TX,99.99
102598.0,2599.0,2025-08-08,Completed,NY,26.5
102599.0,2600.0,2025-03-14,Completed,TX,18.0
102600.0,2601.0,2025-04-16,Completed,TX,65.0
102601.0,2602.0,2025-01-03,Completed,FL,65.0
102602.0,2603.0,2025-07-21,Completed,CA,53.0
102603.0,2604.0,2025-12-12,Completed,CO,6.5
102604.0,2605.0,2025-01-31,Completed,CA,48.0
102605.0,2606.0,2025-11-18,Completed,MA,65.0
102606.0,2607.0,2025-04-15,Completed,VA,96.0
102607.0,2608.0,2025-07-16,Completed,CA,65.0
102608.0,2609.0,2025-05-25,Completed,MA,26.5
102609.0,2610.0,2025-12-01,Completed,MA,6.5
102610.0,2611.0,2025-08-16,Completed,VA,24.99
102611.0,2612.0,2025-12-26,Completed,IL,24.99
102612.0,2613.0,2025-08-12,Completed,CA,18.0
102613.0,2614.0,2025-05-25,Completed,TX,25.0
102614.0,2615.0,2025-01-22,Completed,NY,99.99
102615.0,2616.0,2025-08-22,Completed,VA,22.0
102616.0,2617.0,2025-10-03,Completed,CA,79.0
102617.0,2618.0,2025-09-27,Completed,CA,48.0
102618.0,2619.0,2025-04-28,Completed,FL,22.0
102619.0,2620.0,2025-06-20,Completed,CA,79.0
102620.0,2621.0,2025-06-22,Completed,VA,44.0
102621.0,2622.0,2025-04-12,Completed,NY,99.99
102622.0,2623.0,2025-06-13,Completed,MA,24.99
102623.0,2624.0,2025-07-26,Completed,FL,18.0
102624.0,2625.0,2025-01-23,Completed,NC,24.99
102625.0,2626.0,2025-02-21,Completed,TX,99.99
102626.0,2627.0,2025-12-31,Completed,NY,18.0
102627.0,2628.0,2025-06-28,Completed,WA,26.5
102628.0,2629.0,2025-06-28,Completed,IL,65.0
102629.0,2630.0,2025-10-01,Completed,CA,49.98
102630.0,2631.0,2025-04-17,Completed,CA,99.99
102631.0,2632.0,2025-05-26,Completed,NC,199.98
102632.0,2633.0,2025-02-09,Completed,IL,130.0
102633.0,2634.0,2025-09-04,Completed,IL,6.5
102634.0,2635.0,2025-07-31,Completed,WA,24.99
102635.0,2636.0,2025-04-08,Completed,CA,13.0
102636.0,2637.0,2025-07-21,Completed,TX,6.5
102637.0,2638.0,2025-04-17,Completed,FL,24.99
102638.0,2639.0,2025-08-08,Completed,TX,12.5
102639.0,2640.0,2025-01-21,Completed,NC,22.0
102640.0,2641.0,2025-05-17,Completed,CO,79.0
102641.0,2642.0,2025-11-16,Completed,CO,130.0
102642.0,2643.0,2025-11-14,Completed,TX,26.5
102643.0,2644.0,2025-02-07,Completed,FL,99.99
102644.0,2645.0,2025-11-30,Completed,WA,44.0
102645.0,2646.0,2025-05-27,Completed,VA,65.0
102646.0,2647.0,2025-03-30,Completed,FL,79.0
102647.0,2648.0,2025-08-08,Completed,FL,6.5
102648.0,2649.0,2025-01-15,Completed,VA,13.0
102649.0,2650.0,2025-08-16,Completed,CA,199.98
102650.0,2651.0,2025-05-15,Completed,MA,26.5
102651.0,2652.0,2025-04-12,Completed,IL,6.5
102652.0,2653.0,2025-10-29,Completed,TX,12.5
102653.0,2654.0,2025-04-21,Completed,IL,24.99
102654.0,2655.0,2025-08-12,Completed,WA,99.99
102655.0,2656.0,2025-04-23,Completed,VA,12.5
102656.0,2657.0,2025-09-28,Completed,CO,99.99
102657.0,2658.0,2025-06-29,Completed,TX,96.0
102658.0,2659.0,2025-09-14,Completed,WA,12.5
102659.0,2660.0,2025-05-17,Completed,WA,79.0
102660.0,2661.0,2026-01-11,Completed,TX,26.5
102661.0,2662.0,2025-08-22,Completed,TX,65.0
102662.0,2663.0,2025-09-26,Completed,MA,22.0
102663.0,2664.0,2025-03-04,Completed,NC,54.0
102664.0,2665.0,2025-04-17,Completed,FL,79.0
102665.0,2666.0,2025-02-13,Completed,CA,12.5
102666.0,2667.0,2026-01-08,Completed,CO,24.99
102667.0,2668.0,2025-04-22,Completed,CA,22.0
102668.0,2669.0,2025-03-28,Completed,VA,54.0
102669.0,2670.0,2025-03-17,Completed,NC,24.99
102670.0,2671.0,2025-06-23,Completed,TX,44.0
102671.0,2672.0,2025-01-26,Completed,MA,48.0
102672.0,2673.0,2025-10-19,Completed,WA,22.0
102673.0,2674.0,2025-08-21,Completed,FL,26.5
102674.0,2675.0,2025-01-28,Completed,CO,65.0
102675.0,2676.0,2025-12-10,Completed,NY,26.5
102676.0,2677.0,2025-12-28,Completed,NC,96.0
102677.0,2678.0,2025-12-12,Completed,FL,48.0
102678.0,2679.0,2025-08-08,Completed,VA,18.0
102679.0,2680.0,2025-12-27,Completed,WA,195.0
102680.0,2681.0,2025-03-25,Completed,NC,199.98
102681.0,2682.0,2025-04-12,Completed,CA,96.0
102682.0,2683.0,2025-12-15,Completed,NC,26.5
102683.0,2684.0,2025-07-20,Completed,MA,18.0
102684.0,2685.0,2025-11-23,Completed,CA,26.5
102685.0,2686.0,2025-08-19,Completed,MA,18.0
102686.0,2687.0,2025-05-31,Completed,NY,22.0
102687.0,2688.0,2025-03-10,Completed,TX,74.97
102688.0,2689.0,2025-04-19,Completed,MA,195.0
102689.0,2690.0,2025-03-20,Completed,CO,18.0
102690.0,2691.0,2025-03-28,Completed,IL,49.98
102691.0,2692.0,2025-08-11,Completed,NC,99.99
102692.0,2693.0,2025-09-05,Completed,FL,199.98
102693.0,2694.0,2025-12-26,Completed,NC,79.0
102694.0,2695.0,2025-04-02,Completed,TX,26.5
102695.0,2696.0,2025-06-01,Completed,IL,6.5
102696.0,2697.0,2025-10-02,Completed,FL,79.0
102697.0,2698.0,2025-01-22,Completed,IL,6.5
102698.0,2699.0,2025-11-06,Completed,CO,99.99
102699.0,2700.0,2025-06-21,Completed,NY,99.99
102700.0,2701.0,2025-07-14,Completed,WA,22.0
102701.0,2702.0,2025-07-10,Completed,TX,24.99
102702.0,2703.0,2026-01-09,Completed,CO,158.0
102703.0,2704.0,2025-10-31,Completed,WA,26.5
102704.0,2705.0,2025-01-06,Completed,IL,25.0
102705.0,2706.0,2025-01-10,Completed,VA,53.0
102706.0,2707.0,2025-08-13,Completed,NY,18.0
102707.0,2708.0,2025-03-25,Completed,CO,99.99
102708.0,2709.0,2025-06-19,Completed,WA,25.0
102709.0,2710.0,2025-03-17,Completed,CA,24.99
102710.0,2711.0,2025-12-26,Completed,CA,22.0
102711.0,2712.0,2025-11-24,Completed,FL,79.0
102712.0,2713.0,2025-03-17,Completed,WA,79.0
102713.0,2714.0,2025-09-21,Completed,WA,48.0
102714.0,2715.0,2025-04-12,Completed,NC,48.0
102715.0,2716.0,2025-10-29,Completed,VA,12.5
102716.0,2717.0,2025-10-06,Completed,FL,26.5
102717.0,2718.0,2025-05-01,Completed,VA,26.5
102718.0,2719.0,2025-10-07,Completed,TX,48.0
102719.0,2720.0,2025-09-16,Completed,VA,79.0
102720.0,2721.0,2025-11-07,Completed,NC,158.0
102721.0,2722.0,2025-06-02,Completed,FL,65.0
102722.0,2723.0,2025-01-04,Completed,IL,12.5
102723.0,2724.0,2025-05-04,Completed,NC,22.0
102724.0,2725.0,2025-08-31,Completed,NY,12.5
102725.0,2726.0,2025-02-11,Completed,NC,6.5
102726.0,2727.0,2025-10-18,Completed,NY,99.99
102727.0,2728.0,2025-03-20,Completed,CA,79.0
102728.0,2729.0,2025-05-02,Completed,FL,130.0
102729.0,2730.0,2025-04-08,Completed,VA,6.5
102730.0,2731.0,2025-12-26,Completed,CA,48.0
102731.0,2732.0,2025-12-22,Completed,IL,12.5
102732.0,2733.0,2025-12-03,Completed,NY,6.5
102733.0,2734.0,2025-04-24,Completed,NY,26.5
102734.0,2735.0,2025-03-09,Completed,VA,65.0
102735.0,2736.0,2026-01-10,Completed,NY,26.5
102736.0,2737.0,2025-09-21,Completed,NY,26.5
102737.0,2738.0,2025-11-01,Completed,FL,12.5
102738.0,2739.0,2025-01-17,Completed,IL,36.0
102739.0,2740.0,2025-10-17,Completed,TX,79.0
102740.0,2741.0,2025-11-26,Completed,NC,24.99
102741.0,2742.0,2025-12-01,Completed,CO,18.0
102742.0,2743.0,2025-10-30,Completed,CA,49.98
102743.0,2744.0,2025-10-09,Completed,FL,18.0
102744.0,2745.0,2025-09-15,Completed,NC,6.5
102745.0,2746.0,2025-09-26,Completed,NY,44.0
102746.0,2747.0,2025-09-23,Completed,NC,12.5
102747.0,2748.0,2025-08-20,Completed,IL,13.0
102748.0,2749.0,2025-04-20,Completed,FL,24.99
102749.0,2750.0,2025-07-09,Completed,IL,6.5
102750.0,2751.0,2025-07-17,Completed,NC,130.0
102751.0,2752.0,2025-02-13,Completed,NY,79.0
102752.0,2753.0,2025-03-11,Completed,CA,79.0
102753.0,2754.0,2025-08-31,Completed,IL,48.0
102754.0,2755.0,2025-01-17,Completed,CO,12.5
102755.0,2756.0,2025-06-23,Completed,IL,6.5
102756.0,2757.0,2025-03-23,Completed,TX,99.99
102757.0,2758.0,2025-03-19,Completed,TX,96.0
102758.0,2759.0,2025-11-25,Completed,CO,79.0
102759.0,2760.0,2025-01-07,Completed,FL,6.5
102760.0,2761.0,2025-01-21,Completed,VA,48.0
102761.0,2762.0,2025-11-20,Completed,FL,12.5
102762.0,2763.0,2025-02-13,Completed,WA,99.99
102763.0,2764.0,2025-08-10,Completed,TX,6.5
102764.0,2765.0,2025-01-26,Completed,FL,18.0
102765.0,2766.0,2025-01-10,Completed,WA,6.5
102766.0,2767.0,2025-03-05,Completed,WA,48.0
102767.0,2768.0,2025-04-02,Completed,CA,79.5
102768.0,2769.0,2025-04-17,Completed,CO,44.0
102769.0,2770.0,2025-07-27,Completed,NC,25.0
102770.0,2771.0,2025-03-28,Completed,VA,49.98
102771.0,2772.0,2025-05-25,Completed,MA,12.5
102772.0,2773.0,2025-06-09,Completed,WA,48.0
102773.0,2774.0,2025-12-08,Completed,MA,22.0
102774.0,2775.0,2025-09-20,Completed,NC,65.0
102775.0,2776.0,2025-06-28,Completed,MA,158.0
102776.0,2777.0,2025-05-03,Completed,WA,65.0
102777.0,2778.0,2025-12-15,Completed,NY,25.0
102778.0,2779.0,2025-10-24,Completed,FL,6.5
102779.0,2780.0,2025-11-19,Completed,FL,79.0
102780.0,2781.0,2025-05-12,Completed,VA,53.0
102781.0,2782.0,2025-04-12,Completed,IL,24.99
102782.0,2783.0,2025-10-18,Completed,TX,13.0
102783.0,2784.0,2025-09-25,Completed,WA,24.99
102784.0,2785.0,2025-08-21,Completed,FL,24.99
102785.0,2786.0,2025-11-23,Completed,VA,79.0
102786.0,2787.0,2025-08-28,Completed,IL,65.0
102787.0,2788.0,2025-07-15,Completed,NC,18.0
102788.0,2789.0,2025-05-13,Completed,NY,99.99
102789.0,2790.0,2025-01-02,Completed,IL,48.0
102790.0,2791.0,2025-12-31,Completed,NC,6.5
102791.0,2792.0,2025-10-06,Completed,NC,79.0
102792.0,2793.0,2025-07-06,Completed,IL,12.5
102793.0,2794.0,2025-07-18,Completed,NY,158.0
102794.0,2795.0,2025-03-27,Completed,CO,26.5
102795.0,2796.0,2025-06-03,Completed,TX,25.0
102796.0,2797.0,2025-09-26,Completed,VA,22.0
102797.0,2798.0,2025-04-22,Completed,CA,130.0
102798.0,2799.0,2025-11-30,Completed,CA,26.5
102799.0,2800.0,2025-10-14,Completed,IL,22.0
102800.0,2801.0,2025-02-12,Completed,MA,99.99
102801.0,2802.0,2025-04-14,Completed,FL,18.0
102802.0,2803.0,2025-05-16,Completed,NC,18.0
102803.0,2804.0,2025-09-02,Completed,IL,99.99
102804.0,2805.0,2025-05-06,Completed,TX,6.5
102805.0,2806.0,2025-06-12,Completed,WA,24.99
102806.0,2807.0,2025-02-16,Completed,IL,130.0
102807.0,2808.0,2025-07-18,Completed,VA,79.0
102808.0,2809.0,2025-12-18,Completed,FL,12.5
102809.0,2810.0,2025-02-12,Completed,CA,12.5
102810.0,2811.0,2025-06-16,Completed,CA,24.99
102811.0,2812.0,2025-09-05,Completed,VA,26.5
102812.0,2813.0,2025-11-21,Completed,NY,79.0
102813.0,2814.0,2025-09-16,Completed,CA,49.98
102814.0,2815.0,2025-02-01,Completed,TX,36.0
102815.0,2816.0,2025-08-22,Completed,MA,65.0
102816.0,2817.0,2025-03-30,Completed,CA,44.0
102817.0,2818.0,2025-08-11,Completed,NY,6.5
102818.0,2819.0,2026-01-09,Completed,CO,25.0
102819.0,2820.0,2025-11-06,Completed,IL,6.5
102820.0,2821.0,2025-02-12,Completed,TX,99.99
102821.0,2822.0,2025-03-24,Completed,WA,6.5
102822.0,2823.0,2025-01-18,Completed,IL,18.0
102823.0,2824.0,2026-01-02,Completed,TX,65.0
102824.0,2825.0,2025-12-22,Completed,CA,24.99
102825.0,2826.0,2025-10-25,Completed,TX,237.0
102826.0,2827.0,2025-05-01,Completed,CA,48.0
102827.0,2828.0,2025-09-20,Completed,VA,48.0
102828.0,2829.0,2025-04-22,Completed,MA,48.0
102829.0,2830.0,2025-11-26,Completed,CA,6.5
102830.0,2831.0,2025-10-16,Completed,TX,130.0
102831.0,2832.0,2025-07-10,Completed,VA,130.0
102832.0,2833.0,2025-08-09,Completed,FL,22.0
102833.0,2834.0,2025-05-23,Completed,IL,24.99
102834.0,2835.0,2025-01-11,Completed,TX,26.5
102835.0,2836.0,2025-08-31,Completed,IL,99.99
102836.0,2837.0,2025-09-30,Completed,NC,99.99
102837.0,2838.0,2026-01-04,Completed,CA,13.0
102838.0,2839.0,2025-04-22,Completed,NY,79.5
102839.0,2840.0,2025-08-09,Completed,TX,26.5
102840.0,2841.0,2025-03-06,Completed,CA,99.99
102841.0,2842.0,2025-03-10,Completed,IL,199.98
102842.0,2843.0,2025-04-22,Completed,NY,99.99
102843.0,2844.0,2025-10-31,Completed,NC,22.0
102844.0,2845.0,2025-09-29,Completed,MA,6.5
102845.0,2846.0,2026-01-06,Completed,CO,65.0
102846.0,2847.0,2025-03-18,Completed,IL,22.0
102847.0,2848.0,2025-03-19,Completed,CA,79.0
102848.0,2849.0,2025-10-14,Completed,VA,48.0
102849.0,2850.0,2025-05-06,Completed,CO,6.5
102850.0,2851.0,2025-04-30,Completed,NC,79.0
102851.0,2852.0,2025-01-12,Completed,FL,24.99
102852.0,2853.0,2025-07-16,Completed,FL,22.0
102853.0,2854.0,2025-05-26,Completed,CA,6.5
102854.0,2855.0,2025-12-29,Completed,VA,26.5
102855.0,2856.0,2025-01-31,Completed,MA,12.5
102856.0,2857.0,2025-07-25,Completed,FL,24.99
102857.0,2858.0,2025-04-10,Completed,IL,44.0
102858.0,2859.0,2025-03-31,Completed,FL,6.5
102859.0,2860.0,2025-07-14,Completed,FL,12.5
102860.0,2861.0,2025-03-18,Completed,NC,13.0
102861.0,2862.0,2025-09-10,Completed,MA,99.99
102862.0,2863.0,2025-01-11,Completed,NY,237.0
102863.0,2864.0,2025-04-12,Completed,FL,22.0
102864.0,2865.0,2025-12-28,Completed,CA,79.0
102865.0,2866.0,2026-01-12,Completed,CA,96.0
102866.0,2867.0,2025-07-20,Completed,IL,22.0
102867.0,2868.0,2025-06-02,Completed,CO,26.5
102868.0,2869.0,2025-01-04,Completed,VA,99.99
102869.0,2870.0,2025-09-05,Completed,IL,24.99
102870.0,2871.0,2025-01-15,Completed,NY,44.0
102871.0,2872.0,2026-01-13,Completed,MA,25.0
102872.0,2873.0,2025-06-22,Completed,CA,37.5
102873.0,2874.0,2025-06-17,Completed,IL,22.0
102874.0,2875.0,2025-11-02,Completed,TX,24.99
102875.0,2876.0,2025-07-30,Completed,VA,12.5
102876.0,2877.0,2025-07-30,Completed,WA,26.5
102877.0,2878.0,2025-12-19,Completed,NY,66.0
102878.0,2879.0,2026-01-03,Completed,VA,65.0
102879.0,2880.0,2025-09-22,Completed,WA,12.5
102880.0,2881.0,2025-11-26,Completed,NY,48.0
102881.0,2882.0,2025-06-20,Completed,IL,48.0
102882.0,2883.0,2025-10-07,Completed,FL,199.98
102883.0,2884.0,2025-07-08,Completed,TX,99.99
102884.0,2885.0,2025-04-10,Completed,CO,237.0
102885.0,2886.0,2025-08-25,Completed,CA,36.0
102886.0,2887.0,2025-04-08,Completed,FL,26.5
102887.0,2888.0,2025-08-16,Completed,NC,48.0
102888.0,2889.0,2025-03-16,Completed,IL,99.99
102889.0,2890.0,2025-02-25,Completed,TX,13.0
102890.0,2891.0,2025-03-14,Completed,TX,158.0
102891.0,2892.0,2025-12-20,Completed,WA,26.5
102892.0,2893.0,2025-10-04,Completed,NY,12.5
102893.0,2894.0,2025-11-17,Completed,IL,13.0
102894.0,2895.0,2025-04-29,Completed,CO,36.0
102895.0,2896.0,2025-01-15,Completed,CO,6.5
102896.0,2897.0,2025-11-04,Completed,NC,18.0
102897.0,2898.0,2025-04-13,Completed,WA,158.0
102898.0,2899.0,2025-10-03,Completed,NC,24.99
102899.0,2900.0,2025-02-05,Completed,WA,48.0
102900.0,2901.0,2025-06-22,Completed,FL,65.0
102901.0,2902.0,2025-12-12,Completed,CO,12.5
102902.0,2903.0,2025-11-07,Completed,TX,37.5
102903.0,2904.0,2025-04-21,Completed,CO,99.99
102904.0,2905.0,2025-07-03,Completed,MA,24.99
102905.0,2906.0,2025-07-06,Completed,NC,79.0
102906.0,2907.0,2025-08-18,Completed,IL,65.0
102907.0,2908.0,2025-08-27,Completed,NC,19.5
102908.0,2909.0,2025-02-09,Completed,FL,99.99
102909.0,2910.0,2025-11-25,Completed,TX,48.0
102910.0,2911.0,2025-11-23,Completed,NC,79.5
102911.0,2912.0,2026-01-11,Completed,FL,48.0
102912.0,2913.0,2025-11-18,Completed,MA,65.0
102913.0,2914.0,2025-05-19,Completed,MA,53.0
102914.0,2915.0,2025-01-07,Completed,FL,48.0
102915.0,2916.0,2025-09-25,Completed,VA,79.0
102916.0,2917.0,2025-10-24,Completed,CA,49.98
102917.0,2918.0,2025-06-22,Completed,CA,65.0
102918.0,2919.0,2025-03-12,Completed,FL,6.5
102919.0,2920.0,2025-06-16,Completed,TX,79.0
102920.0,2921.0,2025-03-06,Completed,IL,22.0
102921.0,2922.0,2026-01-09,Completed,VA,6.5
102922.0,2923.0,2025-11-06,Completed,CO,53.0
102923.0,2924.0,2025-02-17,Completed,WA,12.5
102924.0,2925.0,2025-04-10,Completed,WA,36.0
102925.0,2926.0,2025-06-30,Completed,CA,12.5
102926.0,2927.0,2025-06-01,Completed,NY,99.99
102927.0,2928.0,2025-12-30,Completed,TX,79.0
102928.0,2929.0,2025-11-30,Completed,VA,79.0
102929.0,2930.0,2025-07-26,Completed,VA,54.0
102930.0,2931.0,2025-01-10,Completed,WA,18.0
102931.0,2932.0,2025-01-18,Completed,TX,158.0
102932.0,2933.0,2025-07-12,Completed,IL,144.0
102933.0,2934.0,2025-12-05,Completed,WA,13.0
102934.0,2935.0,2025-11-06,Completed,IL,6.5
102935.0,2936.0,2025-04-06,Completed,NC,65.0
102936.0,2937.0,2025-03-07,Completed,CO,48.0
102937.0,2938.0,2025-02-18,Completed,NC,48.0
102938.0,2939.0,2025-06-25,Completed,CO,13.0
102939.0,2940.0,2025-08-02,Completed,MA,65.0
102940.0,2941.0,2025-07-18,Completed,VA,18.0
102941.0,2942.0,2025-02-21,Completed,CA,79.0
102942.0,2943.0,2025-09-15,Completed,NY,99.99
102943.0,2944.0,2025-06-16,Completed,IL,6.5
102944.0,2945.0,2025-04-22,Completed,TX,6.5
102945.0,2946.0,2025-03-30,Completed,TX,26.5
102946.0,2947.0,2025-01-12,Completed,FL,65.0
102947.0,2948.0,2025-07-23,Completed,NY,158.0
102948.0,2949.0,2025-06-25,Completed,CO,48.0
102949.0,2950.0,2025-09-26,Completed,FL,18.0
102950.0,2951.0,2025-11-19,Completed,CA,26.5
102951.0,2952.0,2025-03-06,Completed,IL,99.99
102952.0,2953.0,2025-05-13,Completed,FL,6.5
102953.0,2954.0,2025-04-08,Completed,IL,6.5
102954.0,2955.0,2025-06-06,Completed,CO,22.0
102955.0,2956.0,2025-08-22,Completed,NY,99.99
102956.0,2957.0,2025-09-28,Completed,CA,22.0
102957.0,2958.0,2026-01-02,Completed,CO,18.0
102958.0,2959.0,2025-04-07,Completed,FL,6.5
102959.0,2960.0,2025-12-20,Completed,CO,48.0
102960.0,2961.0,2025-06-07,Completed,MA,18.0
102961.0,2962.0,2025-07-03,Completed,CO,22.0
102962.0,2963.0,2025-01-08,Completed,TX,49.98
102963.0,2964.0,2026-01-02,Completed,NY,13.0
102964.0,2965.0,2025-07-13,Completed,TX,18.0
102965.0,2966.0,2025-09-18,Completed,FL,18.0
102966.0,2967.0,2025-06-30,Completed,FL,99.99
102967.0,2968.0,2025-05-19,Completed,CA,22.0
102968.0,2969.0,2025-07-24,Completed,IL,24.99
102969.0,2970.0,2025-10-30,Completed,FL,79.0
102970.0,2971.0,2025-07-27,Completed,FL,48.0
102971.0,2972.0,2025-10-07,Completed,CO,48.0
102972.0,2973.0,2025-09-23,Completed,MA,26.5
102973.0,2974.0,2025-08-04,Completed,NC,6.5
102974.0,2975.0,2025-11-16,Completed,MA,65.0
102975.0,2976.0,2025-12-26,Completed,WA,6.5
102976.0,2977.0,2025-08-27,Completed,CA,99.99
102977.0,2978.0,2025-11-29,Completed,NY,99.99
102978.0,2979.0,2025-08-02,Completed,NC,18.0
102979.0,2980.0,2025-12-15,Completed,VA,99.99
102980.0,2981.0,2026-01-10,Completed,IL,48.0
102981.0,2982.0,2025-04-03,Completed,WA,195.0
102982.0,2983.0,2025-07-27,Completed,MA,6.5
102983.0,2984.0,2025-06-07,Completed,NC,79.0
102984.0,2985.0,2025-04-08,Completed,NC,18.0
102985.0,2986.0,2025-11-24,Completed,TX,48.0
102986.0,2987.0,2025-09-15,Completed,VA,24.99
102987.0,2988.0,2025-06-26,Completed,MA,13.0
102988.0,2989.0,2025-05-21,Completed,MA,22.0
102989.0,2990.0,2025-08-30,Completed,NY,24.99
102990.0,2991.0,2025-04-22,Completed,IL,199.98
102991.0,2992.0,2025-12-12,Completed,FL,22.0
102992.0,2993.0,2025-10-23,Completed,VA,22.0
102993.0,2994.0,2025-08-06,Completed,MA,13.0
102994.0,2995.0,2025-08-22,Completed,WA,26.5
102995.0,2996.0,2025-03-24,Completed,WA,12.5
102996.0,2997.0,2025-08-27,Completed,NY,53.0
102997.0,2998.0,2025-10-22,Completed,CA,79.0
102998.0,2999.0,2025-12-10,Completed,FL,53.0
102999.0,3000.0,2025-08-16,Completed,TX,65.0
103000.0,3001.0,2025-11-23,Completed,WA,96.0
103001.0,3002.0,2025-09-20,Completed,NC,25.0
103002.0,3003.0,2025-05-22,Completed,CA,6.5
103003.0,3004.0,2025-01-20,Completed,FL,24.99
103004.0,3005.0,2025-04-17,Completed,CA,65.0
103005.0,3006.0,2025-04-08,Completed,NC,65.0
103006.0,3007.0,2025-09-29,Completed,CO,13.0
103007.0,3008.0,2025-01-23,Completed,NY,12.5
103008.0,3009.0,2026-01-08,Completed,IL,6.5
103009.0,3010.0,2025-04-06,Completed,NY,79.0
103010.0,3011.0,2025-12-27,Completed,VA,44.0
103011.0,3012.0,2026-01-08,Completed,VA,237.0
103012.0,3013.0,2025-05-17,Completed,WA,65.0
103013.0,3014.0,2025-05-08,Completed,CA,26.5
103014.0,3015.0,2025-05-06,Completed,TX,99.99
103015.0,3016.0,2025-05-21,Completed,CO,12.5
103016.0,3017.0,2025-11-15,Completed,CO,79.0
103017.0,3018.0,2025-01-02,Completed,NY,24.99
103018.0,3019.0,2026-01-06,Completed,TX,44.0
103019.0,3020.0,2025-10-16,Completed,IL,199.98
103020.0,3021.0,2025-02-28,Completed,MA,6.5
103021.0,3022.0,2025-06-20,Completed,MA,158.0
103022.0,3023.0,2025-01-23,Completed,FL,26.5
103023.0,3024.0,2025-11-11,Completed,MA,12.5
103024.0,3025.0,2025-03-27,Completed,TX,65.0
103025.0,3026.0,2025-07-07,Completed,VA,65.0
103026.0,3027.0,2025-02-19,Completed,CO,48.0
103027.0,3028.0,2025-01-16,Completed,WA,22.0
103028.0,3029.0,2025-11-08,Completed,IL,65.0
103029.0,3030.0,2025-06-26,Completed,WA,12.5
103030.0,3031.0,2025-03-16,Completed,TX,26.5
103031.0,3032.0,2025-09-30,Completed,CA,18.0
103032.0,3033.0,2025-03-02,Completed,CO,22.0
103033.0,3034.0,2025-11-16,Completed,TX,12.5
103034.0,3035.0,2025-01-05,Completed,CA,24.99
103035.0,3036.0,2025-10-05,Completed,NY,22.0
103036.0,3037.0,2025-03-12,Completed,CA,96.0
103037.0,3038.0,2025-09-06,Completed,WA,158.0
103038.0,3039.0,2025-11-26,Completed,IL,65.0
103039.0,3040.0,2025-01-04,Completed,NC,13.0
103040.0,3041.0,2025-11-23,Completed,VA,48.0
103041.0,3042.0,2025-12-18,Completed,NY,48.0
103042.0,3043.0,2025-04-03,Completed,FL,65.0
103043.0,3044.0,2025-01-01,Completed,CA,79.0
103044.0,3045.0,2025-06-07,Completed,MA,22.0
103045.0,3046.0,2025-04-24,Completed,IL,79.0
103046.0,3047.0,2025-07-31,Completed,VA,6.5
103047.0,3048.0,2025-01-08,Completed,NC,79.0
103048.0,3049.0,2025-04-04,Completed,NY,99.99
103049.0,3050.0,2025-07-14,Completed,TX,25.0
103050.0,3051.0,2025-06-05,Completed,CA,18.0
103051.0,3052.0,2025-08-27,Completed,IL,199.98
103052.0,3053.0,2025-03-10,Completed,CO,26.5
103053.0,3054.0,2025-12-09,Completed,VA,22.0
103054.0,3055.0,2025-12-17,Completed,NY,96.0
103055.0,3056.0,2025-05-20,Completed,VA,65.0
103056.0,3057.0,2025-07-16,Completed,CA,22.0
103057.0,3058.0,2025-05-02,Completed,CA,22.0
103058.0,3059.0,2025-03-05,Completed,IL,53.0
103059.0,3060.0,2025-06-02,Completed,WA,79.0
103060.0,3061.0,2026-01-02,Completed,MA,13.0
103061.0,3062.0,2025-08-13,Completed,CA,13.0
103062.0,3063.0,2025-01-01,Completed,NC,299.97
103063.0,3064.0,2025-07-21,Completed,FL,99.99
103064.0,3065.0,2025-01-16,Completed,TX,18.0
103065.0,3066.0,2025-07-30,Completed,CA,99.99
103066.0,3067.0,2025-10-02,Completed,WA,54.0
103067.0,3068.0,2025-01-24,Completed,CO,24.99
103068.0,3069.0,2025-08-27,Completed,NY,130.0
103069.0,3070.0,2025-09-19,Completed,WA,36.0
103070.0,3071.0,2025-01-10,Completed,TX,22.0
103071.0,3072.0,2025-07-15,Completed,VA,26.5
103072.0,3073.0,2025-06-10,Completed,TX,6.5
103073.0,3074.0,2025-11-13,Completed,MA,48.0
103074.0,3075.0,2025-09-14,Completed,MA,79.0
103075.0,3076.0,2025-08-31,Completed,VA,22.0
103076.0,3077.0,2025-04-17,Completed,NC,96.0
103077.0,3078.0,2025-12-24,Completed,NY,48.0
103078.0,3079.0,2025-06-09,Completed,CA,24.99
103079.0,3080.0,2025-07-15,Completed,MA,79.0
103080.0,3081.0,2025-09-27,Completed,CO,79.0
103081.0,3082.0,2025-02-10,Completed,WA,6.5
103082.0,3083.0,2025-11-20,Completed,VA,18.0
103083.0,3084.0,2025-02-25,Completed,IL,79.0
103084.0,3085.0,2025-03-29,Completed,MA,22.0
103085.0,3086.0,2025-02-04,Completed,NY,53.0
103086.0,3087.0,2025-06-05,Completed,FL,79.0
103087.0,3088.0,2025-07-28,Completed,FL,48.0
103088.0,3089.0,2025-11-21,Completed,IL,26.5
103089.0,3090.0,2025-01-10,Completed,CA,99.99
103090.0,3091.0,2025-12-28,Completed,MA,48.0
103091.0,3092.0,2025-05-16,Completed,FL,12.5
103092.0,3093.0,2025-04-21,Completed,CA,53.0
103093.0,3094.0,2025-10-31,Completed,FL,195.0
103094.0,3095.0,2025-05-26,Completed,NC,26.5
103095.0,3096.0,2025-09-10,Completed,CA,26.5
103096.0,3097.0,2025-07-02,Completed,VA,22.0
103097.0,3098.0,2025-12-02,Completed,TX,12.5
103098.0,3099.0,2025-11-20,Completed,CO,48.0
103099.0,3100.0,2025-06-13,Completed,MA,18.0
103100.0,3101.0,2025-09-04,Completed,MA,26.5
103101.0,3102.0,2025-08-12,Completed,MA,65.0
103102.0,3103.0,2025-08-21,Completed,NY,24.99
103103.0,3104.0,2025-10-04,Completed,TX,199.98
103104.0,3105.0,2025-08-04,Completed,FL,18.0
103105.0,3106.0,2025-06-08,Completed,IL,18.0
103106.0,3107.0,2025-12-11,Completed,IL,36.0
103107.0,3108.0,2025-11-16,Completed,NC,65.0
103108.0,3109.0,2025-10-03,Completed,VA,19.5
103109.0,3110.0,2025-11-12,Completed,TX,18.0
103110.0,3111.0,2025-10-18,Completed,WA,158.0
103111.0,3112.0,2025-05-02,Completed,IL,48.0
103112.0,3113.0,2025-06-22,Completed,MA,48.0
103113.0,3114.0,2025-09-18,Completed,WA,36.0
103114.0,3115.0,2025-11-05,Completed,NY,79.0
103115.0,3116.0,2025-08-07,Completed,IL,25.0
103116.0,3117.0,2025-03-25,Completed,CO,22.0
103117.0,3118.0,2025-09-27,Completed,FL,99.99
103118.0,3119.0,2025-01-20,Completed,NY,144.0
103119.0,3120.0,2025-06-01,Completed,WA,99.99
103120.0,3121.0,2025-01-10,Completed,CA,44.0
103121.0,3122.0,2025-02-15,Completed,CO,24.99
103122.0,3123.0,2025-09-14,Completed,TX,44.0
103123.0,3124.0,2025-03-04,Completed,IL,18.0
103124.0,3125.0,2025-04-21,Completed,CO,6.5
103125.0,3126.0,2025-08-28,Completed,CA,12.5
103126.0,3127.0,2025-04-21,Completed,TX,26.5
103127.0,3128.0,2025-06-10,Completed,CA,65.0
103128.0,3129.0,2025-09-23,Completed,CA,24.99
103129.0,3130.0,2025-08-08,Completed,NY,79.0
103130.0,3131.0,2025-07-10,Completed,MA,12.5
103131.0,3132.0,2025-01-06,Completed,CO,25.0
103132.0,3133.0,2025-12-15,Completed,MA,79.0
103133.0,3134.0,2025-05-22,Completed,VA,44.0
103134.0,3135.0,2025-05-27,Completed,FL,12.5
103135.0,3136.0,2025-04-16,Completed,CA,65.0
103136.0,3137.0,2025-04-29,Completed,MA,79.0
103137.0,3138.0,2025-10-19,Completed,TX,6.5
103138.0,3139.0,2025-02-03,Completed,VA,99.99
103139.0,3140.0,2025-08-15,Completed,IL,25.0
103140.0,3141.0,2025-07-04,Completed,TX,49.98
103141.0,3142.0,2025-03-16,Completed,CO,6.5
103142.0,3143.0,2026-01-14,Completed,VA,24.99
103143.0,3144.0,2025-02-02,Completed,NC,49.98
103144.0,3145.0,2025-06-24,Completed,CO,18.0
103145.0,3146.0,2025-06-04,Completed,NC,79.0
103146.0,3147.0,2025-09-04,Completed,FL,24.99
103147.0,3148.0,2025-09-03,Completed,VA,79.0
103148.0,3149.0,2025-12-05,Completed,CO,48.0
103149.0,3150.0,2025-04-22,Completed,MA,25.0
103150.0,3151.0,2025-08-14,Completed,CA,65.0
103151.0,3152.0,2025-03-08,Completed,CO,99.99
103152.0,3153.0,2025-07-28,Completed,WA,48.0
103153.0,3154.0,2025-08-26,Completed,CO,99.99
103154.0,3155.0,2025-12-15,Completed,VA,48.0
103155.0,3156.0,2025-06-17,Completed,MA,24.99
103156.0,3157.0,2025-10-01,Completed,WA,6.5
103157.0,3158.0,2025-10-11,Completed,MA,130.0
103158.0,3159.0,2025-10-30,Completed,CA,53.0
103159.0,3160.0,2026-01-10,Completed,FL,22.0
103160.0,3161.0,2025-12-17,Completed,WA,26.5
103161.0,3162.0,2025-12-14,Completed,NY,6.5
103162.0,3163.0,2025-02-26,Completed,CO,99.99
103163.0,3164.0,2025-04-30,Completed,CO,12.5
103164.0,3165.0,2025-02-21,Completed,IL,79.0
103165.0,3166.0,2025-11-15,Completed,TX,24.99
103166.0,3167.0,2026-01-04,Completed,CO,130.0
103167.0,3168.0,2025-03-29,Completed,CA,6.5
103168.0,3169.0,2025-06-05,Completed,NY,65.0
103169.0,3170.0,2025-01-09,Completed,NY,19.5
103170.0,3171.0,2025-05-25,Completed,TX,18.0
103171.0,3172.0,2025-03-27,Completed,CO,99.99
103172.0,3173.0,2025-07-22,Completed,IL,12.5
103173.0,3174.0,2025-04-30,Completed,WA,99.99
103174.0,3175.0,2025-03-28,Completed,FL,48.0
103175.0,3176.0,2025-08-20,Completed,TX,26.5
103176.0,3177.0,2025-07-21,Completed,CA,49.98
103177.0,3178.0,2025-02-13,Completed,MA,22.0
103178.0,3179.0,2025-02-23,Completed,FL,26.5
103179.0,3180.0,2025-05-31,Completed,NY,130.0
103180.0,3181.0,2025-11-28,Completed,NY,65.0
103181.0,3182.0,2025-10-24,Completed,FL,99.99
103182.0,3183.0,2025-04-07,Completed,NC,22.0
103183.0,3184.0,2025-02-13,Completed,CO,12.5
103184.0,3185.0,2025-01-19,Completed,NY,13.0
103185.0,3186.0,2025-08-10,Completed,NY,144.0
103186.0,3187.0,2025-04-05,Completed,MA,6.5
103187.0,3188.0,2025-02-26,Completed,NY,12.5
103188.0,3189.0,2025-12-13,Completed,CO,22.0
103189.0,3190.0,2025-08-15,Completed,NC,22.0
103190.0,3191.0,2025-12-14,Completed,CO,99.99
103191.0,3192.0,2025-02-06,Completed,WA,48.0
103192.0,3193.0,2025-07-30,Completed,WA,26.5
103193.0,3194.0,2025-07-07,Completed,TX,12.5
103194.0,3195.0,2025-07-29,Completed,TX,99.99
103195.0,3196.0,2025-05-13,Completed,NY,49.98
103196.0,3197.0,2026-01-14,Completed,CA,6.5
103197.0,3198.0,2025-11-08,Completed,NY,24.99
103198.0,3199.0,2025-06-08,Completed,NC,12.5
103199.0,3200.0,2025-09-01,Completed,CO,6.5
103200.0,3201.0,2025-10-22,Completed,IL,65.0
103201.0,3202.0,2025-03-24,Completed,TX,299.97
103202.0,3203.0,2025-02-10,Completed,TX,130.0
103203.0,3204.0,2025-03-17,Completed,VA,65.0
103204.0,3205.0,2025-01-27,Completed,TX,99.99
103205.0,3206.0,2025-04-30,Completed,NY,49.98
103206.0,3207.0,2025-09-19,Completed,VA,48.0
103207.0,3208.0,2025-03-14,Completed,VA,44.0
103208.0,3209.0,2025-04-26,Completed,NY,49.98
103209.0,3210.0,2025-01-10,Completed,CO,96.0
103210.0,3211.0,2025-03-25,Completed,WA,24.99
103211.0,3212.0,2025-07-25,Completed,NY,65.0
103212.0,3213.0,2025-12-08,Completed,NC,25.0
103213.0,3214.0,2025-12-22,Completed,IL,65.0
103214.0,3215.0,2025-10-03,Completed,CO,48.0
103215.0,3216.0,2025-11-27,Completed,CO,6.5
103216.0,3217.0,2025-07-07,Completed,MA,18.0
103217.0,3218.0,2025-01-17,Completed,FL,26.5
103218.0,3219.0,2025-01-07,Completed,MA,22.0
103219.0,3220.0,2025-03-20,Completed,VA,26.5
103220.0,3221.0,2025-07-20,Completed,FL,96.0
103221.0,3222.0,2025-10-31,Completed,MA,12.5
103222.0,3223.0,2025-12-18,Completed,NC,6.5
103223.0,3224.0,2025-03-28,Completed,NC,65.0
103224.0,3225.0,2026-01-12,Completed,TX,48.0
103225.0,3226.0,2025-12-23,Completed,FL,18.0
103226.0,3227.0,2025-03-03,Completed,CO,12.5
103227.0,3228.0,2025-04-01,Completed,WA,65.0
103228.0,3229.0,2025-08-02,Completed,NC,12.5
103229.0,3230.0,2025-08-28,Completed,FL,13.0
103230.0,3231.0,2025-09-18,Completed,MA,18.0
103231.0,3232.0,2025-11-26,Completed,IL,18.0
103232.0,3233.0,2025-04-21,Completed,TX,24.99
103233.0,3234.0,2025-01-13,Completed,TX,65.0
103234.0,3235.0,2025-08-23,Completed,CA,26.5
103235.0,3236.0,2025-07-13,Completed,NY,79.0
103236.0,3237.0,2025-09-07,Completed,TX,22.0
103237.0,3238.0,2025-06-28,Completed,CA,26.5
103238.0,3239.0,2025-01-04,Completed,IL,299.97
103239.0,3240.0,2025-08-12,Completed,FL,199.98
103240.0,3241.0,2025-01-12,Completed,VA,65.0
103241.0,3242.0,2025-08-09,Completed,CA,18.0
103242.0,3243.0,2025-04-26,Completed,CA,24.99
103243.0,3244.0,2025-02-06,Completed,IL,79.0
103244.0,3245.0,2025-05-05,Completed,VA,22.0
103245.0,3246.0,2025-03-14,Completed,NY,26.5
103246.0,3247.0,2025-11-10,Completed,CA,24.99
103247.0,3248.0,2025-01-04,Completed,CO,158.0
103248.0,3249.0,2025-06-05,Completed,VA,48.0
103249.0,3250.0,2025-12-22,Completed,TX,24.99
103250.0,3251.0,2025-12-24,Completed,TX,22.0
103251.0,3252.0,2025-08-07,Completed,CO,36.0
103252.0,3253.0,2025-03-06,Completed,CO,12.5
103253.0,3254.0,2026-01-06,Completed,NC,48.0
103254.0,3255.0,2025-10-15,Completed,FL,12.5
103255.0,3256.0,2026-01-01,Completed,IL,44.0
103256.0,3257.0,2025-05-01,Completed,NY,96.0
103257.0,3258.0,2025-04-24,Completed,NC,6.5
103258.0,3259.0,2025-04-04,Completed,CA,22.0
103259.0,3260.0,2025-09-15,Completed,FL,199.98
103260.0,3261.0,2025-04-18,Completed,IL,158.0
103261.0,3262.0,2025-01-06,Completed,IL,99.99
103262.0,3263.0,2025-06-26,Completed,FL,299.97
103263.0,3264.0,2025-09-16,Completed,NC,6.5
103264.0,3265.0,2025-08-12,Completed,IL,79.0
103265.0,3266.0,2025-05-11,Completed,NY,18.0
103266.0,3267.0,2025-04-11,Completed,FL,22.0
103267.0,3268.0,2025-12-16,Completed,MA,24.99
103268.0,3269.0,2025-09-14,Completed,FL,19.5
103269.0,3270.0,2025-03-07,Completed,TX,26.5
103270.0,3271.0,2025-06-27,Completed,IL,99.99
103271.0,3272.0,2025-02-23,Completed,VA,12.5
103272.0,3273.0,2025-11-01,Completed,FL,12.5
103273.0,3274.0,2025-08-08,Completed,WA,79.0
103274.0,3275.0,2025-03-10,Completed,TX,6.5
103275.0,3276.0,2025-05-28,Completed,FL,158.0
103276.0,3277.0,2025-07-27,Completed,TX,25.0
103277.0,3278.0,2025-11-12,Completed,CA,19.5
103278.0,3279.0,2025-02-02,Completed,CO,65.0
103279.0,3280.0,2025-05-10,Completed,FL,96.0
103280.0,3281.0,2025-05-27,Completed,IL,12.5
103281.0,3282.0,2025-11-11,Completed,NC,65.0
103282.0,3283.0,2025-01-10,Completed,IL,66.0
103283.0,3284.0,2025-10-12,Completed,NC,25.0
103284.0,3285.0,2025-06-08,Completed,TX,65.0
103285.0,3286.0,2025-12-31,Completed,VA,18.0
103286.0,3287.0,2025-01-29,Completed,NC,22.0
103287.0,3288.0,2025-02-20,Completed,TX,65.0
103288.0,3289.0,2025-08-28,Completed,WA,65.0
103289.0,3290.0,2025-09-02,Completed,CO,24.99
103290.0,3291.0,2025-03-11,Completed,WA,48.0
103291.0,3292.0,2025-10-03,Completed,NY,6.5
103292.0,3293.0,2025-05-31,Completed,NC,48.0
103293.0,3294.0,2025-12-13,Completed,CA,26.5
103294.0,3295.0,2025-12-21,Completed,NC,12.5
103295.0,3296.0,2025-12-18,Completed,CO,199.98
103296.0,3297.0,2025-01-11,Completed,FL,299.97
103297.0,3298.0,2025-02-06,Completed,TX,12.5
103298.0,3299.0,2025-05-14,Completed,WA,158.0
103299.0,3300.0,2025-12-18,Completed,NY,26.5
103300.0,3301.0,2025-06-04,Completed,IL,99.99
103301.0,3302.0,2025-03-13,Completed,FL,24.99
103302.0,3303.0,2025-04-22,Completed,FL,54.0
103303.0,3304.0,2025-06-29,Completed,CO,26.5
103304.0,3305.0,2025-02-06,Completed,CO,22.0
103305.0,3306.0,2025-02-11,Completed,WA,6.5
103306.0,3307.0,2025-04-25,Completed,CA,24.99
103307.0,3308.0,2025-05-05,Completed,WA,79.0
103308.0,3309.0,2025-10-30,Completed,TX,26.5
103309.0,3310.0,2025-02-10,Completed,VA,22.0
103310.0,3311.0,2025-11-15,Completed,CO,79.0
103311.0,3312.0,2025-01-05,Completed,CO,22.0
103312.0,3313.0,2025-01-24,Completed,NC,99.99
103313.0,3314.0,2025-09-09,Completed,MA,96.0
103314.0,3315.0,2025-02-07,Completed,NC,158.0
103315.0,3316.0,2025-06-03,Completed,CO,66.0
103316.0,3317.0,2025-12-19,Completed,FL,44.0
103317.0,3318.0,2025-01-15,Completed,NC,49.98
103318.0,3319.0,2025-07-06,Completed,NY,99.99
103319.0,3320.0,2025-07-15,Completed,VA,99.99
103320.0,3321.0,2025-11-25,Completed,WA,48.0
103321.0,3322.0,2025-01-17,Completed,IL,79.0
103322.0,3323.0,2025-04-14,Completed,VA,22.0
103323.0,3324.0,2025-01-25,Completed,NY,48.0
103324.0,3325.0,2026-01-11,Completed,VA,22.0
103325.0,3326.0,2025-03-10,Completed,CA,99.99
103326.0,3327.0,2025-11-27,Completed,NY,18.0
103327.0,3328.0,2025-04-21,Completed,CA,44.0
103328.0,3329.0,2025-04-16,Completed,NY,49.98
103329.0,3330.0,2025-06-28,Completed,CO,12.5
103330.0,3331.0,2025-02-04,Completed,MA,79.0
103331.0,3332.0,2025-04-11,Completed,TX,6.5
103332.0,3333.0,2026-01-03,Completed,CO,22.0
103333.0,3334.0,2026-01-06,Completed,WA,36.0
103334.0,3335.0,2025-05-16,Completed,WA,12.5
103335.0,3336.0,2025-04-20,Completed,CO,44.0
103336.0,3337.0,2025-05-09,Completed,FL,36.0
103337.0,3338.0,2025-03-07,Completed,CA,22.0
103338.0,3339.0,2025-11-16,Completed,CA,65.0
103339.0,3340.0,2026-01-05,Completed,CA,18.0
103340.0,3341.0,2025-06-26,Completed,VA,99.99
103341.0,3342.0,2025-08-24,Completed,FL,18.0
103342.0,3343.0,2025-04-23,Completed,NY,24.99
103343.0,3344.0,2025-12-19,Completed,CA,12.5
103344.0,3345.0,2025-01-26,Completed,CA,24.99
103345.0,3346.0,2025-02-10,Completed,NC,22.0
103346.0,3347.0,2025-06-21,Completed,NY,22.0
103347.0,3348.0,2025-03-09,Completed,NC,6.5
103348.0,3349.0,2025-06-30,Completed,FL,99.99
103349.0,3350.0,2025-09-01,Completed,FL,44.0
103350.0,3351.0,2025-01-22,Completed,TX,18.0
103351.0,3352.0,2025-03-18,Completed,CO,12.5
103352.0,3353.0,2025-01-13,Completed,CA,26.5
103353.0,3354.0,2025-12-23,Completed,CO,299.97
103354.0,3355.0,2025-05-07,Completed,FL,99.99
103355.0,3356.0,2025-04-10,Completed,CA,6.5
103356.0,3357.0,2025-02-26,Completed,VA,13.0
103357.0,3358.0,2025-06-19,Completed,IL,99.99
103358.0,3359.0,2025-06-16,Completed,IL,18.0
103359.0,3360.0,2025-06-05,Completed,FL,99.99
103360.0,3361.0,2025-05-10,Completed,NC,79.0
103361.0,3362.0,2025-12-20,Completed,TX,36.0
103362.0,3363.0,2025-03-01,Completed,MA,44.0
103363.0,3364.0,2025-12-23,Completed,MA,65.0
103364.0,3365.0,2025-07-18,Completed,WA,12.5
103365.0,3366.0,2026-01-09,Completed,NC,48.0
103366.0,3367.0,2025-11-03,Completed,NC,99.99
103367.0,3368.0,2025-02-17,Completed,WA,12.5
103368.0,3369.0,2025-10-06,Completed,VA,22.0
103369.0,3370.0,2025-01-25,Completed,IL,74.97
103370.0,3371.0,2025-03-13,Completed,FL,53.0
103371.0,3372.0,2025-01-04,Completed,CA,18.0
103372.0,3373.0,2025-06-16,Completed,TX,24.99
103373.0,3374.0,2025-02-07,Completed,NC,199.98
103374.0,3375.0,2025-02-24,Completed,MA,130.0
103375.0,3376.0,2025-09-25,Completed,TX,99.99
103376.0,3377.0,2026-01-14,Completed,VA,53.0
103377.0,3378.0,2025-09-03,Completed,MA,26.5
103378.0,3379.0,2025-01-18,Completed,MA,48.0
103379.0,3380.0,2025-09-06,Completed,NC,65.0
103380.0,3381.0,2025-03-28,Completed,MA,22.0
103381.0,3382.0,2025-08-07,Completed,TX,6.5
103382.0,3383.0,2025-07-03,Completed,NY,6.5
103383.0,3384.0,2025-04-06,Completed,NY,26.5
103384.0,3385.0,2025-10-05,Completed,FL,48.0
103385.0,3386.0,2025-06-19,Completed,IL,99.99
103386.0,3387.0,2025-02-26,Completed,IL,199.98
103387.0,3388.0,2025-08-29,Completed,CO,24.99
103388.0,3389.0,2025-07-17,Completed,WA,24.99
103389.0,3390.0,2025-06-04,Completed,VA,6.5
103390.0,3391.0,2025-08-25,Completed,CA,48.0
103391.0,3392.0,2025-03-04,Completed,NC,99.99
103392.0,3393.0,2025-01-17,Completed,MA,237.0
103393.0,3394.0,2025-03-29,Completed,TX,24.99
103394.0,3395.0,2026-01-13,Completed,CO,6.5
103395.0,3396.0,2025-02-14,Completed,VA,79.0
103396.0,3397.0,2025-07-01,Completed,WA,6.5
103397.0,3398.0,2025-02-26,Completed,TX,12.5
103398.0,3399.0,2025-10-19,Completed,MA,199.98
103399.0,3400.0,2025-04-01,Completed,FL,13.0
103400.0,3401.0,2025-02-13,Completed,CA,18.0
103401.0,3402.0,2025-07-08,Completed,NC,130.0
103402.0,3403.0,2025-09-23,Completed,TX,6.5
103403.0,3404.0,2025-06-20,Completed,VA,48.0
103404.0,3405.0,2025-02-03,Completed,FL,25.0
103405.0,3406.0,2025-08-23,Completed,MA,24.99
103406.0,3407.0,2025-05-24,Completed,WA,12.5
103407.0,3408.0,2025-03-05,Completed,WA,18.0
103408.0,3409.0,2025-07-11,Completed,NC,24.99
103409.0,3410.0,2025-06-12,Completed,VA,65.0
103410.0,3411.0,2025-04-05,Completed,CO,99.99
103411.0,3412.0,2025-04-10,Completed,TX,6.5
103412.0,3413.0,2025-04-16,Completed,VA,99.99
103413.0,3414.0,2025-01-15,Completed,NY,25.0
103414.0,3415.0,2025-07-15,Completed,FL,99.99
103415.0,3416.0,2025-08-30,Completed,IL,79.0
103416.0,3417.0,2025-06-15,Completed,CO,13.0
103417.0,3418.0,2025-03-25,Completed,NC,199.98
103418.0,3419.0,2025-01-18,Completed,WA,12.5
103419.0,3420.0,2025-03-30,Completed,CO,25.0
103420.0,3421.0,2025-06-22,Completed,NC,99.99
103421.0,3422.0,2025-10-06,Completed,TX,65.0
103422.0,3423.0,2025-04-21,Completed,CA,199.98
103423.0,3424.0,2025-10-22,Completed,NY,6.5
103424.0,3425.0,2025-09-14,Completed,WA,22.0
103425.0,3426.0,2025-10-11,Completed,TX,37.5
103426.0,3427.0,2025-06-29,Completed,CA,18.0
103427.0,3428.0,2025-06-03,Completed,CO,12.5
103428.0,3429.0,2025-06-12,Completed,WA,74.97
103429.0,3430.0,2025-03-15,Completed,NC,26.5
103430.0,3431.0,2025-02-08,Completed,NY,79.0
103431.0,3432.0,2025-03-16,Completed,CO,49.98
103432.0,3433.0,2025-06-05,Completed,FL,24.99
103433.0,3434.0,2025-04-26,Completed,CO,53.0
103434.0,3435.0,2025-11-01,Completed,TX,48.0
103435.0,3436.0,2025-05-24,Completed,NY,44.0
103436.0,3437.0,2025-10-31,Completed,WA,65.0
103437.0,3438.0,2025-07-26,Completed,FL,36.0
103438.0,3439.0,2025-02-10,Completed,CO,6.5
103439.0,3440.0,2025-07-14,Completed,NC,26.5
103440.0,3441.0,2025-12-01,Completed,VA,158.0
103441.0,3442.0,2025-07-28,Completed,VA,49.98
103442.0,3443.0,2025-11-01,Completed,CO,6.5
103443.0,3444.0,2025-05-25,Completed,IL,26.5
103444.0,3445.0,2025-06-07,Completed,VA,12.5
103445.0,3446.0,2025-02-27,Completed,MA,79.0
103446.0,3447.0,2026-01-03,Completed,CO,12.5
103447.0,3448.0,2025-04-07,Completed,CA,158.0
103448.0,3449.0,2025-04-22,Completed,NC,22.0
103449.0,3450.0,2025-11-23,Completed,NC,26.5
103450.0,3451.0,2025-01-22,Completed,NY,24.99
103451.0,3452.0,2025-03-28,Completed,VA,199.98
103452.0,3453.0,2025-06-22,Completed,TX,37.5
103453.0,3454.0,2025-12-15,Completed,WA,44.0
103454.0,3455.0,2025-06-09,Completed,MA,26.5
103455.0,3456.0,2025-05-19,Completed,MA,99.99
103456.0,3457.0,2025-08-28,Completed,NC,24.99
103457.0,3458.0,2025-04-26,Completed,CA,130.0
103458.0,3459.0,2025-10-19,Completed,CO,99.99
103459.0,3460.0,2025-05-10,Completed,FL,22.0
103460.0,3461.0,2025-04-08,Completed,TX,79.0
103461.0,3462.0,2025-04-22,Completed,NC,19.5
103462.0,3463.0,2025-08-16,Completed,CA,22.0
103463.0,3464.0,2025-08-24,Completed,IL,48.0
103464.0,3465.0,2025-09-12,Completed,NY,79.0
103465.0,3466.0,2025-03-01,Completed,TX,65.0
103466.0,3467.0,2025-01-03,Completed,CO,99.99
103467.0,3468.0,2025-09-04,Completed,WA,48.0
103468.0,3469.0,2025-05-04,Completed,IL,26.5
103469.0,3470.0,2025-10-01,Completed,CA,26.5
103470.0,3471.0,2025-07-18,Completed,IL,24.99
103471.0,3472.0,2025-06-05,Completed,NY,195.0
103472.0,3473.0,2025-11-07,Completed,MA,12.5
103473.0,3474.0,2026-01-07,Completed,CO,18.0
103474.0,3475.0,2025-11-04,Completed,MA,6.5
103475.0,3476.0,2025-02-17,Completed,WA,26.5
103476.0,3477.0,2025-04-29,Completed,NY,18.0
103477.0,3478.0,2025-03-11,Completed,IL,99.99
103478.0,3479.0,2025-01-05,Completed,MA,22.0
103479.0,3480.0,2025-12-16,Completed,CA,13.0
103480.0,3481.0,2025-11-06,Completed,NC,12.5
103481.0,3482.0,2025-03-10,Completed,FL,79.0
103482.0,3483.0,2025-02-01,Completed,CO,48.0
103483.0,3484.0,2025-04-18,Completed,CO,12.5
103484.0,3485.0,2025-12-18,Completed,CO,6.5
103485.0,3486.0,2025-06-17,Completed,CA,79.0
103486.0,3487.0,2025-05-01,Completed,CO,53.0
103487.0,3488.0,2025-10-29,Completed,WA,199.98
103488.0,3489.0,2025-03-03,Completed,IL,13.0
103489.0,3490.0,2025-10-20,Completed,NC,24.99
103490.0,3491.0,2025-10-31,Completed,CA,36.0
103491.0,3492.0,2025-05-01,Completed,TX,144.0
103492.0,3493.0,2026-01-12,Completed,TX,79.0
103493.0,3494.0,2025-10-12,Completed,WA,12.5
103494.0,3495.0,2025-03-01,Completed,NY,48.0
103495.0,3496.0,2025-06-19,Completed,CO,48.0
103496.0,3497.0,2025-12-06,Completed,TX,26.5
103497.0,3498.0,2025-11-08,Completed,CA,65.0
103498.0,3499.0,2025-10-07,Completed,WA,99.99
103499.0,3500.0,2025-11-15,Completed,CO,22.0
103500.0,3501.0,2025-08-17,Completed,NC,24.99
103501.0,3502.0,2025-01-21,Completed,FL,44.0
103502.0,3503.0,2025-11-12,Completed,IL,199.98
103503.0,3504.0,2025-06-26,Completed,FL,22.0
103504.0,3505.0,2025-10-14,Completed,MA,54.0
103505.0,3506.0,2025-03-13,Completed,MA,99.99
103506.0,3507.0,2025-08-06,Completed,CO,22.0
103507.0,3508.0,2025-11-26,Completed,IL,12.5
103508.0,3509.0,2025-11-23,Completed,FL,26.5
103509.0,3510.0,2025-11-29,Completed,NY,12.5
103510.0,3511.0,2025-05-08,Completed,WA,299.97
103511.0,3512.0,2025-11-06,Completed,CO,199.98
103512.0,3513.0,2025-06-26,Completed,IL,48.0
103513.0,3514.0,2025-10-19,Completed,FL,79.0
103514.0,3515.0,2025-09-15,Completed,NY,13.0
103515.0,3516.0,2025-08-25,Completed,IL,144.0
103516.0,3517.0,2025-09-14,Completed,CA,18.0
103517.0,3518.0,2025-01-07,Completed,NC,79.0
103518.0,3519.0,2025-06-03,Completed,CA,48.0
103519.0,3520.0,2025-01-30,Completed,NC,12.5
103520.0,3521.0,2025-11-14,Completed,CA,12.5
103521.0,3522.0,2025-09-29,Completed,WA,48.0
103522.0,3523.0,2025-04-24,Completed,CO,26.5
103523.0,3524.0,2025-01-30,Completed,TX,79.0
103524.0,3525.0,2025-02-06,Completed,NC,96.0
103525.0,3526.0,2025-01-14,Completed,IL,79.0
103526.0,3527.0,2025-06-18,Completed,CA,65.0
103527.0,3528.0,2025-03-09,Completed,TX,26.5
103528.0,3529.0,2025-04-13,Completed,VA,24.99
103529.0,3530.0,2025-11-04,Completed,MA,24.99
103530.0,3531.0,2025-10-25,Completed,MA,6.5
103531.0,3532.0,2025-05-06,Completed,MA,18.0
103532.0,3533.0,2025-12-26,Completed,NY,65.0
103533.0,3534.0,2025-01-16,Completed,WA,18.0
103534.0,3535.0,2025-10-25,Completed,CA,24.99
103535.0,3536.0,2025-01-15,Completed,TX,26.5
103536.0,3537.0,2025-02-07,Completed,FL,24.99
103537.0,3538.0,2025-01-07,Completed,CO,12.5
103538.0,3539.0,2025-04-18,Completed,NC,158.0
103539.0,3540.0,2025-02-28,Completed,VA,22.0
103540.0,3541.0,2025-05-14,Completed,NY,24.99
103541.0,3542.0,2025-05-18,Completed,VA,18.0
103542.0,3543.0,2025-12-17,Completed,TX,99.99
103543.0,3544.0,2025-12-11,Completed,CA,6.5
103544.0,3545.0,2025-09-25,Completed,CO,22.0
103545.0,3546.0,2026-01-09,Completed,IL,53.0
103546.0,3547.0,2025-08-28,Completed,NC,48.0
103547.0,3548.0,2025-05-08,Completed,CA,24.99
103548.0,3549.0,2025-10-25,Completed,NY,49.98
103549.0,3550.0,2025-02-18,Completed,NC,18.0
103550.0,3551.0,2025-04-13,Completed,FL,25.0
103551.0,3552.0,2025-01-16,Completed,NC,158.0
103552.0,3553.0,2025-11-23,Completed,NY,44.0
103553.0,3554.0,2025-09-22,Completed,IL,25.0
103554.0,3555.0,2025-06-26,Completed,WA,12.5
103555.0,3556.0,2025-05-06,Completed,TX,79.0
103556.0,3557.0,2025-06-19,Completed,NC,6.5
103557.0,3558.0,2025-12-30,Completed,MA,65.0
103558.0,3559.0,2025-04-18,Completed,VA,99.99
103559.0,3560.0,2025-06-09,Completed,TX,18.0
103560.0,3561.0,2025-08-13,Completed,IL,79.0
103561.0,3562.0,2025-10-02,Completed,NC,79.0
103562.0,3563.0,2025-08-07,Completed,TX,36.0
103563.0,3564.0,2025-01-24,Completed,CO,65.0
103564.0,3565.0,2025-03-23,Completed,VA,18.0
103565.0,3566.0,2025-11-07,Completed,MA,18.0
103566.0,3567.0,2025-03-15,Completed,NC,49.98
103567.0,3568.0,2025-02-20,Completed,WA,6.5
103568.0,3569.0,2025-09-20,Completed,FL,22.0
103569.0,3570.0,2025-11-08,Completed,CO,26.5
103570.0,3571.0,2025-11-24,Completed,IL,48.0
103571.0,3572.0,2025-10-30,Completed,NY,96.0
103572.0,3573.0,2025-11-25,Completed,CA,48.0
103573.0,3574.0,2025-11-09,Completed,VA,65.0
103574.0,3575.0,2025-03-01,Completed,CA,18.0
103575.0,3576.0,2025-01-23,Completed,NY,96.0
103576.0,3577.0,2026-01-01,Completed,VA,6.5
103577.0,3578.0,2025-02-13,Completed,VA,65.0
103578.0,3579.0,2025-01-29,Completed,NY,22.0
103579.0,3580.0,2025-09-18,Completed,NC,96.0
103580.0,3581.0,2025-05-06,Completed,NC,36.0
103581.0,3582.0,2025-12-03,Completed,CO,37.5
103582.0,3583.0,2025-03-01,Completed,WA,24.99
103583.0,3584.0,2025-10-16,Completed,FL,96.0
103584.0,3585.0,2025-06-09,Completed,CA,99.99
103585.0,3586.0,2025-08-07,Completed,FL,22.0
103586.0,3587.0,2025-07-24,Completed,IL,26.5
103587.0,3588.0,2025-11-08,Completed,CO,299.97
103588.0,3589.0,2025-01-05,Completed,VA,65.0
103589.0,3590.0,2025-11-12,Completed,WA,13.0
103590.0,3591.0,2025-10-07,Completed,TX,18.0
103591.0,3592.0,2025-07-21,Completed,VA,12.5
103592.0,3593.0,2025-03-20,Completed,IL,65.0
103593.0,3594.0,2025-10-28,Completed,CO,99.99
103594.0,3595.0,2025-04-22,Completed,CO,49.98
103595.0,3596.0,2025-08-19,Completed,IL,24.99
103596.0,3597.0,2025-10-19,Completed,VA,199.98
103597.0,3598.0,2025-03-02,Completed,CO,25.0
103598.0,3599.0,2025-04-07,Completed,TX,237.0
103599.0,3600.0,2025-08-05,Completed,NC,65.0
103600.0,3601.0,2025-09-12,Completed,NC,96.0
103601.0,3602.0,2025-10-31,Completed,NC,12.5
103602.0,3603.0,2025-08-09,Completed,MA,99.99
103603.0,3604.0,2025-02-27,Completed,CO,22.0
103604.0,3605.0,2025-08-03,Completed,NC,12.5
103605.0,3606.0,2025-07-29,Completed,IL,48.0
103606.0,3607.0,2025-05-10,Completed,MA,24.99
103607.0,3608.0,2025-12-07,Completed,NY,79.0
103608.0,3609.0,2025-12-18,Completed,WA,79.5
103609.0,3610.0,2025-07-09,Completed,FL,12.5
103610.0,3611.0,2025-08-05,Completed,IL,24.99
103611.0,3612.0,2025-07-22,Completed,CA,6.5
103612.0,3613.0,2025-09-02,Completed,IL,49.98
103613.0,3614.0,2025-05-03,Completed,TX,48.0
103614.0,3615.0,2025-03-16,Completed,WA,22.0
103615.0,3616.0,2025-07-11,Completed,NC,36.0
103616.0,3617.0,2025-07-21,Completed,MA,99.99
103617.0,3618.0,2025-11-11,Completed,NC,24.99
103618.0,3619.0,2025-09-23,Completed,VA,199.98
103619.0,3620.0,2025-04-14,Completed,MA,44.0
103620.0,3621.0,2025-09-28,Completed,WA,13.0
103621.0,3622.0,2025-02-05,Completed,VA,96.0
103622.0,3623.0,2025-11-18,Completed,IL,13.0
103623.0,3624.0,2025-07-08,Completed,CA,79.0
103624.0,3625.0,2025-02-22,Completed,MA,24.99
103625.0,3626.0,2025-07-01,Completed,WA,65.0
103626.0,3627.0,2025-12-19,Completed,CA,12.5
103627.0,3628.0,2025-11-23,Completed,IL,24.99
103628.0,3629.0,2025-06-30,Completed,CO,24.99
103629.0,3630.0,2025-12-02,Completed,WA,18.0
103630.0,3631.0,2025-01-16,Completed,MA,65.0
103631.0,3632.0,2025-10-10,Completed,NC,22.0
103632.0,3633.0,2025-09-01,Completed,FL,22.0
103633.0,3634.0,2025-11-02,Completed,CA,22.0
103634.0,3635.0,2025-05-02,Completed,FL,48.0
103635.0,3636.0,2025-04-14,Completed,MA,65.0
103636.0,3637.0,2025-05-29,Completed,CO,18.0
103637.0,3638.0,2025-04-19,Completed,NC,44.0
103638.0,3639.0,2025-12-13,Completed,NY,26.5
103639.0,3640.0,2025-02-27,Completed,FL,26.5
103640.0,3641.0,2025-05-06,Completed,IL,24.99
103641.0,3642.0,2025-03-01,Completed,TX,36.0
103642.0,3643.0,2025-12-30,Completed,CA,18.0
103643.0,3644.0,2025-04-28,Completed,IL,18.0
103644.0,3645.0,2025-12-26,Completed,NC,79.0
103645.0,3646.0,2025-12-18,Completed,CO,99.99
103646.0,3647.0,2025-07-24,Completed,FL,12.5
103647.0,3648.0,2025-09-16,Completed,WA,65.0
103648.0,3649.0,2025-03-29,Completed,WA,49.98
103649.0,3650.0,2025-03-27,Completed,VA,79.0
103650.0,3651.0,2025-01-22,Completed,NC,36.0
103651.0,3652.0,2025-08-25,Completed,IL,48.0
103652.0,3653.0,2025-01-05,Completed,FL,237.0
103653.0,3654.0,2025-04-01,Completed,WA,48.0
103654.0,3655.0,2025-06-12,Completed,FL,44.0
103655.0,3656.0,2026-01-04,Completed,NC,26.5
103656.0,3657.0,2025-08-08,Completed,MA,65.0
103657.0,3658.0,2025-06-10,Completed,NC,25.0
103658.0,3659.0,2025-11-26,Completed,VA,48.0
103659.0,3660.0,2025-06-11,Completed,FL,44.0
103660.0,3661.0,2025-10-04,Completed,MA,24.99
103661.0,3662.0,2025-06-29,Completed,VA,79.0
103662.0,3663.0,2025-10-11,Completed,CO,36.0
103663.0,3664.0,2025-07-28,Completed,CA,6.5
103664.0,3665.0,2025-02-19,Completed,NC,79.0
103665.0,3666.0,2025-05-16,Completed,VA,26.5
103666.0,3667.0,2025-05-09,Completed,IL,13.0
103667.0,3668.0,2025-05-25,Completed,MA,26.5
103668.0,3669.0,2025-08-26,Completed,CA,49.98
103669.0,3670.0,2025-07-13,Completed,CA,18.0
103670.0,3671.0,2025-10-06,Completed,MA,36.0
103671.0,3672.0,2026-01-02,Completed,WA,79.0
103672.0,3673.0,2025-04-28,Completed,IL,158.0
103673.0,3674.0,2025-06-04,Completed,MA,48.0
103674.0,3675.0,2025-03-21,Completed,TX,79.0
103675.0,3676.0,2025-02-19,Completed,MA,65.0
103676.0,3677.0,2025-01-25,Completed,IL,18.0
103677.0,3678.0,2025-02-02,Completed,TX,48.0
103678.0,3679.0,2025-07-22,Completed,MA,26.5
103679.0,3680.0,2025-08-20,Completed,TX,12.5
103680.0,3681.0,2025-05-04,Completed,IL,79.0
103681.0,3682.0,2025-10-24,Completed,TX,26.5
103682.0,3683.0,2025-02-22,Completed,MA,18.0
103683.0,3684.0,2025-07-01,Completed,TX,6.5
103684.0,3685.0,2025-12-15,Completed,MA,22.0
103685.0,3686.0,2025-09-24,Completed,CO,18.0
103686.0,3687.0,2025-03-01,Completed,WA,54.0
103687.0,3688.0,2025-08-09,Completed,TX,26.5
103688.0,3689.0,2025-07-09,Completed,WA,26.5
103689.0,3690.0,2025-07-31,Completed,VA,199.98
103690.0,3691.0,2025-02-24,Completed,FL,65.0
103691.0,3692.0,2025-04-03,Completed,WA,65.0
103692.0,3693.0,2025-06-12,Completed,IL,37.5
103693.0,3694.0,2025-03-19,Completed,CA,22.0
103694.0,3695.0,2025-09-10,Completed,CO,199.98
103695.0,3696.0,2025-02-09,Completed,NY,12.5
103696.0,3697.0,2025-12-03,Completed,CO,24.99
103697.0,3698.0,2025-05-04,Completed,CA,18.0
103698.0,3699.0,2025-01-13,Completed,VA,22.0
103699.0,3700.0,2025-02-25,Completed,IL,18.0
103700.0,3701.0,2025-12-23,Completed,VA,65.0
103701.0,3702.0,2025-11-02,Completed,WA,18.0
103702.0,3703.0,2025-05-26,Completed,CA,130.0
103703.0,3704.0,2025-11-11,Completed,NY,12.5
103704.0,3705.0,2025-09-09,Completed,CO,99.99
103705.0,3706.0,2025-12-16,Completed,NY,195.0
103706.0,3707.0,2025-08-18,Completed,NY,79.0
103707.0,3708.0,2025-05-13,Completed,TX,12.5
103708.0,3709.0,2025-04-20,Completed,CO,24.99
103709.0,3710.0,2025-12-30,Completed,NY,65.0
103710.0,3711.0,2025-04-12,Completed,CO,36.0
103711.0,3712.0,2025-01-16,Completed,VA,12.5
103712.0,3713.0,2025-03-10,Completed,IL,79.0
103713.0,3714.0,2025-05-25,Completed,FL,24.99
103714.0,3715.0,2025-12-07,Completed,CA,158.0
103715.0,3716.0,2025-08-25,Completed,CO,18.0
103716.0,3717.0,2025-02-05,Completed,FL,99.99
103717.0,3718.0,2025-11-25,Completed,NY,79.0
103718.0,3719.0,2025-11-06,Completed,IL,74.97
103719.0,3720.0,2025-04-03,Completed,IL,48.0
103720.0,3721.0,2025-06-08,Completed,VA,26.5
103721.0,3722.0,2026-01-01,Completed,FL,6.5
103722.0,3723.0,2025-11-10,Completed,FL,18.0
103723.0,3724.0,2025-04-17,Completed,TX,6.5
103724.0,3725.0,2025-03-17,Completed,NY,6.5
103725.0,3726.0,2025-11-24,Completed,FL,6.5
103726.0,3727.0,2025-11-23,Completed,CO,22.0
103727.0,3728.0,2025-08-01,Completed,NY,22.0
103728.0,3729.0,2025-02-26,Completed,FL,79.0
103729.0,3730.0,2025-06-05,Completed,WA,79.0
103730.0,3731.0,2025-06-11,Completed,NY,6.5
103731.0,3732.0,2025-02-19,Completed,CO,79.0
103732.0,3733.0,2025-11-20,Completed,MA,79.0
103733.0,3734.0,2025-08-30,Completed,CO,99.99
103734.0,3735.0,2025-12-12,Completed,IL,237.0
103735.0,3736.0,2025-08-25,Completed,VA,65.0
103736.0,3737.0,2025-01-21,Completed,TX,99.99
103737.0,3738.0,2025-02-04,Completed,NC,48.0
103738.0,3739.0,2025-09-14,Completed,FL,99.99
103739.0,3740.0,2025-03-08,Completed,FL,18.0
103740.0,3741.0,2025-03-09,Completed,VA,24.99
103741.0,3742.0,2025-10-13,Completed,VA,26.5
103742.0,3743.0,2025-05-30,Completed,CO,18.0
103743.0,3744.0,2025-01-10,Completed,MA,26.5
103744.0,3745.0,2025-02-19,Completed,VA,24.99
103745.0,3746.0,2025-09-01,Completed,FL,13.0
103746.0,3747.0,2025-12-23,Completed,NY,24.99
103747.0,3748.0,2025-03-25,Completed,TX,6.5
103748.0,3749.0,2025-10-21,Completed,MA,65.0
103749.0,3750.0,2025-05-10,Completed,VA,48.0
103750.0,3751.0,2025-12-02,Completed,CO,49.98
103751.0,3752.0,2025-10-28,Completed,CA,13.0
103752.0,3753.0,2025-02-09,Completed,NC,26.5
103753.0,3754.0,2025-11-19,Completed,CO,99.99
103754.0,3755.0,2025-09-10,Completed,CO,65.0
103755.0,3756.0,2025-11-16,Completed,CO,6.5
103756.0,3757.0,2025-11-09,Completed,NC,79.0
103757.0,3758.0,2025-08-27,Completed,IL,26.5
103758.0,3759.0,2025-01-12,Completed,NC,18.0
103759.0,3760.0,2025-02-22,Completed,TX,53.0
103760.0,3761.0,2026-01-10,Completed,FL,99.99
103761.0,3762.0,2026-01-03,Completed,NY,24.99
103762.0,3763.0,2025-08-20,Completed,CA,99.99
103763.0,3764.0,2025-06-04,Completed,WA,48.0
103764.0,3765.0,2025-04-22,Completed,CO,18.0
103765.0,3766.0,2025-04-06,Completed,FL,49.98
103766.0,3767.0,2025-08-18,Completed,VA,199.98
103767.0,3768.0,2025-05-20,Completed,CA,48.0
103768.0,3769.0,2025-10-04,Completed,WA,25.0
103769.0,3770.0,2025-04-13,Completed,FL,6.5
103770.0,3771.0,2025-12-11,Completed,TX,12.5
103771.0,3772.0,2025-06-30,Completed,FL,44.0
103772.0,3773.0,2025-07-15,Completed,IL,44.0
103773.0,3774.0,2025-01-23,Completed,NC,65.0
103774.0,3775.0,2025-01-20,Completed,IL,18.0
103775.0,3776.0,2025-05-03,Completed,CO,22.0
103776.0,3777.0,2025-03-14,Completed,FL,6.5
103777.0,3778.0,2025-07-27,Completed,FL,36.0
103778.0,3779.0,2025-08-12,Completed,NC,18.0
103779.0,3780.0,2025-09-16,Completed,VA,25.0
103780.0,3781.0,2025-02-15,Completed,WA,66.0
103781.0,3782.0,2025-03-03,Completed,VA,99.99
103782.0,3783.0,2025-09-09,Completed,MA,37.5
103783.0,3784.0,2025-04-10,Completed,CA,158.0
103784.0,3785.0,2025-07-31,Completed,CA,6.5
103785.0,3786.0,2025-03-03,Completed,NC,25.0
103786.0,3787.0,2025-04-19,Completed,CA,99.99
103787.0,3788.0,2025-08-27,Completed,CO,99.99
103788.0,3789.0,2025-01-19,Completed,CA,22.0
103789.0,3790.0,2025-07-12,Completed,FL,96.0
103790.0,3791.0,2025-07-27,Completed,MA,65.0
103791.0,3792.0,2025-08-13,Completed,CA,12.5
103792.0,3793.0,2025-07-18,Completed,NC,99.99
103793.0,3794.0,2025-05-11,Completed,FL,6.5
103794.0,3795.0,2025-07-12,Completed,CO,24.99
103795.0,3796.0,2025-04-17,Completed,TX,130.0
103796.0,3797.0,2025-02-21,Completed,MA,22.0
103797.0,3798.0,2025-04-06,Completed,VA,130.0
103798.0,3799.0,2025-06-23,Completed,TX,99.99
103799.0,3800.0,2025-04-05,Completed,CA,6.5
103800.0,3801.0,2025-02-21,Completed,VA,22.0
103801.0,3802.0,2025-01-19,Completed,MA,22.0
103802.0,3803.0,2025-10-14,Completed,TX,65.0
103803.0,3804.0,2025-07-13,Completed,VA,18.0
103804.0,3805.0,2025-05-31,Completed,NY,24.99
103805.0,3806.0,2025-04-21,Completed,IL,22.0
103806.0,3807.0,2025-06-25,Completed,NY,36.0
103807.0,3808.0,2025-04-10,Completed,CA,79.0
103808.0,3809.0,2025-10-15,Completed,NC,65.0
103809.0,3810.0,2025-05-03,Completed,NC,6.5
103810.0,3811.0,2025-11-30,Completed,NC,48.0
103811.0,3812.0,2025-11-26,Completed,NY,6.5
103812.0,3813.0,2025-06-27,Completed,CA,65.0
103813.0,3814.0,2025-03-05,Completed,TX,99.99
103814.0,3815.0,2025-01-21,Completed,TX,96.0
103815.0,3816.0,2025-12-16,Completed,CA,26.5
103816.0,3817.0,2025-03-22,Completed,CO,96.0
103817.0,3818.0,2025-10-15,Completed,MA,49.98
103818.0,3819.0,2025-03-16,Completed,TX,158.0
103819.0,3820.0,2025-04-29,Completed,MA,48.0
103820.0,3821.0,2025-05-31,Completed,FL,65.0
103821.0,3822.0,2025-11-23,Completed,MA,24.99
103822.0,3823.0,2025-04-01,Completed,FL,12.5
103823.0,3824.0,2025-06-12,Completed,FL,79.0
103824.0,3825.0,2025-04-07,Completed,VA,48.0
103825.0,3826.0,2025-03-05,Completed,IL,24.99
103826.0,3827.0,2025-06-30,Completed,VA,158.0
103827.0,3828.0,2025-11-29,Completed,CO,48.0
103828.0,3829.0,2025-11-14,Completed,NY,13.0
103829.0,3830.0,2025-02-21,Completed,FL,24.99
103830.0,3831.0,2025-02-23,Completed,WA,158.0
103831.0,3832.0,2025-03-22,Completed,TX,18.0
103832.0,3833.0,2025-08-22,Completed,CA,99.99
103833.0,3834.0,2025-06-29,Completed,NY,36.0
103834.0,3835.0,2025-06-24,Completed,CA,96.0
103835.0,3836.0,2025-10-05,Completed,CO,96.0
103836.0,3837.0,2025-06-30,Completed,MA,24.99
103837.0,3838.0,2025-10-31,Completed,VA,36.0
103838.0,3839.0,2025-06-29,Completed,CO,12.5
103839.0,3840.0,2025-08-07,Completed,VA,26.5
103840.0,3841.0,2025-02-04,Completed,VA,12.5
103841.0,3842.0,2025-08-01,Completed,NY,26.5
103842.0,3843.0,2025-01-02,Completed,NC,26.5
103843.0,3844.0,2025-01-30,Completed,VA,130.0
103844.0,3845.0,2025-01-21,Completed,FL,22.0
103845.0,3846.0,2025-12-15,Completed,VA,6.5
103846.0,3847.0,2025-04-26,Completed,CO,48.0
103847.0,3848.0,2025-01-26,Completed,WA,49.98
103848.0,3849.0,2026-01-01,Completed,FL,48.0
103849.0,3850.0,2025-05-08,Completed,NC,24.99
103850.0,3851.0,2025-10-23,Completed,CO,65.0
103851.0,3852.0,2025-02-19,Completed,WA,48.0
103852.0,3853.0,2025-01-31,Completed,NC,65.0
103853.0,3854.0,2025-12-16,Completed,MA,22.0
103854.0,3855.0,2025-08-25,Completed,NY,18.0
103855.0,3856.0,2025-12-27,Completed,VA,65.0
103856.0,3857.0,2025-01-17,Completed,NY,65.0
103857.0,3858.0,2025-03-11,Completed,TX,96.0
103858.0,3859.0,2025-01-16,Completed,MA,12.5
103859.0,3860.0,2025-02-15,Completed,NY,12.5
103860.0,3861.0,2025-07-01,Completed,NC,6.5
103861.0,3862.0,2025-06-15,Completed,WA,6.5
103862.0,3863.0,2025-01-28,Completed,MA,12.5
103863.0,3864.0,2025-12-30,Completed,CA,48.0
103864.0,3865.0,2025-06-12,Completed,NC,13.0
103865.0,3866.0,2025-06-22,Completed,FL,79.0
103866.0,3867.0,2025-08-26,Completed,NC,99.99
103867.0,3868.0,2025-09-20,Completed,NC,65.0
103868.0,3869.0,2025-09-04,Completed,MA,6.5
103869.0,3870.0,2025-08-13,Completed,IL,79.0
103870.0,3871.0,2025-07-03,Completed,FL,12.5
103871.0,3872.0,2025-05-27,Completed,FL,36.0
103872.0,3873.0,2025-11-06,Completed,TX,49.98
103873.0,3874.0,2025-04-13,Completed,NY,18.0
103874.0,3875.0,2025-11-22,Completed,FL,65.0
103875.0,3876.0,2025-01-20,Completed,NY,24.99
103876.0,3877.0,2025-03-20,Completed,IL,22.0
103877.0,3878.0,2025-09-11,Completed,WA,99.99
103878.0,3879.0,2025-03-25,Completed,MA,24.99
103879.0,3880.0,2025-10-18,Completed,VA,6.5
103880.0,3881.0,2025-04-02,Completed,WA,79.0
103881.0,3882.0,2025-04-21,Completed,MA,37.5
103882.0,3883.0,2025-07-19,Completed,IL,12.5
103883.0,3884.0,2025-10-21,Completed,VA,22.0
103884.0,3885.0,2025-04-16,Completed,TX,12.5
103885.0,3886.0,2025-11-24,Completed,IL,18.0
103886.0,3887.0,2025-12-03,Completed,NY,26.5
103887.0,3888.0,2025-06-01,Completed,NY,12.5
103888.0,3889.0,2025-05-08,Completed,VA,44.0
103889.0,3890.0,2025-06-09,Completed,TX,48.0
103890.0,3891.0,2025-11-20,Completed,WA,53.0
103891.0,3892.0,2025-01-04,Completed,VA,22.0
103892.0,3893.0,2025-10-12,Completed,MA,66.0
103893.0,3894.0,2026-01-04,Completed,MA,22.0
103894.0,3895.0,2025-03-04,Completed,CA,37.5
103895.0,3896.0,2025-09-16,Completed,FL,26.5
103896.0,3897.0,2025-09-28,Completed,WA,79.0
103897.0,3898.0,2026-01-15,Completed,NY,99.99
103898.0,3899.0,2025-07-10,Completed,NC,24.99
103899.0,3900.0,2025-03-20,Completed,NY,48.0
103900.0,3901.0,2025-03-31,Completed,WA,22.0
103901.0,3902.0,2025-07-24,Completed,IL,96.0
103902.0,3903.0,2025-04-18,Completed,WA,18.0
103903.0,3904.0,2025-09-25,Completed,WA,6.5
103904.0,3905.0,2025-05-21,Completed,MA,299.97
103905.0,3906.0,2025-12-26,Completed,NC,48.0
103906.0,3907.0,2025-10-25,Completed,NY,99.99
103907.0,3908.0,2025-07-28,Completed,CA,25.0
103908.0,3909.0,2025-11-23,Completed,VA,26.5
103909.0,3910.0,2025-08-30,Completed,IL,44.0
103910.0,3911.0,2025-02-27,Completed,CA,6.5
103911.0,3912.0,2025-02-28,Completed,MA,24.99
103912.0,3913.0,2025-09-24,Completed,NC,36.0
103913.0,3914.0,2025-12-09,Completed,NY,12.5
103914.0,3915.0,2025-10-14,Completed,MA,6.5
103915.0,3916.0,2025-02-26,Completed,CA,36.0
103916.0,3917.0,2025-08-13,Completed,FL,36.0
103917.0,3918.0,2025-06-25,Completed,VA,22.0
103918.0,3919.0,2025-04-17,Completed,WA,26.5
103919.0,3920.0,2025-07-19,Completed,IL,99.99
103920.0,3921.0,2025-05-25,Completed,NC,65.0
103921.0,3922.0,2025-10-20,Completed,NY,79.0
103922.0,3923.0,2025-10-18,Completed,FL,18.0
103923.0,3924.0,2025-10-13,Completed,TX,22.0
103924.0,3925.0,2025-10-12,Completed,IL,199.98
103925.0,3926.0,2026-01-03,Completed,CO,99.99
103926.0,3927.0,2025-09-23,Completed,IL,299.97
103927.0,3928.0,2025-03-24,Completed,NY,24.99
103928.0,3929.0,2025-11-12,Completed,MA,25.0
103929.0,3930.0,2025-09-04,Completed,TX,18.0
103930.0,3931.0,2025-12-10,Completed,NC,26.5
103931.0,3932.0,2025-08-24,Completed,CO,66.0
103932.0,3933.0,2025-04-04,Completed,NC,24.99
103933.0,3934.0,2025-01-09,Completed,CO,79.0
103934.0,3935.0,2025-06-02,Completed,WA,65.0
103935.0,3936.0,2025-08-16,Completed,TX,26.5
103936.0,3937.0,2026-01-12,Completed,VA,99.99
103937.0,3938.0,2025-10-14,Completed,WA,22.0
103938.0,3939.0,2025-10-10,Completed,CA,79.0
103939.0,3940.0,2025-10-30,Completed,FL,36.0
103940.0,3941.0,2025-12-15,Completed,MA,19.5
103941.0,3942.0,2025-05-25,Completed,VA,26.5
103942.0,3943.0,2025-11-23,Completed,MA,79.0
103943.0,3944.0,2025-05-26,Completed,IL,6.5
103944.0,3945.0,2025-02-26,Completed,FL,26.5
103945.0,3946.0,2025-06-20,Completed,WA,53.0
103946.0,3947.0,2025-10-12,Completed,IL,12.5
103947.0,3948.0,2025-11-25,Completed,WA,24.99
103948.0,3949.0,2025-07-09,Completed,CA,79.0
103949.0,3950.0,2026-01-13,Completed,TX,24.99
103950.0,3951.0,2025-08-28,Completed,VA,130.0
103951.0,3952.0,2025-11-08,Completed,WA,12.5
103952.0,3953.0,2025-12-03,Completed,CO,44.0
103953.0,3954.0,2025-10-20,Completed,MA,79.0
103954.0,3955.0,2025-05-12,Completed,CO,12.5
103955.0,3956.0,2025-08-26,Completed,WA,22.0
103956.0,3957.0,2025-04-17,Completed,IL,65.0
103957.0,3958.0,2025-12-31,Completed,MA,99.99
103958.0,3959.0,2025-07-15,Completed,CO,25.0
103959.0,3960.0,2025-11-02,Completed,CO,24.99
103960.0,3961.0,2025-06-02,Completed,CO,79.0
103961.0,3962.0,2025-05-20,Completed,IL,79.0
103962.0,3963.0,2025-02-18,Completed,TX,48.0
103963.0,3964.0,2025-01-10,Completed,WA,12.5
103964.0,3965.0,2025-04-17,Completed,CA,199.98
103965.0,3966.0,2025-03-23,Completed,NC,96.0
103966.0,3967.0,2025-08-21,Completed,NC,24.99
103967.0,3968.0,2025-12-10,Completed,NC,6.5
103968.0,3969.0,2025-06-10,Completed,MA,79.0
103969.0,3970.0,2025-05-04,Completed,WA,6.5
103970.0,3971.0,2025-07-18,Completed,NY,18.0
103971.0,3972.0,2025-05-14,Completed,NC,79.0
103972.0,3973.0,2025-03-28,Completed,TX,74.97
103973.0,3974.0,2025-02-09,Completed,WA,26.5
103974.0,3975.0,2026-01-12,Completed,NC,49.98
103975.0,3976.0,2025-02-06,Completed,WA,237.0
103976.0,3977.0,2025-04-15,Completed,MA,22.0
103977.0,3978.0,2025-12-18,Completed,TX,53.0
103978.0,3979.0,2025-08-12,Completed,WA,18.0
103979.0,3980.0,2025-04-19,Completed,CO,65.0
103980.0,3981.0,2025-01-08,Completed,NC,22.0
103981.0,3982.0,2025-12-22,Completed,VA,26.5
103982.0,3983.0,2025-05-26,Completed,NY,65.0
103983.0,3984.0,2025-07-01,Completed,MA,74.97
103984.0,3985.0,2025-06-30,Completed,TX,24.99
103985.0,3986.0,2025-08-02,Completed,WA,18.0
103986.0,3987.0,2025-06-21,Completed,IL,22.0
103987.0,3988.0,2025-10-10,Completed,TX,18.0
103988.0,3989.0,2025-09-08,Completed,TX,13.0
103989.0,3990.0,2025-06-29,Completed,VA,65.0
103990.0,3991.0,2025-04-19,Completed,MA,26.5
103991.0,3992.0,2025-05-18,Completed,VA,48.0
103992.0,3993.0,2025-01-12,Completed,WA,48.0
103993.0,3994.0,2025-11-18,Completed,IL,24.99
103994.0,3995.0,2025-02-20,Completed,MA,12.5
103995.0,3996.0,2025-02-25,Completed,NY,22.0
103996.0,3997.0,2025-11-22,Completed,NC,18.0
103997.0,3998.0,2025-09-13,Completed,IL,6.5
103998.0,3999.0,2025-02-15,Completed,VA,13.0
103999.0,4000.0,2025-05-28,Completed,NY,99.99
104000.0,4001.0,2025-10-02,Completed,CO,22.0
104001.0,4002.0,2025-06-14,Completed,MA,12.5
104002.0,4003.0,2025-10-28,Completed,CA,65.0
104003.0,4004.0,2025-05-19,Completed,VA,18.0
104004.0,4005.0,2025-09-19,Completed,NY,99.99
104005.0,4006.0,2025-01-12,Completed,VA,44.0
104006.0,4007.0,2025-11-08,Completed,VA,99.99
104007.0,4008.0,2025-03-31,Completed,CO,22.0
104008.0,4009.0,2025-08-15,Completed,NC,22.0
104009.0,4010.0,2025-12-20,Completed,VA,49.98
104010.0,4011.0,2025-02-03,Completed,WA,79.0
104011.0,4012.0,2026-01-07,Completed,TX,65.0
104012.0,4013.0,2025-12-30,Completed,TX,99.99
104013.0,4014.0,2025-11-13,Completed,MA,65.0
104014.0,4015.0,2025-11-04,Completed,FL,99.99
104015.0,4016.0,2025-07-25,Completed,FL,25.0
104016.0,4017.0,2025-02-07,Completed,FL,99.99
104017.0,4018.0,2025-03-21,Completed,CA,54.0
104018.0,4019.0,2025-06-16,Completed,FL,24.99
104019.0,4020.0,2025-04-09,Completed,WA,65.0
104020.0,4021.0,2025-10-08,Completed,MA,6.5
104021.0,4022.0,2025-03-23,Completed,FL,65.0
104022.0,4023.0,2025-10-19,Completed,MA,12.5
104023.0,4024.0,2025-05-22,Completed,NY,22.0
104024.0,4025.0,2025-05-04,Completed,MA,18.0
104025.0,4026.0,2025-04-27,Completed,FL,26.5
104026.0,4027.0,2025-11-05,Completed,VA,54.0
104027.0,4028.0,2025-04-13,Completed,MA,24.99
104028.0,4029.0,2025-06-25,Completed,CA,48.0
104029.0,4030.0,2025-03-14,Completed,IL,79.0
104030.0,4031.0,2025-03-13,Completed,CO,25.0
104031.0,4032.0,2025-10-16,Completed,IL,18.0
104032.0,4033.0,2025-05-01,Completed,TX,24.99
104033.0,4034.0,2025-10-04,Completed,IL,22.0
104034.0,4035.0,2025-07-22,Completed,FL,26.5
104035.0,4036.0,2025-01-26,Completed,MA,22.0
104036.0,4037.0,2025-12-09,Completed,MA,6.5
104037.0,4038.0,2025-06-24,Completed,TX,26.5
104038.0,4039.0,2025-01-22,Completed,VA,18.0
104039.0,4040.0,2025-06-16,Completed,NY,24.99
104040.0,4041.0,2025-02-24,Completed,TX,48.0
104041.0,4042.0,2025-06-14,Completed,CA,44.0
104042.0,4043.0,2025-10-13,Completed,CO,6.5
104043.0,4044.0,2025-10-14,Completed,VA,6.5
104044.0,4045.0,2025-08-11,Completed,TX,22.0
104045.0,4046.0,2026-01-09,Completed,CA,12.5
104046.0,4047.0,2025-01-28,Completed,WA,6.5
104047.0,4048.0,2025-05-19,Completed,MA,12.5
104048.0,4049.0,2025-05-17,Completed,TX,36.0
104049.0,4050.0,2025-05-15,Completed,NY,158.0
104050.0,4051.0,2025-12-19,Completed,NY,44.0
104051.0,4052.0,2025-08-26,Completed,NC,48.0
104052.0,4053.0,2025-02-24,Completed,CO,79.0
104053.0,4054.0,2025-07-03,Completed,MA,26.5
104054.0,4055.0,2025-11-29,Completed,NY,44.0
104055.0,4056.0,2025-07-16,Completed,MA,36.0
104056.0,4057.0,2025-06-02,Completed,VA,99.99
104057.0,4058.0,2025-12-05,Completed,CO,99.99
104058.0,4059.0,2025-05-11,Completed,NY,12.5
104059.0,4060.0,2025-12-16,Completed,NY,24.99
104060.0,4061.0,2025-01-13,Completed,CO,36.0
104061.0,4062.0,2025-04-14,Completed,CA,22.0
104062.0,4063.0,2025-10-26,Completed,VA,12.5
104063.0,4064.0,2025-02-24,Completed,VA,48.0
104064.0,4065.0,2025-10-02,Completed,CA,6.5
104065.0,4066.0,2025-07-15,Completed,NC,18.0
104066.0,4067.0,2025-03-28,Completed,WA,12.5
104067.0,4068.0,2025-03-21,Completed,MA,66.0
104068.0,4069.0,2025-10-09,Completed,CA,99.99
104069.0,4070.0,2025-04-12,Completed,FL,26.5
104070.0,4071.0,2025-06-12,Completed,WA,48.0
104071.0,4072.0,2025-03-07,Completed,IL,237.0
104072.0,4073.0,2025-09-30,Completed,VA,24.99
104073.0,4074.0,2025-06-08,Completed,FL,99.99
104074.0,4075.0,2025-09-23,Completed,VA,48.0
104075.0,4076.0,2025-05-06,Completed,VA,48.0
104076.0,4077.0,2025-11-01,Completed,WA,96.0
104077.0,4078.0,2025-11-10,Completed,WA,6.5
104078.0,4079.0,2025-05-08,Completed,FL,6.5
104079.0,4080.0,2025-05-04,Completed,TX,65.0
104080.0,4081.0,2025-12-03,Completed,FL,99.99
104081.0,4082.0,2025-12-08,Completed,FL,12.5
104082.0,4083.0,2025-05-25,Completed,CA,99.99
104083.0,4084.0,2025-10-02,Completed,CO,48.0
104084.0,4085.0,2025-12-26,Completed,MA,99.99
104085.0,4086.0,2025-03-22,Completed,FL,12.5
104086.0,4087.0,2025-06-18,Completed,NY,130.0
104087.0,4088.0,2025-10-24,Completed,TX,6.5
104088.0,4089.0,2025-05-30,Completed,NY,18.0
104089.0,4090.0,2025-06-10,Completed,CO,12.5
104090.0,4091.0,2025-03-09,Completed,NC,79.0
104091.0,4092.0,2025-07-28,Completed,TX,18.0
104092.0,4093.0,2025-02-21,Completed,NY,65.0
104093.0,4094.0,2025-11-08,Completed,VA,25.0
104094.0,4095.0,2025-08-01,Completed,NY,24.99
104095.0,4096.0,2025-11-08,Completed,VA,22.0
104096.0,4097.0,2025-10-12,Completed,IL,6.5
104097.0,4098.0,2025-10-06,Completed,MA,99.99
104098.0,4099.0,2025-02-16,Completed,WA,79.0
104099.0,4100.0,2025-12-14,Completed,NC,99.99
104100.0,4101.0,2025-05-27,Completed,FL,13.0
104101.0,4102.0,2025-12-09,Completed,WA,12.5
104102.0,4103.0,2025-01-26,Completed,NY,13.0
104103.0,4104.0,2025-05-19,Completed,WA,22.0
104104.0,4105.0,2025-09-28,Completed,NC,65.0
104105.0,4106.0,2025-06-18,Completed,WA,79.5
104106.0,4107.0,2025-03-04,Completed,TX,24.99
104107.0,4108.0,2025-03-14,Completed,CO,26.5
104108.0,4109.0,2025-11-20,Completed,IL,66.0
104109.0,4110.0,2025-11-24,Completed,TX,49.98
104110.0,4111.0,2025-03-23,Completed,TX,26.5
104111.0,4112.0,2025-12-31,Completed,TX,6.5
104112.0,4113.0,2025-05-19,Completed,NC,99.99
104113.0,4114.0,2025-08-20,Completed,CA,199.98
104114.0,4115.0,2025-03-01,Completed,NC,12.5
104115.0,4116.0,2025-08-02,Completed,MA,74.97
104116.0,4117.0,2025-03-13,Completed,IL,65.0
104117.0,4118.0,2025-01-20,Completed,NC,25.0
104118.0,4119.0,2025-11-29,Completed,MA,13.0
104119.0,4120.0,2025-02-16,Completed,VA,22.0
104120.0,4121.0,2025-02-11,Completed,TX,74.97
104121.0,4122.0,2025-07-18,Completed,TX,65.0
104122.0,4123.0,2025-03-24,Completed,NY,79.0
104123.0,4124.0,2025-08-31,Completed,NY,79.0
104124.0,4125.0,2025-12-24,Completed,VA,26.5
104125.0,4126.0,2025-07-14,Completed,WA,12.5
104126.0,4127.0,2025-01-24,Completed,IL,24.99
104127.0,4128.0,2025-03-22,Completed,NC,158.0
104128.0,4129.0,2025-01-11,Completed,CO,36.0
104129.0,4130.0,2025-11-10,Completed,IL,53.0
104130.0,4131.0,2025-09-20,Completed,IL,65.0
104131.0,4132.0,2026-01-12,Completed,WA,6.5
104132.0,4133.0,2026-01-07,Completed,TX,65.0
104133.0,4134.0,2025-04-11,Completed,MA,25.0
104134.0,4135.0,2025-04-30,Completed,TX,12.5
104135.0,4136.0,2025-11-21,Completed,NC,79.0
104136.0,4137.0,2025-03-15,Completed,TX,18.0
104137.0,4138.0,2025-04-30,Completed,IL,48.0
104138.0,4139.0,2025-06-26,Completed,CO,12.5
104139.0,4140.0,2025-05-29,Completed,MA,36.0
104140.0,4141.0,2025-04-30,Completed,IL,25.0
104141.0,4142.0,2025-09-28,Completed,TX,66.0
104142.0,4143.0,2025-11-15,Completed,WA,26.5
104143.0,4144.0,2025-08-27,Completed,FL,79.0
104144.0,4145.0,2026-01-04,Completed,WA,74.97
104145.0,4146.0,2025-08-18,Completed,WA,48.0
104146.0,4147.0,2025-08-26,Completed,MA,24.99
104147.0,4148.0,2025-10-28,Completed,MA,12.5
104148.0,4149.0,2025-05-17,Completed,CO,25.0
104149.0,4150.0,2025-10-14,Completed,CA,65.0
104150.0,4151.0,2025-12-04,Completed,WA,48.0
104151.0,4152.0,2025-09-19,Completed,NC,24.99
104152.0,4153.0,2025-12-23,Completed,WA,158.0
104153.0,4154.0,2025-10-23,Completed,WA,22.0
104154.0,4155.0,2025-10-21,Completed,TX,18.0
104155.0,4156.0,2026-01-15,Completed,MA,26.5
104156.0,4157.0,2025-02-05,Completed,NY,99.99
104157.0,4158.0,2025-10-27,Completed,NC,18.0
104158.0,4159.0,2025-05-20,Completed,TX,24.99
104159.0,4160.0,2025-01-04,Completed,WA,65.0
104160.0,4161.0,2025-11-21,Completed,VA,22.0
104161.0,4162.0,2025-04-04,Completed,CO,26.5
104162.0,4163.0,2025-02-11,Completed,WA,48.0
104163.0,4164.0,2025-01-24,Completed,MA,48.0
104164.0,4165.0,2025-09-02,Completed,NC,12.5
104165.0,4166.0,2025-04-14,Completed,FL,99.99
104166.0,4167.0,2025-06-27,Completed,VA,6.5
104167.0,4168.0,2025-05-11,Completed,WA,6.5
104168.0,4169.0,2025-06-22,Completed,TX,12.5
104169.0,4170.0,2025-11-24,Completed,CA,26.5
104170.0,4171.0,2025-03-05,Completed,VA,18.0
104171.0,4172.0,2025-08-15,Completed,NC,12.5
104172.0,4173.0,2025-06-28,Completed,CO,22.0
104173.0,4174.0,2025-03-07,Completed,WA,12.5
104174.0,4175.0,2025-03-13,Completed,IL,22.0
104175.0,4176.0,2025-06-10,Completed,WA,99.99
104176.0,4177.0,2025-03-18,Completed,NC,24.99
104177.0,4178.0,2025-11-26,Completed,WA,130.0
104178.0,4179.0,2025-05-04,Completed,NY,44.0
104179.0,4180.0,2025-08-09,Completed,CA,19.5
104180.0,4181.0,2025-11-22,Completed,NY,18.0
104181.0,4182.0,2025-10-16,Completed,FL,12.5
104182.0,4183.0,2025-02-06,Completed,NC,6.5
104183.0,4184.0,2025-05-10,Completed,CO,19.5
104184.0,4185.0,2025-12-16,Completed,WA,130.0
104185.0,4186.0,2025-10-12,Completed,NY,22.0
104186.0,4187.0,2025-10-21,Completed,IL,24.99
104187.0,4188.0,2025-04-30,Completed,VA,22.0
104188.0,4189.0,2025-07-27,Completed,VA,53.0
104189.0,4190.0,2025-05-23,Completed,MA,65.0
104190.0,4191.0,2025-01-12,Completed,WA,12.5
104191.0,4192.0,2025-01-12,Completed,MA,18.0
104192.0,4193.0,2026-01-02,Completed,TX,26.5
104193.0,4194.0,2025-12-30,Completed,WA,79.0
104194.0,4195.0,2025-12-19,Completed,MA,24.99
104195.0,4196.0,2025-04-05,Completed,CO,13.0
104196.0,4197.0,2025-04-26,Completed,NY,130.0
104197.0,4198.0,2025-08-27,Completed,NC,99.99
104198.0,4199.0,2025-06-22,Completed,MA,24.99
104199.0,4200.0,2025-03-24,Completed,MA,18.0
104200.0,4201.0,2025-03-30,Completed,VA,22.0
104201.0,4202.0,2025-01-21,Completed,TX,26.5
104202.0,4203.0,2026-01-03,Completed,IL,22.0
104203.0,4204.0,2025-03-23,Completed,CA,199.98
104204.0,4205.0,2025-12-23,Completed,NY,26.5
104205.0,4206.0,2025-02-28,Completed,NC,26.5
104206.0,4207.0,2025-11-29,Completed,CO,49.98
104207.0,4208.0,2025-11-27,Completed,CO,6.5
104208.0,4209.0,2025-01-09,Completed,NC,26.5
104209.0,4210.0,2025-10-12,Completed,FL,99.99
104210.0,4211.0,2025-09-10,Completed,TX,79.0
104211.0,4212.0,2025-09-11,Completed,FL,6.5
104212.0,4213.0,2025-11-30,Completed,CO,12.5
104213.0,4214.0,2025-06-05,Completed,FL,26.5
104214.0,4215.0,2025-11-23,Completed,IL,79.0
104215.0,4216.0,2025-04-22,Completed,WA,24.99
104216.0,4217.0,2025-01-26,Completed,MA,24.99
104217.0,4218.0,2025-01-25,Completed,NC,65.0
104218.0,4219.0,2025-12-23,Completed,NY,44.0
104219.0,4220.0,2025-08-16,Completed,WA,65.0
104220.0,4221.0,2025-10-26,Completed,CO,6.5
104221.0,4222.0,2025-02-24,Completed,VA,79.0
104222.0,4223.0,2025-03-03,Completed,CO,79.0
104223.0,4224.0,2025-05-06,Completed,VA,99.99
104224.0,4225.0,2025-12-25,Completed,WA,79.0
104225.0,4226.0,2025-08-31,Completed,FL,26.5
104226.0,4227.0,2025-08-14,Completed,NC,26.5
104227.0,4228.0,2025-07-06,Completed,CO,99.99
104228.0,4229.0,2025-02-08,Completed,FL,12.5
104229.0,4230.0,2025-03-29,Completed,MA,195.0
104230.0,4231.0,2025-08-11,Completed,CA,79.0
104231.0,4232.0,2025-03-06,Completed,FL,24.99
104232.0,4233.0,2025-09-14,Completed,VA,18.0
104233.0,4234.0,2026-01-07,Completed,FL,53.0
104234.0,4235.0,2025-07-03,Completed,TX,24.99
104235.0,4236.0,2025-03-19,Completed,CA,54.0
104236.0,4237.0,2025-09-20,Completed,MA,6.5
104237.0,4238.0,2025-05-26,Completed,TX,22.0
104238.0,4239.0,2025-04-09,Completed,MA,12.5
104239.0,4240.0,2025-07-04,Completed,CO,13.0
104240.0,4241.0,2025-09-05,Completed,NY,22.0
104241.0,4242.0,2025-01-24,Completed,CA,49.98
104242.0,4243.0,2025-06-20,Completed,WA,99.99
104243.0,4244.0,2025-11-18,Completed,VA,22.0
104244.0,4245.0,2025-09-13,Completed,FL,26.5
104245.0,4246.0,2025-09-28,Completed,IL,26.5
104246.0,4247.0,2025-11-25,Completed,TX,195.0
104247.0,4248.0,2025-12-13,Completed,NC,48.0
104248.0,4249.0,2025-03-26,Completed,NY,44.0
104249.0,4250.0,2025-06-24,Completed,WA,22.0
104250.0,4251.0,2025-09-25,Completed,CA,6.5
104251.0,4252.0,2025-10-30,Completed,NY,18.0
104252.0,4253.0,2025-02-11,Completed,CA,18.0
104253.0,4254.0,2025-04-24,Completed,CO,25.0
104254.0,4255.0,2025-09-27,Completed,CA,18.0
104255.0,4256.0,2025-08-18,Completed,NY,6.5
104256.0,4257.0,2025-08-01,Completed,NC,65.0
104257.0,4258.0,2025-10-20,Completed,CO,96.0
104258.0,4259.0,2025-03-21,Completed,MA,199.98
104259.0,4260.0,2025-04-06,Completed,TX,22.0
104260.0,4261.0,2025-09-25,Completed,FL,18.0
104261.0,4262.0,2025-04-01,Completed,MA,79.0
104262.0,4263.0,2025-12-27,Completed,VA,53.0
104263.0,4264.0,2025-02-15,Completed,NC,144.0
104264.0,4265.0,2025-12-02,Completed,WA,65.0
104265.0,4266.0,2025-12-23,Completed,WA,99.99
104266.0,4267.0,2025-12-06,Completed,WA,12.5
104267.0,4268.0,2025-08-02,Completed,NY,130.0
104268.0,4269.0,2025-11-18,Completed,CA,6.5
104269.0,4270.0,2025-02-24,Completed,MA,66.0
104270.0,4271.0,2025-02-23,Completed,NY,48.0
104271.0,4272.0,2025-12-16,Completed,CA,299.97
104272.0,4273.0,2025-10-24,Completed,VA,36.0
104273.0,4274.0,2025-09-15,Completed,FL,24.99
104274.0,4275.0,2025-04-13,Completed,CA,18.0
104275.0,4276.0,2025-05-22,Completed,VA,53.0
104276.0,4277.0,2026-01-09,Completed,NC,130.0
104277.0,4278.0,2025-04-20,Completed,TX,99.99
104278.0,4279.0,2025-10-25,Completed,MA,99.99
104279.0,4280.0,2026-01-02,Completed,FL,13.0
104280.0,4281.0,2025-04-14,Completed,NY,12.5
104281.0,4282.0,2025-04-28,Completed,IL,12.5
104282.0,4283.0,2025-08-22,Completed,WA,24.99
104283.0,4284.0,2025-04-04,Completed,NC,26.5
104284.0,4285.0,2025-12-23,Completed,VA,96.0
104285.0,4286.0,2025-04-11,Completed,CA,12.5
104286.0,4287.0,2025-08-15,Completed,CO,24.99
104287.0,4288.0,2025-09-19,Completed,CO,99.99
104288.0,4289.0,2025-06-06,Completed,IL,99.99
104289.0,4290.0,2025-11-10,Completed,CO,18.0
104290.0,4291.0,2026-01-11,Completed,VA,6.5
104291.0,4292.0,2025-11-27,Completed,FL,74.97
104292.0,4293.0,2025-09-05,Completed,CO,44.0
104293.0,4294.0,2025-01-22,Completed,MA,6.5
104294.0,4295.0,2025-03-01,Completed,MA,195.0
104295.0,4296.0,2025-05-02,Completed,FL,18.0
104296.0,4297.0,2025-02-17,Completed,IL,24.99
104297.0,4298.0,2025-07-27,Completed,WA,65.0
104298.0,4299.0,2025-09-07,Completed,CO,22.0
104299.0,4300.0,2025-07-17,Completed,CO,53.0
104300.0,4301.0,2025-02-04,Completed,IL,65.0
104301.0,4302.0,2025-04-19,Completed,TX,12.5
104302.0,4303.0,2025-02-24,Completed,NY,48.0
104303.0,4304.0,2025-11-15,Completed,IL,65.0
104304.0,4305.0,2025-10-11,Completed,CO,6.5
104305.0,4306.0,2025-12-12,Completed,IL,66.0
104306.0,4307.0,2025-05-29,Completed,CA,99.99
104307.0,4308.0,2025-01-07,Completed,NY,48.0
104308.0,4309.0,2025-09-08,Completed,FL,18.0
104309.0,4310.0,2025-07-12,Completed,NY,48.0
104310.0,4311.0,2025-05-12,Completed,NC,65.0
104311.0,4312.0,2025-01-18,Completed,TX,48.0
104312.0,4313.0,2025-10-27,Completed,MA,6.5
104313.0,4314.0,2025-04-18,Completed,NY,49.98
104314.0,4315.0,2025-07-28,Completed,MA,65.0
104315.0,4316.0,2025-09-28,Completed,WA,6.5
104316.0,4317.0,2025-05-17,Completed,VA,25.0
104317.0,4318.0,2025-07-11,Completed,WA,36.0
104318.0,4319.0,2025-02-21,Completed,CO,6.5
104319.0,4320.0,2025-04-05,Completed,VA,65.0
104320.0,4321.0,2025-09-05,Completed,TX,22.0
104321.0,4322.0,2025-09-27,Completed,TX,13.0
104322.0,4323.0,2025-05-26,Completed,TX,49.98
104323.0,4324.0,2025-02-20,Completed,VA,79.0
104324.0,4325.0,2025-08-04,Completed,CO,36.0
104325.0,4326.0,2025-01-03,Completed,VA,36.0
104326.0,4327.0,2025-03-15,Completed,CA,65.0
104327.0,4328.0,2025-07-25,Completed,TX,22.0
104328.0,4329.0,2025-04-05,Completed,NY,158.0
104329.0,4330.0,2025-03-19,Completed,MA,18.0
104330.0,4331.0,2025-10-24,Completed,FL,158.0
104331.0,4332.0,2025-11-01,Completed,IL,53.0
104332.0,4333.0,2025-08-20,Completed,TX,6.5
104333.0,4334.0,2025-11-25,Completed,NY,299.97
104334.0,4335.0,2025-05-02,Completed,TX,48.0
104335.0,4336.0,2025-03-09,Completed,IL,12.5
104336.0,4337.0,2025-08-08,Completed,NC,24.99
104337.0,4338.0,2025-03-16,Completed,TX,12.5
104338.0,4339.0,2025-10-04,Completed,TX,130.0
104339.0,4340.0,2025-04-23,Completed,TX,48.0
104340.0,4341.0,2025-10-15,Completed,VA,48.0
104341.0,4342.0,2025-10-15,Completed,WA,18.0
104342.0,4343.0,2025-07-25,Completed,TX,237.0
104343.0,4344.0,2025-10-23,Completed,CO,26.5
104344.0,4345.0,2025-04-04,Completed,IL,18.0
104345.0,4346.0,2025-07-31,Completed,CO,158.0
104346.0,4347.0,2025-07-24,Completed,NC,79.0
104347.0,4348.0,2025-04-03,Completed,CO,99.99
104348.0,4349.0,2026-01-02,Completed,WA,130.0
104349.0,4350.0,2025-11-12,Completed,MA,44.0
104350.0,4351.0,2025-06-05,Completed,FL,26.5
104351.0,4352.0,2025-08-01,Completed,IL,24.99
104352.0,4353.0,2025-05-02,Completed,VA,26.5
104353.0,4354.0,2025-04-08,Completed,WA,12.5
104354.0,4355.0,2025-12-24,Completed,CO,36.0
104355.0,4356.0,2025-06-18,Completed,TX,48.0
104356.0,4357.0,2025-06-28,Completed,VA,22.0
104357.0,4358.0,2025-12-22,Completed,MA,26.5
104358.0,4359.0,2025-08-02,Completed,NY,48.0
104359.0,4360.0,2025-02-14,Completed,NC,6.5
104360.0,4361.0,2025-05-29,Completed,WA,49.98
104361.0,4362.0,2025-03-08,Completed,MA,26.5
104362.0,4363.0,2025-03-13,Completed,IL,26.5
104363.0,4364.0,2025-05-09,Completed,IL,144.0
104364.0,4365.0,2025-01-24,Completed,WA,24.99
104365.0,4366.0,2025-02-10,Completed,MA,18.0
104366.0,4367.0,2025-09-13,Completed,FL,24.99
104367.0,4368.0,2025-04-21,Completed,WA,6.5
104368.0,4369.0,2025-04-28,Completed,MA,12.5
104369.0,4370.0,2025-01-04,Completed,IL,26.5
104370.0,4371.0,2025-03-06,Completed,VA,66.0
104371.0,4372.0,2025-12-01,Completed,VA,6.5
104372.0,4373.0,2025-09-03,Completed,TX,24.99
104373.0,4374.0,2025-07-14,Completed,MA,6.5
104374.0,4375.0,2025-12-16,Completed,CO,49.98
104375.0,4376.0,2025-12-07,Completed,CO,26.5
104376.0,4377.0,2025-11-03,Completed,IL,195.0
104377.0,4378.0,2025-09-11,Completed,CA,26.5
104378.0,4379.0,2026-01-15,Completed,FL,22.0
104379.0,4380.0,2025-02-05,Completed,NY,26.5
104380.0,4381.0,2025-04-09,Completed,WA,37.5
104381.0,4382.0,2025-01-30,Completed,VA,26.5
104382.0,4383.0,2025-09-10,Completed,NC,24.99
104383.0,4384.0,2025-05-03,Completed,TX,199.98
104384.0,4385.0,2025-06-18,Completed,VA,13.0
104385.0,4386.0,2025-12-09,Completed,CA,130.0
104386.0,4387.0,2025-06-14,Completed,NC,65.0
104387.0,4388.0,2026-01-06,Completed,NC,49.98
104388.0,4389.0,2025-06-01,Completed,MA,44.0
104389.0,4390.0,2025-06-05,Completed,CO,24.99
104390.0,4391.0,2025-07-03,Completed,NC,6.5
104391.0,4392.0,2025-08-29,Completed,NY,6.5
104392.0,4393.0,2025-06-24,Completed,MA,12.5
104393.0,4394.0,2026-01-15,Completed,CO,24.99
104394.0,4395.0,2025-10-15,Completed,VA,65.0
104395.0,4396.0,2025-07-28,Completed,FL,44.0
104396.0,4397.0,2025-12-04,Completed,IL,96.0
104397.0,4398.0,2025-09-28,Completed,CO,65.0
104398.0,4399.0,2025-04-14,Completed,VA,199.98
104399.0,4400.0,2025-11-28,Completed,NC,48.0
104400.0,4401.0,2025-11-01,Completed,VA,12.5
104401.0,4402.0,2025-03-09,Completed,NC,12.5
104402.0,4403.0,2025-12-23,Completed,NY,26.5
104403.0,4404.0,2025-05-24,Completed,MA,6.5
104404.0,4405.0,2025-11-10,Completed,TX,44.0
104405.0,4406.0,2025-02-16,Completed,VA,12.5
104406.0,4407.0,2025-02-27,Completed,CO,6.5
104407.0,4408.0,2026-01-12,Completed,NC,48.0
104408.0,4409.0,2025-10-12,Completed,CA,99.99
104409.0,4410.0,2025-06-03,Completed,VA,6.5
104410.0,4411.0,2025-02-01,Completed,VA,53.0
104411.0,4412.0,2025-05-05,Completed,WA,99.99
104412.0,4413.0,2025-09-24,Completed,CA,12.5
104413.0,4414.0,2025-01-07,Completed,MA,65.0
104414.0,4415.0,2025-04-01,Completed,NC,26.5
104415.0,4416.0,2025-02-18,Completed,WA,6.5
104416.0,4417.0,2025-06-10,Completed,MA,18.0
104417.0,4418.0,2025-12-10,Completed,CO,130.0
104418.0,4419.0,2025-06-03,Completed,CO,65.0
104419.0,4420.0,2025-07-17,Completed,MA,18.0
104420.0,4421.0,2025-07-08,Completed,FL,18.0
104421.0,4422.0,2025-10-23,Completed,WA,26.5
104422.0,4423.0,2025-05-05,Completed,TX,65.0
104423.0,4424.0,2025-02-16,Completed,VA,13.0
104424.0,4425.0,2025-01-03,Completed,TX,22.0
104425.0,4426.0,2025-12-07,Completed,CO,130.0
104426.0,4427.0,2025-05-16,Completed,TX,18.0
104427.0,4428.0,2025-11-20,Completed,WA,74.97
104428.0,4429.0,2025-12-15,Completed,CO,79.0
104429.0,4430.0,2025-07-19,Completed,FL,22.0
104430.0,4431.0,2025-01-20,Completed,TX,6.5
104431.0,4432.0,2025-12-06,Completed,TX,24.99
104432.0,4433.0,2025-04-12,Completed,IL,12.5
104433.0,4434.0,2025-05-29,Completed,CA,22.0
104434.0,4435.0,2025-02-06,Completed,CA,79.0
104435.0,4436.0,2025-12-30,Completed,CA,18.0
104436.0,4437.0,2025-04-27,Completed,IL,99.99
104437.0,4438.0,2025-09-09,Completed,IL,24.99
104438.0,4439.0,2025-12-24,Completed,WA,48.0
104439.0,4440.0,2025-04-04,Completed,CA,36.0
104440.0,4441.0,2025-03-09,Completed,WA,48.0
104441.0,4442.0,2025-11-02,Completed,TX,12.5
104442.0,4443.0,2025-11-15,Completed,IL,12.5
104443.0,4444.0,2025-02-05,Completed,WA,48.0
104444.0,4445.0,2025-01-27,Completed,NY,26.5
104445.0,4446.0,2025-03-21,Completed,NC,18.0
104446.0,4447.0,2025-03-28,Completed,CA,48.0
104447.0,4448.0,2025-03-14,Completed,MA,99.99
104448.0,4449.0,2025-07-30,Completed,WA,237.0
104449.0,4450.0,2025-12-05,Completed,FL,6.5
104450.0,4451.0,2025-09-08,Completed,WA,130.0
104451.0,4452.0,2025-05-20,Completed,WA,22.0
104452.0,4453.0,2025-10-31,Completed,TX,65.0
104453.0,4454.0,2025-02-21,Completed,VA,12.5
104454.0,4455.0,2026-01-05,Completed,NY,13.0
104455.0,4456.0,2025-04-11,Completed,TX,18.0
104456.0,4457.0,2025-02-06,Completed,IL,18.0
104457.0,4458.0,2025-09-30,Completed,CA,24.99
104458.0,4459.0,2025-09-25,Completed,TX,24.99
104459.0,4460.0,2025-09-12,Completed,MA,66.0
104460.0,4461.0,2025-10-03,Completed,MA,22.0
104461.0,4462.0,2025-04-15,Completed,MA,6.5
104462.0,4463.0,2025-12-28,Completed,WA,65.0
104463.0,4464.0,2025-08-29,Completed,TX,22.0
104464.0,4465.0,2025-12-09,Completed,CA,24.99
104465.0,4466.0,2025-01-20,Completed,MA,79.0
104466.0,4467.0,2025-07-28,Completed,TX,48.0
104467.0,4468.0,2025-03-30,Completed,FL,49.98
104468.0,4469.0,2025-07-20,Completed,IL,22.0
104469.0,4470.0,2025-01-13,Completed,WA,25.0
104470.0,4471.0,2025-05-28,Completed,VA,12.5
104471.0,4472.0,2025-11-22,Completed,CA,49.98
104472.0,4473.0,2025-03-23,Completed,CA,99.99
104473.0,4474.0,2025-08-06,Completed,MA,12.5
104474.0,4475.0,2026-01-06,Completed,CO,99.99
104475.0,4476.0,2025-08-04,Completed,TX,24.99
104476.0,4477.0,2025-04-16,Completed,IL,53.0
104477.0,4478.0,2025-09-25,Completed,MA,48.0
104478.0,4479.0,2025-07-12,Completed,VA,44.0
104479.0,4480.0,2025-06-12,Completed,WA,26.5
104480.0,4481.0,2025-09-16,Completed,IL,99.99
104481.0,4482.0,2025-01-15,Completed,NC,99.99
104482.0,4483.0,2025-07-04,Completed,TX,36.0
104483.0,4484.0,2025-04-11,Completed,TX,79.0
104484.0,4485.0,2025-04-21,Completed,NC,6.5
104485.0,4486.0,2025-10-06,Completed,CO,74.97
104486.0,4487.0,2025-10-30,Completed,TX,79.0
104487.0,4488.0,2025-05-28,Completed,WA,6.5
104488.0,4489.0,2025-10-31,Completed,CA,22.0
104489.0,4490.0,2025-09-28,Completed,TX,24.99
104490.0,4491.0,2025-11-16,Completed,NC,12.5
104491.0,4492.0,2025-08-24,Completed,NC,65.0
104492.0,4493.0,2025-11-20,Completed,MA,6.5
104493.0,4494.0,2025-06-06,Completed,IL,6.5
104494.0,4495.0,2026-01-15,Completed,IL,24.99
104495.0,4496.0,2025-06-04,Completed,TX,44.0
104496.0,4497.0,2025-12-16,Completed,TX,158.0
104497.0,4498.0,2025-03-19,Completed,MA,48.0
104498.0,4499.0,2025-02-20,Completed,CA,26.5
104499.0,4500.0,2025-12-17,Completed,MA,24.99
104500.0,4501.0,2025-02-17,Completed,WA,49.98
104501.0,4502.0,2025-03-21,Completed,WA,48.0
104502.0,4503.0,2025-06-06,Completed,TX,79.0
104503.0,4504.0,2025-01-24,Completed,IL,24.99
104504.0,4505.0,2025-01-08,Completed,TX,65.0
104505.0,4506.0,2025-05-25,Completed,FL,12.5
104506.0,4507.0,2025-11-24,Completed,CO,299.97
104507.0,4508.0,2025-01-27,Completed,WA,6.5
104508.0,4509.0,2026-01-08,Completed,TX,79.0
104509.0,4510.0,2025-10-31,Completed,MA,48.0
104510.0,4511.0,2025-04-21,Completed,MA,48.0
104511.0,4512.0,2025-12-11,Completed,IL,79.0
104512.0,4513.0,2025-12-04,Completed,IL,18.0
104513.0,4514.0,2025-08-13,Completed,IL,54.0
104514.0,4515.0,2025-05-15,Completed,MA,26.5
104515.0,4516.0,2025-04-27,Completed,NC,99.99
104516.0,4517.0,2025-08-12,Completed,TX,22.0
104517.0,4518.0,2025-05-21,Completed,IL,26.5
104518.0,4519.0,2025-06-29,Completed,NC,26.5
104519.0,4520.0,2025-08-21,Completed,NC,65.0
104520.0,4521.0,2025-02-10,Completed,NC,65.0
104521.0,4522.0,2025-05-01,Completed,CO,48.0
104522.0,4523.0,2025-05-01,Completed,FL,48.0
104523.0,4524.0,2025-02-27,Completed,MA,6.5
104524.0,4525.0,2025-05-08,Completed,WA,22.0
104525.0,4526.0,2025-05-31,Completed,CO,99.99
104526.0,4527.0,2025-07-02,Completed,WA,12.5
104527.0,4528.0,2025-10-15,Completed,FL,6.5
104528.0,4529.0,2025-12-31,Completed,TX,12.5
104529.0,4530.0,2025-10-22,Completed,WA,22.0
104530.0,4531.0,2025-01-01,Completed,NC,12.5
104531.0,4532.0,2025-11-25,Completed,CA,22.0
104532.0,4533.0,2025-11-17,Completed,VA,22.0
104533.0,4534.0,2025-12-23,Completed,CA,158.0
104534.0,4535.0,2025-11-21,Completed,CA,99.99
104535.0,4536.0,2025-11-25,Completed,VA,13.0
104536.0,4537.0,2025-04-17,Completed,CO,65.0
104537.0,4538.0,2025-10-29,Completed,VA,74.97
104538.0,4539.0,2025-08-26,Completed,NC,6.5
104539.0,4540.0,2026-01-08,Completed,NC,96.0
104540.0,4541.0,2025-03-18,Completed,CA,18.0
104541.0,4542.0,2025-09-24,Completed,TX,26.5
104542.0,4543.0,2025-11-08,Completed,TX,12.5
104543.0,4544.0,2025-03-08,Completed,MA,99.99
104544.0,4545.0,2025-11-17,Completed,WA,24.99
104545.0,4546.0,2025-07-08,Completed,WA,22.0
104546.0,4547.0,2025-09-02,Completed,CA,99.99
104547.0,4548.0,2025-11-19,Completed,IL,26.5
104548.0,4549.0,2025-03-16,Completed,FL,18.0
104549.0,4550.0,2025-07-26,Completed,FL,22.0
104550.0,4551.0,2025-08-24,Completed,VA,24.99
104551.0,4552.0,2025-08-09,Completed,CO,22.0
104552.0,4553.0,2025-08-02,Completed,NC,13.0
104553.0,4554.0,2025-03-21,Completed,CO,13.0
104554.0,4555.0,2025-06-26,Completed,NY,26.5
104555.0,4556.0,2025-06-28,Completed,NY,12.5
104556.0,4557.0,2025-12-09,Completed,MA,6.5
104557.0,4558.0,2025-12-25,Completed,IL,199.98
104558.0,4559.0,2025-10-01,Completed,TX,65.0
104559.0,4560.0,2025-04-07,Completed,CO,22.0
104560.0,4561.0,2025-09-11,Completed,NC,79.0
104561.0,4562.0,2025-11-23,Completed,CA,49.98
104562.0,4563.0,2025-02-17,Completed,IL,48.0
104563.0,4564.0,2025-10-09,Completed,FL,79.5
104564.0,4565.0,2025-07-27,Completed,IL,6.5
104565.0,4566.0,2025-11-30,Completed,WA,22.0
104566.0,4567.0,2026-01-12,Completed,FL,158.0
104567.0,4568.0,2025-06-21,Completed,TX,12.5
104568.0,4569.0,2025-11-15,Completed,TX,18.0
104569.0,4570.0,2025-10-11,Completed,CO,19.5
104570.0,4571.0,2025-03-23,Completed,NC,199.98
104571.0,4572.0,2025-04-16,Completed,VA,26.5
104572.0,4573.0,2025-06-17,Completed,WA,65.0
104573.0,4574.0,2025-08-08,Completed,CO,99.99
104574.0,4575.0,2025-12-27,Completed,CO,18.0
104575.0,4576.0,2025-06-12,Completed,NC,48.0
104576.0,4577.0,2025-10-30,Completed,VA,79.0
104577.0,4578.0,2025-07-02,Completed,MA,237.0
104578.0,4579.0,2025-04-25,Completed,IL,54.0
104579.0,4580.0,2025-09-16,Completed,WA,26.5
104580.0,4581.0,2025-01-21,Completed,CO,26.5
104581.0,4582.0,2025-04-26,Completed,CO,26.5
104582.0,4583.0,2026-01-01,Completed,VA,79.0
104583.0,4584.0,2025-11-11,Completed,FL,6.5
104584.0,4585.0,2025-07-14,Completed,NY,18.0
104585.0,4586.0,2025-12-17,Completed,WA,79.0
104586.0,4587.0,2025-11-10,Completed,IL,12.5
104587.0,4588.0,2025-06-02,Completed,NY,6.5
104588.0,4589.0,2025-08-06,Completed,VA,26.5
104589.0,4590.0,2025-06-07,Completed,MA,53.0
104590.0,4591.0,2025-06-28,Completed,CA,6.5
104591.0,4592.0,2025-05-21,Completed,WA,24.99
104592.0,4593.0,2025-01-30,Completed,VA,79.5
104593.0,4594.0,2025-12-27,Completed,MA,96.0
104594.0,4595.0,2025-12-08,Completed,CO,6.5
104595.0,4596.0,2025-08-09,Completed,VA,22.0
104596.0,4597.0,2025-05-01,Completed,IL,299.97
104597.0,4598.0,2025-09-11,Completed,FL,18.0
104598.0,4599.0,2025-06-23,Completed,IL,48.0
104599.0,4600.0,2025-03-25,Completed,VA,18.0
104600.0,4601.0,2025-07-30,Completed,TX,79.0
104601.0,4602.0,2025-12-01,Completed,NY,158.0
104602.0,4603.0,2025-10-27,Completed,VA,22.0
104603.0,4604.0,2025-02-04,Completed,FL,99.99
104604.0,4605.0,2025-04-21,Completed,NC,48.0
104605.0,4606.0,2025-04-01,Completed,NC,12.5
104606.0,4607.0,2025-06-10,Completed,WA,195.0
104607.0,4608.0,2025-07-28,Completed,CO,6.5
104608.0,4609.0,2025-05-20,Completed,CA,96.0
104609.0,4610.0,2025-11-19,Completed,WA,49.98
104610.0,4611.0,2025-12-10,Completed,TX,6.5
104611.0,4612.0,2025-01-05,Completed,VA,22.0
104612.0,4613.0,2025-04-16,Completed,WA,48.0
104613.0,4614.0,2025-11-23,Completed,NC,26.5
104614.0,4615.0,2025-02-18,Completed,CO,48.0
104615.0,4616.0,2025-02-20,Completed,NC,24.99
104616.0,4617.0,2025-11-14,Completed,VA,24.99
104617.0,4618.0,2025-05-11,Completed,IL,48.0
104618.0,4619.0,2025-04-27,Completed,TX,22.0
104619.0,4620.0,2025-12-07,Completed,NY,36.0
104620.0,4621.0,2025-06-30,Completed,CA,48.0
104621.0,4622.0,2025-09-03,Completed,IL,22.0
104622.0,4623.0,2025-02-18,Completed,IL,18.0
104623.0,4624.0,2025-12-10,Completed,VA,6.5
104624.0,4625.0,2025-08-26,Completed,CA,12.5
104625.0,4626.0,2025-06-16,Completed,MA,53.0
104626.0,4627.0,2025-12-02,Completed,CO,6.5
104627.0,4628.0,2025-11-22,Completed,NY,65.0
104628.0,4629.0,2025-09-04,Completed,MA,18.0
104629.0,4630.0,2025-07-01,Completed,CA,65.0
104630.0,4631.0,2025-10-19,Completed,FL,99.99
104631.0,4632.0,2025-08-24,Completed,FL,79.0
104632.0,4633.0,2025-10-17,Completed,TX,6.5
104633.0,4634.0,2025-02-12,Completed,NC,99.99
104634.0,4635.0,2025-12-26,Completed,VA,79.0
104635.0,4636.0,2025-12-24,Completed,FL,12.5
104636.0,4637.0,2025-10-08,Completed,TX,6.5
104637.0,4638.0,2025-05-08,Completed,MA,36.0
104638.0,4639.0,2025-11-26,Completed,CO,65.0
104639.0,4640.0,2025-10-06,Completed,IL,12.5
104640.0,4641.0,2025-07-11,Completed,IL,99.99
104641.0,4642.0,2025-08-04,Completed,FL,65.0
104642.0,4643.0,2025-09-10,Completed,CO,36.0
104643.0,4644.0,2025-01-10,Completed,FL,18.0
104644.0,4645.0,2025-08-20,Completed,CA,65.0
104645.0,4646.0,2025-03-24,Completed,FL,12.5
104646.0,4647.0,2025-09-12,Completed,WA,65.0
104647.0,4648.0,2025-11-12,Completed,VA,13.0
104648.0,4649.0,2025-11-13,Completed,IL,48.0
104649.0,4650.0,2025-05-31,Completed,IL,158.0
104650.0,4651.0,2025-08-01,Completed,NC,24.99
104651.0,4652.0,2025-05-05,Completed,CA,65.0
104652.0,4653.0,2025-12-19,Completed,WA,79.0
104653.0,4654.0,2026-01-01,Completed,CO,199.98
104654.0,4655.0,2025-11-20,Completed,CA,26.5
104655.0,4656.0,2025-03-20,Completed,FL,65.0
104656.0,4657.0,2025-08-17,Completed,NY,18.0
104657.0,4658.0,2025-07-12,Completed,MA,48.0
104658.0,4659.0,2025-12-09,Completed,CO,12.5
104659.0,4660.0,2026-01-13,Completed,FL,54.0
104660.0,4661.0,2025-10-10,Completed,NY,22.0
104661.0,4662.0,2025-10-06,Completed,CO,6.5
104662.0,4663.0,2025-10-21,Completed,FL,48.0
104663.0,4664.0,2025-10-31,Completed,NY,12.5
104664.0,4665.0,2025-11-26,Completed,VA,65.0
104665.0,4666.0,2025-04-30,Completed,CA,99.99
104666.0,4667.0,2026-01-05,Completed,CA,24.99
104667.0,4668.0,2025-03-11,Completed,IL,18.0
104668.0,4669.0,2025-11-05,Completed,IL,12.5
104669.0,4670.0,2025-04-12,Completed,FL,19.5
104670.0,4671.0,2025-11-02,Completed,CO,79.0
104671.0,4672.0,2025-08-27,Completed,NC,44.0
104672.0,4673.0,2025-06-30,Completed,TX,44.0
104673.0,4674.0,2025-07-13,Completed,VA,65.0
104674.0,4675.0,2025-04-14,Completed,NC,6.5
104675.0,4676.0,2025-06-20,Completed,VA,12.5
104676.0,4677.0,2025-09-22,Completed,VA,49.98
104677.0,4678.0,2025-05-05,Completed,TX,99.99
104678.0,4679.0,2025-11-11,Completed,IL,65.0
104679.0,4680.0,2025-12-30,Completed,CA,12.5
104680.0,4681.0,2025-08-19,Completed,CO,99.99
104681.0,4682.0,2025-11-26,Completed,IL,130.0
104682.0,4683.0,2025-08-25,Completed,TX,48.0
104683.0,4684.0,2025-09-23,Completed,TX,49.98
104684.0,4685.0,2025-07-21,Completed,IL,18.0
104685.0,4686.0,2025-07-01,Completed,FL,6.5
104686.0,4687.0,2025-02-15,Completed,FL,48.0
104687.0,4688.0,2025-05-10,Completed,CO,144.0
104688.0,4689.0,2025-12-17,Completed,TX,24.99
104689.0,4690.0,2025-12-17,Completed,FL,6.5
104690.0,4691.0,2025-05-07,Completed,CO,18.0
104691.0,4692.0,2025-05-23,Completed,NY,6.5
104692.0,4693.0,2025-04-09,Completed,IL,99.99
104693.0,4694.0,2025-01-04,Completed,VA,22.0
104694.0,4695.0,2025-03-26,Completed,MA,24.99
104695.0,4696.0,2025-12-24,Completed,CA,22.0
104696.0,4697.0,2025-08-10,Completed,NC,12.5
104697.0,4698.0,2025-01-19,Completed,WA,53.0
104698.0,4699.0,2025-09-22,Completed,VA,130.0
104699.0,4700.0,2025-04-01,Completed,IL,48.0
104700.0,4701.0,2025-07-20,Completed,VA,158.0
104701.0,4702.0,2025-05-25,Completed,TX,22.0
104702.0,4703.0,2025-11-15,Completed,NY,6.5
104703.0,4704.0,2025-10-23,Completed,CO,12.5
104704.0,4705.0,2025-09-01,Completed,NY,18.0
104705.0,4706.0,2025-04-11,Completed,CA,12.5
104706.0,4707.0,2025-08-03,Completed,TX,48.0
104707.0,4708.0,2025-03-18,Completed,FL,79.0
104708.0,4709.0,2025-10-14,Completed,FL,22.0
104709.0,4710.0,2025-03-18,Completed,NC,12.5
104710.0,4711.0,2025-04-27,Completed,TX,6.5
104711.0,4712.0,2025-09-01,Completed,MA,36.0
104712.0,4713.0,2025-07-04,Completed,MA,44.0
104713.0,4714.0,2025-10-20,Completed,MA,36.0
104714.0,4715.0,2025-05-31,Completed,NY,18.0
104715.0,4716.0,2025-06-26,Completed,MA,195.0
104716.0,4717.0,2025-11-05,Completed,NC,99.99
104717.0,4718.0,2025-10-27,Completed,IL,22.0
104718.0,4719.0,2025-06-30,Completed,NC,96.0
104719.0,4720.0,2025-02-15,Completed,NY,65.0
104720.0,4721.0,2025-05-19,Completed,NC,66.0
104721.0,4722.0,2026-01-08,Completed,WA,12.5
104722.0,4723.0,2025-05-19,Completed,CA,22.0
104723.0,4724.0,2025-05-01,Completed,VA,12.5
104724.0,4725.0,2025-02-06,Completed,VA,6.5
104725.0,4726.0,2025-06-02,Completed,NC,26.5
104726.0,4727.0,2025-10-09,Completed,NY,99.99
104727.0,4728.0,2025-04-30,Completed,VA,48.0
104728.0,4729.0,2026-01-12,Completed,NY,65.0
104729.0,4730.0,2025-09-02,Completed,TX,99.99
104730.0,4731.0,2025-07-31,Completed,IL,26.5
104731.0,4732.0,2025-02-02,Completed,CO,22.0
104732.0,4733.0,2025-08-26,Completed,CA,12.5
104733.0,4734.0,2025-04-18,Completed,CO,18.0
104734.0,4735.0,2025-11-28,Completed,WA,26.5
104735.0,4736.0,2025-05-06,Completed,NC,6.5
104736.0,4737.0,2025-02-22,Completed,MA,19.5
104737.0,4738.0,2025-05-31,Completed,IL,53.0
104738.0,4739.0,2025-01-27,Completed,NC,18.0
104739.0,4740.0,2025-05-02,Completed,VA,48.0
104740.0,4741.0,2025-11-17,Completed,FL,48.0
104741.0,4742.0,2025-05-04,Completed,CA,24.99
104742.0,4743.0,2025-02-26,Completed,CA,26.5
104743.0,4744.0,2026-01-11,Completed,TX,79.0
104744.0,4745.0,2025-06-23,Completed,MA,36.0
104745.0,4746.0,2025-09-01,Completed,WA,24.99
104746.0,4747.0,2025-08-31,Completed,NC,26.5
104747.0,4748.0,2025-04-20,Completed,TX,18.0
104748.0,4749.0,2025-11-02,Completed,FL,37.5
104749.0,4750.0,2025-04-23,Completed,MA,48.0
104750.0,4751.0,2025-11-16,Completed,CA,65.0
104751.0,4752.0,2025-04-08,Completed,MA,65.0
104752.0,4753.0,2025-02-06,Completed,FL,26.5
104753.0,4754.0,2025-07-06,Completed,CA,79.0
104754.0,4755.0,2025-08-14,Completed,WA,12.5
104755.0,4756.0,2025-07-10,Completed,IL,130.0
104756.0,4757.0,2025-08-09,Completed,CO,48.0
104757.0,4758.0,2025-06-04,Completed,FL,79.0
104758.0,4759.0,2025-07-17,Completed,CO,26.5
104759.0,4760.0,2025-01-06,Completed,FL,99.99
104760.0,4761.0,2025-04-15,Completed,TX,6.5
104761.0,4762.0,2025-02-05,Completed,TX,22.0
104762.0,4763.0,2025-12-29,Completed,CA,12.5
104763.0,4764.0,2025-02-03,Completed,CO,65.0
104764.0,4765.0,2025-08-29,Completed,WA,53.0
104765.0,4766.0,2025-01-21,Completed,NC,199.98
104766.0,4767.0,2025-04-07,Completed,NC,299.97
104767.0,4768.0,2025-02-09,Completed,NC,79.0
104768.0,4769.0,2025-12-16,Completed,NC,18.0
104769.0,4770.0,2025-10-17,Completed,CA,12.5
104770.0,4771.0,2025-06-11,Completed,NY,18.0
104771.0,4772.0,2025-12-19,Completed,TX,130.0
104772.0,4773.0,2025-09-17,Completed,NC,237.0
104773.0,4774.0,2025-05-09,Completed,TX,199.98
104774.0,4775.0,2025-08-20,Completed,VA,48.0
104775.0,4776.0,2025-03-03,Completed,VA,158.0
104776.0,4777.0,2025-02-25,Completed,NC,24.99
104777.0,4778.0,2025-05-17,Completed,NY,49.98
104778.0,4779.0,2025-09-04,Completed,IL,79.0
104779.0,4780.0,2025-10-24,Completed,NC,65.0
104780.0,4781.0,2025-10-24,Completed,NY,12.5
104781.0,4782.0,2025-12-24,Completed,VA,26.5
104782.0,4783.0,2025-02-17,Completed,MA,65.0
104783.0,4784.0,2025-07-25,Completed,MA,12.5
104784.0,4785.0,2025-11-17,Completed,TX,12.5
104785.0,4786.0,2025-07-02,Completed,CA,26.5
104786.0,4787.0,2025-08-19,Completed,CA,96.0
104787.0,4788.0,2025-02-15,Completed,FL,18.0
104788.0,4789.0,2025-11-29,Completed,TX,18.0
104789.0,4790.0,2025-08-17,Completed,VA,13.0
104790.0,4791.0,2026-01-07,Completed,NC,99.99
104791.0,4792.0,2025-02-15,Completed,NY,12.5
104792.0,4793.0,2025-01-25,Completed,TX,24.99
104793.0,4794.0,2025-07-16,Completed,CA,65.0
104794.0,4795.0,2025-03-23,Completed,IL,18.0
104795.0,4796.0,2025-01-16,Completed,NC,26.5
104796.0,4797.0,2025-01-31,Completed,FL,37.5
104797.0,4798.0,2025-01-20,Completed,CO,48.0
104798.0,4799.0,2025-04-28,Completed,CO,25.0
104799.0,4800.0,2025-10-31,Completed,NY,36.0
104800.0,4801.0,2025-12-22,Completed,NC,48.0
104801.0,4802.0,2025-03-29,Completed,MA,6.5
104802.0,4803.0,2025-10-16,Completed,WA,26.5
104803.0,4804.0,2025-08-11,Completed,NY,199.98
104804.0,4805.0,2025-08-03,Completed,VA,99.99
104805.0,4806.0,2025-01-12,Completed,NY,26.5
104806.0,4807.0,2025-10-07,Completed,VA,199.98
104807.0,4808.0,2025-04-24,Completed,NY,6.5
104808.0,4809.0,2026-01-01,Completed,FL,199.98
104809.0,4810.0,2025-02-01,Completed,FL,26.5
104810.0,4811.0,2025-05-25,Completed,WA,22.0
104811.0,4812.0,2025-06-18,Completed,CA,130.0
104812.0,4813.0,2025-11-11,Completed,MA,22.0
104813.0,4814.0,2025-02-20,Completed,TX,79.0
104814.0,4815.0,2025-04-04,Completed,FL,24.99
104815.0,4816.0,2025-10-06,Completed,NY,24.99
104816.0,4817.0,2025-08-17,Completed,MA,48.0
104817.0,4818.0,2025-12-19,Completed,MA,48.0
104818.0,4819.0,2025-03-24,Completed,CA,18.0
104819.0,4820.0,2025-05-21,Completed,IL,22.0
104820.0,4821.0,2025-07-04,Completed,FL,48.0
104821.0,4822.0,2025-01-08,Completed,CO,48.0
104822.0,4823.0,2025-01-25,Completed,WA,22.0
104823.0,4824.0,2026-01-14,Completed,FL,19.5
104824.0,4825.0,2025-05-11,Completed,WA,26.5
104825.0,4826.0,2025-03-21,Completed,WA,36.0
104826.0,4827.0,2025-12-18,Completed,CO,22.0
104827.0,4828.0,2025-11-12,Completed,WA,26.5
104828.0,4829.0,2025-02-06,Completed,NC,24.99
104829.0,4830.0,2025-08-21,Completed,NC,26.5
104830.0,4831.0,2025-08-25,Completed,IL,99.99
104831.0,4832.0,2025-07-04,Completed,CA,48.0
104832.0,4833.0,2025-01-05,Completed,MA,99.99
104833.0,4834.0,2025-02-11,Completed,TX,99.99
104834.0,4835.0,2025-07-06,Completed,CO,22.0
104835.0,4836.0,2025-02-16,Completed,WA,96.0
104836.0,4837.0,2025-01-23,Completed,IL,48.0
104837.0,4838.0,2025-02-17,Completed,FL,12.5
104838.0,4839.0,2025-12-21,Completed,MA,22.0
104839.0,4840.0,2025-01-27,Completed,VA,79.0
104840.0,4841.0,2025-09-18,Completed,TX,79.0
104841.0,4842.0,2025-10-30,Completed,FL,26.5
104842.0,4843.0,2025-09-15,Completed,TX,26.5
104843.0,4844.0,2025-01-30,Completed,FL,65.0
104844.0,4845.0,2025-01-28,Completed,IL,26.5
104845.0,4846.0,2025-04-23,Completed,CO,25.0
104846.0,4847.0,2025-06-28,Completed,FL,48.0
104847.0,4848.0,2025-06-12,Completed,VA,18.0
104848.0,4849.0,2025-11-05,Completed,NC,18.0
104849.0,4850.0,2025-11-27,Completed,NY,49.98
104850.0,4851.0,2025-03-21,Completed,NC,13.0
104851.0,4852.0,2025-05-22,Completed,NC,99.99
104852.0,4853.0,2025-07-10,Completed,MA,6.5
104853.0,4854.0,2025-09-15,Completed,IL,36.0
104854.0,4855.0,2025-09-21,Completed,FL,158.0
104855.0,4856.0,2025-07-22,Completed,NC,18.0
104856.0,4857.0,2025-12-29,Completed,TX,99.99
104857.0,4858.0,2025-02-04,Completed,TX,6.5
104858.0,4859.0,2025-11-04,Completed,CA,79.0
104859.0,4860.0,2025-03-23,Completed,CA,6.5
104860.0,4861.0,2025-03-23,Completed,MA,26.5
104861.0,4862.0,2025-07-30,Completed,NY,24.99
104862.0,4863.0,2025-08-19,Completed,VA,24.99
104863.0,4864.0,2025-04-18,Completed,VA,48.0
104864.0,4865.0,2025-01-23,Completed,MA,79.0
104865.0,4866.0,2025-11-12,Completed,IL,96.0
104866.0,4867.0,2025-04-14,Completed,MA,6.5
104867.0,4868.0,2025-06-19,Completed,CO,48.0
104868.0,4869.0,2025-06-26,Completed,FL,36.0
104869.0,4870.0,2025-03-18,Completed,WA,79.0
104870.0,4871.0,2025-12-17,Completed,CA,48.0
104871.0,4872.0,2025-02-14,Completed,FL,26.5
104872.0,4873.0,2025-11-17,Completed,FL,99.99
104873.0,4874.0,2025-06-22,Completed,NY,13.0
104874.0,4875.0,2025-07-13,Completed,NC,24.99
104875.0,4876.0,2025-04-13,Completed,MA,22.0
104876.0,4877.0,2025-02-06,Completed,FL,65.0
104877.0,4878.0,2025-03-22,Completed,IL,24.99
104878.0,4879.0,2026-01-09,Completed,CO,48.0
104879.0,4880.0,2025-01-28,Completed,VA,49.98
104880.0,4881.0,2025-02-23,Completed,FL,18.0
104881.0,4882.0,2025-03-30,Completed,IL,99.99
104882.0,4883.0,2025-11-15,Completed,IL,199.98
104883.0,4884.0,2025-11-10,Completed,NY,18.0
104884.0,4885.0,2025-04-14,Completed,CO,12.5
104885.0,4886.0,2025-12-10,Completed,WA,48.0
104886.0,4887.0,2025-09-21,Completed,CA,6.5
104887.0,4888.0,2025-09-09,Completed,IL,18.0
104888.0,4889.0,2025-07-02,Completed,TX,299.97
104889.0,4890.0,2025-04-12,Completed,NY,13.0
104890.0,4891.0,2025-09-23,Completed,NC,37.5
104891.0,4892.0,2025-11-24,Completed,WA,22.0
104892.0,4893.0,2025-03-28,Completed,VA,48.0
104893.0,4894.0,2025-10-13,Completed,IL,99.99
104894.0,4895.0,2025-10-07,Completed,IL,48.0
104895.0,4896.0,2025-02-05,Completed,IL,6.5
104896.0,4897.0,2025-03-09,Completed,NC,26.5
104897.0,4898.0,2025-01-04,Completed,NY,299.97
104898.0,4899.0,2025-12-08,Completed,CA,48.0
104899.0,4900.0,2025-07-22,Completed,FL,79.5
104900.0,4901.0,2025-01-29,Completed,CA,48.0
104901.0,4902.0,2025-10-26,Completed,VA,24.99
104902.0,4903.0,2025-05-28,Completed,NC,99.99
104903.0,4904.0,2025-12-28,Completed,IL,99.99
104904.0,4905.0,2025-08-12,Completed,CO,26.5
104905.0,4906.0,2025-07-14,Completed,FL,26.5
104906.0,4907.0,2025-10-24,Completed,CA,48.0
104907.0,4908.0,2026-01-15,Completed,NC,65.0
104908.0,4909.0,2025-07-01,Completed,WA,22.0
104909.0,4910.0,2025-05-05,Completed,CO,49.98
104910.0,4911.0,2025-11-23,Completed,MA,65.0
104911.0,4912.0,2025-07-12,Completed,FL,99.99
104912.0,4913.0,2025-06-15,Completed,WA,96.0
104913.0,4914.0,2025-10-05,Completed,IL,6.5
104914.0,4915.0,2025-05-01,Completed,VA,48.0
104915.0,4916.0,2025-03-13,Completed,IL,22.0
104916.0,4917.0,2025-06-03,Completed,TX,26.5
104917.0,4918.0,2026-01-02,Completed,CO,79.5
104918.0,4919.0,2025-06-23,Completed,IL,12.5
104919.0,4920.0,2025-12-11,Completed,VA,53.0
104920.0,4921.0,2025-06-18,Completed,VA,48.0
104921.0,4922.0,2025-07-28,Completed,WA,48.0
104922.0,4923.0,2025-01-10,Completed,IL,13.0
104923.0,4924.0,2025-02-14,Completed,VA,130.0
104924.0,4925.0,2025-02-18,Completed,WA,13.0
104925.0,4926.0,2025-08-30,Completed,CO,79.0
104926.0,4927.0,2025-06-01,Completed,CA,6.5
104927.0,4928.0,2025-05-12,Completed,CO,22.0
104928.0,4929.0,2025-10-15,Completed,CA,37.5
104929.0,4930.0,2025-08-22,Completed,IL,99.99
104930.0,4931.0,2025-03-16,Completed,NC,25.0
104931.0,4932.0,2025-03-17,Completed,VA,99.99
104932.0,4933.0,2025-01-28,Completed,NC,6.5
104933.0,4934.0,2025-01-31,Completed,FL,26.5
104934.0,4935.0,2025-09-26,Completed,WA,48.0
104935.0,4936.0,2025-01-06,Completed,NC,6.5
104936.0,4937.0,2025-10-01,Completed,NY,6.5
104937.0,4938.0,2025-05-14,Completed,CO,26.5
104938.0,4939.0,2025-07-25,Completed,VA,48.0
104939.0,4940.0,2025-08-16,Completed,VA,12.5
104940.0,4941.0,2025-04-16,Completed,NC,18.0
104941.0,4942.0,2025-11-13,Completed,NY,144.0
104942.0,4943.0,2025-10-15,Completed,NY,158.0
104943.0,4944.0,2025-09-23,Completed,NY,79.0
104944.0,4945.0,2025-04-13,Completed,VA,24.99
104945.0,4946.0,2025-05-19,Completed,CO,24.99
104946.0,4947.0,2025-07-11,Completed,NC,65.0
104947.0,4948.0,2025-10-22,Completed,TX,12.5
104948.0,4949.0,2025-03-05,Completed,VA,26.5
104949.0,4950.0,2025-01-16,Completed,IL,22.0
104950.0,4951.0,2025-05-07,Completed,NC,79.0
104951.0,4952.0,2025-12-20,Completed,CO,24.99
104952.0,4953.0,2025-09-11,Completed,NY,53.0
104953.0,4954.0,2025-12-09,Completed,IL,79.5
104954.0,4955.0,2025-04-24,Completed,NY,6.5
104955.0,4956.0,2025-11-07,Completed,WA,79.5
104956.0,4957.0,2025-02-13,Completed,TX,18.0
104957.0,4958.0,2025-11-01,Completed,WA,65.0
104958.0,4959.0,2025-06-04,Completed,FL,199.98
104959.0,4960.0,2025-01-04,Completed,IL,22.0
104960.0,4961.0,2025-02-15,Completed,CO,199.98
104961.0,4962.0,2025-08-20,Completed,TX,79.5
104962.0,4963.0,2025-03-15,Completed,MA,65.0
104963.0,4964.0,2025-06-04,Completed,FL,26.5
104964.0,4965.0,2025-02-07,Completed,FL,22.0
104965.0,4966.0,2025-07-28,Completed,NC,13.0
104966.0,4967.0,2025-11-29,Completed,FL,18.0
104967.0,4968.0,2025-03-08,Completed,CO,79.0
104968.0,4969.0,2025-08-16,Completed,FL,12.5
104969.0,4970.0,2025-06-19,Completed,TX,26.5
104970.0,4971.0,2025-12-26,Completed,VA,6.5
104971.0,4972.0,2025-11-28,Completed,MA,26.5
104972.0,4973.0,2025-03-16,Completed,TX,13.0
104973.0,4974.0,2025-07-26,Completed,TX,19.5
104974.0,4975.0,2025-10-14,Completed,CA,79.0
104975.0,4976.0,2025-11-07,Completed,NC,53.0
104976.0,4977.0,2025-08-03,Completed,CO,65.0
104977.0,4978.0,2025-05-03,Completed,WA,24.99
104978.0,4979.0,2025-01-07,Completed,NY,65.0
104979.0,4980.0,2025-02-12,Completed,FL,79.0
104980.0,4981.0,2025-07-19,Completed,NC,36.0
104981.0,4982.0,2025-02-03,Completed,VA,199.98
104982.0,4983.0,2025-06-19,Completed,TX,12.5
104983.0,4984.0,2025-10-16,Completed,NC,49.98
104984.0,4985.0,2025-10-20,Completed,NC,99.99
104985.0,4986.0,2025-01-06,Completed,IL,65.0
104986.0,4987.0,2025-05-13,Completed,MA,13.0
104987.0,4988.0,2025-10-28,Completed,FL,26.5
104988.0,4989.0,2025-01-15,Completed,CA,25.0
104989.0,4990.0,2025-06-27,Completed,VA,99.99
104990.0,4991.0,2025-01-22,Completed,MA,6.5
104991.0,4992.0,2025-03-19,Completed,FL,65.0
104992.0,4993.0,2025-07-20,Completed,TX,48.0
104993.0,4994.0,2025-03-28,Completed,NC,79.0
104994.0,4995.0,2025-07-29,Completed,TX,18.0
104995.0,4996.0,2025-03-01,Completed,CA,12.5
104996.0,4997.0,2025-07-10,Completed,VA,25.0
104997.0,4998.0,2025-12-16,Completed,NY,19.5
104998.0,4999.0,2025-02-28,Completed,WA,65.0
104999.0,5000.0,2025-02-15,Completed,MA,26.5
105000.0,5001.0,2025-12-01,Completed,CO,24.99
105001.0,5002.0,2025-01-21,Completed,NY,6.5
105002.0,5003.0,2025-07-26,Completed,WA,158.0
105003.0,5004.0,2025-12-30,Completed,TX,12.5
105004.0,5005.0,2025-09-21,Completed,NY,99.99
105005.0,5006.0,2025-12-30,Completed,NC,65.0
105006.0,5007.0,2025-03-21,Completed,TX,22.0
105007.0,5008.0,2025-10-01,Completed,IL,79.0
105008.0,5009.0,2025-08-09,Completed,NC,12.5
105009.0,5010.0,2025-10-02,Completed,WA,79.0
105010.0,5011.0,2025-12-08,Completed,VA,79.0
105011.0,5012.0,2025-02-17,Completed,IL,18.0
105012.0,5013.0,2025-03-18,Completed,NC,130.0
105013.0,5014.0,2025-08-14,Completed,TX,299.97
105014.0,5015.0,2025-02-13,Completed,NY,6.5
105015.0,5016.0,2025-02-28,Completed,CA,26.5
105016.0,5017.0,2025-02-01,Completed,TX,99.99
105017.0,5018.0,2025-03-01,Completed,TX,96.0
105018.0,5019.0,2025-06-22,Completed,FL,22.0
105019.0,5020.0,2025-04-23,Completed,CA,26.5
105020.0,5021.0,2025-01-15,Completed,CA,37.5
105021.0,5022.0,2025-04-29,Completed,CO,6.5
105022.0,5023.0,2025-12-08,Completed,VA,26.5
105023.0,5024.0,2025-09-20,Completed,NC,99.99
105024.0,5025.0,2025-01-14,Completed,FL,99.99
105025.0,5026.0,2025-05-08,Completed,VA,199.98
105026.0,5027.0,2025-08-23,Completed,NC,53.0
105027.0,5028.0,2025-11-25,Completed,VA,237.0
105028.0,5029.0,2025-03-30,Completed,NC,299.97
105029.0,5030.0,2025-05-29,Completed,CO,48.0
105030.0,5031.0,2025-10-08,Completed,FL,44.0
105031.0,5032.0,2025-01-03,Completed,CA,199.98
105032.0,5033.0,2025-12-04,Completed,MA,65.0
105033.0,5034.0,2025-09-04,Completed,CA,99.99
105034.0,5035.0,2026-01-03,Completed,IL,99.99
105035.0,5036.0,2025-12-13,Completed,IL,18.0
105036.0,5037.0,2025-06-30,Completed,WA,12.5
105037.0,5038.0,2025-01-23,Completed,FL,6.5
105038.0,5039.0,2025-03-23,Completed,TX,19.5
105039.0,5040.0,2025-05-12,Completed,MA,24.99
105040.0,5041.0,2025-10-27,Completed,IL,237.0
105041.0,5042.0,2025-05-28,Completed,NC,79.5
105042.0,5043.0,2025-03-21,Completed,IL,37.5
105043.0,5044.0,2025-02-01,Completed,CO,6.5
105044.0,5045.0,2025-06-16,Completed,CA,22.0
105045.0,5046.0,2025-07-11,Completed,IL,22.0
105046.0,5047.0,2025-12-16,Completed,MA,65.0
105047.0,5048.0,2026-01-07,Completed,IL,26.5
105048.0,5049.0,2026-01-04,Completed,WA,24.99
105049.0,5050.0,2025-05-09,Completed,IL,48.0
105050.0,5051.0,2025-02-11,Completed,TX,22.0
105051.0,5052.0,2025-07-09,Completed,FL,199.98
105052.0,5053.0,2025-04-21,Completed,CA,79.0
105053.0,5054.0,2025-02-02,Completed,NC,13.0
105054.0,5055.0,2025-02-12,Completed,TX,65.0
105055.0,5056.0,2025-06-24,Completed,CA,18.0
105056.0,5057.0,2025-08-10,Completed,VA,12.5
105057.0,5058.0,2025-05-08,Completed,CA,22.0
105058.0,5059.0,2025-01-13,Completed,VA,18.0
105059.0,5060.0,2026-01-04,Completed,CA,65.0
105060.0,5061.0,2025-07-20,Completed,VA,24.99
105061.0,5062.0,2025-10-20,Completed,NC,99.99
105062.0,5063.0,2025-01-14,Completed,VA,18.0
105063.0,5064.0,2025-10-18,Completed,NY,26.5
105064.0,5065.0,2025-06-18,Completed,TX,18.0
105065.0,5066.0,2025-10-06,Completed,VA,99.99
105066.0,5067.0,2025-10-23,Completed,CO,22.0
105067.0,5068.0,2025-06-03,Completed,IL,99.99
105068.0,5069.0,2025-01-24,Completed,CO,6.5
105069.0,5070.0,2025-07-11,Completed,NC,79.0
105070.0,5071.0,2025-06-13,Completed,VA,65.0
105071.0,5072.0,2025-01-16,Completed,CO,65.0
105072.0,5073.0,2025-05-05,Completed,NC,99.99
105073.0,5074.0,2025-03-07,Completed,CO,36.0
105074.0,5075.0,2025-03-30,Completed,MA,65.0
105075.0,5076.0,2025-06-20,Completed,MA,24.99
105076.0,5077.0,2026-01-15,Completed,FL,26.5
105077.0,5078.0,2025-09-17,Completed,VA,26.5
105078.0,5079.0,2026-01-14,Completed,CO,65.0
105079.0,5080.0,2025-05-29,Completed,NC,13.0
105080.0,5081.0,2025-01-30,Completed,NY,26.5
105081.0,5082.0,2025-08-16,Completed,NC,26.5
105082.0,5083.0,2026-01-08,Completed,WA,22.0
105083.0,5084.0,2025-04-05,Completed,NC,24.99
105084.0,5085.0,2025-02-22,Completed,CO,6.5
105085.0,5086.0,2025-05-02,Completed,CO,79.0
105086.0,5087.0,2025-05-09,Completed,WA,22.0
105087.0,5088.0,2025-05-30,Completed,IL,6.5
105088.0,5089.0,2025-07-10,Completed,CA,24.99
105089.0,5090.0,2025-07-16,Completed,NC,44.0
105090.0,5091.0,2025-01-19,Completed,VA,49.98
105091.0,5092.0,2025-11-28,Completed,NY,22.0
105092.0,5093.0,2025-01-26,Completed,MA,24.99
105093.0,5094.0,2025-10-20,Completed,CO,24.99
105094.0,5095.0,2025-06-27,Completed,CO,24.99
105095.0,5096.0,2025-07-29,Completed,VA,99.99
105096.0,5097.0,2025-11-18,Completed,NC,22.0
105097.0,5098.0,2025-05-03,Completed,TX,36.0
105098.0,5099.0,2025-07-13,Completed,NY,96.0
105099.0,5100.0,2025-04-05,Completed,CO,79.0
105100.0,5101.0,2025-11-14,Completed,WA,99.99
105101.0,5102.0,2025-11-12,Completed,NC,65.0
105102.0,5103.0,2025-02-04,Completed,IL,6.5
105103.0,5104.0,2025-10-30,Completed,MA,96.0
105104.0,5105.0,2025-02-09,Completed,IL,24.99
105105.0,5106.0,2025-12-27,Completed,NC,25.0
105106.0,5107.0,2025-02-07,Completed,WA,22.0
105107.0,5108.0,2025-09-26,Completed,TX,79.0
105108.0,5109.0,2025-04-21,Completed,VA,12.5
105109.0,5110.0,2025-10-06,Completed,TX,26.5
105110.0,5111.0,2025-04-27,Completed,MA,48.0
105111.0,5112.0,2025-03-08,Completed,WA,18.0
105112.0,5113.0,2025-07-04,Completed,MA,79.0
105113.0,5114.0,2025-07-19,Completed,VA,53.0
105114.0,5115.0,2025-10-12,Completed,NC,99.99
105115.0,5116.0,2025-09-15,Completed,CO,74.97
105116.0,5117.0,2025-10-24,Completed,MA,18.0
105117.0,5118.0,2025-06-30,Completed,TX,6.5
105118.0,5119.0,2025-02-07,Completed,WA,26.5
105119.0,5120.0,2025-06-29,Completed,FL,79.0
105120.0,5121.0,2025-03-02,Completed,NC,19.5
105121.0,5122.0,2025-06-13,Completed,CO,65.0
105122.0,5123.0,2025-06-28,Completed,CO,12.5
105123.0,5124.0,2025-06-14,Completed,CO,130.0
105124.0,5125.0,2025-09-28,Completed,MA,53.0
105125.0,5126.0,2025-04-08,Completed,VA,6.5
105126.0,5127.0,2025-10-11,Completed,IL,99.99
105127.0,5128.0,2025-09-09,Completed,NC,48.0
105128.0,5129.0,2025-01-27,Completed,WA,79.5
105129.0,5130.0,2025-09-17,Completed,WA,12.5
105130.0,5131.0,2025-07-10,Completed,WA,65.0
105131.0,5132.0,2025-12-03,Completed,MA,6.5
105132.0,5133.0,2025-09-22,Completed,CO,26.5
105133.0,5134.0,2025-07-05,Completed,NC,6.5
105134.0,5135.0,2025-01-01,Completed,WA,48.0
105135.0,5136.0,2025-09-18,Completed,FL,26.5
105136.0,5137.0,2025-12-09,Completed,MA,12.5
105137.0,5138.0,2025-07-21,Completed,CO,25.0
105138.0,5139.0,2025-01-16,Completed,NY,25.0
105139.0,5140.0,2025-03-28,Completed,TX,65.0
105140.0,5141.0,2025-04-10,Completed,MA,48.0
105141.0,5142.0,2025-09-26,Completed,FL,25.0
105142.0,5143.0,2025-11-06,Completed,CO,26.5
105143.0,5144.0,2025-05-04,Completed,NY,18.0
105144.0,5145.0,2025-06-14,Completed,WA,79.0
105145.0,5146.0,2025-09-13,Completed,WA,65.0
105146.0,5147.0,2025-05-17,Completed,CA,79.0
105147.0,5148.0,2025-09-06,Completed,NY,65.0
105148.0,5149.0,2025-04-22,Completed,FL,12.5
105149.0,5150.0,2025-09-15,Completed,FL,96.0
105150.0,5151.0,2025-04-06,Completed,VA,99.99
105151.0,5152.0,2025-05-30,Completed,CA,26.5
105152.0,5153.0,2025-05-08,Completed,VA,36.0
105153.0,5154.0,2025-03-15,Completed,VA,26.5
105154.0,5155.0,2025-09-26,Completed,IL,48.0
105155.0,5156.0,2025-12-23,Completed,NC,65.0
105156.0,5157.0,2025-06-12,Completed,CO,12.5
105157.0,5158.0,2025-05-07,Completed,TX,99.99
105158.0,5159.0,2025-05-17,Completed,WA,12.5
105159.0,5160.0,2025-10-28,Completed,VA,26.5
105160.0,5161.0,2025-03-29,Completed,CA,65.0
105161.0,5162.0,2025-04-25,Completed,MA,99.99
105162.0,5163.0,2025-05-19,Completed,IL,24.99
105163.0,5164.0,2025-09-16,Completed,IL,65.0
105164.0,5165.0,2025-05-30,Completed,VA,6.5
105165.0,5166.0,2025-04-27,Completed,IL,99.99
105166.0,5167.0,2025-07-18,Completed,MA,65.0
105167.0,5168.0,2025-09-09,Completed,TX,12.5
105168.0,5169.0,2025-06-08,Completed,CA,65.0
105169.0,5170.0,2025-07-15,Completed,IL,96.0
105170.0,5171.0,2025-09-08,Completed,FL,99.99
105171.0,5172.0,2025-10-20,Completed,NY,48.0
105172.0,5173.0,2025-02-27,Completed,IL,25.0
105173.0,5174.0,2025-04-13,Completed,NC,18.0
105174.0,5175.0,2025-12-02,Completed,NC,99.99
105175.0,5176.0,2025-10-24,Completed,MA,99.99
105176.0,5177.0,2025-05-10,Completed,WA,53.0
105177.0,5178.0,2025-07-28,Completed,WA,36.0
105178.0,5179.0,2025-12-14,Completed,CO,99.99
105179.0,5180.0,2026-01-11,Completed,FL,22.0
105180.0,5181.0,2025-05-10,Completed,IL,6.5
105181.0,5182.0,2025-06-09,Completed,VA,18.0
105182.0,5183.0,2025-12-19,Completed,NC,199.98
105183.0,5184.0,2025-02-17,Completed,NC,79.0
105184.0,5185.0,2025-02-12,Completed,NY,99.99
105185.0,5186.0,2025-03-27,Completed,FL,13.0
105186.0,5187.0,2025-09-09,Completed,WA,12.5
105187.0,5188.0,2025-07-05,Completed,CA,48.0
105188.0,5189.0,2025-01-29,Completed,CO,12.5
105189.0,5190.0,2025-11-18,Completed,IL,18.0
105190.0,5191.0,2025-04-03,Completed,WA,65.0
105191.0,5192.0,2025-11-02,Completed,WA,13.0
105192.0,5193.0,2025-04-09,Completed,VA,79.0
105193.0,5194.0,2025-01-11,Completed,TX,6.5
105194.0,5195.0,2025-09-23,Completed,WA,24.99
105195.0,5196.0,2025-09-18,Completed,WA,6.5
105196.0,5197.0,2025-01-07,Completed,FL,158.0
105197.0,5198.0,2025-07-12,Completed,NY,24.99
105198.0,5199.0,2025-02-07,Completed,NC,22.0
105199.0,5200.0,2025-05-16,Completed,NC,79.0
105200.0,5201.0,2025-07-06,Completed,WA,48.0
105201.0,5202.0,2025-09-21,Completed,IL,26.5
105202.0,5203.0,2025-03-23,Completed,NY,24.99
105203.0,5204.0,2025-06-01,Completed,CA,26.5
105204.0,5205.0,2025-09-15,Completed,NY,99.99
105205.0,5206.0,2025-08-25,Completed,FL,26.5
105206.0,5207.0,2025-10-22,Completed,TX,99.99
105207.0,5208.0,2025-12-14,Completed,MA,79.0
105208.0,5209.0,2025-09-09,Completed,CA,24.99
105209.0,5210.0,2025-07-13,Completed,WA,65.0
105210.0,5211.0,2025-09-04,Completed,WA,22.0
105211.0,5212.0,2025-06-24,Completed,FL,12.5
105212.0,5213.0,2025-10-12,Completed,FL,24.99
105213.0,5214.0,2025-08-02,Completed,MA,6.5
105214.0,5215.0,2025-06-21,Completed,CO,24.99
105215.0,5216.0,2026-01-02,Completed,MA,12.5
105216.0,5217.0,2025-01-02,Completed,MA,22.0
105217.0,5218.0,2025-11-02,Completed,FL,44.0
105218.0,5219.0,2025-09-18,Completed,WA,12.5
105219.0,5220.0,2025-05-24,Completed,FL,49.98
105220.0,5221.0,2025-09-02,Completed,TX,26.5
105221.0,5222.0,2025-04-10,Completed,VA,24.99
105222.0,5223.0,2025-01-07,Completed,MA,48.0
105223.0,5224.0,2025-03-11,Completed,MA,12.5
105224.0,5225.0,2025-05-04,Completed,NC,48.0
105225.0,5226.0,2025-05-14,Completed,FL,65.0
105226.0,5227.0,2025-01-29,Completed,NC,96.0
105227.0,5228.0,2025-03-03,Completed,NC,99.99
105228.0,5229.0,2025-04-26,Completed,VA,22.0
105229.0,5230.0,2026-01-14,Completed,CO,44.0
105230.0,5231.0,2025-10-15,Completed,VA,12.5
105231.0,5232.0,2025-04-26,Completed,CO,26.5
105232.0,5233.0,2026-01-02,Completed,TX,6.5
105233.0,5234.0,2025-07-02,Completed,IL,48.0
105234.0,5235.0,2025-04-19,Completed,TX,48.0
105235.0,5236.0,2025-10-29,Completed,NC,22.0
105236.0,5237.0,2025-03-01,Completed,MA,25.0
105237.0,5238.0,2025-03-04,Completed,IL,18.0
105238.0,5239.0,2025-06-25,Completed,CA,24.99
105239.0,5240.0,2025-09-18,Completed,MA,26.5
105240.0,5241.0,2025-11-20,Completed,NY,48.0
105241.0,5242.0,2025-11-06,Completed,CA,53.0
105242.0,5243.0,2026-01-05,Completed,IL,12.5
105243.0,5244.0,2025-07-14,Completed,FL,6.5
105244.0,5245.0,2025-02-07,Completed,VA,25.0
105245.0,5246.0,2025-05-07,Completed,TX,48.0
105246.0,5247.0,2025-11-28,Completed,TX,199.98
105247.0,5248.0,2025-02-19,Completed,IL,65.0
105248.0,5249.0,2025-02-21,Completed,CO,36.0
105249.0,5250.0,2025-10-25,Completed,CO,22.0
105250.0,5251.0,2025-12-25,Completed,VA,53.0
105251.0,5252.0,2025-03-18,Completed,TX,158.0
105252.0,5253.0,2025-11-21,Completed,MA,130.0
105253.0,5254.0,2025-01-05,Completed,NC,44.0
105254.0,5255.0,2025-10-13,Completed,WA,99.99
105255.0,5256.0,2025-07-08,Completed,TX,79.0
105256.0,5257.0,2025-11-23,Completed,NY,6.5
105257.0,5258.0,2025-06-06,Completed,NC,48.0
105258.0,5259.0,2025-08-08,Completed,NY,18.0
105259.0,5260.0,2025-05-30,Completed,WA,12.5
105260.0,5261.0,2025-07-30,Completed,VA,65.0
105261.0,5262.0,2025-04-18,Completed,NC,53.0
105262.0,5263.0,2025-08-31,Completed,IL,12.5
105263.0,5264.0,2025-12-24,Completed,VA,237.0
105264.0,5265.0,2025-01-13,Completed,CO,6.5
105265.0,5266.0,2025-07-05,Completed,NC,13.0
105266.0,5267.0,2025-03-04,Completed,NY,48.0
105267.0,5268.0,2025-01-26,Completed,IL,96.0
105268.0,5269.0,2025-06-23,Completed,WA,36.0
105269.0,5270.0,2025-11-27,Completed,NC,299.97
105270.0,5271.0,2025-06-08,Completed,TX,99.99
105271.0,5272.0,2025-11-11,Completed,FL,65.0
105272.0,5273.0,2025-02-24,Completed,CA,99.99
105273.0,5274.0,2025-05-17,Completed,MA,79.0
105274.0,5275.0,2025-01-18,Completed,CA,49.98
105275.0,5276.0,2026-01-07,Completed,IL,22.0
105276.0,5277.0,2025-11-03,Completed,IL,22.0
105277.0,5278.0,2025-01-15,Completed,WA,65.0
105278.0,5279.0,2025-09-05,Completed,FL,54.0
105279.0,5280.0,2025-08-07,Completed,CA,18.0
105280.0,5281.0,2025-03-29,Completed,CO,130.0
105281.0,5282.0,2025-05-26,Completed,WA,22.0
105282.0,5283.0,2025-01-12,Completed,VA,99.99
105283.0,5284.0,2025-03-17,Completed,MA,25.0
105284.0,5285.0,2025-04-02,Completed,TX,96.0
105285.0,5286.0,2025-02-16,Completed,IL,6.5
105286.0,5287.0,2025-10-25,Completed,CA,24.99
105287.0,5288.0,2025-03-16,Completed,IL,79.0
105288.0,5289.0,2025-01-07,Completed,NC,99.99
105289.0,5290.0,2026-01-15,Completed,NY,18.0
105290.0,5291.0,2025-07-09,Completed,CA,22.0
105291.0,5292.0,2025-03-10,Completed,WA,36.0
105292.0,5293.0,2025-08-10,Completed,WA,79.0
105293.0,5294.0,2025-02-25,Completed,IL,99.99
105294.0,5295.0,2025-12-21,Completed,WA,130.0
105295.0,5296.0,2025-09-09,Completed,VA,6.5
105296.0,5297.0,2025-04-28,Completed,CA,48.0
105297.0,5298.0,2026-01-03,Completed,WA,26.5
105298.0,5299.0,2025-05-10,Completed,CA,79.0
105299.0,5300.0,2025-11-04,Completed,NY,195.0
105300.0,5301.0,2025-05-13,Completed,MA,22.0
105301.0,5302.0,2025-05-18,Completed,NY,12.5
105302.0,5303.0,2025-09-20,Completed,CO,18.0
105303.0,5304.0,2025-06-06,Completed,VA,48.0
105304.0,5305.0,2025-10-21,Completed,NY,79.0
105305.0,5306.0,2025-05-09,Completed,FL,18.0
105306.0,5307.0,2025-01-25,Completed,IL,36.0
105307.0,5308.0,2025-04-12,Completed,CA,44.0
105308.0,5309.0,2025-01-01,Completed,NC,79.0
105309.0,5310.0,2025-12-09,Completed,NC,6.5
105310.0,5311.0,2026-01-07,Completed,CO,18.0
105311.0,5312.0,2025-11-17,Completed,FL,49.98
105312.0,5313.0,2025-10-16,Completed,CO,96.0
105313.0,5314.0,2025-04-12,Completed,VA,12.5
105314.0,5315.0,2025-08-26,Completed,VA,24.99
105315.0,5316.0,2025-08-09,Completed,CO,79.0
105316.0,5317.0,2025-07-29,Completed,NC,48.0
105317.0,5318.0,2025-06-01,Completed,FL,26.5
105318.0,5319.0,2025-01-09,Completed,MA,144.0
105319.0,5320.0,2025-09-18,Completed,MA,18.0
105320.0,5321.0,2025-06-27,Completed,FL,48.0
105321.0,5322.0,2025-10-10,Completed,IL,99.99
105322.0,5323.0,2025-07-28,Completed,WA,79.0
105323.0,5324.0,2025-03-06,Completed,IL,18.0
105324.0,5325.0,2025-05-09,Completed,WA,79.0
105325.0,5326.0,2025-10-10,Completed,CA,6.5
105326.0,5327.0,2025-04-24,Completed,IL,99.99
105327.0,5328.0,2025-03-12,Completed,NY,99.99
105328.0,5329.0,2025-01-17,Completed,CO,79.0
105329.0,5330.0,2025-09-25,Completed,TX,237.0
105330.0,5331.0,2025-04-16,Completed,TX,65.0
105331.0,5332.0,2025-02-06,Completed,CO,22.0
105332.0,5333.0,2025-05-12,Completed,FL,299.97
105333.0,5334.0,2025-07-01,Completed,FL,48.0
105334.0,5335.0,2025-08-19,Completed,MA,96.0
105335.0,5336.0,2025-02-18,Completed,CO,26.5
105336.0,5337.0,2025-12-27,Completed,WA,6.5
105337.0,5338.0,2025-02-18,Completed,MA,26.5
105338.0,5339.0,2025-12-20,Completed,TX,26.5
105339.0,5340.0,2025-04-05,Completed,TX,44.0
105340.0,5341.0,2025-07-10,Completed,NY,79.0
105341.0,5342.0,2025-04-30,Completed,NC,130.0
105342.0,5343.0,2025-01-12,Completed,FL,65.0
105343.0,5344.0,2025-01-08,Completed,CO,24.99
105344.0,5345.0,2025-08-26,Completed,NY,65.0
105345.0,5346.0,2025-07-16,Completed,TX,36.0
105346.0,5347.0,2025-10-07,Completed,VA,36.0
105347.0,5348.0,2025-08-03,Completed,VA,48.0
105348.0,5349.0,2025-10-08,Completed,NY,24.99
105349.0,5350.0,2025-06-23,Completed,VA,79.0
105350.0,5351.0,2025-09-09,Completed,NC,44.0
105351.0,5352.0,2025-07-19,Completed,IL,199.98
105352.0,5353.0,2025-07-31,Completed,CA,79.0
105353.0,5354.0,2025-04-08,Completed,IL,48.0
105354.0,5355.0,2025-09-13,Completed,NC,18.0
105355.0,5356.0,2025-09-23,Completed,NC,12.5
105356.0,5357.0,2025-11-04,Completed,VA,24.99
105357.0,5358.0,2025-07-17,Completed,VA,24.99
105358.0,5359.0,2025-06-29,Completed,NC,6.5
105359.0,5360.0,2025-11-04,Completed,TX,26.5
105360.0,5361.0,2025-11-12,Completed,MA,44.0
105361.0,5362.0,2025-08-08,Completed,IL,79.0
105362.0,5363.0,2025-02-12,Completed,IL,48.0
105363.0,5364.0,2025-04-24,Completed,IL,19.5
105364.0,5365.0,2025-10-01,Completed,VA,53.0
105365.0,5366.0,2025-12-28,Completed,IL,13.0
105366.0,5367.0,2025-05-17,Completed,WA,65.0
105367.0,5368.0,2025-08-05,Completed,TX,79.0
105368.0,5369.0,2025-05-09,Completed,MA,22.0
105369.0,5370.0,2025-10-07,Completed,VA,36.0
105370.0,5371.0,2025-04-11,Completed,CO,199.98
105371.0,5372.0,2025-08-23,Completed,WA,79.0
105372.0,5373.0,2025-04-17,Completed,CO,26.5
105373.0,5374.0,2025-04-27,Completed,TX,22.0
105374.0,5375.0,2025-03-01,Completed,CO,22.0
105375.0,5376.0,2025-08-10,Completed,CO,26.5
105376.0,5377.0,2025-03-06,Completed,CA,12.5
105377.0,5378.0,2026-01-15,Completed,NY,48.0
105378.0,5379.0,2025-11-09,Completed,CO,26.5
105379.0,5380.0,2025-02-13,Completed,NC,12.5
105380.0,5381.0,2025-09-04,Completed,VA,18.0
105381.0,5382.0,2025-10-22,Completed,IL,99.99
105382.0,5383.0,2025-11-17,Completed,VA,130.0
105383.0,5384.0,2025-11-16,Completed,VA,24.99
105384.0,5385.0,2025-10-28,Completed,IL,13.0
105385.0,5386.0,2025-08-01,Completed,CA,12.5
105386.0,5387.0,2025-05-29,Completed,MA,6.5
105387.0,5388.0,2025-08-12,Completed,WA,22.0
105388.0,5389.0,2025-12-23,Completed,MA,24.99
105389.0,5390.0,2025-10-23,Completed,WA,22.0
105390.0,5391.0,2025-05-08,Completed,MA,48.0
105391.0,5392.0,2025-09-01,Completed,MA,18.0
105392.0,5393.0,2025-08-08,Completed,NY,65.0
105393.0,5394.0,2025-12-07,Completed,FL,65.0
105394.0,5395.0,2025-06-17,Completed,WA,65.0
105395.0,5396.0,2025-03-03,Completed,MA,12.5
105396.0,5397.0,2025-09-13,Completed,MA,99.99
105397.0,5398.0,2025-08-24,Completed,WA,24.99
105398.0,5399.0,2025-12-01,Completed,WA,18.0
105399.0,5400.0,2025-03-29,Completed,NY,79.0
105400.0,5401.0,2025-09-26,Completed,FL,99.99
105401.0,5402.0,2025-11-22,Completed,CA,18.0
105402.0,5403.0,2025-06-26,Completed,MA,48.0
105403.0,5404.0,2025-05-15,Completed,TX,12.5
105404.0,5405.0,2025-04-05,Completed,CA,24.99
105405.0,5406.0,2025-06-06,Completed,NY,12.5
105406.0,5407.0,2025-03-24,Completed,VA,22.0
105407.0,5408.0,2025-09-28,Completed,CO,26.5
105408.0,5409.0,2025-12-14,Completed,IL,25.0
105409.0,5410.0,2025-08-23,Completed,NC,6.5
105410.0,5411.0,2025-08-20,Completed,NY,96.0
105411.0,5412.0,2025-03-09,Completed,FL,158.0
105412.0,5413.0,2025-01-30,Completed,VA,79.0
105413.0,5414.0,2025-09-19,Completed,NC,22.0
105414.0,5415.0,2025-09-16,Completed,WA,12.5
105415.0,5416.0,2025-02-16,Completed,MA,99.99
105416.0,5417.0,2025-12-25,Completed,NC,79.0
105417.0,5418.0,2025-05-24,Completed,WA,48.0
105418.0,5419.0,2025-02-02,Completed,IL,199.98
105419.0,5420.0,2025-11-10,Completed,WA,99.99
105420.0,5421.0,2025-12-08,Completed,CO,99.99
105421.0,5422.0,2025-01-10,Completed,WA,99.99
105422.0,5423.0,2025-05-12,Completed,FL,65.0
105423.0,5424.0,2025-01-16,Completed,VA,158.0
105424.0,5425.0,2026-01-06,Completed,CA,12.5
105425.0,5426.0,2025-03-15,Completed,CA,130.0
105426.0,5427.0,2025-05-29,Completed,NC,79.0
105427.0,5428.0,2025-03-13,Completed,NC,24.99
105428.0,5429.0,2025-05-11,Completed,VA,48.0
105429.0,5430.0,2025-01-20,Completed,WA,66.0
105430.0,5431.0,2026-01-09,Completed,NY,22.0
105431.0,5432.0,2025-10-08,Completed,NY,12.5
105432.0,5433.0,2025-04-09,Completed,CO,237.0
105433.0,5434.0,2025-11-26,Completed,NC,48.0
105434.0,5435.0,2025-08-21,Completed,VA,130.0
105435.0,5436.0,2025-08-29,Completed,WA,22.0
105436.0,5437.0,2025-03-28,Completed,CA,49.98
105437.0,5438.0,2025-10-11,Completed,MA,12.5
105438.0,5439.0,2025-02-13,Completed,IL,6.5
105439.0,5440.0,2025-12-09,Completed,TX,48.0
105440.0,5441.0,2026-01-06,Completed,NC,65.0
105441.0,5442.0,2025-06-06,Completed,FL,99.99
105442.0,5443.0,2025-11-26,Completed,MA,99.99
105443.0,5444.0,2025-06-13,Completed,NY,65.0
105444.0,5445.0,2025-10-06,Completed,NC,49.98
105445.0,5446.0,2025-05-28,Completed,WA,48.0
105446.0,5447.0,2025-05-27,Completed,CO,26.5
105447.0,5448.0,2025-11-01,Completed,NC,79.5
105448.0,5449.0,2025-08-11,Completed,WA,65.0
105449.0,5450.0,2025-11-30,Completed,MA,65.0
105450.0,5451.0,2025-06-02,Completed,MA,48.0
105451.0,5452.0,2025-02-22,Completed,MA,79.0
105452.0,5453.0,2025-11-27,Completed,VA,26.5
105453.0,5454.0,2025-03-28,Completed,NC,24.99
105454.0,5455.0,2025-02-07,Completed,CA,96.0
105455.0,5456.0,2025-03-28,Completed,TX,48.0
105456.0,5457.0,2025-09-02,Completed,CO,6.5
105457.0,5458.0,2025-02-19,Completed,VA,26.5
105458.0,5459.0,2025-03-01,Completed,IL,65.0
105459.0,5460.0,2025-12-07,Completed,MA,37.5
105460.0,5461.0,2025-07-29,Completed,CO,26.5
105461.0,5462.0,2025-05-06,Completed,FL,22.0
105462.0,5463.0,2025-07-11,Completed,TX,12.5
105463.0,5464.0,2025-10-11,Completed,NY,18.0
105464.0,5465.0,2025-07-07,Completed,MA,26.5
105465.0,5466.0,2025-03-08,Completed,TX,44.0
105466.0,5467.0,2025-04-29,Completed,FL,299.97
105467.0,5468.0,2025-03-17,Completed,FL,53.0
105468.0,5469.0,2025-10-21,Completed,FL,19.5
105469.0,5470.0,2025-04-06,Completed,WA,158.0
105470.0,5471.0,2025-02-14,Completed,CA,130.0
105471.0,5472.0,2025-03-30,Completed,NC,26.5
105472.0,5473.0,2025-10-27,Completed,IL,53.0
105473.0,5474.0,2026-01-12,Completed,CO,199.98
105474.0,5475.0,2025-08-06,Completed,MA,36.0
105475.0,5476.0,2025-10-03,Completed,CA,65.0
105476.0,5477.0,2025-07-05,Completed,IL,199.98
105477.0,5478.0,2025-11-20,Completed,WA,79.0
105478.0,5479.0,2025-03-07,Completed,FL,158.0
105479.0,5480.0,2025-05-03,Completed,FL,79.0
105480.0,5481.0,2025-03-23,Completed,NY,24.99
105481.0,5482.0,2025-12-22,Completed,NY,24.99
105482.0,5483.0,2025-05-31,Completed,TX,99.99
105483.0,5484.0,2025-02-04,Completed,MA,48.0
105484.0,5485.0,2026-01-06,Completed,CA,6.5
105485.0,5486.0,2025-06-18,Completed,TX,44.0
105486.0,5487.0,2025-11-07,Completed,CO,48.0
105487.0,5488.0,2026-01-03,Completed,IL,12.5
105488.0,5489.0,2025-11-03,Completed,WA,199.98
105489.0,5490.0,2025-08-05,Completed,VA,24.99
105490.0,5491.0,2025-06-27,Completed,VA,79.0
105491.0,5492.0,2025-07-16,Completed,MA,49.98
105492.0,5493.0,2025-03-09,Completed,NY,158.0
105493.0,5494.0,2025-11-27,Completed,WA,22.0
105494.0,5495.0,2025-03-31,Completed,CA,65.0
105495.0,5496.0,2025-10-03,Completed,WA,65.0
105496.0,5497.0,2025-10-19,Completed,NY,44.0
105497.0,5498.0,2025-11-21,Completed,VA,6.5
105498.0,5499.0,2025-05-22,Completed,NY,22.0
105499.0,5500.0,2025-04-05,Completed,VA,22.0
105500.0,5501.0,2025-12-05,Completed,IL,22.0
105501.0,5502.0,2025-07-30,Completed,NC,44.0
105502.0,5503.0,2025-09-05,Completed,TX,44.0
105503.0,5504.0,2025-06-06,Completed,VA,48.0
105504.0,5505.0,2025-12-23,Completed,VA,22.0
105505.0,5506.0,2025-11-05,Completed,MA,6.5
105506.0,5507.0,2025-04-04,Completed,CA,44.0
105507.0,5508.0,2025-04-22,Completed,TX,26.5
105508.0,5509.0,2025-05-11,Completed,CO,65.0
105509.0,5510.0,2025-01-17,Completed,NY,237.0
105510.0,5511.0,2025-11-08,Completed,VA,13.0
105511.0,5512.0,2025-08-08,Completed,MA,18.0
105512.0,5513.0,2025-04-02,Completed,TX,79.0
105513.0,5514.0,2025-10-13,Completed,TX,24.99
105514.0,5515.0,2026-01-05,Completed,TX,79.0
105515.0,5516.0,2025-11-18,Completed,CO,26.5
105516.0,5517.0,2026-01-06,Completed,WA,24.99
105517.0,5518.0,2025-03-29,Completed,IL,18.0
105518.0,5519.0,2025-08-09,Completed,CO,44.0
105519.0,5520.0,2025-09-03,Completed,MA,53.0
105520.0,5521.0,2025-10-26,Completed,MA,48.0
105521.0,5522.0,2025-08-21,Completed,NY,6.5
105522.0,5523.0,2025-03-13,Completed,NC,12.5
105523.0,5524.0,2025-10-02,Completed,FL,24.99
105524.0,5525.0,2025-04-02,Completed,CO,6.5
105525.0,5526.0,2025-05-06,Completed,FL,26.5
105526.0,5527.0,2025-12-04,Completed,CA,130.0
105527.0,5528.0,2025-11-29,Completed,IL,13.0
105528.0,5529.0,2025-11-05,Completed,CA,18.0
105529.0,5530.0,2025-03-19,Completed,MA,48.0
105530.0,5531.0,2025-01-23,Completed,CA,18.0
105531.0,5532.0,2025-01-25,Completed,NC,48.0
105532.0,5533.0,2026-01-13,Completed,TX,22.0
105533.0,5534.0,2025-04-18,Completed,FL,79.0
105534.0,5535.0,2025-12-18,Completed,NY,99.99
105535.0,5536.0,2025-12-27,Completed,CA,24.99
105536.0,5537.0,2025-09-26,Completed,CA,22.0
105537.0,5538.0,2025-12-13,Completed,CO,26.5
105538.0,5539.0,2025-06-03,Completed,TX,199.98
105539.0,5540.0,2025-01-15,Completed,FL,99.99
105540.0,5541.0,2025-12-15,Completed,TX,79.0
105541.0,5542.0,2025-12-05,Completed,CO,22.0
105542.0,5543.0,2025-10-27,Completed,FL,22.0
105543.0,5544.0,2025-09-24,Completed,NC,299.97
105544.0,5545.0,2025-12-12,Completed,NY,12.5
105545.0,5546.0,2025-02-12,Completed,MA,12.5
105546.0,5547.0,2025-02-13,Completed,WA,24.99
105547.0,5548.0,2025-11-07,Completed,VA,25.0
105548.0,5549.0,2026-01-08,Completed,MA,53.0
105549.0,5550.0,2026-01-10,Completed,CA,48.0
105550.0,5551.0,2025-04-13,Completed,MA,49.98
105551.0,5552.0,2025-03-11,Completed,FL,44.0
105552.0,5553.0,2025-08-19,Completed,CA,6.5
105553.0,5554.0,2025-08-03,Completed,TX,48.0
105554.0,5555.0,2025-06-23,Completed,MA,79.0
105555.0,5556.0,2025-05-02,Completed,TX,12.5
105556.0,5557.0,2025-05-22,Completed,TX,130.0
105557.0,5558.0,2025-01-09,Completed,VA,13.0
105558.0,5559.0,2025-10-29,Completed,FL,53.0
105559.0,5560.0,2025-07-09,Completed,NC,22.0
105560.0,5561.0,2025-09-04,Completed,NY,44.0
105561.0,5562.0,2025-10-06,Completed,NY,36.0
105562.0,5563.0,2025-12-02,Completed,FL,22.0
105563.0,5564.0,2025-01-09,Completed,NY,22.0
105564.0,5565.0,2025-02-12,Completed,FL,37.5
105565.0,5566.0,2025-03-27,Completed,IL,18.0
105566.0,5567.0,2025-02-04,Completed,FL,24.99
105567.0,5568.0,2025-10-31,Completed,CO,18.0
105568.0,5569.0,2025-05-22,Completed,IL,99.99
105569.0,5570.0,2025-09-11,Completed,NC,44.0
105570.0,5571.0,2025-10-18,Completed,WA,65.0
105571.0,5572.0,2025-05-24,Completed,FL,65.0
105572.0,5573.0,2026-01-12,Completed,NY,24.99
105573.0,5574.0,2025-06-02,Completed,FL,79.0
105574.0,5575.0,2025-02-06,Completed,FL,22.0
105575.0,5576.0,2025-01-27,Completed,TX,79.0
105576.0,5577.0,2025-07-10,Completed,CO,13.0
105577.0,5578.0,2025-10-15,Completed,IL,96.0
105578.0,5579.0,2025-12-19,Completed,CA,18.0
105579.0,5580.0,2025-09-30,Completed,IL,99.99
105580.0,5581.0,2025-01-29,Completed,NY,18.0
105581.0,5582.0,2025-09-03,Completed,TX,96.0
105582.0,5583.0,2025-01-08,Completed,VA,18.0
105583.0,5584.0,2025-08-12,Completed,WA,49.98
105584.0,5585.0,2025-07-06,Completed,NC,299.97
105585.0,5586.0,2026-01-12,Completed,NC,65.0
105586.0,5587.0,2025-05-05,Completed,NY,18.0
105587.0,5588.0,2025-06-04,Completed,IL,18.0
105588.0,5589.0,2026-01-12,Completed,NC,25.0
105589.0,5590.0,2025-03-26,Completed,NC,195.0
105590.0,5591.0,2025-12-25,Completed,VA,12.5
105591.0,5592.0,2025-05-13,Completed,IL,65.0
105592.0,5593.0,2025-11-25,Completed,CA,12.5
105593.0,5594.0,2025-08-31,Completed,NC,65.0
105594.0,5595.0,2025-05-20,Completed,NY,48.0
105595.0,5596.0,2025-11-13,Completed,CO,44.0
105596.0,5597.0,2025-01-08,Completed,NC,65.0
105597.0,5598.0,2025-07-04,Completed,TX,99.99
105598.0,5599.0,2025-02-15,Completed,FL,65.0
105599.0,5600.0,2025-07-30,Completed,IL,79.0
105600.0,5601.0,2025-06-19,Completed,TX,22.0
105601.0,5602.0,2025-11-28,Completed,MA,18.0
105602.0,5603.0,2025-11-20,Completed,IL,25.0
105603.0,5604.0,2025-06-12,Completed,CA,6.5
105604.0,5605.0,2025-01-03,Completed,MA,65.0
105605.0,5606.0,2025-06-09,Completed,NY,24.99
105606.0,5607.0,2025-02-22,Completed,IL,6.5
105607.0,5608.0,2025-06-09,Completed,NY,195.0
105608.0,5609.0,2025-01-20,Completed,IL,79.0
105609.0,5610.0,2025-06-08,Completed,FL,48.0
105610.0,5611.0,2025-01-31,Completed,CO,79.0
105611.0,5612.0,2025-05-03,Completed,FL,49.98
105612.0,5613.0,2025-02-06,Completed,CA,99.99
105613.0,5614.0,2025-11-30,Completed,CO,65.0
105614.0,5615.0,2025-01-15,Completed,MA,18.0
105615.0,5616.0,2025-10-06,Completed,IL,36.0
105616.0,5617.0,2025-10-25,Completed,NC,6.5
105617.0,5618.0,2025-11-13,Completed,VA,22.0
105618.0,5619.0,2025-07-23,Completed,CA,74.97
105619.0,5620.0,2025-10-23,Completed,CO,6.5
105620.0,5621.0,2025-06-05,Completed,NC,36.0
105621.0,5622.0,2025-03-09,Completed,MA,6.5
105622.0,5623.0,2025-08-26,Completed,VA,18.0
105623.0,5624.0,2025-11-03,Completed,FL,48.0
105624.0,5625.0,2025-01-31,Completed,IL,25.0
105625.0,5626.0,2025-06-25,Completed,CA,53.0
105626.0,5627.0,2025-10-26,Completed,NY,26.5
105627.0,5628.0,2025-12-02,Completed,CA,49.98
105628.0,5629.0,2025-05-09,Completed,WA,96.0
105629.0,5630.0,2026-01-11,Completed,NY,130.0
105630.0,5631.0,2025-06-05,Completed,TX,99.99
105631.0,5632.0,2025-02-19,Completed,CA,26.5
105632.0,5633.0,2025-10-20,Completed,CA,24.99
105633.0,5634.0,2025-04-10,Completed,CA,6.5
105634.0,5635.0,2025-01-03,Completed,CO,12.5
105635.0,5636.0,2025-11-04,Completed,NC,65.0
105636.0,5637.0,2025-12-05,Completed,CO,22.0
105637.0,5638.0,2025-11-06,Completed,VA,158.0
105638.0,5639.0,2025-12-20,Completed,CO,65.0
105639.0,5640.0,2026-01-12,Completed,IL,79.0
105640.0,5641.0,2025-01-01,Completed,NY,18.0
105641.0,5642.0,2025-01-15,Completed,MA,6.5
105642.0,5643.0,2025-11-17,Completed,NY,6.5
105643.0,5644.0,2025-06-02,Completed,VA,12.5
105644.0,5645.0,2025-11-14,Completed,MA,48.0
105645.0,5646.0,2025-05-16,Completed,FL,99.99
105646.0,5647.0,2025-11-28,Completed,NC,26.5
105647.0,5648.0,2025-06-29,Completed,MA,25.0
105648.0,5649.0,2025-11-19,Completed,NY,48.0
105649.0,5650.0,2025-11-30,Completed,CO,26.5
105650.0,5651.0,2025-05-30,Completed,CO,99.99
105651.0,5652.0,2025-03-17,Completed,MA,48.0
105652.0,5653.0,2025-09-26,Completed,MA,158.0
105653.0,5654.0,2025-04-04,Completed,CO,79.0
105654.0,5655.0,2025-01-06,Completed,CA,79.0
105655.0,5656.0,2025-09-04,Completed,FL,6.5
105656.0,5657.0,2025-01-17,Completed,MA,65.0
105657.0,5658.0,2025-06-06,Completed,CA,237.0
105658.0,5659.0,2025-11-05,Completed,FL,25.0
105659.0,5660.0,2025-02-04,Completed,TX,79.0
105660.0,5661.0,2025-12-18,Completed,NY,12.5
105661.0,5662.0,2025-10-03,Completed,VA,158.0
105662.0,5663.0,2025-06-19,Completed,NC,12.5
105663.0,5664.0,2025-07-27,Completed,VA,12.5
105664.0,5665.0,2025-02-15,Completed,CO,25.0
105665.0,5666.0,2025-09-26,Completed,NC,48.0
105666.0,5667.0,2025-10-15,Completed,CA,99.99
105667.0,5668.0,2025-09-13,Completed,CA,96.0
105668.0,5669.0,2025-08-02,Completed,VA,24.99
105669.0,5670.0,2025-02-21,Completed,FL,44.0
105670.0,5671.0,2025-08-18,Completed,VA,6.5
105671.0,5672.0,2026-01-05,Completed,NY,18.0
105672.0,5673.0,2025-03-05,Completed,VA,26.5
105673.0,5674.0,2025-03-30,Completed,MA,22.0
105674.0,5675.0,2025-05-20,Completed,MA,44.0
105675.0,5676.0,2025-02-05,Completed,FL,26.5
105676.0,5677.0,2025-02-02,Completed,MA,24.99
105677.0,5678.0,2025-08-16,Completed,CA,6.5
105678.0,5679.0,2025-03-03,Completed,IL,37.5
105679.0,5680.0,2025-03-24,Completed,NY,44.0
105680.0,5681.0,2025-10-28,Completed,VA,22.0
105681.0,5682.0,2025-05-16,Completed,CA,26.5
105682.0,5683.0,2025-11-24,Completed,WA,199.98
105683.0,5684.0,2025-10-05,Completed,NY,12.5
105684.0,5685.0,2025-01-08,Completed,MA,18.0
105685.0,5686.0,2025-03-17,Completed,NY,13.0
105686.0,5687.0,2026-01-03,Completed,FL,44.0
105687.0,5688.0,2025-02-11,Completed,TX,99.99
105688.0,5689.0,2025-11-18,Completed,FL,12.5
105689.0,5690.0,2025-03-14,Completed,VA,44.0
105690.0,5691.0,2025-05-26,Completed,CA,79.0
105691.0,5692.0,2025-08-24,Completed,CO,12.5
105692.0,5693.0,2025-03-14,Completed,FL,18.0
105693.0,5694.0,2025-12-25,Completed,CO,49.98
105694.0,5695.0,2025-06-06,Completed,VA,65.0
105695.0,5696.0,2025-09-05,Completed,VA,6.5
105696.0,5697.0,2025-04-24,Completed,CA,65.0
105697.0,5698.0,2025-08-07,Completed,WA,24.99
105698.0,5699.0,2025-12-28,Completed,NC,99.99
105699.0,5700.0,2025-01-11,Completed,NC,24.99
105700.0,5701.0,2025-04-29,Completed,CA,26.5
105701.0,5702.0,2025-06-16,Completed,IL,25.0
105702.0,5703.0,2025-10-05,Completed,TX,36.0
105703.0,5704.0,2025-04-25,Completed,NC,18.0
105704.0,5705.0,2025-11-02,Completed,CA,26.5
105705.0,5706.0,2025-10-09,Completed,NC,65.0
105706.0,5707.0,2025-01-31,Completed,VA,199.98
105707.0,5708.0,2025-11-12,Completed,NC,18.0
105708.0,5709.0,2025-03-20,Completed,WA,24.99
105709.0,5710.0,2025-08-07,Completed,CA,199.98
105710.0,5711.0,2025-03-14,Completed,NC,158.0
105711.0,5712.0,2025-12-04,Completed,NC,79.0
105712.0,5713.0,2025-02-10,Completed,MA,48.0
105713.0,5714.0,2025-01-28,Completed,NY,96.0
105714.0,5715.0,2025-10-01,Completed,WA,79.0
105715.0,5716.0,2025-07-27,Completed,TX,24.99
105716.0,5717.0,2025-05-30,Completed,TX,22.0
105717.0,5718.0,2025-08-18,Completed,TX,24.99
105718.0,5719.0,2025-09-11,Completed,VA,18.0
105719.0,5720.0,2025-12-08,Completed,NC,6.5
105720.0,5721.0,2025-10-19,Completed,TX,12.5
105721.0,5722.0,2025-05-31,Completed,WA,36.0
105722.0,5723.0,2025-12-24,Completed,NC,79.0
105723.0,5724.0,2026-01-06,Completed,FL,24.99
105724.0,5725.0,2025-03-30,Completed,MA,79.0
105725.0,5726.0,2025-05-16,Completed,NC,24.99
105726.0,5727.0,2025-07-07,Completed,NY,99.99
105727.0,5728.0,2025-03-17,Completed,CO,6.5
105728.0,5729.0,2025-01-10,Completed,NC,24.99
105729.0,5730.0,2025-04-28,Completed,FL,12.5
105730.0,5731.0,2025-07-27,Completed,IL,22.0
105731.0,5732.0,2025-10-20,Completed,CA,6.5
105732.0,5733.0,2025-04-18,Completed,CA,18.0
105733.0,5734.0,2025-05-24,Completed,VA,79.0
105734.0,5735.0,2025-09-21,Completed,IL,26.5
105735.0,5736.0,2025-12-07,Completed,NY,6.5
105736.0,5737.0,2025-04-29,Completed,VA,65.0
105737.0,5738.0,2025-06-23,Completed,WA,79.0
105738.0,5739.0,2025-01-14,Completed,NC,18.0
105739.0,5740.0,2025-07-03,Completed,CA,18.0
105740.0,5741.0,2025-10-22,Completed,NY,26.5
105741.0,5742.0,2025-03-13,Completed,TX,79.0
105742.0,5743.0,2025-10-21,Completed,CA,26.5
105743.0,5744.0,2025-04-17,Completed,TX,65.0
105744.0,5745.0,2025-01-25,Completed,NC,79.0
105745.0,5746.0,2025-01-27,Completed,WA,26.5
105746.0,5747.0,2025-11-17,Completed,CO,36.0
105747.0,5748.0,2025-03-05,Completed,WA,99.99
105748.0,5749.0,2025-01-30,Completed,CA,26.5
105749.0,5750.0,2025-07-14,Completed,CO,24.99
105750.0,5751.0,2025-03-22,Completed,CA,26.5
105751.0,5752.0,2025-04-29,Completed,NC,12.5
105752.0,5753.0,2025-03-01,Completed,FL,65.0
105753.0,5754.0,2025-03-24,Completed,CO,26.5
105754.0,5755.0,2025-11-19,Completed,NY,18.0
105755.0,5756.0,2025-02-07,Completed,CO,99.99
105756.0,5757.0,2025-09-10,Completed,IL,18.0
105757.0,5758.0,2025-12-08,Completed,VA,26.5
105758.0,5759.0,2025-06-14,Completed,NC,18.0
105759.0,5760.0,2025-03-26,Completed,CA,6.5
105760.0,5761.0,2025-06-14,Completed,NY,36.0
105761.0,5762.0,2025-03-23,Completed,MA,79.0
105762.0,5763.0,2025-09-26,Completed,NC,12.5
105763.0,5764.0,2025-02-05,Completed,IL,12.5
105764.0,5765.0,2026-01-06,Completed,WA,24.99
105765.0,5766.0,2025-03-23,Completed,CO,18.0
105766.0,5767.0,2025-09-06,Completed,NC,130.0
105767.0,5768.0,2025-01-11,Completed,VA,36.0
105768.0,5769.0,2025-09-07,Completed,NC,65.0
105769.0,5770.0,2025-02-07,Completed,NY,65.0
105770.0,5771.0,2025-07-30,Completed,NC,36.0
105771.0,5772.0,2025-05-29,Completed,MA,79.0
105772.0,5773.0,2025-07-09,Completed,IL,24.99
105773.0,5774.0,2025-03-05,Completed,NC,12.5
105774.0,5775.0,2025-05-23,Completed,CO,36.0
105775.0,5776.0,2025-10-25,Completed,CO,6.5
105776.0,5777.0,2026-01-03,Completed,CO,19.5
105777.0,5778.0,2025-05-07,Completed,CA,18.0
105778.0,5779.0,2025-09-17,Completed,MA,48.0
105779.0,5780.0,2025-02-05,Completed,WA,48.0
105780.0,5781.0,2025-03-07,Completed,IL,79.0
105781.0,5782.0,2025-07-22,Completed,VA,6.5
105782.0,5783.0,2025-08-15,Completed,NY,24.99
105783.0,5784.0,2025-08-26,Completed,NC,144.0
105784.0,5785.0,2025-04-28,Completed,MA,12.5
105785.0,5786.0,2025-09-03,Completed,TX,26.5
105786.0,5787.0,2025-03-08,Completed,VA,144.0
105787.0,5788.0,2025-10-09,Completed,VA,99.99
105788.0,5789.0,2025-11-10,Completed,NC,6.5
105789.0,5790.0,2025-05-15,Completed,CA,18.0
105790.0,5791.0,2025-10-31,Completed,NY,22.0
105791.0,5792.0,2025-11-20,Completed,IL,130.0
105792.0,5793.0,2025-03-13,Completed,VA,79.0
105793.0,5794.0,2025-09-20,Completed,MA,65.0
105794.0,5795.0,2025-05-18,Completed,WA,65.0
105795.0,5796.0,2025-06-16,Completed,NC,49.98
105796.0,5797.0,2025-02-11,Completed,CO,48.0
105797.0,5798.0,2025-02-11,Completed,NC,6.5
105798.0,5799.0,2025-09-25,Completed,TX,6.5
105799.0,5800.0,2025-08-04,Completed,NY,24.99
105800.0,5801.0,2025-08-10,Completed,NC,24.99
105801.0,5802.0,2025-08-08,Completed,CA,65.0
105802.0,5803.0,2025-10-16,Completed,FL,65.0
105803.0,5804.0,2025-08-25,Completed,CO,99.99
105804.0,5805.0,2025-07-24,Completed,NC,18.0
105805.0,5806.0,2025-05-16,Completed,CO,18.0
105806.0,5807.0,2025-08-10,Completed,VA,26.5
105807.0,5808.0,2025-04-06,Completed,NC,99.99
105808.0,5809.0,2025-07-19,Completed,IL,6.5
105809.0,5810.0,2025-03-04,Completed,TX,199.98
105810.0,5811.0,2025-05-07,Completed,NC,79.0
105811.0,5812.0,2025-03-03,Completed,TX,65.0
105812.0,5813.0,2025-04-15,Completed,NC,24.99
105813.0,5814.0,2025-01-01,Completed,NY,99.99
105814.0,5815.0,2025-08-09,Completed,MA,6.5
105815.0,5816.0,2025-07-01,Completed,NC,48.0
105816.0,5817.0,2025-03-27,Completed,MA,79.0
105817.0,5818.0,2025-12-10,Completed,CO,79.0
105818.0,5819.0,2025-09-18,Completed,NY,48.0
105819.0,5820.0,2025-04-10,Completed,IL,22.0
105820.0,5821.0,2026-01-03,Completed,WA,18.0
105821.0,5822.0,2025-09-14,Completed,CA,79.0
105822.0,5823.0,2025-06-30,Completed,WA,130.0
105823.0,5824.0,2025-02-12,Completed,CO,99.99
105824.0,5825.0,2025-02-19,Completed,FL,48.0
105825.0,5826.0,2026-01-11,Completed,CA,12.5
105826.0,5827.0,2025-05-05,Completed,WA,130.0
105827.0,5828.0,2025-07-19,Completed,WA,6.5
105828.0,5829.0,2025-04-22,Completed,IL,18.0
105829.0,5830.0,2025-11-08,Completed,NC,199.98
105830.0,5831.0,2025-09-09,Completed,NC,65.0
105831.0,5832.0,2025-01-10,Completed,FL,158.0
105832.0,5833.0,2025-07-30,Completed,NY,130.0
105833.0,5834.0,2025-11-06,Completed,CA,24.99
105834.0,5835.0,2025-06-10,Completed,MA,24.99
105835.0,5836.0,2025-12-11,Completed,VA,18.0
105836.0,5837.0,2025-09-10,Completed,VA,49.98
105837.0,5838.0,2026-01-03,Completed,WA,12.5
105838.0,5839.0,2025-10-30,Completed,WA,22.0
105839.0,5840.0,2025-07-01,Completed,CO,36.0
105840.0,5841.0,2025-05-23,Completed,CA,158.0
105841.0,5842.0,2025-07-29,Completed,NY,49.98
105842.0,5843.0,2025-01-02,Completed,VA,12.5
105843.0,5844.0,2025-01-14,Completed,CO,65.0
105844.0,5845.0,2025-07-03,Completed,NC,6.5
105845.0,5846.0,2025-12-01,Completed,FL,6.5
105846.0,5847.0,2025-02-16,Completed,TX,48.0
105847.0,5848.0,2025-03-05,Completed,NC,36.0
105848.0,5849.0,2025-03-06,Completed,MA,79.0
105849.0,5850.0,2025-01-07,Completed,IL,199.98
105850.0,5851.0,2025-06-04,Completed,CO,6.5
105851.0,5852.0,2025-12-01,Completed,NC,66.0
105852.0,5853.0,2025-10-12,Completed,MA,49.98
105853.0,5854.0,2025-09-30,Completed,WA,6.5
105854.0,5855.0,2025-12-05,Completed,MA,18.0
105855.0,5856.0,2025-12-16,Completed,MA,25.0
105856.0,5857.0,2025-08-01,Completed,NY,36.0
105857.0,5858.0,2025-04-17,Completed,NC,24.99
105858.0,5859.0,2025-06-12,Completed,TX,79.0
105859.0,5860.0,2025-10-05,Completed,IL,6.5
105860.0,5861.0,2025-09-19,Completed,VA,44.0
105861.0,5862.0,2025-08-19,Completed,CA,65.0
105862.0,5863.0,2025-05-11,Completed,CO,79.0
105863.0,5864.0,2026-01-04,Completed,VA,65.0
105864.0,5865.0,2025-04-07,Completed,IL,25.0
105865.0,5866.0,2025-08-31,Completed,CO,26.5
105866.0,5867.0,2025-09-05,Completed,VA,6.5
105867.0,5868.0,2025-03-18,Completed,CO,130.0
105868.0,5869.0,2025-01-04,Completed,FL,99.99
105869.0,5870.0,2025-08-05,Completed,CA,99.99
105870.0,5871.0,2025-12-25,Completed,WA,24.99
105871.0,5872.0,2026-01-08,Completed,NY,79.0
105872.0,5873.0,2025-05-06,Completed,IL,26.5
105873.0,5874.0,2025-09-01,Completed,MA,79.0
105874.0,5875.0,2025-10-26,Completed,MA,24.99
105875.0,5876.0,2025-04-23,Completed,VA,130.0
105876.0,5877.0,2025-07-13,Completed,CO,99.99
105877.0,5878.0,2025-07-26,Completed,FL,48.0
105878.0,5879.0,2025-06-04,Completed,TX,22.0
105879.0,5880.0,2025-11-28,Completed,NC,6.5
105880.0,5881.0,2025-06-27,Completed,CO,24.99
105881.0,5882.0,2025-05-13,Completed,CA,18.0
105882.0,5883.0,2025-03-20,Completed,NY,130.0
105883.0,5884.0,2026-01-06,Completed,VA,79.0
105884.0,5885.0,2026-01-13,Completed,WA,65.0
105885.0,5886.0,2025-07-05,Completed,IL,6.5
105886.0,5887.0,2025-05-01,Completed,NY,79.0
105887.0,5888.0,2025-02-28,Completed,MA,6.5
105888.0,5889.0,2025-06-25,Completed,NY,79.0
105889.0,5890.0,2025-02-22,Completed,CA,13.0
105890.0,5891.0,2025-07-29,Completed,MA,65.0
105891.0,5892.0,2025-05-05,Completed,MA,65.0
105892.0,5893.0,2025-05-24,Completed,VA,12.5
105893.0,5894.0,2025-03-05,Completed,TX,6.5
105894.0,5895.0,2025-06-22,Completed,CA,12.5
105895.0,5896.0,2025-03-04,Completed,WA,12.5
105896.0,5897.0,2025-07-01,Completed,WA,18.0
105897.0,5898.0,2025-10-30,Completed,CA,26.5
105898.0,5899.0,2025-04-20,Completed,VA,22.0
105899.0,5900.0,2025-07-28,Completed,WA,48.0
105900.0,5901.0,2025-09-18,Completed,CA,49.98
105901.0,5902.0,2025-07-23,Completed,MA,48.0
105902.0,5903.0,2025-05-05,Completed,TX,18.0
105903.0,5904.0,2025-02-20,Completed,MA,22.0
105904.0,5905.0,2025-03-21,Completed,VA,99.99
105905.0,5906.0,2025-05-20,Completed,IL,12.5
105906.0,5907.0,2025-01-22,Completed,NC,6.5
105907.0,5908.0,2025-09-02,Completed,FL,18.0
105908.0,5909.0,2025-09-02,Completed,FL,158.0
105909.0,5910.0,2025-01-07,Completed,TX,65.0
105910.0,5911.0,2025-07-17,Completed,VA,18.0
105911.0,5912.0,2025-12-21,Completed,VA,24.99
105912.0,5913.0,2025-03-04,Completed,WA,65.0
105913.0,5914.0,2025-07-03,Completed,CO,48.0
105914.0,5915.0,2025-08-17,Completed,WA,19.5
105915.0,5916.0,2025-03-29,Completed,VA,79.0
105916.0,5917.0,2025-10-12,Completed,NY,6.5
105917.0,5918.0,2025-01-02,Completed,NC,22.0
105918.0,5919.0,2025-04-24,Completed,FL,26.5
105919.0,5920.0,2025-04-19,Completed,IL,65.0
105920.0,5921.0,2025-01-28,Completed,MA,24.99
105921.0,5922.0,2025-08-06,Completed,WA,6.5
105922.0,5923.0,2025-04-16,Completed,FL,158.0
105923.0,5924.0,2025-07-13,Completed,IL,53.0
105924.0,5925.0,2025-01-06,Completed,TX,96.0
105925.0,5926.0,2025-10-27,Completed,MA,79.0
105926.0,5927.0,2025-10-24,Completed,MA,299.97
105927.0,5928.0,2025-05-12,Completed,NY,18.0
105928.0,5929.0,2025-08-01,Completed,MA,6.5
105929.0,5930.0,2025-10-03,Completed,TX,18.0
105930.0,5931.0,2025-03-11,Completed,NC,65.0
105931.0,5932.0,2025-02-05,Completed,WA,99.99
105932.0,5933.0,2025-01-21,Completed,IL,65.0
105933.0,5934.0,2025-10-09,Completed,MA,12.5
105934.0,5935.0,2025-04-09,Completed,CA,79.0
105935.0,5936.0,2025-11-01,Completed,VA,22.0
105936.0,5937.0,2025-07-26,Completed,VA,65.0
105937.0,5938.0,2025-02-10,Completed,NC,99.99
105938.0,5939.0,2025-03-25,Completed,WA,79.0
105939.0,5940.0,2025-03-31,Completed,WA,6.5
105940.0,5941.0,2025-06-04,Completed,CA,36.0
105941.0,5942.0,2025-11-06,Completed,CA,18.0
105942.0,5943.0,2025-10-12,Completed,VA,6.5
105943.0,5944.0,2025-01-01,Completed,TX,18.0
105944.0,5945.0,2025-05-28,Completed,FL,12.5
105945.0,5946.0,2025-03-12,Completed,MA,79.0
105946.0,5947.0,2025-10-07,Completed,CA,18.0
105947.0,5948.0,2025-03-21,Completed,CO,65.0
105948.0,5949.0,2025-01-24,Completed,MA,13.0
105949.0,5950.0,2025-05-19,Completed,NY,26.5
105950.0,5951.0,2025-04-23,Completed,CA,26.5
105951.0,5952.0,2025-05-02,Completed,WA,65.0
105952.0,5953.0,2025-01-09,Completed,NC,99.99
105953.0,5954.0,2025-08-25,Completed,TX,13.0
105954.0,5955.0,2025-11-26,Completed,CA,6.5
105955.0,5956.0,2025-03-25,Completed,IL,79.0
105956.0,5957.0,2025-03-22,Completed,CO,18.0
105957.0,5958.0,2025-10-27,Completed,FL,18.0
105958.0,5959.0,2025-12-14,Completed,CA,6.5
105959.0,5960.0,2025-03-07,Completed,TX,99.99
105960.0,5961.0,2025-11-25,Completed,MA,48.0
105961.0,5962.0,2025-05-09,Completed,IL,199.98
105962.0,5963.0,2025-07-08,Completed,MA,24.99
105963.0,5964.0,2025-09-24,Completed,WA,18.0
105964.0,5965.0,2026-01-08,Completed,FL,12.5
105965.0,5966.0,2025-12-19,Completed,MA,79.0
105966.0,5967.0,2025-08-02,Completed,WA,24.99
105967.0,5968.0,2025-11-17,Completed,CA,36.0
105968.0,5969.0,2025-01-16,Completed,NC,12.5
105969.0,5970.0,2025-02-21,Completed,CA,6.5
105970.0,5971.0,2025-04-30,Completed,CA,96.0
105971.0,5972.0,2025-07-03,Completed,CO,18.0
105972.0,5973.0,2025-06-17,Completed,IL,18.0
105973.0,5974.0,2025-01-07,Completed,VA,53.0
105974.0,5975.0,2025-05-03,Completed,NY,18.0
105975.0,5976.0,2025-07-17,Completed,WA,48.0
105976.0,5977.0,2026-01-06,Completed,FL,12.5
105977.0,5978.0,2025-11-13,Completed,WA,44.0
105978.0,5979.0,2025-10-27,Completed,VA,26.5
105979.0,5980.0,2025-12-18,Completed,NC,26.5
105980.0,5981.0,2025-04-10,Completed,NC,26.5
105981.0,5982.0,2025-05-19,Completed,CA,99.99
105982.0,5983.0,2025-07-19,Completed,CO,22.0
105983.0,5984.0,2025-01-18,Completed,NY,44.0
105984.0,5985.0,2025-09-25,Completed,CO,48.0
105985.0,5986.0,2025-07-26,Completed,FL,130.0
105986.0,5987.0,2025-10-20,Completed,VA,24.99
105987.0,5988.0,2025-09-30,Completed,TX,26.5
105988.0,5989.0,2025-05-01,Completed,FL,65.0
105989.0,5990.0,2026-01-06,Completed,WA,12.5
105990.0,5991.0,2025-07-22,Completed,CO,79.5
105991.0,5992.0,2025-08-18,Completed,FL,12.5
105992.0,5993.0,2025-06-11,Completed,MA,22.0
105993.0,5994.0,2025-08-09,Completed,NC,130.0
105994.0,5995.0,2025-02-06,Completed,NC,24.99
105995.0,5996.0,2025-05-26,Completed,MA,65.0
105996.0,5997.0,2025-04-09,Completed,NC,158.0
105997.0,5998.0,2025-04-06,Completed,VA,12.5
105998.0,5999.0,2025-11-24,Completed,NY,22.0
105999.0,6000.0,2025-03-18,Completed,NC,24.99
106000.0,6001.0,2025-05-09,Completed,TX,79.0
106001.0,6002.0,2025-03-07,Completed,NC,79.0
106002.0,6003.0,2025-12-10,Completed,WA,12.5
106003.0,6004.0,2025-09-04,Completed,IL,99.99
106004.0,6005.0,2025-02-14,Completed,IL,48.0
106005.0,6006.0,2025-04-28,Completed,WA,65.0
106006.0,6007.0,2025-07-24,Completed,CA,79.0
106007.0,6008.0,2025-02-04,Completed,WA,199.98
106008.0,6009.0,2025-03-25,Completed,FL,79.0
106009.0,6010.0,2025-06-16,Completed,CA,26.5
106010.0,6011.0,2025-03-01,Completed,TX,65.0
106011.0,6012.0,2025-06-02,Completed,CO,18.0
106012.0,6013.0,2025-02-05,Completed,IL,6.5
106013.0,6014.0,2025-08-23,Completed,VA,48.0
106014.0,6015.0,2025-11-03,Completed,CO,24.99
106015.0,6016.0,2025-02-07,Completed,MA,44.0
106016.0,6017.0,2026-01-10,Completed,CO,24.99
106017.0,6018.0,2025-03-28,Completed,CA,12.5
106018.0,6019.0,2025-10-25,Completed,FL,24.99
106019.0,6020.0,2025-04-21,Completed,MA,48.0
106020.0,6021.0,2025-02-03,Completed,TX,22.0
106021.0,6022.0,2025-05-17,Completed,CA,18.0
106022.0,6023.0,2025-05-15,Completed,TX,12.5
106023.0,6024.0,2025-09-12,Completed,CO,79.0
106024.0,6025.0,2025-06-16,Completed,CA,44.0
106025.0,6026.0,2025-04-05,Completed,TX,79.0
106026.0,6027.0,2025-10-10,Completed,IL,12.5
106027.0,6028.0,2025-03-30,Completed,NY,18.0
106028.0,6029.0,2026-01-11,Completed,CO,6.5
106029.0,6030.0,2025-04-21,Completed,CO,24.99
106030.0,6031.0,2025-05-11,Completed,NC,48.0
106031.0,6032.0,2025-04-17,Completed,VA,44.0
106032.0,6033.0,2025-01-18,Completed,TX,6.5
106033.0,6034.0,2025-11-08,Completed,VA,18.0
106034.0,6035.0,2025-09-21,Completed,IL,44.0
106035.0,6036.0,2025-03-03,Completed,FL,44.0
106036.0,6037.0,2025-03-16,Completed,MA,25.0
106037.0,6038.0,2025-04-05,Completed,NY,22.0
106038.0,6039.0,2025-05-28,Completed,NC,79.0
106039.0,6040.0,2025-06-30,Completed,CA,22.0
106040.0,6041.0,2026-01-05,Completed,MA,24.99
106041.0,6042.0,2025-08-26,Completed,FL,18.0
106042.0,6043.0,2025-12-14,Completed,FL,99.99
106043.0,6044.0,2025-01-22,Completed,VA,24.99
106044.0,6045.0,2026-01-15,Completed,FL,65.0
106045.0,6046.0,2025-07-30,Completed,VA,66.0
106046.0,6047.0,2025-07-20,Completed,FL,65.0
106047.0,6048.0,2025-12-01,Completed,CO,99.99
106048.0,6049.0,2025-06-06,Completed,CA,24.99
106049.0,6050.0,2025-04-17,Completed,CA,199.98
106050.0,6051.0,2025-11-10,Completed,FL,26.5
106051.0,6052.0,2025-03-10,Completed,TX,37.5
106052.0,6053.0,2025-08-17,Completed,VA,24.99
106053.0,6054.0,2025-09-22,Completed,MA,99.99
106054.0,6055.0,2025-01-12,Completed,CA,48.0
106055.0,6056.0,2025-04-16,Completed,MA,18.0
106056.0,6057.0,2025-07-22,Completed,NC,65.0
106057.0,6058.0,2025-04-16,Completed,VA,99.99
106058.0,6059.0,2025-08-12,Completed,TX,49.98
106059.0,6060.0,2025-01-22,Completed,MA,49.98
106060.0,6061.0,2025-06-27,Completed,VA,65.0
106061.0,6062.0,2025-10-08,Completed,IL,79.0
106062.0,6063.0,2025-07-10,Completed,FL,12.5
106063.0,6064.0,2025-06-08,Completed,WA,99.99
106064.0,6065.0,2025-06-13,Completed,NC,158.0
106065.0,6066.0,2025-11-22,Completed,VA,54.0
106066.0,6067.0,2025-01-17,Completed,IL,19.5
106067.0,6068.0,2025-05-26,Completed,VA,22.0
106068.0,6069.0,2025-01-01,Completed,VA,6.5
106069.0,6070.0,2025-10-31,Completed,VA,96.0
106070.0,6071.0,2025-01-25,Completed,MA,65.0
106071.0,6072.0,2025-04-18,Completed,TX,26.5
106072.0,6073.0,2025-09-04,Completed,TX,65.0
106073.0,6074.0,2025-08-31,Completed,MA,12.5
106074.0,6075.0,2025-06-17,Completed,MA,24.99
106075.0,6076.0,2025-05-15,Completed,MA,24.99
106076.0,6077.0,2025-01-01,Completed,IL,18.0
106077.0,6078.0,2025-06-16,Completed,WA,99.99
106078.0,6079.0,2025-11-07,Completed,FL,22.0
106079.0,6080.0,2025-02-13,Completed,MA,18.0
106080.0,6081.0,2025-12-03,Completed,VA,79.0
106081.0,6082.0,2025-09-21,Completed,TX,6.5
106082.0,6083.0,2025-09-29,Completed,WA,25.0
106083.0,6084.0,2025-11-13,Completed,WA,99.99
106084.0,6085.0,2025-03-14,Completed,MA,24.99
106085.0,6086.0,2025-08-28,Completed,VA,79.0
106086.0,6087.0,2025-04-07,Completed,MA,53.0
106087.0,6088.0,2026-01-04,Completed,NC,74.97
106088.0,6089.0,2025-05-01,Completed,CO,158.0
106089.0,6090.0,2025-03-25,Completed,TX,22.0
106090.0,6091.0,2025-07-31,Completed,WA,24.99
106091.0,6092.0,2025-07-26,Completed,MA,65.0
106092.0,6093.0,2025-08-18,Completed,FL,18.0
106093.0,6094.0,2025-01-09,Completed,CA,158.0
106094.0,6095.0,2025-07-09,Completed,TX,79.0
106095.0,6096.0,2025-08-17,Completed,CA,24.99
106096.0,6097.0,2025-10-07,Completed,VA,12.5
106097.0,6098.0,2025-12-08,Completed,IL,79.0
106098.0,6099.0,2025-08-19,Completed,VA,13.0
106099.0,6100.0,2025-09-30,Completed,CA,18.0
106100.0,6101.0,2025-07-16,Completed,NC,96.0
106101.0,6102.0,2025-03-03,Completed,TX,96.0
106102.0,6103.0,2025-01-11,Completed,MA,65.0
106103.0,6104.0,2025-08-03,Completed,NC,48.0
106104.0,6105.0,2025-05-25,Completed,WA,99.99
106105.0,6106.0,2025-01-30,Completed,MA,99.99
106106.0,6107.0,2025-02-26,Completed,CO,13.0
106107.0,6108.0,2025-07-18,Completed,IL,49.98
106108.0,6109.0,2025-09-05,Completed,CA,18.0
106109.0,6110.0,2025-10-02,Completed,MA,22.0
106110.0,6111.0,2025-08-31,Completed,TX,79.0
106111.0,6112.0,2025-04-01,Completed,WA,99.99
106112.0,6113.0,2025-02-14,Completed,WA,6.5
106113.0,6114.0,2025-10-24,Completed,MA,99.99
106114.0,6115.0,2025-04-12,Completed,CO,79.0
106115.0,6116.0,2025-06-18,Completed,NY,79.0
106116.0,6117.0,2025-01-31,Completed,FL,24.99
106117.0,6118.0,2025-06-29,Completed,NY,237.0
106118.0,6119.0,2025-06-23,Completed,NC,99.99
106119.0,6120.0,2025-05-12,Completed,NC,24.99
106120.0,6121.0,2025-09-18,Completed,IL,48.0
106121.0,6122.0,2025-04-30,Completed,TX,74.97
106122.0,6123.0,2025-04-25,Completed,TX,12.5
106123.0,6124.0,2025-03-11,Completed,FL,79.0
106124.0,6125.0,2025-11-20,Completed,MA,199.98
106125.0,6126.0,2025-07-26,Completed,CO,6.5
106126.0,6127.0,2025-04-16,Completed,CO,26.5
106127.0,6128.0,2025-11-05,Completed,NY,99.99
106128.0,6129.0,2025-12-16,Completed,CA,158.0
106129.0,6130.0,2025-02-22,Completed,NC,53.0
106130.0,6131.0,2026-01-08,Completed,IL,36.0
106131.0,6132.0,2025-06-01,Completed,VA,65.0
106132.0,6133.0,2025-11-10,Completed,NY,22.0
106133.0,6134.0,2025-06-19,Completed,TX,99.99
106134.0,6135.0,2025-09-26,Completed,NC,22.0
106135.0,6136.0,2025-07-07,Completed,CA,24.99
106136.0,6137.0,2026-01-11,Completed,VA,44.0
106137.0,6138.0,2025-12-26,Completed,WA,48.0
106138.0,6139.0,2025-04-12,Completed,NC,44.0
106139.0,6140.0,2025-07-30,Completed,VA,25.0
106140.0,6141.0,2025-06-30,Completed,IL,99.99
106141.0,6142.0,2025-12-20,Completed,NC,158.0
106142.0,6143.0,2025-09-25,Completed,NY,99.99
106143.0,6144.0,2026-01-12,Completed,WA,99.99
106144.0,6145.0,2025-10-01,Completed,CO,22.0
106145.0,6146.0,2025-12-18,Completed,IL,99.99
106146.0,6147.0,2025-03-07,Completed,TX,99.99
106147.0,6148.0,2025-06-24,Completed,WA,18.0
106148.0,6149.0,2025-10-14,Completed,TX,13.0
106149.0,6150.0,2025-12-11,Completed,MA,24.99
106150.0,6151.0,2025-03-30,Completed,FL,158.0
106151.0,6152.0,2025-04-18,Completed,FL,26.5
106152.0,6153.0,2025-09-02,Completed,VA,26.5
106153.0,6154.0,2025-08-10,Completed,MA,26.5
106154.0,6155.0,2025-12-16,Completed,TX,6.5
106155.0,6156.0,2025-07-25,Completed,CA,12.5
106156.0,6157.0,2025-02-10,Completed,WA,13.0
106157.0,6158.0,2025-01-10,Completed,WA,79.0
106158.0,6159.0,2025-07-16,Completed,CA,44.0
106159.0,6160.0,2025-04-17,Completed,MA,24.99
106160.0,6161.0,2025-01-02,Completed,IL,6.5
106161.0,6162.0,2025-11-02,Completed,MA,79.0
106162.0,6163.0,2025-05-08,Completed,TX,74.97
106163.0,6164.0,2025-04-19,Completed,CO,99.99
106164.0,6165.0,2025-09-19,Completed,CO,99.99
106165.0,6166.0,2025-07-22,Completed,IL,99.99
106166.0,6167.0,2025-06-27,Completed,NC,24.99
106167.0,6168.0,2025-11-25,Completed,MA,65.0
106168.0,6169.0,2025-09-29,Completed,TX,48.0
106169.0,6170.0,2025-10-28,Completed,WA,6.5
106170.0,6171.0,2025-12-09,Completed,CA,22.0
106171.0,6172.0,2025-02-26,Completed,NC,22.0
106172.0,6173.0,2025-11-20,Completed,WA,24.99
106173.0,6174.0,2025-07-31,Completed,FL,44.0
106174.0,6175.0,2025-04-09,Completed,VA,6.5
106175.0,6176.0,2025-02-26,Completed,MA,6.5
106176.0,6177.0,2025-12-25,Completed,WA,19.5
106177.0,6178.0,2025-04-15,Completed,CA,53.0
106178.0,6179.0,2026-01-13,Completed,FL,99.99
106179.0,6180.0,2025-01-14,Completed,FL,18.0
106180.0,6181.0,2025-03-05,Completed,NY,65.0
106181.0,6182.0,2025-01-02,Completed,VA,65.0
106182.0,6183.0,2025-01-07,Completed,NY,130.0
106183.0,6184.0,2025-12-20,Completed,WA,99.99
106184.0,6185.0,2025-09-24,Completed,NC,36.0
106185.0,6186.0,2025-02-02,Completed,VA,99.99
106186.0,6187.0,2025-11-17,Completed,WA,79.0
106187.0,6188.0,2025-09-13,Completed,CO,99.99
106188.0,6189.0,2025-09-05,Completed,CO,99.99
106189.0,6190.0,2025-05-28,Completed,TX,79.0
106190.0,6191.0,2026-01-04,Completed,CA,26.5
106191.0,6192.0,2025-06-26,Completed,TX,24.99
106192.0,6193.0,2025-05-22,Completed,IL,18.0
106193.0,6194.0,2025-10-01,Completed,WA,96.0
106194.0,6195.0,2025-09-13,Completed,TX,22.0
106195.0,6196.0,2025-03-16,Completed,MA,18.0
106196.0,6197.0,2025-04-16,Completed,IL,12.5
106197.0,6198.0,2025-12-04,Completed,CO,24.99
106198.0,6199.0,2025-06-30,Completed,WA,49.98
106199.0,6200.0,2026-01-07,Completed,CA,22.0
106200.0,6201.0,2025-04-18,Completed,TX,96.0
106201.0,6202.0,2025-07-29,Completed,VA,66.0
106202.0,6203.0,2025-07-22,Completed,CA,96.0
106203.0,6204.0,2025-02-10,Completed,IL,96.0
106204.0,6205.0,2025-06-20,Completed,TX,22.0
106205.0,6206.0,2025-03-01,Completed,VA,79.0
106206.0,6207.0,2025-09-02,Completed,NY,25.0
106207.0,6208.0,2025-09-07,Completed,CO,22.0
106208.0,6209.0,2025-07-19,Completed,FL,53.0
106209.0,6210.0,2025-08-08,Completed,FL,22.0
106210.0,6211.0,2025-10-22,Completed,TX,18.0
106211.0,6212.0,2025-08-19,Completed,NC,18.0
106212.0,6213.0,2025-04-29,Completed,CO,99.99
106213.0,6214.0,2025-08-15,Completed,MA,199.98
106214.0,6215.0,2025-11-14,Completed,FL,65.0
106215.0,6216.0,2025-07-17,Completed,TX,53.0
106216.0,6217.0,2025-10-06,Completed,VA,18.0
106217.0,6218.0,2025-01-28,Completed,FL,18.0
106218.0,6219.0,2025-04-19,Completed,MA,79.0
106219.0,6220.0,2025-08-16,Completed,WA,18.0
106220.0,6221.0,2025-04-23,Completed,TX,22.0
106221.0,6222.0,2025-01-09,Completed,CO,22.0
106222.0,6223.0,2025-08-18,Completed,NY,158.0
106223.0,6224.0,2025-04-13,Completed,VA,26.5
106224.0,6225.0,2025-10-12,Completed,NC,22.0
106225.0,6226.0,2025-05-04,Completed,IL,18.0
106226.0,6227.0,2026-01-13,Completed,NC,158.0
106227.0,6228.0,2025-10-15,Completed,NC,36.0
106228.0,6229.0,2025-06-29,Completed,NY,24.99
106229.0,6230.0,2025-05-16,Completed,CA,79.0
106230.0,6231.0,2025-03-29,Completed,NC,53.0
106231.0,6232.0,2026-01-05,Completed,FL,79.5
106232.0,6233.0,2025-03-09,Completed,TX,48.0
106233.0,6234.0,2025-07-05,Completed,FL,79.0
106234.0,6235.0,2025-08-11,Completed,CA,18.0
106235.0,6236.0,2025-01-07,Completed,VA,158.0
106236.0,6237.0,2025-05-04,Completed,CO,26.5
106237.0,6238.0,2025-10-07,Completed,TX,12.5
106238.0,6239.0,2025-09-21,Completed,CO,79.0
106239.0,6240.0,2025-03-08,Completed,CA,79.0
106240.0,6241.0,2026-01-15,Completed,MA,12.5
106241.0,6242.0,2025-01-21,Completed,TX,96.0
106242.0,6243.0,2025-05-31,Completed,NC,24.99
106243.0,6244.0,2025-07-13,Completed,CO,26.5
106244.0,6245.0,2025-05-04,Completed,NY,24.99
106245.0,6246.0,2025-07-19,Completed,WA,65.0
106246.0,6247.0,2025-09-26,Completed,FL,79.0
106247.0,6248.0,2025-12-11,Completed,FL,237.0
106248.0,6249.0,2025-11-02,Completed,MA,99.99
106249.0,6250.0,2025-11-06,Completed,NC,26.5
106250.0,6251.0,2025-02-17,Completed,CO,26.5
106251.0,6252.0,2025-06-07,Completed,MA,199.98
106252.0,6253.0,2025-03-14,Completed,CA,53.0
106253.0,6254.0,2025-05-23,Completed,TX,96.0
106254.0,6255.0,2025-06-09,Completed,NC,48.0
106255.0,6256.0,2025-05-25,Completed,CO,79.0
106256.0,6257.0,2025-06-11,Completed,CO,22.0
106257.0,6258.0,2025-08-28,Completed,CA,130.0
106258.0,6259.0,2025-08-10,Completed,CA,26.5
106259.0,6260.0,2025-06-16,Completed,CO,18.0
106260.0,6261.0,2025-09-23,Completed,CO,65.0
106261.0,6262.0,2025-12-15,Completed,NY,65.0
106262.0,6263.0,2025-02-01,Completed,TX,74.97
106263.0,6264.0,2025-02-21,Completed,IL,18.0
106264.0,6265.0,2025-10-24,Completed,NY,12.5
106265.0,6266.0,2025-05-26,Completed,MA,79.0
106266.0,6267.0,2025-09-16,Completed,MA,48.0
106267.0,6268.0,2025-01-05,Completed,WA,79.0
106268.0,6269.0,2025-06-20,Completed,FL,24.99
106269.0,6270.0,2025-05-05,Completed,WA,99.99
106270.0,6271.0,2025-09-03,Completed,NC,22.0
106271.0,6272.0,2025-04-05,Completed,NY,12.5
106272.0,6273.0,2025-04-01,Completed,MA,48.0
106273.0,6274.0,2025-10-05,Completed,FL,53.0
106274.0,6275.0,2025-12-07,Completed,CA,6.5
106275.0,6276.0,2025-10-03,Completed,WA,13.0
106276.0,6277.0,2025-05-11,Completed,NC,18.0
106277.0,6278.0,2025-10-28,Completed,WA,53.0
106278.0,6279.0,2025-03-03,Completed,NY,24.99
106279.0,6280.0,2025-06-18,Completed,TX,22.0
106280.0,6281.0,2025-05-14,Completed,NY,26.5
106281.0,6282.0,2025-09-08,Completed,CO,22.0
106282.0,6283.0,2025-07-30,Completed,FL,36.0
106283.0,6284.0,2025-04-18,Completed,NC,6.5
106284.0,6285.0,2025-09-07,Completed,NY,26.5
106285.0,6286.0,2025-08-28,Completed,WA,26.5
106286.0,6287.0,2025-12-27,Completed,WA,18.0
106287.0,6288.0,2025-08-31,Completed,VA,79.0
106288.0,6289.0,2025-09-09,Completed,MA,26.5
106289.0,6290.0,2025-08-08,Completed,VA,65.0
106290.0,6291.0,2025-09-03,Completed,NC,18.0
106291.0,6292.0,2025-05-16,Completed,NC,79.0
106292.0,6293.0,2025-10-18,Completed,CA,6.5
106293.0,6294.0,2025-10-18,Completed,VA,74.97
106294.0,6295.0,2025-12-02,Completed,VA,99.99
106295.0,6296.0,2025-12-03,Completed,VA,65.0
106296.0,6297.0,2025-04-21,Completed,NC,48.0
106297.0,6298.0,2025-03-09,Completed,CO,99.99
106298.0,6299.0,2025-01-22,Completed,IL,22.0
106299.0,6300.0,2025-04-21,Completed,NC,24.99
106300.0,6301.0,2025-11-24,Completed,VA,18.0
106301.0,6302.0,2025-02-23,Completed,CO,24.99
106302.0,6303.0,2025-05-05,Completed,CO,99.99
106303.0,6304.0,2025-07-05,Completed,WA,79.0
106304.0,6305.0,2025-06-15,Completed,VA,37.5
106305.0,6306.0,2025-09-30,Completed,CA,13.0
106306.0,6307.0,2025-12-15,Completed,CO,18.0
106307.0,6308.0,2025-05-24,Completed,VA,22.0
106308.0,6309.0,2025-05-14,Completed,WA,44.0
106309.0,6310.0,2025-04-20,Completed,NC,79.0
106310.0,6311.0,2025-05-05,Completed,CA,6.5
106311.0,6312.0,2025-07-31,Completed,MA,65.0
106312.0,6313.0,2025-09-19,Completed,NC,48.0
106313.0,6314.0,2025-03-20,Completed,NC,24.99
106314.0,6315.0,2025-09-17,Completed,WA,65.0
106315.0,6316.0,2025-06-07,Completed,MA,26.5
106316.0,6317.0,2025-09-17,Completed,NY,49.98
106317.0,6318.0,2025-12-25,Completed,VA,99.99
106318.0,6319.0,2025-01-01,Completed,VA,22.0
106319.0,6320.0,2025-01-10,Completed,FL,130.0
106320.0,6321.0,2025-03-23,Completed,IL,44.0
106321.0,6322.0,2026-01-09,Completed,VA,99.99
106322.0,6323.0,2025-04-20,Completed,IL,22.0
106323.0,6324.0,2025-07-26,Completed,VA,13.0
106324.0,6325.0,2025-08-06,Completed,CA,48.0
106325.0,6326.0,2025-05-12,Completed,FL,130.0
106326.0,6327.0,2025-09-08,Completed,WA,48.0
106327.0,6328.0,2025-07-01,Completed,WA,6.5
106328.0,6329.0,2026-01-05,Completed,CO,26.5
106329.0,6330.0,2025-12-25,Completed,CO,26.5
106330.0,6331.0,2026-01-14,Completed,NC,48.0
106331.0,6332.0,2025-09-08,Completed,MA,18.0
106332.0,6333.0,2025-08-09,Completed,NC,195.0
106333.0,6334.0,2025-05-08,Completed,WA,18.0
106334.0,6335.0,2025-08-26,Completed,IL,18.0
106335.0,6336.0,2025-01-21,Completed,IL,65.0
106336.0,6337.0,2025-05-04,Completed,CA,299.97
106337.0,6338.0,2025-10-25,Completed,VA,26.5
106338.0,6339.0,2025-11-25,Completed,MA,79.0
106339.0,6340.0,2025-03-14,Completed,NC,12.5
106340.0,6341.0,2025-08-01,Completed,MA,6.5
106341.0,6342.0,2025-01-28,Completed,FL,96.0
106342.0,6343.0,2025-07-30,Completed,MA,65.0
106343.0,6344.0,2025-06-22,Completed,VA,12.5
106344.0,6345.0,2025-01-23,Completed,IL,12.5
106345.0,6346.0,2025-02-17,Completed,WA,12.5
106346.0,6347.0,2025-09-08,Completed,FL,48.0
106347.0,6348.0,2025-09-03,Completed,CA,6.5
106348.0,6349.0,2025-03-17,Completed,CA,53.0
106349.0,6350.0,2025-01-01,Completed,MA,99.99
106350.0,6351.0,2026-01-07,Completed,NY,25.0
106351.0,6352.0,2025-04-05,Completed,TX,12.5
106352.0,6353.0,2025-01-19,Completed,FL,18.0
106353.0,6354.0,2025-08-14,Completed,NC,22.0
106354.0,6355.0,2025-05-20,Completed,VA,79.5
106355.0,6356.0,2025-01-13,Completed,VA,18.0
106356.0,6357.0,2025-06-18,Completed,NC,53.0
106357.0,6358.0,2025-04-16,Completed,FL,6.5
106358.0,6359.0,2025-03-19,Completed,WA,130.0
106359.0,6360.0,2025-03-05,Completed,CO,79.0
106360.0,6361.0,2026-01-11,Completed,IL,99.99
106361.0,6362.0,2026-01-12,Completed,MA,12.5
106362.0,6363.0,2025-10-16,Completed,CA,22.0
106363.0,6364.0,2025-05-05,Completed,CO,48.0
106364.0,6365.0,2025-05-22,Completed,WA,26.5
106365.0,6366.0,2025-12-19,Completed,MA,6.5
106366.0,6367.0,2025-05-26,Completed,MA,18.0
106367.0,6368.0,2025-08-19,Completed,VA,12.5
106368.0,6369.0,2025-10-07,Completed,TX,22.0
106369.0,6370.0,2025-09-26,Completed,WA,26.5
106370.0,6371.0,2025-05-13,Completed,FL,79.0
106371.0,6372.0,2025-04-01,Completed,IL,54.0
106372.0,6373.0,2025-12-04,Completed,NC,12.5
106373.0,6374.0,2025-03-02,Completed,FL,12.5
106374.0,6375.0,2025-11-15,Completed,CO,24.99
106375.0,6376.0,2025-03-20,Completed,NC,158.0
106376.0,6377.0,2025-12-21,Completed,NC,130.0
106377.0,6378.0,2025-04-13,Completed,NY,99.99
106378.0,6379.0,2025-02-15,Completed,CO,24.99
106379.0,6380.0,2025-08-07,Completed,VA,12.5
106380.0,6381.0,2025-02-10,Completed,NC,48.0
106381.0,6382.0,2025-06-30,Completed,TX,158.0
106382.0,6383.0,2025-11-14,Completed,CO,130.0
106383.0,6384.0,2025-12-24,Completed,TX,12.5
106384.0,6385.0,2025-03-05,Completed,TX,22.0
106385.0,6386.0,2025-03-09,Completed,NC,53.0
106386.0,6387.0,2025-08-24,Completed,FL,12.5
106387.0,6388.0,2025-10-09,Completed,MA,18.0
106388.0,6389.0,2025-09-09,Completed,MA,79.0
106389.0,6390.0,2025-12-12,Completed,FL,48.0
106390.0,6391.0,2025-12-15,Completed,CA,79.0
106391.0,6392.0,2025-03-24,Completed,NY,79.0
106392.0,6393.0,2025-06-23,Completed,MA,158.0
106393.0,6394.0,2025-03-25,Completed,CO,99.99
106394.0,6395.0,2025-05-25,Completed,FL,65.0
106395.0,6396.0,2025-02-13,Completed,CO,18.0
106396.0,6397.0,2025-10-27,Completed,VA,96.0
106397.0,6398.0,2026-01-12,Completed,CA,12.5
106398.0,6399.0,2025-08-10,Completed,CA,12.5
106399.0,6400.0,2025-02-21,Completed,CO,26.5
106400.0,6401.0,2025-01-16,Completed,NY,53.0
106401.0,6402.0,2025-10-05,Completed,TX,130.0
106402.0,6403.0,2026-01-06,Completed,NY,24.99
106403.0,6404.0,2025-02-12,Completed,TX,6.5
106404.0,6405.0,2025-03-02,Completed,NY,26.5
106405.0,6406.0,2025-07-07,Completed,NY,19.5
106406.0,6407.0,2025-04-01,Completed,TX,6.5
106407.0,6408.0,2025-07-06,Completed,TX,22.0
106408.0,6409.0,2025-09-14,Completed,NY,24.99
106409.0,6410.0,2025-12-02,Completed,CO,49.98
106410.0,6411.0,2025-11-29,Completed,MA,24.99
106411.0,6412.0,2025-02-07,Completed,CA,24.99
106412.0,6413.0,2025-02-26,Completed,TX,65.0
106413.0,6414.0,2025-11-03,Completed,VA,65.0
106414.0,6415.0,2025-09-11,Completed,IL,24.99
106415.0,6416.0,2025-04-23,Completed,NC,130.0
106416.0,6417.0,2025-05-21,Completed,IL,18.0
106417.0,6418.0,2025-03-02,Completed,WA,6.5
106418.0,6419.0,2025-03-12,Completed,NC,49.98
106419.0,6420.0,2025-08-25,Completed,NY,13.0
106420.0,6421.0,2025-12-12,Completed,CA,18.0
106421.0,6422.0,2025-04-20,Completed,CA,26.5
106422.0,6423.0,2025-09-13,Completed,TX,24.99
106423.0,6424.0,2025-08-02,Completed,CA,18.0
106424.0,6425.0,2025-06-20,Completed,IL,26.5
106425.0,6426.0,2025-03-27,Completed,NY,22.0
106426.0,6427.0,2025-05-25,Completed,CO,158.0
106427.0,6428.0,2025-03-05,Completed,NC,24.99
106428.0,6429.0,2025-04-28,Completed,VA,79.0
106429.0,6430.0,2025-05-19,Completed,WA,65.0
106430.0,6431.0,2025-12-03,Completed,WA,48.0
106431.0,6432.0,2025-06-21,Completed,MA,99.99
106432.0,6433.0,2025-08-26,Completed,TX,54.0
106433.0,6434.0,2025-08-31,Completed,CO,12.5
106434.0,6435.0,2025-04-20,Completed,IL,25.0
106435.0,6436.0,2025-10-15,Completed,VA,99.99
106436.0,6437.0,2025-12-25,Completed,CO,199.98
106437.0,6438.0,2025-01-11,Completed,WA,96.0
106438.0,6439.0,2025-01-09,Completed,FL,79.0
106439.0,6440.0,2025-10-10,Completed,TX,53.0
106440.0,6441.0,2025-02-12,Completed,CA,48.0
106441.0,6442.0,2025-08-06,Completed,CA,195.0
106442.0,6443.0,2025-05-16,Completed,VA,79.0
106443.0,6444.0,2025-09-30,Completed,CA,26.5
106444.0,6445.0,2025-11-20,Completed,WA,18.0
106445.0,6446.0,2025-03-08,Completed,IL,53.0
106446.0,6447.0,2025-01-04,Completed,FL,6.5
106447.0,6448.0,2025-10-31,Completed,CA,199.98
106448.0,6449.0,2025-05-30,Completed,WA,12.5
106449.0,6450.0,2025-08-16,Completed,VA,22.0
106450.0,6451.0,2025-08-11,Completed,NC,22.0
106451.0,6452.0,2025-10-05,Completed,WA,6.5
106452.0,6453.0,2026-01-09,Completed,TX,48.0
106453.0,6454.0,2025-09-09,Completed,WA,18.0
106454.0,6455.0,2025-11-18,Completed,CO,18.0
106455.0,6456.0,2025-01-22,Completed,WA,65.0
106456.0,6457.0,2025-06-02,Completed,NY,6.5
106457.0,6458.0,2025-09-08,Completed,NY,24.99
106458.0,6459.0,2025-05-19,Completed,FL,22.0
106459.0,6460.0,2025-11-29,Completed,CA,22.0
106460.0,6461.0,2025-11-19,Completed,WA,144.0
106461.0,6462.0,2025-11-22,Completed,NC,12.5
106462.0,6463.0,2025-09-13,Completed,TX,49.98
106463.0,6464.0,2025-07-03,Completed,TX,79.0
106464.0,6465.0,2025-04-14,Completed,CA,49.98
106465.0,6466.0,2025-04-06,Completed,TX,22.0
106466.0,6467.0,2025-01-19,Completed,WA,22.0
106467.0,6468.0,2025-07-14,Completed,VA,6.5
106468.0,6469.0,2025-06-26,Completed,MA,48.0
106469.0,6470.0,2025-01-28,Completed,NY,12.5
106470.0,6471.0,2025-04-20,Completed,WA,24.99
106471.0,6472.0,2025-06-26,Completed,CA,48.0
106472.0,6473.0,2025-11-16,Completed,WA,6.5
106473.0,6474.0,2025-09-04,Completed,WA,99.99
106474.0,6475.0,2025-01-19,Completed,NC,79.0
106475.0,6476.0,2025-02-06,Completed,IL,6.5
106476.0,6477.0,2025-09-10,Completed,CO,24.99
106477.0,6478.0,2025-06-07,Completed,TX,48.0
106478.0,6479.0,2025-03-09,Completed,IL,99.99
106479.0,6480.0,2025-04-23,Completed,IL,44.0
106480.0,6481.0,2025-10-17,Completed,MA,6.5
106481.0,6482.0,2025-02-15,Completed,MA,22.0
106482.0,6483.0,2025-10-01,Completed,NC,6.5
106483.0,6484.0,2025-10-21,Completed,CO,49.98
106484.0,6485.0,2025-08-10,Completed,NY,48.0
106485.0,6486.0,2025-10-06,Completed,NY,13.0
106486.0,6487.0,2025-05-23,Completed,MA,22.0
106487.0,6488.0,2025-09-06,Completed,NY,99.99
106488.0,6489.0,2025-10-16,Completed,TX,18.0
106489.0,6490.0,2025-10-15,Completed,CO,13.0
106490.0,6491.0,2025-07-31,Completed,WA,22.0
106491.0,6492.0,2025-11-13,Completed,NC,65.0
106492.0,6493.0,2025-06-05,Completed,WA,99.99
106493.0,6494.0,2025-09-16,Completed,FL,6.5
106494.0,6495.0,2025-11-25,Completed,NY,49.98
106495.0,6496.0,2025-05-10,Completed,NY,22.0
106496.0,6497.0,2025-11-13,Completed,FL,26.5
106497.0,6498.0,2025-07-29,Completed,WA,18.0
106498.0,6499.0,2025-11-07,Completed,TX,18.0
106499.0,6500.0,2025-02-16,Completed,CO,79.0
106500.0,6501.0,2025-07-05,Completed,FL,158.0
106501.0,6502.0,2025-06-25,Completed,CA,65.0
106502.0,6503.0,2025-05-12,Completed,NY,6.5
106503.0,6504.0,2025-04-05,Completed,FL,48.0
106504.0,6505.0,2025-01-19,Completed,CA,12.5
106505.0,6506.0,2025-10-26,Completed,CA,24.99
106506.0,6507.0,2025-07-07,Completed,VA,36.0
106507.0,6508.0,2025-07-10,Completed,CA,24.99
106508.0,6509.0,2025-05-08,Completed,VA,22.0
106509.0,6510.0,2025-04-24,Completed,TX,18.0
106510.0,6511.0,2025-06-13,Completed,FL,6.5
106511.0,6512.0,2025-09-04,Completed,VA,65.0
106512.0,6513.0,2025-11-04,Completed,MA,48.0
106513.0,6514.0,2025-11-28,Completed,CA,53.0
106514.0,6515.0,2025-11-23,Completed,VA,44.0
106515.0,6516.0,2025-09-01,Completed,IL,130.0
106516.0,6517.0,2025-04-19,Completed,WA,36.0
106517.0,6518.0,2025-05-12,Completed,FL,24.99
106518.0,6519.0,2025-04-23,Completed,MA,79.0
106519.0,6520.0,2025-09-24,Completed,CO,36.0
106520.0,6521.0,2025-09-04,Completed,CO,99.99
106521.0,6522.0,2025-11-30,Completed,NC,65.0
106522.0,6523.0,2025-10-16,Completed,WA,22.0
106523.0,6524.0,2025-08-29,Completed,TX,18.0
106524.0,6525.0,2025-07-20,Completed,FL,158.0
106525.0,6526.0,2025-06-25,Completed,TX,12.5
106526.0,6527.0,2025-12-29,Completed,VA,79.0
106527.0,6528.0,2025-04-17,Completed,NC,25.0
106528.0,6529.0,2025-03-04,Completed,FL,22.0
106529.0,6530.0,2025-08-10,Completed,IL,48.0
106530.0,6531.0,2025-12-30,Completed,WA,26.5
106531.0,6532.0,2025-10-19,Completed,WA,199.98
106532.0,6533.0,2025-05-15,Completed,NY,24.99
106533.0,6534.0,2025-01-04,Completed,MA,48.0
106534.0,6535.0,2025-10-11,Completed,CO,158.0
106535.0,6536.0,2025-07-23,Completed,CA,26.5
106536.0,6537.0,2025-07-26,Completed,FL,158.0
106537.0,6538.0,2025-08-23,Completed,CO,48.0
106538.0,6539.0,2025-11-21,Completed,WA,49.98
106539.0,6540.0,2025-04-17,Completed,MA,130.0
106540.0,6541.0,2025-01-26,Completed,CA,99.99
106541.0,6542.0,2025-03-08,Completed,VA,6.5
106542.0,6543.0,2025-11-14,Completed,CO,6.5
106543.0,6544.0,2025-12-27,Completed,CA,12.5
106544.0,6545.0,2025-02-05,Completed,VA,26.5
106545.0,6546.0,2025-04-22,Completed,IL,195.0
106546.0,6547.0,2025-05-24,Completed,NC,48.0
106547.0,6548.0,2025-07-13,Completed,CO,6.5
106548.0,6549.0,2025-09-28,Completed,TX,12.5
106549.0,6550.0,2025-06-27,Completed,FL,65.0
106550.0,6551.0,2025-10-22,Completed,MA,79.0
106551.0,6552.0,2025-10-16,Completed,CA,65.0
106552.0,6553.0,2025-12-08,Completed,WA,19.5
106553.0,6554.0,2025-06-16,Completed,CO,24.99
106554.0,6555.0,2025-10-06,Completed,VA,79.0
106555.0,6556.0,2025-08-16,Completed,CA,26.5
106556.0,6557.0,2025-06-18,Completed,CO,53.0
106557.0,6558.0,2025-04-08,Completed,TX,79.0
106558.0,6559.0,2025-01-05,Completed,VA,96.0
106559.0,6560.0,2025-09-15,Completed,NC,18.0
106560.0,6561.0,2025-05-12,Completed,WA,18.0
106561.0,6562.0,2025-05-16,Completed,WA,18.0
106562.0,6563.0,2025-02-07,Completed,TX,79.0
106563.0,6564.0,2025-01-17,Completed,TX,53.0
106564.0,6565.0,2025-04-23,Completed,WA,79.5
106565.0,6566.0,2025-07-10,Completed,NY,199.98
106566.0,6567.0,2025-06-22,Completed,MA,18.0
106567.0,6568.0,2025-10-29,Completed,VA,12.5
106568.0,6569.0,2025-05-02,Completed,CA,6.5
106569.0,6570.0,2025-09-30,Completed,MA,6.5
106570.0,6571.0,2025-03-31,Completed,CA,18.0
106571.0,6572.0,2025-10-16,Completed,FL,79.0
106572.0,6573.0,2025-08-10,Completed,WA,24.99
106573.0,6574.0,2025-02-08,Completed,IL,96.0
106574.0,6575.0,2025-09-15,Completed,TX,22.0
106575.0,6576.0,2025-07-06,Completed,MA,79.0
106576.0,6577.0,2025-08-09,Completed,TX,6.5
106577.0,6578.0,2025-01-01,Completed,TX,22.0
106578.0,6579.0,2026-01-02,Completed,TX,48.0
106579.0,6580.0,2025-10-21,Completed,NY,12.5
106580.0,6581.0,2025-04-13,Completed,CA,48.0
106581.0,6582.0,2025-07-27,Completed,MA,22.0
106582.0,6583.0,2025-07-20,Completed,MA,12.5
106583.0,6584.0,2025-05-29,Completed,NC,22.0
106584.0,6585.0,2025-06-14,Completed,TX,48.0
106585.0,6586.0,2025-04-18,Completed,NC,79.0
106586.0,6587.0,2025-11-24,Completed,FL,18.0
106587.0,6588.0,2025-12-31,Completed,CA,99.99
106588.0,6589.0,2025-08-13,Completed,CO,79.0
106589.0,6590.0,2025-02-05,Completed,WA,79.0
106590.0,6591.0,2025-08-28,Completed,CO,66.0
106591.0,6592.0,2025-02-11,Completed,TX,79.0
106592.0,6593.0,2025-12-29,Completed,NC,12.5
106593.0,6594.0,2025-10-10,Completed,FL,18.0
106594.0,6595.0,2025-06-24,Completed,NY,6.5
106595.0,6596.0,2025-04-11,Completed,IL,48.0
106596.0,6597.0,2025-05-03,Completed,FL,79.0
106597.0,6598.0,2025-01-06,Completed,CA,6.5
106598.0,6599.0,2025-06-26,Completed,FL,12.5
106599.0,6600.0,2025-07-13,Completed,CA,6.5
106600.0,6601.0,2025-07-31,Completed,VA,22.0
106601.0,6602.0,2025-08-08,Completed,CA,12.5
106602.0,6603.0,2025-02-06,Completed,MA,99.99
106603.0,6604.0,2025-01-29,Completed,FL,79.0
106604.0,6605.0,2025-02-27,Completed,IL,49.98
106605.0,6606.0,2025-02-09,Completed,FL,74.97
106606.0,6607.0,2025-07-23,Completed,TX,144.0
106607.0,6608.0,2025-12-15,Completed,NY,19.5
106608.0,6609.0,2025-04-29,Completed,CO,199.98
106609.0,6610.0,2025-05-07,Completed,WA,79.0
106610.0,6611.0,2025-03-26,Completed,NC,79.0
106611.0,6612.0,2025-03-31,Completed,MA,96.0
106612.0,6613.0,2025-02-27,Completed,VA,6.5
106613.0,6614.0,2025-02-22,Completed,TX,6.5
106614.0,6615.0,2025-05-14,Completed,NY,48.0
106615.0,6616.0,2025-07-25,Completed,WA,96.0
106616.0,6617.0,2025-06-08,Completed,VA,22.0
106617.0,6618.0,2025-11-04,Completed,IL,18.0
106618.0,6619.0,2025-03-09,Completed,VA,99.99
106619.0,6620.0,2025-11-04,Completed,NY,26.5
106620.0,6621.0,2025-09-06,Completed,CO,65.0
106621.0,6622.0,2025-10-13,Completed,CO,26.5
106622.0,6623.0,2025-02-18,Completed,WA,48.0
106623.0,6624.0,2025-04-10,Completed,NY,22.0
106624.0,6625.0,2025-08-22,Completed,WA,65.0
106625.0,6626.0,2025-10-08,Completed,NC,65.0
106626.0,6627.0,2025-04-10,Completed,CO,25.0
106627.0,6628.0,2025-05-17,Completed,CO,18.0
106628.0,6629.0,2025-03-25,Completed,FL,99.99
106629.0,6630.0,2025-06-01,Completed,WA,53.0
106630.0,6631.0,2025-05-21,Completed,TX,65.0
106631.0,6632.0,2025-01-17,Completed,WA,24.99
106632.0,6633.0,2025-02-15,Completed,TX,195.0
106633.0,6634.0,2025-02-14,Completed,NC,48.0
106634.0,6635.0,2025-09-11,Completed,CO,79.0
106635.0,6636.0,2025-11-22,Completed,FL,54.0
106636.0,6637.0,2025-05-01,Completed,WA,12.5
106637.0,6638.0,2025-02-27,Completed,WA,12.5
106638.0,6639.0,2025-07-19,Completed,TX,22.0
106639.0,6640.0,2025-11-18,Completed,NC,79.0
106640.0,6641.0,2025-05-29,Completed,NC,18.0
106641.0,6642.0,2025-08-08,Completed,NC,25.0
106642.0,6643.0,2025-09-29,Completed,FL,44.0
106643.0,6644.0,2025-09-10,Completed,WA,99.99
106644.0,6645.0,2025-01-03,Completed,NC,99.99
106645.0,6646.0,2025-01-24,Completed,WA,199.98
106646.0,6647.0,2025-10-23,Completed,VA,79.0
106647.0,6648.0,2026-01-09,Completed,WA,12.5
106648.0,6649.0,2025-12-05,Completed,CA,6.5
106649.0,6650.0,2025-12-19,Completed,CO,22.0
106650.0,6651.0,2025-01-06,Completed,CA,26.5
106651.0,6652.0,2025-10-13,Completed,MA,12.5
106652.0,6653.0,2025-07-03,Completed,CA,53.0
106653.0,6654.0,2025-03-29,Completed,NC,99.99
106654.0,6655.0,2025-07-23,Completed,NY,99.99
106655.0,6656.0,2025-06-21,Completed,NY,18.0
106656.0,6657.0,2025-09-04,Completed,MA,24.99
106657.0,6658.0,2025-08-04,Completed,CA,65.0
106658.0,6659.0,2025-10-28,Completed,VA,18.0
106659.0,6660.0,2025-07-17,Completed,CO,237.0
106660.0,6661.0,2025-04-04,Completed,FL,18.0
106661.0,6662.0,2025-07-07,Completed,MA,48.0
106662.0,6663.0,2025-06-22,Completed,WA,22.0
106663.0,6664.0,2025-08-09,Completed,IL,65.0
106664.0,6665.0,2025-11-24,Completed,VA,48.0
106665.0,6666.0,2025-11-01,Completed,FL,26.5
106666.0,6667.0,2025-09-23,Completed,NC,79.0
106667.0,6668.0,2025-09-18,Completed,NY,48.0
106668.0,6669.0,2025-07-06,Completed,CA,22.0
106669.0,6670.0,2025-10-25,Completed,NY,22.0
106670.0,6671.0,2025-10-26,Completed,NC,49.98
106671.0,6672.0,2025-06-03,Completed,WA,19.5
106672.0,6673.0,2025-05-26,Completed,FL,53.0
106673.0,6674.0,2025-03-03,Completed,MA,96.0
106674.0,6675.0,2025-08-09,Completed,VA,26.5
106675.0,6676.0,2025-06-30,Completed,WA,36.0
106676.0,6677.0,2025-12-27,Completed,CO,65.0
106677.0,6678.0,2025-04-21,Completed,MA,79.0
106678.0,6679.0,2025-12-27,Completed,NY,22.0
106679.0,6680.0,2026-01-13,Completed,IL,6.5
106680.0,6681.0,2025-03-17,Completed,VA,26.5
106681.0,6682.0,2025-04-27,Completed,NC,26.5
106682.0,6683.0,2025-05-29,Completed,NY,36.0
106683.0,6684.0,2025-08-11,Completed,IL,6.5
106684.0,6685.0,2025-05-19,Completed,IL,199.98
106685.0,6686.0,2025-08-13,Completed,TX,26.5
106686.0,6687.0,2025-08-23,Completed,IL,53.0
106687.0,6688.0,2025-12-23,Completed,FL,65.0
106688.0,6689.0,2025-12-28,Completed,TX,74.97
106689.0,6690.0,2025-09-24,Completed,FL,99.99
106690.0,6691.0,2025-08-25,Completed,WA,12.5
106691.0,6692.0,2025-01-17,Completed,FL,65.0
106692.0,6693.0,2025-07-13,Completed,CO,158.0
106693.0,6694.0,2025-09-29,Completed,IL,18.0
106694.0,6695.0,2025-09-06,Completed,FL,18.0
106695.0,6696.0,2025-06-10,Completed,CO,12.5
106696.0,6697.0,2025-07-16,Completed,NY,22.0
106697.0,6698.0,2025-03-04,Completed,TX,18.0
106698.0,6699.0,2025-03-16,Completed,TX,36.0
106699.0,6700.0,2025-07-20,Completed,VA,130.0
106700.0,6701.0,2025-02-20,Completed,FL,65.0
106701.0,6702.0,2026-01-08,Completed,MA,36.0
106702.0,6703.0,2025-09-21,Completed,NY,48.0
106703.0,6704.0,2025-04-04,Completed,MA,79.0
106704.0,6705.0,2025-04-08,Completed,NC,24.99
106705.0,6706.0,2025-08-27,Completed,WA,48.0
106706.0,6707.0,2025-04-12,Completed,MA,79.0
106707.0,6708.0,2025-04-20,Completed,NY,79.0
106708.0,6709.0,2025-11-27,Completed,VA,12.5
106709.0,6710.0,2025-07-14,Completed,VA,12.5
106710.0,6711.0,2025-10-24,Completed,MA,130.0
106711.0,6712.0,2025-04-11,Completed,NY,79.0
106712.0,6713.0,2025-09-19,Completed,CA,44.0
106713.0,6714.0,2025-04-30,Completed,VA,99.99
106714.0,6715.0,2025-01-01,Completed,WA,24.99
106715.0,6716.0,2025-01-13,Completed,NY,26.5
106716.0,6717.0,2025-07-15,Completed,VA,12.5
106717.0,6718.0,2025-10-24,Completed,NY,65.0
106718.0,6719.0,2025-04-03,Completed,MA,13.0
106719.0,6720.0,2025-06-09,Completed,VA,22.0
106720.0,6721.0,2025-10-24,Completed,MA,99.99
106721.0,6722.0,2025-05-18,Completed,WA,24.99
106722.0,6723.0,2025-02-15,Completed,CO,12.5
106723.0,6724.0,2025-06-07,Completed,CA,6.5
106724.0,6725.0,2025-06-16,Completed,CO,79.0
106725.0,6726.0,2025-09-05,Completed,NY,24.99
106726.0,6727.0,2025-09-23,Completed,IL,65.0
106727.0,6728.0,2025-07-24,Completed,MA,99.99
106728.0,6729.0,2025-06-28,Completed,NC,48.0
106729.0,6730.0,2025-11-25,Completed,FL,24.99
106730.0,6731.0,2025-10-20,Completed,TX,79.0
106731.0,6732.0,2025-03-25,Completed,WA,18.0
106732.0,6733.0,2025-05-30,Completed,CA,79.0
106733.0,6734.0,2025-02-10,Completed,FL,18.0
106734.0,6735.0,2025-08-31,Completed,CO,48.0
106735.0,6736.0,2025-08-05,Completed,MA,65.0
106736.0,6737.0,2025-05-23,Completed,MA,24.99
106737.0,6738.0,2025-08-03,Completed,MA,44.0
106738.0,6739.0,2025-10-01,Completed,MA,79.0
106739.0,6740.0,2025-01-02,Completed,TX,37.5
106740.0,6741.0,2025-08-11,Completed,MA,48.0
106741.0,6742.0,2025-08-05,Completed,CO,12.5
106742.0,6743.0,2025-05-21,Completed,WA,65.0
106743.0,6744.0,2026-01-02,Completed,VA,48.0
106744.0,6745.0,2025-09-11,Completed,CO,24.99
106745.0,6746.0,2025-07-31,Completed,MA,65.0
106746.0,6747.0,2025-06-30,Completed,NY,79.0
106747.0,6748.0,2025-11-05,Completed,NC,37.5
106748.0,6749.0,2025-09-29,Completed,WA,79.0
106749.0,6750.0,2025-10-11,Completed,CA,99.99
106750.0,6751.0,2025-08-29,Completed,FL,6.5
106751.0,6752.0,2025-08-15,Completed,CO,12.5
106752.0,6753.0,2026-01-02,Completed,CA,6.5
106753.0,6754.0,2025-03-31,Completed,NC,79.0
106754.0,6755.0,2025-06-07,Completed,WA,6.5
106755.0,6756.0,2025-06-29,Completed,WA,22.0
106756.0,6757.0,2025-10-29,Completed,TX,24.99
106757.0,6758.0,2025-07-27,Completed,NY,96.0
106758.0,6759.0,2025-05-14,Completed,VA,6.5
106759.0,6760.0,2025-10-28,Completed,FL,65.0
106760.0,6761.0,2025-04-07,Completed,IL,158.0
106761.0,6762.0,2025-07-26,Completed,IL,99.99
106762.0,6763.0,2025-09-28,Completed,CO,199.98
106763.0,6764.0,2025-04-25,Completed,VA,65.0
106764.0,6765.0,2025-07-16,Completed,NC,18.0
106765.0,6766.0,2025-12-22,Completed,CA,99.99
106766.0,6767.0,2025-08-16,Completed,NY,12.5
106767.0,6768.0,2025-01-17,Completed,CA,66.0
106768.0,6769.0,2025-11-01,Completed,IL,13.0
106769.0,6770.0,2025-02-14,Completed,FL,65.0
106770.0,6771.0,2025-07-29,Completed,VA,18.0
106771.0,6772.0,2025-08-25,Completed,NC,130.0
106772.0,6773.0,2025-05-11,Completed,WA,6.5
106773.0,6774.0,2025-01-26,Completed,CA,49.98
106774.0,6775.0,2025-02-09,Completed,VA,12.5
106775.0,6776.0,2025-09-02,Completed,TX,12.5
106776.0,6777.0,2026-01-13,Completed,CO,13.0
106777.0,6778.0,2025-09-23,Completed,NY,26.5
106778.0,6779.0,2025-11-20,Completed,IL,195.0
106779.0,6780.0,2025-11-17,Completed,TX,96.0
106780.0,6781.0,2025-06-09,Completed,WA,13.0
106781.0,6782.0,2025-01-25,Completed,CA,24.99
106782.0,6783.0,2025-01-10,Completed,FL,22.0
106783.0,6784.0,2025-10-09,Completed,CA,22.0
106784.0,6785.0,2025-12-30,Completed,TX,48.0
106785.0,6786.0,2025-06-24,Completed,FL,12.5
106786.0,6787.0,2025-07-19,Completed,NY,79.5
106787.0,6788.0,2025-10-31,Completed,WA,22.0
106788.0,6789.0,2025-08-04,Completed,CA,79.0
106789.0,6790.0,2025-02-09,Completed,VA,22.0
106790.0,6791.0,2025-08-29,Completed,WA,144.0
106791.0,6792.0,2025-08-10,Completed,WA,24.99
106792.0,6793.0,2025-05-25,Completed,TX,26.5
106793.0,6794.0,2025-11-15,Completed,NC,22.0
106794.0,6795.0,2025-04-18,Completed,MA,99.99
106795.0,6796.0,2025-12-04,Completed,FL,48.0
106796.0,6797.0,2025-11-30,Completed,TX,24.99
106797.0,6798.0,2025-03-05,Completed,CO,99.99
106798.0,6799.0,2025-10-24,Completed,IL,195.0
106799.0,6800.0,2025-05-11,Completed,IL,25.0
106800.0,6801.0,2025-08-20,Completed,MA,79.0
106801.0,6802.0,2025-05-23,Completed,NC,53.0
106802.0,6803.0,2025-08-12,Completed,NC,36.0
106803.0,6804.0,2025-06-08,Completed,FL,24.99
106804.0,6805.0,2025-08-30,Completed,VA,24.99
106805.0,6806.0,2025-10-24,Completed,FL,65.0
106806.0,6807.0,2025-10-21,Completed,VA,79.0
106807.0,6808.0,2025-08-04,Completed,NY,65.0
106808.0,6809.0,2025-06-18,Completed,FL,65.0
106809.0,6810.0,2025-10-24,Completed,IL,24.99
106810.0,6811.0,2025-11-27,Completed,CA,65.0
106811.0,6812.0,2025-07-18,Completed,NC,99.99
106812.0,6813.0,2025-01-04,Completed,VA,22.0
106813.0,6814.0,2025-12-25,Completed,VA,44.0
106814.0,6815.0,2025-12-15,Completed,FL,36.0
106815.0,6816.0,2025-04-16,Completed,IL,48.0
106816.0,6817.0,2025-02-25,Completed,TX,18.0
106817.0,6818.0,2025-03-31,Completed,TX,6.5
106818.0,6819.0,2025-12-05,Completed,TX,96.0
106819.0,6820.0,2025-04-18,Completed,MA,13.0
106820.0,6821.0,2025-10-03,Completed,VA,26.5
106821.0,6822.0,2025-09-20,Completed,MA,48.0
106822.0,6823.0,2025-10-09,Completed,NY,130.0
106823.0,6824.0,2025-12-29,Completed,FL,65.0
106824.0,6825.0,2025-02-12,Completed,IL,26.5
106825.0,6826.0,2025-09-16,Completed,CA,6.5
106826.0,6827.0,2025-05-26,Completed,WA,99.99
106827.0,6828.0,2025-09-17,Completed,IL,96.0
106828.0,6829.0,2025-04-26,Completed,VA,158.0
106829.0,6830.0,2025-03-20,Completed,MA,79.0
106830.0,6831.0,2025-02-23,Completed,FL,24.99
106831.0,6832.0,2025-12-31,Completed,NY,19.5
106832.0,6833.0,2025-06-18,Completed,NC,12.5
106833.0,6834.0,2025-12-14,Completed,CO,22.0
106834.0,6835.0,2025-08-10,Completed,TX,44.0
106835.0,6836.0,2026-01-14,Completed,TX,22.0
106836.0,6837.0,2025-03-31,Completed,CA,6.5
106837.0,6838.0,2025-07-18,Completed,FL,12.5
106838.0,6839.0,2025-06-01,Completed,WA,24.99
106839.0,6840.0,2025-12-06,Completed,CO,37.5
106840.0,6841.0,2025-01-25,Completed,NY,12.5
106841.0,6842.0,2025-04-25,Completed,IL,24.99
106842.0,6843.0,2025-10-04,Completed,VA,13.0
106843.0,6844.0,2025-05-16,Completed,VA,48.0
106844.0,6845.0,2026-01-06,Completed,NC,18.0
106845.0,6846.0,2026-01-12,Completed,CO,26.5
106846.0,6847.0,2025-12-10,Completed,MA,24.99
106847.0,6848.0,2025-07-31,Completed,IL,79.0
106848.0,6849.0,2025-07-20,Completed,CO,12.5
106849.0,6850.0,2025-03-12,Completed,MA,6.5
106850.0,6851.0,2025-05-21,Completed,MA,48.0
106851.0,6852.0,2025-03-11,Completed,FL,6.5
106852.0,6853.0,2025-09-05,Completed,VA,22.0
106853.0,6854.0,2025-12-31,Completed,IL,99.99
106854.0,6855.0,2025-05-31,Completed,CO,79.0
106855.0,6856.0,2025-08-20,Completed,VA,26.5
106856.0,6857.0,2025-06-16,Completed,FL,18.0
106857.0,6858.0,2025-04-12,Completed,WA,26.5
106858.0,6859.0,2025-07-28,Completed,CO,26.5
106859.0,6860.0,2025-04-18,Completed,FL,26.5
106860.0,6861.0,2025-11-13,Completed,IL,79.0
106861.0,6862.0,2025-04-10,Completed,NY,26.5
106862.0,6863.0,2025-05-18,Completed,CA,48.0
106863.0,6864.0,2025-10-04,Completed,NC,48.0
106864.0,6865.0,2025-12-10,Completed,CA,6.5
106865.0,6866.0,2025-05-16,Completed,FL,79.0
106866.0,6867.0,2025-01-05,Completed,WA,53.0
106867.0,6868.0,2025-12-23,Completed,NC,49.98
106868.0,6869.0,2025-07-17,Completed,MA,24.99
106869.0,6870.0,2025-05-17,Completed,MA,237.0
106870.0,6871.0,2025-07-18,Completed,CO,26.5
106871.0,6872.0,2025-07-26,Completed,CA,48.0
106872.0,6873.0,2025-06-14,Completed,WA,99.99
106873.0,6874.0,2025-09-01,Completed,WA,79.0
106874.0,6875.0,2025-09-03,Completed,WA,22.0
106875.0,6876.0,2025-04-29,Completed,MA,12.5
106876.0,6877.0,2025-05-21,Completed,NC,18.0
106877.0,6878.0,2025-06-27,Completed,MA,12.5
106878.0,6879.0,2025-05-16,Completed,WA,26.5
106879.0,6880.0,2025-07-13,Completed,WA,22.0
106880.0,6881.0,2025-10-14,Completed,CO,65.0
106881.0,6882.0,2025-12-19,Completed,MA,48.0
106882.0,6883.0,2025-12-19,Completed,TX,26.5
106883.0,6884.0,2026-01-02,Completed,WA,26.5
106884.0,6885.0,2025-02-27,Completed,CO,96.0
106885.0,6886.0,2025-07-08,Completed,MA,12.5
106886.0,6887.0,2025-02-27,Completed,CA,13.0
106887.0,6888.0,2025-04-25,Completed,NC,18.0
106888.0,6889.0,2025-05-27,Completed,FL,24.99
106889.0,6890.0,2025-03-07,Completed,TX,79.0
106890.0,6891.0,2025-10-17,Completed,MA,49.98
106891.0,6892.0,2025-09-22,Completed,FL,19.5
106892.0,6893.0,2025-11-21,Completed,WA,12.5
106893.0,6894.0,2025-07-10,Completed,CA,49.98
106894.0,6895.0,2025-06-26,Completed,VA,79.0
106895.0,6896.0,2025-08-09,Completed,NY,6.5
106896.0,6897.0,2025-08-30,Completed,MA,199.98
106897.0,6898.0,2025-03-11,Completed,IL,6.5
106898.0,6899.0,2025-11-03,Completed,FL,66.0
106899.0,6900.0,2025-03-25,Completed,TX,99.99
106900.0,6901.0,2025-02-14,Completed,CA,65.0
106901.0,6902.0,2025-12-19,Completed,IL,18.0
106902.0,6903.0,2025-10-29,Completed,NC,99.99
106903.0,6904.0,2025-06-13,Completed,VA,12.5
106904.0,6905.0,2025-05-10,Completed,NC,18.0
106905.0,6906.0,2025-10-14,Completed,MA,6.5
106906.0,6907.0,2025-05-31,Completed,NC,79.0
106907.0,6908.0,2025-08-10,Completed,VA,48.0
106908.0,6909.0,2025-02-11,Completed,NC,22.0
106909.0,6910.0,2025-03-08,Completed,IL,48.0
106910.0,6911.0,2025-07-14,Completed,NC,99.99
106911.0,6912.0,2025-09-04,Completed,NC,36.0
106912.0,6913.0,2025-11-23,Completed,MA,26.5
106913.0,6914.0,2025-10-02,Completed,NY,79.0
106914.0,6915.0,2025-01-03,Completed,CO,99.99
106915.0,6916.0,2026-01-08,Completed,FL,22.0
106916.0,6917.0,2025-01-18,Completed,CA,26.5
106917.0,6918.0,2025-04-05,Completed,TX,79.0
106918.0,6919.0,2025-05-04,Completed,IL,144.0
106919.0,6920.0,2025-10-07,Completed,TX,24.99
106920.0,6921.0,2025-11-22,Completed,VA,12.5
106921.0,6922.0,2025-09-23,Completed,WA,48.0
106922.0,6923.0,2025-05-14,Completed,VA,99.99
106923.0,6924.0,2025-05-21,Completed,TX,26.5
106924.0,6925.0,2025-01-09,Completed,WA,22.0
106925.0,6926.0,2025-05-08,Completed,WA,24.99
106926.0,6927.0,2025-09-23,Completed,CA,18.0
106927.0,6928.0,2025-05-07,Completed,FL,6.5
106928.0,6929.0,2025-04-08,Completed,NY,18.0
106929.0,6930.0,2025-07-31,Completed,CA,6.5
106930.0,6931.0,2025-08-20,Completed,CA,6.5
106931.0,6932.0,2025-05-20,Completed,TX,66.0
106932.0,6933.0,2025-08-19,Completed,IL,48.0
106933.0,6934.0,2025-07-14,Completed,NY,65.0
106934.0,6935.0,2025-05-08,Completed,NC,44.0
106935.0,6936.0,2025-03-26,Completed,IL,12.5
106936.0,6937.0,2025-08-10,Completed,MA,12.5
106937.0,6938.0,2026-01-01,Completed,TX,24.99
106938.0,6939.0,2025-10-21,Completed,IL,79.0
106939.0,6940.0,2025-02-16,Completed,NC,6.5
106940.0,6941.0,2025-08-26,Completed,CA,158.0
106941.0,6942.0,2025-02-07,Completed,IL,6.5
106942.0,6943.0,2025-05-25,Completed,NC,26.5
106943.0,6944.0,2025-06-13,Completed,CA,48.0
106944.0,6945.0,2025-03-25,Completed,NY,22.0
106945.0,6946.0,2025-12-02,Completed,NY,48.0
106946.0,6947.0,2025-12-30,Completed,CO,12.5
106947.0,6948.0,2025-01-27,Completed,MA,99.99
106948.0,6949.0,2025-05-07,Completed,NC,53.0
106949.0,6950.0,2025-07-01,Completed,CO,25.0
106950.0,6951.0,2025-05-22,Completed,NC,99.99
106951.0,6952.0,2026-01-08,Completed,NC,24.99
106952.0,6953.0,2025-04-29,Completed,IL,65.0
106953.0,6954.0,2025-11-14,Completed,WA,6.5
106954.0,6955.0,2025-11-28,Completed,CO,65.0
106955.0,6956.0,2025-08-23,Completed,WA,26.5
106956.0,6957.0,2025-01-02,Completed,CO,26.5
106957.0,6958.0,2025-09-11,Completed,CA,158.0
106958.0,6959.0,2025-09-05,Completed,WA,130.0
106959.0,6960.0,2025-06-11,Completed,WA,6.5
106960.0,6961.0,2025-04-18,Completed,NY,130.0
106961.0,6962.0,2025-01-31,Completed,NC,49.98
106962.0,6963.0,2025-01-30,Completed,WA,26.5
106963.0,6964.0,2025-04-06,Completed,TX,12.5
106964.0,6965.0,2025-08-22,Completed,TX,6.5
106965.0,6966.0,2025-11-03,Completed,CA,65.0
106966.0,6967.0,2026-01-03,Completed,TX,6.5
106967.0,6968.0,2025-04-01,Completed,TX,25.0
106968.0,6969.0,2025-06-03,Completed,NC,99.99
106969.0,6970.0,2025-07-24,Completed,WA,22.0
106970.0,6971.0,2025-08-24,Completed,IL,13.0
106971.0,6972.0,2025-03-22,Completed,CO,18.0
106972.0,6973.0,2025-07-09,Completed,FL,48.0
106973.0,6974.0,2025-12-06,Completed,WA,49.98
106974.0,6975.0,2025-06-24,Completed,IL,22.0
106975.0,6976.0,2025-01-04,Completed,NC,6.5
106976.0,6977.0,2025-08-29,Completed,WA,24.99
106977.0,6978.0,2025-05-29,Completed,VA,13.0
106978.0,6979.0,2025-08-16,Completed,FL,79.0
106979.0,6980.0,2025-06-03,Completed,WA,26.5
106980.0,6981.0,2025-12-07,Completed,IL,26.5
106981.0,6982.0,2025-07-06,Completed,CO,13.0
106982.0,6983.0,2025-09-24,Completed,IL,6.5
106983.0,6984.0,2025-10-09,Completed,MA,96.0
106984.0,6985.0,2025-05-30,Completed,CA,44.0
106985.0,6986.0,2025-11-05,Completed,NC,13.0
106986.0,6987.0,2026-01-14,Completed,NY,79.0
106987.0,6988.0,2025-01-12,Completed,CA,13.0
106988.0,6989.0,2025-01-10,Completed,CO,96.0
106989.0,6990.0,2025-12-21,Completed,FL,199.98
106990.0,6991.0,2025-05-25,Completed,VA,99.99
106991.0,6992.0,2025-10-12,Completed,FL,12.5
106992.0,6993.0,2025-06-30,Completed,IL,99.99
106993.0,6994.0,2025-02-28,Completed,WA,24.99
106994.0,6995.0,2025-07-24,Completed,TX,12.5
106995.0,6996.0,2025-04-15,Completed,NC,12.5
106996.0,6997.0,2025-06-30,Completed,VA,26.5
106997.0,6998.0,2025-10-13,Completed,CA,96.0
106998.0,6999.0,2025-10-31,Completed,MA,79.0
106999.0,7000.0,2025-06-27,Completed,CA,12.5
107000.0,7001.0,2025-01-08,Completed,FL,12.5
107001.0,7002.0,2025-07-10,Completed,NY,65.0
107002.0,7003.0,2025-11-08,Completed,WA,44.0
107003.0,7004.0,2025-08-24,Completed,CO,13.0
107004.0,7005.0,2025-04-20,Completed,NC,24.99
107005.0,7006.0,2025-03-18,Completed,CO,65.0
107006.0,7007.0,2025-01-19,Completed,NC,6.5
107007.0,7008.0,2025-06-11,Completed,CA,6.5
107008.0,7009.0,2025-05-15,Completed,FL,24.99
107009.0,7010.0,2025-11-30,Completed,VA,22.0
107010.0,7011.0,2025-01-05,Completed,MA,6.5
107011.0,7012.0,2025-09-17,Completed,VA,65.0
107012.0,7013.0,2025-05-10,Completed,FL,26.5
107013.0,7014.0,2025-04-01,Completed,TX,65.0
107014.0,7015.0,2025-04-22,Completed,NY,12.5
107015.0,7016.0,2025-08-29,Completed,VA,48.0
107016.0,7017.0,2025-02-25,Completed,FL,79.0
107017.0,7018.0,2025-12-02,Completed,WA,36.0
107018.0,7019.0,2025-04-17,Completed,TX,44.0
107019.0,7020.0,2025-01-18,Completed,TX,96.0
107020.0,7021.0,2025-12-15,Completed,WA,99.99
107021.0,7022.0,2025-07-22,Completed,NY,53.0
107022.0,7023.0,2025-02-16,Completed,VA,18.0
107023.0,7024.0,2025-11-24,Completed,WA,22.0
107024.0,7025.0,2025-02-06,Completed,NY,26.5
107025.0,7026.0,2025-02-16,Completed,VA,12.5
107026.0,7027.0,2025-11-23,Completed,IL,22.0
107027.0,7028.0,2025-07-31,Completed,VA,18.0
107028.0,7029.0,2025-11-10,Completed,WA,22.0
107029.0,7030.0,2025-07-03,Completed,VA,12.5
107030.0,7031.0,2025-06-23,Completed,FL,48.0
107031.0,7032.0,2025-08-11,Completed,WA,18.0
107032.0,7033.0,2025-05-05,Completed,NC,79.0
107033.0,7034.0,2025-11-13,Completed,NY,99.99
107034.0,7035.0,2025-08-14,Completed,NC,65.0
107035.0,7036.0,2025-07-12,Completed,CO,12.5
107036.0,7037.0,2025-05-11,Completed,NY,79.0
107037.0,7038.0,2025-11-08,Completed,MA,65.0
107038.0,7039.0,2025-11-30,Completed,CO,44.0
107039.0,7040.0,2025-04-23,Completed,TX,13.0
107040.0,7041.0,2025-08-14,Completed,CA,18.0
107041.0,7042.0,2025-09-22,Completed,TX,18.0
107042.0,7043.0,2025-01-20,Completed,IL,6.5
107043.0,7044.0,2025-11-10,Completed,IL,299.97
107044.0,7045.0,2025-05-19,Completed,NY,99.99
107045.0,7046.0,2025-03-30,Completed,CO,24.99
107046.0,7047.0,2025-06-16,Completed,NC,237.0
107047.0,7048.0,2025-05-11,Completed,FL,99.99
107048.0,7049.0,2025-03-27,Completed,VA,12.5
107049.0,7050.0,2025-08-28,Completed,TX,65.0
107050.0,7051.0,2025-06-01,Completed,NY,12.5
107051.0,7052.0,2025-04-15,Completed,WA,26.5
107052.0,7053.0,2025-05-18,Completed,IL,36.0
107053.0,7054.0,2025-05-20,Completed,WA,65.0
107054.0,7055.0,2025-06-11,Completed,NC,12.5
107055.0,7056.0,2025-05-17,Completed,NY,22.0
107056.0,7057.0,2025-12-10,Completed,VA,6.5
107057.0,7058.0,2025-07-16,Completed,CO,79.0
107058.0,7059.0,2025-10-23,Completed,MA,48.0
107059.0,7060.0,2025-06-30,Completed,NY,18.0
107060.0,7061.0,2025-03-22,Completed,WA,26.5
107061.0,7062.0,2025-03-25,Completed,VA,99.99
107062.0,7063.0,2025-03-17,Completed,VA,53.0
107063.0,7064.0,2025-02-22,Completed,NC,22.0
107064.0,7065.0,2025-03-16,Completed,MA,26.5
107065.0,7066.0,2025-08-18,Completed,MA,24.99
107066.0,7067.0,2025-08-20,Completed,TX,96.0
107067.0,7068.0,2025-05-28,Completed,IL,6.5
107068.0,7069.0,2025-01-21,Completed,VA,158.0
107069.0,7070.0,2025-03-21,Completed,WA,79.0
107070.0,7071.0,2025-12-17,Completed,FL,24.99
107071.0,7072.0,2025-04-24,Completed,NY,130.0
107072.0,7073.0,2025-12-28,Completed,NC,26.5
107073.0,7074.0,2025-04-13,Completed,VA,13.0
107074.0,7075.0,2025-09-09,Completed,WA,36.0
107075.0,7076.0,2025-09-28,Completed,CA,65.0
107076.0,7077.0,2025-08-09,Completed,IL,65.0
107077.0,7078.0,2025-07-17,Completed,CO,18.0
107078.0,7079.0,2025-06-24,Completed,FL,6.5
107079.0,7080.0,2025-12-19,Completed,TX,22.0
107080.0,7081.0,2025-12-21,Completed,MA,18.0
107081.0,7082.0,2025-06-03,Completed,TX,44.0
107082.0,7083.0,2025-07-16,Completed,FL,79.0
107083.0,7084.0,2025-12-06,Completed,IL,18.0
107084.0,7085.0,2025-12-08,Completed,NC,79.0
107085.0,7086.0,2025-03-20,Completed,VA,65.0
107086.0,7087.0,2025-08-15,Completed,NY,18.0
107087.0,7088.0,2025-11-06,Completed,TX,130.0
107088.0,7089.0,2025-05-30,Completed,NC,18.0
107089.0,7090.0,2025-10-01,Completed,WA,12.5
107090.0,7091.0,2025-02-11,Completed,WA,26.5
107091.0,7092.0,2025-09-23,Completed,VA,237.0
107092.0,7093.0,2025-12-19,Completed,NC,96.0
107093.0,7094.0,2025-01-13,Completed,WA,79.0
107094.0,7095.0,2025-05-31,Completed,NY,18.0
107095.0,7096.0,2025-09-01,Completed,FL,12.5
107096.0,7097.0,2025-06-30,Completed,VA,65.0
107097.0,7098.0,2025-01-19,Completed,NC,79.0
107098.0,7099.0,2025-07-21,Completed,IL,130.0
107099.0,7100.0,2025-03-12,Completed,MA,130.0
107100.0,7101.0,2025-11-30,Completed,NY,65.0
107101.0,7102.0,2025-07-09,Completed,CA,22.0
107102.0,7103.0,2025-06-21,Completed,IL,199.98
107103.0,7104.0,2025-02-18,Completed,NC,36.0
107104.0,7105.0,2025-06-07,Completed,TX,24.99
107105.0,7106.0,2025-10-25,Completed,MA,96.0
107106.0,7107.0,2025-04-03,Completed,MA,18.0
107107.0,7108.0,2025-02-19,Completed,TX,6.5
107108.0,7109.0,2025-02-04,Completed,IL,195.0
107109.0,7110.0,2025-11-07,Completed,MA,49.98
107110.0,7111.0,2025-04-09,Completed,CO,99.99
107111.0,7112.0,2025-09-05,Completed,CO,12.5
107112.0,7113.0,2025-02-06,Completed,FL,53.0
107113.0,7114.0,2025-04-17,Completed,IL,12.5
107114.0,7115.0,2025-01-02,Completed,NC,65.0
107115.0,7116.0,2025-03-06,Completed,TX,22.0
107116.0,7117.0,2025-02-28,Completed,NY,48.0
107117.0,7118.0,2025-02-02,Completed,TX,65.0
107118.0,7119.0,2025-05-24,Completed,FL,65.0
107119.0,7120.0,2025-06-09,Completed,VA,22.0
107120.0,7121.0,2025-05-07,Completed,NC,24.99
107121.0,7122.0,2025-08-07,Completed,VA,79.0
107122.0,7123.0,2025-10-01,Completed,NC,237.0
107123.0,7124.0,2025-06-01,Completed,IL,48.0
107124.0,7125.0,2025-03-19,Completed,VA,79.0
107125.0,7126.0,2025-11-27,Completed,MA,22.0
107126.0,7127.0,2025-06-17,Completed,TX,99.99
107127.0,7128.0,2025-09-03,Completed,WA,99.99
107128.0,7129.0,2025-10-09,Completed,NY,65.0
107129.0,7130.0,2025-07-10,Completed,FL,18.0
107130.0,7131.0,2025-03-20,Completed,NC,24.99
107131.0,7132.0,2025-12-02,Completed,VA,12.5
107132.0,7133.0,2025-10-06,Completed,NY,24.99
107133.0,7134.0,2025-07-21,Completed,CO,22.0
107134.0,7135.0,2025-05-21,Completed,TX,22.0
107135.0,7136.0,2025-09-13,Completed,WA,25.0
107136.0,7137.0,2025-02-26,Completed,VA,25.0
107137.0,7138.0,2025-12-13,Completed,FL,6.5
107138.0,7139.0,2025-03-07,Completed,TX,22.0
107139.0,7140.0,2025-03-13,Completed,NC,144.0
107140.0,7141.0,2025-04-14,Completed,NY,48.0
107141.0,7142.0,2025-04-15,Completed,NY,18.0
107142.0,7143.0,2025-04-30,Completed,MA,22.0
107143.0,7144.0,2025-12-06,Completed,CA,99.99
107144.0,7145.0,2025-04-29,Completed,CO,18.0
107145.0,7146.0,2025-10-07,Completed,NY,48.0
107146.0,7147.0,2025-06-30,Completed,MA,99.99
107147.0,7148.0,2025-11-27,Completed,CO,79.0
107148.0,7149.0,2025-06-19,Completed,NY,13.0
107149.0,7150.0,2025-06-18,Completed,VA,48.0
107150.0,7151.0,2025-03-09,Completed,CO,99.99
107151.0,7152.0,2025-02-18,Completed,FL,44.0
107152.0,7153.0,2025-12-14,Completed,VA,54.0
107153.0,7154.0,2025-07-12,Completed,FL,130.0
107154.0,7155.0,2026-01-13,Completed,FL,24.99
107155.0,7156.0,2025-09-13,Completed,CO,26.5
107156.0,7157.0,2025-07-04,Completed,TX,12.5
107157.0,7158.0,2025-12-04,Completed,NY,79.0
107158.0,7159.0,2025-11-15,Completed,NC,18.0
107159.0,7160.0,2025-01-24,Completed,CO,24.99
107160.0,7161.0,2025-10-27,Completed,CO,22.0
107161.0,7162.0,2025-08-01,Completed,WA,79.0
107162.0,7163.0,2025-06-26,Completed,NC,48.0
107163.0,7164.0,2025-01-30,Completed,FL,48.0
107164.0,7165.0,2025-12-01,Completed,VA,26.5
107165.0,7166.0,2025-12-30,Completed,TX,65.0
107166.0,7167.0,2025-01-03,Completed,MA,25.0
107167.0,7168.0,2025-04-28,Completed,MA,158.0
107168.0,7169.0,2025-09-03,Completed,IL,65.0
107169.0,7170.0,2025-07-25,Completed,MA,53.0
107170.0,7171.0,2025-06-24,Completed,CO,99.99
107171.0,7172.0,2025-07-18,Completed,FL,65.0
107172.0,7173.0,2025-07-07,Completed,FL,79.0
107173.0,7174.0,2025-05-04,Completed,TX,79.0
107174.0,7175.0,2025-02-02,Completed,TX,44.0
107175.0,7176.0,2025-02-19,Completed,VA,65.0
107176.0,7177.0,2025-12-09,Completed,CA,65.0
107177.0,7178.0,2025-11-26,Completed,CA,48.0
107178.0,7179.0,2025-12-08,Completed,CO,26.5
107179.0,7180.0,2025-07-30,Completed,IL,65.0
107180.0,7181.0,2025-04-03,Completed,CA,12.5
107181.0,7182.0,2025-07-07,Completed,IL,65.0
107182.0,7183.0,2025-01-09,Completed,TX,36.0
107183.0,7184.0,2025-08-11,Completed,CA,48.0
107184.0,7185.0,2025-03-18,Completed,CA,237.0
107185.0,7186.0,2025-03-10,Completed,FL,48.0
107186.0,7187.0,2025-10-29,Completed,VA,130.0
107187.0,7188.0,2025-10-03,Completed,IL,99.99
107188.0,7189.0,2025-11-01,Completed,NC,99.99
107189.0,7190.0,2025-12-11,Completed,CA,48.0
107190.0,7191.0,2025-06-17,Completed,FL,99.99
107191.0,7192.0,2025-01-04,Completed,TX,24.99
107192.0,7193.0,2025-05-18,Completed,FL,48.0
107193.0,7194.0,2025-07-12,Completed,CA,48.0
107194.0,7195.0,2025-03-22,Completed,CO,79.0
107195.0,7196.0,2025-08-16,Completed,FL,99.99
107196.0,7197.0,2025-02-25,Completed,CO,22.0
107197.0,7198.0,2025-01-26,Completed,MA,79.0
107198.0,7199.0,2025-09-21,Completed,CA,18.0
107199.0,7200.0,2025-10-13,Completed,FL,24.99
107200.0,7201.0,2025-12-11,Completed,FL,18.0
107201.0,7202.0,2025-10-20,Completed,VA,12.5
107202.0,7203.0,2025-01-17,Completed,NY,18.0
107203.0,7204.0,2025-02-19,Completed,NY,130.0
107204.0,7205.0,2025-03-21,Completed,CO,49.98
107205.0,7206.0,2025-02-25,Completed,CA,79.0
107206.0,7207.0,2025-01-16,Completed,MA,79.0
107207.0,7208.0,2025-11-16,Completed,NC,22.0
107208.0,7209.0,2025-03-30,Completed,TX,36.0
107209.0,7210.0,2026-01-03,Completed,NC,26.5
107210.0,7211.0,2025-06-04,Completed,VA,79.0
107211.0,7212.0,2025-07-07,Completed,MA,6.5
107212.0,7213.0,2025-11-03,Completed,MA,99.99
107213.0,7214.0,2025-08-28,Completed,VA,18.0
107214.0,7215.0,2025-01-31,Completed,NY,13.0
107215.0,7216.0,2025-12-26,Completed,IL,99.99
107216.0,7217.0,2025-12-19,Completed,FL,18.0
107217.0,7218.0,2025-10-25,Completed,VA,18.0
107218.0,7219.0,2025-05-23,Completed,CO,99.99
107219.0,7220.0,2025-04-24,Completed,TX,6.5
107220.0,7221.0,2025-04-17,Completed,FL,22.0
107221.0,7222.0,2025-08-27,Completed,WA,65.0
107222.0,7223.0,2025-10-07,Completed,CO,22.0
107223.0,7224.0,2025-08-08,Completed,MA,18.0
107224.0,7225.0,2025-06-07,Completed,NY,12.5
107225.0,7226.0,2025-05-12,Completed,VA,6.5
107226.0,7227.0,2025-05-15,Completed,NC,65.0
107227.0,7228.0,2025-07-15,Completed,FL,49.98
107228.0,7229.0,2025-10-28,Completed,CA,6.5
107229.0,7230.0,2025-01-22,Completed,WA,79.0
107230.0,7231.0,2025-08-17,Completed,MA,96.0
107231.0,7232.0,2025-07-04,Completed,WA,22.0
107232.0,7233.0,2025-12-12,Completed,WA,79.0
107233.0,7234.0,2025-01-20,Completed,MA,12.5
107234.0,7235.0,2025-10-01,Completed,MA,65.0
107235.0,7236.0,2025-10-18,Completed,VA,12.5
107236.0,7237.0,2025-06-09,Completed,VA,99.99
107237.0,7238.0,2025-01-18,Completed,NC,66.0
107238.0,7239.0,2025-01-15,Completed,NC,99.99
107239.0,7240.0,2025-02-05,Completed,FL,49.98
107240.0,7241.0,2025-12-22,Completed,IL,65.0
107241.0,7242.0,2025-06-01,Completed,FL,26.5
107242.0,7243.0,2026-01-03,Completed,CO,158.0
107243.0,7244.0,2025-03-30,Completed,CO,130.0
107244.0,7245.0,2025-03-16,Completed,IL,6.5
107245.0,7246.0,2025-06-13,Completed,CA,24.99
107246.0,7247.0,2025-08-03,Completed,CA,26.5
107247.0,7248.0,2025-03-10,Completed,TX,199.98
107248.0,7249.0,2025-01-21,Completed,CO,79.0
107249.0,7250.0,2025-11-29,Completed,FL,12.5
107250.0,7251.0,2025-10-09,Completed,CO,12.5
107251.0,7252.0,2025-06-08,Completed,NY,199.98
107252.0,7253.0,2025-04-25,Completed,NC,44.0
107253.0,7254.0,2025-05-06,Completed,MA,66.0
107254.0,7255.0,2025-06-16,Completed,FL,48.0
107255.0,7256.0,2025-12-15,Completed,IL,18.0
107256.0,7257.0,2025-09-30,Completed,MA,6.5
107257.0,7258.0,2025-05-02,Completed,WA,26.5
107258.0,7259.0,2025-10-10,Completed,NY,99.99
107259.0,7260.0,2025-10-09,Completed,FL,12.5
107260.0,7261.0,2025-08-22,Completed,WA,22.0
107261.0,7262.0,2025-06-22,Completed,NY,65.0
107262.0,7263.0,2025-07-28,Completed,CO,48.0
107263.0,7264.0,2025-02-13,Completed,FL,199.98
107264.0,7265.0,2025-08-19,Completed,CA,65.0
107265.0,7266.0,2025-08-20,Completed,FL,49.98
107266.0,7267.0,2025-08-26,Completed,NY,12.5
107267.0,7268.0,2025-11-11,Completed,MA,65.0
107268.0,7269.0,2025-11-14,Completed,NC,18.0
107269.0,7270.0,2025-10-25,Completed,NC,79.0
107270.0,7271.0,2025-04-16,Completed,WA,26.5
107271.0,7272.0,2025-12-23,Completed,NY,79.0
107272.0,7273.0,2025-10-12,Completed,CO,26.5
107273.0,7274.0,2025-03-04,Completed,IL,158.0
107274.0,7275.0,2025-09-12,Completed,TX,158.0
107275.0,7276.0,2025-05-01,Completed,NY,53.0
107276.0,7277.0,2025-02-11,Completed,NY,26.5
107277.0,7278.0,2025-08-17,Completed,VA,22.0
107278.0,7279.0,2025-10-26,Completed,CA,48.0
107279.0,7280.0,2025-04-27,Completed,FL,79.0
107280.0,7281.0,2025-07-08,Completed,IL,65.0
107281.0,7282.0,2025-05-19,Completed,MA,66.0
107282.0,7283.0,2025-03-13,Completed,CA,22.0
107283.0,7284.0,2025-10-07,Completed,TX,299.97
107284.0,7285.0,2025-02-04,Completed,IL,12.5
107285.0,7286.0,2025-04-16,Completed,CA,22.0
107286.0,7287.0,2025-03-05,Completed,NY,18.0
107287.0,7288.0,2025-08-14,Completed,TX,24.99
107288.0,7289.0,2025-11-03,Completed,CA,99.99
107289.0,7290.0,2025-01-26,Completed,CA,65.0
107290.0,7291.0,2025-04-21,Completed,TX,65.0
107291.0,7292.0,2025-08-18,Completed,TX,18.0
107292.0,7293.0,2025-06-08,Completed,CA,48.0
107293.0,7294.0,2025-04-17,Completed,FL,12.5
107294.0,7295.0,2025-06-11,Completed,FL,65.0
107295.0,7296.0,2025-08-26,Completed,NC,26.5
107296.0,7297.0,2025-11-29,Completed,CA,65.0
107297.0,7298.0,2025-04-29,Completed,NY,99.99
107298.0,7299.0,2025-12-02,Completed,VA,25.0
107299.0,7300.0,2025-02-17,Completed,VA,24.99
107300.0,7301.0,2025-09-01,Completed,CO,22.0
107301.0,7302.0,2025-03-29,Completed,NC,26.5
107302.0,7303.0,2025-09-13,Completed,WA,53.0
107303.0,7304.0,2025-04-27,Completed,IL,130.0
107304.0,7305.0,2025-03-22,Completed,IL,96.0
107305.0,7306.0,2025-06-23,Completed,WA,24.99
107306.0,7307.0,2025-10-13,Completed,MA,24.99
107307.0,7308.0,2025-03-12,Completed,NY,24.99
107308.0,7309.0,2025-03-17,Completed,VA,6.5
107309.0,7310.0,2025-11-25,Completed,MA,65.0
107310.0,7311.0,2025-04-19,Completed,IL,79.0
107311.0,7312.0,2025-12-15,Completed,MA,24.99
107312.0,7313.0,2025-03-14,Completed,NY,26.5
107313.0,7314.0,2025-10-08,Completed,NY,6.5
107314.0,7315.0,2025-05-10,Completed,MA,44.0
107315.0,7316.0,2025-09-15,Completed,CO,22.0
107316.0,7317.0,2025-01-01,Completed,IL,6.5
107317.0,7318.0,2025-04-15,Completed,IL,37.5
107318.0,7319.0,2025-08-13,Completed,TX,99.99
107319.0,7320.0,2025-08-06,Completed,VA,48.0
107320.0,7321.0,2025-04-28,Completed,NY,65.0
107321.0,7322.0,2025-07-02,Completed,IL,26.5
107322.0,7323.0,2025-01-24,Completed,TX,13.0
107323.0,7324.0,2025-02-20,Completed,WA,99.99
107324.0,7325.0,2025-12-03,Completed,IL,48.0
107325.0,7326.0,2025-04-02,Completed,NC,6.5
107326.0,7327.0,2025-02-25,Completed,CO,18.0
107327.0,7328.0,2025-09-17,Completed,NY,12.5
107328.0,7329.0,2025-12-05,Completed,TX,12.5
107329.0,7330.0,2025-09-29,Completed,CA,24.99
107330.0,7331.0,2025-12-16,Completed,TX,26.5
107331.0,7332.0,2025-01-19,Completed,VA,49.98
107332.0,7333.0,2025-12-05,Completed,WA,6.5
107333.0,7334.0,2025-12-23,Completed,MA,6.5
107334.0,7335.0,2025-09-14,Completed,WA,49.98
107335.0,7336.0,2025-09-09,Completed,MA,22.0
107336.0,7337.0,2025-07-27,Completed,FL,6.5
107337.0,7338.0,2025-03-04,Completed,NC,99.99
107338.0,7339.0,2025-09-02,Completed,VA,18.0
107339.0,7340.0,2025-08-29,Completed,MA,6.5
107340.0,7341.0,2025-08-21,Completed,VA,24.99
107341.0,7342.0,2025-06-21,Completed,VA,99.99
107342.0,7343.0,2025-09-02,Completed,NC,18.0
107343.0,7344.0,2025-04-10,Completed,CO,130.0
107344.0,7345.0,2025-03-29,Completed,TX,26.5
107345.0,7346.0,2025-03-16,Completed,WA,12.5
107346.0,7347.0,2025-02-27,Completed,NY,22.0
107347.0,7348.0,2025-11-20,Completed,CO,18.0
107348.0,7349.0,2025-06-15,Completed,NC,13.0
107349.0,7350.0,2025-06-19,Completed,NC,99.99
107350.0,7351.0,2025-03-17,Completed,CO,158.0
107351.0,7352.0,2025-04-16,Completed,CO,79.0
107352.0,7353.0,2025-03-16,Completed,WA,79.0
107353.0,7354.0,2025-02-04,Completed,IL,79.0
107354.0,7355.0,2025-04-20,Completed,NY,53.0
107355.0,7356.0,2025-05-14,Completed,MA,22.0
107356.0,7357.0,2025-12-26,Completed,IL,79.0
107357.0,7358.0,2025-12-29,Completed,CA,18.0
107358.0,7359.0,2025-05-12,Completed,NC,6.5
107359.0,7360.0,2025-12-09,Completed,TX,12.5
107360.0,7361.0,2025-10-15,Completed,VA,6.5
107361.0,7362.0,2025-09-07,Completed,NY,22.0
107362.0,7363.0,2025-06-11,Completed,WA,24.99
107363.0,7364.0,2025-08-22,Completed,CO,48.0
107364.0,7365.0,2025-06-08,Completed,FL,65.0
107365.0,7366.0,2025-12-24,Completed,NY,22.0
107366.0,7367.0,2025-08-13,Completed,TX,48.0
107367.0,7368.0,2025-04-04,Completed,FL,65.0
107368.0,7369.0,2025-04-13,Completed,TX,18.0
107369.0,7370.0,2025-01-17,Completed,IL,199.98
107370.0,7371.0,2025-06-23,Completed,VA,36.0
107371.0,7372.0,2025-12-24,Completed,NY,12.5
107372.0,7373.0,2025-07-23,Completed,FL,22.0
107373.0,7374.0,2025-11-25,Completed,WA,65.0
107374.0,7375.0,2025-12-28,Completed,FL,12.5
107375.0,7376.0,2025-01-21,Completed,WA,53.0
107376.0,7377.0,2025-04-16,Completed,MA,6.5
107377.0,7378.0,2025-01-02,Completed,NY,48.0
107378.0,7379.0,2025-09-19,Completed,TX,99.99
107379.0,7380.0,2025-02-04,Completed,FL,26.5
107380.0,7381.0,2025-02-25,Completed,FL,48.0
107381.0,7382.0,2025-02-21,Completed,CO,130.0
107382.0,7383.0,2026-01-08,Completed,TX,96.0
107383.0,7384.0,2025-11-23,Completed,WA,22.0
107384.0,7385.0,2025-11-22,Completed,TX,44.0
107385.0,7386.0,2025-03-24,Completed,CA,26.5
107386.0,7387.0,2025-04-10,Completed,WA,99.99
107387.0,7388.0,2025-07-15,Completed,FL,12.5
107388.0,7389.0,2025-10-17,Completed,IL,22.0
107389.0,7390.0,2025-11-21,Completed,VA,199.98
107390.0,7391.0,2025-03-26,Completed,MA,24.99
107391.0,7392.0,2025-12-01,Completed,VA,22.0
107392.0,7393.0,2025-04-21,Completed,FL,25.0
107393.0,7394.0,2025-07-19,Completed,MA,53.0
107394.0,7395.0,2025-10-12,Completed,NC,199.98
107395.0,7396.0,2025-09-30,Completed,WA,6.5
107396.0,7397.0,2025-08-17,Completed,TX,99.99
107397.0,7398.0,2025-02-06,Completed,VA,26.5
107398.0,7399.0,2025-03-02,Completed,TX,36.0
107399.0,7400.0,2025-01-14,Completed,TX,99.99
107400.0,7401.0,2025-06-28,Completed,NC,48.0
107401.0,7402.0,2025-03-26,Completed,VA,25.0
107402.0,7403.0,2025-07-25,Completed,TX,25.0
107403.0,7404.0,2025-03-13,Completed,IL,6.5
107404.0,7405.0,2025-08-04,Completed,VA,22.0
107405.0,7406.0,2026-01-12,Completed,NC,6.5
107406.0,7407.0,2025-10-07,Completed,NC,79.0
107407.0,7408.0,2025-05-09,Completed,TX,79.0
107408.0,7409.0,2026-01-12,Completed,FL,36.0
107409.0,7410.0,2025-08-29,Completed,CO,22.0
107410.0,7411.0,2025-01-25,Completed,CO,299.97
107411.0,7412.0,2025-12-15,Completed,NY,18.0
107412.0,7413.0,2025-10-14,Completed,IL,48.0
107413.0,7414.0,2025-05-19,Completed,CA,65.0
107414.0,7415.0,2025-08-14,Completed,TX,99.99
107415.0,7416.0,2025-06-29,Completed,FL,22.0
107416.0,7417.0,2025-04-05,Completed,CA,99.99
107417.0,7418.0,2025-10-20,Completed,CO,48.0
107418.0,7419.0,2025-11-10,Completed,NY,36.0
107419.0,7420.0,2025-08-08,Completed,NY,18.0
107420.0,7421.0,2025-08-12,Completed,NC,99.99
107421.0,7422.0,2025-08-19,Completed,IL,18.0
107422.0,7423.0,2025-05-23,Completed,TX,12.5
107423.0,7424.0,2025-07-30,Completed,TX,12.5
107424.0,7425.0,2025-11-19,Completed,MA,199.98
107425.0,7426.0,2025-07-15,Completed,NC,22.0
107426.0,7427.0,2025-07-14,Completed,MA,79.0
107427.0,7428.0,2025-10-11,Completed,WA,6.5
107428.0,7429.0,2026-01-08,Completed,MA,6.5
107429.0,7430.0,2025-03-27,Completed,NC,48.0
107430.0,7431.0,2025-04-23,Completed,NC,158.0
107431.0,7432.0,2025-08-14,Completed,MA,12.5
107432.0,7433.0,2025-10-31,Completed,CO,26.5
107433.0,7434.0,2026-01-11,Completed,FL,24.99
107434.0,7435.0,2025-07-09,Completed,NY,65.0
107435.0,7436.0,2025-10-01,Completed,MA,25.0
107436.0,7437.0,2025-08-18,Completed,NY,22.0
107437.0,7438.0,2025-05-23,Completed,IL,130.0
107438.0,7439.0,2025-02-12,Completed,CA,24.99
107439.0,7440.0,2025-03-31,Completed,WA,44.0
107440.0,7441.0,2025-10-19,Completed,WA,99.99
107441.0,7442.0,2025-02-08,Completed,MA,79.0
107442.0,7443.0,2025-04-28,Completed,CA,12.5
107443.0,7444.0,2025-11-21,Completed,TX,48.0
107444.0,7445.0,2025-07-26,Completed,VA,48.0
107445.0,7446.0,2025-10-26,Completed,MA,79.0
107446.0,7447.0,2025-07-09,Completed,CA,79.5
107447.0,7448.0,2025-11-17,Completed,IL,48.0
107448.0,7449.0,2025-03-22,Completed,WA,99.99
107449.0,7450.0,2026-01-02,Completed,FL,130.0
107450.0,7451.0,2025-10-14,Completed,IL,13.0
107451.0,7452.0,2025-06-16,Completed,VA,24.99
107452.0,7453.0,2025-03-27,Completed,MA,99.99
107453.0,7454.0,2025-02-28,Completed,IL,48.0
107454.0,7455.0,2025-01-27,Completed,WA,26.5
107455.0,7456.0,2025-09-28,Completed,FL,22.0
107456.0,7457.0,2025-07-02,Completed,NY,65.0
107457.0,7458.0,2025-03-01,Completed,FL,12.5
107458.0,7459.0,2025-12-03,Completed,WA,96.0
107459.0,7460.0,2025-01-29,Completed,NY,6.5
107460.0,7461.0,2025-09-04,Completed,CO,48.0
107461.0,7462.0,2025-08-23,Completed,NY,12.5
107462.0,7463.0,2025-12-17,Completed,NY,99.99
107463.0,7464.0,2025-03-06,Completed,TX,18.0
107464.0,7465.0,2025-11-04,Completed,NY,48.0
107465.0,7466.0,2025-04-29,Completed,CO,13.0
107466.0,7467.0,2025-11-08,Completed,FL,12.5
107467.0,7468.0,2025-09-05,Completed,WA,22.0
107468.0,7469.0,2025-12-24,Completed,TX,99.99
107469.0,7470.0,2025-06-17,Completed,VA,18.0
107470.0,7471.0,2025-03-05,Completed,IL,18.0
107471.0,7472.0,2025-09-19,Completed,MA,99.99
107472.0,7473.0,2025-07-26,Completed,IL,44.0
107473.0,7474.0,2025-04-11,Completed,CO,26.5
107474.0,7475.0,2025-11-20,Completed,IL,18.0
107475.0,7476.0,2025-05-04,Completed,NY,24.99
107476.0,7477.0,2025-01-24,Completed,FL,18.0
107477.0,7478.0,2025-04-22,Completed,MA,99.99
107478.0,7479.0,2025-03-03,Completed,FL,48.0
107479.0,7480.0,2025-08-12,Completed,CA,6.5
107480.0,7481.0,2025-01-09,Completed,IL,18.0
107481.0,7482.0,2025-04-26,Completed,TX,22.0
107482.0,7483.0,2025-05-23,Completed,VA,6.5
107483.0,7484.0,2025-10-18,Completed,CA,22.0
107484.0,7485.0,2025-05-10,Completed,FL,22.0
107485.0,7486.0,2025-08-13,Completed,CA,48.0
107486.0,7487.0,2025-04-23,Completed,NY,22.0
107487.0,7488.0,2025-12-15,Completed,MA,65.0
107488.0,7489.0,2025-10-27,Completed,FL,195.0
107489.0,7490.0,2025-10-19,Completed,CA,18.0
107490.0,7491.0,2025-05-06,Completed,MA,99.99
107491.0,7492.0,2025-05-09,Completed,MA,53.0
107492.0,7493.0,2025-12-16,Completed,IL,79.0
107493.0,7494.0,2025-09-21,Completed,MA,48.0
107494.0,7495.0,2025-05-02,Completed,TX,6.5
107495.0,7496.0,2025-06-09,Completed,VA,48.0
107496.0,7497.0,2025-12-18,Completed,FL,26.5
107497.0,7498.0,2025-09-29,Completed,WA,65.0
107498.0,7499.0,2025-12-30,Completed,TX,12.5
107499.0,7500.0,2025-12-15,Completed,NC,79.0
107500.0,7501.0,2025-04-03,Completed,WA,18.0
107501.0,7502.0,2025-10-03,Completed,CO,158.0
107502.0,7503.0,2025-11-06,Completed,TX,18.0
107503.0,7504.0,2025-12-24,Completed,WA,25.0
107504.0,7505.0,2025-04-04,Completed,MA,99.99
107505.0,7506.0,2025-07-31,Completed,WA,24.99
107506.0,7507.0,2025-10-05,Completed,VA,26.5
107507.0,7508.0,2026-01-02,Completed,WA,99.99
107508.0,7509.0,2025-10-10,Completed,IL,48.0
107509.0,7510.0,2025-03-16,Completed,WA,18.0
107510.0,7511.0,2025-01-15,Completed,IL,22.0
107511.0,7512.0,2025-01-30,Completed,IL,99.99
107512.0,7513.0,2025-09-12,Completed,IL,13.0
107513.0,7514.0,2025-02-23,Completed,WA,22.0
107514.0,7515.0,2025-08-01,Completed,NY,79.0
107515.0,7516.0,2025-09-10,Completed,NY,53.0
107516.0,7517.0,2025-09-23,Completed,NC,13.0
107517.0,7518.0,2025-04-01,Completed,MA,18.0
107518.0,7519.0,2025-10-31,Completed,CA,12.5
107519.0,7520.0,2025-10-19,Completed,FL,79.0
107520.0,7521.0,2025-03-11,Completed,CO,26.5
107521.0,7522.0,2025-08-29,Completed,CO,6.5
107522.0,7523.0,2025-04-20,Completed,NC,12.5
107523.0,7524.0,2025-03-31,Completed,NY,18.0
107524.0,7525.0,2025-04-28,Completed,CO,24.99
107525.0,7526.0,2025-04-30,Completed,IL,26.5
107526.0,7527.0,2025-07-30,Completed,TX,99.99
107527.0,7528.0,2025-03-07,Completed,IL,199.98
107528.0,7529.0,2025-06-05,Completed,CA,26.5
107529.0,7530.0,2025-01-28,Completed,CO,22.0
107530.0,7531.0,2025-04-17,Completed,IL,22.0
107531.0,7532.0,2025-10-12,Completed,NY,44.0
107532.0,7533.0,2025-07-31,Completed,FL,79.0
107533.0,7534.0,2025-03-03,Completed,TX,22.0
107534.0,7535.0,2026-01-14,Completed,IL,18.0
107535.0,7536.0,2025-06-22,Completed,TX,49.98
107536.0,7537.0,2025-08-13,Completed,VA,49.98
107537.0,7538.0,2025-08-09,Completed,CO,12.5
107538.0,7539.0,2025-08-10,Completed,WA,12.5
107539.0,7540.0,2025-08-13,Completed,NY,99.99
107540.0,7541.0,2025-01-02,Completed,CO,22.0
107541.0,7542.0,2025-04-16,Completed,CO,65.0
107542.0,7543.0,2025-08-20,Completed,CA,36.0
107543.0,7544.0,2025-08-09,Completed,WA,13.0
107544.0,7545.0,2025-11-26,Completed,NC,65.0
107545.0,7546.0,2025-09-29,Completed,CA,18.0
107546.0,7547.0,2025-12-08,Completed,WA,24.99
107547.0,7548.0,2025-04-30,Completed,VA,12.5
107548.0,7549.0,2025-01-28,Completed,CA,53.0
107549.0,7550.0,2025-04-16,Completed,MA,48.0
107550.0,7551.0,2025-12-26,Completed,NY,49.98
107551.0,7552.0,2025-04-23,Completed,CO,18.0
107552.0,7553.0,2025-09-01,Completed,NC,22.0
107553.0,7554.0,2025-08-19,Completed,TX,22.0
107554.0,7555.0,2025-10-23,Completed,IL,12.5
107555.0,7556.0,2026-01-11,Completed,FL,199.98
107556.0,7557.0,2025-04-30,Completed,NC,130.0
107557.0,7558.0,2025-05-19,Completed,CA,65.0
107558.0,7559.0,2025-03-11,Completed,WA,79.0
107559.0,7560.0,2025-09-22,Completed,MA,24.99
107560.0,7561.0,2025-05-18,Completed,VA,99.99
107561.0,7562.0,2025-12-08,Completed,CO,96.0
107562.0,7563.0,2025-12-05,Completed,IL,65.0
107563.0,7564.0,2025-02-11,Completed,VA,79.0
107564.0,7565.0,2025-03-19,Completed,IL,18.0
107565.0,7566.0,2025-03-20,Completed,IL,79.0
107566.0,7567.0,2025-01-28,Completed,TX,79.0
107567.0,7568.0,2025-09-18,Completed,WA,13.0
107568.0,7569.0,2025-04-23,Completed,NY,6.5
107569.0,7570.0,2026-01-02,Completed,VA,48.0
107570.0,7571.0,2025-11-10,Completed,MA,65.0
107571.0,7572.0,2025-06-04,Completed,CO,12.5
107572.0,7573.0,2025-11-07,Completed,MA,18.0
107573.0,7574.0,2025-03-10,Completed,IL,53.0
107574.0,7575.0,2025-10-19,Completed,WA,79.0
107575.0,7576.0,2025-10-07,Completed,WA,158.0
107576.0,7577.0,2025-12-28,Completed,CA,79.0
107577.0,7578.0,2025-07-04,Completed,NC,79.0
107578.0,7579.0,2025-03-19,Completed,NY,65.0
107579.0,7580.0,2025-05-10,Completed,FL,18.0
107580.0,7581.0,2025-02-23,Completed,IL,99.99
107581.0,7582.0,2025-04-16,Completed,NC,49.98
107582.0,7583.0,2025-07-04,Completed,WA,299.97
107583.0,7584.0,2025-04-23,Completed,TX,24.99
107584.0,7585.0,2025-11-11,Completed,FL,13.0
107585.0,7586.0,2025-08-28,Completed,FL,99.99
107586.0,7587.0,2025-05-19,Completed,IL,22.0
107587.0,7588.0,2025-09-28,Completed,NC,79.0
107588.0,7589.0,2025-11-20,Completed,NY,6.5
107589.0,7590.0,2025-08-26,Completed,WA,6.5
107590.0,7591.0,2025-09-08,Completed,VA,12.5
107591.0,7592.0,2025-06-26,Completed,CO,18.0
107592.0,7593.0,2025-12-16,Completed,IL,26.5
107593.0,7594.0,2025-11-21,Completed,TX,65.0
107594.0,7595.0,2025-11-13,Completed,WA,299.97
107595.0,7596.0,2025-12-22,Completed,NY,66.0
107596.0,7597.0,2025-10-07,Completed,NC,18.0
107597.0,7598.0,2025-02-12,Completed,CA,25.0
107598.0,7599.0,2025-05-20,Completed,TX,12.5
107599.0,7600.0,2025-10-09,Completed,MA,6.5
107600.0,7601.0,2025-03-22,Completed,WA,22.0
107601.0,7602.0,2025-05-07,Completed,IL,130.0
107602.0,7603.0,2025-04-29,Completed,CA,26.5
107603.0,7604.0,2025-03-11,Completed,CO,79.0
107604.0,7605.0,2025-10-07,Completed,TX,22.0
107605.0,7606.0,2025-03-17,Completed,MA,199.98
107606.0,7607.0,2025-09-16,Completed,MA,99.99
107607.0,7608.0,2025-04-10,Completed,CA,66.0
107608.0,7609.0,2025-07-16,Completed,NC,18.0
107609.0,7610.0,2025-06-01,Completed,WA,22.0
107610.0,7611.0,2025-04-25,Completed,CA,48.0
107611.0,7612.0,2025-12-30,Completed,NY,99.99
107612.0,7613.0,2025-02-03,Completed,MA,49.98
107613.0,7614.0,2025-12-02,Completed,FL,48.0
107614.0,7615.0,2025-07-28,Completed,CO,79.0
107615.0,7616.0,2025-04-28,Completed,MA,99.99
107616.0,7617.0,2025-10-26,Completed,WA,130.0
107617.0,7618.0,2025-01-16,Completed,NY,199.98
107618.0,7619.0,2025-10-21,Completed,TX,195.0
107619.0,7620.0,2026-01-01,Completed,TX,49.98
107620.0,7621.0,2025-05-27,Completed,VA,65.0
107621.0,7622.0,2025-07-05,Completed,NC,65.0
107622.0,7623.0,2025-08-04,Completed,CO,26.5
107623.0,7624.0,2025-05-18,Completed,CA,99.99
107624.0,7625.0,2025-12-23,Completed,FL,79.0
107625.0,7626.0,2025-03-23,Completed,MA,79.0
107626.0,7627.0,2025-12-15,Completed,NC,53.0
107627.0,7628.0,2025-07-15,Completed,WA,18.0
107628.0,7629.0,2025-11-04,Completed,TX,199.98
107629.0,7630.0,2025-04-14,Completed,CA,18.0
107630.0,7631.0,2026-01-08,Completed,TX,79.0
107631.0,7632.0,2025-08-29,Completed,WA,48.0
107632.0,7633.0,2025-05-15,Completed,MA,26.5
107633.0,7634.0,2025-06-29,Completed,MA,79.0
107634.0,7635.0,2025-06-04,Completed,CO,79.0
107635.0,7636.0,2025-02-05,Completed,WA,6.5
107636.0,7637.0,2025-04-04,Completed,NY,6.5
107637.0,7638.0,2025-01-21,Completed,WA,65.0
107638.0,7639.0,2025-10-12,Completed,IL,22.0
107639.0,7640.0,2026-01-02,Completed,WA,26.5
107640.0,7641.0,2025-04-18,Completed,WA,18.0
107641.0,7642.0,2025-06-06,Completed,NC,12.5
107642.0,7643.0,2025-03-10,Completed,CO,299.97
107643.0,7644.0,2025-11-28,Completed,NC,53.0
107644.0,7645.0,2025-12-19,Completed,CA,26.5
107645.0,7646.0,2025-12-03,Completed,FL,48.0
107646.0,7647.0,2025-10-15,Completed,NY,237.0
107647.0,7648.0,2025-11-20,Completed,NY,195.0
107648.0,7649.0,2025-12-08,Completed,TX,65.0
107649.0,7650.0,2025-01-22,Completed,FL,22.0
107650.0,7651.0,2025-01-05,Completed,IL,99.99
107651.0,7652.0,2025-03-03,Completed,CO,79.0
107652.0,7653.0,2025-06-11,Completed,CA,79.0
107653.0,7654.0,2025-05-28,Completed,TX,99.99
107654.0,7655.0,2025-04-08,Completed,CO,26.5
107655.0,7656.0,2025-05-15,Completed,VA,12.5
107656.0,7657.0,2025-08-13,Completed,CA,65.0
107657.0,7658.0,2025-07-09,Completed,CO,22.0
107658.0,7659.0,2025-05-08,Completed,CO,24.99
107659.0,7660.0,2025-10-18,Completed,FL,48.0
107660.0,7661.0,2025-09-10,Completed,FL,6.5
107661.0,7662.0,2025-02-28,Completed,IL,12.5
107662.0,7663.0,2025-11-27,Completed,MA,130.0
107663.0,7664.0,2025-02-13,Completed,MA,44.0
107664.0,7665.0,2025-01-22,Completed,FL,36.0
107665.0,7666.0,2025-01-15,Completed,WA,22.0
107666.0,7667.0,2025-12-04,Completed,NC,6.5
107667.0,7668.0,2025-02-25,Completed,TX,24.99
107668.0,7669.0,2025-10-12,Completed,NY,18.0
107669.0,7670.0,2026-01-08,Completed,NC,26.5
107670.0,7671.0,2025-01-26,Completed,TX,26.5
107671.0,7672.0,2025-09-14,Completed,CA,65.0
107672.0,7673.0,2025-10-18,Completed,CA,74.97
107673.0,7674.0,2025-03-28,Completed,NY,99.99
107674.0,7675.0,2025-03-24,Completed,MA,65.0
107675.0,7676.0,2025-03-15,Completed,WA,48.0
107676.0,7677.0,2025-09-23,Completed,MA,53.0
107677.0,7678.0,2025-09-30,Completed,WA,12.5
107678.0,7679.0,2025-11-21,Completed,TX,48.0
107679.0,7680.0,2025-08-26,Completed,CO,65.0
107680.0,7681.0,2025-03-04,Completed,CA,48.0
107681.0,7682.0,2026-01-06,Completed,NC,18.0
107682.0,7683.0,2025-03-08,Completed,FL,158.0
107683.0,7684.0,2025-07-28,Completed,FL,12.5
107684.0,7685.0,2025-08-28,Completed,VA,25.0
107685.0,7686.0,2025-07-03,Completed,MA,18.0
107686.0,7687.0,2025-04-06,Completed,MA,24.99
107687.0,7688.0,2025-03-28,Completed,VA,22.0
107688.0,7689.0,2025-05-16,Completed,FL,96.0
107689.0,7690.0,2025-06-12,Completed,NC,22.0
107690.0,7691.0,2025-06-24,Completed,WA,22.0
107691.0,7692.0,2025-05-10,Completed,NY,18.0
107692.0,7693.0,2026-01-01,Completed,NY,99.99
107693.0,7694.0,2025-05-15,Completed,CA,48.0
107694.0,7695.0,2025-02-20,Completed,NY,44.0
107695.0,7696.0,2025-05-29,Completed,FL,13.0
107696.0,7697.0,2025-08-12,Completed,WA,12.5
107697.0,7698.0,2025-10-27,Completed,VA,12.5
107698.0,7699.0,2025-02-07,Completed,VA,24.99
107699.0,7700.0,2025-05-29,Completed,MA,13.0
107700.0,7701.0,2025-09-30,Completed,NY,130.0
107701.0,7702.0,2025-02-26,Completed,NC,79.0
107702.0,7703.0,2025-11-05,Completed,MA,24.99
107703.0,7704.0,2025-01-07,Completed,CA,25.0
107704.0,7705.0,2025-12-17,Completed,CO,99.99
107705.0,7706.0,2025-02-09,Completed,CO,24.99
107706.0,7707.0,2025-04-20,Completed,NY,199.98
107707.0,7708.0,2025-03-17,Completed,CA,26.5
107708.0,7709.0,2025-02-09,Completed,VA,18.0
107709.0,7710.0,2025-08-13,Completed,CO,25.0
107710.0,7711.0,2025-03-13,Completed,MA,26.5
107711.0,7712.0,2025-12-18,Completed,NY,26.5
107712.0,7713.0,2025-06-06,Completed,TX,44.0
107713.0,7714.0,2026-01-02,Completed,WA,26.5
107714.0,7715.0,2026-01-01,Completed,NY,26.5
107715.0,7716.0,2025-02-06,Completed,TX,6.5
107716.0,7717.0,2025-03-05,Completed,NC,22.0
107717.0,7718.0,2025-09-13,Completed,CA,18.0
107718.0,7719.0,2025-01-11,Completed,FL,12.5
107719.0,7720.0,2025-03-24,Completed,NC,79.0
107720.0,7721.0,2025-05-02,Completed,CA,158.0
107721.0,7722.0,2025-01-24,Completed,CO,25.0
107722.0,7723.0,2025-02-25,Completed,WA,12.5
107723.0,7724.0,2025-11-16,Completed,CA,65.0
107724.0,7725.0,2025-06-27,Completed,MA,22.0
107725.0,7726.0,2026-01-02,Completed,TX,99.99
107726.0,7727.0,2025-07-24,Completed,MA,130.0
107727.0,7728.0,2025-11-17,Completed,NY,6.5
107728.0,7729.0,2025-08-19,Completed,TX,99.99
107729.0,7730.0,2025-08-25,Completed,VA,44.0
107730.0,7731.0,2025-04-14,Completed,FL,79.0
107731.0,7732.0,2025-08-24,Completed,VA,12.5
107732.0,7733.0,2025-09-07,Completed,CA,53.0
107733.0,7734.0,2025-12-08,Completed,MA,26.5
107734.0,7735.0,2026-01-10,Completed,MA,24.99
107735.0,7736.0,2025-10-14,Completed,VA,65.0
107736.0,7737.0,2025-04-22,Completed,IL,25.0
107737.0,7738.0,2026-01-07,Completed,CA,6.5
107738.0,7739.0,2025-02-14,Completed,MA,6.5
107739.0,7740.0,2025-03-04,Completed,CO,48.0
107740.0,7741.0,2025-05-21,Completed,VA,48.0
107741.0,7742.0,2025-07-27,Completed,CA,44.0
107742.0,7743.0,2026-01-15,Completed,VA,13.0
107743.0,7744.0,2025-12-18,Completed,MA,12.5
107744.0,7745.0,2025-09-14,Completed,TX,44.0
107745.0,7746.0,2025-03-11,Completed,IL,158.0
107746.0,7747.0,2025-12-05,Completed,CO,24.99
107747.0,7748.0,2025-04-06,Completed,IL,66.0
107748.0,7749.0,2025-06-15,Completed,MA,99.99
107749.0,7750.0,2025-11-18,Completed,FL,18.0
107750.0,7751.0,2025-12-11,Completed,IL,18.0
107751.0,7752.0,2025-01-20,Completed,NY,36.0
107752.0,7753.0,2025-12-30,Completed,WA,79.0
107753.0,7754.0,2025-01-02,Completed,FL,158.0
107754.0,7755.0,2025-02-22,Completed,CO,48.0
107755.0,7756.0,2025-09-15,Completed,IL,99.99
107756.0,7757.0,2025-03-29,Completed,NC,18.0
107757.0,7758.0,2025-05-12,Completed,VA,49.98
107758.0,7759.0,2025-12-27,Completed,VA,199.98
107759.0,7760.0,2025-11-18,Completed,VA,65.0
107760.0,7761.0,2025-06-23,Completed,FL,48.0
107761.0,7762.0,2025-05-18,Completed,FL,22.0
107762.0,7763.0,2025-11-24,Completed,CO,48.0
107763.0,7764.0,2026-01-04,Completed,CO,48.0
107764.0,7765.0,2025-10-05,Completed,MA,144.0
107765.0,7766.0,2025-09-08,Completed,CO,79.0
107766.0,7767.0,2025-10-26,Completed,FL,96.0
107767.0,7768.0,2025-10-23,Completed,TX,99.99
107768.0,7769.0,2026-01-10,Completed,FL,6.5
107769.0,7770.0,2025-10-23,Completed,MA,18.0
107770.0,7771.0,2025-11-11,Completed,NC,79.0
107771.0,7772.0,2025-09-09,Completed,TX,79.0
107772.0,7773.0,2025-11-09,Completed,WA,26.5
107773.0,7774.0,2025-01-29,Completed,CA,79.0
107774.0,7775.0,2025-01-26,Completed,NC,18.0
107775.0,7776.0,2025-10-08,Completed,NY,18.0
107776.0,7777.0,2025-11-06,Completed,CA,48.0
107777.0,7778.0,2025-12-10,Completed,NY,6.5
107778.0,7779.0,2025-09-03,Completed,CA,65.0
107779.0,7780.0,2025-07-21,Completed,CO,22.0
107780.0,7781.0,2025-09-16,Completed,TX,26.5
107781.0,7782.0,2025-05-29,Completed,CO,99.99
107782.0,7783.0,2025-04-26,Completed,MA,96.0
107783.0,7784.0,2025-09-27,Completed,FL,12.5
107784.0,7785.0,2025-01-01,Completed,NY,96.0
107785.0,7786.0,2025-01-20,Completed,CA,99.99
107786.0,7787.0,2025-12-02,Completed,TX,22.0
107787.0,7788.0,2025-11-04,Completed,MA,48.0
107788.0,7789.0,2025-03-30,Completed,FL,48.0
107789.0,7790.0,2025-03-15,Completed,TX,96.0
107790.0,7791.0,2025-10-01,Completed,CO,44.0
107791.0,7792.0,2025-07-09,Completed,TX,12.5
107792.0,7793.0,2025-02-22,Completed,WA,12.5
107793.0,7794.0,2025-07-14,Completed,FL,49.98
107794.0,7795.0,2025-01-13,Completed,CO,6.5
107795.0,7796.0,2025-08-27,Completed,CA,12.5
107796.0,7797.0,2025-02-09,Completed,TX,24.99
107797.0,7798.0,2025-05-09,Completed,TX,18.0
107798.0,7799.0,2025-06-23,Completed,CO,99.99
107799.0,7800.0,2025-02-19,Completed,IL,6.5
107800.0,7801.0,2025-04-21,Completed,IL,26.5
107801.0,7802.0,2025-03-10,Completed,CO,24.99
107802.0,7803.0,2025-05-23,Completed,CO,96.0
107803.0,7804.0,2025-01-20,Completed,TX,26.5
107804.0,7805.0,2025-07-08,Completed,MA,65.0
107805.0,7806.0,2025-11-20,Completed,TX,65.0
107806.0,7807.0,2025-04-10,Completed,MA,18.0
107807.0,7808.0,2025-06-06,Completed,VA,26.5
107808.0,7809.0,2025-06-26,Completed,CO,79.0
107809.0,7810.0,2025-10-27,Completed,NY,18.0
107810.0,7811.0,2025-09-26,Completed,CO,6.5
107811.0,7812.0,2025-02-01,Completed,CA,66.0
107812.0,7813.0,2025-10-15,Completed,CA,12.5
107813.0,7814.0,2025-01-11,Completed,IL,79.0
107814.0,7815.0,2025-05-14,Completed,CO,96.0
107815.0,7816.0,2025-09-27,Completed,CO,24.99
107816.0,7817.0,2025-10-31,Completed,FL,48.0
107817.0,7818.0,2025-04-18,Completed,CA,65.0
107818.0,7819.0,2026-01-03,Completed,NY,6.5
107819.0,7820.0,2025-01-11,Completed,NC,66.0
107820.0,7821.0,2025-10-05,Completed,MA,22.0
107821.0,7822.0,2025-08-26,Completed,FL,12.5
107822.0,7823.0,2025-11-11,Completed,WA,18.0
107823.0,7824.0,2025-10-06,Completed,NY,79.0
107824.0,7825.0,2025-10-03,Completed,NC,65.0
107825.0,7826.0,2025-10-28,Completed,VA,13.0
107826.0,7827.0,2025-10-03,Completed,TX,13.0
107827.0,7828.0,2025-12-11,Completed,WA,18.0
107828.0,7829.0,2025-02-17,Completed,WA,18.0
107829.0,7830.0,2025-11-29,Completed,TX,48.0
107830.0,7831.0,2025-02-23,Completed,FL,24.99
107831.0,7832.0,2025-05-05,Completed,MA,18.0
107832.0,7833.0,2025-07-13,Completed,NY,12.5
107833.0,7834.0,2025-08-05,Completed,VA,22.0
107834.0,7835.0,2025-11-30,Completed,CA,22.0
107835.0,7836.0,2025-01-24,Completed,FL,12.5
107836.0,7837.0,2025-05-29,Completed,VA,79.0
107837.0,7838.0,2025-03-11,Completed,MA,44.0
107838.0,7839.0,2025-04-12,Completed,MA,22.0
107839.0,7840.0,2025-07-08,Completed,NC,96.0
107840.0,7841.0,2025-07-13,Completed,NC,26.5
107841.0,7842.0,2025-06-17,Completed,FL,18.0
107842.0,7843.0,2025-04-09,Completed,CO,25.0
107843.0,7844.0,2025-03-07,Completed,CA,18.0
107844.0,7845.0,2025-09-03,Completed,TX,6.5
107845.0,7846.0,2025-11-06,Completed,IL,53.0
107846.0,7847.0,2025-02-11,Completed,CO,6.5
107847.0,7848.0,2025-01-11,Completed,FL,99.99
107848.0,7849.0,2025-08-19,Completed,NY,48.0
107849.0,7850.0,2025-04-05,Completed,IL,49.98
107850.0,7851.0,2025-07-04,Completed,MA,22.0
107851.0,7852.0,2025-12-02,Completed,FL,22.0
107852.0,7853.0,2025-08-01,Completed,CO,24.99
107853.0,7854.0,2025-07-15,Completed,IL,48.0
107854.0,7855.0,2025-04-19,Completed,WA,26.5
107855.0,7856.0,2025-01-01,Completed,NC,65.0
107856.0,7857.0,2025-05-01,Completed,CA,6.5
107857.0,7858.0,2025-01-29,Completed,TX,99.99
107858.0,7859.0,2025-01-13,Completed,WA,79.0
107859.0,7860.0,2025-09-20,Completed,CA,199.98
107860.0,7861.0,2025-08-05,Completed,FL,26.5
107861.0,7862.0,2026-01-15,Completed,NY,18.0
107862.0,7863.0,2025-06-22,Completed,NY,6.5
107863.0,7864.0,2025-05-09,Completed,CA,65.0
107864.0,7865.0,2025-10-22,Completed,VA,79.0
107865.0,7866.0,2025-08-24,Completed,WA,18.0
107866.0,7867.0,2025-09-05,Completed,MA,79.0
107867.0,7868.0,2025-03-28,Completed,NC,25.0
107868.0,7869.0,2025-09-15,Completed,MA,24.99
107869.0,7870.0,2025-12-19,Completed,TX,18.0
107870.0,7871.0,2025-04-17,Completed,IL,96.0
107871.0,7872.0,2025-10-19,Completed,CO,24.99
107872.0,7873.0,2025-07-04,Completed,NC,26.5
107873.0,7874.0,2025-04-03,Completed,FL,96.0
107874.0,7875.0,2025-01-30,Completed,WA,48.0
107875.0,7876.0,2025-04-22,Completed,CO,6.5
107876.0,7877.0,2025-01-14,Completed,CO,65.0
107877.0,7878.0,2025-02-18,Completed,VA,26.5
107878.0,7879.0,2026-01-11,Completed,CO,26.5
107879.0,7880.0,2025-02-12,Completed,FL,65.0
107880.0,7881.0,2025-09-07,Completed,WA,49.98
107881.0,7882.0,2025-11-10,Completed,CA,24.99
107882.0,7883.0,2025-06-13,Completed,MA,6.5
107883.0,7884.0,2025-02-21,Completed,CO,26.5
107884.0,7885.0,2025-08-13,Completed,IL,48.0
107885.0,7886.0,2026-01-07,Completed,MA,79.0
107886.0,7887.0,2025-12-01,Completed,TX,25.0
107887.0,7888.0,2025-06-22,Completed,CO,24.99
107888.0,7889.0,2025-05-20,Completed,CA,65.0
107889.0,7890.0,2025-09-05,Completed,IL,79.5
107890.0,7891.0,2025-03-29,Completed,NY,22.0
107891.0,7892.0,2025-09-12,Completed,NC,18.0
107892.0,7893.0,2025-07-06,Completed,WA,65.0
107893.0,7894.0,2025-01-17,Completed,CA,49.98
107894.0,7895.0,2025-10-27,Completed,VA,18.0
107895.0,7896.0,2025-08-29,Completed,IL,26.5
107896.0,7897.0,2025-12-07,Completed,CA,26.5
107897.0,7898.0,2025-12-04,Completed,VA,44.0
107898.0,7899.0,2025-03-30,Completed,VA,79.0
107899.0,7900.0,2025-05-05,Completed,MA,65.0
107900.0,7901.0,2025-06-23,Completed,TX,6.5
107901.0,7902.0,2025-11-25,Completed,NC,22.0
107902.0,7903.0,2025-04-26,Completed,FL,48.0
107903.0,7904.0,2025-08-25,Completed,FL,24.99
107904.0,7905.0,2025-03-31,Completed,CO,65.0
107905.0,7906.0,2025-08-05,Completed,FL,36.0
107906.0,7907.0,2025-07-09,Completed,CO,12.5
107907.0,7908.0,2025-03-14,Completed,VA,44.0
107908.0,7909.0,2025-03-09,Completed,NY,25.0
107909.0,7910.0,2025-09-26,Completed,CA,26.5
107910.0,7911.0,2025-05-25,Completed,VA,99.99
107911.0,7912.0,2025-01-05,Completed,NY,48.0
107912.0,7913.0,2025-07-02,Completed,TX,24.99
107913.0,7914.0,2025-11-19,Completed,VA,79.0
107914.0,7915.0,2025-06-10,Completed,NC,130.0
107915.0,7916.0,2025-06-21,Completed,MA,99.99
107916.0,7917.0,2025-04-30,Completed,WA,144.0
107917.0,7918.0,2025-12-08,Completed,FL,6.5
107918.0,7919.0,2025-06-14,Completed,IL,6.5
107919.0,7920.0,2025-05-03,Completed,NC,6.5
107920.0,7921.0,2025-04-07,Completed,CA,18.0
107921.0,7922.0,2025-06-29,Completed,TX,65.0
107922.0,7923.0,2025-07-26,Completed,CO,26.5
107923.0,7924.0,2025-11-03,Completed,CO,199.98
107924.0,7925.0,2025-03-19,Completed,CA,13.0
107925.0,7926.0,2025-09-11,Completed,TX,144.0
107926.0,7927.0,2025-04-24,Completed,NY,24.99
107927.0,7928.0,2025-12-15,Completed,TX,26.5
107928.0,7929.0,2026-01-02,Completed,CA,18.0
107929.0,7930.0,2025-01-18,Completed,FL,96.0
107930.0,7931.0,2025-04-07,Completed,CA,199.98
107931.0,7932.0,2025-06-11,Completed,WA,99.99
107932.0,7933.0,2025-09-24,Completed,NC,36.0
107933.0,7934.0,2025-04-14,Completed,MA,26.5
107934.0,7935.0,2025-10-29,Completed,NC,36.0
107935.0,7936.0,2025-06-11,Completed,CA,65.0
107936.0,7937.0,2025-03-22,Completed,NY,79.0
107937.0,7938.0,2025-12-18,Completed,NY,24.99
107938.0,7939.0,2025-06-23,Completed,IL,48.0
107939.0,7940.0,2025-08-26,Completed,FL,6.5
107940.0,7941.0,2025-02-20,Completed,CA,79.0
107941.0,7942.0,2026-01-14,Completed,WA,26.5
107942.0,7943.0,2025-05-01,Completed,IL,22.0
107943.0,7944.0,2025-12-23,Completed,NC,99.99
107944.0,7945.0,2025-07-20,Completed,FL,65.0
107945.0,7946.0,2025-12-07,Completed,IL,26.5
107946.0,7947.0,2025-12-11,Completed,IL,49.98
107947.0,7948.0,2025-09-09,Completed,WA,48.0
107948.0,7949.0,2025-07-21,Completed,NC,18.0
107949.0,7950.0,2025-12-26,Completed,NC,26.5
107950.0,7951.0,2025-01-19,Completed,FL,18.0
107951.0,7952.0,2025-10-27,Completed,WA,130.0
107952.0,7953.0,2025-10-21,Completed,IL,26.5
107953.0,7954.0,2025-03-05,Completed,NC,22.0
107954.0,7955.0,2025-05-12,Completed,MA,37.5
107955.0,7956.0,2025-08-15,Completed,IL,48.0
107956.0,7957.0,2025-08-18,Completed,NY,65.0
107957.0,7958.0,2025-04-21,Completed,NC,79.0
107958.0,7959.0,2025-12-26,Completed,CA,65.0
107959.0,7960.0,2026-01-10,Completed,CA,18.0
107960.0,7961.0,2025-06-27,Completed,CO,13.0
107961.0,7962.0,2025-09-23,Completed,WA,22.0
107962.0,7963.0,2025-10-04,Completed,CA,22.0
107963.0,7964.0,2025-08-16,Completed,IL,65.0
107964.0,7965.0,2025-05-17,Completed,CO,65.0
107965.0,7966.0,2025-09-23,Completed,VA,44.0
107966.0,7967.0,2025-01-23,Completed,FL,79.0
107967.0,7968.0,2025-11-26,Completed,MA,26.5
107968.0,7969.0,2025-09-28,Completed,CO,24.99
107969.0,7970.0,2025-08-20,Completed,WA,199.98
107970.0,7971.0,2025-08-21,Completed,VA,37.5
107971.0,7972.0,2026-01-05,Completed,NC,79.0
107972.0,7973.0,2025-05-06,Completed,FL,6.5
107973.0,7974.0,2025-12-22,Completed,NC,79.0
107974.0,7975.0,2025-11-12,Completed,MA,6.5
107975.0,7976.0,2025-06-04,Completed,CA,44.0
107976.0,7977.0,2025-04-29,Completed,WA,79.0
107977.0,7978.0,2025-11-10,Completed,VA,26.5
107978.0,7979.0,2025-07-22,Completed,WA,96.0
107979.0,7980.0,2025-07-20,Completed,VA,65.0
107980.0,7981.0,2025-01-25,Completed,MA,13.0
107981.0,7982.0,2025-01-16,Completed,VA,22.0
107982.0,7983.0,2025-08-07,Completed,WA,54.0
107983.0,7984.0,2025-08-31,Completed,NC,79.0
107984.0,7985.0,2025-10-08,Completed,NY,53.0
107985.0,7986.0,2025-11-26,Completed,FL,79.0
107986.0,7987.0,2025-12-16,Completed,CA,99.99
107987.0,7988.0,2025-07-21,Completed,WA,18.0
107988.0,7989.0,2025-03-19,Completed,MA,199.98
107989.0,7990.0,2026-01-12,Completed,VA,18.0
107990.0,7991.0,2025-11-14,Completed,CO,99.99
107991.0,7992.0,2025-04-17,Completed,NC,99.99
107992.0,7993.0,2025-03-22,Completed,IL,195.0
107993.0,7994.0,2025-10-26,Completed,FL,48.0
107994.0,7995.0,2025-02-14,Completed,CO,48.0
107995.0,7996.0,2025-02-12,Completed,WA,158.0
107996.0,7997.0,2025-03-18,Completed,NC,65.0
107997.0,7998.0,2025-11-01,Completed,MA,24.99
107998.0,7999.0,2025-02-12,Completed,NY,6.5
107999.0,8000.0,2025-05-18,Completed,TX,6.5
108000.0,8001.0,2025-03-16,Completed,FL,6.5
108001.0,8002.0,2025-07-31,Completed,CA,53.0
108002.0,8003.0,2025-07-25,Completed,TX,22.0
108003.0,8004.0,2025-11-19,Completed,CA,48.0
108004.0,8005.0,2026-01-04,Completed,FL,6.5
108005.0,8006.0,2025-10-09,Completed,CA,79.0
108006.0,8007.0,2025-10-30,Completed,CO,18.0
108007.0,8008.0,2025-03-20,Completed,MA,6.5
108008.0,8009.0,2026-01-01,Completed,MA,18.0
108009.0,8010.0,2025-02-12,Completed,FL,12.5
108010.0,8011.0,2025-05-09,Completed,TX,99.99
108011.0,8012.0,2025-04-05,Completed,NC,99.99
108012.0,8013.0,2025-11-12,Completed,CA,6.5
108013.0,8014.0,2025-08-26,Completed,CA,79.0
108014.0,8015.0,2025-09-09,Completed,WA,65.0
108015.0,8016.0,2025-01-07,Completed,WA,79.0
108016.0,8017.0,2025-08-09,Completed,NY,36.0
108017.0,8018.0,2025-04-15,Completed,FL,99.99
108018.0,8019.0,2025-05-14,Completed,TX,65.0
108019.0,8020.0,2025-09-07,Completed,CA,48.0
108020.0,8021.0,2025-04-01,Completed,MA,18.0
108021.0,8022.0,2025-09-15,Completed,CO,237.0
108022.0,8023.0,2025-08-15,Completed,CO,79.0
108023.0,8024.0,2025-12-08,Completed,CO,199.98
108024.0,8025.0,2025-09-15,Completed,VA,130.0
108025.0,8026.0,2025-08-05,Completed,CO,6.5
108026.0,8027.0,2025-03-27,Completed,IL,12.5
108027.0,8028.0,2025-11-14,Completed,NY,26.5
108028.0,8029.0,2025-05-29,Completed,TX,99.99
108029.0,8030.0,2025-07-02,Completed,WA,158.0
108030.0,8031.0,2025-09-01,Completed,CO,6.5
108031.0,8032.0,2025-02-13,Completed,MA,18.0
108032.0,8033.0,2025-09-01,Completed,TX,6.5
108033.0,8034.0,2025-11-23,Completed,FL,48.0
108034.0,8035.0,2025-09-24,Completed,MA,25.0
108035.0,8036.0,2025-01-09,Completed,CA,26.5
108036.0,8037.0,2025-03-01,Completed,NC,6.5
108037.0,8038.0,2025-04-04,Completed,VA,237.0
108038.0,8039.0,2025-07-28,Completed,CO,24.99
108039.0,8040.0,2025-04-26,Completed,VA,26.5
108040.0,8041.0,2025-01-07,Completed,NY,22.0
108041.0,8042.0,2025-09-08,Completed,WA,18.0
108042.0,8043.0,2025-03-28,Completed,CA,26.5
108043.0,8044.0,2025-12-24,Completed,TX,48.0
108044.0,8045.0,2025-06-28,Completed,CO,18.0
108045.0,8046.0,2025-01-17,Completed,CO,6.5
108046.0,8047.0,2025-05-31,Completed,FL,99.99
108047.0,8048.0,2025-07-26,Completed,WA,158.0
108048.0,8049.0,2025-04-04,Completed,NC,36.0
108049.0,8050.0,2025-01-04,Completed,TX,79.0
108050.0,8051.0,2025-01-27,Completed,WA,65.0
108051.0,8052.0,2025-05-18,Completed,WA,65.0
108052.0,8053.0,2025-12-23,Completed,TX,12.5
108053.0,8054.0,2025-03-29,Completed,VA,12.5
108054.0,8055.0,2025-04-28,Completed,FL,18.0
108055.0,8056.0,2025-11-13,Completed,FL,44.0
108056.0,8057.0,2025-12-05,Completed,MA,18.0
108057.0,8058.0,2025-10-15,Completed,NC,65.0
108058.0,8059.0,2025-02-01,Completed,FL,199.98
108059.0,8060.0,2025-06-26,Completed,FL,12.5
108060.0,8061.0,2025-12-14,Completed,NY,22.0
108061.0,8062.0,2025-06-09,Completed,VA,53.0
108062.0,8063.0,2025-05-12,Completed,NY,65.0
108063.0,8064.0,2025-11-22,Completed,WA,25.0
108064.0,8065.0,2025-01-15,Completed,IL,96.0
108065.0,8066.0,2025-03-19,Completed,NC,12.5
108066.0,8067.0,2025-03-10,Completed,CA,13.0
108067.0,8068.0,2025-03-07,Completed,FL,6.5
108068.0,8069.0,2025-09-22,Completed,NY,22.0
108069.0,8070.0,2025-06-25,Completed,CO,48.0
108070.0,8071.0,2025-04-11,Completed,IL,12.5
108071.0,8072.0,2025-07-31,Completed,FL,65.0
108072.0,8073.0,2025-08-25,Completed,NY,48.0
108073.0,8074.0,2025-04-24,Completed,MA,48.0
108074.0,8075.0,2025-03-18,Completed,MA,65.0
108075.0,8076.0,2025-05-10,Completed,IL,99.99
108076.0,8077.0,2025-07-28,Completed,NY,12.5
108077.0,8078.0,2025-12-01,Completed,NC,53.0
108078.0,8079.0,2025-06-16,Completed,CO,12.5
108079.0,8080.0,2025-10-26,Completed,VA,22.0
108080.0,8081.0,2025-12-23,Completed,FL,65.0
108081.0,8082.0,2025-02-27,Completed,CO,22.0
108082.0,8083.0,2025-04-05,Completed,FL,6.5
108083.0,8084.0,2025-08-22,Completed,CA,26.5
108084.0,8085.0,2025-04-04,Completed,TX,65.0
108085.0,8086.0,2025-05-16,Completed,FL,79.0
108086.0,8087.0,2025-06-26,Completed,WA,65.0
108087.0,8088.0,2025-04-09,Completed,NC,25.0
108088.0,8089.0,2025-02-18,Completed,CA,6.5
108089.0,8090.0,2025-06-23,Completed,VA,79.0
108090.0,8091.0,2025-07-02,Completed,MA,26.5
108091.0,8092.0,2025-12-17,Completed,VA,22.0
108092.0,8093.0,2025-04-16,Completed,WA,99.99
108093.0,8094.0,2026-01-12,Completed,WA,79.0
108094.0,8095.0,2025-04-06,Completed,CA,24.99
108095.0,8096.0,2025-11-20,Completed,VA,49.98
108096.0,8097.0,2025-09-07,Completed,NC,6.5
108097.0,8098.0,2025-04-30,Completed,VA,99.99
108098.0,8099.0,2025-05-29,Completed,CO,48.0
108099.0,8100.0,2025-11-10,Completed,IL,24.99
108100.0,8101.0,2025-05-18,Completed,NY,48.0
108101.0,8102.0,2025-06-02,Completed,WA,53.0
108102.0,8103.0,2025-03-01,Completed,VA,26.5
108103.0,8104.0,2025-07-29,Completed,CO,22.0
108104.0,8105.0,2026-01-06,Completed,CA,54.0
108105.0,8106.0,2025-07-19,Completed,NC,36.0
108106.0,8107.0,2025-08-30,Completed,VA,144.0
108107.0,8108.0,2025-11-25,Completed,TX,65.0
108108.0,8109.0,2025-03-17,Completed,MA,6.5
108109.0,8110.0,2025-10-13,Completed,VA,79.0
108110.0,8111.0,2025-08-05,Completed,MA,36.0
108111.0,8112.0,2025-04-21,Completed,NY,6.5
108112.0,8113.0,2025-09-27,Completed,FL,12.5
108113.0,8114.0,2025-02-03,Completed,CA,199.98
108114.0,8115.0,2025-03-21,Completed,VA,65.0
108115.0,8116.0,2025-06-23,Completed,MA,24.99
108116.0,8117.0,2025-02-11,Completed,IL,53.0
108117.0,8118.0,2025-08-21,Completed,NC,22.0
108118.0,8119.0,2025-07-16,Completed,NC,24.99
108119.0,8120.0,2025-08-12,Completed,MA,199.98
108120.0,8121.0,2025-10-19,Completed,NC,26.5
108121.0,8122.0,2025-12-03,Completed,MA,18.0
108122.0,8123.0,2025-05-04,Completed,TX,18.0
108123.0,8124.0,2025-04-06,Completed,CA,12.5
108124.0,8125.0,2025-01-18,Completed,TX,99.99
108125.0,8126.0,2025-01-06,Completed,MA,48.0
108126.0,8127.0,2025-09-15,Completed,TX,24.99
108127.0,8128.0,2025-10-21,Completed,WA,74.97
108128.0,8129.0,2025-08-12,Completed,CA,26.5
108129.0,8130.0,2025-08-28,Completed,FL,53.0
108130.0,8131.0,2025-11-20,Completed,TX,22.0
108131.0,8132.0,2025-07-31,Completed,FL,65.0
108132.0,8133.0,2025-09-27,Completed,MA,12.5
108133.0,8134.0,2025-09-11,Completed,MA,24.99
108134.0,8135.0,2025-10-29,Completed,FL,22.0
108135.0,8136.0,2025-11-17,Completed,CO,158.0
108136.0,8137.0,2025-11-26,Completed,NC,99.99
108137.0,8138.0,2025-05-21,Completed,WA,199.98
108138.0,8139.0,2025-11-07,Completed,NC,12.5
108139.0,8140.0,2025-11-05,Completed,VA,24.99
108140.0,8141.0,2025-12-27,Completed,TX,99.99
108141.0,8142.0,2025-01-26,Completed,CA,12.5
108142.0,8143.0,2025-01-27,Completed,VA,24.99
108143.0,8144.0,2025-10-05,Completed,TX,79.0
108144.0,8145.0,2025-12-01,Completed,TX,18.0
108145.0,8146.0,2025-08-31,Completed,CA,6.5
108146.0,8147.0,2025-02-23,Completed,NC,22.0
108147.0,8148.0,2025-11-18,Completed,FL,79.0
108148.0,8149.0,2025-12-10,Completed,TX,65.0
108149.0,8150.0,2025-01-10,Completed,MA,6.5
108150.0,8151.0,2025-01-11,Completed,MA,12.5
108151.0,8152.0,2025-08-23,Completed,IL,158.0
108152.0,8153.0,2025-10-06,Completed,CA,48.0
108153.0,8154.0,2025-10-28,Completed,MA,99.99
108154.0,8155.0,2025-01-29,Completed,NC,99.99
108155.0,8156.0,2025-10-04,Completed,VA,6.5
108156.0,8157.0,2025-11-09,Completed,FL,79.0
108157.0,8158.0,2025-08-06,Completed,CO,6.5
108158.0,8159.0,2025-10-28,Completed,VA,22.0
108159.0,8160.0,2025-06-19,Completed,TX,158.0
108160.0,8161.0,2025-09-20,Completed,NC,24.99
108161.0,8162.0,2025-12-24,Completed,NY,65.0
108162.0,8163.0,2025-10-11,Completed,MA,65.0
108163.0,8164.0,2025-08-11,Completed,IL,6.5
108164.0,8165.0,2025-01-03,Completed,FL,79.0
108165.0,8166.0,2026-01-12,Completed,FL,12.5
108166.0,8167.0,2025-06-22,Completed,VA,26.5
108167.0,8168.0,2025-03-25,Completed,NY,22.0
108168.0,8169.0,2025-11-26,Completed,TX,79.0
108169.0,8170.0,2025-12-21,Completed,NY,79.0
108170.0,8171.0,2025-09-27,Completed,TX,18.0
108171.0,8172.0,2025-03-14,Completed,IL,48.0
108172.0,8173.0,2025-01-09,Completed,VA,65.0
108173.0,8174.0,2025-05-22,Completed,MA,199.98
108174.0,8175.0,2025-01-27,Completed,MA,79.0
108175.0,8176.0,2025-06-07,Completed,NC,158.0
108176.0,8177.0,2025-11-19,Completed,WA,24.99
108177.0,8178.0,2025-01-02,Completed,FL,79.0
108178.0,8179.0,2025-03-25,Completed,MA,96.0
108179.0,8180.0,2025-11-02,Completed,IL,49.98
108180.0,8181.0,2025-03-02,Completed,NY,130.0
108181.0,8182.0,2025-07-08,Completed,TX,6.5
108182.0,8183.0,2025-11-04,Completed,FL,79.0
108183.0,8184.0,2025-09-02,Completed,WA,12.5
108184.0,8185.0,2025-03-17,Completed,NY,65.0
108185.0,8186.0,2025-04-28,Completed,NC,48.0
108186.0,8187.0,2025-11-30,Completed,NY,6.5
108187.0,8188.0,2026-01-13,Completed,NC,6.5
108188.0,8189.0,2025-09-09,Completed,MA,65.0
108189.0,8190.0,2025-08-14,Completed,CA,24.99
108190.0,8191.0,2025-01-18,Completed,WA,79.0
108191.0,8192.0,2025-01-25,Completed,VA,74.97
108192.0,8193.0,2025-03-12,Completed,NY,195.0
108193.0,8194.0,2025-02-02,Completed,MA,53.0
108194.0,8195.0,2025-06-14,Completed,FL,99.99
108195.0,8196.0,2025-07-12,Completed,NY,48.0
108196.0,8197.0,2025-04-21,Completed,IL,79.0
108197.0,8198.0,2025-02-10,Completed,NY,79.0
108198.0,8199.0,2025-12-29,Completed,VA,65.0
108199.0,8200.0,2025-06-03,Completed,NC,12.5
108200.0,8201.0,2025-05-30,Completed,NY,18.0
108201.0,8202.0,2025-02-15,Completed,NY,22.0
108202.0,8203.0,2025-11-11,Completed,FL,53.0
108203.0,8204.0,2025-07-18,Completed,IL,54.0
108204.0,8205.0,2025-08-07,Completed,CA,48.0
108205.0,8206.0,2025-09-01,Completed,VA,48.0
108206.0,8207.0,2025-05-24,Completed,VA,158.0
108207.0,8208.0,2025-12-19,Completed,MA,6.5
108208.0,8209.0,2025-02-25,Completed,NY,22.0
108209.0,8210.0,2025-03-21,Completed,MA,26.5
108210.0,8211.0,2025-07-30,Completed,VA,12.5
108211.0,8212.0,2025-11-11,Completed,IL,144.0
108212.0,8213.0,2025-07-19,Completed,NC,26.5
108213.0,8214.0,2025-08-20,Completed,IL,96.0
108214.0,8215.0,2025-08-24,Completed,NC,24.99
108215.0,8216.0,2025-12-19,Completed,FL,6.5
108216.0,8217.0,2025-10-24,Completed,TX,22.0
108217.0,8218.0,2025-03-03,Completed,VA,26.5
108218.0,8219.0,2025-02-05,Completed,FL,65.0
108219.0,8220.0,2025-03-10,Completed,MA,26.5
108220.0,8221.0,2025-06-13,Completed,VA,12.5
108221.0,8222.0,2025-05-02,Completed,IL,12.5
108222.0,8223.0,2025-10-06,Completed,CO,6.5
108223.0,8224.0,2026-01-14,Completed,FL,13.0
108224.0,8225.0,2025-06-27,Completed,CA,65.0
108225.0,8226.0,2025-02-07,Completed,CA,79.0
108226.0,8227.0,2025-07-02,Completed,TX,48.0
108227.0,8228.0,2025-12-23,Completed,TX,299.97
108228.0,8229.0,2025-04-05,Completed,CA,22.0
108229.0,8230.0,2025-10-06,Completed,TX,12.5
108230.0,8231.0,2025-01-06,Completed,WA,24.99
108231.0,8232.0,2025-02-24,Completed,TX,22.0
108232.0,8233.0,2025-08-04,Completed,CA,24.99
108233.0,8234.0,2025-05-01,Completed,VA,22.0
108234.0,8235.0,2025-09-12,Completed,FL,99.99
108235.0,8236.0,2025-12-30,Completed,MA,199.98
108236.0,8237.0,2025-05-10,Completed,NC,99.99
108237.0,8238.0,2025-08-17,Completed,CO,22.0
108238.0,8239.0,2025-05-11,Completed,NC,12.5
108239.0,8240.0,2025-12-13,Completed,FL,49.98
108240.0,8241.0,2025-08-31,Completed,WA,24.99
108241.0,8242.0,2025-02-01,Completed,CO,99.99
108242.0,8243.0,2025-12-02,Completed,MA,6.5
108243.0,8244.0,2025-06-03,Completed,NC,36.0
108244.0,8245.0,2025-04-27,Completed,IL,22.0
108245.0,8246.0,2025-07-07,Completed,WA,6.5
108246.0,8247.0,2025-02-24,Completed,WA,12.5
108247.0,8248.0,2025-11-10,Completed,TX,19.5
108248.0,8249.0,2025-02-21,Completed,MA,144.0
108249.0,8250.0,2025-06-09,Completed,NY,24.99
108250.0,8251.0,2025-07-17,Completed,MA,65.0
108251.0,8252.0,2025-08-20,Completed,NY,65.0
108252.0,8253.0,2025-09-24,Completed,CA,6.5
108253.0,8254.0,2025-11-03,Completed,NY,24.99
108254.0,8255.0,2025-01-23,Completed,NC,13.0
108255.0,8256.0,2025-01-25,Completed,NY,49.98
108256.0,8257.0,2025-02-04,Completed,CO,26.5
108257.0,8258.0,2025-12-15,Completed,IL,26.5
108258.0,8259.0,2025-10-18,Completed,MA,65.0
108259.0,8260.0,2025-05-14,Completed,MA,99.99
108260.0,8261.0,2025-12-29,Completed,NY,99.99
108261.0,8262.0,2025-11-18,Completed,WA,19.5
108262.0,8263.0,2025-01-01,Completed,CO,49.98
108263.0,8264.0,2025-12-21,Completed,NY,79.5
108264.0,8265.0,2026-01-04,Completed,CA,13.0
108265.0,8266.0,2025-07-11,Completed,CO,22.0
108266.0,8267.0,2025-02-09,Completed,VA,99.99
108267.0,8268.0,2025-10-29,Completed,TX,36.0
108268.0,8269.0,2025-12-06,Completed,MA,48.0
108269.0,8270.0,2025-01-05,Completed,VA,24.99
108270.0,8271.0,2026-01-04,Completed,CO,130.0
108271.0,8272.0,2025-06-03,Completed,WA,25.0
108272.0,8273.0,2025-03-08,Completed,TX,48.0
108273.0,8274.0,2025-01-19,Completed,FL,6.5
108274.0,8275.0,2025-01-20,Completed,VA,6.5
108275.0,8276.0,2025-09-08,Completed,VA,6.5
108276.0,8277.0,2025-09-07,Completed,FL,22.0
108277.0,8278.0,2025-05-09,Completed,TX,26.5
108278.0,8279.0,2025-10-02,Completed,WA,26.5
108279.0,8280.0,2025-06-08,Completed,CA,65.0
108280.0,8281.0,2026-01-05,Completed,VA,199.98
108281.0,8282.0,2025-02-08,Completed,FL,18.0
108282.0,8283.0,2025-04-25,Completed,MA,12.5
108283.0,8284.0,2025-04-12,Completed,VA,26.5
108284.0,8285.0,2025-07-28,Completed,MA,79.0
108285.0,8286.0,2025-09-02,Completed,FL,99.99
108286.0,8287.0,2026-01-10,Completed,FL,26.5
108287.0,8288.0,2025-05-22,Completed,WA,26.5
108288.0,8289.0,2025-12-02,Completed,WA,65.0
108289.0,8290.0,2025-10-25,Completed,IL,79.0
108290.0,8291.0,2025-02-20,Completed,MA,24.99
108291.0,8292.0,2025-05-22,Completed,CO,6.5
108292.0,8293.0,2025-07-27,Completed,NC,48.0
108293.0,8294.0,2025-12-26,Completed,NC,158.0
108294.0,8295.0,2025-02-23,Completed,MA,6.5
108295.0,8296.0,2025-11-30,Completed,CO,49.98
108296.0,8297.0,2025-11-21,Completed,VA,18.0
108297.0,8298.0,2025-06-03,Completed,WA,48.0
108298.0,8299.0,2025-03-29,Completed,NC,22.0
108299.0,8300.0,2025-12-05,Completed,MA,99.99
108300.0,8301.0,2025-01-14,Completed,MA,18.0
108301.0,8302.0,2025-03-19,Completed,FL,48.0
108302.0,8303.0,2025-07-29,Completed,NC,18.0
108303.0,8304.0,2025-09-15,Completed,VA,96.0
108304.0,8305.0,2025-01-03,Completed,FL,54.0
108305.0,8306.0,2025-02-24,Completed,WA,24.99
108306.0,8307.0,2025-04-24,Completed,MA,99.99
108307.0,8308.0,2025-10-22,Completed,TX,158.0
108308.0,8309.0,2025-07-25,Completed,NC,22.0
108309.0,8310.0,2025-07-28,Completed,CA,12.5
108310.0,8311.0,2025-08-15,Completed,FL,12.5
108311.0,8312.0,2025-09-09,Completed,TX,26.5
108312.0,8313.0,2025-09-19,Completed,TX,130.0
108313.0,8314.0,2025-08-07,Completed,TX,18.0
108314.0,8315.0,2025-03-11,Completed,WA,22.0
108315.0,8316.0,2025-02-05,Completed,VA,6.5
108316.0,8317.0,2025-09-24,Completed,NY,48.0
108317.0,8318.0,2025-09-17,Completed,VA,24.99
108318.0,8319.0,2025-06-24,Completed,VA,79.0
108319.0,8320.0,2025-06-05,Completed,VA,22.0
108320.0,8321.0,2025-06-21,Completed,NC,44.0
108321.0,8322.0,2025-12-29,Completed,WA,12.5
108322.0,8323.0,2026-01-06,Completed,VA,26.5
108323.0,8324.0,2025-09-13,Completed,WA,12.5
108324.0,8325.0,2025-08-30,Completed,NY,96.0
108325.0,8326.0,2025-11-13,Completed,FL,12.5
108326.0,8327.0,2025-06-23,Completed,CA,6.5
108327.0,8328.0,2025-09-01,Completed,FL,6.5
108328.0,8329.0,2025-07-02,Completed,FL,12.5
108329.0,8330.0,2025-02-03,Completed,FL,22.0
108330.0,8331.0,2026-01-14,Completed,VA,18.0
108331.0,8332.0,2025-11-29,Completed,MA,53.0
108332.0,8333.0,2025-01-31,Completed,NC,65.0
108333.0,8334.0,2026-01-08,Completed,TX,18.0
108334.0,8335.0,2026-01-11,Completed,NY,130.0
108335.0,8336.0,2025-09-08,Completed,NC,48.0
108336.0,8337.0,2025-04-28,Completed,CO,48.0
108337.0,8338.0,2025-09-20,Completed,MA,65.0
108338.0,8339.0,2025-03-30,Completed,IL,26.5
108339.0,8340.0,2025-02-23,Completed,CO,79.0
108340.0,8341.0,2025-08-10,Completed,MA,49.98
108341.0,8342.0,2025-11-16,Completed,FL,24.99
108342.0,8343.0,2025-10-12,Completed,MA,22.0
108343.0,8344.0,2025-07-26,Completed,TX,79.0
108344.0,8345.0,2025-12-12,Completed,TX,26.5
108345.0,8346.0,2025-04-13,Completed,CA,18.0
108346.0,8347.0,2025-06-20,Completed,MA,24.99
108347.0,8348.0,2025-08-01,Completed,TX,12.5
108348.0,8349.0,2025-06-27,Completed,NY,24.99
108349.0,8350.0,2025-12-22,Completed,VA,99.99
108350.0,8351.0,2025-10-04,Completed,FL,37.5
108351.0,8352.0,2025-07-20,Completed,TX,18.0
108352.0,8353.0,2025-08-10,Completed,FL,158.0
108353.0,8354.0,2025-08-26,Completed,VA,18.0
108354.0,8355.0,2025-10-31,Completed,CO,12.5
108355.0,8356.0,2025-02-09,Completed,CA,49.98
108356.0,8357.0,2025-03-11,Completed,FL,18.0
108357.0,8358.0,2025-08-17,Completed,WA,6.5
108358.0,8359.0,2025-03-02,Completed,WA,26.5
108359.0,8360.0,2025-05-08,Completed,MA,6.5
108360.0,8361.0,2025-12-01,Completed,CO,48.0
108361.0,8362.0,2025-04-14,Completed,NY,12.5
108362.0,8363.0,2025-11-01,Completed,MA,99.99
108363.0,8364.0,2025-01-27,Completed,CA,26.5
108364.0,8365.0,2025-06-27,Completed,MA,48.0
108365.0,8366.0,2025-09-18,Completed,TX,199.98
108366.0,8367.0,2025-05-17,Completed,IL,26.5
108367.0,8368.0,2025-12-07,Completed,WA,24.99
108368.0,8369.0,2025-02-02,Completed,TX,79.0
108369.0,8370.0,2025-02-03,Completed,IL,130.0
108370.0,8371.0,2025-07-18,Completed,WA,49.98
108371.0,8372.0,2025-08-03,Completed,IL,12.5
108372.0,8373.0,2025-07-22,Completed,CA,22.0
108373.0,8374.0,2025-02-11,Completed,MA,24.99
108374.0,8375.0,2025-05-06,Completed,NY,65.0
108375.0,8376.0,2025-03-17,Completed,TX,237.0
108376.0,8377.0,2025-05-22,Completed,NC,12.5
108377.0,8378.0,2025-05-14,Completed,CO,99.99
108378.0,8379.0,2025-01-10,Completed,CO,79.0
108379.0,8380.0,2025-12-08,Completed,TX,66.0
108380.0,8381.0,2025-02-04,Completed,FL,18.0
108381.0,8382.0,2025-11-08,Completed,MA,12.5
108382.0,8383.0,2025-03-26,Completed,MA,49.98
108383.0,8384.0,2025-08-15,Completed,FL,12.5
108384.0,8385.0,2025-10-04,Completed,NC,44.0
108385.0,8386.0,2025-12-06,Completed,VA,22.0
108386.0,8387.0,2025-04-16,Completed,CA,79.0
108387.0,8388.0,2025-06-07,Completed,NC,49.98
108388.0,8389.0,2025-05-20,Completed,WA,6.5
108389.0,8390.0,2025-09-29,Completed,NC,18.0
108390.0,8391.0,2025-10-27,Completed,IL,12.5
108391.0,8392.0,2025-11-17,Completed,CO,130.0
108392.0,8393.0,2025-04-18,Completed,VA,18.0
108393.0,8394.0,2025-07-27,Completed,FL,199.98
108394.0,8395.0,2025-10-06,Completed,CO,18.0
108395.0,8396.0,2025-07-05,Completed,TX,49.98
108396.0,8397.0,2025-04-20,Completed,IL,12.5
108397.0,8398.0,2025-08-21,Completed,VA,158.0
108398.0,8399.0,2025-07-24,Completed,WA,79.0
108399.0,8400.0,2025-07-17,Completed,WA,48.0
108400.0,8401.0,2025-09-22,Completed,FL,99.99
108401.0,8402.0,2025-10-14,Completed,IL,22.0
108402.0,8403.0,2025-11-25,Completed,IL,22.0
108403.0,8404.0,2025-05-25,Completed,VA,26.5
108404.0,8405.0,2025-09-12,Completed,FL,48.0
108405.0,8406.0,2025-02-01,Completed,NC,26.5
108406.0,8407.0,2025-07-29,Completed,WA,74.97
108407.0,8408.0,2025-08-24,Completed,MA,48.0
108408.0,8409.0,2025-09-08,Completed,IL,99.99
108409.0,8410.0,2025-10-02,Completed,TX,49.98
108410.0,8411.0,2025-09-01,Completed,NC,24.99
108411.0,8412.0,2025-02-01,Completed,NY,6.5
108412.0,8413.0,2025-10-06,Completed,WA,79.0
108413.0,8414.0,2025-11-07,Completed,MA,130.0
108414.0,8415.0,2025-09-07,Completed,CO,26.5
108415.0,8416.0,2025-04-09,Completed,IL,36.0
108416.0,8417.0,2025-01-20,Completed,WA,79.0
108417.0,8418.0,2026-01-02,Completed,CO,6.5
108418.0,8419.0,2025-06-26,Completed,FL,24.99
108419.0,8420.0,2025-08-09,Completed,IL,26.5
108420.0,8421.0,2025-01-15,Completed,MA,99.99
108421.0,8422.0,2025-05-02,Completed,NY,22.0
108422.0,8423.0,2025-02-10,Completed,NY,26.5
108423.0,8424.0,2025-06-15,Completed,MA,26.5
108424.0,8425.0,2025-06-04,Completed,TX,24.99
108425.0,8426.0,2025-02-28,Completed,FL,18.0
108426.0,8427.0,2025-06-25,Completed,NC,12.5
108427.0,8428.0,2025-06-17,Completed,CA,12.5
108428.0,8429.0,2025-03-02,Completed,NY,44.0
108429.0,8430.0,2025-10-19,Completed,NC,26.5
108430.0,8431.0,2025-09-25,Completed,NY,22.0
108431.0,8432.0,2025-08-07,Completed,NC,66.0
108432.0,8433.0,2025-12-09,Completed,FL,130.0
108433.0,8434.0,2025-03-10,Completed,NC,65.0
108434.0,8435.0,2025-08-09,Completed,NC,19.5
108435.0,8436.0,2025-03-15,Completed,VA,79.0
108436.0,8437.0,2025-05-09,Completed,MA,74.97
108437.0,8438.0,2025-04-25,Completed,CO,22.0
108438.0,8439.0,2025-05-18,Completed,NY,65.0
108439.0,8440.0,2025-07-25,Completed,CA,99.99
108440.0,8441.0,2025-10-28,Completed,IL,24.99
108441.0,8442.0,2025-05-01,Completed,IL,22.0
108442.0,8443.0,2025-11-27,Completed,FL,65.0
108443.0,8444.0,2025-01-30,Completed,CA,18.0
108444.0,8445.0,2025-11-22,Completed,MA,79.0
108445.0,8446.0,2025-02-19,Completed,MA,24.99
108446.0,8447.0,2025-03-23,Completed,NC,18.0
108447.0,8448.0,2026-01-12,Completed,WA,65.0
108448.0,8449.0,2025-03-01,Completed,VA,12.5
108449.0,8450.0,2025-12-02,Completed,TX,22.0
108450.0,8451.0,2025-03-02,Completed,CO,12.5
108451.0,8452.0,2025-08-31,Completed,TX,65.0
108452.0,8453.0,2025-08-28,Completed,IL,26.5
108453.0,8454.0,2025-04-09,Completed,CO,79.0
108454.0,8455.0,2025-01-03,Completed,VA,18.0
108455.0,8456.0,2025-04-28,Completed,TX,22.0
108456.0,8457.0,2025-11-07,Completed,CA,24.99
108457.0,8458.0,2025-03-18,Completed,CO,26.5
108458.0,8459.0,2025-05-31,Completed,CO,24.99
108459.0,8460.0,2025-04-16,Completed,CA,22.0
108460.0,8461.0,2025-11-23,Completed,NC,79.5
108461.0,8462.0,2025-09-12,Completed,NC,24.99
108462.0,8463.0,2025-12-10,Completed,NC,6.5
108463.0,8464.0,2025-03-07,Completed,IL,13.0
108464.0,8465.0,2025-08-11,Completed,NY,158.0
108465.0,8466.0,2025-09-15,Completed,CO,12.5
108466.0,8467.0,2025-03-18,Completed,NC,44.0
108467.0,8468.0,2025-10-09,Completed,CO,12.5
108468.0,8469.0,2025-09-27,Completed,MA,195.0
108469.0,8470.0,2025-08-25,Completed,FL,12.5
108470.0,8471.0,2025-02-27,Completed,CA,6.5
108471.0,8472.0,2025-06-22,Completed,CA,48.0
108472.0,8473.0,2025-02-16,Completed,CO,79.0
108473.0,8474.0,2025-02-27,Completed,NY,53.0
108474.0,8475.0,2026-01-09,Completed,CA,22.0
108475.0,8476.0,2025-09-26,Completed,IL,18.0
108476.0,8477.0,2025-03-13,Completed,NY,99.99
108477.0,8478.0,2025-12-18,Completed,CO,99.99
108478.0,8479.0,2025-06-21,Completed,WA,26.5
108479.0,8480.0,2026-01-04,Completed,VA,26.5
108480.0,8481.0,2025-04-09,Completed,FL,13.0
108481.0,8482.0,2025-01-27,Completed,NY,99.99
108482.0,8483.0,2025-10-11,Completed,VA,79.0
108483.0,8484.0,2025-06-02,Completed,NC,79.0
108484.0,8485.0,2025-03-09,Completed,MA,13.0
108485.0,8486.0,2025-06-02,Completed,FL,158.0
108486.0,8487.0,2025-12-19,Completed,WA,12.5
108487.0,8488.0,2025-09-22,Completed,FL,49.98
108488.0,8489.0,2025-06-05,Completed,FL,65.0
108489.0,8490.0,2025-08-10,Completed,TX,99.99
108490.0,8491.0,2025-08-13,Completed,MA,6.5
108491.0,8492.0,2025-01-02,Completed,NC,12.5
108492.0,8493.0,2025-09-15,Completed,IL,6.5
108493.0,8494.0,2025-12-07,Completed,IL,12.5
108494.0,8495.0,2026-01-01,Completed,FL,6.5
108495.0,8496.0,2025-03-02,Completed,MA,6.5
108496.0,8497.0,2025-02-15,Completed,MA,24.99
108497.0,8498.0,2025-01-28,Completed,WA,22.0
108498.0,8499.0,2025-03-21,Completed,IL,79.0
108499.0,8500.0,2025-11-12,Completed,MA,53.0
108500.0,8501.0,2025-08-27,Completed,FL,6.5
108501.0,8502.0,2025-07-31,Completed,FL,99.99
108502.0,8503.0,2025-03-06,Completed,NC,99.99
108503.0,8504.0,2025-01-08,Completed,WA,22.0
108504.0,8505.0,2025-09-07,Completed,FL,65.0
108505.0,8506.0,2025-02-15,Completed,VA,12.5
108506.0,8507.0,2025-07-12,Completed,WA,24.99
108507.0,8508.0,2025-10-16,Completed,IL,53.0
108508.0,8509.0,2025-07-11,Completed,CO,13.0
108509.0,8510.0,2025-06-23,Completed,TX,65.0
108510.0,8511.0,2025-09-04,Completed,MA,13.0
108511.0,8512.0,2025-04-30,Completed,NY,48.0
108512.0,8513.0,2025-04-28,Completed,NC,26.5
108513.0,8514.0,2025-11-05,Completed,IL,130.0
108514.0,8515.0,2025-06-21,Completed,FL,18.0
108515.0,8516.0,2025-01-05,Completed,CO,6.5
108516.0,8517.0,2025-11-27,Completed,NC,79.0
108517.0,8518.0,2025-12-11,Completed,NY,22.0
108518.0,8519.0,2025-04-21,Completed,IL,65.0
108519.0,8520.0,2025-08-30,Completed,TX,99.99
108520.0,8521.0,2025-10-25,Completed,CA,79.0
108521.0,8522.0,2025-02-27,Completed,TX,79.0
108522.0,8523.0,2025-10-30,Completed,NC,48.0
108523.0,8524.0,2025-07-26,Completed,VA,65.0
108524.0,8525.0,2025-11-18,Completed,TX,6.5
108525.0,8526.0,2025-02-13,Completed,NC,26.5
108526.0,8527.0,2025-01-09,Completed,TX,22.0
108527.0,8528.0,2025-05-03,Completed,MA,18.0
108528.0,8529.0,2025-07-11,Completed,FL,18.0
108529.0,8530.0,2025-02-08,Completed,TX,26.5
108530.0,8531.0,2025-12-14,Completed,TX,26.5
108531.0,8532.0,2025-12-16,Completed,TX,65.0
108532.0,8533.0,2025-05-11,Completed,TX,48.0
108533.0,8534.0,2025-05-19,Completed,CO,18.0
108534.0,8535.0,2025-09-16,Completed,VA,48.0
108535.0,8536.0,2025-05-02,Completed,FL,158.0
108536.0,8537.0,2025-02-25,Completed,VA,26.5
108537.0,8538.0,2025-02-01,Completed,NY,65.0
108538.0,8539.0,2025-02-12,Completed,IL,96.0
108539.0,8540.0,2025-10-12,Completed,TX,13.0
108540.0,8541.0,2025-12-04,Completed,VA,12.5
108541.0,8542.0,2025-10-11,Completed,FL,48.0
108542.0,8543.0,2025-07-11,Completed,CA,18.0
108543.0,8544.0,2025-12-10,Completed,MA,96.0
108544.0,8545.0,2025-06-09,Completed,TX,48.0
108545.0,8546.0,2025-11-03,Completed,FL,49.98
108546.0,8547.0,2025-08-18,Completed,NC,22.0
108547.0,8548.0,2026-01-14,Completed,CO,12.5
108548.0,8549.0,2025-07-27,Completed,CO,53.0
108549.0,8550.0,2025-12-28,Completed,FL,18.0
108550.0,8551.0,2025-06-05,Completed,NC,53.0
108551.0,8552.0,2025-12-03,Completed,FL,49.98
108552.0,8553.0,2025-10-15,Completed,IL,26.5
108553.0,8554.0,2025-02-15,Completed,CA,53.0
108554.0,8555.0,2025-11-27,Completed,VA,24.99
108555.0,8556.0,2025-06-05,Completed,TX,99.99
108556.0,8557.0,2025-12-06,Completed,VA,13.0
108557.0,8558.0,2025-11-15,Completed,CO,49.98
108558.0,8559.0,2025-05-18,Completed,CA,53.0
108559.0,8560.0,2025-09-04,Completed,CO,22.0
108560.0,8561.0,2025-10-17,Completed,FL,6.5
108561.0,8562.0,2025-01-27,Completed,IL,48.0
108562.0,8563.0,2025-09-21,Completed,IL,144.0
108563.0,8564.0,2025-10-31,Completed,VA,65.0
108564.0,8565.0,2025-08-18,Completed,CA,48.0
108565.0,8566.0,2025-05-29,Completed,MA,48.0
108566.0,8567.0,2025-07-11,Completed,TX,96.0
108567.0,8568.0,2025-04-11,Completed,WA,65.0
108568.0,8569.0,2025-08-20,Completed,VA,26.5
108569.0,8570.0,2025-11-07,Completed,TX,6.5
108570.0,8571.0,2025-12-08,Completed,NC,36.0
108571.0,8572.0,2025-01-21,Completed,FL,24.99
108572.0,8573.0,2025-05-27,Completed,MA,99.99
108573.0,8574.0,2025-04-15,Completed,CA,12.5
108574.0,8575.0,2025-05-15,Completed,CO,37.5
108575.0,8576.0,2025-05-11,Completed,IL,99.99
108576.0,8577.0,2025-12-25,Completed,FL,22.0
108577.0,8578.0,2025-01-11,Completed,NY,65.0
108578.0,8579.0,2025-04-06,Completed,MA,6.5
108579.0,8580.0,2025-03-24,Completed,WA,48.0
108580.0,8581.0,2025-03-24,Completed,NY,65.0
108581.0,8582.0,2025-03-21,Completed,WA,79.0
108582.0,8583.0,2026-01-14,Completed,MA,158.0
108583.0,8584.0,2025-10-24,Completed,TX,99.99
108584.0,8585.0,2026-01-03,Completed,FL,18.0
108585.0,8586.0,2026-01-02,Completed,WA,48.0
108586.0,8587.0,2025-02-12,Completed,IL,24.99
108587.0,8588.0,2025-06-07,Completed,MA,99.99
108588.0,8589.0,2025-03-07,Completed,FL,22.0
108589.0,8590.0,2026-01-11,Completed,CA,26.5
108590.0,8591.0,2025-10-22,Completed,MA,130.0
108591.0,8592.0,2025-01-30,Completed,IL,299.97
108592.0,8593.0,2025-02-15,Completed,CA,158.0
108593.0,8594.0,2025-07-26,Completed,WA,44.0
108594.0,8595.0,2025-06-07,Completed,TX,65.0
108595.0,8596.0,2025-09-21,Completed,NC,48.0
108596.0,8597.0,2025-07-11,Completed,WA,79.0
108597.0,8598.0,2025-11-09,Completed,WA,22.0
108598.0,8599.0,2025-11-17,Completed,WA,12.5
108599.0,8600.0,2025-02-08,Completed,CA,22.0
108600.0,8601.0,2025-09-01,Completed,CA,22.0
108601.0,8602.0,2025-11-13,Completed,MA,18.0
108602.0,8603.0,2025-04-06,Completed,NY,6.5
108603.0,8604.0,2025-03-02,Completed,NC,18.0
108604.0,8605.0,2025-11-24,Completed,CO,79.0
108605.0,8606.0,2025-10-25,Completed,IL,65.0
108606.0,8607.0,2025-02-11,Completed,NC,44.0
108607.0,8608.0,2025-07-26,Completed,CA,12.5
108608.0,8609.0,2025-01-28,Completed,FL,22.0
108609.0,8610.0,2025-01-20,Completed,WA,44.0
108610.0,8611.0,2025-06-22,Completed,CA,24.99
108611.0,8612.0,2025-11-17,Completed,TX,65.0
108612.0,8613.0,2025-06-17,Completed,CO,25.0
108613.0,8614.0,2025-09-21,Completed,WA,49.98
108614.0,8615.0,2025-03-19,Completed,NY,18.0
108615.0,8616.0,2025-05-26,Completed,CO,65.0
108616.0,8617.0,2025-07-05,Completed,VA,22.0
108617.0,8618.0,2025-05-27,Completed,MA,66.0
108618.0,8619.0,2026-01-14,Completed,CO,79.0
108619.0,8620.0,2025-08-10,Completed,FL,99.99
108620.0,8621.0,2025-11-10,Completed,FL,199.98
108621.0,8622.0,2025-06-28,Completed,WA,79.0
108622.0,8623.0,2025-03-27,Completed,TX,6.5
108623.0,8624.0,2025-05-20,Completed,TX,6.5
108624.0,8625.0,2025-08-07,Completed,MA,65.0
108625.0,8626.0,2025-12-26,Completed,VA,99.99
108626.0,8627.0,2025-12-27,Completed,FL,13.0
108627.0,8628.0,2025-11-04,Completed,WA,48.0
108628.0,8629.0,2025-07-18,Completed,CO,48.0
108629.0,8630.0,2025-12-27,Completed,MA,6.5
108630.0,8631.0,2025-01-25,Completed,IL,65.0
108631.0,8632.0,2025-07-14,Completed,IL,18.0
108632.0,8633.0,2025-10-01,Completed,FL,48.0
108633.0,8634.0,2025-08-04,Completed,WA,18.0
108634.0,8635.0,2025-08-21,Completed,NC,79.0
108635.0,8636.0,2025-08-01,Completed,TX,79.0
108636.0,8637.0,2025-09-24,Completed,WA,18.0
108637.0,8638.0,2025-09-19,Completed,TX,49.98
108638.0,8639.0,2025-12-25,Completed,VA,6.5
108639.0,8640.0,2025-06-19,Completed,WA,18.0
108640.0,8641.0,2025-07-07,Completed,NY,48.0
108641.0,8642.0,2025-06-20,Completed,TX,12.5
108642.0,8643.0,2025-08-09,Completed,WA,19.5
108643.0,8644.0,2025-02-20,Completed,IL,53.0
108644.0,8645.0,2025-04-02,Completed,IL,130.0
108645.0,8646.0,2025-10-31,Completed,VA,12.5
108646.0,8647.0,2025-10-07,Completed,TX,24.99
108647.0,8648.0,2025-11-05,Completed,MA,158.0
108648.0,8649.0,2025-04-27,Completed,VA,13.0
108649.0,8650.0,2025-05-15,Completed,NC,22.0
108650.0,8651.0,2025-06-12,Completed,VA,22.0
108651.0,8652.0,2025-08-10,Completed,VA,65.0
108652.0,8653.0,2025-03-10,Completed,CO,24.99
108653.0,8654.0,2025-04-10,Completed,IL,199.98
108654.0,8655.0,2025-10-05,Completed,NC,48.0
108655.0,8656.0,2025-08-08,Completed,NY,22.0
108656.0,8657.0,2025-04-10,Completed,CA,26.5
108657.0,8658.0,2025-11-20,Completed,VA,53.0
108658.0,8659.0,2025-03-17,Completed,NC,22.0
108659.0,8660.0,2025-01-09,Completed,FL,96.0
108660.0,8661.0,2025-06-20,Completed,NY,18.0
108661.0,8662.0,2025-02-12,Completed,NY,22.0
108662.0,8663.0,2025-09-09,Completed,IL,66.0
108663.0,8664.0,2025-05-30,Completed,CO,18.0
108664.0,8665.0,2025-05-28,Completed,CA,13.0
108665.0,8666.0,2025-11-16,Completed,TX,26.5
108666.0,8667.0,2025-10-10,Completed,CA,79.0
108667.0,8668.0,2025-04-27,Completed,NY,12.5
108668.0,8669.0,2025-03-18,Completed,NY,48.0
108669.0,8670.0,2025-03-27,Completed,IL,99.99
108670.0,8671.0,2025-06-07,Completed,CA,48.0
108671.0,8672.0,2025-02-24,Completed,IL,6.5
108672.0,8673.0,2025-05-19,Completed,NY,96.0
108673.0,8674.0,2025-05-25,Completed,CA,22.0
108674.0,8675.0,2025-07-03,Completed,NY,144.0
108675.0,8676.0,2025-12-31,Completed,CA,79.0
108676.0,8677.0,2025-02-24,Completed,VA,48.0
108677.0,8678.0,2025-04-06,Completed,FL,22.0
108678.0,8679.0,2025-09-13,Completed,NC,12.5
108679.0,8680.0,2025-05-30,Completed,NC,26.5
108680.0,8681.0,2025-10-29,Completed,VA,158.0
108681.0,8682.0,2025-06-23,Completed,WA,74.97
108682.0,8683.0,2025-03-26,Completed,VA,65.0
108683.0,8684.0,2025-10-08,Completed,CA,36.0
108684.0,8685.0,2025-02-07,Completed,IL,44.0
108685.0,8686.0,2025-10-29,Completed,FL,6.5
108686.0,8687.0,2026-01-03,Completed,TX,65.0
108687.0,8688.0,2025-01-26,Completed,NC,65.0
108688.0,8689.0,2025-11-09,Completed,CA,49.98
108689.0,8690.0,2025-03-27,Completed,NC,65.0
108690.0,8691.0,2025-09-06,Completed,CA,36.0
108691.0,8692.0,2025-03-25,Completed,WA,48.0
108692.0,8693.0,2025-08-02,Completed,VA,19.5
108693.0,8694.0,2025-01-09,Completed,CA,48.0
108694.0,8695.0,2025-07-13,Completed,IL,99.99
108695.0,8696.0,2025-06-01,Completed,NY,195.0
108696.0,8697.0,2025-03-23,Completed,NC,37.5
108697.0,8698.0,2025-10-31,Completed,MA,22.0
108698.0,8699.0,2025-03-29,Completed,IL,48.0
108699.0,8700.0,2025-05-14,Completed,CA,18.0
108700.0,8701.0,2025-08-02,Completed,CA,130.0
108701.0,8702.0,2025-08-14,Completed,WA,6.5
108702.0,8703.0,2025-01-05,Completed,IL,44.0
108703.0,8704.0,2025-12-16,Completed,CO,65.0
108704.0,8705.0,2025-12-17,Completed,IL,12.5
108705.0,8706.0,2026-01-14,Completed,CA,99.99
108706.0,8707.0,2025-10-02,Completed,CO,24.99
108707.0,8708.0,2025-03-30,Completed,CO,99.99
108708.0,8709.0,2025-03-20,Completed,NC,25.0
108709.0,8710.0,2025-03-31,Completed,CO,79.5
108710.0,8711.0,2025-11-05,Completed,CA,144.0
108711.0,8712.0,2025-05-18,Completed,VA,65.0
108712.0,8713.0,2025-03-18,Completed,TX,13.0
108713.0,8714.0,2025-02-07,Completed,TX,26.5
108714.0,8715.0,2025-02-11,Completed,FL,26.5
108715.0,8716.0,2025-07-23,Completed,IL,158.0
108716.0,8717.0,2025-10-23,Completed,NY,199.98
108717.0,8718.0,2025-04-04,Completed,MA,22.0
108718.0,8719.0,2025-06-05,Completed,TX,22.0
108719.0,8720.0,2025-05-11,Completed,FL,25.0
108720.0,8721.0,2025-10-17,Completed,MA,12.5
108721.0,8722.0,2026-01-01,Completed,TX,65.0
108722.0,8723.0,2025-07-23,Completed,NC,6.5
108723.0,8724.0,2025-03-19,Completed,WA,24.99
108724.0,8725.0,2025-09-12,Completed,CA,99.99
108725.0,8726.0,2025-11-05,Completed,IL,22.0
108726.0,8727.0,2025-03-27,Completed,CO,96.0
108727.0,8728.0,2025-10-22,Completed,TX,6.5
108728.0,8729.0,2025-07-02,Completed,NC,65.0
108729.0,8730.0,2025-05-18,Completed,NY,26.5
108730.0,8731.0,2025-03-26,Completed,CO,96.0
108731.0,8732.0,2025-08-07,Completed,CA,26.5
108732.0,8733.0,2025-09-03,Completed,WA,37.5
108733.0,8734.0,2025-11-17,Completed,WA,99.99
108734.0,8735.0,2026-01-10,Completed,VA,6.5
108735.0,8736.0,2025-07-02,Completed,NY,48.0
108736.0,8737.0,2025-08-14,Completed,CO,65.0
108737.0,8738.0,2025-05-27,Completed,VA,195.0
108738.0,8739.0,2025-07-28,Completed,MA,130.0
108739.0,8740.0,2025-01-23,Completed,VA,18.0
108740.0,8741.0,2025-05-31,Completed,NC,99.99
108741.0,8742.0,2025-03-15,Completed,FL,12.5
108742.0,8743.0,2025-12-04,Completed,IL,48.0
108743.0,8744.0,2025-10-25,Completed,VA,79.0
108744.0,8745.0,2025-02-26,Completed,WA,12.5
108745.0,8746.0,2025-04-21,Completed,FL,99.99
108746.0,8747.0,2025-08-12,Completed,CO,26.5
108747.0,8748.0,2025-04-12,Completed,CA,18.0
108748.0,8749.0,2025-08-04,Completed,WA,99.99
108749.0,8750.0,2025-08-28,Completed,NC,24.99
108750.0,8751.0,2025-06-14,Completed,VA,99.99
108751.0,8752.0,2025-05-19,Completed,WA,199.98
108752.0,8753.0,2025-06-25,Completed,FL,26.5
108753.0,8754.0,2025-04-09,Completed,TX,13.0
108754.0,8755.0,2025-03-11,Completed,WA,18.0
108755.0,8756.0,2025-02-02,Completed,IL,18.0
108756.0,8757.0,2025-07-16,Completed,CA,79.0
108757.0,8758.0,2025-07-11,Completed,CA,53.0
108758.0,8759.0,2025-09-13,Completed,FL,12.5
108759.0,8760.0,2025-07-17,Completed,VA,18.0
108760.0,8761.0,2025-05-27,Completed,NC,53.0
108761.0,8762.0,2025-11-03,Completed,NC,13.0
108762.0,8763.0,2025-11-29,Completed,TX,79.0
108763.0,8764.0,2025-08-10,Completed,MA,22.0
108764.0,8765.0,2025-03-14,Completed,CO,24.99
108765.0,8766.0,2025-06-12,Completed,CA,158.0
108766.0,8767.0,2025-03-08,Completed,WA,24.99
108767.0,8768.0,2025-10-17,Completed,NC,25.0
108768.0,8769.0,2025-05-10,Completed,CA,22.0
108769.0,8770.0,2025-09-05,Completed,CO,99.99
108770.0,8771.0,2025-07-28,Completed,CO,36.0
108771.0,8772.0,2025-04-03,Completed,CA,12.5
108772.0,8773.0,2025-11-11,Completed,MA,79.0
108773.0,8774.0,2025-10-15,Completed,VA,22.0
108774.0,8775.0,2025-01-11,Completed,IL,12.5
108775.0,8776.0,2025-06-03,Completed,NY,26.5
108776.0,8777.0,2025-05-24,Completed,FL,12.5
108777.0,8778.0,2025-06-04,Completed,VA,99.99
108778.0,8779.0,2025-02-18,Completed,NC,237.0
108779.0,8780.0,2025-04-20,Completed,CA,12.5
108780.0,8781.0,2026-01-04,Completed,MA,158.0
108781.0,8782.0,2025-11-11,Completed,FL,99.99
108782.0,8783.0,2025-12-17,Completed,MA,26.5
108783.0,8784.0,2026-01-09,Completed,IL,79.0
108784.0,8785.0,2025-02-02,Completed,MA,26.5
108785.0,8786.0,2025-01-03,Completed,CO,44.0
108786.0,8787.0,2025-05-15,Completed,FL,22.0
108787.0,8788.0,2025-11-12,Completed,FL,99.99
108788.0,8789.0,2025-07-12,Completed,CA,48.0
108789.0,8790.0,2025-09-20,Completed,CO,99.99
108790.0,8791.0,2025-07-27,Completed,CA,18.0
108791.0,8792.0,2025-08-16,Completed,NY,36.0
108792.0,8793.0,2025-03-23,Completed,IL,25.0
108793.0,8794.0,2025-01-01,Completed,MA,79.0
108794.0,8795.0,2025-08-11,Completed,CO,22.0
108795.0,8796.0,2026-01-15,Completed,IL,44.0
108796.0,8797.0,2025-02-21,Completed,NY,24.99
108797.0,8798.0,2025-10-06,Completed,IL,79.0
108798.0,8799.0,2025-08-03,Completed,NC,26.5
108799.0,8800.0,2025-02-11,Completed,NC,6.5
108800.0,8801.0,2025-09-20,Completed,FL,18.0
108801.0,8802.0,2025-11-11,Completed,FL,18.0
108802.0,8803.0,2025-12-21,Completed,CA,65.0
108803.0,8804.0,2026-01-07,Completed,IL,24.99
108804.0,8805.0,2025-01-12,Completed,NY,26.5
108805.0,8806.0,2025-08-13,Completed,CO,199.98
108806.0,8807.0,2025-06-08,Completed,WA,53.0
108807.0,8808.0,2025-05-09,Completed,NC,158.0
108808.0,8809.0,2025-09-27,Completed,CO,79.0
108809.0,8810.0,2025-10-25,Completed,MA,24.99
108810.0,8811.0,2025-01-09,Completed,NC,158.0
108811.0,8812.0,2025-04-26,Completed,CO,99.99
108812.0,8813.0,2025-05-02,Completed,NY,48.0
108813.0,8814.0,2025-09-05,Completed,CO,6.5
108814.0,8815.0,2025-12-07,Completed,CA,36.0
108815.0,8816.0,2025-05-09,Completed,IL,12.5
108816.0,8817.0,2025-06-10,Completed,CA,26.5
108817.0,8818.0,2025-09-06,Completed,CO,18.0
108818.0,8819.0,2025-09-13,Completed,MA,74.97
108819.0,8820.0,2025-12-11,Completed,NC,299.97
108820.0,8821.0,2025-07-01,Completed,NY,54.0
108821.0,8822.0,2025-12-29,Completed,CO,199.98
108822.0,8823.0,2025-03-06,Completed,MA,12.5
108823.0,8824.0,2025-09-21,Completed,CA,237.0
108824.0,8825.0,2025-03-23,Completed,CA,48.0
108825.0,8826.0,2025-09-30,Completed,CO,158.0
108826.0,8827.0,2025-07-08,Completed,NC,48.0
108827.0,8828.0,2025-06-26,Completed,TX,12.5
108828.0,8829.0,2025-01-09,Completed,IL,48.0
108829.0,8830.0,2025-07-14,Completed,CA,44.0
108830.0,8831.0,2025-12-06,Completed,TX,6.5
108831.0,8832.0,2025-03-08,Completed,FL,26.5
108832.0,8833.0,2025-06-20,Completed,NC,74.97
108833.0,8834.0,2026-01-15,Completed,WA,79.0
108834.0,8835.0,2025-04-18,Completed,NC,12.5
108835.0,8836.0,2025-12-11,Completed,MA,48.0
108836.0,8837.0,2025-04-08,Completed,FL,65.0
108837.0,8838.0,2025-10-03,Completed,NC,65.0
108838.0,8839.0,2025-05-29,Completed,MA,12.5
108839.0,8840.0,2025-04-30,Completed,WA,53.0
108840.0,8841.0,2025-05-15,Completed,IL,22.0
108841.0,8842.0,2025-08-11,Completed,WA,12.5
108842.0,8843.0,2025-07-20,Completed,IL,22.0
108843.0,8844.0,2025-01-31,Completed,WA,99.99
108844.0,8845.0,2025-05-19,Completed,MA,48.0
108845.0,8846.0,2025-04-05,Completed,NC,12.5
108846.0,8847.0,2025-01-24,Completed,MA,24.99
108847.0,8848.0,2025-02-15,Completed,TX,22.0
108848.0,8849.0,2025-03-01,Completed,CA,99.99
108849.0,8850.0,2026-01-02,Completed,NC,130.0
108850.0,8851.0,2025-05-26,Completed,NY,65.0
108851.0,8852.0,2025-08-13,Completed,TX,22.0
108852.0,8853.0,2025-03-24,Completed,WA,79.0
108853.0,8854.0,2025-07-11,Completed,IL,25.0
108854.0,8855.0,2025-06-02,Completed,CA,26.5
108855.0,8856.0,2025-09-12,Completed,IL,44.0
108856.0,8857.0,2025-08-24,Completed,FL,99.99
108857.0,8858.0,2025-06-07,Completed,CA,22.0
108858.0,8859.0,2025-01-28,Completed,WA,44.0
108859.0,8860.0,2025-02-20,Completed,NY,199.98
108860.0,8861.0,2025-06-02,Completed,VA,24.99
108861.0,8862.0,2025-09-09,Completed,WA,99.99
108862.0,8863.0,2025-04-29,Completed,CA,79.0
108863.0,8864.0,2025-07-09,Completed,MA,99.99
108864.0,8865.0,2025-12-12,Completed,CO,24.99
108865.0,8866.0,2025-11-24,Completed,IL,12.5
108866.0,8867.0,2025-01-16,Completed,CO,237.0
108867.0,8868.0,2025-09-15,Completed,CA,12.5
108868.0,8869.0,2025-08-11,Completed,TX,24.99
108869.0,8870.0,2025-02-04,Completed,MA,49.98
108870.0,8871.0,2025-02-14,Completed,VA,18.0
108871.0,8872.0,2025-04-08,Completed,IL,79.0
108872.0,8873.0,2025-02-12,Completed,MA,79.0
108873.0,8874.0,2025-04-17,Completed,IL,37.5
108874.0,8875.0,2025-03-27,Completed,NC,48.0
108875.0,8876.0,2025-03-22,Completed,VA,65.0
108876.0,8877.0,2025-10-23,Completed,CA,18.0
108877.0,8878.0,2025-05-07,Completed,NY,48.0
108878.0,8879.0,2025-03-12,Completed,TX,18.0
108879.0,8880.0,2025-11-21,Completed,VA,24.99
108880.0,8881.0,2025-03-19,Completed,NC,48.0
108881.0,8882.0,2025-08-09,Completed,TX,158.0
108882.0,8883.0,2025-06-16,Completed,MA,44.0
108883.0,8884.0,2025-07-20,Completed,VA,48.0
108884.0,8885.0,2025-08-17,Completed,WA,48.0
108885.0,8886.0,2025-06-06,Completed,NC,79.0
108886.0,8887.0,2026-01-11,Completed,VA,49.98
108887.0,8888.0,2025-01-07,Completed,NY,48.0
108888.0,8889.0,2025-09-14,Completed,CA,13.0
108889.0,8890.0,2025-08-12,Completed,WA,19.5
108890.0,8891.0,2025-08-08,Completed,CA,22.0
108891.0,8892.0,2025-08-06,Completed,NY,6.5
108892.0,8893.0,2025-01-08,Completed,CO,26.5
108893.0,8894.0,2025-10-31,Completed,NY,24.99
108894.0,8895.0,2025-11-19,Completed,WA,26.5
108895.0,8896.0,2025-01-19,Completed,CA,24.99
108896.0,8897.0,2025-05-24,Completed,WA,65.0
108897.0,8898.0,2025-05-23,Completed,WA,6.5
108898.0,8899.0,2025-08-02,Completed,NC,36.0
108899.0,8900.0,2025-05-02,Completed,MA,37.5
108900.0,8901.0,2025-07-31,Completed,TX,65.0
108901.0,8902.0,2025-05-02,Completed,WA,24.99
108902.0,8903.0,2025-01-03,Completed,CA,24.99
108903.0,8904.0,2025-10-02,Completed,CO,44.0
108904.0,8905.0,2025-06-25,Completed,VA,26.5
108905.0,8906.0,2025-01-22,Completed,CA,99.99
108906.0,8907.0,2025-07-14,Completed,WA,79.0
108907.0,8908.0,2025-01-05,Completed,VA,65.0
108908.0,8909.0,2025-01-05,Completed,TX,12.5
108909.0,8910.0,2025-04-23,Completed,WA,12.5
108910.0,8911.0,2025-03-09,Completed,TX,22.0
108911.0,8912.0,2025-08-15,Completed,VA,25.0
108912.0,8913.0,2025-04-06,Completed,IL,12.5
108913.0,8914.0,2025-02-07,Completed,CO,65.0
108914.0,8915.0,2025-02-01,Completed,VA,6.5
108915.0,8916.0,2025-04-17,Completed,IL,66.0
108916.0,8917.0,2025-02-18,Completed,TX,25.0
108917.0,8918.0,2025-01-04,Completed,TX,96.0
108918.0,8919.0,2025-07-27,Completed,CA,48.0
108919.0,8920.0,2025-10-01,Completed,TX,79.0
108920.0,8921.0,2025-01-24,Completed,CO,6.5
108921.0,8922.0,2025-08-26,Completed,NY,6.5
108922.0,8923.0,2025-07-14,Completed,WA,6.5
108923.0,8924.0,2025-06-13,Completed,VA,96.0
108924.0,8925.0,2025-01-14,Completed,CA,12.5
108925.0,8926.0,2025-04-04,Completed,TX,19.5
108926.0,8927.0,2025-02-03,Completed,VA,13.0
108927.0,8928.0,2025-09-03,Completed,CA,22.0
108928.0,8929.0,2025-07-12,Completed,TX,99.99
108929.0,8930.0,2025-02-11,Completed,FL,26.5
108930.0,8931.0,2025-07-07,Completed,CA,65.0
108931.0,8932.0,2025-12-11,Completed,CA,53.0
108932.0,8933.0,2025-08-13,Completed,VA,65.0
108933.0,8934.0,2025-11-28,Completed,TX,26.5
108934.0,8935.0,2025-02-20,Completed,MA,130.0
108935.0,8936.0,2025-04-11,Completed,NY,26.5
108936.0,8937.0,2025-01-09,Completed,FL,24.99
108937.0,8938.0,2026-01-09,Completed,TX,26.5
108938.0,8939.0,2025-07-13,Completed,WA,26.5
108939.0,8940.0,2025-03-19,Completed,VA,12.5
108940.0,8941.0,2025-04-03,Completed,FL,6.5
108941.0,8942.0,2025-07-11,Completed,NY,65.0
108942.0,8943.0,2025-04-14,Completed,CA,12.5
108943.0,8944.0,2025-07-31,Completed,TX,18.0
108944.0,8945.0,2025-03-31,Completed,CO,48.0
108945.0,8946.0,2025-01-27,Completed,CO,79.0
108946.0,8947.0,2025-11-29,Completed,FL,65.0
108947.0,8948.0,2025-01-18,Completed,CO,79.0
108948.0,8949.0,2025-01-05,Completed,TX,44.0
108949.0,8950.0,2025-12-09,Completed,CO,48.0
108950.0,8951.0,2025-09-08,Completed,IL,6.5
108951.0,8952.0,2025-10-02,Completed,CO,79.0
108952.0,8953.0,2025-05-14,Completed,FL,22.0
108953.0,8954.0,2025-02-27,Completed,CA,99.99
108954.0,8955.0,2025-06-18,Completed,TX,99.99
108955.0,8956.0,2025-03-18,Completed,TX,6.5
108956.0,8957.0,2025-03-24,Completed,FL,195.0
108957.0,8958.0,2025-07-10,Completed,CA,18.0
108958.0,8959.0,2025-08-30,Completed,FL,36.0
108959.0,8960.0,2025-12-25,Completed,VA,74.97
108960.0,8961.0,2025-10-29,Completed,IL,99.99
108961.0,8962.0,2025-10-22,Completed,MA,24.99
108962.0,8963.0,2025-09-28,Completed,NC,48.0
108963.0,8964.0,2025-12-26,Completed,MA,12.5
108964.0,8965.0,2025-06-27,Completed,FL,22.0
108965.0,8966.0,2025-12-16,Completed,TX,65.0
108966.0,8967.0,2025-01-12,Completed,NC,22.0
108967.0,8968.0,2025-07-18,Completed,WA,12.5
108968.0,8969.0,2025-09-28,Completed,CO,49.98
108969.0,8970.0,2026-01-06,Completed,IL,49.98
108970.0,8971.0,2025-04-20,Completed,CA,79.0
108971.0,8972.0,2025-11-13,Completed,NY,44.0
108972.0,8973.0,2025-05-29,Completed,WA,65.0
108973.0,8974.0,2025-08-26,Completed,WA,22.0
108974.0,8975.0,2025-06-29,Completed,MA,18.0
108975.0,8976.0,2025-05-29,Completed,CO,6.5
108976.0,8977.0,2025-09-29,Completed,MA,99.99
108977.0,8978.0,2025-04-30,Completed,NY,12.5
108978.0,8979.0,2025-02-18,Completed,CA,99.99
108979.0,8980.0,2025-04-30,Completed,VA,65.0
108980.0,8981.0,2025-12-22,Completed,VA,79.0
108981.0,8982.0,2025-07-23,Completed,VA,12.5
108982.0,8983.0,2025-02-02,Completed,NC,24.99
108983.0,8984.0,2026-01-08,Completed,WA,24.99
108984.0,8985.0,2025-08-25,Completed,TX,22.0
108985.0,8986.0,2025-12-27,Completed,FL,96.0
108986.0,8987.0,2025-11-06,Completed,FL,24.99
108987.0,8988.0,2025-02-03,Completed,TX,22.0
108988.0,8989.0,2025-10-05,Completed,FL,12.5
108989.0,8990.0,2025-12-09,Completed,VA,65.0
108990.0,8991.0,2025-02-27,Completed,FL,26.5
108991.0,8992.0,2025-04-20,Completed,VA,48.0
108992.0,8993.0,2025-11-08,Completed,MA,12.5
108993.0,8994.0,2025-11-25,Completed,IL,24.99
108994.0,8995.0,2025-05-14,Completed,MA,130.0
108995.0,8996.0,2025-02-02,Completed,NC,195.0
108996.0,8997.0,2025-12-07,Completed,CO,48.0
108997.0,8998.0,2025-12-08,Completed,CO,48.0
108998.0,8999.0,2025-10-28,Completed,FL,12.5
108999.0,9000.0,2025-02-11,Completed,NY,22.0
109000.0,9001.0,2025-11-18,Completed,VA,79.0
109001.0,9002.0,2025-10-07,Completed,CO,6.5
109002.0,9003.0,2025-02-15,Completed,TX,12.5
109003.0,9004.0,2025-02-20,Completed,WA,79.5
109004.0,9005.0,2025-11-24,Completed,FL,36.0
109005.0,9006.0,2025-07-13,Completed,NC,6.5
109006.0,9007.0,2026-01-02,Completed,MA,24.99
109007.0,9008.0,2025-03-05,Completed,NC,24.99
109008.0,9009.0,2025-02-14,Completed,WA,13.0
109009.0,9010.0,2025-03-10,Completed,WA,53.0
109010.0,9011.0,2025-10-16,Completed,WA,130.0
109011.0,9012.0,2025-08-24,Completed,TX,26.5
109012.0,9013.0,2025-10-30,Completed,FL,49.98
109013.0,9014.0,2025-02-08,Completed,WA,6.5
109014.0,9015.0,2025-05-16,Completed,IL,18.0
109015.0,9016.0,2025-05-28,Completed,CO,18.0
109016.0,9017.0,2025-09-18,Completed,FL,26.5
109017.0,9018.0,2025-09-07,Completed,CA,48.0
109018.0,9019.0,2025-12-16,Completed,CA,12.5
109019.0,9020.0,2025-01-11,Completed,CO,36.0
109020.0,9021.0,2025-04-13,Completed,MA,24.99
109021.0,9022.0,2025-04-29,Completed,TX,12.5
109022.0,9023.0,2025-10-25,Completed,VA,44.0
109023.0,9024.0,2025-04-26,Completed,MA,48.0
109024.0,9025.0,2025-11-23,Completed,CA,6.5
109025.0,9026.0,2025-11-26,Completed,CA,199.98
109026.0,9027.0,2025-08-24,Completed,NY,65.0
109027.0,9028.0,2025-08-16,Completed,NY,26.5
109028.0,9029.0,2025-07-10,Completed,MA,26.5
109029.0,9030.0,2025-01-02,Completed,FL,99.99
109030.0,9031.0,2025-10-26,Completed,TX,24.99
109031.0,9032.0,2025-01-19,Completed,NC,13.0
109032.0,9033.0,2025-01-03,Completed,FL,36.0
109033.0,9034.0,2025-04-13,Completed,MA,18.0
109034.0,9035.0,2025-12-06,Completed,CA,6.5
109035.0,9036.0,2026-01-13,Completed,NC,24.99
109036.0,9037.0,2025-11-09,Completed,CO,99.99
109037.0,9038.0,2025-06-23,Completed,FL,18.0
109038.0,9039.0,2025-09-08,Completed,FL,65.0
109039.0,9040.0,2025-03-24,Completed,FL,99.99
109040.0,9041.0,2025-02-28,Completed,NC,24.99
109041.0,9042.0,2025-02-09,Completed,CA,24.99
109042.0,9043.0,2026-01-06,Completed,WA,25.0
109043.0,9044.0,2025-12-01,Completed,NC,199.98
109044.0,9045.0,2025-11-21,Completed,FL,79.0
109045.0,9046.0,2025-10-22,Completed,CO,24.99
109046.0,9047.0,2025-02-12,Completed,NC,65.0
109047.0,9048.0,2025-05-30,Completed,MA,24.99
109048.0,9049.0,2025-10-17,Completed,NC,48.0
109049.0,9050.0,2025-11-15,Completed,IL,25.0
109050.0,9051.0,2025-09-12,Completed,NY,237.0
109051.0,9052.0,2025-05-02,Completed,IL,18.0
109052.0,9053.0,2025-05-18,Completed,CA,26.5
109053.0,9054.0,2025-03-16,Completed,VA,65.0
109054.0,9055.0,2025-09-03,Completed,IL,99.99
109055.0,9056.0,2025-06-24,Completed,CA,24.99
109056.0,9057.0,2025-09-18,Completed,VA,22.0
109057.0,9058.0,2025-09-28,Completed,VA,48.0
109058.0,9059.0,2025-08-04,Completed,VA,79.0
109059.0,9060.0,2025-03-12,Completed,CO,25.0
109060.0,9061.0,2025-02-02,Completed,WA,48.0
109061.0,9062.0,2025-01-22,Completed,CO,6.5
109062.0,9063.0,2025-08-18,Completed,CO,79.0
109063.0,9064.0,2025-05-21,Completed,NY,12.5
109064.0,9065.0,2025-04-10,Completed,MA,24.99
109065.0,9066.0,2025-06-04,Completed,MA,65.0
109066.0,9067.0,2025-07-19,Completed,CO,199.98
109067.0,9068.0,2025-12-26,Completed,TX,48.0
109068.0,9069.0,2025-06-30,Completed,IL,22.0
109069.0,9070.0,2025-08-10,Completed,NC,6.5
109070.0,9071.0,2025-10-23,Completed,VA,44.0
109071.0,9072.0,2025-02-28,Completed,NY,48.0
109072.0,9073.0,2025-11-14,Completed,CA,37.5
109073.0,9074.0,2025-12-12,Completed,VA,24.99
109074.0,9075.0,2025-05-12,Completed,MA,25.0
109075.0,9076.0,2025-06-24,Completed,CA,96.0
109076.0,9077.0,2025-03-16,Completed,IL,18.0
109077.0,9078.0,2025-06-17,Completed,IL,12.5
109078.0,9079.0,2025-10-19,Completed,VA,65.0
109079.0,9080.0,2025-06-18,Completed,CO,12.5
109080.0,9081.0,2025-09-05,Completed,VA,6.5
109081.0,9082.0,2025-10-10,Completed,NC,36.0
109082.0,9083.0,2025-04-01,Completed,CO,65.0
109083.0,9084.0,2025-11-18,Completed,NC,22.0
109084.0,9085.0,2025-05-09,Completed,TX,37.5
109085.0,9086.0,2026-01-12,Completed,TX,12.5
109086.0,9087.0,2025-10-01,Completed,FL,24.99
109087.0,9088.0,2025-12-26,Completed,VA,65.0
109088.0,9089.0,2025-05-25,Completed,NC,48.0
109089.0,9090.0,2025-12-16,Completed,VA,65.0
109090.0,9091.0,2025-08-04,Completed,NC,36.0
109091.0,9092.0,2025-01-01,Completed,MA,36.0
109092.0,9093.0,2025-07-10,Completed,VA,6.5
109093.0,9094.0,2025-01-24,Completed,NY,12.5
109094.0,9095.0,2025-09-19,Completed,CA,24.99
109095.0,9096.0,2025-03-02,Completed,VA,99.99
109096.0,9097.0,2025-11-23,Completed,FL,22.0
109097.0,9098.0,2025-07-30,Completed,CA,48.0
109098.0,9099.0,2025-05-05,Completed,NC,18.0
109099.0,9100.0,2025-04-29,Completed,TX,99.99
109100.0,9101.0,2025-01-07,Completed,NY,99.99
109101.0,9102.0,2025-05-23,Completed,WA,53.0
109102.0,9103.0,2025-03-14,Completed,TX,6.5
109103.0,9104.0,2025-02-20,Completed,NY,26.5
109104.0,9105.0,2025-06-29,Completed,NY,13.0
109105.0,9106.0,2025-02-04,Completed,IL,18.0
109106.0,9107.0,2025-07-20,Completed,CA,44.0
109107.0,9108.0,2025-03-08,Completed,CA,66.0
109108.0,9109.0,2025-02-28,Completed,FL,12.5
109109.0,9110.0,2025-08-12,Completed,TX,99.99
109110.0,9111.0,2025-01-03,Completed,CO,24.99
109111.0,9112.0,2025-04-04,Completed,IL,6.5
109112.0,9113.0,2025-09-25,Completed,CA,99.99
109113.0,9114.0,2025-11-01,Completed,NC,25.0
109114.0,9115.0,2025-12-22,Completed,NY,99.99
109115.0,9116.0,2025-11-06,Completed,WA,130.0
109116.0,9117.0,2025-08-16,Completed,VA,18.0
109117.0,9118.0,2025-07-08,Completed,WA,74.97
109118.0,9119.0,2025-11-11,Completed,MA,79.0
109119.0,9120.0,2025-02-11,Completed,MA,36.0
109120.0,9121.0,2025-11-17,Completed,IL,12.5
109121.0,9122.0,2025-12-08,Completed,NY,49.98
109122.0,9123.0,2025-07-10,Completed,NY,6.5
109123.0,9124.0,2025-04-03,Completed,MA,79.0
109124.0,9125.0,2025-02-25,Completed,MA,199.98
109125.0,9126.0,2025-05-22,Completed,NY,12.5
109126.0,9127.0,2025-08-16,Completed,TX,12.5
109127.0,9128.0,2025-09-08,Completed,VA,22.0
109128.0,9129.0,2025-03-26,Completed,TX,96.0
109129.0,9130.0,2025-10-17,Completed,IL,18.0
109130.0,9131.0,2025-04-26,Completed,FL,36.0
109131.0,9132.0,2025-07-08,Completed,NC,18.0
109132.0,9133.0,2025-01-03,Completed,FL,158.0
109133.0,9134.0,2025-07-30,Completed,NC,6.5
109134.0,9135.0,2025-06-03,Completed,IL,25.0
109135.0,9136.0,2025-01-05,Completed,CO,99.99
109136.0,9137.0,2025-02-15,Completed,CA,13.0
109137.0,9138.0,2025-09-21,Completed,NY,13.0
109138.0,9139.0,2025-08-07,Completed,TX,13.0
109139.0,9140.0,2025-05-04,Completed,MA,6.5
109140.0,9141.0,2025-11-25,Completed,CO,96.0
109141.0,9142.0,2025-05-30,Completed,FL,19.5
109142.0,9143.0,2025-04-11,Completed,NC,199.98
109143.0,9144.0,2025-01-03,Completed,CO,36.0
109144.0,9145.0,2025-05-03,Completed,CA,48.0
109145.0,9146.0,2025-07-26,Completed,CA,99.99
109146.0,9147.0,2025-08-20,Completed,FL,199.98
109147.0,9148.0,2025-07-05,Completed,TX,79.0
109148.0,9149.0,2025-12-22,Completed,CA,24.99
109149.0,9150.0,2025-04-24,Completed,MA,49.98
109150.0,9151.0,2025-06-29,Completed,CO,158.0
109151.0,9152.0,2025-09-27,Completed,VA,26.5
109152.0,9153.0,2025-09-22,Completed,CO,130.0
109153.0,9154.0,2025-02-21,Completed,CO,22.0
109154.0,9155.0,2025-10-08,Completed,IL,22.0
109155.0,9156.0,2025-06-26,Completed,FL,158.0
109156.0,9157.0,2025-09-12,Completed,NY,65.0
109157.0,9158.0,2025-04-13,Completed,IL,99.99
109158.0,9159.0,2025-09-24,Completed,CO,79.0
109159.0,9160.0,2025-04-25,Completed,NC,48.0
109160.0,9161.0,2025-09-20,Completed,VA,48.0
109161.0,9162.0,2025-01-13,Completed,IL,79.5
109162.0,9163.0,2025-02-09,Completed,TX,237.0
109163.0,9164.0,2025-04-16,Completed,MA,24.99
109164.0,9165.0,2025-10-04,Completed,IL,22.0
109165.0,9166.0,2025-04-10,Completed,FL,49.98
109166.0,9167.0,2025-03-23,Completed,IL,12.5
109167.0,9168.0,2025-08-30,Completed,FL,99.99
109168.0,9169.0,2025-06-29,Completed,IL,22.0
109169.0,9170.0,2025-10-10,Completed,IL,79.0
109170.0,9171.0,2025-08-08,Completed,MA,79.0
109171.0,9172.0,2025-03-14,Completed,CO,65.0
109172.0,9173.0,2025-12-06,Completed,MA,24.99
109173.0,9174.0,2025-08-20,Completed,NY,12.5
109174.0,9175.0,2025-12-17,Completed,CA,44.0
109175.0,9176.0,2025-09-05,Completed,VA,79.0
109176.0,9177.0,2025-09-15,Completed,WA,22.0
109177.0,9178.0,2025-07-21,Completed,NC,195.0
109178.0,9179.0,2025-11-08,Completed,FL,99.99
109179.0,9180.0,2025-06-18,Completed,NY,18.0
109180.0,9181.0,2025-10-02,Completed,CA,24.99
109181.0,9182.0,2025-09-07,Completed,FL,48.0
109182.0,9183.0,2025-01-10,Completed,NC,18.0
109183.0,9184.0,2025-06-23,Completed,VA,13.0
109184.0,9185.0,2025-03-26,Completed,WA,195.0
109185.0,9186.0,2025-09-17,Completed,NC,44.0
109186.0,9187.0,2025-05-31,Completed,IL,158.0
109187.0,9188.0,2025-11-21,Completed,NY,18.0
109188.0,9189.0,2025-10-17,Completed,TX,99.99
109189.0,9190.0,2025-12-12,Completed,IL,18.0
109190.0,9191.0,2025-06-11,Completed,CO,6.5
109191.0,9192.0,2025-08-16,Completed,CA,22.0
109192.0,9193.0,2025-01-09,Completed,CA,18.0
109193.0,9194.0,2026-01-06,Completed,CO,24.99
109194.0,9195.0,2026-01-09,Completed,WA,99.99
109195.0,9196.0,2025-08-14,Completed,NY,22.0
109196.0,9197.0,2025-05-04,Completed,WA,24.99
109197.0,9198.0,2025-12-02,Completed,WA,12.5
109198.0,9199.0,2025-11-25,Completed,NC,48.0
109199.0,9200.0,2025-03-28,Completed,TX,18.0
109200.0,9201.0,2025-09-18,Completed,NY,79.0
109201.0,9202.0,2025-06-08,Completed,NC,26.5
109202.0,9203.0,2025-11-03,Completed,CO,130.0
109203.0,9204.0,2025-02-18,Completed,VA,49.98
109204.0,9205.0,2025-12-04,Completed,CA,99.99
109205.0,9206.0,2025-09-30,Completed,WA,6.5
109206.0,9207.0,2025-03-27,Completed,CA,22.0
109207.0,9208.0,2025-11-16,Completed,TX,26.5
109208.0,9209.0,2025-02-08,Completed,NC,65.0
109209.0,9210.0,2025-05-29,Completed,WA,24.99
109210.0,9211.0,2025-02-07,Completed,CO,65.0
109211.0,9212.0,2025-01-24,Completed,IL,195.0
109212.0,9213.0,2026-01-11,Completed,WA,6.5
109213.0,9214.0,2026-01-08,Completed,TX,18.0
109214.0,9215.0,2025-12-12,Completed,NC,48.0
109215.0,9216.0,2025-01-11,Completed,FL,36.0
109216.0,9217.0,2025-09-20,Completed,WA,24.99
109217.0,9218.0,2025-01-08,Completed,MA,25.0
109218.0,9219.0,2025-10-19,Completed,FL,199.98
109219.0,9220.0,2025-12-17,Completed,NY,26.5
109220.0,9221.0,2025-08-26,Completed,MA,18.0
109221.0,9222.0,2025-02-07,Completed,VA,22.0
109222.0,9223.0,2025-04-02,Completed,CA,99.99
109223.0,9224.0,2025-10-14,Completed,CO,48.0
109224.0,9225.0,2025-11-10,Completed,CO,22.0
109225.0,9226.0,2025-07-01,Completed,WA,65.0
109226.0,9227.0,2025-04-30,Completed,WA,12.5
109227.0,9228.0,2025-01-25,Completed,CA,79.0
109228.0,9229.0,2025-01-22,Completed,CO,48.0
109229.0,9230.0,2025-12-27,Completed,CA,65.0
109230.0,9231.0,2025-08-25,Completed,MA,48.0
109231.0,9232.0,2025-11-07,Completed,TX,48.0
109232.0,9233.0,2025-05-24,Completed,NC,79.0
109233.0,9234.0,2025-04-28,Completed,IL,99.99
109234.0,9235.0,2025-09-19,Completed,TX,44.0
109235.0,9236.0,2025-03-06,Completed,MA,18.0
109236.0,9237.0,2025-08-19,Completed,NY,18.0
109237.0,9238.0,2025-07-03,Completed,VA,53.0
109238.0,9239.0,2025-08-06,Completed,FL,195.0
109239.0,9240.0,2025-05-05,Completed,NC,65.0
109240.0,9241.0,2025-07-03,Completed,NC,6.5
109241.0,9242.0,2026-01-12,Completed,MA,6.5
109242.0,9243.0,2025-07-21,Completed,WA,12.5
109243.0,9244.0,2025-09-06,Completed,CO,49.98
109244.0,9245.0,2025-05-14,Completed,VA,13.0
109245.0,9246.0,2025-04-01,Completed,WA,79.0
109246.0,9247.0,2025-03-17,Completed,FL,13.0
109247.0,9248.0,2025-08-08,Completed,TX,24.99
109248.0,9249.0,2025-05-11,Completed,WA,13.0
109249.0,9250.0,2025-08-25,Completed,TX,22.0
109250.0,9251.0,2025-04-07,Completed,FL,36.0
109251.0,9252.0,2025-09-19,Completed,IL,96.0
109252.0,9253.0,2025-02-25,Completed,NY,6.5
109253.0,9254.0,2025-07-02,Completed,WA,96.0
109254.0,9255.0,2025-02-05,Completed,CO,22.0
109255.0,9256.0,2025-04-16,Completed,NY,48.0
109256.0,9257.0,2025-09-04,Completed,NY,25.0
109257.0,9258.0,2025-08-03,Completed,TX,22.0
109258.0,9259.0,2025-12-28,Completed,FL,24.99
109259.0,9260.0,2025-12-17,Completed,NC,79.0
109260.0,9261.0,2025-08-14,Completed,IL,24.99
109261.0,9262.0,2025-02-07,Completed,WA,66.0
109262.0,9263.0,2025-10-28,Completed,TX,13.0
109263.0,9264.0,2025-01-23,Completed,CO,24.99
109264.0,9265.0,2025-01-29,Completed,TX,48.0
109265.0,9266.0,2025-10-02,Completed,CA,65.0
109266.0,9267.0,2025-03-13,Completed,VA,24.99
109267.0,9268.0,2025-07-18,Completed,TX,65.0
109268.0,9269.0,2025-05-13,Completed,WA,12.5
109269.0,9270.0,2025-08-07,Completed,WA,22.0
109270.0,9271.0,2025-12-13,Completed,WA,24.99
109271.0,9272.0,2025-04-10,Completed,CO,79.0
109272.0,9273.0,2025-10-26,Completed,WA,65.0
109273.0,9274.0,2025-09-30,Completed,FL,54.0
109274.0,9275.0,2025-01-01,Completed,TX,24.99
109275.0,9276.0,2025-10-10,Completed,VA,22.0
109276.0,9277.0,2025-11-24,Completed,NC,6.5
109277.0,9278.0,2025-04-04,Completed,MA,24.99
109278.0,9279.0,2025-10-29,Completed,IL,22.0
109279.0,9280.0,2025-04-17,Completed,WA,25.0
109280.0,9281.0,2025-09-21,Completed,IL,44.0
109281.0,9282.0,2025-03-14,Completed,VA,99.99
109282.0,9283.0,2025-08-18,Completed,TX,22.0
109283.0,9284.0,2025-06-20,Completed,MA,65.0
109284.0,9285.0,2025-07-30,Completed,CO,22.0
109285.0,9286.0,2025-08-20,Completed,CO,6.5
109286.0,9287.0,2025-12-15,Completed,FL,99.99
109287.0,9288.0,2025-08-21,Completed,FL,48.0
109288.0,9289.0,2025-12-12,Completed,NY,44.0
109289.0,9290.0,2025-07-30,Completed,CO,79.0
109290.0,9291.0,2025-02-13,Completed,FL,22.0
109291.0,9292.0,2025-07-18,Completed,MA,22.0
109292.0,9293.0,2025-05-22,Completed,TX,49.98
109293.0,9294.0,2025-09-07,Completed,FL,12.5
109294.0,9295.0,2025-12-28,Completed,NY,22.0
109295.0,9296.0,2025-10-02,Completed,IL,26.5
109296.0,9297.0,2025-01-10,Completed,FL,99.99
109297.0,9298.0,2025-03-20,Completed,TX,99.99
109298.0,9299.0,2025-06-08,Completed,MA,24.99
109299.0,9300.0,2025-12-27,Completed,NY,99.99
109300.0,9301.0,2025-02-24,Completed,NY,65.0
109301.0,9302.0,2025-05-04,Completed,VA,12.5
109302.0,9303.0,2025-11-14,Completed,IL,13.0
109303.0,9304.0,2025-07-07,Completed,FL,130.0
109304.0,9305.0,2025-10-12,Completed,WA,48.0
109305.0,9306.0,2025-12-22,Completed,MA,79.0
109306.0,9307.0,2026-01-11,Completed,CA,65.0
109307.0,9308.0,2026-01-06,Completed,IL,6.5
109308.0,9309.0,2026-01-01,Completed,VA,12.5
109309.0,9310.0,2025-11-07,Completed,CA,65.0
109310.0,9311.0,2025-05-05,Completed,FL,79.0
109311.0,9312.0,2025-02-17,Completed,MA,25.0
109312.0,9313.0,2025-09-24,Completed,CA,26.5
109313.0,9314.0,2025-01-09,Completed,MA,44.0
109314.0,9315.0,2025-01-06,Completed,MA,49.98
109315.0,9316.0,2025-09-14,Completed,TX,24.99
109316.0,9317.0,2025-05-13,Completed,FL,22.0
109317.0,9318.0,2025-09-05,Completed,WA,130.0
109318.0,9319.0,2025-09-27,Completed,MA,22.0
109319.0,9320.0,2025-07-19,Completed,IL,24.99
109320.0,9321.0,2025-07-17,Completed,NY,6.5
109321.0,9322.0,2025-12-25,Completed,TX,12.5
109322.0,9323.0,2025-03-05,Completed,NC,96.0
109323.0,9324.0,2025-08-15,Completed,NY,26.5
109324.0,9325.0,2025-08-04,Completed,VA,48.0
109325.0,9326.0,2025-09-28,Completed,NY,130.0
109326.0,9327.0,2026-01-01,Completed,NY,12.5
109327.0,9328.0,2025-02-17,Completed,CO,26.5
109328.0,9329.0,2025-10-04,Completed,IL,79.0
109329.0,9330.0,2025-08-16,Completed,CO,25.0
109330.0,9331.0,2025-05-23,Completed,CA,12.5
109331.0,9332.0,2025-10-15,Completed,CO,65.0
109332.0,9333.0,2025-03-29,Completed,TX,65.0
109333.0,9334.0,2025-01-11,Completed,WA,79.0
109334.0,9335.0,2025-04-22,Completed,FL,96.0
109335.0,9336.0,2026-01-03,Completed,WA,79.0
109336.0,9337.0,2025-08-23,Completed,CO,99.99
109337.0,9338.0,2025-06-06,Completed,IL,12.5
109338.0,9339.0,2025-07-07,Completed,NC,24.99
109339.0,9340.0,2025-10-28,Completed,FL,26.5
109340.0,9341.0,2025-06-09,Completed,NC,26.5
109341.0,9342.0,2025-05-29,Completed,VA,99.99
109342.0,9343.0,2025-07-10,Completed,CO,12.5
109343.0,9344.0,2025-10-15,Completed,MA,65.0
109344.0,9345.0,2025-03-27,Completed,CO,6.5
109345.0,9346.0,2025-08-01,Completed,IL,18.0
109346.0,9347.0,2025-08-22,Completed,CA,22.0
109347.0,9348.0,2025-05-21,Completed,CO,22.0
109348.0,9349.0,2025-11-18,Completed,CO,22.0
109349.0,9350.0,2025-05-10,Completed,WA,24.99
109350.0,9351.0,2025-07-10,Completed,NY,22.0
109351.0,9352.0,2025-05-30,Completed,NC,44.0
109352.0,9353.0,2026-01-13,Completed,MA,48.0
109353.0,9354.0,2025-05-21,Completed,TX,65.0
109354.0,9355.0,2026-01-03,Completed,CA,22.0
109355.0,9356.0,2026-01-05,Completed,IL,12.5
109356.0,9357.0,2025-05-21,Completed,TX,26.5
109357.0,9358.0,2025-05-23,Completed,VA,13.0
109358.0,9359.0,2026-01-01,Completed,NY,18.0
109359.0,9360.0,2025-01-13,Completed,WA,26.5
109360.0,9361.0,2025-09-16,Completed,NY,22.0
109361.0,9362.0,2025-01-17,Completed,TX,79.0
109362.0,9363.0,2025-11-19,Completed,VA,18.0
109363.0,9364.0,2025-07-26,Completed,NC,79.0
109364.0,9365.0,2025-10-05,Completed,NY,12.5
109365.0,9366.0,2026-01-14,Completed,TX,44.0
109366.0,9367.0,2025-12-30,Completed,WA,24.99
109367.0,9368.0,2025-11-07,Completed,VA,22.0
109368.0,9369.0,2025-12-06,Completed,NC,49.98
109369.0,9370.0,2026-01-06,Completed,CA,65.0
109370.0,9371.0,2025-08-22,Completed,VA,48.0
109371.0,9372.0,2025-11-28,Completed,MA,37.5
109372.0,9373.0,2025-05-17,Completed,MA,13.0
109373.0,9374.0,2025-01-10,Completed,CO,26.5
109374.0,9375.0,2025-12-03,Completed,NY,79.0
109375.0,9376.0,2025-08-23,Completed,FL,48.0
109376.0,9377.0,2025-10-02,Completed,TX,144.0
109377.0,9378.0,2025-05-23,Completed,CO,99.99
109378.0,9379.0,2025-08-20,Completed,CO,99.99
109379.0,9380.0,2026-01-02,Completed,CO,24.99
109380.0,9381.0,2025-06-27,Completed,FL,99.99
109381.0,9382.0,2025-04-04,Completed,NC,6.5
109382.0,9383.0,2025-10-20,Completed,NC,24.99
109383.0,9384.0,2025-10-11,Completed,WA,24.99
109384.0,9385.0,2025-03-28,Completed,WA,79.0
109385.0,9386.0,2025-06-18,Completed,CO,65.0
109386.0,9387.0,2025-08-28,Completed,NY,99.99
109387.0,9388.0,2025-03-16,Completed,NY,79.0
109388.0,9389.0,2025-04-08,Completed,FL,99.99
109389.0,9390.0,2025-06-09,Completed,WA,26.5
109390.0,9391.0,2025-12-21,Completed,TX,158.0
109391.0,9392.0,2025-11-06,Completed,IL,12.5
109392.0,9393.0,2025-11-08,Completed,NY,26.5
109393.0,9394.0,2025-10-08,Completed,MA,49.98
109394.0,9395.0,2025-04-14,Completed,CO,48.0
109395.0,9396.0,2025-03-01,Completed,FL,25.0
109396.0,9397.0,2025-09-22,Completed,TX,18.0
109397.0,9398.0,2025-05-22,Completed,MA,24.99
109398.0,9399.0,2025-02-11,Completed,MA,6.5
109399.0,9400.0,2025-01-10,Completed,FL,65.0
109400.0,9401.0,2025-05-04,Completed,FL,65.0
109401.0,9402.0,2025-06-02,Completed,VA,99.99
109402.0,9403.0,2025-03-08,Completed,MA,6.5
109403.0,9404.0,2025-05-17,Completed,IL,79.0
109404.0,9405.0,2025-01-30,Completed,MA,99.99
109405.0,9406.0,2025-08-16,Completed,FL,130.0
109406.0,9407.0,2025-02-21,Completed,VA,12.5
109407.0,9408.0,2026-01-04,Completed,CA,18.0
109408.0,9409.0,2025-06-11,Completed,MA,99.99
109409.0,9410.0,2025-04-27,Completed,MA,6.5
109410.0,9411.0,2025-05-24,Completed,CA,12.5
109411.0,9412.0,2025-03-08,Completed,NY,99.99
109412.0,9413.0,2025-03-12,Completed,FL,25.0
109413.0,9414.0,2025-08-19,Completed,WA,36.0
109414.0,9415.0,2025-08-15,Completed,IL,6.5
109415.0,9416.0,2025-07-06,Completed,WA,99.99
109416.0,9417.0,2025-06-13,Completed,NY,65.0
109417.0,9418.0,2026-01-13,Completed,NC,22.0
109418.0,9419.0,2025-05-23,Completed,IL,6.5
109419.0,9420.0,2025-02-08,Completed,MA,44.0
109420.0,9421.0,2025-01-07,Completed,TX,24.99
109421.0,9422.0,2025-05-13,Completed,MA,79.0
109422.0,9423.0,2025-07-26,Completed,VA,65.0
109423.0,9424.0,2026-01-04,Completed,CO,44.0
109424.0,9425.0,2025-03-31,Completed,VA,12.5
109425.0,9426.0,2025-03-04,Completed,VA,6.5
109426.0,9427.0,2025-09-05,Completed,FL,24.99
109427.0,9428.0,2026-01-06,Completed,CA,18.0
109428.0,9429.0,2025-05-19,Completed,NY,99.99
109429.0,9430.0,2025-09-03,Completed,MA,6.5
109430.0,9431.0,2025-02-11,Completed,WA,25.0
109431.0,9432.0,2025-02-09,Completed,MA,199.98
109432.0,9433.0,2025-05-19,Completed,NC,99.99
109433.0,9434.0,2025-09-07,Completed,CO,6.5
109434.0,9435.0,2025-02-23,Completed,IL,99.99
109435.0,9436.0,2025-12-09,Completed,NC,48.0
109436.0,9437.0,2025-10-17,Completed,WA,12.5
109437.0,9438.0,2025-07-22,Completed,NY,96.0
109438.0,9439.0,2025-09-15,Completed,NC,99.99
109439.0,9440.0,2025-02-22,Completed,TX,99.99
109440.0,9441.0,2025-01-20,Completed,VA,18.0
109441.0,9442.0,2025-06-03,Completed,CO,48.0
109442.0,9443.0,2025-05-27,Completed,WA,48.0
109443.0,9444.0,2025-10-22,Completed,FL,26.5
109444.0,9445.0,2025-07-31,Completed,FL,65.0
109445.0,9446.0,2025-03-02,Completed,IL,24.99
109446.0,9447.0,2025-04-03,Completed,WA,99.99
109447.0,9448.0,2025-09-09,Completed,NY,79.0
109448.0,9449.0,2025-11-05,Completed,MA,53.0
109449.0,9450.0,2025-02-10,Completed,NC,79.0
109450.0,9451.0,2025-12-26,Completed,FL,26.5
109451.0,9452.0,2025-06-06,Completed,MA,6.5
109452.0,9453.0,2025-07-18,Completed,TX,37.5
109453.0,9454.0,2025-04-14,Completed,MA,6.5
109454.0,9455.0,2025-12-13,Completed,CO,26.5
109455.0,9456.0,2025-01-26,Completed,VA,26.5
109456.0,9457.0,2025-01-14,Completed,TX,99.99
109457.0,9458.0,2025-10-03,Completed,TX,44.0
109458.0,9459.0,2025-03-12,Completed,VA,79.0
109459.0,9460.0,2026-01-08,Completed,CA,18.0
109460.0,9461.0,2025-02-06,Completed,IL,12.5
109461.0,9462.0,2025-08-06,Completed,MA,65.0
109462.0,9463.0,2025-10-29,Completed,WA,53.0
109463.0,9464.0,2025-04-01,Completed,VA,130.0
109464.0,9465.0,2025-11-01,Completed,NC,22.0
109465.0,9466.0,2025-07-25,Completed,NC,79.0
109466.0,9467.0,2025-05-07,Completed,VA,66.0
109467.0,9468.0,2025-08-13,Completed,WA,18.0
109468.0,9469.0,2025-05-25,Completed,CA,26.5
109469.0,9470.0,2026-01-07,Completed,TX,44.0
109470.0,9471.0,2025-04-02,Completed,NY,48.0
109471.0,9472.0,2025-04-25,Completed,NY,53.0
109472.0,9473.0,2025-12-14,Completed,FL,65.0
109473.0,9474.0,2025-06-19,Completed,CA,48.0
109474.0,9475.0,2025-09-08,Completed,NY,65.0
109475.0,9476.0,2025-01-04,Completed,TX,18.0
109476.0,9477.0,2026-01-01,Completed,VA,26.5
109477.0,9478.0,2026-01-01,Completed,WA,12.5
109478.0,9479.0,2025-03-26,Completed,NY,26.5
109479.0,9480.0,2025-04-02,Completed,CO,18.0
109480.0,9481.0,2025-10-23,Completed,MA,24.99
109481.0,9482.0,2025-08-04,Completed,IL,65.0
109482.0,9483.0,2025-12-13,Completed,FL,6.5
109483.0,9484.0,2025-09-14,Completed,MA,6.5
109484.0,9485.0,2025-11-16,Completed,NY,18.0
109485.0,9486.0,2025-10-03,Completed,CO,6.5
109486.0,9487.0,2025-04-06,Completed,VA,49.98
109487.0,9488.0,2025-12-22,Completed,NY,130.0
109488.0,9489.0,2025-01-25,Completed,MA,26.5
109489.0,9490.0,2025-03-13,Completed,IL,65.0
109490.0,9491.0,2025-11-02,Completed,MA,53.0
109491.0,9492.0,2025-02-07,Completed,MA,65.0
109492.0,9493.0,2025-07-14,Completed,NY,79.0
109493.0,9494.0,2025-07-01,Completed,IL,65.0
109494.0,9495.0,2025-02-04,Completed,WA,99.99
109495.0,9496.0,2025-09-10,Completed,IL,24.99
109496.0,9497.0,2025-05-11,Completed,WA,22.0
109497.0,9498.0,2025-06-11,Completed,WA,25.0
109498.0,9499.0,2025-06-18,Completed,VA,26.5
109499.0,9500.0,2025-10-02,Completed,NC,22.0
109500.0,9501.0,2025-12-26,Completed,WA,6.5
109501.0,9502.0,2026-01-01,Completed,IL,26.5
109502.0,9503.0,2026-01-02,Completed,MA,18.0
109503.0,9504.0,2025-04-10,Completed,NC,195.0
109504.0,9505.0,2026-01-11,Completed,IL,79.0
109505.0,9506.0,2025-08-10,Completed,VA,79.0
109506.0,9507.0,2025-05-20,Completed,WA,99.99
109507.0,9508.0,2025-12-12,Completed,FL,12.5
109508.0,9509.0,2025-06-19,Completed,IL,79.0
109509.0,9510.0,2025-08-22,Completed,FL,130.0
109510.0,9511.0,2025-04-16,Completed,NC,53.0
109511.0,9512.0,2025-03-27,Completed,CA,6.5
109512.0,9513.0,2025-06-09,Completed,WA,48.0
109513.0,9514.0,2025-03-07,Completed,CA,24.99
109514.0,9515.0,2025-04-27,Completed,CO,130.0
109515.0,9516.0,2025-02-01,Completed,MA,99.99
109516.0,9517.0,2025-01-04,Completed,TX,99.99
109517.0,9518.0,2025-04-23,Completed,CO,22.0
109518.0,9519.0,2025-12-06,Completed,WA,6.5
109519.0,9520.0,2025-12-13,Completed,NY,24.99
109520.0,9521.0,2025-09-23,Completed,IL,26.5
109521.0,9522.0,2025-01-25,Completed,NC,6.5
109522.0,9523.0,2025-05-13,Completed,MA,26.5
109523.0,9524.0,2025-07-19,Completed,VA,22.0
109524.0,9525.0,2025-08-21,Completed,TX,22.0
109525.0,9526.0,2025-06-30,Completed,MA,12.5
109526.0,9527.0,2025-10-04,Completed,WA,6.5
109527.0,9528.0,2025-03-11,Completed,NY,18.0
109528.0,9529.0,2025-04-09,Completed,MA,44.0
109529.0,9530.0,2025-12-09,Completed,MA,12.5
109530.0,9531.0,2025-12-07,Completed,TX,26.5
109531.0,9532.0,2025-01-03,Completed,CO,53.0
109532.0,9533.0,2025-02-10,Completed,TX,24.99
109533.0,9534.0,2025-10-07,Completed,MA,24.99
109534.0,9535.0,2025-08-08,Completed,MA,65.0
109535.0,9536.0,2025-09-17,Completed,CA,18.0
109536.0,9537.0,2025-04-15,Completed,TX,96.0
109537.0,9538.0,2026-01-12,Completed,MA,12.5
109538.0,9539.0,2025-09-10,Completed,IL,24.99
109539.0,9540.0,2025-02-15,Completed,FL,18.0
109540.0,9541.0,2025-05-29,Completed,NC,130.0
109541.0,9542.0,2025-10-13,Completed,CO,6.5
109542.0,9543.0,2025-05-08,Completed,NC,99.99
109543.0,9544.0,2025-10-10,Completed,CA,79.0
109544.0,9545.0,2025-07-25,Completed,TX,49.98
109545.0,9546.0,2025-04-15,Completed,WA,65.0
109546.0,9547.0,2025-08-01,Completed,CO,18.0
109547.0,9548.0,2025-09-06,Completed,WA,24.99
109548.0,9549.0,2025-08-14,Completed,WA,25.0
109549.0,9550.0,2025-12-30,Completed,CO,24.99
109550.0,9551.0,2025-11-11,Completed,NY,13.0
109551.0,9552.0,2025-06-17,Completed,NY,79.0
109552.0,9553.0,2025-12-28,Completed,CA,24.99
109553.0,9554.0,2025-01-26,Completed,VA,18.0
109554.0,9555.0,2025-02-20,Completed,MA,96.0
109555.0,9556.0,2025-01-02,Completed,NC,24.99
109556.0,9557.0,2025-03-02,Completed,CO,65.0
109557.0,9558.0,2025-12-22,Completed,NC,22.0
109558.0,9559.0,2025-02-26,Completed,WA,48.0
109559.0,9560.0,2025-06-17,Completed,FL,99.99
109560.0,9561.0,2025-10-31,Completed,WA,12.5
109561.0,9562.0,2026-01-04,Completed,NC,22.0
109562.0,9563.0,2025-06-04,Completed,VA,65.0
109563.0,9564.0,2025-03-12,Completed,CA,79.0
109564.0,9565.0,2025-11-04,Completed,VA,36.0
109565.0,9566.0,2025-02-07,Completed,CO,24.99
109566.0,9567.0,2025-06-28,Completed,IL,199.98
109567.0,9568.0,2025-09-30,Completed,IL,130.0
109568.0,9569.0,2025-02-08,Completed,CA,6.5
109569.0,9570.0,2026-01-02,Completed,VA,48.0
109570.0,9571.0,2025-12-10,Completed,VA,54.0
109571.0,9572.0,2025-01-20,Completed,NY,22.0
109572.0,9573.0,2025-10-19,Completed,WA,158.0
109573.0,9574.0,2025-07-23,Completed,TX,22.0
109574.0,9575.0,2025-11-06,Completed,CO,99.99
109575.0,9576.0,2025-08-12,Completed,NC,26.5
109576.0,9577.0,2025-12-05,Completed,FL,48.0
109577.0,9578.0,2025-04-15,Completed,NY,65.0
109578.0,9579.0,2025-05-10,Completed,FL,24.99
109579.0,9580.0,2025-03-19,Completed,NC,79.0
109580.0,9581.0,2025-08-24,Completed,NC,24.99
109581.0,9582.0,2025-10-13,Completed,IL,36.0
109582.0,9583.0,2025-02-24,Completed,TX,79.0
109583.0,9584.0,2025-04-28,Completed,MA,37.5
109584.0,9585.0,2025-11-19,Completed,MA,12.5
109585.0,9586.0,2025-02-25,Completed,FL,48.0
109586.0,9587.0,2025-06-20,Completed,TX,24.99
109587.0,9588.0,2025-01-05,Completed,FL,24.99
109588.0,9589.0,2025-07-06,Completed,TX,24.99
109589.0,9590.0,2025-12-10,Completed,NC,26.5
109590.0,9591.0,2025-03-03,Completed,TX,12.5
109591.0,9592.0,2025-10-07,Completed,CA,24.99
109592.0,9593.0,2025-05-03,Completed,IL,13.0
109593.0,9594.0,2025-08-18,Completed,TX,18.0
109594.0,9595.0,2025-10-20,Completed,TX,96.0
109595.0,9596.0,2025-03-12,Completed,CA,13.0
109596.0,9597.0,2026-01-01,Completed,CO,48.0
109597.0,9598.0,2025-11-13,Completed,NY,53.0
109598.0,9599.0,2025-01-16,Completed,TX,79.0
109599.0,9600.0,2026-01-13,Completed,NY,158.0
109600.0,9601.0,2025-08-30,Completed,MA,22.0
109601.0,9602.0,2025-01-13,Completed,NC,65.0
109602.0,9603.0,2025-09-13,Completed,CO,6.5
109603.0,9604.0,2025-09-02,Completed,NC,49.98
109604.0,9605.0,2025-12-12,Completed,NY,6.5
109605.0,9606.0,2025-04-25,Completed,VA,6.5
109606.0,9607.0,2025-01-22,Completed,VA,22.0
109607.0,9608.0,2025-09-30,Completed,FL,22.0
109608.0,9609.0,2025-04-06,Completed,FL,26.5
109609.0,9610.0,2025-08-28,Completed,FL,65.0
109610.0,9611.0,2025-02-03,Completed,NC,22.0
109611.0,9612.0,2025-10-11,Completed,NY,13.0
109612.0,9613.0,2025-03-05,Completed,FL,79.0
109613.0,9614.0,2025-05-19,Completed,VA,18.0
109614.0,9615.0,2025-03-08,Completed,NC,13.0
109615.0,9616.0,2025-01-19,Completed,VA,130.0
109616.0,9617.0,2025-05-06,Completed,WA,12.5
109617.0,9618.0,2025-04-09,Completed,CO,18.0
109618.0,9619.0,2025-01-03,Completed,CO,96.0
109619.0,9620.0,2025-07-31,Completed,NC,18.0
109620.0,9621.0,2025-02-16,Completed,CO,12.5
109621.0,9622.0,2025-02-17,Completed,CO,79.0
109622.0,9623.0,2025-12-18,Completed,CA,99.99
109623.0,9624.0,2026-01-07,Completed,IL,48.0
109624.0,9625.0,2025-12-29,Completed,FL,49.98
109625.0,9626.0,2025-07-31,Completed,WA,12.5
109626.0,9627.0,2025-09-24,Completed,MA,79.0
109627.0,9628.0,2025-05-29,Completed,NC,18.0
109628.0,9629.0,2025-09-14,Completed,NY,96.0
109629.0,9630.0,2025-01-27,Completed,WA,130.0
109630.0,9631.0,2025-09-19,Completed,CA,65.0
109631.0,9632.0,2025-05-31,Completed,WA,22.0
109632.0,9633.0,2025-05-27,Completed,NC,99.99
109633.0,9634.0,2025-02-12,Completed,CA,96.0
109634.0,9635.0,2025-12-12,Completed,WA,99.99
109635.0,9636.0,2025-08-02,Completed,IL,99.99
109636.0,9637.0,2025-05-03,Completed,NC,37.5
109637.0,9638.0,2025-10-03,Completed,VA,12.5
109638.0,9639.0,2025-11-30,Completed,FL,22.0
109639.0,9640.0,2025-04-07,Completed,MA,26.5
109640.0,9641.0,2025-02-10,Completed,TX,6.5
109641.0,9642.0,2025-11-03,Completed,VA,158.0
109642.0,9643.0,2025-03-10,Completed,NC,130.0
109643.0,9644.0,2025-08-15,Completed,VA,6.5
109644.0,9645.0,2025-09-20,Completed,CO,99.99
109645.0,9646.0,2025-05-23,Completed,MA,96.0
109646.0,9647.0,2025-08-03,Completed,VA,18.0
109647.0,9648.0,2025-08-10,Completed,NC,44.0
109648.0,9649.0,2025-08-02,Completed,FL,79.5
109649.0,9650.0,2025-06-15,Completed,MA,65.0
109650.0,9651.0,2025-03-23,Completed,MA,18.0
109651.0,9652.0,2025-04-05,Completed,CO,25.0
109652.0,9653.0,2025-04-08,Completed,VA,79.0
109653.0,9654.0,2025-12-02,Completed,CO,13.0
109654.0,9655.0,2025-12-03,Completed,IL,18.0
109655.0,9656.0,2025-08-17,Completed,FL,22.0
109656.0,9657.0,2025-12-13,Completed,MA,53.0
109657.0,9658.0,2025-05-15,Completed,FL,19.5
109658.0,9659.0,2025-07-29,Completed,CA,26.5
109659.0,9660.0,2025-12-20,Completed,WA,48.0
109660.0,9661.0,2025-06-09,Completed,TX,74.97
109661.0,9662.0,2025-06-04,Completed,TX,12.5
109662.0,9663.0,2025-10-17,Completed,CA,299.97
109663.0,9664.0,2025-05-27,Completed,CO,48.0
109664.0,9665.0,2025-12-19,Completed,CO,48.0
109665.0,9666.0,2025-10-16,Completed,WA,18.0
109666.0,9667.0,2025-08-03,Completed,WA,26.5
109667.0,9668.0,2025-08-27,Completed,CA,79.0
109668.0,9669.0,2026-01-04,Completed,VA,53.0
109669.0,9670.0,2025-11-06,Completed,WA,48.0
109670.0,9671.0,2025-12-07,Completed,FL,26.5
109671.0,9672.0,2025-06-18,Completed,WA,48.0
109672.0,9673.0,2025-08-30,Completed,NY,18.0
109673.0,9674.0,2025-02-26,Completed,MA,99.99
109674.0,9675.0,2025-04-24,Completed,FL,26.5
109675.0,9676.0,2025-05-03,Completed,TX,48.0
109676.0,9677.0,2025-02-03,Completed,NY,36.0
109677.0,9678.0,2025-10-08,Completed,CA,12.5
109678.0,9679.0,2025-10-13,Completed,WA,199.98
109679.0,9680.0,2025-08-09,Completed,NY,12.5
109680.0,9681.0,2025-11-28,Completed,VA,199.98
109681.0,9682.0,2025-03-31,Completed,CO,24.99
109682.0,9683.0,2025-08-21,Completed,NC,6.5
109683.0,9684.0,2026-01-15,Completed,MA,24.99
109684.0,9685.0,2025-07-22,Completed,NY,99.99
109685.0,9686.0,2025-10-11,Completed,IL,18.0
109686.0,9687.0,2025-05-06,Completed,WA,6.5
109687.0,9688.0,2025-11-21,Completed,WA,65.0
109688.0,9689.0,2025-06-28,Completed,NY,65.0
109689.0,9690.0,2025-05-03,Completed,VA,99.99
109690.0,9691.0,2025-06-17,Completed,WA,158.0
109691.0,9692.0,2025-08-04,Completed,NC,44.0
109692.0,9693.0,2025-07-19,Completed,CO,79.0
109693.0,9694.0,2025-10-20,Completed,NC,99.99
109694.0,9695.0,2025-02-26,Completed,CA,37.5
109695.0,9696.0,2025-07-14,Completed,WA,48.0
109696.0,9697.0,2025-08-17,Completed,MA,22.0
109697.0,9698.0,2025-02-11,Completed,MA,48.0
109698.0,9699.0,2025-10-07,Completed,CA,65.0
109699.0,9700.0,2025-09-05,Completed,CA,53.0
109700.0,9701.0,2025-08-01,Completed,MA,48.0
109701.0,9702.0,2025-08-27,Completed,NY,49.98
109702.0,9703.0,2025-09-27,Completed,CO,36.0
109703.0,9704.0,2025-05-14,Completed,IL,12.5
109704.0,9705.0,2025-07-04,Completed,CA,49.98
109705.0,9706.0,2025-04-22,Completed,IL,44.0
109706.0,9707.0,2025-06-02,Completed,IL,99.99
109707.0,9708.0,2025-06-23,Completed,NY,65.0
109708.0,9709.0,2025-10-06,Completed,MA,12.5
109709.0,9710.0,2025-05-25,Completed,NC,13.0
109710.0,9711.0,2025-10-16,Completed,MA,65.0
109711.0,9712.0,2025-08-13,Completed,VA,48.0
109712.0,9713.0,2025-01-08,Completed,VA,199.98
109713.0,9714.0,2025-04-24,Completed,TX,22.0
109714.0,9715.0,2025-05-29,Completed,NC,22.0
109715.0,9716.0,2025-10-19,Completed,NC,26.5
109716.0,9717.0,2025-07-29,Completed,NC,24.99
109717.0,9718.0,2025-01-24,Completed,IL,22.0
109718.0,9719.0,2025-10-07,Completed,VA,79.0
109719.0,9720.0,2025-12-26,Completed,FL,48.0
109720.0,9721.0,2025-01-27,Completed,WA,65.0
109721.0,9722.0,2025-12-02,Completed,MA,12.5
109722.0,9723.0,2025-09-20,Completed,NY,99.99
109723.0,9724.0,2025-04-02,Completed,IL,44.0
109724.0,9725.0,2025-04-12,Completed,NC,12.5
109725.0,9726.0,2025-10-15,Completed,WA,65.0
109726.0,9727.0,2025-11-09,Completed,IL,12.5
109727.0,9728.0,2025-04-05,Completed,MA,26.5
109728.0,9729.0,2025-03-02,Completed,CA,26.5
109729.0,9730.0,2025-09-28,Completed,CO,79.0
109730.0,9731.0,2025-04-27,Completed,MA,36.0
109731.0,9732.0,2025-06-04,Completed,IL,96.0
109732.0,9733.0,2025-12-17,Completed,IL,12.5
109733.0,9734.0,2025-03-30,Completed,TX,18.0
109734.0,9735.0,2025-09-22,Completed,TX,6.5
109735.0,9736.0,2025-04-27,Completed,FL,158.0
109736.0,9737.0,2025-07-10,Completed,VA,49.98
109737.0,9738.0,2025-08-18,Completed,IL,79.5
109738.0,9739.0,2025-05-25,Completed,CO,13.0
109739.0,9740.0,2025-11-26,Completed,IL,6.5
109740.0,9741.0,2025-04-12,Completed,CA,99.99
109741.0,9742.0,2025-11-11,Completed,IL,96.0
109742.0,9743.0,2025-10-04,Completed,CO,79.5
109743.0,9744.0,2025-12-30,Completed,NY,12.5
109744.0,9745.0,2025-03-30,Completed,CA,24.99
109745.0,9746.0,2025-01-10,Completed,FL,195.0
109746.0,9747.0,2025-01-31,Completed,CA,22.0
109747.0,9748.0,2025-10-17,Completed,MA,24.99
109748.0,9749.0,2025-11-16,Completed,TX,6.5
109749.0,9750.0,2025-10-24,Completed,FL,24.99
109750.0,9751.0,2025-04-24,Completed,FL,99.99
109751.0,9752.0,2025-11-01,Completed,IL,6.5
109752.0,9753.0,2025-06-01,Completed,FL,6.5
109753.0,9754.0,2025-10-25,Completed,NC,13.0
109754.0,9755.0,2025-01-15,Completed,MA,199.98
109755.0,9756.0,2025-04-20,Completed,CA,96.0
109756.0,9757.0,2025-05-24,Completed,IL,79.0
109757.0,9758.0,2025-05-13,Completed,FL,18.0
109758.0,9759.0,2025-09-07,Completed,NC,48.0
109759.0,9760.0,2025-04-12,Completed,IL,49.98
109760.0,9761.0,2025-10-28,Completed,NC,79.0
109761.0,9762.0,2025-02-06,Completed,TX,25.0
109762.0,9763.0,2025-02-02,Completed,TX,18.0
109763.0,9764.0,2025-12-28,Completed,NC,299.97
109764.0,9765.0,2025-04-19,Completed,CA,25.0
109765.0,9766.0,2025-06-03,Completed,CO,22.0
109766.0,9767.0,2025-09-05,Completed,CO,48.0
109767.0,9768.0,2025-09-02,Completed,CA,144.0
109768.0,9769.0,2025-06-02,Completed,NY,96.0
109769.0,9770.0,2025-11-05,Completed,NC,26.5
109770.0,9771.0,2025-01-02,Completed,TX,99.99
109771.0,9772.0,2025-02-18,Completed,MA,99.99
109772.0,9773.0,2025-09-29,Completed,CA,79.0
109773.0,9774.0,2025-05-09,Completed,NC,13.0
109774.0,9775.0,2025-08-17,Completed,CO,79.0
109775.0,9776.0,2025-08-03,Completed,CO,130.0
109776.0,9777.0,2025-11-14,Completed,MA,26.5
109777.0,9778.0,2025-06-04,Completed,NY,13.0
109778.0,9779.0,2025-12-31,Completed,CA,26.5
109779.0,9780.0,2025-10-31,Completed,NC,99.99
109780.0,9781.0,2025-07-28,Completed,CO,22.0
109781.0,9782.0,2025-09-14,Completed,MA,26.5
109782.0,9783.0,2025-01-01,Completed,WA,48.0
109783.0,9784.0,2025-10-11,Completed,WA,18.0
109784.0,9785.0,2025-09-17,Completed,WA,24.99
109785.0,9786.0,2025-03-05,Completed,WA,53.0
109786.0,9787.0,2025-04-17,Completed,NY,6.5
109787.0,9788.0,2025-07-04,Completed,NY,22.0
109788.0,9789.0,2025-09-05,Completed,IL,299.97
109789.0,9790.0,2025-11-12,Completed,NY,48.0
109790.0,9791.0,2025-03-23,Completed,CO,79.5
109791.0,9792.0,2025-09-07,Completed,VA,99.99
109792.0,9793.0,2025-01-17,Completed,NC,26.5
109793.0,9794.0,2025-08-03,Completed,FL,12.5
109794.0,9795.0,2025-11-30,Completed,NC,99.99
109795.0,9796.0,2025-03-17,Completed,WA,26.5
109796.0,9797.0,2026-01-13,Completed,MA,66.0
109797.0,9798.0,2025-10-02,Completed,WA,12.5
109798.0,9799.0,2025-01-04,Completed,CA,199.98
109799.0,9800.0,2025-06-29,Completed,VA,26.5
109800.0,9801.0,2025-05-05,Completed,MA,79.0
109801.0,9802.0,2025-08-02,Completed,NY,18.0
109802.0,9803.0,2025-09-28,Completed,CA,26.5
109803.0,9804.0,2025-11-27,Completed,VA,99.99
109804.0,9805.0,2025-07-24,Completed,NC,79.0
109805.0,9806.0,2025-01-06,Completed,MA,24.99
109806.0,9807.0,2025-08-10,Completed,FL,26.5
109807.0,9808.0,2025-01-08,Completed,NY,18.0
109808.0,9809.0,2025-01-11,Completed,VA,65.0
109809.0,9810.0,2025-12-03,Completed,MA,13.0
109810.0,9811.0,2025-10-16,Completed,NC,99.99
109811.0,9812.0,2025-03-19,Completed,CA,65.0
109812.0,9813.0,2025-12-05,Completed,CA,12.5
109813.0,9814.0,2026-01-12,Completed,WA,99.99
109814.0,9815.0,2025-09-22,Completed,CO,12.5
109815.0,9816.0,2025-02-13,Completed,TX,22.0
109816.0,9817.0,2025-09-07,Completed,CO,6.5
109817.0,9818.0,2025-03-12,Completed,TX,22.0
109818.0,9819.0,2025-06-05,Completed,NC,99.99
109819.0,9820.0,2025-10-07,Completed,WA,6.5
109820.0,9821.0,2025-04-17,Completed,VA,13.0
109821.0,9822.0,2025-10-22,Completed,IL,18.0
109822.0,9823.0,2025-09-29,Completed,FL,130.0
109823.0,9824.0,2025-07-16,Completed,MA,12.5
109824.0,9825.0,2025-12-01,Completed,CA,6.5
109825.0,9826.0,2026-01-13,Completed,WA,24.99
109826.0,9827.0,2025-07-21,Completed,TX,24.99
109827.0,9828.0,2025-10-29,Completed,WA,48.0
109828.0,9829.0,2025-11-20,Completed,IL,12.5
109829.0,9830.0,2025-08-18,Completed,CA,12.5
109830.0,9831.0,2025-06-14,Completed,NC,79.0
109831.0,9832.0,2025-11-23,Completed,IL,48.0
109832.0,9833.0,2025-08-17,Completed,IL,6.5
109833.0,9834.0,2025-03-11,Completed,VA,6.5
109834.0,9835.0,2025-04-17,Completed,FL,99.99
109835.0,9836.0,2025-02-18,Completed,NY,12.5
109836.0,9837.0,2025-06-13,Completed,NC,22.0
109837.0,9838.0,2025-10-30,Completed,TX,12.5
109838.0,9839.0,2025-08-29,Completed,VA,6.5
109839.0,9840.0,2025-09-25,Completed,CO,48.0
109840.0,9841.0,2025-01-22,Completed,IL,12.5
109841.0,9842.0,2025-04-26,Completed,NC,36.0
109842.0,9843.0,2025-06-22,Completed,WA,24.99
109843.0,9844.0,2025-08-22,Completed,NY,65.0
109844.0,9845.0,2025-12-04,Completed,IL,99.99
109845.0,9846.0,2025-12-25,Completed,TX,26.5
109846.0,9847.0,2025-05-25,Completed,VA,65.0
109847.0,9848.0,2025-05-05,Completed,CO,22.0
109848.0,9849.0,2025-02-04,Completed,NC,48.0
109849.0,9850.0,2025-01-31,Completed,TX,49.98
109850.0,9851.0,2025-05-24,Completed,WA,99.99
109851.0,9852.0,2025-08-31,Completed,IL,6.5
109852.0,9853.0,2025-02-25,Completed,IL,12.5
109853.0,9854.0,2025-04-14,Completed,MA,44.0
109854.0,9855.0,2025-11-30,Completed,CO,26.5
109855.0,9856.0,2025-09-23,Completed,FL,79.0
109856.0,9857.0,2025-05-15,Completed,FL,6.5
109857.0,9858.0,2025-05-30,Completed,MA,6.5
109858.0,9859.0,2025-08-07,Completed,MA,12.5
109859.0,9860.0,2025-07-03,Completed,CO,22.0
109860.0,9861.0,2026-01-05,Completed,FL,12.5
109861.0,9862.0,2025-09-05,Completed,NY,65.0
109862.0,9863.0,2025-08-13,Completed,CO,237.0
109863.0,9864.0,2025-02-19,Completed,VA,12.5
109864.0,9865.0,2025-02-28,Completed,CA,79.5
109865.0,9866.0,2025-07-05,Completed,CA,99.99
109866.0,9867.0,2025-01-15,Completed,CO,79.0
109867.0,9868.0,2025-09-11,Completed,VA,26.5
109868.0,9869.0,2025-07-15,Completed,MA,12.5
109869.0,9870.0,2025-08-08,Completed,TX,13.0
109870.0,9871.0,2025-08-26,Completed,FL,99.99
109871.0,9872.0,2025-03-16,Completed,CO,24.99
109872.0,9873.0,2026-01-05,Completed,NY,18.0
109873.0,9874.0,2025-09-30,Completed,CA,130.0
109874.0,9875.0,2025-07-09,Completed,TX,79.0
109875.0,9876.0,2025-12-18,Completed,CO,99.99
109876.0,9877.0,2025-10-21,Completed,WA,6.5
109877.0,9878.0,2025-04-20,Completed,VA,24.99
109878.0,9879.0,2025-04-25,Completed,WA,12.5
109879.0,9880.0,2025-02-05,Completed,MA,79.0
109880.0,9881.0,2025-03-11,Completed,TX,13.0
109881.0,9882.0,2025-05-11,Completed,CA,299.97
109882.0,9883.0,2025-10-12,Completed,FL,6.5
109883.0,9884.0,2025-11-25,Completed,NC,26.5
109884.0,9885.0,2025-03-02,Completed,IL,12.5
109885.0,9886.0,2025-11-10,Completed,NY,65.0
109886.0,9887.0,2025-06-14,Completed,VA,44.0
109887.0,9888.0,2025-04-11,Completed,CO,48.0
109888.0,9889.0,2025-02-24,Completed,MA,48.0
109889.0,9890.0,2025-05-13,Completed,NY,22.0
109890.0,9891.0,2025-07-18,Completed,FL,65.0
109891.0,9892.0,2025-06-24,Completed,NC,158.0
109892.0,9893.0,2025-04-27,Completed,CA,22.0
109893.0,9894.0,2025-05-01,Completed,CO,99.99
109894.0,9895.0,2025-11-19,Completed,IL,79.5
109895.0,9896.0,2025-12-19,Completed,CO,25.0
109896.0,9897.0,2025-03-17,Completed,IL,12.5
109897.0,9898.0,2025-08-26,Completed,WA,26.5
109898.0,9899.0,2025-10-07,Completed,MA,24.99
109899.0,9900.0,2025-06-12,Completed,WA,24.99
109900.0,9901.0,2025-10-17,Completed,TX,18.0
109901.0,9902.0,2025-09-25,Completed,NY,24.99
109902.0,9903.0,2025-01-06,Completed,MA,13.0
109903.0,9904.0,2025-02-21,Completed,CO,130.0
109904.0,9905.0,2025-11-26,Completed,TX,79.0
109905.0,9906.0,2025-10-14,Completed,FL,199.98
109906.0,9907.0,2025-09-04,Completed,CA,6.5
109907.0,9908.0,2025-11-20,Completed,CA,26.5
109908.0,9909.0,2025-09-03,Completed,TX,79.0
109909.0,9910.0,2025-04-09,Completed,FL,48.0
109910.0,9911.0,2025-06-20,Completed,NC,25.0
109911.0,9912.0,2025-12-18,Completed,CA,48.0
109912.0,9913.0,2025-07-22,Completed,NY,79.0
109913.0,9914.0,2025-06-05,Completed,MA,6.5
109914.0,9915.0,2025-07-03,Completed,MA,48.0
109915.0,9916.0,2025-12-01,Completed,FL,48.0
109916.0,9917.0,2025-01-22,Completed,NC,26.5
109917.0,9918.0,2025-08-31,Completed,IL,22.0
109918.0,9919.0,2025-07-12,Completed,MA,6.5
109919.0,9920.0,2025-03-28,Completed,NY,37.5
109920.0,9921.0,2025-05-24,Completed,NY,6.5
109921.0,9922.0,2025-01-18,Completed,NY,12.5
109922.0,9923.0,2025-07-04,Completed,IL,24.99
109923.0,9924.0,2025-01-06,Completed,TX,12.5
109924.0,9925.0,2025-01-10,Completed,CO,79.0
109925.0,9926.0,2025-04-26,Completed,NC,26.5
109926.0,9927.0,2025-10-15,Completed,MA,12.5
109927.0,9928.0,2025-04-29,Completed,IL,24.99
109928.0,9929.0,2025-03-06,Completed,VA,44.0
109929.0,9930.0,2025-10-30,Completed,MA,158.0
109930.0,9931.0,2025-01-04,Completed,WA,199.98
109931.0,9932.0,2025-12-02,Completed,TX,6.5
109932.0,9933.0,2025-07-27,Completed,VA,199.98
109933.0,9934.0,2025-12-16,Completed,MA,22.0
109934.0,9935.0,2025-12-15,Completed,VA,18.0
109935.0,9936.0,2025-04-26,Completed,WA,12.5
109936.0,9937.0,2025-02-24,Completed,MA,24.99
109937.0,9938.0,2025-11-08,Completed,FL,26.5
109938.0,9939.0,2025-03-29,Completed,VA,130.0
109939.0,9940.0,2025-12-27,Completed,VA,79.0
109940.0,9941.0,2025-10-31,Completed,WA,18.0
109941.0,9942.0,2025-11-19,Completed,WA,79.5
109942.0,9943.0,2025-10-18,Completed,CO,65.0
109943.0,9944.0,2025-10-23,Completed,CA,12.5
109944.0,9945.0,2025-02-08,Completed,TX,25.0
109945.0,9946.0,2025-10-05,Completed,FL,130.0
109946.0,9947.0,2025-08-30,Completed,IL,18.0
109947.0,9948.0,2025-09-16,Completed,NY,22.0
109948.0,9949.0,2025-09-27,Completed,MA,13.0
109949.0,9950.0,2025-10-31,Completed,VA,26.5
109950.0,9951.0,2025-03-25,Completed,MA,53.0
109951.0,9952.0,2025-11-20,Completed,CA,48.0
109952.0,9953.0,2025-04-23,Completed,WA,24.99
109953.0,9954.0,2026-01-14,Completed,MA,12.5
109954.0,9955.0,2025-01-09,Completed,FL,48.0
109955.0,9956.0,2025-08-06,Completed,NC,6.5
109956.0,9957.0,2026-01-09,Completed,TX,22.0
109957.0,9958.0,2025-03-24,Completed,MA,19.5
109958.0,9959.0,2026-01-15,Completed,CA,24.99
109959.0,9960.0,2025-01-04,Completed,TX,26.5
109960.0,9961.0,2025-01-15,Completed,TX,65.0
109961.0,9962.0,2025-12-17,Completed,CA,26.5
109962.0,9963.0,2025-04-23,Completed,NY,18.0
109963.0,9964.0,2025-11-12,Completed,CO,18.0
109964.0,9965.0,2025-12-08,Completed,FL,65.0
109965.0,9966.0,2025-07-03,Completed,NC,22.0
109966.0,9967.0,2025-03-01,Completed,CO,79.0
109967.0,9968.0,2025-02-07,Completed,VA,24.99
109968.0,9969.0,2025-03-13,Completed,WA,48.0
109969.0,9970.0,2025-06-02,Completed,FL,22.0
109970.0,9971.0,2025-01-03,Completed,CA,24.99
109971.0,9972.0,2025-06-12,Completed,TX,24.99
109972.0,9973.0,2025-11-12,Completed,MA,26.5
109973.0,9974.0,2025-03-02,Completed,VA,25.0
109974.0,9975.0,2025-05-05,Completed,VA,18.0
109975.0,9976.0,2025-09-23,Completed,WA,12.5
109976.0,9977.0,2025-06-29,Completed,MA,48.0
109977.0,9978.0,2025-12-02,Completed,WA,199.98
109978.0,9979.0,2025-12-26,Completed,MA,6.5
109979.0,9980.0,2025-06-19,Completed,TX,130.0
109980.0,9981.0,2025-09-06,Completed,NC,79.0
109981.0,9982.0,2025-10-13,Completed,FL,22.0
109982.0,9983.0,2025-03-19,Completed,MA,12.5
109983.0,9984.0,2025-06-19,Completed,CO,6.5
109984.0,9985.0,2025-12-19,Completed,CA,26.5
109985.0,9986.0,2025-08-03,Completed,NC,24.99
109986.0,9987.0,2025-11-26,Completed,NC,26.5
109987.0,9988.0,2025-11-27,Completed,IL,18.0
109988.0,9989.0,2025-09-19,Completed,WA,22.0
109989.0,9990.0,2025-04-25,Completed,CO,48.0
109990.0,9991.0,2025-05-23,Completed,VA,79.0
109991.0,9992.0,2025-03-04,Completed,NY,79.5
109992.0,9993.0,2025-09-14,Completed,IL,26.5
109993.0,9994.0,2025-11-09,Completed,NY,6.5
109994.0,9995.0,2026-01-14,Completed,MA,18.0
109995.0,9996.0,2025-05-08,Completed,TX,12.5
109996.0,9997.0,2025-05-31,Completed,TX,18.0
109997.0,9998.0,2025-12-17,Completed,WA,48.0
109998.0,9999.0,2025-02-02,Completed,CA,65.0
109999.0,10000.0,2025-03-18,Completed,NY,36.0
110000.0,10001.0,2026-01-12,Completed,CA,25.0
110001.0,10002.0,2025-11-17,Completed,VA,65.0
110002.0,10003.0,2025-12-14,Completed,CO,26.5
110003.0,10004.0,2025-10-16,Completed,WA,12.5
110004.0,10005.0,2025-08-28,Completed,CO,13.0
110005.0,10006.0,2025-06-25,Completed,VA,24.99
110006.0,10007.0,2025-07-27,Completed,NY,18.0
110007.0,10008.0,2025-12-25,Completed,NY,65.0
110008.0,10009.0,2025-03-23,Completed,CA,158.0
110009.0,10010.0,2025-07-29,Completed,CO,79.0
110010.0,10011.0,2025-01-08,Completed,IL,22.0
110011.0,10012.0,2025-07-18,Completed,CA,79.0
110012.0,10013.0,2025-07-16,Completed,WA,74.97
110013.0,10014.0,2025-10-06,Completed,VA,12.5
110014.0,10015.0,2025-06-04,Completed,VA,6.5
110015.0,10016.0,2025-05-12,Completed,IL,48.0
110016.0,10017.0,2025-11-28,Completed,IL,130.0
110017.0,10018.0,2025-04-01,Completed,MA,6.5
110018.0,10019.0,2025-11-28,Completed,TX,18.0
110019.0,10020.0,2025-07-01,Completed,FL,18.0
110020.0,10021.0,2025-12-18,Completed,TX,48.0
110021.0,10022.0,2025-07-03,Completed,WA,199.98
110022.0,10023.0,2026-01-08,Completed,CO,12.5
110023.0,10024.0,2025-02-15,Completed,IL,48.0
110024.0,10025.0,2025-11-14,Completed,IL,22.0
110025.0,10026.0,2025-05-04,Completed,IL,99.99
110026.0,10027.0,2025-10-19,Completed,IL,22.0
110027.0,10028.0,2025-06-15,Completed,FL,65.0
110028.0,10029.0,2025-11-24,Completed,WA,6.5
110029.0,10030.0,2025-11-07,Completed,TX,24.99
110030.0,10031.0,2025-08-27,Completed,WA,12.5
110031.0,10032.0,2025-12-30,Completed,NY,18.0
110032.0,10033.0,2025-02-03,Completed,NC,96.0
110033.0,10034.0,2025-02-16,Completed,IL,130.0
110034.0,10035.0,2025-10-11,Completed,VA,53.0
110035.0,10036.0,2025-10-24,Completed,CA,99.99
110036.0,10037.0,2025-11-24,Completed,VA,53.0
110037.0,10038.0,2025-07-08,Completed,CA,79.0
110038.0,10039.0,2025-01-07,Completed,TX,158.0
110039.0,10040.0,2025-04-09,Completed,IL,53.0
110040.0,10041.0,2025-02-19,Completed,NC,26.5
110041.0,10042.0,2025-12-26,Completed,NY,99.99
110042.0,10043.0,2025-05-13,Completed,NC,48.0
110043.0,10044.0,2025-09-24,Completed,NC,12.5
110044.0,10045.0,2025-02-26,Completed,MA,6.5
110045.0,10046.0,2025-07-27,Completed,VA,48.0
110046.0,10047.0,2025-06-09,Completed,NY,99.99
110047.0,10048.0,2025-08-05,Completed,IL,18.0
110048.0,10049.0,2025-10-27,Completed,MA,79.0
110049.0,10050.0,2025-04-28,Completed,VA,6.5
110050.0,10051.0,2025-04-01,Completed,NC,49.98
110051.0,10052.0,2025-05-14,Completed,CA,53.0
110052.0,10053.0,2025-10-03,Completed,NY,22.0
110053.0,10054.0,2025-04-08,Completed,WA,26.5
110054.0,10055.0,2025-09-13,Completed,CO,12.5
110055.0,10056.0,2025-08-02,Completed,TX,24.99
110056.0,10057.0,2025-09-19,Completed,NC,26.5
110057.0,10058.0,2025-11-20,Completed,WA,199.98
110058.0,10059.0,2025-05-03,Completed,FL,22.0
110059.0,10060.0,2025-02-12,Completed,WA,12.5
110060.0,10061.0,2025-06-10,Completed,TX,24.99
110061.0,10062.0,2025-04-16,Completed,CA,6.5
110062.0,10063.0,2025-05-13,Completed,MA,96.0
110063.0,10064.0,2025-05-20,Completed,WA,49.98
110064.0,10065.0,2025-03-15,Completed,NC,24.99
110065.0,10066.0,2025-02-04,Completed,IL,6.5
110066.0,10067.0,2025-12-20,Completed,IL,24.99
110067.0,10068.0,2025-12-31,Completed,VA,12.5
110068.0,10069.0,2025-12-06,Completed,NC,99.99
110069.0,10070.0,2025-10-26,Completed,TX,18.0
110070.0,10071.0,2025-11-13,Completed,IL,22.0
110071.0,10072.0,2025-01-09,Completed,TX,99.99
110072.0,10073.0,2025-05-20,Completed,NC,25.0
110073.0,10074.0,2025-10-08,Completed,WA,6.5
110074.0,10075.0,2025-01-04,Completed,CA,18.0
110075.0,10076.0,2025-02-26,Completed,VA,26.5
110076.0,10077.0,2025-01-10,Completed,IL,12.5
110077.0,10078.0,2025-05-20,Completed,MA,26.5
110078.0,10079.0,2025-04-04,Completed,WA,6.5
110079.0,10080.0,2025-01-07,Completed,NY,22.0
110080.0,10081.0,2025-10-20,Completed,CO,24.99
110081.0,10082.0,2025-03-11,Completed,TX,24.99
110082.0,10083.0,2025-10-21,Completed,NY,48.0
110083.0,10084.0,2025-11-12,Completed,VA,99.99
110084.0,10085.0,2025-04-04,Completed,WA,99.99
110085.0,10086.0,2025-09-14,Completed,WA,6.5
110086.0,10087.0,2025-09-07,Completed,TX,6.5
110087.0,10088.0,2025-08-23,Completed,CA,26.5
110088.0,10089.0,2025-11-05,Completed,MA,18.0
110089.0,10090.0,2025-07-25,Completed,CO,22.0
110090.0,10091.0,2025-01-18,Completed,VA,99.99
110091.0,10092.0,2025-11-04,Completed,CO,48.0
110092.0,10093.0,2025-10-14,Completed,NY,6.5
110093.0,10094.0,2025-11-08,Completed,VA,18.0
110094.0,10095.0,2025-04-11,Completed,IL,18.0
110095.0,10096.0,2025-09-02,Completed,VA,6.5
110096.0,10097.0,2025-05-10,Completed,TX,99.99
110097.0,10098.0,2025-11-01,Completed,VA,66.0
110098.0,10099.0,2025-09-25,Completed,TX,6.5
110099.0,10100.0,2025-12-29,Completed,CO,22.0
110100.0,10101.0,2025-08-27,Completed,CA,22.0
110101.0,10102.0,2025-11-23,Completed,CO,12.5
110102.0,10103.0,2025-07-28,Completed,FL,13.0
110103.0,10104.0,2025-04-24,Completed,TX,18.0
110104.0,10105.0,2025-08-15,Completed,WA,6.5
110105.0,10106.0,2025-08-28,Completed,FL,18.0
110106.0,10107.0,2025-03-06,Completed,NY,48.0
110107.0,10108.0,2025-04-11,Completed,CA,158.0
110108.0,10109.0,2025-08-04,Completed,TX,12.5
110109.0,10110.0,2025-12-20,Completed,FL,99.99
110110.0,10111.0,2025-07-06,Completed,TX,53.0
110111.0,10112.0,2025-05-11,Completed,MA,18.0
110112.0,10113.0,2025-09-16,Completed,CO,158.0
110113.0,10114.0,2025-02-12,Completed,NY,48.0
110114.0,10115.0,2025-12-13,Completed,FL,199.98
110115.0,10116.0,2025-06-04,Completed,NC,26.5
110116.0,10117.0,2025-07-28,Completed,VA,79.0
110117.0,10118.0,2025-01-14,Completed,NY,48.0
110118.0,10119.0,2025-08-29,Completed,MA,22.0
110119.0,10120.0,2025-07-21,Completed,CO,79.0
110120.0,10121.0,2025-12-14,Completed,NY,99.99
110121.0,10122.0,2025-08-18,Completed,CO,99.99
110122.0,10123.0,2025-11-10,Completed,NY,25.0
110123.0,10124.0,2025-03-12,Completed,MA,158.0
110124.0,10125.0,2026-01-08,Completed,NY,12.5
110125.0,10126.0,2026-01-11,Completed,NC,144.0
110126.0,10127.0,2025-02-10,Completed,MA,158.0
110127.0,10128.0,2025-09-10,Completed,TX,26.5
110128.0,10129.0,2025-06-25,Completed,VA,26.5
110129.0,10130.0,2025-04-24,Completed,NC,26.5
110130.0,10131.0,2025-05-21,Completed,WA,99.99
110131.0,10132.0,2025-08-07,Completed,NY,48.0
110132.0,10133.0,2025-01-21,Completed,TX,24.99
110133.0,10134.0,2025-07-21,Completed,WA,99.99
110134.0,10135.0,2025-11-17,Completed,NC,26.5
110135.0,10136.0,2025-10-15,Completed,VA,26.5
110136.0,10137.0,2025-04-04,Completed,VA,6.5
110137.0,10138.0,2025-01-10,Completed,VA,195.0
110138.0,10139.0,2025-07-02,Completed,NY,99.99
110139.0,10140.0,2025-01-17,Completed,IL,18.0
110140.0,10141.0,2025-03-06,Completed,FL,25.0
110141.0,10142.0,2025-02-04,Completed,CO,25.0
110142.0,10143.0,2025-06-05,Completed,CA,26.5
110143.0,10144.0,2025-10-30,Completed,VA,199.98
110144.0,10145.0,2025-02-13,Completed,NY,99.99
110145.0,10146.0,2025-07-29,Completed,TX,65.0
110146.0,10147.0,2025-12-24,Completed,CO,26.5
110147.0,10148.0,2025-10-16,Completed,NC,65.0
110148.0,10149.0,2025-01-25,Completed,FL,18.0
110149.0,10150.0,2025-07-09,Completed,IL,79.0
110150.0,10151.0,2025-06-30,Completed,TX,99.99
110151.0,10152.0,2025-06-17,Completed,NC,18.0
110152.0,10153.0,2025-04-02,Completed,TX,53.0
110153.0,10154.0,2025-03-04,Completed,CA,6.5
110154.0,10155.0,2025-04-07,Completed,IL,18.0
110155.0,10156.0,2025-07-12,Completed,WA,79.0
110156.0,10157.0,2025-10-02,Completed,TX,6.5
110157.0,10158.0,2025-10-01,Completed,MA,18.0
110158.0,10159.0,2025-11-08,Completed,CO,26.5
110159.0,10160.0,2025-03-16,Completed,NY,96.0
110160.0,10161.0,2025-09-16,Completed,FL,65.0
110161.0,10162.0,2025-01-29,Completed,TX,158.0
110162.0,10163.0,2025-01-24,Completed,VA,48.0
110163.0,10164.0,2025-12-09,Completed,IL,24.99
110164.0,10165.0,2025-04-04,Completed,FL,12.5
110165.0,10166.0,2025-09-09,Completed,FL,130.0
110166.0,10167.0,2025-08-01,Completed,CO,26.5
110167.0,10168.0,2025-04-14,Completed,TX,26.5
110168.0,10169.0,2025-01-25,Completed,FL,12.5
110169.0,10170.0,2025-11-10,Completed,CO,48.0
110170.0,10171.0,2025-12-18,Completed,CA,24.99
110171.0,10172.0,2025-09-28,Completed,FL,24.99
110172.0,10173.0,2025-12-05,Completed,CA,79.0
110173.0,10174.0,2025-08-31,Completed,FL,18.0
110174.0,10175.0,2025-06-02,Completed,MA,22.0
110175.0,10176.0,2025-07-21,Completed,WA,48.0
110176.0,10177.0,2025-06-19,Completed,CA,79.0
110177.0,10178.0,2025-01-10,Completed,NY,65.0
110178.0,10179.0,2025-08-21,Completed,NY,18.0
110179.0,10180.0,2026-01-05,Completed,NY,99.99
110180.0,10181.0,2026-01-01,Completed,TX,299.97
110181.0,10182.0,2025-04-04,Completed,FL,26.5
110182.0,10183.0,2025-09-07,Completed,WA,79.0
110183.0,10184.0,2025-12-24,Completed,MA,65.0
110184.0,10185.0,2025-06-11,Completed,NC,79.0
110185.0,10186.0,2025-11-07,Completed,NY,79.0
110186.0,10187.0,2025-06-25,Completed,TX,65.0
110187.0,10188.0,2025-08-12,Completed,CO,237.0
110188.0,10189.0,2025-02-19,Completed,NY,22.0
110189.0,10190.0,2025-11-09,Completed,VA,18.0
110190.0,10191.0,2025-07-08,Completed,FL,99.99
110191.0,10192.0,2025-04-06,Completed,NY,22.0
110192.0,10193.0,2025-12-05,Completed,NC,12.5
110193.0,10194.0,2025-03-06,Completed,WA,26.5
110194.0,10195.0,2025-04-30,Completed,FL,12.5
110195.0,10196.0,2025-07-08,Completed,IL,48.0
110196.0,10197.0,2025-03-08,Completed,TX,79.0
110197.0,10198.0,2025-03-22,Completed,VA,26.5
110198.0,10199.0,2025-09-11,Completed,NY,6.5
110199.0,10200.0,2025-11-23,Completed,CA,18.0
110200.0,10201.0,2025-09-01,Completed,IL,99.99
110201.0,10202.0,2025-09-07,Completed,VA,12.5
110202.0,10203.0,2025-07-08,Completed,CO,48.0
110203.0,10204.0,2025-01-19,Completed,NY,18.0
110204.0,10205.0,2025-10-25,Completed,NC,49.98
110205.0,10206.0,2025-04-04,Completed,WA,130.0
110206.0,10207.0,2025-01-24,Completed,WA,26.5
110207.0,10208.0,2025-11-02,Completed,NC,26.5
110208.0,10209.0,2025-12-06,Completed,FL,24.99
110209.0,10210.0,2025-09-02,Completed,FL,18.0
110210.0,10211.0,2025-10-21,Completed,VA,99.99
110211.0,10212.0,2025-03-30,Completed,NY,19.5
110212.0,10213.0,2025-07-24,Completed,VA,48.0
110213.0,10214.0,2026-01-04,Completed,CO,49.98
110214.0,10215.0,2025-08-04,Completed,TX,79.0
110215.0,10216.0,2025-08-20,Completed,MA,12.5
110216.0,10217.0,2025-07-31,Completed,FL,158.0
110217.0,10218.0,2025-04-18,Completed,MA,158.0
110218.0,10219.0,2025-08-26,Completed,MA,12.5
110219.0,10220.0,2025-09-15,Completed,NC,99.99
110220.0,10221.0,2026-01-01,Completed,FL,144.0
110221.0,10222.0,2025-03-31,Completed,WA,99.99
110222.0,10223.0,2025-02-14,Completed,WA,99.99
110223.0,10224.0,2025-05-15,Completed,CO,48.0
110224.0,10225.0,2025-10-22,Completed,TX,18.0
110225.0,10226.0,2025-11-08,Completed,WA,48.0
110226.0,10227.0,2025-10-24,Completed,WA,158.0
110227.0,10228.0,2025-02-23,Completed,WA,12.5
110228.0,10229.0,2025-10-31,Completed,TX,44.0
110229.0,10230.0,2025-06-21,Completed,MA,48.0
110230.0,10231.0,2025-08-21,Completed,CO,158.0
110231.0,10232.0,2025-10-10,Completed,CA,99.99
110232.0,10233.0,2025-03-21,Completed,TX,12.5
110233.0,10234.0,2025-10-23,Completed,CO,79.0
110234.0,10235.0,2025-10-20,Completed,CA,22.0
110235.0,10236.0,2025-10-19,Completed,CA,199.98
110236.0,10237.0,2025-08-06,Completed,WA,79.0
110237.0,10238.0,2025-11-30,Completed,VA,48.0
110238.0,10239.0,2025-06-01,Completed,CA,6.5
110239.0,10240.0,2025-12-19,Completed,NY,18.0
110240.0,10241.0,2025-11-12,Completed,NC,22.0
110241.0,10242.0,2025-01-27,Completed,FL,22.0
110242.0,10243.0,2025-09-10,Completed,IL,24.99
110243.0,10244.0,2025-07-16,Completed,CA,22.0
110244.0,10245.0,2025-02-02,Completed,WA,6.5
110245.0,10246.0,2025-11-27,Completed,VA,24.99
110246.0,10247.0,2025-10-14,Completed,VA,26.5
110247.0,10248.0,2025-09-25,Completed,TX,12.5
110248.0,10249.0,2025-05-22,Completed,WA,65.0
110249.0,10250.0,2025-09-12,Completed,NY,12.5
110250.0,10251.0,2026-01-03,Completed,FL,22.0
110251.0,10252.0,2025-12-27,Completed,TX,144.0
110252.0,10253.0,2025-07-18,Completed,TX,22.0
110253.0,10254.0,2025-10-29,Completed,FL,48.0
110254.0,10255.0,2025-06-25,Completed,CO,99.99
110255.0,10256.0,2025-06-30,Completed,NC,99.99
110256.0,10257.0,2025-05-16,Completed,IL,18.0
110257.0,10258.0,2025-09-23,Completed,IL,99.99
110258.0,10259.0,2025-10-12,Completed,NY,99.99
110259.0,10260.0,2025-06-26,Completed,TX,18.0
110260.0,10261.0,2025-08-08,Completed,IL,65.0
110261.0,10262.0,2025-11-07,Completed,TX,22.0
110262.0,10263.0,2025-11-11,Completed,FL,36.0
110263.0,10264.0,2025-02-28,Completed,WA,6.5
110264.0,10265.0,2025-08-01,Completed,WA,24.99
110265.0,10266.0,2025-12-07,Completed,NC,22.0
110266.0,10267.0,2025-08-19,Completed,VA,25.0
110267.0,10268.0,2025-08-24,Completed,WA,48.0
110268.0,10269.0,2025-01-07,Completed,CA,79.0
110269.0,10270.0,2025-11-18,Completed,VA,48.0
110270.0,10271.0,2025-05-27,Completed,MA,44.0
110271.0,10272.0,2025-12-06,Completed,CO,26.5
110272.0,10273.0,2025-03-17,Completed,CO,74.97
110273.0,10274.0,2025-09-29,Completed,CO,195.0
110274.0,10275.0,2025-12-30,Completed,NC,99.99
110275.0,10276.0,2025-12-04,Completed,NY,18.0
110276.0,10277.0,2025-06-08,Completed,VA,48.0
110277.0,10278.0,2025-05-03,Completed,NY,99.99
110278.0,10279.0,2025-12-30,Completed,VA,79.0
110279.0,10280.0,2025-11-17,Completed,WA,12.5
110280.0,10281.0,2025-11-12,Completed,MA,19.5
110281.0,10282.0,2025-06-29,Completed,CO,26.5
110282.0,10283.0,2025-05-09,Completed,NC,22.0
110283.0,10284.0,2025-05-30,Completed,TX,22.0
110284.0,10285.0,2025-02-05,Completed,CO,26.5
110285.0,10286.0,2025-07-17,Completed,MA,99.99
110286.0,10287.0,2025-07-28,Completed,WA,22.0
110287.0,10288.0,2025-02-10,Completed,VA,48.0
110288.0,10289.0,2025-01-27,Completed,WA,24.99
110289.0,10290.0,2025-12-23,Completed,CO,12.5
110290.0,10291.0,2025-01-30,Completed,WA,6.5
110291.0,10292.0,2025-05-18,Completed,TX,24.99
110292.0,10293.0,2025-04-10,Completed,CO,12.5
110293.0,10294.0,2025-04-06,Completed,CO,25.0
110294.0,10295.0,2025-05-17,Completed,NY,18.0
110295.0,10296.0,2025-10-05,Completed,MA,19.5
110296.0,10297.0,2025-07-02,Completed,NC,36.0
110297.0,10298.0,2025-04-23,Completed,CO,22.0
110298.0,10299.0,2025-01-21,Completed,MA,53.0
110299.0,10300.0,2025-11-01,Completed,WA,195.0
110300.0,10301.0,2025-02-03,Completed,MA,158.0
110301.0,10302.0,2025-06-19,Completed,FL,12.5
110302.0,10303.0,2025-01-10,Completed,CA,49.98
110303.0,10304.0,2025-03-12,Completed,FL,48.0
110304.0,10305.0,2025-08-21,Completed,IL,25.0
110305.0,10306.0,2025-09-14,Completed,CA,79.0
110306.0,10307.0,2025-10-25,Completed,VA,26.5
110307.0,10308.0,2025-10-31,Completed,TX,18.0
110308.0,10309.0,2025-12-21,Completed,WA,99.99
110309.0,10310.0,2025-04-28,Completed,TX,12.5
110310.0,10311.0,2025-11-15,Completed,CO,48.0
110311.0,10312.0,2025-10-03,Completed,WA,25.0
110312.0,10313.0,2025-11-22,Completed,CA,99.99
110313.0,10314.0,2025-09-30,Completed,CO,26.5
110314.0,10315.0,2025-05-03,Completed,FL,195.0
110315.0,10316.0,2025-04-16,Completed,TX,19.5
110316.0,10317.0,2025-05-31,Completed,TX,25.0
110317.0,10318.0,2026-01-05,Completed,NC,65.0
110318.0,10319.0,2025-08-16,Completed,NY,22.0
110319.0,10320.0,2025-10-27,Completed,WA,6.5
110320.0,10321.0,2025-02-01,Completed,CA,12.5
110321.0,10322.0,2025-09-11,Completed,FL,18.0
110322.0,10323.0,2025-06-21,Completed,VA,12.5
110323.0,10324.0,2026-01-04,Completed,VA,99.99
110324.0,10325.0,2025-04-17,Completed,CA,65.0
110325.0,10326.0,2025-11-11,Completed,MA,6.5
110326.0,10327.0,2025-10-30,Completed,FL,26.5
110327.0,10328.0,2025-04-09,Completed,IL,158.0
110328.0,10329.0,2025-09-10,Completed,NC,49.98
110329.0,10330.0,2025-01-11,Completed,NC,48.0
110330.0,10331.0,2025-04-06,Completed,CA,48.0
110331.0,10332.0,2025-03-25,Completed,NY,24.99
110332.0,10333.0,2025-05-04,Completed,NY,96.0
110333.0,10334.0,2025-04-09,Completed,FL,65.0
110334.0,10335.0,2025-03-27,Completed,NC,6.5
110335.0,10336.0,2025-11-30,Completed,VA,36.0
110336.0,10337.0,2025-03-28,Completed,FL,22.0
110337.0,10338.0,2025-05-27,Completed,FL,22.0
110338.0,10339.0,2025-05-18,Completed,WA,22.0
110339.0,10340.0,2025-03-12,Completed,FL,130.0
110340.0,10341.0,2025-09-15,Completed,WA,22.0
110341.0,10342.0,2025-01-01,Completed,NY,48.0
110342.0,10343.0,2025-04-27,Completed,CO,96.0
110343.0,10344.0,2025-04-08,Completed,WA,48.0
110344.0,10345.0,2025-05-28,Completed,CO,37.5
110345.0,10346.0,2025-05-27,Completed,WA,26.5
110346.0,10347.0,2025-02-26,Completed,IL,12.5
110347.0,10348.0,2025-08-25,Completed,CA,6.5
110348.0,10349.0,2025-05-23,Completed,CO,48.0
110349.0,10350.0,2025-02-13,Completed,MA,79.0
110350.0,10351.0,2025-01-26,Completed,NC,22.0
110351.0,10352.0,2025-08-11,Completed,VA,130.0
110352.0,10353.0,2025-06-08,Completed,MA,48.0
110353.0,10354.0,2025-06-13,Completed,FL,25.0
110354.0,10355.0,2025-08-18,Completed,NC,12.5
110355.0,10356.0,2025-02-26,Completed,TX,48.0
110356.0,10357.0,2025-02-23,Completed,IL,65.0
110357.0,10358.0,2025-01-29,Completed,IL,48.0
110358.0,10359.0,2025-12-25,Completed,TX,12.5
110359.0,10360.0,2025-02-22,Completed,CO,13.0
110360.0,10361.0,2025-07-30,Completed,MA,158.0
110361.0,10362.0,2025-08-31,Completed,CA,79.0
110362.0,10363.0,2025-07-15,Completed,TX,6.5
110363.0,10364.0,2025-10-15,Completed,VA,66.0
110364.0,10365.0,2025-08-23,Completed,CA,13.0
110365.0,10366.0,2025-06-21,Completed,CO,12.5
110366.0,10367.0,2025-07-09,Completed,IL,65.0
110367.0,10368.0,2025-05-09,Completed,IL,24.99
110368.0,10369.0,2025-07-03,Completed,WA,99.99
110369.0,10370.0,2025-02-03,Completed,IL,96.0
110370.0,10371.0,2025-07-12,Completed,NY,49.98
110371.0,10372.0,2025-09-05,Completed,CA,26.5
110372.0,10373.0,2025-04-10,Completed,FL,18.0
110373.0,10374.0,2025-01-30,Completed,CO,48.0
110374.0,10375.0,2025-02-25,Completed,FL,18.0
110375.0,10376.0,2025-08-27,Completed,TX,65.0
110376.0,10377.0,2025-09-25,Completed,IL,79.0
110377.0,10378.0,2025-12-28,Completed,VA,49.98
110378.0,10379.0,2025-10-09,Completed,TX,65.0
110379.0,10380.0,2025-09-08,Completed,NY,79.0
110380.0,10381.0,2025-11-02,Completed,CA,18.0
110381.0,10382.0,2025-06-29,Completed,CO,24.99
110382.0,10383.0,2025-04-06,Completed,VA,79.0
110383.0,10384.0,2025-02-06,Completed,CA,48.0
110384.0,10385.0,2025-04-22,Completed,VA,49.98
110385.0,10386.0,2025-08-02,Completed,FL,24.99
110386.0,10387.0,2025-04-11,Completed,NY,12.5
110387.0,10388.0,2025-10-16,Completed,CO,99.99
110388.0,10389.0,2025-08-01,Completed,CO,22.0
110389.0,10390.0,2025-07-07,Completed,IL,48.0
110390.0,10391.0,2025-11-23,Completed,MA,74.97
110391.0,10392.0,2025-01-27,Completed,VA,79.0
110392.0,10393.0,2025-03-30,Completed,TX,237.0
110393.0,10394.0,2025-01-30,Completed,TX,130.0
110394.0,10395.0,2025-10-08,Completed,FL,22.0
110395.0,10396.0,2025-05-04,Completed,FL,49.98
110396.0,10397.0,2025-04-03,Completed,VA,6.5
110397.0,10398.0,2025-10-16,Completed,WA,99.99
110398.0,10399.0,2025-06-10,Completed,FL,12.5
110399.0,10400.0,2025-12-01,Completed,WA,99.99
110400.0,10401.0,2025-06-21,Completed,NC,12.5
110401.0,10402.0,2025-09-28,Completed,IL,53.0
110402.0,10403.0,2025-11-17,Completed,MA,24.99
110403.0,10404.0,2025-10-03,Completed,WA,6.5
110404.0,10405.0,2025-02-23,Completed,MA,79.0
110405.0,10406.0,2025-08-12,Completed,CO,66.0
110406.0,10407.0,2025-10-04,Completed,CA,22.0
110407.0,10408.0,2025-04-10,Completed,CO,6.5
110408.0,10409.0,2025-02-09,Completed,TX,25.0
110409.0,10410.0,2025-06-29,Completed,CA,299.97
110410.0,10411.0,2025-01-31,Completed,TX,18.0
110411.0,10412.0,2025-10-16,Completed,WA,65.0
110412.0,10413.0,2025-04-11,Completed,CA,49.98
110413.0,10414.0,2025-01-21,Completed,CA,48.0
110414.0,10415.0,2025-08-23,Completed,WA,65.0
110415.0,10416.0,2025-12-21,Completed,TX,18.0
110416.0,10417.0,2025-12-13,Completed,WA,48.0
110417.0,10418.0,2025-08-28,Completed,TX,6.5
110418.0,10419.0,2025-05-04,Completed,IL,99.99
110419.0,10420.0,2025-04-25,Completed,FL,99.99
110420.0,10421.0,2025-10-24,Completed,CO,49.98
110421.0,10422.0,2025-10-05,Completed,NY,99.99
110422.0,10423.0,2025-07-27,Completed,NC,99.99
110423.0,10424.0,2025-05-20,Completed,CO,53.0
110424.0,10425.0,2025-05-07,Completed,WA,53.0
110425.0,10426.0,2025-05-29,Completed,TX,22.0
110426.0,10427.0,2025-09-17,Completed,CO,96.0
110427.0,10428.0,2025-12-02,Completed,IL,49.98
110428.0,10429.0,2025-07-14,Completed,NC,158.0
110429.0,10430.0,2025-04-09,Completed,WA,22.0
110430.0,10431.0,2025-05-05,Completed,FL,24.99
110431.0,10432.0,2025-12-14,Completed,NY,36.0
110432.0,10433.0,2025-12-31,Completed,CA,79.0
110433.0,10434.0,2025-03-25,Completed,CO,18.0
110434.0,10435.0,2025-05-25,Completed,NY,26.5
110435.0,10436.0,2025-05-09,Completed,IL,96.0
110436.0,10437.0,2025-09-13,Completed,CO,65.0
110437.0,10438.0,2025-09-07,Completed,CA,65.0
110438.0,10439.0,2025-11-16,Completed,IL,48.0
110439.0,10440.0,2025-04-12,Completed,FL,6.5
110440.0,10441.0,2025-07-12,Completed,IL,13.0
110441.0,10442.0,2025-10-13,Completed,CO,6.5
110442.0,10443.0,2025-10-26,Completed,TX,79.5
110443.0,10444.0,2025-12-28,Completed,NC,6.5
110444.0,10445.0,2025-12-18,Completed,CO,96.0
110445.0,10446.0,2025-08-05,Completed,MA,79.0
110446.0,10447.0,2025-04-12,Completed,TX,18.0
110447.0,10448.0,2025-12-01,Completed,TX,99.99
110448.0,10449.0,2025-06-10,Completed,NY,12.5
110449.0,10450.0,2025-02-21,Completed,CA,18.0
110450.0,10451.0,2025-08-10,Completed,IL,18.0
110451.0,10452.0,2025-05-10,Completed,WA,18.0
110452.0,10453.0,2025-04-01,Completed,NC,79.0
110453.0,10454.0,2025-03-19,Completed,FL,25.0
110454.0,10455.0,2025-10-21,Completed,NC,99.99
110455.0,10456.0,2025-06-10,Completed,NC,158.0
110456.0,10457.0,2025-03-26,Completed,VA,65.0
110457.0,10458.0,2025-12-05,Completed,IL,6.5
110458.0,10459.0,2025-05-07,Completed,MA,6.5
110459.0,10460.0,2025-05-01,Completed,MA,48.0
110460.0,10461.0,2025-10-03,Completed,VA,65.0
110461.0,10462.0,2025-01-20,Completed,MA,65.0
110462.0,10463.0,2025-02-22,Completed,MA,99.99
110463.0,10464.0,2025-06-03,Completed,NY,48.0
110464.0,10465.0,2025-12-26,Completed,IL,74.97
110465.0,10466.0,2025-07-11,Completed,CO,37.5
110466.0,10467.0,2025-03-15,Completed,VA,79.0
110467.0,10468.0,2025-09-18,Completed,VA,22.0
110468.0,10469.0,2025-03-24,Completed,CO,22.0
110469.0,10470.0,2025-11-08,Completed,NC,22.0
110470.0,10471.0,2025-10-16,Completed,NY,53.0
110471.0,10472.0,2025-02-13,Completed,TX,12.5
110472.0,10473.0,2025-04-29,Completed,TX,24.99
110473.0,10474.0,2025-02-14,Completed,MA,48.0
110474.0,10475.0,2025-01-10,Completed,NY,22.0
110475.0,10476.0,2025-08-26,Completed,MA,6.5
110476.0,10477.0,2025-01-02,Completed,VA,26.5
110477.0,10478.0,2025-08-08,Completed,FL,19.5
110478.0,10479.0,2025-10-20,Completed,CA,26.5
110479.0,10480.0,2025-03-29,Completed,CA,26.5
110480.0,10481.0,2026-01-15,Completed,CA,49.98
110481.0,10482.0,2026-01-03,Completed,CO,24.99
110482.0,10483.0,2025-03-06,Completed,MA,130.0
110483.0,10484.0,2025-04-23,Completed,CA,48.0
110484.0,10485.0,2025-12-07,Completed,NC,12.5
110485.0,10486.0,2025-09-28,Completed,NC,12.5
110486.0,10487.0,2025-01-25,Completed,CA,79.0
110487.0,10488.0,2025-10-23,Completed,TX,99.99
110488.0,10489.0,2025-06-24,Completed,MA,199.98
110489.0,10490.0,2025-08-18,Completed,CO,12.5
110490.0,10491.0,2025-06-05,Completed,TX,49.98
110491.0,10492.0,2025-12-21,Completed,NY,36.0
110492.0,10493.0,2025-05-26,Completed,NC,199.98
110493.0,10494.0,2025-05-01,Completed,TX,24.99
110494.0,10495.0,2025-08-27,Completed,CO,49.98
110495.0,10496.0,2025-09-06,Completed,TX,26.5
110496.0,10497.0,2026-01-11,Completed,MA,48.0
110497.0,10498.0,2025-04-26,Completed,VA,79.0
110498.0,10499.0,2025-09-25,Completed,NC,6.5
110499.0,10500.0,2025-12-31,Completed,FL,24.99
110500.0,10501.0,2025-04-22,Completed,NY,24.99
110501.0,10502.0,2025-10-01,Completed,CO,6.5
110502.0,10503.0,2025-10-31,Completed,TX,22.0
110503.0,10504.0,2025-12-02,Completed,VA,99.99
110504.0,10505.0,2025-10-17,Completed,CO,53.0
110505.0,10506.0,2025-05-27,Completed,IL,6.5
110506.0,10507.0,2025-08-09,Completed,FL,99.99
110507.0,10508.0,2025-11-20,Completed,FL,195.0
110508.0,10509.0,2025-05-08,Completed,TX,44.0
110509.0,10510.0,2025-06-13,Completed,IL,18.0
110510.0,10511.0,2025-10-27,Completed,NC,18.0
110511.0,10512.0,2025-08-17,Completed,FL,12.5
110512.0,10513.0,2025-12-29,Completed,MA,24.99
110513.0,10514.0,2025-08-01,Completed,IL,99.99
110514.0,10515.0,2025-01-03,Completed,MA,13.0
110515.0,10516.0,2025-06-01,Completed,WA,6.5
110516.0,10517.0,2025-10-30,Completed,CO,48.0
110517.0,10518.0,2025-03-12,Completed,WA,237.0
110518.0,10519.0,2025-03-27,Completed,CO,26.5
110519.0,10520.0,2025-02-26,Completed,MA,24.99
110520.0,10521.0,2025-03-11,Completed,FL,79.0
110521.0,10522.0,2025-03-11,Completed,CO,299.97
110522.0,10523.0,2026-01-10,Completed,TX,199.98
110523.0,10524.0,2025-12-23,Completed,MA,199.98
110524.0,10525.0,2025-03-02,Completed,NC,195.0
110525.0,10526.0,2025-08-08,Completed,CA,96.0
110526.0,10527.0,2025-06-04,Completed,MA,6.5
110527.0,10528.0,2025-03-25,Completed,NY,48.0
110528.0,10529.0,2025-02-19,Completed,FL,54.0
110529.0,10530.0,2025-06-13,Completed,CO,22.0
110530.0,10531.0,2025-04-08,Completed,CA,79.0
110531.0,10532.0,2025-06-12,Completed,MA,22.0
110532.0,10533.0,2025-12-07,Completed,FL,130.0
110533.0,10534.0,2025-08-14,Completed,VA,299.97
110534.0,10535.0,2025-04-11,Completed,MA,130.0
110535.0,10536.0,2025-06-05,Completed,WA,6.5
110536.0,10537.0,2025-06-03,Completed,NC,99.99
110537.0,10538.0,2025-07-06,Completed,TX,18.0
110538.0,10539.0,2025-12-12,Completed,CO,24.99
110539.0,10540.0,2025-05-13,Completed,FL,22.0
110540.0,10541.0,2025-12-14,Completed,CA,44.0
110541.0,10542.0,2025-08-03,Completed,NY,22.0
110542.0,10543.0,2025-01-18,Completed,MA,79.0
110543.0,10544.0,2025-07-07,Completed,IL,99.99
110544.0,10545.0,2025-07-24,Completed,TX,99.99
110545.0,10546.0,2025-08-26,Completed,NC,24.99
110546.0,10547.0,2025-01-21,Completed,IL,22.0
110547.0,10548.0,2025-12-21,Completed,FL,26.5
110548.0,10549.0,2026-01-10,Completed,NY,48.0
110549.0,10550.0,2025-10-12,Completed,NC,25.0
110550.0,10551.0,2025-07-31,Completed,FL,6.5
110551.0,10552.0,2026-01-11,Completed,NC,79.0
110552.0,10553.0,2025-03-27,Completed,NY,54.0
110553.0,10554.0,2025-08-19,Completed,FL,22.0
110554.0,10555.0,2025-12-23,Completed,IL,99.99
110555.0,10556.0,2025-04-22,Completed,MA,24.99
110556.0,10557.0,2025-06-08,Completed,FL,99.99
110557.0,10558.0,2025-04-06,Completed,NY,26.5
110558.0,10559.0,2025-04-23,Completed,MA,18.0
110559.0,10560.0,2025-07-04,Completed,FL,37.5
110560.0,10561.0,2025-07-01,Completed,NY,36.0
110561.0,10562.0,2025-01-27,Completed,FL,36.0
110562.0,10563.0,2025-03-21,Completed,IL,96.0
110563.0,10564.0,2025-06-20,Completed,CA,6.5
110564.0,10565.0,2025-07-24,Completed,FL,12.5
110565.0,10566.0,2025-06-11,Completed,FL,6.5
110566.0,10567.0,2026-01-12,Completed,VA,199.98
110567.0,10568.0,2025-03-10,Completed,IL,26.5
110568.0,10569.0,2025-02-13,Completed,TX,53.0
110569.0,10570.0,2025-09-21,Completed,VA,22.0
110570.0,10571.0,2025-03-31,Completed,MA,65.0
110571.0,10572.0,2025-12-03,Completed,VA,26.5
110572.0,10573.0,2025-09-02,Completed,FL,26.5
110573.0,10574.0,2025-03-02,Completed,IL,24.99
110574.0,10575.0,2025-12-12,Completed,TX,26.5
110575.0,10576.0,2025-02-19,Completed,TX,79.0
110576.0,10577.0,2025-07-30,Completed,FL,48.0
110577.0,10578.0,2025-09-06,Completed,FL,24.99
110578.0,10579.0,2025-08-12,Completed,NY,65.0
110579.0,10580.0,2025-10-27,Completed,TX,49.98
110580.0,10581.0,2025-04-09,Completed,CA,99.99
110581.0,10582.0,2025-10-31,Completed,NC,12.5
110582.0,10583.0,2025-02-19,Completed,MA,49.98
110583.0,10584.0,2025-02-10,Completed,IL,24.99
110584.0,10585.0,2025-08-31,Completed,WA,12.5
110585.0,10586.0,2025-10-29,Completed,CO,26.5
110586.0,10587.0,2025-05-31,Completed,NC,26.5
110587.0,10588.0,2025-06-09,Completed,TX,12.5
110588.0,10589.0,2025-04-26,Completed,WA,49.98
110589.0,10590.0,2025-12-19,Completed,FL,18.0
110590.0,10591.0,2025-08-08,Completed,WA,24.99
110591.0,10592.0,2025-03-26,Completed,WA,22.0
110592.0,10593.0,2025-03-03,Completed,MA,22.0
110593.0,10594.0,2025-06-28,Completed,TX,26.5
110594.0,10595.0,2025-12-02,Completed,CA,99.99
110595.0,10596.0,2025-05-12,Completed,CO,79.0
110596.0,10597.0,2025-05-25,Completed,CA,79.0
110597.0,10598.0,2025-02-08,Completed,NY,24.99
110598.0,10599.0,2025-12-09,Completed,CA,44.0
110599.0,10600.0,2025-08-12,Completed,TX,25.0
110600.0,10601.0,2025-02-06,Completed,CO,44.0
110601.0,10602.0,2025-03-01,Completed,NY,13.0
110602.0,10603.0,2025-01-04,Completed,IL,74.97
110603.0,10604.0,2025-02-13,Completed,NC,18.0
110604.0,10605.0,2025-06-29,Completed,IL,24.99
110605.0,10606.0,2025-12-14,Completed,CO,130.0
110606.0,10607.0,2025-10-27,Completed,IL,26.5
110607.0,10608.0,2025-10-07,Completed,CO,24.99
110608.0,10609.0,2025-07-25,Completed,NY,12.5
110609.0,10610.0,2025-08-14,Completed,MA,65.0
110610.0,10611.0,2025-01-11,Completed,FL,26.5
110611.0,10612.0,2025-09-16,Completed,CO,48.0
110612.0,10613.0,2025-10-20,Completed,NC,65.0
110613.0,10614.0,2025-01-10,Completed,CO,48.0
110614.0,10615.0,2025-09-22,Completed,NY,49.98
110615.0,10616.0,2025-07-19,Completed,TX,6.5
110616.0,10617.0,2025-10-19,Completed,NY,79.5
110617.0,10618.0,2025-11-22,Completed,VA,18.0
110618.0,10619.0,2026-01-07,Completed,TX,79.0
110619.0,10620.0,2025-03-12,Completed,IL,96.0
110620.0,10621.0,2026-01-09,Completed,FL,48.0
110621.0,10622.0,2025-12-27,Completed,MA,199.98
110622.0,10623.0,2025-08-23,Completed,NC,99.99
110623.0,10624.0,2025-01-05,Completed,MA,18.0
110624.0,10625.0,2025-05-16,Completed,FL,18.0
110625.0,10626.0,2025-11-21,Completed,WA,18.0
110626.0,10627.0,2025-07-23,Completed,WA,65.0
110627.0,10628.0,2025-10-18,Completed,FL,6.5
110628.0,10629.0,2025-12-11,Completed,NC,144.0
110629.0,10630.0,2025-06-25,Completed,IL,6.5
110630.0,10631.0,2025-01-24,Completed,VA,158.0
110631.0,10632.0,2025-04-20,Completed,CA,19.5
110632.0,10633.0,2025-01-02,Completed,TX,12.5
110633.0,10634.0,2025-02-14,Completed,NY,18.0
110634.0,10635.0,2025-02-04,Completed,CA,22.0
110635.0,10636.0,2025-10-01,Completed,NY,26.5
110636.0,10637.0,2025-10-24,Completed,VA,44.0
110637.0,10638.0,2025-01-27,Completed,CO,13.0
110638.0,10639.0,2025-02-26,Completed,TX,12.5
110639.0,10640.0,2025-10-31,Completed,VA,99.99
110640.0,10641.0,2025-12-17,Completed,VA,12.5
110641.0,10642.0,2025-02-26,Completed,NC,18.0
110642.0,10643.0,2025-04-02,Completed,IL,48.0
110643.0,10644.0,2025-01-20,Completed,CA,12.5
110644.0,10645.0,2025-10-27,Completed,NY,79.0
110645.0,10646.0,2025-09-05,Completed,VA,18.0
110646.0,10647.0,2025-10-29,Completed,IL,199.98
110647.0,10648.0,2025-01-28,Completed,WA,12.5
110648.0,10649.0,2025-05-09,Completed,CA,24.99
110649.0,10650.0,2025-12-03,Completed,CA,26.5
110650.0,10651.0,2025-11-19,Completed,TX,24.99
110651.0,10652.0,2025-01-02,Completed,NC,48.0
110652.0,10653.0,2025-04-21,Completed,FL,12.5
110653.0,10654.0,2025-02-15,Completed,FL,18.0
110654.0,10655.0,2025-09-10,Completed,NY,26.5
110655.0,10656.0,2025-12-31,Completed,NC,48.0
110656.0,10657.0,2025-11-02,Completed,IL,13.0
110657.0,10658.0,2025-10-08,Completed,VA,48.0
110658.0,10659.0,2025-04-21,Completed,CO,25.0
110659.0,10660.0,2025-12-17,Completed,CO,99.99
110660.0,10661.0,2025-10-03,Completed,IL,13.0
110661.0,10662.0,2025-10-27,Completed,NY,24.99
110662.0,10663.0,2025-08-16,Completed,CA,12.5
110663.0,10664.0,2025-12-21,Completed,IL,49.98
110664.0,10665.0,2025-02-13,Completed,CO,25.0
110665.0,10666.0,2025-10-05,Completed,CO,6.5
110666.0,10667.0,2025-11-11,Completed,CA,65.0
110667.0,10668.0,2025-12-26,Completed,FL,24.99
110668.0,10669.0,2025-05-05,Completed,TX,22.0
110669.0,10670.0,2025-12-30,Completed,WA,130.0
110670.0,10671.0,2025-08-11,Completed,FL,195.0
110671.0,10672.0,2025-04-24,Completed,FL,44.0
110672.0,10673.0,2026-01-09,Completed,MA,26.5
110673.0,10674.0,2025-05-05,Completed,MA,99.99
110674.0,10675.0,2025-10-13,Completed,FL,99.99
110675.0,10676.0,2025-07-04,Completed,NY,130.0
110676.0,10677.0,2025-03-31,Completed,CA,22.0
110677.0,10678.0,2025-12-21,Completed,CA,6.5
110678.0,10679.0,2025-01-30,Completed,WA,48.0
110679.0,10680.0,2026-01-14,Completed,CA,79.0
110680.0,10681.0,2025-07-24,Completed,CA,26.5
110681.0,10682.0,2025-03-21,Completed,MA,54.0
110682.0,10683.0,2025-05-31,Completed,FL,26.5
110683.0,10684.0,2025-02-21,Completed,NC,49.98
110684.0,10685.0,2025-06-09,Completed,WA,25.0
110685.0,10686.0,2025-08-03,Completed,NC,48.0
110686.0,10687.0,2025-03-12,Completed,CA,48.0
110687.0,10688.0,2025-03-13,Completed,CA,36.0
110688.0,10689.0,2025-03-05,Completed,CA,130.0
110689.0,10690.0,2025-07-19,Completed,NC,22.0
110690.0,10691.0,2025-07-23,Completed,TX,26.5
110691.0,10692.0,2025-01-10,Completed,VA,22.0
110692.0,10693.0,2025-07-06,Completed,CA,12.5
110693.0,10694.0,2025-08-20,Completed,CO,65.0
110694.0,10695.0,2025-12-03,Completed,CA,24.99
110695.0,10696.0,2025-01-27,Completed,WA,13.0
110696.0,10697.0,2025-06-06,Completed,VA,36.0
110697.0,10698.0,2025-04-11,Completed,CO,99.99
110698.0,10699.0,2025-10-03,Completed,CO,48.0
110699.0,10700.0,2025-04-18,Completed,WA,158.0
110700.0,10701.0,2025-11-16,Completed,NC,99.99
110701.0,10702.0,2025-11-26,Completed,CO,12.5
110702.0,10703.0,2025-09-18,Completed,FL,24.99
110703.0,10704.0,2025-07-29,Completed,WA,199.98
110704.0,10705.0,2025-04-12,Completed,TX,18.0
110705.0,10706.0,2025-09-17,Completed,IL,24.99
110706.0,10707.0,2025-11-23,Completed,VA,99.99
110707.0,10708.0,2025-12-24,Completed,CA,25.0
110708.0,10709.0,2025-04-16,Completed,CA,22.0
110709.0,10710.0,2025-02-10,Completed,WA,158.0
110710.0,10711.0,2025-02-02,Completed,MA,6.5
110711.0,10712.0,2025-06-29,Completed,WA,48.0
110712.0,10713.0,2025-12-25,Completed,NY,12.5
110713.0,10714.0,2025-10-28,Completed,CA,158.0
110714.0,10715.0,2025-07-10,Completed,FL,99.99
110715.0,10716.0,2025-03-21,Completed,FL,24.99
110716.0,10717.0,2025-11-23,Completed,WA,6.5
110717.0,10718.0,2025-07-14,Completed,IL,13.0
110718.0,10719.0,2025-12-26,Completed,NC,48.0
110719.0,10720.0,2025-06-30,Completed,WA,18.0
110720.0,10721.0,2025-05-31,Completed,WA,158.0
110721.0,10722.0,2025-12-23,Completed,MA,48.0
110722.0,10723.0,2025-11-17,Completed,VA,24.99
110723.0,10724.0,2025-04-05,Completed,CO,6.5
110724.0,10725.0,2025-12-26,Completed,TX,144.0
110725.0,10726.0,2025-10-22,Completed,WA,79.0
110726.0,10727.0,2025-12-18,Completed,NY,37.5
110727.0,10728.0,2025-09-18,Completed,NC,65.0
110728.0,10729.0,2025-02-11,Completed,IL,18.0
110729.0,10730.0,2025-04-07,Completed,TX,22.0
110730.0,10731.0,2025-12-06,Completed,CA,24.99
110731.0,10732.0,2025-10-03,Completed,VA,18.0
110732.0,10733.0,2025-04-18,Completed,VA,199.98
110733.0,10734.0,2025-01-11,Completed,VA,25.0
110734.0,10735.0,2025-01-24,Completed,CO,24.99
110735.0,10736.0,2025-04-21,Completed,CO,158.0
110736.0,10737.0,2025-08-02,Completed,IL,79.0
110737.0,10738.0,2025-12-26,Completed,NC,99.99
110738.0,10739.0,2025-10-03,Completed,CA,18.0
110739.0,10740.0,2025-05-30,Completed,CA,158.0
110740.0,10741.0,2025-12-19,Completed,MA,24.99
110741.0,10742.0,2025-07-26,Completed,VA,36.0
110742.0,10743.0,2025-07-16,Completed,TX,79.0
110743.0,10744.0,2025-02-19,Completed,VA,48.0
110744.0,10745.0,2026-01-10,Completed,NC,26.5
110745.0,10746.0,2025-04-19,Completed,IL,144.0
110746.0,10747.0,2025-04-11,Completed,NC,24.99
110747.0,10748.0,2025-07-09,Completed,CA,22.0
110748.0,10749.0,2025-01-18,Completed,TX,18.0
110749.0,10750.0,2025-03-31,Completed,CO,26.5
110750.0,10751.0,2025-12-30,Completed,NY,199.98
110751.0,10752.0,2025-11-26,Completed,IL,13.0
110752.0,10753.0,2025-01-20,Completed,VA,79.0
110753.0,10754.0,2025-01-17,Completed,MA,26.5
110754.0,10755.0,2025-10-31,Completed,CA,26.5
110755.0,10756.0,2025-12-17,Completed,NC,130.0
110756.0,10757.0,2025-04-16,Completed,CO,79.0
110757.0,10758.0,2025-09-03,Completed,NY,44.0
110758.0,10759.0,2025-08-26,Completed,CO,6.5
110759.0,10760.0,2025-07-03,Completed,NC,18.0
110760.0,10761.0,2025-11-06,Completed,FL,48.0
110761.0,10762.0,2025-11-25,Completed,FL,22.0
110762.0,10763.0,2025-05-08,Completed,NC,6.5
110763.0,10764.0,2025-04-13,Completed,TX,48.0
110764.0,10765.0,2025-05-01,Completed,CO,65.0
110765.0,10766.0,2025-04-03,Completed,FL,22.0
110766.0,10767.0,2025-03-16,Completed,FL,79.0
110767.0,10768.0,2025-02-20,Completed,NC,199.98
110768.0,10769.0,2025-06-20,Completed,CO,199.98
110769.0,10770.0,2025-08-25,Completed,CO,26.5
110770.0,10771.0,2025-06-03,Completed,VA,22.0
110771.0,10772.0,2025-03-14,Completed,FL,26.5
110772.0,10773.0,2025-10-12,Completed,CO,96.0
110773.0,10774.0,2025-08-23,Completed,WA,99.99
110774.0,10775.0,2025-10-16,Completed,FL,18.0
110775.0,10776.0,2025-06-16,Completed,CA,158.0
110776.0,10777.0,2025-02-19,Completed,TX,26.5
110777.0,10778.0,2025-05-16,Completed,CO,25.0
110778.0,10779.0,2025-12-07,Completed,IL,26.5
110779.0,10780.0,2025-07-06,Completed,NY,6.5
110780.0,10781.0,2025-10-09,Completed,IL,96.0
110781.0,10782.0,2025-07-15,Completed,NY,22.0
110782.0,10783.0,2025-01-15,Completed,MA,12.5
110783.0,10784.0,2025-11-03,Completed,CA,24.99
110784.0,10785.0,2025-02-27,Completed,IL,24.99
110785.0,10786.0,2025-03-16,Completed,FL,12.5
110786.0,10787.0,2025-06-08,Completed,FL,49.98
110787.0,10788.0,2026-01-15,Completed,TX,65.0
110788.0,10789.0,2025-11-07,Completed,FL,65.0
110789.0,10790.0,2025-04-10,Completed,NC,6.5
110790.0,10791.0,2025-05-18,Completed,VA,79.0
110791.0,10792.0,2025-12-13,Completed,WA,99.99
110792.0,10793.0,2025-05-28,Completed,VA,65.0
110793.0,10794.0,2025-08-17,Completed,WA,65.0
110794.0,10795.0,2025-04-06,Completed,CA,22.0
110795.0,10796.0,2025-03-20,Completed,NC,44.0
110796.0,10797.0,2025-11-12,Completed,CO,26.5
110797.0,10798.0,2025-02-18,Completed,CO,48.0
110798.0,10799.0,2025-10-04,Completed,NY,65.0
110799.0,10800.0,2025-06-21,Completed,WA,25.0
110800.0,10801.0,2025-11-06,Completed,IL,65.0
110801.0,10802.0,2025-06-19,Completed,CA,13.0
110802.0,10803.0,2025-12-13,Completed,FL,79.0
110803.0,10804.0,2025-09-09,Completed,NC,6.5
110804.0,10805.0,2025-10-07,Completed,CO,24.99
110805.0,10806.0,2025-04-19,Completed,CA,99.99
110806.0,10807.0,2025-12-12,Completed,VA,79.0
110807.0,10808.0,2025-10-15,Completed,TX,79.0
110808.0,10809.0,2025-07-09,Completed,VA,6.5
110809.0,10810.0,2025-08-06,Completed,VA,26.5
110810.0,10811.0,2025-05-16,Completed,MA,24.99
110811.0,10812.0,2025-01-31,Completed,FL,99.99
110812.0,10813.0,2025-05-14,Completed,IL,6.5
110813.0,10814.0,2025-04-10,Completed,NC,26.5
110814.0,10815.0,2025-10-06,Completed,TX,65.0
110815.0,10816.0,2025-12-09,Completed,NC,158.0
110816.0,10817.0,2025-12-07,Completed,CO,6.5
110817.0,10818.0,2025-08-29,Completed,FL,12.5
110818.0,10819.0,2025-12-31,Completed,TX,26.5
110819.0,10820.0,2025-02-17,Completed,FL,22.0
110820.0,10821.0,2025-11-08,Completed,CA,79.0
110821.0,10822.0,2025-03-31,Completed,NY,6.5
110822.0,10823.0,2025-01-06,Completed,IL,26.5
110823.0,10824.0,2025-05-31,Completed,IL,22.0
110824.0,10825.0,2025-08-22,Completed,IL,13.0
110825.0,10826.0,2025-01-17,Completed,IL,158.0
110826.0,10827.0,2025-03-14,Completed,NC,65.0
110827.0,10828.0,2025-10-27,Completed,CO,237.0
110828.0,10829.0,2025-09-23,Completed,IL,54.0
110829.0,10830.0,2025-08-22,Completed,WA,13.0
110830.0,10831.0,2025-01-15,Completed,WA,22.0
110831.0,10832.0,2025-05-01,Completed,CO,6.5
110832.0,10833.0,2025-12-11,Completed,TX,53.0
110833.0,10834.0,2026-01-13,Completed,NY,79.0
110834.0,10835.0,2025-11-30,Completed,NY,18.0
110835.0,10836.0,2025-07-14,Completed,WA,48.0
110836.0,10837.0,2025-03-27,Completed,IL,99.99
110837.0,10838.0,2025-08-13,Completed,FL,12.5
110838.0,10839.0,2025-01-17,Completed,MA,74.97
110839.0,10840.0,2025-08-05,Completed,MA,48.0
110840.0,10841.0,2025-03-15,Completed,CA,18.0
110841.0,10842.0,2025-03-30,Completed,CA,53.0
110842.0,10843.0,2025-08-22,Completed,WA,99.99
110843.0,10844.0,2025-12-31,Completed,MA,22.0
110844.0,10845.0,2025-01-04,Completed,TX,6.5
110845.0,10846.0,2025-12-31,Completed,NY,24.99
110846.0,10847.0,2025-09-23,Completed,CA,99.99
110847.0,10848.0,2025-09-21,Completed,VA,6.5
110848.0,10849.0,2025-05-04,Completed,WA,65.0
110849.0,10850.0,2025-06-03,Completed,CA,18.0
110850.0,10851.0,2025-08-03,Completed,NC,22.0
110851.0,10852.0,2025-12-12,Completed,WA,18.0
110852.0,10853.0,2025-01-12,Completed,NY,25.0
110853.0,10854.0,2025-11-21,Completed,CO,22.0
110854.0,10855.0,2025-12-20,Completed,IL,79.0
110855.0,10856.0,2025-05-01,Completed,NY,18.0
110856.0,10857.0,2025-02-17,Completed,NY,18.0
110857.0,10858.0,2025-10-24,Completed,TX,79.0
110858.0,10859.0,2025-06-10,Completed,NY,24.99
110859.0,10860.0,2025-09-03,Completed,TX,24.99
110860.0,10861.0,2025-09-21,Completed,FL,22.0
110861.0,10862.0,2025-12-26,Completed,CA,99.99
110862.0,10863.0,2025-10-29,Completed,WA,49.98
110863.0,10864.0,2025-08-28,Completed,CA,6.5
110864.0,10865.0,2025-07-11,Completed,VA,96.0
110865.0,10866.0,2025-11-26,Completed,NC,79.0
110866.0,10867.0,2025-03-06,Completed,NC,44.0
110867.0,10868.0,2025-08-01,Completed,VA,299.97
110868.0,10869.0,2025-07-28,Completed,VA,22.0
110869.0,10870.0,2025-02-05,Completed,CA,12.5
110870.0,10871.0,2025-02-24,Completed,WA,79.0
110871.0,10872.0,2025-03-05,Completed,VA,48.0
110872.0,10873.0,2025-08-28,Completed,VA,65.0
110873.0,10874.0,2025-06-03,Completed,NC,99.99
110874.0,10875.0,2025-12-13,Completed,WA,99.99
110875.0,10876.0,2025-02-11,Completed,FL,26.5
110876.0,10877.0,2025-11-14,Completed,NY,65.0
110877.0,10878.0,2025-08-23,Completed,IL,65.0
110878.0,10879.0,2025-02-05,Completed,NC,54.0
110879.0,10880.0,2025-06-28,Completed,VA,48.0
110880.0,10881.0,2025-07-07,Completed,CO,24.99
110881.0,10882.0,2025-08-30,Completed,NC,24.99
110882.0,10883.0,2025-11-06,Completed,CO,79.0
110883.0,10884.0,2025-04-22,Completed,NC,44.0
110884.0,10885.0,2025-02-24,Completed,CO,12.5
110885.0,10886.0,2025-10-19,Completed,TX,65.0
110886.0,10887.0,2025-11-04,Completed,VA,25.0
110887.0,10888.0,2025-12-15,Completed,VA,79.0
110888.0,10889.0,2025-08-31,Completed,MA,24.99
110889.0,10890.0,2025-08-31,Completed,VA,24.99
110890.0,10891.0,2025-08-27,Completed,CA,12.5
110891.0,10892.0,2025-12-28,Completed,IL,79.0
110892.0,10893.0,2025-09-20,Completed,MA,6.5
110893.0,10894.0,2025-09-03,Completed,IL,22.0
110894.0,10895.0,2025-12-30,Completed,NY,12.5
110895.0,10896.0,2025-01-28,Completed,IL,6.5
110896.0,10897.0,2025-07-05,Completed,WA,48.0
110897.0,10898.0,2025-07-09,Completed,WA,24.99
110898.0,10899.0,2025-06-15,Completed,CA,26.5
110899.0,10900.0,2025-05-17,Completed,VA,18.0
110900.0,10901.0,2026-01-02,Completed,WA,22.0
110901.0,10902.0,2025-12-22,Completed,MA,158.0
110902.0,10903.0,2025-01-18,Completed,MA,24.99
110903.0,10904.0,2025-09-04,Completed,NY,130.0
110904.0,10905.0,2025-11-08,Completed,CO,6.5
110905.0,10906.0,2025-11-17,Completed,NY,6.5
110906.0,10907.0,2025-07-12,Completed,NC,79.0
110907.0,10908.0,2025-07-11,Completed,VA,49.98
110908.0,10909.0,2025-10-18,Completed,IL,26.5
110909.0,10910.0,2025-03-05,Completed,MA,12.5
110910.0,10911.0,2025-09-20,Completed,NC,13.0
110911.0,10912.0,2025-06-11,Completed,VA,65.0
110912.0,10913.0,2025-01-06,Completed,CO,24.99
110913.0,10914.0,2025-02-09,Completed,WA,18.0
110914.0,10915.0,2025-03-20,Completed,CA,48.0
110915.0,10916.0,2025-09-30,Completed,NC,18.0
110916.0,10917.0,2025-12-03,Completed,NC,199.98
110917.0,10918.0,2025-05-01,Completed,CO,65.0
110918.0,10919.0,2025-09-23,Completed,MA,53.0
110919.0,10920.0,2025-02-21,Completed,WA,65.0
110920.0,10921.0,2025-10-01,Completed,CA,26.5
110921.0,10922.0,2025-04-10,Completed,MA,13.0
110922.0,10923.0,2025-01-22,Completed,NC,24.99
110923.0,10924.0,2025-11-20,Completed,WA,144.0
110924.0,10925.0,2025-11-04,Completed,VA,65.0
110925.0,10926.0,2025-07-06,Completed,MA,65.0
110926.0,10927.0,2025-11-14,Completed,CA,22.0
110927.0,10928.0,2025-09-05,Completed,IL,6.5
110928.0,10929.0,2025-01-13,Completed,WA,99.99
110929.0,10930.0,2025-04-05,Completed,VA,22.0
110930.0,10931.0,2025-04-16,Completed,NY,24.99
110931.0,10932.0,2025-09-25,Completed,VA,18.0
110932.0,10933.0,2025-04-30,Completed,CO,22.0
110933.0,10934.0,2025-04-28,Completed,NY,6.5
110934.0,10935.0,2025-01-22,Completed,NC,65.0
110935.0,10936.0,2025-08-04,Completed,CO,99.99
110936.0,10937.0,2025-12-05,Completed,TX,65.0
110937.0,10938.0,2025-03-10,Completed,TX,12.5
110938.0,10939.0,2025-04-12,Completed,FL,12.5
110939.0,10940.0,2025-09-26,Completed,WA,65.0
110940.0,10941.0,2025-05-06,Completed,VA,99.99
110941.0,10942.0,2025-09-26,Completed,TX,79.0
110942.0,10943.0,2025-06-20,Completed,FL,48.0
110943.0,10944.0,2026-01-15,Completed,CA,22.0
110944.0,10945.0,2025-07-08,Completed,CA,53.0
110945.0,10946.0,2025-03-29,Completed,NC,36.0
110946.0,10947.0,2025-11-24,Completed,WA,12.5
110947.0,10948.0,2025-07-02,Completed,NC,99.99
110948.0,10949.0,2025-04-01,Completed,CO,65.0
110949.0,10950.0,2025-09-21,Completed,TX,6.5
110950.0,10951.0,2025-01-09,Completed,NY,18.0
110951.0,10952.0,2025-08-12,Completed,VA,12.5
110952.0,10953.0,2025-03-24,Completed,MA,22.0
110953.0,10954.0,2025-02-23,Completed,IL,65.0
110954.0,10955.0,2025-06-26,Completed,FL,24.99
110955.0,10956.0,2025-08-19,Completed,NY,79.0
110956.0,10957.0,2025-10-03,Completed,CA,18.0
110957.0,10958.0,2025-07-04,Completed,WA,96.0
110958.0,10959.0,2026-01-11,Completed,TX,6.5
110959.0,10960.0,2025-05-26,Completed,VA,22.0
110960.0,10961.0,2025-07-31,Completed,NC,26.5
110961.0,10962.0,2025-07-30,Completed,MA,13.0
110962.0,10963.0,2025-11-11,Completed,CO,65.0
110963.0,10964.0,2025-03-29,Completed,NC,18.0
110964.0,10965.0,2025-08-27,Completed,IL,158.0
110965.0,10966.0,2025-01-26,Completed,IL,79.0
110966.0,10967.0,2025-05-07,Completed,CA,6.5
110967.0,10968.0,2025-05-03,Completed,CO,18.0
110968.0,10969.0,2025-08-03,Completed,CO,96.0
110969.0,10970.0,2025-03-16,Completed,NC,65.0
110970.0,10971.0,2025-08-17,Completed,FL,79.0
110971.0,10972.0,2025-08-25,Completed,WA,12.5
110972.0,10973.0,2025-09-06,Completed,NY,130.0
110973.0,10974.0,2025-04-05,Completed,VA,26.5
110974.0,10975.0,2025-07-19,Completed,NC,22.0
110975.0,10976.0,2025-10-03,Completed,WA,99.99
110976.0,10977.0,2025-07-12,Completed,CO,65.0
110977.0,10978.0,2025-09-12,Completed,TX,13.0
110978.0,10979.0,2025-11-14,Completed,CO,22.0
110979.0,10980.0,2025-03-14,Completed,WA,22.0
110980.0,10981.0,2025-11-28,Completed,FL,144.0
110981.0,10982.0,2025-06-26,Completed,FL,158.0
110982.0,10983.0,2025-03-24,Completed,MA,24.99
110983.0,10984.0,2025-03-09,Completed,CA,65.0
110984.0,10985.0,2025-09-26,Completed,WA,158.0
110985.0,10986.0,2025-03-23,Completed,VA,26.5
110986.0,10987.0,2025-10-14,Completed,CO,65.0
110987.0,10988.0,2025-04-17,Completed,NC,18.0
110988.0,10989.0,2025-05-19,Completed,NC,18.0
110989.0,10990.0,2025-09-07,Completed,VA,26.5
110990.0,10991.0,2025-08-26,Completed,WA,79.0
110991.0,10992.0,2025-09-19,Completed,WA,49.98
110992.0,10993.0,2025-09-27,Completed,CO,12.5
110993.0,10994.0,2025-01-18,Completed,WA,25.0
110994.0,10995.0,2025-08-03,Completed,CO,18.0
110995.0,10996.0,2025-04-15,Completed,FL,18.0
110996.0,10997.0,2025-04-22,Completed,VA,48.0
110997.0,10998.0,2025-03-10,Completed,MA,6.5
110998.0,10999.0,2025-08-27,Completed,CA,6.5
110999.0,11000.0,2025-12-25,Completed,IL,22.0
111000.0,11001.0,2025-12-28,Completed,FL,65.0
111001.0,11002.0,2025-03-05,Completed,VA,18.0
111002.0,11003.0,2025-11-19,Completed,VA,18.0
111003.0,11004.0,2025-08-19,Completed,MA,65.0
111004.0,11005.0,2025-06-07,Completed,IL,79.0
111005.0,11006.0,2025-09-21,Completed,NY,49.98
111006.0,11007.0,2025-08-16,Completed,WA,12.5
111007.0,11008.0,2025-04-24,Completed,WA,24.99
111008.0,11009.0,2025-02-21,Completed,NY,48.0
111009.0,11010.0,2025-05-15,Completed,FL,24.99
111010.0,11011.0,2025-03-01,Completed,CA,22.0
111011.0,11012.0,2025-12-29,Completed,FL,12.5
111012.0,11013.0,2025-08-30,Completed,WA,74.97
111013.0,11014.0,2025-07-23,Completed,NC,6.5
111014.0,11015.0,2025-08-18,Completed,IL,53.0
111015.0,11016.0,2025-11-27,Completed,CO,13.0
111016.0,11017.0,2025-06-27,Completed,IL,48.0
111017.0,11018.0,2025-07-16,Completed,MA,22.0
111018.0,11019.0,2025-09-02,Completed,MA,22.0
111019.0,11020.0,2025-12-22,Completed,IL,24.99
111020.0,11021.0,2025-03-04,Completed,CA,26.5
111021.0,11022.0,2025-12-23,Completed,WA,19.5
111022.0,11023.0,2025-10-08,Completed,CA,18.0
111023.0,11024.0,2025-04-27,Completed,NY,48.0
111024.0,11025.0,2025-11-23,Completed,TX,99.99
111025.0,11026.0,2025-06-30,Completed,MA,22.0
111026.0,11027.0,2025-04-06,Completed,NY,99.99
111027.0,11028.0,2025-01-12,Completed,IL,48.0
111028.0,11029.0,2025-04-07,Completed,MA,66.0
111029.0,11030.0,2025-07-05,Completed,FL,195.0
111030.0,11031.0,2025-05-30,Completed,NC,24.99
111031.0,11032.0,2025-06-10,Completed,NC,24.99
111032.0,11033.0,2025-01-06,Completed,IL,144.0
111033.0,11034.0,2025-01-16,Completed,WA,54.0
111034.0,11035.0,2025-08-03,Completed,CO,22.0
111035.0,11036.0,2025-07-26,Completed,TX,99.99
111036.0,11037.0,2025-07-21,Completed,WA,12.5
111037.0,11038.0,2025-09-22,Completed,NY,22.0
111038.0,11039.0,2025-09-03,Completed,CA,36.0
111039.0,11040.0,2025-09-22,Completed,WA,49.98
111040.0,11041.0,2025-04-01,Completed,WA,158.0
111041.0,11042.0,2025-12-26,Completed,IL,36.0
111042.0,11043.0,2025-09-27,Completed,CO,96.0
111043.0,11044.0,2025-01-26,Completed,TX,18.0
111044.0,11045.0,2026-01-07,Completed,VA,24.99
111045.0,11046.0,2025-01-18,Completed,CA,53.0
111046.0,11047.0,2025-03-19,Completed,NC,12.5
111047.0,11048.0,2025-05-24,Completed,CA,65.0
111048.0,11049.0,2025-07-20,Completed,NY,79.0
111049.0,11050.0,2025-02-05,Completed,WA,130.0
111050.0,11051.0,2025-08-09,Completed,NC,49.98
111051.0,11052.0,2025-06-28,Completed,WA,6.5
111052.0,11053.0,2025-10-27,Completed,VA,18.0
111053.0,11054.0,2025-04-04,Completed,NY,65.0
111054.0,11055.0,2025-03-09,Completed,NC,12.5
111055.0,11056.0,2025-01-17,Completed,MA,65.0
111056.0,11057.0,2025-12-21,Completed,WA,199.98
111057.0,11058.0,2025-05-22,Completed,CA,53.0
111058.0,11059.0,2025-12-08,Completed,WA,18.0
111059.0,11060.0,2025-06-18,Completed,NC,96.0
111060.0,11061.0,2025-02-23,Completed,FL,12.5
111061.0,11062.0,2025-10-15,Completed,IL,22.0
111062.0,11063.0,2025-02-13,Completed,NC,199.98
111063.0,11064.0,2025-08-04,Completed,MA,22.0
111064.0,11065.0,2025-03-29,Completed,CA,18.0
111065.0,11066.0,2025-03-06,Completed,NC,13.0
111066.0,11067.0,2025-08-10,Completed,CA,13.0
111067.0,11068.0,2025-01-07,Completed,NY,24.99
111068.0,11069.0,2025-08-11,Completed,MA,18.0
111069.0,11070.0,2025-11-05,Completed,CO,18.0
111070.0,11071.0,2025-02-06,Completed,CO,12.5
111071.0,11072.0,2026-01-08,Completed,TX,99.99
111072.0,11073.0,2025-04-17,Completed,NC,26.5
111073.0,11074.0,2025-12-10,Completed,CO,48.0
111074.0,11075.0,2025-09-14,Completed,CA,18.0
111075.0,11076.0,2025-01-30,Completed,NY,26.5
111076.0,11077.0,2025-03-16,Completed,TX,53.0
111077.0,11078.0,2025-06-05,Completed,NC,18.0
111078.0,11079.0,2025-10-05,Completed,CO,199.98
111079.0,11080.0,2025-06-03,Completed,NC,22.0
111080.0,11081.0,2025-02-23,Completed,IL,6.5
111081.0,11082.0,2025-10-02,Completed,VA,12.5
111082.0,11083.0,2025-10-25,Completed,NY,79.0
111083.0,11084.0,2025-02-05,Completed,TX,99.99
111084.0,11085.0,2025-01-23,Completed,VA,79.0
111085.0,11086.0,2025-07-27,Completed,CA,18.0
111086.0,11087.0,2025-05-13,Completed,TX,24.99
111087.0,11088.0,2025-08-12,Completed,IL,158.0
111088.0,11089.0,2025-03-01,Completed,MA,12.5
111089.0,11090.0,2025-02-07,Completed,FL,18.0
111090.0,11091.0,2025-06-14,Completed,NY,158.0
111091.0,11092.0,2025-07-04,Completed,NY,99.99
111092.0,11093.0,2025-03-23,Completed,WA,18.0
111093.0,11094.0,2025-06-09,Completed,TX,26.5
111094.0,11095.0,2025-09-20,Completed,TX,79.0
111095.0,11096.0,2025-11-17,Completed,CO,299.97
111096.0,11097.0,2025-02-06,Completed,CA,96.0
111097.0,11098.0,2025-03-24,Completed,NC,79.0
111098.0,11099.0,2025-06-22,Completed,CA,79.0
111099.0,11100.0,2025-06-23,Completed,VA,26.5
111100.0,11101.0,2025-06-15,Completed,CA,25.0
111101.0,11102.0,2025-08-04,Completed,CA,18.0
111102.0,11103.0,2025-09-02,Completed,TX,65.0
111103.0,11104.0,2025-09-15,Completed,VA,44.0
111104.0,11105.0,2025-08-28,Completed,CA,24.99
111105.0,11106.0,2025-03-23,Completed,CA,79.0
111106.0,11107.0,2025-04-06,Completed,FL,24.99
111107.0,11108.0,2026-01-09,Completed,FL,44.0
111108.0,11109.0,2025-01-07,Completed,MA,48.0
111109.0,11110.0,2025-06-17,Completed,NY,6.5
111110.0,11111.0,2025-08-24,Completed,CA,237.0
111111.0,11112.0,2025-05-29,Completed,IL,199.98
111112.0,11113.0,2025-04-06,Completed,FL,18.0
111113.0,11114.0,2025-04-01,Completed,IL,24.99
111114.0,11115.0,2025-05-22,Completed,TX,6.5
111115.0,11116.0,2025-02-08,Completed,MA,48.0
111116.0,11117.0,2025-12-11,Completed,FL,79.0
111117.0,11118.0,2025-09-01,Completed,CA,25.0
111118.0,11119.0,2025-04-07,Completed,VA,79.0
111119.0,11120.0,2025-08-02,Completed,IL,18.0
111120.0,11121.0,2025-10-29,Completed,NC,99.99
111121.0,11122.0,2025-08-12,Completed,IL,79.0
111122.0,11123.0,2025-10-01,Completed,CO,65.0
111123.0,11124.0,2025-07-30,Completed,NC,199.98
111124.0,11125.0,2025-09-17,Completed,CA,36.0
111125.0,11126.0,2025-05-10,Completed,WA,37.5
111126.0,11127.0,2026-01-14,Completed,WA,36.0
111127.0,11128.0,2025-04-07,Completed,NC,24.99
111128.0,11129.0,2025-04-17,Completed,TX,195.0
111129.0,11130.0,2025-08-13,Completed,VA,12.5
111130.0,11131.0,2025-08-28,Completed,NY,96.0
111131.0,11132.0,2026-01-06,Completed,VA,26.5
111132.0,11133.0,2025-07-24,Completed,CA,18.0
111133.0,11134.0,2025-08-22,Completed,NC,18.0
111134.0,11135.0,2025-09-07,Completed,CA,12.5
111135.0,11136.0,2025-09-28,Completed,NY,24.99
111136.0,11137.0,2025-11-18,Completed,WA,12.5
111137.0,11138.0,2025-06-10,Completed,CO,79.0
111138.0,11139.0,2025-07-10,Completed,CO,24.99
111139.0,11140.0,2025-08-21,Completed,CA,65.0
111140.0,11141.0,2025-07-17,Completed,NC,26.5
111141.0,11142.0,2025-02-08,Completed,CO,130.0
111142.0,11143.0,2025-11-23,Completed,WA,65.0
111143.0,11144.0,2025-03-02,Completed,TX,6.5
111144.0,11145.0,2025-03-05,Completed,MA,48.0
111145.0,11146.0,2025-09-14,Completed,CA,13.0
111146.0,11147.0,2025-10-04,Completed,FL,79.0
111147.0,11148.0,2025-04-23,Completed,CO,26.5
111148.0,11149.0,2026-01-08,Completed,FL,79.0
111149.0,11150.0,2025-05-12,Completed,CO,6.5
111150.0,11151.0,2025-10-08,Completed,CA,12.5
111151.0,11152.0,2025-03-06,Completed,IL,6.5
111152.0,11153.0,2025-03-24,Completed,VA,65.0
111153.0,11154.0,2025-03-17,Completed,TX,44.0
111154.0,11155.0,2025-09-11,Completed,NC,18.0
111155.0,11156.0,2025-11-05,Completed,CA,25.0
111156.0,11157.0,2025-12-06,Completed,NC,26.5
111157.0,11158.0,2025-05-26,Completed,CA,199.98
111158.0,11159.0,2025-12-27,Completed,MA,158.0
111159.0,11160.0,2025-02-10,Completed,CO,48.0
111160.0,11161.0,2025-12-23,Completed,FL,65.0
111161.0,11162.0,2025-05-11,Completed,WA,65.0
111162.0,11163.0,2025-02-26,Completed,CA,49.98
111163.0,11164.0,2025-10-19,Completed,NC,19.5
111164.0,11165.0,2025-12-31,Completed,CA,26.5
111165.0,11166.0,2025-07-27,Completed,MA,26.5
111166.0,11167.0,2025-05-24,Completed,IL,65.0
111167.0,11168.0,2025-08-30,Completed,IL,26.5
111168.0,11169.0,2025-11-04,Completed,NC,96.0
111169.0,11170.0,2025-07-18,Completed,NY,18.0
111170.0,11171.0,2025-01-24,Completed,CO,199.98
111171.0,11172.0,2025-05-03,Completed,VA,65.0
111172.0,11173.0,2025-12-03,Completed,NC,6.5
111173.0,11174.0,2025-10-04,Completed,MA,48.0
111174.0,11175.0,2025-05-14,Completed,NY,96.0
111175.0,11176.0,2025-01-26,Completed,VA,37.5
111176.0,11177.0,2025-03-19,Completed,WA,53.0
111177.0,11178.0,2025-02-17,Completed,NC,158.0
111178.0,11179.0,2025-07-22,Completed,VA,99.99
111179.0,11180.0,2025-01-18,Completed,WA,199.98
111180.0,11181.0,2025-07-07,Completed,NC,26.5
111181.0,11182.0,2025-03-12,Completed,CA,6.5
111182.0,11183.0,2026-01-12,Completed,WA,18.0
111183.0,11184.0,2025-02-18,Completed,TX,65.0
111184.0,11185.0,2025-05-11,Completed,TX,12.5
111185.0,11186.0,2025-02-04,Completed,NC,65.0
111186.0,11187.0,2025-04-04,Completed,FL,12.5
111187.0,11188.0,2025-11-09,Completed,IL,44.0
111188.0,11189.0,2025-12-16,Completed,TX,24.99
111189.0,11190.0,2025-01-25,Completed,TX,36.0
111190.0,11191.0,2025-07-14,Completed,TX,18.0
111191.0,11192.0,2025-12-30,Completed,CA,48.0
111192.0,11193.0,2025-07-30,Completed,TX,13.0
111193.0,11194.0,2025-09-09,Completed,CA,99.99
111194.0,11195.0,2025-11-22,Completed,NY,99.99
111195.0,11196.0,2025-08-12,Completed,NC,53.0
111196.0,11197.0,2025-08-12,Completed,NC,6.5
111197.0,11198.0,2025-03-08,Completed,MA,18.0
111198.0,11199.0,2025-11-23,Completed,WA,199.98
111199.0,11200.0,2025-08-17,Completed,FL,6.5
111200.0,11201.0,2025-10-29,Completed,NC,65.0
111201.0,11202.0,2025-06-12,Completed,VA,18.0
111202.0,11203.0,2025-08-13,Completed,TX,19.5
111203.0,11204.0,2025-06-26,Completed,MA,79.0
111204.0,11205.0,2025-07-01,Completed,IL,237.0
111205.0,11206.0,2025-06-08,Completed,NC,24.99
111206.0,11207.0,2025-09-01,Completed,MA,25.0
111207.0,11208.0,2025-09-26,Completed,VA,26.5
111208.0,11209.0,2025-04-16,Completed,WA,24.99
111209.0,11210.0,2025-11-03,Completed,NC,25.0
111210.0,11211.0,2025-02-03,Completed,FL,130.0
111211.0,11212.0,2025-10-05,Completed,FL,44.0
111212.0,11213.0,2025-05-27,Completed,NC,79.5
111213.0,11214.0,2025-08-06,Completed,VA,22.0
111214.0,11215.0,2025-12-10,Completed,NY,130.0
111215.0,11216.0,2025-06-22,Completed,MA,6.5
111216.0,11217.0,2025-01-29,Completed,WA,24.99
111217.0,11218.0,2025-03-26,Completed,MA,12.5
111218.0,11219.0,2025-03-12,Completed,VA,12.5
111219.0,11220.0,2025-02-12,Completed,MA,36.0
111220.0,11221.0,2025-07-03,Completed,TX,6.5
111221.0,11222.0,2025-01-04,Completed,TX,99.99
111222.0,11223.0,2025-12-16,Completed,FL,6.5
111223.0,11224.0,2025-02-14,Completed,MA,13.0
111224.0,11225.0,2025-10-23,Completed,MA,25.0
111225.0,11226.0,2025-09-27,Completed,TX,66.0
111226.0,11227.0,2026-01-14,Completed,CA,79.0
111227.0,11228.0,2025-06-14,Completed,FL,36.0
111228.0,11229.0,2025-03-22,Completed,CO,96.0
111229.0,11230.0,2025-09-23,Completed,VA,24.99
111230.0,11231.0,2025-09-29,Completed,VA,144.0
111231.0,11232.0,2025-02-19,Completed,IL,24.99
111232.0,11233.0,2025-03-25,Completed,NC,13.0
111233.0,11234.0,2025-03-14,Completed,TX,12.5
111234.0,11235.0,2025-09-20,Completed,WA,79.0
111235.0,11236.0,2025-07-14,Completed,NC,237.0
111236.0,11237.0,2025-11-23,Completed,TX,12.5
111237.0,11238.0,2025-11-24,Completed,NC,36.0
111238.0,11239.0,2025-08-24,Completed,VA,96.0
111239.0,11240.0,2025-09-06,Completed,CO,26.5
111240.0,11241.0,2025-08-13,Completed,FL,24.99
111241.0,11242.0,2025-11-17,Completed,WA,48.0
111242.0,11243.0,2025-06-13,Completed,MA,6.5
111243.0,11244.0,2025-03-20,Completed,TX,26.5
111244.0,11245.0,2025-08-11,Completed,VA,18.0
111245.0,11246.0,2025-02-16,Completed,IL,99.99
111246.0,11247.0,2025-05-03,Completed,TX,22.0
111247.0,11248.0,2025-11-23,Completed,NC,48.0
111248.0,11249.0,2025-05-11,Completed,WA,237.0
111249.0,11250.0,2025-04-19,Completed,IL,99.99
111250.0,11251.0,2025-07-05,Completed,MA,12.5
111251.0,11252.0,2025-03-22,Completed,MA,6.5
111252.0,11253.0,2025-11-16,Completed,CA,199.98
111253.0,11254.0,2025-12-17,Completed,CA,99.99
111254.0,11255.0,2025-01-07,Completed,CA,65.0
111255.0,11256.0,2025-04-03,Completed,NY,22.0
111256.0,11257.0,2025-01-06,Completed,CA,130.0
111257.0,11258.0,2025-06-09,Completed,CA,79.0
111258.0,11259.0,2025-12-29,Completed,NY,65.0
111259.0,11260.0,2025-12-22,Completed,FL,65.0
111260.0,11261.0,2025-01-10,Completed,CA,65.0
111261.0,11262.0,2025-12-10,Completed,TX,24.99
111262.0,11263.0,2025-01-02,Completed,CO,48.0
111263.0,11264.0,2025-04-15,Completed,CA,48.0
111264.0,11265.0,2025-12-31,Completed,NC,65.0
111265.0,11266.0,2025-09-12,Completed,WA,44.0
111266.0,11267.0,2025-09-15,Completed,FL,99.99
111267.0,11268.0,2025-01-26,Completed,CO,18.0
111268.0,11269.0,2025-03-02,Completed,TX,79.0
111269.0,11270.0,2025-07-23,Completed,CA,36.0
111270.0,11271.0,2025-01-03,Completed,MA,65.0
111271.0,11272.0,2026-01-10,Completed,TX,65.0
111272.0,11273.0,2025-09-19,Completed,WA,74.97
111273.0,11274.0,2025-01-12,Completed,CO,79.0
111274.0,11275.0,2025-12-13,Completed,TX,48.0
111275.0,11276.0,2025-12-12,Completed,CO,79.0
111276.0,11277.0,2025-05-06,Completed,NC,24.99
111277.0,11278.0,2025-06-15,Completed,WA,99.99
111278.0,11279.0,2025-12-14,Completed,MA,65.0
111279.0,11280.0,2025-03-13,Completed,IL,99.99
111280.0,11281.0,2025-01-27,Completed,IL,130.0
111281.0,11282.0,2025-08-29,Completed,IL,99.99
111282.0,11283.0,2025-03-08,Completed,TX,49.98
111283.0,11284.0,2025-08-14,Completed,TX,99.99
111284.0,11285.0,2025-11-11,Completed,WA,66.0
111285.0,11286.0,2025-03-25,Completed,CA,79.0
111286.0,11287.0,2025-08-24,Completed,NC,6.5
111287.0,11288.0,2025-09-26,Completed,NC,65.0
111288.0,11289.0,2025-11-21,Completed,TX,44.0
111289.0,11290.0,2025-06-19,Completed,NC,12.5
111290.0,11291.0,2025-06-29,Completed,TX,99.99
111291.0,11292.0,2025-07-23,Completed,CO,96.0
111292.0,11293.0,2025-11-22,Completed,TX,26.5
111293.0,11294.0,2025-08-16,Completed,WA,18.0
111294.0,11295.0,2025-04-08,Completed,CA,49.98
111295.0,11296.0,2025-06-23,Completed,FL,24.99
111296.0,11297.0,2025-06-18,Completed,MA,13.0
111297.0,11298.0,2025-09-16,Completed,TX,18.0
111298.0,11299.0,2025-05-16,Completed,MA,65.0
111299.0,11300.0,2025-07-28,Completed,NC,48.0
111300.0,11301.0,2025-12-21,Completed,NC,48.0
111301.0,11302.0,2025-09-01,Completed,NY,26.5
111302.0,11303.0,2025-09-10,Completed,VA,48.0
111303.0,11304.0,2025-09-12,Completed,VA,65.0
111304.0,11305.0,2025-11-21,Completed,FL,26.5
111305.0,11306.0,2025-09-20,Completed,VA,22.0
111306.0,11307.0,2025-12-19,Completed,IL,18.0
111307.0,11308.0,2025-11-12,Completed,MA,99.99
111308.0,11309.0,2025-07-10,Completed,VA,79.0
111309.0,11310.0,2025-09-29,Completed,IL,99.99
111310.0,11311.0,2025-02-27,Completed,NC,99.99
111311.0,11312.0,2025-06-22,Completed,CA,53.0
111312.0,11313.0,2025-04-26,Completed,TX,48.0
111313.0,11314.0,2025-11-04,Completed,VA,65.0
111314.0,11315.0,2025-01-22,Completed,CA,22.0
111315.0,11316.0,2025-04-11,Completed,IL,65.0
111316.0,11317.0,2025-07-26,Completed,VA,12.5
111317.0,11318.0,2025-07-22,Completed,NY,49.98
111318.0,11319.0,2025-10-21,Completed,TX,12.5
111319.0,11320.0,2025-01-29,Completed,MA,99.99
111320.0,11321.0,2025-04-26,Completed,CA,79.0
111321.0,11322.0,2025-01-23,Completed,NY,99.99
111322.0,11323.0,2025-04-01,Completed,NY,22.0
111323.0,11324.0,2025-02-01,Completed,TX,24.99
111324.0,11325.0,2025-12-07,Completed,IL,26.5
111325.0,11326.0,2025-03-13,Completed,WA,79.0
111326.0,11327.0,2025-02-19,Completed,TX,65.0
111327.0,11328.0,2025-12-31,Completed,WA,79.0
111328.0,11329.0,2025-10-14,Completed,VA,79.0
111329.0,11330.0,2025-09-30,Completed,MA,12.5
111330.0,11331.0,2025-04-04,Completed,VA,53.0
111331.0,11332.0,2025-12-26,Completed,MA,6.5
111332.0,11333.0,2025-03-28,Completed,IL,99.99
111333.0,11334.0,2025-11-29,Completed,MA,99.99
111334.0,11335.0,2025-06-08,Completed,CA,99.99
111335.0,11336.0,2025-12-16,Completed,VA,12.5
111336.0,11337.0,2025-02-11,Completed,NY,26.5
111337.0,11338.0,2025-11-19,Completed,FL,54.0
111338.0,11339.0,2026-01-04,Completed,CO,26.5
111339.0,11340.0,2025-07-30,Completed,NC,158.0
111340.0,11341.0,2025-04-13,Completed,MA,26.5
111341.0,11342.0,2025-01-26,Completed,WA,22.0
111342.0,11343.0,2025-09-30,Completed,WA,6.5
111343.0,11344.0,2025-12-05,Completed,CO,99.99
111344.0,11345.0,2025-05-08,Completed,TX,26.5
111345.0,11346.0,2025-10-25,Completed,VA,24.99
111346.0,11347.0,2025-07-10,Completed,MA,6.5
111347.0,11348.0,2025-12-18,Completed,NY,44.0
111348.0,11349.0,2025-01-13,Completed,FL,12.5
111349.0,11350.0,2025-09-24,Completed,MA,99.99
111350.0,11351.0,2025-04-28,Completed,CA,24.99
111351.0,11352.0,2025-03-26,Completed,CO,99.99
111352.0,11353.0,2025-11-15,Completed,TX,18.0
111353.0,11354.0,2025-08-23,Completed,IL,65.0
111354.0,11355.0,2025-11-03,Completed,IL,26.5
111355.0,11356.0,2025-01-24,Completed,IL,12.5
111356.0,11357.0,2025-05-20,Completed,WA,26.5
111357.0,11358.0,2025-11-24,Completed,VA,18.0
111358.0,11359.0,2025-07-24,Completed,IL,19.5
111359.0,11360.0,2025-05-23,Completed,NC,49.98
111360.0,11361.0,2025-07-25,Completed,TX,37.5
111361.0,11362.0,2025-01-13,Completed,WA,12.5
111362.0,11363.0,2025-08-22,Completed,FL,22.0
111363.0,11364.0,2025-02-11,Completed,IL,24.99
111364.0,11365.0,2025-12-21,Completed,CA,6.5
111365.0,11366.0,2025-03-10,Completed,IL,48.0
111366.0,11367.0,2025-06-03,Completed,WA,96.0
111367.0,11368.0,2025-08-29,Completed,IL,99.99
111368.0,11369.0,2025-07-19,Completed,NC,12.5
111369.0,11370.0,2025-05-28,Completed,CA,24.99
111370.0,11371.0,2025-07-05,Completed,CO,99.99
111371.0,11372.0,2025-12-12,Completed,CO,22.0
111372.0,11373.0,2025-03-04,Completed,CA,48.0
111373.0,11374.0,2025-11-02,Completed,CA,65.0
111374.0,11375.0,2025-12-22,Completed,MA,65.0
111375.0,11376.0,2025-03-24,Completed,NY,130.0
111376.0,11377.0,2025-07-29,Completed,FL,22.0
111377.0,11378.0,2025-07-07,Completed,CO,22.0
111378.0,11379.0,2025-05-05,Completed,NC,22.0
111379.0,11380.0,2025-09-16,Completed,TX,26.5
111380.0,11381.0,2025-08-31,Completed,CO,79.0
111381.0,11382.0,2025-11-25,Completed,CO,48.0
111382.0,11383.0,2025-09-25,Completed,MA,24.99
111383.0,11384.0,2025-02-19,Completed,FL,96.0
111384.0,11385.0,2025-03-17,Completed,NY,79.0
111385.0,11386.0,2025-06-11,Completed,NY,22.0
111386.0,11387.0,2025-08-21,Completed,TX,53.0
111387.0,11388.0,2025-12-15,Completed,WA,65.0
111388.0,11389.0,2025-02-08,Completed,TX,24.99
111389.0,11390.0,2025-07-07,Completed,MA,79.0
111390.0,11391.0,2025-03-22,Completed,NY,79.0
111391.0,11392.0,2025-03-30,Completed,VA,130.0
111392.0,11393.0,2025-09-27,Completed,VA,22.0
111393.0,11394.0,2025-09-03,Completed,CA,99.99
111394.0,11395.0,2025-11-24,Completed,FL,44.0
111395.0,11396.0,2025-11-08,Completed,MA,25.0
111396.0,11397.0,2025-11-24,Completed,NY,79.0
111397.0,11398.0,2025-05-12,Completed,MA,65.0
111398.0,11399.0,2025-10-13,Completed,MA,13.0
111399.0,11400.0,2025-03-15,Completed,IL,6.5
111400.0,11401.0,2025-07-21,Completed,WA,18.0
111401.0,11402.0,2025-06-18,Completed,IL,22.0
111402.0,11403.0,2025-11-07,Completed,CO,65.0
111403.0,11404.0,2025-01-11,Completed,CO,96.0
111404.0,11405.0,2025-05-01,Completed,NY,65.0
111405.0,11406.0,2025-04-05,Completed,NC,24.99
111406.0,11407.0,2025-12-28,Completed,FL,65.0
111407.0,11408.0,2025-11-28,Completed,VA,36.0
111408.0,11409.0,2025-12-30,Completed,TX,25.0
111409.0,11410.0,2025-12-13,Completed,NC,79.0
111410.0,11411.0,2025-02-12,Completed,NC,48.0
111411.0,11412.0,2025-01-10,Completed,NY,53.0
111412.0,11413.0,2025-10-11,Completed,WA,79.0
111413.0,11414.0,2025-07-21,Completed,FL,13.0
111414.0,11415.0,2025-01-13,Completed,FL,99.99
111415.0,11416.0,2025-07-11,Completed,CO,22.0
111416.0,11417.0,2025-01-09,Completed,TX,199.98
111417.0,11418.0,2025-08-16,Completed,IL,44.0
111418.0,11419.0,2026-01-08,Completed,TX,99.99
111419.0,11420.0,2025-05-31,Completed,VA,19.5
111420.0,11421.0,2025-08-12,Completed,WA,12.5
111421.0,11422.0,2025-12-25,Completed,NC,99.99
111422.0,11423.0,2025-08-16,Completed,FL,6.5
111423.0,11424.0,2025-03-25,Completed,CA,26.5
111424.0,11425.0,2025-01-27,Completed,NY,130.0
111425.0,11426.0,2025-12-31,Completed,FL,6.5
111426.0,11427.0,2025-04-20,Completed,FL,65.0
111427.0,11428.0,2025-07-15,Completed,VA,79.0
111428.0,11429.0,2025-07-21,Completed,CO,65.0
111429.0,11430.0,2025-09-01,Completed,TX,6.5
111430.0,11431.0,2025-04-17,Completed,NY,65.0
111431.0,11432.0,2025-12-13,Completed,FL,96.0
111432.0,11433.0,2025-03-12,Completed,IL,99.99
111433.0,11434.0,2025-12-26,Completed,TX,44.0
111434.0,11435.0,2025-12-07,Completed,MA,6.5
111435.0,11436.0,2025-06-05,Completed,WA,25.0
111436.0,11437.0,2025-12-03,Completed,IL,24.99
111437.0,11438.0,2025-04-19,Completed,IL,6.5
111438.0,11439.0,2025-09-24,Completed,MA,130.0
111439.0,11440.0,2025-03-16,Completed,MA,12.5
111440.0,11441.0,2025-06-17,Completed,CA,18.0
111441.0,11442.0,2025-01-22,Completed,CA,79.0
111442.0,11443.0,2025-08-26,Completed,FL,158.0
111443.0,11444.0,2025-01-18,Completed,CO,22.0
111444.0,11445.0,2025-02-02,Completed,IL,79.0
111445.0,11446.0,2025-11-11,Completed,NY,65.0
111446.0,11447.0,2025-06-18,Completed,FL,24.99
111447.0,11448.0,2025-11-03,Completed,MA,6.5
111448.0,11449.0,2025-08-12,Completed,IL,24.99
111449.0,11450.0,2025-02-20,Completed,NC,96.0
111450.0,11451.0,2025-06-07,Completed,NC,65.0
111451.0,11452.0,2025-06-26,Completed,NY,36.0
111452.0,11453.0,2025-02-10,Completed,VA,99.99
111453.0,11454.0,2025-05-26,Completed,VA,12.5
111454.0,11455.0,2025-01-30,Completed,MA,12.5
111455.0,11456.0,2025-07-01,Completed,NY,25.0
111456.0,11457.0,2025-02-06,Completed,MA,24.99
111457.0,11458.0,2025-10-15,Completed,MA,12.5
111458.0,11459.0,2025-08-11,Completed,CA,99.99
111459.0,11460.0,2025-11-16,Completed,CO,48.0
111460.0,11461.0,2025-11-29,Completed,CO,22.0
111461.0,11462.0,2025-01-22,Completed,TX,22.0
111462.0,11463.0,2026-01-05,Completed,IL,79.0
111463.0,11464.0,2025-09-21,Completed,TX,13.0
111464.0,11465.0,2025-06-19,Completed,WA,99.99
111465.0,11466.0,2025-05-19,Completed,MA,96.0
111466.0,11467.0,2025-06-14,Completed,VA,26.5
111467.0,11468.0,2025-05-11,Completed,CO,24.99
111468.0,11469.0,2025-12-12,Completed,TX,12.5
111469.0,11470.0,2025-01-16,Completed,CA,12.5
111470.0,11471.0,2025-01-07,Completed,CA,6.5
111471.0,11472.0,2025-01-13,Completed,MA,12.5
111472.0,11473.0,2025-11-27,Completed,NY,79.0
111473.0,11474.0,2025-07-08,Completed,TX,65.0
111474.0,11475.0,2025-08-02,Completed,CO,99.99
111475.0,11476.0,2025-06-10,Completed,FL,24.99
111476.0,11477.0,2025-10-09,Completed,VA,26.5
111477.0,11478.0,2025-01-25,Completed,FL,6.5
111478.0,11479.0,2025-10-20,Completed,VA,65.0
111479.0,11480.0,2025-01-10,Completed,MA,24.99
111480.0,11481.0,2025-12-24,Completed,WA,199.98
111481.0,11482.0,2025-10-16,Completed,CO,6.5
111482.0,11483.0,2025-04-21,Completed,CO,37.5
111483.0,11484.0,2025-10-06,Completed,CA,6.5
111484.0,11485.0,2025-09-21,Completed,IL,24.99
111485.0,11486.0,2025-12-29,Completed,NC,48.0
111486.0,11487.0,2025-04-02,Completed,MA,299.97
111487.0,11488.0,2025-03-16,Completed,NY,48.0
111488.0,11489.0,2025-11-10,Completed,MA,26.5
111489.0,11490.0,2025-09-18,Completed,FL,99.99
111490.0,11491.0,2025-04-19,Completed,NC,25.0
111491.0,11492.0,2025-11-01,Completed,CA,24.99
111492.0,11493.0,2025-10-28,Completed,NY,48.0
111493.0,11494.0,2025-07-29,Completed,TX,6.5
111494.0,11495.0,2025-10-23,Completed,VA,199.98
111495.0,11496.0,2025-06-30,Completed,WA,12.5
111496.0,11497.0,2026-01-05,Completed,TX,48.0
111497.0,11498.0,2025-05-30,Completed,MA,26.5
111498.0,11499.0,2025-10-05,Completed,NC,79.0
111499.0,11500.0,2026-01-11,Completed,IL,199.98
111500.0,11501.0,2025-06-08,Completed,VA,13.0
111501.0,11502.0,2025-11-04,Completed,IL,49.98
111502.0,11503.0,2025-01-06,Completed,IL,99.99
111503.0,11504.0,2025-05-11,Completed,NC,79.0
111504.0,11505.0,2025-05-23,Completed,VA,237.0
111505.0,11506.0,2025-07-03,Completed,TX,99.99
111506.0,11507.0,2025-09-17,Completed,IL,25.0
111507.0,11508.0,2025-12-03,Completed,CO,53.0
111508.0,11509.0,2025-01-04,Completed,IL,299.97
111509.0,11510.0,2025-06-02,Completed,WA,13.0
111510.0,11511.0,2025-10-16,Completed,TX,6.5
111511.0,11512.0,2025-05-12,Completed,VA,18.0
111512.0,11513.0,2025-02-17,Completed,NC,79.5
111513.0,11514.0,2025-06-09,Completed,NY,96.0
111514.0,11515.0,2025-03-12,Completed,TX,99.99
111515.0,11516.0,2025-08-04,Completed,TX,25.0
111516.0,11517.0,2025-09-10,Completed,IL,22.0
111517.0,11518.0,2025-12-15,Completed,TX,36.0
111518.0,11519.0,2025-09-22,Completed,NY,130.0
111519.0,11520.0,2025-03-06,Completed,FL,65.0
111520.0,11521.0,2025-05-26,Completed,FL,79.0
111521.0,11522.0,2025-10-15,Completed,IL,48.0
111522.0,11523.0,2025-01-08,Completed,MA,130.0
111523.0,11524.0,2025-11-13,Completed,NY,130.0
111524.0,11525.0,2025-12-24,Completed,CA,26.5
111525.0,11526.0,2025-01-02,Completed,FL,48.0
111526.0,11527.0,2025-10-02,Completed,CO,48.0
111527.0,11528.0,2025-06-11,Completed,IL,48.0
111528.0,11529.0,2025-02-28,Completed,CO,6.5
111529.0,11530.0,2025-09-05,Completed,FL,65.0
111530.0,11531.0,2025-12-14,Completed,NC,24.99
111531.0,11532.0,2025-03-24,Completed,FL,12.5
111532.0,11533.0,2025-07-04,Completed,WA,79.0
111533.0,11534.0,2025-02-27,Completed,WA,48.0
111534.0,11535.0,2025-10-08,Completed,NC,54.0
111535.0,11536.0,2025-06-13,Completed,WA,24.99
111536.0,11537.0,2025-05-16,Completed,CA,6.5
111537.0,11538.0,2025-07-30,Completed,FL,18.0
111538.0,11539.0,2025-08-18,Completed,VA,18.0
111539.0,11540.0,2025-05-15,Completed,WA,24.99
111540.0,11541.0,2025-10-02,Completed,VA,26.5
111541.0,11542.0,2025-07-28,Completed,CA,79.0
111542.0,11543.0,2025-12-18,Completed,NC,12.5
111543.0,11544.0,2025-04-10,Completed,MA,96.0
111544.0,11545.0,2025-09-10,Completed,IL,299.97
111545.0,11546.0,2025-01-13,Completed,MA,99.99
111546.0,11547.0,2025-07-24,Completed,MA,99.99
111547.0,11548.0,2025-05-18,Completed,NY,18.0
111548.0,11549.0,2025-01-08,Completed,TX,12.5
111549.0,11550.0,2025-06-10,Completed,CO,12.5
111550.0,11551.0,2025-05-14,Completed,TX,96.0
111551.0,11552.0,2025-01-29,Completed,FL,24.99
111552.0,11553.0,2025-07-30,Completed,NY,99.99
111553.0,11554.0,2025-01-27,Completed,NC,79.0
111554.0,11555.0,2025-07-28,Completed,FL,99.99
111555.0,11556.0,2025-02-27,Completed,IL,24.99
111556.0,11557.0,2025-04-06,Completed,NC,18.0
111557.0,11558.0,2025-02-01,Completed,TX,96.0
111558.0,11559.0,2025-08-21,Completed,NC,65.0
111559.0,11560.0,2025-08-26,Completed,NC,199.98
111560.0,11561.0,2025-03-21,Completed,WA,18.0
111561.0,11562.0,2025-03-01,Completed,WA,26.5
111562.0,11563.0,2025-05-11,Completed,IL,6.5
111563.0,11564.0,2025-07-13,Completed,VA,6.5
111564.0,11565.0,2025-06-03,Completed,TX,48.0
111565.0,11566.0,2025-12-28,Completed,IL,49.98
111566.0,11567.0,2025-11-24,Completed,NC,130.0
111567.0,11568.0,2025-01-23,Completed,NY,18.0
111568.0,11569.0,2025-03-28,Completed,NC,65.0
111569.0,11570.0,2025-01-02,Completed,VA,24.99
111570.0,11571.0,2026-01-03,Completed,VA,6.5
111571.0,11572.0,2025-03-19,Completed,NY,24.99
111572.0,11573.0,2025-04-25,Completed,WA,199.98
111573.0,11574.0,2025-01-02,Completed,FL,79.0
111574.0,11575.0,2025-04-26,Completed,CO,49.98
111575.0,11576.0,2025-04-13,Completed,TX,99.99
111576.0,11577.0,2025-03-19,Completed,CO,48.0
111577.0,11578.0,2025-02-10,Completed,MA,18.0
111578.0,11579.0,2025-09-03,Completed,TX,65.0
111579.0,11580.0,2025-09-21,Completed,MA,79.0
111580.0,11581.0,2026-01-12,Completed,WA,199.98
111581.0,11582.0,2025-06-03,Completed,FL,12.5
111582.0,11583.0,2025-04-17,Completed,IL,299.97
111583.0,11584.0,2025-02-08,Completed,CA,22.0
111584.0,11585.0,2025-06-07,Completed,FL,22.0
111585.0,11586.0,2025-12-01,Completed,VA,54.0
111586.0,11587.0,2025-04-30,Completed,VA,99.99
111587.0,11588.0,2025-10-28,Completed,FL,26.5
111588.0,11589.0,2025-02-02,Completed,IL,24.99
111589.0,11590.0,2025-12-11,Completed,CO,49.98
111590.0,11591.0,2025-08-30,Completed,VA,6.5
111591.0,11592.0,2025-06-21,Completed,NC,13.0
111592.0,11593.0,2025-01-15,Completed,IL,65.0
111593.0,11594.0,2025-02-28,Completed,TX,99.99
111594.0,11595.0,2025-12-14,Completed,WA,6.5
111595.0,11596.0,2025-02-01,Completed,WA,79.5
111596.0,11597.0,2025-08-08,Completed,IL,26.5
111597.0,11598.0,2025-12-03,Completed,NY,54.0
111598.0,11599.0,2025-06-11,Completed,TX,44.0
111599.0,11600.0,2025-12-30,Completed,CA,12.5
111600.0,11601.0,2025-05-13,Completed,CA,74.97
111601.0,11602.0,2025-04-14,Completed,NC,22.0
111602.0,11603.0,2025-02-22,Completed,CA,79.0
111603.0,11604.0,2025-09-20,Completed,NY,18.0
111604.0,11605.0,2025-05-11,Completed,WA,36.0
111605.0,11606.0,2025-12-05,Completed,TX,25.0
111606.0,11607.0,2025-09-15,Completed,FL,49.98
111607.0,11608.0,2025-07-21,Completed,WA,18.0
111608.0,11609.0,2025-07-20,Completed,CA,65.0
111609.0,11610.0,2025-05-11,Completed,FL,6.5
111610.0,11611.0,2025-08-03,Completed,CO,12.5
111611.0,11612.0,2025-01-27,Completed,CA,74.97
111612.0,11613.0,2026-01-09,Completed,NY,13.0
111613.0,11614.0,2025-10-31,Completed,CO,48.0
111614.0,11615.0,2025-10-14,Completed,MA,6.5
111615.0,11616.0,2025-12-17,Completed,NY,6.5
111616.0,11617.0,2025-09-29,Completed,FL,12.5
111617.0,11618.0,2025-05-08,Completed,TX,24.99
111618.0,11619.0,2025-05-09,Completed,CA,6.5
111619.0,11620.0,2025-10-08,Completed,MA,79.5
111620.0,11621.0,2025-02-24,Completed,WA,65.0
111621.0,11622.0,2025-07-16,Completed,IL,18.0
111622.0,11623.0,2025-01-08,Completed,CO,12.5
111623.0,11624.0,2025-07-19,Completed,IL,13.0
111624.0,11625.0,2025-05-02,Completed,WA,12.5
111625.0,11626.0,2025-07-01,Completed,CO,49.98
111626.0,11627.0,2025-01-02,Completed,CO,130.0
111627.0,11628.0,2025-09-14,Completed,FL,65.0
111628.0,11629.0,2025-05-24,Completed,WA,24.99
111629.0,11630.0,2025-08-28,Completed,FL,237.0
111630.0,11631.0,2025-08-13,Completed,NC,12.5
111631.0,11632.0,2025-01-23,Completed,IL,96.0
111632.0,11633.0,2025-06-03,Completed,NY,12.5
111633.0,11634.0,2025-01-11,Completed,CA,53.0
111634.0,11635.0,2025-06-10,Completed,IL,48.0
111635.0,11636.0,2025-11-04,Completed,CO,79.0
111636.0,11637.0,2025-08-02,Completed,CA,22.0
111637.0,11638.0,2025-02-18,Completed,CO,66.0
111638.0,11639.0,2025-02-16,Completed,IL,22.0
111639.0,11640.0,2025-06-03,Completed,TX,25.0
111640.0,11641.0,2026-01-03,Completed,NC,26.5
111641.0,11642.0,2025-12-20,Completed,FL,22.0
111642.0,11643.0,2025-10-15,Completed,CA,24.99
111643.0,11644.0,2025-04-07,Completed,CA,12.5
111644.0,11645.0,2025-03-27,Completed,IL,24.99
111645.0,11646.0,2025-12-16,Completed,WA,48.0
111646.0,11647.0,2025-12-02,Completed,VA,24.99
111647.0,11648.0,2026-01-03,Completed,TX,18.0
111648.0,11649.0,2026-01-15,Completed,FL,24.99
111649.0,11650.0,2025-12-05,Completed,VA,18.0
111650.0,11651.0,2025-11-25,Completed,VA,65.0
111651.0,11652.0,2025-12-13,Completed,WA,12.5
111652.0,11653.0,2025-01-08,Completed,FL,12.5
111653.0,11654.0,2025-08-12,Completed,NY,22.0
111654.0,11655.0,2025-07-04,Completed,MA,24.99
111655.0,11656.0,2025-04-26,Completed,WA,22.0
111656.0,11657.0,2025-12-09,Completed,IL,54.0
111657.0,11658.0,2025-04-05,Completed,FL,99.99
111658.0,11659.0,2025-10-05,Completed,VA,79.0
111659.0,11660.0,2026-01-12,Completed,VA,199.98
111660.0,11661.0,2025-12-13,Completed,TX,99.99
111661.0,11662.0,2025-12-21,Completed,FL,26.5
111662.0,11663.0,2025-08-18,Completed,TX,79.0
111663.0,11664.0,2025-11-18,Completed,VA,12.5
111664.0,11665.0,2025-09-16,Completed,CO,65.0
111665.0,11666.0,2025-07-04,Completed,MA,48.0
111666.0,11667.0,2025-05-24,Completed,TX,48.0
111667.0,11668.0,2025-11-09,Completed,CA,12.5
111668.0,11669.0,2025-12-01,Completed,TX,26.5
111669.0,11670.0,2025-11-02,Completed,WA,79.0
111670.0,11671.0,2025-01-11,Completed,TX,48.0
111671.0,11672.0,2025-11-24,Completed,IL,26.5
111672.0,11673.0,2025-10-25,Completed,CO,22.0
111673.0,11674.0,2025-03-20,Completed,CO,26.5
111674.0,11675.0,2025-08-27,Completed,MA,12.5
111675.0,11676.0,2025-08-26,Completed,FL,6.5
111676.0,11677.0,2025-03-09,Completed,MA,48.0
111677.0,11678.0,2025-06-09,Completed,NC,26.5
111678.0,11679.0,2025-12-31,Completed,VA,79.0
111679.0,11680.0,2025-09-17,Completed,CO,48.0
111680.0,11681.0,2025-10-07,Completed,FL,48.0
111681.0,11682.0,2025-06-08,Completed,FL,18.0
111682.0,11683.0,2025-09-16,Completed,TX,44.0
111683.0,11684.0,2025-06-24,Completed,FL,26.5
111684.0,11685.0,2025-01-08,Completed,NC,79.0
111685.0,11686.0,2025-10-09,Completed,IL,18.0
111686.0,11687.0,2025-12-21,Completed,VA,26.5
111687.0,11688.0,2025-06-03,Completed,WA,65.0
111688.0,11689.0,2025-09-15,Completed,MA,48.0
111689.0,11690.0,2025-03-11,Completed,NC,37.5
111690.0,11691.0,2025-12-07,Completed,CO,13.0
111691.0,11692.0,2026-01-04,Completed,TX,65.0
111692.0,11693.0,2025-11-11,Completed,WA,48.0
111693.0,11694.0,2025-07-18,Completed,VA,130.0
111694.0,11695.0,2025-01-12,Completed,TX,96.0
111695.0,11696.0,2025-11-19,Completed,FL,12.5
111696.0,11697.0,2025-10-16,Completed,MA,79.0
111697.0,11698.0,2025-12-22,Completed,NC,65.0
111698.0,11699.0,2025-05-14,Completed,VA,24.99
111699.0,11700.0,2025-03-04,Completed,VA,13.0
111700.0,11701.0,2025-08-31,Completed,CO,53.0
111701.0,11702.0,2026-01-13,Completed,MA,99.99
111702.0,11703.0,2025-04-19,Completed,NY,26.5
111703.0,11704.0,2025-04-18,Completed,NC,65.0
111704.0,11705.0,2026-01-08,Completed,NC,99.99
111705.0,11706.0,2025-09-27,Completed,IL,24.99
111706.0,11707.0,2025-06-07,Completed,WA,49.98
111707.0,11708.0,2025-01-18,Completed,CO,25.0
111708.0,11709.0,2025-01-04,Completed,CO,22.0
111709.0,11710.0,2026-01-13,Completed,NC,158.0
111710.0,11711.0,2025-04-26,Completed,MA,6.5
111711.0,11712.0,2025-04-03,Completed,FL,79.0
111712.0,11713.0,2025-11-26,Completed,TX,99.99
111713.0,11714.0,2025-07-28,Completed,CO,22.0
111714.0,11715.0,2025-04-27,Completed,FL,24.99
111715.0,11716.0,2025-09-28,Completed,IL,18.0
111716.0,11717.0,2026-01-03,Completed,CO,65.0
111717.0,11718.0,2025-07-01,Completed,CO,6.5
111718.0,11719.0,2025-12-01,Completed,NC,130.0
111719.0,11720.0,2025-08-18,Completed,TX,24.99
111720.0,11721.0,2025-01-21,Completed,NC,44.0
111721.0,11722.0,2025-08-12,Completed,CO,79.0
111722.0,11723.0,2025-12-08,Completed,NC,66.0
111723.0,11724.0,2025-03-16,Completed,TX,22.0
111724.0,11725.0,2025-08-23,Completed,VA,158.0
111725.0,11726.0,2025-05-29,Completed,VA,6.5
111726.0,11727.0,2025-04-15,Completed,MA,6.5
111727.0,11728.0,2025-04-19,Completed,FL,99.99
111728.0,11729.0,2025-06-09,Completed,MA,53.0
111729.0,11730.0,2025-06-22,Completed,VA,12.5
111730.0,11731.0,2025-12-24,Completed,IL,24.99
111731.0,11732.0,2025-09-21,Completed,VA,26.5
111732.0,11733.0,2026-01-15,Completed,FL,22.0
111733.0,11734.0,2025-03-09,Completed,TX,66.0
111734.0,11735.0,2025-09-24,Completed,NC,79.0
111735.0,11736.0,2025-10-18,Completed,VA,22.0
111736.0,11737.0,2025-08-24,Completed,IL,22.0
111737.0,11738.0,2025-07-30,Completed,TX,6.5
111738.0,11739.0,2025-01-14,Completed,CO,18.0
111739.0,11740.0,2025-03-04,Completed,IL,79.0
111740.0,11741.0,2025-01-15,Completed,CO,48.0
111741.0,11742.0,2025-11-20,Completed,MA,79.0
111742.0,11743.0,2025-08-24,Completed,MA,26.5
111743.0,11744.0,2025-08-26,Completed,CA,48.0
111744.0,11745.0,2025-11-18,Completed,CO,199.98
111745.0,11746.0,2025-05-20,Completed,CO,26.5
111746.0,11747.0,2025-03-22,Completed,FL,6.5
111747.0,11748.0,2025-06-05,Completed,TX,79.0
111748.0,11749.0,2025-01-01,Completed,IL,18.0
111749.0,11750.0,2025-12-06,Completed,NC,99.99
111750.0,11751.0,2025-04-09,Completed,NY,18.0
111751.0,11752.0,2025-09-10,Completed,IL,48.0
111752.0,11753.0,2025-09-11,Completed,TX,22.0
111753.0,11754.0,2025-03-25,Completed,NC,158.0
111754.0,11755.0,2025-02-19,Completed,FL,6.5
111755.0,11756.0,2025-12-12,Completed,CO,66.0
111756.0,11757.0,2025-07-26,Completed,MA,22.0
111757.0,11758.0,2025-07-01,Completed,MA,12.5
111758.0,11759.0,2025-01-02,Completed,NY,36.0
111759.0,11760.0,2025-08-08,Completed,IL,24.99
111760.0,11761.0,2025-07-15,Completed,VA,13.0
111761.0,11762.0,2025-04-19,Completed,CA,53.0
111762.0,11763.0,2025-09-16,Completed,MA,6.5
111763.0,11764.0,2025-02-07,Completed,MA,53.0
111764.0,11765.0,2025-07-04,Completed,CO,12.5
111765.0,11766.0,2025-04-06,Completed,VA,19.5
111766.0,11767.0,2025-01-03,Completed,IL,79.0
111767.0,11768.0,2025-06-26,Completed,FL,22.0
111768.0,11769.0,2025-09-26,Completed,NC,22.0
111769.0,11770.0,2025-02-15,Completed,NY,99.99
111770.0,11771.0,2025-11-22,Completed,NY,44.0
111771.0,11772.0,2026-01-09,Completed,NY,99.99
111772.0,11773.0,2025-07-12,Completed,FL,99.99
111773.0,11774.0,2025-10-31,Completed,NC,65.0
111774.0,11775.0,2025-06-11,Completed,CO,130.0
111775.0,11776.0,2025-02-02,Completed,CO,49.98
111776.0,11777.0,2025-09-28,Completed,IL,199.98
111777.0,11778.0,2025-04-17,Completed,CA,12.5
111778.0,11779.0,2026-01-07,Completed,MA,199.98
111779.0,11780.0,2025-01-15,Completed,IL,18.0
111780.0,11781.0,2025-01-10,Completed,VA,65.0
111781.0,11782.0,2025-11-22,Completed,CO,6.5
111782.0,11783.0,2025-01-09,Completed,WA,65.0
111783.0,11784.0,2026-01-04,Completed,CO,79.0
111784.0,11785.0,2025-02-24,Completed,NC,48.0
111785.0,11786.0,2025-01-22,Completed,WA,79.0
111786.0,11787.0,2025-02-05,Completed,VA,18.0
111787.0,11788.0,2025-02-24,Completed,CO,53.0
111788.0,11789.0,2025-03-09,Completed,CA,22.0
111789.0,11790.0,2025-07-17,Completed,TX,13.0
111790.0,11791.0,2025-02-12,Completed,IL,65.0
111791.0,11792.0,2025-04-29,Completed,WA,65.0
111792.0,11793.0,2025-11-22,Completed,TX,79.5
111793.0,11794.0,2025-07-09,Completed,WA,96.0
111794.0,11795.0,2025-11-20,Completed,FL,13.0
111795.0,11796.0,2025-05-02,Completed,VA,99.99
111796.0,11797.0,2025-01-24,Completed,FL,65.0
111797.0,11798.0,2025-12-29,Completed,NC,96.0
111798.0,11799.0,2025-10-25,Completed,CA,99.99
111799.0,11800.0,2025-02-05,Completed,VA,65.0
111800.0,11801.0,2025-04-22,Completed,VA,99.99
111801.0,11802.0,2025-03-18,Completed,MA,6.5
111802.0,11803.0,2025-08-01,Completed,CO,24.99
111803.0,11804.0,2025-09-16,Completed,MA,96.0
111804.0,11805.0,2025-08-29,Completed,TX,24.99
111805.0,11806.0,2025-03-01,Completed,CO,6.5
111806.0,11807.0,2025-10-12,Completed,TX,48.0
111807.0,11808.0,2025-07-16,Completed,IL,25.0
111808.0,11809.0,2025-05-28,Completed,IL,18.0
111809.0,11810.0,2025-04-12,Completed,VA,48.0
111810.0,11811.0,2025-05-31,Completed,NY,24.99
111811.0,11812.0,2025-11-14,Completed,NY,26.5
111812.0,11813.0,2025-10-25,Completed,CO,199.98
111813.0,11814.0,2025-09-24,Completed,WA,18.0
111814.0,11815.0,2025-06-26,Completed,NC,25.0
111815.0,11816.0,2025-06-27,Completed,CO,65.0
111816.0,11817.0,2026-01-05,Completed,CO,99.99
111817.0,11818.0,2025-02-02,Completed,MA,13.0
111818.0,11819.0,2025-10-23,Completed,NY,22.0
111819.0,11820.0,2025-03-20,Completed,IL,22.0
111820.0,11821.0,2025-05-17,Completed,NC,158.0
111821.0,11822.0,2025-07-19,Completed,WA,12.5
111822.0,11823.0,2025-02-04,Completed,TX,26.5
111823.0,11824.0,2025-06-19,Completed,NY,130.0
111824.0,11825.0,2025-01-16,Completed,IL,79.0
111825.0,11826.0,2025-03-10,Completed,NY,26.5
111826.0,11827.0,2025-10-10,Completed,NC,12.5
111827.0,11828.0,2025-01-03,Completed,NY,99.99
111828.0,11829.0,2025-05-16,Completed,NY,53.0
111829.0,11830.0,2025-05-21,Completed,NY,12.5
111830.0,11831.0,2025-11-19,Completed,CO,13.0
111831.0,11832.0,2025-07-23,Completed,MA,37.5
111832.0,11833.0,2025-10-07,Completed,NY,79.5
111833.0,11834.0,2025-03-05,Completed,IL,22.0
111834.0,11835.0,2025-11-25,Completed,CA,6.5
111835.0,11836.0,2025-06-23,Completed,CA,6.5
111836.0,11837.0,2025-05-12,Completed,NC,54.0
111837.0,11838.0,2025-04-21,Completed,WA,65.0
111838.0,11839.0,2025-02-27,Completed,TX,48.0
111839.0,11840.0,2025-01-03,Completed,CA,65.0
111840.0,11841.0,2025-02-22,Completed,FL,130.0
111841.0,11842.0,2025-01-07,Completed,TX,65.0
111842.0,11843.0,2026-01-09,Completed,CA,96.0
111843.0,11844.0,2025-07-10,Completed,TX,18.0
111844.0,11845.0,2025-08-24,Completed,NC,99.99
111845.0,11846.0,2025-10-31,Completed,FL,6.5
111846.0,11847.0,2025-04-18,Completed,TX,25.0
111847.0,11848.0,2025-06-09,Completed,MA,18.0
111848.0,11849.0,2025-08-06,Completed,FL,6.5
111849.0,11850.0,2025-10-09,Completed,MA,22.0
111850.0,11851.0,2025-05-05,Completed,NY,22.0
111851.0,11852.0,2025-04-21,Completed,WA,24.99
111852.0,11853.0,2025-10-19,Completed,CA,65.0
111853.0,11854.0,2025-02-20,Completed,TX,36.0
111854.0,11855.0,2025-02-04,Completed,FL,144.0
111855.0,11856.0,2025-03-22,Completed,NC,26.5
111856.0,11857.0,2025-05-04,Completed,NY,79.0
111857.0,11858.0,2025-03-01,Completed,WA,79.0
111858.0,11859.0,2025-04-12,Completed,CO,79.5
111859.0,11860.0,2025-08-06,Completed,MA,22.0
111860.0,11861.0,2025-01-22,Completed,FL,79.0
111861.0,11862.0,2026-01-04,Completed,CA,24.99
111862.0,11863.0,2025-02-15,Completed,NY,6.5
111863.0,11864.0,2025-06-08,Completed,VA,79.0
111864.0,11865.0,2025-04-20,Completed,WA,65.0
111865.0,11866.0,2025-05-19,Completed,NY,99.99
111866.0,11867.0,2025-09-06,Completed,VA,79.0
111867.0,11868.0,2025-02-17,Completed,CA,25.0
111868.0,11869.0,2025-10-17,Completed,NC,48.0
111869.0,11870.0,2025-01-31,Completed,WA,65.0
111870.0,11871.0,2025-01-07,Completed,NC,96.0
111871.0,11872.0,2025-10-12,Completed,IL,18.0
111872.0,11873.0,2025-12-07,Completed,IL,99.99
111873.0,11874.0,2025-07-11,Completed,CO,12.5
111874.0,11875.0,2025-01-12,Completed,CO,66.0
111875.0,11876.0,2025-09-01,Completed,VA,18.0
111876.0,11877.0,2025-11-29,Completed,MA,66.0
111877.0,11878.0,2026-01-14,Completed,VA,79.0
111878.0,11879.0,2025-04-10,Completed,MA,44.0
111879.0,11880.0,2025-04-21,Completed,TX,66.0
111880.0,11881.0,2026-01-04,Completed,IL,12.5
111881.0,11882.0,2025-11-19,Completed,NY,6.5
111882.0,11883.0,2025-03-06,Completed,FL,22.0
111883.0,11884.0,2025-11-29,Completed,NY,26.5
111884.0,11885.0,2025-03-29,Completed,NC,6.5
111885.0,11886.0,2025-08-01,Completed,IL,49.98
111886.0,11887.0,2025-04-16,Completed,MA,6.5
111887.0,11888.0,2025-06-20,Completed,MA,99.99
111888.0,11889.0,2025-10-27,Completed,MA,65.0
111889.0,11890.0,2025-10-25,Completed,FL,158.0
111890.0,11891.0,2025-02-13,Completed,WA,12.5
111891.0,11892.0,2025-01-02,Completed,NC,79.0
111892.0,11893.0,2025-05-21,Completed,NC,65.0
111893.0,11894.0,2025-12-04,Completed,VA,48.0
111894.0,11895.0,2026-01-02,Completed,TX,99.99
111895.0,11896.0,2025-05-14,Completed,WA,12.5
111896.0,11897.0,2025-02-25,Completed,CO,26.5
111897.0,11898.0,2025-05-03,Completed,MA,99.99
111898.0,11899.0,2025-01-12,Completed,VA,6.5
111899.0,11900.0,2025-07-21,Completed,IL,79.0
111900.0,11901.0,2025-06-15,Completed,FL,24.99
111901.0,11902.0,2025-11-07,Completed,IL,6.5
111902.0,11903.0,2025-03-20,Completed,TX,22.0
111903.0,11904.0,2026-01-10,Completed,NY,79.0
111904.0,11905.0,2025-12-27,Completed,NC,12.5
111905.0,11906.0,2025-04-01,Completed,MA,24.99
111906.0,11907.0,2025-09-18,Completed,MA,158.0
111907.0,11908.0,2025-08-01,Completed,VA,26.5
111908.0,11909.0,2025-11-17,Completed,FL,18.0
111909.0,11910.0,2025-08-09,Completed,CO,49.98
111910.0,11911.0,2025-09-01,Completed,CO,65.0
111911.0,11912.0,2025-04-09,Completed,NY,18.0
111912.0,11913.0,2025-09-09,Completed,NC,6.5
111913.0,11914.0,2025-01-19,Completed,NC,65.0
111914.0,11915.0,2025-10-25,Completed,NY,6.5
111915.0,11916.0,2025-09-02,Completed,CO,130.0
111916.0,11917.0,2026-01-07,Completed,CO,22.0
111917.0,11918.0,2026-01-08,Completed,NY,79.0
111918.0,11919.0,2025-07-13,Completed,IL,25.0
111919.0,11920.0,2025-04-29,Completed,VA,199.98
111920.0,11921.0,2025-08-23,Completed,NC,26.5
111921.0,11922.0,2025-12-26,Completed,IL,54.0
111922.0,11923.0,2025-05-26,Completed,FL,24.99
111923.0,11924.0,2026-01-06,Completed,TX,65.0
111924.0,11925.0,2025-01-24,Completed,NY,44.0
111925.0,11926.0,2025-10-30,Completed,WA,18.0
111926.0,11927.0,2025-05-28,Completed,CO,26.5
111927.0,11928.0,2025-10-18,Completed,WA,44.0
111928.0,11929.0,2025-10-10,Completed,VA,13.0
111929.0,11930.0,2025-08-26,Completed,CO,65.0
111930.0,11931.0,2025-12-28,Completed,CO,48.0
111931.0,11932.0,2025-10-26,Completed,IL,99.99
111932.0,11933.0,2025-04-19,Completed,VA,6.5
111933.0,11934.0,2025-05-01,Completed,NC,65.0
111934.0,11935.0,2025-07-06,Completed,TX,130.0
111935.0,11936.0,2025-11-28,Completed,CO,96.0
111936.0,11937.0,2025-09-29,Completed,TX,22.0
111937.0,11938.0,2025-09-10,Completed,MA,65.0
111938.0,11939.0,2025-06-28,Completed,TX,24.99
111939.0,11940.0,2025-05-23,Completed,TX,12.5
111940.0,11941.0,2025-08-28,Completed,IL,54.0
111941.0,11942.0,2025-06-06,Completed,FL,6.5
111942.0,11943.0,2025-01-15,Completed,NY,6.5
111943.0,11944.0,2025-01-22,Completed,IL,26.5
111944.0,11945.0,2025-05-01,Completed,NC,79.0
111945.0,11946.0,2025-12-05,Completed,FL,6.5
111946.0,11947.0,2025-06-26,Completed,CO,79.0
111947.0,11948.0,2026-01-11,Completed,CA,74.97
111948.0,11949.0,2025-06-11,Completed,IL,18.0
111949.0,11950.0,2025-04-17,Completed,CA,44.0
111950.0,11951.0,2025-09-29,Completed,MA,12.5
111951.0,11952.0,2025-05-13,Completed,MA,44.0
111952.0,11953.0,2025-10-06,Completed,VA,25.0
111953.0,11954.0,2025-12-06,Completed,VA,22.0
111954.0,11955.0,2025-05-25,Completed,MA,79.0
111955.0,11956.0,2025-11-04,Completed,MA,99.99
111956.0,11957.0,2025-07-18,Completed,NC,99.99
111957.0,11958.0,2025-05-27,Completed,CO,12.5
111958.0,11959.0,2025-11-05,Completed,FL,6.5
111959.0,11960.0,2025-08-28,Completed,MA,18.0
111960.0,11961.0,2025-03-19,Completed,NY,13.0
111961.0,11962.0,2026-01-07,Completed,CO,18.0
111962.0,11963.0,2025-01-09,Completed,FL,26.5
111963.0,11964.0,2025-06-01,Completed,CA,130.0
111964.0,11965.0,2025-06-04,Completed,IL,19.5
111965.0,11966.0,2026-01-10,Completed,CO,26.5
111966.0,11967.0,2025-06-20,Completed,TX,130.0
111967.0,11968.0,2025-08-14,Completed,VA,22.0
111968.0,11969.0,2025-04-09,Completed,MA,99.99
111969.0,11970.0,2025-02-08,Completed,WA,6.5
111970.0,11971.0,2025-02-14,Completed,NC,18.0
111971.0,11972.0,2025-11-23,Completed,NC,36.0
111972.0,11973.0,2025-07-06,Completed,WA,79.0
111973.0,11974.0,2025-09-15,Completed,VA,65.0
111974.0,11975.0,2025-02-04,Completed,IL,130.0
111975.0,11976.0,2025-04-14,Completed,NC,24.99
111976.0,11977.0,2025-06-22,Completed,TX,79.0
111977.0,11978.0,2025-02-20,Completed,CO,24.99
111978.0,11979.0,2025-12-29,Completed,CA,22.0
111979.0,11980.0,2025-10-08,Completed,MA,18.0
111980.0,11981.0,2025-09-18,Completed,FL,65.0
111981.0,11982.0,2025-11-20,Completed,NC,65.0
111982.0,11983.0,2025-08-20,Completed,CA,26.5
111983.0,11984.0,2025-04-16,Completed,MA,18.0
111984.0,11985.0,2026-01-12,Completed,CO,6.5
111985.0,11986.0,2025-07-30,Completed,CO,79.0
111986.0,11987.0,2025-03-03,Completed,FL,48.0
111987.0,11988.0,2025-06-07,Completed,FL,48.0
111988.0,11989.0,2025-11-07,Completed,TX,18.0
111989.0,11990.0,2025-12-02,Completed,IL,26.5
111990.0,11991.0,2025-12-25,Completed,FL,22.0
111991.0,11992.0,2025-02-21,Completed,VA,24.99
111992.0,11993.0,2025-05-10,Completed,CO,13.0
111993.0,11994.0,2025-11-26,Completed,TX,158.0
111994.0,11995.0,2025-06-14,Completed,CA,48.0
111995.0,11996.0,2025-09-12,Completed,CA,18.0
111996.0,11997.0,2025-02-16,Completed,WA,53.0
111997.0,11998.0,2025-11-06,Completed,MA,48.0
111998.0,11999.0,2025-12-16,Completed,IL,65.0
111999.0,12000.0,2025-07-27,Completed,MA,65.0
112000.0,12001.0,2025-08-08,Completed,MA,24.99
112001.0,12002.0,2025-01-13,Completed,NC,18.0
112002.0,12003.0,2025-12-21,Completed,NY,53.0
112003.0,12004.0,2025-09-27,Completed,FL,24.99
112004.0,12005.0,2025-03-16,Completed,FL,24.99
112005.0,12006.0,2025-04-16,Completed,NC,199.98
112006.0,12007.0,2025-06-01,Completed,MA,25.0
112007.0,12008.0,2025-05-09,Completed,CA,12.5
112008.0,12009.0,2025-11-21,Completed,VA,22.0
112009.0,12010.0,2025-04-10,Completed,VA,79.0
112010.0,12011.0,2025-10-16,Completed,VA,22.0
112011.0,12012.0,2025-12-04,Completed,NY,99.99
112012.0,12013.0,2025-06-15,Completed,MA,6.5
112013.0,12014.0,2025-07-06,Completed,TX,22.0
112014.0,12015.0,2025-05-16,Completed,IL,6.5
112015.0,12016.0,2025-09-21,Completed,NC,79.0
112016.0,12017.0,2025-07-06,Completed,FL,53.0
112017.0,12018.0,2025-04-07,Completed,WA,6.5
112018.0,12019.0,2025-02-05,Completed,MA,6.5
112019.0,12020.0,2025-08-02,Completed,NY,53.0
112020.0,12021.0,2025-06-01,Completed,FL,26.5
112021.0,12022.0,2025-04-13,Completed,FL,48.0
112022.0,12023.0,2025-07-21,Completed,CA,48.0
112023.0,12024.0,2025-08-22,Completed,NY,24.99
112024.0,12025.0,2025-06-08,Completed,VA,99.99
112025.0,12026.0,2025-02-03,Completed,TX,18.0
112026.0,12027.0,2025-03-27,Completed,MA,12.5
112027.0,12028.0,2025-06-30,Completed,VA,26.5
112028.0,12029.0,2026-01-03,Completed,NC,19.5
112029.0,12030.0,2025-02-24,Completed,WA,6.5
112030.0,12031.0,2026-01-10,Completed,NC,24.99
112031.0,12032.0,2026-01-06,Completed,NY,6.5
112032.0,12033.0,2025-01-06,Completed,CO,22.0
112033.0,12034.0,2025-06-13,Completed,CA,158.0
112034.0,12035.0,2025-04-11,Completed,WA,12.5
112035.0,12036.0,2025-03-24,Completed,WA,79.0
112036.0,12037.0,2025-02-24,Completed,CO,24.99
112037.0,12038.0,2025-02-06,Completed,CO,26.5
112038.0,12039.0,2025-03-14,Completed,FL,18.0
112039.0,12040.0,2025-08-12,Completed,FL,130.0
112040.0,12041.0,2025-07-04,Completed,WA,26.5
112041.0,12042.0,2025-11-17,Completed,TX,18.0
112042.0,12043.0,2025-03-31,Completed,CA,25.0
112043.0,12044.0,2025-06-14,Completed,NC,24.99
112044.0,12045.0,2025-10-20,Completed,CA,144.0
112045.0,12046.0,2025-06-17,Completed,NY,99.99
112046.0,12047.0,2025-04-28,Completed,MA,99.99
112047.0,12048.0,2025-04-19,Completed,VA,65.0
112048.0,12049.0,2025-08-07,Completed,FL,199.98
112049.0,12050.0,2025-09-10,Completed,VA,36.0
112050.0,12051.0,2026-01-01,Completed,WA,79.0
112051.0,12052.0,2026-01-15,Completed,CO,24.99
112052.0,12053.0,2025-12-10,Completed,FL,26.5
112053.0,12054.0,2025-09-15,Completed,WA,79.0
112054.0,12055.0,2025-11-16,Completed,CO,49.98
112055.0,12056.0,2025-01-16,Completed,WA,144.0
112056.0,12057.0,2025-12-20,Completed,NY,65.0
112057.0,12058.0,2025-06-02,Completed,NY,65.0
112058.0,12059.0,2025-12-25,Completed,TX,18.0
112059.0,12060.0,2025-08-29,Completed,CA,18.0
112060.0,12061.0,2025-09-15,Completed,WA,79.0
112061.0,12062.0,2025-07-10,Completed,MA,26.5
112062.0,12063.0,2025-01-11,Completed,CA,25.0
112063.0,12064.0,2025-03-24,Completed,VA,13.0
112064.0,12065.0,2026-01-12,Completed,NC,54.0
112065.0,12066.0,2025-05-25,Completed,VA,26.5
112066.0,12067.0,2025-06-23,Completed,IL,12.5
112067.0,12068.0,2025-06-10,Completed,WA,26.5
112068.0,12069.0,2025-09-08,Completed,IL,6.5
112069.0,12070.0,2025-05-31,Completed,WA,26.5
112070.0,12071.0,2025-07-23,Completed,NY,22.0
112071.0,12072.0,2025-10-04,Completed,NY,79.0
112072.0,12073.0,2025-06-21,Completed,CA,18.0
112073.0,12074.0,2025-08-27,Completed,IL,18.0
112074.0,12075.0,2025-05-25,Completed,VA,44.0
112075.0,12076.0,2025-02-05,Completed,MA,22.0
112076.0,12077.0,2025-07-05,Completed,VA,22.0
112077.0,12078.0,2025-03-31,Completed,IL,54.0
112078.0,12079.0,2025-10-18,Completed,CA,24.99
112079.0,12080.0,2025-07-25,Completed,FL,6.5
112080.0,12081.0,2025-07-31,Completed,MA,65.0
112081.0,12082.0,2025-07-02,Completed,NC,12.5
112082.0,12083.0,2025-02-05,Completed,CA,79.5
112083.0,12084.0,2025-03-25,Completed,NY,24.99
112084.0,12085.0,2025-09-08,Completed,WA,24.99
112085.0,12086.0,2025-03-24,Completed,MA,26.5
112086.0,12087.0,2025-03-05,Completed,NY,99.99
112087.0,12088.0,2025-03-22,Completed,FL,99.99
112088.0,12089.0,2026-01-09,Completed,TX,99.99
112089.0,12090.0,2025-07-15,Completed,NY,79.0
112090.0,12091.0,2025-05-22,Completed,VA,6.5
112091.0,12092.0,2025-07-29,Completed,CA,96.0
112092.0,12093.0,2025-01-24,Completed,IL,6.5
112093.0,12094.0,2025-06-10,Completed,IL,54.0
112094.0,12095.0,2025-08-23,Completed,IL,199.98
112095.0,12096.0,2025-10-13,Completed,NC,6.5
112096.0,12097.0,2025-08-09,Completed,CA,22.0
112097.0,12098.0,2025-11-07,Completed,WA,18.0
112098.0,12099.0,2025-05-16,Completed,CO,65.0
112099.0,12100.0,2025-01-17,Completed,CO,36.0
112100.0,12101.0,2025-02-10,Completed,IL,158.0
112101.0,12102.0,2025-05-02,Completed,FL,12.5
112102.0,12103.0,2025-11-30,Completed,NY,48.0
112103.0,12104.0,2025-11-07,Completed,VA,96.0
112104.0,12105.0,2025-03-21,Completed,NC,54.0
112105.0,12106.0,2025-05-17,Completed,NC,13.0
112106.0,12107.0,2025-06-26,Completed,MA,12.5
112107.0,12108.0,2025-07-12,Completed,NC,24.99
112108.0,12109.0,2025-08-13,Completed,WA,12.5
112109.0,12110.0,2025-10-03,Completed,WA,48.0
112110.0,12111.0,2025-10-30,Completed,CA,99.99
112111.0,12112.0,2025-01-10,Completed,MA,99.99
112112.0,12113.0,2025-09-25,Completed,NC,65.0
112113.0,12114.0,2025-04-17,Completed,WA,6.5
112114.0,12115.0,2025-05-01,Completed,VA,48.0
112115.0,12116.0,2025-11-20,Completed,WA,18.0
112116.0,12117.0,2025-10-25,Completed,NY,18.0
112117.0,12118.0,2025-03-14,Completed,CO,26.5
112118.0,12119.0,2025-07-23,Completed,NY,74.97
112119.0,12120.0,2025-09-28,Completed,CA,12.5
112120.0,12121.0,2025-12-21,Completed,FL,26.5
112121.0,12122.0,2025-01-14,Completed,CO,22.0
112122.0,12123.0,2025-10-26,Completed,IL,99.99
112123.0,12124.0,2025-02-17,Completed,CO,195.0
112124.0,12125.0,2025-10-08,Completed,MA,65.0
112125.0,12126.0,2025-01-01,Completed,CA,79.0
112126.0,12127.0,2025-04-03,Completed,NY,26.5
112127.0,12128.0,2025-05-28,Completed,CA,79.0
112128.0,12129.0,2025-09-22,Completed,CO,65.0
112129.0,12130.0,2025-01-07,Completed,IL,12.5
112130.0,12131.0,2025-08-21,Completed,CO,24.99
112131.0,12132.0,2025-12-08,Completed,FL,18.0
112132.0,12133.0,2025-08-03,Completed,CO,79.0
112133.0,12134.0,2025-05-07,Completed,FL,12.5
112134.0,12135.0,2025-11-21,Completed,IL,36.0
112135.0,12136.0,2025-01-09,Completed,IL,65.0
112136.0,12137.0,2025-02-21,Completed,WA,22.0
112137.0,12138.0,2025-02-05,Completed,WA,24.99
112138.0,12139.0,2025-09-27,Completed,TX,37.5
112139.0,12140.0,2025-01-09,Completed,NC,24.99
112140.0,12141.0,2025-02-13,Completed,FL,24.99
112141.0,12142.0,2025-04-15,Completed,IL,18.0
112142.0,12143.0,2025-01-18,Completed,NY,66.0
112143.0,12144.0,2025-09-04,Completed,FL,44.0
112144.0,12145.0,2025-10-22,Completed,FL,65.0
112145.0,12146.0,2025-03-27,Completed,NC,6.5
112146.0,12147.0,2025-10-13,Completed,FL,79.0
112147.0,12148.0,2025-01-29,Completed,CO,44.0
112148.0,12149.0,2026-01-10,Completed,TX,18.0
112149.0,12150.0,2025-04-03,Completed,MA,53.0
112150.0,12151.0,2025-02-07,Completed,FL,13.0
112151.0,12152.0,2025-07-22,Completed,TX,99.99
112152.0,12153.0,2025-09-05,Completed,IL,48.0
112153.0,12154.0,2025-09-15,Completed,MA,12.5
112154.0,12155.0,2025-01-20,Completed,CA,26.5
112155.0,12156.0,2025-05-16,Completed,FL,22.0
112156.0,12157.0,2025-06-29,Completed,CA,65.0
112157.0,12158.0,2025-06-09,Completed,CA,79.0
112158.0,12159.0,2025-08-17,Completed,MA,22.0
112159.0,12160.0,2025-11-13,Completed,CO,44.0
112160.0,12161.0,2025-05-02,Completed,TX,130.0
112161.0,12162.0,2025-08-07,Completed,WA,65.0
112162.0,12163.0,2025-01-29,Completed,TX,65.0
112163.0,12164.0,2025-07-25,Completed,CA,22.0
112164.0,12165.0,2025-06-04,Completed,NC,22.0
112165.0,12166.0,2025-03-25,Completed,CA,22.0
112166.0,12167.0,2025-02-04,Completed,MA,18.0
112167.0,12168.0,2025-07-07,Completed,WA,79.0
112168.0,12169.0,2025-09-14,Completed,VA,79.0
112169.0,12170.0,2025-06-11,Completed,CO,18.0
112170.0,12171.0,2026-01-05,Completed,TX,6.5
112171.0,12172.0,2025-07-20,Completed,MA,99.99
112172.0,12173.0,2025-08-21,Completed,NC,79.0
112173.0,12174.0,2025-01-18,Completed,IL,48.0
112174.0,12175.0,2025-08-31,Completed,NY,6.5
112175.0,12176.0,2025-06-24,Completed,FL,65.0
112176.0,12177.0,2025-07-31,Completed,TX,25.0
112177.0,12178.0,2025-06-18,Completed,WA,130.0
112178.0,12179.0,2025-03-17,Completed,MA,48.0
112179.0,12180.0,2025-07-05,Completed,CO,48.0
112180.0,12181.0,2025-02-18,Completed,NC,99.99
112181.0,12182.0,2025-09-22,Completed,CA,22.0
112182.0,12183.0,2025-01-19,Completed,VA,26.5
112183.0,12184.0,2025-09-19,Completed,TX,24.99
112184.0,12185.0,2025-08-05,Completed,IL,18.0
112185.0,12186.0,2025-04-18,Completed,TX,65.0
112186.0,12187.0,2025-10-17,Completed,NY,18.0
112187.0,12188.0,2025-03-29,Completed,TX,299.97
112188.0,12189.0,2025-02-04,Completed,NC,18.0
112189.0,12190.0,2025-02-01,Completed,CO,79.0
112190.0,12191.0,2025-07-13,Completed,IL,48.0
112191.0,12192.0,2025-07-26,Completed,NC,26.5
112192.0,12193.0,2025-01-03,Completed,CO,99.99
112193.0,12194.0,2025-06-30,Completed,IL,65.0
112194.0,12195.0,2025-01-29,Completed,TX,6.5
112195.0,12196.0,2025-03-13,Completed,CO,79.0
112196.0,12197.0,2025-09-19,Completed,IL,44.0
112197.0,12198.0,2025-08-23,Completed,TX,12.5
112198.0,12199.0,2025-01-15,Completed,NY,199.98
112199.0,12200.0,2026-01-07,Completed,CA,99.99
112200.0,12201.0,2025-12-12,Completed,CA,22.0
112201.0,12202.0,2025-05-02,Completed,NC,26.5
112202.0,12203.0,2025-01-03,Completed,MA,99.99
112203.0,12204.0,2025-06-27,Completed,MA,24.99
112204.0,12205.0,2025-01-03,Completed,MA,26.5
112205.0,12206.0,2025-11-06,Completed,CA,48.0
112206.0,12207.0,2025-03-30,Completed,WA,26.5
112207.0,12208.0,2025-05-14,Completed,FL,26.5
112208.0,12209.0,2025-07-26,Completed,IL,299.97
112209.0,12210.0,2025-10-02,Completed,IL,6.5
112210.0,12211.0,2025-07-18,Completed,CA,18.0
112211.0,12212.0,2025-11-24,Completed,TX,12.5
112212.0,12213.0,2025-07-08,Completed,CA,96.0
112213.0,12214.0,2025-11-20,Completed,NC,96.0
112214.0,12215.0,2025-06-18,Completed,NC,12.5
112215.0,12216.0,2025-04-24,Completed,VA,99.99
112216.0,12217.0,2025-01-15,Completed,VA,18.0
112217.0,12218.0,2025-01-09,Completed,VA,22.0
112218.0,12219.0,2025-03-22,Completed,NY,53.0
112219.0,12220.0,2025-12-29,Completed,IL,49.98
112220.0,12221.0,2025-05-30,Completed,WA,25.0
112221.0,12222.0,2025-06-11,Completed,TX,18.0
112222.0,12223.0,2025-12-17,Completed,CO,22.0
112223.0,12224.0,2025-07-18,Completed,FL,12.5
112224.0,12225.0,2025-07-12,Completed,MA,79.0
112225.0,12226.0,2025-11-23,Completed,IL,22.0
112226.0,12227.0,2025-06-03,Completed,IL,26.5
112227.0,12228.0,2025-07-21,Completed,VA,65.0
112228.0,12229.0,2025-08-26,Completed,NY,96.0
112229.0,12230.0,2025-07-13,Completed,VA,44.0
112230.0,12231.0,2025-12-29,Completed,NY,99.99
112231.0,12232.0,2025-03-29,Completed,TX,48.0
112232.0,12233.0,2025-04-29,Completed,CA,49.98
112233.0,12234.0,2025-09-27,Completed,VA,26.5
112234.0,12235.0,2025-05-31,Completed,FL,99.99
112235.0,12236.0,2025-08-08,Completed,NY,22.0
112236.0,12237.0,2025-12-16,Completed,VA,6.5
112237.0,12238.0,2025-02-05,Completed,FL,195.0
112238.0,12239.0,2025-04-25,Completed,FL,99.99
112239.0,12240.0,2025-01-03,Completed,CO,24.99
112240.0,12241.0,2025-10-05,Completed,VA,24.99
112241.0,12242.0,2025-02-12,Completed,NC,6.5
112242.0,12243.0,2025-03-26,Completed,MA,18.0
112243.0,12244.0,2025-09-12,Completed,NC,12.5
112244.0,12245.0,2026-01-05,Completed,TX,22.0
112245.0,12246.0,2025-09-14,Completed,WA,6.5
112246.0,12247.0,2025-05-26,Completed,CA,37.5
112247.0,12248.0,2025-12-29,Completed,TX,26.5
112248.0,12249.0,2025-03-30,Completed,MA,6.5
112249.0,12250.0,2025-02-26,Completed,VA,12.5
112250.0,12251.0,2025-08-17,Completed,CA,18.0
112251.0,12252.0,2025-08-01,Completed,IL,99.99
112252.0,12253.0,2026-01-12,Completed,WA,22.0
112253.0,12254.0,2025-11-12,Completed,IL,79.5
112254.0,12255.0,2025-05-03,Completed,NY,99.99
112255.0,12256.0,2025-06-22,Completed,NC,18.0
112256.0,12257.0,2025-05-02,Completed,WA,79.5
112257.0,12258.0,2025-05-02,Completed,CA,48.0
112258.0,12259.0,2025-01-19,Completed,IL,19.5
112259.0,12260.0,2025-05-12,Completed,CA,18.0
112260.0,12261.0,2025-04-01,Completed,NC,26.5
112261.0,12262.0,2025-12-19,Completed,FL,99.99
112262.0,12263.0,2025-04-14,Completed,NY,13.0
112263.0,12264.0,2025-03-31,Completed,MA,12.5
112264.0,12265.0,2025-06-17,Completed,NC,22.0
112265.0,12266.0,2025-05-18,Completed,NY,199.98
112266.0,12267.0,2025-01-20,Completed,FL,65.0
112267.0,12268.0,2025-01-30,Completed,TX,48.0
112268.0,12269.0,2025-01-10,Completed,NY,48.0
112269.0,12270.0,2025-10-28,Completed,MA,18.0
112270.0,12271.0,2025-05-31,Completed,CO,6.5
112271.0,12272.0,2025-06-23,Completed,MA,18.0
112272.0,12273.0,2025-05-28,Completed,CA,22.0
112273.0,12274.0,2025-01-08,Completed,NC,18.0
112274.0,12275.0,2025-01-29,Completed,CA,36.0
112275.0,12276.0,2025-01-09,Completed,VA,22.0
112276.0,12277.0,2025-06-24,Completed,IL,79.0
112277.0,12278.0,2025-05-03,Completed,VA,12.5
112278.0,12279.0,2025-08-30,Completed,VA,130.0
112279.0,12280.0,2025-08-25,Completed,WA,24.99
112280.0,12281.0,2026-01-11,Completed,VA,99.99
112281.0,12282.0,2025-01-08,Completed,CO,24.99
112282.0,12283.0,2025-04-20,Completed,IL,26.5
112283.0,12284.0,2026-01-11,Completed,VA,18.0
112284.0,12285.0,2025-03-20,Completed,TX,22.0
112285.0,12286.0,2025-08-10,Completed,CO,79.0
112286.0,12287.0,2025-04-03,Completed,NY,199.98
112287.0,12288.0,2026-01-14,Completed,VA,65.0
112288.0,12289.0,2025-10-09,Completed,TX,18.0
112289.0,12290.0,2025-09-29,Completed,VA,24.99
112290.0,12291.0,2025-04-08,Completed,CA,26.5
112291.0,12292.0,2025-03-08,Completed,IL,158.0
112292.0,12293.0,2025-11-09,Completed,FL,24.99
112293.0,12294.0,2025-10-25,Completed,NC,18.0
112294.0,12295.0,2025-12-29,Completed,CO,6.5
112295.0,12296.0,2025-12-04,Completed,FL,99.99
112296.0,12297.0,2025-02-01,Completed,NC,65.0
112297.0,12298.0,2025-06-24,Completed,IL,24.99
112298.0,12299.0,2025-08-06,Completed,MA,99.99
112299.0,12300.0,2025-08-28,Completed,WA,199.98
112300.0,12301.0,2025-06-19,Completed,FL,12.5
112301.0,12302.0,2025-04-01,Completed,WA,65.0
112302.0,12303.0,2025-11-21,Completed,NY,18.0
112303.0,12304.0,2025-01-02,Completed,MA,99.99
112304.0,12305.0,2025-12-31,Completed,NY,22.0
112305.0,12306.0,2025-11-04,Completed,IL,24.99
112306.0,12307.0,2025-08-31,Completed,CA,24.99
112307.0,12308.0,2025-09-27,Completed,FL,18.0
112308.0,12309.0,2025-01-22,Completed,MA,99.99
112309.0,12310.0,2025-11-28,Completed,TX,199.98
112310.0,12311.0,2025-06-06,Completed,NC,6.5
112311.0,12312.0,2025-10-21,Completed,CO,6.5
112312.0,12313.0,2025-01-23,Completed,IL,99.99
112313.0,12314.0,2025-09-08,Completed,NY,18.0
112314.0,12315.0,2025-09-18,Completed,NY,6.5
112315.0,12316.0,2025-05-20,Completed,MA,99.99
112316.0,12317.0,2026-01-02,Completed,WA,22.0
112317.0,12318.0,2025-04-02,Completed,TX,6.5
112318.0,12319.0,2025-04-12,Completed,IL,48.0
112319.0,12320.0,2025-01-08,Completed,CA,48.0
112320.0,12321.0,2025-05-20,Completed,NY,144.0
112321.0,12322.0,2025-05-09,Completed,IL,6.5
112322.0,12323.0,2025-01-22,Completed,WA,49.98
112323.0,12324.0,2025-04-01,Completed,VA,65.0
112324.0,12325.0,2025-03-31,Completed,FL,24.99
112325.0,12326.0,2025-08-19,Completed,FL,26.5
112326.0,12327.0,2025-12-11,Completed,IL,18.0
112327.0,12328.0,2025-06-16,Completed,NY,22.0
112328.0,12329.0,2025-02-11,Completed,VA,19.5
112329.0,12330.0,2025-07-29,Completed,IL,22.0
112330.0,12331.0,2025-05-17,Completed,CA,19.5
112331.0,12332.0,2025-10-16,Completed,WA,79.0
112332.0,12333.0,2025-03-25,Completed,MA,99.99
112333.0,12334.0,2025-04-24,Completed,WA,6.5
112334.0,12335.0,2025-02-11,Completed,NC,22.0
112335.0,12336.0,2025-01-20,Completed,MA,12.5
112336.0,12337.0,2025-06-15,Completed,FL,18.0
112337.0,12338.0,2025-03-23,Completed,MA,99.99
112338.0,12339.0,2025-04-07,Completed,FL,79.0
112339.0,12340.0,2025-07-27,Completed,WA,26.5
112340.0,12341.0,2025-02-03,Completed,CO,18.0
112341.0,12342.0,2025-05-22,Completed,NC,6.5
112342.0,12343.0,2025-09-08,Completed,CO,79.0
112343.0,12344.0,2025-04-06,Completed,FL,26.5
112344.0,12345.0,2025-08-13,Completed,MA,22.0
112345.0,12346.0,2025-10-30,Completed,NC,22.0
112346.0,12347.0,2025-05-17,Completed,VA,199.98
112347.0,12348.0,2025-08-30,Completed,CA,48.0
112348.0,12349.0,2025-05-15,Completed,NY,158.0
112349.0,12350.0,2025-05-07,Completed,MA,18.0
112350.0,12351.0,2025-05-18,Completed,MA,22.0
112351.0,12352.0,2025-08-17,Completed,NY,65.0
112352.0,12353.0,2025-02-07,Completed,VA,195.0
112353.0,12354.0,2025-03-12,Completed,IL,79.0
112354.0,12355.0,2025-12-01,Completed,CO,24.99
112355.0,12356.0,2025-02-04,Completed,WA,18.0
112356.0,12357.0,2025-11-09,Completed,FL,18.0
112357.0,12358.0,2025-04-07,Completed,IL,158.0
112358.0,12359.0,2025-02-06,Completed,CO,25.0
112359.0,12360.0,2025-02-09,Completed,MA,53.0
112360.0,12361.0,2025-04-18,Completed,NC,26.5
112361.0,12362.0,2025-08-19,Completed,FL,96.0
112362.0,12363.0,2025-09-16,Completed,TX,26.5
112363.0,12364.0,2025-04-26,Completed,VA,12.5
112364.0,12365.0,2025-09-13,Completed,CA,36.0
112365.0,12366.0,2025-05-24,Completed,NY,44.0
112366.0,12367.0,2025-10-17,Completed,CA,6.5
112367.0,12368.0,2025-07-24,Completed,CA,65.0
112368.0,12369.0,2025-09-21,Completed,NY,48.0
112369.0,12370.0,2025-01-17,Completed,CO,13.0
112370.0,12371.0,2025-04-11,Completed,NY,24.99
112371.0,12372.0,2025-11-29,Completed,CA,24.99
112372.0,12373.0,2025-12-16,Completed,VA,26.5
112373.0,12374.0,2025-03-10,Completed,MA,79.0
112374.0,12375.0,2025-06-22,Completed,VA,13.0
112375.0,12376.0,2025-12-30,Completed,VA,130.0
112376.0,12377.0,2025-04-25,Completed,NC,18.0
112377.0,12378.0,2025-03-31,Completed,VA,48.0
112378.0,12379.0,2025-04-19,Completed,IL,96.0
112379.0,12380.0,2025-10-10,Completed,MA,99.99
112380.0,12381.0,2025-06-18,Completed,TX,79.5
112381.0,12382.0,2026-01-05,Completed,VA,44.0
112382.0,12383.0,2025-01-10,Completed,NY,99.99
112383.0,12384.0,2025-09-04,Completed,MA,37.5
112384.0,12385.0,2025-02-16,Completed,NY,18.0
112385.0,12386.0,2025-02-01,Completed,NC,25.0
112386.0,12387.0,2025-09-03,Completed,CA,22.0
112387.0,12388.0,2025-02-25,Completed,NY,65.0
112388.0,12389.0,2025-08-03,Completed,MA,79.5
112389.0,12390.0,2025-01-28,Completed,CO,22.0
112390.0,12391.0,2025-05-09,Completed,MA,65.0
112391.0,12392.0,2025-03-17,Completed,CA,6.5
112392.0,12393.0,2025-12-12,Completed,CA,65.0
112393.0,12394.0,2025-09-28,Completed,WA,12.5
112394.0,12395.0,2025-09-04,Completed,VA,6.5
112395.0,12396.0,2025-02-09,Completed,IL,6.5
112396.0,12397.0,2025-12-25,Completed,NY,26.5
112397.0,12398.0,2025-03-09,Completed,WA,6.5
112398.0,12399.0,2025-08-04,Completed,FL,99.99
112399.0,12400.0,2025-03-14,Completed,TX,6.5
112400.0,12401.0,2025-10-04,Completed,VA,65.0
112401.0,12402.0,2025-05-01,Completed,CA,26.5
112402.0,12403.0,2025-11-28,Completed,CA,22.0
112403.0,12404.0,2025-10-06,Completed,CO,22.0
112404.0,12405.0,2025-05-10,Completed,NY,6.5
112405.0,12406.0,2025-12-17,Completed,IL,158.0
112406.0,12407.0,2025-09-23,Completed,IL,12.5
112407.0,12408.0,2025-07-25,Completed,VA,74.97
112408.0,12409.0,2025-07-14,Completed,NC,53.0
112409.0,12410.0,2025-09-19,Completed,NY,65.0
112410.0,12411.0,2025-09-02,Completed,TX,96.0
112411.0,12412.0,2025-03-05,Completed,WA,79.0
112412.0,12413.0,2025-03-19,Completed,CA,18.0
112413.0,12414.0,2026-01-12,Completed,VA,48.0
112414.0,12415.0,2025-06-20,Completed,VA,48.0
112415.0,12416.0,2025-12-01,Completed,VA,12.5
112416.0,12417.0,2025-03-15,Completed,WA,6.5
112417.0,12418.0,2025-12-22,Completed,NC,26.5
112418.0,12419.0,2025-11-12,Completed,IL,26.5
112419.0,12420.0,2025-05-13,Completed,FL,6.5
112420.0,12421.0,2025-05-31,Completed,MA,79.5
112421.0,12422.0,2025-09-14,Completed,VA,18.0
112422.0,12423.0,2025-05-22,Completed,CO,99.99
112423.0,12424.0,2025-12-06,Completed,FL,99.99
112424.0,12425.0,2025-04-15,Completed,NC,53.0
112425.0,12426.0,2025-09-18,Completed,FL,36.0
112426.0,12427.0,2025-04-25,Completed,NY,12.5
112427.0,12428.0,2025-07-07,Completed,CO,6.5
112428.0,12429.0,2026-01-09,Completed,CA,48.0
112429.0,12430.0,2025-03-10,Completed,MA,199.98
112430.0,12431.0,2025-01-16,Completed,CO,24.99
112431.0,12432.0,2025-03-21,Completed,MA,26.5
112432.0,12433.0,2025-01-24,Completed,TX,65.0
112433.0,12434.0,2025-04-26,Completed,MA,158.0
112434.0,12435.0,2025-11-24,Completed,IL,79.0
112435.0,12436.0,2025-12-12,Completed,TX,99.99
112436.0,12437.0,2025-06-23,Completed,NY,48.0
112437.0,12438.0,2025-10-24,Completed,MA,22.0
112438.0,12439.0,2026-01-07,Completed,NC,24.99
112439.0,12440.0,2025-07-11,Completed,VA,18.0
112440.0,12441.0,2025-06-07,Completed,CA,158.0
112441.0,12442.0,2025-12-28,Completed,NC,65.0
112442.0,12443.0,2025-10-14,Completed,NC,18.0
112443.0,12444.0,2026-01-04,Completed,CO,13.0
112444.0,12445.0,2025-07-05,Completed,NC,24.99
112445.0,12446.0,2025-04-01,Completed,NC,18.0
112446.0,12447.0,2025-01-15,Completed,MA,199.98
112447.0,12448.0,2025-06-12,Completed,CO,13.0
112448.0,12449.0,2025-05-18,Completed,VA,130.0
112449.0,12450.0,2025-02-09,Completed,CO,6.5
112450.0,12451.0,2025-04-04,Completed,TX,22.0
112451.0,12452.0,2025-07-18,Completed,NC,26.5
112452.0,12453.0,2025-09-01,Completed,CA,25.0
112453.0,12454.0,2025-01-01,Completed,IL,65.0
112454.0,12455.0,2025-09-20,Completed,NC,25.0
112455.0,12456.0,2025-01-05,Completed,NC,24.99
112456.0,12457.0,2025-05-29,Completed,TX,18.0
112457.0,12458.0,2025-10-16,Completed,VA,18.0
112458.0,12459.0,2025-02-11,Completed,MA,48.0
112459.0,12460.0,2025-06-03,Completed,NY,25.0
112460.0,12461.0,2025-10-31,Completed,IL,79.0
112461.0,12462.0,2025-09-16,Completed,CA,22.0
112462.0,12463.0,2025-08-18,Completed,NY,99.99
112463.0,12464.0,2025-03-11,Completed,WA,96.0
112464.0,12465.0,2025-06-18,Completed,MA,65.0
112465.0,12466.0,2025-05-16,Completed,NC,26.5
112466.0,12467.0,2025-07-26,Completed,WA,99.99
112467.0,12468.0,2025-03-10,Completed,IL,44.0
112468.0,12469.0,2025-10-10,Completed,CO,12.5
112469.0,12470.0,2025-03-08,Completed,VA,12.5
112470.0,12471.0,2025-02-12,Completed,CO,65.0
112471.0,12472.0,2025-10-14,Completed,MA,65.0
112472.0,12473.0,2025-08-07,Completed,WA,24.99
112473.0,12474.0,2025-04-06,Completed,MA,66.0
112474.0,12475.0,2025-03-17,Completed,NC,18.0
112475.0,12476.0,2025-08-21,Completed,NC,199.98
112476.0,12477.0,2025-06-06,Completed,CA,48.0
112477.0,12478.0,2025-04-10,Completed,NC,79.0
112478.0,12479.0,2025-09-13,Completed,MA,65.0
112479.0,12480.0,2025-05-17,Completed,NC,18.0
112480.0,12481.0,2025-09-26,Completed,WA,22.0
112481.0,12482.0,2025-05-22,Completed,MA,48.0
112482.0,12483.0,2025-07-13,Completed,NC,12.5
112483.0,12484.0,2025-11-09,Completed,WA,24.99
112484.0,12485.0,2025-05-22,Completed,MA,26.5
112485.0,12486.0,2025-07-16,Completed,NY,6.5
112486.0,12487.0,2025-01-04,Completed,CA,22.0
112487.0,12488.0,2025-09-05,Completed,NY,12.5
112488.0,12489.0,2025-02-27,Completed,NY,99.99
112489.0,12490.0,2025-01-14,Completed,CO,36.0
112490.0,12491.0,2025-04-10,Completed,WA,158.0
112491.0,12492.0,2025-03-23,Completed,NY,18.0
112492.0,12493.0,2025-01-09,Completed,NC,65.0
112493.0,12494.0,2025-07-16,Completed,WA,79.5
112494.0,12495.0,2025-11-02,Completed,TX,99.99
112495.0,12496.0,2025-06-16,Completed,CA,22.0
112496.0,12497.0,2025-07-01,Completed,IL,130.0
112497.0,12498.0,2025-12-29,Completed,TX,26.5
112498.0,12499.0,2025-06-20,Completed,WA,6.5
112499.0,12500.0,2025-04-11,Completed,FL,44.0
112500.0,12501.0,2025-06-18,Completed,CO,12.5
112501.0,12502.0,2026-01-12,Completed,CA,48.0
112502.0,12503.0,2026-01-10,Completed,NC,130.0
112503.0,12504.0,2025-09-08,Completed,CO,18.0
112504.0,12505.0,2025-01-18,Completed,CA,24.99
112505.0,12506.0,2025-10-08,Completed,TX,96.0
112506.0,12507.0,2025-01-07,Completed,NY,54.0
112507.0,12508.0,2025-09-17,Completed,MA,79.0
112508.0,12509.0,2025-05-04,Completed,WA,195.0
112509.0,12510.0,2025-09-18,Completed,IL,22.0
112510.0,12511.0,2025-10-18,Completed,TX,74.97
112511.0,12512.0,2025-01-09,Completed,CO,6.5
112512.0,12513.0,2025-12-29,Completed,TX,99.99
112513.0,12514.0,2025-06-24,Completed,NY,24.99
112514.0,12515.0,2025-11-23,Completed,NY,18.0
112515.0,12516.0,2025-05-27,Completed,WA,22.0
112516.0,12517.0,2025-03-01,Completed,IL,24.99
112517.0,12518.0,2025-10-27,Completed,TX,299.97
112518.0,12519.0,2025-12-16,Completed,IL,18.0
112519.0,12520.0,2025-11-30,Completed,FL,6.5
112520.0,12521.0,2025-06-29,Completed,NC,12.5
112521.0,12522.0,2025-05-25,Completed,NY,79.0
112522.0,12523.0,2025-09-18,Completed,TX,99.99
112523.0,12524.0,2025-01-18,Completed,WA,25.0
112524.0,12525.0,2026-01-11,Completed,MA,130.0
112525.0,12526.0,2025-11-10,Completed,MA,22.0
112526.0,12527.0,2025-11-24,Completed,CO,65.0
112527.0,12528.0,2025-07-09,Completed,NY,12.5
112528.0,12529.0,2025-01-05,Completed,FL,130.0
112529.0,12530.0,2025-03-16,Completed,NY,6.5
112530.0,12531.0,2025-12-10,Completed,CO,22.0
112531.0,12532.0,2025-09-05,Completed,NY,12.5
112532.0,12533.0,2025-05-29,Completed,FL,99.99
112533.0,12534.0,2025-01-11,Completed,VA,22.0
112534.0,12535.0,2025-01-24,Completed,IL,237.0
112535.0,12536.0,2025-07-20,Completed,IL,6.5
112536.0,12537.0,2025-06-19,Completed,CA,48.0
112537.0,12538.0,2025-05-27,Completed,VA,26.5
112538.0,12539.0,2025-09-05,Completed,FL,65.0
112539.0,12540.0,2025-09-18,Completed,CA,18.0
112540.0,12541.0,2025-07-12,Completed,NC,24.99
112541.0,12542.0,2025-09-29,Completed,MA,24.99
112542.0,12543.0,2025-11-23,Completed,CO,6.5
112543.0,12544.0,2025-10-08,Completed,NC,12.5
112544.0,12545.0,2025-05-11,Completed,WA,26.5
112545.0,12546.0,2025-07-17,Completed,FL,99.99
112546.0,12547.0,2025-06-13,Completed,TX,25.0
112547.0,12548.0,2025-05-14,Completed,IL,26.5
112548.0,12549.0,2025-11-19,Completed,NY,99.99
112549.0,12550.0,2025-10-12,Completed,CO,144.0
112550.0,12551.0,2025-11-09,Completed,NC,130.0
112551.0,12552.0,2025-11-21,Completed,CO,79.5
112552.0,12553.0,2025-10-19,Completed,VA,53.0
112553.0,12554.0,2025-10-11,Completed,IL,99.99
112554.0,12555.0,2026-01-11,Completed,NY,18.0
112555.0,12556.0,2025-04-02,Completed,IL,65.0
112556.0,12557.0,2025-08-09,Completed,WA,6.5
112557.0,12558.0,2025-05-26,Completed,NY,99.99
112558.0,12559.0,2025-11-10,Completed,VA,24.99
112559.0,12560.0,2025-06-29,Completed,NC,12.5
112560.0,12561.0,2025-04-29,Completed,WA,24.99
112561.0,12562.0,2025-01-07,Completed,TX,36.0
112562.0,12563.0,2025-01-20,Completed,NC,26.5
112563.0,12564.0,2025-02-20,Completed,WA,44.0
112564.0,12565.0,2025-08-03,Completed,NC,36.0
112565.0,12566.0,2025-04-14,Completed,CO,24.99
112566.0,12567.0,2026-01-08,Completed,NY,37.5
112567.0,12568.0,2025-02-25,Completed,WA,130.0
112568.0,12569.0,2025-10-13,Completed,TX,24.99
112569.0,12570.0,2025-11-25,Completed,CA,79.0
112570.0,12571.0,2025-02-05,Completed,CO,79.5
112571.0,12572.0,2025-06-13,Completed,CO,199.98
112572.0,12573.0,2025-05-01,Completed,CO,6.5
112573.0,12574.0,2025-01-21,Completed,MA,79.0
112574.0,12575.0,2025-12-20,Completed,NY,19.5
112575.0,12576.0,2025-11-22,Completed,FL,12.5
112576.0,12577.0,2025-06-24,Completed,FL,24.99
112577.0,12578.0,2025-07-22,Completed,NY,6.5
112578.0,12579.0,2025-04-06,Completed,IL,12.5
112579.0,12580.0,2025-10-17,Completed,NC,99.99
112580.0,12581.0,2025-06-13,Completed,CO,12.5
112581.0,12582.0,2025-09-26,Completed,CO,6.5
112582.0,12583.0,2025-10-13,Completed,TX,12.5
112583.0,12584.0,2025-06-26,Completed,FL,54.0
112584.0,12585.0,2025-08-08,Completed,CO,49.98
112585.0,12586.0,2025-07-01,Completed,CA,130.0
112586.0,12587.0,2025-08-19,Completed,IL,130.0
112587.0,12588.0,2025-09-11,Completed,WA,6.5
112588.0,12589.0,2025-09-17,Completed,CA,99.99
112589.0,12590.0,2025-09-14,Completed,IL,18.0
112590.0,12591.0,2025-06-29,Completed,NY,65.0
112591.0,12592.0,2025-10-12,Completed,FL,25.0
112592.0,12593.0,2025-05-20,Completed,IL,6.5
112593.0,12594.0,2025-08-29,Completed,WA,24.99
112594.0,12595.0,2025-02-23,Completed,IL,6.5
112595.0,12596.0,2025-03-02,Completed,NC,130.0
112596.0,12597.0,2025-09-06,Completed,NC,65.0
112597.0,12598.0,2025-01-08,Completed,IL,18.0
112598.0,12599.0,2025-08-25,Completed,VA,25.0
112599.0,12600.0,2025-10-04,Completed,VA,26.5
112600.0,12601.0,2025-10-17,Completed,NC,37.5
112601.0,12602.0,2025-01-08,Completed,WA,99.99
112602.0,12603.0,2025-04-16,Completed,FL,79.0
112603.0,12604.0,2025-01-10,Completed,VA,99.99
112604.0,12605.0,2025-10-08,Completed,WA,18.0
112605.0,12606.0,2025-04-07,Completed,CA,130.0
112606.0,12607.0,2025-10-12,Completed,TX,199.98
112607.0,12608.0,2025-11-11,Completed,CO,12.5
112608.0,12609.0,2026-01-15,Completed,VA,12.5
112609.0,12610.0,2025-05-25,Completed,TX,18.0
112610.0,12611.0,2025-04-12,Completed,FL,25.0
112611.0,12612.0,2025-05-09,Completed,CA,26.5
112612.0,12613.0,2025-04-02,Completed,VA,99.99
112613.0,12614.0,2025-10-11,Completed,VA,48.0
112614.0,12615.0,2025-06-28,Completed,CO,49.98
112615.0,12616.0,2025-02-09,Completed,WA,48.0
112616.0,12617.0,2025-01-04,Completed,FL,65.0
112617.0,12618.0,2026-01-06,Completed,NY,48.0
112618.0,12619.0,2025-02-03,Completed,NC,99.99
112619.0,12620.0,2025-01-11,Completed,NC,144.0
112620.0,12621.0,2025-10-11,Completed,WA,79.0
112621.0,12622.0,2025-06-03,Completed,FL,24.99
112622.0,12623.0,2025-03-15,Completed,FL,79.0
112623.0,12624.0,2025-01-29,Completed,IL,48.0
112624.0,12625.0,2025-04-28,Completed,CA,79.0
112625.0,12626.0,2025-10-11,Completed,NY,99.99
112626.0,12627.0,2025-11-28,Completed,NY,44.0
112627.0,12628.0,2025-06-11,Completed,CO,12.5
112628.0,12629.0,2025-01-30,Completed,CO,99.99
112629.0,12630.0,2026-01-04,Completed,WA,24.99
112630.0,12631.0,2025-11-01,Completed,CA,99.99
112631.0,12632.0,2025-01-20,Completed,FL,26.5
112632.0,12633.0,2025-04-12,Completed,IL,6.5
112633.0,12634.0,2025-05-23,Completed,NC,79.0
112634.0,12635.0,2025-11-08,Completed,FL,99.99
112635.0,12636.0,2025-11-26,Completed,CA,6.5
112636.0,12637.0,2025-11-27,Completed,MA,6.5
112637.0,12638.0,2025-01-03,Completed,MA,65.0
112638.0,12639.0,2025-06-18,Completed,FL,53.0
112639.0,12640.0,2025-04-10,Completed,MA,65.0
112640.0,12641.0,2025-12-22,Completed,TX,12.5
112641.0,12642.0,2025-03-07,Completed,NC,48.0
112642.0,12643.0,2025-05-13,Completed,TX,158.0
112643.0,12644.0,2025-12-24,Completed,WA,99.99
112644.0,12645.0,2025-08-27,Completed,TX,37.5
112645.0,12646.0,2025-11-12,Completed,IL,96.0
112646.0,12647.0,2025-01-26,Completed,NY,12.5
112647.0,12648.0,2025-10-21,Completed,CA,26.5
112648.0,12649.0,2025-12-21,Completed,TX,79.0
112649.0,12650.0,2025-04-10,Completed,TX,53.0
112650.0,12651.0,2025-11-23,Completed,NY,12.5
112651.0,12652.0,2026-01-08,Completed,CO,65.0
112652.0,12653.0,2025-06-17,Completed,TX,158.0
112653.0,12654.0,2026-01-06,Completed,NC,19.5
112654.0,12655.0,2025-03-25,Completed,VA,6.5
112655.0,12656.0,2025-06-25,Completed,CO,99.99
112656.0,12657.0,2026-01-05,Completed,IL,158.0
112657.0,12658.0,2025-12-19,Completed,TX,18.0
112658.0,12659.0,2026-01-01,Completed,NY,22.0
112659.0,12660.0,2025-10-23,Completed,NY,26.5
112660.0,12661.0,2025-08-12,Completed,CO,6.5
112661.0,12662.0,2025-10-20,Completed,FL,199.98
112662.0,12663.0,2025-07-31,Completed,WA,18.0
112663.0,12664.0,2025-08-26,Completed,CA,130.0
112664.0,12665.0,2025-04-25,Completed,WA,18.0
112665.0,12666.0,2025-12-11,Completed,WA,18.0
112666.0,12667.0,2025-02-21,Completed,NY,79.0
112667.0,12668.0,2025-11-19,Completed,FL,96.0
112668.0,12669.0,2025-08-20,Completed,IL,65.0
112669.0,12670.0,2025-05-17,Completed,WA,36.0
112670.0,12671.0,2025-11-25,Completed,TX,48.0
112671.0,12672.0,2025-02-20,Completed,CA,18.0
112672.0,12673.0,2025-01-16,Completed,CA,99.99
112673.0,12674.0,2025-08-10,Completed,WA,12.5
112674.0,12675.0,2025-03-07,Completed,VA,36.0
112675.0,12676.0,2025-12-29,Completed,TX,18.0
112676.0,12677.0,2025-05-02,Completed,TX,12.5
112677.0,12678.0,2025-09-16,Completed,CO,48.0
112678.0,12679.0,2025-10-06,Completed,NY,79.0
112679.0,12680.0,2025-05-18,Completed,FL,24.99
112680.0,12681.0,2025-04-30,Completed,FL,18.0
112681.0,12682.0,2025-08-25,Completed,WA,18.0
112682.0,12683.0,2025-04-14,Completed,NY,53.0
112683.0,12684.0,2025-05-13,Completed,NY,195.0
112684.0,12685.0,2025-12-06,Completed,WA,18.0
112685.0,12686.0,2025-09-17,Completed,CO,99.99
112686.0,12687.0,2025-09-22,Completed,NY,49.98
112687.0,12688.0,2025-04-07,Completed,WA,48.0
112688.0,12689.0,2025-10-22,Completed,VA,18.0
112689.0,12690.0,2025-06-18,Completed,IL,26.5
112690.0,12691.0,2025-04-22,Completed,TX,36.0
112691.0,12692.0,2026-01-13,Completed,MA,74.97
112692.0,12693.0,2025-07-09,Completed,WA,18.0
112693.0,12694.0,2025-05-20,Completed,IL,36.0
112694.0,12695.0,2025-07-21,Completed,WA,79.5
112695.0,12696.0,2025-06-17,Completed,IL,237.0
112696.0,12697.0,2025-09-19,Completed,WA,26.5
112697.0,12698.0,2025-08-19,Completed,IL,44.0
112698.0,12699.0,2025-07-28,Completed,TX,199.98
112699.0,12700.0,2025-12-19,Completed,NC,237.0
112700.0,12701.0,2025-04-16,Completed,FL,6.5
112701.0,12702.0,2025-05-03,Completed,FL,24.99
112702.0,12703.0,2025-05-07,Completed,CA,99.99
112703.0,12704.0,2026-01-12,Completed,IL,99.99
112704.0,12705.0,2025-01-10,Completed,WA,18.0
112705.0,12706.0,2025-11-28,Completed,TX,6.5
112706.0,12707.0,2025-11-30,Completed,NC,48.0
112707.0,12708.0,2025-12-13,Completed,WA,99.99
112708.0,12709.0,2025-12-04,Completed,NC,22.0
112709.0,12710.0,2025-09-02,Completed,MA,24.99
112710.0,12711.0,2025-12-27,Completed,VA,99.99
112711.0,12712.0,2025-04-12,Completed,MA,144.0
112712.0,12713.0,2025-10-31,Completed,WA,26.5
112713.0,12714.0,2025-08-18,Completed,TX,12.5
112714.0,12715.0,2025-04-20,Completed,CA,44.0
112715.0,12716.0,2025-05-05,Completed,NC,96.0
112716.0,12717.0,2025-10-11,Completed,WA,79.0
112717.0,12718.0,2025-10-13,Completed,VA,79.0
112718.0,12719.0,2025-07-09,Completed,CO,130.0
112719.0,12720.0,2025-10-14,Completed,NY,74.97
112720.0,12721.0,2025-09-04,Completed,NY,48.0
112721.0,12722.0,2025-08-11,Completed,IL,158.0
112722.0,12723.0,2025-09-05,Completed,NC,48.0
112723.0,12724.0,2025-06-14,Completed,CA,79.0
112724.0,12725.0,2025-05-03,Completed,NC,18.0
112725.0,12726.0,2025-10-25,Completed,CO,48.0
112726.0,12727.0,2025-03-26,Completed,CA,12.5
112727.0,12728.0,2025-11-07,Completed,CO,199.98
112728.0,12729.0,2025-08-02,Completed,NC,6.5
112729.0,12730.0,2025-06-08,Completed,CA,96.0
112730.0,12731.0,2025-11-14,Completed,WA,12.5
112731.0,12732.0,2025-07-21,Completed,NY,12.5
112732.0,12733.0,2025-02-20,Completed,MA,44.0
112733.0,12734.0,2025-03-26,Completed,NY,65.0
112734.0,12735.0,2025-05-25,Completed,MA,130.0
112735.0,12736.0,2025-08-24,Completed,FL,49.98
112736.0,12737.0,2025-09-01,Completed,FL,65.0
112737.0,12738.0,2025-04-05,Completed,NC,65.0
112738.0,12739.0,2025-06-11,Completed,CO,65.0
112739.0,12740.0,2025-03-12,Completed,NC,26.5
112740.0,12741.0,2025-12-12,Completed,CA,26.5
112741.0,12742.0,2025-10-03,Completed,NC,13.0
112742.0,12743.0,2026-01-10,Completed,FL,158.0
112743.0,12744.0,2026-01-13,Completed,WA,199.98
112744.0,12745.0,2025-07-10,Completed,NY,48.0
112745.0,12746.0,2025-08-02,Completed,CO,49.98
112746.0,12747.0,2025-11-21,Completed,IL,99.99
112747.0,12748.0,2025-02-08,Completed,WA,48.0
112748.0,12749.0,2025-06-04,Completed,FL,6.5
112749.0,12750.0,2025-02-14,Completed,NY,24.99
112750.0,12751.0,2025-03-22,Completed,NC,48.0
112751.0,12752.0,2025-07-20,Completed,FL,65.0
112752.0,12753.0,2025-05-04,Completed,VA,49.98
112753.0,12754.0,2025-03-12,Completed,CA,6.5
112754.0,12755.0,2025-05-17,Completed,IL,74.97
112755.0,12756.0,2025-06-24,Completed,TX,25.0
112756.0,12757.0,2025-09-11,Completed,TX,48.0
112757.0,12758.0,2025-11-24,Completed,VA,48.0
112758.0,12759.0,2025-04-04,Completed,NC,6.5
112759.0,12760.0,2025-01-10,Completed,TX,54.0
112760.0,12761.0,2025-02-01,Completed,CA,18.0
112761.0,12762.0,2025-10-02,Completed,CO,22.0
112762.0,12763.0,2025-06-29,Completed,IL,144.0
112763.0,12764.0,2025-05-13,Completed,NC,49.98
112764.0,12765.0,2025-09-27,Completed,CO,13.0
112765.0,12766.0,2025-02-17,Completed,CO,99.99
112766.0,12767.0,2025-01-26,Completed,MA,12.5
112767.0,12768.0,2025-12-31,Completed,NC,26.5
112768.0,12769.0,2025-09-22,Completed,MA,199.98
112769.0,12770.0,2025-03-20,Completed,CA,12.5
112770.0,12771.0,2025-08-27,Completed,TX,237.0
112771.0,12772.0,2025-09-25,Completed,NY,53.0
112772.0,12773.0,2025-11-05,Completed,WA,6.5
112773.0,12774.0,2025-03-12,Completed,FL,24.99
112774.0,12775.0,2025-08-25,Completed,WA,99.99
112775.0,12776.0,2025-10-17,Completed,MA,48.0
112776.0,12777.0,2025-02-01,Completed,NC,6.5
112777.0,12778.0,2025-03-26,Completed,WA,12.5
112778.0,12779.0,2025-02-16,Completed,NY,99.99
112779.0,12780.0,2025-04-01,Completed,NY,26.5
112780.0,12781.0,2025-11-23,Completed,WA,48.0
112781.0,12782.0,2025-09-28,Completed,MA,158.0
112782.0,12783.0,2025-10-31,Completed,TX,65.0
112783.0,12784.0,2025-05-25,Completed,IL,12.5
112784.0,12785.0,2025-12-15,Completed,FL,199.98
112785.0,12786.0,2025-12-15,Completed,TX,26.5
112786.0,12787.0,2025-10-30,Completed,MA,6.5
112787.0,12788.0,2025-10-29,Completed,CA,12.5
112788.0,12789.0,2025-07-13,Completed,NC,79.0
112789.0,12790.0,2025-06-19,Completed,VA,99.99
112790.0,12791.0,2025-02-09,Completed,VA,65.0
112791.0,12792.0,2025-11-10,Completed,CA,26.5
112792.0,12793.0,2025-09-22,Completed,TX,26.5
112793.0,12794.0,2025-01-27,Completed,NY,18.0
112794.0,12795.0,2025-10-26,Completed,VA,13.0
112795.0,12796.0,2025-11-05,Completed,IL,79.5
112796.0,12797.0,2025-05-29,Completed,NY,65.0
112797.0,12798.0,2025-03-11,Completed,TX,99.99
112798.0,12799.0,2025-11-14,Completed,NY,22.0
112799.0,12800.0,2025-06-02,Completed,VA,99.99
112800.0,12801.0,2025-11-13,Completed,CO,65.0
112801.0,12802.0,2025-01-27,Completed,IL,99.99
112802.0,12803.0,2025-10-12,Completed,CO,18.0
112803.0,12804.0,2025-03-22,Completed,CO,79.0
112804.0,12805.0,2025-05-26,Completed,NC,199.98
112805.0,12806.0,2025-02-02,Completed,IL,79.0
112806.0,12807.0,2025-01-09,Completed,VA,18.0
112807.0,12808.0,2025-11-15,Completed,NC,36.0
112808.0,12809.0,2025-09-27,Completed,VA,18.0
112809.0,12810.0,2025-06-30,Completed,CA,66.0
112810.0,12811.0,2025-05-17,Completed,VA,158.0
112811.0,12812.0,2025-11-11,Completed,WA,199.98
112812.0,12813.0,2025-12-25,Completed,WA,12.5
112813.0,12814.0,2025-03-14,Completed,CO,13.0
112814.0,12815.0,2025-04-18,Completed,IL,53.0
112815.0,12816.0,2025-07-05,Completed,WA,65.0
112816.0,12817.0,2025-10-09,Completed,CO,13.0
112817.0,12818.0,2025-12-01,Completed,NY,48.0
112818.0,12819.0,2025-12-16,Completed,WA,48.0
112819.0,12820.0,2025-03-10,Completed,WA,199.98
112820.0,12821.0,2025-03-29,Completed,NY,13.0
112821.0,12822.0,2025-02-27,Completed,TX,44.0
112822.0,12823.0,2025-12-24,Completed,WA,65.0
112823.0,12824.0,2025-03-25,Completed,NC,79.0
112824.0,12825.0,2025-05-13,Completed,CA,12.5
112825.0,12826.0,2025-12-21,Completed,MA,53.0
112826.0,12827.0,2025-06-10,Completed,NC,36.0
112827.0,12828.0,2025-08-06,Completed,CO,22.0
112828.0,12829.0,2025-07-25,Completed,NY,6.5
112829.0,12830.0,2025-10-17,Completed,MA,99.99
112830.0,12831.0,2025-05-03,Completed,NY,79.0
112831.0,12832.0,2025-11-10,Completed,FL,24.99
112832.0,12833.0,2025-08-17,Completed,CO,22.0
112833.0,12834.0,2025-01-12,Completed,MA,24.99
112834.0,12835.0,2025-04-27,Completed,NC,6.5
112835.0,12836.0,2026-01-13,Completed,CO,53.0
112836.0,12837.0,2025-06-14,Completed,IL,18.0
112837.0,12838.0,2025-12-02,Completed,VA,53.0
112838.0,12839.0,2025-06-08,Completed,CO,22.0
112839.0,12840.0,2025-01-13,Completed,CA,96.0
112840.0,12841.0,2025-09-24,Completed,NY,79.0
112841.0,12842.0,2025-12-29,Completed,NY,65.0
112842.0,12843.0,2025-11-14,Completed,CO,99.99
112843.0,12844.0,2025-12-31,Completed,CA,158.0
112844.0,12845.0,2026-01-04,Completed,CO,13.0
112845.0,12846.0,2025-05-17,Completed,NY,54.0
112846.0,12847.0,2025-04-08,Completed,VA,22.0
112847.0,12848.0,2025-03-07,Completed,NC,26.5
112848.0,12849.0,2025-05-28,Completed,VA,79.0
112849.0,12850.0,2025-06-28,Completed,CO,130.0
112850.0,12851.0,2025-01-04,Completed,MA,96.0
112851.0,12852.0,2025-09-09,Completed,IL,24.99
112852.0,12853.0,2025-08-17,Completed,CA,12.5
112853.0,12854.0,2025-07-27,Completed,MA,18.0
112854.0,12855.0,2025-01-10,Completed,VA,65.0
112855.0,12856.0,2025-07-17,Completed,WA,24.99
112856.0,12857.0,2025-08-08,Completed,TX,13.0
112857.0,12858.0,2025-10-01,Completed,NC,74.97
112858.0,12859.0,2025-04-01,Completed,FL,22.0
112859.0,12860.0,2025-07-06,Completed,FL,65.0
112860.0,12861.0,2025-09-05,Completed,MA,12.5
112861.0,12862.0,2025-07-02,Completed,WA,48.0
112862.0,12863.0,2025-09-02,Completed,CA,22.0
112863.0,12864.0,2025-06-18,Completed,IL,99.99
112864.0,12865.0,2025-10-10,Completed,FL,96.0
112865.0,12866.0,2025-10-04,Completed,CO,22.0
112866.0,12867.0,2025-04-01,Completed,NY,26.5
112867.0,12868.0,2025-07-18,Completed,IL,48.0
112868.0,12869.0,2025-06-20,Completed,WA,26.5
112869.0,12870.0,2025-10-22,Completed,NC,22.0
112870.0,12871.0,2025-02-01,Completed,FL,53.0
112871.0,12872.0,2025-05-06,Completed,MA,18.0
112872.0,12873.0,2025-08-03,Completed,CO,48.0
112873.0,12874.0,2025-10-04,Completed,NC,26.5
112874.0,12875.0,2025-03-27,Completed,MA,65.0
112875.0,12876.0,2025-05-19,Completed,WA,130.0
112876.0,12877.0,2025-07-29,Completed,NY,22.0
112877.0,12878.0,2025-12-23,Completed,CO,53.0
112878.0,12879.0,2025-04-28,Completed,MA,130.0
112879.0,12880.0,2025-09-19,Completed,MA,22.0
112880.0,12881.0,2025-07-29,Completed,TX,96.0
112881.0,12882.0,2026-01-15,Completed,CO,22.0
112882.0,12883.0,2025-10-17,Completed,FL,53.0
112883.0,12884.0,2025-11-06,Completed,CO,299.97
112884.0,12885.0,2025-07-25,Completed,TX,22.0
112885.0,12886.0,2025-09-26,Completed,CA,22.0
112886.0,12887.0,2025-01-08,Completed,NY,48.0
112887.0,12888.0,2025-10-27,Completed,IL,12.5
112888.0,12889.0,2025-02-12,Completed,CO,65.0
112889.0,12890.0,2025-08-29,Completed,MA,79.0
112890.0,12891.0,2025-08-10,Completed,CA,130.0
112891.0,12892.0,2025-09-29,Completed,NC,12.5
112892.0,12893.0,2025-02-22,Completed,CA,26.5
112893.0,12894.0,2025-12-11,Completed,VA,54.0
112894.0,12895.0,2025-05-12,Completed,FL,48.0
112895.0,12896.0,2026-01-15,Completed,CO,26.5
112896.0,12897.0,2025-09-23,Completed,NC,22.0
112897.0,12898.0,2025-02-22,Completed,WA,65.0
112898.0,12899.0,2025-08-09,Completed,TX,12.5
112899.0,12900.0,2025-01-22,Completed,IL,49.98
112900.0,12901.0,2025-12-08,Completed,WA,65.0
112901.0,12902.0,2025-08-24,Completed,CO,26.5
112902.0,12903.0,2025-06-28,Completed,CA,199.98
112903.0,12904.0,2025-02-13,Completed,VA,65.0
112904.0,12905.0,2025-01-29,Completed,NC,158.0
112905.0,12906.0,2025-02-16,Completed,NC,12.5
112906.0,12907.0,2025-09-07,Completed,VA,6.5
112907.0,12908.0,2025-06-24,Completed,FL,22.0
112908.0,12909.0,2025-09-22,Completed,CA,144.0
112909.0,12910.0,2025-09-19,Completed,VA,48.0
112910.0,12911.0,2025-10-22,Completed,MA,6.5
112911.0,12912.0,2025-03-06,Completed,FL,24.99
112912.0,12913.0,2025-12-13,Completed,NC,18.0
112913.0,12914.0,2026-01-01,Completed,CA,130.0
112914.0,12915.0,2025-12-12,Completed,WA,130.0
112915.0,12916.0,2025-03-10,Completed,CO,22.0
112916.0,12917.0,2025-06-26,Completed,NC,96.0
112917.0,12918.0,2025-06-16,Completed,NC,99.99
112918.0,12919.0,2025-05-02,Completed,VA,6.5
112919.0,12920.0,2025-04-12,Completed,CA,12.5
112920.0,12921.0,2025-07-13,Completed,WA,26.5
112921.0,12922.0,2025-01-27,Completed,WA,26.5
112922.0,12923.0,2025-10-28,Completed,IL,199.98
112923.0,12924.0,2025-11-27,Completed,CO,18.0
112924.0,12925.0,2025-02-10,Completed,CA,18.0
112925.0,12926.0,2025-11-27,Completed,NC,22.0
112926.0,12927.0,2025-02-23,Completed,IL,24.99
112927.0,12928.0,2025-09-23,Completed,NC,22.0
112928.0,12929.0,2025-04-12,Completed,CO,79.0
112929.0,12930.0,2025-03-15,Completed,VA,6.5
112930.0,12931.0,2025-07-06,Completed,MA,19.5
112931.0,12932.0,2025-06-12,Completed,NY,26.5
112932.0,12933.0,2025-04-30,Completed,CO,18.0
112933.0,12934.0,2025-01-01,Completed,CA,99.99
112934.0,12935.0,2025-12-09,Completed,VA,6.5
112935.0,12936.0,2025-10-18,Completed,MA,22.0
112936.0,12937.0,2025-07-05,Completed,NY,22.0
112937.0,12938.0,2025-11-17,Completed,IL,12.5
112938.0,12939.0,2025-09-01,Completed,VA,26.5
112939.0,12940.0,2025-08-21,Completed,NC,19.5
112940.0,12941.0,2025-12-26,Completed,CO,99.99
112941.0,12942.0,2025-01-06,Completed,MA,48.0
112942.0,12943.0,2025-07-07,Completed,NY,26.5
112943.0,12944.0,2025-07-31,Completed,NC,26.5
112944.0,12945.0,2025-01-26,Completed,TX,6.5
112945.0,12946.0,2025-10-19,Completed,CA,130.0
112946.0,12947.0,2025-10-15,Completed,CO,99.99
112947.0,12948.0,2025-05-25,Completed,TX,65.0
112948.0,12949.0,2025-06-16,Completed,CO,49.98
112949.0,12950.0,2025-01-01,Completed,MA,65.0
112950.0,12951.0,2025-02-19,Completed,WA,24.99
112951.0,12952.0,2026-01-10,Completed,MA,65.0
112952.0,12953.0,2025-02-16,Completed,MA,65.0
112953.0,12954.0,2025-01-07,Completed,FL,13.0
112954.0,12955.0,2025-04-28,Completed,NC,65.0
112955.0,12956.0,2025-09-01,Completed,IL,22.0
112956.0,12957.0,2025-07-20,Completed,CO,79.0
112957.0,12958.0,2025-08-22,Completed,WA,26.5
112958.0,12959.0,2025-08-26,Completed,CO,22.0
112959.0,12960.0,2025-04-14,Completed,NC,26.5
112960.0,12961.0,2025-03-15,Completed,CO,25.0
112961.0,12962.0,2025-10-02,Completed,TX,65.0
112962.0,12963.0,2025-07-29,Completed,VA,49.98
112963.0,12964.0,2025-01-05,Completed,IL,44.0
112964.0,12965.0,2025-09-13,Completed,NC,99.99
112965.0,12966.0,2025-01-27,Completed,WA,65.0
112966.0,12967.0,2025-12-11,Completed,NY,12.5
112967.0,12968.0,2025-11-28,Completed,NC,22.0
112968.0,12969.0,2025-08-30,Completed,CO,24.99
112969.0,12970.0,2025-11-07,Completed,VA,13.0
112970.0,12971.0,2025-09-01,Completed,NY,26.5
112971.0,12972.0,2025-08-01,Completed,CO,53.0
112972.0,12973.0,2025-01-22,Completed,MA,53.0
112973.0,12974.0,2025-11-19,Completed,TX,18.0
112974.0,12975.0,2025-02-14,Completed,VA,99.99
112975.0,12976.0,2025-05-18,Completed,NC,299.97
112976.0,12977.0,2025-04-27,Completed,WA,65.0
112977.0,12978.0,2025-06-11,Completed,CO,12.5
112978.0,12979.0,2025-08-25,Completed,TX,49.98
112979.0,12980.0,2025-04-30,Completed,CO,22.0
112980.0,12981.0,2025-02-23,Completed,MA,44.0
112981.0,12982.0,2025-02-08,Completed,VA,48.0
112982.0,12983.0,2025-07-12,Completed,NY,99.99
112983.0,12984.0,2025-12-18,Completed,MA,18.0
112984.0,12985.0,2025-08-01,Completed,NC,18.0
112985.0,12986.0,2025-07-10,Completed,NC,199.98
112986.0,12987.0,2025-03-02,Completed,CA,96.0
112987.0,12988.0,2025-08-07,Completed,CO,18.0
112988.0,12989.0,2025-05-07,Completed,VA,26.5
112989.0,12990.0,2025-07-31,Completed,TX,22.0
112990.0,12991.0,2025-10-19,Completed,NY,6.5
112991.0,12992.0,2025-09-22,Completed,NC,130.0
112992.0,12993.0,2025-07-05,Completed,NY,99.99
112993.0,12994.0,2025-12-22,Completed,IL,65.0
112994.0,12995.0,2025-11-01,Completed,FL,195.0
112995.0,12996.0,2025-01-01,Completed,WA,99.99
112996.0,12997.0,2025-02-27,Completed,CO,99.99
112997.0,12998.0,2025-11-08,Completed,WA,130.0
112998.0,12999.0,2025-11-26,Completed,TX,18.0
112999.0,13000.0,2025-04-18,Completed,FL,44.0
113000.0,13001.0,2025-09-16,Completed,NC,48.0
113001.0,13002.0,2025-03-15,Completed,TX,48.0
113002.0,13003.0,2025-11-08,Completed,TX,24.99
113003.0,13004.0,2025-04-05,Completed,CA,26.5
113004.0,13005.0,2026-01-05,Completed,NC,99.99
113005.0,13006.0,2025-12-03,Completed,WA,24.99
113006.0,13007.0,2025-06-17,Completed,NY,36.0
113007.0,13008.0,2025-09-15,Completed,VA,22.0
113008.0,13009.0,2025-09-02,Completed,FL,26.5
113009.0,13010.0,2025-04-07,Completed,MA,6.5
113010.0,13011.0,2025-07-09,Completed,WA,25.0
113011.0,13012.0,2025-11-12,Completed,WA,6.5
113012.0,13013.0,2025-01-17,Completed,CO,65.0
113013.0,13014.0,2025-10-26,Completed,CA,24.99
113014.0,13015.0,2025-04-04,Completed,IL,12.5
113015.0,13016.0,2026-01-13,Completed,NY,48.0
113016.0,13017.0,2025-09-17,Completed,VA,79.0
113017.0,13018.0,2025-02-05,Completed,MA,99.99
113018.0,13019.0,2025-11-28,Completed,FL,24.99
113019.0,13020.0,2025-05-17,Completed,VA,79.0
113020.0,13021.0,2025-07-24,Completed,CA,99.99
113021.0,13022.0,2025-09-05,Completed,IL,44.0
113022.0,13023.0,2025-03-30,Completed,NC,26.5
113023.0,13024.0,2025-12-27,Completed,WA,44.0
113024.0,13025.0,2025-06-04,Completed,NC,6.5
113025.0,13026.0,2025-08-18,Completed,NY,22.0
113026.0,13027.0,2025-11-28,Completed,TX,48.0
113027.0,13028.0,2025-09-03,Completed,CA,130.0
113028.0,13029.0,2025-12-05,Completed,IL,18.0
113029.0,13030.0,2026-01-06,Completed,NY,12.5
113030.0,13031.0,2025-06-24,Completed,TX,12.5
113031.0,13032.0,2025-11-03,Completed,TX,48.0
113032.0,13033.0,2025-01-30,Completed,MA,130.0
113033.0,13034.0,2025-02-25,Completed,TX,6.5
113034.0,13035.0,2025-03-12,Completed,IL,22.0
113035.0,13036.0,2025-01-05,Completed,TX,79.0
113036.0,13037.0,2025-01-25,Completed,CO,12.5
113037.0,13038.0,2025-07-01,Completed,WA,158.0
113038.0,13039.0,2025-06-23,Completed,MA,26.5
113039.0,13040.0,2025-06-04,Completed,MA,96.0
113040.0,13041.0,2025-01-18,Completed,CO,65.0
113041.0,13042.0,2025-06-24,Completed,CO,130.0
113042.0,13043.0,2025-06-07,Completed,FL,130.0
113043.0,13044.0,2025-10-25,Completed,CO,79.0
113044.0,13045.0,2025-05-17,Completed,IL,66.0
113045.0,13046.0,2025-05-05,Completed,CA,24.99
113046.0,13047.0,2025-05-09,Completed,VA,22.0
113047.0,13048.0,2025-02-10,Completed,CA,53.0
113048.0,13049.0,2025-06-19,Completed,NY,12.5
113049.0,13050.0,2026-01-01,Completed,VA,48.0
113050.0,13051.0,2025-11-01,Completed,TX,79.0
113051.0,13052.0,2025-07-26,Completed,CO,6.5
113052.0,13053.0,2025-09-25,Completed,NY,12.5
113053.0,13054.0,2025-12-29,Completed,WA,18.0
113054.0,13055.0,2025-07-31,Completed,MA,54.0
113055.0,13056.0,2025-12-29,Completed,NC,24.99
113056.0,13057.0,2025-10-07,Completed,NC,6.5
113057.0,13058.0,2025-11-12,Completed,NC,13.0
113058.0,13059.0,2025-03-03,Completed,CA,25.0
113059.0,13060.0,2025-05-03,Completed,CO,48.0
113060.0,13061.0,2025-09-10,Completed,IL,18.0
113061.0,13062.0,2025-09-08,Completed,MA,199.98
113062.0,13063.0,2025-02-17,Completed,NY,22.0
113063.0,13064.0,2025-01-18,Completed,MA,12.5
113064.0,13065.0,2025-12-06,Completed,CA,26.5
113065.0,13066.0,2025-09-03,Completed,WA,22.0
113066.0,13067.0,2025-02-25,Completed,NC,18.0
113067.0,13068.0,2025-10-01,Completed,VA,6.5
113068.0,13069.0,2026-01-08,Completed,CA,130.0
113069.0,13070.0,2025-04-26,Completed,VA,48.0
113070.0,13071.0,2025-02-22,Completed,CO,6.5
113071.0,13072.0,2026-01-05,Completed,WA,22.0
113072.0,13073.0,2025-12-14,Completed,FL,12.5
113073.0,13074.0,2025-12-21,Completed,CO,53.0
113074.0,13075.0,2025-04-30,Completed,WA,49.98
113075.0,13076.0,2025-05-04,Completed,WA,13.0
113076.0,13077.0,2025-12-17,Completed,VA,79.0
113077.0,13078.0,2025-05-22,Completed,IL,6.5
113078.0,13079.0,2025-03-31,Completed,IL,65.0
113079.0,13080.0,2025-08-06,Completed,TX,18.0
113080.0,13081.0,2025-07-04,Completed,NY,99.99
113081.0,13082.0,2025-10-26,Completed,CA,65.0
113082.0,13083.0,2025-12-25,Completed,CO,24.99
113083.0,13084.0,2025-06-05,Completed,CO,25.0
113084.0,13085.0,2025-11-26,Completed,VA,12.5
113085.0,13086.0,2025-11-21,Completed,CA,65.0
113086.0,13087.0,2025-11-03,Completed,WA,65.0
113087.0,13088.0,2025-03-17,Completed,NY,158.0
113088.0,13089.0,2025-05-15,Completed,CA,26.5
113089.0,13090.0,2025-12-19,Completed,CO,99.99
113090.0,13091.0,2025-12-11,Completed,TX,36.0
113091.0,13092.0,2025-04-08,Completed,MA,79.0
113092.0,13093.0,2025-06-07,Completed,TX,12.5
113093.0,13094.0,2025-07-10,Completed,WA,22.0
113094.0,13095.0,2025-01-31,Completed,NC,49.98
113095.0,13096.0,2025-04-08,Completed,FL,24.99
113096.0,13097.0,2025-03-27,Completed,NC,199.98
113097.0,13098.0,2025-09-12,Completed,VA,6.5
113098.0,13099.0,2025-07-18,Completed,NY,96.0
113099.0,13100.0,2025-07-24,Completed,MA,144.0
113100.0,13101.0,2025-12-24,Completed,VA,22.0
113101.0,13102.0,2025-02-11,Completed,MA,22.0
113102.0,13103.0,2025-11-26,Completed,IL,12.5
113103.0,13104.0,2025-07-14,Completed,VA,65.0
113104.0,13105.0,2025-06-11,Completed,VA,13.0
113105.0,13106.0,2025-08-02,Completed,NC,24.99
113106.0,13107.0,2025-08-10,Completed,IL,24.99
113107.0,13108.0,2025-10-31,Completed,MA,24.99
113108.0,13109.0,2026-01-07,Completed,TX,79.0
113109.0,13110.0,2025-07-19,Completed,IL,48.0
113110.0,13111.0,2025-04-02,Completed,WA,79.0
113111.0,13112.0,2025-06-16,Completed,WA,79.0
113112.0,13113.0,2025-05-31,Completed,CO,65.0
113113.0,13114.0,2025-02-08,Completed,WA,65.0
113114.0,13115.0,2025-02-03,Completed,IL,18.0
113115.0,13116.0,2026-01-13,Completed,CA,24.99
113116.0,13117.0,2025-07-01,Completed,FL,6.5
113117.0,13118.0,2025-07-13,Completed,NY,48.0
113118.0,13119.0,2025-12-14,Completed,IL,25.0
113119.0,13120.0,2025-09-04,Completed,NY,199.98
113120.0,13121.0,2025-12-08,Completed,TX,18.0
113121.0,13122.0,2025-07-08,Completed,CA,24.99
113122.0,13123.0,2025-06-08,Completed,CA,24.99
113123.0,13124.0,2025-04-02,Completed,NC,6.5
113124.0,13125.0,2025-05-09,Completed,CA,6.5
113125.0,13126.0,2025-08-09,Completed,VA,48.0
113126.0,13127.0,2025-02-12,Completed,CA,25.0
113127.0,13128.0,2025-08-16,Completed,CA,22.0
113128.0,13129.0,2025-06-10,Completed,TX,26.5
113129.0,13130.0,2025-07-31,Completed,IL,65.0
113130.0,13131.0,2025-06-03,Completed,NC,26.5
113131.0,13132.0,2025-12-15,Completed,CO,65.0
113132.0,13133.0,2025-12-19,Completed,MA,79.0
113133.0,13134.0,2025-04-06,Completed,CO,13.0
113134.0,13135.0,2025-12-20,Completed,CA,13.0
113135.0,13136.0,2025-05-26,Completed,TX,96.0
113136.0,13137.0,2025-11-28,Completed,FL,65.0
113137.0,13138.0,2025-11-16,Completed,WA,24.99
113138.0,13139.0,2025-11-12,Completed,WA,26.5
113139.0,13140.0,2026-01-15,Completed,NC,26.5
113140.0,13141.0,2025-11-28,Completed,MA,79.0
113141.0,13142.0,2025-07-15,Completed,VA,79.0
113142.0,13143.0,2025-05-20,Completed,TX,6.5
113143.0,13144.0,2025-09-05,Completed,VA,79.0
113144.0,13145.0,2025-02-07,Completed,FL,48.0
113145.0,13146.0,2025-04-05,Completed,CA,22.0
113146.0,13147.0,2025-01-11,Completed,NY,79.0
113147.0,13148.0,2025-03-04,Completed,NC,18.0
113148.0,13149.0,2025-10-01,Completed,WA,24.99
113149.0,13150.0,2025-10-31,Completed,CO,237.0
113150.0,13151.0,2025-09-19,Completed,NC,48.0
113151.0,13152.0,2026-01-01,Completed,MA,26.5
113152.0,13153.0,2025-02-18,Completed,TX,26.5
113153.0,13154.0,2025-07-30,Completed,TX,65.0
113154.0,13155.0,2025-12-14,Completed,TX,48.0
113155.0,13156.0,2025-08-25,Completed,NC,48.0
113156.0,13157.0,2025-12-22,Completed,NY,44.0
113157.0,13158.0,2025-10-29,Completed,TX,12.5
113158.0,13159.0,2025-08-07,Completed,WA,48.0
113159.0,13160.0,2025-11-21,Completed,CO,13.0
113160.0,13161.0,2025-09-20,Completed,WA,18.0
113161.0,13162.0,2025-05-17,Completed,FL,65.0
113162.0,13163.0,2026-01-12,Completed,CO,99.99
113163.0,13164.0,2025-03-14,Completed,NY,44.0
113164.0,13165.0,2025-12-15,Completed,FL,99.99
113165.0,13166.0,2025-08-27,Completed,NY,24.99
113166.0,13167.0,2025-12-15,Completed,NY,44.0
113167.0,13168.0,2025-10-30,Completed,NC,26.5
113168.0,13169.0,2025-01-06,Completed,NY,44.0
113169.0,13170.0,2025-03-19,Completed,VA,25.0
113170.0,13171.0,2025-04-29,Completed,NC,99.99
113171.0,13172.0,2025-06-27,Completed,IL,24.99
113172.0,13173.0,2025-08-18,Completed,WA,24.99
113173.0,13174.0,2025-11-07,Completed,TX,79.0
113174.0,13175.0,2025-11-08,Completed,VA,22.0
113175.0,13176.0,2025-12-15,Completed,CA,199.98
113176.0,13177.0,2025-05-26,Completed,FL,24.99
113177.0,13178.0,2025-05-21,Completed,IL,99.99
113178.0,13179.0,2025-01-12,Completed,WA,24.99
113179.0,13180.0,2025-07-05,Completed,NY,12.5
113180.0,13181.0,2025-01-06,Completed,CO,26.5
113181.0,13182.0,2025-09-24,Completed,MA,6.5
113182.0,13183.0,2025-02-24,Completed,IL,19.5
113183.0,13184.0,2025-08-02,Completed,CA,53.0
113184.0,13185.0,2025-02-27,Completed,NC,24.99
113185.0,13186.0,2025-01-28,Completed,CA,96.0
113186.0,13187.0,2025-07-07,Completed,CA,54.0
113187.0,13188.0,2025-12-13,Completed,IL,37.5
113188.0,13189.0,2025-07-25,Completed,CO,96.0
113189.0,13190.0,2025-01-28,Completed,NC,130.0
113190.0,13191.0,2025-05-27,Completed,MA,79.0
113191.0,13192.0,2025-12-11,Completed,MA,26.5
113192.0,13193.0,2025-03-03,Completed,CO,48.0
113193.0,13194.0,2025-07-22,Completed,CO,18.0
113194.0,13195.0,2025-12-07,Completed,WA,24.99
113195.0,13196.0,2025-02-18,Completed,TX,26.5
113196.0,13197.0,2025-12-12,Completed,FL,44.0
113197.0,13198.0,2025-05-04,Completed,NY,158.0
113198.0,13199.0,2025-10-12,Completed,IL,18.0
113199.0,13200.0,2025-10-12,Completed,CO,26.5
113200.0,13201.0,2025-05-30,Completed,IL,26.5
113201.0,13202.0,2025-08-02,Completed,CO,48.0
113202.0,13203.0,2025-06-16,Completed,CO,48.0
113203.0,13204.0,2025-04-19,Completed,NY,22.0
113204.0,13205.0,2025-04-16,Completed,IL,99.99
113205.0,13206.0,2025-10-03,Completed,TX,6.5
113206.0,13207.0,2025-07-21,Completed,NY,130.0
113207.0,13208.0,2025-09-21,Completed,NY,26.5
113208.0,13209.0,2025-10-31,Completed,CA,36.0
113209.0,13210.0,2025-04-02,Completed,WA,48.0
113210.0,13211.0,2025-03-23,Completed,MA,79.5
113211.0,13212.0,2025-01-19,Completed,MA,44.0
113212.0,13213.0,2025-12-30,Completed,NY,24.99
113213.0,13214.0,2025-07-22,Completed,FL,26.5
113214.0,13215.0,2025-12-15,Completed,MA,44.0
113215.0,13216.0,2025-09-28,Completed,VA,26.5
113216.0,13217.0,2025-12-07,Completed,MA,13.0
113217.0,13218.0,2025-01-25,Completed,MA,65.0
113218.0,13219.0,2025-09-14,Completed,TX,22.0
113219.0,13220.0,2025-05-10,Completed,VA,79.0
113220.0,13221.0,2025-05-26,Completed,MA,18.0
113221.0,13222.0,2025-04-07,Completed,IL,12.5
113222.0,13223.0,2025-10-04,Completed,NY,158.0
113223.0,13224.0,2025-02-19,Completed,NC,24.99
113224.0,13225.0,2025-03-26,Completed,NC,37.5
113225.0,13226.0,2025-01-17,Completed,CA,48.0
113226.0,13227.0,2025-03-22,Completed,MA,13.0
113227.0,13228.0,2025-11-15,Completed,FL,22.0
113228.0,13229.0,2025-02-14,Completed,NY,130.0
113229.0,13230.0,2025-07-23,Completed,NC,79.5
113230.0,13231.0,2025-07-21,Completed,WA,65.0
113231.0,13232.0,2025-08-16,Completed,CO,44.0
113232.0,13233.0,2025-05-11,Completed,VA,18.0
113233.0,13234.0,2025-11-05,Completed,IL,96.0
113234.0,13235.0,2025-05-31,Completed,FL,24.99
113235.0,13236.0,2025-09-19,Completed,CA,6.5
113236.0,13237.0,2025-08-18,Completed,MA,65.0
113237.0,13238.0,2025-07-08,Completed,VA,96.0
113238.0,13239.0,2025-06-08,Completed,TX,96.0
113239.0,13240.0,2026-01-06,Completed,CA,36.0
113240.0,13241.0,2025-04-26,Completed,NC,44.0
113241.0,13242.0,2025-03-17,Completed,NC,12.5
113242.0,13243.0,2025-12-10,Completed,MA,53.0
113243.0,13244.0,2025-06-26,Completed,FL,18.0
113244.0,13245.0,2025-04-11,Completed,CA,6.5
113245.0,13246.0,2025-02-05,Completed,TX,18.0
113246.0,13247.0,2025-09-29,Completed,CO,99.99
113247.0,13248.0,2025-02-16,Completed,CO,130.0
113248.0,13249.0,2025-08-05,Completed,FL,65.0
113249.0,13250.0,2025-02-04,Completed,IL,48.0
113250.0,13251.0,2025-08-29,Completed,NY,26.5
113251.0,13252.0,2025-02-26,Completed,VA,22.0
113252.0,13253.0,2025-04-08,Completed,TX,22.0
113253.0,13254.0,2025-05-21,Completed,WA,99.99
113254.0,13255.0,2025-11-03,Completed,NC,6.5
113255.0,13256.0,2025-05-18,Completed,FL,24.99
113256.0,13257.0,2025-07-04,Completed,CO,48.0
113257.0,13258.0,2025-10-09,Completed,WA,18.0
113258.0,13259.0,2025-12-04,Completed,NC,24.99
113259.0,13260.0,2025-08-18,Completed,NC,48.0
113260.0,13261.0,2025-05-24,Completed,CO,18.0
113261.0,13262.0,2025-01-03,Completed,NY,48.0
113262.0,13263.0,2025-03-16,Completed,NC,65.0
113263.0,13264.0,2025-05-25,Completed,IL,99.99
113264.0,13265.0,2025-03-05,Completed,NC,79.0
113265.0,13266.0,2025-11-25,Completed,NC,49.98
113266.0,13267.0,2025-03-13,Completed,NY,18.0
113267.0,13268.0,2025-03-04,Completed,FL,65.0
113268.0,13269.0,2025-08-27,Completed,MA,65.0
113269.0,13270.0,2025-03-04,Completed,CA,22.0
113270.0,13271.0,2025-11-29,Completed,CO,48.0
113271.0,13272.0,2025-10-18,Completed,FL,6.5
113272.0,13273.0,2025-07-24,Completed,IL,99.99
113273.0,13274.0,2025-11-14,Completed,MA,18.0
113274.0,13275.0,2025-03-15,Completed,NY,79.0
113275.0,13276.0,2025-02-13,Completed,WA,24.99
113276.0,13277.0,2025-12-05,Completed,NC,79.0
113277.0,13278.0,2025-01-29,Completed,WA,199.98
113278.0,13279.0,2025-12-04,Completed,VA,22.0
113279.0,13280.0,2025-08-14,Completed,TX,24.99
113280.0,13281.0,2025-11-22,Completed,MA,12.5
113281.0,13282.0,2025-01-08,Completed,FL,79.5
113282.0,13283.0,2025-08-15,Completed,CA,12.5
113283.0,13284.0,2025-10-12,Completed,TX,24.99
113284.0,13285.0,2025-12-30,Completed,CA,237.0
113285.0,13286.0,2025-03-15,Completed,IL,48.0
113286.0,13287.0,2025-12-06,Completed,NY,79.0
113287.0,13288.0,2026-01-11,Completed,CO,48.0
113288.0,13289.0,2025-07-29,Completed,IL,26.5
113289.0,13290.0,2025-05-20,Completed,CO,99.99
113290.0,13291.0,2025-03-17,Completed,NC,48.0
113291.0,13292.0,2025-08-01,Completed,IL,158.0
113292.0,13293.0,2025-07-17,Completed,CO,6.5
113293.0,13294.0,2025-02-01,Completed,WA,22.0
113294.0,13295.0,2025-06-28,Completed,TX,49.98
113295.0,13296.0,2025-11-01,Completed,TX,53.0
113296.0,13297.0,2025-09-28,Completed,NY,26.5
113297.0,13298.0,2025-10-24,Completed,FL,6.5
113298.0,13299.0,2025-01-08,Completed,WA,18.0
113299.0,13300.0,2025-02-28,Completed,NY,24.99
113300.0,13301.0,2025-06-03,Completed,WA,24.99
113301.0,13302.0,2025-05-17,Completed,NY,65.0
113302.0,13303.0,2025-07-21,Completed,CO,144.0
113303.0,13304.0,2025-08-06,Completed,WA,79.0
113304.0,13305.0,2025-11-16,Completed,NY,130.0
113305.0,13306.0,2025-09-06,Completed,CO,65.0
113306.0,13307.0,2025-09-10,Completed,CA,79.0
113307.0,13308.0,2025-06-16,Completed,MA,48.0
113308.0,13309.0,2026-01-09,Completed,VA,25.0
113309.0,13310.0,2025-06-09,Completed,CA,65.0
113310.0,13311.0,2025-06-12,Completed,NC,48.0
113311.0,13312.0,2025-08-28,Completed,VA,65.0
113312.0,13313.0,2025-07-16,Completed,WA,26.5
113313.0,13314.0,2025-04-26,Completed,MA,22.0
113314.0,13315.0,2025-02-27,Completed,IL,44.0
113315.0,13316.0,2025-02-15,Completed,CA,99.99
113316.0,13317.0,2025-11-19,Completed,TX,48.0
113317.0,13318.0,2025-01-05,Completed,TX,99.99
113318.0,13319.0,2025-12-23,Completed,NY,24.99
113319.0,13320.0,2025-01-29,Completed,TX,144.0
113320.0,13321.0,2025-09-28,Completed,TX,130.0
113321.0,13322.0,2025-12-14,Completed,FL,26.5
113322.0,13323.0,2025-12-19,Completed,VA,26.5
113323.0,13324.0,2025-09-16,Completed,VA,22.0
113324.0,13325.0,2025-04-06,Completed,VA,22.0
113325.0,13326.0,2025-07-24,Completed,VA,79.0
113326.0,13327.0,2025-07-29,Completed,MA,22.0
113327.0,13328.0,2025-06-30,Completed,IL,199.98
113328.0,13329.0,2025-09-16,Completed,WA,24.99
113329.0,13330.0,2025-09-30,Completed,VA,26.5
113330.0,13331.0,2025-09-15,Completed,NC,130.0
113331.0,13332.0,2025-03-23,Completed,IL,65.0
113332.0,13333.0,2025-12-15,Completed,CO,12.5
113333.0,13334.0,2025-05-23,Completed,CO,48.0
113334.0,13335.0,2025-11-16,Completed,FL,65.0
113335.0,13336.0,2025-04-19,Completed,CA,65.0
113336.0,13337.0,2025-06-06,Completed,MA,65.0
113337.0,13338.0,2025-07-01,Completed,MA,24.99
113338.0,13339.0,2025-02-01,Completed,TX,25.0
113339.0,13340.0,2025-09-19,Completed,TX,24.99
113340.0,13341.0,2025-08-30,Completed,MA,53.0
113341.0,13342.0,2025-10-10,Completed,CO,22.0
113342.0,13343.0,2025-12-30,Completed,CA,79.0
113343.0,13344.0,2025-08-25,Completed,CA,36.0
113344.0,13345.0,2025-07-25,Completed,CA,130.0
113345.0,13346.0,2025-07-28,Completed,NC,96.0
113346.0,13347.0,2025-09-14,Completed,NC,299.97
113347.0,13348.0,2025-02-22,Completed,CA,25.0
113348.0,13349.0,2025-06-19,Completed,NY,99.99
113349.0,13350.0,2025-01-14,Completed,VA,22.0
113350.0,13351.0,2025-05-08,Completed,IL,96.0
113351.0,13352.0,2025-05-01,Completed,MA,25.0
113352.0,13353.0,2026-01-15,Completed,VA,49.98
113353.0,13354.0,2025-12-13,Completed,TX,48.0
113354.0,13355.0,2025-01-03,Completed,MA,130.0
113355.0,13356.0,2025-01-05,Completed,CO,299.97
113356.0,13357.0,2025-03-14,Completed,NY,18.0
113357.0,13358.0,2025-10-20,Completed,CO,54.0
113358.0,13359.0,2025-12-14,Completed,IL,65.0
113359.0,13360.0,2025-03-25,Completed,IL,26.5
113360.0,13361.0,2025-08-04,Completed,CO,22.0
113361.0,13362.0,2025-07-19,Completed,CA,49.98
113362.0,13363.0,2025-06-10,Completed,VA,22.0
113363.0,13364.0,2025-03-23,Completed,IL,99.99
113364.0,13365.0,2025-07-23,Completed,MA,18.0
113365.0,13366.0,2025-10-30,Completed,FL,26.5
113366.0,13367.0,2025-03-23,Completed,CO,24.99
113367.0,13368.0,2025-11-29,Completed,MA,48.0
113368.0,13369.0,2025-01-27,Completed,VA,99.99
113369.0,13370.0,2025-10-16,Completed,NC,18.0
113370.0,13371.0,2025-07-21,Completed,CA,26.5
113371.0,13372.0,2025-10-05,Completed,VA,26.5
113372.0,13373.0,2025-05-18,Completed,CO,24.99
113373.0,13374.0,2025-01-20,Completed,NC,79.0
113374.0,13375.0,2025-08-20,Completed,NC,199.98
113375.0,13376.0,2025-01-23,Completed,MA,65.0
113376.0,13377.0,2025-12-31,Completed,NC,18.0
113377.0,13378.0,2025-11-23,Completed,IL,6.5
113378.0,13379.0,2025-06-06,Completed,NY,12.5
113379.0,13380.0,2025-05-28,Completed,CO,99.99
113380.0,13381.0,2025-01-04,Completed,WA,79.5
113381.0,13382.0,2025-12-21,Completed,CA,6.5
113382.0,13383.0,2025-02-02,Completed,VA,65.0
113383.0,13384.0,2025-12-25,Completed,TX,79.0
113384.0,13385.0,2025-06-14,Completed,FL,44.0
113385.0,13386.0,2025-04-14,Completed,NY,49.98
113386.0,13387.0,2025-10-22,Completed,NC,44.0
113387.0,13388.0,2025-12-10,Completed,MA,48.0
113388.0,13389.0,2025-05-19,Completed,NY,48.0
113389.0,13390.0,2025-02-16,Completed,NC,24.99
113390.0,13391.0,2025-03-20,Completed,IL,79.0
113391.0,13392.0,2025-01-01,Completed,NY,12.5
113392.0,13393.0,2025-09-12,Completed,NC,26.5
113393.0,13394.0,2025-03-10,Completed,CO,65.0
113394.0,13395.0,2025-08-21,Completed,FL,12.5
113395.0,13396.0,2025-04-22,Completed,TX,79.0
113396.0,13397.0,2025-12-20,Completed,CA,48.0
113397.0,13398.0,2025-05-24,Completed,FL,48.0
113398.0,13399.0,2025-04-03,Completed,VA,26.5
113399.0,13400.0,2025-02-24,Completed,NY,96.0
113400.0,13401.0,2025-04-17,Completed,TX,65.0
113401.0,13402.0,2025-07-10,Completed,IL,99.99
113402.0,13403.0,2025-12-12,Completed,VA,65.0
113403.0,13404.0,2025-02-27,Completed,FL,99.99
113404.0,13405.0,2025-04-20,Completed,FL,12.5
113405.0,13406.0,2025-11-23,Completed,IL,6.5
113406.0,13407.0,2025-05-30,Completed,NC,99.99
113407.0,13408.0,2025-05-07,Completed,FL,26.5
113408.0,13409.0,2025-07-07,Completed,TX,48.0
113409.0,13410.0,2025-06-25,Completed,VA,49.98
113410.0,13411.0,2025-01-23,Completed,NC,12.5
113411.0,13412.0,2025-01-28,Completed,MA,24.99
113412.0,13413.0,2025-02-14,Completed,NY,26.5
113413.0,13414.0,2025-02-25,Completed,CO,6.5
113414.0,13415.0,2025-06-27,Completed,FL,49.98
113415.0,13416.0,2025-06-16,Completed,TX,6.5
113416.0,13417.0,2025-12-29,Completed,NC,53.0
113417.0,13418.0,2025-05-24,Completed,MA,99.99
113418.0,13419.0,2025-04-15,Completed,WA,99.99
113419.0,13420.0,2025-03-04,Completed,TX,18.0
113420.0,13421.0,2025-08-23,Completed,TX,49.98
113421.0,13422.0,2025-12-03,Completed,VA,12.5
113422.0,13423.0,2025-07-10,Completed,NY,12.5
113423.0,13424.0,2025-05-09,Completed,CO,26.5
113424.0,13425.0,2025-06-26,Completed,VA,12.5
113425.0,13426.0,2026-01-04,Completed,WA,130.0
113426.0,13427.0,2025-07-08,Completed,IL,99.99
113427.0,13428.0,2025-05-25,Completed,CO,12.5
113428.0,13429.0,2025-05-10,Completed,WA,79.0
113429.0,13430.0,2025-03-20,Completed,CA,26.5
113430.0,13431.0,2025-05-04,Completed,WA,44.0
113431.0,13432.0,2025-03-22,Completed,NC,158.0
113432.0,13433.0,2025-08-26,Completed,NY,6.5
113433.0,13434.0,2025-10-24,Completed,CA,22.0
113434.0,13435.0,2025-03-31,Completed,FL,96.0
113435.0,13436.0,2025-07-06,Completed,IL,65.0
113436.0,13437.0,2025-12-04,Completed,NC,79.0
113437.0,13438.0,2025-07-16,Completed,TX,26.5
113438.0,13439.0,2025-11-07,Completed,VA,18.0
113439.0,13440.0,2025-08-31,Completed,NC,158.0
113440.0,13441.0,2025-09-10,Completed,VA,26.5
113441.0,13442.0,2025-08-01,Completed,NY,237.0
113442.0,13443.0,2025-01-15,Completed,NC,99.99
113443.0,13444.0,2025-05-09,Completed,NC,13.0
113444.0,13445.0,2025-01-28,Completed,CO,158.0
113445.0,13446.0,2025-01-31,Completed,MA,12.5
113446.0,13447.0,2025-06-08,Completed,MA,26.5
113447.0,13448.0,2025-02-12,Completed,FL,49.98
113448.0,13449.0,2025-12-12,Completed,NC,54.0
113449.0,13450.0,2025-12-15,Completed,CO,6.5
113450.0,13451.0,2025-01-25,Completed,CO,22.0
113451.0,13452.0,2025-12-21,Completed,NC,99.99
113452.0,13453.0,2025-11-26,Completed,FL,49.98
113453.0,13454.0,2025-02-26,Completed,NC,48.0
113454.0,13455.0,2025-02-01,Completed,CO,53.0
113455.0,13456.0,2025-02-20,Completed,TX,13.0
113456.0,13457.0,2025-02-09,Completed,NY,99.99
113457.0,13458.0,2025-01-12,Completed,TX,44.0
113458.0,13459.0,2025-08-08,Completed,CO,54.0
113459.0,13460.0,2025-08-07,Completed,NC,79.0
113460.0,13461.0,2025-05-31,Completed,CA,22.0
113461.0,13462.0,2025-06-01,Completed,FL,18.0
113462.0,13463.0,2025-03-26,Completed,WA,6.5
113463.0,13464.0,2025-10-29,Completed,CA,199.98
113464.0,13465.0,2025-10-14,Completed,IL,48.0
113465.0,13466.0,2026-01-14,Completed,TX,79.0
113466.0,13467.0,2025-03-31,Completed,IL,12.5
113467.0,13468.0,2025-08-19,Completed,NY,18.0
113468.0,13469.0,2025-12-03,Completed,WA,6.5
113469.0,13470.0,2025-06-05,Completed,VA,13.0
113470.0,13471.0,2025-08-26,Completed,IL,65.0
113471.0,13472.0,2025-06-20,Completed,WA,24.99
113472.0,13473.0,2025-03-20,Completed,FL,22.0
113473.0,13474.0,2025-03-20,Completed,WA,22.0
113474.0,13475.0,2025-12-27,Completed,IL,24.99
113475.0,13476.0,2026-01-04,Completed,CA,22.0
113476.0,13477.0,2025-05-23,Completed,VA,54.0
113477.0,13478.0,2025-10-21,Completed,MA,36.0
113478.0,13479.0,2025-05-19,Completed,FL,12.5
113479.0,13480.0,2025-03-13,Completed,CO,24.99
113480.0,13481.0,2025-10-17,Completed,IL,18.0
113481.0,13482.0,2025-08-02,Completed,NY,99.99
113482.0,13483.0,2025-05-15,Completed,TX,79.0
113483.0,13484.0,2025-05-18,Completed,CA,18.0
113484.0,13485.0,2025-12-19,Completed,CA,65.0
113485.0,13486.0,2025-04-06,Completed,FL,49.98
113486.0,13487.0,2025-04-30,Completed,IL,26.5
113487.0,13488.0,2025-12-06,Completed,NY,12.5
113488.0,13489.0,2025-07-21,Completed,VA,99.99
113489.0,13490.0,2025-07-22,Completed,NC,12.5
113490.0,13491.0,2025-04-04,Completed,TX,79.0
113491.0,13492.0,2025-04-09,Completed,FL,18.0
113492.0,13493.0,2025-09-29,Completed,VA,79.0
113493.0,13494.0,2025-08-24,Completed,VA,22.0
113494.0,13495.0,2025-04-18,Completed,TX,13.0
113495.0,13496.0,2025-04-12,Completed,VA,26.5
113496.0,13497.0,2025-09-03,Completed,FL,22.0
113497.0,13498.0,2025-11-11,Completed,CA,199.98
113498.0,13499.0,2025-11-21,Completed,NC,158.0
113499.0,13500.0,2025-02-21,Completed,MA,12.5
113500.0,13501.0,2025-02-08,Completed,MA,24.99
113501.0,13502.0,2025-12-28,Completed,CO,6.5
113502.0,13503.0,2025-10-25,Completed,CO,18.0
113503.0,13504.0,2025-05-03,Completed,NY,96.0
113504.0,13505.0,2025-01-19,Completed,FL,26.5
113505.0,13506.0,2026-01-03,Completed,NY,48.0
113506.0,13507.0,2026-01-11,Completed,NC,130.0
113507.0,13508.0,2025-06-19,Completed,CO,24.99
113508.0,13509.0,2025-12-02,Completed,IL,6.5
113509.0,13510.0,2025-01-23,Completed,CA,6.5
113510.0,13511.0,2025-10-27,Completed,VA,22.0
113511.0,13512.0,2025-08-27,Completed,NY,79.0
113512.0,13513.0,2025-04-13,Completed,NC,79.0
113513.0,13514.0,2025-12-19,Completed,CO,130.0
113514.0,13515.0,2025-02-01,Completed,MA,22.0
113515.0,13516.0,2025-02-24,Completed,TX,65.0
113516.0,13517.0,2025-10-26,Completed,VA,130.0
113517.0,13518.0,2025-03-07,Completed,TX,48.0
113518.0,13519.0,2025-10-22,Completed,WA,6.5
113519.0,13520.0,2025-01-30,Completed,MA,13.0
113520.0,13521.0,2025-10-11,Completed,NY,36.0
113521.0,13522.0,2025-07-04,Completed,TX,24.99
113522.0,13523.0,2025-06-16,Completed,FL,44.0
113523.0,13524.0,2025-10-25,Completed,CO,19.5
113524.0,13525.0,2025-04-27,Completed,FL,53.0
113525.0,13526.0,2025-04-16,Completed,IL,79.0
113526.0,13527.0,2025-01-12,Completed,CA,48.0
113527.0,13528.0,2025-10-30,Completed,NY,24.99
113528.0,13529.0,2025-12-31,Completed,VA,96.0
113529.0,13530.0,2025-08-31,Completed,CA,48.0
113530.0,13531.0,2025-05-27,Completed,FL,24.99
113531.0,13532.0,2025-12-13,Completed,TX,99.99
113532.0,13533.0,2025-12-26,Completed,IL,19.5
113533.0,13534.0,2025-06-12,Completed,CO,26.5
113534.0,13535.0,2025-04-18,Completed,IL,24.99
113535.0,13536.0,2025-04-22,Completed,TX,79.0
113536.0,13537.0,2025-06-14,Completed,CO,13.0
113537.0,13538.0,2025-01-03,Completed,VA,79.0
113538.0,13539.0,2025-10-06,Completed,VA,37.5
113539.0,13540.0,2025-04-07,Completed,FL,48.0
113540.0,13541.0,2025-04-11,Completed,NY,24.99
113541.0,13542.0,2025-04-14,Completed,CA,26.5
113542.0,13543.0,2025-07-23,Completed,NY,6.5
113543.0,13544.0,2025-05-09,Completed,IL,26.5
113544.0,13545.0,2025-09-07,Completed,MA,158.0
113545.0,13546.0,2025-03-30,Completed,MA,79.0
113546.0,13547.0,2025-03-16,Completed,NY,13.0
113547.0,13548.0,2025-11-24,Completed,TX,79.5
113548.0,13549.0,2025-02-07,Completed,MA,44.0
113549.0,13550.0,2025-08-07,Completed,TX,53.0
113550.0,13551.0,2025-03-06,Completed,FL,12.5
113551.0,13552.0,2025-10-03,Completed,TX,26.5
113552.0,13553.0,2026-01-02,Completed,NY,22.0
113553.0,13554.0,2025-05-01,Completed,TX,99.99
113554.0,13555.0,2025-01-10,Completed,TX,24.99
113555.0,13556.0,2025-06-28,Completed,NY,99.99
113556.0,13557.0,2025-03-25,Completed,VA,99.99
113557.0,13558.0,2025-06-21,Completed,MA,199.98
113558.0,13559.0,2025-07-27,Completed,IL,79.0
113559.0,13560.0,2025-07-12,Completed,NY,22.0
113560.0,13561.0,2025-01-29,Completed,NY,99.99
113561.0,13562.0,2025-09-24,Completed,TX,18.0
113562.0,13563.0,2025-06-01,Completed,IL,25.0
113563.0,13564.0,2025-12-08,Completed,MA,6.5
113564.0,13565.0,2025-01-01,Completed,IL,6.5
113565.0,13566.0,2025-01-06,Completed,VA,18.0
113566.0,13567.0,2025-03-15,Completed,WA,22.0
113567.0,13568.0,2025-01-06,Completed,IL,48.0
113568.0,13569.0,2025-07-11,Completed,CO,96.0
113569.0,13570.0,2025-09-06,Completed,VA,12.5
113570.0,13571.0,2025-11-12,Completed,FL,19.5
113571.0,13572.0,2025-01-05,Completed,TX,48.0
113572.0,13573.0,2025-02-23,Completed,MA,24.99
113573.0,13574.0,2025-12-24,Completed,FL,96.0
113574.0,13575.0,2025-04-28,Completed,NY,99.99
113575.0,13576.0,2025-08-20,Completed,NY,22.0
113576.0,13577.0,2025-04-15,Completed,NC,24.99
113577.0,13578.0,2025-01-15,Completed,VA,44.0
113578.0,13579.0,2025-10-07,Completed,WA,299.97
113579.0,13580.0,2025-07-16,Completed,TX,12.5
113580.0,13581.0,2025-12-11,Completed,IL,18.0
113581.0,13582.0,2025-02-15,Completed,IL,12.5
113582.0,13583.0,2025-08-27,Completed,VA,79.0
113583.0,13584.0,2025-01-11,Completed,CO,22.0
113584.0,13585.0,2025-05-15,Completed,IL,49.98
113585.0,13586.0,2025-01-11,Completed,CA,199.98
113586.0,13587.0,2025-11-03,Completed,VA,25.0
113587.0,13588.0,2025-04-20,Completed,TX,12.5
113588.0,13589.0,2025-02-10,Completed,NC,99.99
113589.0,13590.0,2025-01-26,Completed,NY,36.0
113590.0,13591.0,2025-07-24,Completed,CA,6.5
113591.0,13592.0,2025-04-12,Completed,VA,18.0
113592.0,13593.0,2025-04-27,Completed,NY,12.5
113593.0,13594.0,2025-01-11,Completed,CA,48.0
113594.0,13595.0,2025-03-18,Completed,FL,24.99
113595.0,13596.0,2025-10-23,Completed,NY,25.0
113596.0,13597.0,2026-01-03,Completed,MA,6.5
113597.0,13598.0,2025-11-07,Completed,FL,6.5
113598.0,13599.0,2026-01-07,Completed,IL,13.0
113599.0,13600.0,2025-10-01,Completed,NC,44.0
113600.0,13601.0,2025-08-09,Completed,NC,99.99
113601.0,13602.0,2025-03-28,Completed,NC,158.0
113602.0,13603.0,2025-03-17,Completed,WA,18.0
113603.0,13604.0,2025-01-24,Completed,IL,25.0
113604.0,13605.0,2025-11-29,Completed,CA,22.0
113605.0,13606.0,2025-02-03,Completed,MA,26.5
113606.0,13607.0,2025-01-26,Completed,TX,18.0
113607.0,13608.0,2025-10-26,Completed,NC,158.0
113608.0,13609.0,2025-07-26,Completed,WA,65.0
113609.0,13610.0,2025-04-13,Completed,FL,24.99
113610.0,13611.0,2025-07-27,Completed,IL,12.5
113611.0,13612.0,2025-01-05,Completed,WA,79.0
113612.0,13613.0,2025-09-14,Completed,NC,26.5
113613.0,13614.0,2025-12-23,Completed,TX,6.5
113614.0,13615.0,2025-07-18,Completed,TX,37.5
113615.0,13616.0,2025-09-06,Completed,CO,12.5
113616.0,13617.0,2025-11-23,Completed,MA,19.5
113617.0,13618.0,2025-06-22,Completed,TX,6.5
113618.0,13619.0,2025-10-01,Completed,FL,144.0
113619.0,13620.0,2025-11-07,Completed,NY,26.5
113620.0,13621.0,2025-04-25,Completed,NY,99.99
113621.0,13622.0,2025-02-03,Completed,FL,48.0
113622.0,13623.0,2025-10-19,Completed,TX,24.99
113623.0,13624.0,2025-04-17,Completed,TX,37.5
113624.0,13625.0,2026-01-04,Completed,WA,199.98
113625.0,13626.0,2025-08-21,Completed,TX,44.0
113626.0,13627.0,2025-12-18,Completed,IL,24.99
113627.0,13628.0,2025-05-27,Completed,CA,48.0
113628.0,13629.0,2025-04-16,Completed,TX,22.0
113629.0,13630.0,2025-04-23,Completed,VA,6.5
113630.0,13631.0,2025-08-15,Completed,IL,6.5
113631.0,13632.0,2025-01-26,Completed,TX,65.0
113632.0,13633.0,2025-08-12,Completed,FL,99.99
113633.0,13634.0,2025-02-15,Completed,CA,18.0
113634.0,13635.0,2025-03-19,Completed,CO,48.0
113635.0,13636.0,2025-07-03,Completed,IL,96.0
113636.0,13637.0,2025-02-03,Completed,CA,99.99
113637.0,13638.0,2025-01-27,Completed,TX,48.0
113638.0,13639.0,2025-04-28,Completed,NY,19.5
113639.0,13640.0,2025-07-15,Completed,CO,12.5
113640.0,13641.0,2025-01-24,Completed,TX,12.5
113641.0,13642.0,2025-07-26,Completed,NC,99.99
113642.0,13643.0,2025-11-21,Completed,VA,18.0
113643.0,13644.0,2025-10-24,Completed,CA,24.99
113644.0,13645.0,2025-12-02,Completed,NY,65.0
113645.0,13646.0,2025-04-27,Completed,WA,6.5
113646.0,13647.0,2025-05-02,Completed,CO,65.0
113647.0,13648.0,2025-07-27,Completed,CA,6.5
113648.0,13649.0,2025-09-14,Completed,FL,130.0
113649.0,13650.0,2025-10-23,Completed,IL,24.99
113650.0,13651.0,2025-10-13,Completed,MA,18.0
113651.0,13652.0,2025-02-14,Completed,VA,25.0
113652.0,13653.0,2025-02-06,Completed,CO,36.0
113653.0,13654.0,2026-01-12,Completed,IL,24.99
113654.0,13655.0,2025-09-03,Completed,CA,26.5
113655.0,13656.0,2025-05-29,Completed,NY,65.0
113656.0,13657.0,2025-04-18,Completed,IL,6.5
113657.0,13658.0,2025-09-06,Completed,NY,12.5
113658.0,13659.0,2025-04-09,Completed,NC,26.5
113659.0,13660.0,2025-06-10,Completed,MA,12.5
113660.0,13661.0,2025-01-12,Completed,NY,99.99
113661.0,13662.0,2025-07-21,Completed,IL,199.98
113662.0,13663.0,2025-11-27,Completed,FL,79.0
113663.0,13664.0,2025-02-10,Completed,FL,158.0
113664.0,13665.0,2025-09-08,Completed,MA,26.5
113665.0,13666.0,2025-08-03,Completed,FL,65.0
113666.0,13667.0,2025-11-21,Completed,CA,12.5
113667.0,13668.0,2026-01-10,Completed,FL,79.0
113668.0,13669.0,2025-07-13,Completed,CA,44.0
113669.0,13670.0,2025-08-11,Completed,TX,48.0
113670.0,13671.0,2025-07-19,Completed,WA,96.0
113671.0,13672.0,2025-10-29,Completed,NY,158.0
113672.0,13673.0,2025-09-19,Completed,MA,49.98
113673.0,13674.0,2025-06-11,Completed,MA,6.5
113674.0,13675.0,2025-08-15,Completed,MA,24.99
113675.0,13676.0,2025-01-07,Completed,NY,18.0
113676.0,13677.0,2025-04-05,Completed,MA,24.99
113677.0,13678.0,2025-12-03,Completed,TX,48.0
113678.0,13679.0,2025-08-04,Completed,NY,49.98
113679.0,13680.0,2025-11-19,Completed,CO,18.0
113680.0,13681.0,2025-03-28,Completed,IL,65.0
113681.0,13682.0,2025-03-31,Completed,MA,24.99
113682.0,13683.0,2025-10-11,Completed,NY,12.5
113683.0,13684.0,2025-09-14,Completed,WA,24.99
113684.0,13685.0,2025-11-22,Completed,CA,199.98
113685.0,13686.0,2025-07-08,Completed,CO,299.97
113686.0,13687.0,2025-08-08,Completed,FL,44.0
113687.0,13688.0,2025-05-26,Completed,IL,12.5
113688.0,13689.0,2025-09-11,Completed,NC,79.0
113689.0,13690.0,2025-08-29,Completed,CA,144.0
113690.0,13691.0,2025-08-24,Completed,IL,26.5
113691.0,13692.0,2026-01-05,Completed,VA,79.0
113692.0,13693.0,2025-09-06,Completed,CO,158.0
113693.0,13694.0,2025-05-26,Completed,IL,12.5
113694.0,13695.0,2025-01-06,Completed,NC,65.0
113695.0,13696.0,2025-06-09,Completed,CO,25.0
113696.0,13697.0,2025-03-06,Completed,WA,96.0
113697.0,13698.0,2026-01-02,Completed,MA,48.0
113698.0,13699.0,2025-01-23,Completed,WA,96.0
113699.0,13700.0,2025-12-03,Completed,VA,12.5
113700.0,13701.0,2025-08-17,Completed,NY,48.0
113701.0,13702.0,2025-05-13,Completed,VA,12.5
113702.0,13703.0,2025-08-18,Completed,CA,48.0
113703.0,13704.0,2025-01-30,Completed,VA,26.5
113704.0,13705.0,2025-03-30,Completed,CO,18.0
113705.0,13706.0,2025-04-17,Completed,CO,12.5
113706.0,13707.0,2025-06-04,Completed,NC,53.0
113707.0,13708.0,2025-06-12,Completed,VA,6.5
113708.0,13709.0,2025-06-24,Completed,NC,12.5
113709.0,13710.0,2025-07-12,Completed,CA,22.0
113710.0,13711.0,2025-05-11,Completed,WA,53.0
113711.0,13712.0,2025-07-31,Completed,NY,25.0
113712.0,13713.0,2025-05-26,Completed,TX,44.0
113713.0,13714.0,2025-07-02,Completed,VA,65.0
113714.0,13715.0,2025-04-09,Completed,CA,6.5
113715.0,13716.0,2025-04-11,Completed,IL,66.0
113716.0,13717.0,2025-09-11,Completed,IL,26.5
113717.0,13718.0,2025-07-27,Completed,MA,199.98
113718.0,13719.0,2025-12-15,Completed,IL,22.0
113719.0,13720.0,2025-07-22,Completed,MA,99.99
113720.0,13721.0,2025-08-17,Completed,VA,24.99
113721.0,13722.0,2025-02-15,Completed,IL,48.0
113722.0,13723.0,2025-08-23,Completed,CA,79.0
113723.0,13724.0,2025-09-02,Completed,IL,65.0
113724.0,13725.0,2025-01-30,Completed,VA,26.5
113725.0,13726.0,2025-08-11,Completed,NC,18.0
113726.0,13727.0,2025-02-14,Completed,NY,65.0
113727.0,13728.0,2025-01-25,Completed,CA,24.99
113728.0,13729.0,2025-01-12,Completed,TX,99.99
113729.0,13730.0,2025-09-27,Completed,FL,79.0
113730.0,13731.0,2025-01-30,Completed,TX,158.0
113731.0,13732.0,2025-07-16,Completed,WA,65.0
113732.0,13733.0,2025-01-21,Completed,TX,24.99
113733.0,13734.0,2025-04-21,Completed,IL,299.97
113734.0,13735.0,2025-04-23,Completed,VA,12.5
113735.0,13736.0,2025-01-28,Completed,CO,22.0
113736.0,13737.0,2025-05-09,Completed,CA,6.5
113737.0,13738.0,2026-01-06,Completed,WA,158.0
113738.0,13739.0,2025-12-11,Completed,VA,79.0
113739.0,13740.0,2025-05-18,Completed,TX,22.0
113740.0,13741.0,2025-06-29,Completed,FL,48.0
113741.0,13742.0,2025-11-05,Completed,FL,99.99
113742.0,13743.0,2025-02-05,Completed,TX,96.0
113743.0,13744.0,2025-10-21,Completed,FL,26.5
113744.0,13745.0,2025-01-11,Completed,FL,74.97
113745.0,13746.0,2025-03-01,Completed,CO,12.5
113746.0,13747.0,2025-11-08,Completed,NC,99.99
113747.0,13748.0,2025-07-10,Completed,CO,24.99
113748.0,13749.0,2025-04-16,Completed,CO,130.0
113749.0,13750.0,2025-03-31,Completed,MA,22.0
113750.0,13751.0,2025-01-11,Completed,FL,79.0
113751.0,13752.0,2025-03-14,Completed,CA,49.98
113752.0,13753.0,2025-06-20,Completed,CO,237.0
113753.0,13754.0,2026-01-14,Completed,TX,53.0
113754.0,13755.0,2025-07-30,Completed,MA,65.0
113755.0,13756.0,2025-01-08,Completed,CA,79.0
113756.0,13757.0,2025-05-18,Completed,VA,48.0
113757.0,13758.0,2025-01-07,Completed,NC,79.0
113758.0,13759.0,2025-12-13,Completed,NC,36.0
113759.0,13760.0,2025-07-10,Completed,IL,25.0
113760.0,13761.0,2025-12-27,Completed,CA,18.0
113761.0,13762.0,2025-12-22,Completed,WA,13.0
113762.0,13763.0,2025-07-06,Completed,IL,22.0
113763.0,13764.0,2025-12-25,Completed,CO,99.99
113764.0,13765.0,2025-07-30,Completed,TX,24.99
113765.0,13766.0,2025-10-28,Completed,FL,22.0
113766.0,13767.0,2025-04-09,Completed,VA,65.0
113767.0,13768.0,2025-03-14,Completed,VA,158.0
113768.0,13769.0,2025-05-24,Completed,TX,54.0
113769.0,13770.0,2026-01-13,Completed,CA,6.5
113770.0,13771.0,2025-05-03,Completed,FL,12.5
113771.0,13772.0,2025-12-14,Completed,TX,79.0
113772.0,13773.0,2025-05-14,Completed,IL,65.0
113773.0,13774.0,2025-03-06,Completed,MA,49.98
113774.0,13775.0,2025-06-16,Completed,TX,12.5
113775.0,13776.0,2026-01-06,Completed,CO,22.0
113776.0,13777.0,2025-02-25,Completed,CA,12.5
113777.0,13778.0,2025-06-13,Completed,VA,24.99
113778.0,13779.0,2025-03-15,Completed,CO,99.99
113779.0,13780.0,2025-09-19,Completed,WA,96.0
113780.0,13781.0,2025-02-16,Completed,TX,99.99
113781.0,13782.0,2025-04-25,Completed,NY,48.0
113782.0,13783.0,2025-10-12,Completed,TX,65.0
113783.0,13784.0,2025-09-19,Completed,VA,12.5
113784.0,13785.0,2025-12-27,Completed,VA,18.0
113785.0,13786.0,2025-04-28,Completed,FL,12.5
113786.0,13787.0,2025-09-17,Completed,FL,144.0
113787.0,13788.0,2025-12-12,Completed,MA,24.99
113788.0,13789.0,2025-06-20,Completed,WA,22.0
113789.0,13790.0,2025-06-12,Completed,NC,79.0
113790.0,13791.0,2025-08-28,Completed,CO,65.0
113791.0,13792.0,2025-11-19,Completed,FL,48.0
113792.0,13793.0,2025-02-07,Completed,CA,79.0
113793.0,13794.0,2025-01-15,Completed,FL,24.99
113794.0,13795.0,2025-06-30,Completed,CO,79.0
113795.0,13796.0,2026-01-13,Completed,NY,36.0
113796.0,13797.0,2025-06-29,Completed,IL,158.0
113797.0,13798.0,2025-04-29,Completed,MA,130.0
113798.0,13799.0,2025-05-10,Completed,WA,26.5
113799.0,13800.0,2025-05-21,Completed,NC,48.0
113800.0,13801.0,2025-03-17,Completed,TX,130.0
113801.0,13802.0,2025-10-23,Completed,MA,130.0
113802.0,13803.0,2025-02-07,Completed,CO,96.0
113803.0,13804.0,2025-05-10,Completed,IL,22.0
113804.0,13805.0,2025-05-17,Completed,FL,26.5
113805.0,13806.0,2025-12-27,Completed,NY,18.0
113806.0,13807.0,2025-02-19,Completed,NY,53.0
113807.0,13808.0,2026-01-05,Completed,TX,130.0
113808.0,13809.0,2025-01-22,Completed,TX,12.5
113809.0,13810.0,2025-04-13,Completed,TX,48.0
113810.0,13811.0,2025-01-03,Completed,VA,36.0
113811.0,13812.0,2025-09-27,Completed,NC,99.99
113812.0,13813.0,2025-08-10,Completed,TX,22.0
113813.0,13814.0,2025-08-29,Completed,MA,26.5
113814.0,13815.0,2026-01-08,Completed,CA,12.5
113815.0,13816.0,2025-07-10,Completed,MA,36.0
113816.0,13817.0,2025-10-25,Completed,MA,22.0
113817.0,13818.0,2025-08-06,Completed,NC,99.99
113818.0,13819.0,2025-07-04,Completed,NY,65.0
113819.0,13820.0,2025-10-20,Completed,MA,299.97
113820.0,13821.0,2025-04-23,Completed,IL,26.5
113821.0,13822.0,2025-02-19,Completed,IL,6.5
113822.0,13823.0,2025-06-26,Completed,MA,79.5
113823.0,13824.0,2025-10-06,Completed,FL,79.0
113824.0,13825.0,2025-06-10,Completed,VA,99.99
113825.0,13826.0,2025-12-17,Completed,NY,99.99
113826.0,13827.0,2025-08-06,Completed,CA,18.0
113827.0,13828.0,2025-02-15,Completed,FL,99.99
113828.0,13829.0,2025-05-07,Completed,WA,96.0
113829.0,13830.0,2025-12-01,Completed,CA,6.5
113830.0,13831.0,2025-12-01,Completed,FL,199.98
113831.0,13832.0,2025-02-10,Completed,CA,18.0
113832.0,13833.0,2025-12-26,Completed,NC,12.5
113833.0,13834.0,2025-10-22,Completed,NC,237.0
113834.0,13835.0,2025-01-27,Completed,IL,79.0
113835.0,13836.0,2025-04-03,Completed,IL,199.98
113836.0,13837.0,2025-07-03,Completed,FL,24.99
113837.0,13838.0,2025-03-15,Completed,CA,99.99
113838.0,13839.0,2026-01-03,Completed,WA,144.0
113839.0,13840.0,2025-12-09,Completed,WA,26.5
113840.0,13841.0,2026-01-06,Completed,TX,6.5
113841.0,13842.0,2025-11-20,Completed,TX,12.5
113842.0,13843.0,2025-08-24,Completed,IL,49.98
113843.0,13844.0,2025-04-26,Completed,NY,13.0
113844.0,13845.0,2025-06-22,Completed,VA,48.0
113845.0,13846.0,2025-03-19,Completed,CO,65.0
113846.0,13847.0,2025-02-25,Completed,IL,18.0
113847.0,13848.0,2025-03-14,Completed,FL,130.0
113848.0,13849.0,2025-04-05,Completed,NC,18.0
113849.0,13850.0,2025-07-03,Completed,FL,99.99
113850.0,13851.0,2025-09-16,Completed,TX,79.0
113851.0,13852.0,2025-06-14,Completed,CO,26.5
113852.0,13853.0,2025-04-21,Completed,NC,6.5
113853.0,13854.0,2026-01-08,Completed,IL,65.0
113854.0,13855.0,2025-03-05,Completed,NY,79.0
113855.0,13856.0,2026-01-10,Completed,CA,79.0
113856.0,13857.0,2025-10-04,Completed,TX,53.0
113857.0,13858.0,2025-02-22,Completed,IL,48.0
113858.0,13859.0,2025-03-31,Completed,NY,99.99
113859.0,13860.0,2025-01-16,Completed,MA,48.0
113860.0,13861.0,2025-07-09,Completed,FL,24.99
113861.0,13862.0,2025-04-01,Completed,FL,12.5
113862.0,13863.0,2025-12-24,Completed,IL,49.98
113863.0,13864.0,2025-09-28,Completed,FL,6.5
113864.0,13865.0,2025-08-22,Completed,CO,66.0
113865.0,13866.0,2026-01-04,Completed,CA,158.0
113866.0,13867.0,2025-04-06,Completed,CA,54.0
113867.0,13868.0,2025-10-07,Completed,TX,22.0
113868.0,13869.0,2025-02-23,Completed,CA,22.0
113869.0,13870.0,2025-12-06,Completed,CA,12.5
113870.0,13871.0,2025-09-30,Completed,WA,79.0
113871.0,13872.0,2025-06-10,Completed,TX,49.98
113872.0,13873.0,2026-01-13,Completed,IL,65.0
113873.0,13874.0,2026-01-09,Completed,NC,99.99
113874.0,13875.0,2025-09-19,Completed,FL,6.5
113875.0,13876.0,2025-10-10,Completed,CA,18.0
113876.0,13877.0,2025-09-26,Completed,IL,79.0
113877.0,13878.0,2025-10-29,Completed,FL,12.5
113878.0,13879.0,2025-09-04,Completed,CO,99.99
113879.0,13880.0,2025-11-13,Completed,WA,12.5
113880.0,13881.0,2025-01-05,Completed,CA,19.5
113881.0,13882.0,2025-11-12,Completed,CA,24.99
113882.0,13883.0,2025-11-08,Completed,FL,65.0
113883.0,13884.0,2025-10-28,Completed,VA,158.0
113884.0,13885.0,2025-10-30,Completed,IL,22.0
113885.0,13886.0,2025-08-05,Completed,MA,54.0
113886.0,13887.0,2025-11-12,Completed,FL,65.0
113887.0,13888.0,2025-04-28,Completed,WA,26.5
113888.0,13889.0,2025-05-14,Completed,FL,26.5
113889.0,13890.0,2025-05-21,Completed,NC,22.0
113890.0,13891.0,2025-03-03,Completed,IL,18.0
113891.0,13892.0,2025-06-02,Completed,VA,79.0
113892.0,13893.0,2025-09-21,Completed,NC,65.0
113893.0,13894.0,2025-02-07,Completed,VA,48.0
113894.0,13895.0,2025-10-06,Completed,VA,79.0
113895.0,13896.0,2025-12-19,Completed,CO,158.0
113896.0,13897.0,2025-01-10,Completed,IL,18.0
113897.0,13898.0,2025-02-15,Completed,TX,65.0
113898.0,13899.0,2025-02-10,Completed,CA,12.5
113899.0,13900.0,2025-12-03,Completed,NC,37.5
113900.0,13901.0,2025-02-14,Completed,NY,22.0
113901.0,13902.0,2025-12-12,Completed,VA,26.5
113902.0,13903.0,2025-11-18,Completed,TX,12.5
113903.0,13904.0,2025-11-11,Completed,IL,158.0
113904.0,13905.0,2025-08-08,Completed,TX,6.5
113905.0,13906.0,2025-02-03,Completed,VA,6.5
113906.0,13907.0,2025-04-30,Completed,VA,65.0
113907.0,13908.0,2025-02-16,Completed,TX,22.0
113908.0,13909.0,2025-06-06,Completed,NY,65.0
113909.0,13910.0,2025-05-26,Completed,NC,79.0
113910.0,13911.0,2025-12-16,Completed,CO,99.99
113911.0,13912.0,2025-06-04,Completed,CO,99.99
113912.0,13913.0,2025-05-21,Completed,CA,49.98
113913.0,13914.0,2025-04-07,Completed,MA,24.99
113914.0,13915.0,2025-11-19,Completed,CA,22.0
113915.0,13916.0,2025-06-30,Completed,MA,6.5
113916.0,13917.0,2025-02-14,Completed,NY,49.98
113917.0,13918.0,2025-04-23,Completed,CA,24.99
113918.0,13919.0,2025-07-06,Completed,NY,79.0
113919.0,13920.0,2025-01-23,Completed,VA,12.5
113920.0,13921.0,2025-11-24,Completed,CO,6.5
113921.0,13922.0,2025-09-19,Completed,WA,53.0
113922.0,13923.0,2025-03-23,Completed,IL,24.99
113923.0,13924.0,2025-08-11,Completed,WA,22.0
113924.0,13925.0,2025-03-13,Completed,NY,24.99
113925.0,13926.0,2025-03-30,Completed,NC,6.5
113926.0,13927.0,2025-05-04,Completed,CA,6.5
113927.0,13928.0,2025-10-19,Completed,MA,24.99
113928.0,13929.0,2025-01-19,Completed,CA,48.0
113929.0,13930.0,2025-06-21,Completed,NC,24.99
113930.0,13931.0,2025-05-25,Completed,FL,22.0
113931.0,13932.0,2025-11-29,Completed,FL,44.0
113932.0,13933.0,2025-08-06,Completed,IL,48.0
113933.0,13934.0,2025-04-21,Completed,IL,99.99
113934.0,13935.0,2025-09-23,Completed,TX,99.99
113935.0,13936.0,2025-10-21,Completed,NC,18.0
113936.0,13937.0,2025-11-26,Completed,NC,12.5
113937.0,13938.0,2026-01-02,Completed,FL,6.5
113938.0,13939.0,2025-06-24,Completed,FL,158.0
113939.0,13940.0,2025-06-08,Completed,CO,96.0
113940.0,13941.0,2025-08-11,Completed,WA,48.0
113941.0,13942.0,2025-09-11,Completed,VA,49.98
113942.0,13943.0,2025-07-10,Completed,WA,48.0
113943.0,13944.0,2025-04-24,Completed,NY,48.0
113944.0,13945.0,2025-01-31,Completed,NC,12.5
113945.0,13946.0,2025-09-03,Completed,WA,65.0
113946.0,13947.0,2025-02-05,Completed,WA,6.5
113947.0,13948.0,2025-04-19,Completed,FL,26.5
113948.0,13949.0,2025-08-05,Completed,IL,49.98
113949.0,13950.0,2025-04-27,Completed,NC,99.99
113950.0,13951.0,2025-04-14,Completed,NY,199.98
113951.0,13952.0,2025-07-27,Completed,NC,99.99
113952.0,13953.0,2025-04-21,Completed,TX,12.5
113953.0,13954.0,2025-01-11,Completed,NC,99.99
113954.0,13955.0,2025-06-08,Completed,IL,96.0
113955.0,13956.0,2025-07-16,Completed,VA,65.0
113956.0,13957.0,2026-01-15,Completed,NY,99.99
113957.0,13958.0,2025-09-11,Completed,CO,19.5
113958.0,13959.0,2025-07-12,Completed,NY,99.99
113959.0,13960.0,2025-03-23,Completed,TX,26.5
113960.0,13961.0,2025-08-04,Completed,WA,6.5
113961.0,13962.0,2025-02-16,Completed,CO,22.0
113962.0,13963.0,2025-08-04,Completed,VA,24.99
113963.0,13964.0,2025-04-24,Completed,FL,74.97
113964.0,13965.0,2025-05-03,Completed,VA,199.98
113965.0,13966.0,2025-09-02,Completed,MA,18.0
113966.0,13967.0,2025-11-27,Completed,IL,24.99
113967.0,13968.0,2025-01-17,Completed,FL,12.5
113968.0,13969.0,2025-06-25,Completed,MA,158.0
113969.0,13970.0,2025-05-29,Completed,CO,65.0
113970.0,13971.0,2025-03-25,Completed,MA,99.99
113971.0,13972.0,2025-08-13,Completed,MA,22.0
113972.0,13973.0,2026-01-15,Completed,VA,49.98
113973.0,13974.0,2025-01-19,Completed,VA,65.0
113974.0,13975.0,2026-01-10,Completed,WA,48.0
113975.0,13976.0,2025-11-21,Completed,WA,158.0
113976.0,13977.0,2025-04-25,Completed,CO,6.5
113977.0,13978.0,2025-06-30,Completed,VA,25.0
113978.0,13979.0,2025-01-23,Completed,FL,79.0
113979.0,13980.0,2026-01-07,Completed,FL,12.5
113980.0,13981.0,2025-07-20,Completed,CO,26.5
113981.0,13982.0,2025-06-03,Completed,VA,26.5
113982.0,13983.0,2025-05-10,Completed,NC,36.0
113983.0,13984.0,2025-07-16,Completed,IL,18.0
113984.0,13985.0,2025-11-21,Completed,NY,18.0
113985.0,13986.0,2025-08-19,Completed,NY,24.99
113986.0,13987.0,2025-01-28,Completed,NC,26.5
113987.0,13988.0,2025-08-03,Completed,TX,79.0
113988.0,13989.0,2025-06-21,Completed,CA,18.0
113989.0,13990.0,2025-03-18,Completed,TX,99.99
113990.0,13991.0,2025-12-08,Completed,TX,79.0
113991.0,13992.0,2025-04-07,Completed,IL,79.0
113992.0,13993.0,2025-05-19,Completed,NC,22.0
113993.0,13994.0,2025-02-04,Completed,NY,12.5
113994.0,13995.0,2025-04-28,Completed,CA,48.0
113995.0,13996.0,2025-10-03,Completed,VA,13.0
113996.0,13997.0,2025-06-13,Completed,MA,26.5
113997.0,13998.0,2025-12-21,Completed,WA,144.0
113998.0,13999.0,2025-03-17,Completed,NC,65.0
113999.0,14000.0,2025-01-01,Completed,IL,18.0
114000.0,14001.0,2025-08-28,Completed,CA,25.0
114001.0,14002.0,2025-01-23,Completed,NC,65.0
114002.0,14003.0,2026-01-15,Completed,CA,12.5
114003.0,14004.0,2025-06-06,Completed,VA,99.99
114004.0,14005.0,2025-09-22,Completed,MA,79.0
114005.0,14006.0,2025-08-26,Completed,MA,158.0
114006.0,14007.0,2026-01-13,Completed,NY,130.0
114007.0,14008.0,2025-09-26,Completed,CA,158.0
114008.0,14009.0,2025-10-12,Completed,VA,130.0
114009.0,14010.0,2025-08-22,Completed,FL,26.5
114010.0,14011.0,2025-02-23,Completed,TX,99.99
114011.0,14012.0,2025-06-06,Completed,CA,65.0
114012.0,14013.0,2025-03-29,Completed,MA,25.0
114013.0,14014.0,2025-03-11,Completed,CO,22.0
114014.0,14015.0,2025-05-25,Completed,MA,22.0
114015.0,14016.0,2026-01-01,Completed,NY,99.99
114016.0,14017.0,2025-07-01,Completed,CA,24.99
114017.0,14018.0,2025-10-19,Completed,NY,6.5
114018.0,14019.0,2025-06-10,Completed,NY,12.5
114019.0,14020.0,2025-10-14,Completed,IL,65.0
114020.0,14021.0,2025-11-06,Completed,FL,199.98
114021.0,14022.0,2025-04-13,Completed,VA,99.99
114022.0,14023.0,2025-10-13,Completed,MA,237.0
114023.0,14024.0,2025-06-07,Completed,IL,18.0
114024.0,14025.0,2025-01-26,Completed,CA,6.5
114025.0,14026.0,2025-02-02,Completed,NY,48.0
114026.0,14027.0,2025-12-15,Completed,MA,12.5
114027.0,14028.0,2025-08-19,Completed,IL,199.98
114028.0,14029.0,2025-07-31,Completed,VA,49.98
114029.0,14030.0,2025-07-13,Completed,WA,26.5
114030.0,14031.0,2025-04-19,Completed,MA,48.0
114031.0,14032.0,2026-01-04,Completed,NC,22.0
114032.0,14033.0,2025-01-02,Completed,MA,22.0
114033.0,14034.0,2025-04-22,Completed,CO,65.0
114034.0,14035.0,2025-08-13,Completed,NY,6.5
114035.0,14036.0,2025-05-31,Completed,CO,53.0
114036.0,14037.0,2025-05-17,Completed,IL,66.0
114037.0,14038.0,2025-06-25,Completed,CO,199.98
114038.0,14039.0,2025-08-04,Completed,WA,22.0
114039.0,14040.0,2025-10-22,Completed,FL,26.5
114040.0,14041.0,2025-10-25,Completed,FL,22.0
114041.0,14042.0,2025-09-04,Completed,NY,6.5
114042.0,14043.0,2026-01-08,Completed,WA,199.98
114043.0,14044.0,2025-11-04,Completed,FL,18.0
114044.0,14045.0,2025-01-02,Completed,FL,48.0
114045.0,14046.0,2025-08-15,Completed,NY,13.0
114046.0,14047.0,2025-05-12,Completed,CO,26.5
114047.0,14048.0,2025-11-12,Completed,MA,6.5
114048.0,14049.0,2025-08-23,Completed,FL,99.99
114049.0,14050.0,2025-09-14,Completed,MA,79.0
114050.0,14051.0,2025-09-03,Completed,CO,96.0
114051.0,14052.0,2025-06-28,Completed,VA,79.0
114052.0,14053.0,2025-04-17,Completed,FL,66.0
114053.0,14054.0,2025-04-16,Completed,NY,79.0
114054.0,14055.0,2025-08-09,Completed,NC,22.0
114055.0,14056.0,2025-12-24,Completed,FL,22.0
114056.0,14057.0,2025-05-25,Completed,NY,26.5
114057.0,14058.0,2025-08-26,Completed,NY,18.0
114058.0,14059.0,2025-06-01,Completed,CO,130.0
114059.0,14060.0,2025-08-08,Completed,MA,79.0
114060.0,14061.0,2025-09-15,Completed,NY,12.5
114061.0,14062.0,2025-02-08,Completed,IL,79.0
114062.0,14063.0,2025-03-01,Completed,NY,12.5
114063.0,14064.0,2025-09-18,Completed,CO,65.0
114064.0,14065.0,2025-06-22,Completed,NC,12.5
114065.0,14066.0,2025-01-17,Completed,FL,24.99
114066.0,14067.0,2025-03-15,Completed,VA,79.0
114067.0,14068.0,2025-12-19,Completed,CA,25.0
114068.0,14069.0,2025-06-04,Completed,CO,99.99
114069.0,14070.0,2025-11-30,Completed,WA,18.0
114070.0,14071.0,2025-05-13,Completed,MA,26.5
114071.0,14072.0,2025-01-14,Completed,CO,18.0
114072.0,14073.0,2025-10-21,Completed,NC,24.99
114073.0,14074.0,2025-05-14,Completed,FL,65.0
114074.0,14075.0,2025-09-30,Completed,CO,24.99
114075.0,14076.0,2025-12-31,Completed,IL,18.0
114076.0,14077.0,2025-07-04,Completed,MA,22.0
114077.0,14078.0,2026-01-04,Completed,TX,79.0
114078.0,14079.0,2025-09-08,Completed,CO,24.99
114079.0,14080.0,2025-10-26,Completed,MA,24.99
114080.0,14081.0,2025-04-02,Completed,IL,26.5
114081.0,14082.0,2025-04-02,Completed,VA,13.0
114082.0,14083.0,2025-05-22,Completed,WA,18.0
114083.0,14084.0,2025-05-22,Completed,TX,6.5
114084.0,14085.0,2025-09-25,Completed,TX,12.5
114085.0,14086.0,2025-01-15,Completed,MA,99.99
114086.0,14087.0,2025-11-20,Completed,IL,19.5
114087.0,14088.0,2025-02-28,Completed,NC,48.0
114088.0,14089.0,2025-11-23,Completed,VA,99.99
114089.0,14090.0,2025-12-04,Completed,WA,65.0
114090.0,14091.0,2025-10-06,Completed,CO,22.0
114091.0,14092.0,2025-08-27,Completed,IL,24.99
114092.0,14093.0,2025-04-10,Completed,CO,48.0
114093.0,14094.0,2025-09-12,Completed,TX,66.0
114094.0,14095.0,2025-05-23,Completed,CA,22.0
114095.0,14096.0,2025-06-21,Completed,VA,18.0
114096.0,14097.0,2025-06-06,Completed,NY,26.5
114097.0,14098.0,2025-11-15,Completed,WA,99.99
114098.0,14099.0,2025-10-29,Completed,WA,18.0
114099.0,14100.0,2025-05-13,Completed,VA,18.0
114100.0,14101.0,2025-04-28,Completed,MA,12.5
114101.0,14102.0,2025-04-14,Completed,IL,26.5
114102.0,14103.0,2025-04-17,Completed,MA,22.0
114103.0,14104.0,2025-09-02,Completed,VA,18.0
114104.0,14105.0,2025-07-21,Completed,IL,18.0
114105.0,14106.0,2025-09-04,Completed,CA,24.99
114106.0,14107.0,2025-02-08,Completed,CA,18.0
114107.0,14108.0,2025-10-01,Completed,MA,6.5
114108.0,14109.0,2025-06-03,Completed,TX,65.0
114109.0,14110.0,2025-04-26,Completed,NY,99.99
114110.0,14111.0,2025-04-18,Completed,VA,22.0
114111.0,14112.0,2025-03-06,Completed,CO,79.0
114112.0,14113.0,2025-03-13,Completed,TX,26.5
114113.0,14114.0,2026-01-13,Completed,IL,26.5
114114.0,14115.0,2025-09-05,Completed,MA,26.5
114115.0,14116.0,2025-04-23,Completed,NY,79.0
114116.0,14117.0,2025-03-22,Completed,NY,12.5
114117.0,14118.0,2025-04-16,Completed,NY,18.0
114118.0,14119.0,2025-07-21,Completed,NC,96.0
114119.0,14120.0,2025-01-31,Completed,FL,22.0
114120.0,14121.0,2025-04-04,Completed,FL,48.0
114121.0,14122.0,2025-09-20,Completed,VA,6.5
114122.0,14123.0,2025-05-03,Completed,IL,12.5
114123.0,14124.0,2025-04-18,Completed,VA,48.0
114124.0,14125.0,2025-06-22,Completed,IL,237.0
114125.0,14126.0,2025-12-26,Completed,NY,48.0
114126.0,14127.0,2025-12-24,Completed,CA,130.0
114127.0,14128.0,2025-02-09,Completed,NC,6.5
114128.0,14129.0,2025-02-08,Completed,FL,18.0
114129.0,14130.0,2025-07-08,Completed,IL,25.0
114130.0,14131.0,2025-02-04,Completed,WA,22.0
114131.0,14132.0,2025-08-24,Completed,NC,79.0
114132.0,14133.0,2025-08-11,Completed,MA,65.0
114133.0,14134.0,2025-09-01,Completed,TX,12.5
114134.0,14135.0,2025-11-29,Completed,MA,24.99
114135.0,14136.0,2025-02-28,Completed,IL,48.0
114136.0,14137.0,2025-11-16,Completed,CO,65.0
114137.0,14138.0,2025-07-11,Completed,CO,19.5
114138.0,14139.0,2025-09-12,Completed,TX,199.98
114139.0,14140.0,2025-04-30,Completed,TX,65.0
114140.0,14141.0,2025-03-02,Completed,IL,99.99
114141.0,14142.0,2025-11-06,Completed,CA,22.0
114142.0,14143.0,2025-03-11,Completed,TX,6.5
114143.0,14144.0,2025-02-09,Completed,TX,26.5
114144.0,14145.0,2025-09-12,Completed,TX,48.0
114145.0,14146.0,2025-05-05,Completed,TX,79.0
114146.0,14147.0,2025-10-21,Completed,CA,22.0
114147.0,14148.0,2025-04-26,Completed,NY,79.0
114148.0,14149.0,2025-09-13,Completed,CA,6.5
114149.0,14150.0,2025-08-15,Completed,FL,49.98
114150.0,14151.0,2025-07-09,Completed,IL,36.0
114151.0,14152.0,2025-11-13,Completed,VA,12.5
114152.0,14153.0,2025-05-29,Completed,WA,158.0
114153.0,14154.0,2025-07-23,Completed,WA,6.5
114154.0,14155.0,2026-01-02,Completed,WA,48.0
114155.0,14156.0,2025-10-06,Completed,NC,65.0
114156.0,14157.0,2025-03-14,Completed,WA,26.5
114157.0,14158.0,2025-04-07,Completed,WA,79.0
114158.0,14159.0,2025-05-22,Completed,MA,13.0
114159.0,14160.0,2025-09-18,Completed,IL,79.0
114160.0,14161.0,2025-09-20,Completed,FL,12.5
114161.0,14162.0,2025-02-25,Completed,WA,158.0
114162.0,14163.0,2025-11-06,Completed,NC,130.0
114163.0,14164.0,2025-04-28,Completed,CO,12.5
114164.0,14165.0,2025-01-22,Completed,CA,299.97
114165.0,14166.0,2025-01-05,Completed,FL,158.0
114166.0,14167.0,2025-01-05,Completed,CA,12.5
114167.0,14168.0,2025-03-17,Completed,NY,199.98
114168.0,14169.0,2025-12-18,Completed,NY,99.99
114169.0,14170.0,2025-09-01,Completed,VA,79.0
114170.0,14171.0,2025-10-27,Completed,MA,18.0
114171.0,14172.0,2025-09-25,Completed,TX,44.0
114172.0,14173.0,2025-04-22,Completed,CA,6.5
114173.0,14174.0,2025-04-20,Completed,VA,99.99
114174.0,14175.0,2025-02-08,Completed,TX,48.0
114175.0,14176.0,2025-07-11,Completed,NY,26.5
114176.0,14177.0,2025-01-17,Completed,CO,24.99
114177.0,14178.0,2025-03-08,Completed,CO,79.0
114178.0,14179.0,2025-11-16,Completed,MA,6.5
114179.0,14180.0,2025-09-13,Completed,NY,299.97
114180.0,14181.0,2025-07-03,Completed,NY,26.5
114181.0,14182.0,2025-08-22,Completed,CA,65.0
114182.0,14183.0,2025-11-08,Completed,CA,99.99
114183.0,14184.0,2025-02-09,Completed,TX,24.99
114184.0,14185.0,2025-09-07,Completed,VA,13.0
114185.0,14186.0,2025-09-24,Completed,VA,79.0
114186.0,14187.0,2025-10-22,Completed,TX,96.0
114187.0,14188.0,2025-03-02,Completed,NY,12.5
114188.0,14189.0,2025-11-23,Completed,NY,49.98
114189.0,14190.0,2025-08-09,Completed,FL,158.0
114190.0,14191.0,2025-03-19,Completed,IL,96.0
114191.0,14192.0,2025-05-11,Completed,MA,6.5
114192.0,14193.0,2025-09-17,Completed,VA,74.97
114193.0,14194.0,2025-12-24,Completed,FL,24.99
114194.0,14195.0,2025-10-08,Completed,IL,37.5
114195.0,14196.0,2025-08-17,Completed,NC,12.5
114196.0,14197.0,2025-12-07,Completed,MA,22.0
114197.0,14198.0,2025-02-16,Completed,NY,130.0
114198.0,14199.0,2025-01-06,Completed,FL,48.0
114199.0,14200.0,2025-02-20,Completed,CA,65.0
114200.0,14201.0,2025-10-19,Completed,TX,99.99
114201.0,14202.0,2025-05-17,Completed,MA,12.5
114202.0,14203.0,2025-10-02,Completed,TX,130.0
114203.0,14204.0,2025-11-01,Completed,IL,26.5
114204.0,14205.0,2025-06-29,Completed,CO,18.0
114205.0,14206.0,2025-09-01,Completed,MA,6.5
114206.0,14207.0,2025-01-10,Completed,NY,65.0
114207.0,14208.0,2025-03-14,Completed,MA,74.97
114208.0,14209.0,2025-07-19,Completed,NC,12.5
114209.0,14210.0,2025-12-04,Completed,CO,199.98
114210.0,14211.0,2025-07-06,Completed,CA,25.0
114211.0,14212.0,2025-06-05,Completed,NC,26.5
114212.0,14213.0,2025-05-23,Completed,NY,79.5
114213.0,14214.0,2025-04-05,Completed,IL,65.0
114214.0,14215.0,2025-04-03,Completed,NC,144.0
114215.0,14216.0,2025-06-09,Completed,VA,48.0
114216.0,14217.0,2025-08-31,Completed,CO,36.0
114217.0,14218.0,2025-12-14,Completed,CO,25.0
114218.0,14219.0,2025-07-29,Completed,MA,26.5
114219.0,14220.0,2026-01-05,Completed,WA,26.5
114220.0,14221.0,2025-08-18,Completed,CA,12.5
114221.0,14222.0,2025-07-12,Completed,TX,48.0
114222.0,14223.0,2025-09-04,Completed,TX,12.5
114223.0,14224.0,2025-05-23,Completed,CA,79.0
114224.0,14225.0,2025-05-12,Completed,CA,22.0
114225.0,14226.0,2025-05-11,Completed,MA,48.0
114226.0,14227.0,2025-01-30,Completed,NC,130.0
114227.0,14228.0,2025-12-19,Completed,NY,65.0
114228.0,14229.0,2025-03-06,Completed,VA,22.0
114229.0,14230.0,2026-01-13,Completed,WA,18.0
114230.0,14231.0,2025-03-14,Completed,VA,6.5
114231.0,14232.0,2025-08-22,Completed,CA,12.5
114232.0,14233.0,2025-02-16,Completed,MA,237.0
114233.0,14234.0,2025-09-09,Completed,FL,6.5
114234.0,14235.0,2025-11-07,Completed,CO,12.5
114235.0,14236.0,2025-04-21,Completed,IL,48.0
114236.0,14237.0,2025-02-02,Completed,NC,237.0
114237.0,14238.0,2026-01-07,Completed,IL,48.0
114238.0,14239.0,2025-04-24,Completed,MA,12.5
114239.0,14240.0,2025-06-29,Completed,CO,6.5
114240.0,14241.0,2025-04-29,Completed,WA,66.0
114241.0,14242.0,2025-05-31,Completed,TX,26.5
114242.0,14243.0,2025-03-01,Completed,VA,22.0
114243.0,14244.0,2025-10-18,Completed,WA,22.0
114244.0,14245.0,2025-07-21,Completed,MA,49.98
114245.0,14246.0,2025-08-25,Completed,FL,48.0
114246.0,14247.0,2025-02-14,Completed,VA,12.5
114247.0,14248.0,2025-04-14,Completed,WA,195.0
114248.0,14249.0,2025-02-19,Completed,VA,53.0
114249.0,14250.0,2025-01-07,Completed,IL,22.0
114250.0,14251.0,2026-01-10,Completed,TX,6.5
114251.0,14252.0,2025-10-27,Completed,VA,130.0
114252.0,14253.0,2025-05-18,Completed,TX,24.99
114253.0,14254.0,2025-02-20,Completed,MA,24.99
114254.0,14255.0,2025-09-29,Completed,WA,65.0
114255.0,14256.0,2025-04-06,Completed,WA,26.5
114256.0,14257.0,2025-02-10,Completed,NC,24.99
114257.0,14258.0,2025-04-10,Completed,CO,12.5
114258.0,14259.0,2025-03-22,Completed,TX,65.0
114259.0,14260.0,2025-12-27,Completed,NC,37.5
114260.0,14261.0,2025-09-16,Completed,CO,24.99
114261.0,14262.0,2025-04-11,Completed,NY,6.5
114262.0,14263.0,2025-06-30,Completed,FL,48.0
114263.0,14264.0,2025-01-01,Completed,MA,99.99
114264.0,14265.0,2025-04-05,Completed,TX,48.0
114265.0,14266.0,2025-05-08,Completed,WA,48.0
114266.0,14267.0,2025-09-15,Completed,VA,44.0
114267.0,14268.0,2025-07-17,Completed,IL,48.0
114268.0,14269.0,2025-05-15,Completed,VA,49.98
114269.0,14270.0,2025-03-25,Completed,MA,99.99
114270.0,14271.0,2025-03-20,Completed,TX,22.0
114271.0,14272.0,2025-10-17,Completed,MA,24.99
114272.0,14273.0,2025-08-29,Completed,NC,48.0
114273.0,14274.0,2025-01-17,Completed,VA,54.0
114274.0,14275.0,2025-07-19,Completed,CO,158.0
114275.0,14276.0,2025-11-05,Completed,WA,12.5
114276.0,14277.0,2025-06-21,Completed,VA,24.99
114277.0,14278.0,2025-06-13,Completed,VA,48.0
114278.0,14279.0,2025-02-14,Completed,NY,22.0
114279.0,14280.0,2025-09-19,Completed,NY,49.98
114280.0,14281.0,2025-02-13,Completed,NY,22.0
114281.0,14282.0,2025-12-13,Completed,TX,12.5
114282.0,14283.0,2025-06-07,Completed,FL,22.0
114283.0,14284.0,2025-08-17,Completed,NY,12.5
114284.0,14285.0,2025-04-23,Completed,WA,199.98
114285.0,14286.0,2025-07-25,Completed,NC,6.5
114286.0,14287.0,2025-07-18,Completed,NC,6.5
114287.0,14288.0,2025-04-30,Completed,FL,18.0
114288.0,14289.0,2025-11-04,Completed,CA,12.5
114289.0,14290.0,2025-01-17,Completed,CA,48.0
114290.0,14291.0,2025-03-28,Completed,WA,18.0
114291.0,14292.0,2025-07-06,Completed,VA,18.0
114292.0,14293.0,2026-01-12,Completed,FL,22.0
114293.0,14294.0,2025-08-07,Completed,NC,195.0
114294.0,14295.0,2025-05-19,Completed,NY,96.0
114295.0,14296.0,2025-11-15,Completed,NC,237.0
114296.0,14297.0,2025-01-03,Completed,CO,66.0
114297.0,14298.0,2025-06-19,Completed,NY,24.99
114298.0,14299.0,2025-02-17,Completed,WA,13.0
114299.0,14300.0,2025-09-28,Completed,VA,22.0
114300.0,14301.0,2025-10-16,Completed,CO,25.0
114301.0,14302.0,2025-03-04,Completed,FL,48.0
114302.0,14303.0,2025-09-19,Completed,WA,65.0
114303.0,14304.0,2025-08-26,Completed,CO,79.0
114304.0,14305.0,2025-10-06,Completed,NC,12.5
114305.0,14306.0,2025-07-28,Completed,WA,22.0
114306.0,14307.0,2025-08-19,Completed,CO,12.5
114307.0,14308.0,2025-07-22,Completed,WA,6.5
114308.0,14309.0,2025-12-12,Completed,FL,22.0
114309.0,14310.0,2025-03-11,Completed,VA,24.99
114310.0,14311.0,2025-02-01,Completed,VA,6.5
114311.0,14312.0,2025-04-11,Completed,TX,26.5
114312.0,14313.0,2025-01-14,Completed,CO,158.0
114313.0,14314.0,2025-03-30,Completed,WA,12.5
114314.0,14315.0,2025-12-18,Completed,IL,158.0
114315.0,14316.0,2025-04-09,Completed,CO,22.0
114316.0,14317.0,2025-04-16,Completed,NY,99.99
114317.0,14318.0,2025-04-06,Completed,NC,79.0
114318.0,14319.0,2025-03-30,Completed,MA,65.0
114319.0,14320.0,2026-01-09,Completed,VA,158.0
114320.0,14321.0,2025-04-29,Completed,WA,99.99
114321.0,14322.0,2025-10-10,Completed,FL,22.0
114322.0,14323.0,2025-10-31,Completed,MA,24.99
114323.0,14324.0,2025-10-18,Completed,NY,65.0
114324.0,14325.0,2025-04-12,Completed,CO,24.99
114325.0,14326.0,2025-01-30,Completed,VA,13.0
114326.0,14327.0,2025-08-22,Completed,NY,6.5
114327.0,14328.0,2025-07-21,Completed,CA,36.0
114328.0,14329.0,2025-08-21,Completed,CO,158.0
114329.0,14330.0,2025-11-02,Completed,WA,18.0
114330.0,14331.0,2026-01-15,Completed,CA,24.99
114331.0,14332.0,2025-11-24,Completed,VA,22.0
114332.0,14333.0,2025-05-22,Completed,NY,79.0
114333.0,14334.0,2025-04-04,Completed,WA,13.0
114334.0,14335.0,2025-09-08,Completed,CO,24.99
114335.0,14336.0,2025-12-03,Completed,CA,195.0
114336.0,14337.0,2025-08-01,Completed,CO,22.0
114337.0,14338.0,2025-03-23,Completed,WA,26.5
114338.0,14339.0,2025-02-06,Completed,CA,12.5
114339.0,14340.0,2025-10-25,Completed,TX,18.0
114340.0,14341.0,2025-04-26,Completed,MA,12.5
114341.0,14342.0,2025-03-11,Completed,VA,99.99
114342.0,14343.0,2025-04-15,Completed,VA,48.0
114343.0,14344.0,2025-03-23,Completed,CO,24.99
114344.0,14345.0,2025-10-17,Completed,MA,37.5
114345.0,14346.0,2025-06-22,Completed,MA,65.0
114346.0,14347.0,2025-11-03,Completed,WA,22.0
114347.0,14348.0,2025-04-09,Completed,NC,24.99
114348.0,14349.0,2025-10-25,Completed,NC,65.0
114349.0,14350.0,2025-01-24,Completed,IL,6.5
114350.0,14351.0,2025-09-18,Completed,NY,18.0
114351.0,14352.0,2025-05-16,Completed,CO,18.0
114352.0,14353.0,2025-09-04,Completed,IL,96.0
114353.0,14354.0,2025-11-23,Completed,VA,99.99
114354.0,14355.0,2025-10-28,Completed,CO,24.99
114355.0,14356.0,2025-05-04,Completed,NY,299.97
114356.0,14357.0,2025-01-10,Completed,CO,96.0
114357.0,14358.0,2025-12-20,Completed,NC,26.5
114358.0,14359.0,2025-11-08,Completed,VA,53.0
114359.0,14360.0,2025-09-15,Completed,TX,18.0
114360.0,14361.0,2025-03-06,Completed,TX,99.99
114361.0,14362.0,2025-11-30,Completed,CA,22.0
114362.0,14363.0,2025-12-25,Completed,MA,18.0
114363.0,14364.0,2025-04-26,Completed,TX,130.0
114364.0,14365.0,2025-07-23,Completed,CO,13.0
114365.0,14366.0,2025-09-28,Completed,WA,18.0
114366.0,14367.0,2025-04-20,Completed,WA,99.99
114367.0,14368.0,2025-01-03,Completed,TX,130.0
114368.0,14369.0,2025-01-25,Completed,NY,65.0
114369.0,14370.0,2025-05-11,Completed,CA,6.5
114370.0,14371.0,2025-09-07,Completed,TX,158.0
114371.0,14372.0,2025-11-30,Completed,MA,6.5
114372.0,14373.0,2025-12-16,Completed,VA,144.0
114373.0,14374.0,2025-06-16,Completed,VA,48.0
114374.0,14375.0,2025-08-31,Completed,IL,18.0
114375.0,14376.0,2025-03-17,Completed,CO,18.0
114376.0,14377.0,2025-03-24,Completed,CO,12.5
114377.0,14378.0,2025-08-10,Completed,TX,6.5
114378.0,14379.0,2025-12-22,Completed,IL,18.0
114379.0,14380.0,2025-04-10,Completed,MA,79.0
114380.0,14381.0,2025-11-05,Completed,IL,65.0
114381.0,14382.0,2025-08-13,Completed,CA,144.0
114382.0,14383.0,2025-04-01,Completed,CO,79.0
114383.0,14384.0,2025-03-27,Completed,CO,25.0
114384.0,14385.0,2025-08-05,Completed,IL,22.0
114385.0,14386.0,2025-11-13,Completed,CO,48.0
114386.0,14387.0,2025-09-25,Completed,MA,18.0
114387.0,14388.0,2025-07-11,Completed,CA,79.0
114388.0,14389.0,2025-03-03,Completed,WA,99.99
114389.0,14390.0,2025-06-05,Completed,FL,65.0
114390.0,14391.0,2025-07-28,Completed,FL,99.99
114391.0,14392.0,2025-02-01,Completed,TX,53.0
114392.0,14393.0,2025-01-07,Completed,CA,66.0
114393.0,14394.0,2025-12-25,Completed,VA,79.0
114394.0,14395.0,2025-07-30,Completed,WA,65.0
114395.0,14396.0,2025-11-05,Completed,CA,18.0
114396.0,14397.0,2025-02-18,Completed,MA,53.0
114397.0,14398.0,2025-09-03,Completed,TX,99.99
114398.0,14399.0,2025-05-27,Completed,NY,158.0
114399.0,14400.0,2025-09-26,Completed,NC,130.0
114400.0,14401.0,2026-01-10,Completed,VA,18.0
114401.0,14402.0,2025-02-28,Completed,NC,44.0
114402.0,14403.0,2025-09-12,Completed,CA,26.5
114403.0,14404.0,2025-05-13,Completed,VA,158.0
114404.0,14405.0,2025-03-30,Completed,VA,36.0
114405.0,14406.0,2025-07-03,Completed,TX,13.0
114406.0,14407.0,2025-10-10,Completed,VA,99.99
114407.0,14408.0,2025-04-30,Completed,CO,6.5
114408.0,14409.0,2025-03-18,Completed,WA,25.0
114409.0,14410.0,2025-07-05,Completed,IL,49.98
114410.0,14411.0,2025-04-16,Completed,FL,6.5
114411.0,14412.0,2025-07-23,Completed,IL,13.0
114412.0,14413.0,2025-12-06,Completed,IL,44.0
114413.0,14414.0,2025-05-27,Completed,NC,49.98
114414.0,14415.0,2025-01-21,Completed,TX,26.5
114415.0,14416.0,2025-07-23,Completed,MA,158.0
114416.0,14417.0,2025-10-13,Completed,VA,79.0
114417.0,14418.0,2025-12-04,Completed,MA,199.98
114418.0,14419.0,2025-02-27,Completed,CO,22.0
114419.0,14420.0,2025-10-25,Completed,WA,158.0
114420.0,14421.0,2025-10-16,Completed,FL,36.0
114421.0,14422.0,2025-09-21,Completed,TX,65.0
114422.0,14423.0,2025-09-24,Completed,FL,79.0
114423.0,14424.0,2025-01-15,Completed,CA,6.5
114424.0,14425.0,2025-08-03,Completed,CA,65.0
114425.0,14426.0,2025-08-01,Completed,CA,79.0
114426.0,14427.0,2025-12-10,Completed,MA,158.0
114427.0,14428.0,2025-05-22,Completed,IL,99.99
114428.0,14429.0,2025-03-16,Completed,MA,299.97
114429.0,14430.0,2025-03-12,Completed,NC,49.98
114430.0,14431.0,2025-08-31,Completed,MA,65.0
114431.0,14432.0,2025-06-11,Completed,CA,99.99
114432.0,14433.0,2025-03-22,Completed,CO,79.0
114433.0,14434.0,2025-02-23,Completed,FL,79.0
114434.0,14435.0,2025-09-20,Completed,NY,6.5
114435.0,14436.0,2025-12-30,Completed,NY,158.0
114436.0,14437.0,2025-09-14,Completed,CA,79.0
114437.0,14438.0,2026-01-04,Completed,MA,79.0
114438.0,14439.0,2025-10-31,Completed,WA,26.5
114439.0,14440.0,2025-04-21,Completed,CO,48.0
114440.0,14441.0,2025-02-14,Completed,FL,49.98
114441.0,14442.0,2025-12-12,Completed,TX,6.5
114442.0,14443.0,2025-09-04,Completed,MA,99.99
114443.0,14444.0,2025-09-06,Completed,FL,99.99
114444.0,14445.0,2025-11-13,Completed,IL,22.0
114445.0,14446.0,2025-09-12,Completed,TX,66.0
114446.0,14447.0,2025-03-23,Completed,WA,237.0
114447.0,14448.0,2025-07-27,Completed,MA,6.5
114448.0,14449.0,2025-12-02,Completed,CA,99.99
114449.0,14450.0,2025-08-29,Completed,CA,53.0
114450.0,14451.0,2026-01-11,Completed,VA,144.0
114451.0,14452.0,2025-11-27,Completed,NY,24.99
114452.0,14453.0,2025-10-28,Completed,TX,24.99
114453.0,14454.0,2025-12-07,Completed,CA,96.0
114454.0,14455.0,2025-08-11,Completed,FL,65.0
114455.0,14456.0,2025-04-09,Completed,TX,79.0
114456.0,14457.0,2025-01-28,Completed,CA,99.99
114457.0,14458.0,2025-02-21,Completed,NC,99.99
114458.0,14459.0,2025-01-19,Completed,CO,24.99
114459.0,14460.0,2025-05-28,Completed,VA,199.98
114460.0,14461.0,2025-04-23,Completed,NC,12.5
114461.0,14462.0,2025-04-03,Completed,NC,22.0
114462.0,14463.0,2025-02-09,Completed,NC,99.99
114463.0,14464.0,2025-01-16,Completed,CA,65.0
114464.0,14465.0,2025-09-02,Completed,TX,22.0
114465.0,14466.0,2025-05-30,Completed,MA,22.0
114466.0,14467.0,2025-05-21,Completed,MA,6.5
114467.0,14468.0,2026-01-03,Completed,FL,26.5
114468.0,14469.0,2025-09-05,Completed,NY,18.0
114469.0,14470.0,2025-02-05,Completed,CO,36.0
114470.0,14471.0,2025-01-05,Completed,TX,158.0
114471.0,14472.0,2025-05-23,Completed,FL,96.0
114472.0,14473.0,2025-01-04,Completed,WA,96.0
114473.0,14474.0,2025-06-21,Completed,CO,48.0
114474.0,14475.0,2025-02-24,Completed,TX,48.0
114475.0,14476.0,2025-02-27,Completed,VA,6.5
114476.0,14477.0,2025-06-11,Completed,VA,25.0
114477.0,14478.0,2025-01-08,Completed,MA,22.0
114478.0,14479.0,2025-03-26,Completed,NY,99.99
114479.0,14480.0,2025-09-28,Completed,IL,12.5
114480.0,14481.0,2025-07-11,Completed,WA,65.0
114481.0,14482.0,2025-08-15,Completed,IL,6.5
114482.0,14483.0,2025-05-19,Completed,FL,18.0
114483.0,14484.0,2025-11-02,Completed,IL,99.99
114484.0,14485.0,2025-12-19,Completed,CO,24.99
114485.0,14486.0,2025-08-23,Completed,CO,79.0
114486.0,14487.0,2025-06-13,Completed,CO,24.99
114487.0,14488.0,2025-10-08,Completed,FL,24.99
114488.0,14489.0,2025-05-25,Completed,NC,144.0
114489.0,14490.0,2025-08-08,Completed,CA,48.0
114490.0,14491.0,2025-01-09,Completed,CA,24.99
114491.0,14492.0,2025-02-15,Completed,CO,12.5
114492.0,14493.0,2025-05-04,Completed,NY,18.0
114493.0,14494.0,2025-11-27,Completed,NC,99.99
114494.0,14495.0,2025-02-05,Completed,CA,22.0
114495.0,14496.0,2025-01-22,Completed,FL,79.0
114496.0,14497.0,2025-09-23,Completed,NY,18.0
114497.0,14498.0,2025-10-31,Completed,TX,18.0
114498.0,14499.0,2025-05-13,Completed,WA,26.5
114499.0,14500.0,2026-01-05,Completed,CA,24.99
