customer_id,acquisition_channel,state,city,first_name,last_name,email,signup_date
13707,Direct Mail & Wholesale,United Kingdom,Metropolis,Customer,#13707,client_13707@domain.com,2009-12-01
18110,Direct Mail & Wholesale,United Kingdom,Metropolis,Customer,#18110,client_18110@domain.com,2009-12-01
13254,Direct Mail & Wholesale,United Kingdom,Metropolis,Customer,#13254,client_13254@domain.com,2009-12-01
14295,Direct Mail & Wholesale,United Kingdom,Metropolis,Customer,#14295,client_14295@domain.com,2009-12-01
16153,Direct Mail & Wholesale,United Kingdom,Metropolis,Customer,#16153,client_16153@domain.com,2009-12-01
16094,Direct Mail & Wholesale,United Kingdom,Metropolis,Customer,#16094,client_16094@domain.com,2009-12-01
15747,Direct Mail & Wholesale,Spain,Metropolis,Customer,#15747,client_15747@domain.com,2009-12-01
16046,Direct Mail & Wholesale,EIRE,Metropolis,Customer,#16046,client_16046@domain.com,2009-12-01
18130,Direct Mail & Wholesale,United Kingdom,Metropolis,Customer,#18130,client_18130@domain.com,2009-12-01
18081,Direct Mail & Wholesale,United Kingdom,Metropolis,Customer,#18081,client_18081@domain.com,2009-12-01
16489,Direct Mail & Wholesale,United Kingdom,Metropolis,Customer,#16489,client_16489@domain.com,2009-12-01
13253,Direct Mail & Wholesale,United Kingdom,Metropolis,Customer,#13253,client_13253@domain.com,2009-12-01
13673,Direct Mail & Wholesale,Germany,Metropolis,Customer,#13673,client_13673@domain.com,2009-12-01
16402,Direct Mail & Wholesale,Spain,Metropolis,Customer,#16402,client_16402@domain.com,2009-12-01
14045,Direct Mail & Wholesale,United Kingdom,Metropolis,Customer,#14045,client_14045@domain.com,2009-12-01
13928,Direct Mail & Wholesale,United Kingdom,Metropolis,Customer,#13928,client_13928@domain.com,2009-12-01
16907,Direct Mail & Wholesale,United Kingdom,Metropolis,Customer,#16907,client_16907@domain.com,2009-12-01
15376,Direct Mail & Wholesale,United Kingdom,Metropolis,Customer,#15376,client_15376@domain.com,2009-12-01
15801,Direct Mail & Wholesale,EIRE,Metropolis,Customer,#15801,client_15801@domain.com,2009-12-01
17402,Direct Mail & Wholesale,United Kingdom,Metropolis,Customer,#17402,client_17402@domain.com,2009-12-01
17255,Direct Mail & Wholesale,United Kingdom,Metropolis,Customer,#17255,client_17255@domain.com,2009-12-01
14461,Direct Mail & Wholesale,EIRE,Metropolis,Customer,#14461,client_14461@domain.com,2009-12-01
13782,Direct Mail & Wholesale,Germany,Metropolis,Customer,#13782,client_13782@domain.com,2009-12-01
14244,Direct Mail & Wholesale,United Kingdom,Metropolis,Customer,#14244,client_14244@domain.com,2009-12-01
17105,Direct Mail & Wholesale,United Kingdom,Metropolis,Customer,#17105,client_17105@domain.com,2009-12-01
17147,Direct Mail & Wholesale,United Kingdom,Metropolis,Customer,#17147,client_17147@domain.com,2009-12-01
14899,Direct Mail & Wholesale,United Kingdom,Metropolis,Customer,#14899,client_14899@domain.com,2009-12-01
12443,Direct Mail & Wholesale,United Kingdom,Metropolis,Customer,#12443,client_12443@domain.com,2009-12-01
16294,Direct Mail & Wholesale,EIRE,Metropolis,Customer,#16294,client_16294@domain.com,2009-12-01
15278,Direct Mail & Wholesale,United Kingdom,Metropolis,Customer,#15278,client_15278@domain.com,2009-12-01
13739,Direct Mail & Wholesale,EIRE,Metropolis,Customer,#13739,client_13739@domain.com,2009-12-01
14940,Direct Mail & Wholesale,United Kingdom,Metropolis,Customer,#14940,client_14940@domain.com,2009-12-01
13017,Direct Mail & Wholesale,United Kingdom,Metropolis,Customer,#13017,client_13017@domain.com,2009-12-01
17506,Direct Mail & Wholesale,United Kingdom,Metropolis,Customer,#17506,client_17506@domain.com,2009-12-01
18225,Direct Mail & Wholesale,United Kingdom,Metropolis,Customer,#18225,client_18225@domain.com,2009-12-01
14134,Direct Mail & Wholesale,United Kingdom,Metropolis,Customer,#14134,client_14134@domain.com,2009-12-01
16944,Direct Mail & Wholesale,EIRE,Metropolis,Customer,#16944,client_16944@domain.com,2009-12-01
14683,Direct Mail & Wholesale,Netherlands,Metropolis,Customer,#14683,client_14683@domain.com,2009-12-01
14391,Direct Mail & Wholesale,United Kingdom,Metropolis,Customer,#14391,client_14391@domain.com,2009-12-01
15728,Direct Mail & Wholesale,Germany,Metropolis,Customer,#15728,client_15728@domain.com,2009-12-01
14774,Direct Mail & Wholesale,United Kingdom,Metropolis,Customer,#14774,client_14774@domain.com,2009-12-01
12347,Direct Mail & Wholesale,United Kingdom,Metropolis,Customer,#12347,client_12347@domain.com,2009-12-01
16017,Direct Mail & Wholesale,United Kingdom,Metropolis,Customer,#16017,client_16017@domain.com,2009-12-01
16953,Direct Mail & Wholesale,United Kingdom,Metropolis,Customer,#16953,client_16953@domain.com,2009-12-01
15916,Direct Mail & Wholesale,United Kingdom,Metropolis,Customer,#15916,client_15916@domain.com,2009-12-01
16535,Direct Mail & Wholesale,United Kingdom,Metropolis,Customer,#16535,client_16535@domain.com,2009-12-01
15275,Direct Mail & Wholesale,United Kingdom,Metropolis,Customer,#15275,client_15275@domain.com,2009-12-01
16226,Direct Mail & Wholesale,United Kingdom,Metropolis,Customer,#16226,client_16226@domain.com,2009-12-01
14293,Direct Mail & Wholesale,United Kingdom,Metropolis,Customer,#14293,client_14293@domain.com,2009-12-01
14044,Direct Mail & Wholesale,Germany,Metropolis,Customer,#14044,client_14044@domain.com,2009-12-01
16685,Direct Mail & Wholesale,United Kingdom,Metropolis,Customer,#16685,client_16685@domain.com,2009-12-01
12990,Direct Mail & Wholesale,United Kingdom,Metropolis,Customer,#12990,client_12990@domain.com,2009-12-01
14723,Direct Mail & Wholesale,United Kingdom,Metropolis,Customer,#14723,client_14723@domain.com,2009-12-01
16991,Direct Mail & Wholesale,United Kingdom,Metropolis,Customer,#16991,client_16991@domain.com,2009-12-01
13299,Direct Mail & Wholesale,United Kingdom,Metropolis,Customer,#13299,client_13299@domain.com,2009-12-01
17958,Direct Mail & Wholesale,United Kingdom,Metropolis,Customer,#17958,client_17958@domain.com,2009-12-01
14485,Direct Mail & Wholesale,Spain,Metropolis,Customer,#14485,client_14485@domain.com,2009-12-01
14126,Direct Mail & Wholesale,United Kingdom,Metropolis,Customer,#14126,client_14126@domain.com,2009-12-01
13997,Direct Mail & Wholesale,United Kingdom,Metropolis,Customer,#13997,client_13997@domain.com,2009-12-01
16380,Direct Mail & Wholesale,United Kingdom,Metropolis,Customer,#16380,client_16380@domain.com,2009-12-01
14820,Direct Mail & Wholesale,Netherlands,Metropolis,Customer,#14820,client_14820@domain.com,2009-12-01
17631,Direct Mail & Wholesale,United Kingdom,Metropolis,Customer,#17631,client_17631@domain.com,2009-12-01
15704,Direct Mail & Wholesale,Germany,Metropolis,Customer,#15704,client_15704@domain.com,2009-12-01
15157,Direct Mail & Wholesale,United Kingdom,Metropolis,Customer,#15157,client_15157@domain.com,2009-12-01
12357,Direct Mail & Wholesale,United Kingdom,Metropolis,Customer,#12357,client_12357@domain.com,2009-12-01
15190,Direct Mail & Wholesale,United Kingdom,Metropolis,Customer,#15190,client_15190@domain.com,2009-12-01
13082,Direct Mail & Wholesale,Belgium,Metropolis,Customer,#13082,client_13082@domain.com,2009-12-01
15354,Direct Mail & Wholesale,United Kingdom,Metropolis,Customer,#15354,client_15354@domain.com,2009-12-01
14994,Direct Mail & Wholesale,United Kingdom,Metropolis,Customer,#14994,client_14994@domain.com,2009-12-01
17385,Direct Mail & Wholesale,United Kingdom,Metropolis,Customer,#17385,client_17385@domain.com,2009-12-01
15158,Direct Mail & Wholesale,France,Metropolis,Customer,#15158,client_15158@domain.com,2009-12-01
17180,Direct Mail & Wholesale,United Kingdom,Metropolis,Customer,#17180,client_17180@domain.com,2009-12-01
12607,Direct Mail & Wholesale,France,Metropolis,Customer,#12607,client_12607@domain.com,2009-12-01
15876,Direct Mail & Wholesale,United Kingdom,Metropolis,Customer,#15876,client_15876@domain.com,2009-12-01
14687,Direct Mail & Wholesale,France,Metropolis,Customer,#14687,client_14687@domain.com,2009-12-01
14265,Direct Mail & Wholesale,United Kingdom,Metropolis,Customer,#14265,client_14265@domain.com,2009-12-01
15542,Direct Mail & Wholesale,United Kingdom,Metropolis,Customer,#15542,client_15542@domain.com,2009-12-01
17928,Direct Mail & Wholesale,United Kingdom,Metropolis,Customer,#17928,client_17928@domain.com,2009-12-01
18153,Direct Mail & Wholesale,United Kingdom,Metropolis,Customer,#18153,client_18153@domain.com,2009-12-01
14732,Direct Mail & Wholesale,United Kingdom,Metropolis,Customer,#14732,client_14732@domain.com,2009-12-01
13603,Direct Mail & Wholesale,United Kingdom,Metropolis,Customer,#13603,client_13603@domain.com,2009-12-01
18015,Direct Mail & Wholesale,United Kingdom,Metropolis,Customer,#18015,client_18015@domain.com,2009-12-01
16295,Direct Mail & Wholesale,United Kingdom,Metropolis,Customer,#16295,client_16295@domain.com,2009-12-01
17481,Direct Mail & Wholesale,United Kingdom,Metropolis,Customer,#17481,client_17481@domain.com,2009-12-01
15330,Direct Mail & Wholesale,United Kingdom,Metropolis,Customer,#15330,client_15330@domain.com,2009-12-01
13436,Direct Mail & Wholesale,United Kingdom,Metropolis,Customer,#13436,client_13436@domain.com,2009-12-01
15923,Direct Mail & Wholesale,France,Metropolis,Customer,#15923,client_15923@domain.com,2009-12-01
15632,Direct Mail & Wholesale,Portugal,Metropolis,Customer,#15632,client_15632@domain.com,2009-12-01
14389,Direct Mail & Wholesale,United Kingdom,Metropolis,Customer,#14389,client_14389@domain.com,2009-12-01
12908,Direct Mail & Wholesale,France,Metropolis,Customer,#12908,client_12908@domain.com,2009-12-01
12359,Direct Mail & Wholesale,United Kingdom,Metropolis,Customer,#12359,client_12359@domain.com,2009-12-01
16525,Direct Mail & Wholesale,Germany,Metropolis,Customer,#16525,client_16525@domain.com,2009-12-01
15149,Direct Mail & Wholesale,United Kingdom,Metropolis,Customer,#15149,client_15149@domain.com,2009-12-01
17327,Direct Mail & Wholesale,EIRE,Metropolis,Customer,#17327,client_17327@domain.com,2009-12-01
14644,Direct Mail & Wholesale,United Kingdom,Metropolis,Customer,#14644,client_14644@domain.com,2009-12-01
12573,Direct Mail & Wholesale,United Kingdom,Metropolis,Customer,#12573,client_12573@domain.com,2009-12-01
17989,Direct Mail & Wholesale,United Kingdom,Metropolis,Customer,#17989,client_17989@domain.com,2009-12-01
13381,Direct Mail & Wholesale,United Kingdom,Metropolis,Customer,#13381,client_13381@domain.com,2009-12-01
15192,Direct Mail & Wholesale,United Kingdom,Metropolis,Customer,#15192,client_15192@domain.com,2009-12-01
13035,Direct Mail & Wholesale,United Kingdom,Metropolis,Customer,#13035,client_13035@domain.com,2009-12-01
17403,Direct Mail & Wholesale,United Kingdom,Metropolis,Customer,#17403,client_17403@domain.com,2009-12-01
17903,Direct Mail & Wholesale,United Kingdom,Metropolis,Customer,#17903,client_17903@domain.com,2009-12-01
13678,Direct Mail & Wholesale,Germany,Metropolis,Customer,#13678,client_13678@domain.com,2009-12-01
17686,Direct Mail & Wholesale,United Kingdom,Metropolis,Customer,#17686,client_17686@domain.com,2009-12-01
15497,Direct Mail & Wholesale,United Kingdom,Metropolis,Customer,#15497,client_15497@domain.com,2009-12-01
17197,Direct Mail & Wholesale,United Kingdom,Metropolis,Customer,#17197,client_17197@domain.com,2009-12-01
16933,Direct Mail & Wholesale,Germany,Metropolis,Customer,#16933,client_16933@domain.com,2009-12-01
16965,Direct Mail & Wholesale,United Kingdom,Metropolis,Customer,#16965,client_16965@domain.com,2009-12-01
13556,Direct Mail & Wholesale,United Kingdom,Metropolis,Customer,#13556,client_13556@domain.com,2009-12-01
13357,Direct Mail & Wholesale,United Kingdom,Metropolis,Customer,#13357,client_13357@domain.com,2009-12-01
16430,Direct Mail & Wholesale,Belgium,Metropolis,Customer,#16430,client_16430@domain.com,2009-12-01
14024,Direct Mail & Wholesale,United Kingdom,Metropolis,Customer,#14024,client_14024@domain.com,2009-12-01
12578,Direct Mail & Wholesale,United Kingdom,Metropolis,Customer,#12578,client_12578@domain.com,2009-12-01
14203,Direct Mail & Wholesale,France,Metropolis,Customer,#14203,client_14203@domain.com,2009-12-01
13869,Direct Mail & Wholesale,United Kingdom,Metropolis,Customer,#13869,client_13869@domain.com,2009-12-01
15589,Direct Mail & Wholesale,United Kingdom,Metropolis,Customer,#15589,client_15589@domain.com,2009-12-01
12717,Direct Mail & Wholesale,France,Metropolis,Customer,#12717,client_12717@domain.com,2009-12-01
14324,Direct Mail & Wholesale,United Kingdom,Metropolis,Customer,#14324,client_14324@domain.com,2009-12-01
13166,Direct Mail & Wholesale,United Kingdom,Metropolis,Customer,#13166,client_13166@domain.com,2009-12-01
17017,Direct Mail & Wholesale,United Kingdom,Metropolis,Customer,#17017,client_17017@domain.com,2009-12-01
14346,Direct Mail & Wholesale,United Kingdom,Metropolis,Customer,#14346,client_14346@domain.com,2009-12-01
14299,Direct Mail & Wholesale,France,Metropolis,Customer,#14299,client_14299@domain.com,2009-12-01
13701,Direct Mail & Wholesale,United Kingdom,Metropolis,Customer,#13701,client_13701@domain.com,2009-12-01
13930,Direct Mail & Wholesale,United Kingdom,Metropolis,Customer,#13930,client_13930@domain.com,2009-12-01
13866,Direct Mail & Wholesale,France,Metropolis,Customer,#13866,client_13866@domain.com,2009-12-01
16692,Direct Mail & Wholesale,United Kingdom,Metropolis,Customer,#16692,client_16692@domain.com,2009-12-01
12411,Direct Mail & Wholesale,United Kingdom,Metropolis,Customer,#12411,client_12411@domain.com,2009-12-01
13399,Direct Mail & Wholesale,United Kingdom,Metropolis,Customer,#13399,client_13399@domain.com,2009-12-01
14470,Direct Mail & Wholesale,United Kingdom,Metropolis,Customer,#14470,client_14470@domain.com,2009-12-01
17747,Direct Mail & Wholesale,United Kingdom,Metropolis,Customer,#17747,client_17747@domain.com,2009-12-01
15081,Direct Mail & Wholesale,United Kingdom,Metropolis,Customer,#15081,client_15081@domain.com,2009-12-01
16111,Direct Mail & Wholesale,United Kingdom,Metropolis,Customer,#16111,client_16111@domain.com,2009-12-01
12919,Direct Mail & Wholesale,United Kingdom,Metropolis,Customer,#12919,client_12919@domain.com,2009-12-01
16843,Direct Mail & Wholesale,United Kingdom,Metropolis,Customer,#16843,client_16843@domain.com,2009-12-01
14290,Direct Mail & Wholesale,United Kingdom,Metropolis,Customer,#14290,client_14290@domain.com,2009-12-01
12748,Direct Mail & Wholesale,United Kingdom,Metropolis,Customer,#12748,client_12748@domain.com,2009-12-01
16961,Direct Mail & Wholesale,United Kingdom,Metropolis,Customer,#16961,client_16961@domain.com,2009-12-01
14684,Direct Mail & Wholesale,United Kingdom,Metropolis,Customer,#14684,client_14684@domain.com,2009-12-01
14151,Direct Mail & Wholesale,United Kingdom,Metropolis,Customer,#14151,client_14151@domain.com,2009-12-01
17900,Direct Mail & Wholesale,United Kingdom,Metropolis,Customer,#17900,client_17900@domain.com,2009-12-01
12874,Direct Mail & Wholesale,Switzerland,Metropolis,Customer,#12874,client_12874@domain.com,2009-12-01
17893,Direct Mail & Wholesale,United Kingdom,Metropolis,Customer,#17893,client_17893@domain.com,2009-12-01
14912,Direct Mail & Wholesale,Germany,Metropolis,Customer,#14912,client_14912@domain.com,2009-12-01
17449,Direct Mail & Wholesale,United Kingdom,Metropolis,Customer,#17449,client_17449@domain.com,2009-12-01
13055,Direct Mail & Wholesale,Germany,Metropolis,Customer,#13055,client_13055@domain.com,2009-12-01
17228,Direct Mail & Wholesale,France,Metropolis,Customer,#17228,client_17228@domain.com,2009-12-01
14733,Direct Mail & Wholesale,United Kingdom,Metropolis,Customer,#14733,client_14733@domain.com,2009-12-01
15695,Direct Mail & Wholesale,Netherlands,Metropolis,Customer,#15695,client_15695@domain.com,2009-12-01
15967,Direct Mail & Wholesale,Germany,Metropolis,Customer,#15967,client_15967@domain.com,2009-12-01
17729,Direct Mail & Wholesale,United Kingdom,Metropolis,Customer,#17729,client_17729@domain.com,2009-12-01
16661,Direct Mail & Wholesale,Australia,Metropolis,Customer,#16661,client_16661@domain.com,2009-12-01
18121,Direct Mail & Wholesale,United Kingdom,Metropolis,Customer,#18121,client_18121@domain.com,2009-12-01
15172,Direct Mail & Wholesale,United Kingdom,Metropolis,Customer,#15172,client_15172@domain.com,2009-12-01
16151,Direct Mail & Wholesale,United Kingdom,Metropolis,Customer,#16151,client_16151@domain.com,2009-12-01
13224,Direct Mail & Wholesale,United Kingdom,Metropolis,Customer,#13224,client_13224@domain.com,2009-12-01
15222,Direct Mail & Wholesale,United Kingdom,Metropolis,Customer,#15222,client_15222@domain.com,2009-12-01
15993,Direct Mail & Wholesale,United Kingdom,Metropolis,Customer,#15993,client_15993@domain.com,2009-12-01
14357,Direct Mail & Wholesale,Germany,Metropolis,Customer,#14357,client_14357@domain.com,2009-12-01
13552,Direct Mail & Wholesale,United Kingdom,Metropolis,Customer,#13552,client_13552@domain.com,2009-12-01
13007,Direct Mail & Wholesale,United Kingdom,Metropolis,Customer,#13007,client_13007@domain.com,2009-12-01
17143,Direct Mail & Wholesale,Australia,Metropolis,Customer,#17143,client_17143@domain.com,2009-12-01
17874,Direct Mail & Wholesale,United Kingdom,Metropolis,Customer,#17874,client_17874@domain.com,2009-12-01
16719,Direct Mail & Wholesale,United Kingdom,Metropolis,Customer,#16719,client_16719@domain.com,2009-12-01
13998,Direct Mail & Wholesale,United Kingdom,Metropolis,Customer,#13998,client_13998@domain.com,2009-12-01
15350,Direct Mail & Wholesale,United Kingdom,Metropolis,Customer,#15350,client_15350@domain.com,2009-12-01
12921,Direct Mail & Wholesale,United Kingdom,Metropolis,Customer,#12921,client_12921@domain.com,2009-12-01
16833,Direct Mail & Wholesale,United Kingdom,Metropolis,Customer,#16833,client_16833@domain.com,2009-12-01
15075,Direct Mail & Wholesale,United Kingdom,Metropolis,Customer,#15075,client_15075@domain.com,2009-12-01
16473,Direct Mail & Wholesale,France,Metropolis,Customer,#16473,client_16473@domain.com,2009-12-01
15965,Direct Mail & Wholesale,United Kingdom,Metropolis,Customer,#15965,client_15965@domain.com,2009-12-01
13424,Direct Mail & Wholesale,United Kingdom,Metropolis,Customer,#13424,client_13424@domain.com,2009-12-01
14419,Direct Mail & Wholesale,United Kingdom,Metropolis,Customer,#14419,client_14419@domain.com,2009-12-01
13500,Direct Mail & Wholesale,Germany,Metropolis,Customer,#13500,client_13500@domain.com,2009-12-01
15309,Direct Mail & Wholesale,United Kingdom,Metropolis,Customer,#15309,client_15309@domain.com,2009-12-01
13791,Direct Mail & Wholesale,United Kingdom,Metropolis,Customer,#13791,client_13791@domain.com,2009-12-01
15179,Direct Mail & Wholesale,United Kingdom,Metropolis,Customer,#15179,client_15179@domain.com,2009-12-01
16426,Direct Mail & Wholesale,United Kingdom,Metropolis,Customer,#16426,client_16426@domain.com,2009-12-01
18191,Direct Mail & Wholesale,Portugal,Metropolis,Customer,#18191,client_18191@domain.com,2009-12-01
14807,Direct Mail & Wholesale,United Kingdom,Metropolis,Customer,#14807,client_14807@domain.com,2009-12-01
17427,Direct Mail & Wholesale,United Kingdom,Metropolis,Customer,#17427,client_17427@domain.com,2009-12-01
12653,Direct Mail & Wholesale,United Kingdom,Metropolis,Customer,#12653,client_12653@domain.com,2009-12-01
13296,Direct Mail & Wholesale,United Kingdom,Metropolis,Customer,#13296,client_13296@domain.com,2009-12-01
15055,Direct Mail & Wholesale,United Kingdom,Metropolis,Customer,#15055,client_15055@domain.com,2009-12-01
13341,Direct Mail & Wholesale,Germany,Metropolis,Customer,#13341,client_13341@domain.com,2009-12-01
13573,Direct Mail & Wholesale,United Kingdom,Metropolis,Customer,#13573,client_13573@domain.com,2009-12-01
12375,Direct Mail & Wholesale,United Kingdom,Metropolis,Customer,#12375,client_12375@domain.com,2009-12-01
14923,Direct Mail & Wholesale,United Kingdom,Metropolis,Customer,#14923,client_14923@domain.com,2009-12-01
13773,Direct Mail & Wholesale,United Kingdom,Metropolis,Customer,#13773,client_13773@domain.com,2009-12-01
18198,Direct Mail & Wholesale,United Kingdom,Metropolis,Customer,#18198,client_18198@domain.com,2009-12-01
13731,Direct Mail & Wholesale,United Kingdom,Metropolis,Customer,#13731,client_13731@domain.com,2009-12-01
13752,Direct Mail & Wholesale,EIRE,Metropolis,Customer,#13752,client_13752@domain.com,2009-12-01
17039,Direct Mail & Wholesale,United Kingdom,Metropolis,Customer,#17039,client_17039@domain.com,2009-12-01
13524,Direct Mail & Wholesale,United Kingdom,Metropolis,Customer,#13524,client_13524@domain.com,2009-12-01
14379,Direct Mail & Wholesale,United Kingdom,Metropolis,Customer,#14379,client_14379@domain.com,2009-12-01
12795,Direct Mail & Wholesale,United Kingdom,Metropolis,Customer,#12795,client_12795@domain.com,2009-12-01
17140,Direct Mail & Wholesale,United Kingdom,Metropolis,Customer,#17140,client_17140@domain.com,2009-12-01
15570,Direct Mail & Wholesale,Australia,Metropolis,Customer,#15570,client_15570@domain.com,2009-12-01
14057,Direct Mail & Wholesale,France,Metropolis,Customer,#14057,client_14057@domain.com,2009-12-01
13142,Direct Mail & Wholesale,United Kingdom,Metropolis,Customer,#13142,client_13142@domain.com,2009-12-01
15678,Direct Mail & Wholesale,United Kingdom,Metropolis,Customer,#15678,client_15678@domain.com,2009-12-01
14565,Direct Mail & Wholesale,United Kingdom,Metropolis,Customer,#14565,client_14565@domain.com,2009-12-01
17703,Direct Mail & Wholesale,Spain,Metropolis,Customer,#17703,client_17703@domain.com,2009-12-01
15525,Direct Mail & Wholesale,United Kingdom,Metropolis,Customer,#15525,client_15525@domain.com,2009-12-01
17454,Direct Mail & Wholesale,United Kingdom,Metropolis,Customer,#17454,client_17454@domain.com,2009-12-01
17601,Direct Mail & Wholesale,Belgium,Metropolis,Customer,#17601,client_17601@domain.com,2009-12-01
14759,Direct Mail & Wholesale,Netherlands,Metropolis,Customer,#14759,client_14759@domain.com,2009-12-01
14866,Direct Mail & Wholesale,Spain,Metropolis,Customer,#14866,client_14866@domain.com,2009-12-01
16879,Direct Mail & Wholesale,United Kingdom,Metropolis,Customer,#16879,client_16879@domain.com,2009-12-01
14809,Direct Mail & Wholesale,United Kingdom,Metropolis,Customer,#14809,client_14809@domain.com,2009-12-01
17217,Direct Mail & Wholesale,Germany,Metropolis,Customer,#17217,client_17217@domain.com,2009-12-01
12478,Direct Mail & Wholesale,United Kingdom,Metropolis,Customer,#12478,client_12478@domain.com,2009-12-01
13115,Direct Mail & Wholesale,United Kingdom,Metropolis,Customer,#13115,client_13115@domain.com,2009-12-01
13231,Direct Mail & Wholesale,United Kingdom,Metropolis,Customer,#13231,client_13231@domain.com,2009-12-01
16557,Direct Mail & Wholesale,United Kingdom,Metropolis,Customer,#16557,client_16557@domain.com,2009-12-01
12445,Direct Mail & Wholesale,United Kingdom,Metropolis,Customer,#12445,client_12445@domain.com,2009-12-01
13098,Direct Mail & Wholesale,Spain,Metropolis,Customer,#13098,client_13098@domain.com,2009-12-01
12398,Direct Mail & Wholesale,United Kingdom,Metropolis,Customer,#12398,client_12398@domain.com,2009-12-01
16896,Direct Mail & Wholesale,United Kingdom,Metropolis,Customer,#16896,client_16896@domain.com,2009-12-01
14247,Direct Mail & Wholesale,France,Metropolis,Customer,#14247,client_14247@domain.com,2009-12-01
16176,Direct Mail & Wholesale,United Kingdom,Metropolis,Customer,#16176,client_16176@domain.com,2009-12-01
14681,Direct Mail & Wholesale,United Kingdom,Metropolis,Customer,#14681,client_14681@domain.com,2009-12-01
14742,Direct Mail & Wholesale,United Kingdom,Metropolis,Customer,#14742,client_14742@domain.com,2009-12-01
15277,Direct Mail & Wholesale,United Kingdom,Metropolis,Customer,#15277,client_15277@domain.com,2009-12-01
16559,Direct Mail & Wholesale,United Kingdom,Metropolis,Customer,#16559,client_16559@domain.com,2009-12-01
17207,Direct Mail & Wholesale,EIRE,Metropolis,Customer,#17207,client_17207@domain.com,2009-12-01
17173,Direct Mail & Wholesale,United Kingdom,Metropolis,Customer,#17173,client_17173@domain.com,2009-12-01
15699,Direct Mail & Wholesale,United Kingdom,Metropolis,Customer,#15699,client_15699@domain.com,2009-12-01
18017,Direct Mail & Wholesale,United Kingdom,Metropolis,Customer,#18017,client_18017@domain.com,2009-12-01
14147,Direct Mail & Wholesale,Germany,Metropolis,Customer,#14147,client_14147@domain.com,2009-12-01
15738,Direct Mail & Wholesale,United Kingdom,Metropolis,Customer,#15738,client_15738@domain.com,2009-12-01
12713,Direct Mail & Wholesale,United Kingdom,Metropolis,Customer,#12713,client_12713@domain.com,2009-12-01
13464,Direct Mail & Wholesale,United Kingdom,Metropolis,Customer,#13464,client_13464@domain.com,2009-12-01
13415,Direct Mail & Wholesale,Germany,Metropolis,Customer,#13415,client_13415@domain.com,2009-12-01
16936,Direct Mail & Wholesale,United Kingdom,Metropolis,Customer,#16936,client_16936@domain.com,2009-12-01
16101,Direct Mail & Wholesale,United Kingdom,Metropolis,Customer,#16101,client_16101@domain.com,2009-12-01
15478,Direct Mail & Wholesale,United Kingdom,Metropolis,Customer,#15478,client_15478@domain.com,2009-12-01
16550,Direct Mail & Wholesale,United Kingdom,Metropolis,Customer,#16550,client_16550@domain.com,2009-12-01
13078,Direct Mail & Wholesale,United Kingdom,Metropolis,Customer,#13078,client_13078@domain.com,2009-12-01
16837,Direct Mail & Wholesale,United Kingdom,Metropolis,Customer,#16837,client_16837@domain.com,2009-12-01
18211,Direct Mail & Wholesale,France,Metropolis,Customer,#18211,client_18211@domain.com,2009-12-01
14951,Direct Mail & Wholesale,United Kingdom,Metropolis,Customer,#14951,client_14951@domain.com,2009-12-01
13327,Direct Mail & Wholesale,United Kingdom,Metropolis,Customer,#13327,client_13327@domain.com,2009-12-01
13873,Direct Mail & Wholesale,United Kingdom,Metropolis,Customer,#13873,client_13873@domain.com,2009-12-01
14593,Direct Mail & Wholesale,United Kingdom,Metropolis,Customer,#14593,client_14593@domain.com,2009-12-01
14657,Direct Mail & Wholesale,Germany,Metropolis,Customer,#14657,client_14657@domain.com,2009-12-01
14631,Direct Mail & Wholesale,United Kingdom,Metropolis,Customer,#14631,client_14631@domain.com,2009-12-01
13575,Direct Mail & Wholesale,United Kingdom,Metropolis,Customer,#13575,client_13575@domain.com,2009-12-01
13662,Direct Mail & Wholesale,United Kingdom,Metropolis,Customer,#13662,client_13662@domain.com,2009-12-01
14635,Direct Mail & Wholesale,United Kingdom,Metropolis,Customer,#14635,client_14635@domain.com,2009-12-01
14611,Direct Mail & Wholesale,Germany,Metropolis,Customer,#14611,client_14611@domain.com,2009-12-01
16886,Direct Mail & Wholesale,United Kingdom,Metropolis,Customer,#16886,client_16886@domain.com,2009-12-01
13394,Direct Mail & Wholesale,United Kingdom,Metropolis,Customer,#13394,client_13394@domain.com,2009-12-01
12821,Direct Mail & Wholesale,United Kingdom,Metropolis,Customer,#12821,client_12821@domain.com,2009-12-01
12652,Direct Mail & Wholesale,United Kingdom,Metropolis,Customer,#12652,client_12652@domain.com,2009-12-01
16915,Direct Mail & Wholesale,United Kingdom,Metropolis,Customer,#16915,client_16915@domain.com,2009-12-01
17233,Direct Mail & Wholesale,United Kingdom,Metropolis,Customer,#17233,client_17233@domain.com,2009-12-01
16548,Direct Mail & Wholesale,United Kingdom,Metropolis,Customer,#16548,client_16548@domain.com,2009-12-01
12515,Direct Mail & Wholesale,United Kingdom,Metropolis,Customer,#12515,client_12515@domain.com,2009-12-01
15036,Direct Mail & Wholesale,Germany,Metropolis,Customer,#15036,client_15036@domain.com,2009-12-01
17999,Direct Mail & Wholesale,EIRE,Metropolis,Customer,#17999,client_17999@domain.com,2009-12-01
17292,Direct Mail & Wholesale,United Kingdom,Metropolis,Customer,#17292,client_17292@domain.com,2009-12-01
16067,Direct Mail & Wholesale,United Kingdom,Metropolis,Customer,#16067,client_16067@domain.com,2009-12-01
14300,Direct Mail & Wholesale,United Kingdom,Metropolis,Customer,#14300,client_14300@domain.com,2009-12-01
14750,Direct Mail & Wholesale,United Kingdom,Metropolis,Customer,#14750,client_14750@domain.com,2009-12-01
17362,Direct Mail & Wholesale,United Kingdom,Metropolis,Customer,#17362,client_17362@domain.com,2009-12-01
17927,Direct Mail & Wholesale,United Kingdom,Metropolis,Customer,#17927,client_17927@domain.com,2009-12-01
17365,Direct Mail & Wholesale,EIRE,Metropolis,Customer,#17365,client_17365@domain.com,2009-12-01
15969,Direct Mail & Wholesale,United Kingdom,Metropolis,Customer,#15969,client_15969@domain.com,2009-12-01
12473,Direct Mail & Wholesale,United Kingdom,Metropolis,Customer,#12473,client_12473@domain.com,2009-12-01
17748,Direct Mail & Wholesale,United Kingdom,Metropolis,Customer,#17748,client_17748@domain.com,2009-12-01
16087,Direct Mail & Wholesale,United Kingdom,Metropolis,Customer,#16087,client_16087@domain.com,2009-12-01
12453,Direct Mail & Wholesale,Germany,Metropolis,Customer,#12453,client_12453@domain.com,2009-12-01
18177,Direct Mail & Wholesale,France,Metropolis,Customer,#18177,client_18177@domain.com,2009-12-01
15369,Direct Mail & Wholesale,United Kingdom,Metropolis,Customer,#15369,client_15369@domain.com,2009-12-01
12750,Direct Mail & Wholesale,United Kingdom,Metropolis,Customer,#12750,client_12750@domain.com,2009-12-01
13244,Direct Mail & Wholesale,United Kingdom,Metropolis,Customer,#13244,client_13244@domain.com,2009-12-01
12783,Direct Mail & Wholesale,United Kingdom,Metropolis,Customer,#12783,client_12783@domain.com,2009-12-01
13889,Direct Mail & Wholesale,United Kingdom,Metropolis,Customer,#13889,client_13889@domain.com,2009-12-01
17857,Direct Mail & Wholesale,United Kingdom,Metropolis,Customer,#17857,client_17857@domain.com,2009-12-01
16612,Direct Mail & Wholesale,United Kingdom,Metropolis,Customer,#16612,client_16612@domain.com,2009-12-01
15962,Direct Mail & Wholesale,Germany,Metropolis,Customer,#15962,client_15962@domain.com,2009-12-01
13322,Direct Mail & Wholesale,United Kingdom,Metropolis,Customer,#13322,client_13322@domain.com,2009-12-01
15022,Direct Mail & Wholesale,United Kingdom,Metropolis,Customer,#15022,client_15022@domain.com,2009-12-01
14263,Direct Mail & Wholesale,France,Metropolis,Customer,#14263,client_14263@domain.com,2009-12-01
12913,Direct Mail & Wholesale,United Kingdom,Metropolis,Customer,#12913,client_12913@domain.com,2009-12-01
14600,Direct Mail & Wholesale,United Kingdom,Metropolis,Customer,#14600,client_14600@domain.com,2009-12-01
18223,Direct Mail & Wholesale,United Kingdom,Metropolis,Customer,#18223,client_18223@domain.com,2009-12-01
14286,Direct Mail & Wholesale,United Kingdom,Metropolis,Customer,#14286,client_14286@domain.com,2009-12-01
17956,Direct Mail & Wholesale,United Kingdom,Metropolis,Customer,#17956,client_17956@domain.com,2009-12-01
12629,Direct Mail & Wholesale,United Kingdom,Metropolis,Customer,#12629,client_12629@domain.com,2009-12-01
13068,Direct Mail & Wholesale,United Kingdom,Metropolis,Customer,#13068,client_13068@domain.com,2009-12-01
15441,Direct Mail & Wholesale,Netherlands,Metropolis,Customer,#15441,client_15441@domain.com,2009-12-01
18152,Direct Mail & Wholesale,United Kingdom,Metropolis,Customer,#18152,client_18152@domain.com,2009-12-01
12937,Direct Mail & Wholesale,United Kingdom,Metropolis,Customer,#12937,client_12937@domain.com,2009-12-01
13271,Direct Mail & Wholesale,United Kingdom,Metropolis,Customer,#13271,client_13271@domain.com,2009-12-01
16365,Direct Mail & Wholesale,United Kingdom,Metropolis,Customer,#16365,client_16365@domain.com,2009-12-01
12798,Direct Mail & Wholesale,United Kingdom,Metropolis,Customer,#12798,client_12798@domain.com,2009-12-01
17510,Direct Mail & Wholesale,United Kingdom,Metropolis,Customer,#17510,client_17510@domain.com,2009-12-01
13632,Direct Mail & Wholesale,United Kingdom,Metropolis,Customer,#13632,client_13632@domain.com,2009-12-01
14224,Direct Mail & Wholesale,EIRE,Metropolis,Customer,#14224,client_14224@domain.com,2009-12-01
14026,Direct Mail & Wholesale,United Kingdom,Metropolis,Customer,#14026,client_14026@domain.com,2009-12-01
17765,Direct Mail & Wholesale,United Kingdom,Metropolis,Customer,#17765,client_17765@domain.com,2009-12-01
15078,Direct Mail & Wholesale,United Kingdom,Metropolis,Customer,#15078,client_15078@domain.com,2009-12-01
16239,Direct Mail & Wholesale,France,Metropolis,Customer,#16239,client_16239@domain.com,2009-12-01
17458,Direct Mail & Wholesale,United Kingdom,Metropolis,Customer,#17458,client_17458@domain.com,2009-12-01
17222,Direct Mail & Wholesale,Germany,Metropolis,Customer,#17222,client_17222@domain.com,2009-12-01
13501,Direct Mail & Wholesale,EIRE,Metropolis,Customer,#13501,client_13501@domain.com,2009-12-01
14618,Direct Mail & Wholesale,United Kingdom,Metropolis,Customer,#14618,client_14618@domain.com,2009-12-01
15364,Direct Mail & Wholesale,United Kingdom,Metropolis,Customer,#15364,client_15364@domain.com,2009-12-01
17304,Direct Mail & Wholesale,United Kingdom,Metropolis,Customer,#17304,client_17304@domain.com,2009-12-01
17446,Direct Mail & Wholesale,United Kingdom,Metropolis,Customer,#17446,client_17446@domain.com,2009-12-01
17204,Direct Mail & Wholesale,United Kingdom,Metropolis,Customer,#17204,client_17204@domain.com,2009-12-01
17592,Direct Mail & Wholesale,United Kingdom,Metropolis,Customer,#17592,client_17592@domain.com,2009-12-01
15856,Direct Mail & Wholesale,United Kingdom,Metropolis,Customer,#15856,client_15856@domain.com,2009-12-01
13372,Direct Mail & Wholesale,United Kingdom,Metropolis,Customer,#13372,client_13372@domain.com,2009-12-01
15442,Direct Mail & Wholesale,United Kingdom,Metropolis,Customer,#15442,client_15442@domain.com,2009-12-01
14418,Direct Mail & Wholesale,United Kingdom,Metropolis,Customer,#14418,client_14418@domain.com,2009-12-01
12910,Direct Mail & Wholesale,United Kingdom,Metropolis,Customer,#12910,client_12910@domain.com,2009-12-01
17426,Direct Mail & Wholesale,United Kingdom,Metropolis,Customer,#17426,client_17426@domain.com,2009-12-01
15069,Direct Mail & Wholesale,United Kingdom,Metropolis,Customer,#15069,client_15069@domain.com,2009-12-01
16044,Direct Mail & Wholesale,United Kingdom,Metropolis,Customer,#16044,client_16044@domain.com,2009-12-01
13688,Direct Mail & Wholesale,France,Metropolis,Customer,#13688,client_13688@domain.com,2009-12-01
14011,Direct Mail & Wholesale,United Kingdom,Metropolis,Customer,#14011,client_14011@domain.com,2009-12-01
14747,Direct Mail & Wholesale,United Kingdom,Metropolis,Customer,#14747,client_14747@domain.com,2009-12-01
15372,Direct Mail & Wholesale,United Kingdom,Metropolis,Customer,#15372,client_15372@domain.com,2009-12-01
13371,Direct Mail & Wholesale,United Kingdom,Metropolis,Customer,#13371,client_13371@domain.com,2009-12-01
17016,Direct Mail & Wholesale,Spain,Metropolis,Customer,#17016,client_17016@domain.com,2009-12-01
16887,Direct Mail & Wholesale,United Kingdom,Metropolis,Customer,#16887,client_16887@domain.com,2009-12-01
13630,Direct Mail & Wholesale,United Kingdom,Metropolis,Customer,#13630,client_13630@domain.com,2009-12-01
15454,Direct Mail & Wholesale,United Kingdom,Metropolis,Customer,#15454,client_15454@domain.com,2009-12-01
13225,Direct Mail & Wholesale,United Kingdom,Metropolis,Customer,#13225,client_13225@domain.com,2009-12-01
16332,Direct Mail & Wholesale,Belgium,Metropolis,Customer,#16332,client_16332@domain.com,2009-12-01
17813,Direct Mail & Wholesale,Spain,Metropolis,Customer,#17813,client_17813@domain.com,2009-12-01
14536,Direct Mail & Wholesale,United Kingdom,Metropolis,Customer,#14536,client_14536@domain.com,2009-12-01
17176,Direct Mail & Wholesale,United Kingdom,Metropolis,Customer,#17176,client_17176@domain.com,2009-12-01
17257,Direct Mail & Wholesale,EIRE,Metropolis,Customer,#17257,client_17257@domain.com,2009-12-01
14430,Direct Mail & Wholesale,Spain,Metropolis,Customer,#14430,client_14430@domain.com,2009-12-01
15365,Direct Mail & Wholesale,United Kingdom,Metropolis,Customer,#15365,client_15365@domain.com,2009-12-01
18271,Direct Mail & Wholesale,United Kingdom,Metropolis,Customer,#18271,client_18271@domain.com,2009-12-01
12738,Direct Mail & Wholesale,United Kingdom,Metropolis,Customer,#12738,client_12738@domain.com,2009-12-01
14231,Direct Mail & Wholesale,United Kingdom,Metropolis,Customer,#14231,client_14231@domain.com,2009-12-01
13165,Direct Mail & Wholesale,United Kingdom,Metropolis,Customer,#13165,client_13165@domain.com,2009-12-01
15741,Direct Mail & Wholesale,United Kingdom,Metropolis,Customer,#15741,client_15741@domain.com,2009-12-01
14170,Direct Mail & Wholesale,Spain,Metropolis,Customer,#14170,client_14170@domain.com,2009-12-01
13540,Direct Mail & Wholesale,United Kingdom,Metropolis,Customer,#13540,client_13540@domain.com,2009-12-01
15637,Direct Mail & Wholesale,Germany,Metropolis,Customer,#15637,client_15637@domain.com,2009-12-01
14607,Direct Mail & Wholesale,United Kingdom,Metropolis,Customer,#14607,client_14607@domain.com,2009-12-01
17008,Direct Mail & Wholesale,France,Metropolis,Customer,#17008,client_17008@domain.com,2009-12-01
17755,Direct Mail & Wholesale,United Kingdom,Metropolis,Customer,#17755,client_17755@domain.com,2009-12-01
17654,Direct Mail & Wholesale,EIRE,Metropolis,Customer,#17654,client_17654@domain.com,2009-12-01
17394,Direct Mail & Wholesale,Spain,Metropolis,Customer,#17394,client_17394@domain.com,2009-12-01
15146,Direct Mail & Wholesale,France,Metropolis,Customer,#15146,client_15146@domain.com,2009-12-01
13587,Direct Mail & Wholesale,France,Metropolis,Customer,#13587,client_13587@domain.com,2009-12-01
12859,Direct Mail & Wholesale,United Kingdom,Metropolis,Customer,#12859,client_12859@domain.com,2009-12-01
17102,Direct Mail & Wholesale,United Kingdom,Metropolis,Customer,#17102,client_17102@domain.com,2009-12-01
13882,Direct Mail & Wholesale,Germany,Metropolis,Customer,#13882,client_13882@domain.com,2009-12-01
15080,Direct Mail & Wholesale,Netherlands,Metropolis,Customer,#15080,client_15080@domain.com,2009-12-01
16256,Direct Mail & Wholesale,United Kingdom,Metropolis,Customer,#16256,client_16256@domain.com,2009-12-01
16904,Direct Mail & Wholesale,United Kingdom,Metropolis,Customer,#16904,client_16904@domain.com,2009-12-01
17157,Direct Mail & Wholesale,United Kingdom,Metropolis,Customer,#17157,client_17157@domain.com,2009-12-01
16815,Direct Mail & Wholesale,United Kingdom,Metropolis,Customer,#16815,client_16815@domain.com,2009-12-01
14405,Direct Mail & Wholesale,United Kingdom,Metropolis,Customer,#14405,client_14405@domain.com,2009-12-01
12828,Direct Mail & Wholesale,United Kingdom,Metropolis,Customer,#12828,client_12828@domain.com,2009-12-01
13686,Direct Mail & Wholesale,Spain,Metropolis,Customer,#13686,client_13686@domain.com,2009-12-01
13771,Direct Mail & Wholesale,United Kingdom,Metropolis,Customer,#13771,client_13771@domain.com,2009-12-01
12707,Direct Mail & Wholesale,United Kingdom,Metropolis,Customer,#12707,client_12707@domain.com,2009-12-01
18165,Direct Mail & Wholesale,EIRE,Metropolis,Customer,#18165,client_18165@domain.com,2009-12-01
17916,Direct Mail & Wholesale,United Kingdom,Metropolis,Customer,#17916,client_17916@domain.com,2009-12-01
18120,Direct Mail & Wholesale,United Kingdom,Metropolis,Customer,#18120,client_18120@domain.com,2009-12-01
17421,Direct Mail & Wholesale,United Kingdom,Metropolis,Customer,#17421,client_17421@domain.com,2009-12-01
16608,Direct Mail & Wholesale,Germany,Metropolis,Customer,#16608,client_16608@domain.com,2009-12-01
12692,Direct Mail & Wholesale,United Kingdom,Metropolis,Customer,#12692,client_12692@domain.com,2009-12-01
15686,Direct Mail & Wholesale,United Kingdom,Metropolis,Customer,#15686,client_15686@domain.com,2009-12-01
17032,Direct Mail & Wholesale,Germany,Metropolis,Customer,#17032,client_17032@domain.com,2009-12-01
15065,Direct Mail & Wholesale,United Kingdom,Metropolis,Customer,#15065,client_15065@domain.com,2009-12-01
15888,Direct Mail & Wholesale,United Kingdom,Metropolis,Customer,#15888,client_15888@domain.com,2009-12-01
17902,Direct Mail & Wholesale,United Kingdom,Metropolis,Customer,#17902,client_17902@domain.com,2009-12-01
14150,Direct Mail & Wholesale,United Kingdom,Metropolis,Customer,#14150,client_14150@domain.com,2009-12-01
17513,Direct Mail & Wholesale,United Kingdom,Metropolis,Customer,#17513,client_17513@domain.com,2009-12-01
16369,Direct Mail & Wholesale,United Kingdom,Metropolis,Customer,#16369,client_16369@domain.com,2009-12-01
16536,Direct Mail & Wholesale,Germany,Metropolis,Customer,#16536,client_16536@domain.com,2009-12-01
14332,Direct Mail & Wholesale,United Kingdom,Metropolis,Customer,#14332,client_14332@domain.com,2009-12-01
13032,Direct Mail & Wholesale,United Kingdom,Metropolis,Customer,#13032,client_13032@domain.com,2009-12-01
16194,Direct Mail & Wholesale,United Kingdom,Metropolis,Customer,#16194,client_16194@domain.com,2009-12-01
17383,Direct Mail & Wholesale,United Kingdom,Metropolis,Customer,#17383,client_17383@domain.com,2009-12-01
18214,Direct Mail & Wholesale,United Kingdom,Metropolis,Customer,#18214,client_18214@domain.com,2009-12-01
13301,Direct Mail & Wholesale,United Kingdom,Metropolis,Customer,#13301,client_13301@domain.com,2009-12-01
16196,Direct Mail & Wholesale,United Kingdom,Metropolis,Customer,#16196,client_16196@domain.com,2009-12-01
16607,Direct Mail & Wholesale,United Kingdom,Metropolis,Customer,#16607,client_16607@domain.com,2009-12-01
18176,Direct Mail & Wholesale,Germany,Metropolis,Customer,#18176,client_18176@domain.com,2009-12-01
12759,Direct Mail & Wholesale,United Kingdom,Metropolis,Customer,#12759,client_12759@domain.com,2009-12-01
17948,Direct Mail & Wholesale,United Kingdom,Metropolis,Customer,#17948,client_17948@domain.com,2009-12-01
13442,Direct Mail & Wholesale,United Kingdom,Metropolis,Customer,#13442,client_13442@domain.com,2009-12-01
15604,Direct Mail & Wholesale,EIRE,Metropolis,Customer,#15604,client_15604@domain.com,2009-12-01
17398,Direct Mail & Wholesale,France,Metropolis,Customer,#17398,client_17398@domain.com,2009-12-01
15739,Direct Mail & Wholesale,United Kingdom,Metropolis,Customer,#15739,client_15739@domain.com,2009-12-01
13438,Direct Mail & Wholesale,United Kingdom,Metropolis,Customer,#13438,client_13438@domain.com,2009-12-01
15811,Direct Mail & Wholesale,United Kingdom,Metropolis,Customer,#15811,client_15811@domain.com,2009-12-01
12697,Direct Mail & Wholesale,United Kingdom,Metropolis,Customer,#12697,client_12697@domain.com,2009-12-01
17936,Direct Mail & Wholesale,United Kingdom,Metropolis,Customer,#17936,client_17936@domain.com,2009-12-01
13943,Direct Mail & Wholesale,United Kingdom,Metropolis,Customer,#13943,client_13943@domain.com,2009-12-01
12911,Direct Mail & Wholesale,United Kingdom,Metropolis,Customer,#12911,client_12911@domain.com,2009-12-01
17131,Direct Mail & Wholesale,United Kingdom,Metropolis,Customer,#17131,client_17131@domain.com,2009-12-01
15089,Direct Mail & Wholesale,United Kingdom,Metropolis,Customer,#15089,client_15089@domain.com,2009-12-01
13833,Direct Mail & Wholesale,United Kingdom,Metropolis,Customer,#13833,client_13833@domain.com,2009-12-01
18108,Direct Mail & Wholesale,United Kingdom,Metropolis,Customer,#18108,client_18108@domain.com,2009-12-01
12868,Direct Mail & Wholesale,United Kingdom,Metropolis,Customer,#12868,client_12868@domain.com,2009-12-01
14590,Direct Mail & Wholesale,United Kingdom,Metropolis,Customer,#14590,client_14590@domain.com,2009-12-01
17123,Direct Mail & Wholesale,United Kingdom,Metropolis,Customer,#17123,client_17123@domain.com,2009-12-01
15725,Direct Mail & Wholesale,United Kingdom,Metropolis,Customer,#15725,client_15725@domain.com,2009-12-01
15807,Direct Mail & Wholesale,Spain,Metropolis,Customer,#15807,client_15807@domain.com,2009-12-01
14530,Direct Mail & Wholesale,United Kingdom,Metropolis,Customer,#14530,client_14530@domain.com,2009-12-01
14845,Direct Mail & Wholesale,United Kingdom,Metropolis,Customer,#14845,client_14845@domain.com,2009-12-01
17406,Direct Mail & Wholesale,EIRE,Metropolis,Customer,#17406,client_17406@domain.com,2009-12-01
15523,Direct Mail & Wholesale,Spain,Metropolis,Customer,#15523,client_15523@domain.com,2009-12-01
12514,Direct Mail & Wholesale,Germany,Metropolis,Customer,#12514,client_12514@domain.com,2009-12-01
15640,Direct Mail & Wholesale,United Kingdom,Metropolis,Customer,#15640,client_15640@domain.com,2009-12-01
16227,Direct Mail & Wholesale,United Kingdom,Metropolis,Customer,#16227,client_16227@domain.com,2009-12-01
18109,Direct Mail & Wholesale,United Kingdom,Metropolis,Customer,#18109,client_18109@domain.com,2009-12-01
17499,Direct Mail & Wholesale,United Kingdom,Metropolis,Customer,#17499,client_17499@domain.com,2009-12-01
18215,Direct Mail & Wholesale,United Kingdom,Metropolis,Customer,#18215,client_18215@domain.com,2009-12-01
17150,Direct Mail & Wholesale,United Kingdom,Metropolis,Customer,#17150,client_17150@domain.com,2009-12-01
13330,Direct Mail & Wholesale,United Kingdom,Metropolis,Customer,#13330,client_13330@domain.com,2009-12-01
13716,Direct Mail & Wholesale,United Kingdom,Metropolis,Customer,#13716,client_13716@domain.com,2009-12-01
17483,Direct Mail & Wholesale,Netherlands,Metropolis,Customer,#17483,client_17483@domain.com,2009-12-01
13006,Direct Mail & Wholesale,United Kingdom,Metropolis,Customer,#13006,client_13006@domain.com,2009-12-01
17569,Direct Mail & Wholesale,United Kingdom,Metropolis,Customer,#17569,client_17569@domain.com,2009-12-01
13200,Direct Mail & Wholesale,United Kingdom,Metropolis,Customer,#13200,client_13200@domain.com,2009-12-01
18220,Direct Mail & Wholesale,United Kingdom,Metropolis,Customer,#18220,client_18220@domain.com,2009-12-01
17975,Direct Mail & Wholesale,United Kingdom,Metropolis,Customer,#17975,client_17975@domain.com,2009-12-01
15630,Direct Mail & Wholesale,France,Metropolis,Customer,#15630,client_15630@domain.com,2009-12-01
15805,Direct Mail & Wholesale,United Kingdom,Metropolis,Customer,#15805,client_15805@domain.com,2009-12-01
15846,Direct Mail & Wholesale,United Kingdom,Metropolis,Customer,#15846,client_15846@domain.com,2009-12-01
14688,Direct Mail & Wholesale,United Kingdom,Metropolis,Customer,#14688,client_14688@domain.com,2009-12-01
15734,Direct Mail & Wholesale,United Kingdom,Metropolis,Customer,#15734,client_15734@domain.com,2009-12-01
13765,Direct Mail & Wholesale,United Kingdom,Metropolis,Customer,#13765,client_13765@domain.com,2009-12-01
17417,Direct Mail & Wholesale,United Kingdom,Metropolis,Customer,#17417,client_17417@domain.com,2009-12-01
16097,Direct Mail & Wholesale,United Kingdom,Metropolis,Customer,#16097,client_16097@domain.com,2009-12-01
17562,Direct Mail & Wholesale,Switzerland,Metropolis,Customer,#17562,client_17562@domain.com,2009-12-01
14296,Direct Mail & Wholesale,United Kingdom,Metropolis,Customer,#14296,client_14296@domain.com,2009-12-01
17018,Direct Mail & Wholesale,United Kingdom,Metropolis,Customer,#17018,client_17018@domain.com,2009-12-01
14241,Direct Mail & Wholesale,United Kingdom,Metropolis,Customer,#14241,client_14241@domain.com,2009-12-01
15899,Direct Mail & Wholesale,Belgium,Metropolis,Customer,#15899,client_15899@domain.com,2009-12-01
13700,Direct Mail & Wholesale,United Kingdom,Metropolis,Customer,#13700,client_13700@domain.com,2009-12-01
12665,Direct Mail & Wholesale,United Kingdom,Metropolis,Customer,#12665,client_12665@domain.com,2009-12-01
15954,Direct Mail & Wholesale,United Kingdom,Metropolis,Customer,#15954,client_15954@domain.com,2009-12-01
14831,Direct Mail & Wholesale,United Kingdom,Metropolis,Customer,#14831,client_14831@domain.com,2009-12-01
14823,Direct Mail & Wholesale,United Kingdom,Metropolis,Customer,#14823,client_14823@domain.com,2009-12-01
15644,Direct Mail & Wholesale,United Kingdom,Metropolis,Customer,#15644,client_15644@domain.com,2009-12-01
12397,Direct Mail & Wholesale,EIRE,Metropolis,Customer,#12397,client_12397@domain.com,2009-12-01
13453,Direct Mail & Wholesale,United Kingdom,Metropolis,Customer,#13453,client_13453@domain.com,2009-12-01
15386,Direct Mail & Wholesale,United Kingdom,Metropolis,Customer,#15386,client_15386@domain.com,2009-12-01
14277,Direct Mail & Wholesale,United Kingdom,Metropolis,Customer,#14277,client_14277@domain.com,2009-12-01
14100,Direct Mail & Wholesale,Germany,Metropolis,Customer,#14100,client_14100@domain.com,2009-12-01
15643,Direct Mail & Wholesale,United Kingdom,Metropolis,Customer,#15643,client_15643@domain.com,2009-12-01
13052,Direct Mail & Wholesale,United Kingdom,Metropolis,Customer,#13052,client_13052@domain.com,2009-12-01
17661,Direct Mail & Wholesale,Spain,Metropolis,Customer,#17661,client_17661@domain.com,2009-12-01
15705,Direct Mail & Wholesale,United Kingdom,Metropolis,Customer,#15705,client_15705@domain.com,2009-12-01
15688,Direct Mail & Wholesale,United Kingdom,Metropolis,Customer,#15688,client_15688@domain.com,2009-12-01
15675,Direct Mail & Wholesale,United Kingdom,Metropolis,Customer,#15675,client_15675@domain.com,2009-12-01
12492,Direct Mail & Wholesale,United Kingdom,Metropolis,Customer,#12492,client_12492@domain.com,2009-12-01
17633,Direct Mail & Wholesale,United Kingdom,Metropolis,Customer,#17633,client_17633@domain.com,2009-12-01
15516,Direct Mail & Wholesale,United Kingdom,Metropolis,Customer,#15516,client_15516@domain.com,2009-12-01
18044,Direct Mail & Wholesale,United Kingdom,Metropolis,Customer,#18044,client_18044@domain.com,2009-12-01
13089,Direct Mail & Wholesale,United Kingdom,Metropolis,Customer,#13089,client_13089@domain.com,2009-12-01
16725,Direct Mail & Wholesale,United Kingdom,Metropolis,Customer,#16725,client_16725@domain.com,2009-12-01
18123,Direct Mail & Wholesale,United Kingdom,Metropolis,Customer,#18123,client_18123@domain.com,2009-12-01
17118,Direct Mail & Wholesale,United Kingdom,Metropolis,Customer,#17118,client_17118@domain.com,2009-12-01
16241,Direct Mail & Wholesale,Portugal,Metropolis,Customer,#16241,client_16241@domain.com,2009-12-01
14217,Direct Mail & Wholesale,Germany,Metropolis,Customer,#14217,client_14217@domain.com,2009-12-01
14847,Direct Mail & Wholesale,United Kingdom,Metropolis,Customer,#14847,client_14847@domain.com,2009-12-01
17740,Direct Mail & Wholesale,EIRE,Metropolis,Customer,#17740,client_17740@domain.com,2009-12-01
13685,Direct Mail & Wholesale,United Kingdom,Metropolis,Customer,#13685,client_13685@domain.com,2009-12-01
18218,Direct Mail & Wholesale,United Kingdom,Metropolis,Customer,#18218,client_18218@domain.com,2009-12-01
17641,Direct Mail & Wholesale,United Kingdom,Metropolis,Customer,#17641,client_17641@domain.com,2009-12-01
13096,Direct Mail & Wholesale,United Kingdom,Metropolis,Customer,#13096,client_13096@domain.com,2009-12-01
16172,Direct Mail & Wholesale,United Kingdom,Metropolis,Customer,#16172,client_16172@domain.com,2009-12-01
15166,Direct Mail & Wholesale,United Kingdom,Metropolis,Customer,#15166,client_15166@domain.com,2009-12-01
17962,Direct Mail & Wholesale,United Kingdom,Metropolis,Customer,#17962,client_17962@domain.com,2009-12-01
13607,Direct Mail & Wholesale,United Kingdom,Metropolis,Customer,#13607,client_13607@domain.com,2009-12-01
14362,Direct Mail & Wholesale,United Kingdom,Metropolis,Customer,#14362,client_14362@domain.com,2009-12-01
16140,Direct Mail & Wholesale,United Kingdom,Metropolis,Customer,#16140,client_16140@domain.com,2009-12-01
12491,Direct Mail & Wholesale,United Kingdom,Metropolis,Customer,#12491,client_12491@domain.com,2009-12-01
12742,Direct Mail & Wholesale,United Kingdom,Metropolis,Customer,#12742,client_12742@domain.com,2009-12-01
12367,Direct Mail & Wholesale,United Kingdom,Metropolis,Customer,#12367,client_12367@domain.com,2009-12-01
17300,Direct Mail & Wholesale,France,Metropolis,Customer,#17300,client_17300@domain.com,2009-12-01
15877,Direct Mail & Wholesale,United Kingdom,Metropolis,Customer,#15877,client_15877@domain.com,2009-12-01
15120,Direct Mail & Wholesale,United Kingdom,Metropolis,Customer,#15120,client_15120@domain.com,2009-12-01
12916,Direct Mail & Wholesale,United Kingdom,Metropolis,Customer,#12916,client_12916@domain.com,2009-12-01
16103,Direct Mail & Wholesale,United Kingdom,Metropolis,Customer,#16103,client_16103@domain.com,2009-12-01
12378,Direct Mail & Wholesale,United Kingdom,Metropolis,Customer,#12378,client_12378@domain.com,2009-12-01
16900,Direct Mail & Wholesale,United Kingdom,Metropolis,Customer,#16900,client_16900@domain.com,2009-12-01
15687,Direct Mail & Wholesale,United Kingdom,Metropolis,Customer,#15687,client_15687@domain.com,2009-12-01
14027,Direct Mail & Wholesale,United Kingdom,Metropolis,Customer,#14027,client_14027@domain.com,2009-12-01
13932,Direct Mail & Wholesale,France,Metropolis,Customer,#13932,client_13932@domain.com,2009-12-01
17474,Direct Mail & Wholesale,United Kingdom,Metropolis,Customer,#17474,client_17474@domain.com,2009-12-01
12938,Direct Mail & Wholesale,United Kingdom,Metropolis,Customer,#12938,client_12938@domain.com,2009-12-01
14472,Direct Mail & Wholesale,United Kingdom,Metropolis,Customer,#14472,client_14472@domain.com,2009-12-01
13469,Direct Mail & Wholesale,United Kingdom,Metropolis,Customer,#13469,client_13469@domain.com,2009-12-01
15519,Direct Mail & Wholesale,United Kingdom,Metropolis,Customer,#15519,client_15519@domain.com,2009-12-01
16477,Direct Mail & Wholesale,United Kingdom,Metropolis,Customer,#16477,client_16477@domain.com,2009-12-01
15537,Direct Mail & Wholesale,United Kingdom,Metropolis,Customer,#15537,client_15537@domain.com,2009-12-01
12848,Direct Mail & Wholesale,United Kingdom,Metropolis,Customer,#12848,client_12848@domain.com,2009-12-01
17200,Direct Mail & Wholesale,United Kingdom,Metropolis,Customer,#17200,client_17200@domain.com,2009-12-01
17719,Direct Mail & Wholesale,United Kingdom,Metropolis,Customer,#17719,client_17719@domain.com,2009-12-01
14016,Direct Mail & Wholesale,United Kingdom,Metropolis,Customer,#14016,client_14016@domain.com,2009-12-01
17010,Direct Mail & Wholesale,United Kingdom,Metropolis,Customer,#17010,client_17010@domain.com,2009-12-01
16786,Direct Mail & Wholesale,United Kingdom,Metropolis,Customer,#16786,client_16786@domain.com,2009-12-01
16835,Direct Mail & Wholesale,France,Metropolis,Customer,#16835,client_16835@domain.com,2009-12-01
16703,Direct Mail & Wholesale,United Kingdom,Metropolis,Customer,#16703,client_16703@domain.com,2009-12-01
18089,Direct Mail & Wholesale,United Kingdom,Metropolis,Customer,#18089,client_18089@domain.com,2009-12-01
14658,Direct Mail & Wholesale,United Kingdom,Metropolis,Customer,#14658,client_14658@domain.com,2009-12-01
13211,Direct Mail & Wholesale,United Kingdom,Metropolis,Customer,#13211,client_13211@domain.com,2009-12-01
17171,Direct Mail & Wholesale,United Kingdom,Metropolis,Customer,#17171,client_17171@domain.com,2009-12-01
14781,Direct Mail & Wholesale,United Kingdom,Metropolis,Customer,#14781,client_14781@domain.com,2009-12-01
16888,Direct Mail & Wholesale,United Kingdom,Metropolis,Customer,#16888,client_16888@domain.com,2009-12-01
13220,Direct Mail & Wholesale,United Kingdom,Metropolis,Customer,#13220,client_13220@domain.com,2009-12-01
14366,Direct Mail & Wholesale,United Kingdom,Metropolis,Customer,#14366,client_14366@domain.com,2009-12-01
13311,Direct Mail & Wholesale,United Kingdom,Metropolis,Customer,#13311,client_13311@domain.com,2009-12-01
12639,Direct Mail & Wholesale,Belgium,Metropolis,Customer,#12639,client_12639@domain.com,2009-12-01
17653,Direct Mail & Wholesale,Germany,Metropolis,Customer,#17653,client_17653@domain.com,2009-12-01
16247,Direct Mail & Wholesale,United Kingdom,Metropolis,Customer,#16247,client_16247@domain.com,2009-12-01
16174,Direct Mail & Wholesale,France,Metropolis,Customer,#16174,client_16174@domain.com,2009-12-01
14757,Direct Mail & Wholesale,France,Metropolis,Customer,#14757,client_14757@domain.com,2009-12-01
14663,Direct Mail & Wholesale,United Kingdom,Metropolis,Customer,#14663,client_14663@domain.com,2009-12-01
14051,Direct Mail & Wholesale,United Kingdom,Metropolis,Customer,#14051,client_14051@domain.com,2009-12-01
17022,Direct Mail & Wholesale,United Kingdom,Metropolis,Customer,#17022,client_17022@domain.com,2009-12-01
12712,Direct Mail & Wholesale,Germany,Metropolis,Customer,#12712,client_12712@domain.com,2009-12-01
14114,Direct Mail & Wholesale,United Kingdom,Metropolis,Customer,#14114,client_14114@domain.com,2009-12-01
13656,Direct Mail & Wholesale,United Kingdom,Metropolis,Customer,#13656,client_13656@domain.com,2009-12-01
13227,Direct Mail & Wholesale,United Kingdom,Metropolis,Customer,#13227,client_13227@domain.com,2009-12-01
14127,Direct Mail & Wholesale,United Kingdom,Metropolis,Customer,#14127,client_14127@domain.com,2009-12-01
17684,Direct Mail & Wholesale,United Kingdom,Metropolis,Customer,#17684,client_17684@domain.com,2009-12-01
17352,Direct Mail & Wholesale,EIRE,Metropolis,Customer,#17352,client_17352@domain.com,2009-12-01
17451,Direct Mail & Wholesale,United Kingdom,Metropolis,Customer,#17451,client_17451@domain.com,2009-12-01
12873,Direct Mail & Wholesale,United Kingdom,Metropolis,Customer,#12873,client_12873@domain.com,2009-12-01
13933,Direct Mail & Wholesale,United Kingdom,Metropolis,Customer,#13933,client_13933@domain.com,2009-12-01
14717,Direct Mail & Wholesale,United Kingdom,Metropolis,Customer,#14717,client_14717@domain.com,2009-12-01
18129,Direct Mail & Wholesale,United Kingdom,Metropolis,Customer,#18129,client_18129@domain.com,2009-12-01
13714,Direct Mail & Wholesale,United Kingdom,Metropolis,Customer,#13714,client_13714@domain.com,2009-12-01
13860,Direct Mail & Wholesale,EIRE,Metropolis,Customer,#13860,client_13860@domain.com,2009-12-01
18012,Direct Mail & Wholesale,United Kingdom,Metropolis,Customer,#18012,client_18012@domain.com,2009-12-01
12404,Direct Mail & Wholesale,United Kingdom,Metropolis,Customer,#12404,client_12404@domain.com,2009-12-01
15502,Direct Mail & Wholesale,United Kingdom,Metropolis,Customer,#15502,client_15502@domain.com,2009-12-01
18137,Direct Mail & Wholesale,United Kingdom,Metropolis,Customer,#18137,client_18137@domain.com,2009-12-01
15769,Direct Mail & Wholesale,United Kingdom,Metropolis,Customer,#15769,client_15769@domain.com,2009-12-01
14957,Direct Mail & Wholesale,United Kingdom,Metropolis,Customer,#14957,client_14957@domain.com,2009-12-01
15255,Direct Mail & Wholesale,United Kingdom,Metropolis,Customer,#15255,client_15255@domain.com,2009-12-01
18007,Direct Mail & Wholesale,United Kingdom,Metropolis,Customer,#18007,client_18007@domain.com,2009-12-01
13759,Direct Mail & Wholesale,EIRE,Metropolis,Customer,#13759,client_13759@domain.com,2009-12-01
12407,Direct Mail & Wholesale,United Kingdom,Metropolis,Customer,#12407,client_12407@domain.com,2009-12-01
17768,Direct Mail & Wholesale,United Kingdom,Metropolis,Customer,#17768,client_17768@domain.com,2009-12-01
17448,Direct Mail & Wholesale,Netherlands,Metropolis,Customer,#17448,client_17448@domain.com,2009-12-01
16841,Direct Mail & Wholesale,United Kingdom,Metropolis,Customer,#16841,client_16841@domain.com,2009-12-01
17582,Direct Mail & Wholesale,Spain,Metropolis,Customer,#17582,client_17582@domain.com,2009-12-01
13951,Direct Mail & Wholesale,United Kingdom,Metropolis,Customer,#13951,client_13951@domain.com,2009-12-01
13288,Direct Mail & Wholesale,France,Metropolis,Customer,#13288,client_13288@domain.com,2009-12-01
14788,Direct Mail & Wholesale,United Kingdom,Metropolis,Customer,#14788,client_14788@domain.com,2009-12-01
12380,Direct Mail & Wholesale,United Kingdom,Metropolis,Customer,#12380,client_12380@domain.com,2009-12-01
14479,Direct Mail & Wholesale,United Kingdom,Metropolis,Customer,#14479,client_14479@domain.com,2009-12-01
13004,Direct Mail & Wholesale,France,Metropolis,Customer,#13004,client_13004@domain.com,2009-12-01
15615,Direct Mail & Wholesale,United Kingdom,Metropolis,Customer,#15615,client_15615@domain.com,2009-12-01
12547,Direct Mail & Wholesale,United Kingdom,Metropolis,Customer,#12547,client_12547@domain.com,2009-12-01
14518,Direct Mail & Wholesale,United Kingdom,Metropolis,Customer,#14518,client_14518@domain.com,2009-12-01
14202,Direct Mail & Wholesale,United Kingdom,Metropolis,Customer,#14202,client_14202@domain.com,2009-12-01
16529,Direct Mail & Wholesale,Portugal,Metropolis,Customer,#16529,client_16529@domain.com,2009-12-01
14514,Direct Mail & Wholesale,United Kingdom,Metropolis,Customer,#14514,client_14514@domain.com,2009-12-01
18136,Direct Mail & Wholesale,France,Metropolis,Customer,#18136,client_18136@domain.com,2009-12-01
18119,Direct Mail & Wholesale,Germany,Metropolis,Customer,#18119,client_18119@domain.com,2009-12-01
17332,Direct Mail & Wholesale,United Kingdom,Metropolis,Customer,#17332,client_17332@domain.com,2009-12-01
17965,Direct Mail & Wholesale,United Kingdom,Metropolis,Customer,#17965,client_17965@domain.com,2009-12-01
16929,Direct Mail & Wholesale,United Kingdom,Metropolis,Customer,#16929,client_16929@domain.com,2009-12-01
18000,Direct Mail & Wholesale,United Kingdom,Metropolis,Customer,#18000,client_18000@domain.com,2009-12-01
13207,Direct Mail & Wholesale,United Kingdom,Metropolis,Customer,#13207,client_13207@domain.com,2009-12-01
14653,Direct Mail & Wholesale,United Kingdom,Metropolis,Customer,#14653,client_14653@domain.com,2009-12-01
13876,Direct Mail & Wholesale,United Kingdom,Metropolis,Customer,#13876,client_13876@domain.com,2009-12-01
16230,Direct Mail & Wholesale,United Kingdom,Metropolis,Customer,#16230,client_16230@domain.com,2009-12-01
16076,Direct Mail & Wholesale,United Kingdom,Metropolis,Customer,#16076,client_16076@domain.com,2009-12-01
16865,Direct Mail & Wholesale,United Kingdom,Metropolis,Customer,#16865,client_16865@domain.com,2009-12-01
12866,Direct Mail & Wholesale,United Kingdom,Metropolis,Customer,#12866,client_12866@domain.com,2009-12-01
12834,Direct Mail & Wholesale,United Kingdom,Metropolis,Customer,#12834,client_12834@domain.com,2009-12-01
16054,Direct Mail & Wholesale,United Kingdom,Metropolis,Customer,#16054,client_16054@domain.com,2009-12-01
14119,Direct Mail & Wholesale,United Kingdom,Metropolis,Customer,#14119,client_14119@domain.com,2009-12-01
13342,Direct Mail & Wholesale,United Kingdom,Metropolis,Customer,#13342,client_13342@domain.com,2009-12-01
13816,Direct Mail & Wholesale,United Kingdom,Metropolis,Customer,#13816,client_13816@domain.com,2009-12-01
15804,Direct Mail & Wholesale,Belgium,Metropolis,Customer,#15804,client_15804@domain.com,2009-12-01
17799,Direct Mail & Wholesale,United Kingdom,Metropolis,Customer,#17799,client_17799@domain.com,2009-12-01
13842,Direct Mail & Wholesale,Australia,Metropolis,Customer,#13842,client_13842@domain.com,2009-12-01
17896,Direct Mail & Wholesale,United Kingdom,Metropolis,Customer,#17896,client_17896@domain.com,2009-12-01
17349,Direct Mail & Wholesale,Netherlands,Metropolis,Customer,#17349,client_17349@domain.com,2009-12-01
15102,Direct Mail & Wholesale,United Kingdom,Metropolis,Customer,#15102,client_15102@domain.com,2009-12-01
13499,Direct Mail & Wholesale,United Kingdom,Metropolis,Customer,#13499,client_13499@domain.com,2009-12-01
17834,Direct Mail & Wholesale,United Kingdom,Metropolis,Customer,#17834,client_17834@domain.com,2009-12-01
12523,Direct Mail & Wholesale,United Kingdom,Metropolis,Customer,#12523,client_12523@domain.com,2009-12-01
13737,Direct Mail & Wholesale,United Kingdom,Metropolis,Customer,#13737,client_13737@domain.com,2009-12-01
13803,Direct Mail & Wholesale,France,Metropolis,Customer,#13803,client_13803@domain.com,2009-12-01
13459,Direct Mail & Wholesale,United Kingdom,Metropolis,Customer,#13459,client_13459@domain.com,2009-12-01
14928,Direct Mail & Wholesale,United Kingdom,Metropolis,Customer,#14928,client_14928@domain.com,2009-12-01
15148,Direct Mail & Wholesale,Switzerland,Metropolis,Customer,#15148,client_15148@domain.com,2009-12-01
13788,Direct Mail & Wholesale,United Kingdom,Metropolis,Customer,#13788,client_13788@domain.com,2009-12-01
14508,Direct Mail & Wholesale,United Kingdom,Metropolis,Customer,#14508,client_14508@domain.com,2009-12-01
16181,Direct Mail & Wholesale,Germany,Metropolis,Customer,#16181,client_16181@domain.com,2009-12-01
16243,Direct Mail & Wholesale,United Kingdom,Metropolis,Customer,#16243,client_16243@domain.com,2009-12-01
18255,Direct Mail & Wholesale,United Kingdom,Metropolis,Customer,#18255,client_18255@domain.com,2009-12-01
14692,Direct Mail & Wholesale,United Kingdom,Metropolis,Customer,#14692,client_14692@domain.com,2009-12-01
17651,Direct Mail & Wholesale,United Kingdom,Metropolis,Customer,#17651,client_17651@domain.com,2009-12-01
15980,Direct Mail & Wholesale,United Kingdom,Metropolis,Customer,#15980,client_15980@domain.com,2009-12-01
14879,Direct Mail & Wholesale,United Kingdom,Metropolis,Customer,#14879,client_14879@domain.com,2009-12-01
14046,Direct Mail & Wholesale,United Kingdom,Metropolis,Customer,#14046,client_14046@domain.com,2009-12-01
16110,Direct Mail & Wholesale,United Kingdom,Metropolis,Customer,#16110,client_16110@domain.com,2009-12-01
13325,Direct Mail & Wholesale,France,Metropolis,Customer,#13325,client_13325@domain.com,2009-12-01
16784,Direct Mail & Wholesale,United Kingdom,Metropolis,Customer,#16784,client_16784@domain.com,2009-12-01
12494,Direct Mail & Wholesale,United Kingdom,Metropolis,Customer,#12494,client_12494@domain.com,2009-12-01
15139,Direct Mail & Wholesale,United Kingdom,Metropolis,Customer,#15139,client_15139@domain.com,2009-12-01
14226,Direct Mail & Wholesale,France,Metropolis,Customer,#14226,client_14226@domain.com,2009-12-01
13609,Direct Mail & Wholesale,United Kingdom,Metropolis,Customer,#13609,client_13609@domain.com,2009-12-01
13841,Direct Mail & Wholesale,United Kingdom,Metropolis,Customer,#13841,client_13841@domain.com,2009-12-01
14787,Direct Mail & Wholesale,United Kingdom,Metropolis,Customer,#14787,client_14787@domain.com,2009-12-01
16698,Direct Mail & Wholesale,United Kingdom,Metropolis,Customer,#16698,client_16698@domain.com,2009-12-01
12987,Direct Mail & Wholesale,United Kingdom,Metropolis,Customer,#12987,client_12987@domain.com,2009-12-01
16781,Direct Mail & Wholesale,United Kingdom,Metropolis,Customer,#16781,client_16781@domain.com,2009-12-01
16589,Direct Mail & Wholesale,United Kingdom,Metropolis,Customer,#16589,client_16589@domain.com,2009-12-01
13275,Direct Mail & Wholesale,United Kingdom,Metropolis,Customer,#13275,client_13275@domain.com,2009-12-01
16317,Direct Mail & Wholesale,United Kingdom,Metropolis,Customer,#16317,client_16317@domain.com,2009-12-01
15322,Direct Mail & Wholesale,United Kingdom,Metropolis,Customer,#15322,client_15322@domain.com,2009-12-01
15721,Direct Mail & Wholesale,United Kingdom,Metropolis,Customer,#15721,client_15721@domain.com,2009-12-01
14911,Direct Mail & Wholesale,France,Metropolis,Customer,#14911,client_14911@domain.com,2009-12-01
17073,Direct Mail & Wholesale,United Kingdom,Metropolis,Customer,#17073,client_17073@domain.com,2009-12-01
17522,Direct Mail & Wholesale,United Kingdom,Metropolis,Customer,#17522,client_17522@domain.com,2009-12-01
15117,Direct Mail & Wholesale,Spain,Metropolis,Customer,#15117,client_15117@domain.com,2009-12-01
15091,Direct Mail & Wholesale,United Kingdom,Metropolis,Customer,#15091,client_15091@domain.com,2009-12-01
18226,Direct Mail & Wholesale,United Kingdom,Metropolis,Customer,#18226,client_18226@domain.com,2009-12-01
15469,Direct Mail & Wholesale,France,Metropolis,Customer,#15469,client_15469@domain.com,2009-12-01
17851,Direct Mail & Wholesale,United Kingdom,Metropolis,Customer,#17851,client_17851@domain.com,2009-12-01
15654,Direct Mail & Wholesale,United Kingdom,Metropolis,Customer,#15654,client_15654@domain.com,2009-12-01
12918,Direct Mail & Wholesale,United Kingdom,Metropolis,Customer,#12918,client_12918@domain.com,2009-12-01
12677,Direct Mail & Wholesale,United Kingdom,Metropolis,Customer,#12677,client_12677@domain.com,2009-12-01
15724,Direct Mail & Wholesale,United Kingdom,Metropolis,Customer,#15724,client_15724@domain.com,2009-12-01
14734,Direct Mail & Wholesale,United Kingdom,Metropolis,Customer,#14734,client_14734@domain.com,2009-12-01
16663,Direct Mail & Wholesale,United Kingdom,Metropolis,Customer,#16663,client_16663@domain.com,2009-12-01
14283,Direct Mail & Wholesale,United Kingdom,Metropolis,Customer,#14283,client_14283@domain.com,2009-12-01
15302,Direct Mail & Wholesale,United Kingdom,Metropolis,Customer,#15302,client_15302@domain.com,2009-12-01
15762,Direct Mail & Wholesale,United Kingdom,Metropolis,Customer,#15762,client_15762@domain.com,2009-12-01
15736,Direct Mail & Wholesale,Netherlands,Metropolis,Customer,#15736,client_15736@domain.com,2009-12-01
12382,Direct Mail & Wholesale,United Kingdom,Metropolis,Customer,#12382,client_12382@domain.com,2009-12-01
18087,Direct Mail & Wholesale,United Kingdom,Metropolis,Customer,#18087,client_18087@domain.com,2009-12-01
13616,Direct Mail & Wholesale,United Kingdom,Metropolis,Customer,#13616,client_13616@domain.com,2009-12-01
17167,Direct Mail & Wholesale,Germany,Metropolis,Customer,#17167,client_17167@domain.com,2009-12-01
12945,Direct Mail & Wholesale,United Kingdom,Metropolis,Customer,#12945,client_12945@domain.com,2009-12-01
16392,Direct Mail & Wholesale,United Kingdom,Metropolis,Customer,#16392,client_16392@domain.com,2009-12-01
17393,Direct Mail & Wholesale,United Kingdom,Metropolis,Customer,#17393,client_17393@domain.com,2009-12-01
16366,Direct Mail & Wholesale,Germany,Metropolis,Customer,#16366,client_16366@domain.com,2009-12-01
18216,Direct Mail & Wholesale,United Kingdom,Metropolis,Customer,#18216,client_18216@domain.com,2009-12-01
12813,Direct Mail & Wholesale,United Kingdom,Metropolis,Customer,#12813,client_12813@domain.com,2009-12-01
17624,Direct Mail & Wholesale,United Kingdom,Metropolis,Customer,#17624,client_17624@domain.com,2009-12-01
17921,Direct Mail & Wholesale,United Kingdom,Metropolis,Customer,#17921,client_17921@domain.com,2009-12-01
15284,Direct Mail & Wholesale,United Kingdom,Metropolis,Customer,#15284,client_15284@domain.com,2009-12-01
16229,Direct Mail & Wholesale,United Kingdom,Metropolis,Customer,#16229,client_16229@domain.com,2009-12-01
16606,Direct Mail & Wholesale,United Kingdom,Metropolis,Customer,#16606,client_16606@domain.com,2009-12-01
14589,Direct Mail & Wholesale,United Kingdom,Metropolis,Customer,#14589,client_14589@domain.com,2009-12-01
16717,Direct Mail & Wholesale,United Kingdom,Metropolis,Customer,#16717,client_16717@domain.com,2009-12-01
14476,Direct Mail & Wholesale,United Kingdom,Metropolis,Customer,#14476,client_14476@domain.com,2009-12-01
17060,Direct Mail & Wholesale,United Kingdom,Metropolis,Customer,#17060,client_17060@domain.com,2009-12-01
18219,Direct Mail & Wholesale,United Kingdom,Metropolis,Customer,#18219,client_18219@domain.com,2009-12-01
15321,Direct Mail & Wholesale,United Kingdom,Metropolis,Customer,#15321,client_15321@domain.com,2009-12-01
14765,Direct Mail & Wholesale,Germany,Metropolis,Customer,#14765,client_14765@domain.com,2009-12-01
14318,Direct Mail & Wholesale,United Kingdom,Metropolis,Customer,#14318,client_14318@domain.com,2009-12-01
16958,Direct Mail & Wholesale,United Kingdom,Metropolis,Customer,#16958,client_16958@domain.com,2009-12-01
14041,Direct Mail & Wholesale,United Kingdom,Metropolis,Customer,#14041,client_14041@domain.com,2009-12-01
15882,Direct Mail & Wholesale,United Kingdom,Metropolis,Customer,#15882,client_15882@domain.com,2009-12-01
17168,Direct Mail & Wholesale,Switzerland,Metropolis,Customer,#17168,client_17168@domain.com,2009-12-01
14895,Direct Mail & Wholesale,France,Metropolis,Customer,#14895,client_14895@domain.com,2009-12-01
14353,Direct Mail & Wholesale,France,Metropolis,Customer,#14353,client_14353@domain.com,2009-12-01
14963,Direct Mail & Wholesale,United Kingdom,Metropolis,Customer,#14963,client_14963@domain.com,2009-12-01
13989,Direct Mail & Wholesale,EIRE,Metropolis,Customer,#13989,client_13989@domain.com,2009-12-01
15105,Direct Mail & Wholesale,United Kingdom,Metropolis,Customer,#15105,client_15105@domain.com,2009-12-01
18272,Direct Mail & Wholesale,United Kingdom,Metropolis,Customer,#18272,client_18272@domain.com,2009-12-01
15889,Direct Mail & Wholesale,United Kingdom,Metropolis,Customer,#15889,client_15889@domain.com,2009-12-01
12915,Direct Mail & Wholesale,United Kingdom,Metropolis,Customer,#12915,client_12915@domain.com,2009-12-01
14313,Direct Mail & Wholesale,France,Metropolis,Customer,#14313,client_14313@domain.com,2009-12-01
17656,Direct Mail & Wholesale,United Kingdom,Metropolis,Customer,#17656,client_17656@domain.com,2009-12-01
15295,Direct Mail & Wholesale,United Kingdom,Metropolis,Customer,#15295,client_15295@domain.com,2009-12-01
14691,Direct Mail & Wholesale,Australia,Metropolis,Customer,#14691,client_14691@domain.com,2009-12-01
16576,Direct Mail & Wholesale,United Kingdom,Metropolis,Customer,#16576,client_16576@domain.com,2009-12-01
15935,Direct Mail & Wholesale,United Kingdom,Metropolis,Customer,#15935,client_15935@domain.com,2009-12-01
13554,Direct Mail & Wholesale,United Kingdom,Metropolis,Customer,#13554,client_13554@domain.com,2009-12-01
18041,Direct Mail & Wholesale,United Kingdom,Metropolis,Customer,#18041,client_18041@domain.com,2009-12-01
16553,Direct Mail & Wholesale,United Kingdom,Metropolis,Customer,#16553,client_16553@domain.com,2009-12-01
15588,Direct Mail & Wholesale,United Kingdom,Metropolis,Customer,#15588,client_15588@domain.com,2009-12-01
15082,Direct Mail & Wholesale,United Kingdom,Metropolis,Customer,#15082,client_15082@domain.com,2009-12-01
12722,Direct Mail & Wholesale,United Kingdom,Metropolis,Customer,#12722,client_12722@domain.com,2009-12-01
13875,Direct Mail & Wholesale,Germany,Metropolis,Customer,#13875,client_13875@domain.com,2009-12-01
16614,Direct Mail & Wholesale,United Kingdom,Metropolis,Customer,#16614,client_16614@domain.com,2009-12-01
13003,Direct Mail & Wholesale,United Kingdom,Metropolis,Customer,#13003,client_13003@domain.com,2009-12-01
17318,Direct Mail & Wholesale,United Kingdom,Metropolis,Customer,#17318,client_17318@domain.com,2009-12-01
14627,Direct Mail & Wholesale,United Kingdom,Metropolis,Customer,#14627,client_14627@domain.com,2009-12-01
13445,Direct Mail & Wholesale,United Kingdom,Metropolis,Customer,#13445,client_13445@domain.com,2009-12-01
13692,Direct Mail & Wholesale,United Kingdom,Metropolis,Customer,#13692,client_13692@domain.com,2009-12-01
13934,Direct Mail & Wholesale,Germany,Metropolis,Customer,#13934,client_13934@domain.com,2009-12-01
16571,Direct Mail & Wholesale,United Kingdom,Metropolis,Customer,#16571,client_16571@domain.com,2009-12-01
13136,Direct Mail & Wholesale,EIRE,Metropolis,Customer,#13136,client_13136@domain.com,2009-12-01
13183,Direct Mail & Wholesale,Germany,Metropolis,Customer,#13183,client_13183@domain.com,2009-12-01
15096,Direct Mail & Wholesale,Netherlands,Metropolis,Customer,#15096,client_15096@domain.com,2009-12-01
14991,Direct Mail & Wholesale,United Kingdom,Metropolis,Customer,#14991,client_14991@domain.com,2009-12-01
14098,Direct Mail & Wholesale,United Kingdom,Metropolis,Customer,#14098,client_14098@domain.com,2009-12-01
13829,Direct Mail & Wholesale,United Kingdom,Metropolis,Customer,#13829,client_13829@domain.com,2009-12-01
15240,Direct Mail & Wholesale,Australia,Metropolis,Customer,#15240,client_15240@domain.com,2009-12-01
15177,Direct Mail & Wholesale,United Kingdom,Metropolis,Customer,#15177,client_15177@domain.com,2009-12-01
15101,Direct Mail & Wholesale,United Kingdom,Metropolis,Customer,#15101,client_15101@domain.com,2009-12-01
14632,Direct Mail & Wholesale,United Kingdom,Metropolis,Customer,#14632,client_14632@domain.com,2009-12-01
15076,Direct Mail & Wholesale,United Kingdom,Metropolis,Customer,#15076,client_15076@domain.com,2009-12-01
18281,Direct Mail & Wholesale,United Kingdom,Metropolis,Customer,#18281,client_18281@domain.com,2009-12-01
13653,Direct Mail & Wholesale,United Kingdom,Metropolis,Customer,#13653,client_13653@domain.com,2009-12-01
15892,Direct Mail & Wholesale,United Kingdom,Metropolis,Customer,#15892,client_15892@domain.com,2009-12-01
17670,Direct Mail & Wholesale,United Kingdom,Metropolis,Customer,#17670,client_17670@domain.com,2009-12-01
14867,Direct Mail & Wholesale,United Kingdom,Metropolis,Customer,#14867,client_14867@domain.com,2009-12-01
13994,Direct Mail & Wholesale,United Kingdom,Metropolis,Customer,#13994,client_13994@domain.com,2009-12-01
14040,Direct Mail & Wholesale,United Kingdom,Metropolis,Customer,#14040,client_14040@domain.com,2009-12-01
15170,Direct Mail & Wholesale,United Kingdom,Metropolis,Customer,#15170,client_15170@domain.com,2009-12-01
16324,Direct Mail & Wholesale,EIRE,Metropolis,Customer,#16324,client_16324@domain.com,2009-12-01
12767,Direct Mail & Wholesale,EIRE,Metropolis,Customer,#12767,client_12767@domain.com,2009-12-01
15778,Direct Mail & Wholesale,United Kingdom,Metropolis,Customer,#15778,client_15778@domain.com,2009-12-01
17080,Direct Mail & Wholesale,United Kingdom,Metropolis,Customer,#17080,client_17080@domain.com,2009-12-01
13940,Direct Mail & Wholesale,United Kingdom,Metropolis,Customer,#13940,client_13940@domain.com,2009-12-01
16349,Direct Mail & Wholesale,United Kingdom,Metropolis,Customer,#16349,client_16349@domain.com,2009-12-01
16233,Direct Mail & Wholesale,United Kingdom,Metropolis,Customer,#16233,client_16233@domain.com,2009-12-01
17308,Direct Mail & Wholesale,United Kingdom,Metropolis,Customer,#17308,client_17308@domain.com,2009-12-01
16675,Direct Mail & Wholesale,United Kingdom,Metropolis,Customer,#16675,client_16675@domain.com,2009-12-01
15775,Direct Mail & Wholesale,United Kingdom,Metropolis,Customer,#15775,client_15775@domain.com,2009-12-01
15312,Direct Mail & Wholesale,United Kingdom,Metropolis,Customer,#15312,client_15312@domain.com,2009-12-01
12933,Direct Mail & Wholesale,United Kingdom,Metropolis,Customer,#12933,client_12933@domain.com,2009-12-01
13620,Direct Mail & Wholesale,United Kingdom,Metropolis,Customer,#13620,client_13620@domain.com,2009-12-01
13610,Direct Mail & Wholesale,Germany,Metropolis,Customer,#13610,client_13610@domain.com,2009-12-01
13751,Direct Mail & Wholesale,United Kingdom,Metropolis,Customer,#13751,client_13751@domain.com,2009-12-01
16942,Direct Mail & Wholesale,United Kingdom,Metropolis,Customer,#16942,client_16942@domain.com,2009-12-01
13228,Direct Mail & Wholesale,United Kingdom,Metropolis,Customer,#13228,client_13228@domain.com,2009-12-01
12470,Direct Mail & Wholesale,United Kingdom,Metropolis,Customer,#12470,client_12470@domain.com,2009-12-01
14594,Direct Mail & Wholesale,United Kingdom,Metropolis,Customer,#14594,client_14594@domain.com,2009-12-01
12527,Direct Mail & Wholesale,United Kingdom,Metropolis,Customer,#12527,client_12527@domain.com,2009-12-01
13095,Direct Mail & Wholesale,United Kingdom,Metropolis,Customer,#13095,client_13095@domain.com,2009-12-01
16658,Direct Mail & Wholesale,United Kingdom,Metropolis,Customer,#16658,client_16658@domain.com,2009-12-01
12960,Direct Mail & Wholesale,Spain,Metropolis,Customer,#12960,client_12960@domain.com,2009-12-01
17323,Direct Mail & Wholesale,United Kingdom,Metropolis,Customer,#17323,client_17323@domain.com,2009-12-01
15945,Direct Mail & Wholesale,Germany,Metropolis,Customer,#15945,client_15945@domain.com,2009-12-01
17368,Direct Mail & Wholesale,United Kingdom,Metropolis,Customer,#17368,client_17368@domain.com,2009-12-01
16893,Direct Mail & Wholesale,United Kingdom,Metropolis,Customer,#16893,client_16893@domain.com,2009-12-01
16984,Direct Mail & Wholesale,United Kingdom,Metropolis,Customer,#16984,client_16984@domain.com,2009-12-01
13705,Direct Mail & Wholesale,United Kingdom,Metropolis,Customer,#13705,client_13705@domain.com,2009-12-01
15583,Direct Mail & Wholesale,United Kingdom,Metropolis,Customer,#15583,client_15583@domain.com,2009-12-01
15181,Direct Mail & Wholesale,United Kingdom,Metropolis,Customer,#15181,client_15181@domain.com,2009-12-01
13595,Direct Mail & Wholesale,United Kingdom,Metropolis,Customer,#13595,client_13595@domain.com,2009-12-01
13094,Direct Mail & Wholesale,United Kingdom,Metropolis,Customer,#13094,client_13094@domain.com,2009-12-01
16997,Direct Mail & Wholesale,United Kingdom,Metropolis,Customer,#16997,client_16997@domain.com,2009-12-01
16889,Direct Mail & Wholesale,United Kingdom,Metropolis,Customer,#16889,client_16889@domain.com,2009-12-01
15819,Direct Mail & Wholesale,United Kingdom,Metropolis,Customer,#15819,client_15819@domain.com,2009-12-01
12628,Direct Mail & Wholesale,United Kingdom,Metropolis,Customer,#12628,client_12628@domain.com,2009-12-01
17646,Direct Mail & Wholesale,United Kingdom,Metropolis,Customer,#17646,client_17646@domain.com,2009-12-01
15806,Direct Mail & Wholesale,United Kingdom,Metropolis,Customer,#15806,client_15806@domain.com,2009-12-01
13756,Direct Mail & Wholesale,Germany,Metropolis,Customer,#13756,client_13756@domain.com,2009-12-01
17664,Direct Mail & Wholesale,United Kingdom,Metropolis,Customer,#17664,client_17664@domain.com,2009-12-01
15378,Direct Mail & Wholesale,United Kingdom,Metropolis,Customer,#15378,client_15378@domain.com,2009-12-01
15013,Direct Mail & Wholesale,United Kingdom,Metropolis,Customer,#15013,client_15013@domain.com,2009-12-01
15603,Direct Mail & Wholesale,United Kingdom,Metropolis,Customer,#15603,client_15603@domain.com,2009-12-01
18002,Direct Mail & Wholesale,France,Metropolis,Customer,#18002,client_18002@domain.com,2009-12-01
18189,Direct Mail & Wholesale,France,Metropolis,Customer,#18189,client_18189@domain.com,2009-12-01
15424,Direct Mail & Wholesale,United Kingdom,Metropolis,Customer,#15424,client_15424@domain.com,2009-12-01
13654,Direct Mail & Wholesale,United Kingdom,Metropolis,Customer,#13654,client_13654@domain.com,2009-12-01
12786,Direct Mail & Wholesale,United Kingdom,Metropolis,Customer,#12786,client_12786@domain.com,2009-12-01
16948,Direct Mail & Wholesale,United Kingdom,Metropolis,Customer,#16948,client_16948@domain.com,2009-12-01
18076,Direct Mail & Wholesale,United Kingdom,Metropolis,Customer,#18076,client_18076@domain.com,2009-12-01
12764,Direct Mail & Wholesale,United Kingdom,Metropolis,Customer,#12764,client_12764@domain.com,2009-12-01
17504,Direct Mail & Wholesale,United Kingdom,Metropolis,Customer,#17504,client_17504@domain.com,2009-12-01
13535,Direct Mail & Wholesale,United Kingdom,Metropolis,Customer,#13535,client_13535@domain.com,2009-12-01
13158,Direct Mail & Wholesale,United Kingdom,Metropolis,Customer,#13158,client_13158@domain.com,2009-12-01
12969,Direct Mail & Wholesale,United Kingdom,Metropolis,Customer,#12969,client_12969@domain.com,2009-12-01
14245,Direct Mail & Wholesale,Spain,Metropolis,Customer,#14245,client_14245@domain.com,2009-12-01
13493,Direct Mail & Wholesale,United Kingdom,Metropolis,Customer,#13493,client_13493@domain.com,2009-12-01
14782,Direct Mail & Wholesale,United Kingdom,Metropolis,Customer,#14782,client_14782@domain.com,2009-12-01
16649,Direct Mail & Wholesale,United Kingdom,Metropolis,Customer,#16649,client_16649@domain.com,2009-12-01
13344,Direct Mail & Wholesale,United Kingdom,Metropolis,Customer,#13344,client_13344@domain.com,2009-12-01
13569,Direct Mail & Wholesale,United Kingdom,Metropolis,Customer,#13569,client_13569@domain.com,2009-12-01
14442,Direct Mail & Wholesale,United Kingdom,Metropolis,Customer,#14442,client_14442@domain.com,2009-12-01
13363,Direct Mail & Wholesale,United Kingdom,Metropolis,Customer,#13363,client_13363@domain.com,2009-12-01
16214,Direct Mail & Wholesale,United Kingdom,Metropolis,Customer,#16214,client_16214@domain.com,2009-12-01
12542,Direct Mail & Wholesale,United Kingdom,Metropolis,Customer,#12542,client_12542@domain.com,2009-12-01
14253,Direct Mail & Wholesale,United Kingdom,Metropolis,Customer,#14253,client_14253@domain.com,2009-12-01
13488,Direct Mail & Wholesale,United Kingdom,Metropolis,Customer,#13488,client_13488@domain.com,2009-12-01
18048,Direct Mail & Wholesale,United Kingdom,Metropolis,Customer,#18048,client_18048@domain.com,2009-12-01
13169,Direct Mail & Wholesale,United Kingdom,Metropolis,Customer,#13169,client_13169@domain.com,2009-12-01
17700,Direct Mail & Wholesale,France,Metropolis,Customer,#17700,client_17700@domain.com,2009-12-01
14192,Direct Mail & Wholesale,United Kingdom,Metropolis,Customer,#14192,client_14192@domain.com,2009-12-01
14453,Direct Mail & Wholesale,United Kingdom,Metropolis,Customer,#14453,client_14453@domain.com,2009-12-01
13174,Direct Mail & Wholesale,Germany,Metropolis,Customer,#13174,client_13174@domain.com,2009-12-01
14736,Direct Mail & Wholesale,United Kingdom,Metropolis,Customer,#14736,client_14736@domain.com,2009-12-01
15383,Direct Mail & Wholesale,Germany,Metropolis,Customer,#15383,client_15383@domain.com,2009-12-01
15280,Direct Mail & Wholesale,United Kingdom,Metropolis,Customer,#15280,client_15280@domain.com,2009-12-01
14223,Direct Mail & Wholesale,United Kingdom,Metropolis,Customer,#14223,client_14223@domain.com,2009-12-01
16427,Direct Mail & Wholesale,Germany,Metropolis,Customer,#16427,client_16427@domain.com,2009-12-01
13232,Direct Mail & Wholesale,United Kingdom,Metropolis,Customer,#13232,client_13232@domain.com,2009-12-01
14276,Direct Mail & Wholesale,United Kingdom,Metropolis,Customer,#14276,client_14276@domain.com,2009-12-01
15623,Direct Mail & Wholesale,United Kingdom,Metropolis,Customer,#15623,client_15623@domain.com,2009-12-01
12838,Direct Mail & Wholesale,France,Metropolis,Customer,#12838,client_12838@domain.com,2009-12-01
14550,Direct Mail & Wholesale,United Kingdom,Metropolis,Customer,#14550,client_14550@domain.com,2009-12-01
15526,Direct Mail & Wholesale,United Kingdom,Metropolis,Customer,#15526,client_15526@domain.com,2009-12-01
17056,Direct Mail & Wholesale,United Kingdom,Metropolis,Customer,#17056,client_17056@domain.com,2009-12-01
18160,Direct Mail & Wholesale,United Kingdom,Metropolis,Customer,#18160,client_18160@domain.com,2009-12-01
17718,Direct Mail & Wholesale,United Kingdom,Metropolis,Customer,#17718,client_17718@domain.com,2009-12-01
16741,Direct Mail & Wholesale,United Kingdom,Metropolis,Customer,#16741,client_16741@domain.com,2009-12-01
15712,Direct Mail & Wholesale,United Kingdom,Metropolis,Customer,#15712,client_15712@domain.com,2009-12-01
17745,Direct Mail & Wholesale,United Kingdom,Metropolis,Customer,#17745,client_17745@domain.com,2009-12-01
13385,Direct Mail & Wholesale,United Kingdom,Metropolis,Customer,#13385,client_13385@domain.com,2009-12-01
14325,Direct Mail & Wholesale,United Kingdom,Metropolis,Customer,#14325,client_14325@domain.com,2009-12-01
16498,Direct Mail & Wholesale,United Kingdom,Metropolis,Customer,#16498,client_16498@domain.com,2009-12-01
15682,Direct Mail & Wholesale,United Kingdom,Metropolis,Customer,#15682,client_15682@domain.com,2009-12-01
16109,Direct Mail & Wholesale,United Kingdom,Metropolis,Customer,#16109,client_16109@domain.com,2009-12-01
14007,Direct Mail & Wholesale,United Kingdom,Metropolis,Customer,#14007,client_14007@domain.com,2009-12-01
18185,Direct Mail & Wholesale,United Kingdom,Metropolis,Customer,#18185,client_18185@domain.com,2009-12-01
15982,Direct Mail & Wholesale,United Kingdom,Metropolis,Customer,#15982,client_15982@domain.com,2009-12-01
17822,Direct Mail & Wholesale,France,Metropolis,Customer,#17822,client_17822@domain.com,2009-12-01
12956,Direct Mail & Wholesale,United Kingdom,Metropolis,Customer,#12956,client_12956@domain.com,2009-12-01
17467,Direct Mail & Wholesale,Netherlands,Metropolis,Customer,#17467,client_17467@domain.com,2009-12-01
14451,Direct Mail & Wholesale,United Kingdom,Metropolis,Customer,#14451,client_14451@domain.com,2009-12-01
12709,Direct Mail & Wholesale,United Kingdom,Metropolis,Customer,#12709,client_12709@domain.com,2009-12-01
12807,Direct Mail & Wholesale,France,Metropolis,Customer,#12807,client_12807@domain.com,2009-12-01
14852,Direct Mail & Wholesale,United Kingdom,Metropolis,Customer,#14852,client_14852@domain.com,2009-12-01
12791,Direct Mail & Wholesale,United Kingdom,Metropolis,Customer,#12791,client_12791@domain.com,2009-12-01
12699,Direct Mail & Wholesale,United Kingdom,Metropolis,Customer,#12699,client_12699@domain.com,2009-12-01
17566,Direct Mail & Wholesale,United Kingdom,Metropolis,Customer,#17566,client_17566@domain.com,2009-12-01
12864,Direct Mail & Wholesale,United Kingdom,Metropolis,Customer,#12864,client_12864@domain.com,2009-12-01
18141,Direct Mail & Wholesale,United Kingdom,Metropolis,Customer,#18141,client_18141@domain.com,2009-12-01
14851,Direct Mail & Wholesale,Germany,Metropolis,Customer,#14851,client_14851@domain.com,2009-12-01
13001,Direct Mail & Wholesale,United Kingdom,Metropolis,Customer,#13001,client_13001@domain.com,2009-12-01
17100,Direct Mail & Wholesale,Spain,Metropolis,Customer,#17100,client_17100@domain.com,2009-12-01
13352,Direct Mail & Wholesale,United Kingdom,Metropolis,Customer,#13352,client_13352@domain.com,2009-12-01
16840,Direct Mail & Wholesale,United Kingdom,Metropolis,Customer,#16840,client_16840@domain.com,2009-12-01
15326,Direct Mail & Wholesale,Spain,Metropolis,Customer,#15326,client_15326@domain.com,2009-12-01
15074,Direct Mail & Wholesale,Spain,Metropolis,Customer,#15074,client_15074@domain.com,2009-12-01
13237,Direct Mail & Wholesale,United Kingdom,Metropolis,Customer,#13237,client_13237@domain.com,2009-12-01
13221,Direct Mail & Wholesale,United Kingdom,Metropolis,Customer,#13221,client_13221@domain.com,2009-12-01
16711,Direct Mail & Wholesale,United Kingdom,Metropolis,Customer,#16711,client_16711@domain.com,2009-12-01
14970,Direct Mail & Wholesale,United Kingdom,Metropolis,Customer,#14970,client_14970@domain.com,2009-12-01
14437,Direct Mail & Wholesale,United Kingdom,Metropolis,Customer,#14437,client_14437@domain.com,2009-12-01
15227,Direct Mail & Wholesale,United Kingdom,Metropolis,Customer,#15227,client_15227@domain.com,2009-12-01
13245,Direct Mail & Wholesale,United Kingdom,Metropolis,Customer,#13245,client_13245@domain.com,2009-12-01
16043,Direct Mail & Wholesale,United Kingdom,Metropolis,Customer,#16043,client_16043@domain.com,2009-12-01
12360,Direct Mail & Wholesale,France,Metropolis,Customer,#12360,client_12360@domain.com,2009-12-01
13293,Direct Mail & Wholesale,United Kingdom,Metropolis,Customer,#13293,client_13293@domain.com,2009-12-01
16460,Direct Mail & Wholesale,United Kingdom,Metropolis,Customer,#16460,client_16460@domain.com,2009-12-01
16777,Direct Mail & Wholesale,France,Metropolis,Customer,#16777,client_16777@domain.com,2009-12-01
16916,Direct Mail & Wholesale,United Kingdom,Metropolis,Customer,#16916,client_16916@domain.com,2009-12-01
12904,Direct Mail & Wholesale,United Kingdom,Metropolis,Customer,#12904,client_12904@domain.com,2009-12-01
12974,Direct Mail & Wholesale,United Kingdom,Metropolis,Customer,#12974,client_12974@domain.com,2009-12-01
14469,Direct Mail & Wholesale,EIRE,Metropolis,Customer,#14469,client_14469@domain.com,2009-12-01
12805,Direct Mail & Wholesale,United Kingdom,Metropolis,Customer,#12805,client_12805@domain.com,2009-12-01
16854,Direct Mail & Wholesale,United Kingdom,Metropolis,Customer,#16854,client_16854@domain.com,2009-12-01
15512,Direct Mail & Wholesale,United Kingdom,Metropolis,Customer,#15512,client_15512@domain.com,2009-12-01
17858,Direct Mail & Wholesale,United Kingdom,Metropolis,Customer,#17858,client_17858@domain.com,2009-12-01
15664,Direct Mail & Wholesale,United Kingdom,Metropolis,Customer,#15664,client_15664@domain.com,2009-12-01
14953,Direct Mail & Wholesale,United Kingdom,Metropolis,Customer,#14953,client_14953@domain.com,2009-12-01
15416,Direct Mail & Wholesale,EIRE,Metropolis,Customer,#15416,client_15416@domain.com,2009-12-01
15054,Direct Mail & Wholesale,United Kingdom,Metropolis,Customer,#15054,client_15054@domain.com,2009-12-01
17914,Direct Mail & Wholesale,United Kingdom,Metropolis,Customer,#17914,client_17914@domain.com,2009-12-01
15782,Direct Mail & Wholesale,United Kingdom,Metropolis,Customer,#15782,client_15782@domain.com,2009-12-01
14925,Direct Mail & Wholesale,United Kingdom,Metropolis,Customer,#14925,client_14925@domain.com,2009-12-01
12566,Direct Mail & Wholesale,United Kingdom,Metropolis,Customer,#12566,client_12566@domain.com,2009-12-01
15754,Direct Mail & Wholesale,United Kingdom,Metropolis,Customer,#15754,client_15754@domain.com,2009-12-01
13915,Direct Mail & Wholesale,United Kingdom,Metropolis,Customer,#13915,client_13915@domain.com,2009-12-01
18182,Direct Mail & Wholesale,United Kingdom,Metropolis,Customer,#18182,client_18182@domain.com,2009-12-01
14148,Direct Mail & Wholesale,United Kingdom,Metropolis,Customer,#14148,client_14148@domain.com,2009-12-01
14835,Direct Mail & Wholesale,United Kingdom,Metropolis,Customer,#14835,client_14835@domain.com,2009-12-01
17482,Direct Mail & Wholesale,United Kingdom,Metropolis,Customer,#17482,client_17482@domain.com,2009-12-01
15885,Direct Mail & Wholesale,Australia,Metropolis,Customer,#15885,client_15885@domain.com,2009-12-01
14926,Direct Mail & Wholesale,United Kingdom,Metropolis,Customer,#14926,client_14926@domain.com,2009-12-01
15011,Direct Mail & Wholesale,United Kingdom,Metropolis,Customer,#15011,client_15011@domain.com,2009-12-01
17101,Direct Mail & Wholesale,France,Metropolis,Customer,#17101,client_17101@domain.com,2009-12-01
18245,Direct Mail & Wholesale,United Kingdom,Metropolis,Customer,#18245,client_18245@domain.com,2009-12-01
12633,Direct Mail & Wholesale,United Kingdom,Metropolis,Customer,#12633,client_12633@domain.com,2009-12-01
16857,Direct Mail & Wholesale,United Kingdom,Metropolis,Customer,#16857,client_16857@domain.com,2009-12-01
17912,Direct Mail & Wholesale,Germany,Metropolis,Customer,#17912,client_17912@domain.com,2009-12-01
14553,Direct Mail & Wholesale,United Kingdom,Metropolis,Customer,#14553,client_14553@domain.com,2009-12-01
15628,Direct Mail & Wholesale,United Kingdom,Metropolis,Customer,#15628,client_15628@domain.com,2009-12-01
17553,Direct Mail & Wholesale,United Kingdom,Metropolis,Customer,#17553,client_17553@domain.com,2009-12-01
13558,Direct Mail & Wholesale,United Kingdom,Metropolis,Customer,#13558,client_13558@domain.com,2009-12-01
17574,Direct Mail & Wholesale,United Kingdom,Metropolis,Customer,#17574,client_17574@domain.com,2009-12-01
13658,Direct Mail & Wholesale,United Kingdom,Metropolis,Customer,#13658,client_13658@domain.com,2009-12-01
12891,Direct Mail & Wholesale,United Kingdom,Metropolis,Customer,#12891,client_12891@domain.com,2009-12-01
16970,Direct Mail & Wholesale,United Kingdom,Metropolis,Customer,#16970,client_16970@domain.com,2009-12-01
14522,Direct Mail & Wholesale,United Kingdom,Metropolis,Customer,#14522,client_14522@domain.com,2009-12-01
12487,Direct Mail & Wholesale,United Kingdom,Metropolis,Customer,#12487,client_12487@domain.com,2009-12-01
17797,Direct Mail & Wholesale,United Kingdom,Metropolis,Customer,#17797,client_17797@domain.com,2009-12-01
13360,Direct Mail & Wholesale,United Kingdom,Metropolis,Customer,#13360,client_13360@domain.com,2009-12-01
14669,Direct Mail & Wholesale,United Kingdom,Metropolis,Customer,#14669,client_14669@domain.com,2009-12-01
15581,Direct Mail & Wholesale,United Kingdom,Metropolis,Customer,#15581,client_15581@domain.com,2009-12-01
12966,Direct Mail & Wholesale,United Kingdom,Metropolis,Customer,#12966,client_12966@domain.com,2009-12-01
13375,Direct Mail & Wholesale,United Kingdom,Metropolis,Customer,#13375,client_13375@domain.com,2009-12-01
17981,Direct Mail & Wholesale,Germany,Metropolis,Customer,#17981,client_17981@domain.com,2009-12-01
15394,Direct Mail & Wholesale,United Kingdom,Metropolis,Customer,#15394,client_15394@domain.com,2009-12-01
18275,Direct Mail & Wholesale,United Kingdom,Metropolis,Customer,#18275,client_18275@domain.com,2009-12-01
16370,Direct Mail & Wholesale,United Kingdom,Metropolis,Customer,#16370,client_16370@domain.com,2009-12-01
14943,Direct Mail & Wholesale,France,Metropolis,Customer,#14943,client_14943@domain.com,2009-12-01
13766,Direct Mail & Wholesale,United Kingdom,Metropolis,Customer,#13766,client_13766@domain.com,2009-12-01
16035,Direct Mail & Wholesale,United Kingdom,Metropolis,Customer,#16035,client_16035@domain.com,2009-12-01
14338,Direct Mail & Wholesale,United Kingdom,Metropolis,Customer,#14338,client_14338@domain.com,2009-12-01
16223,Direct Mail & Wholesale,United Kingdom,Metropolis,Customer,#16223,client_16223@domain.com,2009-12-01
15653,Direct Mail & Wholesale,United Kingdom,Metropolis,Customer,#15653,client_15653@domain.com,2009-12-01
15144,Direct Mail & Wholesale,Spain,Metropolis,Customer,#15144,client_15144@domain.com,2009-12-01
14181,Direct Mail & Wholesale,EIRE,Metropolis,Customer,#14181,client_14181@domain.com,2009-12-01
17611,Direct Mail & Wholesale,United Kingdom,Metropolis,Customer,#17611,client_17611@domain.com,2009-12-01
14772,Direct Mail & Wholesale,United Kingdom,Metropolis,Customer,#14772,client_14772@domain.com,2009-12-01
13257,Direct Mail & Wholesale,United Kingdom,Metropolis,Customer,#13257,client_13257@domain.com,2009-12-01
14500,Direct Mail & Wholesale,EIRE,Metropolis,Customer,#14500,client_14500@domain.com,2009-12-01
14862,Direct Mail & Wholesale,United Kingdom,Metropolis,Customer,#14862,client_14862@domain.com,2009-12-01
15303,Direct Mail & Wholesale,France,Metropolis,Customer,#15303,client_15303@domain.com,2009-12-01
15864,Direct Mail & Wholesale,United Kingdom,Metropolis,Customer,#15864,client_15864@domain.com,2009-12-01
17831,Direct Mail & Wholesale,United Kingdom,Metropolis,Customer,#17831,client_17831@domain.com,2009-12-01
17273,Direct Mail & Wholesale,United Kingdom,Metropolis,Customer,#17273,client_17273@domain.com,2009-12-01
17245,Direct Mail & Wholesale,United Kingdom,Metropolis,Customer,#17245,client_17245@domain.com,2009-12-01
16814,Direct Mail & Wholesale,United Kingdom,Metropolis,Customer,#16814,client_16814@domain.com,2009-12-01
12878,Direct Mail & Wholesale,United Kingdom,Metropolis,Customer,#12878,client_12878@domain.com,2009-12-01
13093,Direct Mail & Wholesale,Germany,Metropolis,Customer,#13093,client_13093@domain.com,2009-12-01
17479,Direct Mail & Wholesale,United Kingdom,Metropolis,Customer,#17479,client_17479@domain.com,2009-12-01
15160,Direct Mail & Wholesale,Spain,Metropolis,Customer,#15160,client_15160@domain.com,2009-12-01
13189,Direct Mail & Wholesale,United Kingdom,Metropolis,Customer,#13189,client_13189@domain.com,2009-12-01
17974,Direct Mail & Wholesale,United Kingdom,Metropolis,Customer,#17974,client_17974@domain.com,2009-12-01
18264,Direct Mail & Wholesale,United Kingdom,Metropolis,Customer,#18264,client_18264@domain.com,2009-12-01
13522,Direct Mail & Wholesale,United Kingdom,Metropolis,Customer,#13522,client_13522@domain.com,2009-12-01
14890,Direct Mail & Wholesale,Spain,Metropolis,Customer,#14890,client_14890@domain.com,2009-12-01
16662,Direct Mail & Wholesale,United Kingdom,Metropolis,Customer,#16662,client_16662@domain.com,2009-12-01
15058,Direct Mail & Wholesale,United Kingdom,Metropolis,Customer,#15058,client_15058@domain.com,2009-12-01
12620,Direct Mail & Wholesale,United Kingdom,Metropolis,Customer,#12620,client_12620@domain.com,2009-12-01
15958,Direct Mail & Wholesale,United Kingdom,Metropolis,Customer,#15958,client_15958@domain.com,2009-12-01
16585,Direct Mail & Wholesale,United Kingdom,Metropolis,Customer,#16585,client_16585@domain.com,2009-12-01
17835,Direct Mail & Wholesale,United Kingdom,Metropolis,Customer,#17835,client_17835@domain.com,2009-12-01
13953,Direct Mail & Wholesale,United Kingdom,Metropolis,Customer,#13953,client_13953@domain.com,2009-12-01
15045,Direct Mail & Wholesale,United Kingdom,Metropolis,Customer,#15045,client_15045@domain.com,2009-12-01
18028,Direct Mail & Wholesale,United Kingdom,Metropolis,Customer,#18028,client_18028@domain.com,2009-12-01
17789,Direct Mail & Wholesale,United Kingdom,Metropolis,Customer,#17789,client_17789@domain.com,2009-12-01
16394,Direct Mail & Wholesale,United Kingdom,Metropolis,Customer,#16394,client_16394@domain.com,2009-12-01
14975,Direct Mail & Wholesale,United Kingdom,Metropolis,Customer,#14975,client_14975@domain.com,2009-12-01
14573,Direct Mail & Wholesale,United Kingdom,Metropolis,Customer,#14573,client_14573@domain.com,2009-12-01
14543,Direct Mail & Wholesale,United Kingdom,Metropolis,Customer,#14543,client_14543@domain.com,2009-12-01
15121,Direct Mail & Wholesale,Germany,Metropolis,Customer,#15121,client_15121@domain.com,2009-12-01
17985,Direct Mail & Wholesale,United Kingdom,Metropolis,Customer,#17985,client_17985@domain.com,2009-12-01
15997,Direct Mail & Wholesale,United Kingdom,Metropolis,Customer,#15997,client_15997@domain.com,2009-12-01
12503,Direct Mail & Wholesale,United Kingdom,Metropolis,Customer,#12503,client_12503@domain.com,2009-12-01
13144,Direct Mail & Wholesale,United Kingdom,Metropolis,Customer,#13144,client_13144@domain.com,2009-12-01
18247,Direct Mail & Wholesale,United Kingdom,Metropolis,Customer,#18247,client_18247@domain.com,2009-12-01
17960,Direct Mail & Wholesale,Spain,Metropolis,Customer,#17960,client_17960@domain.com,2009-12-01
13878,Direct Mail & Wholesale,United Kingdom,Metropolis,Customer,#13878,client_13878@domain.com,2009-12-01
16351,Direct Mail & Wholesale,United Kingdom,Metropolis,Customer,#16351,client_16351@domain.com,2009-12-01
13979,Direct Mail & Wholesale,United Kingdom,Metropolis,Customer,#13979,client_13979@domain.com,2009-12-01
14639,Direct Mail & Wholesale,United Kingdom,Metropolis,Customer,#14639,client_14639@domain.com,2009-12-01
18057,Direct Mail & Wholesale,United Kingdom,Metropolis,Customer,#18057,client_18057@domain.com,2009-12-01
15538,Direct Mail & Wholesale,United Kingdom,Metropolis,Customer,#15538,client_15538@domain.com,2009-12-01
13209,Direct Mail & Wholesale,United Kingdom,Metropolis,Customer,#13209,client_13209@domain.com,2009-12-01
14048,Direct Mail & Wholesale,United Kingdom,Metropolis,Customer,#14048,client_14048@domain.com,2009-12-01
13337,Direct Mail & Wholesale,France,Metropolis,Customer,#13337,client_13337@domain.com,2009-12-01
15009,Direct Mail & Wholesale,United Kingdom,Metropolis,Customer,#15009,client_15009@domain.com,2009-12-01
18054,Direct Mail & Wholesale,Australia,Metropolis,Customer,#18054,client_18054@domain.com,2009-12-01
12469,Direct Mail & Wholesale,United Kingdom,Metropolis,Customer,#12469,client_12469@domain.com,2009-12-01
12368,Direct Mail & Wholesale,United Kingdom,Metropolis,Customer,#12368,client_12368@domain.com,2009-12-01
15287,Direct Mail & Wholesale,United Kingdom,Metropolis,Customer,#15287,client_15287@domain.com,2009-12-01
18270,Direct Mail & Wholesale,United Kingdom,Metropolis,Customer,#18270,client_18270@domain.com,2009-12-01
14284,Direct Mail & Wholesale,United Kingdom,Metropolis,Customer,#14284,client_14284@domain.com,2009-12-01
17600,Direct Mail & Wholesale,United Kingdom,Metropolis,Customer,#17600,client_17600@domain.com,2009-12-01
15555,Direct Mail & Wholesale,France,Metropolis,Customer,#15555,client_15555@domain.com,2009-12-01
17794,Direct Mail & Wholesale,United Kingdom,Metropolis,Customer,#17794,client_17794@domain.com,2009-12-01
14836,Direct Mail & Wholesale,United Kingdom,Metropolis,Customer,#14836,client_14836@domain.com,2009-12-01
13810,Direct Mail & Wholesale,United Kingdom,Metropolis,Customer,#13810,client_13810@domain.com,2009-12-01
12856,Direct Mail & Wholesale,Spain,Metropolis,Customer,#12856,client_12856@domain.com,2009-12-01
17001,Direct Mail & Wholesale,United Kingdom,Metropolis,Customer,#17001,client_17001@domain.com,2009-12-01
17550,Direct Mail & Wholesale,United Kingdom,Metropolis,Customer,#17550,client_17550@domain.com,2009-12-01
15701,Direct Mail & Wholesale,United Kingdom,Metropolis,Customer,#15701,client_15701@domain.com,2009-12-01
13635,Direct Mail & Wholesale,United Kingdom,Metropolis,Customer,#13635,client_13635@domain.com,2009-12-01
15443,Direct Mail & Wholesale,United Kingdom,Metropolis,Customer,#15443,client_15443@domain.com,2009-12-01
17953,Direct Mail & Wholesale,United Kingdom,Metropolis,Customer,#17953,client_17953@domain.com,2009-12-01
14738,Direct Mail & Wholesale,United Kingdom,Metropolis,Customer,#14738,client_14738@domain.com,2009-12-01
15196,Direct Mail & Wholesale,United Kingdom,Metropolis,Customer,#15196,client_15196@domain.com,2009-12-01
12802,Direct Mail & Wholesale,United Kingdom,Metropolis,Customer,#12802,client_12802@domain.com,2009-12-01
15831,Direct Mail & Wholesale,United Kingdom,Metropolis,Customer,#15831,client_15831@domain.com,2009-12-01
14204,Direct Mail & Wholesale,United Kingdom,Metropolis,Customer,#14204,client_14204@domain.com,2009-12-01
16322,Direct Mail & Wholesale,United Kingdom,Metropolis,Customer,#16322,client_16322@domain.com,2009-12-01
15151,Direct Mail & Wholesale,Germany,Metropolis,Customer,#15151,client_15151@domain.com,2009-12-01
15398,Direct Mail & Wholesale,United Kingdom,Metropolis,Customer,#15398,client_15398@domain.com,2009-12-01
14655,Direct Mail & Wholesale,United Kingdom,Metropolis,Customer,#14655,client_14655@domain.com,2009-12-01
16177,Direct Mail & Wholesale,United Kingdom,Metropolis,Customer,#16177,client_16177@domain.com,2009-12-01
17236,Direct Mail & Wholesale,United Kingdom,Metropolis,Customer,#17236,client_17236@domain.com,2009-12-01
12594,Direct Mail & Wholesale,Australia,Metropolis,Customer,#12594,client_12594@domain.com,2009-12-01
17433,Direct Mail & Wholesale,United Kingdom,Metropolis,Customer,#17433,client_17433@domain.com,2009-12-01
15116,Direct Mail & Wholesale,Belgium,Metropolis,Customer,#15116,client_15116@domain.com,2009-12-01
14262,Direct Mail & Wholesale,United Kingdom,Metropolis,Customer,#14262,client_14262@domain.com,2009-12-01
15417,Direct Mail & Wholesale,United Kingdom,Metropolis,Customer,#15417,client_15417@domain.com,2009-12-01
13241,Direct Mail & Wholesale,United Kingdom,Metropolis,Customer,#13241,client_13241@domain.com,2009-12-01
14894,Direct Mail & Wholesale,United Kingdom,Metropolis,Customer,#14894,client_14894@domain.com,2009-12-01
13691,Direct Mail & Wholesale,United Kingdom,Metropolis,Customer,#13691,client_13691@domain.com,2009-12-01
18179,Direct Mail & Wholesale,United Kingdom,Metropolis,Customer,#18179,client_18179@domain.com,2009-12-01
15379,Direct Mail & Wholesale,United Kingdom,Metropolis,Customer,#15379,client_15379@domain.com,2009-12-01
13502,Direct Mail & Wholesale,United Kingdom,Metropolis,Customer,#13502,client_13502@domain.com,2009-12-01
18049,Direct Mail & Wholesale,Portugal,Metropolis,Customer,#18049,client_18049@domain.com,2009-12-01
16864,Direct Mail & Wholesale,United Kingdom,Metropolis,Customer,#16864,client_16864@domain.com,2009-12-01
16454,Direct Mail & Wholesale,United Kingdom,Metropolis,Customer,#16454,client_16454@domain.com,2009-12-01
12538,Direct Mail & Wholesale,United Kingdom,Metropolis,Customer,#12538,client_12538@domain.com,2009-12-01
16664,Direct Mail & Wholesale,United Kingdom,Metropolis,Customer,#16664,client_16664@domain.com,2009-12-01
13964,Direct Mail & Wholesale,United Kingdom,Metropolis,Customer,#13964,client_13964@domain.com,2009-12-01
16922,Direct Mail & Wholesale,United Kingdom,Metropolis,Customer,#16922,client_16922@domain.com,2009-12-01
13690,Direct Mail & Wholesale,United Kingdom,Metropolis,Customer,#13690,client_13690@domain.com,2009-12-01
16485,Direct Mail & Wholesale,United Kingdom,Metropolis,Customer,#16485,client_16485@domain.com,2009-12-01
12769,Direct Mail & Wholesale,United Kingdom,Metropolis,Customer,#12769,client_12769@domain.com,2009-12-01
13145,Direct Mail & Wholesale,United Kingdom,Metropolis,Customer,#13145,client_13145@domain.com,2009-12-01
13103,Direct Mail & Wholesale,United Kingdom,Metropolis,Customer,#13103,client_13103@domain.com,2009-12-01
17791,Direct Mail & Wholesale,EIRE,Metropolis,Customer,#17791,client_17791@domain.com,2009-12-01
12879,Direct Mail & Wholesale,United Kingdom,Metropolis,Customer,#12879,client_12879@domain.com,2009-12-01
17495,Direct Mail & Wholesale,United Kingdom,Metropolis,Customer,#17495,client_17495@domain.com,2009-12-01
15884,Direct Mail & Wholesale,United Kingdom,Metropolis,Customer,#15884,client_15884@domain.com,2009-12-01
16381,Direct Mail & Wholesale,Spain,Metropolis,Customer,#16381,client_16381@domain.com,2009-12-01
14373,Direct Mail & Wholesale,United Kingdom,Metropolis,Customer,#14373,client_14373@domain.com,2009-12-01
14888,Direct Mail & Wholesale,United Kingdom,Metropolis,Customer,#14888,client_14888@domain.com,2009-12-01
13980,Direct Mail & Wholesale,United Kingdom,Metropolis,Customer,#13980,client_13980@domain.com,2009-12-01
14539,Direct Mail & Wholesale,Belgium,Metropolis,Customer,#14539,client_14539@domain.com,2009-12-01
14853,Direct Mail & Wholesale,United Kingdom,Metropolis,Customer,#14853,client_14853@domain.com,2009-12-01
13536,Direct Mail & Wholesale,Netherlands,Metropolis,Customer,#13536,client_13536@domain.com,2009-12-01
12505,Direct Mail & Wholesale,United Kingdom,Metropolis,Customer,#12505,client_12505@domain.com,2009-12-01
17129,Direct Mail & Wholesale,United Kingdom,Metropolis,Customer,#17129,client_17129@domain.com,2009-12-01
16578,Direct Mail & Wholesale,France,Metropolis,Customer,#16578,client_16578@domain.com,2009-12-01
17526,Direct Mail & Wholesale,United Kingdom,Metropolis,Customer,#17526,client_17526@domain.com,2009-12-01
15706,Direct Mail & Wholesale,United Kingdom,Metropolis,Customer,#15706,client_15706@domain.com,2009-12-01
13154,Direct Mail & Wholesale,United Kingdom,Metropolis,Customer,#13154,client_13154@domain.com,2009-12-01
15500,Direct Mail & Wholesale,United Kingdom,Metropolis,Customer,#15500,client_15500@domain.com,2009-12-01
16096,Direct Mail & Wholesale,United Kingdom,Metropolis,Customer,#16096,client_16096@domain.com,2009-12-01
14531,Direct Mail & Wholesale,United Kingdom,Metropolis,Customer,#14531,client_14531@domain.com,2009-12-01
16464,Direct Mail & Wholesale,United Kingdom,Metropolis,Customer,#16464,client_16464@domain.com,2009-12-01
12881,Direct Mail & Wholesale,United Kingdom,Metropolis,Customer,#12881,client_12881@domain.com,2009-12-01
16347,Direct Mail & Wholesale,United Kingdom,Metropolis,Customer,#16347,client_16347@domain.com,2009-12-01
15577,Direct Mail & Wholesale,United Kingdom,Metropolis,Customer,#15577,client_15577@domain.com,2009-12-01
13550,Direct Mail & Wholesale,United Kingdom,Metropolis,Customer,#13550,client_13550@domain.com,2009-12-01
15063,Direct Mail & Wholesale,EIRE,Metropolis,Customer,#15063,client_15063@domain.com,2009-12-01
14412,Direct Mail & Wholesale,United Kingdom,Metropolis,Customer,#14412,client_14412@domain.com,2009-12-01
12522,Direct Mail & Wholesale,United Kingdom,Metropolis,Customer,#12522,client_12522@domain.com,2009-12-01
15672,Direct Mail & Wholesale,EIRE,Metropolis,Customer,#15672,client_15672@domain.com,2009-12-01
17775,Direct Mail & Wholesale,Spain,Metropolis,Customer,#17775,client_17775@domain.com,2009-12-01
13849,Direct Mail & Wholesale,United Kingdom,Metropolis,Customer,#13849,client_13849@domain.com,2009-12-01
18158,Direct Mail & Wholesale,Germany,Metropolis,Customer,#18158,client_18158@domain.com,2009-12-01
17447,Direct Mail & Wholesale,United Kingdom,Metropolis,Customer,#17447,client_17447@domain.com,2009-12-01
17546,Direct Mail & Wholesale,United Kingdom,Metropolis,Customer,#17546,client_17546@domain.com,2009-12-01
18244,Direct Mail & Wholesale,United Kingdom,Metropolis,Customer,#18244,client_18244@domain.com,2009-12-01
14815,Direct Mail & Wholesale,United Kingdom,Metropolis,Customer,#14815,client_14815@domain.com,2009-12-01
14956,Direct Mail & Wholesale,United Kingdom,Metropolis,Customer,#14956,client_14956@domain.com,2009-12-01
16945,Direct Mail & Wholesale,United Kingdom,Metropolis,Customer,#16945,client_16945@domain.com,2009-12-01
15140,Direct Mail & Wholesale,Netherlands,Metropolis,Customer,#15140,client_15140@domain.com,2009-12-01
16215,Direct Mail & Wholesale,United Kingdom,Metropolis,Customer,#16215,client_16215@domain.com,2009-12-01
15924,Direct Mail & Wholesale,United Kingdom,Metropolis,Customer,#15924,client_15924@domain.com,2009-12-01
15012,Direct Mail & Wholesale,Belgium,Metropolis,Customer,#15012,client_15012@domain.com,2009-12-01
12685,Direct Mail & Wholesale,United Kingdom,Metropolis,Customer,#12685,client_12685@domain.com,2009-12-01
13995,Direct Mail & Wholesale,United Kingdom,Metropolis,Customer,#13995,client_13995@domain.com,2009-12-01
15700,Direct Mail & Wholesale,United Kingdom,Metropolis,Customer,#15700,client_15700@domain.com,2009-12-01
14503,Direct Mail & Wholesale,United Kingdom,Metropolis,Customer,#14503,client_14503@domain.com,2009-12-01
15942,Direct Mail & Wholesale,United Kingdom,Metropolis,Customer,#15942,client_15942@domain.com,2009-12-01
12580,Direct Mail & Wholesale,United Kingdom,Metropolis,Customer,#12580,client_12580@domain.com,2009-12-01
17117,Direct Mail & Wholesale,United Kingdom,Metropolis,Customer,#17117,client_17117@domain.com,2009-12-01
16508,Direct Mail & Wholesale,Germany,Metropolis,Customer,#16508,client_16508@domain.com,2009-12-01
14735,Direct Mail & Wholesale,United Kingdom,Metropolis,Customer,#14735,client_14735@domain.com,2009-12-01
15176,Direct Mail & Wholesale,United Kingdom,Metropolis,Customer,#15176,client_15176@domain.com,2009-12-01
16890,Direct Mail & Wholesale,United Kingdom,Metropolis,Customer,#16890,client_16890@domain.com,2009-12-01
16344,Direct Mail & Wholesale,United Kingdom,Metropolis,Customer,#16344,client_16344@domain.com,2009-12-01
15400,Direct Mail & Wholesale,United Kingdom,Metropolis,Customer,#15400,client_15400@domain.com,2009-12-01
13097,Direct Mail & Wholesale,United Kingdom,Metropolis,Customer,#13097,client_13097@domain.com,2009-12-01
15127,Direct Mail & Wholesale,United Kingdom,Metropolis,Customer,#15127,client_15127@domain.com,2009-12-01
13281,Direct Mail & Wholesale,United Kingdom,Metropolis,Customer,#13281,client_13281@domain.com,2009-12-01
12356,Direct Mail & Wholesale,United Kingdom,Metropolis,Customer,#12356,client_12356@domain.com,2009-12-01
15893,Direct Mail & Wholesale,United Kingdom,Metropolis,Customer,#15893,client_15893@domain.com,2009-12-01
15311,Direct Mail & Wholesale,United Kingdom,Metropolis,Customer,#15311,client_15311@domain.com,2009-12-01
14014,Direct Mail & Wholesale,Germany,Metropolis,Customer,#14014,client_14014@domain.com,2009-12-01
14060,Direct Mail & Wholesale,EIRE,Metropolis,Customer,#14060,client_14060@domain.com,2009-12-01
16941,Direct Mail & Wholesale,Germany,Metropolis,Customer,#16941,client_16941@domain.com,2009-12-01
16713,Direct Mail & Wholesale,United Kingdom,Metropolis,Customer,#16713,client_16713@domain.com,2009-12-01
16644,Direct Mail & Wholesale,United Kingdom,Metropolis,Customer,#16644,client_16644@domain.com,2009-12-01
13432,Direct Mail & Wholesale,United Kingdom,Metropolis,Customer,#13432,client_13432@domain.com,2009-12-01
16384,Direct Mail & Wholesale,United Kingdom,Metropolis,Customer,#16384,client_16384@domain.com,2009-12-01
14005,Direct Mail & Wholesale,Belgium,Metropolis,Customer,#14005,client_14005@domain.com,2009-12-01
13622,Direct Mail & Wholesale,Spain,Metropolis,Customer,#13622,client_13622@domain.com,2009-12-01
15343,Direct Mail & Wholesale,United Kingdom,Metropolis,Customer,#15343,client_15343@domain.com,2009-12-01
14758,Direct Mail & Wholesale,United Kingdom,Metropolis,Customer,#14758,client_14758@domain.com,2009-12-01
16554,Direct Mail & Wholesale,United Kingdom,Metropolis,Customer,#16554,client_16554@domain.com,2009-12-01
17305,Direct Mail & Wholesale,United Kingdom,Metropolis,Customer,#17305,client_17305@domain.com,2009-12-01
13049,Direct Mail & Wholesale,Spain,Metropolis,Customer,#13049,client_13049@domain.com,2009-12-01
12631,Direct Mail & Wholesale,Netherlands,Metropolis,Customer,#12631,client_12631@domain.com,2009-12-01
17895,Direct Mail & Wholesale,United Kingdom,Metropolis,Customer,#17895,client_17895@domain.com,2009-12-01
14608,Direct Mail & Wholesale,EIRE,Metropolis,Customer,#14608,client_14608@domain.com,2009-12-01
18073,Direct Mail & Wholesale,United Kingdom,Metropolis,Customer,#18073,client_18073@domain.com,2009-12-01
14140,Direct Mail & Wholesale,Germany,Metropolis,Customer,#14140,client_14140@domain.com,2009-12-01
12390,Direct Mail & Wholesale,United Kingdom,Metropolis,Customer,#12390,client_12390@domain.com,2009-12-01
17764,Direct Mail & Wholesale,United Kingdom,Metropolis,Customer,#17764,client_17764@domain.com,2009-12-01
16036,Direct Mail & Wholesale,United Kingdom,Metropolis,Customer,#16036,client_16036@domain.com,2009-12-01
12740,Direct Mail & Wholesale,United Kingdom,Metropolis,Customer,#12740,client_12740@domain.com,2009-12-01
16957,Direct Mail & Wholesale,United Kingdom,Metropolis,Customer,#16957,client_16957@domain.com,2009-12-01
15719,Direct Mail & Wholesale,France,Metropolis,Customer,#15719,client_15719@domain.com,2009-12-01
14551,Direct Mail & Wholesale,United Kingdom,Metropolis,Customer,#14551,client_14551@domain.com,2009-12-01
15549,Direct Mail & Wholesale,United Kingdom,Metropolis,Customer,#15549,client_15549@domain.com,2009-12-01
15487,Direct Mail & Wholesale,United Kingdom,Metropolis,Customer,#15487,client_15487@domain.com,2009-12-01
17411,Direct Mail & Wholesale,United Kingdom,Metropolis,Customer,#17411,client_17411@domain.com,2009-12-01
15536,Direct Mail & Wholesale,United Kingdom,Metropolis,Customer,#15536,client_15536@domain.com,2009-12-01
15598,Direct Mail & Wholesale,EIRE,Metropolis,Customer,#15598,client_15598@domain.com,2009-12-01
17677,Direct Mail & Wholesale,United Kingdom,Metropolis,Customer,#17677,client_17677@domain.com,2009-12-01
13555,Direct Mail & Wholesale,EIRE,Metropolis,Customer,#13555,client_13555@domain.com,2009-12-01
12792,Direct Mail & Wholesale,United Kingdom,Metropolis,Customer,#12792,client_12792@domain.com,2009-12-01
15578,Direct Mail & Wholesale,United Kingdom,Metropolis,Customer,#15578,client_15578@domain.com,2009-12-01
18274,Direct Mail & Wholesale,France,Metropolis,Customer,#18274,client_18274@domain.com,2009-12-01
13163,Direct Mail & Wholesale,United Kingdom,Metropolis,Customer,#13163,client_13163@domain.com,2009-12-01
12619,Direct Mail & Wholesale,United Kingdom,Metropolis,Customer,#12619,client_12619@domain.com,2009-12-01
15559,Direct Mail & Wholesale,United Kingdom,Metropolis,Customer,#15559,client_15559@domain.com,2009-12-01
17872,Direct Mail & Wholesale,United Kingdom,Metropolis,Customer,#17872,client_17872@domain.com,2009-12-01
17183,Direct Mail & Wholesale,United Kingdom,Metropolis,Customer,#17183,client_17183@domain.com,2009-12-01
15319,Direct Mail & Wholesale,United Kingdom,Metropolis,Customer,#15319,client_15319@domain.com,2009-12-01
15220,Direct Mail & Wholesale,United Kingdom,Metropolis,Customer,#15220,client_15220@domain.com,2009-12-01
14527,Direct Mail & Wholesale,United Kingdom,Metropolis,Customer,#14527,client_14527@domain.com,2009-12-01
15572,Direct Mail & Wholesale,United Kingdom,Metropolis,Customer,#15572,client_15572@domain.com,2009-12-01
15380,Direct Mail & Wholesale,United Kingdom,Metropolis,Customer,#15380,client_15380@domain.com,2009-12-01
17871,Direct Mail & Wholesale,United Kingdom,Metropolis,Customer,#17871,client_17871@domain.com,2009-12-01
17923,Direct Mail & Wholesale,United Kingdom,Metropolis,Customer,#17923,client_17923@domain.com,2009-12-01
15894,Direct Mail & Wholesale,United Kingdom,Metropolis,Customer,#15894,client_15894@domain.com,2009-12-01
17312,Direct Mail & Wholesale,United Kingdom,Metropolis,Customer,#17312,client_17312@domain.com,2009-12-01
17658,Direct Mail & Wholesale,United Kingdom,Metropolis,Customer,#17658,client_17658@domain.com,2009-12-01
13302,Direct Mail & Wholesale,United Kingdom,Metropolis,Customer,#13302,client_13302@domain.com,2009-12-01
15837,Direct Mail & Wholesale,United Kingdom,Metropolis,Customer,#15837,client_15837@domain.com,2009-12-01
18202,Direct Mail & Wholesale,United Kingdom,Metropolis,Customer,#18202,client_18202@domain.com,2009-12-01
15270,Direct Mail & Wholesale,Germany,Metropolis,Customer,#15270,client_15270@domain.com,2009-12-01
13470,Direct Mail & Wholesale,United Kingdom,Metropolis,Customer,#13470,client_13470@domain.com,2009-12-01
18080,Direct Mail & Wholesale,United Kingdom,Metropolis,Customer,#18080,client_18080@domain.com,2009-12-01
12422,Direct Mail & Wholesale,United Kingdom,Metropolis,Customer,#12422,client_12422@domain.com,2009-12-01
17713,Direct Mail & Wholesale,United Kingdom,Metropolis,Customer,#17713,client_17713@domain.com,2009-12-01
15766,Direct Mail & Wholesale,United Kingdom,Metropolis,Customer,#15766,client_15766@domain.com,2009-12-01
15843,Direct Mail & Wholesale,France,Metropolis,Customer,#15843,client_15843@domain.com,2009-12-01
15865,Direct Mail & Wholesale,United Kingdom,Metropolis,Customer,#15865,client_15865@domain.com,2009-12-01
16165,Direct Mail & Wholesale,France,Metropolis,Customer,#16165,client_16165@domain.com,2009-12-01
12981,Direct Mail & Wholesale,United Kingdom,Metropolis,Customer,#12981,client_12981@domain.com,2009-12-01
17537,Direct Mail & Wholesale,France,Metropolis,Customer,#17537,client_17537@domain.com,2009-12-01
15813,Direct Mail & Wholesale,United Kingdom,Metropolis,Customer,#15813,client_15813@domain.com,2009-12-01
14549,Direct Mail & Wholesale,United Kingdom,Metropolis,Customer,#14549,client_14549@domain.com,2009-12-01
17296,Direct Mail & Wholesale,United Kingdom,Metropolis,Customer,#17296,client_17296@domain.com,2009-12-01
12391,Direct Mail & Wholesale,United Kingdom,Metropolis,Customer,#12391,client_12391@domain.com,2009-12-01
17644,Direct Mail & Wholesale,United Kingdom,Metropolis,Customer,#17644,client_17644@domain.com,2009-12-01
16821,Direct Mail & Wholesale,United Kingdom,Metropolis,Customer,#16821,client_16821@domain.com,2009-12-01
12464,Direct Mail & Wholesale,Belgium,Metropolis,Customer,#12464,client_12464@domain.com,2009-12-01
16530,Direct Mail & Wholesale,EIRE,Metropolis,Customer,#16530,client_16530@domain.com,2009-12-01
15126,Direct Mail & Wholesale,United Kingdom,Metropolis,Customer,#15126,client_15126@domain.com,2009-12-01
17589,Direct Mail & Wholesale,United Kingdom,Metropolis,Customer,#17589,client_17589@domain.com,2009-12-01
12967,Direct Mail & Wholesale,United Kingdom,Metropolis,Customer,#12967,client_12967@domain.com,2009-12-01
13090,Direct Mail & Wholesale,Spain,Metropolis,Customer,#13090,client_13090@domain.com,2009-12-01
13462,Direct Mail & Wholesale,United Kingdom,Metropolis,Customer,#13462,client_13462@domain.com,2009-12-01
17579,Direct Mail & Wholesale,United Kingdom,Metropolis,Customer,#17579,client_17579@domain.com,2009-12-01
16771,Direct Mail & Wholesale,United Kingdom,Metropolis,Customer,#16771,client_16771@domain.com,2009-12-01
17285,Direct Mail & Wholesale,United Kingdom,Metropolis,Customer,#17285,client_17285@domain.com,2009-12-01
13539,Direct Mail & Wholesale,United Kingdom,Metropolis,Customer,#13539,client_13539@domain.com,2009-12-01
12679,Direct Mail & Wholesale,United Kingdom,Metropolis,Customer,#12679,client_12679@domain.com,2009-12-01
16722,Direct Mail & Wholesale,United Kingdom,Metropolis,Customer,#16722,client_16722@domain.com,2009-12-01
17128,Direct Mail & Wholesale,United Kingdom,Metropolis,Customer,#17128,client_17128@domain.com,2009-12-01
15128,Direct Mail & Wholesale,United Kingdom,Metropolis,Customer,#15128,client_15128@domain.com,2009-12-01
12924,Direct Mail & Wholesale,United Kingdom,Metropolis,Customer,#12924,client_12924@domain.com,2009-12-01
14429,Direct Mail & Wholesale,United Kingdom,Metropolis,Customer,#14429,client_14429@domain.com,2009-12-01
18159,Direct Mail & Wholesale,United Kingdom,Metropolis,Customer,#18159,client_18159@domain.com,2009-12-01
14505,Direct Mail & Wholesale,United Kingdom,Metropolis,Customer,#14505,client_14505@domain.com,2009-12-01
13205,Direct Mail & Wholesale,United Kingdom,Metropolis,Customer,#13205,client_13205@domain.com,2009-12-01
14369,Direct Mail & Wholesale,United Kingdom,Metropolis,Customer,#14369,client_14369@domain.com,2009-12-01
13820,Direct Mail & Wholesale,United Kingdom,Metropolis,Customer,#13820,client_13820@domain.com,2009-12-01
16950,Direct Mail & Wholesale,United Kingdom,Metropolis,Customer,#16950,client_16950@domain.com,2009-12-01
14812,Direct Mail & Wholesale,Switzerland,Metropolis,Customer,#14812,client_14812@domain.com,2009-12-01
15480,Direct Mail & Wholesale,United Kingdom,Metropolis,Customer,#15480,client_15480@domain.com,2009-12-01
14707,Direct Mail & Wholesale,United Kingdom,Metropolis,Customer,#14707,client_14707@domain.com,2009-12-01
14136,Direct Mail & Wholesale,United Kingdom,Metropolis,Customer,#14136,client_14136@domain.com,2009-12-01
15088,Direct Mail & Wholesale,United Kingdom,Metropolis,Customer,#15088,client_15088@domain.com,2009-12-01
15111,Direct Mail & Wholesale,Portugal,Metropolis,Customer,#15111,client_15111@domain.com,2009-12-01
13925,Direct Mail & Wholesale,United Kingdom,Metropolis,Customer,#13925,client_13925@domain.com,2009-12-01
17112,Direct Mail & Wholesale,United Kingdom,Metropolis,Customer,#17112,client_17112@domain.com,2009-12-01
13537,Direct Mail & Wholesale,Spain,Metropolis,Customer,#13537,client_13537@domain.com,2009-12-01
15392,Direct Mail & Wholesale,United Kingdom,Metropolis,Customer,#15392,client_15392@domain.com,2009-12-01
18265,Direct Mail & Wholesale,United Kingdom,Metropolis,Customer,#18265,client_18265@domain.com,2009-12-01
17982,Direct Mail & Wholesale,United Kingdom,Metropolis,Customer,#17982,client_17982@domain.com,2009-12-01
16148,Direct Mail & Wholesale,United Kingdom,Metropolis,Customer,#16148,client_16148@domain.com,2009-12-01
16813,Direct Mail & Wholesale,United Kingdom,Metropolis,Customer,#16813,client_16813@domain.com,2009-12-01
12928,Direct Mail & Wholesale,United Kingdom,Metropolis,Customer,#12928,client_12928@domain.com,2009-12-01
16490,Direct Mail & Wholesale,United Kingdom,Metropolis,Customer,#16490,client_16490@domain.com,2009-12-01
12965,Direct Mail & Wholesale,EIRE,Metropolis,Customer,#12965,client_12965@domain.com,2009-12-01
14450,Direct Mail & Wholesale,United Kingdom,Metropolis,Customer,#14450,client_14450@domain.com,2009-12-01
16419,Direct Mail & Wholesale,United Kingdom,Metropolis,Customer,#16419,client_16419@domain.com,2009-12-01
12462,Direct Mail & Wholesale,United Kingdom,Metropolis,Customer,#12462,client_12462@domain.com,2009-12-01
15753,Direct Mail & Wholesale,United Kingdom,Metropolis,Customer,#15753,client_15753@domain.com,2009-12-01
17103,Direct Mail & Wholesale,France,Metropolis,Customer,#17103,client_17103@domain.com,2009-12-01
17210,Direct Mail & Wholesale,Germany,Metropolis,Customer,#17210,client_17210@domain.com,2009-12-01
13712,Direct Mail & Wholesale,United Kingdom,Metropolis,Customer,#13712,client_13712@domain.com,2009-12-01
15498,Direct Mail & Wholesale,United Kingdom,Metropolis,Customer,#15498,client_15498@domain.com,2009-12-01
14511,Direct Mail & Wholesale,United Kingdom,Metropolis,Customer,#14511,client_14511@domain.com,2009-12-01
17399,Direct Mail & Wholesale,United Kingdom,Metropolis,Customer,#17399,client_17399@domain.com,2009-12-01
17007,Direct Mail & Wholesale,Netherlands,Metropolis,Customer,#17007,client_17007@domain.com,2009-12-01
12400,Direct Mail & Wholesale,Spain,Metropolis,Customer,#12400,client_12400@domain.com,2009-12-01
16594,Direct Mail & Wholesale,United Kingdom,Metropolis,Customer,#16594,client_16594@domain.com,2009-12-01
12467,Direct Mail & Wholesale,United Kingdom,Metropolis,Customer,#12467,client_12467@domain.com,2009-12-01
16471,Direct Mail & Wholesale,United Kingdom,Metropolis,Customer,#16471,client_16471@domain.com,2009-12-01
14086,Direct Mail & Wholesale,United Kingdom,Metropolis,Customer,#14086,client_14086@domain.com,2009-12-01
17297,Direct Mail & Wholesale,United Kingdom,Metropolis,Customer,#17297,client_17297@domain.com,2009-12-01
13213,Direct Mail & Wholesale,United Kingdom,Metropolis,Customer,#13213,client_13213@domain.com,2009-12-01
17738,Direct Mail & Wholesale,United Kingdom,Metropolis,Customer,#17738,client_17738@domain.com,2009-12-01
14235,Direct Mail & Wholesale,United Kingdom,Metropolis,Customer,#14235,client_14235@domain.com,2009-12-01
18175,Direct Mail & Wholesale,United Kingdom,Metropolis,Customer,#18175,client_18175@domain.com,2009-12-01
16988,Direct Mail & Wholesale,United Kingdom,Metropolis,Customer,#16988,client_16988@domain.com,2009-12-01
16163,Direct Mail & Wholesale,Germany,Metropolis,Customer,#16163,client_16163@domain.com,2009-12-01
17442,Direct Mail & Wholesale,United Kingdom,Metropolis,Customer,#17442,client_17442@domain.com,2009-12-01
16025,Direct Mail & Wholesale,United Kingdom,Metropolis,Customer,#16025,client_16025@domain.com,2009-12-01
13503,Direct Mail & Wholesale,United Kingdom,Metropolis,Customer,#13503,client_13503@domain.com,2009-12-01
15518,Direct Mail & Wholesale,Germany,Metropolis,Customer,#15518,client_15518@domain.com,2009-12-01
13206,Direct Mail & Wholesale,Portugal,Metropolis,Customer,#13206,client_13206@domain.com,2009-12-01
14634,Direct Mail & Wholesale,United Kingdom,Metropolis,Customer,#14634,client_14634@domain.com,2009-12-01
13971,Direct Mail & Wholesale,United Kingdom,Metropolis,Customer,#13971,client_13971@domain.com,2009-12-01
17877,Direct Mail & Wholesale,United Kingdom,Metropolis,Customer,#17877,client_17877@domain.com,2009-12-01
15803,Direct Mail & Wholesale,United Kingdom,Metropolis,Customer,#15803,client_15803@domain.com,2009-12-01
13637,Direct Mail & Wholesale,Netherlands,Metropolis,Customer,#13637,client_13637@domain.com,2009-12-01
12882,Direct Mail & Wholesale,United Kingdom,Metropolis,Customer,#12882,client_12882@domain.com,2009-12-01
13321,Direct Mail & Wholesale,United Kingdom,Metropolis,Customer,#13321,client_13321@domain.com,2009-12-01
17561,Direct Mail & Wholesale,United Kingdom,Metropolis,Customer,#17561,client_17561@domain.com,2009-12-01
16747,Direct Mail & Wholesale,United Kingdom,Metropolis,Customer,#16747,client_16747@domain.com,2009-12-01
17070,Direct Mail & Wholesale,United Kingdom,Metropolis,Customer,#17070,client_17070@domain.com,2009-12-01
12597,Direct Mail & Wholesale,United Kingdom,Metropolis,Customer,#12597,client_12597@domain.com,2009-12-01
15592,Direct Mail & Wholesale,EIRE,Metropolis,Customer,#15592,client_15592@domain.com,2009-12-01
15780,Direct Mail & Wholesale,United Kingdom,Metropolis,Customer,#15780,client_15780@domain.com,2009-12-01
17326,Direct Mail & Wholesale,United Kingdom,Metropolis,Customer,#17326,client_17326@domain.com,2009-12-01
12869,Direct Mail & Wholesale,United Kingdom,Metropolis,Customer,#12869,client_12869@domain.com,2009-12-01
15746,Direct Mail & Wholesale,United Kingdom,Metropolis,Customer,#15746,client_15746@domain.com,2009-12-01
14062,Direct Mail & Wholesale,United Kingdom,Metropolis,Customer,#14062,client_14062@domain.com,2009-12-01
15300,Direct Mail & Wholesale,United Kingdom,Metropolis,Customer,#15300,client_15300@domain.com,2009-12-01
13255,Direct Mail & Wholesale,EIRE,Metropolis,Customer,#13255,client_13255@domain.com,2009-12-01
15305,Direct Mail & Wholesale,United Kingdom,Metropolis,Customer,#15305,client_15305@domain.com,2009-12-01
13279,Direct Mail & Wholesale,Belgium,Metropolis,Customer,#13279,client_13279@domain.com,2009-12-01
12436,Direct Mail & Wholesale,United Kingdom,Metropolis,Customer,#12436,client_12436@domain.com,2009-12-01
14689,Direct Mail & Wholesale,United Kingdom,Metropolis,Customer,#14689,client_14689@domain.com,2009-12-01
16055,Direct Mail & Wholesale,United Kingdom,Metropolis,Customer,#16055,client_16055@domain.com,2009-12-01
13518,Direct Mail & Wholesale,United Kingdom,Metropolis,Customer,#13518,client_13518@domain.com,2009-12-01
17336,Direct Mail & Wholesale,United Kingdom,Metropolis,Customer,#17336,client_17336@domain.com,2009-12-01
18091,Direct Mail & Wholesale,Spain,Metropolis,Customer,#18091,client_18091@domain.com,2009-12-01
13076,Direct Mail & Wholesale,United Kingdom,Metropolis,Customer,#13076,client_13076@domain.com,2009-12-01
13309,Direct Mail & Wholesale,United Kingdom,Metropolis,Customer,#13309,client_13309@domain.com,2009-12-01
12831,Direct Mail & Wholesale,United Kingdom,Metropolis,Customer,#12831,client_12831@domain.com,2009-12-01
12498,Direct Mail & Wholesale,United Kingdom,Metropolis,Customer,#12498,client_12498@domain.com,2009-12-01
18239,Direct Mail & Wholesale,United Kingdom,Metropolis,Customer,#18239,client_18239@domain.com,2009-12-01
18045,Direct Mail & Wholesale,Netherlands,Metropolis,Customer,#18045,client_18045@domain.com,2009-12-01
16185,Direct Mail & Wholesale,United Kingdom,Metropolis,Customer,#16185,client_16185@domain.com,2009-12-01
12777,Direct Mail & Wholesale,United Kingdom,Metropolis,Customer,#12777,client_12777@domain.com,2009-12-01
15661,Direct Mail & Wholesale,United Kingdom,Metropolis,Customer,#15661,client_15661@domain.com,2009-12-01
14486,Direct Mail & Wholesale,United Kingdom,Metropolis,Customer,#14486,client_14486@domain.com,2009-12-01
14581,Direct Mail & Wholesale,France,Metropolis,Customer,#14581,client_14581@domain.com,2009-12-01
15208,Direct Mail & Wholesale,United Kingdom,Metropolis,Customer,#15208,client_15208@domain.com,2009-12-01
14000,Direct Mail & Wholesale,United Kingdom,Metropolis,Customer,#14000,client_14000@domain.com,2009-12-01
13597,Direct Mail & Wholesale,United Kingdom,Metropolis,Customer,#13597,client_13597@domain.com,2009-12-01
16028,Direct Mail & Wholesale,United Kingdom,Metropolis,Customer,#16028,client_16028@domain.com,2009-12-01
15008,Direct Mail & Wholesale,United Kingdom,Metropolis,Customer,#15008,client_15008@domain.com,2009-12-01
16184,Direct Mail & Wholesale,United Kingdom,Metropolis,Customer,#16184,client_16184@domain.com,2009-12-01
16762,Direct Mail & Wholesale,EIRE,Metropolis,Customer,#16762,client_16762@domain.com,2009-12-01
14157,Direct Mail & Wholesale,United Kingdom,Metropolis,Customer,#14157,client_14157@domain.com,2009-12-01
13717,Direct Mail & Wholesale,United Kingdom,Metropolis,Customer,#13717,client_13717@domain.com,2009-12-01
12925,Direct Mail & Wholesale,United Kingdom,Metropolis,Customer,#12925,client_12925@domain.com,2009-12-01
16056,Direct Mail & Wholesale,United Kingdom,Metropolis,Customer,#16056,client_16056@domain.com,2009-12-01
16249,Direct Mail & Wholesale,United Kingdom,Metropolis,Customer,#16249,client_16249@domain.com,2009-12-01
17940,Direct Mail & Wholesale,United Kingdom,Metropolis,Customer,#17940,client_17940@domain.com,2009-12-01
15567,Direct Mail & Wholesale,United Kingdom,Metropolis,Customer,#15567,client_15567@domain.com,2009-12-01
14056,Direct Mail & Wholesale,United Kingdom,Metropolis,Customer,#14056,client_14056@domain.com,2009-12-01
16749,Direct Mail & Wholesale,United Kingdom,Metropolis,Customer,#16749,client_16749@domain.com,2009-12-01
15960,Direct Mail & Wholesale,United Kingdom,Metropolis,Customer,#15960,client_15960@domain.com,2009-12-01
14216,Direct Mail & Wholesale,Belgium,Metropolis,Customer,#14216,client_14216@domain.com,2009-12-01
17404,Direct Mail & Wholesale,EIRE,Metropolis,Customer,#17404,client_17404@domain.com,2009-12-01
15422,Direct Mail & Wholesale,United Kingdom,Metropolis,Customer,#15422,client_15422@domain.com,2009-12-01
18034,Direct Mail & Wholesale,United Kingdom,Metropolis,Customer,#18034,client_18034@domain.com,2009-12-01
17342,Direct Mail & Wholesale,United Kingdom,Metropolis,Customer,#17342,client_17342@domain.com,2009-12-01
17214,Direct Mail & Wholesale,EIRE,Metropolis,Customer,#17214,client_17214@domain.com,2009-12-01
16461,Direct Mail & Wholesale,United Kingdom,Metropolis,Customer,#16461,client_16461@domain.com,2009-12-01
15527,Direct Mail & Wholesale,United Kingdom,Metropolis,Customer,#15527,client_15527@domain.com,2009-12-01
12839,Direct Mail & Wholesale,United Kingdom,Metropolis,Customer,#12839,client_12839@domain.com,2009-12-01
15691,Direct Mail & Wholesale,United Kingdom,Metropolis,Customer,#15691,client_15691@domain.com,2009-12-01
12616,Direct Mail & Wholesale,United Kingdom,Metropolis,Customer,#12616,client_12616@domain.com,2009-12-01
13764,Direct Mail & Wholesale,United Kingdom,Metropolis,Customer,#13764,client_13764@domain.com,2009-12-01
13252,Direct Mail & Wholesale,United Kingdom,Metropolis,Customer,#13252,client_13252@domain.com,2009-12-01
17809,Direct Mail & Wholesale,United Kingdom,Metropolis,Customer,#17809,client_17809@domain.com,2009-12-01
16492,Direct Mail & Wholesale,United Kingdom,Metropolis,Customer,#16492,client_16492@domain.com,2009-12-01
13825,Direct Mail & Wholesale,United Kingdom,Metropolis,Customer,#13825,client_13825@domain.com,2009-12-01
17418,Direct Mail & Wholesale,EIRE,Metropolis,Customer,#17418,client_17418@domain.com,2009-12-01
17959,Direct Mail & Wholesale,Australia,Metropolis,Customer,#17959,client_17959@domain.com,2009-12-01
16231,Direct Mail & Wholesale,United Kingdom,Metropolis,Customer,#16231,client_16231@domain.com,2009-12-01
16651,Direct Mail & Wholesale,United Kingdom,Metropolis,Customer,#16651,client_16651@domain.com,2009-12-01
16672,Direct Mail & Wholesale,United Kingdom,Metropolis,Customer,#16672,client_16672@domain.com,2009-12-01
14257,Direct Mail & Wholesale,United Kingdom,Metropolis,Customer,#14257,client_14257@domain.com,2009-12-01
13148,Direct Mail & Wholesale,United Kingdom,Metropolis,Customer,#13148,client_13148@domain.com,2009-12-01
17650,Direct Mail & Wholesale,United Kingdom,Metropolis,Customer,#17650,client_17650@domain.com,2009-12-01
13263,Direct Mail & Wholesale,United Kingdom,Metropolis,Customer,#13263,client_13263@domain.com,2009-12-01
18190,Direct Mail & Wholesale,United Kingdom,Metropolis,Customer,#18190,client_18190@domain.com,2009-12-01
12605,Direct Mail & Wholesale,EIRE,Metropolis,Customer,#12605,client_12605@domain.com,2009-12-01
18285,Direct Mail & Wholesale,United Kingdom,Metropolis,Customer,#18285,client_18285@domain.com,2009-12-01
16277,Direct Mail & Wholesale,United Kingdom,Metropolis,Customer,#16277,client_16277@domain.com,2009-12-01
13377,Direct Mail & Wholesale,United Kingdom,Metropolis,Customer,#13377,client_13377@domain.com,2009-12-01
13197,Direct Mail & Wholesale,United Kingdom,Metropolis,Customer,#13197,client_13197@domain.com,2009-12-01
17058,Direct Mail & Wholesale,United Kingdom,Metropolis,Customer,#17058,client_17058@domain.com,2009-12-01
15474,Direct Mail & Wholesale,United Kingdom,Metropolis,Customer,#15474,client_15474@domain.com,2009-12-01
14329,Direct Mail & Wholesale,United Kingdom,Metropolis,Customer,#14329,client_14329@domain.com,2009-12-01
13743,Direct Mail & Wholesale,United Kingdom,Metropolis,Customer,#13743,client_13743@domain.com,2009-12-01
17162,Direct Mail & Wholesale,United Kingdom,Metropolis,Customer,#17162,client_17162@domain.com,2009-12-01
16728,Direct Mail & Wholesale,United Kingdom,Metropolis,Customer,#16728,client_16728@domain.com,2009-12-01
13498,Direct Mail & Wholesale,United Kingdom,Metropolis,Customer,#13498,client_13498@domain.com,2009-12-01
14466,Direct Mail & Wholesale,United Kingdom,Metropolis,Customer,#14466,client_14466@domain.com,2009-12-01
13734,Direct Mail & Wholesale,United Kingdom,Metropolis,Customer,#13734,client_13734@domain.com,2009-12-01
17901,Direct Mail & Wholesale,United Kingdom,Metropolis,Customer,#17901,client_17901@domain.com,2009-12-01
16171,Direct Mail & Wholesale,United Kingdom,Metropolis,Customer,#16171,client_16171@domain.com,2009-12-01
17231,Direct Mail & Wholesale,United Kingdom,Metropolis,Customer,#17231,client_17231@domain.com,2009-12-01
17061,Direct Mail & Wholesale,United Kingdom,Metropolis,Customer,#17061,client_17061@domain.com,2009-12-01
16119,Direct Mail & Wholesale,United Kingdom,Metropolis,Customer,#16119,client_16119@domain.com,2009-12-01
15963,Direct Mail & Wholesale,United Kingdom,Metropolis,Customer,#15963,client_15963@domain.com,2009-12-01
15897,Direct Mail & Wholesale,United Kingdom,Metropolis,Customer,#15897,client_15897@domain.com,2009-12-01
17594,Direct Mail & Wholesale,United Kingdom,Metropolis,Customer,#17594,client_17594@domain.com,2009-12-01
15285,Direct Mail & Wholesale,United Kingdom,Metropolis,Customer,#15285,client_15285@domain.com,2009-12-01
14201,Direct Mail & Wholesale,United Kingdom,Metropolis,Customer,#14201,client_14201@domain.com,2009-12-01
17728,Direct Mail & Wholesale,United Kingdom,Metropolis,Customer,#17728,client_17728@domain.com,2009-12-01
17468,Direct Mail & Wholesale,United Kingdom,Metropolis,Customer,#17468,client_17468@domain.com,2009-12-01
13806,Direct Mail & Wholesale,Germany,Metropolis,Customer,#13806,client_13806@domain.com,2009-12-01
12646,Direct Mail & Wholesale,United Kingdom,Metropolis,Customer,#12646,client_12646@domain.com,2009-12-01
14035,Direct Mail & Wholesale,Germany,Metropolis,Customer,#14035,client_14035@domain.com,2009-12-01
17377,Direct Mail & Wholesale,Australia,Metropolis,Customer,#17377,client_17377@domain.com,2009-12-01
13527,Direct Mail & Wholesale,United Kingdom,Metropolis,Customer,#13527,client_13527@domain.com,2009-12-01
14583,Direct Mail & Wholesale,United Kingdom,Metropolis,Customer,#14583,client_14583@domain.com,2009-12-01
17272,Direct Mail & Wholesale,France,Metropolis,Customer,#17272,client_17272@domain.com,2009-12-01
13871,Direct Mail & Wholesale,EIRE,Metropolis,Customer,#13871,client_13871@domain.com,2009-12-01
17459,Direct Mail & Wholesale,United Kingdom,Metropolis,Customer,#17459,client_17459@domain.com,2009-12-01
15952,Direct Mail & Wholesale,United Kingdom,Metropolis,Customer,#15952,client_15952@domain.com,2009-12-01
17621,Direct Mail & Wholesale,United Kingdom,Metropolis,Customer,#17621,client_17621@domain.com,2009-12-01
17225,Direct Mail & Wholesale,United Kingdom,Metropolis,Customer,#17225,client_17225@domain.com,2009-12-01
15098,Direct Mail & Wholesale,United Kingdom,Metropolis,Customer,#15098,client_15098@domain.com,2009-12-01
17605,Direct Mail & Wholesale,United Kingdom,Metropolis,Customer,#17605,client_17605@domain.com,2009-12-01
13021,Direct Mail & Wholesale,United Kingdom,Metropolis,Customer,#13021,client_13021@domain.com,2009-12-01
16774,Direct Mail & Wholesale,United Kingdom,Metropolis,Customer,#16774,client_16774@domain.com,2009-12-01
17942,Direct Mail & Wholesale,United Kingdom,Metropolis,Customer,#17942,client_17942@domain.com,2009-12-01
13401,Direct Mail & Wholesale,United Kingdom,Metropolis,Customer,#13401,client_13401@domain.com,2009-12-01
14364,Direct Mail & Wholesale,United Kingdom,Metropolis,Customer,#14364,client_14364@domain.com,2009-12-01
14360,Direct Mail & Wholesale,United Kingdom,Metropolis,Customer,#14360,client_14360@domain.com,2009-12-01
14080,Direct Mail & Wholesale,United Kingdom,Metropolis,Customer,#14080,client_14080@domain.com,2009-12-01
15276,Direct Mail & Wholesale,United Kingdom,Metropolis,Customer,#15276,client_15276@domain.com,2009-12-01
17961,Direct Mail & Wholesale,Germany,Metropolis,Customer,#17961,client_17961@domain.com,2009-12-01
14304,Direct Mail & Wholesale,United Kingdom,Metropolis,Customer,#14304,client_14304@domain.com,2009-12-01
14764,Direct Mail & Wholesale,United Kingdom,Metropolis,Customer,#14764,client_14764@domain.com,2009-12-01
14648,Direct Mail & Wholesale,Germany,Metropolis,Customer,#14648,client_14648@domain.com,2009-12-01
12743,Direct Mail & Wholesale,United Kingdom,Metropolis,Customer,#12743,client_12743@domain.com,2009-12-01
12451,Direct Mail & Wholesale,United Kingdom,Metropolis,Customer,#12451,client_12451@domain.com,2009-12-01
14099,Direct Mail & Wholesale,United Kingdom,Metropolis,Customer,#14099,client_14099@domain.com,2009-12-01
13492,Direct Mail & Wholesale,United Kingdom,Metropolis,Customer,#13492,client_13492@domain.com,2009-12-01
14974,Direct Mail & Wholesale,United Kingdom,Metropolis,Customer,#14974,client_14974@domain.com,2009-12-01
15249,Direct Mail & Wholesale,United Kingdom,Metropolis,Customer,#15249,client_15249@domain.com,2009-12-01
12860,Direct Mail & Wholesale,United Kingdom,Metropolis,Customer,#12860,client_12860@domain.com,2009-12-01
12621,Direct Mail & Wholesale,United Kingdom,Metropolis,Customer,#12621,client_12621@domain.com,2009-12-01
17185,Direct Mail & Wholesale,United Kingdom,Metropolis,Customer,#17185,client_17185@domain.com,2009-12-01
15919,Direct Mail & Wholesale,United Kingdom,Metropolis,Customer,#15919,client_15919@domain.com,2009-12-01
14529,Direct Mail & Wholesale,United Kingdom,Metropolis,Customer,#14529,client_14529@domain.com,2009-12-01
15697,Direct Mail & Wholesale,United Kingdom,Metropolis,Customer,#15697,client_15697@domain.com,2009-12-01
12703,Direct Mail & Wholesale,United Kingdom,Metropolis,Customer,#12703,client_12703@domain.com,2009-12-01
17690,Direct Mail & Wholesale,United Kingdom,Metropolis,Customer,#17690,client_17690@domain.com,2009-12-01
14509,Direct Mail & Wholesale,United Kingdom,Metropolis,Customer,#14509,client_14509@domain.com,2009-12-01
17091,Direct Mail & Wholesale,United Kingdom,Metropolis,Customer,#17091,client_17091@domain.com,2009-12-01
14481,Direct Mail & Wholesale,United Kingdom,Metropolis,Customer,#14481,client_14481@domain.com,2009-12-01
16090,Direct Mail & Wholesale,United Kingdom,Metropolis,Customer,#16090,client_16090@domain.com,2009-12-01
15446,Direct Mail & Wholesale,United Kingdom,Metropolis,Customer,#15446,client_15446@domain.com,2009-12-01
13109,Direct Mail & Wholesale,United Kingdom,Metropolis,Customer,#13109,client_13109@domain.com,2009-12-01
15591,Direct Mail & Wholesale,United Kingdom,Metropolis,Customer,#15591,client_15591@domain.com,2009-12-01
17409,Direct Mail & Wholesale,United Kingdom,Metropolis,Customer,#17409,client_17409@domain.com,2009-12-01
15103,Direct Mail & Wholesale,United Kingdom,Metropolis,Customer,#15103,client_15103@domain.com,2009-12-01
17520,Direct Mail & Wholesale,United Kingdom,Metropolis,Customer,#17520,client_17520@domain.com,2009-12-01
12558,Direct Mail & Wholesale,Germany,Metropolis,Customer,#12558,client_12558@domain.com,2009-12-01
16274,Direct Mail & Wholesale,United Kingdom,Metropolis,Customer,#16274,client_16274@domain.com,2009-12-01
15871,Direct Mail & Wholesale,United Kingdom,Metropolis,Customer,#15871,client_15871@domain.com,2009-12-01
14949,Direct Mail & Wholesale,EIRE,Metropolis,Customer,#14949,client_14949@domain.com,2009-12-01
15145,Direct Mail & Wholesale,Germany,Metropolis,Customer,#15145,client_15145@domain.com,2009-12-01
17886,Direct Mail & Wholesale,Germany,Metropolis,Customer,#17886,client_17886@domain.com,2009-12-01
13684,Direct Mail & Wholesale,United Kingdom,Metropolis,Customer,#13684,client_13684@domain.com,2009-12-01
17489,Direct Mail & Wholesale,United Kingdom,Metropolis,Customer,#17489,client_17489@domain.com,2009-12-01
15041,Direct Mail & Wholesale,United Kingdom,Metropolis,Customer,#15041,client_15041@domain.com,2009-12-01
12588,Direct Mail & Wholesale,United Kingdom,Metropolis,Customer,#12588,client_12588@domain.com,2009-12-01
17379,Direct Mail & Wholesale,United Kingdom,Metropolis,Customer,#17379,client_17379@domain.com,2009-12-01
17234,Direct Mail & Wholesale,United Kingdom,Metropolis,Customer,#17234,client_17234@domain.com,2009-12-01
12993,Direct Mail & Wholesale,United Kingdom,Metropolis,Customer,#12993,client_12993@domain.com,2009-12-01
13922,Direct Mail & Wholesale,United Kingdom,Metropolis,Customer,#13922,client_13922@domain.com,2009-12-01
12850,Direct Mail & Wholesale,United Kingdom,Metropolis,Customer,#12850,client_12850@domain.com,2009-12-01
13223,Direct Mail & Wholesale,United Kingdom,Metropolis,Customer,#13223,client_13223@domain.com,2009-12-01
13819,Direct Mail & Wholesale,United Kingdom,Metropolis,Customer,#13819,client_13819@domain.com,2009-12-01
14628,Direct Mail & Wholesale,France,Metropolis,Customer,#14628,client_14628@domain.com,2009-12-01
14239,Direct Mail & Wholesale,United Kingdom,Metropolis,Customer,#14239,client_14239@domain.com,2009-12-01
17099,Direct Mail & Wholesale,United Kingdom,Metropolis,Customer,#17099,client_17099@domain.com,2009-12-01
18016,Direct Mail & Wholesale,United Kingdom,Metropolis,Customer,#18016,client_18016@domain.com,2009-12-01
16730,Direct Mail & Wholesale,United Kingdom,Metropolis,Customer,#16730,client_16730@domain.com,2009-12-01
12644,Direct Mail & Wholesale,United Kingdom,Metropolis,Customer,#12644,client_12644@domain.com,2009-12-01
15939,Direct Mail & Wholesale,EIRE,Metropolis,Customer,#15939,client_15939@domain.com,2009-12-01
12666,Direct Mail & Wholesale,United Kingdom,Metropolis,Customer,#12666,client_12666@domain.com,2009-12-01
16558,Direct Mail & Wholesale,United Kingdom,Metropolis,Customer,#16558,client_16558@domain.com,2009-12-01
16909,Direct Mail & Wholesale,United Kingdom,Metropolis,Customer,#16909,client_16909@domain.com,2009-12-01
14489,Direct Mail & Wholesale,United Kingdom,Metropolis,Customer,#14489,client_14489@domain.com,2009-12-01
17869,Direct Mail & Wholesale,France,Metropolis,Customer,#17869,client_17869@domain.com,2009-12-01
16440,Direct Mail & Wholesale,United Kingdom,Metropolis,Customer,#16440,client_16440@domain.com,2009-12-01
18156,Direct Mail & Wholesale,United Kingdom,Metropolis,Customer,#18156,client_18156@domain.com,2009-12-01
15110,Direct Mail & Wholesale,Germany,Metropolis,Customer,#15110,client_15110@domain.com,2009-12-01
15553,Direct Mail & Wholesale,United Kingdom,Metropolis,Customer,#15553,client_15553@domain.com,2009-12-01
16514,Direct Mail & Wholesale,United Kingdom,Metropolis,Customer,#16514,client_16514@domain.com,2009-12-01
18169,Direct Mail & Wholesale,United Kingdom,Metropolis,Customer,#18169,client_18169@domain.com,2009-12-01
17812,Direct Mail & Wholesale,United Kingdom,Metropolis,Customer,#17812,client_17812@domain.com,2009-12-01
15624,Direct Mail & Wholesale,United Kingdom,Metropolis,Customer,#15624,client_15624@domain.com,2009-12-01
13641,Direct Mail & Wholesale,United Kingdom,Metropolis,Customer,#13641,client_13641@domain.com,2009-12-01
14443,Direct Mail & Wholesale,United Kingdom,Metropolis,Customer,#14443,client_14443@domain.com,2009-12-01
16574,Direct Mail & Wholesale,United Kingdom,Metropolis,Customer,#16574,client_16574@domain.com,2009-12-01
13749,Direct Mail & Wholesale,Netherlands,Metropolis,Customer,#13749,client_13749@domain.com,2009-12-01
13444,Direct Mail & Wholesale,United Kingdom,Metropolis,Customer,#13444,client_13444@domain.com,2009-12-01
13991,Direct Mail & Wholesale,United Kingdom,Metropolis,Customer,#13991,client_13991@domain.com,2009-12-01
16186,Direct Mail & Wholesale,United Kingdom,Metropolis,Customer,#16186,client_16186@domain.com,2009-12-01
12973,Direct Mail & Wholesale,United Kingdom,Metropolis,Customer,#12973,client_12973@domain.com,2009-12-01
13804,Direct Mail & Wholesale,EIRE,Metropolis,Customer,#13804,client_13804@domain.com,2009-12-01
16955,Direct Mail & Wholesale,United Kingdom,Metropolis,Customer,#16955,client_16955@domain.com,2009-12-01
12501,Direct Mail & Wholesale,France,Metropolis,Customer,#12501,client_12501@domain.com,2009-12-01
12687,Direct Mail & Wholesale,United Kingdom,Metropolis,Customer,#12687,client_12687@domain.com,2009-12-01
12510,Direct Mail & Wholesale,United Kingdom,Metropolis,Customer,#12510,client_12510@domain.com,2009-12-01
16082,Direct Mail & Wholesale,United Kingdom,Metropolis,Customer,#16082,client_16082@domain.com,2009-12-01
13605,Direct Mail & Wholesale,United Kingdom,Metropolis,Customer,#13605,client_13605@domain.com,2009-12-01
15758,Direct Mail & Wholesale,United Kingdom,Metropolis,Customer,#15758,client_15758@domain.com,2009-12-01
16030,Direct Mail & Wholesale,United Kingdom,Metropolis,Customer,#16030,client_16030@domain.com,2009-12-01
15609,Direct Mail & Wholesale,United Kingdom,Metropolis,Customer,#15609,client_15609@domain.com,2009-12-01
14711,Direct Mail & Wholesale,United Kingdom,Metropolis,Customer,#14711,client_14711@domain.com,2009-12-01
12733,Direct Mail & Wholesale,EIRE,Metropolis,Customer,#12733,client_12733@domain.com,2009-12-01
13256,Direct Mail & Wholesale,United Kingdom,Metropolis,Customer,#13256,client_13256@domain.com,2009-12-01
15503,Direct Mail & Wholesale,United Kingdom,Metropolis,Customer,#15503,client_15503@domain.com,2009-12-01
16063,Direct Mail & Wholesale,France,Metropolis,Customer,#16063,client_16063@domain.com,2009-12-01
12816,Direct Mail & Wholesale,United Kingdom,Metropolis,Customer,#12816,client_12816@domain.com,2009-12-01
16720,Direct Mail & Wholesale,Spain,Metropolis,Customer,#16720,client_16720@domain.com,2009-12-01
12474,Direct Mail & Wholesale,United Kingdom,Metropolis,Customer,#12474,client_12474@domain.com,2009-12-01
17218,Direct Mail & Wholesale,France,Metropolis,Customer,#17218,client_17218@domain.com,2009-12-01
12961,Direct Mail & Wholesale,United Kingdom,Metropolis,Customer,#12961,client_12961@domain.com,2009-12-01
15143,Direct Mail & Wholesale,United Kingdom,Metropolis,Customer,#15143,client_15143@domain.com,2009-12-01
14037,Direct Mail & Wholesale,United Kingdom,Metropolis,Customer,#14037,client_14037@domain.com,2009-12-01
18232,Direct Mail & Wholesale,United Kingdom,Metropolis,Customer,#18232,client_18232@domain.com,2009-12-01
13402,Direct Mail & Wholesale,United Kingdom,Metropolis,Customer,#13402,client_13402@domain.com,2009-12-01
14525,Direct Mail & Wholesale,United Kingdom,Metropolis,Customer,#14525,client_14525@domain.com,2009-12-01
17011,Direct Mail & Wholesale,United Kingdom,Metropolis,Customer,#17011,client_17011@domain.com,2009-12-01
17229,Direct Mail & Wholesale,EIRE,Metropolis,Customer,#17229,client_17229@domain.com,2009-12-01
14654,Direct Mail & Wholesale,United Kingdom,Metropolis,Customer,#14654,client_14654@domain.com,2009-12-01
14427,Direct Mail & Wholesale,United Kingdom,Metropolis,Customer,#14427,client_14427@domain.com,2009-12-01
18038,Direct Mail & Wholesale,United Kingdom,Metropolis,Customer,#18038,client_18038@domain.com,2009-12-01
17815,Direct Mail & Wholesale,Netherlands,Metropolis,Customer,#17815,client_17815@domain.com,2009-12-01
16674,Direct Mail & Wholesale,United Kingdom,Metropolis,Customer,#16674,client_16674@domain.com,2009-12-01
16775,Direct Mail & Wholesale,United Kingdom,Metropolis,Customer,#16775,client_16775@domain.com,2009-12-01
16211,Direct Mail & Wholesale,United Kingdom,Metropolis,Customer,#16211,client_16211@domain.com,2009-12-01
14162,Direct Mail & Wholesale,United Kingdom,Metropolis,Customer,#14162,client_14162@domain.com,2009-12-01
13978,Direct Mail & Wholesale,Belgium,Metropolis,Customer,#13978,client_13978@domain.com,2009-12-01
13002,Direct Mail & Wholesale,United Kingdom,Metropolis,Customer,#13002,client_13002@domain.com,2009-12-01
14830,Direct Mail & Wholesale,United Kingdom,Metropolis,Customer,#14830,client_14830@domain.com,2009-12-01
17408,Direct Mail & Wholesale,United Kingdom,Metropolis,Customer,#17408,client_17408@domain.com,2009-12-01
14955,Direct Mail & Wholesale,United Kingdom,Metropolis,Customer,#14955,client_14955@domain.com,2009-12-01
14971,Direct Mail & Wholesale,France,Metropolis,Customer,#14971,client_14971@domain.com,2009-12-01
15602,Direct Mail & Wholesale,United Kingdom,Metropolis,Customer,#15602,client_15602@domain.com,2009-12-01
14662,Direct Mail & Wholesale,United Kingdom,Metropolis,Customer,#14662,client_14662@domain.com,2009-12-01
16804,Direct Mail & Wholesale,United Kingdom,Metropolis,Customer,#16804,client_16804@domain.com,2009-12-01
13606,Direct Mail & Wholesale,United Kingdom,Metropolis,Customer,#13606,client_13606@domain.com,2009-12-01
15560,Direct Mail & Wholesale,France,Metropolis,Customer,#15560,client_15560@domain.com,2009-12-01
17390,Direct Mail & Wholesale,United Kingdom,Metropolis,Customer,#17390,client_17390@domain.com,2009-12-01
15674,Direct Mail & Wholesale,United Kingdom,Metropolis,Customer,#15674,client_15674@domain.com,2009-12-01
16047,Direct Mail & Wholesale,United Kingdom,Metropolis,Customer,#16047,client_16047@domain.com,2009-12-01
16951,Direct Mail & Wholesale,United Kingdom,Metropolis,Customer,#16951,client_16951@domain.com,2009-12-01
12479,Direct Mail & Wholesale,United Kingdom,Metropolis,Customer,#12479,client_12479@domain.com,2009-12-01
14935,Direct Mail & Wholesale,Netherlands,Metropolis,Customer,#14935,client_14935@domain.com,2009-12-01
13437,Direct Mail & Wholesale,Germany,Metropolis,Customer,#13437,client_13437@domain.com,2009-12-01
14189,Direct Mail & Wholesale,United Kingdom,Metropolis,Customer,#14189,client_14189@domain.com,2009-12-01
17094,Direct Mail & Wholesale,United Kingdom,Metropolis,Customer,#17094,client_17094@domain.com,2009-12-01
12606,Direct Mail & Wholesale,United Kingdom,Metropolis,Customer,#12606,client_12606@domain.com,2009-12-01
18254,Direct Mail & Wholesale,United Kingdom,Metropolis,Customer,#18254,client_18254@domain.com,2009-12-01
12386,Direct Mail & Wholesale,United Kingdom,Metropolis,Customer,#12386,client_12386@domain.com,2009-12-01
14674,Direct Mail & Wholesale,United Kingdom,Metropolis,Customer,#14674,client_14674@domain.com,2009-12-01
15551,Direct Mail & Wholesale,United Kingdom,Metropolis,Customer,#15551,client_15551@domain.com,2009-12-01
14934,Direct Mail & Wholesale,United Kingdom,Metropolis,Customer,#14934,client_14934@domain.com,2009-12-01
12435,Direct Mail & Wholesale,United Kingdom,Metropolis,Customer,#12435,client_12435@domain.com,2009-12-01
15231,Direct Mail & Wholesale,United Kingdom,Metropolis,Customer,#15231,client_15231@domain.com,2009-12-01
16923,Direct Mail & Wholesale,United Kingdom,Metropolis,Customer,#16923,client_16923@domain.com,2009-12-01
14839,Direct Mail & Wholesale,United Kingdom,Metropolis,Customer,#14839,client_14839@domain.com,2009-12-01
17668,Direct Mail & Wholesale,United Kingdom,Metropolis,Customer,#17668,client_17668@domain.com,2009-12-01
12862,Direct Mail & Wholesale,EIRE,Metropolis,Customer,#12862,client_12862@domain.com,2009-12-01
15714,Direct Mail & Wholesale,United Kingdom,Metropolis,Customer,#15714,client_15714@domain.com,2009-12-01
17149,Direct Mail & Wholesale,United Kingdom,Metropolis,Customer,#17149,client_17149@domain.com,2009-12-01
16386,Direct Mail & Wholesale,United Kingdom,Metropolis,Customer,#16386,client_16386@domain.com,2009-12-01
17887,Direct Mail & Wholesale,Germany,Metropolis,Customer,#17887,client_17887@domain.com,2009-12-01
17821,Direct Mail & Wholesale,United Kingdom,Metropolis,Customer,#17821,client_17821@domain.com,2009-12-01
18069,Direct Mail & Wholesale,United Kingdom,Metropolis,Customer,#18069,client_18069@domain.com,2009-12-01
17570,Direct Mail & Wholesale,United Kingdom,Metropolis,Customer,#17570,client_17570@domain.com,2009-12-01
12994,Direct Mail & Wholesale,Spain,Metropolis,Customer,#12994,client_12994@domain.com,2009-12-01
12571,Direct Mail & Wholesale,United Kingdom,Metropolis,Customer,#12571,client_12571@domain.com,2009-12-01
17488,Direct Mail & Wholesale,United Kingdom,Metropolis,Customer,#17488,client_17488@domain.com,2009-12-01
16515,Direct Mail & Wholesale,United Kingdom,Metropolis,Customer,#16515,client_16515@domain.com,2009-12-01
12818,Direct Mail & Wholesale,United Kingdom,Metropolis,Customer,#12818,client_12818@domain.com,2009-12-01
13563,Direct Mail & Wholesale,United Kingdom,Metropolis,Customer,#13563,client_13563@domain.com,2009-12-01
15606,Direct Mail & Wholesale,United Kingdom,Metropolis,Customer,#15606,client_15606@domain.com,2009-12-01
16972,Direct Mail & Wholesale,United Kingdom,Metropolis,Customer,#16972,client_16972@domain.com,2009-12-01
13531,Direct Mail & Wholesale,France,Metropolis,Customer,#13531,client_13531@domain.com,2009-12-01
12996,Direct Mail & Wholesale,United Kingdom,Metropolis,Customer,#12996,client_12996@domain.com,2009-12-01
15430,Direct Mail & Wholesale,France,Metropolis,Customer,#15430,client_15430@domain.com,2009-12-01
18142,Direct Mail & Wholesale,United Kingdom,Metropolis,Customer,#18142,client_18142@domain.com,2009-12-01
16825,Direct Mail & Wholesale,United Kingdom,Metropolis,Customer,#16825,client_16825@domain.com,2009-12-01
15617,Direct Mail & Wholesale,United Kingdom,Metropolis,Customer,#15617,client_15617@domain.com,2009-12-01
15968,Direct Mail & Wholesale,Germany,Metropolis,Customer,#15968,client_15968@domain.com,2009-12-01
15437,Direct Mail & Wholesale,Netherlands,Metropolis,Customer,#15437,client_15437@domain.com,2009-12-01
16823,Direct Mail & Wholesale,United Kingdom,Metropolis,Customer,#16823,client_16823@domain.com,2009-12-01
16478,Direct Mail & Wholesale,United Kingdom,Metropolis,Customer,#16478,client_16478@domain.com,2009-12-01
14097,Direct Mail & Wholesale,United Kingdom,Metropolis,Customer,#14097,client_14097@domain.com,2009-12-01
18279,Direct Mail & Wholesale,United Kingdom,Metropolis,Customer,#18279,client_18279@domain.com,2009-12-01
16519,Direct Mail & Wholesale,Spain,Metropolis,Customer,#16519,client_16519@domain.com,2009-12-01
16853,Direct Mail & Wholesale,EIRE,Metropolis,Customer,#16853,client_16853@domain.com,2009-12-01
18014,Direct Mail & Wholesale,United Kingdom,Metropolis,Customer,#18014,client_18014@domain.com,2009-12-01
17054,Direct Mail & Wholesale,United Kingdom,Metropolis,Customer,#17054,client_17054@domain.com,2009-12-01
16511,Direct Mail & Wholesale,United Kingdom,Metropolis,Customer,#16511,client_16511@domain.com,2009-12-01
14762,Direct Mail & Wholesale,United Kingdom,Metropolis,Customer,#14762,client_14762@domain.com,2009-12-01
13356,Direct Mail & Wholesale,United Kingdom,Metropolis,Customer,#13356,client_13356@domain.com,2009-12-01
14799,Direct Mail & Wholesale,United Kingdom,Metropolis,Customer,#14799,client_14799@domain.com,2009-12-01
16219,Direct Mail & Wholesale,United Kingdom,Metropolis,Customer,#16219,client_16219@domain.com,2009-12-01
15616,Direct Mail & Wholesale,Germany,Metropolis,Customer,#15616,client_15616@domain.com,2009-12-01
12641,Direct Mail & Wholesale,United Kingdom,Metropolis,Customer,#12641,client_12641@domain.com,2009-12-01
16364,Direct Mail & Wholesale,United Kingdom,Metropolis,Customer,#16364,client_16364@domain.com,2009-12-01
17013,Direct Mail & Wholesale,United Kingdom,Metropolis,Customer,#17013,client_17013@domain.com,2009-12-01
15839,Direct Mail & Wholesale,Australia,Metropolis,Customer,#15839,client_15839@domain.com,2009-12-01
13171,Direct Mail & Wholesale,France,Metropolis,Customer,#13171,client_13171@domain.com,2009-12-01
16193,Direct Mail & Wholesale,United Kingdom,Metropolis,Customer,#16193,client_16193@domain.com,2009-12-01
17808,Direct Mail & Wholesale,United Kingdom,Metropolis,Customer,#17808,client_17808@domain.com,2009-12-01
16645,Direct Mail & Wholesale,United Kingdom,Metropolis,Customer,#16645,client_16645@domain.com,2009-12-01
15004,Direct Mail & Wholesale,France,Metropolis,Customer,#15004,client_15004@domain.com,2009-12-01
13648,Direct Mail & Wholesale,United Kingdom,Metropolis,Customer,#13648,client_13648@domain.com,2009-12-01
13343,Direct Mail & Wholesale,United Kingdom,Metropolis,Customer,#13343,client_13343@domain.com,2009-12-01
14230,Direct Mail & Wholesale,United Kingdom,Metropolis,Customer,#14230,client_14230@domain.com,2009-12-01
15029,Direct Mail & Wholesale,United Kingdom,Metropolis,Customer,#15029,client_15029@domain.com,2009-12-01
12747,Direct Mail & Wholesale,United Kingdom,Metropolis,Customer,#12747,client_12747@domain.com,2009-12-01
18181,Direct Mail & Wholesale,United Kingdom,Metropolis,Customer,#18181,client_18181@domain.com,2009-12-01
16743,Direct Mail & Wholesale,United Kingdom,Metropolis,Customer,#16743,client_16743@domain.com,2009-12-01
16708,Direct Mail & Wholesale,EIRE,Metropolis,Customer,#16708,client_16708@domain.com,2009-12-01
12379,Direct Mail & Wholesale,United Kingdom,Metropolis,Customer,#12379,client_12379@domain.com,2009-12-01
15358,Direct Mail & Wholesale,United Kingdom,Metropolis,Customer,#15358,client_15358@domain.com,2009-12-01
14816,Direct Mail & Wholesale,United Kingdom,Metropolis,Customer,#14816,client_14816@domain.com,2009-12-01
16551,Direct Mail & Wholesale,United Kingdom,Metropolis,Customer,#16551,client_16551@domain.com,2009-12-01
12982,Direct Mail & Wholesale,United Kingdom,Metropolis,Customer,#12982,client_12982@domain.com,2009-12-01
14570,Direct Mail & Wholesale,United Kingdom,Metropolis,Customer,#14570,client_14570@domain.com,2009-12-01
16346,Direct Mail & Wholesale,United Kingdom,Metropolis,Customer,#16346,client_16346@domain.com,2009-12-01
14377,Direct Mail & Wholesale,United Kingdom,Metropolis,Customer,#14377,client_14377@domain.com,2009-12-01
17617,Direct Mail & Wholesale,United Kingdom,Metropolis,Customer,#17617,client_17617@domain.com,2009-12-01
16541,Direct Mail & Wholesale,United Kingdom,Metropolis,Customer,#16541,client_16541@domain.com,2009-12-01
13198,Direct Mail & Wholesale,United Kingdom,Metropolis,Customer,#13198,client_13198@domain.com,2009-12-01
12504,Direct Mail & Wholesale,Germany,Metropolis,Customer,#12504,client_12504@domain.com,2009-12-01
15459,Direct Mail & Wholesale,United Kingdom,Metropolis,Customer,#15459,client_15459@domain.com,2009-12-01
14722,Direct Mail & Wholesale,United Kingdom,Metropolis,Customer,#14722,client_14722@domain.com,2009-12-01
15975,Direct Mail & Wholesale,United Kingdom,Metropolis,Customer,#15975,client_15975@domain.com,2009-12-01
13836,Direct Mail & Wholesale,United Kingdom,Metropolis,Customer,#13836,client_13836@domain.com,2009-12-01
14992,Direct Mail & Wholesale,EIRE,Metropolis,Customer,#14992,client_14992@domain.com,2009-12-01
13570,Direct Mail & Wholesale,United Kingdom,Metropolis,Customer,#13570,client_13570@domain.com,2009-12-01
13897,Direct Mail & Wholesale,United Kingdom,Metropolis,Customer,#13897,client_13897@domain.com,2009-12-01
16400,Direct Mail & Wholesale,United Kingdom,Metropolis,Customer,#16400,client_16400@domain.com,2009-12-01
16858,Direct Mail & Wholesale,EIRE,Metropolis,Customer,#16858,client_16858@domain.com,2009-12-01
12979,Direct Mail & Wholesale,United Kingdom,Metropolis,Customer,#12979,client_12979@domain.com,2009-12-01
13153,Direct Mail & Wholesale,United Kingdom,Metropolis,Customer,#13153,client_13153@domain.com,2009-12-01
12564,Direct Mail & Wholesale,United Kingdom,Metropolis,Customer,#12564,client_12564@domain.com,2009-12-01
18217,Direct Mail & Wholesale,France,Metropolis,Customer,#18217,client_18217@domain.com,2009-12-01
14258,Direct Mail & Wholesale,United Kingdom,Metropolis,Customer,#14258,client_14258@domain.com,2009-12-01
14256,Direct Mail & Wholesale,Germany,Metropolis,Customer,#14256,client_14256@domain.com,2009-12-01
18246,Direct Mail & Wholesale,United Kingdom,Metropolis,Customer,#18246,client_18246@domain.com,2009-12-01
13335,Direct Mail & Wholesale,United Kingdom,Metropolis,Customer,#13335,client_13335@domain.com,2009-12-01
16416,Direct Mail & Wholesale,United Kingdom,Metropolis,Customer,#16416,client_16416@domain.com,2009-12-01
16423,Direct Mail & Wholesale,United Kingdom,Metropolis,Customer,#16423,client_16423@domain.com,2009-12-01
14200,Direct Mail & Wholesale,United Kingdom,Metropolis,Customer,#14200,client_14200@domain.com,2009-12-01
17395,Direct Mail & Wholesale,United Kingdom,Metropolis,Customer,#17395,client_17395@domain.com,2009-12-01
14665,Direct Mail & Wholesale,United Kingdom,Metropolis,Customer,#14665,client_14665@domain.com,2009-12-01
15461,Direct Mail & Wholesale,United Kingdom,Metropolis,Customer,#15461,client_15461@domain.com,2009-12-01
17864,Direct Mail & Wholesale,United Kingdom,Metropolis,Customer,#17864,client_17864@domain.com,2009-12-01
15452,Direct Mail & Wholesale,United Kingdom,Metropolis,Customer,#15452,client_15452@domain.com,2009-12-01
12721,Direct Mail & Wholesale,United Kingdom,Metropolis,Customer,#12721,client_12721@domain.com,2009-12-01
14510,Direct Mail & Wholesale,United Kingdom,Metropolis,Customer,#14510,client_14510@domain.com,2009-12-01
13513,Direct Mail & Wholesale,United Kingdom,Metropolis,Customer,#13513,client_13513@domain.com,2009-12-01
16819,Direct Mail & Wholesale,United Kingdom,Metropolis,Customer,#16819,client_16819@domain.com,2009-12-01
14259,Direct Mail & Wholesale,Switzerland,Metropolis,Customer,#14259,client_14259@domain.com,2009-12-01
16001,Direct Mail & Wholesale,United Kingdom,Metropolis,Customer,#16001,client_16001@domain.com,2009-12-01
15853,Direct Mail & Wholesale,United Kingdom,Metropolis,Customer,#15853,client_15853@domain.com,2009-12-01
12642,Direct Mail & Wholesale,United Kingdom,Metropolis,Customer,#12642,client_12642@domain.com,2009-12-01
13600,Direct Mail & Wholesale,United Kingdom,Metropolis,Customer,#13600,client_13600@domain.com,2009-12-01
14558,Direct Mail & Wholesale,United Kingdom,Metropolis,Customer,#14558,client_14558@domain.com,2009-12-01
15495,Direct Mail & Wholesale,United Kingdom,Metropolis,Customer,#15495,client_15495@domain.com,2009-12-01
17680,Direct Mail & Wholesale,United Kingdom,Metropolis,Customer,#17680,client_17680@domain.com,2009-12-01
13313,Direct Mail & Wholesale,United Kingdom,Metropolis,Customer,#13313,client_13313@domain.com,2009-12-01
17196,Direct Mail & Wholesale,United Kingdom,Metropolis,Customer,#17196,client_17196@domain.com,2009-12-01
12346,Direct Mail & Wholesale,United Kingdom,Metropolis,Customer,#12346,client_12346@domain.com,2009-12-01
15785,Direct Mail & Wholesale,United Kingdom,Metropolis,Customer,#15785,client_15785@domain.com,2009-12-01
13235,Direct Mail & Wholesale,United Kingdom,Metropolis,Customer,#13235,client_13235@domain.com,2009-12-01
15040,Direct Mail & Wholesale,United Kingdom,Metropolis,Customer,#15040,client_15040@domain.com,2009-12-01
13300,Direct Mail & Wholesale,United Kingdom,Metropolis,Customer,#13300,client_13300@domain.com,2009-12-01
13525,Direct Mail & Wholesale,United Kingdom,Metropolis,Customer,#13525,client_13525@domain.com,2009-12-01
14396,Direct Mail & Wholesale,EIRE,Metropolis,Customer,#14396,client_14396@domain.com,2009-12-01
16543,Direct Mail & Wholesale,United Kingdom,Metropolis,Customer,#16543,client_16543@domain.com,2009-12-01
14660,Direct Mail & Wholesale,United Kingdom,Metropolis,Customer,#14660,client_14660@domain.com,2009-12-01
13545,Direct Mail & Wholesale,Germany,Metropolis,Customer,#13545,client_13545@domain.com,2009-12-01
17786,Direct Mail & Wholesale,United Kingdom,Metropolis,Customer,#17786,client_17786@domain.com,2009-12-01
18035,Direct Mail & Wholesale,United Kingdom,Metropolis,Customer,#18035,client_18035@domain.com,2009-12-01
13379,Direct Mail & Wholesale,United Kingdom,Metropolis,Customer,#13379,client_13379@domain.com,2009-12-01
14187,Direct Mail & Wholesale,United Kingdom,Metropolis,Customer,#14187,client_14187@domain.com,2009-12-01
17807,Direct Mail & Wholesale,United Kingdom,Metropolis,Customer,#17807,client_17807@domain.com,2009-12-01
16262,Direct Mail & Wholesale,United Kingdom,Metropolis,Customer,#16262,client_16262@domain.com,2009-12-01
17487,Direct Mail & Wholesale,United Kingdom,Metropolis,Customer,#17487,client_17487@domain.com,2009-12-01
18150,Direct Mail & Wholesale,Germany,Metropolis,Customer,#18150,client_18150@domain.com,2009-12-01
13278,Direct Mail & Wholesale,United Kingdom,Metropolis,Customer,#13278,client_13278@domain.com,2009-12-01
18075,Direct Mail & Wholesale,United Kingdom,Metropolis,Customer,#18075,client_18075@domain.com,2009-12-01
15849,Direct Mail & Wholesale,United Kingdom,Metropolis,Customer,#15849,client_15849@domain.com,2009-12-01
13410,Direct Mail & Wholesale,United Kingdom,Metropolis,Customer,#13410,client_13410@domain.com,2009-12-01
12758,Direct Mail & Wholesale,United Kingdom,Metropolis,Customer,#12758,client_12758@domain.com,2009-12-01
17471,Direct Mail & Wholesale,United Kingdom,Metropolis,Customer,#17471,client_17471@domain.com,2009-12-01
15814,Direct Mail & Wholesale,United Kingdom,Metropolis,Customer,#15814,client_15814@domain.com,2009-12-01
14152,Direct Mail & Wholesale,United Kingdom,Metropolis,Customer,#14152,client_14152@domain.com,2009-12-01
17552,Direct Mail & Wholesale,United Kingdom,Metropolis,Customer,#17552,client_17552@domain.com,2009-12-01
17796,Direct Mail & Wholesale,EIRE,Metropolis,Customer,#17796,client_17796@domain.com,2009-12-01
17264,Direct Mail & Wholesale,United Kingdom,Metropolis,Customer,#17264,client_17264@domain.com,2009-12-01
14240,Direct Mail & Wholesale,United Kingdom,Metropolis,Customer,#14240,client_14240@domain.com,2009-12-01
13482,Direct Mail & Wholesale,United Kingdom,Metropolis,Customer,#13482,client_13482@domain.com,2009-12-01
17685,Direct Mail & Wholesale,United Kingdom,Metropolis,Customer,#17685,client_17685@domain.com,2009-12-01
14154,Direct Mail & Wholesale,United Kingdom,Metropolis,Customer,#14154,client_14154@domain.com,2009-12-01
12536,Direct Mail & Wholesale,United Kingdom,Metropolis,Customer,#12536,client_12536@domain.com,2009-12-01
13988,Direct Mail & Wholesale,United Kingdom,Metropolis,Customer,#13988,client_13988@domain.com,2009-12-01
14533,Direct Mail & Wholesale,United Kingdom,Metropolis,Customer,#14533,client_14533@domain.com,2009-12-01
13373,Direct Mail & Wholesale,United Kingdom,Metropolis,Customer,#13373,client_13373@domain.com,2009-12-01
13746,Direct Mail & Wholesale,United Kingdom,Metropolis,Customer,#13746,client_13746@domain.com,2009-12-01
15057,Direct Mail & Wholesale,United Kingdom,Metropolis,Customer,#15057,client_15057@domain.com,2009-12-01
15333,Direct Mail & Wholesale,United Kingdom,Metropolis,Customer,#15333,client_15333@domain.com,2009-12-01
15562,Direct Mail & Wholesale,United Kingdom,Metropolis,Customer,#15562,client_15562@domain.com,2009-12-01
17453,Direct Mail & Wholesale,United Kingdom,Metropolis,Customer,#17453,client_17453@domain.com,2009-12-01
13059,Direct Mail & Wholesale,United Kingdom,Metropolis,Customer,#13059,client_13059@domain.com,2009-12-01
15955,Direct Mail & Wholesale,Netherlands,Metropolis,Customer,#15955,client_15955@domain.com,2009-12-01
14345,Direct Mail & Wholesale,United Kingdom,Metropolis,Customer,#14345,client_14345@domain.com,2009-12-01
16383,Direct Mail & Wholesale,EIRE,Metropolis,Customer,#16383,client_16383@domain.com,2009-12-01
17137,Direct Mail & Wholesale,United Kingdom,Metropolis,Customer,#17137,client_17137@domain.com,2009-12-01
15880,Direct Mail & Wholesale,United Kingdom,Metropolis,Customer,#15880,client_15880@domain.com,2009-12-01
12370,Direct Mail & Wholesale,United Kingdom,Metropolis,Customer,#12370,client_12370@domain.com,2009-12-01
17361,Direct Mail & Wholesale,France,Metropolis,Customer,#17361,client_17361@domain.com,2009-12-01
16474,Direct Mail & Wholesale,United Kingdom,Metropolis,Customer,#16474,client_16474@domain.com,2009-12-01
17987,Direct Mail & Wholesale,United Kingdom,Metropolis,Customer,#17987,client_17987@domain.com,2009-12-01
12550,Direct Mail & Wholesale,United Kingdom,Metropolis,Customer,#12550,client_12550@domain.com,2009-12-01
18096,Direct Mail & Wholesale,United Kingdom,Metropolis,Customer,#18096,client_18096@domain.com,2009-12-01
13647,Direct Mail & Wholesale,United Kingdom,Metropolis,Customer,#13647,client_13647@domain.com,2009-12-01
13406,Direct Mail & Wholesale,United Kingdom,Metropolis,Customer,#13406,client_13406@domain.com,2009-12-01
15729,Direct Mail & Wholesale,United Kingdom,Metropolis,Customer,#15729,client_15729@domain.com,2009-12-01
16673,Direct Mail & Wholesale,EIRE,Metropolis,Customer,#16673,client_16673@domain.com,2009-12-01
17026,Direct Mail & Wholesale,United Kingdom,Metropolis,Customer,#17026,client_17026@domain.com,2009-12-01
13168,Direct Mail & Wholesale,United Kingdom,Metropolis,Customer,#13168,client_13168@domain.com,2009-12-01
17456,Direct Mail & Wholesale,United Kingdom,Metropolis,Customer,#17456,client_17456@domain.com,2009-12-01
16555,Direct Mail & Wholesale,United Kingdom,Metropolis,Customer,#16555,client_16555@domain.com,2009-12-01
16328,Direct Mail & Wholesale,United Kingdom,Metropolis,Customer,#16328,client_16328@domain.com,2009-12-01
12548,Direct Mail & Wholesale,United Kingdom,Metropolis,Customer,#12548,client_12548@domain.com,2009-12-01
17253,Direct Mail & Wholesale,Germany,Metropolis,Customer,#17253,client_17253@domain.com,2009-12-01
14471,Direct Mail & Wholesale,United Kingdom,Metropolis,Customer,#14471,client_14471@domain.com,2009-12-01
15684,Direct Mail & Wholesale,United Kingdom,Metropolis,Customer,#15684,client_15684@domain.com,2009-12-01
13747,Direct Mail & Wholesale,United Kingdom,Metropolis,Customer,#13747,client_13747@domain.com,2009-12-01
14506,Direct Mail & Wholesale,United Kingdom,Metropolis,Customer,#14506,client_14506@domain.com,2009-12-01
13057,Direct Mail & Wholesale,United Kingdom,Metropolis,Customer,#13057,client_13057@domain.com,2009-12-01
17759,Direct Mail & Wholesale,United Kingdom,Metropolis,Customer,#17759,client_17759@domain.com,2009-12-01
15084,Direct Mail & Wholesale,United Kingdom,Metropolis,Customer,#15084,client_15084@domain.com,2009-12-01
13376,Direct Mail & Wholesale,United Kingdom,Metropolis,Customer,#13376,client_13376@domain.com,2009-12-01
15550,Direct Mail & Wholesale,United Kingdom,Metropolis,Customer,#15550,client_15550@domain.com,2009-12-01
13162,Direct Mail & Wholesale,United Kingdom,Metropolis,Customer,#13162,client_13162@domain.com,2009-12-01
13276,Direct Mail & Wholesale,United Kingdom,Metropolis,Customer,#13276,client_13276@domain.com,2009-12-01
13434,Direct Mail & Wholesale,United Kingdom,Metropolis,Customer,#13434,client_13434@domain.com,2009-12-01
16049,Direct Mail & Wholesale,United Kingdom,Metropolis,Customer,#16049,client_16049@domain.com,2009-12-01
12647,Direct Mail & Wholesale,United Kingdom,Metropolis,Customer,#12647,client_12647@domain.com,2009-12-01
15988,Direct Mail & Wholesale,Belgium,Metropolis,Customer,#15988,client_15988@domain.com,2009-12-01
17344,Direct Mail & Wholesale,Germany,Metropolis,Customer,#17344,client_17344@domain.com,2009-12-01
16569,Direct Mail & Wholesale,United Kingdom,Metropolis,Customer,#16569,client_16569@domain.com,2009-12-01
15490,Direct Mail & Wholesale,United Kingdom,Metropolis,Customer,#15490,client_15490@domain.com,2009-12-01
13447,Direct Mail & Wholesale,Germany,Metropolis,Customer,#13447,client_13447@domain.com,2009-12-01
14746,Direct Mail & Wholesale,United Kingdom,Metropolis,Customer,#14746,client_14746@domain.com,2009-12-01
14768,Direct Mail & Wholesale,United Kingdom,Metropolis,Customer,#14768,client_14768@domain.com,2009-12-01
15961,Direct Mail & Wholesale,Switzerland,Metropolis,Customer,#15961,client_15961@domain.com,2009-12-01
15874,Direct Mail & Wholesale,United Kingdom,Metropolis,Customer,#15874,client_15874@domain.com,2009-12-01
17000,Direct Mail & Wholesale,United Kingdom,Metropolis,Customer,#17000,client_17000@domain.com,2009-12-01
16587,Direct Mail & Wholesale,EIRE,Metropolis,Customer,#16587,client_16587@domain.com,2009-12-01
17419,Direct Mail & Wholesale,United Kingdom,Metropolis,Customer,#17419,client_17419@domain.com,2009-12-01
16757,Direct Mail & Wholesale,United Kingdom,Metropolis,Customer,#16757,client_16757@domain.com,2009-12-01
12416,Direct Mail & Wholesale,United Kingdom,Metropolis,Customer,#12416,client_12416@domain.com,2009-12-01
16586,Direct Mail & Wholesale,United Kingdom,Metropolis,Customer,#16586,client_16586@domain.com,2009-12-01
16375,Direct Mail & Wholesale,United Kingdom,Metropolis,Customer,#16375,client_16375@domain.com,2009-12-01
13320,Direct Mail & Wholesale,Australia,Metropolis,Customer,#13320,client_13320@domain.com,2009-12-01
12704,Direct Mail & Wholesale,United Kingdom,Metropolis,Customer,#12704,client_12704@domain.com,2009-12-01
12493,Direct Mail & Wholesale,United Kingdom,Metropolis,Customer,#12493,client_12493@domain.com,2009-12-01
14350,Direct Mail & Wholesale,United Kingdom,Metropolis,Customer,#14350,client_14350@domain.com,2009-12-01
16470,Direct Mail & Wholesale,United Kingdom,Metropolis,Customer,#16470,client_16470@domain.com,2009-12-01
16023,Direct Mail & Wholesale,United Kingdom,Metropolis,Customer,#16023,client_16023@domain.com,2009-12-01
14927,Direct Mail & Wholesale,United Kingdom,Metropolis,Customer,#14927,client_14927@domain.com,2009-12-01
13850,Direct Mail & Wholesale,United Kingdom,Metropolis,Customer,#13850,client_13850@domain.com,2009-12-01
13837,Direct Mail & Wholesale,United Kingdom,Metropolis,Customer,#13837,client_13837@domain.com,2009-12-01
17430,Direct Mail & Wholesale,United Kingdom,Metropolis,Customer,#17430,client_17430@domain.com,2009-12-01
13750,Direct Mail & Wholesale,France,Metropolis,Customer,#13750,client_13750@domain.com,2009-12-01
13667,Direct Mail & Wholesale,United Kingdom,Metropolis,Customer,#13667,client_13667@domain.com,2009-12-01
12418,Direct Mail & Wholesale,France,Metropolis,Customer,#12418,client_12418@domain.com,2009-12-01
13674,Direct Mail & Wholesale,United Kingdom,Metropolis,Customer,#13674,client_13674@domain.com,2009-12-01
17972,Direct Mail & Wholesale,France,Metropolis,Customer,#17972,client_17972@domain.com,2009-12-01
16138,Direct Mail & Wholesale,United Kingdom,Metropolis,Customer,#16138,client_16138@domain.com,2009-12-01
14939,Direct Mail & Wholesale,United Kingdom,Metropolis,Customer,#14939,client_14939@domain.com,2009-12-01
13230,Direct Mail & Wholesale,United Kingdom,Metropolis,Customer,#13230,client_13230@domain.com,2009-12-01
12587,Direct Mail & Wholesale,United Kingdom,Metropolis,Customer,#12587,client_12587@domain.com,2009-12-01
17051,Direct Mail & Wholesale,EIRE,Metropolis,Customer,#17051,client_17051@domain.com,2009-12-01
15932,Direct Mail & Wholesale,United Kingdom,Metropolis,Customer,#15932,client_15932@domain.com,2009-12-01
16465,Direct Mail & Wholesale,United Kingdom,Metropolis,Customer,#16465,client_16465@domain.com,2009-12-01
18145,Direct Mail & Wholesale,France,Metropolis,Customer,#18145,client_18145@domain.com,2009-12-01
16327,Direct Mail & Wholesale,United Kingdom,Metropolis,Customer,#16327,client_16327@domain.com,2009-12-01
18148,Direct Mail & Wholesale,United Kingdom,Metropolis,Customer,#18148,client_18148@domain.com,2009-12-01
12618,Direct Mail & Wholesale,United Kingdom,Metropolis,Customer,#12618,client_12618@domain.com,2009-12-01
14356,Direct Mail & Wholesale,United Kingdom,Metropolis,Customer,#14356,client_14356@domain.com,2009-12-01
15999,Direct Mail & Wholesale,United Kingdom,Metropolis,Customer,#15999,client_15999@domain.com,2009-12-01
12754,Direct Mail & Wholesale,Belgium,Metropolis,Customer,#12754,client_12754@domain.com,2009-12-01
13269,Direct Mail & Wholesale,United Kingdom,Metropolis,Customer,#13269,client_13269@domain.com,2009-12-01
15352,Direct Mail & Wholesale,United Kingdom,Metropolis,Customer,#15352,client_15352@domain.com,2009-12-01
14864,Direct Mail & Wholesale,United Kingdom,Metropolis,Customer,#14864,client_14864@domain.com,2009-12-01
13084,Direct Mail & Wholesale,United Kingdom,Metropolis,Customer,#13084,client_13084@domain.com,2009-12-01
12863,Direct Mail & Wholesale,United Kingdom,Metropolis,Customer,#12863,client_12863@domain.com,2009-12-01
18266,Direct Mail & Wholesale,United Kingdom,Metropolis,Customer,#18266,client_18266@domain.com,2009-12-01
17734,Direct Mail & Wholesale,United Kingdom,Metropolis,Customer,#17734,client_17734@domain.com,2009-12-01
17591,Direct Mail & Wholesale,United Kingdom,Metropolis,Customer,#17591,client_17591@domain.com,2009-12-01
18248,Direct Mail & Wholesale,United Kingdom,Metropolis,Customer,#18248,client_18248@domain.com,2009-12-01
16367,Direct Mail & Wholesale,United Kingdom,Metropolis,Customer,#16367,client_16367@domain.com,2009-12-01
17868,Direct Mail & Wholesale,United Kingdom,Metropolis,Customer,#17868,client_17868@domain.com,2009-12-01
14215,Direct Mail & Wholesale,Australia,Metropolis,Customer,#14215,client_14215@domain.com,2009-12-01
15347,Direct Mail & Wholesale,United Kingdom,Metropolis,Customer,#15347,client_15347@domain.com,2009-12-01
14242,Direct Mail & Wholesale,France,Metropolis,Customer,#14242,client_14242@domain.com,2009-12-01
16154,Direct Mail & Wholesale,United Kingdom,Metropolis,Customer,#16154,client_16154@domain.com,2009-12-01
12575,Direct Mail & Wholesale,Spain,Metropolis,Customer,#12575,client_12575@domain.com,2009-12-01
15403,Direct Mail & Wholesale,United Kingdom,Metropolis,Customer,#15403,client_15403@domain.com,2009-12-01
17772,Direct Mail & Wholesale,United Kingdom,Metropolis,Customer,#17772,client_17772@domain.com,2009-12-01
13114,Direct Mail & Wholesale,United Kingdom,Metropolis,Customer,#13114,client_13114@domain.com,2009-12-01
14794,Direct Mail & Wholesale,United Kingdom,Metropolis,Customer,#14794,client_14794@domain.com,2009-12-01
15744,Direct Mail & Wholesale,United Kingdom,Metropolis,Customer,#15744,client_15744@domain.com,2009-12-01
12851,Direct Mail & Wholesale,United Kingdom,Metropolis,Customer,#12851,client_12851@domain.com,2009-12-01
15338,Direct Mail & Wholesale,United Kingdom,Metropolis,Customer,#15338,client_15338@domain.com,2009-12-01
13507,Direct Mail & Wholesale,United Kingdom,Metropolis,Customer,#13507,client_13507@domain.com,2009-12-01
16124,Direct Mail & Wholesale,United Kingdom,Metropolis,Customer,#16124,client_16124@domain.com,2009-12-01
13753,Direct Mail & Wholesale,United Kingdom,Metropolis,Customer,#13753,client_13753@domain.com,2009-12-01
17885,Direct Mail & Wholesale,United Kingdom,Metropolis,Customer,#17885,client_17885@domain.com,2009-12-01
12410,Direct Mail & Wholesale,United Kingdom,Metropolis,Customer,#12410,client_12410@domain.com,2009-12-01
15087,Direct Mail & Wholesale,United Kingdom,Metropolis,Customer,#15087,client_15087@domain.com,2009-12-01
17739,Direct Mail & Wholesale,United Kingdom,Metropolis,Customer,#17739,client_17739@domain.com,2009-12-01
16767,Direct Mail & Wholesale,United Kingdom,Metropolis,Customer,#16767,client_16767@domain.com,2009-12-01
16867,Direct Mail & Wholesale,United Kingdom,Metropolis,Customer,#16867,client_16867@domain.com,2009-12-01
14449,Direct Mail & Wholesale,United Kingdom,Metropolis,Customer,#14449,client_14449@domain.com,2009-12-01
16254,Direct Mail & Wholesale,United Kingdom,Metropolis,Customer,#16254,client_16254@domain.com,2009-12-01
15253,Direct Mail & Wholesale,Netherlands,Metropolis,Customer,#15253,client_15253@domain.com,2009-12-01
14141,Direct Mail & Wholesale,United Kingdom,Metropolis,Customer,#14141,client_14141@domain.com,2009-12-01
14287,Direct Mail & Wholesale,United Kingdom,Metropolis,Customer,#14287,client_14287@domain.com,2009-12-01
13987,Direct Mail & Wholesale,United Kingdom,Metropolis,Customer,#13987,client_13987@domain.com,2009-12-01
13624,Direct Mail & Wholesale,United Kingdom,Metropolis,Customer,#13624,client_13624@domain.com,2009-12-01
15937,Direct Mail & Wholesale,United Kingdom,Metropolis,Customer,#15937,client_15937@domain.com,2009-12-01
14849,Direct Mail & Wholesale,United Kingdom,Metropolis,Customer,#14849,client_14849@domain.com,2009-12-01
17043,Direct Mail & Wholesale,United Kingdom,Metropolis,Customer,#17043,client_17043@domain.com,2009-12-01
18277,Direct Mail & Wholesale,United Kingdom,Metropolis,Customer,#18277,client_18277@domain.com,2009-12-01
13808,Direct Mail & Wholesale,United Kingdom,Metropolis,Customer,#13808,client_13808@domain.com,2009-12-01
15115,Direct Mail & Wholesale,France,Metropolis,Customer,#15115,client_15115@domain.com,2009-12-01
17521,Direct Mail & Wholesale,United Kingdom,Metropolis,Customer,#17521,client_17521@domain.com,2009-12-01
13040,Direct Mail & Wholesale,United Kingdom,Metropolis,Customer,#13040,client_13040@domain.com,2009-12-01
16290,Direct Mail & Wholesale,United Kingdom,Metropolis,Customer,#16290,client_16290@domain.com,2009-12-01
14868,Direct Mail & Wholesale,United Kingdom,Metropolis,Customer,#14868,client_14868@domain.com,2009-12-01
15524,Direct Mail & Wholesale,France,Metropolis,Customer,#15524,client_15524@domain.com,2009-12-01
15003,Direct Mail & Wholesale,United Kingdom,Metropolis,Customer,#15003,client_15003@domain.com,2009-12-01
18151,Direct Mail & Wholesale,United Kingdom,Metropolis,Customer,#18151,client_18151@domain.com,2009-12-01
13429,Direct Mail & Wholesale,United Kingdom,Metropolis,Customer,#13429,client_13429@domain.com,2009-12-01
16058,Direct Mail & Wholesale,EIRE,Metropolis,Customer,#16058,client_16058@domain.com,2009-12-01
13393,Direct Mail & Wholesale,United Kingdom,Metropolis,Customer,#13393,client_13393@domain.com,2009-12-01
13681,Direct Mail & Wholesale,United Kingdom,Metropolis,Customer,#13681,client_13681@domain.com,2009-12-01
14619,Direct Mail & Wholesale,United Kingdom,Metropolis,Customer,#14619,client_14619@domain.com,2009-12-01
14567,Direct Mail & Wholesale,United Kingdom,Metropolis,Customer,#14567,client_14567@domain.com,2009-12-01
13926,Direct Mail & Wholesale,United Kingdom,Metropolis,Customer,#13926,client_13926@domain.com,2009-12-01
13778,Direct Mail & Wholesale,United Kingdom,Metropolis,Customer,#13778,client_13778@domain.com,2009-12-01
14874,Direct Mail & Wholesale,France,Metropolis,Customer,#14874,client_14874@domain.com,2009-12-01
14050,Direct Mail & Wholesale,United Kingdom,Metropolis,Customer,#14050,client_14050@domain.com,2009-12-01
13289,Direct Mail & Wholesale,United Kingdom,Metropolis,Customer,#13289,client_13289@domain.com,2009-12-01
13559,Direct Mail & Wholesale,United Kingdom,Metropolis,Customer,#13559,client_13559@domain.com,2009-12-01
16937,Direct Mail & Wholesale,United Kingdom,Metropolis,Customer,#16937,client_16937@domain.com,2009-12-01
12968,Direct Mail & Wholesale,United Kingdom,Metropolis,Customer,#12968,client_12968@domain.com,2009-12-01
12757,Direct Mail & Wholesale,United Kingdom,Metropolis,Customer,#12757,client_12757@domain.com,2009-12-01
16565,Direct Mail & Wholesale,United Kingdom,Metropolis,Customer,#16565,client_16565@domain.com,2009-12-01
13680,Direct Mail & Wholesale,United Kingdom,Metropolis,Customer,#13680,client_13680@domain.com,2009-12-01
12440,Direct Mail & Wholesale,EIRE,Metropolis,Customer,#12440,client_12440@domain.com,2009-12-01
15234,Direct Mail & Wholesale,United Kingdom,Metropolis,Customer,#15234,client_15234@domain.com,2009-12-01
15543,Direct Mail & Wholesale,United Kingdom,Metropolis,Customer,#15543,client_15543@domain.com,2009-12-01
18105,Direct Mail & Wholesale,France,Metropolis,Customer,#18105,client_18105@domain.com,2009-12-01
13193,Direct Mail & Wholesale,United Kingdom,Metropolis,Customer,#13193,client_13193@domain.com,2009-12-01
14344,Direct Mail & Wholesale,United Kingdom,Metropolis,Customer,#14344,client_14344@domain.com,2009-12-01
17109,Direct Mail & Wholesale,United Kingdom,Metropolis,Customer,#17109,client_17109@domain.com,2009-12-01
16486,Direct Mail & Wholesale,United Kingdom,Metropolis,Customer,#16486,client_16486@domain.com,2009-12-01
16753,Direct Mail & Wholesale,Netherlands,Metropolis,Customer,#16753,client_16753@domain.com,2009-12-01
13967,Direct Mail & Wholesale,United Kingdom,Metropolis,Customer,#13967,client_13967@domain.com,2009-12-01
13779,Direct Mail & Wholesale,United Kingdom,Metropolis,Customer,#13779,client_13779@domain.com,2009-12-01
12511,Direct Mail & Wholesale,United Kingdom,Metropolis,Customer,#12511,client_12511@domain.com,2009-12-01
13927,Direct Mail & Wholesale,United Kingdom,Metropolis,Customer,#13927,client_13927@domain.com,2009-12-01
12554,Direct Mail & Wholesale,United Kingdom,Metropolis,Customer,#12554,client_12554@domain.com,2009-12-01
16875,Direct Mail & Wholesale,United Kingdom,Metropolis,Customer,#16875,client_16875@domain.com,2009-12-01
17758,Direct Mail & Wholesale,United Kingdom,Metropolis,Customer,#17758,client_17758@domain.com,2009-12-01
15072,Direct Mail & Wholesale,United Kingdom,Metropolis,Customer,#15072,client_15072@domain.com,2009-12-01
15991,Direct Mail & Wholesale,United Kingdom,Metropolis,Customer,#15991,client_15991@domain.com,2009-12-01
13965,Direct Mail & Wholesale,United Kingdom,Metropolis,Customer,#13965,client_13965@domain.com,2009-12-01
17590,Direct Mail & Wholesale,United Kingdom,Metropolis,Customer,#17590,client_17590@domain.com,2009-12-01
17733,Direct Mail & Wholesale,United Kingdom,Metropolis,Customer,#17733,client_17733@domain.com,2009-12-01
16782,Direct Mail & Wholesale,United Kingdom,Metropolis,Customer,#16782,client_16782@domain.com,2009-12-01
12920,Direct Mail & Wholesale,United Kingdom,Metropolis,Customer,#12920,client_12920@domain.com,2009-12-01
15931,Direct Mail & Wholesale,United Kingdom,Metropolis,Customer,#15931,client_15931@domain.com,2009-12-01
15718,Direct Mail & Wholesale,Germany,Metropolis,Customer,#15718,client_15718@domain.com,2009-12-01
16491,Direct Mail & Wholesale,United Kingdom,Metropolis,Customer,#16491,client_16491@domain.com,2009-12-01
14811,Direct Mail & Wholesale,United Kingdom,Metropolis,Customer,#14811,client_14811@domain.com,2009-12-01
13266,Direct Mail & Wholesale,United Kingdom,Metropolis,Customer,#13266,client_13266@domain.com,2009-12-01
16348,Direct Mail & Wholesale,United Kingdom,Metropolis,Customer,#16348,client_16348@domain.com,2009-12-01
15025,Direct Mail & Wholesale,United Kingdom,Metropolis,Customer,#15025,client_15025@domain.com,2009-12-01
14998,Direct Mail & Wholesale,United Kingdom,Metropolis,Customer,#14998,client_14998@domain.com,2009-12-01
14699,Direct Mail & Wholesale,United Kingdom,Metropolis,Customer,#14699,client_14699@domain.com,2009-12-01
15023,Direct Mail & Wholesale,United Kingdom,Metropolis,Customer,#15023,client_15023@domain.com,2009-12-01
14834,Direct Mail & Wholesale,United Kingdom,Metropolis,Customer,#14834,client_14834@domain.com,2009-12-01
15324,Direct Mail & Wholesale,Belgium,Metropolis,Customer,#15324,client_15324@domain.com,2009-12-01
13843,Direct Mail & Wholesale,Switzerland,Metropolis,Customer,#13843,client_13843@domain.com,2009-12-01
17012,Direct Mail & Wholesale,United Kingdom,Metropolis,Customer,#17012,client_17012@domain.com,2009-12-01
17075,Direct Mail & Wholesale,United Kingdom,Metropolis,Customer,#17075,client_17075@domain.com,2009-12-01
13784,Direct Mail & Wholesale,United Kingdom,Metropolis,Customer,#13784,client_13784@domain.com,2009-12-01
16503,Direct Mail & Wholesale,United Kingdom,Metropolis,Customer,#16503,client_16503@domain.com,2009-12-01
18258,Direct Mail & Wholesale,United Kingdom,Metropolis,Customer,#18258,client_18258@domain.com,2009-12-01
16778,Direct Mail & Wholesale,United Kingdom,Metropolis,Customer,#16778,client_16778@domain.com,2009-12-01
17434,Direct Mail & Wholesale,United Kingdom,Metropolis,Customer,#17434,client_17434@domain.com,2009-12-01
16480,Direct Mail & Wholesale,United Kingdom,Metropolis,Customer,#16480,client_16480@domain.com,2009-12-01
14243,Direct Mail & Wholesale,United Kingdom,Metropolis,Customer,#14243,client_14243@domain.com,2009-12-01
18207,Direct Mail & Wholesale,United Kingdom,Metropolis,Customer,#18207,client_18207@domain.com,2009-12-01
17391,Direct Mail & Wholesale,United Kingdom,Metropolis,Customer,#17391,client_17391@domain.com,2009-12-01
16695,Direct Mail & Wholesale,United Kingdom,Metropolis,Customer,#16695,client_16695@domain.com,2009-12-01
14233,Direct Mail & Wholesale,United Kingdom,Metropolis,Customer,#14233,client_14233@domain.com,2009-12-01
14415,Direct Mail & Wholesale,France,Metropolis,Customer,#14415,client_14415@domain.com,2009-12-01
15224,Direct Mail & Wholesale,United Kingdom,Metropolis,Customer,#15224,client_15224@domain.com,2009-12-01
15440,Direct Mail & Wholesale,United Kingdom,Metropolis,Customer,#15440,client_15440@domain.com,2009-12-01
14070,Direct Mail & Wholesale,United Kingdom,Metropolis,Customer,#14070,client_14070@domain.com,2009-12-01
17704,Direct Mail & Wholesale,United Kingdom,Metropolis,Customer,#17704,client_17704@domain.com,2009-12-01
14833,Direct Mail & Wholesale,United Kingdom,Metropolis,Customer,#14833,client_14833@domain.com,2009-12-01
16638,Direct Mail & Wholesale,United Kingdom,Metropolis,Customer,#16638,client_16638@domain.com,2009-12-01
16029,Direct Mail & Wholesale,United Kingdom,Metropolis,Customer,#16029,client_16029@domain.com,2009-12-01
14092,Direct Mail & Wholesale,United Kingdom,Metropolis,Customer,#14092,client_14092@domain.com,2009-12-01
17280,Direct Mail & Wholesale,Spain,Metropolis,Customer,#17280,client_17280@domain.com,2009-12-01
17891,Direct Mail & Wholesale,United Kingdom,Metropolis,Customer,#17891,client_17891@domain.com,2009-12-01
14950,Direct Mail & Wholesale,Spain,Metropolis,Customer,#14950,client_14950@domain.com,2009-12-01
18124,Direct Mail & Wholesale,United Kingdom,Metropolis,Customer,#18124,client_18124@domain.com,2009-12-01
14282,Direct Mail & Wholesale,United Kingdom,Metropolis,Customer,#14282,client_14282@domain.com,2009-12-01
16861,Direct Mail & Wholesale,United Kingdom,Metropolis,Customer,#16861,client_16861@domain.com,2009-12-01
12402,Direct Mail & Wholesale,United Kingdom,Metropolis,Customer,#12402,client_12402@domain.com,2009-12-01
17555,Direct Mail & Wholesale,United Kingdom,Metropolis,Customer,#17555,client_17555@domain.com,2009-12-01
16648,Direct Mail & Wholesale,United Kingdom,Metropolis,Customer,#16648,client_16648@domain.com,2009-12-01
13939,Direct Mail & Wholesale,United Kingdom,Metropolis,Customer,#13939,client_13939@domain.com,2009-12-01
15359,Direct Mail & Wholesale,EIRE,Metropolis,Customer,#15359,client_15359@domain.com,2009-12-01
18011,Direct Mail & Wholesale,EIRE,Metropolis,Customer,#18011,client_18011@domain.com,2009-12-01
12574,Direct Mail & Wholesale,United Kingdom,Metropolis,Customer,#12574,client_12574@domain.com,2009-12-01
17547,Direct Mail & Wholesale,United Kingdom,Metropolis,Customer,#17547,client_17547@domain.com,2009-12-01
12502,Direct Mail & Wholesale,United Kingdom,Metropolis,Customer,#12502,client_12502@domain.com,2009-12-01
17696,Direct Mail & Wholesale,EIRE,Metropolis,Customer,#17696,client_17696@domain.com,2009-12-01
15406,Direct Mail & Wholesale,United Kingdom,Metropolis,Customer,#15406,client_15406@domain.com,2009-12-01
15349,Direct Mail & Wholesale,United Kingdom,Metropolis,Customer,#15349,client_15349@domain.com,2009-12-01
16282,Direct Mail & Wholesale,United Kingdom,Metropolis,Customer,#16282,client_16282@domain.com,2009-12-01
14495,Direct Mail & Wholesale,United Kingdom,Metropolis,Customer,#14495,client_14495@domain.com,2009-12-01
15174,Direct Mail & Wholesale,EIRE,Metropolis,Customer,#15174,client_15174@domain.com,2009-12-01
12905,Direct Mail & Wholesale,United Kingdom,Metropolis,Customer,#12905,client_12905@domain.com,2009-12-01
16878,Direct Mail & Wholesale,United Kingdom,Metropolis,Customer,#16878,client_16878@domain.com,2009-12-01
12927,Direct Mail & Wholesale,United Kingdom,Metropolis,Customer,#12927,client_12927@domain.com,2009-12-01
15867,Direct Mail & Wholesale,United Kingdom,Metropolis,Customer,#15867,client_15867@domain.com,2009-12-01
13290,Direct Mail & Wholesale,United Kingdom,Metropolis,Customer,#13290,client_13290@domain.com,2009-12-01
14724,Direct Mail & Wholesale,United Kingdom,Metropolis,Customer,#14724,client_14724@domain.com,2009-12-01
18260,Direct Mail & Wholesale,United Kingdom,Metropolis,Customer,#18260,client_18260@domain.com,2009-12-01
18040,Direct Mail & Wholesale,United Kingdom,Metropolis,Customer,#18040,client_18040@domain.com,2009-12-01
13374,Direct Mail & Wholesale,United Kingdom,Metropolis,Customer,#13374,client_13374@domain.com,2009-12-01
18251,Direct Mail & Wholesale,United Kingdom,Metropolis,Customer,#18251,client_18251@domain.com,2009-12-01
14266,Direct Mail & Wholesale,EIRE,Metropolis,Customer,#14266,client_14266@domain.com,2009-12-01
17632,Direct Mail & Wholesale,United Kingdom,Metropolis,Customer,#17632,client_17632@domain.com,2009-12-01
15763,Direct Mail & Wholesale,United Kingdom,Metropolis,Customer,#15763,client_15763@domain.com,2009-12-01
16391,Direct Mail & Wholesale,United Kingdom,Metropolis,Customer,#16391,client_16391@domain.com,2009-12-01
15154,Direct Mail & Wholesale,United Kingdom,Metropolis,Customer,#15154,client_15154@domain.com,2009-12-01
16005,Direct Mail & Wholesale,United Kingdom,Metropolis,Customer,#16005,client_16005@domain.com,2009-12-01
13329,Direct Mail & Wholesale,Germany,Metropolis,Customer,#13329,client_13329@domain.com,2009-12-01
16106,Direct Mail & Wholesale,United Kingdom,Metropolis,Customer,#16106,client_16106@domain.com,2009-12-01
14676,Direct Mail & Wholesale,United Kingdom,Metropolis,Customer,#14676,client_14676@domain.com,2009-12-01
14885,Direct Mail & Wholesale,United Kingdom,Metropolis,Customer,#14885,client_14885@domain.com,2009-12-01
12714,Direct Mail & Wholesale,United Kingdom,Metropolis,Customer,#12714,client_12714@domain.com,2009-12-01
16583,Direct Mail & Wholesale,United Kingdom,Metropolis,Customer,#16583,client_16583@domain.com,2009-12-01
16502,Direct Mail & Wholesale,United Kingdom,Metropolis,Customer,#16502,client_16502@domain.com,2009-12-01
16712,Direct Mail & Wholesale,United Kingdom,Metropolis,Customer,#16712,client_16712@domain.com,2009-12-01
14865,Direct Mail & Wholesale,EIRE,Metropolis,Customer,#14865,client_14865@domain.com,2009-12-01
14234,Direct Mail & Wholesale,United Kingdom,Metropolis,Customer,#14234,client_14234@domain.com,2009-12-01
13663,Direct Mail & Wholesale,United Kingdom,Metropolis,Customer,#13663,client_13663@domain.com,2009-12-01
17095,Direct Mail & Wholesale,United Kingdom,Metropolis,Customer,#17095,client_17095@domain.com,2009-12-01
12989,Direct Mail & Wholesale,United Kingdom,Metropolis,Customer,#12989,client_12989@domain.com,2009-12-01
16584,Direct Mail & Wholesale,United Kingdom,Metropolis,Customer,#16584,client_16584@domain.com,2009-12-01
12365,Direct Mail & Wholesale,United Kingdom,Metropolis,Customer,#12365,client_12365@domain.com,2009-12-01
13958,Direct Mail & Wholesale,United Kingdom,Metropolis,Customer,#13958,client_13958@domain.com,2009-12-01
17819,Direct Mail & Wholesale,EIRE,Metropolis,Customer,#17819,client_17819@domain.com,2009-12-01
14571,Direct Mail & Wholesale,United Kingdom,Metropolis,Customer,#14571,client_14571@domain.com,2009-12-01
14274,Direct Mail & Wholesale,Spain,Metropolis,Customer,#14274,client_14274@domain.com,2009-12-01
15607,Direct Mail & Wholesale,United Kingdom,Metropolis,Customer,#15607,client_15607@domain.com,2009-12-01
15613,Direct Mail & Wholesale,United Kingdom,Metropolis,Customer,#15613,client_15613@domain.com,2009-12-01
13188,Direct Mail & Wholesale,United Kingdom,Metropolis,Customer,#13188,client_13188@domain.com,2009-12-01
16524,Direct Mail & Wholesale,United Kingdom,Metropolis,Customer,#16524,client_16524@domain.com,2009-12-01
15399,Direct Mail & Wholesale,United Kingdom,Metropolis,Customer,#15399,client_15399@domain.com,2009-12-01
13872,Direct Mail & Wholesale,Australia,Metropolis,Customer,#13872,client_13872@domain.com,2009-12-01
17216,Direct Mail & Wholesale,United Kingdom,Metropolis,Customer,#17216,client_17216@domain.com,2009-12-01
17260,Direct Mail & Wholesale,United Kingdom,Metropolis,Customer,#17260,client_17260@domain.com,2009-12-01
14783,Direct Mail & Wholesale,Belgium,Metropolis,Customer,#14783,client_14783@domain.com,2009-12-01
16220,Direct Mail & Wholesale,Netherlands,Metropolis,Customer,#16220,client_16220@domain.com,2009-12-01
16810,Direct Mail & Wholesale,Germany,Metropolis,Customer,#16810,client_16810@domain.com,2009-12-01
12954,Direct Mail & Wholesale,United Kingdom,Metropolis,Customer,#12954,client_12954@domain.com,2009-12-01
13050,Direct Mail & Wholesale,United Kingdom,Metropolis,Customer,#13050,client_13050@domain.com,2009-12-01
16459,Direct Mail & Wholesale,EIRE,Metropolis,Customer,#16459,client_16459@domain.com,2009-12-01
14042,Direct Mail & Wholesale,United Kingdom,Metropolis,Customer,#14042,client_14042@domain.com,2009-12-01
13164,Direct Mail & Wholesale,France,Metropolis,Customer,#13164,client_13164@domain.com,2009-12-01
14110,Direct Mail & Wholesale,United Kingdom,Metropolis,Customer,#14110,client_14110@domain.com,2009-12-01
14174,Direct Mail & Wholesale,EIRE,Metropolis,Customer,#14174,client_14174@domain.com,2009-12-01
16457,Direct Mail & Wholesale,United Kingdom,Metropolis,Customer,#16457,client_16457@domain.com,2009-12-01
12702,Direct Mail & Wholesale,Germany,Metropolis,Customer,#12702,client_12702@domain.com,2009-12-01
17470,Direct Mail & Wholesale,United Kingdom,Metropolis,Customer,#17470,client_17470@domain.com,2009-12-01
15693,Direct Mail & Wholesale,United Kingdom,Metropolis,Customer,#15693,client_15693@domain.com,2009-12-01
17752,Direct Mail & Wholesale,United Kingdom,Metropolis,Customer,#17752,client_17752@domain.com,2009-12-01
13249,Direct Mail & Wholesale,United Kingdom,Metropolis,Customer,#13249,client_13249@domain.com,2009-12-01
12488,Direct Mail & Wholesale,United Kingdom,Metropolis,Customer,#12488,client_12488@domain.com,2009-12-01
13738,Direct Mail & Wholesale,United Kingdom,Metropolis,Customer,#13738,client_13738@domain.com,2009-12-01
15917,Direct Mail & Wholesale,United Kingdom,Metropolis,Customer,#15917,client_15917@domain.com,2009-12-01
12793,Direct Mail & Wholesale,Netherlands,Metropolis,Customer,#12793,client_12793@domain.com,2009-12-01
12775,Direct Mail & Wholesale,United Kingdom,Metropolis,Customer,#12775,client_12775@domain.com,2009-12-01
14456,Direct Mail & Wholesale,United Kingdom,Metropolis,Customer,#14456,client_14456@domain.com,2009-12-01
16828,Direct Mail & Wholesale,United Kingdom,Metropolis,Customer,#16828,client_16828@domain.com,2009-12-01
17202,Direct Mail & Wholesale,United Kingdom,Metropolis,Customer,#17202,client_17202@domain.com,2009-12-01
18167,Direct Mail & Wholesale,United Kingdom,Metropolis,Customer,#18167,client_18167@domain.com,2009-12-01
16580,Direct Mail & Wholesale,United Kingdom,Metropolis,Customer,#16580,client_16580@domain.com,2009-12-01
18093,Direct Mail & Wholesale,Spain,Metropolis,Customer,#18093,client_18093@domain.com,2009-12-01
16721,Direct Mail & Wholesale,United Kingdom,Metropolis,Customer,#16721,client_16721@domain.com,2009-12-01
15494,Direct Mail & Wholesale,EIRE,Metropolis,Customer,#15494,client_15494@domain.com,2009-12-01
13986,Direct Mail & Wholesale,United Kingdom,Metropolis,Customer,#13986,client_13986@domain.com,2009-12-01
12835,Direct Mail & Wholesale,United Kingdom,Metropolis,Customer,#12835,client_12835@domain.com,2009-12-01
12995,Direct Mail & Wholesale,United Kingdom,Metropolis,Customer,#12995,client_12995@domain.com,2009-12-01
17853,Direct Mail & Wholesale,United Kingdom,Metropolis,Customer,#17853,client_17853@domain.com,2009-12-01
13983,Direct Mail & Wholesale,United Kingdom,Metropolis,Customer,#13983,client_13983@domain.com,2009-12-01
14158,Direct Mail & Wholesale,United Kingdom,Metropolis,Customer,#14158,client_14158@domain.com,2009-12-01
16660,Direct Mail & Wholesale,United Kingdom,Metropolis,Customer,#16660,client_16660@domain.com,2009-12-01
18066,Direct Mail & Wholesale,United Kingdom,Metropolis,Customer,#18066,client_18066@domain.com,2009-12-01
12627,Direct Mail & Wholesale,United Kingdom,Metropolis,Customer,#12627,client_12627@domain.com,2009-12-01
15450,Direct Mail & Wholesale,United Kingdom,Metropolis,Customer,#15450,client_15450@domain.com,2009-12-01
15681,Direct Mail & Wholesale,United Kingdom,Metropolis,Customer,#15681,client_15681@domain.com,2009-12-01
18086,Direct Mail & Wholesale,United Kingdom,Metropolis,Customer,#18086,client_18086@domain.com,2009-12-01
16570,Direct Mail & Wholesale,France,Metropolis,Customer,#16570,client_16570@domain.com,2009-12-01
16334,Direct Mail & Wholesale,United Kingdom,Metropolis,Customer,#16334,client_16334@domain.com,2009-12-01
15505,Direct Mail & Wholesale,United Kingdom,Metropolis,Customer,#15505,client_15505@domain.com,2009-12-01
13338,Direct Mail & Wholesale,United Kingdom,Metropolis,Customer,#13338,client_13338@domain.com,2009-12-01
13950,Direct Mail & Wholesale,United Kingdom,Metropolis,Customer,#13950,client_13950@domain.com,2009-12-01
14159,Direct Mail & Wholesale,United Kingdom,Metropolis,Customer,#14159,client_14159@domain.com,2009-12-01
16418,Direct Mail & Wholesale,Belgium,Metropolis,Customer,#16418,client_16418@domain.com,2009-12-01
16968,Direct Mail & Wholesale,United Kingdom,Metropolis,Customer,#16968,client_16968@domain.com,2009-12-01
14621,Direct Mail & Wholesale,EIRE,Metropolis,Customer,#14621,client_14621@domain.com,2009-12-01
14493,Direct Mail & Wholesale,United Kingdom,Metropolis,Customer,#14493,client_14493@domain.com,2009-12-01
17867,Direct Mail & Wholesale,United Kingdom,Metropolis,Customer,#17867,client_17867@domain.com,2009-12-01
17586,Direct Mail & Wholesale,United Kingdom,Metropolis,Customer,#17586,client_17586@domain.com,2009-12-01
14933,Direct Mail & Wholesale,Spain,Metropolis,Customer,#14933,client_14933@domain.com,2009-12-01
15328,Direct Mail & Wholesale,United Kingdom,Metropolis,Customer,#15328,client_15328@domain.com,2009-12-01
14372,Direct Mail & Wholesale,United Kingdom,Metropolis,Customer,#14372,client_14372@domain.com,2009-12-01
15245,Direct Mail & Wholesale,United Kingdom,Metropolis,Customer,#15245,client_15245@domain.com,2009-12-01
13243,Direct Mail & Wholesale,United Kingdom,Metropolis,Customer,#13243,client_13243@domain.com,2009-12-01
16074,Direct Mail & Wholesale,France,Metropolis,Customer,#16074,client_16074@domain.com,2009-12-01
17480,Direct Mail & Wholesale,United Kingdom,Metropolis,Customer,#17480,client_17480@domain.com,2009-12-01
14208,Direct Mail & Wholesale,United Kingdom,Metropolis,Customer,#14208,client_14208@domain.com,2009-12-01
14603,Direct Mail & Wholesale,United Kingdom,Metropolis,Customer,#14603,client_14603@domain.com,2009-12-01
14074,Direct Mail & Wholesale,United Kingdom,Metropolis,Customer,#14074,client_14074@domain.com,2009-12-01
12808,Direct Mail & Wholesale,United Kingdom,Metropolis,Customer,#12808,client_12808@domain.com,2009-12-01
13334,Direct Mail & Wholesale,United Kingdom,Metropolis,Customer,#13334,client_13334@domain.com,2009-12-01
15274,Direct Mail & Wholesale,EIRE,Metropolis,Customer,#15274,client_15274@domain.com,2009-12-01
15989,Direct Mail & Wholesale,United Kingdom,Metropolis,Customer,#15989,client_15989@domain.com,2009-12-01
12420,Direct Mail & Wholesale,United Kingdom,Metropolis,Customer,#12420,client_12420@domain.com,2009-12-01
16829,Direct Mail & Wholesale,United Kingdom,Metropolis,Customer,#16829,client_16829@domain.com,2009-12-01
14236,Direct Mail & Wholesale,United Kingdom,Metropolis,Customer,#14236,client_14236@domain.com,2009-12-01
15983,Direct Mail & Wholesale,United Kingdom,Metropolis,Customer,#15983,client_15983@domain.com,2009-12-01
15957,Direct Mail & Wholesale,United Kingdom,Metropolis,Customer,#15957,client_15957@domain.com,2009-12-01
15463,Direct Mail & Wholesale,EIRE,Metropolis,Customer,#15463,client_15463@domain.com,2009-12-01
16073,Direct Mail & Wholesale,United Kingdom,Metropolis,Customer,#16073,client_16073@domain.com,2009-12-01
15571,Direct Mail & Wholesale,United Kingdom,Metropolis,Customer,#15571,client_15571@domain.com,2009-12-01
14002,Direct Mail & Wholesale,United Kingdom,Metropolis,Customer,#14002,client_14002@domain.com,2009-12-01
16993,Direct Mail & Wholesale,United Kingdom,Metropolis,Customer,#16993,client_16993@domain.com,2009-12-01
17457,Direct Mail & Wholesale,EIRE,Metropolis,Customer,#17457,client_17457@domain.com,2009-12-01
15049,Direct Mail & Wholesale,United Kingdom,Metropolis,Customer,#15049,client_15049@domain.com,2009-12-01
14990,Direct Mail & Wholesale,United Kingdom,Metropolis,Customer,#14990,client_14990@domain.com,2009-12-01
15909,Direct Mail & Wholesale,United Kingdom,Metropolis,Customer,#15909,client_15909@domain.com,2009-12-01
18102,Direct Mail & Wholesale,Germany,Metropolis,Customer,#18102,client_18102@domain.com,2009-12-01
17478,Direct Mail & Wholesale,United Kingdom,Metropolis,Customer,#17478,client_17478@domain.com,2009-12-01
14561,Direct Mail & Wholesale,United Kingdom,Metropolis,Customer,#14561,client_14561@domain.com,2009-12-01
16769,Direct Mail & Wholesale,United Kingdom,Metropolis,Customer,#16769,client_16769@domain.com,2009-12-01
15530,Direct Mail & Wholesale,United Kingdom,Metropolis,Customer,#15530,client_15530@domain.com,2009-12-01
15047,Direct Mail & Wholesale,Netherlands,Metropolis,Customer,#15047,client_15047@domain.com,2009-12-01
15622,Direct Mail & Wholesale,United Kingdom,Metropolis,Customer,#15622,client_15622@domain.com,2009-12-01
18051,Direct Mail & Wholesale,United Kingdom,Metropolis,Customer,#18051,client_18051@domain.com,2009-12-01
14297,Direct Mail & Wholesale,United Kingdom,Metropolis,Customer,#14297,client_14297@domain.com,2009-12-01
16150,Direct Mail & Wholesale,United Kingdom,Metropolis,Customer,#16150,client_16150@domain.com,2009-12-01
15507,Direct Mail & Wholesale,United Kingdom,Metropolis,Customer,#15507,client_15507@domain.com,2009-12-01
18115,Direct Mail & Wholesale,United Kingdom,Metropolis,Customer,#18115,client_18115@domain.com,2009-12-01
17020,Direct Mail & Wholesale,United Kingdom,Metropolis,Customer,#17020,client_17020@domain.com,2009-12-01
12567,Direct Mail & Wholesale,Germany,Metropolis,Customer,#12567,client_12567@domain.com,2009-12-01
16152,Direct Mail & Wholesale,United Kingdom,Metropolis,Customer,#16152,client_16152@domain.com,2009-12-01
12917,Direct Mail & Wholesale,United Kingdom,Metropolis,Customer,#12917,client_12917@domain.com,2009-12-01
17991,Direct Mail & Wholesale,United Kingdom,Metropolis,Customer,#17991,client_17991@domain.com,2009-12-01
14066,Direct Mail & Wholesale,United Kingdom,Metropolis,Customer,#14066,client_14066@domain.com,2009-12-01
13831,Direct Mail & Wholesale,United Kingdom,Metropolis,Customer,#13831,client_13831@domain.com,2009-12-01
17412,Direct Mail & Wholesale,United Kingdom,Metropolis,Customer,#17412,client_17412@domain.com,2009-12-01
17929,Direct Mail & Wholesale,United Kingdom,Metropolis,Customer,#17929,client_17929@domain.com,2009-12-01
16437,Direct Mail & Wholesale,United Kingdom,Metropolis,Customer,#16437,client_16437@domain.com,2009-12-01
18117,Direct Mail & Wholesale,United Kingdom,Metropolis,Customer,#18117,client_18117@domain.com,2009-12-01
17784,Direct Mail & Wholesale,United Kingdom,Metropolis,Customer,#17784,client_17784@domain.com,2009-12-01
12755,Direct Mail & Wholesale,United Kingdom,Metropolis,Customer,#12755,client_12755@domain.com,2009-12-01
12363,Direct Mail & Wholesale,United Kingdom,Metropolis,Customer,#12363,client_12363@domain.com,2009-12-01
12737,Direct Mail & Wholesale,Spain,Metropolis,Customer,#12737,client_12737@domain.com,2009-12-01
12676,Direct Mail & Wholesale,United Kingdom,Metropolis,Customer,#12676,client_12676@domain.com,2009-12-01
14534,Direct Mail & Wholesale,United Kingdom,Metropolis,Customer,#14534,client_14534@domain.com,2009-12-01
14645,Direct Mail & Wholesale,United Kingdom,Metropolis,Customer,#14645,client_14645@domain.com,2009-12-01
18047,Direct Mail & Wholesale,United Kingdom,Metropolis,Customer,#18047,client_18047@domain.com,2009-12-01
17025,Direct Mail & Wholesale,United Kingdom,Metropolis,Customer,#17025,client_17025@domain.com,2009-12-01
13945,Direct Mail & Wholesale,United Kingdom,Metropolis,Customer,#13945,client_13945@domain.com,2009-12-01
15426,Direct Mail & Wholesale,United Kingdom,Metropolis,Customer,#15426,client_15426@domain.com,2009-12-01
13718,Direct Mail & Wholesale,United Kingdom,Metropolis,Customer,#13718,client_13718@domain.com,2009-12-01
15883,Direct Mail & Wholesale,United Kingdom,Metropolis,Customer,#15883,client_15883@domain.com,2009-12-01
13272,Direct Mail & Wholesale,United Kingdom,Metropolis,Customer,#13272,client_13272@domain.com,2009-12-01
18071,Direct Mail & Wholesale,United Kingdom,Metropolis,Customer,#18071,client_18071@domain.com,2009-12-01
18131,Direct Mail & Wholesale,United Kingdom,Metropolis,Customer,#18131,client_18131@domain.com,2009-12-01
17623,Direct Mail & Wholesale,United Kingdom,Metropolis,Customer,#17623,client_17623@domain.com,2009-12-01
12728,Direct Mail & Wholesale,United Kingdom,Metropolis,Customer,#12728,client_12728@domain.com,2009-12-01
12782,Direct Mail & Wholesale,United Kingdom,Metropolis,Customer,#12782,client_12782@domain.com,2009-12-01
15301,Direct Mail & Wholesale,United Kingdom,Metropolis,Customer,#15301,client_15301@domain.com,2009-12-01
16406,Direct Mail & Wholesale,United Kingdom,Metropolis,Customer,#16406,client_16406@domain.com,2009-12-01
15118,Direct Mail & Wholesale,United Kingdom,Metropolis,Customer,#15118,client_15118@domain.com,2009-12-01
13423,Direct Mail & Wholesale,United Kingdom,Metropolis,Customer,#13423,client_13423@domain.com,2009-12-01
15556,Direct Mail & Wholesale,United Kingdom,Metropolis,Customer,#15556,client_15556@domain.com,2009-12-01
12458,Direct Mail & Wholesale,United Kingdom,Metropolis,Customer,#12458,client_12458@domain.com,2009-12-01
17126,Direct Mail & Wholesale,France,Metropolis,Customer,#17126,client_17126@domain.com,2009-12-01
14745,Direct Mail & Wholesale,United Kingdom,Metropolis,Customer,#14745,client_14745@domain.com,2009-12-01
17463,Direct Mail & Wholesale,United Kingdom,Metropolis,Customer,#17463,client_17463@domain.com,2009-12-01
16244,Direct Mail & Wholesale,United Kingdom,Metropolis,Customer,#16244,client_16244@domain.com,2009-12-01
13901,Direct Mail & Wholesale,United Kingdom,Metropolis,Customer,#13901,client_13901@domain.com,2009-12-01
15590,Direct Mail & Wholesale,United Kingdom,Metropolis,Customer,#15590,client_15590@domain.com,2009-12-01
15043,Direct Mail & Wholesale,United Kingdom,Metropolis,Customer,#15043,client_15043@domain.com,2009-12-01
16271,Direct Mail & Wholesale,United Kingdom,Metropolis,Customer,#16271,client_16271@domain.com,2009-12-01
16811,Direct Mail & Wholesale,United Kingdom,Metropolis,Customer,#16811,client_16811@domain.com,2009-12-01
16003,Direct Mail & Wholesale,United Kingdom,Metropolis,Customer,#16003,client_16003@domain.com,2009-12-01
14880,Direct Mail & Wholesale,Portugal,Metropolis,Customer,#14880,client_14880@domain.com,2009-12-01
14271,Direct Mail & Wholesale,United Kingdom,Metropolis,Customer,#14271,client_14271@domain.com,2009-12-01
13454,Direct Mail & Wholesale,United Kingdom,Metropolis,Customer,#13454,client_13454@domain.com,2009-12-01
15940,Direct Mail & Wholesale,France,Metropolis,Customer,#15940,client_15940@domain.com,2009-12-01
17066,Direct Mail & Wholesale,EIRE,Metropolis,Customer,#17066,client_17066@domain.com,2009-12-01
12673,Direct Mail & Wholesale,United Kingdom,Metropolis,Customer,#12673,client_12673@domain.com,2009-12-01
17622,Direct Mail & Wholesale,United Kingdom,Metropolis,Customer,#17622,client_17622@domain.com,2009-12-01
14052,Direct Mail & Wholesale,France,Metropolis,Customer,#14052,client_14052@domain.com,2009-12-01
16040,Direct Mail & Wholesale,United Kingdom,Metropolis,Customer,#16040,client_16040@domain.com,2009-12-01
16691,Direct Mail & Wholesale,United Kingdom,Metropolis,Customer,#16691,client_16691@domain.com,2009-12-01
15825,Direct Mail & Wholesale,United Kingdom,Metropolis,Customer,#15825,client_15825@domain.com,2009-12-01
15106,Direct Mail & Wholesale,United Kingdom,Metropolis,Customer,#15106,client_15106@domain.com,2009-12-01
13023,Direct Mail & Wholesale,United Kingdom,Metropolis,Customer,#13023,client_13023@domain.com,2009-12-01
17494,Direct Mail & Wholesale,United Kingdom,Metropolis,Customer,#17494,client_17494@domain.com,2009-12-01
17161,Direct Mail & Wholesale,United Kingdom,Metropolis,Customer,#17161,client_17161@domain.com,2009-12-01
12877,Direct Mail & Wholesale,Netherlands,Metropolis,Customer,#12877,client_12877@domain.com,2009-12-01
16642,Direct Mail & Wholesale,United Kingdom,Metropolis,Customer,#16642,client_16642@domain.com,2009-12-01
16751,Direct Mail & Wholesale,United Kingdom,Metropolis,Customer,#16751,client_16751@domain.com,2009-12-01
14321,Direct Mail & Wholesale,United Kingdom,Metropolis,Customer,#14321,client_14321@domain.com,2009-12-01
17941,Direct Mail & Wholesale,United Kingdom,Metropolis,Customer,#17941,client_17941@domain.com,2009-12-01
17950,Direct Mail & Wholesale,United Kingdom,Metropolis,Customer,#17950,client_17950@domain.com,2009-12-01
14846,Direct Mail & Wholesale,Spain,Metropolis,Customer,#14846,client_14846@domain.com,2009-12-01
17913,Direct Mail & Wholesale,United Kingdom,Metropolis,Customer,#17913,client_17913@domain.com,2009-12-01
13835,Direct Mail & Wholesale,United Kingdom,Metropolis,Customer,#13835,client_13835@domain.com,2009-12-01
14105,Direct Mail & Wholesale,Australia,Metropolis,Customer,#14105,client_14105@domain.com,2009-12-01
17968,Direct Mail & Wholesale,United Kingdom,Metropolis,Customer,#17968,client_17968@domain.com,2009-12-01
12773,Direct Mail & Wholesale,United Kingdom,Metropolis,Customer,#12773,client_12773@domain.com,2009-12-01
14910,Direct Mail & Wholesale,United Kingdom,Metropolis,Customer,#14910,client_14910@domain.com,2009-12-01
14908,Direct Mail & Wholesale,United Kingdom,Metropolis,Customer,#14908,client_14908@domain.com,2009-12-01
14441,Direct Mail & Wholesale,United Kingdom,Metropolis,Customer,#14441,client_14441@domain.com,2009-12-01
15929,Direct Mail & Wholesale,United Kingdom,Metropolis,Customer,#15929,client_15929@domain.com,2009-12-01
16091,Direct Mail & Wholesale,United Kingdom,Metropolis,Customer,#16091,client_16091@domain.com,2009-12-01
16822,Direct Mail & Wholesale,Netherlands,Metropolis,Customer,#16822,client_16822@domain.com,2009-12-01
13133,Direct Mail & Wholesale,United Kingdom,Metropolis,Customer,#13133,client_13133@domain.com,2009-12-01
14347,Direct Mail & Wholesale,Germany,Metropolis,Customer,#14347,client_14347@domain.com,2009-12-01
17340,Direct Mail & Wholesale,France,Metropolis,Customer,#17340,client_17340@domain.com,2009-12-01
12392,Direct Mail & Wholesale,United Kingdom,Metropolis,Customer,#12392,client_12392@domain.com,2009-12-01
14340,Direct Mail & Wholesale,United Kingdom,Metropolis,Customer,#14340,client_14340@domain.com,2009-12-01
15460,Direct Mail & Wholesale,EIRE,Metropolis,Customer,#15460,client_15460@domain.com,2009-12-01
17571,Direct Mail & Wholesale,United Kingdom,Metropolis,Customer,#17571,client_17571@domain.com,2009-12-01
17163,Direct Mail & Wholesale,United Kingdom,Metropolis,Customer,#17163,client_17163@domain.com,2009-12-01
14348,Direct Mail & Wholesale,United Kingdom,Metropolis,Customer,#14348,client_14348@domain.com,2009-12-01
15355,Direct Mail & Wholesale,United Kingdom,Metropolis,Customer,#15355,client_15355@domain.com,2009-12-01
14810,Direct Mail & Wholesale,United Kingdom,Metropolis,Customer,#14810,client_14810@domain.com,2009-12-01
16971,Direct Mail & Wholesale,United Kingdom,Metropolis,Customer,#16971,client_16971@domain.com,2009-12-01
16577,Direct Mail & Wholesale,EIRE,Metropolis,Customer,#16577,client_16577@domain.com,2009-12-01
12929,Direct Mail & Wholesale,EIRE,Metropolis,Customer,#12929,client_12929@domain.com,2009-12-01
16245,Direct Mail & Wholesale,United Kingdom,Metropolis,Customer,#16245,client_16245@domain.com,2009-12-01
14212,Direct Mail & Wholesale,United Kingdom,Metropolis,Customer,#14212,client_14212@domain.com,2009-12-01
15042,Direct Mail & Wholesale,United Kingdom,Metropolis,Customer,#15042,client_15042@domain.com,2009-12-01
15794,Direct Mail & Wholesale,United Kingdom,Metropolis,Customer,#15794,client_15794@domain.com,2009-12-01
13818,Direct Mail & Wholesale,United Kingdom,Metropolis,Customer,#13818,client_13818@domain.com,2009-12-01
16866,Direct Mail & Wholesale,Germany,Metropolis,Customer,#16866,client_16866@domain.com,2009-12-01
13367,Direct Mail & Wholesale,United Kingdom,Metropolis,Customer,#13367,client_13367@domain.com,2009-12-01
14071,Direct Mail & Wholesale,United Kingdom,Metropolis,Customer,#14071,client_14071@domain.com,2009-12-01
16276,Direct Mail & Wholesale,United Kingdom,Metropolis,Customer,#16276,client_16276@domain.com,2009-12-01
14566,Direct Mail & Wholesale,United Kingdom,Metropolis,Customer,#14566,client_14566@domain.com,2009-12-01
15114,Direct Mail & Wholesale,United Kingdom,Metropolis,Customer,#15114,client_15114@domain.com,2009-12-01
15147,Direct Mail & Wholesale,United Kingdom,Metropolis,Customer,#15147,client_15147@domain.com,2009-12-01
16737,Direct Mail & Wholesale,Netherlands,Metropolis,Customer,#16737,client_16737@domain.com,2009-12-01
15601,Direct Mail & Wholesale,United Kingdom,Metropolis,Customer,#15601,client_15601@domain.com,2009-12-01
15561,Direct Mail & Wholesale,United Kingdom,Metropolis,Customer,#15561,client_15561@domain.com,2009-12-01
13944,Direct Mail & Wholesale,United Kingdom,Metropolis,Customer,#13944,client_13944@domain.com,2009-12-01
13608,Direct Mail & Wholesale,United Kingdom,Metropolis,Customer,#13608,client_13608@domain.com,2009-12-01
15521,Direct Mail & Wholesale,United Kingdom,Metropolis,Customer,#15521,client_15521@domain.com,2009-12-01
14909,Direct Mail & Wholesale,United Kingdom,Metropolis,Customer,#14909,client_14909@domain.com,2009-12-01
14761,Direct Mail & Wholesale,United Kingdom,Metropolis,Customer,#14761,client_14761@domain.com,2009-12-01
16908,Direct Mail & Wholesale,United Kingdom,Metropolis,Customer,#16908,client_16908@domain.com,2009-12-01
13283,Direct Mail & Wholesale,United Kingdom,Metropolis,Customer,#13283,client_13283@domain.com,2009-12-01
14887,Direct Mail & Wholesale,United Kingdom,Metropolis,Customer,#14887,client_14887@domain.com,2009-12-01
16251,Direct Mail & Wholesale,United Kingdom,Metropolis,Customer,#16251,client_16251@domain.com,2009-12-01
16321,Direct Mail & Wholesale,France,Metropolis,Customer,#16321,client_16321@domain.com,2009-12-01
15658,Direct Mail & Wholesale,United Kingdom,Metropolis,Customer,#15658,client_15658@domain.com,2009-12-01
15095,Direct Mail & Wholesale,United Kingdom,Metropolis,Customer,#15095,client_15095@domain.com,2009-12-01
15953,Direct Mail & Wholesale,United Kingdom,Metropolis,Customer,#15953,client_15953@domain.com,2009-12-01
12787,Direct Mail & Wholesale,United Kingdom,Metropolis,Customer,#12787,client_12787@domain.com,2009-12-01
15402,Direct Mail & Wholesale,United Kingdom,Metropolis,Customer,#15402,client_15402@domain.com,2009-12-01
16378,Direct Mail & Wholesale,United Kingdom,Metropolis,Customer,#16378,client_16378@domain.com,2009-12-01
13389,Direct Mail & Wholesale,United Kingdom,Metropolis,Customer,#13389,client_13389@domain.com,2009-12-01
14827,Direct Mail & Wholesale,United Kingdom,Metropolis,Customer,#14827,client_14827@domain.com,2009-12-01
15429,Direct Mail & Wholesale,Netherlands,Metropolis,Customer,#15429,client_15429@domain.com,2009-12-01
12829,Direct Mail & Wholesale,United Kingdom,Metropolis,Customer,#12829,client_12829@domain.com,2009-12-01
13802,Direct Mail & Wholesale,United Kingdom,Metropolis,Customer,#13802,client_13802@domain.com,2009-12-01
16462,Direct Mail & Wholesale,United Kingdom,Metropolis,Customer,#16462,client_16462@domain.com,2009-12-01
15373,Direct Mail & Wholesale,United Kingdom,Metropolis,Customer,#15373,client_15373@domain.com,2009-12-01
17604,Direct Mail & Wholesale,United Kingdom,Metropolis,Customer,#17604,client_17604@domain.com,2009-12-01
17516,Direct Mail & Wholesale,United Kingdom,Metropolis,Customer,#17516,client_17516@domain.com,2009-12-01
12785,Direct Mail & Wholesale,United Kingdom,Metropolis,Customer,#12785,client_12785@domain.com,2009-12-01
14367,Direct Mail & Wholesale,United Kingdom,Metropolis,Customer,#14367,client_14367@domain.com,2009-12-01
16224,Direct Mail & Wholesale,United Kingdom,Metropolis,Customer,#16224,client_16224@domain.com,2009-12-01
14519,Direct Mail & Wholesale,France,Metropolis,Customer,#14519,client_14519@domain.com,2009-12-01
15062,Direct Mail & Wholesale,United Kingdom,Metropolis,Customer,#15062,client_15062@domain.com,2009-12-01
14624,Direct Mail & Wholesale,Spain,Metropolis,Customer,#14624,client_14624@domain.com,2009-12-01
13014,Direct Mail & Wholesale,Netherlands,Metropolis,Customer,#13014,client_13014@domain.com,2009-12-01
17097,Direct Mail & Wholesale,United Kingdom,Metropolis,Customer,#17097,client_17097@domain.com,2009-12-01
15173,Direct Mail & Wholesale,United Kingdom,Metropolis,Customer,#15173,client_15173@domain.com,2009-12-01
16727,Direct Mail & Wholesale,United Kingdom,Metropolis,Customer,#16727,client_16727@domain.com,2009-12-01
12563,Direct Mail & Wholesale,United Kingdom,Metropolis,Customer,#12563,client_12563@domain.com,2009-12-01
17847,Direct Mail & Wholesale,United Kingdom,Metropolis,Customer,#17847,client_17847@domain.com,2009-12-01
15261,Direct Mail & Wholesale,United Kingdom,Metropolis,Customer,#15261,client_15261@domain.com,2009-12-01
16926,Direct Mail & Wholesale,United Kingdom,Metropolis,Customer,#16926,client_16926@domain.com,2009-12-01
17491,Direct Mail & Wholesale,United Kingdom,Metropolis,Customer,#17491,client_17491@domain.com,2009-12-01
13318,Direct Mail & Wholesale,United Kingdom,Metropolis,Customer,#13318,client_13318@domain.com,2009-12-01
12486,Direct Mail & Wholesale,United Kingdom,Metropolis,Customer,#12486,client_12486@domain.com,2009-12-01
16134,Direct Mail & Wholesale,France,Metropolis,Customer,#16134,client_16134@domain.com,2009-12-01
17505,Direct Mail & Wholesale,United Kingdom,Metropolis,Customer,#17505,client_17505@domain.com,2009-12-01
17557,Direct Mail & Wholesale,United Kingdom,Metropolis,Customer,#17557,client_17557@domain.com,2009-12-01
13034,Direct Mail & Wholesale,Germany,Metropolis,Customer,#13034,client_13034@domain.com,2009-12-01
15109,Direct Mail & Wholesale,Germany,Metropolis,Customer,#15109,client_15109@domain.com,2009-12-01
17050,Direct Mail & Wholesale,United Kingdom,Metropolis,Customer,#17050,client_17050@domain.com,2009-12-01
16389,Direct Mail & Wholesale,United Kingdom,Metropolis,Customer,#16389,client_16389@domain.com,2009-12-01
17667,Direct Mail & Wholesale,United Kingdom,Metropolis,Customer,#17667,client_17667@domain.com,2009-12-01
16038,Direct Mail & Wholesale,United Kingdom,Metropolis,Customer,#16038,client_16038@domain.com,2009-12-01
17333,Direct Mail & Wholesale,United Kingdom,Metropolis,Customer,#17333,client_17333@domain.com,2009-12-01
14803,Direct Mail & Wholesale,United Kingdom,Metropolis,Customer,#14803,client_14803@domain.com,2009-12-01
13047,Direct Mail & Wholesale,United Kingdom,Metropolis,Customer,#13047,client_13047@domain.com,2009-12-01
17396,Direct Mail & Wholesale,EIRE,Metropolis,Customer,#17396,client_17396@domain.com,2009-12-01
13741,Direct Mail & Wholesale,United Kingdom,Metropolis,Customer,#13741,client_13741@domain.com,2009-12-01
17730,Direct Mail & Wholesale,United Kingdom,Metropolis,Customer,#17730,client_17730@domain.com,2009-12-01
14237,Direct Mail & Wholesale,United Kingdom,Metropolis,Customer,#14237,client_14237@domain.com,2009-12-01
13961,Direct Mail & Wholesale,United Kingdom,Metropolis,Customer,#13961,client_13961@domain.com,2009-12-01
14139,Direct Mail & Wholesale,United Kingdom,Metropolis,Customer,#14139,client_14139@domain.com,2009-12-01
12543,Direct Mail & Wholesale,France,Metropolis,Customer,#12543,client_12543@domain.com,2009-12-01
17925,Direct Mail & Wholesale,United Kingdom,Metropolis,Customer,#17925,client_17925@domain.com,2009-12-01
13651,Direct Mail & Wholesale,Netherlands,Metropolis,Customer,#13651,client_13651@domain.com,2009-12-01
12490,Direct Mail & Wholesale,Germany,Metropolis,Customer,#12490,client_12490@domain.com,2009-12-01
16311,Direct Mail & Wholesale,Belgium,Metropolis,Customer,#16311,client_16311@domain.com,2009-12-01
14186,Direct Mail & Wholesale,United Kingdom,Metropolis,Customer,#14186,client_14186@domain.com,2009-12-01
12762,Direct Mail & Wholesale,United Kingdom,Metropolis,Customer,#12762,client_12762@domain.com,2009-12-01
12671,Direct Mail & Wholesale,United Kingdom,Metropolis,Customer,#12671,client_12671@domain.com,2009-12-01
12433,Direct Mail & Wholesale,United Kingdom,Metropolis,Customer,#12433,client_12433@domain.com,2009-12-01
14637,Direct Mail & Wholesale,United Kingdom,Metropolis,Customer,#14637,client_14637@domain.com,2009-12-01
17062,Direct Mail & Wholesale,United Kingdom,Metropolis,Customer,#17062,client_17062@domain.com,2009-12-01
13328,Direct Mail & Wholesale,United Kingdom,Metropolis,Customer,#13328,client_13328@domain.com,2009-12-01
17892,Direct Mail & Wholesale,Germany,Metropolis,Customer,#17892,client_17892@domain.com,2009-12-01
13422,Direct Mail & Wholesale,United Kingdom,Metropolis,Customer,#13422,client_13422@domain.com,2009-12-01
16987,Direct Mail & Wholesale,Switzerland,Metropolis,Customer,#16987,client_16987@domain.com,2009-12-01
13128,Direct Mail & Wholesale,United Kingdom,Metropolis,Customer,#13128,client_13128@domain.com,2009-12-01
17435,Direct Mail & Wholesale,United Kingdom,Metropolis,Customer,#17435,client_17435@domain.com,2009-12-01
14713,Direct Mail & Wholesale,France,Metropolis,Customer,#14713,client_14713@domain.com,2009-12-01
17387,Direct Mail & Wholesale,United Kingdom,Metropolis,Customer,#17387,client_17387@domain.com,2009-12-01
13547,Direct Mail & Wholesale,United Kingdom,Metropolis,Customer,#13547,client_13547@domain.com,2009-12-01
16286,Direct Mail & Wholesale,United Kingdom,Metropolis,Customer,#16286,client_16286@domain.com,2009-12-01
17637,Direct Mail & Wholesale,Germany,Metropolis,Customer,#17637,client_17637@domain.com,2009-12-01
17384,Direct Mail & Wholesale,United Kingdom,Metropolis,Customer,#17384,client_17384@domain.com,2009-12-01
12512,Direct Mail & Wholesale,United Kingdom,Metropolis,Customer,#12512,client_12512@domain.com,2009-12-01
17473,Direct Mail & Wholesale,United Kingdom,Metropolis,Customer,#17473,client_17473@domain.com,2009-12-01
16761,Direct Mail & Wholesale,United Kingdom,Metropolis,Customer,#16761,client_16761@domain.com,2009-12-01
13529,Direct Mail & Wholesale,United Kingdom,Metropolis,Customer,#13529,client_13529@domain.com,2009-12-01
17113,Direct Mail & Wholesale,United Kingdom,Metropolis,Customer,#17113,client_17113@domain.com,2009-12-01
15238,Direct Mail & Wholesale,United Kingdom,Metropolis,Customer,#15238,client_15238@domain.com,2009-12-01
18083,Direct Mail & Wholesale,United Kingdom,Metropolis,Customer,#18083,client_18083@domain.com,2009-12-01
16476,Direct Mail & Wholesale,United Kingdom,Metropolis,Customer,#16476,client_16476@domain.com,2009-12-01
14001,Direct Mail & Wholesale,United Kingdom,Metropolis,Customer,#14001,client_14001@domain.com,2009-12-01
12729,Direct Mail & Wholesale,United Kingdom,Metropolis,Customer,#12729,client_12729@domain.com,2009-12-01
17878,Direct Mail & Wholesale,EIRE,Metropolis,Customer,#17878,client_17878@domain.com,2009-12-01
17919,Direct Mail & Wholesale,United Kingdom,Metropolis,Customer,#17919,client_17919@domain.com,2009-12-01
16839,Direct Mail & Wholesale,United Kingdom,Metropolis,Customer,#16839,client_16839@domain.com,2009-12-01
17726,Direct Mail & Wholesale,United Kingdom,Metropolis,Customer,#17726,client_17726@domain.com,2009-12-01
12664,Direct Mail & Wholesale,United Kingdom,Metropolis,Customer,#12664,client_12664@domain.com,2009-12-01
18055,Direct Mail & Wholesale,United Kingdom,Metropolis,Customer,#18055,client_18055@domain.com,2009-12-01
17172,Direct Mail & Wholesale,United Kingdom,Metropolis,Customer,#17172,client_17172@domain.com,2009-12-01
13463,Direct Mail & Wholesale,Australia,Metropolis,Customer,#13463,client_13463@domain.com,2009-12-01
14798,Direct Mail & Wholesale,United Kingdom,Metropolis,Customer,#14798,client_14798@domain.com,2009-12-01
16069,Direct Mail & Wholesale,United Kingdom,Metropolis,Customer,#16069,client_16069@domain.com,2009-12-01
15789,Direct Mail & Wholesale,United Kingdom,Metropolis,Customer,#15789,client_15789@domain.com,2009-12-01
15748,Direct Mail & Wholesale,United Kingdom,Metropolis,Customer,#15748,client_15748@domain.com,2009-12-01
15448,Direct Mail & Wholesale,Spain,Metropolis,Customer,#15448,client_15448@domain.com,2009-12-01
16959,Direct Mail & Wholesale,United Kingdom,Metropolis,Customer,#16959,client_16959@domain.com,2009-12-01
12744,Direct Mail & Wholesale,United Kingdom,Metropolis,Customer,#12744,client_12744@domain.com,2009-12-01
12654,Direct Mail & Wholesale,United Kingdom,Metropolis,Customer,#12654,client_12654@domain.com,2009-12-01
14387,Direct Mail & Wholesale,United Kingdom,Metropolis,Customer,#14387,client_14387@domain.com,2009-12-01
16168,Direct Mail & Wholesale,United Kingdom,Metropolis,Customer,#16168,client_16168@domain.com,2009-12-01
17951,Direct Mail & Wholesale,Germany,Metropolis,Customer,#17951,client_17951@domain.com,2009-12-01
14197,Direct Mail & Wholesale,United Kingdom,Metropolis,Customer,#14197,client_14197@domain.com,2009-12-01
12811,Direct Mail & Wholesale,United Kingdom,Metropolis,Customer,#12811,client_12811@domain.com,2009-12-01
13757,Direct Mail & Wholesale,France,Metropolis,Customer,#13757,client_13757@domain.com,2009-12-01
17636,Direct Mail & Wholesale,United Kingdom,Metropolis,Customer,#17636,client_17636@domain.com,2009-12-01
12507,Direct Mail & Wholesale,United Kingdom,Metropolis,Customer,#12507,client_12507@domain.com,2009-12-01
12731,Direct Mail & Wholesale,United Kingdom,Metropolis,Customer,#12731,client_12731@domain.com,2009-12-01
16621,Direct Mail & Wholesale,United Kingdom,Metropolis,Customer,#16621,client_16621@domain.com,2009-12-01
13770,Direct Mail & Wholesale,United Kingdom,Metropolis,Customer,#13770,client_13770@domain.com,2009-12-01
18100,Direct Mail & Wholesale,Germany,Metropolis,Customer,#18100,client_18100@domain.com,2009-12-01
16808,Direct Mail & Wholesale,United Kingdom,Metropolis,Customer,#16808,client_16808@domain.com,2009-12-01
14047,Direct Mail & Wholesale,United Kingdom,Metropolis,Customer,#14047,client_14047@domain.com,2009-12-01
14668,Direct Mail & Wholesale,United Kingdom,Metropolis,Customer,#14668,client_14668@domain.com,2009-12-01
13786,Direct Mail & Wholesale,Belgium,Metropolis,Customer,#13786,client_13786@domain.com,2009-12-01
14516,Direct Mail & Wholesale,United Kingdom,Metropolis,Customer,#14516,client_14516@domain.com,2009-12-01
12723,Direct Mail & Wholesale,United Kingdom,Metropolis,Customer,#12723,client_12723@domain.com,2009-12-01
13740,Direct Mail & Wholesale,Spain,Metropolis,Customer,#13740,client_13740@domain.com,2009-12-01
15223,Direct Mail & Wholesale,United Kingdom,Metropolis,Customer,#15223,client_15223@domain.com,2009-12-01
12971,Direct Mail & Wholesale,United Kingdom,Metropolis,Customer,#12971,client_12971@domain.com,2009-12-01
14474,Direct Mail & Wholesale,United Kingdom,Metropolis,Customer,#14474,client_14474@domain.com,2009-12-01
14165,Direct Mail & Wholesale,United Kingdom,Metropolis,Customer,#14165,client_14165@domain.com,2009-12-01
13403,Direct Mail & Wholesale,United Kingdom,Metropolis,Customer,#13403,client_13403@domain.com,2009-12-01
17341,Direct Mail & Wholesale,United Kingdom,Metropolis,Customer,#17341,client_17341@domain.com,2009-12-01
17698,Direct Mail & Wholesale,United Kingdom,Metropolis,Customer,#17698,client_17698@domain.com,2009-12-01
15584,Direct Mail & Wholesale,United Kingdom,Metropolis,Customer,#15584,client_15584@domain.com,2009-12-01
17119,Direct Mail & Wholesale,United Kingdom,Metropolis,Customer,#17119,client_17119@domain.com,2009-12-01
13135,Direct Mail & Wholesale,United Kingdom,Metropolis,Customer,#13135,client_13135@domain.com,2009-12-01
13479,Direct Mail & Wholesale,Switzerland,Metropolis,Customer,#13479,client_13479@domain.com,2009-12-01
13844,Direct Mail & Wholesale,United Kingdom,Metropolis,Customer,#13844,client_13844@domain.com,2009-12-01
15541,Direct Mail & Wholesale,United Kingdom,Metropolis,Customer,#15541,client_15541@domain.com,2009-12-01
13449,Direct Mail & Wholesale,Australia,Metropolis,Customer,#13449,client_13449@domain.com,2009-12-01
17876,Direct Mail & Wholesale,Germany,Metropolis,Customer,#17876,client_17876@domain.com,2009-12-01
17598,Direct Mail & Wholesale,United Kingdom,Metropolis,Customer,#17598,client_17598@domain.com,2009-12-01
15934,Direct Mail & Wholesale,United Kingdom,Metropolis,Customer,#15934,client_15934@domain.com,2009-12-01
15854,Direct Mail & Wholesale,United Kingdom,Metropolis,Customer,#15854,client_15854@domain.com,2009-12-01
17484,Direct Mail & Wholesale,United Kingdom,Metropolis,Customer,#17484,client_17484@domain.com,2009-12-01
14475,Direct Mail & Wholesale,United Kingdom,Metropolis,Customer,#14475,client_14475@domain.com,2009-12-01
15067,Direct Mail & Wholesale,Australia,Metropolis,Customer,#15067,client_15067@domain.com,2009-12-01
15142,Direct Mail & Wholesale,United Kingdom,Metropolis,Customer,#15142,client_15142@domain.com,2009-12-01
16278,Direct Mail & Wholesale,United Kingdom,Metropolis,Customer,#16278,client_16278@domain.com,2009-12-01
15132,Direct Mail & Wholesale,United Kingdom,Metropolis,Customer,#15132,client_15132@domain.com,2009-12-01
17337,Direct Mail & Wholesale,United Kingdom,Metropolis,Customer,#17337,client_17337@domain.com,2009-12-01
17709,Direct Mail & Wholesale,United Kingdom,Metropolis,Customer,#17709,client_17709@domain.com,2009-12-01
15327,Direct Mail & Wholesale,United Kingdom,Metropolis,Customer,#15327,client_15327@domain.com,2009-12-01
16604,Direct Mail & Wholesale,United Kingdom,Metropolis,Customer,#16604,client_16604@domain.com,2009-12-01
14133,Direct Mail & Wholesale,United Kingdom,Metropolis,Customer,#14133,client_14133@domain.com,2009-12-01
18273,Direct Mail & Wholesale,United Kingdom,Metropolis,Customer,#18273,client_18273@domain.com,2009-12-01
18196,Direct Mail & Wholesale,United Kingdom,Metropolis,Customer,#18196,client_18196@domain.com,2009-12-01
13541,Direct Mail & Wholesale,United Kingdom,Metropolis,Customer,#13541,client_13541@domain.com,2009-12-01
15546,Direct Mail & Wholesale,United Kingdom,Metropolis,Customer,#15546,client_15546@domain.com,2009-12-01
18162,Direct Mail & Wholesale,United Kingdom,Metropolis,Customer,#18162,client_18162@domain.com,2009-12-01
15401,Direct Mail & Wholesale,United Kingdom,Metropolis,Customer,#15401,client_15401@domain.com,2009-12-01
12569,Direct Mail & Wholesale,United Kingdom,Metropolis,Customer,#12569,client_12569@domain.com,2009-12-01
15532,Direct Mail & Wholesale,United Kingdom,Metropolis,Customer,#15532,client_15532@domain.com,2009-12-01
13446,Direct Mail & Wholesale,United Kingdom,Metropolis,Customer,#13446,client_13446@domain.com,2009-12-01
14292,Direct Mail & Wholesale,United Kingdom,Metropolis,Customer,#14292,client_14292@domain.com,2009-12-01
15228,Direct Mail & Wholesale,United Kingdom,Metropolis,Customer,#15228,client_15228@domain.com,2009-12-01
15922,Direct Mail & Wholesale,Spain,Metropolis,Customer,#15922,client_15922@domain.com,2009-12-01
18134,Direct Mail & Wholesale,United Kingdom,Metropolis,Customer,#18134,client_18134@domain.com,2009-12-01
16826,Direct Mail & Wholesale,Germany,Metropolis,Customer,#16826,client_16826@domain.com,2009-12-01
15689,Direct Mail & Wholesale,United Kingdom,Metropolis,Customer,#15689,client_15689@domain.com,2009-12-01
15812,Direct Mail & Wholesale,Germany,Metropolis,Customer,#15812,client_15812@domain.com,2009-12-01
13043,Direct Mail & Wholesale,United Kingdom,Metropolis,Customer,#13043,client_13043@domain.com,2009-12-01
12612,Direct Mail & Wholesale,United Kingdom,Metropolis,Customer,#12612,client_12612@domain.com,2009-12-01
17519,Direct Mail & Wholesale,United Kingdom,Metropolis,Customer,#17519,client_17519@domain.com,2009-12-01
14055,Direct Mail & Wholesale,United Kingdom,Metropolis,Customer,#14055,client_14055@domain.com,2009-12-01
18094,Direct Mail & Wholesale,United Kingdom,Metropolis,Customer,#18094,client_18094@domain.com,2009-12-01
13976,Direct Mail & Wholesale,United Kingdom,Metropolis,Customer,#13976,client_13976@domain.com,2009-12-01
12999,Direct Mail & Wholesale,United Kingdom,Metropolis,Customer,#12999,client_12999@domain.com,2009-12-01
16693,Direct Mail & Wholesale,United Kingdom,Metropolis,Customer,#16693,client_16693@domain.com,2009-12-01
16234,Direct Mail & Wholesale,Germany,Metropolis,Customer,#16234,client_16234@domain.com,2009-12-01
15411,Direct Mail & Wholesale,United Kingdom,Metropolis,Customer,#15411,client_15411@domain.com,2009-12-01
12483,Direct Mail & Wholesale,United Kingdom,Metropolis,Customer,#12483,client_12483@domain.com,2009-12-01
17083,Direct Mail & Wholesale,United Kingdom,Metropolis,Customer,#17083,client_17083@domain.com,2009-12-01
12855,Direct Mail & Wholesale,United Kingdom,Metropolis,Customer,#12855,client_12855@domain.com,2009-12-01
16250,Direct Mail & Wholesale,United Kingdom,Metropolis,Customer,#16250,client_16250@domain.com,2009-12-01
17990,Direct Mail & Wholesale,Germany,Metropolis,Customer,#17990,client_17990@domain.com,2009-12-01
16371,Direct Mail & Wholesale,United Kingdom,Metropolis,Customer,#16371,client_16371@domain.com,2009-12-01
13698,Direct Mail & Wholesale,United Kingdom,Metropolis,Customer,#13698,client_13698@domain.com,2009-12-01
18027,Direct Mail & Wholesale,United Kingdom,Metropolis,Customer,#18027,client_18027@domain.com,2009-12-01
17371,Direct Mail & Wholesale,United Kingdom,Metropolis,Customer,#17371,client_17371@domain.com,2009-12-01
14580,Direct Mail & Wholesale,United Kingdom,Metropolis,Customer,#14580,client_14580@domain.com,2009-12-01
13913,Direct Mail & Wholesale,United Kingdom,Metropolis,Customer,#13913,client_13913@domain.com,2009-12-01
12887,Direct Mail & Wholesale,Germany,Metropolis,Customer,#12887,client_12887@domain.com,2009-12-01
14003,Direct Mail & Wholesale,United Kingdom,Metropolis,Customer,#14003,client_14003@domain.com,2009-12-01
15599,Direct Mail & Wholesale,United Kingdom,Metropolis,Customer,#15599,client_15599@domain.com,2009-12-01
15956,Direct Mail & Wholesale,Germany,Metropolis,Customer,#15956,client_15956@domain.com,2009-12-01
12826,Direct Mail & Wholesale,United Kingdom,Metropolis,Customer,#12826,client_12826@domain.com,2009-12-01
15167,Direct Mail & Wholesale,United Kingdom,Metropolis,Customer,#15167,client_15167@domain.com,2009-12-01
14577,Direct Mail & Wholesale,United Kingdom,Metropolis,Customer,#14577,client_14577@domain.com,2009-12-01
13729,Direct Mail & Wholesale,Switzerland,Metropolis,Customer,#13729,client_13729@domain.com,2009-12-01
15317,Direct Mail & Wholesale,Portugal,Metropolis,Customer,#15317,client_15317@domain.com,2009-12-01
16083,Direct Mail & Wholesale,Netherlands,Metropolis,Customer,#16083,client_16083@domain.com,2009-12-01
15994,Direct Mail & Wholesale,United Kingdom,Metropolis,Customer,#15994,client_15994@domain.com,2009-12-01
17429,Direct Mail & Wholesale,Germany,Metropolis,Customer,#17429,client_17429@domain.com,2009-12-01
15407,Direct Mail & Wholesale,United Kingdom,Metropolis,Customer,#15407,client_15407@domain.com,2009-12-01
18227,Direct Mail & Wholesale,United Kingdom,Metropolis,Customer,#18227,client_18227@domain.com,2009-12-01
14703,Direct Mail & Wholesale,United Kingdom,Metropolis,Customer,#14703,client_14703@domain.com,2009-12-01
16071,Direct Mail & Wholesale,Germany,Metropolis,Customer,#16071,client_16071@domain.com,2009-12-01
15827,Direct Mail & Wholesale,United Kingdom,Metropolis,Customer,#15827,client_15827@domain.com,2009-12-01
13590,Direct Mail & Wholesale,United Kingdom,Metropolis,Customer,#13590,client_13590@domain.com,2009-12-01
13284,Direct Mail & Wholesale,United Kingdom,Metropolis,Customer,#13284,client_13284@domain.com,2009-12-01
16654,Direct Mail & Wholesale,United Kingdom,Metropolis,Customer,#16654,client_16654@domain.com,2009-12-01
13824,Direct Mail & Wholesale,United Kingdom,Metropolis,Customer,#13824,client_13824@domain.com,2009-12-01
15026,Direct Mail & Wholesale,United Kingdom,Metropolis,Customer,#15026,client_15026@domain.com,2009-12-01
17639,Direct Mail & Wholesale,Spain,Metropolis,Customer,#17639,client_17639@domain.com,2009-12-01
17227,Direct Mail & Wholesale,United Kingdom,Metropolis,Customer,#17227,client_17227@domain.com,2009-12-01
14605,Direct Mail & Wholesale,Belgium,Metropolis,Customer,#14605,client_14605@domain.com,2009-12-01
14084,Direct Mail & Wholesale,Spain,Metropolis,Customer,#14084,client_14084@domain.com,2009-12-01
17826,Direct Mail & Wholesale,United Kingdom,Metropolis,Customer,#17826,client_17826@domain.com,2009-12-01
13567,Direct Mail & Wholesale,United Kingdom,Metropolis,Customer,#13567,client_13567@domain.com,2009-12-01
15462,Direct Mail & Wholesale,United Kingdom,Metropolis,Customer,#15462,client_15462@domain.com,2009-12-01
13119,Direct Mail & Wholesale,France,Metropolis,Customer,#13119,client_13119@domain.com,2009-12-01
12349,Direct Mail & Wholesale,United Kingdom,Metropolis,Customer,#12349,client_12349@domain.com,2009-12-01
15056,Direct Mail & Wholesale,United Kingdom,Metropolis,Customer,#15056,client_15056@domain.com,2009-12-01
14913,Direct Mail & Wholesale,United Kingdom,Metropolis,Customer,#14913,client_14913@domain.com,2009-12-01
18229,Direct Mail & Wholesale,United Kingdom,Metropolis,Customer,#18229,client_18229@domain.com,2009-12-01
15198,Direct Mail & Wholesale,United Kingdom,Metropolis,Customer,#15198,client_15198@domain.com,2009-12-01
16734,Direct Mail & Wholesale,United Kingdom,Metropolis,Customer,#16734,client_16734@domain.com,2009-12-01
17945,Direct Mail & Wholesale,United Kingdom,Metropolis,Customer,#17945,client_17945@domain.com,2009-12-01
17548,Direct Mail & Wholesale,United Kingdom,Metropolis,Customer,#17548,client_17548@domain.com,2009-12-01
18090,Direct Mail & Wholesale,United Kingdom,Metropolis,Customer,#18090,client_18090@domain.com,2009-12-01
17530,Direct Mail & Wholesale,United Kingdom,Metropolis,Customer,#17530,client_17530@domain.com,2009-12-01
14407,Direct Mail & Wholesale,United Kingdom,Metropolis,Customer,#14407,client_14407@domain.com,2009-12-01
15650,Direct Mail & Wholesale,United Kingdom,Metropolis,Customer,#15650,client_15650@domain.com,2009-12-01
15651,Direct Mail & Wholesale,Germany,Metropolis,Customer,#15651,client_15651@domain.com,2009-12-01
17532,Direct Mail & Wholesale,United Kingdom,Metropolis,Customer,#17532,client_17532@domain.com,2009-12-01
13355,Direct Mail & Wholesale,United Kingdom,Metropolis,Customer,#13355,client_13355@domain.com,2009-12-01
17531,Direct Mail & Wholesale,United Kingdom,Metropolis,Customer,#17531,client_17531@domain.com,2009-12-01
16467,Direct Mail & Wholesale,Australia,Metropolis,Customer,#16467,client_16467@domain.com,2009-12-01
14769,Direct Mail & Wholesale,United Kingdom,Metropolis,Customer,#14769,client_14769@domain.com,2009-12-01
13414,Direct Mail & Wholesale,United Kingdom,Metropolis,Customer,#13414,client_13414@domain.com,2009-12-01
14976,Direct Mail & Wholesale,United Kingdom,Metropolis,Customer,#14976,client_14976@domain.com,2009-12-01
14584,Direct Mail & Wholesale,United Kingdom,Metropolis,Customer,#14584,client_14584@domain.com,2009-12-01
15677,Direct Mail & Wholesale,United Kingdom,Metropolis,Customer,#15677,client_15677@domain.com,2009-12-01
16235,Direct Mail & Wholesale,United Kingdom,Metropolis,Customer,#16235,client_16235@domain.com,2009-12-01
17392,Direct Mail & Wholesale,Germany,Metropolis,Customer,#17392,client_17392@domain.com,2009-12-01
17279,Direct Mail & Wholesale,United Kingdom,Metropolis,Customer,#17279,client_17279@domain.com,2009-12-01
14698,Direct Mail & Wholesale,Germany,Metropolis,Customer,#14698,client_14698@domain.com,2009-12-01
17660,Direct Mail & Wholesale,United Kingdom,Metropolis,Customer,#17660,client_17660@domain.com,2009-12-01
16591,Direct Mail & Wholesale,France,Metropolis,Customer,#16591,client_16591@domain.com,2009-12-01
16798,Direct Mail & Wholesale,United Kingdom,Metropolis,Customer,#16798,client_16798@domain.com,2009-12-01
13027,Direct Mail & Wholesale,United Kingdom,Metropolis,Customer,#13027,client_13027@domain.com,2009-12-01
14272,Direct Mail & Wholesale,United Kingdom,Metropolis,Customer,#14272,client_14272@domain.com,2009-12-01
16665,Direct Mail & Wholesale,Spain,Metropolis,Customer,#16665,client_16665@domain.com,2009-12-01
13480,Direct Mail & Wholesale,United Kingdom,Metropolis,Customer,#13480,client_13480@domain.com,2009-12-01
15435,Direct Mail & Wholesale,United Kingdom,Metropolis,Customer,#15435,client_15435@domain.com,2009-12-01
12579,Direct Mail & Wholesale,Germany,Metropolis,Customer,#12579,client_12579@domain.com,2009-12-01
15291,Direct Mail & Wholesale,United Kingdom,Metropolis,Customer,#15291,client_15291@domain.com,2009-12-01
14015,Direct Mail & Wholesale,United Kingdom,Metropolis,Customer,#14015,client_14015@domain.com,2009-12-01
15568,Direct Mail & Wholesale,Netherlands,Metropolis,Customer,#15568,client_15568@domain.com,2009-12-01
13687,Direct Mail & Wholesale,United Kingdom,Metropolis,Customer,#13687,client_13687@domain.com,2009-12-01
16718,Direct Mail & Wholesale,United Kingdom,Metropolis,Customer,#16718,client_16718@domain.com,2009-12-01
12716,Direct Mail & Wholesale,United Kingdom,Metropolis,Customer,#12716,client_12716@domain.com,2009-12-01
16079,Direct Mail & Wholesale,United Kingdom,Metropolis,Customer,#16079,client_16079@domain.com,2009-12-01
17771,Direct Mail & Wholesale,United Kingdom,Metropolis,Customer,#17771,client_17771@domain.com,2009-12-01
14858,Direct Mail & Wholesale,Portugal,Metropolis,Customer,#14858,client_14858@domain.com,2009-12-01
15673,Direct Mail & Wholesale,Netherlands,Metropolis,Customer,#15673,client_15673@domain.com,2009-12-01
17428,Direct Mail & Wholesale,United Kingdom,Metropolis,Customer,#17428,client_17428@domain.com,2009-12-01
18221,Direct Mail & Wholesale,United Kingdom,Metropolis,Customer,#18221,client_18221@domain.com,2009-12-01
12472,Direct Mail & Wholesale,United Kingdom,Metropolis,Customer,#12472,client_12472@domain.com,2009-12-01
16684,Direct Mail & Wholesale,United Kingdom,Metropolis,Customer,#16684,client_16684@domain.com,2009-12-01
18046,Direct Mail & Wholesale,United Kingdom,Metropolis,Customer,#18046,client_18046@domain.com,2009-12-01
15209,Direct Mail & Wholesale,United Kingdom,Metropolis,Customer,#15209,client_15209@domain.com,2009-12-01
14929,Direct Mail & Wholesale,United Kingdom,Metropolis,Customer,#14929,client_14929@domain.com,2009-12-01
12668,Direct Mail & Wholesale,EIRE,Metropolis,Customer,#12668,client_12668@domain.com,2009-12-01
15891,Direct Mail & Wholesale,United Kingdom,Metropolis,Customer,#15891,client_15891@domain.com,2009-12-01
16824,Direct Mail & Wholesale,United Kingdom,Metropolis,Customer,#16824,client_16824@domain.com,2009-12-01
16296,Direct Mail & Wholesale,United Kingdom,Metropolis,Customer,#16296,client_16296@domain.com,2009-12-01
12611,Direct Mail & Wholesale,United Kingdom,Metropolis,Customer,#12611,client_12611@domain.com,2009-12-01
17116,Direct Mail & Wholesale,United Kingdom,Metropolis,Customer,#17116,client_17116@domain.com,2009-12-01
15439,Direct Mail & Wholesale,United Kingdom,Metropolis,Customer,#15439,client_15439@domain.com,2009-12-01
18206,Direct Mail & Wholesale,United Kingdom,Metropolis,Customer,#18206,client_18206@domain.com,2009-12-01
13127,Direct Mail & Wholesale,United Kingdom,Metropolis,Customer,#13127,client_13127@domain.com,2009-12-01
17588,Direct Mail & Wholesale,United Kingdom,Metropolis,Customer,#17588,client_17588@domain.com,2009-12-01
13149,Direct Mail & Wholesale,United Kingdom,Metropolis,Customer,#13149,client_13149@domain.com,2009-12-01
14891,Direct Mail & Wholesale,United Kingdom,Metropolis,Customer,#14891,client_14891@domain.com,2009-12-01
13186,Direct Mail & Wholesale,United Kingdom,Metropolis,Customer,#13186,client_13186@domain.com,2009-12-01
16510,Direct Mail & Wholesale,United Kingdom,Metropolis,Customer,#16510,client_16510@domain.com,2009-12-01
15457,Direct Mail & Wholesale,United Kingdom,Metropolis,Customer,#15457,client_15457@domain.com,2009-12-01
13999,Direct Mail & Wholesale,United Kingdom,Metropolis,Customer,#13999,client_13999@domain.com,2009-12-01
15006,Direct Mail & Wholesale,United Kingdom,Metropolis,Customer,#15006,client_15006@domain.com,2009-12-01
12788,Direct Mail & Wholesale,United Kingdom,Metropolis,Customer,#12788,client_12788@domain.com,2009-12-01
15662,Direct Mail & Wholesale,United Kingdom,Metropolis,Customer,#15662,client_15662@domain.com,2009-12-01
16453,Direct Mail & Wholesale,United Kingdom,Metropolis,Customer,#16453,client_16453@domain.com,2009-12-01
17493,Direct Mail & Wholesale,United Kingdom,Metropolis,Customer,#17493,client_17493@domain.com,2009-12-01
17164,Direct Mail & Wholesale,United Kingdom,Metropolis,Customer,#17164,client_17164@domain.com,2009-12-01
17074,Direct Mail & Wholesale,United Kingdom,Metropolis,Customer,#17074,client_17074@domain.com,2009-12-01
16042,Direct Mail & Wholesale,United Kingdom,Metropolis,Customer,#16042,client_16042@domain.com,2009-12-01
16877,Direct Mail & Wholesale,United Kingdom,Metropolis,Customer,#16877,client_16877@domain.com,2009-12-01
13548,Direct Mail & Wholesale,Germany,Metropolis,Customer,#13548,client_13548@domain.com,2009-12-01
16048,Direct Mail & Wholesale,France,Metropolis,Customer,#16048,client_16048@domain.com,2009-12-01
16338,Direct Mail & Wholesale,United Kingdom,Metropolis,Customer,#16338,client_16338@domain.com,2009-12-01
15419,Direct Mail & Wholesale,United Kingdom,Metropolis,Customer,#15419,client_15419@domain.com,2009-12-01
15100,Direct Mail & Wholesale,United Kingdom,Metropolis,Customer,#15100,client_15100@domain.com,2009-12-01
17302,Direct Mail & Wholesale,United Kingdom,Metropolis,Customer,#17302,client_17302@domain.com,2009-12-01
14424,Direct Mail & Wholesale,United Kingdom,Metropolis,Customer,#14424,client_14424@domain.com,2009-12-01
16566,Direct Mail & Wholesale,EIRE,Metropolis,Customer,#16566,client_16566@domain.com,2009-12-01
15039,Direct Mail & Wholesale,United Kingdom,Metropolis,Customer,#15039,client_15039@domain.com,2009-12-01
17317,Direct Mail & Wholesale,United Kingdom,Metropolis,Customer,#17317,client_17317@domain.com,2009-12-01
16356,Direct Mail & Wholesale,United Kingdom,Metropolis,Customer,#16356,client_16356@domain.com,2009-12-01
17578,Direct Mail & Wholesale,Germany,Metropolis,Customer,#17578,client_17578@domain.com,2009-12-01
15848,Direct Mail & Wholesale,France,Metropolis,Customer,#15848,client_15848@domain.com,2009-12-01
15308,Direct Mail & Wholesale,United Kingdom,Metropolis,Customer,#15308,client_15308@domain.com,2009-12-01
16146,Direct Mail & Wholesale,United Kingdom,Metropolis,Customer,#16146,client_16146@domain.com,2009-12-01
15767,Direct Mail & Wholesale,United Kingdom,Metropolis,Customer,#15767,client_15767@domain.com,2009-12-01
14903,Direct Mail & Wholesale,United Kingdom,Metropolis,Customer,#14903,client_14903@domain.com,2009-12-01
14488,Direct Mail & Wholesale,United Kingdom,Metropolis,Customer,#14488,client_14488@domain.com,2009-12-01
16806,Direct Mail & Wholesale,United Kingdom,Metropolis,Customer,#16806,client_16806@domain.com,2009-12-01
15292,Direct Mail & Wholesale,EIRE,Metropolis,Customer,#15292,client_15292@domain.com,2009-12-01
13005,Direct Mail & Wholesale,United Kingdom,Metropolis,Customer,#13005,client_13005@domain.com,2009-12-01
16639,Direct Mail & Wholesale,United Kingdom,Metropolis,Customer,#16639,client_16639@domain.com,2009-12-01
13310,Direct Mail & Wholesale,United Kingdom,Metropolis,Customer,#13310,client_13310@domain.com,2009-12-01
16033,Direct Mail & Wholesale,United Kingdom,Metropolis,Customer,#16033,client_16033@domain.com,2009-12-01
13431,Direct Mail & Wholesale,United Kingdom,Metropolis,Customer,#13431,client_13431@domain.com,2009-12-01
13727,Direct Mail & Wholesale,United Kingdom,Metropolis,Customer,#13727,client_13727@domain.com,2009-12-01
15052,Direct Mail & Wholesale,United Kingdom,Metropolis,Customer,#15052,client_15052@domain.com,2009-12-01
14965,Direct Mail & Wholesale,United Kingdom,Metropolis,Customer,#14965,client_14965@domain.com,2009-12-01
16619,Direct Mail & Wholesale,Germany,Metropolis,Customer,#16619,client_16619@domain.com,2009-12-01
16884,Direct Mail & Wholesale,United Kingdom,Metropolis,Customer,#16884,client_16884@domain.com,2009-12-01
14784,Direct Mail & Wholesale,Spain,Metropolis,Customer,#14784,client_14784@domain.com,2009-12-01
13214,Direct Mail & Wholesale,United Kingdom,Metropolis,Customer,#13214,client_13214@domain.com,2009-12-01
15048,Direct Mail & Wholesale,France,Metropolis,Customer,#15048,client_15048@domain.com,2009-12-01
17762,Direct Mail & Wholesale,Netherlands,Metropolis,Customer,#17762,client_17762@domain.com,2009-12-01
12682,Direct Mail & Wholesale,United Kingdom,Metropolis,Customer,#12682,client_12682@domain.com,2009-12-01
13896,Direct Mail & Wholesale,France,Metropolis,Customer,#13896,client_13896@domain.com,2009-12-01
16420,Direct Mail & Wholesale,Spain,Metropolis,Customer,#16420,client_16420@domain.com,2009-12-01
16026,Direct Mail & Wholesale,United Kingdom,Metropolis,Customer,#16026,client_16026@domain.com,2009-12-01
13646,Direct Mail & Wholesale,United Kingdom,Metropolis,Customer,#13646,client_13646@domain.com,2009-12-01
13793,Direct Mail & Wholesale,United Kingdom,Metropolis,Customer,#13793,client_13793@domain.com,2009-12-01
14395,Direct Mail & Wholesale,France,Metropolis,Customer,#14395,client_14395@domain.com,2009-12-01
16060,Direct Mail & Wholesale,United Kingdom,Metropolis,Customer,#16060,client_16060@domain.com,2009-12-01
18269,Direct Mail & Wholesale,United Kingdom,Metropolis,Customer,#18269,client_18269@domain.com,2009-12-01
13593,Direct Mail & Wholesale,United Kingdom,Metropolis,Customer,#13593,client_13593@domain.com,2009-12-01
17694,Direct Mail & Wholesale,United Kingdom,Metropolis,Customer,#17694,client_17694@domain.com,2009-12-01
13354,Direct Mail & Wholesale,United Kingdom,Metropolis,Customer,#13354,client_13354@domain.com,2009-12-01
12601,Direct Mail & Wholesale,EIRE,Metropolis,Customer,#12601,client_12601@domain.com,2009-12-01
16723,Direct Mail & Wholesale,Belgium,Metropolis,Customer,#16723,client_16723@domain.com,2009-12-01
18146,Direct Mail & Wholesale,United Kingdom,Metropolis,Customer,#18146,client_18146@domain.com,2009-12-01
14275,Direct Mail & Wholesale,United Kingdom,Metropolis,Customer,#14275,client_14275@domain.com,2009-12-01
16139,Direct Mail & Wholesale,Germany,Metropolis,Customer,#16139,client_16139@domain.com,2009-12-01
15331,Direct Mail & Wholesale,United Kingdom,Metropolis,Customer,#15331,client_15331@domain.com,2009-12-01
17136,Direct Mail & Wholesale,Netherlands,Metropolis,Customer,#17136,client_17136@domain.com,2009-12-01
16868,Direct Mail & Wholesale,United Kingdom,Metropolis,Customer,#16868,client_16868@domain.com,2009-12-01
16382,Direct Mail & Wholesale,United Kingdom,Metropolis,Customer,#16382,client_16382@domain.com,2009-12-01
13884,Direct Mail & Wholesale,United Kingdom,Metropolis,Customer,#13884,client_13884@domain.com,2009-12-01
12656,Direct Mail & Wholesale,United Kingdom,Metropolis,Customer,#12656,client_12656@domain.com,2009-12-01
16293,Direct Mail & Wholesale,United Kingdom,Metropolis,Customer,#16293,client_16293@domain.com,2009-12-01
17309,Direct Mail & Wholesale,United Kingdom,Metropolis,Customer,#17309,client_17309@domain.com,2009-12-01
15863,Direct Mail & Wholesale,United Kingdom,Metropolis,Customer,#15863,client_15863@domain.com,2009-12-01
15320,Direct Mail & Wholesale,United Kingdom,Metropolis,Customer,#15320,client_15320@domain.com,2009-12-01
13813,Direct Mail & Wholesale,United Kingdom,Metropolis,Customer,#13813,client_13813@domain.com,2009-12-01
15251,Direct Mail & Wholesale,United Kingdom,Metropolis,Customer,#15251,client_15251@domain.com,2009-12-01
14948,Direct Mail & Wholesale,United Kingdom,Metropolis,Customer,#14948,client_14948@domain.com,2009-12-01
13787,Direct Mail & Wholesale,EIRE,Metropolis,Customer,#13787,client_13787@domain.com,2009-12-01
17086,Direct Mail & Wholesale,United Kingdom,Metropolis,Customer,#17086,client_17086@domain.com,2009-12-01
17663,Direct Mail & Wholesale,United Kingdom,Metropolis,Customer,#17663,client_17663@domain.com,2009-12-01
13358,Direct Mail & Wholesale,United Kingdom,Metropolis,Customer,#13358,client_13358@domain.com,2009-12-01
12526,Direct Mail & Wholesale,United Kingdom,Metropolis,Customer,#12526,client_12526@domain.com,2009-12-01
17138,Direct Mail & Wholesale,United Kingdom,Metropolis,Customer,#17138,client_17138@domain.com,2009-12-01
16600,Direct Mail & Wholesale,United Kingdom,Metropolis,Customer,#16600,client_16600@domain.com,2009-12-01
13382,Direct Mail & Wholesale,United Kingdom,Metropolis,Customer,#13382,client_13382@domain.com,2009-12-01
12560,Direct Mail & Wholesale,United Kingdom,Metropolis,Customer,#12560,client_12560@domain.com,2009-12-01
12500,Direct Mail & Wholesale,United Kingdom,Metropolis,Customer,#12500,client_12500@domain.com,2009-12-01
16949,Direct Mail & Wholesale,United Kingdom,Metropolis,Customer,#16949,client_16949@domain.com,2009-12-01
14452,Direct Mail & Wholesale,United Kingdom,Metropolis,Customer,#14452,client_14452@domain.com,2009-12-01
15638,Direct Mail & Wholesale,United Kingdom,Metropolis,Customer,#15638,client_15638@domain.com,2009-12-01
18194,Direct Mail & Wholesale,United Kingdom,Metropolis,Customer,#18194,client_18194@domain.com,2009-12-01
14900,Direct Mail & Wholesale,United Kingdom,Metropolis,Customer,#14900,client_14900@domain.com,2009-12-01
12780,Direct Mail & Wholesale,United Kingdom,Metropolis,Customer,#12780,client_12780@domain.com,2009-12-01
15171,Direct Mail & Wholesale,United Kingdom,Metropolis,Customer,#15171,client_15171@domain.com,2009-12-01
14737,Direct Mail & Wholesale,Netherlands,Metropolis,Customer,#14737,client_14737@domain.com,2009-12-01
15272,Direct Mail & Wholesale,United Kingdom,Metropolis,Customer,#15272,client_15272@domain.com,2009-12-01
12484,Direct Mail & Wholesale,United Kingdom,Metropolis,Customer,#12484,client_12484@domain.com,2009-12-01
12935,Direct Mail & Wholesale,United Kingdom,Metropolis,Customer,#12935,client_12935@domain.com,2009-12-01
17898,Direct Mail & Wholesale,United Kingdom,Metropolis,Customer,#17898,client_17898@domain.com,2009-12-01
13542,Direct Mail & Wholesale,United Kingdom,Metropolis,Customer,#13542,client_13542@domain.com,2009-12-01
17316,Direct Mail & Wholesale,United Kingdom,Metropolis,Customer,#17316,client_17316@domain.com,2009-12-01
17917,Direct Mail & Wholesale,France,Metropolis,Customer,#17917,client_17917@domain.com,2009-12-01
17800,Direct Mail & Wholesale,United Kingdom,Metropolis,Customer,#17800,client_17800@domain.com,2009-12-01
16326,Direct Mail & Wholesale,United Kingdom,Metropolis,Customer,#16326,client_16326@domain.com,2009-12-01
12583,Direct Mail & Wholesale,United Kingdom,Metropolis,Customer,#12583,client_12583@domain.com,2009-12-01
17122,Direct Mail & Wholesale,United Kingdom,Metropolis,Customer,#17122,client_17122@domain.com,2009-12-01
13497,Direct Mail & Wholesale,United Kingdom,Metropolis,Customer,#13497,client_13497@domain.com,2009-12-01
13612,Direct Mail & Wholesale,United Kingdom,Metropolis,Customer,#13612,client_13612@domain.com,2009-12-01
15904,Direct Mail & Wholesale,United Kingdom,Metropolis,Customer,#15904,client_15904@domain.com,2009-12-01
18018,Direct Mail & Wholesale,United Kingdom,Metropolis,Customer,#18018,client_18018@domain.com,2009-12-01
12381,Direct Mail & Wholesale,United Kingdom,Metropolis,Customer,#12381,client_12381@domain.com,2009-12-01
14755,Direct Mail & Wholesale,Germany,Metropolis,Customer,#14755,client_14755@domain.com,2009-12-01
15085,Direct Mail & Wholesale,United Kingdom,Metropolis,Customer,#15085,client_15085@domain.com,2009-12-01
17465,Direct Mail & Wholesale,United Kingdom,Metropolis,Customer,#17465,client_17465@domain.com,2009-12-01
15816,Direct Mail & Wholesale,Germany,Metropolis,Customer,#15816,client_15816@domain.com,2009-12-01
17952,Direct Mail & Wholesale,Germany,Metropolis,Customer,#17952,client_17952@domain.com,2009-12-01
15600,Direct Mail & Wholesale,Portugal,Metropolis,Customer,#15600,client_15600@domain.com,2009-12-01
17659,Direct Mail & Wholesale,France,Metropolis,Customer,#17659,client_17659@domain.com,2009-12-01
14403,Direct Mail & Wholesale,United Kingdom,Metropolis,Customer,#14403,client_14403@domain.com,2009-12-01
16671,Direct Mail & Wholesale,United Kingdom,Metropolis,Customer,#16671,client_16671@domain.com,2009-12-01
14491,Direct Mail & Wholesale,United Kingdom,Metropolis,Customer,#14491,client_14491@domain.com,2009-12-01
14454,Direct Mail & Wholesale,Portugal,Metropolis,Customer,#14454,client_14454@domain.com,2009-12-01
15191,Direct Mail & Wholesale,Spain,Metropolis,Customer,#15191,client_15191@domain.com,2009-12-01
15949,Direct Mail & Wholesale,United Kingdom,Metropolis,Customer,#15949,client_15949@domain.com,2009-12-01
12592,Direct Mail & Wholesale,United Kingdom,Metropolis,Customer,#12592,client_12592@domain.com,2009-12-01
16493,Direct Mail & Wholesale,United Kingdom,Metropolis,Customer,#16493,client_16493@domain.com,2009-12-01
14210,Direct Mail & Wholesale,United Kingdom,Metropolis,Customer,#14210,client_14210@domain.com,2009-12-01
14467,Direct Mail & Wholesale,United Kingdom,Metropolis,Customer,#14467,client_14467@domain.com,2009-12-01
16629,Direct Mail & Wholesale,United Kingdom,Metropolis,Customer,#16629,client_16629@domain.com,2009-12-01
17904,Direct Mail & Wholesale,United Kingdom,Metropolis,Customer,#17904,client_17904@domain.com,2009-12-01
14069,Direct Mail & Wholesale,United Kingdom,Metropolis,Customer,#14069,client_14069@domain.com,2009-12-01
12419,Direct Mail & Wholesale,United Kingdom,Metropolis,Customer,#12419,client_12419@domain.com,2009-12-01
15133,Direct Mail & Wholesale,United Kingdom,Metropolis,Customer,#15133,client_15133@domain.com,2009-12-01
17295,Direct Mail & Wholesale,United Kingdom,Metropolis,Customer,#17295,client_17295@domain.com,2009-12-01
18125,Direct Mail & Wholesale,United Kingdom,Metropolis,Customer,#18125,client_18125@domain.com,2009-12-01
18052,Direct Mail & Wholesale,United Kingdom,Metropolis,Customer,#18052,client_18052@domain.com,2009-12-01
18184,Direct Mail & Wholesale,United Kingdom,Metropolis,Customer,#18184,client_18184@domain.com,2009-12-01
12651,Direct Mail & Wholesale,United Kingdom,Metropolis,Customer,#12651,client_12651@domain.com,2009-12-01
17665,Direct Mail & Wholesale,United Kingdom,Metropolis,Customer,#17665,client_17665@domain.com,2009-12-01
14250,Direct Mail & Wholesale,United Kingdom,Metropolis,Customer,#14250,client_14250@domain.com,2009-12-01
14106,Direct Mail & Wholesale,United Kingdom,Metropolis,Customer,#14106,client_14106@domain.com,2009-12-01
17031,Direct Mail & Wholesale,United Kingdom,Metropolis,Customer,#17031,client_17031@domain.com,2009-12-01
14625,Direct Mail & Wholesale,United Kingdom,Metropolis,Customer,#14625,client_14625@domain.com,2009-12-01
14652,Direct Mail & Wholesale,United Kingdom,Metropolis,Customer,#14652,client_14652@domain.com,2009-12-01
17174,Direct Mail & Wholesale,Belgium,Metropolis,Customer,#17174,client_17174@domain.com,2009-12-01
13191,Direct Mail & Wholesale,United Kingdom,Metropolis,Customer,#13191,client_13191@domain.com,2009-12-01
16931,Direct Mail & Wholesale,United Kingdom,Metropolis,Customer,#16931,client_16931@domain.com,2009-12-01
13365,Direct Mail & Wholesale,United Kingdom,Metropolis,Customer,#13365,client_13365@domain.com,2009-12-01
12643,Direct Mail & Wholesale,United Kingdom,Metropolis,Customer,#12643,client_12643@domain.com,2009-12-01
12766,Direct Mail & Wholesale,United Kingdom,Metropolis,Customer,#12766,client_12766@domain.com,2009-12-01
14869,Direct Mail & Wholesale,United Kingdom,Metropolis,Customer,#14869,client_14869@domain.com,2009-12-01
13494,Direct Mail & Wholesale,United Kingdom,Metropolis,Customer,#13494,client_13494@domain.com,2009-12-01
12667,Direct Mail & Wholesale,United Kingdom,Metropolis,Customer,#12667,client_12667@domain.com,2009-12-01
14416,Direct Mail & Wholesale,United Kingdom,Metropolis,Customer,#14416,client_14416@domain.com,2009-12-01
15711,Direct Mail & Wholesale,United Kingdom,Metropolis,Customer,#15711,client_15711@domain.com,2009-12-01
13210,Direct Mail & Wholesale,United Kingdom,Metropolis,Customer,#13210,client_13210@domain.com,2009-12-01
13676,Direct Mail & Wholesale,United Kingdom,Metropolis,Customer,#13676,client_13676@domain.com,2009-12-01
13314,Direct Mail & Wholesale,United Kingdom,Metropolis,Customer,#13314,client_13314@domain.com,2009-12-01
15186,Direct Mail & Wholesale,United Kingdom,Metropolis,Customer,#15186,client_15186@domain.com,2009-12-01
13441,Direct Mail & Wholesale,Germany,Metropolis,Customer,#13441,client_13441@domain.com,2009-12-01
12825,Direct Mail & Wholesale,United Kingdom,Metropolis,Customer,#12825,client_12825@domain.com,2009-12-01
12546,Direct Mail & Wholesale,United Kingdom,Metropolis,Customer,#12546,client_12546@domain.com,2009-12-01
15783,Direct Mail & Wholesale,United Kingdom,Metropolis,Customer,#15783,client_15783@domain.com,2009-12-01
12518,Direct Mail & Wholesale,United Kingdom,Metropolis,Customer,#12518,client_12518@domain.com,2009-12-01
15197,Direct Mail & Wholesale,United Kingdom,Metropolis,Customer,#15197,client_15197@domain.com,2009-12-01
12591,Direct Mail & Wholesale,United Kingdom,Metropolis,Customer,#12591,client_12591@domain.com,2009-12-01
17254,Direct Mail & Wholesale,United Kingdom,Metropolis,Customer,#17254,client_17254@domain.com,2009-12-01
15946,Direct Mail & Wholesale,United Kingdom,Metropolis,Customer,#15946,client_15946@domain.com,2009-12-01
17556,Direct Mail & Wholesale,United Kingdom,Metropolis,Customer,#17556,client_17556@domain.com,2009-12-01
15031,Direct Mail & Wholesale,United Kingdom,Metropolis,Customer,#15031,client_15031@domain.com,2009-12-01
12948,Direct Mail & Wholesale,United Kingdom,Metropolis,Customer,#12948,client_12948@domain.com,2009-12-01
15444,Direct Mail & Wholesale,Netherlands,Metropolis,Customer,#15444,client_15444@domain.com,2009-12-01
17334,Direct Mail & Wholesale,United Kingdom,Metropolis,Customer,#17334,client_17334@domain.com,2009-12-01
16270,Direct Mail & Wholesale,United Kingdom,Metropolis,Customer,#16270,client_16270@domain.com,2009-12-01
15817,Direct Mail & Wholesale,United Kingdom,Metropolis,Customer,#15817,client_15817@domain.com,2009-12-01
13578,Direct Mail & Wholesale,United Kingdom,Metropolis,Customer,#13578,client_13578@domain.com,2009-12-01
12959,Direct Mail & Wholesale,United Kingdom,Metropolis,Customer,#12959,client_12959@domain.com,2009-12-01
13466,Direct Mail & Wholesale,United Kingdom,Metropolis,Customer,#13466,client_13466@domain.com,2009-12-01
14656,Direct Mail & Wholesale,United Kingdom,Metropolis,Customer,#14656,client_14656@domain.com,2009-12-01
16359,Direct Mail & Wholesale,United Kingdom,Metropolis,Customer,#16359,client_16359@domain.com,2009-12-01
17221,Direct Mail & Wholesale,United Kingdom,Metropolis,Customer,#17221,client_17221@domain.com,2009-12-01
16724,Direct Mail & Wholesale,United Kingdom,Metropolis,Customer,#16724,client_16724@domain.com,2009-12-01
13509,Direct Mail & Wholesale,Germany,Metropolis,Customer,#13509,client_13509@domain.com,2009-12-01
17655,Direct Mail & Wholesale,Belgium,Metropolis,Customer,#17655,client_17655@domain.com,2009-12-01
12946,Direct Mail & Wholesale,United Kingdom,Metropolis,Customer,#12946,client_12946@domain.com,2009-12-01
16192,Direct Mail & Wholesale,United Kingdom,Metropolis,Customer,#16192,client_16192@domain.com,2009-12-01
16513,Direct Mail & Wholesale,United Kingdom,Metropolis,Customer,#16513,client_16513@domain.com,2009-12-01
15663,Direct Mail & Wholesale,United Kingdom,Metropolis,Customer,#15663,client_15663@domain.com,2009-12-01
18070,Direct Mail & Wholesale,United Kingdom,Metropolis,Customer,#18070,client_18070@domain.com,2009-12-01
14916,Direct Mail & Wholesale,United Kingdom,Metropolis,Customer,#14916,client_14916@domain.com,2009-12-01
17924,Direct Mail & Wholesale,United Kingdom,Metropolis,Customer,#17924,client_17924@domain.com,2009-12-01
17198,Direct Mail & Wholesale,United Kingdom,Metropolis,Customer,#17198,client_17198@domain.com,2009-12-01
17716,Direct Mail & Wholesale,United Kingdom,Metropolis,Customer,#17716,client_17716@domain.com,2009-12-01
16333,Direct Mail & Wholesale,United Kingdom,Metropolis,Customer,#16333,client_16333@domain.com,2009-12-01
12796,Direct Mail & Wholesale,United Kingdom,Metropolis,Customer,#12796,client_12796@domain.com,2009-12-01
13346,Direct Mail & Wholesale,United Kingdom,Metropolis,Customer,#13346,client_13346@domain.com,2009-12-01
17224,Direct Mail & Wholesale,United Kingdom,Metropolis,Customer,#17224,client_17224@domain.com,2009-12-01
15710,Direct Mail & Wholesale,United Kingdom,Metropolis,Customer,#15710,client_15710@domain.com,2009-12-01
17320,Direct Mail & Wholesale,United Kingdom,Metropolis,Customer,#17320,client_17320@domain.com,2009-12-01
12663,Direct Mail & Wholesale,France,Metropolis,Customer,#12663,client_12663@domain.com,2009-12-01
12922,Direct Mail & Wholesale,United Kingdom,Metropolis,Customer,#12922,client_12922@domain.com,2009-12-01
17151,Direct Mail & Wholesale,United Kingdom,Metropolis,Customer,#17151,client_17151@domain.com,2009-12-01
14413,Direct Mail & Wholesale,United Kingdom,Metropolis,Customer,#14413,client_14413@domain.com,2009-12-01
16393,Direct Mail & Wholesale,United Kingdom,Metropolis,Customer,#16393,client_16393@domain.com,2009-12-01
17575,Direct Mail & Wholesale,United Kingdom,Metropolis,Customer,#17575,client_17575@domain.com,2009-12-01
17820,Direct Mail & Wholesale,United Kingdom,Metropolis,Customer,#17820,client_17820@domain.com,2009-12-01
13888,Direct Mail & Wholesale,United Kingdom,Metropolis,Customer,#13888,client_13888@domain.com,2009-12-01
14678,Direct Mail & Wholesale,United Kingdom,Metropolis,Customer,#14678,client_14678@domain.com,2009-12-01
12476,Direct Mail & Wholesale,United Kingdom,Metropolis,Customer,#12476,client_12476@domain.com,2009-12-01
14439,Direct Mail & Wholesale,United Kingdom,Metropolis,Customer,#14439,client_14439@domain.com,2009-12-01
12955,Direct Mail & Wholesale,United Kingdom,Metropolis,Customer,#12955,client_12955@domain.com,2009-12-01
13742,Direct Mail & Wholesale,United Kingdom,Metropolis,Customer,#13742,client_13742@domain.com,2009-12-01
14962,Direct Mail & Wholesale,Portugal,Metropolis,Customer,#14962,client_14962@domain.com,2009-12-01
14166,Direct Mail & Wholesale,United Kingdom,Metropolis,Customer,#14166,client_14166@domain.com,2009-12-01
14249,Direct Mail & Wholesale,United Kingdom,Metropolis,Customer,#14249,client_14249@domain.com,2009-12-01
13058,Direct Mail & Wholesale,United Kingdom,Metropolis,Customer,#13058,client_13058@domain.com,2009-12-01
13969,Direct Mail & Wholesale,United Kingdom,Metropolis,Customer,#13969,client_13969@domain.com,2009-12-01
16549,Direct Mail & Wholesale,United Kingdom,Metropolis,Customer,#16549,client_16549@domain.com,2009-12-01
14604,Direct Mail & Wholesale,United Kingdom,Metropolis,Customer,#14604,client_14604@domain.com,2009-12-01
16876,Direct Mail & Wholesale,United Kingdom,Metropolis,Customer,#16876,client_16876@domain.com,2009-12-01
18074,Direct Mail & Wholesale,United Kingdom,Metropolis,Customer,#18074,client_18074@domain.com,2009-12-01
13935,Direct Mail & Wholesale,United Kingdom,Metropolis,Customer,#13935,client_13935@domain.com,2009-12-01
15696,Direct Mail & Wholesale,Belgium,Metropolis,Customer,#15696,client_15696@domain.com,2009-12-01
17802,Direct Mail & Wholesale,EIRE,Metropolis,Customer,#17802,client_17802@domain.com,2009-12-01
15335,Direct Mail & Wholesale,United Kingdom,Metropolis,Customer,#15335,client_15335@domain.com,2009-12-01
16081,Direct Mail & Wholesale,United Kingdom,Metropolis,Customer,#16081,client_16081@domain.com,2009-12-01
15944,Direct Mail & Wholesale,Germany,Metropolis,Customer,#15944,client_15944@domain.com,2009-12-01
18257,Direct Mail & Wholesale,United Kingdom,Metropolis,Customer,#18257,client_18257@domain.com,2009-12-01
14568,Direct Mail & Wholesale,United Kingdom,Metropolis,Customer,#14568,client_14568@domain.com,2009-12-01
14075,Direct Mail & Wholesale,United Kingdom,Metropolis,Customer,#14075,client_14075@domain.com,2009-12-01
13238,Direct Mail & Wholesale,United Kingdom,Metropolis,Customer,#13238,client_13238@domain.com,2009-12-01
13748,Direct Mail & Wholesale,United Kingdom,Metropolis,Customer,#13748,client_13748@domain.com,2009-12-01
14837,Direct Mail & Wholesale,EIRE,Metropolis,Customer,#14837,client_14837@domain.com,2009-12-01
14006,Direct Mail & Wholesale,United Kingdom,Metropolis,Customer,#14006,client_14006@domain.com,2009-12-01
14218,Direct Mail & Wholesale,United Kingdom,Metropolis,Customer,#14218,client_14218@domain.com,2009-12-01
15252,Direct Mail & Wholesale,United Kingdom,Metropolis,Customer,#15252,client_15252@domain.com,2009-12-01
17135,Direct Mail & Wholesale,United Kingdom,Metropolis,Customer,#17135,client_17135@domain.com,2009-12-01
18029,Direct Mail & Wholesale,United Kingdom,Metropolis,Customer,#18029,client_18029@domain.com,2009-12-01
17437,Direct Mail & Wholesale,United Kingdom,Metropolis,Customer,#17437,client_17437@domain.com,2009-12-01
12700,Direct Mail & Wholesale,United Kingdom,Metropolis,Customer,#12700,client_12700@domain.com,2009-12-01
16309,Direct Mail & Wholesale,Netherlands,Metropolis,Customer,#16309,client_16309@domain.com,2009-12-01
13879,Direct Mail & Wholesale,United Kingdom,Metropolis,Customer,#13879,client_13879@domain.com,2009-12-01
15788,Direct Mail & Wholesale,United Kingdom,Metropolis,Customer,#15788,client_15788@domain.com,2009-12-01
14710,Direct Mail & Wholesale,United Kingdom,Metropolis,Customer,#14710,client_14710@domain.com,2009-12-01
15528,Direct Mail & Wholesale,United Kingdom,Metropolis,Customer,#15528,client_15528@domain.com,2009-12-01
17268,Direct Mail & Wholesale,United Kingdom,Metropolis,Customer,#17268,client_17268@domain.com,2009-12-01
13427,Direct Mail & Wholesale,Netherlands,Metropolis,Customer,#13427,client_13427@domain.com,2009-12-01
12678,Direct Mail & Wholesale,United Kingdom,Metropolis,Customer,#12678,client_12678@domain.com,2009-12-01
14352,Direct Mail & Wholesale,United Kingdom,Metropolis,Customer,#14352,client_14352@domain.com,2009-12-01
12649,Direct Mail & Wholesale,United Kingdom,Metropolis,Customer,#12649,client_12649@domain.com,2009-12-01
17643,Direct Mail & Wholesale,Spain,Metropolis,Customer,#17643,client_17643@domain.com,2009-12-01
18092,Direct Mail & Wholesale,United Kingdom,Metropolis,Customer,#18092,client_18092@domain.com,2009-12-01
17145,Direct Mail & Wholesale,United Kingdom,Metropolis,Customer,#17145,client_17145@domain.com,2009-12-01
14030,Direct Mail & Wholesale,United Kingdom,Metropolis,Customer,#14030,client_14030@domain.com,2009-12-01
12942,Direct Mail & Wholesale,United Kingdom,Metropolis,Customer,#12942,client_12942@domain.com,2009-12-01
13315,Direct Mail & Wholesale,United Kingdom,Metropolis,Customer,#13315,client_13315@domain.com,2009-12-01
17674,Direct Mail & Wholesale,United Kingdom,Metropolis,Customer,#17674,client_17674@domain.com,2009-12-01
12962,Direct Mail & Wholesale,United Kingdom,Metropolis,Customer,#12962,client_12962@domain.com,2009-12-01
12952,Direct Mail & Wholesale,United Kingdom,Metropolis,Customer,#12952,client_12952@domain.com,2009-12-01
16687,Direct Mail & Wholesale,United Kingdom,Metropolis,Customer,#16687,client_16687@domain.com,2009-12-01
15972,Direct Mail & Wholesale,Germany,Metropolis,Customer,#15972,client_15972@domain.com,2009-12-01
17587,Direct Mail & Wholesale,Netherlands,Metropolis,Customer,#17587,client_17587@domain.com,2009-12-01
15514,Direct Mail & Wholesale,United Kingdom,Metropolis,Customer,#15514,client_15514@domain.com,2009-12-01
12931,Direct Mail & Wholesale,United Kingdom,Metropolis,Customer,#12931,client_12931@domain.com,2009-12-01
16306,Direct Mail & Wholesale,United Kingdom,Metropolis,Customer,#16306,client_16306@domain.com,2009-12-01
17372,Direct Mail & Wholesale,United Kingdom,Metropolis,Customer,#17372,client_17372@domain.com,2009-12-01
16289,Direct Mail & Wholesale,United Kingdom,Metropolis,Customer,#16289,client_16289@domain.com,2009-12-01
12634,Direct Mail & Wholesale,United Kingdom,Metropolis,Customer,#12634,client_12634@domain.com,2009-12-01
14185,Direct Mail & Wholesale,United Kingdom,Metropolis,Customer,#14185,client_14185@domain.com,2009-12-01
14012,Direct Mail & Wholesale,United Kingdom,Metropolis,Customer,#14012,client_14012@domain.com,2009-12-01
13811,Direct Mail & Wholesale,United Kingdom,Metropolis,Customer,#13811,client_13811@domain.com,2009-12-01
15125,Direct Mail & Wholesale,United Kingdom,Metropolis,Customer,#15125,client_15125@domain.com,2009-12-01
16544,Direct Mail & Wholesale,United Kingdom,Metropolis,Customer,#16544,client_16544@domain.com,2009-12-01
13880,Direct Mail & Wholesale,United Kingdom,Metropolis,Customer,#13880,client_13880@domain.com,2009-12-01
15477,Direct Mail & Wholesale,United Kingdom,Metropolis,Customer,#15477,client_15477@domain.com,2009-12-01
14813,Direct Mail & Wholesale,France,Metropolis,Customer,#14813,client_14813@domain.com,2009-12-01
13048,Direct Mail & Wholesale,United Kingdom,Metropolis,Customer,#13048,client_13048@domain.com,2009-12-01
16627,Direct Mail & Wholesale,United Kingdom,Metropolis,Customer,#16627,client_16627@domain.com,2009-12-01
12662,Direct Mail & Wholesale,Germany,Metropolis,Customer,#12662,client_12662@domain.com,2009-12-01
17087,Direct Mail & Wholesale,United Kingdom,Metropolis,Customer,#17087,client_17087@domain.com,2009-12-01
18143,Direct Mail & Wholesale,United Kingdom,Metropolis,Customer,#18143,client_18143@domain.com,2009-12-01
12457,Direct Mail & Wholesale,United Kingdom,Metropolis,Customer,#12457,client_12457@domain.com,2009-12-01
17894,Direct Mail & Wholesale,United Kingdom,Metropolis,Customer,#17894,client_17894@domain.com,2009-12-01
13051,Direct Mail & Wholesale,United Kingdom,Metropolis,Customer,#13051,client_13051@domain.com,2009-12-01
16320,Direct Mail & Wholesale,United Kingdom,Metropolis,Customer,#16320,client_16320@domain.com,2009-12-01
14004,Direct Mail & Wholesale,United Kingdom,Metropolis,Customer,#14004,client_14004@domain.com,2009-12-01
16770,Direct Mail & Wholesale,United Kingdom,Metropolis,Customer,#16770,client_16770@domain.com,2009-12-01
13857,Direct Mail & Wholesale,France,Metropolis,Customer,#13857,client_13857@domain.com,2009-12-01
18249,Direct Mail & Wholesale,United Kingdom,Metropolis,Customer,#18249,client_18249@domain.com,2009-12-01
15005,Direct Mail & Wholesale,France,Metropolis,Customer,#15005,client_15005@domain.com,2009-12-01
12520,Direct Mail & Wholesale,United Kingdom,Metropolis,Customer,#12520,client_12520@domain.com,2009-12-01
15925,Direct Mail & Wholesale,United Kingdom,Metropolis,Customer,#15925,client_15925@domain.com,2009-12-01
13822,Direct Mail & Wholesale,United Kingdom,Metropolis,Customer,#13822,client_13822@domain.com,2009-12-01
13295,Direct Mail & Wholesale,Switzerland,Metropolis,Customer,#13295,client_13295@domain.com,2009-12-01
14129,Direct Mail & Wholesale,United Kingdom,Metropolis,Customer,#14129,client_14129@domain.com,2009-12-01
16620,Direct Mail & Wholesale,EIRE,Metropolis,Customer,#16620,client_16620@domain.com,2009-12-01
13185,Direct Mail & Wholesale,Netherlands,Metropolis,Customer,#13185,client_13185@domain.com,2009-12-01
14038,Direct Mail & Wholesale,United Kingdom,Metropolis,Customer,#14038,client_14038@domain.com,2009-12-01
14919,Direct Mail & Wholesale,United Kingdom,Metropolis,Customer,#14919,client_14919@domain.com,2009-12-01
13906,Direct Mail & Wholesale,United Kingdom,Metropolis,Customer,#13906,client_13906@domain.com,2009-12-01
13113,Direct Mail & Wholesale,EIRE,Metropolis,Customer,#13113,client_13113@domain.com,2009-12-01
17252,Direct Mail & Wholesale,United Kingdom,Metropolis,Customer,#17252,client_17252@domain.com,2009-12-01
15815,Direct Mail & Wholesale,United Kingdom,Metropolis,Customer,#15815,client_15815@domain.com,2009-12-01
17424,Direct Mail & Wholesale,France,Metropolis,Customer,#17424,client_17424@domain.com,2009-12-01
15035,Direct Mail & Wholesale,France,Metropolis,Customer,#15035,client_15035@domain.com,2009-12-01
17307,Direct Mail & Wholesale,United Kingdom,Metropolis,Customer,#17307,client_17307@domain.com,2009-12-01
16956,Direct Mail & Wholesale,United Kingdom,Metropolis,Customer,#16956,client_16956@domain.com,2009-12-01
12963,Direct Mail & Wholesale,United Kingdom,Metropolis,Customer,#12963,client_12963@domain.com,2009-12-01
13151,Direct Mail & Wholesale,EIRE,Metropolis,Customer,#13151,client_13151@domain.com,2009-12-01
16785,Direct Mail & Wholesale,United Kingdom,Metropolis,Customer,#16785,client_16785@domain.com,2009-12-01
15713,Direct Mail & Wholesale,United Kingdom,Metropolis,Customer,#15713,client_15713@domain.com,2009-12-01
14526,Direct Mail & Wholesale,United Kingdom,Metropolis,Customer,#14526,client_14526@domain.com,2009-12-01
15544,Direct Mail & Wholesale,United Kingdom,Metropolis,Customer,#15544,client_15544@domain.com,2009-12-01
14938,Direct Mail & Wholesale,United Kingdom,Metropolis,Customer,#14938,client_14938@domain.com,2009-12-01
13417,Direct Mail & Wholesale,United Kingdom,Metropolis,Customer,#13417,client_13417@domain.com,2009-12-01
12992,Direct Mail & Wholesale,United Kingdom,Metropolis,Customer,#12992,client_12992@domain.com,2009-12-01
13546,Direct Mail & Wholesale,United Kingdom,Metropolis,Customer,#13546,client_13546@domain.com,2009-12-01
17420,Direct Mail & Wholesale,United Kingdom,Metropolis,Customer,#17420,client_17420@domain.com,2009-12-01
13908,Direct Mail & Wholesale,United Kingdom,Metropolis,Customer,#13908,client_13908@domain.com,2009-12-01
13218,Direct Mail & Wholesale,United Kingdom,Metropolis,Customer,#13218,client_13218@domain.com,2009-12-01
16318,Direct Mail & Wholesale,Germany,Metropolis,Customer,#16318,client_16318@domain.com,2009-12-01
13679,Direct Mail & Wholesale,United Kingdom,Metropolis,Customer,#13679,client_13679@domain.com,2009-12-01
16266,Direct Mail & Wholesale,France,Metropolis,Customer,#16266,client_16266@domain.com,2009-12-01
15377,Direct Mail & Wholesale,United Kingdom,Metropolis,Customer,#15377,client_15377@domain.com,2009-12-01
18053,Direct Mail & Wholesale,United Kingdom,Metropolis,Customer,#18053,client_18053@domain.com,2009-12-01
14039,Direct Mail & Wholesale,United Kingdom,Metropolis,Customer,#14039,client_14039@domain.com,2009-12-01
13073,Direct Mail & Wholesale,United Kingdom,Metropolis,Customer,#13073,client_13073@domain.com,2009-12-01
16236,Direct Mail & Wholesale,United Kingdom,Metropolis,Customer,#16236,client_16236@domain.com,2009-12-01
14661,Direct Mail & Wholesale,United Kingdom,Metropolis,Customer,#14661,client_14661@domain.com,2009-12-01
13920,Direct Mail & Wholesale,United Kingdom,Metropolis,Customer,#13920,client_13920@domain.com,2009-12-01
17616,Direct Mail & Wholesale,France,Metropolis,Customer,#17616,client_17616@domain.com,2009-12-01
16709,Direct Mail & Wholesale,United Kingdom,Metropolis,Customer,#16709,client_16709@domain.com,2009-12-01
13744,Direct Mail & Wholesale,United Kingdom,Metropolis,Customer,#13744,client_13744@domain.com,2009-12-01
16631,Direct Mail & Wholesale,France,Metropolis,Customer,#16631,client_16631@domain.com,2009-12-01
14983,Direct Mail & Wholesale,United Kingdom,Metropolis,Customer,#14983,client_14983@domain.com,2009-12-01
13720,Direct Mail & Wholesale,United Kingdom,Metropolis,Customer,#13720,client_13720@domain.com,2009-12-01
15730,Direct Mail & Wholesale,United Kingdom,Metropolis,Customer,#15730,client_15730@domain.com,2009-12-01
18085,Direct Mail & Wholesale,United Kingdom,Metropolis,Customer,#18085,client_18085@domain.com,2009-12-01
16000,Direct Mail & Wholesale,United Kingdom,Metropolis,Customer,#16000,client_16000@domain.com,2009-12-01
12957,Direct Mail & Wholesale,United Kingdom,Metropolis,Customer,#12957,client_12957@domain.com,2009-12-01
15907,Direct Mail & Wholesale,Germany,Metropolis,Customer,#15907,client_15907@domain.com,2009-12-01
13921,Direct Mail & Wholesale,France,Metropolis,Customer,#13921,client_13921@domain.com,2009-12-01
17931,Direct Mail & Wholesale,United Kingdom,Metropolis,Customer,#17931,client_17931@domain.com,2009-12-01
15554,Direct Mail & Wholesale,United Kingdom,Metropolis,Customer,#15554,client_15554@domain.com,2009-12-01
12867,Direct Mail & Wholesale,United Kingdom,Metropolis,Customer,#12867,client_12867@domain.com,2009-12-01
13160,Direct Mail & Wholesale,United Kingdom,Metropolis,Customer,#13160,client_13160@domain.com,2009-12-01
16360,Direct Mail & Wholesale,United Kingdom,Metropolis,Customer,#16360,client_16360@domain.com,2009-12-01
17298,Direct Mail & Wholesale,United Kingdom,Metropolis,Customer,#17298,client_17298@domain.com,2009-12-01
14512,Direct Mail & Wholesale,United Kingdom,Metropolis,Customer,#14512,client_14512@domain.com,2009-12-01
15230,Direct Mail & Wholesale,France,Metropolis,Customer,#15230,client_15230@domain.com,2009-12-01
15679,Direct Mail & Wholesale,United Kingdom,Metropolis,Customer,#15679,client_15679@domain.com,2009-12-01
16287,Direct Mail & Wholesale,Germany,Metropolis,Customer,#16287,client_16287@domain.com,2009-12-01
14279,Direct Mail & Wholesale,United Kingdom,Metropolis,Customer,#14279,client_14279@domain.com,2009-12-01
13797,Direct Mail & Wholesale,Netherlands,Metropolis,Customer,#13797,client_13797@domain.com,2009-12-01
12423,Direct Mail & Wholesale,United Kingdom,Metropolis,Customer,#12423,client_12423@domain.com,2009-12-01
15646,Direct Mail & Wholesale,United Kingdom,Metropolis,Customer,#15646,client_15646@domain.com,2009-12-01
17761,Direct Mail & Wholesale,United Kingdom,Metropolis,Customer,#17761,client_17761@domain.com,2009-12-01
14483,Direct Mail & Wholesale,United Kingdom,Metropolis,Customer,#14483,client_14483@domain.com,2009-12-01
17523,Direct Mail & Wholesale,United Kingdom,Metropolis,Customer,#17523,client_17523@domain.com,2009-12-01
13397,Direct Mail & Wholesale,United Kingdom,Metropolis,Customer,#13397,client_13397@domain.com,2009-12-01
13814,Direct Mail & Wholesale,United Kingdom,Metropolis,Customer,#13814,client_13814@domain.com,2009-12-01
12441,Direct Mail & Wholesale,France,Metropolis,Customer,#12441,client_12441@domain.com,2009-12-01
13312,Direct Mail & Wholesale,United Kingdom,Metropolis,Customer,#13312,client_13312@domain.com,2009-12-01
13286,Direct Mail & Wholesale,United Kingdom,Metropolis,Customer,#13286,client_13286@domain.com,2009-12-01
13702,Direct Mail & Wholesale,United Kingdom,Metropolis,Customer,#13702,client_13702@domain.com,2009-12-01
13025,Direct Mail & Wholesale,United Kingdom,Metropolis,Customer,#13025,client_13025@domain.com,2009-12-01
13033,Direct Mail & Wholesale,United Kingdom,Metropolis,Customer,#13033,client_13033@domain.com,2009-12-01
13303,Direct Mail & Wholesale,Switzerland,Metropolis,Customer,#13303,client_13303@domain.com,2009-12-01
17425,Direct Mail & Wholesale,United Kingdom,Metropolis,Customer,#17425,client_17425@domain.com,2009-12-01
16077,Direct Mail & Wholesale,Netherlands,Metropolis,Customer,#16077,client_16077@domain.com,2009-12-01
13395,Direct Mail & Wholesale,United Kingdom,Metropolis,Customer,#13395,client_13395@domain.com,2009-12-01
17944,Direct Mail & Wholesale,United Kingdom,Metropolis,Customer,#17944,client_17944@domain.com,2009-12-01
12720,Direct Mail & Wholesale,Belgium,Metropolis,Customer,#12720,client_12720@domain.com,2009-12-01
13839,Direct Mail & Wholesale,Germany,Metropolis,Customer,#13839,client_13839@domain.com,2009-12-01
13735,Direct Mail & Wholesale,United Kingdom,Metropolis,Customer,#13735,client_13735@domain.com,2009-12-01
13468,Direct Mail & Wholesale,United Kingdom,Metropolis,Customer,#13468,client_13468@domain.com,2009-12-01
16579,Direct Mail & Wholesale,United Kingdom,Metropolis,Customer,#16579,client_16579@domain.com,2009-12-01
17230,Direct Mail & Wholesale,United Kingdom,Metropolis,Customer,#17230,client_17230@domain.com,2009-12-01
14161,Direct Mail & Wholesale,United Kingdom,Metropolis,Customer,#14161,client_14161@domain.com,2009-12-01
17306,Direct Mail & Wholesale,United Kingdom,Metropolis,Customer,#17306,client_17306@domain.com,2009-12-01
14393,Direct Mail & Wholesale,United Kingdom,Metropolis,Customer,#14393,client_14393@domain.com,2009-12-01
16602,Direct Mail & Wholesale,United Kingdom,Metropolis,Customer,#16602,client_16602@domain.com,2009-12-01
13339,Direct Mail & Wholesale,United Kingdom,Metropolis,Customer,#13339,client_13339@domain.com,2009-12-01
16259,Direct Mail & Wholesale,United Kingdom,Metropolis,Customer,#16259,client_16259@domain.com,2009-12-01
14602,Direct Mail & Wholesale,United Kingdom,Metropolis,Customer,#14602,client_14602@domain.com,2009-12-01
18193,Direct Mail & Wholesale,France,Metropolis,Customer,#18193,client_18193@domain.com,2009-12-01
15332,Direct Mail & Wholesale,United Kingdom,Metropolis,Customer,#15332,client_15332@domain.com,2009-12-01
15979,Direct Mail & Wholesale,United Kingdom,Metropolis,Customer,#15979,client_15979@domain.com,2009-12-01
15703,Direct Mail & Wholesale,United Kingdom,Metropolis,Customer,#15703,client_15703@domain.com,2009-12-01
15244,Direct Mail & Wholesale,United Kingdom,Metropolis,Customer,#15244,client_15244@domain.com,2009-12-01
16329,Direct Mail & Wholesale,United Kingdom,Metropolis,Customer,#16329,client_16329@domain.com,2009-12-01
13026,Direct Mail & Wholesale,United Kingdom,Metropolis,Customer,#13026,client_13026@domain.com,2009-12-01
12876,Direct Mail & Wholesale,United Kingdom,Metropolis,Customer,#12876,client_12876@domain.com,2009-12-01
16964,Direct Mail & Wholesale,United Kingdom,Metropolis,Customer,#16964,client_16964@domain.com,2009-12-01
12559,Direct Mail & Wholesale,United Kingdom,Metropolis,Customer,#12559,client_12559@domain.com,2009-12-01
15636,Direct Mail & Wholesale,Spain,Metropolis,Customer,#15636,client_15636@domain.com,2009-12-01
17315,Direct Mail & Wholesale,United Kingdom,Metropolis,Customer,#17315,client_17315@domain.com,2009-12-01
17241,Direct Mail & Wholesale,United Kingdom,Metropolis,Customer,#17241,client_17241@domain.com,2009-12-01
17291,Direct Mail & Wholesale,United Kingdom,Metropolis,Customer,#17291,client_17291@domain.com,2009-12-01
18078,Direct Mail & Wholesale,United Kingdom,Metropolis,Customer,#18078,client_18078@domain.com,2009-12-01
17705,Direct Mail & Wholesale,Switzerland,Metropolis,Customer,#17705,client_17705@domain.com,2009-12-01
14365,Direct Mail & Wholesale,United Kingdom,Metropolis,Customer,#14365,client_14365@domain.com,2009-12-01
16304,Direct Mail & Wholesale,United Kingdom,Metropolis,Customer,#16304,client_16304@domain.com,2009-12-01
12432,Direct Mail & Wholesale,United Kingdom,Metropolis,Customer,#12432,client_12432@domain.com,2009-12-01
13777,Direct Mail & Wholesale,United Kingdom,Metropolis,Customer,#13777,client_13777@domain.com,2009-12-01
17689,Direct Mail & Wholesale,United Kingdom,Metropolis,Customer,#17689,client_17689@domain.com,2009-12-01
15976,Direct Mail & Wholesale,United Kingdom,Metropolis,Customer,#15976,client_15976@domain.com,2009-12-01
18163,Direct Mail & Wholesale,United Kingdom,Metropolis,Customer,#18163,client_18163@domain.com,2009-12-01
16292,Direct Mail & Wholesale,Spain,Metropolis,Customer,#16292,client_16292@domain.com,2009-12-01
15492,Direct Mail & Wholesale,United Kingdom,Metropolis,Customer,#15492,client_15492@domain.com,2009-12-01
17502,Direct Mail & Wholesale,United Kingdom,Metropolis,Customer,#17502,client_17502@domain.com,2009-12-01
15213,Direct Mail & Wholesale,United Kingdom,Metropolis,Customer,#15213,client_15213@domain.com,2009-12-01
14626,Direct Mail & Wholesale,Spain,Metropolis,Customer,#14626,client_14626@domain.com,2009-12-01
16744,Direct Mail & Wholesale,United Kingdom,Metropolis,Customer,#16744,client_16744@domain.com,2009-12-01
14752,Direct Mail & Wholesale,United Kingdom,Metropolis,Customer,#14752,client_14752@domain.com,2009-12-01
13907,Direct Mail & Wholesale,United Kingdom,Metropolis,Customer,#13907,client_13907@domain.com,2009-12-01
16458,Direct Mail & Wholesale,United Kingdom,Metropolis,Customer,#16458,client_16458@domain.com,2009-12-01
15451,Direct Mail & Wholesale,United Kingdom,Metropolis,Customer,#15451,client_15451@domain.com,2009-12-01
13208,Direct Mail & Wholesale,United Kingdom,Metropolis,Customer,#13208,client_13208@domain.com,2009-12-01
15150,Direct Mail & Wholesale,United Kingdom,Metropolis,Customer,#15150,client_15150@domain.com,2009-12-01
15298,Direct Mail & Wholesale,United Kingdom,Metropolis,Customer,#15298,client_15298@domain.com,2009-12-01
13190,Direct Mail & Wholesale,United Kingdom,Metropolis,Customer,#13190,client_13190@domain.com,2009-12-01
15156,Direct Mail & Wholesale,United Kingdom,Metropolis,Customer,#15156,client_15156@domain.com,2009-12-01
17932,Direct Mail & Wholesale,EIRE,Metropolis,Customer,#17932,client_17932@domain.com,2009-12-01
16379,Direct Mail & Wholesale,Germany,Metropolis,Customer,#16379,client_16379@domain.com,2009-12-01
17630,Direct Mail & Wholesale,United Kingdom,Metropolis,Customer,#17630,client_17630@domain.com,2009-12-01
18001,Direct Mail & Wholesale,France,Metropolis,Customer,#18001,client_18001@domain.com,2009-12-01
14120,Direct Mail & Wholesale,United Kingdom,Metropolis,Customer,#14120,client_14120@domain.com,2009-12-01
16947,Direct Mail & Wholesale,United Kingdom,Metropolis,Customer,#16947,client_16947@domain.com,2009-12-01
16411,Direct Mail & Wholesale,United Kingdom,Metropolis,Customer,#16411,client_16411@domain.com,2009-12-01
17237,Direct Mail & Wholesale,EIRE,Metropolis,Customer,#17237,client_17237@domain.com,2009-12-01
13942,Direct Mail & Wholesale,United Kingdom,Metropolis,Customer,#13942,client_13942@domain.com,2009-12-01
17781,Direct Mail & Wholesale,United Kingdom,Metropolis,Customer,#17781,client_17781@domain.com,2009-12-01
15608,Direct Mail & Wholesale,United Kingdom,Metropolis,Customer,#15608,client_15608@domain.com,2009-12-01
16560,Direct Mail & Wholesale,United Kingdom,Metropolis,Customer,#16560,client_16560@domain.com,2009-12-01
16623,Direct Mail & Wholesale,United Kingdom,Metropolis,Customer,#16623,client_16623@domain.com,2009-12-01
17364,Direct Mail & Wholesale,United Kingdom,Metropolis,Customer,#17364,client_17364@domain.com,2009-12-01
16572,Direct Mail & Wholesale,United Kingdom,Metropolis,Customer,#16572,client_16572@domain.com,2009-12-01
15614,Direct Mail & Wholesale,United Kingdom,Metropolis,Customer,#15614,client_15614@domain.com,2009-12-01
16264,Direct Mail & Wholesale,EIRE,Metropolis,Customer,#16264,client_16264@domain.com,2009-12-01
13317,Direct Mail & Wholesale,Netherlands,Metropolis,Customer,#13317,client_13317@domain.com,2009-12-01
12674,Direct Mail & Wholesale,United Kingdom,Metropolis,Customer,#12674,client_12674@domain.com,2009-12-01
12387,Direct Mail & Wholesale,United Kingdom,Metropolis,Customer,#12387,client_12387@domain.com,2009-12-01
18127,Direct Mail & Wholesale,United Kingdom,Metropolis,Customer,#18127,client_18127@domain.com,2009-12-01
17092,Direct Mail & Wholesale,United Kingdom,Metropolis,Customer,#17092,client_17092@domain.com,2009-12-01
15393,Direct Mail & Wholesale,United Kingdom,Metropolis,Customer,#15393,client_15393@domain.com,2009-12-01
13918,Direct Mail & Wholesale,United Kingdom,Metropolis,Customer,#13918,client_13918@domain.com,2009-12-01
14785,Direct Mail & Wholesale,United Kingdom,Metropolis,Customer,#14785,client_14785@domain.com,2009-12-01
15861,Direct Mail & Wholesale,Portugal,Metropolis,Customer,#15861,client_15861@domain.com,2009-12-01
15648,Direct Mail & Wholesale,United Kingdom,Metropolis,Customer,#15648,client_15648@domain.com,2009-12-01
14309,Direct Mail & Wholesale,United Kingdom,Metropolis,Customer,#14309,client_14309@domain.com,2009-12-01
14614,Direct Mail & Wholesale,United Kingdom,Metropolis,Customer,#14614,client_14614@domain.com,2009-12-01
15185,Direct Mail & Wholesale,Portugal,Metropolis,Customer,#15185,client_15185@domain.com,2009-12-01
16004,Direct Mail & Wholesale,United Kingdom,Metropolis,Customer,#16004,client_16004@domain.com,2009-12-01
12658,Direct Mail & Wholesale,United Kingdom,Metropolis,Customer,#12658,client_12658@domain.com,2009-12-01
16197,Direct Mail & Wholesale,United Kingdom,Metropolis,Customer,#16197,client_16197@domain.com,2009-12-01
12770,Direct Mail & Wholesale,United Kingdom,Metropolis,Customer,#12770,client_12770@domain.com,2009-12-01
13886,Direct Mail & Wholesale,United Kingdom,Metropolis,Customer,#13886,client_13886@domain.com,2009-12-01
14552,Direct Mail & Wholesale,United Kingdom,Metropolis,Customer,#14552,client_14552@domain.com,2009-12-01
13117,Direct Mail & Wholesale,United Kingdom,Metropolis,Customer,#13117,client_13117@domain.com,2009-12-01
14893,Direct Mail & Wholesale,United Kingdom,Metropolis,Customer,#14893,client_14893@domain.com,2009-12-01
13613,Direct Mail & Wholesale,United Kingdom,Metropolis,Customer,#13613,client_13613@domain.com,2009-12-01
15485,Direct Mail & Wholesale,EIRE,Metropolis,Customer,#15485,client_15485@domain.com,2009-12-01
17177,Direct Mail & Wholesale,United Kingdom,Metropolis,Customer,#17177,client_17177@domain.com,2009-12-01
17988,Direct Mail & Wholesale,United Kingdom,Metropolis,Customer,#17988,client_17988@domain.com,2009-12-01
16776,Direct Mail & Wholesale,United Kingdom,Metropolis,Customer,#16776,client_16776@domain.com,2009-12-01
15776,Direct Mail & Wholesale,France,Metropolis,Customer,#15776,client_15776@domain.com,2009-12-01
14980,Direct Mail & Wholesale,United Kingdom,Metropolis,Customer,#14980,client_14980@domain.com,2009-12-01
13474,Direct Mail & Wholesale,United Kingdom,Metropolis,Customer,#13474,client_13474@domain.com,2009-12-01
13430,Direct Mail & Wholesale,United Kingdom,Metropolis,Customer,#13430,client_13430@domain.com,2009-12-01
14876,Direct Mail & Wholesale,United Kingdom,Metropolis,Customer,#14876,client_14876@domain.com,2009-12-01
16417,Direct Mail & Wholesale,United Kingdom,Metropolis,Customer,#16417,client_16417@domain.com,2009-12-01
12604,Direct Mail & Wholesale,United Kingdom,Metropolis,Customer,#12604,client_12604@domain.com,2009-12-01
16130,Direct Mail & Wholesale,United Kingdom,Metropolis,Customer,#16130,client_16130@domain.com,2009-12-01
14059,Direct Mail & Wholesale,United Kingdom,Metropolis,Customer,#14059,client_14059@domain.com,2009-12-01
14020,Direct Mail & Wholesale,United Kingdom,Metropolis,Customer,#14020,client_14020@domain.com,2009-12-01
18286,Direct Mail & Wholesale,United Kingdom,Metropolis,Customer,#18286,client_18286@domain.com,2009-12-01
17756,Direct Mail & Wholesale,United Kingdom,Metropolis,Customer,#17756,client_17756@domain.com,2009-12-01
15259,Direct Mail & Wholesale,United Kingdom,Metropolis,Customer,#15259,client_15259@domain.com,2009-12-01
13274,Direct Mail & Wholesale,United Kingdom,Metropolis,Customer,#13274,client_13274@domain.com,2009-12-01
12553,Direct Mail & Wholesale,United Kingdom,Metropolis,Customer,#12553,client_12553@domain.com,2009-12-01
17282,Direct Mail & Wholesale,United Kingdom,Metropolis,Customer,#17282,client_17282@domain.com,2009-12-01
18072,Direct Mail & Wholesale,United Kingdom,Metropolis,Customer,#18072,client_18072@domain.com,2009-12-01
12730,Direct Mail & Wholesale,United Kingdom,Metropolis,Customer,#12730,client_12730@domain.com,2009-12-01
17725,Direct Mail & Wholesale,United Kingdom,Metropolis,Customer,#17725,client_17725@domain.com,2009-12-01
13110,Direct Mail & Wholesale,United Kingdom,Metropolis,Customer,#13110,client_13110@domain.com,2009-12-01
16395,Direct Mail & Wholesale,United Kingdom,Metropolis,Customer,#16395,client_16395@domain.com,2009-12-01
17284,Direct Mail & Wholesale,United Kingdom,Metropolis,Customer,#17284,client_17284@domain.com,2009-12-01
13623,Direct Mail & Wholesale,United Kingdom,Metropolis,Customer,#13623,client_13623@domain.com,2009-12-01
14740,Direct Mail & Wholesale,Germany,Metropolis,Customer,#14740,client_14740@domain.com,2009-12-01
13350,Direct Mail & Wholesale,France,Metropolis,Customer,#13350,client_13350@domain.com,2009-12-01
12427,Direct Mail & Wholesale,United Kingdom,Metropolis,Customer,#12427,client_12427@domain.com,2009-12-01
15269,Direct Mail & Wholesale,EIRE,Metropolis,Customer,#15269,client_15269@domain.com,2009-12-01
17785,Direct Mail & Wholesale,United Kingdom,Metropolis,Customer,#17785,client_17785@domain.com,2009-12-01
16232,Direct Mail & Wholesale,United Kingdom,Metropolis,Customer,#16232,client_16232@domain.com,2009-12-01
13817,Direct Mail & Wholesale,Germany,Metropolis,Customer,#13817,client_13817@domain.com,2009-12-01
15242,Direct Mail & Wholesale,United Kingdom,Metropolis,Customer,#15242,client_15242@domain.com,2009-12-01
12615,Direct Mail & Wholesale,United Kingdom,Metropolis,Customer,#12615,client_12615@domain.com,2009-12-01
14153,Direct Mail & Wholesale,United Kingdom,Metropolis,Customer,#14153,client_14153@domain.com,2009-12-01
13485,Direct Mail & Wholesale,Belgium,Metropolis,Customer,#13485,client_13485@domain.com,2009-12-01
16650,Direct Mail & Wholesale,United Kingdom,Metropolis,Customer,#16650,client_16650@domain.com,2009-12-01
14190,Direct Mail & Wholesale,United Kingdom,Metropolis,Customer,#14190,client_14190@domain.com,2009-12-01
17910,Direct Mail & Wholesale,United Kingdom,Metropolis,Customer,#17910,client_17910@domain.com,2009-12-01
16512,Direct Mail & Wholesale,United Kingdom,Metropolis,Customer,#16512,client_16512@domain.com,2009-12-01
16128,Direct Mail & Wholesale,France,Metropolis,Customer,#16128,client_16128@domain.com,2009-12-01
16768,Direct Mail & Wholesale,United Kingdom,Metropolis,Customer,#16768,client_16768@domain.com,2009-12-01
12819,Direct Mail & Wholesale,United Kingdom,Metropolis,Customer,#12819,client_12819@domain.com,2009-12-01
13435,Direct Mail & Wholesale,United Kingdom,Metropolis,Customer,#13435,client_13435@domain.com,2009-12-01
12693,Direct Mail & Wholesale,United Kingdom,Metropolis,Customer,#12693,client_12693@domain.com,2009-12-01
15826,Direct Mail & Wholesale,EIRE,Metropolis,Customer,#15826,client_15826@domain.com,2009-12-01
16906,Direct Mail & Wholesale,United Kingdom,Metropolis,Customer,#16906,client_16906@domain.com,2009-12-01
16059,Direct Mail & Wholesale,United Kingdom,Metropolis,Customer,#16059,client_16059@domain.com,2009-12-01
12426,Direct Mail & Wholesale,United Kingdom,Metropolis,Customer,#12426,client_12426@domain.com,2009-12-01
13862,Direct Mail & Wholesale,United Kingdom,Metropolis,Customer,#13862,client_13862@domain.com,2009-12-01
15796,Direct Mail & Wholesale,United Kingdom,Metropolis,Customer,#15796,client_15796@domain.com,2009-12-01
14673,Direct Mail & Wholesale,Spain,Metropolis,Customer,#14673,client_14673@domain.com,2009-12-01
17004,Direct Mail & Wholesale,United Kingdom,Metropolis,Customer,#17004,client_17004@domain.com,2009-12-01
12784,Direct Mail & Wholesale,United Kingdom,Metropolis,Customer,#12784,client_12784@domain.com,2009-12-01
16331,Direct Mail & Wholesale,United Kingdom,Metropolis,Customer,#16331,client_16331@domain.com,2009-12-01
14032,Direct Mail & Wholesale,France,Metropolis,Customer,#14032,client_14032@domain.com,2009-12-01
12845,Direct Mail & Wholesale,United Kingdom,Metropolis,Customer,#12845,client_12845@domain.com,2009-12-01
14428,Direct Mail & Wholesale,United Kingdom,Metropolis,Customer,#14428,client_14428@domain.com,2009-12-01
17957,Direct Mail & Wholesale,Germany,Metropolis,Customer,#17957,client_17957@domain.com,2009-12-01
16361,Direct Mail & Wholesale,United Kingdom,Metropolis,Customer,#16361,client_16361@domain.com,2009-12-01
15755,Direct Mail & Wholesale,United Kingdom,Metropolis,Customer,#15755,client_15755@domain.com,2009-12-01
12691,Direct Mail & Wholesale,United Kingdom,Metropolis,Customer,#12691,client_12691@domain.com,2009-12-01
16422,Direct Mail & Wholesale,Germany,Metropolis,Customer,#16422,client_16422@domain.com,2009-12-01
17246,Direct Mail & Wholesale,United Kingdom,Metropolis,Customer,#17246,client_17246@domain.com,2009-12-01
17845,Direct Mail & Wholesale,United Kingdom,Metropolis,Customer,#17845,client_17845@domain.com,2009-12-01
12455,Direct Mail & Wholesale,United Kingdom,Metropolis,Customer,#12455,client_12455@domain.com,2009-12-01
13452,Direct Mail & Wholesale,United Kingdom,Metropolis,Customer,#13452,client_13452@domain.com,2009-12-01
14705,Direct Mail & Wholesale,United Kingdom,Metropolis,Customer,#14705,client_14705@domain.com,2009-12-01
14408,Direct Mail & Wholesale,United Kingdom,Metropolis,Customer,#14408,client_14408@domain.com,2009-12-01
13657,Direct Mail & Wholesale,United Kingdom,Metropolis,Customer,#13657,client_13657@domain.com,2009-12-01
15010,Direct Mail & Wholesale,United Kingdom,Metropolis,Customer,#15010,client_15010@domain.com,2009-12-01
13203,Direct Mail & Wholesale,United Kingdom,Metropolis,Customer,#13203,client_13203@domain.com,2009-12-01
17757,Direct Mail & Wholesale,Germany,Metropolis,Customer,#17757,client_17757@domain.com,2009-12-01
13916,Direct Mail & Wholesale,United Kingdom,Metropolis,Customer,#13916,client_13916@domain.com,2009-12-01
15356,Direct Mail & Wholesale,United Kingdom,Metropolis,Customer,#15356,client_15356@domain.com,2009-12-01
15412,Direct Mail & Wholesale,United Kingdom,Metropolis,Customer,#15412,client_15412@domain.com,2009-12-01
15182,Direct Mail & Wholesale,United Kingdom,Metropolis,Customer,#15182,client_15182@domain.com,2009-12-01
14394,Direct Mail & Wholesale,United Kingdom,Metropolis,Customer,#14394,client_14394@domain.com,2009-12-01
17922,Direct Mail & Wholesale,Netherlands,Metropolis,Customer,#17922,client_17922@domain.com,2009-12-01
17766,Direct Mail & Wholesale,United Kingdom,Metropolis,Customer,#17766,client_17766@domain.com,2009-12-01
16885,Direct Mail & Wholesale,France,Metropolis,Customer,#16885,client_16885@domain.com,2009-12-01
17798,Direct Mail & Wholesale,United Kingdom,Metropolis,Customer,#17798,client_17798@domain.com,2009-12-01
13530,Direct Mail & Wholesale,United Kingdom,Metropolis,Customer,#13530,client_13530@domain.com,2009-12-01
13077,Direct Mail & Wholesale,United Kingdom,Metropolis,Customer,#13077,client_13077@domain.com,2009-12-01
18084,Direct Mail & Wholesale,United Kingdom,Metropolis,Customer,#18084,client_18084@domain.com,2009-12-01
17750,Direct Mail & Wholesale,Australia,Metropolis,Customer,#17750,client_17750@domain.com,2009-12-01
16632,Direct Mail & Wholesale,Germany,Metropolis,Customer,#16632,client_16632@domain.com,2009-12-01
12719,Direct Mail & Wholesale,United Kingdom,Metropolis,Customer,#12719,client_12719@domain.com,2009-12-01
17301,Direct Mail & Wholesale,United Kingdom,Metropolis,Customer,#17301,client_17301@domain.com,2009-12-01
15385,Direct Mail & Wholesale,United Kingdom,Metropolis,Customer,#15385,client_15385@domain.com,2009-12-01
14826,Direct Mail & Wholesale,United Kingdom,Metropolis,Customer,#14826,client_14826@domain.com,2009-12-01
15708,Direct Mail & Wholesale,United Kingdom,Metropolis,Customer,#15708,client_15708@domain.com,2009-12-01
12726,Direct Mail & Wholesale,United Kingdom,Metropolis,Customer,#12726,client_12726@domain.com,2009-12-01
17325,Direct Mail & Wholesale,Spain,Metropolis,Customer,#17325,client_17325@domain.com,2009-12-01
16759,Direct Mail & Wholesale,United Kingdom,Metropolis,Customer,#16759,client_16759@domain.com,2009-12-01
14076,Direct Mail & Wholesale,France,Metropolis,Customer,#14076,client_14076@domain.com,2009-12-01
17047,Direct Mail & Wholesale,United Kingdom,Metropolis,Customer,#17047,client_17047@domain.com,2009-12-01
16002,Direct Mail & Wholesale,United Kingdom,Metropolis,Customer,#16002,client_16002@domain.com,2009-12-01
17146,Direct Mail & Wholesale,United Kingdom,Metropolis,Customer,#17146,client_17146@domain.com,2009-12-01
15576,Direct Mail & Wholesale,Germany,Metropolis,Customer,#15576,client_15576@domain.com,2009-12-01
13398,Direct Mail & Wholesale,United Kingdom,Metropolis,Customer,#13398,client_13398@domain.com,2009-12-01
18065,Direct Mail & Wholesale,United Kingdom,Metropolis,Customer,#18065,client_18065@domain.com,2009-12-01
12781,Direct Mail & Wholesale,United Kingdom,Metropolis,Customer,#12781,client_12781@domain.com,2009-12-01
13079,Direct Mail & Wholesale,United Kingdom,Metropolis,Customer,#13079,client_13079@domain.com,2009-12-01
16261,Direct Mail & Wholesale,United Kingdom,Metropolis,Customer,#16261,client_16261@domain.com,2009-12-01
14984,Direct Mail & Wholesale,United Kingdom,Metropolis,Customer,#14984,client_14984@domain.com,2009-12-01
18082,Direct Mail & Wholesale,United Kingdom,Metropolis,Customer,#18082,client_18082@domain.com,2009-12-01
14979,Direct Mail & Wholesale,United Kingdom,Metropolis,Customer,#14979,client_14979@domain.com,2009-12-01
15351,Direct Mail & Wholesale,United Kingdom,Metropolis,Customer,#15351,client_15351@domain.com,2009-12-01
12978,Direct Mail & Wholesale,United Kingdom,Metropolis,Customer,#12978,client_12978@domain.com,2009-12-01
17360,Direct Mail & Wholesale,United Kingdom,Metropolis,Customer,#17360,client_17360@domain.com,2009-12-01
14445,Direct Mail & Wholesale,United Kingdom,Metropolis,Customer,#14445,client_14445@domain.com,2009-12-01
13011,Direct Mail & Wholesale,United Kingdom,Metropolis,Customer,#13011,client_13011@domain.com,2009-12-01
15716,Direct Mail & Wholesale,Germany,Metropolis,Customer,#15716,client_15716@domain.com,2009-12-01
14458,Direct Mail & Wholesale,United Kingdom,Metropolis,Customer,#14458,client_14458@domain.com,2009-12-01
13045,Direct Mail & Wholesale,United Kingdom,Metropolis,Customer,#13045,client_13045@domain.com,2009-12-01
14115,Direct Mail & Wholesale,United Kingdom,Metropolis,Customer,#14115,client_14115@domain.com,2009-12-01
17837,Direct Mail & Wholesale,France,Metropolis,Customer,#17837,client_17837@domain.com,2009-12-01
15531,Direct Mail & Wholesale,United Kingdom,Metropolis,Customer,#15531,client_15531@domain.com,2009-12-01
15558,Direct Mail & Wholesale,United Kingdom,Metropolis,Customer,#15558,client_15558@domain.com,2009-12-01
14616,Direct Mail & Wholesale,France,Metropolis,Customer,#14616,client_14616@domain.com,2009-12-01
16682,Direct Mail & Wholesale,United Kingdom,Metropolis,Customer,#16682,client_16682@domain.com,2009-12-01
13132,Direct Mail & Wholesale,United Kingdom,Metropolis,Customer,#13132,client_13132@domain.com,2009-12-01
14303,Direct Mail & Wholesale,United Kingdom,Metropolis,Customer,#14303,client_14303@domain.com,2009-12-01
14779,Direct Mail & Wholesale,United Kingdom,Metropolis,Customer,#14779,client_14779@domain.com,2009-12-01
13519,Direct Mail & Wholesale,United Kingdom,Metropolis,Customer,#13519,client_13519@domain.com,2009-12-01
15482,Direct Mail & Wholesale,United Kingdom,Metropolis,Customer,#15482,client_15482@domain.com,2009-12-01
13297,Direct Mail & Wholesale,United Kingdom,Metropolis,Customer,#13297,client_13297@domain.com,2009-12-01
17695,Direct Mail & Wholesale,United Kingdom,Metropolis,Customer,#17695,client_17695@domain.com,2009-12-01
14058,Direct Mail & Wholesale,United Kingdom,Metropolis,Customer,#14058,client_14058@domain.com,2009-12-01
16567,Direct Mail & Wholesale,France,Metropolis,Customer,#16567,client_16567@domain.com,2009-12-01
13265,Direct Mail & Wholesale,United Kingdom,Metropolis,Customer,#13265,client_13265@domain.com,2009-12-01
15645,Direct Mail & Wholesale,France,Metropolis,Customer,#15645,client_15645@domain.com,2009-12-01
15740,Direct Mail & Wholesale,United Kingdom,Metropolis,Customer,#15740,client_15740@domain.com,2009-12-01
16635,Direct Mail & Wholesale,United Kingdom,Metropolis,Customer,#16635,client_16635@domain.com,2009-12-01
17899,Direct Mail & Wholesale,United Kingdom,Metropolis,Customer,#17899,client_17899@domain.com,2009-12-01
14537,Direct Mail & Wholesale,United Kingdom,Metropolis,Customer,#14537,client_14537@domain.com,2009-12-01
14504,Direct Mail & Wholesale,United Kingdom,Metropolis,Customer,#14504,client_14504@domain.com,2009-12-01
13910,Direct Mail & Wholesale,United Kingdom,Metropolis,Customer,#13910,client_13910@domain.com,2009-12-01
13572,Direct Mail & Wholesale,United Kingdom,Metropolis,Customer,#13572,client_13572@domain.com,2009-12-01
16526,Direct Mail & Wholesale,United Kingdom,Metropolis,Customer,#16526,client_16526@domain.com,2009-12-01
12630,Direct Mail & Wholesale,Spain,Metropolis,Customer,#12630,client_12630@domain.com,2009-12-01
16850,Direct Mail & Wholesale,Netherlands,Metropolis,Customer,#16850,client_16850@domain.com,2009-12-01
13557,Direct Mail & Wholesale,United Kingdom,Metropolis,Customer,#13557,client_13557@domain.com,2009-12-01
13583,Direct Mail & Wholesale,France,Metropolis,Customer,#13583,client_13583@domain.com,2009-12-01
14198,Direct Mail & Wholesale,United Kingdom,Metropolis,Customer,#14198,client_14198@domain.com,2009-12-01
13222,Direct Mail & Wholesale,United Kingdom,Metropolis,Customer,#13222,client_13222@domain.com,2009-12-01
16088,Direct Mail & Wholesale,United Kingdom,Metropolis,Customer,#16088,client_16088@domain.com,2009-12-01
17142,Direct Mail & Wholesale,United Kingdom,Metropolis,Customer,#17142,client_17142@domain.com,2009-12-01
14468,Direct Mail & Wholesale,United Kingdom,Metropolis,Customer,#14468,client_14468@domain.com,2009-12-01
16129,Direct Mail & Wholesale,United Kingdom,Metropolis,Customer,#16129,client_16129@domain.com,2009-12-01
15423,Direct Mail & Wholesale,United Kingdom,Metropolis,Customer,#15423,client_15423@domain.com,2009-12-01
13177,Direct Mail & Wholesale,United Kingdom,Metropolis,Customer,#13177,client_13177@domain.com,2009-12-01
13361,Direct Mail & Wholesale,United Kingdom,Metropolis,Customer,#13361,client_13361@domain.com,2009-12-01
16670,Direct Mail & Wholesale,Germany,Metropolis,Customer,#16670,client_16670@domain.com,2009-12-01
13696,Direct Mail & Wholesale,United Kingdom,Metropolis,Customer,#13696,client_13696@domain.com,2009-12-01
17407,Direct Mail & Wholesale,United Kingdom,Metropolis,Customer,#17407,client_17407@domain.com,2009-12-01
12883,Direct Mail & Wholesale,United Kingdom,Metropolis,Customer,#12883,client_12883@domain.com,2009-12-01
13396,Direct Mail & Wholesale,United Kingdom,Metropolis,Customer,#13396,client_13396@domain.com,2009-12-01
14381,Direct Mail & Wholesale,United Kingdom,Metropolis,Customer,#14381,client_14381@domain.com,2009-12-01
13369,Direct Mail & Wholesale,United Kingdom,Metropolis,Customer,#13369,client_13369@domain.com,2009-12-01
13992,Direct Mail & Wholesale,United Kingdom,Metropolis,Customer,#13992,client_13992@domain.com,2009-12-01
12997,Direct Mail & Wholesale,United Kingdom,Metropolis,Customer,#12997,client_12997@domain.com,2009-12-01
12372,Direct Mail & Wholesale,EIRE,Metropolis,Customer,#12372,client_12372@domain.com,2009-12-01
15579,Direct Mail & Wholesale,France,Metropolis,Customer,#15579,client_15579@domain.com,2009-12-01
17064,Direct Mail & Wholesale,EIRE,Metropolis,Customer,#17064,client_17064@domain.com,2009-12-01
12688,Direct Mail & Wholesale,Germany,Metropolis,Customer,#12688,client_12688@domain.com,2009-12-01
13336,Direct Mail & Wholesale,United Kingdom,Metropolis,Customer,#13336,client_13336@domain.com,2009-12-01
16969,Direct Mail & Wholesale,United Kingdom,Metropolis,Customer,#16969,client_16969@domain.com,2009-12-01
15618,Direct Mail & Wholesale,United Kingdom,Metropolis,Customer,#15618,client_15618@domain.com,2009-12-01
14870,Direct Mail & Wholesale,United Kingdom,Metropolis,Customer,#14870,client_14870@domain.com,2009-12-01
14063,Direct Mail & Wholesale,United Kingdom,Metropolis,Customer,#14063,client_14063@domain.com,2009-12-01
14824,Direct Mail & Wholesale,United Kingdom,Metropolis,Customer,#14824,client_14824@domain.com,2009-12-01
12746,Direct Mail & Wholesale,EIRE,Metropolis,Customer,#12746,client_12746@domain.com,2009-12-01
14264,Direct Mail & Wholesale,United Kingdom,Metropolis,Customer,#14264,client_14264@domain.com,2009-12-01
12609,Direct Mail & Wholesale,United Kingdom,Metropolis,Customer,#12609,client_12609@domain.com,2009-12-01
17833,Direct Mail & Wholesale,United Kingdom,Metropolis,Customer,#17833,client_17833@domain.com,2009-12-01
15927,Direct Mail & Wholesale,United Kingdom,Metropolis,Customer,#15927,client_15927@domain.com,2009-12-01
13029,Direct Mail & Wholesale,United Kingdom,Metropolis,Customer,#13029,client_13029@domain.com,2009-12-01
14298,Direct Mail & Wholesale,United Kingdom,Metropolis,Customer,#14298,client_14298@domain.com,2009-12-01
16021,Direct Mail & Wholesale,United Kingdom,Metropolis,Customer,#16021,client_16021@domain.com,2009-12-01
16037,Direct Mail & Wholesale,United Kingdom,Metropolis,Customer,#16037,client_16037@domain.com,2009-12-01
17558,Direct Mail & Wholesale,United Kingdom,Metropolis,Customer,#17558,client_17558@domain.com,2009-12-01
13421,Direct Mail & Wholesale,United Kingdom,Metropolis,Customer,#13421,client_13421@domain.com,2009-12-01
17090,Direct Mail & Wholesale,United Kingdom,Metropolis,Customer,#17090,client_17090@domain.com,2009-12-01
17009,Direct Mail & Wholesale,United Kingdom,Metropolis,Customer,#17009,client_17009@domain.com,2009-12-01
17311,Direct Mail & Wholesale,Germany,Metropolis,Customer,#17311,client_17311@domain.com,2009-12-01
16994,Direct Mail & Wholesale,United Kingdom,Metropolis,Customer,#16994,client_16994@domain.com,2009-12-01
12581,Direct Mail & Wholesale,United Kingdom,Metropolis,Customer,#12581,client_12581@domain.com,2009-12-01
15745,Direct Mail & Wholesale,United Kingdom,Metropolis,Customer,#15745,client_15745@domain.com,2009-12-01
14082,Direct Mail & Wholesale,United Kingdom,Metropolis,Customer,#14082,client_14082@domain.com,2009-12-01
15175,Direct Mail & Wholesale,Switzerland,Metropolis,Customer,#15175,client_15175@domain.com,2009-12-01
14704,Direct Mail & Wholesale,United Kingdom,Metropolis,Customer,#14704,client_14704@domain.com,2009-12-01
15752,Direct Mail & Wholesale,United Kingdom,Metropolis,Customer,#15752,client_15752@domain.com,2009-12-01
17980,Direct Mail & Wholesale,EIRE,Metropolis,Customer,#17980,client_17980@domain.com,2009-12-01
15635,Direct Mail & Wholesale,United Kingdom,Metropolis,Customer,#15635,client_15635@domain.com,2009-12-01
14651,Direct Mail & Wholesale,United Kingdom,Metropolis,Customer,#14651,client_14651@domain.com,2009-12-01
12549,Direct Mail & Wholesale,United Kingdom,Metropolis,Customer,#12549,client_12549@domain.com,2009-12-01
12886,Direct Mail & Wholesale,United Kingdom,Metropolis,Customer,#12886,client_12886@domain.com,2009-12-01
14361,Direct Mail & Wholesale,United Kingdom,Metropolis,Customer,#14361,client_14361@domain.com,2009-12-01
15044,Direct Mail & Wholesale,United Kingdom,Metropolis,Customer,#15044,client_15044@domain.com,2009-12-01
16403,Direct Mail & Wholesale,United Kingdom,Metropolis,Customer,#16403,client_16403@domain.com,2009-12-01
14937,Direct Mail & Wholesale,United Kingdom,Metropolis,Customer,#14937,client_14937@domain.com,2009-12-01
17731,Direct Mail & Wholesale,United Kingdom,Metropolis,Customer,#17731,client_17731@domain.com,2009-12-01
16357,Direct Mail & Wholesale,United Kingdom,Metropolis,Customer,#16357,client_16357@domain.com,2009-12-01
16575,Direct Mail & Wholesale,United Kingdom,Metropolis,Customer,#16575,client_16575@domain.com,2009-12-01
17348,Direct Mail & Wholesale,United Kingdom,Metropolis,Customer,#17348,client_17348@domain.com,2009-12-01
17608,Direct Mail & Wholesale,United Kingdom,Metropolis,Customer,#17608,client_17608@domain.com,2009-12-01
12399,Direct Mail & Wholesale,United Kingdom,Metropolis,Customer,#12399,client_12399@domain.com,2009-12-01
18282,Direct Mail & Wholesale,United Kingdom,Metropolis,Customer,#18282,client_18282@domain.com,2009-12-01
18139,Direct Mail & Wholesale,United Kingdom,Metropolis,Customer,#18139,client_18139@domain.com,2009-12-01
17879,Direct Mail & Wholesale,United Kingdom,Metropolis,Customer,#17879,client_17879@domain.com,2009-12-01
13042,Direct Mail & Wholesale,United Kingdom,Metropolis,Customer,#13042,client_13042@domain.com,2009-12-01
14023,Direct Mail & Wholesale,United Kingdom,Metropolis,Customer,#14023,client_14023@domain.com,2009-12-01
12489,Direct Mail & Wholesale,United Kingdom,Metropolis,Customer,#12489,client_12489@domain.com,2009-12-01
14213,Direct Mail & Wholesale,United Kingdom,Metropolis,Customer,#14213,client_14213@domain.com,2009-12-01
12417,Direct Mail & Wholesale,United Kingdom,Metropolis,Customer,#12417,client_12417@domain.com,2009-12-01
16421,Direct Mail & Wholesale,United Kingdom,Metropolis,Customer,#16421,client_16421@domain.com,2009-12-01
17860,Direct Mail & Wholesale,United Kingdom,Metropolis,Customer,#17860,client_17860@domain.com,2009-12-01
14881,Direct Mail & Wholesale,France,Metropolis,Customer,#14881,client_14881@domain.com,2009-12-01
14693,Direct Mail & Wholesale,Germany,Metropolis,Customer,#14693,client_14693@domain.com,2009-12-01
15404,Direct Mail & Wholesale,United Kingdom,Metropolis,Customer,#15404,client_15404@domain.com,2009-12-01
16188,Direct Mail & Wholesale,United Kingdom,Metropolis,Customer,#16188,client_16188@domain.com,2009-12-01
16967,Direct Mail & Wholesale,Germany,Metropolis,Customer,#16967,client_16967@domain.com,2009-12-01
14770,Direct Mail & Wholesale,United Kingdom,Metropolis,Customer,#14770,client_14770@domain.com,2009-12-01
14317,Direct Mail & Wholesale,United Kingdom,Metropolis,Customer,#14317,client_14317@domain.com,2009-12-01
14196,Direct Mail & Wholesale,Germany,Metropolis,Customer,#14196,client_14196@domain.com,2009-12-01
16799,Direct Mail & Wholesale,United Kingdom,Metropolis,Customer,#16799,client_16799@domain.com,2009-12-01
15472,Direct Mail & Wholesale,United Kingdom,Metropolis,Customer,#15472,client_15472@domain.com,2009-12-01
14520,Direct Mail & Wholesale,United Kingdom,Metropolis,Customer,#14520,client_14520@domain.com,2009-12-01
15564,Direct Mail & Wholesale,United Kingdom,Metropolis,Customer,#15564,client_15564@domain.com,2009-12-01
15289,Direct Mail & Wholesale,United Kingdom,Metropolis,Customer,#15289,client_15289@domain.com,2009-12-01
13280,Direct Mail & Wholesale,Germany,Metropolis,Customer,#13280,client_13280@domain.com,2009-12-01
16598,Direct Mail & Wholesale,United Kingdom,Metropolis,Customer,#16598,client_16598@domain.com,2009-12-01
14921,Direct Mail & Wholesale,United Kingdom,Metropolis,Customer,#14921,client_14921@domain.com,2009-12-01
17156,Direct Mail & Wholesale,United Kingdom,Metropolis,Customer,#17156,client_17156@domain.com,2009-12-01
15621,Direct Mail & Wholesale,United Kingdom,Metropolis,Customer,#15621,client_15621@domain.com,2009-12-01
12749,Direct Mail & Wholesale,United Kingdom,Metropolis,Customer,#12749,client_12749@domain.com,2009-12-01
17607,Direct Mail & Wholesale,United Kingdom,Metropolis,Customer,#17607,client_17607@domain.com,2009-12-01
16564,Direct Mail & Wholesale,United Kingdom,Metropolis,Customer,#16564,client_16564@domain.com,2009-12-01
13628,Direct Mail & Wholesale,United Kingdom,Metropolis,Customer,#13628,client_13628@domain.com,2009-12-01
16750,Direct Mail & Wholesale,United Kingdom,Metropolis,Customer,#16750,client_16750@domain.com,2009-12-01
13368,Direct Mail & Wholesale,United Kingdom,Metropolis,Customer,#13368,client_13368@domain.com,2009-12-01
13631,Direct Mail & Wholesale,United Kingdom,Metropolis,Customer,#13631,client_13631@domain.com,2009-12-01
15941,Direct Mail & Wholesale,United Kingdom,Metropolis,Customer,#15941,client_15941@domain.com,2009-12-01
17053,Direct Mail & Wholesale,United Kingdom,Metropolis,Customer,#17053,client_17053@domain.com,2009-12-01
14326,Direct Mail & Wholesale,United Kingdom,Metropolis,Customer,#14326,client_14326@domain.com,2009-12-01
15415,Direct Mail & Wholesale,United Kingdom,Metropolis,Customer,#15415,client_15415@domain.com,2009-12-01
18224,Direct Mail & Wholesale,United Kingdom,Metropolis,Customer,#18224,client_18224@domain.com,2009-12-01
17540,Direct Mail & Wholesale,United Kingdom,Metropolis,Customer,#17540,client_17540@domain.com,2009-12-01
16298,Direct Mail & Wholesale,United Kingdom,Metropolis,Customer,#16298,client_16298@domain.com,2009-12-01
18237,Direct Mail & Wholesale,United Kingdom,Metropolis,Customer,#18237,client_18237@domain.com,2009-12-01
17388,Direct Mail & Wholesale,Portugal,Metropolis,Customer,#17388,client_17388@domain.com,2009-12-01
12972,Direct Mail & Wholesale,United Kingdom,Metropolis,Customer,#12972,client_12972@domain.com,2009-12-01
15855,Direct Mail & Wholesale,United Kingdom,Metropolis,Customer,#15855,client_15855@domain.com,2009-12-01
14507,Direct Mail & Wholesale,United Kingdom,Metropolis,Customer,#14507,client_14507@domain.com,2009-12-01
15795,Direct Mail & Wholesale,United Kingdom,Metropolis,Customer,#15795,client_15795@domain.com,2009-12-01
15268,Direct Mail & Wholesale,France,Metropolis,Customer,#15268,client_15268@domain.com,2009-12-01
12521,Direct Mail & Wholesale,United Kingdom,Metropolis,Customer,#12521,client_12521@domain.com,2009-12-01
14376,Direct Mail & Wholesale,EIRE,Metropolis,Customer,#14376,client_14376@domain.com,2009-12-01
16288,Direct Mail & Wholesale,United Kingdom,Metropolis,Customer,#16288,client_16288@domain.com,2009-12-01
17455,Direct Mail & Wholesale,Germany,Metropolis,Customer,#17455,client_17455@domain.com,2009-12-01
17614,Direct Mail & Wholesale,United Kingdom,Metropolis,Customer,#17614,client_17614@domain.com,2009-12-01
16616,Direct Mail & Wholesale,United Kingdom,Metropolis,Customer,#16616,client_16616@domain.com,2009-12-01
15297,Direct Mail & Wholesale,United Kingdom,Metropolis,Customer,#15297,client_15297@domain.com,2009-12-01
12695,Direct Mail & Wholesale,EIRE,Metropolis,Customer,#12695,client_12695@domain.com,2009-12-01
15709,Direct Mail & Wholesale,United Kingdom,Metropolis,Customer,#15709,client_15709@domain.com,2009-12-01
15685,Direct Mail & Wholesale,United Kingdom,Metropolis,Customer,#15685,client_15685@domain.com,2009-12-01
13226,Direct Mail & Wholesale,United Kingdom,Metropolis,Customer,#13226,client_13226@domain.com,2009-12-01
15981,Direct Mail & Wholesale,United Kingdom,Metropolis,Customer,#15981,client_15981@domain.com,2009-12-01
15099,Direct Mail & Wholesale,EIRE,Metropolis,Customer,#15099,client_15099@domain.com,2009-12-01
17269,Direct Mail & Wholesale,United Kingdom,Metropolis,Customer,#17269,client_17269@domain.com,2009-12-01
12485,Direct Mail & Wholesale,United Kingdom,Metropolis,Customer,#12485,client_12485@domain.com,2009-12-01
14311,Direct Mail & Wholesale,United Kingdom,Metropolis,Customer,#14311,client_14311@domain.com,2009-12-01
12497,Direct Mail & Wholesale,United Kingdom,Metropolis,Customer,#12497,client_12497@domain.com,2009-12-01
16092,Direct Mail & Wholesale,United Kingdom,Metropolis,Customer,#16092,client_16092@domain.com,2009-12-01
13476,Direct Mail & Wholesale,EIRE,Metropolis,Customer,#13476,client_13476@domain.com,2009-12-01
13589,Direct Mail & Wholesale,United Kingdom,Metropolis,Customer,#13589,client_13589@domain.com,2009-12-01
18192,Direct Mail & Wholesale,Spain,Metropolis,Customer,#18192,client_18192@domain.com,2009-12-01
17084,Direct Mail & Wholesale,Switzerland,Metropolis,Customer,#17084,client_17084@domain.com,2009-12-01
15438,Direct Mail & Wholesale,United Kingdom,Metropolis,Customer,#15438,client_15438@domain.com,2009-12-01
15059,Direct Mail & Wholesale,United Kingdom,Metropolis,Customer,#15059,client_15059@domain.com,2009-12-01
14766,Direct Mail & Wholesale,United Kingdom,Metropolis,Customer,#14766,client_14766@domain.com,2009-12-01
15851,Direct Mail & Wholesale,United Kingdom,Metropolis,Customer,#15851,client_15851@domain.com,2009-12-01
17287,Direct Mail & Wholesale,United Kingdom,Metropolis,Customer,#17287,client_17287@domain.com,2009-12-01
13929,Direct Mail & Wholesale,United Kingdom,Metropolis,Customer,#13929,client_13929@domain.com,2009-12-01
13571,Direct Mail & Wholesale,United Kingdom,Metropolis,Customer,#13571,client_13571@domain.com,2009-12-01
12466,Direct Mail & Wholesale,United Kingdom,Metropolis,Customer,#12466,client_12466@domain.com,2009-12-01
16975,Direct Mail & Wholesale,United Kingdom,Metropolis,Customer,#16975,client_16975@domain.com,2009-12-01
17613,Direct Mail & Wholesale,United Kingdom,Metropolis,Customer,#17613,client_17613@domain.com,2009-12-01
14422,Direct Mail & Wholesale,United Kingdom,Metropolis,Customer,#14422,client_14422@domain.com,2009-12-01
13581,Direct Mail & Wholesale,United Kingdom,Metropolis,Customer,#13581,client_13581@domain.com,2009-12-01
14128,Direct Mail & Wholesale,United Kingdom,Metropolis,Customer,#14128,client_14128@domain.com,2009-12-01
17634,Direct Mail & Wholesale,United Kingdom,Metropolis,Customer,#17634,client_17634@domain.com,2009-12-01
16773,Direct Mail & Wholesale,United Kingdom,Metropolis,Customer,#16773,client_16773@domain.com,2009-12-01
13990,Direct Mail & Wholesale,United Kingdom,Metropolis,Customer,#13990,client_13990@domain.com,2009-12-01
13963,Direct Mail & Wholesale,United Kingdom,Metropolis,Customer,#13963,client_13963@domain.com,2009-12-01
13799,Direct Mail & Wholesale,United Kingdom,Metropolis,Customer,#13799,client_13799@domain.com,2009-12-01
17708,Direct Mail & Wholesale,United Kingdom,Metropolis,Customer,#17708,client_17708@domain.com,2009-12-01
12943,Direct Mail & Wholesale,United Kingdom,Metropolis,Customer,#12943,client_12943@domain.com,2009-12-01
16516,Direct Mail & Wholesale,United Kingdom,Metropolis,Customer,#16516,client_16516@domain.com,2009-12-01
14013,Direct Mail & Wholesale,United Kingdom,Metropolis,Customer,#14013,client_14013@domain.com,2009-12-01
15822,Direct Mail & Wholesale,France,Metropolis,Customer,#15822,client_15822@domain.com,2009-12-01
17496,Direct Mail & Wholesale,United Kingdom,Metropolis,Customer,#17496,client_17496@domain.com,2009-12-01
13150,Direct Mail & Wholesale,United Kingdom,Metropolis,Customer,#13150,client_13150@domain.com,2009-12-01
17712,Direct Mail & Wholesale,United Kingdom,Metropolis,Customer,#17712,client_17712@domain.com,2009-12-01
14792,Direct Mail & Wholesale,United Kingdom,Metropolis,Customer,#14792,client_14792@domain.com,2009-12-01
15912,Direct Mail & Wholesale,United Kingdom,Metropolis,Customer,#15912,client_15912@domain.com,2009-12-01
14640,Direct Mail & Wholesale,United Kingdom,Metropolis,Customer,#14640,client_14640@domain.com,2009-12-01
18280,Direct Mail & Wholesale,United Kingdom,Metropolis,Customer,#18280,client_18280@domain.com,2009-12-01
17414,Direct Mail & Wholesale,Australia,Metropolis,Customer,#17414,client_17414@domain.com,2009-12-01
18199,Direct Mail & Wholesale,United Kingdom,Metropolis,Customer,#18199,client_18199@domain.com,2009-12-01
17492,Direct Mail & Wholesale,Spain,Metropolis,Customer,#17492,client_17492@domain.com,2009-12-01
16057,Direct Mail & Wholesale,United Kingdom,Metropolis,Customer,#16057,client_16057@domain.com,2009-12-01
15002,Direct Mail & Wholesale,United Kingdom,Metropolis,Customer,#15002,client_15002@domain.com,2009-12-01
17861,Direct Mail & Wholesale,Germany,Metropolis,Customer,#17861,client_17861@domain.com,2009-12-01
17189,Direct Mail & Wholesale,United Kingdom,Metropolis,Customer,#17189,client_17189@domain.com,2009-12-01
14331,Direct Mail & Wholesale,United Kingdom,Metropolis,Customer,#14331,client_14331@domain.com,2009-12-01
14268,Direct Mail & Wholesale,United Kingdom,Metropolis,Customer,#14268,client_14268@domain.com,2009-12-01
16439,Direct Mail & Wholesale,United Kingdom,Metropolis,Customer,#16439,client_16439@domain.com,2009-12-01
16123,Direct Mail & Wholesale,United Kingdom,Metropolis,Customer,#16123,client_16123@domain.com,2009-12-01
16100,Direct Mail & Wholesale,United Kingdom,Metropolis,Customer,#16100,client_16100@domain.com,2009-12-01
16147,Direct Mail & Wholesale,France,Metropolis,Customer,#16147,client_16147@domain.com,2009-12-01
12842,Direct Mail & Wholesale,EIRE,Metropolis,Customer,#12842,client_12842@domain.com,2009-12-01
15596,Direct Mail & Wholesale,United Kingdom,Metropolis,Customer,#15596,client_15596@domain.com,2009-12-01
14091,Direct Mail & Wholesale,Germany,Metropolis,Customer,#14091,client_14091@domain.com,2009-12-01
13308,Direct Mail & Wholesale,United Kingdom,Metropolis,Customer,#13308,client_13308@domain.com,2009-12-01
14544,Direct Mail & Wholesale,United Kingdom,Metropolis,Customer,#14544,client_14544@domain.com,2009-12-01
15271,Direct Mail & Wholesale,United Kingdom,Metropolis,Customer,#15271,client_15271@domain.com,2009-12-01
13419,Direct Mail & Wholesale,United Kingdom,Metropolis,Customer,#13419,client_13419@domain.com,2009-12-01
13074,Direct Mail & Wholesale,United Kingdom,Metropolis,Customer,#13074,client_13074@domain.com,2009-12-01
15408,Direct Mail & Wholesale,United Kingdom,Metropolis,Customer,#15408,client_15408@domain.com,2009-12-01
16738,Direct Mail & Wholesale,United Kingdom,Metropolis,Customer,#16738,client_16738@domain.com,2009-12-01
17037,Direct Mail & Wholesale,United Kingdom,Metropolis,Customer,#17037,client_17037@domain.com,2009-12-01
15323,Direct Mail & Wholesale,United Kingdom,Metropolis,Customer,#15323,client_15323@domain.com,2009-12-01
14856,Direct Mail & Wholesale,United Kingdom,Metropolis,Customer,#14856,client_14856@domain.com,2009-12-01
14777,Direct Mail & Wholesale,United Kingdom,Metropolis,Customer,#14777,client_14777@domain.com,2009-12-01
17203,Direct Mail & Wholesale,United Kingdom,Metropolis,Customer,#17203,client_17203@domain.com,2009-12-01
13883,Direct Mail & Wholesale,United Kingdom,Metropolis,Customer,#13883,client_13883@domain.com,2009-12-01
16701,Direct Mail & Wholesale,United Kingdom,Metropolis,Customer,#16701,client_16701@domain.com,2009-12-01
15881,Direct Mail & Wholesale,United Kingdom,Metropolis,Customer,#15881,client_15881@domain.com,2009-12-01
16873,Direct Mail & Wholesale,United Kingdom,Metropolis,Customer,#16873,client_16873@domain.com,2009-12-01
15153,Direct Mail & Wholesale,United Kingdom,Metropolis,Customer,#15153,client_15153@domain.com,2009-12-01
16104,Direct Mail & Wholesale,United Kingdom,Metropolis,Customer,#16104,client_16104@domain.com,2009-12-01
15211,Direct Mail & Wholesale,Belgium,Metropolis,Customer,#15211,client_15211@domain.com,2009-12-01
14433,Direct Mail & Wholesale,United Kingdom,Metropolis,Customer,#14433,client_14433@domain.com,2009-12-01
14884,Direct Mail & Wholesale,United Kingdom,Metropolis,Customer,#14884,client_14884@domain.com,2009-12-01
15879,Direct Mail & Wholesale,United Kingdom,Metropolis,Customer,#15879,client_15879@domain.com,2009-12-01
16114,Direct Mail & Wholesale,United Kingdom,Metropolis,Customer,#16114,client_16114@domain.com,2009-12-01
18030,Direct Mail & Wholesale,United Kingdom,Metropolis,Customer,#18030,client_18030@domain.com,2009-12-01
13053,Direct Mail & Wholesale,United Kingdom,Metropolis,Customer,#13053,client_13053@domain.com,2009-12-01
12431,Direct Mail & Wholesale,United Kingdom,Metropolis,Customer,#12431,client_12431@domain.com,2009-12-01
13512,Direct Mail & Wholesale,United Kingdom,Metropolis,Customer,#13512,client_13512@domain.com,2009-12-01
16068,Direct Mail & Wholesale,United Kingdom,Metropolis,Customer,#16068,client_16068@domain.com,2009-12-01
15241,Direct Mail & Wholesale,United Kingdom,Metropolis,Customer,#15241,client_15241@domain.com,2009-12-01
15830,Direct Mail & Wholesale,United Kingdom,Metropolis,Customer,#15830,client_15830@domain.com,2009-12-01
12705,Direct Mail & Wholesale,United Kingdom,Metropolis,Customer,#12705,client_12705@domain.com,2009-12-01
17508,Direct Mail & Wholesale,United Kingdom,Metropolis,Customer,#17508,client_17508@domain.com,2009-12-01
13805,Direct Mail & Wholesale,United Kingdom,Metropolis,Customer,#13805,client_13805@domain.com,2009-12-01
14067,Direct Mail & Wholesale,United Kingdom,Metropolis,Customer,#14067,client_14067@domain.com,2009-12-01
12806,Direct Mail & Wholesale,United Kingdom,Metropolis,Customer,#12806,client_12806@domain.com,2009-12-01
12803,Direct Mail & Wholesale,Spain,Metropolis,Customer,#12803,client_12803@domain.com,2009-12-01
16157,Direct Mail & Wholesale,United Kingdom,Metropolis,Customer,#16157,client_16157@domain.com,2009-12-01
16009,Direct Mail & Wholesale,United Kingdom,Metropolis,Customer,#16009,client_16009@domain.com,2009-12-01
17842,Direct Mail & Wholesale,United Kingdom,Metropolis,Customer,#17842,client_17842@domain.com,2009-12-01
14498,Direct Mail & Wholesale,United Kingdom,Metropolis,Customer,#14498,client_14498@domain.com,2009-12-01
14981,Direct Mail & Wholesale,United Kingdom,Metropolis,Customer,#14981,client_14981@domain.com,2009-12-01
17444,Direct Mail & Wholesale,United Kingdom,Metropolis,Customer,#17444,client_17444@domain.com,2009-12-01
18256,Direct Mail & Wholesale,United Kingdom,Metropolis,Customer,#18256,client_18256@domain.com,2009-12-01
15760,Direct Mail & Wholesale,United Kingdom,Metropolis,Customer,#15760,client_15760@domain.com,2009-12-01
14977,Direct Mail & Wholesale,United Kingdom,Metropolis,Customer,#14977,client_14977@domain.com,2009-12-01
17687,Direct Mail & Wholesale,United Kingdom,Metropolis,Customer,#17687,client_17687@domain.com,2009-12-01
17059,Direct Mail & Wholesale,Netherlands,Metropolis,Customer,#17059,client_17059@domain.com,2009-12-01
15683,Direct Mail & Wholesale,France,Metropolis,Customer,#15683,client_15683@domain.com,2009-12-01
17541,Direct Mail & Wholesale,United Kingdom,Metropolis,Customer,#17541,client_17541@domain.com,2009-12-01
12570,Direct Mail & Wholesale,EIRE,Metropolis,Customer,#12570,client_12570@domain.com,2009-12-01
18128,Direct Mail & Wholesale,EIRE,Metropolis,Customer,#18128,client_18128@domain.com,2009-12-01
16939,Direct Mail & Wholesale,United Kingdom,Metropolis,Customer,#16939,client_16939@domain.com,2009-12-01
16924,Direct Mail & Wholesale,United Kingdom,Metropolis,Customer,#16924,client_16924@domain.com,2009-12-01
15189,Direct Mail & Wholesale,United Kingdom,Metropolis,Customer,#15189,client_15189@domain.com,2009-12-01
14563,Direct Mail & Wholesale,United Kingdom,Metropolis,Customer,#14563,client_14563@domain.com,2009-12-01
13733,Direct Mail & Wholesale,United Kingdom,Metropolis,Customer,#13733,client_13733@domain.com,2009-12-01
15465,Direct Mail & Wholesale,United Kingdom,Metropolis,Customer,#15465,client_15465@domain.com,2009-12-01
14288,Direct Mail & Wholesale,United Kingdom,Metropolis,Customer,#14288,client_14288@domain.com,2009-12-01
13425,Direct Mail & Wholesale,United Kingdom,Metropolis,Customer,#13425,client_13425@domain.com,2009-12-01
14617,Direct Mail & Wholesale,United Kingdom,Metropolis,Customer,#14617,client_14617@domain.com,2009-12-01
18132,Direct Mail & Wholesale,United Kingdom,Metropolis,Customer,#18132,client_18132@domain.com,2009-12-01
13736,Direct Mail & Wholesale,EIRE,Metropolis,Customer,#13736,client_13736@domain.com,2009-12-01
14964,Direct Mail & Wholesale,United Kingdom,Metropolis,Customer,#14964,client_14964@domain.com,2009-12-01
14214,Direct Mail & Wholesale,United Kingdom,Metropolis,Customer,#14214,client_14214@domain.com,2009-12-01
16934,Direct Mail & Wholesale,United Kingdom,Metropolis,Customer,#16934,client_16934@domain.com,2009-12-01
13080,Direct Mail & Wholesale,United Kingdom,Metropolis,Customer,#13080,client_13080@domain.com,2009-12-01
14945,Direct Mail & Wholesale,United Kingdom,Metropolis,Customer,#14945,client_14945@domain.com,2009-12-01
16615,Direct Mail & Wholesale,United Kingdom,Metropolis,Customer,#16615,client_16615@domain.com,2009-12-01
17672,Direct Mail & Wholesale,United Kingdom,Metropolis,Customer,#17672,client_17672@domain.com,2009-12-01
13919,Direct Mail & Wholesale,Belgium,Metropolis,Customer,#13919,client_13919@domain.com,2009-12-01
16024,Direct Mail & Wholesale,United Kingdom,Metropolis,Customer,#16024,client_16024@domain.com,2009-12-01
12752,Direct Mail & Wholesale,United Kingdom,Metropolis,Customer,#12752,client_12752@domain.com,2009-12-01
15033,Direct Mail & Wholesale,United Kingdom,Metropolis,Customer,#15033,client_15033@domain.com,2009-12-01
13380,Direct Mail & Wholesale,United Kingdom,Metropolis,Customer,#13380,client_13380@domain.com,2009-12-01
15028,Direct Mail & Wholesale,United Kingdom,Metropolis,Customer,#15028,client_15028@domain.com,2009-12-01
12980,Direct Mail & Wholesale,United Kingdom,Metropolis,Customer,#12980,client_12980@domain.com,2009-12-01
13108,Direct Mail & Wholesale,United Kingdom,Metropolis,Customer,#13108,client_13108@domain.com,2009-12-01
17068,Direct Mail & Wholesale,United Kingdom,Metropolis,Customer,#17068,client_17068@domain.com,2009-12-01
14460,Direct Mail & Wholesale,United Kingdom,Metropolis,Customer,#14460,client_14460@domain.com,2009-12-01
13478,Direct Mail & Wholesale,United Kingdom,Metropolis,Customer,#13478,client_13478@domain.com,2009-12-01
16305,Direct Mail & Wholesale,United Kingdom,Metropolis,Customer,#16305,client_16305@domain.com,2009-12-01
17350,Direct Mail & Wholesale,United Kingdom,Metropolis,Customer,#17350,client_17350@domain.com,2009-12-01
17920,Direct Mail & Wholesale,United Kingdom,Metropolis,Customer,#17920,client_17920@domain.com,2009-12-01
13699,Direct Mail & Wholesale,United Kingdom,Metropolis,Customer,#13699,client_13699@domain.com,2009-12-01
14902,Direct Mail & Wholesale,United Kingdom,Metropolis,Customer,#14902,client_14902@domain.com,2009-12-01
15668,Direct Mail & Wholesale,United Kingdom,Metropolis,Customer,#15668,client_15668@domain.com,2009-12-01
16397,Direct Mail & Wholesale,United Kingdom,Metropolis,Customer,#16397,client_16397@domain.com,2009-12-01
17782,Direct Mail & Wholesale,United Kingdom,Metropolis,Customer,#17782,client_17782@domain.com,2009-12-01
18135,Direct Mail & Wholesale,United Kingdom,Metropolis,Customer,#18135,client_18135@domain.com,2009-12-01
15669,Direct Mail & Wholesale,United Kingdom,Metropolis,Customer,#15669,client_15669@domain.com,2009-12-01
16041,Direct Mail & Wholesale,Australia,Metropolis,Customer,#16041,client_16041@domain.com,2009-12-01
13856,Direct Mail & Wholesale,Netherlands,Metropolis,Customer,#13856,client_13856@domain.com,2009-12-01
15299,Direct Mail & Wholesale,Spain,Metropolis,Customer,#15299,client_15299@domain.com,2009-12-01
17767,Direct Mail & Wholesale,United Kingdom,Metropolis,Customer,#17767,client_17767@domain.com,2009-12-01
12535,Direct Mail & Wholesale,United Kingdom,Metropolis,Customer,#12535,client_12535@domain.com,2009-12-01
16528,Direct Mail & Wholesale,United Kingdom,Metropolis,Customer,#16528,client_16528@domain.com,2009-12-01
14222,Direct Mail & Wholesale,United Kingdom,Metropolis,Customer,#14222,client_14222@domain.com,2009-12-01
15433,Direct Mail & Wholesale,United Kingdom,Metropolis,Customer,#15433,client_15433@domain.com,2009-12-01
15254,Direct Mail & Wholesale,Spain,Metropolis,Customer,#15254,client_15254@domain.com,2009-12-01
12897,Direct Mail & Wholesale,United Kingdom,Metropolis,Customer,#12897,client_12897@domain.com,2009-12-01
13758,Direct Mail & Wholesale,United Kingdom,Metropolis,Customer,#13758,client_13758@domain.com,2009-12-01
13285,Direct Mail & Wholesale,United Kingdom,Metropolis,Customer,#13285,client_13285@domain.com,2009-12-01
16545,Direct Mail & Wholesale,United Kingdom,Metropolis,Customer,#16545,client_16545@domain.com,2009-12-01
14163,Direct Mail & Wholesale,United Kingdom,Metropolis,Customer,#14163,client_14163@domain.com,2009-12-01
13155,Direct Mail & Wholesale,Belgium,Metropolis,Customer,#13155,client_13155@domain.com,2009-12-01
13898,Direct Mail & Wholesale,United Kingdom,Metropolis,Customer,#13898,client_13898@domain.com,2009-12-01
14587,Direct Mail & Wholesale,United Kingdom,Metropolis,Customer,#14587,client_14587@domain.com,2009-12-01
13487,Direct Mail & Wholesale,United Kingdom,Metropolis,Customer,#13487,client_13487@domain.com,2009-12-01
17046,Direct Mail & Wholesale,United Kingdom,Metropolis,Customer,#17046,client_17046@domain.com,2009-12-01
13642,Direct Mail & Wholesale,United Kingdom,Metropolis,Customer,#13642,client_13642@domain.com,2009-12-01
13755,Direct Mail & Wholesale,United Kingdom,Metropolis,Customer,#13755,client_13755@domain.com,2009-12-01
13760,Direct Mail & Wholesale,United Kingdom,Metropolis,Customer,#13760,client_13760@domain.com,2009-12-01
16588,Direct Mail & Wholesale,United Kingdom,Metropolis,Customer,#16588,client_16588@domain.com,2009-12-01
16552,Direct Mail & Wholesale,France,Metropolis,Customer,#16552,client_16552@domain.com,2009-12-01
15362,Direct Mail & Wholesale,United Kingdom,Metropolis,Customer,#15362,client_15362@domain.com,2009-12-01
17310,Direct Mail & Wholesale,United Kingdom,Metropolis,Customer,#17310,client_17310@domain.com,2009-12-01
17081,Direct Mail & Wholesale,United Kingdom,Metropolis,Customer,#17081,client_17081@domain.com,2009-12-01
12468,Direct Mail & Wholesale,United Kingdom,Metropolis,Customer,#12468,client_12468@domain.com,2009-12-01
13904,Direct Mail & Wholesale,United Kingdom,Metropolis,Customer,#13904,client_13904@domain.com,2009-12-01
15475,Direct Mail & Wholesale,Germany,Metropolis,Customer,#15475,client_15475@domain.com,2009-12-01
13472,Direct Mail & Wholesale,United Kingdom,Metropolis,Customer,#13472,client_13472@domain.com,2009-12-01
12790,Direct Mail & Wholesale,United Kingdom,Metropolis,Customer,#12790,client_12790@domain.com,2009-12-01
16980,Direct Mail & Wholesale,United Kingdom,Metropolis,Customer,#16980,client_16980@domain.com,2009-12-01
17235,Direct Mail & Wholesale,United Kingdom,Metropolis,Customer,#17235,client_17235@domain.com,2009-12-01
17529,Direct Mail & Wholesale,United Kingdom,Metropolis,Customer,#17529,client_17529@domain.com,2009-12-01
16634,Direct Mail & Wholesale,France,Metropolis,Customer,#16634,client_16634@domain.com,2009-12-01
17485,Direct Mail & Wholesale,United Kingdom,Metropolis,Customer,#17485,client_17485@domain.com,2009-12-01
17057,Direct Mail & Wholesale,United Kingdom,Metropolis,Customer,#17057,client_17057@domain.com,2009-12-01
16479,Direct Mail & Wholesale,France,Metropolis,Customer,#16479,client_16479@domain.com,2009-12-01
16496,Direct Mail & Wholesale,United Kingdom,Metropolis,Customer,#16496,client_16496@domain.com,2009-12-01
14501,Direct Mail & Wholesale,United Kingdom,Metropolis,Customer,#14501,client_14501@domain.com,2009-12-01
17597,Direct Mail & Wholesale,EIRE,Metropolis,Customer,#17597,client_17597@domain.com,2009-12-01
18261,Direct Mail & Wholesale,United Kingdom,Metropolis,Customer,#18261,client_18261@domain.com,2009-12-01
17635,Direct Mail & Wholesale,United Kingdom,Metropolis,Customer,#17635,client_17635@domain.com,2009-12-01
17855,Direct Mail & Wholesale,United Kingdom,Metropolis,Customer,#17855,client_17855@domain.com,2009-12-01
15155,Direct Mail & Wholesale,United Kingdom,Metropolis,Customer,#15155,client_15155@domain.com,2009-12-01
13643,Direct Mail & Wholesale,United Kingdom,Metropolis,Customer,#13643,client_13643@domain.com,2009-12-01
12998,Direct Mail & Wholesale,United Kingdom,Metropolis,Customer,#12998,client_12998@domain.com,2009-12-01
17497,Direct Mail & Wholesale,EIRE,Metropolis,Customer,#17497,client_17497@domain.com,2009-12-01
18240,Direct Mail & Wholesale,United Kingdom,Metropolis,Customer,#18240,client_18240@domain.com,2009-12-01
12586,Direct Mail & Wholesale,United Kingdom,Metropolis,Customer,#12586,client_12586@domain.com,2009-12-01
16199,Direct Mail & Wholesale,Portugal,Metropolis,Customer,#16199,client_16199@domain.com,2009-12-01
16899,Direct Mail & Wholesale,Germany,Metropolis,Customer,#16899,client_16899@domain.com,2009-12-01
15850,Direct Mail & Wholesale,United Kingdom,Metropolis,Customer,#15850,client_15850@domain.com,2009-12-01
13867,Direct Mail & Wholesale,United Kingdom,Metropolis,Customer,#13867,client_13867@domain.com,2009-12-01
12645,Direct Mail & Wholesale,United Kingdom,Metropolis,Customer,#12645,client_12645@domain.com,2009-12-01
12958,Direct Mail & Wholesale,United Kingdom,Metropolis,Customer,#12958,client_12958@domain.com,2009-12-01
14018,Direct Mail & Wholesale,United Kingdom,Metropolis,Customer,#14018,client_14018@domain.com,2009-12-01
12429,Direct Mail & Wholesale,United Kingdom,Metropolis,Customer,#12429,client_12429@domain.com,2009-12-01
16520,Direct Mail & Wholesale,United Kingdom,Metropolis,Customer,#16520,client_16520@domain.com,2009-12-01
14117,Direct Mail & Wholesale,United Kingdom,Metropolis,Customer,#14117,client_14117@domain.com,2009-12-01
15987,Direct Mail & Wholesale,United Kingdom,Metropolis,Customer,#15987,client_15987@domain.com,2009-12-01
12870,Direct Mail & Wholesale,France,Metropolis,Customer,#12870,client_12870@domain.com,2009-12-01
13268,Direct Mail & Wholesale,United Kingdom,Metropolis,Customer,#13268,client_13268@domain.com,2009-12-01
14465,Direct Mail & Wholesale,United Kingdom,Metropolis,Customer,#14465,client_14465@domain.com,2009-12-01
18103,Direct Mail & Wholesale,United Kingdom,Metropolis,Customer,#18103,client_18103@domain.com,2009-12-01
17107,Direct Mail & Wholesale,United Kingdom,Metropolis,Customer,#17107,client_17107@domain.com,2009-12-01
16848,Direct Mail & Wholesale,United Kingdom,Metropolis,Customer,#16848,client_16848@domain.com,2009-12-01
18154,Direct Mail & Wholesale,United Kingdom,Metropolis,Customer,#18154,client_18154@domain.com,2009-12-01
16582,Direct Mail & Wholesale,United Kingdom,Metropolis,Customer,#16582,client_16582@domain.com,2009-12-01
12541,Direct Mail & Wholesale,United Kingdom,Metropolis,Customer,#12541,client_12541@domain.com,2009-12-01
18242,Direct Mail & Wholesale,United Kingdom,Metropolis,Customer,#18242,client_18242@domain.com,2009-12-01
18056,Direct Mail & Wholesale,United Kingdom,Metropolis,Customer,#18056,client_18056@domain.com,2009-12-01
13291,Direct Mail & Wholesale,United Kingdom,Metropolis,Customer,#13291,client_13291@domain.com,2009-12-01
14132,Direct Mail & Wholesale,Germany,Metropolis,Customer,#14132,client_14132@domain.com,2009-12-01
17669,Direct Mail & Wholesale,United Kingdom,Metropolis,Customer,#17669,client_17669@domain.com,2009-12-01
14081,Direct Mail & Wholesale,United Kingdom,Metropolis,Customer,#14081,client_14081@domain.com,2009-12-01
17159,Direct Mail & Wholesale,United Kingdom,Metropolis,Customer,#17159,client_17159@domain.com,2009-12-01
13477,Direct Mail & Wholesale,United Kingdom,Metropolis,Customer,#13477,client_13477@domain.com,2009-12-01
16133,Direct Mail & Wholesale,United Kingdom,Metropolis,Customer,#16133,client_16133@domain.com,2009-12-01
16475,Direct Mail & Wholesale,United Kingdom,Metropolis,Customer,#16475,client_16475@domain.com,2009-12-01
12425,Direct Mail & Wholesale,United Kingdom,Metropolis,Customer,#12425,client_12425@domain.com,2009-12-01
12442,Direct Mail & Wholesale,United Kingdom,Metropolis,Customer,#12442,client_12442@domain.com,2009-12-01
14751,Direct Mail & Wholesale,United Kingdom,Metropolis,Customer,#14751,client_14751@domain.com,2009-12-01
16787,Direct Mail & Wholesale,EIRE,Metropolis,Customer,#16787,client_16787@domain.com,2009-12-01
15017,Direct Mail & Wholesale,France,Metropolis,Customer,#15017,client_15017@domain.com,2009-12-01
13870,Direct Mail & Wholesale,United Kingdom,Metropolis,Customer,#13870,client_13870@domain.com,2009-12-01
17828,Direct Mail & Wholesale,France,Metropolis,Customer,#17828,client_17828@domain.com,2009-12-01
16518,Direct Mail & Wholesale,United Kingdom,Metropolis,Customer,#16518,client_16518@domain.com,2009-12-01
12930,Direct Mail & Wholesale,United Kingdom,Metropolis,Customer,#12930,client_12930@domain.com,2009-12-01
18062,Direct Mail & Wholesale,United Kingdom,Metropolis,Customer,#18062,client_18062@domain.com,2009-12-01
14077,Direct Mail & Wholesale,United Kingdom,Metropolis,Customer,#14077,client_14077@domain.com,2009-12-01
15281,Direct Mail & Wholesale,United Kingdom,Metropolis,Customer,#15281,client_15281@domain.com,2009-12-01
15821,Direct Mail & Wholesale,Netherlands,Metropolis,Customer,#15821,client_15821@domain.com,2009-12-01
18236,Direct Mail & Wholesale,United Kingdom,Metropolis,Customer,#18236,client_18236@domain.com,2009-12-01
18210,Direct Mail & Wholesale,United Kingdom,Metropolis,Customer,#18210,client_18210@domain.com,2009-12-01
14206,Direct Mail & Wholesale,United Kingdom,Metropolis,Customer,#14206,client_14206@domain.com,2009-12-01
14480,Direct Mail & Wholesale,United Kingdom,Metropolis,Customer,#14480,client_14480@domain.com,2009-12-01
16983,Direct Mail & Wholesale,United Kingdom,Metropolis,Customer,#16983,client_16983@domain.com,2009-12-01
14079,Direct Mail & Wholesale,United Kingdom,Metropolis,Customer,#14079,client_14079@domain.com,2009-12-01
17744,Direct Mail & Wholesale,United Kingdom,Metropolis,Customer,#17744,client_17744@domain.com,2009-12-01
13917,Direct Mail & Wholesale,United Kingdom,Metropolis,Customer,#13917,client_13917@domain.com,2009-12-01
14193,Direct Mail & Wholesale,France,Metropolis,Customer,#14193,client_14193@domain.com,2009-12-01
17518,Direct Mail & Wholesale,United Kingdom,Metropolis,Customer,#17518,client_17518@domain.com,2009-12-01
15872,Direct Mail & Wholesale,United Kingdom,Metropolis,Customer,#15872,client_15872@domain.com,2009-12-01
15038,Direct Mail & Wholesale,France,Metropolis,Customer,#15038,client_15038@domain.com,2009-12-01
17220,Direct Mail & Wholesale,France,Metropolis,Customer,#17220,client_17220@domain.com,2009-12-01
14800,Direct Mail & Wholesale,United Kingdom,Metropolis,Customer,#14800,client_14800@domain.com,2009-12-01
13984,Direct Mail & Wholesale,United Kingdom,Metropolis,Customer,#13984,client_13984@domain.com,2009-12-01
13118,Direct Mail & Wholesale,United Kingdom,Metropolis,Customer,#13118,client_13118@domain.com,2009-12-01
14101,Direct Mail & Wholesale,United Kingdom,Metropolis,Customer,#14101,client_14101@domain.com,2009-12-01
16195,Direct Mail & Wholesale,United Kingdom,Metropolis,Customer,#16195,client_16195@domain.com,2009-12-01
14227,Direct Mail & Wholesale,United Kingdom,Metropolis,Customer,#14227,client_14227@domain.com,2009-12-01
17524,Direct Mail & Wholesale,United Kingdom,Metropolis,Customer,#17524,client_17524@domain.com,2009-12-01
15239,Direct Mail & Wholesale,United Kingdom,Metropolis,Customer,#15239,client_15239@domain.com,2009-12-01
13639,Direct Mail & Wholesale,United Kingdom,Metropolis,Customer,#13639,client_13639@domain.com,2009-12-01
18238,Direct Mail & Wholesale,Belgium,Metropolis,Customer,#18238,client_18238@domain.com,2009-12-01
16704,Direct Mail & Wholesale,United Kingdom,Metropolis,Customer,#16704,client_16704@domain.com,2009-12-01
17397,Direct Mail & Wholesale,United Kingdom,Metropolis,Customer,#17397,client_17397@domain.com,2009-12-01
14860,Direct Mail & Wholesale,United Kingdom,Metropolis,Customer,#14860,client_14860@domain.com,2009-12-01
13388,Direct Mail & Wholesale,United Kingdom,Metropolis,Customer,#13388,client_13388@domain.com,2009-12-01
13112,Direct Mail & Wholesale,United Kingdom,Metropolis,Customer,#13112,client_13112@domain.com,2009-12-01
15808,Direct Mail & Wholesale,United Kingdom,Metropolis,Customer,#15808,client_15808@domain.com,2009-12-01
12884,Direct Mail & Wholesale,United Kingdom,Metropolis,Customer,#12884,client_12884@domain.com,2009-12-01
16746,Direct Mail & Wholesale,United Kingdom,Metropolis,Customer,#16746,client_16746@domain.com,2009-12-01
13345,Direct Mail & Wholesale,United Kingdom,Metropolis,Customer,#13345,client_13345@domain.com,2009-12-01
14906,Direct Mail & Wholesale,United Kingdom,Metropolis,Customer,#14906,client_14906@domain.com,2009-12-01
16952,Direct Mail & Wholesale,France,Metropolis,Customer,#16952,client_16952@domain.com,2009-12-01
15642,Direct Mail & Wholesale,United Kingdom,Metropolis,Customer,#15642,client_15642@domain.com,2009-12-01
13140,Direct Mail & Wholesale,United Kingdom,Metropolis,Customer,#13140,client_13140@domain.com,2009-12-01
17067,Direct Mail & Wholesale,United Kingdom,Metropolis,Customer,#17067,client_17067@domain.com,2009-12-01
16590,Direct Mail & Wholesale,United Kingdom,Metropolis,Customer,#16590,client_16590@domain.com,2009-12-01
14642,Direct Mail & Wholesale,United Kingdom,Metropolis,Customer,#14642,client_14642@domain.com,2009-12-01
12837,Direct Mail & Wholesale,United Kingdom,Metropolis,Customer,#12837,client_12837@domain.com,2009-12-01
16733,Direct Mail & Wholesale,United Kingdom,Metropolis,Customer,#16733,client_16733@domain.com,2009-12-01
13496,Direct Mail & Wholesale,United Kingdom,Metropolis,Customer,#13496,client_13496@domain.com,2009-12-01
18243,Direct Mail & Wholesale,United Kingdom,Metropolis,Customer,#18243,client_18243@domain.com,2009-12-01
14261,Direct Mail & Wholesale,Germany,Metropolis,Customer,#14261,client_14261@domain.com,2009-12-01
18172,Direct Mail & Wholesale,United Kingdom,Metropolis,Customer,#18172,client_18172@domain.com,2009-12-01
17181,Direct Mail & Wholesale,United Kingdom,Metropolis,Customer,#17181,client_17181@domain.com,2009-12-01
16546,Direct Mail & Wholesale,United Kingdom,Metropolis,Customer,#16546,client_16546@domain.com,2009-12-01
15353,Direct Mail & Wholesale,United Kingdom,Metropolis,Customer,#15353,client_15353@domain.com,2009-12-01
13946,Direct Mail & Wholesale,Spain,Metropolis,Customer,#13946,client_13946@domain.com,2009-12-01
16962,Direct Mail & Wholesale,United Kingdom,Metropolis,Customer,#16962,client_16962@domain.com,2009-12-01
16433,Direct Mail & Wholesale,United Kingdom,Metropolis,Customer,#16433,client_16433@domain.com,2009-12-01
13785,Direct Mail & Wholesale,France,Metropolis,Customer,#13785,client_13785@domain.com,2009-12-01
12772,Direct Mail & Wholesale,United Kingdom,Metropolis,Customer,#12772,client_12772@domain.com,2009-12-01
15375,Direct Mail & Wholesale,United Kingdom,Metropolis,Customer,#15375,client_15375@domain.com,2009-12-01
16432,Direct Mail & Wholesale,United Kingdom,Metropolis,Customer,#16432,client_16432@domain.com,2009-12-01
17373,Direct Mail & Wholesale,United Kingdom,Metropolis,Customer,#17373,client_17373@domain.com,2009-12-01
16618,Direct Mail & Wholesale,United Kingdom,Metropolis,Customer,#16618,client_16618@domain.com,2009-12-01
14108,Direct Mail & Wholesale,United Kingdom,Metropolis,Customer,#14108,client_14108@domain.com,2009-12-01
17354,Direct Mail & Wholesale,United Kingdom,Metropolis,Customer,#17354,client_17354@domain.com,2009-12-01
13031,Direct Mail & Wholesale,EIRE,Metropolis,Customer,#13031,client_13031@domain.com,2009-12-01
12756,Direct Mail & Wholesale,United Kingdom,Metropolis,Customer,#12756,client_12756@domain.com,2009-12-01
13614,Direct Mail & Wholesale,Spain,Metropolis,Customer,#13614,client_13614@domain.com,2009-12-01
16145,Direct Mail & Wholesale,Germany,Metropolis,Customer,#16145,client_16145@domain.com,2009-12-01
17581,Direct Mail & Wholesale,United Kingdom,Metropolis,Customer,#17581,client_17581@domain.com,2009-12-01
17823,Direct Mail & Wholesale,United Kingdom,Metropolis,Customer,#17823,client_17823@domain.com,2009-12-01
13993,Direct Mail & Wholesale,United Kingdom,Metropolis,Customer,#13993,client_13993@domain.com,2009-12-01
13180,Direct Mail & Wholesale,United Kingdom,Metropolis,Customer,#13180,client_13180@domain.com,2009-12-01
16210,Direct Mail & Wholesale,United Kingdom,Metropolis,Customer,#16210,client_16210@domain.com,2009-12-01
16659,Direct Mail & Wholesale,United Kingdom,Metropolis,Customer,#16659,client_16659@domain.com,2009-12-01
12794,Direct Mail & Wholesale,United Kingdom,Metropolis,Customer,#12794,client_12794@domain.com,2009-12-01
12912,Direct Mail & Wholesale,United Kingdom,Metropolis,Customer,#12912,client_12912@domain.com,2009-12-01
17793,Direct Mail & Wholesale,United Kingdom,Metropolis,Customer,#17793,client_17793@domain.com,2009-12-01
14464,Direct Mail & Wholesale,Spain,Metropolis,Customer,#14464,client_14464@domain.com,2009-12-01
14672,Direct Mail & Wholesale,EIRE,Metropolis,Customer,#14672,client_14672@domain.com,2009-12-01
13877,Direct Mail & Wholesale,Germany,Metropolis,Customer,#13877,client_13877@domain.com,2009-12-01
16405,Direct Mail & Wholesale,United Kingdom,Metropolis,Customer,#16405,client_16405@domain.com,2009-12-01
13184,Direct Mail & Wholesale,United Kingdom,Metropolis,Customer,#13184,client_13184@domain.com,2009-12-01
14596,Direct Mail & Wholesale,United Kingdom,Metropolis,Customer,#14596,client_14596@domain.com,2009-12-01
16201,Direct Mail & Wholesale,United Kingdom,Metropolis,Customer,#16201,client_16201@domain.com,2009-12-01
15425,Direct Mail & Wholesale,Germany,Metropolis,Customer,#15425,client_15425@domain.com,2009-12-01
15188,Direct Mail & Wholesale,United Kingdom,Metropolis,Customer,#15188,client_15188@domain.com,2009-12-01
14319,Direct Mail & Wholesale,United Kingdom,Metropolis,Customer,#14319,client_14319@domain.com,2009-12-01
16310,Direct Mail & Wholesale,United Kingdom,Metropolis,Customer,#16310,client_16310@domain.com,2009-12-01
15345,Direct Mail & Wholesale,Belgium,Metropolis,Customer,#15345,client_15345@domain.com,2009-12-01
14844,Direct Mail & Wholesale,United Kingdom,Metropolis,Customer,#14844,client_14844@domain.com,2009-12-01
18201,Direct Mail & Wholesale,United Kingdom,Metropolis,Customer,#18201,client_18201@domain.com,2009-12-01
14397,Direct Mail & Wholesale,United Kingdom,Metropolis,Customer,#14397,client_14397@domain.com,2009-12-01
16228,Direct Mail & Wholesale,United Kingdom,Metropolis,Customer,#16228,client_16228@domain.com,2009-12-01
14659,Direct Mail & Wholesale,Germany,Metropolis,Customer,#14659,client_14659@domain.com,2009-12-01
14969,Direct Mail & Wholesale,Germany,Metropolis,Customer,#14969,client_14969@domain.com,2009-12-01
13490,Direct Mail & Wholesale,United Kingdom,Metropolis,Customer,#13490,client_13490@domain.com,2009-12-01
15761,Direct Mail & Wholesale,Netherlands,Metropolis,Customer,#15761,client_15761@domain.com,2009-12-01
12377,Direct Mail & Wholesale,United Kingdom,Metropolis,Customer,#12377,client_12377@domain.com,2009-12-01
17528,Direct Mail & Wholesale,United Kingdom,Metropolis,Customer,#17528,client_17528@domain.com,2009-12-01
13899,Direct Mail & Wholesale,United Kingdom,Metropolis,Customer,#13899,client_13899@domain.com,2009-12-01
16736,Direct Mail & Wholesale,United Kingdom,Metropolis,Customer,#16736,client_16736@domain.com,2009-12-01
16372,Direct Mail & Wholesale,United Kingdom,Metropolis,Customer,#16372,client_16372@domain.com,2009-12-01
14168,Direct Mail & Wholesale,United Kingdom,Metropolis,Customer,#14168,client_14168@domain.com,2009-12-01
13549,Direct Mail & Wholesale,United Kingdom,Metropolis,Customer,#13549,client_13549@domain.com,2009-12-01
13129,Direct Mail & Wholesale,United Kingdom,Metropolis,Customer,#13129,client_13129@domain.com,2009-12-01
16655,Direct Mail & Wholesale,United Kingdom,Metropolis,Customer,#16655,client_16655@domain.com,2009-12-01
15193,Direct Mail & Wholesale,United Kingdom,Metropolis,Customer,#15193,client_15193@domain.com,2009-12-01
16643,Direct Mail & Wholesale,United Kingdom,Metropolis,Customer,#16643,client_16643@domain.com,2009-12-01
15866,Direct Mail & Wholesale,United Kingdom,Metropolis,Customer,#15866,client_15866@domain.com,2009-12-01
17139,Direct Mail & Wholesale,France,Metropolis,Customer,#17139,client_17139@domain.com,2009-12-01
16851,Direct Mail & Wholesale,United Kingdom,Metropolis,Customer,#16851,client_16851@domain.com,2009-12-01
14875,Direct Mail & Wholesale,United Kingdom,Metropolis,Customer,#14875,client_14875@domain.com,2009-12-01
13975,Direct Mail & Wholesale,United Kingdom,Metropolis,Customer,#13975,client_13975@domain.com,2009-12-01
12861,Direct Mail & Wholesale,EIRE,Metropolis,Customer,#12861,client_12861@domain.com,2009-12-01
12439,Direct Mail & Wholesale,Netherlands,Metropolis,Customer,#12439,client_12439@domain.com,2009-12-01
16011,Direct Mail & Wholesale,United Kingdom,Metropolis,Customer,#16011,client_16011@domain.com,2009-12-01
17992,Direct Mail & Wholesale,United Kingdom,Metropolis,Customer,#17992,client_17992@domain.com,2009-12-01
15431,Direct Mail & Wholesale,France,Metropolis,Customer,#15431,client_15431@domain.com,2009-12-01
15445,Direct Mail & Wholesale,United Kingdom,Metropolis,Customer,#15445,client_15445@domain.com,2009-12-01
13588,Direct Mail & Wholesale,United Kingdom,Metropolis,Customer,#13588,client_13588@domain.com,2009-12-01
14336,Direct Mail & Wholesale,United Kingdom,Metropolis,Customer,#14336,client_14336@domain.com,2009-12-01
14316,Direct Mail & Wholesale,United Kingdom,Metropolis,Customer,#14316,client_14316@domain.com,2009-12-01
15733,Direct Mail & Wholesale,United Kingdom,Metropolis,Customer,#15733,client_15733@domain.com,2009-12-01
14670,Direct Mail & Wholesale,United Kingdom,Metropolis,Customer,#14670,client_14670@domain.com,2009-12-01
15250,Direct Mail & Wholesale,United Kingdom,Metropolis,Customer,#15250,client_15250@domain.com,2009-12-01
14180,Direct Mail & Wholesale,Netherlands,Metropolis,Customer,#14180,client_14180@domain.com,2009-12-01
16499,Direct Mail & Wholesale,Spain,Metropolis,Customer,#16499,client_16499@domain.com,2009-12-01
14431,Direct Mail & Wholesale,United Kingdom,Metropolis,Customer,#14431,client_14431@domain.com,2009-12-01
17619,Direct Mail & Wholesale,United Kingdom,Metropolis,Customer,#17619,client_17619@domain.com,2009-12-01
17030,Direct Mail & Wholesale,United Kingdom,Metropolis,Customer,#17030,client_17030@domain.com,2009-12-01
16802,Direct Mail & Wholesale,Portugal,Metropolis,Customer,#16802,client_16802@domain.com,2009-12-01
14335,Direct Mail & Wholesale,Germany,Metropolis,Customer,#14335,client_14335@domain.com,2009-12-01
18171,Direct Mail & Wholesale,United Kingdom,Metropolis,Customer,#18171,client_18171@domain.com,2009-12-01
18149,Direct Mail & Wholesale,France,Metropolis,Customer,#18149,client_18149@domain.com,2009-12-01
16302,Direct Mail & Wholesale,Spain,Metropolis,Customer,#16302,client_16302@domain.com,2009-12-01
17673,Direct Mail & Wholesale,United Kingdom,Metropolis,Customer,#17673,client_17673@domain.com,2009-12-01
13405,Direct Mail & Wholesale,United Kingdom,Metropolis,Customer,#13405,client_13405@domain.com,2009-12-01
12804,Direct Mail & Wholesale,United Kingdom,Metropolis,Customer,#12804,client_12804@domain.com,2009-12-01
12939,Direct Mail & Wholesale,United Kingdom,Metropolis,Customer,#12939,client_12939@domain.com,2009-12-01
17804,Direct Mail & Wholesale,France,Metropolis,Customer,#17804,client_17804@domain.com,2009-12-01
15774,Direct Mail & Wholesale,United Kingdom,Metropolis,Customer,#15774,client_15774@domain.com,2009-12-01
15449,Direct Mail & Wholesale,United Kingdom,Metropolis,Customer,#15449,client_15449@domain.com,2009-12-01
17165,Direct Mail & Wholesale,France,Metropolis,Customer,#17165,client_17165@domain.com,2009-12-01
16726,Direct Mail & Wholesale,France,Metropolis,Customer,#16726,client_16726@domain.com,2009-12-01
14863,Direct Mail & Wholesale,United Kingdom,Metropolis,Customer,#14863,client_14863@domain.com,2009-12-01
17359,Direct Mail & Wholesale,United Kingdom,Metropolis,Customer,#17359,client_17359@domain.com,2009-12-01
13962,Direct Mail & Wholesale,United Kingdom,Metropolis,Customer,#13962,client_13962@domain.com,2009-12-01
14116,Direct Mail & Wholesale,United Kingdom,Metropolis,Customer,#14116,client_14116@domain.com,2009-12-01
17882,Direct Mail & Wholesale,United Kingdom,Metropolis,Customer,#17882,client_17882@domain.com,2009-12-01
16487,Direct Mail & Wholesale,United Kingdom,Metropolis,Customer,#16487,client_16487@domain.com,2009-12-01
15731,Direct Mail & Wholesale,United Kingdom,Metropolis,Customer,#15731,client_15731@domain.com,2009-12-01
16455,Direct Mail & Wholesale,United Kingdom,Metropolis,Customer,#16455,client_16455@domain.com,2009-12-01
15911,Direct Mail & Wholesale,United Kingdom,Metropolis,Customer,#15911,client_15911@domain.com,2009-12-01
17515,Direct Mail & Wholesale,United Kingdom,Metropolis,Customer,#17515,client_17515@domain.com,2009-12-01
16061,Direct Mail & Wholesale,United Kingdom,Metropolis,Customer,#16061,client_16061@domain.com,2009-12-01
18228,Direct Mail & Wholesale,United Kingdom,Metropolis,Customer,#18228,client_18228@domain.com,2009-12-01
15657,Direct Mail & Wholesale,United Kingdom,Metropolis,Customer,#15657,client_15657@domain.com,2009-12-01
13204,Direct Mail & Wholesale,United Kingdom,Metropolis,Customer,#13204,client_13204@domain.com,2009-12-01
12544,Direct Mail & Wholesale,United Kingdom,Metropolis,Customer,#12544,client_12544@domain.com,2009-12-01
13037,Direct Mail & Wholesale,United Kingdom,Metropolis,Customer,#13037,client_13037@domain.com,2009-12-01
13538,Direct Mail & Wholesale,United Kingdom,Metropolis,Customer,#13538,client_13538@domain.com,2009-12-01
15470,Direct Mail & Wholesale,Netherlands,Metropolis,Customer,#15470,client_15470@domain.com,2009-12-01
17629,Direct Mail & Wholesale,United Kingdom,Metropolis,Customer,#17629,client_17629@domain.com,2009-12-01
13194,Direct Mail & Wholesale,United Kingdom,Metropolis,Customer,#13194,client_13194@domain.com,2009-12-01
15655,Direct Mail & Wholesale,Germany,Metropolis,Customer,#15655,client_15655@domain.com,2009-12-01
15902,Direct Mail & Wholesale,Germany,Metropolis,Customer,#15902,client_15902@domain.com,2009-12-01
17077,Direct Mail & Wholesale,United Kingdom,Metropolis,Customer,#17077,client_17077@domain.com,2009-12-01
12739,Direct Mail & Wholesale,United Kingdom,Metropolis,Customer,#12739,client_12739@domain.com,2009-12-01
18099,Direct Mail & Wholesale,United Kingdom,Metropolis,Customer,#18099,client_18099@domain.com,2009-12-01
14641,Direct Mail & Wholesale,United Kingdom,Metropolis,Customer,#14641,client_14641@domain.com,2009-12-01
17811,Direct Mail & Wholesale,United Kingdom,Metropolis,Customer,#17811,client_17811@domain.com,2009-12-01
14978,Direct Mail & Wholesale,United Kingdom,Metropolis,Customer,#14978,client_14978@domain.com,2009-12-01
13332,Direct Mail & Wholesale,Germany,Metropolis,Customer,#13332,client_13332@domain.com,2009-12-01
13670,Direct Mail & Wholesale,United Kingdom,Metropolis,Customer,#13670,client_13670@domain.com,2009-12-01
13018,Direct Mail & Wholesale,Germany,Metropolis,Customer,#13018,client_13018@domain.com,2009-12-01
16911,Direct Mail & Wholesale,United Kingdom,Metropolis,Customer,#16911,client_16911@domain.com,2009-12-01
16169,Direct Mail & Wholesale,United Kingdom,Metropolis,Customer,#16169,client_16169@domain.com,2009-12-01
12760,Direct Mail & Wholesale,United Kingdom,Metropolis,Customer,#12760,client_12760@domain.com,2009-12-01
16449,Direct Mail & Wholesale,United Kingdom,Metropolis,Customer,#16449,client_16449@domain.com,2009-12-01
12496,Direct Mail & Wholesale,United Kingdom,Metropolis,Customer,#12496,client_12496@domain.com,2009-12-01
14666,Direct Mail & Wholesale,United Kingdom,Metropolis,Customer,#14666,client_14666@domain.com,2009-12-01
14410,Direct Mail & Wholesale,United Kingdom,Metropolis,Customer,#14410,client_14410@domain.com,2009-12-01
18122,Direct Mail & Wholesale,Netherlands,Metropolis,Customer,#18122,client_18122@domain.com,2009-12-01
12734,Direct Mail & Wholesale,United Kingdom,Metropolis,Customer,#12734,client_12734@domain.com,2009-12-01
15381,Direct Mail & Wholesale,France,Metropolis,Customer,#15381,client_15381@domain.com,2009-12-01
14068,Direct Mail & Wholesale,United Kingdom,Metropolis,Customer,#14068,client_14068@domain.com,2009-12-01
15396,Direct Mail & Wholesale,United Kingdom,Metropolis,Customer,#15396,client_15396@domain.com,2009-12-01
16605,Direct Mail & Wholesale,Netherlands,Metropolis,Customer,#16605,client_16605@domain.com,2009-12-01
15053,Direct Mail & Wholesale,United Kingdom,Metropolis,Customer,#15053,client_15053@domain.com,2009-12-01
15279,Direct Mail & Wholesale,United Kingdom,Metropolis,Customer,#15279,client_15279@domain.com,2009-12-01
14401,Direct Mail & Wholesale,United Kingdom,Metropolis,Customer,#14401,client_14401@domain.com,2009-12-01
13828,Direct Mail & Wholesale,United Kingdom,Metropolis,Customer,#13828,client_13828@domain.com,2009-12-01
14972,Direct Mail & Wholesale,United Kingdom,Metropolis,Customer,#14972,client_14972@domain.com,2009-12-01
16415,Direct Mail & Wholesale,United Kingdom,Metropolis,Customer,#16415,client_16415@domain.com,2009-12-01
14371,Direct Mail & Wholesale,United Kingdom,Metropolis,Customer,#14371,client_14371@domain.com,2009-12-01
15046,Direct Mail & Wholesale,United Kingdom,Metropolis,Customer,#15046,client_15046@domain.com,2009-12-01
17343,Direct Mail & Wholesale,United Kingdom,Metropolis,Customer,#17343,client_17343@domain.com,2009-12-01
17946,Direct Mail & Wholesale,United Kingdom,Metropolis,Customer,#17946,client_17946@domain.com,2009-12-01
15122,Direct Mail & Wholesale,Belgium,Metropolis,Customer,#15122,client_15122@domain.com,2009-12-01
17843,Direct Mail & Wholesale,United Kingdom,Metropolis,Customer,#17843,client_17843@domain.com,2009-12-01
13914,Direct Mail & Wholesale,United Kingdom,Metropolis,Customer,#13914,client_13914@domain.com,2009-12-01
17338,Direct Mail & Wholesale,United Kingdom,Metropolis,Customer,#17338,client_17338@domain.com,2009-12-01
12820,Direct Mail & Wholesale,United Kingdom,Metropolis,Customer,#12820,client_12820@domain.com,2009-12-01
12830,Direct Mail & Wholesale,United Kingdom,Metropolis,Customer,#12830,client_12830@domain.com,2009-12-01
14821,Direct Mail & Wholesale,United Kingdom,Metropolis,Customer,#14821,client_14821@domain.com,2009-12-01
15486,Direct Mail & Wholesale,United Kingdom,Metropolis,Customer,#15486,client_15486@domain.com,2009-12-01
18174,Direct Mail & Wholesale,United Kingdom,Metropolis,Customer,#18174,client_18174@domain.com,2009-12-01
14825,Direct Mail & Wholesale,United Kingdom,Metropolis,Customer,#14825,client_14825@domain.com,2009-12-01
17259,Direct Mail & Wholesale,United Kingdom,Metropolis,Customer,#17259,client_17259@domain.com,2009-12-01
15539,Direct Mail & Wholesale,United Kingdom,Metropolis,Customer,#15539,client_15539@domain.com,2009-12-01
15232,Direct Mail & Wholesale,United Kingdom,Metropolis,Customer,#15232,client_15232@domain.com,2009-12-01
12840,Direct Mail & Wholesale,United Kingdom,Metropolis,Customer,#12840,client_12840@domain.com,2009-12-01
14294,Direct Mail & Wholesale,United Kingdom,Metropolis,Customer,#14294,client_14294@domain.com,2009-12-01
16267,Direct Mail & Wholesale,Germany,Metropolis,Customer,#16267,client_16267@domain.com,2009-12-01
17984,Direct Mail & Wholesale,United Kingdom,Metropolis,Customer,#17984,client_17984@domain.com,2009-12-01
13100,Direct Mail & Wholesale,United Kingdom,Metropolis,Customer,#13100,client_13100@domain.com,2009-12-01
17271,Direct Mail & Wholesale,United Kingdom,Metropolis,Customer,#17271,client_17271@domain.com,2009-12-01
16007,Direct Mail & Wholesale,United Kingdom,Metropolis,Customer,#16007,client_16007@domain.com,2009-12-01
13728,Direct Mail & Wholesale,United Kingdom,Metropolis,Customer,#13728,client_13728@domain.com,2009-12-01
17355,Direct Mail & Wholesale,United Kingdom,Metropolis,Customer,#17355,client_17355@domain.com,2009-12-01
14021,Direct Mail & Wholesale,United Kingdom,Metropolis,Customer,#14021,client_14021@domain.com,2009-12-01
12708,Direct Mail & Wholesale,United Kingdom,Metropolis,Customer,#12708,client_12708@domain.com,2009-12-01
14883,Direct Mail & Wholesale,United Kingdom,Metropolis,Customer,#14883,client_14883@domain.com,2009-12-01
12481,Direct Mail & Wholesale,United Kingdom,Metropolis,Customer,#12481,client_12481@domain.com,2009-12-01
16696,Direct Mail & Wholesale,United Kingdom,Metropolis,Customer,#16696,client_16696@domain.com,2009-12-01
15077,Direct Mail & Wholesale,France,Metropolis,Customer,#15077,client_15077@domain.com,2009-12-01
16353,Direct Mail & Wholesale,France,Metropolis,Customer,#16353,client_16353@domain.com,2009-12-01
16020,Direct Mail & Wholesale,United Kingdom,Metropolis,Customer,#16020,client_16020@domain.com,2009-12-01
17345,Direct Mail & Wholesale,United Kingdom,Metropolis,Customer,#17345,client_17345@domain.com,2009-12-01
14502,Direct Mail & Wholesale,United Kingdom,Metropolis,Customer,#14502,client_14502@domain.com,2009-12-01
17627,Direct Mail & Wholesale,United Kingdom,Metropolis,Customer,#17627,client_17627@domain.com,2009-12-01
13066,Direct Mail & Wholesale,United Kingdom,Metropolis,Customer,#13066,client_13066@domain.com,2009-12-01
14996,Direct Mail & Wholesale,United Kingdom,Metropolis,Customer,#14996,client_14996@domain.com,2009-12-01
14780,Direct Mail & Wholesale,United Kingdom,Metropolis,Customer,#14780,client_14780@domain.com,2009-12-01
12551,Direct Mail & Wholesale,United Kingdom,Metropolis,Customer,#12551,client_12551@domain.com,2009-12-01
16735,Direct Mail & Wholesale,United Kingdom,Metropolis,Customer,#16735,client_16735@domain.com,2009-12-01
14010,Direct Mail & Wholesale,United Kingdom,Metropolis,Customer,#14010,client_14010@domain.com,2009-12-01
17410,Direct Mail & Wholesale,United Kingdom,Metropolis,Customer,#17410,client_17410@domain.com,2009-12-01
13247,Direct Mail & Wholesale,United Kingdom,Metropolis,Customer,#13247,client_13247@domain.com,2009-12-01
13566,Direct Mail & Wholesale,United Kingdom,Metropolis,Customer,#13566,client_13566@domain.com,2009-12-01
13251,Direct Mail & Wholesale,United Kingdom,Metropolis,Customer,#13251,client_13251@domain.com,2009-12-01
14650,Direct Mail & Wholesale,United Kingdom,Metropolis,Customer,#14650,client_14650@domain.com,2009-12-01
13585,Direct Mail & Wholesale,United Kingdom,Metropolis,Customer,#13585,client_13585@domain.com,2009-12-01
14269,Direct Mail & Wholesale,United Kingdom,Metropolis,Customer,#14269,client_14269@domain.com,2009-12-01
16581,Direct Mail & Wholesale,United Kingdom,Metropolis,Customer,#16581,client_16581@domain.com,2009-12-01
12715,Direct Mail & Wholesale,EIRE,Metropolis,Customer,#12715,client_12715@domain.com,2009-12-01
18024,Direct Mail & Wholesale,United Kingdom,Metropolis,Customer,#18024,client_18024@domain.com,2009-12-01
15129,Direct Mail & Wholesale,United Kingdom,Metropolis,Customer,#15129,client_15129@domain.com,2009-12-01
15066,Direct Mail & Wholesale,United Kingdom,Metropolis,Customer,#15066,client_15066@domain.com,2009-12-01
14440,Direct Mail & Wholesale,United Kingdom,Metropolis,Customer,#14440,client_14440@domain.com,2009-12-01
12430,Direct Mail & Wholesale,United Kingdom,Metropolis,Customer,#12430,client_12430@domain.com,2009-12-01
13713,Direct Mail & Wholesale,United Kingdom,Metropolis,Customer,#13713,client_13713@domain.com,2009-12-01
17727,Direct Mail & Wholesale,United Kingdom,Metropolis,Customer,#17727,client_17727@domain.com,2009-12-01
13769,Direct Mail & Wholesale,United Kingdom,Metropolis,Customer,#13769,client_13769@domain.com,2009-12-01
14388,Direct Mail & Wholesale,United Kingdom,Metropolis,Customer,#14388,client_14388@domain.com,2009-12-01
16910,Direct Mail & Wholesale,United Kingdom,Metropolis,Customer,#16910,client_16910@domain.com,2009-12-01
13644,Direct Mail & Wholesale,Germany,Metropolis,Customer,#13644,client_13644@domain.com,2009-12-01
15293,Direct Mail & Wholesale,United Kingdom,Metropolis,Customer,#15293,client_15293@domain.com,2009-12-01
13544,Direct Mail & Wholesale,United Kingdom,Metropolis,Customer,#13544,client_13544@domain.com,2009-12-01
17662,Direct Mail & Wholesale,United Kingdom,Metropolis,Customer,#17662,client_17662@domain.com,2009-12-01
13085,Direct Mail & Wholesale,EIRE,Metropolis,Customer,#13085,client_13085@domain.com,2009-12-01
15905,Direct Mail & Wholesale,United Kingdom,Metropolis,Customer,#15905,client_15905@domain.com,2009-12-01
15479,Direct Mail & Wholesale,United Kingdom,Metropolis,Customer,#15479,client_15479@domain.com,2009-12-01
15306,Direct Mail & Wholesale,Germany,Metropolis,Customer,#15306,client_15306@domain.com,2009-12-01
13147,Direct Mail & Wholesale,United Kingdom,Metropolis,Customer,#13147,client_13147@domain.com,2009-12-01
16362,Direct Mail & Wholesale,United Kingdom,Metropolis,Customer,#16362,client_16362@domain.com,2009-12-01
13796,Direct Mail & Wholesale,United Kingdom,Metropolis,Customer,#13796,client_13796@domain.com,2009-12-01
17969,Direct Mail & Wholesale,United Kingdom,Metropolis,Customer,#17969,client_17969@domain.com,2009-12-01
15773,Direct Mail & Wholesale,United Kingdom,Metropolis,Customer,#15773,client_15773@domain.com,2009-12-01
17606,Direct Mail & Wholesale,United Kingdom,Metropolis,Customer,#17606,client_17606@domain.com,2009-12-01
17692,Direct Mail & Wholesale,Belgium,Metropolis,Customer,#17692,client_17692@domain.com,2009-12-01
16523,Direct Mail & Wholesale,Germany,Metropolis,Customer,#16523,client_16523@domain.com,2009-12-01
18020,Direct Mail & Wholesale,United Kingdom,Metropolis,Customer,#18020,client_18020@domain.com,2009-12-01
17567,Direct Mail & Wholesale,United Kingdom,Metropolis,Customer,#17567,client_17567@domain.com,2009-12-01
18183,Direct Mail & Wholesale,United Kingdom,Metropolis,Customer,#18183,client_18183@domain.com,2009-12-01
15135,Direct Mail & Wholesale,United Kingdom,Metropolis,Customer,#15135,client_15135@domain.com,2009-12-01
12985,Direct Mail & Wholesale,United Kingdom,Metropolis,Customer,#12985,client_12985@domain.com,2009-12-01
13072,Direct Mail & Wholesale,United Kingdom,Metropolis,Customer,#13072,client_13072@domain.com,2009-12-01
17134,Direct Mail & Wholesale,United Kingdom,Metropolis,Customer,#17134,client_17134@domain.com,2009-12-01
17715,Direct Mail & Wholesale,United Kingdom,Metropolis,Customer,#17715,client_17715@domain.com,2009-12-01
13859,Direct Mail & Wholesale,United Kingdom,Metropolis,Customer,#13859,client_13859@domain.com,2009-12-01
14478,Direct Mail & Wholesale,Spain,Metropolis,Customer,#14478,client_14478@domain.com,2009-12-01
17691,Direct Mail & Wholesale,United Kingdom,Metropolis,Customer,#17691,client_17691@domain.com,2009-12-01
12614,Direct Mail & Wholesale,United Kingdom,Metropolis,Customer,#12614,client_12614@domain.com,2009-12-01
16438,Direct Mail & Wholesale,United Kingdom,Metropolis,Customer,#16438,client_16438@domain.com,2009-12-01
17155,Direct Mail & Wholesale,France,Metropolis,Customer,#17155,client_17155@domain.com,2009-12-01
18004,Direct Mail & Wholesale,United Kingdom,Metropolis,Customer,#18004,client_18004@domain.com,2009-12-01
17405,Direct Mail & Wholesale,United Kingdom,Metropolis,Customer,#17405,client_17405@domain.com,2009-12-01
16314,Direct Mail & Wholesale,United Kingdom,Metropolis,Customer,#16314,client_16314@domain.com,2009-12-01
15243,Direct Mail & Wholesale,United Kingdom,Metropolis,Customer,#15243,client_15243@domain.com,2009-12-01
13858,Direct Mail & Wholesale,United Kingdom,Metropolis,Customer,#13858,client_13858@domain.com,2009-12-01
16732,Direct Mail & Wholesale,United Kingdom,Metropolis,Customer,#16732,client_16732@domain.com,2009-12-01
14702,Direct Mail & Wholesale,United Kingdom,Metropolis,Customer,#14702,client_14702@domain.com,2009-12-01
14291,Direct Mail & Wholesale,United Kingdom,Metropolis,Customer,#14291,client_14291@domain.com,2009-12-01
18161,Direct Mail & Wholesale,United Kingdom,Metropolis,Customer,#18161,client_18161@domain.com,2009-12-01
14914,Direct Mail & Wholesale,United Kingdom,Metropolis,Customer,#14914,client_14914@domain.com,2009-12-01
13202,Direct Mail & Wholesale,United Kingdom,Metropolis,Customer,#13202,client_13202@domain.com,2009-12-01
12753,Direct Mail & Wholesale,United Kingdom,Metropolis,Customer,#12753,client_12753@domain.com,2009-12-01
14796,Direct Mail & Wholesale,United Kingdom,Metropolis,Customer,#14796,client_14796@domain.com,2009-12-01
13574,Direct Mail & Wholesale,United Kingdom,Metropolis,Customer,#13574,client_13574@domain.com,2009-12-01
16343,Direct Mail & Wholesale,United Kingdom,Metropolis,Customer,#16343,client_16343@domain.com,2009-12-01
15829,Direct Mail & Wholesale,United Kingdom,Metropolis,Customer,#15829,client_15829@domain.com,2009-12-01
17897,Direct Mail & Wholesale,United Kingdom,Metropolis,Customer,#17897,client_17897@domain.com,2009-12-01
14137,Direct Mail & Wholesale,United Kingdom,Metropolis,Customer,#14137,client_14137@domain.com,2009-12-01
12405,Direct Mail & Wholesale,United Kingdom,Metropolis,Customer,#12405,client_12405@domain.com,2009-12-01
14959,Direct Mail & Wholesale,France,Metropolis,Customer,#14959,client_14959@domain.com,2009-12-01
16238,Direct Mail & Wholesale,United Kingdom,Metropolis,Customer,#16238,client_16238@domain.com,2009-12-01
15936,Direct Mail & Wholesale,Spain,Metropolis,Customer,#15936,client_15936@domain.com,2009-12-01
13893,Direct Mail & Wholesale,Belgium,Metropolis,Customer,#13893,client_13893@domain.com,2009-12-01
12907,Direct Mail & Wholesale,United Kingdom,Metropolis,Customer,#12907,client_12907@domain.com,2009-12-01
16807,Direct Mail & Wholesale,Australia,Metropolis,Customer,#16807,client_16807@domain.com,2009-12-01
15391,Direct Mail & Wholesale,United Kingdom,Metropolis,Customer,#15391,client_15391@domain.com,2009-12-01
17045,Direct Mail & Wholesale,United Kingdom,Metropolis,Customer,#17045,client_17045@domain.com,2009-12-01
16445,Direct Mail & Wholesale,United Kingdom,Metropolis,Customer,#16445,client_16445@domain.com,2009-12-01
14090,Direct Mail & Wholesale,United Kingdom,Metropolis,Customer,#14090,client_14090@domain.com,2009-12-01
18138,Direct Mail & Wholesale,United Kingdom,Metropolis,Customer,#18138,client_18138@domain.com,2009-12-01
12872,Direct Mail & Wholesale,United Kingdom,Metropolis,Customer,#12872,client_12872@domain.com,2009-12-01
13982,Direct Mail & Wholesale,United Kingdom,Metropolis,Customer,#13982,client_13982@domain.com,2009-12-01
12389,Direct Mail & Wholesale,United Kingdom,Metropolis,Customer,#12389,client_12389@domain.com,2009-12-01
17773,Direct Mail & Wholesale,United Kingdom,Metropolis,Customer,#17773,client_17773@domain.com,2009-12-01
14477,Direct Mail & Wholesale,United Kingdom,Metropolis,Customer,#14477,client_14477@domain.com,2009-12-01
16385,Direct Mail & Wholesale,United Kingdom,Metropolis,Customer,#16385,client_16385@domain.com,2009-12-01
17104,Direct Mail & Wholesale,United Kingdom,Metropolis,Customer,#17104,client_17104@domain.com,2009-12-01
12670,Direct Mail & Wholesale,United Kingdom,Metropolis,Customer,#12670,client_12670@domain.com,2009-12-01
17545,Direct Mail & Wholesale,United Kingdom,Metropolis,Customer,#17545,client_17545@domain.com,2009-12-01
13439,Direct Mail & Wholesale,United Kingdom,Metropolis,Customer,#13439,client_13439@domain.com,2009-12-01
13495,Direct Mail & Wholesale,United Kingdom,Metropolis,Customer,#13495,client_13495@domain.com,2009-12-01
13708,Direct Mail & Wholesale,Germany,Metropolis,Customer,#13708,client_13708@domain.com,2009-12-01
14301,Direct Mail & Wholesale,United Kingdom,Metropolis,Customer,#14301,client_14301@domain.com,2009-12-01
17278,Direct Mail & Wholesale,United Kingdom,Metropolis,Customer,#17278,client_17278@domain.com,2009-12-01
14795,Direct Mail & Wholesale,United Kingdom,Metropolis,Customer,#14795,client_14795@domain.com,2009-12-01
16127,Direct Mail & Wholesale,United Kingdom,Metropolis,Customer,#16127,client_16127@domain.com,2009-12-01
17543,Direct Mail & Wholesale,United Kingdom,Metropolis,Customer,#17543,client_17543@domain.com,2009-12-01
15489,Direct Mail & Wholesale,United Kingdom,Metropolis,Customer,#15489,client_15489@domain.com,2009-12-01
14947,Direct Mail & Wholesale,United Kingdom,Metropolis,Customer,#14947,client_14947@domain.com,2009-12-01
13212,Direct Mail & Wholesale,United Kingdom,Metropolis,Customer,#13212,client_13212@domain.com,2009-12-01
15488,Direct Mail & Wholesale,Netherlands,Metropolis,Customer,#15488,client_15488@domain.com,2009-12-01
12779,Direct Mail & Wholesale,United Kingdom,Metropolis,Customer,#12779,client_12779@domain.com,2009-12-01
15382,Direct Mail & Wholesale,United Kingdom,Metropolis,Customer,#15382,client_15382@domain.com,2009-12-01
14334,Direct Mail & Wholesale,United Kingdom,Metropolis,Customer,#14334,client_14334@domain.com,2009-12-01
17266,Direct Mail & Wholesale,United Kingdom,Metropolis,Customer,#17266,client_17266@domain.com,2009-12-01
16653,Direct Mail & Wholesale,United Kingdom,Metropolis,Customer,#16653,client_16653@domain.com,2009-12-01
14177,Direct Mail & Wholesale,United Kingdom,Metropolis,Customer,#14177,client_14177@domain.com,2009-12-01
14194,Direct Mail & Wholesale,United Kingdom,Metropolis,Customer,#14194,client_14194@domain.com,2009-12-01
16795,Direct Mail & Wholesale,United Kingdom,Metropolis,Customer,#16795,client_16795@domain.com,2009-12-01
13451,Direct Mail & Wholesale,France,Metropolis,Customer,#13451,client_13451@domain.com,2009-12-01
16135,Direct Mail & Wholesale,EIRE,Metropolis,Customer,#16135,client_16135@domain.com,2009-12-01
14164,Direct Mail & Wholesale,United Kingdom,Metropolis,Customer,#14164,client_14164@domain.com,2009-12-01
14882,Direct Mail & Wholesale,United Kingdom,Metropolis,Customer,#14882,client_14882@domain.com,2009-12-01
14725,Direct Mail & Wholesale,United Kingdom,Metropolis,Customer,#14725,client_14725@domain.com,2009-12-01
16892,Direct Mail & Wholesale,Spain,Metropolis,Customer,#16892,client_16892@domain.com,2009-12-01
18259,Direct Mail & Wholesale,United Kingdom,Metropolis,Customer,#18259,client_18259@domain.com,2009-12-01
12988,Direct Mail & Wholesale,France,Metropolis,Customer,#12988,client_12988@domain.com,2009-12-01
13450,Direct Mail & Wholesale,United Kingdom,Metropolis,Customer,#13450,client_13450@domain.com,2009-12-01
12454,Direct Mail & Wholesale,United Kingdom,Metropolis,Customer,#12454,client_12454@domain.com,2009-12-01
17206,Direct Mail & Wholesale,United Kingdom,Metropolis,Customer,#17206,client_17206@domain.com,2009-12-01
14444,Direct Mail & Wholesale,United Kingdom,Metropolis,Customer,#14444,client_14444@domain.com,2009-12-01
16902,Direct Mail & Wholesale,Germany,Metropolis,Customer,#16902,client_16902@domain.com,2009-12-01
16115,Direct Mail & Wholesale,United Kingdom,Metropolis,Customer,#16115,client_16115@domain.com,2009-12-01
13807,Direct Mail & Wholesale,United Kingdom,Metropolis,Customer,#13807,client_13807@domain.com,2009-12-01
15263,Direct Mail & Wholesale,United Kingdom,Metropolis,Customer,#15263,client_15263@domain.com,2009-12-01
13798,Direct Mail & Wholesale,United Kingdom,Metropolis,Customer,#13798,client_13798@domain.com,2009-12-01
17947,Direct Mail & Wholesale,Germany,Metropolis,Customer,#17947,client_17947@domain.com,2009-12-01
13790,Direct Mail & Wholesale,United Kingdom,Metropolis,Customer,#13790,client_13790@domain.com,2009-12-01
17438,Direct Mail & Wholesale,United Kingdom,Metropolis,Customer,#17438,client_17438@domain.com,2009-12-01
15809,Direct Mail & Wholesale,United Kingdom,Metropolis,Customer,#15809,client_15809@domain.com,2009-12-01
17870,Direct Mail & Wholesale,United Kingdom,Metropolis,Customer,#17870,client_17870@domain.com,2009-12-01
16628,Direct Mail & Wholesale,United Kingdom,Metropolis,Customer,#16628,client_16628@domain.com,2009-12-01
12953,Direct Mail & Wholesale,United Kingdom,Metropolis,Customer,#12953,client_12953@domain.com,2009-12-01
12689,Direct Mail & Wholesale,United Kingdom,Metropolis,Customer,#12689,client_12689@domain.com,2009-12-01
15970,Direct Mail & Wholesale,United Kingdom,Metropolis,Customer,#15970,client_15970@domain.com,2009-12-01
14089,Direct Mail & Wholesale,United Kingdom,Metropolis,Customer,#14089,client_14089@domain.com,2009-12-01
14547,Direct Mail & Wholesale,United Kingdom,Metropolis,Customer,#14547,client_14547@domain.com,2009-12-01
13201,Direct Mail & Wholesale,United Kingdom,Metropolis,Customer,#13201,client_13201@domain.com,2009-12-01
16568,Direct Mail & Wholesale,France,Metropolis,Customer,#16568,client_16568@domain.com,2009-12-01
14093,Direct Mail & Wholesale,United Kingdom,Metropolis,Customer,#14093,client_14093@domain.com,2009-12-01
13270,Direct Mail & Wholesale,United Kingdom,Metropolis,Customer,#13270,client_13270@domain.com,2009-12-01
14871,Direct Mail & Wholesale,United Kingdom,Metropolis,Customer,#14871,client_14871@domain.com,2009-12-01
13854,Direct Mail & Wholesale,United Kingdom,Metropolis,Customer,#13854,client_13854@domain.com,2009-12-01
14804,Direct Mail & Wholesale,United Kingdom,Metropolis,Customer,#14804,client_14804@domain.com,2009-12-01
16452,Direct Mail & Wholesale,United Kingdom,Metropolis,Customer,#16452,client_16452@domain.com,2009-12-01
16832,Direct Mail & Wholesale,United Kingdom,Metropolis,Customer,#16832,client_16832@domain.com,2009-12-01
17648,Direct Mail & Wholesale,EIRE,Metropolis,Customer,#17648,client_17648@domain.com,2009-12-01
12598,Direct Mail & Wholesale,United Kingdom,Metropolis,Customer,#12598,client_12598@domain.com,2009-12-01
17490,Direct Mail & Wholesale,United Kingdom,Metropolis,Customer,#17490,client_17490@domain.com,2009-12-01
13776,Direct Mail & Wholesale,United Kingdom,Metropolis,Customer,#13776,client_13776@domain.com,2009-12-01
16562,Direct Mail & Wholesale,United Kingdom,Metropolis,Customer,#16562,client_16562@domain.com,2009-12-01
12475,Direct Mail & Wholesale,EIRE,Metropolis,Customer,#12475,client_12475@domain.com,2009-12-01
17028,Direct Mail & Wholesale,United Kingdom,Metropolis,Customer,#17028,client_17028@domain.com,2009-12-01
16190,Direct Mail & Wholesale,United Kingdom,Metropolis,Customer,#16190,client_16190@domain.com,2009-12-01
16830,Direct Mail & Wholesale,United Kingdom,Metropolis,Customer,#16830,client_16830@domain.com,2009-12-01
13615,Direct Mail & Wholesale,United Kingdom,Metropolis,Customer,#13615,client_13615@domain.com,2009-12-01
18104,Direct Mail & Wholesale,United Kingdom,Metropolis,Customer,#18104,client_18104@domain.com,2009-12-01
16596,Direct Mail & Wholesale,United Kingdom,Metropolis,Customer,#16596,client_16596@domain.com,2009-12-01
15428,Direct Mail & Wholesale,Spain,Metropolis,Customer,#15428,client_15428@domain.com,2009-12-01
13894,Direct Mail & Wholesale,United Kingdom,Metropolis,Customer,#13894,client_13894@domain.com,2009-12-01
17378,Direct Mail & Wholesale,United Kingdom,Metropolis,Customer,#17378,client_17378@domain.com,2009-12-01
15517,Direct Mail & Wholesale,United Kingdom,Metropolis,Customer,#15517,client_15517@domain.com,2009-12-01
16108,Direct Mail & Wholesale,United Kingdom,Metropolis,Customer,#16108,client_16108@domain.com,2009-12-01
14822,Direct Mail & Wholesale,United Kingdom,Metropolis,Customer,#14822,client_14822@domain.com,2009-12-01
14392,Direct Mail & Wholesale,United Kingdom,Metropolis,Customer,#14392,client_14392@domain.com,2009-12-01
17498,Direct Mail & Wholesale,United Kingdom,Metropolis,Customer,#17498,client_17498@domain.com,2009-12-01
13941,Direct Mail & Wholesale,United Kingdom,Metropolis,Customer,#13941,client_13941@domain.com,2009-12-01
15698,Direct Mail & Wholesale,United Kingdom,Metropolis,Customer,#15698,client_15698@domain.com,2009-12-01
17500,Direct Mail & Wholesale,United Kingdom,Metropolis,Customer,#17500,client_17500@domain.com,2009-12-01
13260,Direct Mail & Wholesale,United Kingdom,Metropolis,Customer,#13260,client_13260@domain.com,2009-12-01
18157,Direct Mail & Wholesale,United Kingdom,Metropolis,Customer,#18157,client_18157@domain.com,2009-12-01
18064,Direct Mail & Wholesale,United Kingdom,Metropolis,Customer,#18064,client_18064@domain.com,2009-12-01
13947,Direct Mail & Wholesale,United Kingdom,Metropolis,Customer,#13947,client_13947@domain.com,2009-12-01
18173,Direct Mail & Wholesale,United Kingdom,Metropolis,Customer,#18173,client_18173@domain.com,2009-12-01
17787,Direct Mail & Wholesale,France,Metropolis,Customer,#17787,client_17787@domain.com,2009-12-01
16895,Direct Mail & Wholesale,Germany,Metropolis,Customer,#16895,client_16895@domain.com,2009-12-01
13900,Direct Mail & Wholesale,United Kingdom,Metropolis,Customer,#13900,client_13900@domain.com,2009-12-01
13553,Direct Mail & Wholesale,United Kingdom,Metropolis,Customer,#13553,client_13553@domain.com,2009-12-01
15737,Direct Mail & Wholesale,United Kingdom,Metropolis,Customer,#15737,client_15737@domain.com,2009-12-01
16089,Direct Mail & Wholesale,United Kingdom,Metropolis,Customer,#16089,client_16089@domain.com,2009-12-01
14960,Direct Mail & Wholesale,United Kingdom,Metropolis,Customer,#14960,client_14960@domain.com,2009-12-01
15027,Direct Mail & Wholesale,United Kingdom,Metropolis,Customer,#15027,client_15027@domain.com,2009-12-01
14028,Direct Mail & Wholesale,United Kingdom,Metropolis,Customer,#14028,client_14028@domain.com,2009-12-01
17244,Direct Mail & Wholesale,United Kingdom,Metropolis,Customer,#17244,client_17244@domain.com,2009-12-01
17041,Direct Mail & Wholesale,United Kingdom,Metropolis,Customer,#17041,client_17041@domain.com,2009-12-01
16167,Direct Mail & Wholesale,EIRE,Metropolis,Customer,#16167,client_16167@domain.com,2009-12-01
15453,Direct Mail & Wholesale,United Kingdom,Metropolis,Customer,#15453,client_15453@domain.com,2009-12-01
13192,Direct Mail & Wholesale,United Kingdom,Metropolis,Customer,#13192,client_13192@domain.com,2009-12-01
15288,Direct Mail & Wholesale,United Kingdom,Metropolis,Customer,#15288,client_15288@domain.com,2009-12-01
17939,Direct Mail & Wholesale,United Kingdom,Metropolis,Customer,#17939,client_17939@domain.com,2009-12-01
15108,Direct Mail & Wholesale,Germany,Metropolis,Customer,#15108,client_15108@domain.com,2009-12-01
14142,Direct Mail & Wholesale,United Kingdom,Metropolis,Customer,#14142,client_14142@domain.com,2009-12-01
13219,Direct Mail & Wholesale,United Kingdom,Metropolis,Customer,#13219,client_13219@domain.com,2009-12-01
14931,Direct Mail & Wholesale,United Kingdom,Metropolis,Customer,#14931,client_14931@domain.com,2009-12-01
15265,Direct Mail & Wholesale,United Kingdom,Metropolis,Customer,#15265,client_15265@domain.com,2009-12-01
15886,Direct Mail & Wholesale,Belgium,Metropolis,Customer,#15886,client_15886@domain.com,2009-12-01
17844,Direct Mail & Wholesale,United Kingdom,Metropolis,Customer,#17844,client_17844@domain.com,2009-12-01
17977,Direct Mail & Wholesale,United Kingdom,Metropolis,Customer,#17977,client_17977@domain.com,2009-12-01
13217,Direct Mail & Wholesale,United Kingdom,Metropolis,Customer,#13217,client_13217@domain.com,2009-12-01
14205,Direct Mail & Wholesale,United Kingdom,Metropolis,Customer,#14205,client_14205@domain.com,2009-12-01
12557,Direct Mail & Wholesale,United Kingdom,Metropolis,Customer,#12557,client_12557@domain.com,2009-12-01
14778,Direct Mail & Wholesale,United Kingdom,Metropolis,Customer,#14778,client_14778@domain.com,2009-12-01
14123,Direct Mail & Wholesale,United Kingdom,Metropolis,Customer,#14123,client_14123@domain.com,2009-12-01
15534,Direct Mail & Wholesale,United Kingdom,Metropolis,Customer,#15534,client_15534@domain.com,2009-12-01
12894,Direct Mail & Wholesale,United Kingdom,Metropolis,Customer,#12894,client_12894@domain.com,2009-12-01
13801,Direct Mail & Wholesale,United Kingdom,Metropolis,Customer,#13801,client_13801@domain.com,2009-12-01
16358,Direct Mail & Wholesale,United Kingdom,Metropolis,Customer,#16358,client_16358@domain.com,2009-12-01
13591,Direct Mail & Wholesale,United Kingdom,Metropolis,Customer,#13591,client_13591@domain.com,2009-12-01
13195,Direct Mail & Wholesale,United Kingdom,Metropolis,Customer,#13195,client_13195@domain.com,2009-12-01
15611,Direct Mail & Wholesale,United Kingdom,Metropolis,Customer,#15611,client_15611@domain.com,2009-12-01
15491,Direct Mail & Wholesale,United Kingdom,Metropolis,Customer,#15491,client_15491@domain.com,2009-12-01
14988,Direct Mail & Wholesale,United Kingdom,Metropolis,Customer,#14988,client_14988@domain.com,2009-12-01
13775,Direct Mail & Wholesale,Spain,Metropolis,Customer,#13775,client_13775@domain.com,2009-12-01
18021,Direct Mail & Wholesale,United Kingdom,Metropolis,Customer,#18021,client_18021@domain.com,2009-12-01
13036,Direct Mail & Wholesale,United Kingdom,Metropolis,Customer,#13036,client_13036@domain.com,2009-12-01
15344,Direct Mail & Wholesale,United Kingdom,Metropolis,Customer,#15344,client_15344@domain.com,2009-12-01
12623,Direct Mail & Wholesale,United Kingdom,Metropolis,Customer,#12623,client_12623@domain.com,2009-12-01
16448,Direct Mail & Wholesale,United Kingdom,Metropolis,Customer,#16448,client_16448@domain.com,2009-12-01
13386,Direct Mail & Wholesale,United Kingdom,Metropolis,Customer,#13386,client_13386@domain.com,2009-12-01
15580,Direct Mail & Wholesale,France,Metropolis,Customer,#15580,client_15580@domain.com,2009-12-01
15071,Direct Mail & Wholesale,United Kingdom,Metropolis,Customer,#15071,client_15071@domain.com,2009-12-01
13981,Direct Mail & Wholesale,United Kingdom,Metropolis,Customer,#13981,client_13981@domain.com,2009-12-01
17638,Direct Mail & Wholesale,United Kingdom,Metropolis,Customer,#17638,client_17638@domain.com,2009-12-01
17125,Direct Mail & Wholesale,Germany,Metropolis,Customer,#17125,client_17125@domain.com,2009-12-01
16862,Direct Mail & Wholesale,United Kingdom,Metropolis,Customer,#16862,client_16862@domain.com,2009-12-01
12893,Direct Mail & Wholesale,United Kingdom,Metropolis,Customer,#12893,client_12893@domain.com,2009-12-01
15964,Direct Mail & Wholesale,United Kingdom,Metropolis,Customer,#15964,client_15964@domain.com,2009-12-01
14952,Direct Mail & Wholesale,United Kingdom,Metropolis,Customer,#14952,client_14952@domain.com,2009-12-01
17055,Direct Mail & Wholesale,United Kingdom,Metropolis,Customer,#17055,client_17055@domain.com,2009-12-01
15260,Direct Mail & Wholesale,Portugal,Metropolis,Customer,#15260,client_15260@domain.com,2009-12-01
15019,Direct Mail & Wholesale,United Kingdom,Metropolis,Customer,#15019,client_15019@domain.com,2009-12-01
16752,Direct Mail & Wholesale,United Kingdom,Metropolis,Customer,#16752,client_16752@domain.com,2009-12-01
13428,Direct Mail & Wholesale,United Kingdom,Metropolis,Customer,#13428,client_13428@domain.com,2009-12-01
15119,Direct Mail & Wholesale,United Kingdom,Metropolis,Customer,#15119,client_15119@domain.com,2009-12-01
15573,Direct Mail & Wholesale,United Kingdom,Metropolis,Customer,#15573,client_15573@domain.com,2009-12-01
16158,Direct Mail & Wholesale,Netherlands,Metropolis,Customer,#16158,client_16158@domain.com,2009-12-01
16847,Direct Mail & Wholesale,United Kingdom,Metropolis,Customer,#16847,client_16847@domain.com,2009-12-01
15743,Direct Mail & Wholesale,Belgium,Metropolis,Customer,#15743,client_15743@domain.com,2009-12-01
15913,Direct Mail & Wholesale,United Kingdom,Metropolis,Customer,#15913,client_15913@domain.com,2009-12-01
15910,Direct Mail & Wholesale,United Kingdom,Metropolis,Customer,#15910,client_15910@domain.com,2009-12-01
15021,Direct Mail & Wholesale,United Kingdom,Metropolis,Customer,#15021,client_15021@domain.com,2009-12-01
14814,Direct Mail & Wholesale,United Kingdom,Metropolis,Customer,#14814,client_14814@domain.com,2009-12-01
17290,Direct Mail & Wholesale,EIRE,Metropolis,Customer,#17290,client_17290@domain.com,2009-12-01
17452,Direct Mail & Wholesale,United Kingdom,Metropolis,Customer,#17452,client_17452@domain.com,2009-12-01
17281,Direct Mail & Wholesale,United Kingdom,Metropolis,Customer,#17281,client_17281@domain.com,2009-12-01
13693,Direct Mail & Wholesale,United Kingdom,Metropolis,Customer,#13693,client_13693@domain.com,2009-12-01
17935,Direct Mail & Wholesale,United Kingdom,Metropolis,Customer,#17935,client_17935@domain.com,2009-12-01
16912,Direct Mail & Wholesale,United Kingdom,Metropolis,Customer,#16912,client_16912@domain.com,2009-12-01
14374,Direct Mail & Wholesale,Belgium,Metropolis,Customer,#14374,client_14374@domain.com,2009-12-01
12751,Direct Mail & Wholesale,United Kingdom,Metropolis,Customer,#12751,client_12751@domain.com,2009-12-01
17413,Direct Mail & Wholesale,United Kingdom,Metropolis,Customer,#17413,client_17413@domain.com,2009-12-01
17212,Direct Mail & Wholesale,United Kingdom,Metropolis,Customer,#17212,client_17212@domain.com,2009-12-01
17848,Direct Mail & Wholesale,United Kingdom,Metropolis,Customer,#17848,client_17848@domain.com,2009-12-01
16801,Direct Mail & Wholesale,EIRE,Metropolis,Customer,#16801,client_16801@domain.com,2009-12-01
16012,Direct Mail & Wholesale,United Kingdom,Metropolis,Customer,#16012,client_16012@domain.com,2009-12-01
16330,Direct Mail & Wholesale,France,Metropolis,Customer,#16330,client_16330@domain.com,2009-12-01
18063,Direct Mail & Wholesale,United Kingdom,Metropolis,Customer,#18063,client_18063@domain.com,2009-12-01
17329,Direct Mail & Wholesale,United Kingdom,Metropolis,Customer,#17329,client_17329@domain.com,2009-12-01
17005,Direct Mail & Wholesale,United Kingdom,Metropolis,Customer,#17005,client_17005@domain.com,2009-12-01
15990,Direct Mail & Wholesale,United Kingdom,Metropolis,Customer,#15990,client_15990@domain.com,2009-12-01
16920,Direct Mail & Wholesale,United Kingdom,Metropolis,Customer,#16920,client_16920@domain.com,2009-12-01
15639,Direct Mail & Wholesale,United Kingdom,Metropolis,Customer,#15639,client_15639@domain.com,2009-12-01
12950,Direct Mail & Wholesale,United Kingdom,Metropolis,Customer,#12950,client_12950@domain.com,2009-12-01
15515,Direct Mail & Wholesale,United Kingdom,Metropolis,Customer,#15515,client_15515@domain.com,2009-12-01
16846,Direct Mail & Wholesale,Portugal,Metropolis,Customer,#16846,client_16846@domain.com,2009-12-01
17580,Direct Mail & Wholesale,Germany,Metropolis,Customer,#17580,client_17580@domain.com,2009-12-01
17002,Direct Mail & Wholesale,United Kingdom,Metropolis,Customer,#17002,client_17002@domain.com,2009-12-01
15316,Direct Mail & Wholesale,United Kingdom,Metropolis,Customer,#15316,client_15316@domain.com,2009-12-01
17966,Direct Mail & Wholesale,United Kingdom,Metropolis,Customer,#17966,client_17966@domain.com,2009-12-01
13960,Direct Mail & Wholesale,United Kingdom,Metropolis,Customer,#13960,client_13960@domain.com,2009-12-01
14368,Direct Mail & Wholesale,United Kingdom,Metropolis,Customer,#14368,client_14368@domain.com,2009-12-01
12853,Direct Mail & Wholesale,United Kingdom,Metropolis,Customer,#12853,client_12853@domain.com,2009-12-01
15218,Direct Mail & Wholesale,United Kingdom,Metropolis,Customer,#15218,client_15218@domain.com,2009-12-01
15159,Direct Mail & Wholesale,United Kingdom,Metropolis,Customer,#15159,client_15159@domain.com,2009-12-01
16039,Direct Mail & Wholesale,United Kingdom,Metropolis,Customer,#16039,client_16039@domain.com,2009-12-01
12355,Direct Mail & Wholesale,United Kingdom,Metropolis,Customer,#12355,client_12355@domain.com,2009-12-01
16065,Direct Mail & Wholesale,Germany,Metropolis,Customer,#16065,client_16065@domain.com,2009-12-01
13668,Direct Mail & Wholesale,United Kingdom,Metropolis,Customer,#13668,client_13668@domain.com,2009-12-01
14209,Direct Mail & Wholesale,United Kingdom,Metropolis,Customer,#14209,client_14209@domain.com,2009-12-01
14064,Direct Mail & Wholesale,United Kingdom,Metropolis,Customer,#14064,client_14064@domain.com,2009-12-01
14252,Direct Mail & Wholesale,United Kingdom,Metropolis,Customer,#14252,client_14252@domain.com,2009-12-01
17707,Direct Mail & Wholesale,United Kingdom,Metropolis,Customer,#17707,client_17707@domain.com,2009-12-01
16469,Direct Mail & Wholesale,United Kingdom,Metropolis,Customer,#16469,client_16469@domain.com,2009-12-01
15943,Direct Mail & Wholesale,United Kingdom,Metropolis,Customer,#15943,client_15943@domain.com,2009-12-01
17034,Direct Mail & Wholesale,United Kingdom,Metropolis,Customer,#17034,client_17034@domain.com,2009-12-01
16792,Direct Mail & Wholesale,United Kingdom,Metropolis,Customer,#16792,client_16792@domain.com,2009-12-01
18140,Direct Mail & Wholesale,United Kingdom,Metropolis,Customer,#18140,client_18140@domain.com,2009-12-01
16507,Direct Mail & Wholesale,United Kingdom,Metropolis,Customer,#16507,client_16507@domain.com,2009-12-01
16667,Direct Mail & Wholesale,United Kingdom,Metropolis,Customer,#16667,client_16667@domain.com,2009-12-01
16793,Direct Mail & Wholesale,Germany,Metropolis,Customer,#16793,client_16793@domain.com,2009-12-01
15835,Direct Mail & Wholesale,United Kingdom,Metropolis,Customer,#15835,client_15835@domain.com,2009-12-01
14138,Direct Mail & Wholesale,United Kingdom,Metropolis,Customer,#14138,client_14138@domain.com,2009-12-01
16679,Direct Mail & Wholesale,United Kingdom,Metropolis,Customer,#16679,client_16679@domain.com,2009-12-01
13954,Direct Mail & Wholesale,United Kingdom,Metropolis,Customer,#13954,client_13954@domain.com,2009-12-01
14102,Direct Mail & Wholesale,United Kingdom,Metropolis,Customer,#14102,client_14102@domain.com,2009-12-01
14538,Direct Mail & Wholesale,United Kingdom,Metropolis,Customer,#14538,client_14538@domain.com,2009-12-01
13038,Direct Mail & Wholesale,United Kingdom,Metropolis,Customer,#13038,client_13038@domain.com,2009-12-01
17803,Direct Mail & Wholesale,EIRE,Metropolis,Customer,#17803,client_17803@domain.com,2009-12-01
17014,Direct Mail & Wholesale,United Kingdom,Metropolis,Customer,#17014,client_17014@domain.com,2009-12-01
17970,Direct Mail & Wholesale,Germany,Metropolis,Customer,#17970,client_17970@domain.com,2009-12-01
14169,Direct Mail & Wholesale,United Kingdom,Metropolis,Customer,#14169,client_14169@domain.com,2009-12-01
12659,Direct Mail & Wholesale,United Kingdom,Metropolis,Customer,#12659,client_12659@domain.com,2009-12-01
14920,Direct Mail & Wholesale,United Kingdom,Metropolis,Customer,#14920,client_14920@domain.com,2009-12-01
14763,Direct Mail & Wholesale,United Kingdom,Metropolis,Customer,#14763,client_14763@domain.com,2009-12-01
13347,Direct Mail & Wholesale,United Kingdom,Metropolis,Customer,#13347,client_13347@domain.com,2009-12-01
15456,Direct Mail & Wholesale,Germany,Metropolis,Customer,#15456,client_15456@domain.com,2009-12-01
18195,Direct Mail & Wholesale,United Kingdom,Metropolis,Customer,#18195,client_18195@domain.com,2009-12-01
16053,Direct Mail & Wholesale,United Kingdom,Metropolis,Customer,#16053,client_16053@domain.com,2009-12-01
13099,Direct Mail & Wholesale,United Kingdom,Metropolis,Customer,#13099,client_13099@domain.com,2009-12-01
17154,Direct Mail & Wholesale,United Kingdom,Metropolis,Customer,#17154,client_17154@domain.com,2009-12-01
17240,Direct Mail & Wholesale,United Kingdom,Metropolis,Customer,#17240,client_17240@domain.com,2009-12-01
17367,Direct Mail & Wholesale,United Kingdom,Metropolis,Customer,#17367,client_17367@domain.com,2009-12-01
12437,Direct Mail & Wholesale,United Kingdom,Metropolis,Customer,#12437,client_12437@domain.com,2009-12-01
15123,Direct Mail & Wholesale,EIRE,Metropolis,Customer,#15123,client_15123@domain.com,2009-12-01
13505,Direct Mail & Wholesale,United Kingdom,Metropolis,Customer,#13505,client_13505@domain.com,2009-12-01
16098,Direct Mail & Wholesale,United Kingdom,Metropolis,Customer,#16098,client_16098@domain.com,2009-12-01
16218,Direct Mail & Wholesale,France,Metropolis,Customer,#16218,client_16218@domain.com,2009-12-01
16156,Direct Mail & Wholesale,United Kingdom,Metropolis,Customer,#16156,client_16156@domain.com,2009-12-01
16946,Direct Mail & Wholesale,United Kingdom,Metropolis,Customer,#16946,client_16946@domain.com,2009-12-01
14171,Direct Mail & Wholesale,United Kingdom,Metropolis,Customer,#14171,client_14171@domain.com,2009-12-01
15195,Direct Mail & Wholesale,United Kingdom,Metropolis,Customer,#15195,client_15195@domain.com,2009-12-01
17023,Direct Mail & Wholesale,Spain,Metropolis,Customer,#17023,client_17023@domain.com,2009-12-01
13671,Direct Mail & Wholesale,United Kingdom,Metropolis,Customer,#13671,client_13671@domain.com,2009-12-01
16300,Direct Mail & Wholesale,France,Metropolis,Customer,#16300,client_16300@domain.com,2009-12-01
15162,Direct Mail & Wholesale,United Kingdom,Metropolis,Customer,#15162,client_15162@domain.com,2009-12-01
17753,Direct Mail & Wholesale,United Kingdom,Metropolis,Customer,#17753,client_17753@domain.com,2009-12-01
14121,Direct Mail & Wholesale,Spain,Metropolis,Customer,#14121,client_14121@domain.com,2009-12-01
16265,Direct Mail & Wholesale,United Kingdom,Metropolis,Customer,#16265,client_16265@domain.com,2009-12-01
14701,Direct Mail & Wholesale,United Kingdom,Metropolis,Customer,#14701,client_14701@domain.com,2009-12-01
15971,Direct Mail & Wholesale,United Kingdom,Metropolis,Customer,#15971,client_15971@domain.com,2009-12-01
16431,Direct Mail & Wholesale,United Kingdom,Metropolis,Customer,#16431,client_16431@domain.com,2009-12-01
13629,Direct Mail & Wholesale,United Kingdom,Metropolis,Customer,#13629,client_13629@domain.com,2009-12-01
17850,Direct Mail & Wholesale,United Kingdom,Metropolis,Customer,#17850,client_17850@domain.com,2009-12-01
12640,Direct Mail & Wholesale,United Kingdom,Metropolis,Customer,#12640,client_12640@domain.com,2009-12-01
17596,Direct Mail & Wholesale,United Kingdom,Metropolis,Customer,#17596,client_17596@domain.com,2009-12-01
15164,Direct Mail & Wholesale,United Kingdom,Metropolis,Customer,#15164,client_15164@domain.com,2009-12-01
12650,Direct Mail & Wholesale,United Kingdom,Metropolis,Customer,#12650,client_12650@domain.com,2009-12-01
17443,Direct Mail & Wholesale,United Kingdom,Metropolis,Customer,#17443,client_17443@domain.com,2009-12-01
13416,Direct Mail & Wholesale,United Kingdom,Metropolis,Customer,#13416,client_13416@domain.com,2009-12-01
14432,Direct Mail & Wholesale,United Kingdom,Metropolis,Customer,#14432,client_14432@domain.com,2009-12-01
17466,Direct Mail & Wholesale,Switzerland,Metropolis,Customer,#17466,client_17466@domain.com,2009-12-01
13060,Direct Mail & Wholesale,United Kingdom,Metropolis,Customer,#13060,client_13060@domain.com,2009-12-01
13594,Direct Mail & Wholesale,United Kingdom,Metropolis,Customer,#13594,client_13594@domain.com,2009-12-01
14613,Direct Mail & Wholesale,United Kingdom,Metropolis,Customer,#14613,client_14613@domain.com,2009-12-01
16078,Direct Mail & Wholesale,Germany,Metropolis,Customer,#16078,client_16078@domain.com,2009-12-01
13830,Direct Mail & Wholesale,United Kingdom,Metropolis,Customer,#13830,client_13830@domain.com,2009-12-01
15509,Direct Mail & Wholesale,United Kingdom,Metropolis,Customer,#15509,client_15509@domain.com,2009-12-01
17714,Direct Mail & Wholesale,United Kingdom,Metropolis,Customer,#17714,client_17714@domain.com,2009-12-01
17967,Direct Mail & Wholesale,United Kingdom,Metropolis,Customer,#17967,client_17967@domain.com,2009-12-01
16466,Direct Mail & Wholesale,United Kingdom,Metropolis,Customer,#16466,client_16466@domain.com,2009-12-01
15793,Direct Mail & Wholesale,United Kingdom,Metropolis,Customer,#15793,client_15793@domain.com,2009-12-01
17640,Direct Mail & Wholesale,United Kingdom,Metropolis,Customer,#17640,client_17640@domain.com,2009-12-01
13510,Direct Mail & Wholesale,United Kingdom,Metropolis,Customer,#13510,client_13510@domain.com,2009-12-01
17701,Direct Mail & Wholesale,United Kingdom,Metropolis,Customer,#17701,client_17701@domain.com,2009-12-01
16340,Direct Mail & Wholesale,United Kingdom,Metropolis,Customer,#16340,client_16340@domain.com,2009-12-01
16401,Direct Mail & Wholesale,United Kingdom,Metropolis,Customer,#16401,client_16401@domain.com,2009-12-01
15633,Direct Mail & Wholesale,United Kingdom,Metropolis,Customer,#15633,client_15633@domain.com,2009-12-01
15702,Direct Mail & Wholesale,EIRE,Metropolis,Customer,#15702,client_15702@domain.com,2009-12-01
13781,Direct Mail & Wholesale,United Kingdom,Metropolis,Customer,#13781,client_13781@domain.com,2009-12-01
13959,Direct Mail & Wholesale,France,Metropolis,Customer,#13959,client_13959@domain.com,2009-12-01
16880,Direct Mail & Wholesale,United Kingdom,Metropolis,Customer,#16880,client_16880@domain.com,2009-12-01
15018,Direct Mail & Wholesale,United Kingdom,Metropolis,Customer,#15018,client_15018@domain.com,2009-12-01
16609,Direct Mail & Wholesale,France,Metropolis,Customer,#16609,client_16609@domain.com,2009-12-01
16099,Direct Mail & Wholesale,United Kingdom,Metropolis,Customer,#16099,client_16099@domain.com,2009-12-01
14184,Direct Mail & Wholesale,United Kingdom,Metropolis,Customer,#14184,client_14184@domain.com,2009-12-01
14679,Direct Mail & Wholesale,France,Metropolis,Customer,#14679,client_14679@domain.com,2009-12-01
13009,Direct Mail & Wholesale,United Kingdom,Metropolis,Customer,#13009,client_13009@domain.com,2009-12-01
16291,Direct Mail & Wholesale,United Kingdom,Metropolis,Customer,#16291,client_16291@domain.com,2009-12-01
13039,Direct Mail & Wholesale,United Kingdom,Metropolis,Customer,#13039,client_13039@domain.com,2009-12-01
12841,Direct Mail & Wholesale,United Kingdom,Metropolis,Customer,#12841,client_12841@domain.com,2009-12-01
13075,Direct Mail & Wholesale,Netherlands,Metropolis,Customer,#13075,client_13075@domain.com,2009-12-01
12452,Direct Mail & Wholesale,United Kingdom,Metropolis,Customer,#12452,client_12452@domain.com,2009-12-01
16222,Direct Mail & Wholesale,United Kingdom,Metropolis,Customer,#16222,client_16222@domain.com,2009-12-01
13187,Direct Mail & Wholesale,United Kingdom,Metropolis,Customer,#13187,client_13187@domain.com,2009-12-01
13902,Direct Mail & Wholesale,United Kingdom,Metropolis,Customer,#13902,client_13902@domain.com,2009-12-01
14898,Direct Mail & Wholesale,United Kingdom,Metropolis,Customer,#14898,client_14898@domain.com,2009-12-01
13864,Direct Mail & Wholesale,United Kingdom,Metropolis,Customer,#13864,client_13864@domain.com,2009-12-01
12537,Direct Mail & Wholesale,United Kingdom,Metropolis,Customer,#12537,client_12537@domain.com,2009-12-01
14942,Direct Mail & Wholesale,Germany,Metropolis,Customer,#14942,client_14942@domain.com,2009-12-01
14211,Direct Mail & Wholesale,United Kingdom,Metropolis,Customer,#14211,client_14211@domain.com,2009-12-01
17517,Direct Mail & Wholesale,United Kingdom,Metropolis,Customer,#17517,client_17517@domain.com,2009-12-01
12732,Direct Mail & Wholesale,Germany,Metropolis,Customer,#12732,client_12732@domain.com,2009-12-01
15951,Direct Mail & Wholesale,United Kingdom,Metropolis,Customer,#15951,client_15951@domain.com,2009-12-01
15798,Direct Mail & Wholesale,United Kingdom,Metropolis,Customer,#15798,client_15798@domain.com,2009-12-01
12610,Direct Mail & Wholesale,United Kingdom,Metropolis,Customer,#12610,client_12610@domain.com,2009-12-01
13273,Direct Mail & Wholesale,United Kingdom,Metropolis,Customer,#13273,client_13273@domain.com,2009-12-01
14944,Direct Mail & Wholesale,United Kingdom,Metropolis,Customer,#14944,client_14944@domain.com,2009-12-01
16820,Direct Mail & Wholesale,Germany,Metropolis,Customer,#16820,client_16820@domain.com,2009-12-01
17816,Direct Mail & Wholesale,United Kingdom,Metropolis,Customer,#17816,client_17816@domain.com,2009-12-01
15405,Direct Mail & Wholesale,United Kingdom,Metropolis,Customer,#15405,client_15405@domain.com,2009-12-01
17184,Direct Mail & Wholesale,United Kingdom,Metropolis,Customer,#17184,client_17184@domain.com,2009-12-01
15034,Direct Mail & Wholesale,United Kingdom,Metropolis,Customer,#15034,client_15034@domain.com,2009-12-01
15093,Direct Mail & Wholesale,United Kingdom,Metropolis,Customer,#15093,client_15093@domain.com,2009-12-01
14918,Direct Mail & Wholesale,United Kingdom,Metropolis,Customer,#14918,client_14918@domain.com,2009-12-01
13404,Direct Mail & Wholesale,United Kingdom,Metropolis,Customer,#13404,client_13404@domain.com,2009-12-01
15540,Direct Mail & Wholesale,United Kingdom,Metropolis,Customer,#15540,client_15540@domain.com,2009-12-01
17303,Direct Mail & Wholesale,Germany,Metropolis,Customer,#17303,client_17303@domain.com,2009-12-01
12951,Direct Mail & Wholesale,United Kingdom,Metropolis,Customer,#12951,client_12951@domain.com,2009-12-01
15221,Direct Mail & Wholesale,United Kingdom,Metropolis,Customer,#15221,client_15221@domain.com,2009-12-01
16390,Direct Mail & Wholesale,United Kingdom,Metropolis,Customer,#16390,client_16390@domain.com,2009-12-01
17175,Direct Mail & Wholesale,United Kingdom,Metropolis,Customer,#17175,client_17175@domain.com,2009-12-01
17697,Direct Mail & Wholesale,United Kingdom,Metropolis,Customer,#17697,client_17697@domain.com,2009-12-01
16960,Direct Mail & Wholesale,United Kingdom,Metropolis,Customer,#16960,client_16960@domain.com,2009-12-01
12885,Direct Mail & Wholesale,United Kingdom,Metropolis,Customer,#12885,client_12885@domain.com,2009-12-01
14310,Direct Mail & Wholesale,United Kingdom,Metropolis,Customer,#14310,client_14310@domain.com,2009-12-01
16979,Direct Mail & Wholesale,United Kingdom,Metropolis,Customer,#16979,client_16979@domain.com,2009-12-01
18222,Direct Mail & Wholesale,Germany,Metropolis,Customer,#18222,client_18222@domain.com,2009-12-01
16463,Direct Mail & Wholesale,United Kingdom,Metropolis,Customer,#16463,client_16463@domain.com,2009-12-01
13815,Direct Mail & Wholesale,United Kingdom,Metropolis,Customer,#13815,client_13815@domain.com,2009-12-01
16010,Direct Mail & Wholesale,United Kingdom,Metropolis,Customer,#16010,client_16010@domain.com,2009-12-01
17072,Direct Mail & Wholesale,United Kingdom,Metropolis,Customer,#17072,client_17072@domain.com,2009-12-01
16542,Direct Mail & Wholesale,United Kingdom,Metropolis,Customer,#16542,client_16542@domain.com,2009-12-01
12424,Direct Mail & Wholesale,United Kingdom,Metropolis,Customer,#12424,client_12424@domain.com,2009-12-01
17563,Direct Mail & Wholesale,United Kingdom,Metropolis,Customer,#17563,client_17563@domain.com,2009-12-01
17021,Direct Mail & Wholesale,United Kingdom,Metropolis,Customer,#17021,client_17021@domain.com,2009-12-01
17262,Direct Mail & Wholesale,United Kingdom,Metropolis,Customer,#17262,client_17262@domain.com,2009-12-01
13838,Direct Mail & Wholesale,United Kingdom,Metropolis,Customer,#13838,client_13838@domain.com,2009-12-01
13966,Direct Mail & Wholesale,United Kingdom,Metropolis,Customer,#13966,client_13966@domain.com,2009-12-01
17040,Direct Mail & Wholesale,United Kingdom,Metropolis,Customer,#17040,client_17040@domain.com,2009-12-01
15649,Direct Mail & Wholesale,United Kingdom,Metropolis,Customer,#15649,client_15649@domain.com,2009-12-01
16677,Direct Mail & Wholesale,Australia,Metropolis,Customer,#16677,client_16677@domain.com,2009-12-01
17602,Direct Mail & Wholesale,France,Metropolis,Customer,#17602,client_17602@domain.com,2009-12-01
13514,Direct Mail & Wholesale,United Kingdom,Metropolis,Customer,#13514,client_13514@domain.com,2009-12-01
16812,Direct Mail & Wholesale,United Kingdom,Metropolis,Customer,#16812,client_16812@domain.com,2009-12-01
17603,Direct Mail & Wholesale,United Kingdom,Metropolis,Customer,#17603,client_17603@domain.com,2009-12-01
14786,Direct Mail & Wholesale,United Kingdom,Metropolis,Customer,#14786,client_14786@domain.com,2009-12-01
15629,Direct Mail & Wholesale,United Kingdom,Metropolis,Customer,#15629,client_15629@domain.com,2009-12-01
13167,Direct Mail & Wholesale,United Kingdom,Metropolis,Customer,#13167,client_13167@domain.com,2009-12-01
17182,Direct Mail & Wholesale,United Kingdom,Metropolis,Customer,#17182,client_17182@domain.com,2009-12-01
12801,Direct Mail & Wholesale,United Kingdom,Metropolis,Customer,#12801,client_12801@domain.com,2009-12-01
14806,Direct Mail & Wholesale,France,Metropolis,Customer,#14806,client_14806@domain.com,2009-12-01
15262,Direct Mail & Wholesale,United Kingdom,Metropolis,Customer,#15262,client_15262@domain.com,2009-12-01
12617,Direct Mail & Wholesale,United Kingdom,Metropolis,Customer,#12617,client_12617@domain.com,2009-12-01
17003,Direct Mail & Wholesale,United Kingdom,Metropolis,Customer,#17003,client_17003@domain.com,2009-12-01
15466,Direct Mail & Wholesale,United Kingdom,Metropolis,Customer,#15466,client_15466@domain.com,2009-12-01
14646,Direct Mail & Wholesale,United Kingdom,Metropolis,Customer,#14646,client_14646@domain.com,2009-12-01
13504,Direct Mail & Wholesale,United Kingdom,Metropolis,Customer,#13504,client_13504@domain.com,2009-12-01
16468,Direct Mail & Wholesale,United Kingdom,Metropolis,Customer,#16468,client_16468@domain.com,2009-12-01
12585,Direct Mail & Wholesale,Germany,Metropolis,Customer,#12585,client_12585@domain.com,2009-12-01
16200,Direct Mail & Wholesale,Spain,Metropolis,Customer,#16200,client_16200@domain.com,2009-12-01
13996,Direct Mail & Wholesale,United Kingdom,Metropolis,Customer,#13996,client_13996@domain.com,2009-12-01
16927,Direct Mail & Wholesale,United Kingdom,Metropolis,Customer,#16927,client_16927@domain.com,2009-12-01
17539,Direct Mail & Wholesale,United Kingdom,Metropolis,Customer,#17539,client_17539@domain.com,2009-12-01
17693,Direct Mail & Wholesale,Australia,Metropolis,Customer,#17693,client_17693@domain.com,2009-12-01
17577,Direct Mail & Wholesale,United Kingdom,Metropolis,Customer,#17577,client_17577@domain.com,2009-12-01
13491,Direct Mail & Wholesale,United Kingdom,Metropolis,Customer,#13491,client_13491@domain.com,2009-12-01
13083,Direct Mail & Wholesale,United Kingdom,Metropolis,Customer,#13083,client_13083@domain.com,2009-12-01
13216,Direct Mail & Wholesale,Spain,Metropolis,Customer,#13216,client_13216@domain.com,2009-12-01
15756,Direct Mail & Wholesale,United Kingdom,Metropolis,Customer,#15756,client_15756@domain.com,2009-12-01
15217,Direct Mail & Wholesale,United Kingdom,Metropolis,Customer,#15217,client_15217@domain.com,2009-12-01
13292,Direct Mail & Wholesale,United Kingdom,Metropolis,Customer,#13292,client_13292@domain.com,2009-12-01
13627,Direct Mail & Wholesale,United Kingdom,Metropolis,Customer,#13627,client_13627@domain.com,2009-12-01
13561,Direct Mail & Wholesale,United Kingdom,Metropolis,Customer,#13561,client_13561@domain.com,2009-12-01
18164,Direct Mail & Wholesale,United Kingdom,Metropolis,Customer,#18164,client_18164@domain.com,2009-12-01
14817,Direct Mail & Wholesale,United Kingdom,Metropolis,Customer,#14817,client_14817@domain.com,2009-12-01
15842,Direct Mail & Wholesale,EIRE,Metropolis,Customer,#15842,client_15842@domain.com,2009-12-01
12509,Direct Mail & Wholesale,United Kingdom,Metropolis,Customer,#12509,client_12509@domain.com,2009-12-01
16998,Direct Mail & Wholesale,United Kingdom,Metropolis,Customer,#16998,client_16998@domain.com,2009-12-01
17682,Direct Mail & Wholesale,United Kingdom,Metropolis,Customer,#17682,client_17682@domain.com,2009-12-01
17436,Direct Mail & Wholesale,United Kingdom,Metropolis,Customer,#17436,client_17436@domain.com,2009-12-01
17033,Direct Mail & Wholesale,United Kingdom,Metropolis,Customer,#17033,client_17033@domain.com,2009-12-01
13697,Direct Mail & Wholesale,United Kingdom,Metropolis,Customer,#13697,client_13697@domain.com,2009-12-01
12369,Direct Mail & Wholesale,United Kingdom,Metropolis,Customer,#12369,client_12369@domain.com,2009-12-01
14886,Direct Mail & Wholesale,United Kingdom,Metropolis,Customer,#14886,client_14886@domain.com,2009-12-01
16085,Direct Mail & Wholesale,United Kingdom,Metropolis,Customer,#16085,client_16085@domain.com,2009-12-01
16702,Direct Mail & Wholesale,France,Metropolis,Customer,#16702,client_16702@domain.com,2009-12-01
13723,Direct Mail & Wholesale,United Kingdom,Metropolis,Customer,#13723,client_13723@domain.com,2009-12-01
16610,Direct Mail & Wholesale,United Kingdom,Metropolis,Customer,#16610,client_16610@domain.com,2009-12-01
13102,Direct Mail & Wholesale,United Kingdom,Metropolis,Customer,#13102,client_13102@domain.com,2009-12-01
14417,Direct Mail & Wholesale,United Kingdom,Metropolis,Customer,#14417,client_14417@domain.com,2009-12-01
17223,Direct Mail & Wholesale,United Kingdom,Metropolis,Customer,#17223,client_17223@domain.com,2009-12-01
13261,Direct Mail & Wholesale,United Kingdom,Metropolis,Customer,#13261,client_13261@domain.com,2009-12-01
16624,Direct Mail & Wholesale,Germany,Metropolis,Customer,#16624,client_16624@domain.com,2009-12-01
12517,Direct Mail & Wholesale,Germany,Metropolis,Customer,#12517,client_12517@domain.com,2009-12-01
12844,Direct Mail & Wholesale,United Kingdom,Metropolis,Customer,#12844,client_12844@domain.com,2009-12-01
12926,Direct Mail & Wholesale,United Kingdom,Metropolis,Customer,#12926,client_12926@domain.com,2009-12-01
12480,Direct Mail & Wholesale,EIRE,Metropolis,Customer,#12480,client_12480@domain.com,2009-12-01
14541,Direct Mail & Wholesale,United Kingdom,Metropolis,Customer,#14541,client_14541@domain.com,2009-12-01
14601,Direct Mail & Wholesale,United Kingdom,Metropolis,Customer,#14601,client_14601@domain.com,2009-12-01
14664,Direct Mail & Wholesale,United Kingdom,Metropolis,Customer,#14664,client_14664@domain.com,2009-12-01
14221,Direct Mail & Wholesale,United Kingdom,Metropolis,Customer,#14221,client_14221@domain.com,2009-12-01
18043,Direct Mail & Wholesale,United Kingdom,Metropolis,Customer,#18043,client_18043@domain.com,2009-12-01
14793,Direct Mail & Wholesale,Switzerland,Metropolis,Customer,#14793,client_14793@domain.com,2009-12-01
14173,Direct Mail & Wholesale,United Kingdom,Metropolis,Customer,#14173,client_14173@domain.com,2009-12-01
17015,Direct Mail & Wholesale,Germany,Metropolis,Customer,#17015,client_17015@domain.com,2009-12-01
16202,Direct Mail & Wholesale,United Kingdom,Metropolis,Customer,#16202,client_16202@domain.com,2009-12-01
17976,Direct Mail & Wholesale,United Kingdom,Metropolis,Customer,#17976,client_17976@domain.com,2009-12-01
15097,Direct Mail & Wholesale,Spain,Metropolis,Customer,#15097,client_15097@domain.com,2009-12-01
17346,Direct Mail & Wholesale,United Kingdom,Metropolis,Customer,#17346,client_17346@domain.com,2009-12-01
14246,Direct Mail & Wholesale,EIRE,Metropolis,Customer,#14246,client_14246@domain.com,2009-12-01
14358,Direct Mail & Wholesale,United Kingdom,Metropolis,Customer,#14358,client_14358@domain.com,2009-12-01
15890,Direct Mail & Wholesale,United Kingdom,Metropolis,Customer,#15890,client_15890@domain.com,2009-12-01
16121,Direct Mail & Wholesale,United Kingdom,Metropolis,Customer,#16121,client_16121@domain.com,2009-12-01
17476,Direct Mail & Wholesale,Belgium,Metropolis,Customer,#17476,client_17476@domain.com,2009-12-01
15368,Direct Mail & Wholesale,Portugal,Metropolis,Customer,#15368,client_15368@domain.com,2009-12-01
15384,Direct Mail & Wholesale,France,Metropolis,Customer,#15384,client_15384@domain.com,2009-12-01
14343,Direct Mail & Wholesale,United Kingdom,Metropolis,Customer,#14343,client_14343@domain.com,2009-12-01
15875,Direct Mail & Wholesale,United Kingdom,Metropolis,Customer,#15875,client_15875@domain.com,2009-12-01
14104,Direct Mail & Wholesale,United Kingdom,Metropolis,Customer,#14104,client_14104@domain.com,2009-12-01
15410,Direct Mail & Wholesale,United Kingdom,Metropolis,Customer,#15410,client_15410@domain.com,2009-12-01
12832,Direct Mail & Wholesale,United Kingdom,Metropolis,Customer,#12832,client_12832@domain.com,2009-12-01
13957,Direct Mail & Wholesale,France,Metropolis,Customer,#13957,client_13957@domain.com,2009-12-01
17926,Direct Mail & Wholesale,United Kingdom,Metropolis,Customer,#17926,client_17926@domain.com,2009-12-01
16573,Direct Mail & Wholesale,United Kingdom,Metropolis,Customer,#16573,client_16573@domain.com,2009-12-01
16212,Direct Mail & Wholesale,France,Metropolis,Customer,#16212,client_16212@domain.com,2009-12-01
15233,Direct Mail & Wholesale,United Kingdom,Metropolis,Customer,#15233,client_15233@domain.com,2009-12-01
16164,Direct Mail & Wholesale,United Kingdom,Metropolis,Customer,#16164,client_16164@domain.com,2009-12-01
18208,Direct Mail & Wholesale,United Kingdom,Metropolis,Customer,#18208,client_18208@domain.com,2009-12-01
17098,Direct Mail & Wholesale,United Kingdom,Metropolis,Customer,#17098,client_17098@domain.com,2009-12-01
15834,Direct Mail & Wholesale,United Kingdom,Metropolis,Customer,#15834,client_15834@domain.com,2009-12-01
16852,Direct Mail & Wholesale,United Kingdom,Metropolis,Customer,#16852,client_16852@domain.com,2009-12-01
14426,Direct Mail & Wholesale,United Kingdom,Metropolis,Customer,#14426,client_14426@domain.com,2009-12-01
17313,Direct Mail & Wholesale,United Kingdom,Metropolis,Customer,#17313,client_17313@domain.com,2009-12-01
15625,Direct Mail & Wholesale,United Kingdom,Metropolis,Customer,#15625,client_15625@domain.com,2009-12-01
13387,Direct Mail & Wholesale,United Kingdom,Metropolis,Customer,#13387,client_13387@domain.com,2009-12-01
14872,Direct Mail & Wholesale,France,Metropolis,Customer,#14872,client_14872@domain.com,2009-12-01
17065,Direct Mail & Wholesale,United Kingdom,Metropolis,Customer,#17065,client_17065@domain.com,2009-12-01
13041,Direct Mail & Wholesale,EIRE,Metropolis,Customer,#13041,client_13041@domain.com,2009-12-01
16827,Direct Mail & Wholesale,United Kingdom,Metropolis,Customer,#16827,client_16827@domain.com,2009-12-01
14721,Direct Mail & Wholesale,United Kingdom,Metropolis,Customer,#14721,client_14721@domain.com,2009-12-01
15620,Direct Mail & Wholesale,United Kingdom,Metropolis,Customer,#15620,client_15620@domain.com,2009-12-01
13239,Direct Mail & Wholesale,United Kingdom,Metropolis,Customer,#13239,client_13239@domain.com,2009-12-01
14131,Direct Mail & Wholesale,United Kingdom,Metropolis,Customer,#14131,client_14131@domain.com,2009-12-01
16141,Direct Mail & Wholesale,United Kingdom,Metropolis,Customer,#16141,client_16141@domain.com,2009-12-01
16481,Direct Mail & Wholesale,United Kingdom,Metropolis,Customer,#16481,client_16481@domain.com,2009-12-01
17875,Direct Mail & Wholesale,United Kingdom,Metropolis,Customer,#17875,client_17875@domain.com,2009-12-01
16441,Direct Mail & Wholesale,Spain,Metropolis,Customer,#16441,client_16441@domain.com,2009-12-01
13175,Direct Mail & Wholesale,United Kingdom,Metropolis,Customer,#13175,client_13175@domain.com,2009-12-01
16509,Direct Mail & Wholesale,United Kingdom,Metropolis,Customer,#16509,client_16509@domain.com,2009-12-01
14494,Direct Mail & Wholesale,United Kingdom,Metropolis,Customer,#14494,client_14494@domain.com,2009-12-01
15928,Direct Mail & Wholesale,United Kingdom,Metropolis,Customer,#15928,client_15928@domain.com,2009-12-01
18262,Direct Mail & Wholesale,United Kingdom,Metropolis,Customer,#18262,client_18262@domain.com,2009-12-01
12624,Direct Mail & Wholesale,Germany,Metropolis,Customer,#12624,client_12624@domain.com,2009-12-01
12562,Direct Mail & Wholesale,United Kingdom,Metropolis,Customer,#12562,client_12562@domain.com,2009-12-01
15304,Direct Mail & Wholesale,United Kingdom,Metropolis,Customer,#15304,client_15304@domain.com,2009-12-01
14273,Direct Mail & Wholesale,United Kingdom,Metropolis,Customer,#14273,client_14273@domain.com,2009-12-01
13123,Direct Mail & Wholesale,United Kingdom,Metropolis,Customer,#13123,client_13123@domain.com,2009-12-01
13179,Direct Mail & Wholesale,United Kingdom,Metropolis,Customer,#13179,client_13179@domain.com,2009-12-01
15799,Direct Mail & Wholesale,United Kingdom,Metropolis,Customer,#15799,client_15799@domain.com,2009-12-01
13599,Direct Mail & Wholesale,United Kingdom,Metropolis,Customer,#13599,client_13599@domain.com,2009-12-01
12986,Direct Mail & Wholesale,United Kingdom,Metropolis,Customer,#12986,client_12986@domain.com,2009-12-01
16938,Direct Mail & Wholesale,United Kingdom,Metropolis,Customer,#16938,client_16938@domain.com,2009-12-01
16080,Direct Mail & Wholesale,United Kingdom,Metropolis,Customer,#16080,client_16080@domain.com,2009-12-01
17565,Direct Mail & Wholesale,United Kingdom,Metropolis,Customer,#17565,client_17565@domain.com,2009-12-01
12778,Direct Mail & Wholesale,United Kingdom,Metropolis,Customer,#12778,client_12778@domain.com,2009-12-01
17723,Direct Mail & Wholesale,United Kingdom,Metropolis,Customer,#17723,client_17723@domain.com,2009-12-01
16996,Direct Mail & Wholesale,United Kingdom,Metropolis,Customer,#16996,client_16996@domain.com,2009-12-01
12727,Direct Mail & Wholesale,United Kingdom,Metropolis,Customer,#12727,client_12727@domain.com,2009-12-01
18188,Direct Mail & Wholesale,United Kingdom,Metropolis,Customer,#18188,client_18188@domain.com,2009-12-01
12351,Direct Mail & Wholesale,United Kingdom,Metropolis,Customer,#12351,client_12351@domain.com,2009-12-01
17906,Direct Mail & Wholesale,United Kingdom,Metropolis,Customer,#17906,client_17906@domain.com,2009-12-01
14924,Direct Mail & Wholesale,United Kingdom,Metropolis,Customer,#14924,client_14924@domain.com,2009-12-01
14599,Direct Mail & Wholesale,Netherlands,Metropolis,Customer,#14599,client_14599@domain.com,2009-12-01
13974,Direct Mail & Wholesale,United Kingdom,Metropolis,Customer,#13974,client_13974@domain.com,2009-12-01
13088,Direct Mail & Wholesale,Spain,Metropolis,Customer,#13088,client_13088@domain.com,2009-12-01
18170,Direct Mail & Wholesale,United Kingdom,Metropolis,Customer,#18170,client_18170@domain.com,2009-12-01
13013,Direct Mail & Wholesale,United Kingdom,Metropolis,Customer,#13013,client_13013@domain.com,2009-12-01
17199,Direct Mail & Wholesale,United Kingdom,Metropolis,Customer,#17199,client_17199@domain.com,2009-12-01
17955,Direct Mail & Wholesale,United Kingdom,Metropolis,Customer,#17955,client_17955@domain.com,2009-12-01
14220,Direct Mail & Wholesale,United Kingdom,Metropolis,Customer,#14220,client_14220@domain.com,2009-12-01
15998,Direct Mail & Wholesale,EIRE,Metropolis,Customer,#15998,client_15998@domain.com,2009-12-01
16754,Direct Mail & Wholesale,United Kingdom,Metropolis,Customer,#16754,client_16754@domain.com,2009-12-01
17818,Direct Mail & Wholesale,United Kingdom,Metropolis,Customer,#17818,client_17818@domain.com,2009-12-01
15641,Direct Mail & Wholesale,Netherlands,Metropolis,Customer,#15641,client_15641@domain.com,2009-12-01
16434,Direct Mail & Wholesale,United Kingdom,Metropolis,Customer,#16434,client_16434@domain.com,2009-12-01
13008,Direct Mail & Wholesale,United Kingdom,Metropolis,Customer,#13008,client_13008@domain.com,2009-12-01
17743,Direct Mail & Wholesale,United Kingdom,Metropolis,Customer,#17743,client_17743@domain.com,2009-12-01
16764,Direct Mail & Wholesale,United Kingdom,Metropolis,Customer,#16764,client_16764@domain.com,2009-12-01
12447,Direct Mail & Wholesale,United Kingdom,Metropolis,Customer,#12447,client_12447@domain.com,2009-12-01
13304,Direct Mail & Wholesale,United Kingdom,Metropolis,Customer,#13304,client_13304@domain.com,2009-12-01
14801,Direct Mail & Wholesale,United Kingdom,Metropolis,Customer,#14801,client_14801@domain.com,2009-12-01
17035,Direct Mail & Wholesale,France,Metropolis,Customer,#17035,client_17035@domain.com,2009-12-01
13924,Direct Mail & Wholesale,United Kingdom,Metropolis,Customer,#13924,client_13924@domain.com,2009-12-01
12589,Direct Mail & Wholesale,Germany,Metropolis,Customer,#12589,client_12589@domain.com,2009-12-01
13294,Direct Mail & Wholesale,Belgium,Metropolis,Customer,#13294,client_13294@domain.com,2009-12-01
16763,Direct Mail & Wholesale,United Kingdom,Metropolis,Customer,#16763,client_16763@domain.com,2009-12-01
12444,Direct Mail & Wholesale,Germany,Metropolis,Customer,#12444,client_12444@domain.com,2009-12-01
14130,Direct Mail & Wholesale,France,Metropolis,Customer,#14130,client_14130@domain.com,2009-12-01
13349,Direct Mail & Wholesale,United Kingdom,Metropolis,Customer,#13349,client_13349@domain.com,2009-12-01
17763,Direct Mail & Wholesale,United Kingdom,Metropolis,Customer,#17763,client_17763@domain.com,2009-12-01
13056,Direct Mail & Wholesale,EIRE,Metropolis,Customer,#13056,client_13056@domain.com,2009-12-01
18144,Direct Mail & Wholesale,Belgium,Metropolis,Customer,#18144,client_18144@domain.com,2009-12-01
17277,Direct Mail & Wholesale,United Kingdom,Metropolis,Customer,#17277,client_17277@domain.com,2009-12-01
15901,Direct Mail & Wholesale,United Kingdom,Metropolis,Customer,#15901,client_15901@domain.com,2009-12-01
13307,Direct Mail & Wholesale,United Kingdom,Metropolis,Customer,#13307,client_13307@domain.com,2009-12-01
12672,Direct Mail & Wholesale,United Kingdom,Metropolis,Customer,#12672,client_12672@domain.com,2009-12-01
16990,Direct Mail & Wholesale,United Kingdom,Metropolis,Customer,#16990,client_16990@domain.com,2009-12-01
12657,Direct Mail & Wholesale,United Kingdom,Metropolis,Customer,#12657,client_12657@domain.com,2009-12-01
15360,Direct Mail & Wholesale,United Kingdom,Metropolis,Customer,#15360,client_15360@domain.com,2009-12-01
16640,Direct Mail & Wholesale,United Kingdom,Metropolis,Customer,#16640,client_16640@domain.com,2009-12-01
17890,Direct Mail & Wholesale,United Kingdom,Metropolis,Customer,#17890,client_17890@domain.com,2009-12-01
16179,Direct Mail & Wholesale,United Kingdom,Metropolis,Customer,#16179,client_16179@domain.com,2009-12-01
15414,Direct Mail & Wholesale,United Kingdom,Metropolis,Customer,#15414,client_15414@domain.com,2009-12-01
16700,Direct Mail & Wholesale,United Kingdom,Metropolis,Customer,#16700,client_16700@domain.com,2009-12-01
17376,Direct Mail & Wholesale,United Kingdom,Metropolis,Customer,#17376,client_17376@domain.com,2009-12-01
13840,Direct Mail & Wholesale,United Kingdom,Metropolis,Customer,#13840,client_13840@domain.com,2009-12-01
14232,Direct Mail & Wholesale,United Kingdom,Metropolis,Customer,#14232,client_14232@domain.com,2009-12-01
15366,Direct Mail & Wholesale,United Kingdom,Metropolis,Customer,#15366,client_15366@domain.com,2009-12-01
13471,Direct Mail & Wholesale,United Kingdom,Metropolis,Customer,#13471,client_13471@domain.com,2009-12-01
14961,Direct Mail & Wholesale,United Kingdom,Metropolis,Customer,#14961,client_14961@domain.com,2009-12-01
15800,Direct Mail & Wholesale,United Kingdom,Metropolis,Customer,#15800,client_15800@domain.com,2009-12-01
13577,Direct Mail & Wholesale,United Kingdom,Metropolis,Customer,#13577,client_13577@domain.com,2009-12-01
14383,Direct Mail & Wholesale,United Kingdom,Metropolis,Customer,#14383,client_14383@domain.com,2009-12-01
17063,Direct Mail & Wholesale,United Kingdom,Metropolis,Customer,#17063,client_17063@domain.com,2009-12-01
15086,Direct Mail & Wholesale,United Kingdom,Metropolis,Customer,#15086,client_15086@domain.com,2009-12-01
12613,Direct Mail & Wholesale,United Kingdom,Metropolis,Customer,#12613,client_12613@domain.com,2009-12-01
15184,Direct Mail & Wholesale,United Kingdom,Metropolis,Customer,#15184,client_15184@domain.com,2009-12-01
17642,Direct Mail & Wholesale,Spain,Metropolis,Customer,#17642,client_17642@domain.com,2009-12-01
12871,Direct Mail & Wholesale,France,Metropolis,Customer,#12871,client_12871@domain.com,2009-12-01
14172,Direct Mail & Wholesale,United Kingdom,Metropolis,Customer,#14172,client_14172@domain.com,2009-12-01
14749,Direct Mail & Wholesale,United Kingdom,Metropolis,Customer,#14749,client_14749@domain.com,2009-12-01
15214,Direct Mail & Wholesale,United Kingdom,Metropolis,Customer,#15214,client_15214@domain.com,2009-12-01
15357,Direct Mail & Wholesale,United Kingdom,Metropolis,Customer,#15357,client_15357@domain.com,2009-12-01
18019,Direct Mail & Wholesale,United Kingdom,Metropolis,Customer,#18019,client_18019@domain.com,2009-12-01
17542,Direct Mail & Wholesale,United Kingdom,Metropolis,Customer,#17542,client_17542@domain.com,2009-12-01
18050,Direct Mail & Wholesale,Spain,Metropolis,Customer,#18050,client_18050@domain.com,2009-12-01
15367,Direct Mail & Wholesale,United Kingdom,Metropolis,Customer,#15367,client_15367@domain.com,2009-12-01
12438,Direct Mail & Wholesale,United Kingdom,Metropolis,Customer,#12438,client_12438@domain.com,2009-12-01
15779,Direct Mail & Wholesale,United Kingdom,Metropolis,Customer,#15779,client_15779@domain.com,2009-12-01
14229,Direct Mail & Wholesale,Germany,Metropolis,Customer,#14229,client_14229@domain.com,2009-12-01
17353,Direct Mail & Wholesale,United Kingdom,Metropolis,Customer,#17353,client_17353@domain.com,2009-12-01
15178,Direct Mail & Wholesale,United Kingdom,Metropolis,Customer,#15178,client_15178@domain.com,2009-12-01
15168,Direct Mail & Wholesale,United Kingdom,Metropolis,Customer,#15168,client_15168@domain.com,2009-12-01
15216,Direct Mail & Wholesale,United Kingdom,Metropolis,Customer,#15216,client_15216@domain.com,2009-12-01
12810,Direct Mail & Wholesale,France,Metropolis,Customer,#12810,client_12810@domain.com,2009-12-01
13695,Direct Mail & Wholesale,EIRE,Metropolis,Customer,#13695,client_13695@domain.com,2009-12-01
12932,Direct Mail & Wholesale,United Kingdom,Metropolis,Customer,#12932,client_12932@domain.com,2009-12-01
15434,Direct Mail & Wholesale,Australia,Metropolis,Customer,#15434,client_15434@domain.com,2009-12-01
13028,Direct Mail & Wholesale,United Kingdom,Metropolis,Customer,#13028,client_13028@domain.com,2009-12-01
13711,Direct Mail & Wholesale,Spain,Metropolis,Customer,#13711,client_13711@domain.com,2009-12-01
12415,Direct Mail & Wholesale,United Kingdom,Metropolis,Customer,#12415,client_12415@domain.com,2009-12-01
15296,Direct Mail & Wholesale,Germany,Metropolis,Customer,#15296,client_15296@domain.com,2009-12-01
14054,Direct Mail & Wholesale,United Kingdom,Metropolis,Customer,#14054,client_14054@domain.com,2009-12-01
17626,Direct Mail & Wholesale,United Kingdom,Metropolis,Customer,#17626,client_17626@domain.com,2009-12-01
14315,Direct Mail & Wholesale,Netherlands,Metropolis,Customer,#14315,client_14315@domain.com,2009-12-01
14542,Direct Mail & Wholesale,United Kingdom,Metropolis,Customer,#14542,client_14542@domain.com,2009-12-01
14096,Direct Mail & Wholesale,United Kingdom,Metropolis,Customer,#14096,client_14096@domain.com,2009-12-01
13141,Direct Mail & Wholesale,United Kingdom,Metropolis,Customer,#13141,client_13141@domain.com,2009-12-01
17249,Direct Mail & Wholesale,United Kingdom,Metropolis,Customer,#17249,client_17249@domain.com,2009-12-01
17595,Direct Mail & Wholesale,United Kingdom,Metropolis,Customer,#17595,client_17595@domain.com,2009-12-01
16252,Direct Mail & Wholesale,United Kingdom,Metropolis,Customer,#16252,client_16252@domain.com,2009-12-01
17375,Direct Mail & Wholesale,France,Metropolis,Customer,#17375,client_17375@domain.com,2009-12-01
15161,Direct Mail & Wholesale,United Kingdom,Metropolis,Customer,#15161,client_15161@domain.com,2009-12-01
14805,Direct Mail & Wholesale,United Kingdom,Metropolis,Customer,#14805,client_14805@domain.com,2009-12-01
18112,Direct Mail & Wholesale,United Kingdom,Metropolis,Customer,#18112,client_18112@domain.com,2009-12-01
13905,Direct Mail & Wholesale,United Kingdom,Metropolis,Customer,#13905,client_13905@domain.com,2009-12-01
16779,Direct Mail & Wholesale,United Kingdom,Metropolis,Customer,#16779,client_16779@domain.com,2009-12-01
14107,Direct Mail & Wholesale,United Kingdom,Metropolis,Customer,#14107,client_14107@domain.com,2009-12-01
15504,Direct Mail & Wholesale,United Kingdom,Metropolis,Customer,#15504,client_15504@domain.com,2009-12-01
13533,Direct Mail & Wholesale,United Kingdom,Metropolis,Customer,#13533,client_13533@domain.com,2009-12-01
16898,Direct Mail & Wholesale,United Kingdom,Metropolis,Customer,#16898,client_16898@domain.com,2009-12-01
14420,Direct Mail & Wholesale,United Kingdom,Metropolis,Customer,#14420,client_14420@domain.com,2009-12-01
15389,Direct Mail & Wholesale,United Kingdom,Metropolis,Customer,#15389,client_15389@domain.com,2009-12-01
13652,Direct Mail & Wholesale,United Kingdom,Metropolis,Customer,#13652,client_13652@domain.com,2009-12-01
13655,Direct Mail & Wholesale,Germany,Metropolis,Customer,#13655,client_13655@domain.com,2009-12-01
17432,Direct Mail & Wholesale,United Kingdom,Metropolis,Customer,#17432,client_17432@domain.com,2009-12-01
13131,Direct Mail & Wholesale,United Kingdom,Metropolis,Customer,#13131,client_13131@domain.com,2009-12-01
14643,Direct Mail & Wholesale,EIRE,Metropolis,Customer,#14643,client_14643@domain.com,2009-12-01
16075,Direct Mail & Wholesale,United Kingdom,Metropolis,Customer,#16075,client_16075@domain.com,2009-12-01
17559,Direct Mail & Wholesale,United Kingdom,Metropolis,Customer,#17559,client_17559@domain.com,2009-12-01
16563,Direct Mail & Wholesale,United Kingdom,Metropolis,Customer,#16563,client_16563@domain.com,2009-12-01
15050,Direct Mail & Wholesale,United Kingdom,Metropolis,Customer,#15050,client_15050@domain.com,2009-12-01
14380,Direct Mail & Wholesale,United Kingdom,Metropolis,Customer,#14380,client_14380@domain.com,2009-12-01
12540,Direct Mail & Wholesale,United Kingdom,Metropolis,Customer,#12540,client_12540@domain.com,2009-12-01
18241,Direct Mail & Wholesale,France,Metropolis,Customer,#18241,client_18241@domain.com,2009-12-01
15205,Direct Mail & Wholesale,United Kingdom,Metropolis,Customer,#15205,client_15205@domain.com,2009-12-01
15060,Direct Mail & Wholesale,United Kingdom,Metropolis,Customer,#15060,client_15060@domain.com,2009-12-01
13456,Direct Mail & Wholesale,United Kingdom,Metropolis,Customer,#13456,client_13456@domain.com,2009-12-01
17865,Direct Mail & Wholesale,United Kingdom,Metropolis,Customer,#17865,client_17865@domain.com,2009-12-01
15665,Direct Mail & Wholesale,United Kingdom,Metropolis,Customer,#15665,client_15665@domain.com,2009-12-01
13044,Direct Mail & Wholesale,Germany,Metropolis,Customer,#13044,client_13044@domain.com,2009-12-01
14667,Direct Mail & Wholesale,United Kingdom,Metropolis,Customer,#14667,client_14667@domain.com,2009-12-01
14767,Direct Mail & Wholesale,France,Metropolis,Customer,#14767,client_14767@domain.com,2009-12-01
15257,Direct Mail & Wholesale,United Kingdom,Metropolis,Customer,#15257,client_15257@domain.com,2009-12-01
16316,Direct Mail & Wholesale,United Kingdom,Metropolis,Customer,#16316,client_16316@domain.com,2009-12-01
17996,Direct Mail & Wholesale,EIRE,Metropolis,Customer,#17996,client_17996@domain.com,2009-12-01
15974,Direct Mail & Wholesale,Germany,Metropolis,Customer,#15974,client_15974@domain.com,2009-12-01
16834,Direct Mail & Wholesale,EIRE,Metropolis,Customer,#16834,client_16834@domain.com,2009-12-01
13562,Direct Mail & Wholesale,United Kingdom,Metropolis,Customer,#13562,client_13562@domain.com,2009-12-01
17573,Direct Mail & Wholesale,United Kingdom,Metropolis,Customer,#17573,client_17573@domain.com,2009-12-01
15371,Direct Mail & Wholesale,United Kingdom,Metropolis,Customer,#15371,client_15371@domain.com,2009-12-01
18147,Direct Mail & Wholesale,United Kingdom,Metropolis,Customer,#18147,client_18147@domain.com,2009-12-01
13821,Direct Mail & Wholesale,United Kingdom,Metropolis,Customer,#13821,client_13821@domain.com,2009-12-01
16126,Direct Mail & Wholesale,United Kingdom,Metropolis,Customer,#16126,client_16126@domain.com,2009-12-01
17722,Direct Mail & Wholesale,United Kingdom,Metropolis,Customer,#17722,client_17722@domain.com,2009-12-01
18114,Direct Mail & Wholesale,Germany,Metropolis,Customer,#18114,client_18114@domain.com,2009-12-01
17983,Direct Mail & Wholesale,France,Metropolis,Customer,#17983,client_17983@domain.com,2009-12-01
14714,Direct Mail & Wholesale,United Kingdom,Metropolis,Customer,#14714,client_14714@domain.com,2009-12-01
15420,Direct Mail & Wholesale,United Kingdom,Metropolis,Customer,#15420,client_15420@domain.com,2009-12-01
17915,Direct Mail & Wholesale,United Kingdom,Metropolis,Customer,#17915,client_17915@domain.com,2009-12-01
15247,Direct Mail & Wholesale,United Kingdom,Metropolis,Customer,#15247,client_15247@domain.com,2009-12-01
13611,Direct Mail & Wholesale,United Kingdom,Metropolis,Customer,#13611,client_13611@domain.com,2009-12-01
17132,Direct Mail & Wholesale,Spain,Metropolis,Customer,#17132,client_17132@domain.com,2009-12-01
12854,Direct Mail & Wholesale,Switzerland,Metropolis,Customer,#12854,client_12854@domain.com,2009-12-01
13682,Direct Mail & Wholesale,United Kingdom,Metropolis,Customer,#13682,client_13682@domain.com,2009-12-01
17324,Direct Mail & Wholesale,United Kingdom,Metropolis,Customer,#17324,client_17324@domain.com,2009-12-01
16342,Direct Mail & Wholesale,United Kingdom,Metropolis,Customer,#16342,client_16342@domain.com,2009-12-01
16350,Direct Mail & Wholesale,United Kingdom,Metropolis,Customer,#16350,client_16350@domain.com,2009-12-01
14999,Direct Mail & Wholesale,United Kingdom,Metropolis,Customer,#14999,client_14999@domain.com,2009-12-01
13383,Direct Mail & Wholesale,United Kingdom,Metropolis,Customer,#13383,client_13383@domain.com,2009-12-01
15409,Direct Mail & Wholesale,France,Metropolis,Customer,#15409,client_15409@domain.com,2009-12-01
12383,Direct Mail & Wholesale,United Kingdom,Metropolis,Customer,#12383,client_12383@domain.com,2009-12-01
16263,Direct Mail & Wholesale,United Kingdom,Metropolis,Customer,#16263,client_16263@domain.com,2009-12-01
17997,Direct Mail & Wholesale,United Kingdom,Metropolis,Customer,#17997,client_17997@domain.com,2009-12-01
16373,Direct Mail & Wholesale,France,Metropolis,Customer,#16373,client_16373@domain.com,2009-12-01
13384,Direct Mail & Wholesale,United Kingdom,Metropolis,Customer,#13384,client_13384@domain.com,2009-12-01
17370,Direct Mail & Wholesale,United Kingdom,Metropolis,Customer,#17370,client_17370@domain.com,2009-12-01
16142,Direct Mail & Wholesale,Spain,Metropolis,Customer,#16142,client_16142@domain.com,2009-12-01
13258,Direct Mail & Wholesale,United Kingdom,Metropolis,Customer,#13258,client_13258@domain.com,2009-12-01
14578,Direct Mail & Wholesale,United Kingdom,Metropolis,Customer,#14578,client_14578@domain.com,2009-12-01
16646,Direct Mail & Wholesale,United Kingdom,Metropolis,Customer,#16646,client_16646@domain.com,2009-12-01
17192,Direct Mail & Wholesale,United Kingdom,Metropolis,Customer,#17192,client_17192@domain.com,2009-12-01
16506,Direct Mail & Wholesale,United Kingdom,Metropolis,Customer,#16506,client_16506@domain.com,2009-12-01
12408,Direct Mail & Wholesale,United Kingdom,Metropolis,Customer,#12408,client_12408@domain.com,2009-12-01
13143,Direct Mail & Wholesale,United Kingdom,Metropolis,Customer,#13143,client_13143@domain.com,2009-12-01
15557,Direct Mail & Wholesale,United Kingdom,Metropolis,Customer,#15557,client_15557@domain.com,2009-12-01
15104,Direct Mail & Wholesale,United Kingdom,Metropolis,Customer,#15104,client_15104@domain.com,2009-12-01
17652,Direct Mail & Wholesale,United Kingdom,Metropolis,Customer,#17652,client_17652@domain.com,2009-12-01
18231,Direct Mail & Wholesale,United Kingdom,Metropolis,Customer,#18231,client_18231@domain.com,2009-12-01
16981,Direct Mail & Wholesale,Netherlands,Metropolis,Customer,#16981,client_16981@domain.com,2009-12-01
13156,Direct Mail & Wholesale,Germany,Metropolis,Customer,#13156,client_13156@domain.com,2009-12-01
14718,Direct Mail & Wholesale,United Kingdom,Metropolis,Customer,#14718,client_14718@domain.com,2009-12-01
16368,Direct Mail & Wholesale,France,Metropolis,Customer,#16368,client_16368@domain.com,2009-12-01
15887,Direct Mail & Wholesale,United Kingdom,Metropolis,Customer,#15887,client_15887@domain.com,2009-12-01
16093,Direct Mail & Wholesale,United Kingdom,Metropolis,Customer,#16093,client_16093@domain.com,2009-12-01
16992,Direct Mail & Wholesale,United Kingdom,Metropolis,Customer,#16992,client_16992@domain.com,2009-12-01
13364,Direct Mail & Wholesale,France,Metropolis,Customer,#13364,client_13364@domain.com,2009-12-01
17024,Direct Mail & Wholesale,United Kingdom,Metropolis,Customer,#17024,client_17024@domain.com,2009-12-01
16285,Direct Mail & Wholesale,Netherlands,Metropolis,Customer,#16285,client_16285@domain.com,2009-12-01
16144,Direct Mail & Wholesale,United Kingdom,Metropolis,Customer,#16144,client_16144@domain.com,2009-12-01
17501,Direct Mail & Wholesale,United Kingdom,Metropolis,Customer,#17501,client_17501@domain.com,2009-12-01
13020,Direct Mail & Wholesale,United Kingdom,Metropolis,Customer,#13020,client_13020@domain.com,2009-12-01
13634,Direct Mail & Wholesale,United Kingdom,Metropolis,Customer,#13634,client_13634@domain.com,2009-12-01
16045,Direct Mail & Wholesale,United Kingdom,Metropolis,Customer,#16045,client_16045@domain.com,2009-12-01
18058,Direct Mail & Wholesale,United Kingdom,Metropolis,Customer,#18058,client_18058@domain.com,2009-12-01
13484,Direct Mail & Wholesale,Portugal,Metropolis,Customer,#13484,client_13484@domain.com,2009-12-01
15340,Direct Mail & Wholesale,United Kingdom,Metropolis,Customer,#15340,client_15340@domain.com,2009-12-01
16690,Direct Mail & Wholesale,United Kingdom,Metropolis,Customer,#16690,client_16690@domain.com,2009-12-01
16022,Direct Mail & Wholesale,United Kingdom,Metropolis,Customer,#16022,client_16022@domain.com,2009-12-01
14178,Direct Mail & Wholesale,Germany,Metropolis,Customer,#14178,client_14178@domain.com,2009-12-01
14354,Direct Mail & Wholesale,United Kingdom,Metropolis,Customer,#14354,client_14354@domain.com,2009-12-01
18235,Direct Mail & Wholesale,United Kingdom,Metropolis,Customer,#18235,client_18235@domain.com,2009-12-01
17866,Direct Mail & Wholesale,Spain,Metropolis,Customer,#17866,client_17866@domain.com,2009-12-01
17778,Direct Mail & Wholesale,United Kingdom,Metropolis,Customer,#17778,client_17778@domain.com,2009-12-01
12421,Direct Mail & Wholesale,United Kingdom,Metropolis,Customer,#12421,client_12421@domain.com,2009-12-01
16817,Direct Mail & Wholesale,United Kingdom,Metropolis,Customer,#16817,client_16817@domain.com,2009-12-01
14564,Direct Mail & Wholesale,United Kingdom,Metropolis,Customer,#14564,client_14564@domain.com,2009-12-01
17265,Direct Mail & Wholesale,United Kingdom,Metropolis,Customer,#17265,client_17265@domain.com,2009-12-01
14455,Direct Mail & Wholesale,United Kingdom,Metropolis,Customer,#14455,client_14455@domain.com,2009-12-01
12888,Direct Mail & Wholesale,United Kingdom,Metropolis,Customer,#12888,client_12888@domain.com,2009-12-01
16870,Direct Mail & Wholesale,EIRE,Metropolis,Customer,#16870,client_16870@domain.com,2009-12-01
12843,Direct Mail & Wholesale,United Kingdom,Metropolis,Customer,#12843,client_12843@domain.com,2009-12-01
13353,Direct Mail & Wholesale,Germany,Metropolis,Customer,#13353,client_13353@domain.com,2009-12-01
13891,Direct Mail & Wholesale,United Kingdom,Metropolis,Customer,#13891,client_13891@domain.com,2009-12-01
12393,Direct Mail & Wholesale,United Kingdom,Metropolis,Customer,#12393,client_12393@domain.com,2009-12-01
17779,Direct Mail & Wholesale,United Kingdom,Metropolis,Customer,#17779,client_17779@domain.com,2009-12-01
15742,Direct Mail & Wholesale,United Kingdom,Metropolis,Customer,#15742,client_15742@domain.com,2009-12-01
13508,Direct Mail & Wholesale,United Kingdom,Metropolis,Customer,#13508,client_13508@domain.com,2009-12-01
18168,Direct Mail & Wholesale,United Kingdom,Metropolis,Customer,#18168,client_18168@domain.com,2009-12-01
16860,Direct Mail & Wholesale,United Kingdom,Metropolis,Customer,#16860,client_16860@domain.com,2009-12-01
18268,Direct Mail & Wholesale,Netherlands,Metropolis,Customer,#18268,client_18268@domain.com,2009-12-01
15791,Direct Mail & Wholesale,United Kingdom,Metropolis,Customer,#15791,client_15791@domain.com,2009-12-01
17657,Direct Mail & Wholesale,United Kingdom,Metropolis,Customer,#17657,client_17657@domain.com,2009-12-01
14278,Direct Mail & Wholesale,United Kingdom,Metropolis,Customer,#14278,client_14278@domain.com,2009-12-01
13455,Direct Mail & Wholesale,United Kingdom,Metropolis,Customer,#13455,client_13455@domain.com,2009-12-01
17979,Direct Mail & Wholesale,Switzerland,Metropolis,Customer,#17979,client_17979@domain.com,2009-12-01
15206,Direct Mail & Wholesale,United Kingdom,Metropolis,Customer,#15206,client_15206@domain.com,2009-12-01
14111,Direct Mail & Wholesale,United Kingdom,Metropolis,Customer,#14111,client_14111@domain.com,2009-12-01
14033,Direct Mail & Wholesale,Germany,Metropolis,Customer,#14033,client_14033@domain.com,2009-12-01
14716,Direct Mail & Wholesale,United Kingdom,Metropolis,Customer,#14716,client_14716@domain.com,2009-12-01
17918,Direct Mail & Wholesale,United Kingdom,Metropolis,Customer,#17918,client_17918@domain.com,2009-12-01
15204,Direct Mail & Wholesale,Portugal,Metropolis,Customer,#15204,client_15204@domain.com,2009-12-01
13968,Direct Mail & Wholesale,Germany,Metropolis,Customer,#13968,client_13968@domain.com,2009-12-01
12353,Direct Mail & Wholesale,United Kingdom,Metropolis,Customer,#12353,client_12353@domain.com,2009-12-01
16280,Direct Mail & Wholesale,United Kingdom,Metropolis,Customer,#16280,client_16280@domain.com,2009-12-01
12890,Direct Mail & Wholesale,United Kingdom,Metropolis,Customer,#12890,client_12890@domain.com,2009-12-01
14545,Direct Mail & Wholesale,Spain,Metropolis,Customer,#14545,client_14545@domain.com,2009-12-01
14743,Direct Mail & Wholesale,EIRE,Metropolis,Customer,#14743,client_14743@domain.com,2009-12-01
16409,Direct Mail & Wholesale,United Kingdom,Metropolis,Customer,#16409,client_16409@domain.com,2009-12-01
18088,Direct Mail & Wholesale,Spain,Metropolis,Customer,#18088,client_18088@domain.com,2009-12-01
16731,Direct Mail & Wholesale,United Kingdom,Metropolis,Customer,#16731,client_16731@domain.com,2009-12-01
14754,Direct Mail & Wholesale,United Kingdom,Metropolis,Customer,#14754,client_14754@domain.com,2009-12-01
14555,Direct Mail & Wholesale,United Kingdom,Metropolis,Customer,#14555,client_14555@domain.com,2009-12-01
14363,Direct Mail & Wholesale,United Kingdom,Metropolis,Customer,#14363,client_14363@domain.com,2009-12-01
17293,Direct Mail & Wholesale,Germany,Metropolis,Customer,#17293,client_17293@domain.com,2009-12-01
16031,Direct Mail & Wholesale,United Kingdom,Metropolis,Customer,#16031,client_16031@domain.com,2009-12-01
16790,Direct Mail & Wholesale,United Kingdom,Metropolis,Customer,#16790,client_16790@domain.com,2009-12-01
14251,Direct Mail & Wholesale,United Kingdom,Metropolis,Customer,#14251,client_14251@domain.com,2009-12-01
18133,Direct Mail & Wholesale,United Kingdom,Metropolis,Customer,#18133,client_18133@domain.com,2009-12-01
15750,Direct Mail & Wholesale,United Kingdom,Metropolis,Customer,#15750,client_15750@domain.com,2009-12-01
12635,Direct Mail & Wholesale,EIRE,Metropolis,Customer,#12635,client_12635@domain.com,2009-12-01
12449,Direct Mail & Wholesale,Germany,Metropolis,Customer,#12449,client_12449@domain.com,2009-12-01
16788,Direct Mail & Wholesale,United Kingdom,Metropolis,Customer,#16788,client_16788@domain.com,2009-12-01
12847,Direct Mail & Wholesale,United Kingdom,Metropolis,Customer,#12847,client_12847@domain.com,2009-12-01
15768,Direct Mail & Wholesale,United Kingdom,Metropolis,Customer,#15768,client_15768@domain.com,2009-12-01
17943,Direct Mail & Wholesale,United Kingdom,Metropolis,Customer,#17943,client_17943@domain.com,2009-12-01
17186,Direct Mail & Wholesale,United Kingdom,Metropolis,Customer,#17186,client_17186@domain.com,2009-12-01
16178,Direct Mail & Wholesale,United Kingdom,Metropolis,Customer,#16178,client_16178@domain.com,2009-12-01
15361,Direct Mail & Wholesale,United Kingdom,Metropolis,Customer,#15361,client_15361@domain.com,2009-12-01
16336,Direct Mail & Wholesale,United Kingdom,Metropolis,Customer,#16336,client_16336@domain.com,2009-12-01
17144,Direct Mail & Wholesale,United Kingdom,Metropolis,Customer,#17144,client_17144@domain.com,2009-12-01
16064,Direct Mail & Wholesale,United Kingdom,Metropolis,Customer,#16064,client_16064@domain.com,2009-12-01
13390,Direct Mail & Wholesale,France,Metropolis,Customer,#13390,client_13390@domain.com,2009-12-01
16396,Direct Mail & Wholesale,United Kingdom,Metropolis,Customer,#16396,client_16396@domain.com,2009-12-01
16540,Direct Mail & Wholesale,Switzerland,Metropolis,Customer,#16540,client_16540@domain.com,2009-12-01
17096,Direct Mail & Wholesale,United Kingdom,Metropolis,Customer,#17096,client_17096@domain.com,2009-12-01
16203,Direct Mail & Wholesale,United Kingdom,Metropolis,Customer,#16203,client_16203@domain.com,2009-12-01
14322,Direct Mail & Wholesale,United Kingdom,Metropolis,Customer,#14322,client_14322@domain.com,2009-12-01
13233,Direct Mail & Wholesale,United Kingdom,Metropolis,Customer,#13233,client_13233@domain.com,2009-12-01
17514,Direct Mail & Wholesale,Germany,Metropolis,Customer,#17514,client_17514@domain.com,2009-12-01
13827,Direct Mail & Wholesale,United Kingdom,Metropolis,Customer,#13827,client_13827@domain.com,2009-12-01
16284,Direct Mail & Wholesale,Germany,Metropolis,Customer,#16284,client_16284@domain.com,2009-12-01
17525,Direct Mail & Wholesale,United Kingdom,Metropolis,Customer,#17525,client_17525@domain.com,2009-12-01
17711,Direct Mail & Wholesale,United Kingdom,Metropolis,Customer,#17711,client_17711@domain.com,2009-12-01
18197,Direct Mail & Wholesale,Germany,Metropolis,Customer,#18197,client_18197@domain.com,2009-12-01
16676,Direct Mail & Wholesale,United Kingdom,Metropolis,Customer,#16676,client_16676@domain.com,2009-12-01
14685,Direct Mail & Wholesale,United Kingdom,Metropolis,Customer,#14685,client_14685@domain.com,2009-12-01
18031,Direct Mail & Wholesale,United Kingdom,Metropolis,Customer,#18031,client_18031@domain.com,2009-12-01
16253,Direct Mail & Wholesale,Netherlands,Metropolis,Customer,#16253,client_16253@domain.com,2009-12-01
15481,Direct Mail & Wholesale,United Kingdom,Metropolis,Customer,#15481,client_15481@domain.com,2009-12-01
12409,Direct Mail & Wholesale,United Kingdom,Metropolis,Customer,#12409,client_12409@domain.com,2009-12-01
17599,Direct Mail & Wholesale,United Kingdom,Metropolis,Customer,#17599,client_17599@domain.com,2009-12-01
16647,Direct Mail & Wholesale,United Kingdom,Metropolis,Customer,#16647,client_16647@domain.com,2009-12-01
16413,Direct Mail & Wholesale,United Kingdom,Metropolis,Customer,#16413,client_16413@domain.com,2009-12-01
14591,Direct Mail & Wholesale,EIRE,Metropolis,Customer,#14591,client_14591@domain.com,2009-12-01
15565,Direct Mail & Wholesale,United Kingdom,Metropolis,Customer,#15565,client_15565@domain.com,2009-12-01
16816,Direct Mail & Wholesale,United Kingdom,Metropolis,Customer,#16816,client_16816@domain.com,2009-12-01
13972,Direct Mail & Wholesale,Belgium,Metropolis,Customer,#13972,client_13972@domain.com,2009-12-01
18032,Direct Mail & Wholesale,United Kingdom,Metropolis,Customer,#18032,client_18032@domain.com,2009-12-01
14199,Direct Mail & Wholesale,Germany,Metropolis,Customer,#14199,client_14199@domain.com,2009-12-01
17741,Direct Mail & Wholesale,United Kingdom,Metropolis,Customer,#17741,client_17741@domain.com,2009-12-01
17078,Direct Mail & Wholesale,United Kingdom,Metropolis,Customer,#17078,client_17078@domain.com,2009-12-01
13767,Direct Mail & Wholesale,United Kingdom,Metropolis,Customer,#13767,client_13767@domain.com,2009-12-01
15895,Direct Mail & Wholesale,United Kingdom,Metropolis,Customer,#15895,client_15895@domain.com,2009-12-01
16016,Direct Mail & Wholesale,United Kingdom,Metropolis,Customer,#16016,client_16016@domain.com,2009-12-01
16855,Direct Mail & Wholesale,United Kingdom,Metropolis,Customer,#16855,client_16855@domain.com,2009-12-01
15510,Direct Mail & Wholesale,Germany,Metropolis,Customer,#15510,client_15510@domain.com,2009-12-01
17381,Direct Mail & Wholesale,United Kingdom,Metropolis,Customer,#17381,client_17381@domain.com,2009-12-01
12632,Direct Mail & Wholesale,United Kingdom,Metropolis,Customer,#12632,client_12632@domain.com,2009-12-01
12532,Direct Mail & Wholesale,United Kingdom,Metropolis,Customer,#12532,client_12532@domain.com,2009-12-01
16625,Direct Mail & Wholesale,Belgium,Metropolis,Customer,#16625,client_16625@domain.com,2009-12-01
14095,Direct Mail & Wholesale,United Kingdom,Metropolis,Customer,#14095,client_14095@domain.com,2009-12-01
12348,Direct Mail & Wholesale,United Kingdom,Metropolis,Customer,#12348,client_12348@domain.com,2009-12-01
13061,Direct Mail & Wholesale,United Kingdom,Metropolis,Customer,#13061,client_13061@domain.com,2009-12-01
16198,Direct Mail & Wholesale,United Kingdom,Metropolis,Customer,#16198,client_16198@domain.com,2009-12-01
17079,Direct Mail & Wholesale,United Kingdom,Metropolis,Customer,#17079,client_17079@domain.com,2009-12-01
17817,Direct Mail & Wholesale,United Kingdom,Metropolis,Customer,#17817,client_17817@domain.com,2009-12-01
13246,Direct Mail & Wholesale,United Kingdom,Metropolis,Customer,#13246,client_13246@domain.com,2009-12-01
16006,Direct Mail & Wholesale,United Kingdom,Metropolis,Customer,#16006,client_16006@domain.com,2009-12-01
17911,Direct Mail & Wholesale,United Kingdom,Metropolis,Customer,#17911,client_17911@domain.com,2009-12-01
18095,Direct Mail & Wholesale,United Kingdom,Metropolis,Customer,#18095,client_18095@domain.com,2009-12-01
15545,Direct Mail & Wholesale,United Kingdom,Metropolis,Customer,#15545,client_15545@domain.com,2009-12-01
14144,Direct Mail & Wholesale,United Kingdom,Metropolis,Customer,#14144,client_14144@domain.com,2009-12-01
13955,Direct Mail & Wholesale,United Kingdom,Metropolis,Customer,#13955,client_13955@domain.com,2009-12-01
17720,Direct Mail & Wholesale,United Kingdom,Metropolis,Customer,#17720,client_17720@domain.com,2009-12-01
15585,Direct Mail & Wholesale,United Kingdom,Metropolis,Customer,#15585,client_15585@domain.com,2009-12-01
17907,Direct Mail & Wholesale,United Kingdom,Metropolis,Customer,#17907,client_17907@domain.com,2009-12-01
16742,Direct Mail & Wholesale,United Kingdom,Metropolis,Customer,#16742,client_16742@domain.com,2009-12-01
14904,Direct Mail & Wholesale,United Kingdom,Metropolis,Customer,#14904,client_14904@domain.com,2009-12-01
15660,Direct Mail & Wholesale,Netherlands,Metropolis,Customer,#15660,client_15660@domain.com,2009-12-01
14554,Direct Mail & Wholesale,United Kingdom,Metropolis,Customer,#14554,client_14554@domain.com,2009-12-01
16917,Direct Mail & Wholesale,United Kingdom,Metropolis,Customer,#16917,client_16917@domain.com,2009-12-01
13645,Direct Mail & Wholesale,United Kingdom,Metropolis,Customer,#13645,client_13645@domain.com,2009-12-01
15314,Direct Mail & Wholesale,United Kingdom,Metropolis,Customer,#15314,client_15314@domain.com,2009-12-01
17213,Direct Mail & Wholesale,United Kingdom,Metropolis,Customer,#17213,client_17213@domain.com,2009-12-01
14061,Direct Mail & Wholesale,United Kingdom,Metropolis,Customer,#14061,client_14061@domain.com,2009-12-01
17676,Direct Mail & Wholesale,United Kingdom,Metropolis,Customer,#17676,client_17676@domain.com,2009-12-01
12710,Direct Mail & Wholesale,United Kingdom,Metropolis,Customer,#12710,client_12710@domain.com,2009-12-01
14773,Direct Mail & Wholesale,United Kingdom,Metropolis,Customer,#14773,client_14773@domain.com,2009-12-01
15918,Direct Mail & Wholesale,United Kingdom,Metropolis,Customer,#15918,client_15918@domain.com,2009-12-01
16131,Direct Mail & Wholesale,EIRE,Metropolis,Customer,#16131,client_16131@domain.com,2009-12-01
13124,Direct Mail & Wholesale,United Kingdom,Metropolis,Customer,#13124,client_13124@domain.com,2009-12-01
18278,Direct Mail & Wholesale,United Kingdom,Metropolis,Customer,#18278,client_18278@domain.com,2009-12-01
16281,Direct Mail & Wholesale,United Kingdom,Metropolis,Customer,#16281,client_16281@domain.com,2009-12-01
12572,Direct Mail & Wholesale,United Kingdom,Metropolis,Customer,#12572,client_12572@domain.com,2009-12-01
13412,Direct Mail & Wholesale,France,Metropolis,Customer,#13412,client_13412@domain.com,2009-12-01
16919,Direct Mail & Wholesale,United Kingdom,Metropolis,Customer,#16919,client_16919@domain.com,2009-12-01
15194,Direct Mail & Wholesale,Australia,Metropolis,Customer,#15194,client_15194@domain.com,2009-12-01
18276,Direct Mail & Wholesale,Spain,Metropolis,Customer,#18276,client_18276@domain.com,2009-12-01
12412,Direct Mail & Wholesale,Switzerland,Metropolis,Customer,#12412,client_12412@domain.com,2009-12-01
15388,Direct Mail & Wholesale,United Kingdom,Metropolis,Customer,#15388,client_15388@domain.com,2009-12-01
16686,Direct Mail & Wholesale,United Kingdom,Metropolis,Customer,#16686,client_16686@domain.com,2009-12-01
13199,Direct Mail & Wholesale,United Kingdom,Metropolis,Customer,#13199,client_13199@domain.com,2009-12-01
16613,Direct Mail & Wholesale,United Kingdom,Metropolis,Customer,#16613,client_16613@domain.com,2009-12-01
16208,Direct Mail & Wholesale,United Kingdom,Metropolis,Customer,#16208,client_16208@domain.com,2009-12-01
14342,Direct Mail & Wholesale,United Kingdom,Metropolis,Customer,#14342,client_14342@domain.com,2009-12-01
17274,Direct Mail & Wholesale,United Kingdom,Metropolis,Customer,#17274,client_17274@domain.com,2009-12-01
15201,Direct Mail & Wholesale,United Kingdom,Metropolis,Customer,#15201,client_15201@domain.com,2009-12-01
16995,Direct Mail & Wholesale,United Kingdom,Metropolis,Customer,#16995,client_16995@domain.com,2009-12-01
12371,Direct Mail & Wholesale,United Kingdom,Metropolis,Customer,#12371,client_12371@domain.com,2009-12-01
17862,Direct Mail & Wholesale,United Kingdom,Metropolis,Customer,#17862,client_17862@domain.com,2009-12-01
18097,Direct Mail & Wholesale,United Kingdom,Metropolis,Customer,#18097,client_18097@domain.com,2009-12-01
16217,Direct Mail & Wholesale,United Kingdom,Metropolis,Customer,#16217,client_16217@domain.com,2009-12-01
16450,Direct Mail & Wholesale,United Kingdom,Metropolis,Customer,#16450,client_16450@domain.com,2009-12-01
12596,Direct Mail & Wholesale,Spain,Metropolis,Customer,#12596,client_12596@domain.com,2009-12-01
17702,Direct Mail & Wholesale,Germany,Metropolis,Customer,#17702,client_17702@domain.com,2009-12-01
17211,Direct Mail & Wholesale,Netherlands,Metropolis,Customer,#17211,client_17211@domain.com,2009-12-01
13475,Direct Mail & Wholesale,United Kingdom,Metropolis,Customer,#13475,client_13475@domain.com,2009-12-01
14421,Direct Mail & Wholesale,United Kingdom,Metropolis,Customer,#14421,client_14421@domain.com,2009-12-01
15722,Direct Mail & Wholesale,United Kingdom,Metropolis,Customer,#15722,client_15722@domain.com,2009-12-01
14843,Direct Mail & Wholesale,United Kingdom,Metropolis,Customer,#14843,client_14843@domain.com,2009-12-01
17770,Direct Mail & Wholesale,France,Metropolis,Customer,#17770,client_17770@domain.com,2009-12-01
15294,Direct Mail & Wholesale,United Kingdom,Metropolis,Customer,#15294,client_15294@domain.com,2009-12-01
15996,Direct Mail & Wholesale,United Kingdom,Metropolis,Customer,#15996,client_15996@domain.com,2009-12-01
13170,Direct Mail & Wholesale,Germany,Metropolis,Customer,#13170,client_13170@domain.com,2009-12-01
14857,Direct Mail & Wholesale,United Kingdom,Metropolis,Customer,#14857,client_14857@domain.com,2009-12-01
17114,Direct Mail & Wholesale,United Kingdom,Metropolis,Customer,#17114,client_17114@domain.com,2009-12-01
16905,Direct Mail & Wholesale,United Kingdom,Metropolis,Customer,#16905,client_16905@domain.com,2009-12-01
17856,Direct Mail & Wholesale,United Kingdom,Metropolis,Customer,#17856,client_17856@domain.com,2009-12-01
14355,Direct Mail & Wholesale,France,Metropolis,Customer,#14355,client_14355@domain.com,2009-12-01
12858,Direct Mail & Wholesale,United Kingdom,Metropolis,Customer,#12858,client_12858@domain.com,2009-12-01
12934,Direct Mail & Wholesale,United Kingdom,Metropolis,Customer,#12934,client_12934@domain.com,2009-12-01
13359,Direct Mail & Wholesale,United Kingdom,Metropolis,Customer,#13359,client_13359@domain.com,2009-12-01
14579,Direct Mail & Wholesale,United Kingdom,Metropolis,Customer,#14579,client_14579@domain.com,2009-12-01
15225,Direct Mail & Wholesale,United Kingdom,Metropolis,Customer,#15225,client_15225@domain.com,2009-12-01
13909,Direct Mail & Wholesale,United Kingdom,Metropolis,Customer,#13909,client_13909@domain.com,2009-12-01
12923,Direct Mail & Wholesale,United Kingdom,Metropolis,Customer,#12923,client_12923@domain.com,2009-12-01
13762,Direct Mail & Wholesale,United Kingdom,Metropolis,Customer,#13762,client_13762@domain.com,2009-12-01
15845,Direct Mail & Wholesale,United Kingdom,Metropolis,Customer,#15845,client_15845@domain.com,2009-12-01
13745,Direct Mail & Wholesale,United Kingdom,Metropolis,Customer,#13745,client_13745@domain.com,2009-12-01
18068,Direct Mail & Wholesale,United Kingdom,Metropolis,Customer,#18068,client_18068@domain.com,2009-12-01
18106,Direct Mail & Wholesale,United Kingdom,Metropolis,Customer,#18106,client_18106@domain.com,2009-12-01
15777,Direct Mail & Wholesale,France,Metropolis,Customer,#15777,client_15777@domain.com,2009-12-01
12513,Direct Mail & Wholesale,Germany,Metropolis,Customer,#12513,client_12513@domain.com,2009-12-01
13725,Direct Mail & Wholesale,Belgium,Metropolis,Customer,#13725,client_13725@domain.com,2009-12-01
17993,Direct Mail & Wholesale,United Kingdom,Metropolis,Customer,#17993,client_17993@domain.com,2009-12-01
14540,Direct Mail & Wholesale,United Kingdom,Metropolis,Customer,#14540,client_14540@domain.com,2009-12-01
17780,Direct Mail & Wholesale,United Kingdom,Metropolis,Customer,#17780,client_17780@domain.com,2009-12-01
15468,Direct Mail & Wholesale,EIRE,Metropolis,Customer,#15468,client_15468@domain.com,2009-12-01
15236,Direct Mail & Wholesale,United Kingdom,Metropolis,Customer,#15236,client_15236@domain.com,2009-12-01
15930,Direct Mail & Wholesale,United Kingdom,Metropolis,Customer,#15930,client_15930@domain.com,2009-12-01
17366,Direct Mail & Wholesale,United Kingdom,Metropolis,Customer,#17366,client_17366@domain.com,2009-12-01
13521,Direct Mail & Wholesale,United Kingdom,Metropolis,Customer,#13521,client_13521@domain.com,2009-12-01
17299,Direct Mail & Wholesale,United Kingdom,Metropolis,Customer,#17299,client_17299@domain.com,2009-12-01
13709,Direct Mail & Wholesale,United Kingdom,Metropolis,Customer,#13709,client_13709@domain.com,2009-12-01
15219,Direct Mail & Wholesale,United Kingdom,Metropolis,Customer,#15219,client_15219@domain.com,2009-12-01
17881,Direct Mail & Wholesale,United Kingdom,Metropolis,Customer,#17881,client_17881@domain.com,2009-12-01
15533,Direct Mail & Wholesale,United Kingdom,Metropolis,Customer,#15533,client_15533@domain.com,2009-12-01
17400,Direct Mail & Wholesale,United Kingdom,Metropolis,Customer,#17400,client_17400@domain.com,2009-12-01
12530,Direct Mail & Wholesale,France,Metropolis,Customer,#12530,client_12530@domain.com,2009-12-01
18026,Direct Mail & Wholesale,United Kingdom,Metropolis,Customer,#18026,client_18026@domain.com,2009-12-01
16341,Direct Mail & Wholesale,United Kingdom,Metropolis,Customer,#16341,client_16341@domain.com,2009-12-01
16084,Direct Mail & Wholesale,Spain,Metropolis,Customer,#16084,client_16084@domain.com,2009-12-01
15878,Direct Mail & Wholesale,United Kingdom,Metropolis,Customer,#15878,client_15878@domain.com,2009-12-01
15337,Direct Mail & Wholesale,United Kingdom,Metropolis,Customer,#15337,client_15337@domain.com,2009-12-01
12799,Direct Mail & Wholesale,United Kingdom,Metropolis,Customer,#12799,client_12799@domain.com,2009-12-01
16527,Direct Mail & Wholesale,United Kingdom,Metropolis,Customer,#16527,client_16527@domain.com,2009-12-01
15595,Direct Mail & Wholesale,United Kingdom,Metropolis,Customer,#15595,client_15595@domain.com,2009-12-01
17717,Direct Mail & Wholesale,United Kingdom,Metropolis,Customer,#17717,client_17717@domain.com,2009-12-01
15605,Direct Mail & Wholesale,United Kingdom,Metropolis,Customer,#15605,client_15605@domain.com,2009-12-01
14557,Direct Mail & Wholesale,United Kingdom,Metropolis,Customer,#14557,client_14557@domain.com,2009-12-01
12865,Direct Mail & Wholesale,United Kingdom,Metropolis,Customer,#12865,client_12865@domain.com,2009-12-01
17737,Direct Mail & Wholesale,United Kingdom,Metropolis,Customer,#17737,client_17737@domain.com,2009-12-01
13649,Direct Mail & Wholesale,United Kingdom,Metropolis,Customer,#13649,client_13649@domain.com,2009-12-01
15007,Direct Mail & Wholesale,United Kingdom,Metropolis,Customer,#15007,client_15007@domain.com,2009-12-01
14592,Direct Mail & Wholesale,Spain,Metropolis,Customer,#14592,client_14592@domain.com,2009-12-01
18079,Direct Mail & Wholesale,France,Metropolis,Customer,#18079,client_18079@domain.com,2009-12-01
16066,Direct Mail & Wholesale,United Kingdom,Metropolis,Customer,#16066,client_16066@domain.com,2009-12-01
18180,Direct Mail & Wholesale,United Kingdom,Metropolis,Customer,#18180,client_18180@domain.com,2009-12-01
17152,Direct Mail & Wholesale,EIRE,Metropolis,Customer,#17152,client_17152@domain.com,2009-12-01
12661,Direct Mail & Wholesale,EIRE,Metropolis,Customer,#12661,client_12661@domain.com,2009-12-01
16204,Direct Mail & Wholesale,United Kingdom,Metropolis,Customer,#16204,client_16204@domain.com,2009-12-01
17193,Direct Mail & Wholesale,United Kingdom,Metropolis,Customer,#17193,client_17193@domain.com,2009-12-01
13065,Direct Mail & Wholesale,United Kingdom,Metropolis,Customer,#13065,client_13065@domain.com,2009-12-01
15229,Direct Mail & Wholesale,United Kingdom,Metropolis,Customer,#15229,client_15229@domain.com,2009-12-01
16897,Direct Mail & Wholesale,United Kingdom,Metropolis,Customer,#16897,client_16897@domain.com,2009-12-01
16501,Direct Mail & Wholesale,United Kingdom,Metropolis,Customer,#16501,client_16501@domain.com,2009-12-01
18006,Direct Mail & Wholesale,United Kingdom,Metropolis,Customer,#18006,client_18006@domain.com,2009-12-01
15612,Direct Mail & Wholesale,United Kingdom,Metropolis,Customer,#15612,client_15612@domain.com,2009-12-01
15310,Direct Mail & Wholesale,United Kingdom,Metropolis,Customer,#15310,client_15310@domain.com,2009-12-01
16273,Direct Mail & Wholesale,United Kingdom,Metropolis,Customer,#16273,client_16273@domain.com,2009-12-01
14598,Direct Mail & Wholesale,United Kingdom,Metropolis,Customer,#14598,client_14598@domain.com,2009-12-01
17441,Direct Mail & Wholesale,United Kingdom,Metropolis,Customer,#17441,client_17441@domain.com,2009-12-01
16913,Direct Mail & Wholesale,United Kingdom,Metropolis,Customer,#16913,client_16913@domain.com,2009-12-01
16680,Direct Mail & Wholesale,United Kingdom,Metropolis,Customer,#16680,client_16680@domain.com,2009-12-01
16143,Direct Mail & Wholesale,France,Metropolis,Customer,#16143,client_16143@domain.com,2009-12-01
13440,Direct Mail & Wholesale,United Kingdom,Metropolis,Customer,#13440,client_13440@domain.com,2009-12-01
14623,Direct Mail & Wholesale,United Kingdom,Metropolis,Customer,#14623,client_14623@domain.com,2009-12-01
15869,Direct Mail & Wholesale,United Kingdom,Metropolis,Customer,#15869,client_15869@domain.com,2009-12-01
16999,Direct Mail & Wholesale,United Kingdom,Metropolis,Customer,#16999,client_16999@domain.com,2009-12-01
13287,Direct Mail & Wholesale,United Kingdom,Metropolis,Customer,#13287,client_13287@domain.com,2009-12-01
13948,Direct Mail & Wholesale,Germany,Metropolis,Customer,#13948,client_13948@domain.com,2009-12-01
17194,Direct Mail & Wholesale,United Kingdom,Metropolis,Customer,#17194,client_17194@domain.com,2009-12-01
15757,Direct Mail & Wholesale,United Kingdom,Metropolis,Customer,#15757,client_15757@domain.com,2009-12-01
14280,Direct Mail & Wholesale,United Kingdom,Metropolis,Customer,#14280,client_14280@domain.com,2009-12-01
14308,Direct Mail & Wholesale,United Kingdom,Metropolis,Customer,#14308,client_14308@domain.com,2009-12-01
14930,Direct Mail & Wholesale,United Kingdom,Metropolis,Customer,#14930,client_14930@domain.com,2009-12-01
15061,Direct Mail & Wholesale,United Kingdom,Metropolis,Customer,#15061,client_15061@domain.com,2009-12-01
17190,Direct Mail & Wholesale,United Kingdom,Metropolis,Customer,#17190,client_17190@domain.com,2009-12-01
12482,Direct Mail & Wholesale,United Kingdom,Metropolis,Customer,#12482,client_12482@domain.com,2009-12-01
13351,Direct Mail & Wholesale,Switzerland,Metropolis,Customer,#13351,client_13351@domain.com,2009-12-01
13715,Direct Mail & Wholesale,United Kingdom,Metropolis,Customer,#13715,client_13715@domain.com,2009-12-01
16442,Direct Mail & Wholesale,United Kingdom,Metropolis,Customer,#16442,client_16442@domain.com,2009-12-01
15735,Direct Mail & Wholesale,United Kingdom,Metropolis,Customer,#15735,client_15735@domain.com,2009-12-01
14017,Direct Mail & Wholesale,United Kingdom,Metropolis,Customer,#14017,client_14017@domain.com,2009-12-01
12909,Direct Mail & Wholesale,United Kingdom,Metropolis,Customer,#12909,client_12909@domain.com,2009-12-01
15341,Direct Mail & Wholesale,United Kingdom,Metropolis,Customer,#15341,client_15341@domain.com,2009-12-01
17973,Direct Mail & Wholesale,United Kingdom,Metropolis,Customer,#17973,client_17973@domain.com,2009-12-01
14789,Direct Mail & Wholesale,France,Metropolis,Customer,#14789,client_14789@domain.com,2009-12-01
17106,Direct Mail & Wholesale,United Kingdom,Metropolis,Customer,#17106,client_17106@domain.com,2009-12-01
16622,Direct Mail & Wholesale,United Kingdom,Metropolis,Customer,#16622,client_16622@domain.com,2009-12-01
15582,Direct Mail & Wholesale,United Kingdom,Metropolis,Customer,#15582,client_15582@domain.com,2009-12-01
14708,Direct Mail & Wholesale,United Kingdom,Metropolis,Customer,#14708,client_14708@domain.com,2009-12-01
13892,Direct Mail & Wholesale,United Kingdom,Metropolis,Customer,#13892,client_13892@domain.com,2009-12-01
14559,Direct Mail & Wholesale,United Kingdom,Metropolis,Customer,#14559,client_14559@domain.com,2009-12-01
17795,Direct Mail & Wholesale,United Kingdom,Metropolis,Customer,#17795,client_17795@domain.com,2009-12-01
14636,Direct Mail & Wholesale,United Kingdom,Metropolis,Customer,#14636,client_14636@domain.com,2009-12-01
17889,Direct Mail & Wholesale,United Kingdom,Metropolis,Customer,#17889,client_17889@domain.com,2009-12-01
12684,Direct Mail & Wholesale,United Kingdom,Metropolis,Customer,#12684,client_12684@domain.com,2009-12-01
18250,Direct Mail & Wholesale,United Kingdom,Metropolis,Customer,#18250,client_18250@domain.com,2009-12-01
17645,Direct Mail & Wholesale,Germany,Metropolis,Customer,#17645,client_17645@domain.com,2009-12-01
15859,Direct Mail & Wholesale,United Kingdom,Metropolis,Customer,#15859,client_15859@domain.com,2009-12-01
14575,Direct Mail & Wholesale,United Kingdom,Metropolis,Customer,#14575,client_14575@domain.com,2009-12-01
17742,Direct Mail & Wholesale,United Kingdom,Metropolis,Customer,#17742,client_17742@domain.com,2009-12-01
14728,Direct Mail & Wholesale,United Kingdom,Metropolis,Customer,#14728,client_14728@domain.com,2009-12-01
12761,Direct Mail & Wholesale,United Kingdom,Metropolis,Customer,#12761,client_12761@domain.com,2009-12-01
16532,Direct Mail & Wholesale,United Kingdom,Metropolis,Customer,#16532,client_16532@domain.com,2009-12-01
15717,Direct Mail & Wholesale,United Kingdom,Metropolis,Customer,#15717,client_15717@domain.com,2009-12-01
13062,Direct Mail & Wholesale,United Kingdom,Metropolis,Customer,#13062,client_13062@domain.com,2009-12-01
13486,Direct Mail & Wholesale,United Kingdom,Metropolis,Customer,#13486,client_13486@domain.com,2009-12-01
16809,Direct Mail & Wholesale,United Kingdom,Metropolis,Customer,#16809,client_16809@domain.com,2009-12-01
12471,Direct Mail & Wholesale,United Kingdom,Metropolis,Customer,#12471,client_12471@domain.com,2009-12-01
17256,Direct Mail & Wholesale,Switzerland,Metropolis,Customer,#17256,client_17256@domain.com,2009-12-01
16601,Direct Mail & Wholesale,United Kingdom,Metropolis,Customer,#16601,client_16601@domain.com,2009-12-01
15200,Direct Mail & Wholesale,United Kingdom,Metropolis,Customer,#15200,client_15200@domain.com,2009-12-01
16794,Direct Mail & Wholesale,United Kingdom,Metropolis,Customer,#16794,client_16794@domain.com,2009-12-01
12975,Direct Mail & Wholesale,United Kingdom,Metropolis,Customer,#12975,client_12975@domain.com,2009-12-01
15467,Direct Mail & Wholesale,United Kingdom,Metropolis,Customer,#15467,client_15467@domain.com,2009-12-01
16398,Direct Mail & Wholesale,United Kingdom,Metropolis,Customer,#16398,client_16398@domain.com,2009-12-01
14482,Direct Mail & Wholesale,Germany,Metropolis,Customer,#14482,client_14482@domain.com,2009-12-01
13063,Direct Mail & Wholesale,Belgium,Metropolis,Customer,#13063,client_13063@domain.com,2009-12-01
13120,Direct Mail & Wholesale,United Kingdom,Metropolis,Customer,#13120,client_13120@domain.com,2009-12-01
17215,Direct Mail & Wholesale,United Kingdom,Metropolis,Customer,#17215,client_17215@domain.com,2009-12-01
16989,Direct Mail & Wholesale,United Kingdom,Metropolis,Customer,#16989,client_16989@domain.com,2009-12-01
16319,Direct Mail & Wholesale,United Kingdom,Metropolis,Customer,#16319,client_16319@domain.com,2009-12-01
15852,Direct Mail & Wholesale,United Kingdom,Metropolis,Customer,#15852,client_15852@domain.com,2009-12-01
13116,Direct Mail & Wholesale,Germany,Metropolis,Customer,#13116,client_13116@domain.com,2009-12-01
17288,Direct Mail & Wholesale,France,Metropolis,Customer,#17288,client_17288@domain.com,2009-12-01
17191,Direct Mail & Wholesale,United Kingdom,Metropolis,Customer,#17191,client_17191@domain.com,2009-12-01
12852,Direct Mail & Wholesale,United Kingdom,Metropolis,Customer,#12852,client_12852@domain.com,2009-12-01
15226,Direct Mail & Wholesale,United Kingdom,Metropolis,Customer,#15226,client_15226@domain.com,2009-12-01
14103,Direct Mail & Wholesale,United Kingdom,Metropolis,Customer,#14103,client_14103@domain.com,2009-12-01
14905,Direct Mail & Wholesale,United Kingdom,Metropolis,Customer,#14905,client_14905@domain.com,2009-12-01
16882,Direct Mail & Wholesale,United Kingdom,Metropolis,Customer,#16882,client_16882@domain.com,2009-12-01
15266,Direct Mail & Wholesale,United Kingdom,Metropolis,Customer,#15266,client_15266@domain.com,2009-12-01
12525,Direct Mail & Wholesale,EIRE,Metropolis,Customer,#12525,client_12525@domain.com,2009-12-01
15933,Direct Mail & Wholesale,United Kingdom,Metropolis,Customer,#15933,client_15933@domain.com,2009-12-01
13903,Direct Mail & Wholesale,Spain,Metropolis,Customer,#13903,client_13903@domain.com,2009-12-01
13677,Direct Mail & Wholesale,Germany,Metropolis,Customer,#13677,client_13677@domain.com,2009-12-01
14072,Direct Mail & Wholesale,Germany,Metropolis,Customer,#14072,client_14072@domain.com,2009-12-01
14398,Direct Mail & Wholesale,United Kingdom,Metropolis,Customer,#14398,client_14398@domain.com,2009-12-01
17358,Direct Mail & Wholesale,United Kingdom,Metropolis,Customer,#17358,client_17358@domain.com,2009-12-01
18039,Direct Mail & Wholesale,EIRE,Metropolis,Customer,#18039,client_18039@domain.com,2009-12-01
15832,Direct Mail & Wholesale,United Kingdom,Metropolis,Customer,#15832,client_15832@domain.com,2009-12-01
16521,Direct Mail & Wholesale,United Kingdom,Metropolis,Customer,#16521,client_16521@domain.com,2009-12-01
13706,Direct Mail & Wholesale,United Kingdom,Metropolis,Customer,#13706,client_13706@domain.com,2009-12-01
15656,Direct Mail & Wholesale,Germany,Metropolis,Customer,#15656,client_15656@domain.com,2009-12-01
16335,Direct Mail & Wholesale,United Kingdom,Metropolis,Customer,#16335,client_16335@domain.com,2009-12-01
13881,Direct Mail & Wholesale,Belgium,Metropolis,Customer,#13881,client_13881@domain.com,2009-12-01
17415,Direct Mail & Wholesale,United Kingdom,Metropolis,Customer,#17415,client_17415@domain.com,2009-12-01
15647,Direct Mail & Wholesale,United Kingdom,Metropolis,Customer,#15647,client_15647@domain.com,2009-12-01
12983,Direct Mail & Wholesale,United Kingdom,Metropolis,Customer,#12983,client_12983@domain.com,2009-12-01
15094,Direct Mail & Wholesale,France,Metropolis,Customer,#15094,client_15094@domain.com,2009-12-01
18036,Direct Mail & Wholesale,United Kingdom,Metropolis,Customer,#18036,client_18036@domain.com,2009-12-01
16435,Direct Mail & Wholesale,United Kingdom,Metropolis,Customer,#16435,client_16435@domain.com,2009-12-01
15529,Direct Mail & Wholesale,Germany,Metropolis,Customer,#15529,client_15529@domain.com,2009-12-01
14588,Direct Mail & Wholesale,United Kingdom,Metropolis,Customer,#14588,client_14588@domain.com,2009-12-01
15566,Direct Mail & Wholesale,United Kingdom,Metropolis,Customer,#15566,client_15566@domain.com,2009-12-01
15169,Direct Mail & Wholesale,United Kingdom,Metropolis,Customer,#15169,client_15169@domain.com,2009-12-01
14609,Direct Mail & Wholesale,United Kingdom,Metropolis,Customer,#14609,client_14609@domain.com,2009-12-01
13069,Direct Mail & Wholesale,United Kingdom,Metropolis,Customer,#13069,client_13069@domain.com,2009-12-01
12600,Direct Mail & Wholesale,United Kingdom,Metropolis,Customer,#12600,client_12600@domain.com,2009-12-01
14997,Direct Mail & Wholesale,Germany,Metropolis,Customer,#14997,client_14997@domain.com,2009-12-01
18155,Direct Mail & Wholesale,United Kingdom,Metropolis,Customer,#18155,client_18155@domain.com,2009-12-01
16617,Direct Mail & Wholesale,United Kingdom,Metropolis,Customer,#16617,client_16617@domain.com,2009-12-01
14438,Direct Mail & Wholesale,France,Metropolis,Customer,#14438,client_14438@domain.com,2009-12-01
12896,Direct Mail & Wholesale,United Kingdom,Metropolis,Customer,#12896,client_12896@domain.com,2009-12-01
15900,Direct Mail & Wholesale,United Kingdom,Metropolis,Customer,#15900,client_15900@domain.com,2009-12-01
16500,Direct Mail & Wholesale,United Kingdom,Metropolis,Customer,#16500,client_16500@domain.com,2009-12-01
16871,Direct Mail & Wholesale,United Kingdom,Metropolis,Customer,#16871,client_16871@domain.com,2009-12-01
16765,Direct Mail & Wholesale,United Kingdom,Metropolis,Customer,#16765,client_16765@domain.com,2009-12-01
16611,Direct Mail & Wholesale,United Kingdom,Metropolis,Customer,#16611,client_16611@domain.com,2009-12-01
14386,Direct Mail & Wholesale,United Kingdom,Metropolis,Customer,#14386,client_14386@domain.com,2009-12-01
15325,Direct Mail & Wholesale,United Kingdom,Metropolis,Customer,#15325,client_15325@domain.com,2009-12-01
15992,Direct Mail & Wholesale,Spain,Metropolis,Customer,#15992,client_15992@domain.com,2009-12-01
17760,Direct Mail & Wholesale,United Kingdom,Metropolis,Customer,#17760,client_17760@domain.com,2009-12-01
17829,Direct Mail & Wholesale,Germany,Metropolis,Customer,#17829,client_17829@domain.com,2009-12-01
15370,Direct Mail & Wholesale,United Kingdom,Metropolis,Customer,#15370,client_15370@domain.com,2009-12-01
15726,Direct Mail & Wholesale,EIRE,Metropolis,Customer,#15726,client_15726@domain.com,2009-12-01
13130,Direct Mail & Wholesale,United Kingdom,Metropolis,Customer,#13130,client_13130@domain.com,2009-12-01
17219,Direct Mail & Wholesale,Germany,Metropolis,Customer,#17219,client_17219@domain.com,2009-12-01
14841,Direct Mail & Wholesale,United Kingdom,Metropolis,Customer,#14841,client_14841@domain.com,2009-12-01
13973,Direct Mail & Wholesale,United Kingdom,Metropolis,Customer,#13973,client_13973@domain.com,2009-12-01
17710,Direct Mail & Wholesale,Germany,Metropolis,Customer,#17710,client_17710@domain.com,2009-12-01
14986,Direct Mail & Wholesale,United Kingdom,Metropolis,Customer,#14986,client_14986@domain.com,2009-12-01
12561,Direct Mail & Wholesale,United Kingdom,Metropolis,Customer,#12561,client_12561@domain.com,2009-12-01
12539,Direct Mail & Wholesale,United Kingdom,Metropolis,Customer,#12539,client_12539@domain.com,2009-12-01
15092,Direct Mail & Wholesale,United Kingdom,Metropolis,Customer,#15092,client_15092@domain.com,2009-12-01
16789,Direct Mail & Wholesale,United Kingdom,Metropolis,Customer,#16789,client_16789@domain.com,2009-12-01
17374,Direct Mail & Wholesale,United Kingdom,Metropolis,Customer,#17374,client_17374@domain.com,2009-12-01
13938,Direct Mail & Wholesale,United Kingdom,Metropolis,Customer,#13938,client_13938@domain.com,2009-12-01
16345,Direct Mail & Wholesale,United Kingdom,Metropolis,Customer,#16345,client_16345@domain.com,2009-12-01
18033,Direct Mail & Wholesale,Netherlands,Metropolis,Customer,#18033,client_18033@domain.com,2009-12-01
13106,Direct Mail & Wholesale,EIRE,Metropolis,Customer,#13106,client_13106@domain.com,2009-12-01
12823,Direct Mail & Wholesale,United Kingdom,Metropolis,Customer,#12823,client_12823@domain.com,2009-12-01
12446,Direct Mail & Wholesale,United Kingdom,Metropolis,Customer,#12446,client_12446@domain.com,2009-12-01
17019,Direct Mail & Wholesale,EIRE,Metropolis,Customer,#17019,client_17019@domain.com,2009-12-01
16260,Direct Mail & Wholesale,Australia,Metropolis,Customer,#16260,client_16260@domain.com,2009-12-01
17503,Direct Mail & Wholesale,United Kingdom,Metropolis,Customer,#17503,client_17503@domain.com,2009-12-01
17810,Direct Mail & Wholesale,United Kingdom,Metropolis,Customer,#17810,client_17810@domain.com,2009-12-01
13855,Direct Mail & Wholesale,United Kingdom,Metropolis,Customer,#13855,client_13855@domain.com,2009-12-01
16313,Direct Mail & Wholesale,United Kingdom,Metropolis,Customer,#16313,client_16313@domain.com,2009-12-01
12724,Direct Mail & Wholesale,United Kingdom,Metropolis,Customer,#12724,client_12724@domain.com,2009-12-01
16986,Direct Mail & Wholesale,United Kingdom,Metropolis,Customer,#16986,client_16986@domain.com,2009-12-01
17029,Direct Mail & Wholesale,United Kingdom,Metropolis,Customer,#17029,client_17029@domain.com,2009-12-01
15064,Direct Mail & Wholesale,United Kingdom,Metropolis,Customer,#15064,client_15064@domain.com,2009-12-01
16355,Direct Mail & Wholesale,Switzerland,Metropolis,Customer,#16355,client_16355@domain.com,2009-12-01
13196,Direct Mail & Wholesale,United Kingdom,Metropolis,Customer,#13196,client_13196@domain.com,2009-12-01
14808,Direct Mail & Wholesale,Germany,Metropolis,Customer,#14808,client_14808@domain.com,2009-12-01
16894,Direct Mail & Wholesale,United Kingdom,Metropolis,Customer,#16894,client_16894@domain.com,2009-12-01
13316,Direct Mail & Wholesale,United Kingdom,Metropolis,Customer,#13316,client_13316@domain.com,2009-12-01
12725,Direct Mail & Wholesale,Germany,Metropolis,Customer,#12725,client_12725@domain.com,2009-12-01
14085,Direct Mail & Wholesale,United Kingdom,Metropolis,Customer,#14085,client_14085@domain.com,2009-12-01
13104,Direct Mail & Wholesale,United Kingdom,Metropolis,Customer,#13104,client_13104@domain.com,2009-12-01
17615,Direct Mail & Wholesale,United Kingdom,Metropolis,Customer,#17615,client_17615@domain.com,2009-12-01
17195,Direct Mail & Wholesale,United Kingdom,Metropolis,Customer,#17195,client_17195@domain.com,2009-12-01
15574,Direct Mail & Wholesale,France,Metropolis,Customer,#15574,client_15574@domain.com,2009-12-01
14112,Direct Mail & Wholesale,United Kingdom,Metropolis,Customer,#14112,client_14112@domain.com,2009-12-01
15130,Direct Mail & Wholesale,United Kingdom,Metropolis,Customer,#15130,client_15130@domain.com,2009-12-01
12477,Direct Mail & Wholesale,United Kingdom,Metropolis,Customer,#12477,client_12477@domain.com,2009-12-01
15329,Direct Mail & Wholesale,United Kingdom,Metropolis,Customer,#15329,client_15329@domain.com,2009-12-01
17431,Direct Mail & Wholesale,United Kingdom,Metropolis,Customer,#17431,client_17431@domain.com,2009-12-01
15906,Direct Mail & Wholesale,Germany,Metropolis,Customer,#15906,client_15906@domain.com,2009-12-01
13326,Direct Mail & Wholesale,United Kingdom,Metropolis,Customer,#13326,client_13326@domain.com,2009-12-01
13868,Direct Mail & Wholesale,United Kingdom,Metropolis,Customer,#13868,client_13868@domain.com,2009-12-01
16070,Direct Mail & Wholesale,United Kingdom,Metropolis,Customer,#16070,client_16070@domain.com,2009-12-01
17930,Direct Mail & Wholesale,United Kingdom,Metropolis,Customer,#17930,client_17930@domain.com,2009-12-01
17783,Direct Mail & Wholesale,United Kingdom,Metropolis,Customer,#17783,client_17783@domain.com,2009-12-01
15215,Direct Mail & Wholesale,United Kingdom,Metropolis,Customer,#15215,client_15215@domain.com,2009-12-01
15137,Direct Mail & Wholesale,United Kingdom,Metropolis,Customer,#15137,client_15137@domain.com,2009-12-01
14748,Direct Mail & Wholesale,France,Metropolis,Customer,#14748,client_14748@domain.com,2009-12-01
13458,Direct Mail & Wholesale,Germany,Metropolis,Customer,#13458,client_13458@domain.com,2009-12-01
17732,Direct Mail & Wholesale,United Kingdom,Metropolis,Customer,#17732,client_17732@domain.com,2009-12-01
13473,Direct Mail & Wholesale,United Kingdom,Metropolis,Customer,#13473,client_13473@domain.com,2009-12-01
16062,Direct Mail & Wholesale,United Kingdom,Metropolis,Customer,#16062,client_16062@domain.com,2009-12-01
18205,Direct Mail & Wholesale,United Kingdom,Metropolis,Customer,#18205,client_18205@domain.com,2009-12-01
16257,Direct Mail & Wholesale,United Kingdom,Metropolis,Customer,#16257,client_16257@domain.com,2009-12-01
13520,Direct Mail & Wholesale,United Kingdom,Metropolis,Customer,#13520,client_13520@domain.com,2009-12-01
15187,Direct Mail & Wholesale,United Kingdom,Metropolis,Customer,#15187,client_15187@domain.com,2009-12-01
18118,Direct Mail & Wholesale,United Kingdom,Metropolis,Customer,#18118,client_18118@domain.com,2009-12-01
17238,Direct Mail & Wholesale,United Kingdom,Metropolis,Customer,#17238,client_17238@domain.com,2009-12-01
18186,Direct Mail & Wholesale,United Kingdom,Metropolis,Customer,#18186,client_18186@domain.com,2009-12-01
12350,Direct Mail & Wholesale,Spain,Metropolis,Customer,#12350,client_12350@domain.com,2009-12-01
16095,Direct Mail & Wholesale,United Kingdom,Metropolis,Customer,#16095,client_16095@domain.com,2009-12-01
17076,Direct Mail & Wholesale,United Kingdom,Metropolis,Customer,#17076,client_17076@domain.com,2009-12-01
15030,Direct Mail & Wholesale,United Kingdom,Metropolis,Customer,#15030,client_15030@domain.com,2009-12-01
12683,Direct Mail & Wholesale,France,Metropolis,Customer,#12683,client_12683@domain.com,2009-12-01
12849,Direct Mail & Wholesale,United Kingdom,Metropolis,Customer,#12849,client_12849@domain.com,2009-12-01
12358,Direct Mail & Wholesale,United Kingdom,Metropolis,Customer,#12358,client_12358@domain.com,2009-12-01
17938,Direct Mail & Wholesale,United Kingdom,Metropolis,Customer,#17938,client_17938@domain.com,2009-12-01
14073,Direct Mail & Wholesale,Germany,Metropolis,Customer,#14073,client_14073@domain.com,2009-12-01
13626,Direct Mail & Wholesale,Germany,Metropolis,Customer,#13626,client_13626@domain.com,2009-12-01
17774,Direct Mail & Wholesale,United Kingdom,Metropolis,Customer,#17774,client_17774@domain.com,2009-12-01
15860,Direct Mail & Wholesale,United Kingdom,Metropolis,Customer,#15860,client_15860@domain.com,2009-12-01
16978,Direct Mail & Wholesale,United Kingdom,Metropolis,Customer,#16978,client_16978@domain.com,2009-12-01
18252,Direct Mail & Wholesale,United Kingdom,Metropolis,Customer,#18252,client_18252@domain.com,2009-12-01
14337,Direct Mail & Wholesale,United Kingdom,Metropolis,Customer,#14337,client_14337@domain.com,2009-12-01
16977,Direct Mail & Wholesale,United Kingdom,Metropolis,Customer,#16977,client_16977@domain.com,2009-12-01
13517,Direct Mail & Wholesale,Germany,Metropolis,Customer,#13517,client_13517@domain.com,2009-12-01
12936,Direct Mail & Wholesale,United Kingdom,Metropolis,Customer,#12936,client_12936@domain.com,2009-12-01
12735,Direct Mail & Wholesale,United Kingdom,Metropolis,Customer,#12735,client_12735@domain.com,2009-12-01
12836,Direct Mail & Wholesale,United Kingdom,Metropolis,Customer,#12836,client_12836@domain.com,2009-12-01
12814,Direct Mail & Wholesale,United Kingdom,Metropolis,Customer,#12814,client_12814@domain.com,2009-12-01
17618,Direct Mail & Wholesale,United Kingdom,Metropolis,Customer,#17618,client_17618@domain.com,2009-12-01
16120,Direct Mail & Wholesale,United Kingdom,Metropolis,Customer,#16120,client_16120@domain.com,2009-12-01
17120,Direct Mail & Wholesale,United Kingdom,Metropolis,Customer,#17120,client_17120@domain.com,2009-12-01
14562,Direct Mail & Wholesale,Belgium,Metropolis,Customer,#14562,client_14562@domain.com,2009-12-01
17788,Direct Mail & Wholesale,United Kingdom,Metropolis,Customer,#17788,client_17788@domain.com,2009-12-01
13592,Direct Mail & Wholesale,United Kingdom,Metropolis,Customer,#13592,client_13592@domain.com,2009-12-01
12376,Direct Mail & Wholesale,United Kingdom,Metropolis,Customer,#12376,client_12376@domain.com,2009-12-01
17133,Direct Mail & Wholesale,United Kingdom,Metropolis,Customer,#17133,client_17133@domain.com,2009-12-01
15840,Direct Mail & Wholesale,United Kingdom,Metropolis,Customer,#15840,client_15840@domain.com,2009-12-01
13732,Direct Mail & Wholesale,United Kingdom,Metropolis,Customer,#13732,client_13732@domain.com,2009-12-01
17127,Direct Mail & Wholesale,United Kingdom,Metropolis,Customer,#17127,client_17127@domain.com,2009-12-01
13564,Direct Mail & Wholesale,United Kingdom,Metropolis,Customer,#13564,client_13564@domain.com,2009-12-01
16436,Direct Mail & Wholesale,United Kingdom,Metropolis,Customer,#16436,client_16436@domain.com,2009-12-01
17166,Direct Mail & Wholesale,United Kingdom,Metropolis,Customer,#17166,client_17166@domain.com,2009-12-01
14517,Direct Mail & Wholesale,Germany,Metropolis,Customer,#14517,client_14517@domain.com,2009-12-01
14828,Direct Mail & Wholesale,United Kingdom,Metropolis,Customer,#14828,client_14828@domain.com,2009-12-01
17971,Direct Mail & Wholesale,United Kingdom,Metropolis,Customer,#17971,client_17971@domain.com,2009-12-01
14289,Direct Mail & Wholesale,United Kingdom,Metropolis,Customer,#14289,client_14289@domain.com,2009-12-01
16412,Direct Mail & Wholesale,United Kingdom,Metropolis,Customer,#16412,client_16412@domain.com,2009-12-01
14802,Direct Mail & Wholesale,United Kingdom,Metropolis,Customer,#14802,client_14802@domain.com,2009-12-01
14314,Direct Mail & Wholesale,United Kingdom,Metropolis,Customer,#14314,client_14314@domain.com,2009-12-01
13625,Direct Mail & Wholesale,United Kingdom,Metropolis,Customer,#13625,client_13625@domain.com,2009-12-01
13242,Direct Mail & Wholesale,United Kingdom,Metropolis,Customer,#13242,client_13242@domain.com,2009-12-01
16533,Direct Mail & Wholesale,United Kingdom,Metropolis,Customer,#16533,client_16533@domain.com,2009-12-01
17486,Direct Mail & Wholesale,United Kingdom,Metropolis,Customer,#17486,client_17486@domain.com,2009-12-01
14582,Direct Mail & Wholesale,United Kingdom,Metropolis,Customer,#14582,client_14582@domain.com,2009-12-01
12977,Direct Mail & Wholesale,United Kingdom,Metropolis,Customer,#12977,client_12977@domain.com,2009-12-01
15692,Direct Mail & Wholesale,United Kingdom,Metropolis,Customer,#15692,client_15692@domain.com,2009-12-01
14375,Direct Mail & Wholesale,United Kingdom,Metropolis,Customer,#14375,client_14375@domain.com,2009-12-01
12508,Direct Mail & Wholesale,United Kingdom,Metropolis,Customer,#12508,client_12508@domain.com,2009-12-01
17401,Direct Mail & Wholesale,United Kingdom,Metropolis,Customer,#17401,client_17401@domain.com,2009-12-01
16377,Direct Mail & Wholesale,United Kingdom,Metropolis,Customer,#16377,client_16377@domain.com,2009-12-01
16242,Direct Mail & Wholesale,Germany,Metropolis,Customer,#16242,client_16242@domain.com,2009-12-01
14586,Direct Mail & Wholesale,United Kingdom,Metropolis,Customer,#14586,client_14586@domain.com,2009-12-01
12892,Direct Mail & Wholesale,United Kingdom,Metropolis,Customer,#12892,client_12892@domain.com,2009-12-01
16308,Direct Mail & Wholesale,United Kingdom,Metropolis,Customer,#16308,client_16308@domain.com,2009-12-01
12833,Direct Mail & Wholesale,France,Metropolis,Customer,#12833,client_12833@domain.com,2009-12-01
14009,Direct Mail & Wholesale,United Kingdom,Metropolis,Customer,#14009,client_14009@domain.com,2009-12-01
12366,Direct Mail & Wholesale,United Kingdom,Metropolis,Customer,#12366,client_12366@domain.com,2009-12-01
15627,Direct Mail & Wholesale,United Kingdom,Metropolis,Customer,#15627,client_15627@domain.com,2009-12-01
12555,Direct Mail & Wholesale,United Kingdom,Metropolis,Customer,#12555,client_12555@domain.com,2009-12-01
12406,Direct Mail & Wholesale,Germany,Metropolis,Customer,#12406,client_12406@domain.com,2009-12-01
12602,Direct Mail & Wholesale,United Kingdom,Metropolis,Customer,#12602,client_12602@domain.com,2009-12-01
12701,Direct Mail & Wholesale,United Kingdom,Metropolis,Customer,#12701,client_12701@domain.com,2009-12-01
18022,Direct Mail & Wholesale,United Kingdom,Metropolis,Customer,#18022,client_18022@domain.com,2009-12-01
12944,Direct Mail & Wholesale,Australia,Metropolis,Customer,#12944,client_12944@domain.com,2009-12-01
14143,Direct Mail & Wholesale,United Kingdom,Metropolis,Customer,#14143,client_14143@domain.com,2009-12-01
14791,Direct Mail & Wholesale,United Kingdom,Metropolis,Customer,#14791,client_14791@domain.com,2009-12-01
16246,Direct Mail & Wholesale,United Kingdom,Metropolis,Customer,#16246,client_16246@domain.com,2009-12-01
13420,Direct Mail & Wholesale,United Kingdom,Metropolis,Customer,#13420,client_13420@domain.com,2009-12-01
12655,Direct Mail & Wholesale,United Kingdom,Metropolis,Customer,#12655,client_12655@domain.com,2009-12-01
17533,Direct Mail & Wholesale,United Kingdom,Metropolis,Customer,#17533,client_17533@domain.com,2009-12-01
15959,Direct Mail & Wholesale,EIRE,Metropolis,Customer,#15959,client_15959@domain.com,2009-12-01
17679,Direct Mail & Wholesale,United Kingdom,Metropolis,Customer,#17679,client_17679@domain.com,2009-12-01
15141,Direct Mail & Wholesale,EIRE,Metropolis,Customer,#15141,client_15141@domain.com,2009-12-01
14457,Direct Mail & Wholesale,United Kingdom,Metropolis,Customer,#14457,client_14457@domain.com,2009-12-01
13324,Direct Mail & Wholesale,United Kingdom,Metropolis,Customer,#13324,client_13324@domain.com,2009-12-01
13912,Direct Mail & Wholesale,United Kingdom,Metropolis,Customer,#13912,client_13912@domain.com,2009-12-01
13409,Direct Mail & Wholesale,United Kingdom,Metropolis,Customer,#13409,client_13409@domain.com,2009-12-01
15732,Direct Mail & Wholesale,United Kingdom,Metropolis,Customer,#15732,client_15732@domain.com,2009-12-01
13081,Direct Mail & Wholesale,United Kingdom,Metropolis,Customer,#13081,client_13081@domain.com,2009-12-01
12902,Direct Mail & Wholesale,United Kingdom,Metropolis,Customer,#12902,client_12902@domain.com,2009-12-01
15068,Direct Mail & Wholesale,United Kingdom,Metropolis,Customer,#15068,client_15068@domain.com,2009-12-01
14496,Direct Mail & Wholesale,United Kingdom,Metropolis,Customer,#14496,client_14496@domain.com,2009-12-01
13182,Direct Mail & Wholesale,United Kingdom,Metropolis,Customer,#13182,client_13182@domain.com,2009-12-01
15418,Direct Mail & Wholesale,United Kingdom,Metropolis,Customer,#15418,client_15418@domain.com,2009-12-01
16268,Direct Mail & Wholesale,United Kingdom,Metropolis,Customer,#16268,client_16268@domain.com,2009-12-01
14043,Direct Mail & Wholesale,United Kingdom,Metropolis,Customer,#14043,client_14043@domain.com,2009-12-01
17840,Direct Mail & Wholesale,Germany,Metropolis,Customer,#17840,client_17840@domain.com,2009-12-01
17071,Direct Mail & Wholesale,United Kingdom,Metropolis,Customer,#17071,client_17071@domain.com,2009-12-01
17321,Direct Mail & Wholesale,Portugal,Metropolis,Customer,#17321,client_17321@domain.com,2009-12-01
13689,Direct Mail & Wholesale,United Kingdom,Metropolis,Customer,#13689,client_13689@domain.com,2009-12-01
16183,Direct Mail & Wholesale,United Kingdom,Metropolis,Customer,#16183,client_16183@domain.com,2009-12-01
14753,Direct Mail & Wholesale,United Kingdom,Metropolis,Customer,#14753,client_14753@domain.com,2009-12-01
14995,Direct Mail & Wholesale,United Kingdom,Metropolis,Customer,#14995,client_14995@domain.com,2009-12-01
14088,Direct Mail & Wholesale,Germany,Metropolis,Customer,#14088,client_14088@domain.com,2009-12-01
15037,Direct Mail & Wholesale,Germany,Metropolis,Customer,#15037,client_15037@domain.com,2009-12-01
13665,Direct Mail & Wholesale,France,Metropolis,Customer,#13665,client_13665@domain.com,2009-12-01
13596,Direct Mail & Wholesale,United Kingdom,Metropolis,Customer,#13596,client_13596@domain.com,2009-12-01
12947,Direct Mail & Wholesale,United Kingdom,Metropolis,Customer,#12947,client_12947@domain.com,2009-12-01
14094,Direct Mail & Wholesale,United Kingdom,Metropolis,Customer,#14094,client_14094@domain.com,2009-12-01
13669,Direct Mail & Wholesale,United Kingdom,Metropolis,Customer,#13669,client_13669@domain.com,2009-12-01
17859,Direct Mail & Wholesale,United Kingdom,Metropolis,Customer,#17859,client_17859@domain.com,2009-12-01
14729,Direct Mail & Wholesale,United Kingdom,Metropolis,Customer,#14729,client_14729@domain.com,2009-12-01
16803,Direct Mail & Wholesale,United Kingdom,Metropolis,Customer,#16803,client_16803@domain.com,2009-12-01
15810,Direct Mail & Wholesale,United Kingdom,Metropolis,Customer,#15810,client_15810@domain.com,2009-12-01
13719,Direct Mail & Wholesale,United Kingdom,Metropolis,Customer,#13719,client_13719@domain.com,2009-12-01
16374,Direct Mail & Wholesale,United Kingdom,Metropolis,Customer,#16374,client_16374@domain.com,2009-12-01
14031,Direct Mail & Wholesale,United Kingdom,Metropolis,Customer,#14031,client_14031@domain.com,2009-12-01
12401,Direct Mail & Wholesale,United Kingdom,Metropolis,Customer,#12401,client_12401@domain.com,2009-12-01
13576,Direct Mail & Wholesale,United Kingdom,Metropolis,Customer,#13576,client_13576@domain.com,2009-12-01
13911,Direct Mail & Wholesale,United Kingdom,Metropolis,Customer,#13911,client_13911@domain.com,2009-12-01
16325,Direct Mail & Wholesale,United Kingdom,Metropolis,Customer,#16325,client_16325@domain.com,2009-12-01
14409,Direct Mail & Wholesale,United Kingdom,Metropolis,Customer,#14409,client_14409@domain.com,2009-12-01
14019,Direct Mail & Wholesale,United Kingdom,Metropolis,Customer,#14019,client_14019@domain.com,2009-12-01
13874,Direct Mail & Wholesale,United Kingdom,Metropolis,Customer,#13874,client_13874@domain.com,2009-12-01
17085,Direct Mail & Wholesale,EIRE,Metropolis,Customer,#17085,client_17085@domain.com,2009-12-01
16925,Direct Mail & Wholesale,United Kingdom,Metropolis,Customer,#16925,client_16925@domain.com,2009-12-01
12584,Direct Mail & Wholesale,United Kingdom,Metropolis,Customer,#12584,client_12584@domain.com,2009-12-01
14341,Direct Mail & Wholesale,United Kingdom,Metropolis,Customer,#14341,client_14341@domain.com,2009-12-01
15694,Direct Mail & Wholesale,United Kingdom,Metropolis,Customer,#15694,client_15694@domain.com,2009-12-01
13532,Direct Mail & Wholesale,United Kingdom,Metropolis,Customer,#13532,client_13532@domain.com,2009-12-01
16105,Direct Mail & Wholesale,United Kingdom,Metropolis,Customer,#16105,client_16105@domain.com,2009-12-01
16248,Direct Mail & Wholesale,United Kingdom,Metropolis,Customer,#16248,client_16248@domain.com,2009-12-01
14941,Direct Mail & Wholesale,United Kingdom,Metropolis,Customer,#14941,client_14941@domain.com,2009-12-01
13215,Direct Mail & Wholesale,Germany,Metropolis,Customer,#13215,client_13215@domain.com,2009-12-01
17232,Direct Mail & Wholesale,United Kingdom,Metropolis,Customer,#17232,client_17232@domain.com,2009-12-01
12403,Direct Mail & Wholesale,United Kingdom,Metropolis,Customer,#12403,client_12403@domain.com,2009-12-01
12577,Direct Mail & Wholesale,United Kingdom,Metropolis,Customer,#12577,client_12577@domain.com,2009-12-01
16561,Direct Mail & Wholesale,United Kingdom,Metropolis,Customer,#16561,client_16561@domain.com,2009-12-01
12768,Direct Mail & Wholesale,Spain,Metropolis,Customer,#12768,client_12768@domain.com,2009-12-01
14404,Direct Mail & Wholesale,United Kingdom,Metropolis,Customer,#14404,client_14404@domain.com,2009-12-01
15818,Direct Mail & Wholesale,United Kingdom,Metropolis,Customer,#15818,client_15818@domain.com,2009-12-01
17706,Direct Mail & Wholesale,United Kingdom,Metropolis,Customer,#17706,client_17706@domain.com,2009-12-01
12556,Direct Mail & Wholesale,United Kingdom,Metropolis,Customer,#12556,client_12556@domain.com,2009-12-01
16845,Direct Mail & Wholesale,United Kingdom,Metropolis,Customer,#16845,client_16845@domain.com,2009-12-01
16740,Direct Mail & Wholesale,United Kingdom,Metropolis,Customer,#16740,client_16740@domain.com,2009-12-01
13152,Direct Mail & Wholesale,United Kingdom,Metropolis,Customer,#13152,client_13152@domain.com,2009-12-01
17369,Direct Mail & Wholesale,United Kingdom,Metropolis,Customer,#17369,client_17369@domain.com,2009-12-01
17735,Direct Mail & Wholesale,Belgium,Metropolis,Customer,#17735,client_17735@domain.com,2009-12-01
13672,Direct Mail & Wholesale,United Kingdom,Metropolis,Customer,#13672,client_13672@domain.com,2009-12-01
14968,Direct Mail & Wholesale,United Kingdom,Metropolis,Customer,#14968,client_14968@domain.com,2009-12-01
12638,Direct Mail & Wholesale,United Kingdom,Metropolis,Customer,#12638,client_12638@domain.com,2009-12-01
16745,Direct Mail & Wholesale,United Kingdom,Metropolis,Customer,#16745,client_16745@domain.com,2009-12-01
12590,Direct Mail & Wholesale,France,Metropolis,Customer,#12590,client_12590@domain.com,2009-12-01
17612,Direct Mail & Wholesale,Germany,Metropolis,Customer,#17612,client_17612@domain.com,2009-12-01
16943,Direct Mail & Wholesale,United Kingdom,Metropolis,Customer,#16943,client_16943@domain.com,2009-12-01
12941,Direct Mail & Wholesale,United Kingdom,Metropolis,Customer,#12941,client_12941@domain.com,2009-12-01
17386,Direct Mail & Wholesale,United Kingdom,Metropolis,Customer,#17386,client_17386@domain.com,2009-12-01
15202,Direct Mail & Wholesale,France,Metropolis,Customer,#15202,client_15202@domain.com,2009-12-01
16112,Direct Mail & Wholesale,United Kingdom,Metropolis,Customer,#16112,client_16112@domain.com,2009-12-01
14029,Direct Mail & Wholesale,United Kingdom,Metropolis,Customer,#14029,client_14029@domain.com,2009-12-01
17006,Direct Mail & Wholesale,Germany,Metropolis,Customer,#17006,client_17006@domain.com,2009-12-01
15134,Direct Mail & Wholesale,Germany,Metropolis,Customer,#15134,client_15134@domain.com,2009-12-01
12809,Direct Mail & Wholesale,Germany,Metropolis,Customer,#12809,client_12809@domain.com,2009-12-01
13348,Direct Mail & Wholesale,United Kingdom,Metropolis,Customer,#13348,client_13348@domain.com,2009-12-01
13298,Direct Mail & Wholesale,France,Metropolis,Customer,#13298,client_13298@domain.com,2009-12-01
13264,Direct Mail & Wholesale,United Kingdom,Metropolis,Customer,#13264,client_13264@domain.com,2009-12-01
12681,Direct Mail & Wholesale,United Kingdom,Metropolis,Customer,#12681,client_12681@domain.com,2009-12-01
15210,Direct Mail & Wholesale,United Kingdom,Metropolis,Customer,#15210,client_15210@domain.com,2009-12-01
13157,Direct Mail & Wholesale,United Kingdom,Metropolis,Customer,#13157,client_13157@domain.com,2009-12-01
13666,Direct Mail & Wholesale,United Kingdom,Metropolis,Customer,#13666,client_13666@domain.com,2009-12-01
18204,Direct Mail & Wholesale,United Kingdom,Metropolis,Customer,#18204,client_18204@domain.com,2009-12-01
18287,Direct Mail & Wholesale,United Kingdom,Metropolis,Customer,#18287,client_18287@domain.com,2009-12-01
17688,Direct Mail & Wholesale,United Kingdom,Metropolis,Customer,#17688,client_17688@domain.com,2009-12-01
13534,Direct Mail & Wholesale,United Kingdom,Metropolis,Customer,#13534,client_13534@domain.com,2009-12-01
17724,Direct Mail & Wholesale,United Kingdom,Metropolis,Customer,#17724,client_17724@domain.com,2009-12-01
14497,Direct Mail & Wholesale,United Kingdom,Metropolis,Customer,#14497,client_14497@domain.com,2009-12-01
13794,Direct Mail & Wholesale,United Kingdom,Metropolis,Customer,#13794,client_13794@domain.com,2009-12-01
12414,Direct Mail & Wholesale,EIRE,Metropolis,Customer,#12414,client_12414@domain.com,2009-12-01
14633,Direct Mail & Wholesale,United Kingdom,Metropolis,Customer,#14633,client_14633@domain.com,2009-12-01
14524,Direct Mail & Wholesale,United Kingdom,Metropolis,Customer,#14524,client_14524@domain.com,2009-12-01
14671,Direct Mail & Wholesale,United Kingdom,Metropolis,Customer,#14671,client_14671@domain.com,2009-12-01
14167,Direct Mail & Wholesale,United Kingdom,Metropolis,Customer,#14167,client_14167@domain.com,2009-12-01
18023,Direct Mail & Wholesale,United Kingdom,Metropolis,Customer,#18023,client_18023@domain.com,2009-12-01
14528,Direct Mail & Wholesale,Germany,Metropolis,Customer,#14528,client_14528@domain.com,2009-12-01
18233,Direct Mail & Wholesale,United Kingdom,Metropolis,Customer,#18233,client_18233@domain.com,2009-12-01
13694,Direct Mail & Wholesale,France,Metropolis,Customer,#13694,client_13694@domain.com,2009-12-01
14523,Direct Mail & Wholesale,United Kingdom,Metropolis,Customer,#14523,client_14523@domain.com,2009-12-01
13126,Direct Mail & Wholesale,United Kingdom,Metropolis,Customer,#13126,client_13126@domain.com,2009-12-01
17852,Direct Mail & Wholesale,United Kingdom,Metropolis,Customer,#17852,client_17852@domain.com,2009-12-01
14629,Direct Mail & Wholesale,United Kingdom,Metropolis,Customer,#14629,client_14629@domain.com,2009-12-01
12388,Direct Mail & Wholesale,Germany,Metropolis,Customer,#12388,client_12388@domain.com,2009-12-01
13481,Direct Mail & Wholesale,United Kingdom,Metropolis,Customer,#13481,client_13481@domain.com,2009-12-01
12822,Direct Mail & Wholesale,France,Metropolis,Customer,#12822,client_12822@domain.com,2009-12-01
15455,Direct Mail & Wholesale,Belgium,Metropolis,Customer,#15455,client_15455@domain.com,2009-12-01
14726,Direct Mail & Wholesale,United Kingdom,Metropolis,Customer,#14726,client_14726@domain.com,2009-12-01
17954,Direct Mail & Wholesale,United Kingdom,Metropolis,Customer,#17954,client_17954@domain.com,2009-12-01
13783,Direct Mail & Wholesale,United Kingdom,Metropolis,Customer,#13783,client_13783@domain.com,2009-12-01
14122,Direct Mail & Wholesale,United Kingdom,Metropolis,Customer,#14122,client_14122@domain.com,2009-12-01
18178,Direct Mail & Wholesale,United Kingdom,Metropolis,Customer,#18178,client_18178@domain.com,2009-12-01
17512,Direct Mail & Wholesale,United Kingdom,Metropolis,Customer,#17512,client_17512@domain.com,2009-12-01
15496,Direct Mail & Wholesale,United Kingdom,Metropolis,Customer,#15496,client_15496@domain.com,2009-12-01
15868,Direct Mail & Wholesale,United Kingdom,Metropolis,Customer,#15868,client_15868@domain.com,2009-12-01
16225,Direct Mail & Wholesale,United Kingdom,Metropolis,Customer,#16225,client_16225@domain.com,2009-12-01
15436,Direct Mail & Wholesale,United Kingdom,Metropolis,Customer,#15436,client_15436@domain.com,2009-12-01
17389,Direct Mail & Wholesale,EIRE,Metropolis,Customer,#17389,client_17389@domain.com,2009-12-01
16399,Direct Mail & Wholesale,Germany,Metropolis,Customer,#16399,client_16399@domain.com,2009-12-01
17044,Direct Mail & Wholesale,United Kingdom,Metropolis,Customer,#17044,client_17044@domain.com,2009-12-01
17934,Direct Mail & Wholesale,United Kingdom,Metropolis,Customer,#17934,client_17934@domain.com,2009-12-01
14254,Direct Mail & Wholesale,United Kingdom,Metropolis,Customer,#14254,client_14254@domain.com,2009-12-01
17439,Direct Mail & Wholesale,United Kingdom,Metropolis,Customer,#17439,client_17439@domain.com,2009-12-01
14917,Direct Mail & Wholesale,United Kingdom,Metropolis,Customer,#14917,client_14917@domain.com,2009-12-01
13277,Direct Mail & Wholesale,United Kingdom,Metropolis,Customer,#13277,client_13277@domain.com,2009-12-01
16283,Direct Mail & Wholesale,United Kingdom,Metropolis,Customer,#16283,client_16283@domain.com,2009-12-01
13443,Direct Mail & Wholesale,United Kingdom,Metropolis,Customer,#13443,client_13443@domain.com,2009-12-01
16205,Direct Mail & Wholesale,United Kingdom,Metropolis,Customer,#16205,client_16205@domain.com,2009-12-01
17790,Direct Mail & Wholesale,United Kingdom,Metropolis,Customer,#17790,client_17790@domain.com,2009-12-01
14675,Direct Mail & Wholesale,United Kingdom,Metropolis,Customer,#14675,client_14675@domain.com,2009-12-01
14709,Direct Mail & Wholesale,United Kingdom,Metropolis,Customer,#14709,client_14709@domain.com,2009-12-01
14556,Direct Mail & Wholesale,United Kingdom,Metropolis,Customer,#14556,client_14556@domain.com,2009-12-01
16299,Direct Mail & Wholesale,United Kingdom,Metropolis,Customer,#16299,client_16299@domain.com,2009-12-01
18200,Direct Mail & Wholesale,United Kingdom,Metropolis,Customer,#18200,client_18200@domain.com,2009-12-01
12964,Direct Mail & Wholesale,United Kingdom,Metropolis,Customer,#12964,client_12964@domain.com,2009-12-01
13250,Direct Mail & Wholesale,United Kingdom,Metropolis,Customer,#13250,client_13250@domain.com,2009-12-01
14176,Direct Mail & Wholesale,United Kingdom,Metropolis,Customer,#14176,client_14176@domain.com,2009-12-01
13236,Direct Mail & Wholesale,United Kingdom,Metropolis,Customer,#13236,client_13236@domain.com,2009-12-01
16869,Direct Mail & Wholesale,United Kingdom,Metropolis,Customer,#16869,client_16869@domain.com,2009-12-01
16954,Direct Mail & Wholesale,United Kingdom,Metropolis,Customer,#16954,client_16954@domain.com,2009-12-01
13121,Direct Mail & Wholesale,United Kingdom,Metropolis,Customer,#13121,client_13121@domain.com,2009-12-01
13661,Direct Mail & Wholesale,Germany,Metropolis,Customer,#13661,client_13661@domain.com,2009-12-01
13070,Direct Mail & Wholesale,United Kingdom,Metropolis,Customer,#13070,client_13070@domain.com,2009-12-01
17052,Direct Mail & Wholesale,United Kingdom,Metropolis,Customer,#17052,client_17052@domain.com,2009-12-01
15985,Direct Mail & Wholesale,United Kingdom,Metropolis,Customer,#15985,client_15985@domain.com,2009-12-01
13602,Direct Mail & Wholesale,France,Metropolis,Customer,#13602,client_13602@domain.com,2009-12-01
17472,Direct Mail & Wholesale,United Kingdom,Metropolis,Customer,#17472,client_17472@domain.com,2009-12-01
16630,Direct Mail & Wholesale,United Kingdom,Metropolis,Customer,#16630,client_16630@domain.com,2009-12-01
16312,Direct Mail & Wholesale,United Kingdom,Metropolis,Customer,#16312,client_16312@domain.com,2009-12-01
14323,Direct Mail & Wholesale,United Kingdom,Metropolis,Customer,#14323,client_14323@domain.com,2009-12-01
13579,Direct Mail & Wholesale,France,Metropolis,Customer,#13579,client_13579@domain.com,2009-12-01
15898,Direct Mail & Wholesale,United Kingdom,Metropolis,Customer,#15898,client_15898@domain.com,2009-12-01
14487,Direct Mail & Wholesale,United Kingdom,Metropolis,Customer,#14487,client_14487@domain.com,2009-12-01
14155,Direct Mail & Wholesale,United Kingdom,Metropolis,Customer,#14155,client_14155@domain.com,2009-12-01
13683,Direct Mail & Wholesale,United Kingdom,Metropolis,Customer,#13683,client_13683@domain.com,2009-12-01
14989,Direct Mail & Wholesale,United Kingdom,Metropolis,Customer,#14989,client_14989@domain.com,2009-12-01
14521,Direct Mail & Wholesale,United Kingdom,Metropolis,Customer,#14521,client_14521@domain.com,2009-12-01
17678,Direct Mail & Wholesale,United Kingdom,Metropolis,Customer,#17678,client_17678@domain.com,2009-12-01
17776,Direct Mail & Wholesale,United Kingdom,Metropolis,Customer,#17776,client_17776@domain.com,2009-12-01
15792,Direct Mail & Wholesale,United Kingdom,Metropolis,Customer,#15792,client_15792@domain.com,2009-12-01
14191,Direct Mail & Wholesale,United Kingdom,Metropolis,Customer,#14191,client_14191@domain.com,2009-12-01
14065,Direct Mail & Wholesale,United Kingdom,Metropolis,Customer,#14065,client_14065@domain.com,2009-12-01
12529,Direct Mail & Wholesale,United Kingdom,Metropolis,Customer,#12529,client_12529@domain.com,2009-12-01
17839,Direct Mail & Wholesale,United Kingdom,Metropolis,Customer,#17839,client_17839@domain.com,2009-12-01
12373,Direct Mail & Wholesale,EIRE,Metropolis,Customer,#12373,client_12373@domain.com,2009-12-01
13087,Direct Mail & Wholesale,France,Metropolis,Customer,#13087,client_13087@domain.com,2009-12-01
13173,Direct Mail & Wholesale,United Kingdom,Metropolis,Customer,#13173,client_13173@domain.com,2009-12-01
16522,Direct Mail & Wholesale,United Kingdom,Metropolis,Customer,#16522,client_16522@domain.com,2009-12-01
15836,Direct Mail & Wholesale,United Kingdom,Metropolis,Customer,#15836,client_15836@domain.com,2009-12-01
16668,Direct Mail & Wholesale,United Kingdom,Metropolis,Customer,#16668,client_16668@domain.com,2009-12-01
15844,Direct Mail & Wholesale,United Kingdom,Metropolis,Customer,#15844,client_15844@domain.com,2009-12-01
17243,Direct Mail & Wholesale,United Kingdom,Metropolis,Customer,#17243,client_17243@domain.com,2009-12-01
12636,Direct Mail & Wholesale,United Kingdom,Metropolis,Customer,#12636,client_12636@domain.com,2009-12-01
17208,Direct Mail & Wholesale,France,Metropolis,Customer,#17208,client_17208@domain.com,2009-12-01
13636,Direct Mail & Wholesale,United Kingdom,Metropolis,Customer,#13636,client_13636@domain.com,2009-12-01
16107,Direct Mail & Wholesale,United Kingdom,Metropolis,Customer,#16107,client_16107@domain.com,2009-12-01
13067,Direct Mail & Wholesale,United Kingdom,Metropolis,Customer,#13067,client_13067@domain.com,2009-12-01
14731,Direct Mail & Wholesale,United Kingdom,Metropolis,Customer,#14731,client_14731@domain.com,2009-12-01
13229,Direct Mail & Wholesale,United Kingdom,Metropolis,Customer,#13229,client_13229@domain.com,2009-12-01
14861,Direct Mail & Wholesale,United Kingdom,Metropolis,Customer,#14861,client_14861@domain.com,2009-12-01
16636,Direct Mail & Wholesale,United Kingdom,Metropolis,Customer,#16636,client_16636@domain.com,2009-12-01
15547,Direct Mail & Wholesale,United Kingdom,Metropolis,Customer,#15547,client_15547@domain.com,2009-12-01
14739,Direct Mail & Wholesale,United Kingdom,Metropolis,Customer,#14739,client_14739@domain.com,2009-12-01
17141,Direct Mail & Wholesale,United Kingdom,Metropolis,Customer,#17141,client_17141@domain.com,2009-12-01
14411,Direct Mail & Wholesale,United Kingdom,Metropolis,Customer,#14411,client_14411@domain.com,2009-12-01
15857,Direct Mail & Wholesale,United Kingdom,Metropolis,Customer,#15857,client_15857@domain.com,2009-12-01
14113,Direct Mail & Wholesale,United Kingdom,Metropolis,Customer,#14113,client_14113@domain.com,2009-12-01
12519,Direct Mail & Wholesale,France,Metropolis,Customer,#12519,client_12519@domain.com,2009-12-01
12374,Direct Mail & Wholesale,United Kingdom,Metropolis,Customer,#12374,client_12374@domain.com,2009-12-01
17036,Direct Mail & Wholesale,United Kingdom,Metropolis,Customer,#17036,client_17036@domain.com,2009-12-01
12774,Direct Mail & Wholesale,EIRE,Metropolis,Customer,#12774,client_12774@domain.com,2009-12-01
17549,Direct Mail & Wholesale,United Kingdom,Metropolis,Customer,#17549,client_17549@domain.com,2009-12-01
13584,Direct Mail & Wholesale,United Kingdom,Metropolis,Customer,#13584,client_13584@domain.com,2009-12-01
13528,Direct Mail & Wholesale,France,Metropolis,Customer,#13528,client_13528@domain.com,2009-12-01
16707,Direct Mail & Wholesale,United Kingdom,Metropolis,Customer,#16707,client_16707@domain.com,2009-12-01
13418,Direct Mail & Wholesale,United Kingdom,Metropolis,Customer,#13418,client_13418@domain.com,2009-12-01
15307,Direct Mail & Wholesale,United Kingdom,Metropolis,Customer,#15307,client_15307@domain.com,2009-12-01
14183,Direct Mail & Wholesale,United Kingdom,Metropolis,Customer,#14183,client_14183@domain.com,2009-12-01
14896,Direct Mail & Wholesale,United Kingdom,Metropolis,Customer,#14896,client_14896@domain.com,2009-12-01
16297,Direct Mail & Wholesale,United Kingdom,Metropolis,Customer,#16297,client_16297@domain.com,2009-12-01
15113,Direct Mail & Wholesale,United Kingdom,Metropolis,Customer,#15113,client_15113@domain.com,2009-12-01
15313,Direct Mail & Wholesale,United Kingdom,Metropolis,Customer,#15313,client_15313@domain.com,2009-12-01
14936,Direct Mail & Wholesale,United Kingdom,Metropolis,Customer,#14936,client_14936@domain.com,2009-12-01
17201,Direct Mail & Wholesale,United Kingdom,Metropolis,Customer,#17201,client_17201@domain.com,2009-12-01
13392,Direct Mail & Wholesale,United Kingdom,Metropolis,Customer,#13392,client_13392@domain.com,2009-12-01
17937,Direct Mail & Wholesale,Germany,Metropolis,Customer,#17937,client_17937@domain.com,2009-12-01
17769,Direct Mail & Wholesale,United Kingdom,Metropolis,Customer,#17769,client_17769@domain.com,2009-12-01
12396,Direct Mail & Wholesale,United Kingdom,Metropolis,Customer,#12396,client_12396@domain.com,2009-12-01
15786,Direct Mail & Wholesale,United Kingdom,Metropolis,Customer,#15786,client_15786@domain.com,2009-12-01
16872,Direct Mail & Wholesale,United Kingdom,Metropolis,Customer,#16872,client_16872@domain.com,2009-12-01
12460,Direct Mail & Wholesale,United Kingdom,Metropolis,Customer,#12460,client_12460@domain.com,2009-12-01
15626,Direct Mail & Wholesale,United Kingdom,Metropolis,Customer,#15626,client_15626@domain.com,2009-12-01
18187,Direct Mail & Wholesale,United Kingdom,Metropolis,Customer,#18187,client_18187@domain.com,2009-12-01
17153,Direct Mail & Wholesale,United Kingdom,Metropolis,Customer,#17153,client_17153@domain.com,2009-12-01
15950,Direct Mail & Wholesale,United Kingdom,Metropolis,Customer,#15950,client_15950@domain.com,2009-12-01
13362,Direct Mail & Wholesale,United Kingdom,Metropolis,Customer,#13362,client_13362@domain.com,2009-12-01
15513,Direct Mail & Wholesale,United Kingdom,Metropolis,Customer,#15513,client_15513@domain.com,2009-12-01
16116,Direct Mail & Wholesale,United Kingdom,Metropolis,Customer,#16116,client_16116@domain.com,2009-12-01
14312,Direct Mail & Wholesale,United Kingdom,Metropolis,Customer,#14312,client_14312@domain.com,2009-12-01
18005,Direct Mail & Wholesale,France,Metropolis,Customer,#18005,client_18005@domain.com,2009-12-01
16874,Direct Mail & Wholesale,United Kingdom,Metropolis,Customer,#16874,client_16874@domain.com,2009-12-01
16015,Direct Mail & Wholesale,United Kingdom,Metropolis,Customer,#16015,client_16015@domain.com,2009-12-01
14744,Direct Mail & Wholesale,United Kingdom,Metropolis,Customer,#14744,client_14744@domain.com,2009-12-01
16963,Direct Mail & Wholesale,United Kingdom,Metropolis,Customer,#16963,client_16963@domain.com,2009-12-01
14434,Direct Mail & Wholesale,United Kingdom,Metropolis,Customer,#14434,client_14434@domain.com,2009-12-01
14973,Direct Mail & Wholesale,United Kingdom,Metropolis,Customer,#14973,client_14973@domain.com,2009-12-01
15926,Direct Mail & Wholesale,United Kingdom,Metropolis,Customer,#15926,client_15926@domain.com,2009-12-01
17585,Direct Mail & Wholesale,United Kingdom,Metropolis,Customer,#17585,client_17585@domain.com,2009-12-01
15921,Direct Mail & Wholesale,United Kingdom,Metropolis,Customer,#15921,client_15921@domain.com,2009-12-01
17964,Direct Mail & Wholesale,United Kingdom,Metropolis,Customer,#17964,client_17964@domain.com,2009-12-01
17509,Direct Mail & Wholesale,United Kingdom,Metropolis,Customer,#17509,client_17509@domain.com,2009-12-01
17276,Direct Mail & Wholesale,United Kingdom,Metropolis,Customer,#17276,client_17276@domain.com,2009-12-01
16683,Direct Mail & Wholesale,Germany,Metropolis,Customer,#16683,client_16683@domain.com,2009-12-01
17242,Direct Mail & Wholesale,United Kingdom,Metropolis,Customer,#17242,client_17242@domain.com,2009-12-01
15207,Direct Mail & Wholesale,United Kingdom,Metropolis,Customer,#15207,client_15207@domain.com,2009-12-01
13370,Direct Mail & Wholesale,United Kingdom,Metropolis,Customer,#13370,client_13370@domain.com,2009-12-01
14546,Direct Mail & Wholesale,United Kingdom,Metropolis,Customer,#14546,client_14546@domain.com,2009-12-01
18009,Direct Mail & Wholesale,United Kingdom,Metropolis,Customer,#18009,client_18009@domain.com,2009-12-01
14649,Direct Mail & Wholesale,EIRE,Metropolis,Customer,#14649,client_14649@domain.com,2009-12-01
16973,Direct Mail & Wholesale,EIRE,Metropolis,Customer,#16973,client_16973@domain.com,2009-12-01
16918,Direct Mail & Wholesale,United Kingdom,Metropolis,Customer,#16918,client_16918@domain.com,2009-12-01
16159,Direct Mail & Wholesale,Spain,Metropolis,Customer,#16159,client_16159@domain.com,2009-12-01
15471,Direct Mail & Wholesale,United Kingdom,Metropolis,Customer,#15471,client_15471@domain.com,2009-12-01
16592,Direct Mail & Wholesale,United Kingdom,Metropolis,Customer,#16592,client_16592@domain.com,2009-12-01
17048,Direct Mail & Wholesale,United Kingdom,Metropolis,Customer,#17048,client_17048@domain.com,2009-12-01
13526,Direct Mail & Wholesale,United Kingdom,Metropolis,Customer,#13526,client_13526@domain.com,2009-12-01
13323,Direct Mail & Wholesale,Spain,Metropolis,Customer,#13323,client_13323@domain.com,2009-12-01
14049,Direct Mail & Wholesale,United Kingdom,Metropolis,Customer,#14049,client_14049@domain.com,2009-12-01
16189,Direct Mail & Wholesale,United Kingdom,Metropolis,Customer,#16189,client_16189@domain.com,2009-12-01
17538,Direct Mail & Wholesale,United Kingdom,Metropolis,Customer,#17538,client_17538@domain.com,2009-12-01
14473,Direct Mail & Wholesale,United Kingdom,Metropolis,Customer,#14473,client_14473@domain.com,2009-12-01
14690,Direct Mail & Wholesale,United Kingdom,Metropolis,Customer,#14690,client_14690@domain.com,2009-12-01
16921,Direct Mail & Wholesale,Netherlands,Metropolis,Customer,#16921,client_16921@domain.com,2009-12-01
14513,Direct Mail & Wholesale,United Kingdom,Metropolis,Customer,#14513,client_14513@domain.com,2009-12-01
14776,Direct Mail & Wholesale,United Kingdom,Metropolis,Customer,#14776,client_14776@domain.com,2009-12-01
13515,Direct Mail & Wholesale,United Kingdom,Metropolis,Customer,#13515,client_13515@domain.com,2009-12-01
12506,Direct Mail & Wholesale,United Kingdom,Metropolis,Customer,#12506,client_12506@domain.com,2009-12-01
13465,Direct Mail & Wholesale,United Kingdom,Metropolis,Customer,#13465,client_13465@domain.com,2009-12-01
17593,Direct Mail & Wholesale,United Kingdom,Metropolis,Customer,#17593,client_17593@domain.com,2009-12-01
14548,Direct Mail & Wholesale,United Kingdom,Metropolis,Customer,#14548,client_14548@domain.com,2009-12-01
16495,Direct Mail & Wholesale,Germany,Metropolis,Customer,#16495,client_16495@domain.com,2009-12-01
16710,Direct Mail & Wholesale,France,Metropolis,Customer,#16710,client_16710@domain.com,2009-12-01
17356,Direct Mail & Wholesale,United Kingdom,Metropolis,Customer,#17356,client_17356@domain.com,2009-12-01
16166,Direct Mail & Wholesale,United Kingdom,Metropolis,Customer,#16166,client_16166@domain.com,2009-12-01
16595,Direct Mail & Wholesale,United Kingdom,Metropolis,Customer,#16595,client_16595@domain.com,2009-12-01
12528,Direct Mail & Wholesale,United Kingdom,Metropolis,Customer,#12528,client_12528@domain.com,2009-12-01
14741,Direct Mail & Wholesale,United Kingdom,Metropolis,Customer,#14741,client_14741@domain.com,2009-12-01
13601,Direct Mail & Wholesale,United Kingdom,Metropolis,Customer,#13601,client_13601@domain.com,2009-12-01
12694,Direct Mail & Wholesale,United Kingdom,Metropolis,Customer,#12694,client_12694@domain.com,2009-12-01
16537,Direct Mail & Wholesale,United Kingdom,Metropolis,Customer,#16537,client_16537@domain.com,2009-12-01
14124,Direct Mail & Wholesale,Germany,Metropolis,Customer,#14124,client_14124@domain.com,2009-12-01
13105,Direct Mail & Wholesale,United Kingdom,Metropolis,Customer,#13105,client_13105@domain.com,2009-12-01
16444,Direct Mail & Wholesale,United Kingdom,Metropolis,Customer,#16444,client_16444@domain.com,2009-12-01
17536,Direct Mail & Wholesale,United Kingdom,Metropolis,Customer,#17536,client_17536@domain.com,2009-12-01
13845,Direct Mail & Wholesale,Germany,Metropolis,Customer,#13845,client_13845@domain.com,2009-12-01
18010,Direct Mail & Wholesale,United Kingdom,Metropolis,Customer,#18010,client_18010@domain.com,2009-12-01
14248,Direct Mail & Wholesale,United Kingdom,Metropolis,Customer,#14248,client_14248@domain.com,2009-12-01
17089,Direct Mail & Wholesale,United Kingdom,Metropolis,Customer,#17089,client_17089@domain.com,2009-12-01
15548,Direct Mail & Wholesale,United Kingdom,Metropolis,Customer,#15548,client_15548@domain.com,2009-12-01
12434,Direct Mail & Wholesale,United Kingdom,Metropolis,Customer,#12434,client_12434@domain.com,2009-12-01
16117,Direct Mail & Wholesale,Australia,Metropolis,Customer,#16117,client_16117@domain.com,2009-12-01
18213,Direct Mail & Wholesale,United Kingdom,Metropolis,Customer,#18213,client_18213@domain.com,2009-12-01
12949,Direct Mail & Wholesale,United Kingdom,Metropolis,Customer,#12949,client_12949@domain.com,2009-12-01
16694,Direct Mail & Wholesale,France,Metropolis,Customer,#16694,client_16694@domain.com,2009-12-01
15258,Direct Mail & Wholesale,United Kingdom,Metropolis,Customer,#15258,client_15258@domain.com,2009-12-01
16534,Direct Mail & Wholesale,United Kingdom,Metropolis,Customer,#16534,client_16534@domain.com,2009-12-01
15948,Direct Mail & Wholesale,Germany,Metropolis,Customer,#15948,client_15948@domain.com,2009-12-01
15432,Direct Mail & Wholesale,United Kingdom,Metropolis,Customer,#15432,client_15432@domain.com,2009-12-01
18212,Direct Mail & Wholesale,United Kingdom,Metropolis,Customer,#18212,client_18212@domain.com,2009-12-01
14730,Direct Mail & Wholesale,United Kingdom,Metropolis,Customer,#14730,client_14730@domain.com,2009-12-01
16206,Direct Mail & Wholesale,EIRE,Metropolis,Customer,#16206,client_16206@domain.com,2009-12-01
16504,Direct Mail & Wholesale,United Kingdom,Metropolis,Customer,#16504,client_16504@domain.com,2009-12-01
15183,Direct Mail & Wholesale,United Kingdom,Metropolis,Customer,#15183,client_15183@domain.com,2009-12-01
15342,Direct Mail & Wholesale,United Kingdom,Metropolis,Customer,#15342,client_15342@domain.com,2009-12-01
13598,Direct Mail & Wholesale,Germany,Metropolis,Customer,#13598,client_13598@domain.com,2009-12-01
15619,Direct Mail & Wholesale,United Kingdom,Metropolis,Customer,#15619,client_15619@domain.com,2009-12-01
16451,Direct Mail & Wholesale,United Kingdom,Metropolis,Customer,#16451,client_16451@domain.com,2009-12-01
15575,Direct Mail & Wholesale,United Kingdom,Metropolis,Customer,#15575,client_15575@domain.com,2009-12-01
16928,Direct Mail & Wholesale,United Kingdom,Metropolis,Customer,#16928,client_16928@domain.com,2009-12-01
12669,Direct Mail & Wholesale,United Kingdom,Metropolis,Customer,#12669,client_12669@domain.com,2009-12-01
13726,Direct Mail & Wholesale,United Kingdom,Metropolis,Customer,#13726,client_13726@domain.com,2009-12-01
14696,Direct Mail & Wholesale,Belgium,Metropolis,Customer,#14696,client_14696@domain.com,2009-12-01
15484,Direct Mail & Wholesale,Belgium,Metropolis,Customer,#15484,client_15484@domain.com,2009-12-01
15363,Direct Mail & Wholesale,United Kingdom,Metropolis,Customer,#15363,client_15363@domain.com,2009-12-01
15483,Direct Mail & Wholesale,United Kingdom,Metropolis,Customer,#15483,client_15483@domain.com,2009-12-01
15652,Direct Mail & Wholesale,United Kingdom,Metropolis,Customer,#15652,client_15652@domain.com,2009-12-01
17187,Direct Mail & Wholesale,United Kingdom,Metropolis,Customer,#17187,client_17187@domain.com,2009-12-01
13937,Direct Mail & Wholesale,United Kingdom,Metropolis,Customer,#13937,client_13937@domain.com,2009-12-01
14829,Direct Mail & Wholesale,United Kingdom,Metropolis,Customer,#14829,client_14829@domain.com,2009-12-01
12354,Direct Mail & Wholesale,United Kingdom,Metropolis,Customer,#12354,client_12354@domain.com,2009-12-01
14892,Direct Mail & Wholesale,United Kingdom,Metropolis,Customer,#14892,client_14892@domain.com,2009-12-01
13952,Direct Mail & Wholesale,United Kingdom,Metropolis,Customer,#13952,client_13952@domain.com,2009-12-01
12763,Direct Mail & Wholesale,United Kingdom,Metropolis,Customer,#12763,client_12763@domain.com,2009-12-01
16307,Direct Mail & Wholesale,United Kingdom,Metropolis,Customer,#16307,client_16307@domain.com,2009-12-01
15273,Direct Mail & Wholesale,United Kingdom,Metropolis,Customer,#15273,client_15273@domain.com,2009-12-01
16032,Direct Mail & Wholesale,United Kingdom,Metropolis,Customer,#16032,client_16032@domain.com,2009-12-01
17263,Direct Mail & Wholesale,United Kingdom,Metropolis,Customer,#17263,client_17263@domain.com,2009-12-01
17746,Direct Mail & Wholesale,United Kingdom,Metropolis,Customer,#17746,client_17746@domain.com,2009-12-01
16414,Direct Mail & Wholesale,Germany,Metropolis,Customer,#16414,client_16414@domain.com,2009-12-01
15390,Direct Mail & Wholesale,United Kingdom,Metropolis,Customer,#15390,client_15390@domain.com,2009-12-01
13722,Direct Mail & Wholesale,United Kingdom,Metropolis,Customer,#13722,client_13722@domain.com,2009-12-01
15715,Direct Mail & Wholesale,United Kingdom,Metropolis,Customer,#15715,client_15715@domain.com,2009-12-01
12690,Direct Mail & Wholesale,France,Metropolis,Customer,#12690,client_12690@domain.com,2009-12-01
16008,Direct Mail & Wholesale,United Kingdom,Metropolis,Customer,#16008,client_16008@domain.com,2009-12-01
14228,Direct Mail & Wholesale,United Kingdom,Metropolis,Customer,#14228,client_14228@domain.com,2009-12-01
13523,Direct Mail & Wholesale,United Kingdom,Metropolis,Customer,#13523,client_13523@domain.com,2009-12-01
12991,Direct Mail & Wholesale,United Kingdom,Metropolis,Customer,#12991,client_12991@domain.com,2009-12-01
15938,Direct Mail & Wholesale,United Kingdom,Metropolis,Customer,#15938,client_15938@domain.com,2009-12-01
13054,Direct Mail & Wholesale,United Kingdom,Metropolis,Customer,#13054,client_13054@domain.com,2009-12-01
16255,Direct Mail & Wholesale,United Kingdom,Metropolis,Customer,#16255,client_16255@domain.com,2009-12-01
13768,Direct Mail & Wholesale,United Kingdom,Metropolis,Customer,#13768,client_13768@domain.com,2009-12-01
15163,Direct Mail & Wholesale,United Kingdom,Metropolis,Customer,#15163,client_15163@domain.com,2009-12-01
14612,Direct Mail & Wholesale,United Kingdom,Metropolis,Customer,#14612,client_14612@domain.com,2009-12-01
14339,Direct Mail & Wholesale,United Kingdom,Metropolis,Customer,#14339,client_14339@domain.com,2009-12-01
17042,Direct Mail & Wholesale,France,Metropolis,Customer,#17042,client_17042@domain.com,2009-12-01
12534,Direct Mail & Wholesale,United Kingdom,Metropolis,Customer,#12534,client_12534@domain.com,2009-12-01
13795,Direct Mail & Wholesale,United Kingdom,Metropolis,Customer,#13795,client_13795@domain.com,2009-12-01
15336,Direct Mail & Wholesale,United Kingdom,Metropolis,Customer,#15336,client_15336@domain.com,2009-12-01
15802,Direct Mail & Wholesale,United Kingdom,Metropolis,Customer,#15802,client_15802@domain.com,2009-12-01
15597,Direct Mail & Wholesale,United Kingdom,Metropolis,Customer,#15597,client_15597@domain.com,2009-12-01
15124,Direct Mail & Wholesale,EIRE,Metropolis,Customer,#15124,client_15124@domain.com,2009-12-01
15152,Direct Mail & Wholesale,United Kingdom,Metropolis,Customer,#15152,client_15152@domain.com,2009-12-01
16756,Direct Mail & Wholesale,United Kingdom,Metropolis,Customer,#16756,client_16756@domain.com,2009-12-01
14025,Direct Mail & Wholesale,France,Metropolis,Customer,#14025,client_14025@domain.com,2009-12-01
13030,Direct Mail & Wholesale,United Kingdom,Metropolis,Customer,#13030,client_13030@domain.com,2009-12-01
13091,Direct Mail & Wholesale,Belgium,Metropolis,Customer,#13091,client_13091@domain.com,2009-12-01
13721,Direct Mail & Wholesale,United Kingdom,Metropolis,Customer,#13721,client_13721@domain.com,2009-12-01
16985,Direct Mail & Wholesale,United Kingdom,Metropolis,Customer,#16985,client_16985@domain.com,2009-12-01
14270,Direct Mail & Wholesale,United Kingdom,Metropolis,Customer,#14270,client_14270@domain.com,2009-12-01
12903,Direct Mail & Wholesale,Belgium,Metropolis,Customer,#12903,client_12903@domain.com,2009-12-01
12898,Direct Mail & Wholesale,United Kingdom,Metropolis,Customer,#12898,client_12898@domain.com,2009-12-01
15237,Direct Mail & Wholesale,United Kingdom,Metropolis,Customer,#15237,client_15237@domain.com,2009-12-01
17423,Direct Mail & Wholesale,United Kingdom,Metropolis,Customer,#17423,client_17423@domain.com,2009-12-01
12900,Direct Mail & Wholesale,United Kingdom,Metropolis,Customer,#12900,client_12900@domain.com,2009-12-01
17069,Direct Mail & Wholesale,United Kingdom,Metropolis,Customer,#17069,client_17069@domain.com,2009-12-01
16780,Direct Mail & Wholesale,United Kingdom,Metropolis,Customer,#16780,client_16780@domain.com,2009-12-01
17883,Direct Mail & Wholesale,United Kingdom,Metropolis,Customer,#17883,client_17883@domain.com,2009-12-01
12880,Direct Mail & Wholesale,United Kingdom,Metropolis,Customer,#12880,client_12880@domain.com,2009-12-01
14484,Direct Mail & Wholesale,Australia,Metropolis,Customer,#14484,client_14484@domain.com,2009-12-01
14179,Direct Mail & Wholesale,United Kingdom,Metropolis,Customer,#14179,client_14179@domain.com,2009-12-01
15610,Direct Mail & Wholesale,EIRE,Metropolis,Customer,#15610,client_15610@domain.com,2009-12-01
15771,Direct Mail & Wholesale,United Kingdom,Metropolis,Customer,#15771,client_15771@domain.com,2009-12-01
13161,Direct Mail & Wholesale,United Kingdom,Metropolis,Customer,#13161,client_13161@domain.com,2009-12-01
14448,Direct Mail & Wholesale,United Kingdom,Metropolis,Customer,#14448,client_14448@domain.com,2009-12-01
12413,Direct Mail & Wholesale,United Kingdom,Metropolis,Customer,#12413,client_12413@domain.com,2009-12-01
17827,Direct Mail & Wholesale,United Kingdom,Metropolis,Customer,#17827,client_17827@domain.com,2009-12-01
17527,Direct Mail & Wholesale,United Kingdom,Metropolis,Customer,#17527,client_17527@domain.com,2009-12-01
15947,Direct Mail & Wholesale,EIRE,Metropolis,Customer,#15947,client_15947@domain.com,2009-12-01
13887,Direct Mail & Wholesale,United Kingdom,Metropolis,Customer,#13887,client_13887@domain.com,2009-12-01
15427,Direct Mail & Wholesale,United Kingdom,Metropolis,Customer,#15427,client_15427@domain.com,2009-12-01
17331,Direct Mail & Wholesale,United Kingdom,Metropolis,Customer,#17331,client_17331@domain.com,2009-12-01
15112,Direct Mail & Wholesale,Germany,Metropolis,Customer,#15112,client_15112@domain.com,2009-12-01
13551,Direct Mail & Wholesale,United Kingdom,Metropolis,Customer,#13551,client_13551@domain.com,2009-12-01
16699,Direct Mail & Wholesale,EIRE,Metropolis,Customer,#16699,client_16699@domain.com,2009-12-01
14532,Direct Mail & Wholesale,United Kingdom,Metropolis,Customer,#14532,client_14532@domain.com,2009-12-01
14915,Direct Mail & Wholesale,United Kingdom,Metropolis,Customer,#14915,client_14915@domain.com,2009-12-01
15016,Direct Mail & Wholesale,United Kingdom,Metropolis,Customer,#15016,client_15016@domain.com,2009-12-01
16209,Direct Mail & Wholesale,United Kingdom,Metropolis,Customer,#16209,client_16209@domain.com,2009-12-01
14897,Direct Mail & Wholesale,EIRE,Metropolis,Customer,#14897,client_14897@domain.com,2009-12-01
14987,Direct Mail & Wholesale,United Kingdom,Metropolis,Customer,#14987,client_14987@domain.com,2009-12-01
13832,Direct Mail & Wholesale,United Kingdom,Metropolis,Customer,#13832,client_13832@domain.com,2009-12-01
17339,Direct Mail & Wholesale,United Kingdom,Metropolis,Customer,#17339,client_17339@domain.com,2009-12-01
15676,Direct Mail & Wholesale,United Kingdom,Metropolis,Customer,#15676,client_15676@domain.com,2009-12-01
17239,Direct Mail & Wholesale,United Kingdom,Metropolis,Customer,#17239,client_17239@domain.com,2009-12-01
14022,Direct Mail & Wholesale,United Kingdom,Metropolis,Customer,#14022,client_14022@domain.com,2009-12-01
16940,Direct Mail & Wholesale,United Kingdom,Metropolis,Customer,#16940,client_16940@domain.com,2009-12-01
15473,Direct Mail & Wholesale,United Kingdom,Metropolis,Customer,#15473,client_15473@domain.com,2009-12-01
15631,Direct Mail & Wholesale,United Kingdom,Metropolis,Customer,#15631,client_15631@domain.com,2009-12-01
13931,Direct Mail & Wholesale,United Kingdom,Metropolis,Customer,#13931,client_13931@domain.com,2009-12-01
13812,Direct Mail & Wholesale,United Kingdom,Metropolis,Customer,#13812,client_13812@domain.com,2009-12-01
14149,Direct Mail & Wholesale,United Kingdom,Metropolis,Customer,#14149,client_14149@domain.com,2009-12-01
12524,Direct Mail & Wholesale,United Kingdom,Metropolis,Customer,#12524,client_12524@domain.com,2009-12-01
14463,Direct Mail & Wholesale,United Kingdom,Metropolis,Customer,#14463,client_14463@domain.com,2009-12-01
17551,Direct Mail & Wholesale,United Kingdom,Metropolis,Customer,#17551,client_17551@domain.com,2009-12-01
16191,Direct Mail & Wholesale,United Kingdom,Metropolis,Customer,#16191,client_16191@domain.com,2009-12-01
17846,Direct Mail & Wholesale,United Kingdom,Metropolis,Customer,#17846,client_17846@domain.com,2009-12-01
13851,Direct Mail & Wholesale,United Kingdom,Metropolis,Customer,#13851,client_13851@domain.com,2009-12-01
13754,Direct Mail & Wholesale,United Kingdom,Metropolis,Customer,#13754,client_13754@domain.com,2009-12-01
16714,Direct Mail & Wholesale,United Kingdom,Metropolis,Customer,#16714,client_16714@domain.com,2009-12-01
12812,Direct Mail & Wholesale,United Kingdom,Metropolis,Customer,#12812,client_12812@domain.com,2009-12-01
14349,Direct Mail & Wholesale,United Kingdom,Metropolis,Customer,#14349,client_14349@domain.com,2009-12-01
14877,Direct Mail & Wholesale,United Kingdom,Metropolis,Customer,#14877,client_14877@domain.com,2009-12-01
17248,Direct Mail & Wholesale,United Kingdom,Metropolis,Customer,#17248,client_17248@domain.com,2009-12-01
15083,Direct Mail & Wholesale,United Kingdom,Metropolis,Customer,#15083,client_15083@domain.com,2009-12-01
16932,Direct Mail & Wholesale,United Kingdom,Metropolis,Customer,#16932,client_16932@domain.com,2009-12-01
16337,Direct Mail & Wholesale,United Kingdom,Metropolis,Customer,#16337,client_16337@domain.com,2009-12-01
16019,Direct Mail & Wholesale,United Kingdom,Metropolis,Customer,#16019,client_16019@domain.com,2009-12-01
12696,Direct Mail & Wholesale,United Kingdom,Metropolis,Customer,#12696,client_12696@domain.com,2009-12-01
14954,Direct Mail & Wholesale,United Kingdom,Metropolis,Customer,#14954,client_14954@domain.com,2009-12-01
14146,Direct Mail & Wholesale,United Kingdom,Metropolis,Customer,#14146,client_14146@domain.com,2009-12-01
15458,Direct Mail & Wholesale,United Kingdom,Metropolis,Customer,#15458,client_15458@domain.com,2009-12-01
17873,Direct Mail & Wholesale,United Kingdom,Metropolis,Customer,#17873,client_17873@domain.com,2009-12-01
13774,Direct Mail & Wholesale,United Kingdom,Metropolis,Customer,#13774,client_13774@domain.com,2009-12-01
17357,Direct Mail & Wholesale,United Kingdom,Metropolis,Customer,#17357,client_17357@domain.com,2009-12-01
16484,Direct Mail & Wholesale,United Kingdom,Metropolis,Customer,#16484,client_16484@domain.com,2009-12-01
16323,Direct Mail & Wholesale,United Kingdom,Metropolis,Customer,#16323,client_16323@domain.com,2009-12-01
16388,Direct Mail & Wholesale,United Kingdom,Metropolis,Customer,#16388,client_16388@domain.com,2009-12-01
14188,Direct Mail & Wholesale,United Kingdom,Metropolis,Customer,#14188,client_14188@domain.com,2009-12-01
14145,Direct Mail & Wholesale,United Kingdom,Metropolis,Customer,#14145,client_14145@domain.com,2009-12-01
15749,Direct Mail & Wholesale,United Kingdom,Metropolis,Customer,#15749,client_15749@domain.com,2009-12-01
12622,Direct Mail & Wholesale,United Kingdom,Metropolis,Customer,#12622,client_12622@domain.com,2009-12-01
12827,Direct Mail & Wholesale,United Kingdom,Metropolis,Customer,#12827,client_12827@domain.com,2009-12-01
16796,Direct Mail & Wholesale,Germany,Metropolis,Customer,#16796,client_16796@domain.com,2009-12-01
17620,Direct Mail & Wholesale,United Kingdom,Metropolis,Customer,#17620,client_17620@domain.com,2009-12-01
18166,Direct Mail & Wholesale,United Kingdom,Metropolis,Customer,#18166,client_18166@domain.com,2009-12-01
17699,Direct Mail & Wholesale,Germany,Metropolis,Customer,#17699,client_17699@domain.com,2009-12-01
13138,Direct Mail & Wholesale,Germany,Metropolis,Customer,#13138,client_13138@domain.com,2009-12-01
15070,Direct Mail & Wholesale,United Kingdom,Metropolis,Customer,#15070,client_15070@domain.com,2009-12-01
12771,Direct Mail & Wholesale,United Kingdom,Metropolis,Customer,#12771,client_12771@domain.com,2009-12-01
12914,Direct Mail & Wholesale,United Kingdom,Metropolis,Customer,#12914,client_12914@domain.com,2009-12-01
14499,Direct Mail & Wholesale,United Kingdom,Metropolis,Customer,#14499,client_14499@domain.com,2009-12-01
17841,Direct Mail & Wholesale,Australia,Metropolis,Customer,#17841,client_17841@domain.com,2009-12-01
12889,Direct Mail & Wholesale,Spain,Metropolis,Customer,#12889,client_12889@domain.com,2009-12-01
13885,Direct Mail & Wholesale,United Kingdom,Metropolis,Customer,#13885,client_13885@domain.com,2009-12-01
17568,Direct Mail & Wholesale,United Kingdom,Metropolis,Customer,#17568,client_17568@domain.com,2009-12-01
12895,Direct Mail & Wholesale,United Kingdom,Metropolis,Customer,#12895,client_12895@domain.com,2009-12-01
16497,Direct Mail & Wholesale,Germany,Metropolis,Customer,#16497,client_16497@domain.com,2009-12-01
13792,Direct Mail & Wholesale,Switzerland,Metropolis,Customer,#13792,client_13792@domain.com,2009-12-01
16976,Direct Mail & Wholesale,United Kingdom,Metropolis,Customer,#16976,client_16976@domain.com,2009-12-01
15387,Direct Mail & Wholesale,United Kingdom,Metropolis,Customer,#15387,client_15387@domain.com,2009-12-01
16237,Direct Mail & Wholesale,United Kingdom,Metropolis,Customer,#16237,client_16237@domain.com,2009-12-01
14382,Direct Mail & Wholesale,United Kingdom,Metropolis,Customer,#14382,client_14382@domain.com,2009-12-01
12901,Direct Mail & Wholesale,Belgium,Metropolis,Customer,#12901,client_12901@domain.com,2009-12-01
13846,Direct Mail & Wholesale,Spain,Metropolis,Customer,#13846,client_13846@domain.com,2009-12-01
13580,Direct Mail & Wholesale,United Kingdom,Metropolis,Customer,#13580,client_13580@domain.com,2009-12-01
17649,Direct Mail & Wholesale,United Kingdom,Metropolis,Customer,#17649,client_17649@domain.com,2009-12-01
16161,Direct Mail & Wholesale,United Kingdom,Metropolis,Customer,#16161,client_16161@domain.com,2009-12-01
13319,Direct Mail & Wholesale,United Kingdom,Metropolis,Customer,#13319,client_13319@domain.com,2009-12-01
16641,Direct Mail & Wholesale,United Kingdom,Metropolis,Customer,#16641,client_16641@domain.com,2009-12-01
17247,Direct Mail & Wholesale,United Kingdom,Metropolis,Customer,#17247,client_17247@domain.com,2009-12-01
16739,Direct Mail & Wholesale,EIRE,Metropolis,Customer,#16739,client_16739@domain.com,2009-12-01
15315,Direct Mail & Wholesale,United Kingdom,Metropolis,Customer,#15315,client_15315@domain.com,2009-12-01
13333,Direct Mail & Wholesale,United Kingdom,Metropolis,Customer,#13333,client_13333@domain.com,2009-12-01
12364,Direct Mail & Wholesale,United Kingdom,Metropolis,Customer,#12364,client_12364@domain.com,2009-12-01
17675,Direct Mail & Wholesale,United Kingdom,Metropolis,Customer,#17675,client_17675@domain.com,2009-12-01
13101,Direct Mail & Wholesale,EIRE,Metropolis,Customer,#13101,client_13101@domain.com,2009-12-01
18111,Direct Mail & Wholesale,United Kingdom,Metropolis,Customer,#18111,client_18111@domain.com,2009-12-01
17888,Direct Mail & Wholesale,United Kingdom,Metropolis,Customer,#17888,client_17888@domain.com,2009-12-01
17440,Direct Mail & Wholesale,Germany,Metropolis,Customer,#17440,client_17440@domain.com,2009-12-01
14195,Direct Mail & Wholesale,United Kingdom,Metropolis,Customer,#14195,client_14195@domain.com,2009-12-01
14966,Direct Mail & Wholesale,Netherlands,Metropolis,Customer,#14966,client_14966@domain.com,2009-12-01
16446,Direct Mail & Wholesale,United Kingdom,Metropolis,Customer,#16446,client_16446@domain.com,2009-12-01
15873,Direct Mail & Wholesale,United Kingdom,Metropolis,Customer,#15873,client_15873@domain.com,2009-12-01
14819,Direct Mail & Wholesale,United Kingdom,Metropolis,Customer,#14819,client_14819@domain.com,2009-12-01
17270,Direct Mail & Wholesale,United Kingdom,Metropolis,Customer,#17270,client_17270@domain.com,2009-12-01
13618,Direct Mail & Wholesale,United Kingdom,Metropolis,Customer,#13618,client_13618@domain.com,2009-12-01
14400,Direct Mail & Wholesale,Germany,Metropolis,Customer,#14400,client_14400@domain.com,2009-12-01
17469,Direct Mail & Wholesale,United Kingdom,Metropolis,Customer,#17469,client_17469@domain.com,2009-12-01
14700,Direct Mail & Wholesale,United Kingdom,Metropolis,Customer,#14700,client_14700@domain.com,2009-12-01
13640,Direct Mail & Wholesale,United Kingdom,Metropolis,Customer,#13640,client_13640@domain.com,2009-12-01
13046,Direct Mail & Wholesale,United Kingdom,Metropolis,Customer,#13046,client_13046@domain.com,2009-12-01
15659,Direct Mail & Wholesale,United Kingdom,Metropolis,Customer,#15659,client_15659@domain.com,2009-12-01
14993,Direct Mail & Wholesale,Germany,Metropolis,Customer,#14993,client_14993@domain.com,2009-12-01
15841,Direct Mail & Wholesale,United Kingdom,Metropolis,Customer,#15841,client_15841@domain.com,2009-12-01
14384,Direct Mail & Wholesale,United Kingdom,Metropolis,Customer,#14384,client_14384@domain.com,2009-12-01
13137,Direct Mail & Wholesale,Germany,Metropolis,Customer,#13137,client_13137@domain.com,2009-12-01
12706,Direct Mail & Wholesale,United Kingdom,Metropolis,Customer,#12706,client_12706@domain.com,2009-12-01
16982,Direct Mail & Wholesale,United Kingdom,Metropolis,Customer,#16982,client_16982@domain.com,2009-12-01
12797,Direct Mail & Wholesale,United Kingdom,Metropolis,Customer,#12797,client_12797@domain.com,2009-12-01
16483,Direct Mail & Wholesale,United Kingdom,Metropolis,Customer,#16483,client_16483@domain.com,2009-12-01
14260,Direct Mail & Wholesale,United Kingdom,Metropolis,Customer,#14260,client_14260@domain.com,2009-12-01
12568,Direct Mail & Wholesale,United Kingdom,Metropolis,Customer,#12568,client_12568@domain.com,2009-12-01
14818,Direct Mail & Wholesale,United Kingdom,Metropolis,Customer,#14818,client_14818@domain.com,2009-12-01
17671,Direct Mail & Wholesale,United Kingdom,Metropolis,Customer,#17671,client_17671@domain.com,2009-12-01
15915,Direct Mail & Wholesale,United Kingdom,Metropolis,Customer,#15915,client_15915@domain.com,2009-12-01
16113,Direct Mail & Wholesale,Germany,Metropolis,Customer,#16113,client_16113@domain.com,2009-12-01
12857,Direct Mail & Wholesale,United Kingdom,Metropolis,Customer,#12857,client_12857@domain.com,2009-12-01
18116,Direct Mail & Wholesale,United Kingdom,Metropolis,Customer,#18116,client_18116@domain.com,2009-12-01
17949,Direct Mail & Wholesale,United Kingdom,Metropolis,Customer,#17949,client_17949@domain.com,2009-12-01
13861,Direct Mail & Wholesale,United Kingdom,Metropolis,Customer,#13861,client_13861@domain.com,2009-12-01
13448,Direct Mail & Wholesale,United Kingdom,Metropolis,Customer,#13448,client_13448@domain.com,2009-12-01
12552,Direct Mail & Wholesale,United Kingdom,Metropolis,Customer,#12552,client_12552@domain.com,2009-12-01
13949,Direct Mail & Wholesale,United Kingdom,Metropolis,Customer,#13949,client_13949@domain.com,2009-12-01
18263,Direct Mail & Wholesale,United Kingdom,Metropolis,Customer,#18263,client_18263@domain.com,2009-12-01
14610,Direct Mail & Wholesale,EIRE,Metropolis,Customer,#14610,client_14610@domain.com,2009-12-01
17261,Direct Mail & Wholesale,United Kingdom,Metropolis,Customer,#17261,client_17261@domain.com,2009-12-01
16729,Direct Mail & Wholesale,United Kingdom,Metropolis,Customer,#16729,client_16729@domain.com,2009-12-01
15246,Direct Mail & Wholesale,Germany,Metropolis,Customer,#15246,client_15246@domain.com,2009-12-01
13704,Direct Mail & Wholesale,United Kingdom,Metropolis,Customer,#13704,client_13704@domain.com,2009-12-01
17995,Direct Mail & Wholesale,Germany,Metropolis,Customer,#17995,client_17995@domain.com,2009-12-01
16443,Direct Mail & Wholesale,United Kingdom,Metropolis,Customer,#16443,client_16443@domain.com,2009-12-01
16408,Direct Mail & Wholesale,United Kingdom,Metropolis,Customer,#16408,client_16408@domain.com,2009-12-01
15397,Direct Mail & Wholesale,United Kingdom,Metropolis,Customer,#15397,client_15397@domain.com,2009-12-01
15020,Direct Mail & Wholesale,United Kingdom,Metropolis,Customer,#15020,client_15020@domain.com,2009-12-01
12776,Direct Mail & Wholesale,United Kingdom,Metropolis,Customer,#12776,client_12776@domain.com,2009-12-01
17477,Direct Mail & Wholesale,United Kingdom,Metropolis,Customer,#17477,client_17477@domain.com,2009-12-01
14320,Direct Mail & Wholesale,Germany,Metropolis,Customer,#14320,client_14320@domain.com,2009-12-01
15973,Direct Mail & Wholesale,Germany,Metropolis,Customer,#15973,client_15973@domain.com,2009-12-01
13763,Direct Mail & Wholesale,United Kingdom,Metropolis,Customer,#13763,client_13763@domain.com,2009-12-01
15823,Direct Mail & Wholesale,United Kingdom,Metropolis,Customer,#15823,client_15823@domain.com,2009-12-01
15520,Direct Mail & Wholesale,United Kingdom,Metropolis,Customer,#15520,client_15520@domain.com,2009-12-01
16018,Direct Mail & Wholesale,United Kingdom,Metropolis,Customer,#16018,client_16018@domain.com,2009-12-01
12603,Direct Mail & Wholesale,United Kingdom,Metropolis,Customer,#12603,client_12603@domain.com,2009-12-01
12608,Direct Mail & Wholesale,United Kingdom,Metropolis,Customer,#12608,client_12608@domain.com,2009-12-01
16456,Direct Mail & Wholesale,United Kingdom,Metropolis,Customer,#16456,client_16456@domain.com,2009-12-01
18234,Direct Mail & Wholesale,United Kingdom,Metropolis,Customer,#18234,client_18234@domain.com,2009-12-01
15348,Direct Mail & Wholesale,United Kingdom,Metropolis,Customer,#15348,client_15348@domain.com,2009-12-01
18003,Direct Mail & Wholesale,United Kingdom,Metropolis,Customer,#18003,client_18003@domain.com,2009-12-01
16656,Direct Mail & Wholesale,United Kingdom,Metropolis,Customer,#16656,client_16656@domain.com,2009-12-01
14008,Direct Mail & Wholesale,United Kingdom,Metropolis,Customer,#14008,client_14008@domain.com,2009-12-01
14680,Direct Mail & Wholesale,United Kingdom,Metropolis,Customer,#14680,client_14680@domain.com,2009-12-01
16863,Direct Mail & Wholesale,United Kingdom,Metropolis,Customer,#16863,client_16863@domain.com,2009-12-01
15421,Direct Mail & Wholesale,United Kingdom,Metropolis,Customer,#15421,client_15421@domain.com,2009-12-01
17777,Direct Mail & Wholesale,France,Metropolis,Customer,#17777,client_17777@domain.com,2009-12-01
17583,Direct Mail & Wholesale,United Kingdom,Metropolis,Customer,#17583,client_17583@domain.com,2009-12-01
16175,Direct Mail & Wholesale,United Kingdom,Metropolis,Customer,#16175,client_16175@domain.com,2009-12-01
14630,Direct Mail & Wholesale,United Kingdom,Metropolis,Customer,#14630,client_14630@domain.com,2009-12-01
17205,Direct Mail & Wholesale,United Kingdom,Metropolis,Customer,#17205,client_17205@domain.com,2009-12-01
13724,Direct Mail & Wholesale,United Kingdom,Metropolis,Customer,#13724,client_13724@domain.com,2009-12-01
14760,Direct Mail & Wholesale,Germany,Metropolis,Customer,#14760,client_14760@domain.com,2009-12-01
16715,Direct Mail & Wholesale,United Kingdom,Metropolis,Customer,#16715,client_16715@domain.com,2009-12-01
13568,Direct Mail & Wholesale,Belgium,Metropolis,Customer,#13568,client_13568@domain.com,2009-12-01
16531,Direct Mail & Wholesale,United Kingdom,Metropolis,Customer,#16531,client_16531@domain.com,2009-12-01
13565,Direct Mail & Wholesale,United Kingdom,Metropolis,Customer,#13565,client_13565@domain.com,2009-12-01
17905,Direct Mail & Wholesale,United Kingdom,Metropolis,Customer,#17905,client_17905@domain.com,2009-12-01
13761,Direct Mail & Wholesale,France,Metropolis,Customer,#13761,client_13761@domain.com,2009-12-01
18203,Direct Mail & Wholesale,Germany,Metropolis,Customer,#18203,client_18203@domain.com,2009-12-01
12593,Direct Mail & Wholesale,United Kingdom,Metropolis,Customer,#12593,client_12593@domain.com,2009-12-01
15318,Direct Mail & Wholesale,United Kingdom,Metropolis,Customer,#15318,client_15318@domain.com,2009-12-01
13703,Direct Mail & Wholesale,Germany,Metropolis,Customer,#13703,client_13703@domain.com,2009-12-01
12789,Direct Mail & Wholesale,United Kingdom,Metropolis,Customer,#12789,client_12789@domain.com,2009-12-01
15720,Direct Mail & Wholesale,United Kingdom,Metropolis,Customer,#15720,client_15720@domain.com,2009-12-01
16930,Direct Mail & Wholesale,United Kingdom,Metropolis,Customer,#16930,client_16930@domain.com,2009-12-01
15508,Direct Mail & Wholesale,United Kingdom,Metropolis,Customer,#15508,client_15508@domain.com,2009-12-01
14446,Direct Mail & Wholesale,United Kingdom,Metropolis,Customer,#14446,client_14446@domain.com,2009-12-01
15593,Direct Mail & Wholesale,United Kingdom,Metropolis,Customer,#15593,client_15593@domain.com,2009-12-01
12362,Direct Mail & Wholesale,United Kingdom,Metropolis,Customer,#12362,client_12362@domain.com,2009-12-01
13895,Direct Mail & Wholesale,United Kingdom,Metropolis,Customer,#13895,client_13895@domain.com,2009-12-01
14569,Direct Mail & Wholesale,United Kingdom,Metropolis,Customer,#14569,client_14569@domain.com,2009-12-01
14078,Direct Mail & Wholesale,United Kingdom,Metropolis,Customer,#14078,client_14078@domain.com,2009-12-01
15858,Direct Mail & Wholesale,Germany,Metropolis,Customer,#15858,client_15858@domain.com,2009-12-01
17805,Direct Mail & Wholesale,United Kingdom,Metropolis,Customer,#17805,client_17805@domain.com,2009-12-01
18126,Direct Mail & Wholesale,United Kingdom,Metropolis,Customer,#18126,client_18126@domain.com,2009-12-01
15447,Direct Mail & Wholesale,United Kingdom,Metropolis,Customer,#15447,client_15447@domain.com,2009-12-01
13071,Direct Mail & Wholesale,United Kingdom,Metropolis,Customer,#13071,client_13071@domain.com,2009-12-01
15896,Direct Mail & Wholesale,United Kingdom,Metropolis,Customer,#15896,client_15896@domain.com,2009-12-01
16122,Direct Mail & Wholesale,United Kingdom,Metropolis,Customer,#16122,client_16122@domain.com,2009-12-01
17560,Direct Mail & Wholesale,United Kingdom,Metropolis,Customer,#17560,client_17560@domain.com,2009-12-01
16666,Direct Mail & Wholesale,United Kingdom,Metropolis,Customer,#16666,client_16666@domain.com,2009-12-01
13111,Direct Mail & Wholesale,United Kingdom,Metropolis,Customer,#13111,client_13111@domain.com,2009-12-01
13675,Direct Mail & Wholesale,Germany,Metropolis,Customer,#13675,client_13675@domain.com,2009-12-01
14855,Direct Mail & Wholesale,Germany,Metropolis,Customer,#14855,client_14855@domain.com,2009-12-01
12463,Direct Mail & Wholesale,United Kingdom,Metropolis,Customer,#12463,client_12463@domain.com,2009-12-01
14878,Direct Mail & Wholesale,EIRE,Metropolis,Customer,#14878,client_14878@domain.com,2009-12-01
17535,Direct Mail & Wholesale,Germany,Metropolis,Customer,#17535,client_17535@domain.com,2009-12-01
15522,Direct Mail & Wholesale,United Kingdom,Metropolis,Customer,#15522,client_15522@domain.com,2009-12-01
15634,Direct Mail & Wholesale,United Kingdom,Metropolis,Customer,#15634,client_15634@domain.com,2009-12-01
15995,Direct Mail & Wholesale,United Kingdom,Metropolis,Customer,#15995,client_15995@domain.com,2009-12-01
15511,Direct Mail & Wholesale,United Kingdom,Metropolis,Customer,#15511,client_15511@domain.com,2009-12-01
17082,Direct Mail & Wholesale,France,Metropolis,Customer,#17082,client_17082@domain.com,2009-12-01
12461,Direct Mail & Wholesale,United Kingdom,Metropolis,Customer,#12461,client_12461@domain.com,2009-12-01
15765,Direct Mail & Wholesale,United Kingdom,Metropolis,Customer,#15765,client_15765@domain.com,2009-12-01
16688,Direct Mail & Wholesale,United Kingdom,Metropolis,Customer,#16688,client_16688@domain.com,2009-12-01
17908,Direct Mail & Wholesale,United Kingdom,Metropolis,Customer,#17908,client_17908@domain.com,2009-12-01
15165,Direct Mail & Wholesale,United Kingdom,Metropolis,Customer,#15165,client_15165@domain.com,2009-12-01
14083,Direct Mail & Wholesale,United Kingdom,Metropolis,Customer,#14083,client_14083@domain.com,2009-12-01
17275,Direct Mail & Wholesale,EIRE,Metropolis,Customer,#17275,client_17275@domain.com,2009-12-01
13012,Direct Mail & Wholesale,United Kingdom,Metropolis,Customer,#13012,client_13012@domain.com,2009-12-01
14327,Direct Mail & Wholesale,Australia,Metropolis,Customer,#14327,client_14327@domain.com,2009-12-01
14351,Direct Mail & Wholesale,United Kingdom,Metropolis,Customer,#14351,client_14351@domain.com,2009-12-01
13262,Direct Mail & Wholesale,United Kingdom,Metropolis,Customer,#13262,client_13262@domain.com,2009-12-01
17584,Direct Mail & Wholesale,United Kingdom,Metropolis,Customer,#17584,client_17584@domain.com,2009-12-01
16472,Direct Mail & Wholesale,United Kingdom,Metropolis,Customer,#16472,client_16472@domain.com,2009-12-01
14901,Direct Mail & Wholesale,Germany,Metropolis,Customer,#14901,client_14901@domain.com,2009-12-01
12745,Direct Mail & Wholesale,United Kingdom,Metropolis,Customer,#12745,client_12745@domain.com,2009-12-01
13890,Direct Mail & Wholesale,France,Metropolis,Customer,#13890,client_13890@domain.com,2009-12-01
17721,Direct Mail & Wholesale,Australia,Metropolis,Customer,#17721,client_17721@domain.com,2009-12-01
17170,Direct Mail & Wholesale,United Kingdom,Metropolis,Customer,#17170,client_17170@domain.com,2009-12-01
14620,Direct Mail & Wholesale,United Kingdom,Metropolis,Customer,#14620,client_14620@domain.com,2009-12-01
16974,Direct Mail & Wholesale,United Kingdom,Metropolis,Customer,#16974,client_16974@domain.com,2009-12-01
12817,Direct Mail & Wholesale,United Kingdom,Metropolis,Customer,#12817,client_12817@domain.com,2009-12-01
17683,Direct Mail & Wholesale,United Kingdom,Metropolis,Customer,#17683,client_17683@domain.com,2009-12-01
14423,Direct Mail & Wholesale,United Kingdom,Metropolis,Customer,#14423,client_14423@domain.com,2009-12-01
14677,Direct Mail & Wholesale,United Kingdom,Metropolis,Customer,#14677,client_14677@domain.com,2009-12-01
12660,Direct Mail & Wholesale,United Kingdom,Metropolis,Customer,#12660,client_12660@domain.com,2009-12-01
12698,Direct Mail & Wholesale,United Kingdom,Metropolis,Customer,#12698,client_12698@domain.com,2009-12-01
16221,Direct Mail & Wholesale,Spain,Metropolis,Customer,#16221,client_16221@domain.com,2009-12-01
13400,Direct Mail & Wholesale,United Kingdom,Metropolis,Customer,#13400,client_13400@domain.com,2009-12-01
16050,Direct Mail & Wholesale,United Kingdom,Metropolis,Customer,#16050,client_16050@domain.com,2009-12-01
15248,Direct Mail & Wholesale,United Kingdom,Metropolis,Customer,#15248,client_15248@domain.com,2009-12-01
16903,Direct Mail & Wholesale,United Kingdom,Metropolis,Customer,#16903,client_16903@domain.com,2009-12-01
17564,Direct Mail & Wholesale,United Kingdom,Metropolis,Customer,#17564,client_17564@domain.com,2009-12-01
13234,Direct Mail & Wholesale,United Kingdom,Metropolis,Customer,#13234,client_13234@domain.com,2009-12-01
14390,Direct Mail & Wholesale,United Kingdom,Metropolis,Customer,#14390,client_14390@domain.com,2009-12-01
17130,Direct Mail & Wholesale,United Kingdom,Metropolis,Customer,#17130,client_17130@domain.com,2009-12-01
17158,Direct Mail & Wholesale,United Kingdom,Metropolis,Customer,#17158,client_17158@domain.com,2009-12-01
15090,Direct Mail & Wholesale,United Kingdom,Metropolis,Customer,#15090,client_15090@domain.com,2009-12-01
12599,Direct Mail & Wholesale,United Kingdom,Metropolis,Customer,#12599,client_12599@domain.com,2009-12-01
15870,Direct Mail & Wholesale,United Kingdom,Metropolis,Customer,#15870,client_15870@domain.com,2009-12-01
14182,Direct Mail & Wholesale,United Kingdom,Metropolis,Customer,#14182,client_14182@domain.com,2009-12-01
13516,Direct Mail & Wholesale,United Kingdom,Metropolis,Customer,#13516,client_13516@domain.com,2009-12-01
13010,Direct Mail & Wholesale,United Kingdom,Metropolis,Customer,#13010,client_13010@domain.com,2009-12-01
16034,Direct Mail & Wholesale,United Kingdom,Metropolis,Customer,#16034,client_16034@domain.com,2009-12-01
14982,Direct Mail & Wholesale,United Kingdom,Metropolis,Customer,#14982,client_14982@domain.com,2009-12-01
17322,Direct Mail & Wholesale,Spain,Metropolis,Customer,#17322,client_17322@domain.com,2009-12-01
17462,Direct Mail & Wholesale,United Kingdom,Metropolis,Customer,#17462,client_17462@domain.com,2009-12-01
15264,Direct Mail & Wholesale,United Kingdom,Metropolis,Customer,#15264,client_15264@domain.com,2009-12-01
16633,Direct Mail & Wholesale,United Kingdom,Metropolis,Customer,#16633,client_16633@domain.com,2009-12-01
16758,Direct Mail & Wholesale,France,Metropolis,Customer,#16758,client_16758@domain.com,2009-12-01
16842,Direct Mail & Wholesale,United Kingdom,Metropolis,Customer,#16842,client_16842@domain.com,2009-12-01
14850,Direct Mail & Wholesale,United Kingdom,Metropolis,Customer,#14850,client_14850@domain.com,2009-12-01
16599,Direct Mail & Wholesale,United Kingdom,Metropolis,Customer,#16599,client_16599@domain.com,2009-12-01
15723,Direct Mail & Wholesale,Belgium,Metropolis,Customer,#15723,client_15723@domain.com,2009-12-01
16783,Direct Mail & Wholesale,United Kingdom,Metropolis,Customer,#16783,client_16783@domain.com,2009-12-01
17093,Direct Mail & Wholesale,United Kingdom,Metropolis,Customer,#17093,client_17093@domain.com,2009-12-01
14125,Direct Mail & Wholesale,United Kingdom,Metropolis,Customer,#14125,client_14125@domain.com,2009-12-01
16697,Direct Mail & Wholesale,United Kingdom,Metropolis,Customer,#16697,client_16697@domain.com,2009-12-01
16013,Direct Mail & Wholesale,United Kingdom,Metropolis,Customer,#16013,client_16013@domain.com,2009-12-01
14285,Direct Mail & Wholesale,France,Metropolis,Customer,#14285,client_14285@domain.com,2009-12-01
14175,Direct Mail & Wholesale,United Kingdom,Metropolis,Customer,#14175,client_14175@domain.com,2009-12-01
13267,Direct Mail & Wholesale,United Kingdom,Metropolis,Customer,#13267,client_13267@domain.com,2009-12-01
12516,Direct Mail & Wholesale,United Kingdom,Metropolis,Customer,#12516,client_12516@domain.com,2009-12-01
17416,Direct Mail & Wholesale,United Kingdom,Metropolis,Customer,#17416,client_17416@domain.com,2009-12-01
16705,Direct Mail & Wholesale,United Kingdom,Metropolis,Customer,#16705,client_16705@domain.com,2009-12-01
16488,Direct Mail & Wholesale,United Kingdom,Metropolis,Customer,#16488,client_16488@domain.com,2009-12-01
14402,Direct Mail & Wholesale,United Kingdom,Metropolis,Customer,#14402,client_14402@domain.com,2009-12-01
17978,Direct Mail & Wholesale,United Kingdom,Metropolis,Customer,#17978,client_17978@domain.com,2009-12-01
15978,Direct Mail & Wholesale,United Kingdom,Metropolis,Customer,#15978,client_15978@domain.com,2009-12-01
13391,Direct Mail & Wholesale,United Kingdom,Metropolis,Customer,#13391,client_13391@domain.com,2009-12-01
17363,Direct Mail & Wholesale,Portugal,Metropolis,Customer,#17363,client_17363@domain.com,2009-12-01
14712,Direct Mail & Wholesale,United Kingdom,Metropolis,Customer,#14712,client_14712@domain.com,2009-12-01
13863,Direct Mail & Wholesale,Germany,Metropolis,Customer,#13863,client_13863@domain.com,2009-12-01
17475,Direct Mail & Wholesale,United Kingdom,Metropolis,Customer,#17475,client_17475@domain.com,2009-12-01
13823,Direct Mail & Wholesale,United Kingdom,Metropolis,Customer,#13823,client_13823@domain.com,2009-12-01
17814,Direct Mail & Wholesale,United Kingdom,Metropolis,Customer,#17814,client_17814@domain.com,2009-12-01
17572,Direct Mail & Wholesale,EIRE,Metropolis,Customer,#17572,client_17572@domain.com,2009-12-01
14492,Direct Mail & Wholesale,Netherlands,Metropolis,Customer,#14492,client_14492@domain.com,2009-12-01
14842,Direct Mail & Wholesale,United Kingdom,Metropolis,Customer,#14842,client_14842@domain.com,2009-12-01
14686,Direct Mail & Wholesale,United Kingdom,Metropolis,Customer,#14686,client_14686@domain.com,2009-12-01
15586,Direct Mail & Wholesale,United Kingdom,Metropolis,Customer,#15586,client_15586@domain.com,2009-12-01
15051,Direct Mail & Wholesale,United Kingdom,Metropolis,Customer,#15051,client_15051@domain.com,2009-12-01
16766,Direct Mail & Wholesale,United Kingdom,Metropolis,Customer,#16766,client_16766@domain.com,2009-12-01
13282,Direct Mail & Wholesale,United Kingdom,Metropolis,Customer,#13282,client_13282@domain.com,2009-12-01
18077,Direct Mail & Wholesale,United Kingdom,Metropolis,Customer,#18077,client_18077@domain.com,2009-12-01
14207,Direct Mail & Wholesale,United Kingdom,Metropolis,Customer,#14207,client_14207@domain.com,2009-12-01
17994,Direct Mail & Wholesale,United Kingdom,Metropolis,Customer,#17994,client_17994@domain.com,2009-12-01
13730,Direct Mail & Wholesale,United Kingdom,Metropolis,Customer,#13730,client_13730@domain.com,2009-12-01
15015,Direct Mail & Wholesale,United Kingdom,Metropolis,Customer,#15015,client_15015@domain.com,2009-12-01
13977,Direct Mail & Wholesale,United Kingdom,Metropolis,Customer,#13977,client_13977@domain.com,2009-12-01
14399,Direct Mail & Wholesale,United Kingdom,Metropolis,Customer,#14399,client_14399@domain.com,2009-12-01
13800,Direct Mail & Wholesale,United Kingdom,Metropolis,Customer,#13800,client_13800@domain.com,2009-12-01
14848,Direct Mail & Wholesale,France,Metropolis,Customer,#14848,client_14848@domain.com,2009-12-01
14225,Direct Mail & Wholesale,United Kingdom,Metropolis,Customer,#14225,client_14225@domain.com,2009-12-01
18113,Direct Mail & Wholesale,EIRE,Metropolis,Customer,#18113,client_18113@domain.com,2009-12-01
13586,Direct Mail & Wholesale,United Kingdom,Metropolis,Customer,#13586,client_13586@domain.com,2009-12-01
13619,Direct Mail & Wholesale,United Kingdom,Metropolis,Customer,#13619,client_13619@domain.com,2009-12-01
15690,Direct Mail & Wholesale,Germany,Metropolis,Customer,#15690,client_15690@domain.com,2009-12-01
15764,Direct Mail & Wholesale,EIRE,Metropolis,Customer,#15764,client_15764@domain.com,2009-12-01
13086,Direct Mail & Wholesale,United Kingdom,Metropolis,Customer,#13086,client_13086@domain.com,2009-12-01
14053,Direct Mail & Wholesale,United Kingdom,Metropolis,Customer,#14053,client_14053@domain.com,2009-12-01
13331,Direct Mail & Wholesale,United Kingdom,Metropolis,Customer,#13331,client_13331@domain.com,2009-12-01
13340,Direct Mail & Wholesale,United Kingdom,Metropolis,Customer,#13340,client_13340@domain.com,2009-12-01
17450,Direct Mail & Wholesale,United Kingdom,Metropolis,Customer,#17450,client_17450@domain.com,2009-12-01
18013,Direct Mail & Wholesale,United Kingdom,Metropolis,Customer,#18013,client_18013@domain.com,2009-12-01
15024,Direct Mail & Wholesale,United Kingdom,Metropolis,Customer,#15024,client_15024@domain.com,2009-12-01
17825,Direct Mail & Wholesale,United Kingdom,Metropolis,Customer,#17825,client_17825@domain.com,2009-12-01
17108,Direct Mail & Wholesale,United Kingdom,Metropolis,Customer,#17108,client_17108@domain.com,2009-12-01
13659,Direct Mail & Wholesale,United Kingdom,Metropolis,Customer,#13659,client_13659@domain.com,2009-12-01
12875,Direct Mail & Wholesale,United Kingdom,Metropolis,Customer,#12875,client_12875@domain.com,2009-12-01
12906,Direct Mail & Wholesale,United Kingdom,Metropolis,Customer,#12906,client_12906@domain.com,2009-12-01
15828,Direct Mail & Wholesale,United Kingdom,Metropolis,Customer,#15828,client_15828@domain.com,2009-12-01
17830,Direct Mail & Wholesale,United Kingdom,Metropolis,Customer,#17830,client_17830@domain.com,2009-12-01
16755,Direct Mail & Wholesale,United Kingdom,Metropolis,Customer,#16755,client_16755@domain.com,2009-12-01
13604,Direct Mail & Wholesale,United Kingdom,Metropolis,Customer,#13604,client_13604@domain.com,2009-12-01
14490,Direct Mail & Wholesale,United Kingdom,Metropolis,Customer,#14490,client_14490@domain.com,2009-12-01
15032,Direct Mail & Wholesale,United Kingdom,Metropolis,Customer,#15032,client_15032@domain.com,2009-12-01
12970,Direct Mail & Wholesale,United Kingdom,Metropolis,Customer,#12970,client_12970@domain.com,2009-12-01
17863,Direct Mail & Wholesale,United Kingdom,Metropolis,Customer,#17863,client_17863@domain.com,2009-12-01
14281,Direct Mail & Wholesale,Germany,Metropolis,Customer,#14281,client_14281@domain.com,2009-12-01
14715,Direct Mail & Wholesale,United Kingdom,Metropolis,Customer,#14715,client_14715@domain.com,2009-12-01
18037,Direct Mail & Wholesale,United Kingdom,Metropolis,Customer,#18037,client_18037@domain.com,2009-12-01
16678,Direct Mail & Wholesale,EIRE,Metropolis,Customer,#16678,client_16678@domain.com,2009-12-01
17115,Direct Mail & Wholesale,United Kingdom,Metropolis,Customer,#17115,client_17115@domain.com,2009-12-01
17027,Direct Mail & Wholesale,EIRE,Metropolis,Customer,#17027,client_17027@domain.com,2009-12-01
14790,Direct Mail & Wholesale,United Kingdom,Metropolis,Customer,#14790,client_14790@domain.com,2009-12-01
14889,Direct Mail & Wholesale,United Kingdom,Metropolis,Customer,#14889,client_14889@domain.com,2009-12-01
16275,Direct Mail & Wholesale,United Kingdom,Metropolis,Customer,#16275,client_16275@domain.com,2009-12-01
14330,Direct Mail & Wholesale,United Kingdom,Metropolis,Customer,#14330,client_14330@domain.com,2009-12-01
14695,Direct Mail & Wholesale,United Kingdom,Metropolis,Customer,#14695,client_14695@domain.com,2009-12-01
17832,Direct Mail & Wholesale,United Kingdom,Metropolis,Customer,#17832,client_17832@domain.com,2009-12-01
13134,Direct Mail & Wholesale,Netherlands,Metropolis,Customer,#13134,client_13134@domain.com,2009-12-01
16657,Direct Mail & Wholesale,United Kingdom,Metropolis,Customer,#16657,client_16657@domain.com,2009-12-01
17933,Direct Mail & Wholesale,United Kingdom,Metropolis,Customer,#17933,client_17933@domain.com,2009-12-01
13092,Direct Mail & Wholesale,United Kingdom,Metropolis,Customer,#13092,client_13092@domain.com,2009-12-01
15107,Direct Mail & Wholesale,United Kingdom,Metropolis,Customer,#15107,client_15107@domain.com,2009-12-01
16681,Direct Mail & Wholesale,United Kingdom,Metropolis,Customer,#16681,client_16681@domain.com,2009-12-01
13176,Direct Mail & Wholesale,United Kingdom,Metropolis,Customer,#13176,client_13176@domain.com,2009-12-01
16376,Direct Mail & Wholesale,United Kingdom,Metropolis,Customer,#16376,client_16376@domain.com,2009-12-01
15136,Direct Mail & Wholesale,United Kingdom,Metropolis,Customer,#15136,client_15136@domain.com,2009-12-01
14160,Direct Mail & Wholesale,Germany,Metropolis,Customer,#14160,client_14160@domain.com,2009-12-01
13848,Direct Mail & Wholesale,United Kingdom,Metropolis,Customer,#13848,client_13848@domain.com,2009-12-01
14370,Direct Mail & Wholesale,United Kingdom,Metropolis,Customer,#14370,client_14370@domain.com,2009-12-01
17666,Direct Mail & Wholesale,United Kingdom,Metropolis,Customer,#17666,client_17666@domain.com,2009-12-01
17625,Direct Mail & Wholesale,United Kingdom,Metropolis,Customer,#17625,client_17625@domain.com,2009-12-01
17460,Direct Mail & Wholesale,United Kingdom,Metropolis,Customer,#17460,client_17460@domain.com,2009-12-01
15476,Direct Mail & Wholesale,United Kingdom,Metropolis,Customer,#15476,client_15476@domain.com,2009-12-01
14922,Direct Mail & Wholesale,United Kingdom,Metropolis,Customer,#14922,client_14922@domain.com,2009-12-01
14775,Direct Mail & Wholesale,Germany,Metropolis,Customer,#14775,client_14775@domain.com,2009-12-01
17507,Direct Mail & Wholesale,United Kingdom,Metropolis,Customer,#17507,client_17507@domain.com,2009-12-01
16891,Direct Mail & Wholesale,United Kingdom,Metropolis,Customer,#16891,client_16891@domain.com,2009-12-01
16258,Direct Mail & Wholesale,United Kingdom,Metropolis,Customer,#16258,client_16258@domain.com,2009-12-01
13107,Direct Mail & Wholesale,United Kingdom,Metropolis,Customer,#13107,client_13107@domain.com,2009-12-01
12984,Direct Mail & Wholesale,United Kingdom,Metropolis,Customer,#12984,client_12984@domain.com,2009-12-01
16052,Direct Mail & Wholesale,United Kingdom,Metropolis,Customer,#16052,client_16052@domain.com,2009-12-01
15339,Direct Mail & Wholesale,United Kingdom,Metropolis,Customer,#15339,client_15339@domain.com,2009-12-01
13178,Direct Mail & Wholesale,EIRE,Metropolis,Customer,#13178,client_13178@domain.com,2009-12-01
15790,Direct Mail & Wholesale,France,Metropolis,Customer,#15790,client_15790@domain.com,2009-12-01
14238,Direct Mail & Wholesale,United Kingdom,Metropolis,Customer,#14238,client_14238@domain.com,2009-12-01
15552,Direct Mail & Wholesale,United Kingdom,Metropolis,Customer,#15552,client_15552@domain.com,2009-12-01
16162,Direct Mail & Wholesale,United Kingdom,Metropolis,Customer,#16162,client_16162@domain.com,2009-12-01
13847,Direct Mail & Wholesale,United Kingdom,Metropolis,Customer,#13847,client_13847@domain.com,2009-12-01
16424,Direct Mail & Wholesale,Australia,Metropolis,Customer,#16424,client_16424@domain.com,2009-12-01
15847,Direct Mail & Wholesale,United Kingdom,Metropolis,Customer,#15847,client_15847@domain.com,2009-12-01
14307,Direct Mail & Wholesale,France,Metropolis,Customer,#14307,client_14307@domain.com,2009-12-01
16170,Direct Mail & Wholesale,Netherlands,Metropolis,Customer,#16170,client_16170@domain.com,2009-12-01
14462,Direct Mail & Wholesale,United Kingdom,Metropolis,Customer,#14462,client_14462@domain.com,2009-12-01
16797,Direct Mail & Wholesale,United Kingdom,Metropolis,Customer,#16797,client_16797@domain.com,2009-12-01
15977,Direct Mail & Wholesale,United Kingdom,Metropolis,Customer,#15977,client_15977@domain.com,2009-12-01
16240,Direct Mail & Wholesale,United Kingdom,Metropolis,Customer,#16240,client_16240@domain.com,2009-12-01
16716,Direct Mail & Wholesale,Germany,Metropolis,Customer,#16716,client_16716@domain.com,2009-12-01
17511,Direct Mail & Wholesale,United Kingdom,Metropolis,Customer,#17511,client_17511@domain.com,2009-12-01
13024,Direct Mail & Wholesale,United Kingdom,Metropolis,Customer,#13024,client_13024@domain.com,2009-12-01
13000,Direct Mail & Wholesale,United Kingdom,Metropolis,Customer,#13000,client_13000@domain.com,2009-12-01
17986,Direct Mail & Wholesale,United Kingdom,Metropolis,Customer,#17986,client_17986@domain.com,2009-12-01
15290,Direct Mail & Wholesale,United Kingdom,Metropolis,Customer,#15290,client_15290@domain.com,2009-12-01
15493,Direct Mail & Wholesale,Netherlands,Metropolis,Customer,#15493,client_15493@domain.com,2009-12-01
13064,Direct Mail & Wholesale,France,Metropolis,Customer,#13064,client_13064@domain.com,2009-12-01
15334,Direct Mail & Wholesale,United Kingdom,Metropolis,Customer,#15334,client_15334@domain.com,2009-12-01
15001,Direct Mail & Wholesale,United Kingdom,Metropolis,Customer,#15001,client_15001@domain.com,2009-12-01
13865,Direct Mail & Wholesale,Germany,Metropolis,Customer,#13865,client_13865@domain.com,2009-12-01
15212,Direct Mail & Wholesale,United Kingdom,Metropolis,Customer,#15212,client_15212@domain.com,2009-12-01
13780,Direct Mail & Wholesale,United Kingdom,Metropolis,Customer,#13780,client_13780@domain.com,2009-12-01
14459,Direct Mail & Wholesale,United Kingdom,Metropolis,Customer,#14459,client_14459@domain.com,2009-12-01
13923,Direct Mail & Wholesale,United Kingdom,Metropolis,Customer,#13923,client_13923@domain.com,2009-12-01
14840,Direct Mail & Wholesale,United Kingdom,Metropolis,Customer,#14840,client_14840@domain.com,2009-12-01
15374,Direct Mail & Wholesale,Germany,Metropolis,Customer,#15374,client_15374@domain.com,2009-12-01
13240,Direct Mail & Wholesale,United Kingdom,Metropolis,Customer,#13240,client_13240@domain.com,2009-12-01
17806,Direct Mail & Wholesale,United Kingdom,Metropolis,Customer,#17806,client_17806@domain.com,2009-12-01
13582,Direct Mail & Wholesale,United Kingdom,Metropolis,Customer,#13582,client_13582@domain.com,2009-12-01
17576,Direct Mail & Wholesale,United Kingdom,Metropolis,Customer,#17576,client_17576@domain.com,2009-12-01
16517,Direct Mail & Wholesale,United Kingdom,Metropolis,Customer,#16517,client_16517@domain.com,2009-12-01
15680,Direct Mail & Wholesale,United Kingdom,Metropolis,Customer,#15680,client_15680@domain.com,2009-12-01
13936,Direct Mail & Wholesale,Germany,Metropolis,Customer,#13936,client_13936@domain.com,2009-12-01
17148,Direct Mail & Wholesale,United Kingdom,Metropolis,Customer,#17148,client_17148@domain.com,2009-12-01
17461,Direct Mail & Wholesale,United Kingdom,Metropolis,Customer,#17461,client_17461@domain.com,2009-12-01
17160,Direct Mail & Wholesale,United Kingdom,Metropolis,Customer,#17160,client_17160@domain.com,2009-12-01
14985,Direct Mail & Wholesale,United Kingdom,Metropolis,Customer,#14985,client_14985@domain.com,2009-12-01
12626,Direct Mail & Wholesale,United Kingdom,Metropolis,Customer,#12626,client_12626@domain.com,2009-12-01
16849,Direct Mail & Wholesale,Germany,Metropolis,Customer,#16849,client_16849@domain.com,2009-12-01
17754,Direct Mail & Wholesale,United Kingdom,Metropolis,Customer,#17754,client_17754@domain.com,2009-12-01
13617,Direct Mail & Wholesale,France,Metropolis,Customer,#13617,client_13617@domain.com,2009-12-01
13146,Direct Mail & Wholesale,United Kingdom,Metropolis,Customer,#13146,client_13146@domain.com,2009-12-01
18267,Direct Mail & Wholesale,United Kingdom,Metropolis,Customer,#18267,client_18267@domain.com,2009-12-01
16155,Direct Mail & Wholesale,Germany,Metropolis,Customer,#16155,client_16155@domain.com,2009-12-01
16935,Direct Mail & Wholesale,United Kingdom,Metropolis,Customer,#16935,client_16935@domain.com,2009-12-01
15203,Direct Mail & Wholesale,EIRE,Metropolis,Customer,#15203,client_15203@domain.com,2009-12-01
12582,Direct Mail & Wholesale,United Kingdom,Metropolis,Customer,#12582,client_12582@domain.com,2009-12-01
17178,Direct Mail & Wholesale,United Kingdom,Metropolis,Customer,#17178,client_17178@domain.com,2009-12-01
16447,Direct Mail & Wholesale,France,Metropolis,Customer,#16447,client_16447@domain.com,2009-12-01
17884,Direct Mail & Wholesale,United Kingdom,Metropolis,Customer,#17884,client_17884@domain.com,2009-12-01
14595,Direct Mail & Wholesale,United Kingdom,Metropolis,Customer,#14595,client_14595@domain.com,2009-12-01
15079,Direct Mail & Wholesale,Germany,Metropolis,Customer,#15079,client_15079@domain.com,2009-12-01
12394,Direct Mail & Wholesale,United Kingdom,Metropolis,Customer,#12394,client_12394@domain.com,2009-12-01
15000,Direct Mail & Wholesale,United Kingdom,Metropolis,Customer,#15000,client_15000@domain.com,2009-12-01
15283,Direct Mail & Wholesale,United Kingdom,Metropolis,Customer,#15283,client_15283@domain.com,2009-12-01
17347,Direct Mail & Wholesale,Switzerland,Metropolis,Customer,#17347,client_17347@domain.com,2009-12-01
13306,Direct Mail & Wholesale,United Kingdom,Metropolis,Customer,#13306,client_13306@domain.com,2009-12-01
16339,Direct Mail & Wholesale,United Kingdom,Metropolis,Customer,#16339,client_16339@domain.com,2009-12-01
14622,Direct Mail & Wholesale,United Kingdom,Metropolis,Customer,#14622,client_14622@domain.com,2009-12-01
16539,Direct Mail & Wholesale,United Kingdom,Metropolis,Customer,#16539,client_16539@domain.com,2009-12-01
12385,Direct Mail & Wholesale,United Kingdom,Metropolis,Customer,#12385,client_12385@domain.com,2009-12-01
15506,Direct Mail & Wholesale,Spain,Metropolis,Customer,#15506,client_15506@domain.com,2009-12-01
14306,Direct Mail & Wholesale,United Kingdom,Metropolis,Customer,#14306,client_14306@domain.com,2009-12-01
17169,Direct Mail & Wholesale,United Kingdom,Metropolis,Customer,#17169,client_17169@domain.com,2009-12-01
17681,Direct Mail & Wholesale,United Kingdom,Metropolis,Customer,#17681,client_17681@domain.com,2009-12-01
17880,Direct Mail & Wholesale,United Kingdom,Metropolis,Customer,#17880,client_17880@domain.com,2009-12-01
17209,Direct Mail & Wholesale,United Kingdom,Metropolis,Customer,#17209,client_17209@domain.com,2009-12-01
14302,Direct Mail & Wholesale,Belgium,Metropolis,Customer,#14302,client_14302@domain.com,2009-12-01
17188,Direct Mail & Wholesale,United Kingdom,Metropolis,Customer,#17188,client_17188@domain.com,2009-12-01
12976,Direct Mail & Wholesale,United Kingdom,Metropolis,Customer,#12976,client_12976@domain.com,2009-12-01
16881,Direct Mail & Wholesale,United Kingdom,Metropolis,Customer,#16881,client_16881@domain.com,2009-12-01
16137,Direct Mail & Wholesale,United Kingdom,Metropolis,Customer,#16137,client_16137@domain.com,2009-12-01
14797,Direct Mail & Wholesale,United Kingdom,Metropolis,Customer,#14797,client_14797@domain.com,2009-12-01
17836,Direct Mail & Wholesale,United Kingdom,Metropolis,Customer,#17836,client_17836@domain.com,2009-12-01
16856,Direct Mail & Wholesale,United Kingdom,Metropolis,Customer,#16856,client_16856@domain.com,2009-12-01
12711,Direct Mail & Wholesale,United Kingdom,Metropolis,Customer,#12711,client_12711@domain.com,2009-12-01
14832,Direct Mail & Wholesale,United Kingdom,Metropolis,Customer,#14832,client_14832@domain.com,2009-12-01
18101,Direct Mail & Wholesale,United Kingdom,Metropolis,Customer,#18101,client_18101@domain.com,2009-12-01
14447,Direct Mail & Wholesale,Netherlands,Metropolis,Customer,#14447,client_14447@domain.com,2009-12-01
15073,Direct Mail & Wholesale,United Kingdom,Metropolis,Customer,#15073,client_15073@domain.com,2009-12-01
15914,Direct Mail & Wholesale,United Kingdom,Metropolis,Customer,#15914,client_15914@domain.com,2009-12-01
17751,Direct Mail & Wholesale,United Kingdom,Metropolis,Customer,#17751,client_17751@domain.com,2009-12-01
13710,Direct Mail & Wholesale,United Kingdom,Metropolis,Customer,#13710,client_13710@domain.com,2009-12-01
14359,Direct Mail & Wholesale,United Kingdom,Metropolis,Customer,#14359,client_14359@domain.com,2009-12-01
12675,Direct Mail & Wholesale,United Kingdom,Metropolis,Customer,#12675,client_12675@domain.com,2009-12-01
14967,Direct Mail & Wholesale,United Kingdom,Metropolis,Customer,#14967,client_14967@domain.com,2009-12-01
15920,Direct Mail & Wholesale,United Kingdom,Metropolis,Customer,#15920,client_15920@domain.com,2009-12-01
15833,Direct Mail & Wholesale,Netherlands,Metropolis,Customer,#15833,client_15833@domain.com,2009-12-01
15984,Direct Mail & Wholesale,United Kingdom,Metropolis,Customer,#15984,client_15984@domain.com,2009-12-01
17121,Direct Mail & Wholesale,United Kingdom,Metropolis,Customer,#17121,client_17121@domain.com,2009-12-01
16901,Direct Mail & Wholesale,United Kingdom,Metropolis,Customer,#16901,client_16901@domain.com,2009-12-01
16301,Direct Mail & Wholesale,United Kingdom,Metropolis,Customer,#16301,client_16301@domain.com,2009-12-01
12459,Direct Mail & Wholesale,United Kingdom,Metropolis,Customer,#12459,client_12459@domain.com,2009-12-01
15180,Direct Mail & Wholesale,EIRE,Metropolis,Customer,#15180,client_15180@domain.com,2009-12-01
12531,Direct Mail & Wholesale,United Kingdom,Metropolis,Customer,#12531,client_12531@domain.com,2009-12-01
13834,Direct Mail & Wholesale,Germany,Metropolis,Customer,#13834,client_13834@domain.com,2009-12-01
16538,Direct Mail & Wholesale,Netherlands,Metropolis,Customer,#16538,client_16538@domain.com,2009-12-01
12495,Direct Mail & Wholesale,United Kingdom,Metropolis,Customer,#12495,client_12495@domain.com,2009-12-01
13853,Direct Mail & Wholesale,United Kingdom,Metropolis,Customer,#13853,client_13853@domain.com,2009-12-01
12686,Direct Mail & Wholesale,France,Metropolis,Customer,#12686,client_12686@domain.com,2009-12-01
16914,Direct Mail & Wholesale,United Kingdom,Metropolis,Customer,#16914,client_16914@domain.com,2009-12-01
15784,Direct Mail & Wholesale,United Kingdom,Metropolis,Customer,#15784,client_15784@domain.com,2009-12-01
17049,Direct Mail & Wholesale,United Kingdom,Metropolis,Customer,#17049,client_17049@domain.com,2009-12-01
14647,Direct Mail & Wholesale,United Kingdom,Metropolis,Customer,#14647,client_14647@domain.com,2009-12-01
14720,Direct Mail & Wholesale,Germany,Metropolis,Customer,#14720,client_14720@domain.com,2009-12-01
17998,Direct Mail & Wholesale,United Kingdom,Metropolis,Customer,#17998,client_17998@domain.com,2009-12-01
14576,Direct Mail & Wholesale,United Kingdom,Metropolis,Customer,#14576,client_14576@domain.com,2009-12-01
17628,Direct Mail & Wholesale,France,Metropolis,Customer,#17628,client_17628@domain.com,2009-12-01
17749,Direct Mail & Wholesale,United Kingdom,Metropolis,Customer,#17749,client_17749@domain.com,2009-12-01
14859,Direct Mail & Wholesale,United Kingdom,Metropolis,Customer,#14859,client_14859@domain.com,2009-12-01
16791,Direct Mail & Wholesale,United Kingdom,Metropolis,Customer,#16791,client_16791@domain.com,2009-12-01
14305,Direct Mail & Wholesale,United Kingdom,Metropolis,Customer,#14305,client_14305@domain.com,2009-12-01
14118,Direct Mail & Wholesale,United Kingdom,Metropolis,Customer,#14118,client_14118@domain.com,2009-12-01
16836,Direct Mail & Wholesale,United Kingdom,Metropolis,Customer,#16836,client_16836@domain.com,2009-12-01
18060,Direct Mail & Wholesale,United Kingdom,Metropolis,Customer,#18060,client_18060@domain.com,2009-12-01
16182,Direct Mail & Wholesale,Switzerland,Metropolis,Customer,#16182,client_16182@domain.com,2009-12-01
14574,Direct Mail & Wholesale,United Kingdom,Metropolis,Customer,#14574,client_14574@domain.com,2009-12-01
13426,Direct Mail & Wholesale,United Kingdom,Metropolis,Customer,#13426,client_13426@domain.com,2009-12-01
14682,Direct Mail & Wholesale,United Kingdom,Metropolis,Customer,#14682,client_14682@domain.com,2009-12-01
16387,Direct Mail & Wholesale,United Kingdom,Metropolis,Customer,#16387,client_16387@domain.com,2009-12-01
12736,Direct Mail & Wholesale,United Kingdom,Metropolis,Customer,#12736,client_12736@domain.com,2009-12-01
13125,Direct Mail & Wholesale,United Kingdom,Metropolis,Customer,#13125,client_13125@domain.com,2009-12-01
16597,Direct Mail & Wholesale,Netherlands,Metropolis,Customer,#16597,client_16597@domain.com,2009-12-01
17544,Direct Mail & Wholesale,United Kingdom,Metropolis,Customer,#17544,client_17544@domain.com,2009-12-01
12800,Direct Mail & Wholesale,United Kingdom,Metropolis,Customer,#12800,client_12800@domain.com,2009-12-01
15395,Direct Mail & Wholesale,United Kingdom,Metropolis,Customer,#15395,client_15395@domain.com,2009-12-01
16800,Direct Mail & Wholesale,United Kingdom,Metropolis,Customer,#16800,client_16800@domain.com,2009-12-01
14585,Direct Mail & Wholesale,EIRE,Metropolis,Customer,#14585,client_14585@domain.com,2009-12-01
15670,Direct Mail & Wholesale,United Kingdom,Metropolis,Customer,#15670,client_15670@domain.com,2009-12-01
14854,Direct Mail & Wholesale,United Kingdom,Metropolis,Customer,#14854,client_14854@domain.com,2009-12-01
17286,Direct Mail & Wholesale,United Kingdom,Metropolis,Customer,#17286,client_17286@domain.com,2009-12-01
15781,Direct Mail & Wholesale,United Kingdom,Metropolis,Customer,#15781,client_15781@domain.com,2009-12-01
13022,Direct Mail & Wholesale,France,Metropolis,Customer,#13022,client_13022@domain.com,2009-12-01
14156,Direct Mail & Wholesale,United Kingdom,Metropolis,Customer,#14156,client_14156@domain.com,2009-12-01
16637,Direct Mail & Wholesale,United Kingdom,Metropolis,Customer,#16637,client_16637@domain.com,2009-12-01
17464,Direct Mail & Wholesale,United Kingdom,Metropolis,Customer,#17464,client_17464@domain.com,2009-12-01
12741,Direct Mail & Wholesale,United Kingdom,Metropolis,Customer,#12741,client_12741@domain.com,2009-12-01
16187,Direct Mail & Wholesale,United Kingdom,Metropolis,Customer,#16187,client_16187@domain.com,2009-12-01
14385,Direct Mail & Wholesale,Spain,Metropolis,Customer,#14385,client_14385@domain.com,2009-12-01
16173,Direct Mail & Wholesale,United Kingdom,Metropolis,Customer,#16173,client_16173@domain.com,2009-12-01
18098,Direct Mail & Wholesale,United Kingdom,Metropolis,Customer,#18098,client_18098@domain.com,2009-12-01
12680,Direct Mail & Wholesale,United Kingdom,Metropolis,Customer,#12680,client_12680@domain.com,2009-12-01
15587,Direct Mail & Wholesale,United Kingdom,Metropolis,Customer,#15587,client_15587@domain.com,2009-12-01
16966,Direct Mail & Wholesale,United Kingdom,Metropolis,Customer,#16966,client_16966@domain.com,2009-12-01
15667,Direct Mail & Wholesale,Germany,Metropolis,Customer,#15667,client_15667@domain.com,2009-12-01
15671,Direct Mail & Wholesale,Germany,Metropolis,Customer,#15671,client_15671@domain.com,2009-12-01
12565,Direct Mail & Wholesale,Australia,Metropolis,Customer,#12565,client_12565@domain.com,2009-12-01
12361,Direct Mail & Wholesale,United Kingdom,Metropolis,Customer,#12361,client_12361@domain.com,2009-12-01
16547,Direct Mail & Wholesale,United Kingdom,Metropolis,Customer,#16547,client_16547@domain.com,2009-12-01
12899,Direct Mail & Wholesale,EIRE,Metropolis,Customer,#12899,client_12899@domain.com,2009-12-01
17283,Direct Mail & Wholesale,United Kingdom,Metropolis,Customer,#17283,client_17283@domain.com,2009-12-01
14378,Direct Mail & Wholesale,United Kingdom,Metropolis,Customer,#14378,client_14378@domain.com,2009-12-01
17289,Direct Mail & Wholesale,Germany,Metropolis,Customer,#17289,client_17289@domain.com,2009-12-01
16027,Direct Mail & Wholesale,United Kingdom,Metropolis,Customer,#16027,client_16027@domain.com,2009-12-01
15413,Direct Mail & Wholesale,EIRE,Metropolis,Customer,#15413,client_15413@domain.com,2009-12-01
13664,Direct Mail & Wholesale,United Kingdom,Metropolis,Customer,#13664,client_13664@domain.com,2009-12-01
14638,Direct Mail & Wholesale,United Kingdom,Metropolis,Customer,#14638,client_14638@domain.com,2009-12-01
12450,Direct Mail & Wholesale,United Kingdom,Metropolis,Customer,#12450,client_12450@domain.com,2009-12-01
13467,Direct Mail & Wholesale,United Kingdom,Metropolis,Customer,#13467,client_13467@domain.com,2009-12-01
16102,Direct Mail & Wholesale,United Kingdom,Metropolis,Customer,#16102,client_16102@domain.com,2009-12-01
14572,Direct Mail & Wholesale,United Kingdom,Metropolis,Customer,#14572,client_14572@domain.com,2009-12-01
14719,Direct Mail & Wholesale,United Kingdom,Metropolis,Customer,#14719,client_14719@domain.com,2009-12-01
16556,Direct Mail & Wholesale,Switzerland,Metropolis,Customer,#16556,client_16556@domain.com,2009-12-01
13543,Direct Mail & Wholesale,United Kingdom,Metropolis,Customer,#13543,client_13543@domain.com,2009-12-01
15797,Direct Mail & Wholesale,United Kingdom,Metropolis,Customer,#15797,client_15797@domain.com,2009-12-01
16428,Direct Mail & Wholesale,United Kingdom,Metropolis,Customer,#16428,client_16428@domain.com,2009-12-01
16279,Direct Mail & Wholesale,United Kingdom,Metropolis,Customer,#16279,client_16279@domain.com,2009-12-01
18209,Direct Mail & Wholesale,United Kingdom,Metropolis,Customer,#18209,client_18209@domain.com,2009-12-01
14838,Direct Mail & Wholesale,Germany,Metropolis,Customer,#14838,client_14838@domain.com,2009-12-01
14756,Direct Mail & Wholesale,United Kingdom,Metropolis,Customer,#14756,client_14756@domain.com,2009-12-01
15014,Direct Mail & Wholesale,United Kingdom,Metropolis,Customer,#15014,client_15014@domain.com,2009-12-01
13650,Direct Mail & Wholesale,United Kingdom,Metropolis,Customer,#13650,client_13650@domain.com,2009-12-01
13809,Direct Mail & Wholesale,United Kingdom,Metropolis,Customer,#13809,client_13809@domain.com,2009-12-01
15199,Direct Mail & Wholesale,United Kingdom,Metropolis,Customer,#15199,client_15199@domain.com,2009-12-01
12940,Direct Mail & Wholesale,United Kingdom,Metropolis,Customer,#12940,client_12940@domain.com,2009-12-01
13016,Direct Mail & Wholesale,France,Metropolis,Customer,#13016,client_13016@domain.com,2009-12-01
14333,Direct Mail & Wholesale,United Kingdom,Metropolis,Customer,#14333,client_14333@domain.com,2009-12-01
14615,Direct Mail & Wholesale,United Kingdom,Metropolis,Customer,#14615,client_14615@domain.com,2009-12-01
15346,Direct Mail & Wholesale,United Kingdom,Metropolis,Customer,#15346,client_15346@domain.com,2009-12-01
15903,Direct Mail & Wholesale,United Kingdom,Metropolis,Customer,#15903,client_15903@domain.com,2009-12-01
17609,Direct Mail & Wholesale,United Kingdom,Metropolis,Customer,#17609,client_17609@domain.com,2009-12-01
14219,Direct Mail & Wholesale,United Kingdom,Metropolis,Customer,#14219,client_14219@domain.com,2009-12-01
17647,Direct Mail & Wholesale,EIRE,Metropolis,Customer,#17647,client_17647@domain.com,2009-12-01
18025,Direct Mail & Wholesale,United Kingdom,Metropolis,Customer,#18025,client_18025@domain.com,2009-12-01
13181,Direct Mail & Wholesale,United Kingdom,Metropolis,Customer,#13181,client_13181@domain.com,2009-12-01
16482,Direct Mail & Wholesale,United Kingdom,Metropolis,Customer,#16482,client_16482@domain.com,2009-12-01
16760,Direct Mail & Wholesale,United Kingdom,Metropolis,Customer,#16760,client_16760@domain.com,2009-12-01
16213,Direct Mail & Wholesale,United Kingdom,Metropolis,Customer,#16213,client_16213@domain.com,2009-12-01
15966,Direct Mail & Wholesale,United Kingdom,Metropolis,Customer,#15966,client_15966@domain.com,2009-12-01
16410,Direct Mail & Wholesale,Portugal,Metropolis,Customer,#16410,client_16410@domain.com,2009-12-01
17038,Direct Mail & Wholesale,Portugal,Metropolis,Customer,#17038,client_17038@domain.com,2009-12-01
13413,Direct Mail & Wholesale,United Kingdom,Metropolis,Customer,#13413,client_13413@domain.com,2009-12-01
14958,Direct Mail & Wholesale,United Kingdom,Metropolis,Customer,#14958,client_14958@domain.com,2009-12-01
15464,Direct Mail & Wholesale,United Kingdom,Metropolis,Customer,#15464,client_15464@domain.com,2009-12-01
14255,Direct Mail & Wholesale,United Kingdom,Metropolis,Customer,#14255,client_14255@domain.com,2009-12-01
16603,Direct Mail & Wholesale,United Kingdom,Metropolis,Customer,#16603,client_16603@domain.com,2009-12-01
18067,Direct Mail & Wholesale,United Kingdom,Metropolis,Customer,#18067,client_18067@domain.com,2009-12-01
16014,Direct Mail & Wholesale,United Kingdom,Metropolis,Customer,#16014,client_16014@domain.com,2009-12-01
14535,Direct Mail & Wholesale,United Kingdom,Metropolis,Customer,#14535,client_14535@domain.com,2009-12-01
13638,Direct Mail & Wholesale,United Kingdom,Metropolis,Customer,#13638,client_13638@domain.com,2009-12-01
14406,Direct Mail & Wholesale,France,Metropolis,Customer,#14406,client_14406@domain.com,2009-12-01
14597,Direct Mail & Wholesale,United Kingdom,Metropolis,Customer,#14597,client_14597@domain.com,2009-12-01
18061,Direct Mail & Wholesale,France,Metropolis,Customer,#18061,client_18061@domain.com,2009-12-01
12824,Direct Mail & Wholesale,United Kingdom,Metropolis,Customer,#12824,client_12824@domain.com,2009-12-01
13660,Direct Mail & Wholesale,United Kingdom,Metropolis,Customer,#13660,client_13660@domain.com,2009-12-01
18107,Direct Mail & Wholesale,United Kingdom,Metropolis,Customer,#18107,client_18107@domain.com,2009-12-01
14087,Direct Mail & Wholesale,United Kingdom,Metropolis,Customer,#14087,client_14087@domain.com,2009-12-01
13159,Direct Mail & Wholesale,United Kingdom,Metropolis,Customer,#13159,client_13159@domain.com,2009-12-01
17736,Direct Mail & Wholesale,United Kingdom,Metropolis,Customer,#17736,client_17736@domain.com,2009-12-01
16363,Direct Mail & Wholesale,United Kingdom,Metropolis,Customer,#16363,client_16363@domain.com,2009-12-01
13985,Direct Mail & Wholesale,Netherlands,Metropolis,Customer,#13985,client_13985@domain.com,2009-12-01
18284,Direct Mail & Wholesale,United Kingdom,Metropolis,Customer,#18284,client_18284@domain.com,2009-12-01
13621,Direct Mail & Wholesale,United Kingdom,Metropolis,Customer,#13621,client_13621@domain.com,2009-12-01
14036,Direct Mail & Wholesale,United Kingdom,Metropolis,Customer,#14036,client_14036@domain.com,2009-12-01
18042,Direct Mail & Wholesale,United Kingdom,Metropolis,Customer,#18042,client_18042@domain.com,2009-12-01
17610,Direct Mail & Wholesale,United Kingdom,Metropolis,Customer,#17610,client_17610@domain.com,2009-12-01
13366,Direct Mail & Wholesale,United Kingdom,Metropolis,Customer,#13366,client_13366@domain.com,2009-12-01
17258,Direct Mail & Wholesale,United Kingdom,Metropolis,Customer,#17258,client_17258@domain.com,2009-12-01
13970,Direct Mail & Wholesale,United Kingdom,Metropolis,Customer,#13970,client_13970@domain.com,2009-12-01
18253,Direct Mail & Wholesale,United Kingdom,Metropolis,Customer,#18253,client_18253@domain.com,2009-12-01
15594,Direct Mail & Wholesale,United Kingdom,Metropolis,Customer,#15594,client_15594@domain.com,2009-12-01
15131,Direct Mail & Wholesale,United Kingdom,Metropolis,Customer,#15131,client_15131@domain.com,2009-12-01
17179,Direct Mail & Wholesale,Switzerland,Metropolis,Customer,#17179,client_17179@domain.com,2009-12-01
17328,Direct Mail & Wholesale,United Kingdom,Metropolis,Customer,#17328,client_17328@domain.com,2009-12-01
16838,Direct Mail & Wholesale,United Kingdom,Metropolis,Customer,#16838,client_16838@domain.com,2009-12-01
17267,Direct Mail & Wholesale,United Kingdom,Metropolis,Customer,#17267,client_17267@domain.com,2009-12-01
14267,Direct Mail & Wholesale,United Kingdom,Metropolis,Customer,#14267,client_14267@domain.com,2009-12-01
14907,Direct Mail & Wholesale,United Kingdom,Metropolis,Customer,#14907,client_14907@domain.com,2009-12-01
17314,Direct Mail & Wholesale,United Kingdom,Metropolis,Customer,#17314,client_17314@domain.com,2009-12-01
13408,Direct Mail & Wholesale,United Kingdom,Metropolis,Customer,#13408,client_13408@domain.com,2009-12-01
12395,Direct Mail & Wholesale,United Kingdom,Metropolis,Customer,#12395,client_12395@domain.com,2009-12-01
15751,Direct Mail & Wholesale,United Kingdom,Metropolis,Customer,#15751,client_15751@domain.com,2009-12-01
15256,Direct Mail & Wholesale,United Kingdom,Metropolis,Customer,#15256,client_15256@domain.com,2009-12-01
16859,Direct Mail & Wholesale,United Kingdom,Metropolis,Customer,#16859,client_16859@domain.com,2009-12-01
15908,Direct Mail & Wholesale,United Kingdom,Metropolis,Customer,#15908,client_15908@domain.com,2009-12-01
12499,Direct Mail & Wholesale,United Kingdom,Metropolis,Customer,#12499,client_12499@domain.com,2009-12-01
17226,Direct Mail & Wholesale,United Kingdom,Metropolis,Customer,#17226,client_17226@domain.com,2009-12-01
16748,Direct Mail & Wholesale,United Kingdom,Metropolis,Customer,#16748,client_16748@domain.com,2009-12-01
16118,Direct Mail & Wholesale,Germany,Metropolis,Customer,#16118,client_16118@domain.com,2009-12-01
16072,Direct Mail & Wholesale,France,Metropolis,Customer,#16072,client_16072@domain.com,2009-12-01
16425,Direct Mail & Wholesale,United Kingdom,Metropolis,Customer,#16425,client_16425@domain.com,2009-12-01
16706,Direct Mail & Wholesale,United Kingdom,Metropolis,Customer,#16706,client_16706@domain.com,2009-12-01
16303,Direct Mail & Wholesale,Belgium,Metropolis,Customer,#16303,client_16303@domain.com,2009-12-01
18008,Direct Mail & Wholesale,United Kingdom,Metropolis,Customer,#18008,client_18008@domain.com,2009-12-01
14606,Direct Mail & Wholesale,United Kingdom,Metropolis,Customer,#14606,client_14606@domain.com,2009-12-01
15282,Direct Mail & Wholesale,United Kingdom,Metropolis,Customer,#15282,client_15282@domain.com,2009-12-01
16132,Direct Mail & Wholesale,Germany,Metropolis,Customer,#16132,client_16132@domain.com,2009-12-01
16272,Direct Mail & Wholesale,United Kingdom,Metropolis,Customer,#16272,client_16272@domain.com,2009-12-01
14727,Direct Mail & Wholesale,France,Metropolis,Customer,#14727,client_14727@domain.com,2009-12-01
17251,Direct Mail & Wholesale,EIRE,Metropolis,Customer,#17251,client_17251@domain.com,2009-12-01
14328,Direct Mail & Wholesale,United Kingdom,Metropolis,Customer,#14328,client_14328@domain.com,2009-12-01
17824,Direct Mail & Wholesale,United Kingdom,Metropolis,Customer,#17824,client_17824@domain.com,2009-12-01
15727,Direct Mail & Wholesale,EIRE,Metropolis,Customer,#15727,client_15727@domain.com,2009-12-01
16354,Direct Mail & Wholesale,United Kingdom,Metropolis,Customer,#16354,client_16354@domain.com,2009-12-01
13511,Direct Mail & Wholesale,United Kingdom,Metropolis,Customer,#13511,client_13511@domain.com,2009-12-01
17792,Direct Mail & Wholesale,United Kingdom,Metropolis,Customer,#17792,client_17792@domain.com,2009-12-01
16805,Direct Mail & Wholesale,United Kingdom,Metropolis,Customer,#16805,client_16805@domain.com,2009-12-01
13433,Direct Mail & Wholesale,United Kingdom,Metropolis,Customer,#13433,client_13433@domain.com,2009-12-01
14694,Direct Mail & Wholesale,United Kingdom,Metropolis,Customer,#14694,client_14694@domain.com,2009-12-01
12846,Direct Mail & Wholesale,Germany,Metropolis,Customer,#12846,client_12846@domain.com,2009-12-01
12637,Direct Mail & Wholesale,EIRE,Metropolis,Customer,#12637,client_12637@domain.com,2009-12-01
14706,Direct Mail & Wholesale,United Kingdom,Metropolis,Customer,#14706,client_14706@domain.com,2009-12-01
12765,Direct Mail & Wholesale,United Kingdom,Metropolis,Customer,#12765,client_12765@domain.com,2009-12-01
13139,Direct Mail & Wholesale,United Kingdom,Metropolis,Customer,#13139,client_13139@domain.com,2009-12-01
16689,Direct Mail & Wholesale,United Kingdom,Metropolis,Customer,#16689,client_16689@domain.com,2009-12-01
13378,Direct Mail & Wholesale,United Kingdom,Metropolis,Customer,#13378,client_13378@domain.com,2009-12-01
13483,Direct Mail & Wholesale,United Kingdom,Metropolis,Customer,#13483,client_13483@domain.com,2009-12-01
18230,Direct Mail & Wholesale,United Kingdom,Metropolis,Customer,#18230,client_18230@domain.com,2009-12-01
13461,Direct Mail & Wholesale,United Kingdom,Metropolis,Customer,#13461,client_13461@domain.com,2009-12-01
16669,Direct Mail & Wholesale,United Kingdom,Metropolis,Customer,#16669,client_16669@domain.com,2009-12-01
14034,Direct Mail & Wholesale,Germany,Metropolis,Customer,#14034,client_14034@domain.com,2009-12-01
13633,Direct Mail & Wholesale,United Kingdom,Metropolis,Customer,#13633,client_13633@domain.com,2009-12-01
14515,Direct Mail & Wholesale,United Kingdom,Metropolis,Customer,#14515,client_14515@domain.com,2009-12-01
13506,Direct Mail & Wholesale,United Kingdom,Metropolis,Customer,#13506,client_13506@domain.com,2009-12-01
16505,Direct Mail & Wholesale,United Kingdom,Metropolis,Customer,#16505,client_16505@domain.com,2009-12-01
16136,Direct Mail & Wholesale,United Kingdom,Metropolis,Customer,#16136,client_16136@domain.com,2009-12-01
15501,Direct Mail & Wholesale,United Kingdom,Metropolis,Customer,#15501,client_15501@domain.com,2009-12-01
14135,Direct Mail & Wholesale,United Kingdom,Metropolis,Customer,#14135,client_14135@domain.com,2009-12-01
14932,Direct Mail & Wholesale,United Kingdom,Metropolis,Customer,#14932,client_14932@domain.com,2009-12-01
13172,Direct Mail & Wholesale,United Kingdom,Metropolis,Customer,#13172,client_13172@domain.com,2009-12-01
17110,Direct Mail & Wholesale,United Kingdom,Metropolis,Customer,#17110,client_17110@domain.com,2009-12-01
17088,Direct Mail & Wholesale,United Kingdom,Metropolis,Customer,#17088,client_17088@domain.com,2009-12-01
13015,Direct Mail & Wholesale,Germany,Metropolis,Customer,#13015,client_13015@domain.com,2009-12-01
15286,Direct Mail & Wholesale,United Kingdom,Metropolis,Customer,#15286,client_15286@domain.com,2009-12-01
17909,Direct Mail & Wholesale,United Kingdom,Metropolis,Customer,#17909,client_17909@domain.com,2009-12-01
13019,Direct Mail & Wholesale,United Kingdom,Metropolis,Customer,#13019,client_13019@domain.com,2009-12-01
13305,Direct Mail & Wholesale,United Kingdom,Metropolis,Customer,#13305,client_13305@domain.com,2009-12-01
13772,Direct Mail & Wholesale,United Kingdom,Metropolis,Customer,#13772,client_13772@domain.com,2009-12-01
12456,Direct Mail & Wholesale,Germany,Metropolis,Customer,#12456,client_12456@domain.com,2009-12-01
17854,Direct Mail & Wholesale,United Kingdom,Metropolis,Customer,#17854,client_17854@domain.com,2009-12-01
17382,Direct Mail & Wholesale,United Kingdom,Metropolis,Customer,#17382,client_17382@domain.com,2009-12-01
