order_id,product_id,quantity,item_revenue,item_cost,item_profit
536366.0,22086,1,2.95,,
536367.0,21212,1,0.55,,
536368.0,21212,1,0.55,,
536369.0,85099B,4,7.8,,
536370.0,22086,1,2.95,,
536371.0,22086,2,5.9,,
536372.0,85099B,2,3.9,,
536373.0,22423,2,25.5,,
536374.0,84879,6,10.14,,
536375.0,21212,2,1.1,,
536376.0,22383,2,3.3,,
536377.0,22423,2,25.5,,
536378.0,22720,2,9.9,,
536379.0,22720,4,19.8,,
536380.0,85099B,4,7.8,,
536381.0,22720,2,9.9,,
536382.0,47566,1,4.95,,
536383.0,85099B,1,1.95,,
536384.0,22086,2,5.9,,
536385.0,85099B,1,1.95,,
536386.0,21212,1,0.55,,
536387.0,47566,2,9.9,,
536388.0,47566,1,4.95,,
536389.0,22086,2,5.9,,
536390.0,22720,2,9.9,,
536391.0,22383,1,1.65,,
536392.0,POST,1,18.0,,
536393.0,POST,4,72.0,,
536394.0,21212,1,0.55,,
536395.0,22383,6,9.9,,
536396.0,22720,2,9.9,,
536397.0,22383,1,1.65,,
536398.0,22720,2,9.9,,
536399.0,21212,1,0.55,,
536400.0,22423,1,12.75,,
536401.0,22383,1,1.65,,
536402.0,22720,1,4.95,,
536403.0,85099B,2,3.9,,
536404.0,22423,1,12.75,,
100039.0,POST,1,0.0,,
536406.0,85123A,2,5.1,,
536407.0,85123A,1,2.55,,
536408.0,22086,1,2.95,,
536409.0,POST,12,216.0,,
536410.0,22086,4,11.8,,
536411.0,47566,1,4.95,,
536412.0,POST,6,108.0,,
536413.0,85123A,1,2.55,,
536414.0,POST,4,72.0,,
536415.0,22720,1,4.95,,
536416.0,47566,6,29.7,,
536417.0,22423,1,12.75,,
536418.0,22720,2,9.9,,
536419.0,22086,6,17.7,,
536420.0,22383,1,1.65,,
100055.0,47566,1,0.0,,
536422.0,POST,1,18.0,,
536423.0,21212,2,1.1,,
536424.0,85123A,6,15.3,,
536425.0,22720,2,9.9,,
536426.0,47566,1,4.95,,
536427.0,85099B,2,3.9,,
536428.0,21212,2,1.1,,
536429.0,22423,4,51.0,,
536430.0,84879,6,10.14,,
536431.0,22720,4,19.8,,
536432.0,22086,4,11.8,,
536433.0,84879,2,3.38,,
536434.0,22383,1,1.65,,
536435.0,85099B,6,11.7,,
536436.0,POST,6,108.0,,
536437.0,85099B,2,3.9,,
536438.0,85123A,4,10.2,,
536439.0,85099B,2,3.9,,
536440.0,84879,6,10.14,,
536441.0,85099B,2,3.9,,
536442.0,21212,4,2.2,,
536443.0,22720,2,9.9,,
536444.0,POST,4,72.0,,
536445.0,22720,4,19.8,,
536446.0,22720,12,59.4,,
536447.0,85099B,1,1.95,,
536448.0,22086,1,2.95,,
536449.0,POST,2,36.0,,
536450.0,22720,1,4.95,,
536451.0,22720,4,19.8,,
536452.0,22086,12,35.4,,
536453.0,22423,1,12.75,,
536454.0,POST,2,36.0,,
536455.0,85099B,1,1.95,,
536456.0,85099B,4,7.8,,
536457.0,47566,1,4.95,,
536458.0,47566,12,59.4,,
536459.0,22383,1,1.65,,
536460.0,47566,2,9.9,,
536461.0,85123A,2,5.1,,
536462.0,47566,1,4.95,,
536463.0,22086,1,2.95,,
536464.0,84879,1,1.69,,
536465.0,22423,12,153.0,,
536466.0,22383,24,39.6,,
536467.0,85123A,4,10.2,,
536468.0,22423,1,12.75,,
536469.0,84879,2,3.38,,
536470.0,22383,1,1.65,,
536471.0,POST,4,72.0,,
536472.0,POST,1,18.0,,
536473.0,POST,4,72.0,,
536474.0,21212,1,0.55,,
536475.0,84879,1,1.69,,
100110.0,85123A,1,0.0,,
536477.0,22720,4,19.8,,
536478.0,47566,1,4.95,,
536479.0,84879,1,1.69,,
536480.0,21212,2,1.1,,
536481.0,22720,2,9.9,,
536482.0,85123A,2,5.1,,
536483.0,21212,4,2.2,,
536484.0,22383,6,9.9,,
536485.0,85123A,1,2.55,,
100120.0,22423,1,0.0,,
536487.0,85123A,6,15.3,,
536488.0,22383,2,3.3,,
536489.0,47566,4,19.8,,
536490.0,22423,1,12.75,,
536491.0,47566,2,9.9,,
536492.0,POST,4,72.0,,
536493.0,85123A,1,2.55,,
536494.0,85099B,2,3.9,,
536495.0,85099B,2,3.9,,
536496.0,22720,6,29.7,,
536497.0,85123A,6,15.3,,
536498.0,21212,12,6.6,,
536499.0,47566,2,9.9,,
536500.0,85099B,12,23.4,,
536501.0,21212,2,1.1,,
536502.0,22086,2,5.9,,
536503.0,POST,1,18.0,,
536504.0,22720,1,4.95,,
536505.0,22720,4,19.8,,
536506.0,22720,1,4.95,,
536507.0,85099B,6,11.7,,
536508.0,22720,1,4.95,,
536509.0,21212,1,0.55,,
536510.0,85099B,1,1.95,,
536511.0,22383,2,3.3,,
536512.0,85123A,1,2.55,,
536513.0,22086,24,70.8,,
536514.0,22383,1,1.65,,
536515.0,POST,1,18.0,,
536516.0,21212,1,0.55,,
536517.0,21212,1,0.55,,
536518.0,21212,6,3.3,,
536519.0,85123A,2,5.1,,
536520.0,22383,4,6.6,,
536521.0,84879,2,3.38,,
536522.0,22423,2,25.5,,
536523.0,47566,1,4.95,,
536524.0,POST,4,72.0,,
536525.0,84879,1,1.69,,
536526.0,85123A,1,2.55,,
536527.0,85123A,12,30.6,,
536528.0,85099B,6,11.7,,
536529.0,85099B,2,3.9,,
536530.0,22383,4,6.6,,
536531.0,22423,1,12.75,,
536532.0,21212,6,3.3,,
536533.0,85123A,6,15.3,,
536534.0,22720,4,19.8,,
536535.0,85099B,1,1.95,,
536536.0,22086,2,5.9,,
536537.0,84879,4,6.76,,
536538.0,21212,1,0.55,,
536539.0,POST,1,18.0,,
536540.0,22383,1,1.65,,
536541.0,22383,1,1.65,,
536542.0,22423,1,12.75,,
536543.0,22383,1,1.65,,
536544.0,22720,4,19.8,,
536545.0,85123A,2,5.1,,
536546.0,22086,4,11.8,,
536547.0,21212,6,3.3,,
536548.0,84879,4,6.76,,
536549.0,22423,1,12.75,,
536550.0,84879,1,1.69,,
536551.0,21212,4,2.2,,
100186.0,22720,1,0.0,,
536553.0,85123A,6,15.3,,
536554.0,84879,1,1.69,,
536555.0,POST,6,108.0,,
536556.0,85099B,4,7.8,,
536557.0,21212,12,6.6,,
536558.0,85099B,6,11.7,,
536559.0,21212,6,3.3,,
536560.0,85123A,2,5.1,,
536561.0,85099B,6,11.7,,
536562.0,21212,2,1.1,,
536563.0,47566,12,59.4,,
536564.0,47566,1,4.95,,
536565.0,22086,1,2.95,,
536566.0,POST,12,216.0,,
536567.0,22383,4,6.6,,
536568.0,22383,1,1.65,,
536569.0,22720,12,59.4,,
536570.0,85123A,6,15.3,,
536571.0,84879,1,1.69,,
536572.0,85099B,6,11.7,,
536573.0,22086,2,5.9,,
536574.0,22423,2,25.5,,
536575.0,POST,1,18.0,,
536576.0,21212,1,0.55,,
536577.0,POST,6,108.0,,
536578.0,21212,6,3.3,,
536579.0,85123A,2,5.1,,
536580.0,85123A,6,15.3,,
536581.0,22383,2,3.3,,
536582.0,22423,4,51.0,,
536583.0,22720,6,29.7,,
536584.0,47566,1,4.95,,
536585.0,85123A,1,2.55,,
536586.0,21212,6,3.3,,
536587.0,21212,6,3.3,,
536588.0,22720,2,9.9,,
536589.0,22086,2,5.9,,
536590.0,84879,6,10.14,,
536591.0,22086,6,17.7,,
536592.0,47566,4,19.8,,
536593.0,21212,1,0.55,,
536594.0,47566,4,19.8,,
536595.0,22423,12,153.0,,
536596.0,POST,6,108.0,,
536597.0,22383,2,3.3,,
536598.0,85099B,2,3.9,,
536599.0,22423,6,76.5,,
536600.0,POST,4,72.0,,
100235.0,85123A,1,0.0,,
536602.0,22383,2,3.3,,
536603.0,21212,1,0.55,,
536604.0,22423,1,12.75,,
536605.0,84879,1,1.69,,
536606.0,22720,6,29.7,,
536607.0,22720,6,29.7,,
536608.0,84879,1,1.69,,
536609.0,85099B,1,1.95,,
536610.0,85099B,2,3.9,,
536611.0,22086,6,17.7,,
536612.0,22720,2,9.9,,
536613.0,47566,1,4.95,,
536614.0,POST,2,36.0,,
100249.0,85099B,1,0.0,,
536616.0,22086,2,5.9,,
536617.0,47566,2,9.9,,
536618.0,85123A,6,15.3,,
536619.0,22383,1,1.65,,
100254.0,22720,1,0.0,,
536621.0,85123A,1,2.55,,
536622.0,POST,1,18.0,,
536623.0,21212,6,3.3,,
536624.0,POST,24,432.0,,
536625.0,21212,6,3.3,,
536626.0,84879,4,6.76,,
536627.0,84879,12,20.28,,
536628.0,22086,1,2.95,,
536629.0,POST,6,108.0,,
536630.0,85123A,1,2.55,,
536631.0,22383,2,3.3,,
536632.0,21212,1,0.55,,
536633.0,22423,1,12.75,,
536634.0,85099B,2,3.9,,
536635.0,POST,1,18.0,,
536636.0,21212,1,0.55,,
536637.0,47566,4,19.8,,
536638.0,84879,2,3.38,,
536639.0,85123A,2,5.1,,
536640.0,POST,1,18.0,,
536641.0,22423,1,12.75,,
536642.0,22383,2,3.3,,
536643.0,22086,2,5.9,,
536644.0,85099B,4,7.8,,
536645.0,47566,1,4.95,,
536646.0,22423,2,25.5,,
536647.0,47566,2,9.9,,
536648.0,22423,1,12.75,,
536649.0,85123A,1,2.55,,
536650.0,22383,12,19.8,,
536651.0,POST,1,18.0,,
536652.0,22086,1,2.95,,
536653.0,22720,1,4.95,,
536654.0,22720,2,9.9,,
536655.0,47566,12,59.4,,
536656.0,85099B,4,7.8,,
536657.0,21212,2,1.1,,
536658.0,22720,1,4.95,,
536659.0,22086,1,2.95,,
536660.0,22086,4,11.8,,
536661.0,22423,2,25.5,,
536662.0,47566,1,4.95,,
536663.0,22086,1,2.95,,
536664.0,21212,6,3.3,,
536665.0,22383,4,6.6,,
536666.0,22383,6,9.9,,
536667.0,85123A,1,2.55,,
536668.0,22383,4,6.6,,
536669.0,22720,6,29.7,,
536670.0,22383,6,9.9,,
536671.0,22383,1,1.65,,
536672.0,22423,2,25.5,,
536673.0,84879,2,3.38,,
536674.0,21212,1,0.55,,
536675.0,85099B,1,1.95,,
536676.0,22423,1,12.75,,
536677.0,21212,6,3.3,,
536678.0,85123A,1,2.55,,
536679.0,22383,2,3.3,,
536680.0,22086,6,17.7,,
100315.0,22423,1,0.0,,
536682.0,21212,1,0.55,,
536683.0,85099B,2,3.9,,
536684.0,21212,2,1.1,,
536685.0,84879,1,1.69,,
100320.0,22383,1,0.0,,
536687.0,22086,4,11.8,,
536688.0,84879,12,20.28,,
536689.0,22383,2,3.3,,
536690.0,85123A,12,30.6,,
536691.0,22086,6,17.7,,
100326.0,22383,1,0.0,,
536693.0,22086,2,5.9,,
536694.0,22423,2,25.5,,
536695.0,47566,1,4.95,,
536696.0,22383,1,1.65,,
536697.0,47566,1,4.95,,
536698.0,22383,1,1.65,,
536699.0,22423,2,25.5,,
536700.0,47566,4,19.8,,
536701.0,22423,2,25.5,,
536702.0,85123A,4,10.2,,
536703.0,21212,1,0.55,,
536704.0,POST,2,36.0,,
536705.0,22383,6,9.9,,
536706.0,85123A,1,2.55,,
536707.0,22383,6,9.9,,
536708.0,22383,2,3.3,,
536709.0,22383,4,6.6,,
536710.0,47566,4,19.8,,
536711.0,21212,4,2.2,,
536712.0,22423,1,12.75,,
536713.0,22383,2,3.3,,
536714.0,84879,6,10.14,,
536715.0,22383,1,1.65,,
536716.0,85123A,2,5.1,,
536717.0,22086,4,11.8,,
536718.0,85123A,2,5.1,,
536719.0,22423,1,12.75,,
536720.0,85123A,12,30.6,,
536721.0,85123A,1,2.55,,
536722.0,47566,12,59.4,,
100357.0,22423,1,0.0,,
536724.0,85099B,2,3.9,,
536725.0,85099B,1,1.95,,
536726.0,84879,1,1.69,,
536727.0,84879,1,1.69,,
536728.0,22383,6,9.9,,
536729.0,POST,24,432.0,,
536730.0,84879,2,3.38,,
536731.0,22383,6,9.9,,
536732.0,22383,1,1.65,,
536733.0,85123A,1,2.55,,
536734.0,22383,1,1.65,,
536735.0,22086,2,5.9,,
536736.0,22720,12,59.4,,
536737.0,85099B,2,3.9,,
536738.0,85099B,2,3.9,,
536739.0,POST,6,108.0,,
536740.0,84879,2,3.38,,
536741.0,84879,2,3.38,,
536742.0,85099B,1,1.95,,
536743.0,22086,2,5.9,,
536744.0,21212,6,3.3,,
536745.0,22383,2,3.3,,
536746.0,22720,2,9.9,,
536747.0,22720,6,29.7,,
536748.0,22423,4,51.0,,
536749.0,22423,4,51.0,,
536750.0,22720,12,59.4,,
536751.0,85099B,6,11.7,,
536752.0,POST,2,36.0,,
536753.0,47566,6,29.7,,
536754.0,22423,1,12.75,,
536755.0,POST,1,18.0,,
536756.0,22383,2,3.3,,
536757.0,22423,4,51.0,,
536758.0,21212,1,0.55,,
536759.0,21212,4,2.2,,
536760.0,22720,12,59.4,,
536761.0,22423,2,25.5,,
536762.0,85099B,12,23.4,,
536763.0,22423,4,51.0,,
536764.0,22423,4,51.0,,
536765.0,21212,1,0.55,,
536766.0,22383,1,1.65,,
536767.0,21212,1,0.55,,
536768.0,21212,2,1.1,,
536769.0,22423,2,25.5,,
536770.0,22423,1,12.75,,
536771.0,POST,2,36.0,,
536772.0,POST,1,18.0,,
536773.0,84879,4,6.76,,
536774.0,21212,6,3.3,,
536775.0,85123A,1,2.55,,
536776.0,85099B,1,1.95,,
536777.0,21212,4,2.2,,
536778.0,85123A,6,15.3,,
536779.0,22383,1,1.65,,
536780.0,22383,2,3.3,,
536781.0,84879,1,1.69,,
536782.0,85123A,4,10.2,,
536783.0,84879,2,3.38,,
536784.0,22086,1,2.95,,
536785.0,POST,12,216.0,,
536786.0,84879,2,3.38,,
536787.0,21212,1,0.55,,
536788.0,21212,2,1.1,,
536789.0,22086,2,5.9,,
536790.0,85123A,1,2.55,,
100425.0,21212,1,0.0,,
536792.0,85123A,12,30.6,,
536793.0,POST,12,216.0,,
536794.0,47566,4,19.8,,
536795.0,POST,1,18.0,,
536796.0,84879,12,20.28,,
536797.0,85099B,2,3.9,,
536798.0,85123A,6,15.3,,
536799.0,47566,4,19.8,,
536800.0,85099B,6,11.7,,
536801.0,47566,1,4.95,,
536802.0,85099B,1,1.95,,
536803.0,POST,1,18.0,,
536804.0,22720,1,4.95,,
536805.0,22383,1,1.65,,
536806.0,84879,1,1.69,,
536807.0,85099B,6,11.7,,
100442.0,21212,1,0.0,,
536809.0,22720,4,19.8,,
536810.0,85123A,2,5.1,,
536811.0,22423,2,25.5,,
536812.0,85123A,2,5.1,,
536813.0,47566,2,9.9,,
536814.0,22720,1,4.95,,
536815.0,22086,1,2.95,,
536816.0,POST,1,18.0,,
536817.0,22423,1,12.75,,
536818.0,POST,2,36.0,,
536819.0,22086,4,11.8,,
536820.0,22086,2,5.9,,
536821.0,22383,1,1.65,,
536822.0,47566,1,4.95,,
536823.0,22720,2,9.9,,
536824.0,21212,2,1.1,,
536825.0,22720,2,9.9,,
536826.0,85099B,1,1.95,,
536827.0,85099B,4,7.8,,
536828.0,22423,12,153.0,,
536829.0,85123A,6,15.3,,
536830.0,21212,2,1.1,,
536831.0,POST,2,36.0,,
536832.0,84879,2,3.38,,
536833.0,84879,6,10.14,,
536834.0,22086,1,2.95,,
536835.0,22720,2,9.9,,
536836.0,21212,1,0.55,,
536837.0,22720,1,4.95,,
536838.0,47566,4,19.8,,
536839.0,POST,2,36.0,,
536840.0,85099B,1,1.95,,
536841.0,POST,1,18.0,,
536842.0,22720,4,19.8,,
536843.0,47566,1,4.95,,
536844.0,POST,1,18.0,,
536845.0,21212,12,6.6,,
536846.0,21212,6,3.3,,
536847.0,POST,1,18.0,,
536848.0,85123A,1,2.55,,
536849.0,POST,6,108.0,,
536850.0,POST,2,36.0,,
536851.0,84879,4,6.76,,
536852.0,22383,1,1.65,,
536853.0,22423,1,12.75,,
536854.0,22720,2,9.9,,
536855.0,22720,2,9.9,,
536856.0,22383,4,6.6,,
536857.0,85099B,6,11.7,,
536858.0,22720,1,4.95,,
536859.0,47566,2,9.9,,
536860.0,21212,6,3.3,,
536861.0,85099B,4,7.8,,
536862.0,22383,12,19.8,,
536863.0,22423,6,76.5,,
536864.0,85123A,4,10.2,,
536865.0,85123A,1,2.55,,
536866.0,22423,12,153.0,,
536867.0,22086,1,2.95,,
536868.0,22383,1,1.65,,
536869.0,22383,2,3.3,,
536870.0,21212,6,3.3,,
536871.0,22423,2,25.5,,
536872.0,22423,1,12.75,,
536873.0,47566,4,19.8,,
536874.0,22720,2,9.9,,
536875.0,84879,4,6.76,,
536876.0,POST,2,36.0,,
536877.0,22383,2,3.3,,
536878.0,85123A,4,10.2,,
536879.0,POST,24,432.0,,
536880.0,47566,24,118.8,,
536881.0,22086,2,5.9,,
536882.0,85099B,12,23.4,,
536883.0,22086,24,70.8,,
536884.0,POST,2,36.0,,
536885.0,22720,1,4.95,,
536886.0,47566,12,59.4,,
536887.0,85099B,2,3.9,,
536888.0,22423,6,76.5,,
536889.0,47566,2,9.9,,
536890.0,85123A,1,2.55,,
536891.0,21212,4,2.2,,
536892.0,22383,2,3.3,,
536893.0,85123A,2,5.1,,
536894.0,47566,1,4.95,,
536895.0,47566,12,59.4,,
536896.0,84879,1,1.69,,
536897.0,85123A,6,15.3,,
536898.0,47566,2,9.9,,
536899.0,22086,6,17.7,,
536900.0,85099B,4,7.8,,
536901.0,22720,12,59.4,,
536902.0,21212,6,3.3,,
536903.0,85099B,12,23.4,,
536904.0,22383,1,1.65,,
536905.0,22086,1,2.95,,
536906.0,47566,4,19.8,,
536907.0,22720,1,4.95,,
536908.0,22423,2,25.5,,
536909.0,21212,1,0.55,,
536910.0,21212,4,2.2,,
536911.0,22383,2,3.3,,
536912.0,47566,1,4.95,,
536913.0,84879,6,10.14,,
536914.0,84879,2,3.38,,
536915.0,85099B,24,46.8,,
536916.0,85123A,2,5.1,,
536917.0,85123A,1,2.55,,
536918.0,47566,2,9.9,,
536919.0,22720,2,9.9,,
536920.0,21212,4,2.2,,
536921.0,47566,24,118.8,,
536922.0,85099B,1,1.95,,
536923.0,22720,6,29.7,,
536924.0,22086,2,5.9,,
536925.0,22720,6,29.7,,
536926.0,85123A,12,30.6,,
536927.0,85123A,1,2.55,,
536928.0,22383,4,6.6,,
536929.0,85099B,6,11.7,,
536930.0,22423,4,51.0,,
536931.0,84879,4,6.76,,
536932.0,47566,6,29.7,,
100567.0,22720,1,0.0,,
536934.0,22423,2,25.5,,
536935.0,22720,1,4.95,,
536936.0,22086,2,5.9,,
536937.0,21212,2,1.1,,
536938.0,85123A,1,2.55,,
536939.0,84879,12,20.28,,
536940.0,22423,1,12.75,,
536941.0,22383,2,3.3,,
536942.0,84879,2,3.38,,
536943.0,47566,1,4.95,,
536944.0,22383,1,1.65,,
536945.0,22086,4,11.8,,
536946.0,21212,6,3.3,,
536947.0,22423,2,25.5,,
536948.0,84879,1,1.69,,
536949.0,POST,1,18.0,,
536950.0,84879,2,3.38,,
536951.0,22383,1,1.65,,
536952.0,22086,12,35.4,,
536953.0,22423,6,76.5,,
536954.0,85099B,6,11.7,,
536955.0,85123A,6,15.3,,
536956.0,22423,2,25.5,,
536957.0,22423,1,12.75,,
536958.0,84879,4,6.76,,
536959.0,22086,1,2.95,,
536960.0,22086,1,2.95,,
536961.0,22720,2,9.9,,
536962.0,85099B,1,1.95,,
536963.0,85099B,2,3.9,,
536964.0,85099B,1,1.95,,
536965.0,21212,2,1.1,,
536966.0,22383,1,1.65,,
536967.0,47566,4,19.8,,
536968.0,22383,6,9.9,,
100603.0,22720,1,0.0,,
536970.0,POST,1,18.0,,
536971.0,POST,6,108.0,,
536972.0,22720,12,59.4,,
536973.0,84879,2,3.38,,
536974.0,84879,4,6.76,,
536975.0,21212,1,0.55,,
536976.0,22423,2,25.5,,
536977.0,POST,1,18.0,,
536978.0,21212,1,0.55,,
536979.0,47566,12,59.4,,
536980.0,22383,2,3.3,,
536981.0,47566,2,9.9,,
536982.0,22423,2,25.5,,
536983.0,85099B,6,11.7,,
536984.0,22383,2,3.3,,
536985.0,22383,2,3.3,,
536986.0,21212,4,2.2,,
536987.0,85099B,1,1.95,,
536988.0,22720,2,9.9,,
536989.0,22086,6,17.7,,
536990.0,POST,2,36.0,,
536991.0,84879,4,6.76,,
536992.0,21212,1,0.55,,
536993.0,22383,1,1.65,,
536994.0,21212,12,6.6,,
536995.0,POST,1,18.0,,
536996.0,22383,12,19.8,,
536997.0,47566,1,4.95,,
536998.0,21212,1,0.55,,
536999.0,21212,1,0.55,,
537000.0,21212,2,1.1,,
537001.0,21212,2,1.1,,
537002.0,21212,1,0.55,,
537003.0,47566,4,19.8,,
537004.0,POST,12,216.0,,
537005.0,47566,12,59.4,,
537006.0,85099B,24,46.8,,
537007.0,POST,6,108.0,,
537008.0,POST,1,18.0,,
537009.0,22423,2,25.5,,
537010.0,47566,6,29.7,,
537011.0,85099B,1,1.95,,
537012.0,21212,2,1.1,,
537013.0,22423,2,25.5,,
537014.0,84879,6,10.14,,
537015.0,47566,6,29.7,,
537016.0,22423,6,76.5,,
537017.0,85099B,1,1.95,,
537018.0,22720,12,59.4,,
537019.0,85123A,1,2.55,,
100654.0,47566,1,0.0,,
537021.0,85123A,12,30.6,,
100656.0,22383,1,0.0,,
537023.0,POST,2,36.0,,
537024.0,21212,1,0.55,,
537025.0,21212,6,3.3,,
537026.0,22086,12,35.4,,
537027.0,22720,4,19.8,,
537028.0,22086,24,70.8,,
537029.0,21212,2,1.1,,
537030.0,21212,4,2.2,,
537031.0,22423,2,25.5,,
100666.0,22086,1,0.0,,
537033.0,85123A,2,5.1,,
537034.0,POST,1,18.0,,
537035.0,84879,2,3.38,,
537036.0,47566,2,9.9,,
537037.0,47566,2,9.9,,
537038.0,84879,1,1.69,,
537039.0,84879,4,6.76,,
537040.0,22423,1,12.75,,
537041.0,22086,6,17.7,,
100676.0,85099B,1,0.0,,
537043.0,22383,1,1.65,,
100678.0,22086,1,0.0,,
537045.0,47566,1,4.95,,
537046.0,85099B,2,3.9,,
100681.0,85123A,1,0.0,,
537048.0,22720,6,29.7,,
537049.0,21212,4,2.2,,
537050.0,84879,2,3.38,,
537051.0,POST,2,36.0,,
537052.0,POST,1,18.0,,
537053.0,22383,2,3.3,,
537054.0,21212,4,2.2,,
537055.0,22086,6,17.7,,
537056.0,21212,4,2.2,,
537057.0,22720,6,29.7,,
537058.0,85099B,1,1.95,,
537059.0,22383,4,6.6,,
537060.0,22423,12,153.0,,
537061.0,22383,4,6.6,,
537062.0,84879,1,1.69,,
537063.0,22720,6,29.7,,
537064.0,21212,1,0.55,,
100699.0,22086,1,0.0,,
537066.0,22086,6,17.7,,
537067.0,22383,1,1.65,,
537068.0,POST,1,18.0,,
537069.0,22720,1,4.95,,
537070.0,22720,4,19.8,,
537071.0,84879,12,20.28,,
537072.0,22423,1,12.75,,
537073.0,22720,24,118.8,,
537074.0,22383,6,9.9,,
537075.0,22086,2,5.9,,
537076.0,21212,2,1.1,,
537077.0,47566,12,59.4,,
537078.0,85099B,2,3.9,,
537079.0,21212,12,6.6,,
537080.0,22383,2,3.3,,
537081.0,POST,6,108.0,,
537082.0,84879,1,1.69,,
537083.0,22383,2,3.3,,
537084.0,22086,2,5.9,,
537085.0,POST,2,36.0,,
537086.0,22086,1,2.95,,
537087.0,85123A,6,15.3,,
537088.0,22086,2,5.9,,
537089.0,84879,1,1.69,,
537090.0,47566,2,9.9,,
537091.0,21212,4,2.2,,
537092.0,84879,4,6.76,,
537093.0,22720,6,29.7,,
537094.0,85123A,6,15.3,,
537095.0,85123A,24,61.2,,
537096.0,22086,1,2.95,,
537097.0,85123A,2,5.1,,
537098.0,85123A,4,10.2,,
537099.0,22423,6,76.5,,
537100.0,84879,2,3.38,,
537101.0,22383,1,1.65,,
537102.0,85123A,4,10.2,,
537103.0,85123A,2,5.1,,
537104.0,22086,1,2.95,,
537105.0,22383,1,1.65,,
537106.0,84879,2,3.38,,
537107.0,84879,4,6.76,,
537108.0,POST,1,18.0,,
537109.0,85099B,1,1.95,,
537110.0,47566,1,4.95,,
537111.0,47566,1,4.95,,
537112.0,85123A,4,10.2,,
537113.0,22423,6,76.5,,
537114.0,22423,6,76.5,,
537115.0,47566,1,4.95,,
537116.0,22423,4,51.0,,
537117.0,POST,1,18.0,,
537118.0,POST,6,108.0,,
537119.0,22383,2,3.3,,
537120.0,22086,2,5.9,,
537121.0,22720,24,118.8,,
537122.0,POST,1,18.0,,
537123.0,85099B,12,23.4,,
537124.0,22423,1,12.75,,
537125.0,85099B,6,11.7,,
537126.0,84879,6,10.14,,
537127.0,21212,1,0.55,,
537128.0,84879,1,1.69,,
537129.0,85123A,1,2.55,,
537130.0,22086,6,17.7,,
537131.0,22720,1,4.95,,
100766.0,22423,1,0.0,,
537133.0,85123A,2,5.1,,
537134.0,22383,2,3.3,,
537135.0,85123A,4,10.2,,
100770.0,85123A,1,0.0,,
537137.0,21212,2,1.1,,
537138.0,22423,1,12.75,,
537139.0,85123A,1,2.55,,
537140.0,47566,1,4.95,,
537141.0,22720,4,19.8,,
537142.0,85123A,1,2.55,,
537143.0,22720,2,9.9,,
537144.0,22086,2,5.9,,
537145.0,21212,1,0.55,,
537146.0,22383,1,1.65,,
537147.0,85099B,2,3.9,,
537148.0,47566,2,9.9,,
537149.0,22720,2,9.9,,
537150.0,22383,1,1.65,,
537151.0,22423,1,12.75,,
537152.0,21212,2,1.1,,
537153.0,85099B,6,11.7,,
537154.0,22086,1,2.95,,
537155.0,22086,1,2.95,,
537156.0,85099B,4,7.8,,
537157.0,POST,6,108.0,,
537158.0,22720,12,59.4,,
537159.0,22720,1,4.95,,
537160.0,84879,1,1.69,,
537161.0,POST,4,72.0,,
537162.0,85123A,6,15.3,,
537163.0,85123A,4,10.2,,
537164.0,85123A,1,2.55,,
537165.0,85123A,2,5.1,,
537166.0,84879,2,3.38,,
537167.0,85099B,1,1.95,,
537168.0,22086,4,11.8,,
537169.0,84879,1,1.69,,
537170.0,84879,1,1.69,,
537171.0,22086,6,17.7,,
537172.0,85099B,6,11.7,,
537173.0,22086,1,2.95,,
537174.0,85123A,2,5.1,,
537175.0,22086,4,11.8,,
537176.0,85123A,4,10.2,,
100811.0,POST,1,0.0,,
537178.0,85123A,6,15.3,,
537179.0,85123A,2,5.1,,
537180.0,85123A,1,2.55,,
537181.0,85099B,1,1.95,,
537182.0,47566,4,19.8,,
537183.0,85099B,12,23.4,,
537184.0,84879,6,10.14,,
537185.0,22720,2,9.9,,
537186.0,22423,1,12.75,,
537187.0,21212,1,0.55,,
537188.0,22720,4,19.8,,
537189.0,22383,6,9.9,,
537190.0,84879,1,1.69,,
537191.0,85099B,1,1.95,,
537192.0,22423,4,51.0,,
537193.0,85123A,1,2.55,,
537194.0,84879,1,1.69,,
537195.0,22086,1,2.95,,
537196.0,84879,6,10.14,,
537197.0,22720,4,19.8,,
537198.0,85123A,1,2.55,,
537199.0,22423,1,12.75,,
537200.0,84879,12,20.28,,
537201.0,22720,1,4.95,,
537202.0,22383,2,3.3,,
537203.0,22086,2,5.9,,
537204.0,47566,2,9.9,,
537205.0,POST,6,108.0,,
537206.0,22720,4,19.8,,
537207.0,21212,2,1.1,,
537208.0,47566,2,9.9,,
537209.0,85099B,2,3.9,,
537210.0,85099B,4,7.8,,
537211.0,POST,12,216.0,,
537212.0,47566,1,4.95,,
537213.0,47566,1,4.95,,
537214.0,POST,1,18.0,,
537215.0,85099B,2,3.9,,
537216.0,22423,2,25.5,,
537217.0,21212,2,1.1,,
537218.0,22086,1,2.95,,
537219.0,84879,1,1.69,,
537220.0,84879,4,6.76,,
537221.0,85099B,1,1.95,,
537222.0,22383,2,3.3,,
537223.0,22086,1,2.95,,
537224.0,22423,1,12.75,,
537225.0,22423,2,25.5,,
537226.0,47566,2,9.9,,
537227.0,POST,2,36.0,,
537228.0,22086,6,17.7,,
537229.0,22383,2,3.3,,
537230.0,22423,1,12.75,,
537231.0,47566,4,19.8,,
537232.0,21212,4,2.2,,
537233.0,47566,2,9.9,,
537234.0,21212,6,3.3,,
537235.0,85099B,12,23.4,,
537236.0,84879,1,1.69,,
537237.0,85099B,6,11.7,,
537238.0,22720,2,9.9,,
537239.0,22423,12,153.0,,
537240.0,22086,1,2.95,,
537241.0,84879,4,6.76,,
537242.0,21212,4,2.2,,
537243.0,22086,2,5.9,,
537244.0,47566,6,29.7,,
537245.0,85099B,4,7.8,,
537246.0,47566,24,118.8,,
537247.0,22423,1,12.75,,
537248.0,85123A,4,10.2,,
537249.0,85099B,2,3.9,,
537250.0,22086,1,2.95,,
100885.0,84879,1,0.0,,
537252.0,POST,2,36.0,,
537253.0,22720,1,4.95,,
537254.0,22086,6,17.7,,
537255.0,21212,6,3.3,,
537256.0,84879,1,1.69,,
537257.0,POST,1,18.0,,
537258.0,22383,4,6.6,,
537259.0,21212,4,2.2,,
537260.0,22383,1,1.65,,
537261.0,22720,1,4.95,,
537262.0,85123A,1,2.55,,
537263.0,47566,1,4.95,,
537264.0,22423,1,12.75,,
537265.0,84879,1,1.69,,
537266.0,22423,1,12.75,,
537267.0,22383,1,1.65,,
537268.0,21212,6,3.3,,
537269.0,POST,2,36.0,,
537270.0,85099B,2,3.9,,
537271.0,22086,4,11.8,,
537272.0,84879,1,1.69,,
537273.0,85123A,12,30.6,,
537274.0,22423,4,51.0,,
537275.0,22423,6,76.5,,
537276.0,84879,6,10.14,,
537277.0,22086,6,17.7,,
537278.0,22086,6,17.7,,
537279.0,22086,1,2.95,,
537280.0,21212,1,0.55,,
537281.0,22383,1,1.65,,
537282.0,POST,4,72.0,,
537283.0,85099B,1,1.95,,
537284.0,22383,6,9.9,,
537285.0,47566,1,4.95,,
537286.0,84879,12,20.28,,
537287.0,22720,2,9.9,,
537288.0,POST,6,108.0,,
537289.0,85123A,1,2.55,,
537290.0,47566,1,4.95,,
537291.0,22086,6,17.7,,
537292.0,84879,1,1.69,,
537293.0,85099B,6,11.7,,
537294.0,85099B,2,3.9,,
537295.0,85123A,6,15.3,,
537296.0,85123A,6,15.3,,
537297.0,85099B,12,23.4,,
537298.0,22720,4,19.8,,
537299.0,21212,1,0.55,,
537300.0,22086,4,11.8,,
537301.0,22086,2,5.9,,
537302.0,22423,4,51.0,,
537303.0,22383,1,1.65,,
537304.0,22720,2,9.9,,
537305.0,22086,4,11.8,,
537306.0,22383,1,1.65,,
537307.0,84879,4,6.76,,
537308.0,47566,1,4.95,,
537309.0,21212,12,6.6,,
537310.0,22423,12,153.0,,
537311.0,22383,1,1.65,,
537312.0,22720,12,59.4,,
537313.0,21212,1,0.55,,
537314.0,84879,1,1.69,,
537315.0,84879,4,6.76,,
537316.0,22086,2,5.9,,
537317.0,POST,2,36.0,,
537318.0,22423,2,25.5,,
537319.0,22086,6,17.7,,
537320.0,POST,2,36.0,,
537321.0,22720,12,59.4,,
537322.0,22720,1,4.95,,
537323.0,21212,1,0.55,,
537324.0,22720,1,4.95,,
537325.0,85123A,12,30.6,,
537326.0,85123A,12,30.6,,
537327.0,85099B,2,3.9,,
537328.0,POST,12,216.0,,
537329.0,POST,2,36.0,,
537330.0,22720,2,9.9,,
537331.0,22086,1,2.95,,
537332.0,22086,12,35.4,,
537333.0,84879,1,1.69,,
537334.0,22720,1,4.95,,
537335.0,POST,6,108.0,,
537336.0,22086,2,5.9,,
537337.0,21212,12,6.6,,
537338.0,84879,6,10.14,,
100973.0,22720,1,0.0,,
537340.0,POST,2,36.0,,
537341.0,22086,2,5.9,,
537342.0,47566,1,4.95,,
537343.0,85123A,2,5.1,,
537344.0,POST,6,108.0,,
537345.0,POST,1,18.0,,
537346.0,22086,2,5.9,,
537347.0,85123A,1,2.55,,
537348.0,21212,6,3.3,,
537349.0,22423,4,51.0,,
537350.0,POST,6,108.0,,
537351.0,POST,1,18.0,,
537352.0,21212,6,3.3,,
537353.0,85099B,2,3.9,,
537354.0,85123A,2,5.1,,
537355.0,84879,2,3.38,,
537356.0,22086,4,11.8,,
537357.0,22423,2,25.5,,
537358.0,47566,4,19.8,,
537359.0,22720,2,9.9,,
537360.0,47566,1,4.95,,
537361.0,84879,6,10.14,,
537362.0,84879,2,3.38,,
537363.0,22720,1,4.95,,
537364.0,22720,4,19.8,,
537365.0,21212,1,0.55,,
537366.0,21212,12,6.6,,
537367.0,85099B,4,7.8,,
537368.0,POST,6,108.0,,
537369.0,22383,12,19.8,,
537370.0,22423,2,25.5,,
537371.0,84879,1,1.69,,
537372.0,22086,2,5.9,,
537373.0,22383,1,1.65,,
537374.0,85099B,1,1.95,,
537375.0,21212,12,6.6,,
537376.0,85099B,2,3.9,,
537377.0,21212,2,1.1,,
537378.0,22720,6,29.7,,
537379.0,22086,2,5.9,,
537380.0,84879,2,3.38,,
537381.0,85099B,1,1.95,,
537382.0,85099B,1,1.95,,
537383.0,POST,4,72.0,,
537384.0,22086,4,11.8,,
537385.0,22086,4,11.8,,
537386.0,22423,1,12.75,,
537387.0,22086,2,5.9,,
537388.0,22383,2,3.3,,
537389.0,85099B,2,3.9,,
537390.0,22383,6,9.9,,
537391.0,47566,1,4.95,,
537392.0,22720,6,29.7,,
537393.0,22423,1,12.75,,
537394.0,85123A,6,15.3,,
101029.0,85099B,1,0.0,,
101030.0,84879,1,0.0,,
537397.0,22383,2,3.3,,
537398.0,22720,1,4.95,,
537399.0,22383,4,6.6,,
537400.0,47566,2,9.9,,
537401.0,85123A,6,15.3,,
537402.0,84879,1,1.69,,
537403.0,22720,1,4.95,,
537404.0,22086,1,2.95,,
537405.0,85099B,4,7.8,,
537406.0,85099B,1,1.95,,
537407.0,21212,6,3.3,,
537408.0,POST,2,36.0,,
537409.0,47566,1,4.95,,
537410.0,21212,4,2.2,,
537411.0,47566,12,59.4,,
537412.0,21212,12,6.6,,
537413.0,22423,1,12.75,,
537414.0,22720,6,29.7,,
537415.0,85123A,2,5.1,,
537416.0,22086,2,5.9,,
537417.0,POST,1,18.0,,
537418.0,22720,6,29.7,,
537419.0,22086,1,2.95,,
537420.0,22423,1,12.75,,
537421.0,21212,6,3.3,,
537422.0,47566,12,59.4,,
537423.0,85123A,6,15.3,,
537424.0,21212,2,1.1,,
537425.0,22720,1,4.95,,
537426.0,POST,6,108.0,,
537427.0,22383,1,1.65,,
537428.0,85099B,6,11.7,,
537429.0,22720,2,9.9,,
537430.0,84879,2,3.38,,
537431.0,84879,6,10.14,,
537432.0,47566,1,4.95,,
537433.0,85123A,1,2.55,,
537434.0,22423,1,12.75,,
537435.0,84879,1,1.69,,
537436.0,47566,1,4.95,,
537437.0,85099B,2,3.9,,
537438.0,47566,4,19.8,,
537439.0,85099B,1,1.95,,
101074.0,84879,1,0.0,,
537441.0,85099B,1,1.95,,
537442.0,POST,6,108.0,,
537443.0,21212,1,0.55,,
537444.0,22423,6,76.5,,
537445.0,21212,2,1.1,,
537446.0,POST,2,36.0,,
537447.0,85123A,2,5.1,,
537448.0,21212,2,1.1,,
537449.0,POST,1,18.0,,
537450.0,47566,6,29.7,,
537451.0,22383,1,1.65,,
537452.0,22086,2,5.9,,
537453.0,22720,6,29.7,,
537454.0,22383,6,9.9,,
537455.0,22423,6,76.5,,
537456.0,84879,2,3.38,,
537457.0,22720,2,9.9,,
537458.0,POST,1,18.0,,
537459.0,85099B,1,1.95,,
537460.0,22383,4,6.6,,
537461.0,22423,1,12.75,,
537462.0,85123A,2,5.1,,
537463.0,47566,6,29.7,,
101098.0,84879,1,0.0,,
537465.0,22720,1,4.95,,
537466.0,22423,4,51.0,,
537467.0,22423,2,25.5,,
537468.0,21212,1,0.55,,
537469.0,POST,2,36.0,,
537470.0,84879,1,1.69,,
537471.0,84879,1,1.69,,
537472.0,85099B,1,1.95,,
537473.0,22423,6,76.5,,
537474.0,84879,1,1.69,,
537475.0,47566,4,19.8,,
537476.0,84879,6,10.14,,
537477.0,47566,1,4.95,,
537478.0,21212,4,2.2,,
537479.0,84879,12,20.28,,
537480.0,85099B,4,7.8,,
537481.0,POST,2,36.0,,
537482.0,22086,4,11.8,,
537483.0,22423,2,25.5,,
537484.0,22423,1,12.75,,
537485.0,22086,1,2.95,,
537486.0,21212,1,0.55,,
537487.0,85099B,2,3.9,,
537488.0,84879,12,20.28,,
537489.0,22423,12,153.0,,
537490.0,22720,2,9.9,,
101125.0,22423,1,0.0,,
537492.0,22423,1,12.75,,
537493.0,21212,2,1.1,,
537494.0,85099B,12,23.4,,
537495.0,47566,2,9.9,,
537496.0,22423,12,153.0,,
537497.0,85099B,1,1.95,,
537498.0,47566,4,19.8,,
537499.0,22720,2,9.9,,
537500.0,22086,4,11.8,,
537501.0,21212,1,0.55,,
537502.0,22086,1,2.95,,
537503.0,22383,4,6.6,,
537504.0,22423,1,12.75,,
537505.0,22720,2,9.9,,
537506.0,22383,1,1.65,,
537507.0,21212,6,3.3,,
537508.0,22720,2,9.9,,
537509.0,85123A,12,30.6,,
537510.0,84879,6,10.14,,
537511.0,85123A,2,5.1,,
101146.0,22423,1,0.0,,
537513.0,47566,6,29.7,,
537514.0,84879,1,1.69,,
537515.0,21212,6,3.3,,
537516.0,22423,1,12.75,,
537517.0,22720,2,9.9,,
537518.0,85123A,2,5.1,,
537519.0,47566,1,4.95,,
537520.0,22086,1,2.95,,
537521.0,21212,1,0.55,,
537522.0,85123A,2,5.1,,
537523.0,22423,1,12.75,,
537524.0,84879,6,10.14,,
537525.0,21212,12,6.6,,
537526.0,21212,2,1.1,,
537527.0,84879,1,1.69,,
537528.0,22423,2,25.5,,
537529.0,22383,2,3.3,,
537530.0,POST,1,18.0,,
537531.0,84879,1,1.69,,
537532.0,47566,2,9.9,,
537533.0,85099B,2,3.9,,
537534.0,22720,2,9.9,,
537535.0,22423,6,76.5,,
537536.0,84879,2,3.38,,
537537.0,22086,6,17.7,,
537538.0,85099B,1,1.95,,
537539.0,22086,1,2.95,,
537540.0,POST,4,72.0,,
537541.0,21212,1,0.55,,
537542.0,84879,1,1.69,,
537543.0,22423,6,76.5,,
537544.0,85123A,2,5.1,,
537545.0,84879,1,1.69,,
537546.0,85099B,6,11.7,,
537547.0,85123A,1,2.55,,
537548.0,POST,1,18.0,,
537549.0,85123A,1,2.55,,
537550.0,21212,4,2.2,,
537551.0,22383,6,9.9,,
537552.0,22423,1,12.75,,
537553.0,POST,1,18.0,,
537554.0,22086,1,2.95,,
537555.0,85123A,4,10.2,,
537556.0,85123A,1,2.55,,
537557.0,22423,1,12.75,,
537558.0,47566,12,59.4,,
537559.0,22720,6,29.7,,
537560.0,84879,12,20.28,,
537561.0,85123A,12,30.6,,
537562.0,85123A,1,2.55,,
537563.0,22423,2,25.5,,
537564.0,85099B,4,7.8,,
537565.0,22383,1,1.65,,
537566.0,84879,1,1.69,,
537567.0,POST,1,18.0,,
537568.0,84879,6,10.14,,
537569.0,85123A,4,10.2,,
537570.0,22383,2,3.3,,
537571.0,84879,24,40.56,,
537572.0,22423,1,12.75,,
537573.0,POST,1,18.0,,
537574.0,22423,6,76.5,,
537575.0,47566,4,19.8,,
537576.0,22383,12,19.8,,
537577.0,47566,2,9.9,,
537578.0,POST,1,18.0,,
537579.0,POST,1,18.0,,
537580.0,22086,1,2.95,,
537581.0,22086,1,2.95,,
537582.0,47566,1,4.95,,
537583.0,85123A,1,2.55,,
537584.0,21212,2,1.1,,
537585.0,85099B,6,11.7,,
537586.0,21212,1,0.55,,
537587.0,POST,2,36.0,,
537588.0,22720,2,9.9,,
537589.0,22720,1,4.95,,
537590.0,22423,4,51.0,,
537591.0,22720,1,4.95,,
537592.0,85123A,1,2.55,,
537593.0,21212,12,6.6,,
537594.0,85123A,2,5.1,,
537595.0,22086,4,11.8,,
537596.0,84879,1,1.69,,
537597.0,22423,6,76.5,,
537598.0,84879,12,20.28,,
537599.0,85123A,12,30.6,,
537600.0,POST,2,36.0,,
537601.0,22383,12,19.8,,
537602.0,21212,4,2.2,,
537603.0,84879,4,6.76,,
537604.0,47566,1,4.95,,
537605.0,POST,1,18.0,,
537606.0,22086,1,2.95,,
537607.0,85099B,6,11.7,,
537608.0,85123A,2,5.1,,
101243.0,22383,1,0.0,,
537610.0,85099B,2,3.9,,
537611.0,85123A,12,30.6,,
537612.0,85123A,2,5.1,,
537613.0,47566,6,29.7,,
537614.0,47566,12,59.4,,
537615.0,84879,1,1.69,,
537616.0,85123A,1,2.55,,
537617.0,POST,1,18.0,,
537618.0,22383,1,1.65,,
537619.0,22086,2,5.9,,
537620.0,22720,1,4.95,,
537621.0,84879,2,3.38,,
537622.0,22383,1,1.65,,
537623.0,22086,2,5.9,,
537624.0,22383,6,9.9,,
537625.0,22086,1,2.95,,
537626.0,22086,4,11.8,,
537627.0,POST,12,216.0,,
537628.0,22720,6,29.7,,
537629.0,47566,2,9.9,,
537630.0,22423,1,12.75,,
537631.0,POST,2,36.0,,
537632.0,22423,12,153.0,,
537633.0,21212,2,1.1,,
537634.0,POST,1,18.0,,
537635.0,22423,1,12.75,,
537636.0,22086,1,2.95,,
537637.0,84879,12,20.28,,
537638.0,21212,2,1.1,,
537639.0,85099B,1,1.95,,
537640.0,47566,1,4.95,,
537641.0,22086,2,5.9,,
537642.0,22086,1,2.95,,
537643.0,85123A,2,5.1,,
537644.0,POST,12,216.0,,
537645.0,47566,1,4.95,,
537646.0,22383,2,3.3,,
537647.0,22423,1,12.75,,
537648.0,22720,4,19.8,,
537649.0,22383,1,1.65,,
537650.0,85099B,2,3.9,,
537651.0,22423,2,25.5,,
537652.0,POST,4,72.0,,
537653.0,22383,1,1.65,,
537654.0,POST,1,18.0,,
537655.0,85099B,6,11.7,,
537656.0,85123A,1,2.55,,
537657.0,22086,6,17.7,,
537658.0,POST,2,36.0,,
537659.0,21212,12,6.6,,
537660.0,22383,24,39.6,,
537661.0,47566,12,59.4,,
537662.0,22720,2,9.9,,
537663.0,47566,1,4.95,,
537664.0,POST,1,18.0,,
537665.0,21212,6,3.3,,
537666.0,22720,1,4.95,,
537667.0,22383,2,3.3,,
537668.0,22383,2,3.3,,
537669.0,22720,4,19.8,,
537670.0,22086,4,11.8,,
537671.0,21212,4,2.2,,
537672.0,22383,1,1.65,,
537673.0,22383,1,1.65,,
537674.0,22423,6,76.5,,
537675.0,22423,6,76.5,,
537676.0,21212,24,13.2,,
537677.0,22086,2,5.9,,
537678.0,21212,1,0.55,,
537679.0,84879,1,1.69,,
537680.0,21212,12,6.6,,
537681.0,21212,6,3.3,,
537682.0,22383,1,1.65,,
537683.0,47566,1,4.95,,
537684.0,85099B,24,46.8,,
537685.0,POST,2,36.0,,
537686.0,47566,1,4.95,,
537687.0,22383,6,9.9,,
537688.0,22423,2,25.5,,
537689.0,22423,2,25.5,,
537690.0,84879,1,1.69,,
537691.0,22086,4,11.8,,
537692.0,47566,2,9.9,,
537693.0,84879,1,1.69,,
537694.0,21212,2,1.1,,
537695.0,85123A,6,15.3,,
537696.0,85099B,6,11.7,,
537697.0,47566,4,19.8,,
537698.0,22423,2,25.5,,
537699.0,84879,4,6.76,,
537700.0,85099B,1,1.95,,
537701.0,84879,2,3.38,,
537702.0,22086,6,17.7,,
537703.0,22383,1,1.65,,
537704.0,22086,4,11.8,,
537705.0,22383,4,6.6,,
537706.0,POST,4,72.0,,
537707.0,22086,12,35.4,,
537708.0,84879,6,10.14,,
537709.0,85099B,6,11.7,,
537710.0,22423,2,25.5,,
537711.0,85099B,1,1.95,,
537712.0,84879,6,10.14,,
537713.0,21212,4,2.2,,
537714.0,22086,1,2.95,,
537715.0,84879,6,10.14,,
537716.0,22383,2,3.3,,
537717.0,22720,2,9.9,,
537718.0,84879,6,10.14,,
537719.0,21212,6,3.3,,
537720.0,POST,2,36.0,,
537721.0,22086,4,11.8,,
537722.0,22423,4,51.0,,
537723.0,22086,1,2.95,,
537724.0,22720,6,29.7,,
537725.0,22383,4,6.6,,
537726.0,22086,4,11.8,,
537727.0,21212,1,0.55,,
537728.0,84879,24,40.56,,
537729.0,21212,1,0.55,,
537730.0,22423,1,12.75,,
537731.0,22383,12,19.8,,
537732.0,22383,1,1.65,,
537733.0,21212,2,1.1,,
537734.0,22383,1,1.65,,
537735.0,21212,2,1.1,,
537736.0,22086,6,17.7,,
537737.0,21212,12,6.6,,
537738.0,21212,6,3.3,,
537739.0,21212,12,6.6,,
537740.0,85099B,1,1.95,,
537741.0,22720,1,4.95,,
537742.0,22086,6,17.7,,
537743.0,85099B,6,11.7,,
537744.0,85099B,4,7.8,,
537745.0,22423,6,76.5,,
537746.0,POST,1,18.0,,
537747.0,85099B,6,11.7,,
537748.0,22423,1,12.75,,
537749.0,22720,1,4.95,,
537750.0,85099B,4,7.8,,
537751.0,POST,6,108.0,,
537752.0,21212,6,3.3,,
537753.0,22383,1,1.65,,
537754.0,22423,1,12.75,,
537755.0,47566,2,9.9,,
537756.0,POST,1,18.0,,
537757.0,47566,6,29.7,,
537758.0,84879,12,20.28,,
537759.0,22720,6,29.7,,
537760.0,22383,1,1.65,,
537761.0,POST,2,36.0,,
537762.0,POST,2,36.0,,
537763.0,85123A,1,2.55,,
537764.0,84879,2,3.38,,
537765.0,POST,1,18.0,,
537766.0,84879,4,6.76,,
537767.0,22423,1,12.75,,
537768.0,22086,1,2.95,,
537769.0,22720,1,4.95,,
537770.0,22720,12,59.4,,
537771.0,85123A,2,5.1,,
537772.0,84879,2,3.38,,
537773.0,85099B,2,3.9,,
537774.0,22423,6,76.5,,
537775.0,85099B,4,7.8,,
537776.0,85099B,4,7.8,,
537777.0,22383,12,19.8,,
537778.0,22383,1,1.65,,
537779.0,21212,1,0.55,,
537780.0,POST,12,216.0,,
537781.0,22720,1,4.95,,
537782.0,22423,12,153.0,,
537783.0,22720,1,4.95,,
537784.0,85099B,12,23.4,,
537785.0,21212,4,2.2,,
101420.0,22086,1,0.0,,
537787.0,85123A,6,15.3,,
537788.0,22086,12,35.4,,
537789.0,21212,2,1.1,,
537790.0,85099B,1,1.95,,
537791.0,POST,2,36.0,,
537792.0,84879,1,1.69,,
537793.0,47566,1,4.95,,
537794.0,POST,2,36.0,,
537795.0,22383,6,9.9,,
537796.0,22423,6,76.5,,
537797.0,22383,2,3.3,,
537798.0,47566,2,9.9,,
537799.0,21212,6,3.3,,
537800.0,22720,1,4.95,,
537801.0,47566,4,19.8,,
537802.0,22086,6,17.7,,
537803.0,85099B,6,11.7,,
537804.0,22383,6,9.9,,
537805.0,85099B,1,1.95,,
537806.0,22086,2,5.9,,
537807.0,85099B,2,3.9,,
537808.0,22383,1,1.65,,
537809.0,POST,1,18.0,,
537810.0,22383,12,19.8,,
537811.0,POST,1,18.0,,
537812.0,22086,6,17.7,,
537813.0,85099B,2,3.9,,
537814.0,22086,1,2.95,,
537815.0,85099B,6,11.7,,
537816.0,22423,4,51.0,,
101451.0,85123A,1,0.0,,
537818.0,POST,2,36.0,,
537819.0,21212,2,1.1,,
537820.0,22383,4,6.6,,
537821.0,21212,4,2.2,,
537822.0,47566,6,29.7,,
537823.0,85123A,4,10.2,,
537824.0,47566,1,4.95,,
537825.0,85123A,2,5.1,,
537826.0,22383,6,9.9,,
537827.0,85123A,6,15.3,,
537828.0,47566,12,59.4,,
537829.0,84879,1,1.69,,
537830.0,21212,1,0.55,,
537831.0,84879,4,6.76,,
537832.0,POST,2,36.0,,
537833.0,22720,12,59.4,,
537834.0,22423,12,153.0,,
537835.0,21212,2,1.1,,
537836.0,22720,24,118.8,,
537837.0,85123A,2,5.1,,
537838.0,22383,1,1.65,,
537839.0,22720,12,59.4,,
537840.0,84879,6,10.14,,
537841.0,85099B,2,3.9,,
101476.0,47566,1,0.0,,
537843.0,21212,4,2.2,,
537844.0,85099B,2,3.9,,
537845.0,21212,2,1.1,,
537846.0,22086,1,2.95,,
537847.0,22383,4,6.6,,
537848.0,21212,1,0.55,,
537849.0,84879,1,1.69,,
537850.0,21212,1,0.55,,
537851.0,22423,6,76.5,,
537852.0,85099B,4,7.8,,
537853.0,22086,12,35.4,,
537854.0,22086,12,35.4,,
537855.0,22086,1,2.95,,
537856.0,85123A,4,10.2,,
537857.0,85123A,6,15.3,,
537858.0,85099B,1,1.95,,
537859.0,47566,1,4.95,,
537860.0,47566,1,4.95,,
537861.0,84879,2,3.38,,
537862.0,85123A,1,2.55,,
537863.0,85123A,12,30.6,,
101498.0,84879,1,0.0,,
537865.0,22383,6,9.9,,
537866.0,85099B,2,3.9,,
537867.0,21212,6,3.3,,
537868.0,22086,4,11.8,,
537869.0,84879,4,6.76,,
537870.0,21212,2,1.1,,
537871.0,21212,4,2.2,,
537872.0,85099B,1,1.95,,
537873.0,85099B,2,3.9,,
537874.0,85123A,24,61.2,,
537875.0,47566,2,9.9,,
537876.0,84879,1,1.69,,
537877.0,22720,4,19.8,,
537878.0,85099B,1,1.95,,
537879.0,22383,1,1.65,,
537880.0,85123A,1,2.55,,
537881.0,22423,4,51.0,,
537882.0,85099B,1,1.95,,
537883.0,85099B,6,11.7,,
537884.0,85099B,1,1.95,,
537885.0,21212,24,13.2,,
537886.0,85099B,2,3.9,,
537887.0,POST,2,36.0,,
537888.0,85123A,1,2.55,,
537889.0,85099B,12,23.4,,
537890.0,22720,1,4.95,,
537891.0,47566,1,4.95,,
537892.0,84879,1,1.69,,
537893.0,85123A,2,5.1,,
101528.0,84879,1,0.0,,
537895.0,22720,2,9.9,,
537896.0,22383,4,6.6,,
537897.0,22086,4,11.8,,
537898.0,22383,1,1.65,,
537899.0,22383,12,19.8,,
537900.0,84879,1,1.69,,
537901.0,22423,4,51.0,,
537902.0,22383,12,19.8,,
537903.0,22720,6,29.7,,
537904.0,85123A,2,5.1,,
537905.0,84879,1,1.69,,
537906.0,22423,6,76.5,,
537907.0,85099B,6,11.7,,
537908.0,POST,1,18.0,,
537909.0,84879,6,10.14,,
537910.0,22086,1,2.95,,
537911.0,22720,2,9.9,,
537912.0,21212,2,1.1,,
537913.0,22086,1,2.95,,
537914.0,22383,1,1.65,,
537915.0,22086,1,2.95,,
537916.0,85123A,1,2.55,,
537917.0,85123A,1,2.55,,
537918.0,21212,6,3.3,,
537919.0,47566,2,9.9,,
537920.0,POST,1,18.0,,
537921.0,POST,1,18.0,,
537922.0,22383,1,1.65,,
537923.0,85099B,2,3.9,,
537924.0,85099B,2,3.9,,
537925.0,47566,12,59.4,,
537926.0,47566,2,9.9,,
537927.0,22086,1,2.95,,
537928.0,22423,6,76.5,,
537929.0,22383,2,3.3,,
537930.0,22423,4,51.0,,
537931.0,84879,4,6.76,,
537932.0,22720,2,9.9,,
537933.0,85123A,4,10.2,,
537934.0,84879,2,3.38,,
537935.0,84879,2,3.38,,
537936.0,84879,2,3.38,,
537937.0,21212,2,1.1,,
537938.0,85099B,6,11.7,,
537939.0,22383,2,3.3,,
537940.0,85099B,1,1.95,,
537941.0,85123A,1,2.55,,
537942.0,POST,1,18.0,,
537943.0,22720,1,4.95,,
537944.0,22423,4,51.0,,
537945.0,22423,1,12.75,,
537946.0,22720,2,9.9,,
537947.0,22383,12,19.8,,
537948.0,85123A,2,5.1,,
537949.0,85123A,4,10.2,,
537950.0,22720,1,4.95,,
537951.0,22423,6,76.5,,
537952.0,22383,4,6.6,,
537953.0,22423,1,12.75,,
537954.0,85099B,2,3.9,,
537955.0,POST,4,72.0,,
537956.0,22720,2,9.9,,
537957.0,47566,6,29.7,,
537958.0,21212,4,2.2,,
537959.0,POST,1,18.0,,
537960.0,22720,2,9.9,,
537961.0,47566,1,4.95,,
537962.0,22423,1,12.75,,
537963.0,84879,24,40.56,,
537964.0,21212,1,0.55,,
537965.0,22383,2,3.3,,
537966.0,22086,1,2.95,,
537967.0,22383,6,9.9,,
537968.0,85123A,6,15.3,,
537969.0,22086,1,2.95,,
537970.0,21212,12,6.6,,
537971.0,22086,1,2.95,,
537972.0,POST,2,36.0,,
537973.0,85123A,2,5.1,,
537974.0,84879,12,20.28,,
537975.0,84879,2,3.38,,
537976.0,22720,1,4.95,,
537977.0,21212,1,0.55,,
537978.0,47566,1,4.95,,
537979.0,22383,2,3.3,,
537980.0,85123A,1,2.55,,
537981.0,85099B,12,23.4,,
537982.0,21212,1,0.55,,
537983.0,21212,2,1.1,,
537984.0,47566,1,4.95,,
537985.0,22086,1,2.95,,
537986.0,22720,2,9.9,,
537987.0,21212,1,0.55,,
537988.0,22086,2,5.9,,
537989.0,21212,1,0.55,,
537990.0,21212,1,0.55,,
537991.0,22720,4,19.8,,
537992.0,21212,1,0.55,,
537993.0,47566,1,4.95,,
537994.0,22720,4,19.8,,
537995.0,POST,2,36.0,,
537996.0,21212,1,0.55,,
537997.0,21212,2,1.1,,
537998.0,22086,1,2.95,,
537999.0,47566,2,9.9,,
538000.0,21212,1,0.55,,
538001.0,POST,1,18.0,,
538002.0,POST,2,36.0,,
538003.0,22423,4,51.0,,
538004.0,85123A,6,15.3,,
538005.0,POST,12,216.0,,
538006.0,47566,12,59.4,,
538007.0,22720,1,4.95,,
538008.0,85123A,2,5.1,,
538009.0,22383,1,1.65,,
538010.0,84879,1,1.69,,
538011.0,21212,1,0.55,,
538012.0,21212,6,3.3,,
538013.0,22423,1,12.75,,
538014.0,22086,4,11.8,,
538015.0,22383,1,1.65,,
538016.0,21212,2,1.1,,
538017.0,22720,24,118.8,,
538018.0,21212,1,0.55,,
538019.0,85123A,2,5.1,,
538020.0,22383,1,1.65,,
538021.0,21212,2,1.1,,
538022.0,85099B,2,3.9,,
538023.0,22423,2,25.5,,
538024.0,22423,2,25.5,,
538025.0,84879,4,6.76,,
538026.0,84879,2,3.38,,
538027.0,84879,1,1.69,,
538028.0,85123A,4,10.2,,
538029.0,POST,4,72.0,,
538030.0,47566,6,29.7,,
538031.0,47566,12,59.4,,
538032.0,85123A,2,5.1,,
538033.0,85099B,4,7.8,,
538034.0,21212,12,6.6,,
538035.0,85123A,2,5.1,,
538036.0,85123A,1,2.55,,
538037.0,22720,6,29.7,,
538038.0,22720,6,29.7,,
538039.0,21212,2,1.1,,
538040.0,84879,2,3.38,,
538041.0,85123A,2,5.1,,
538042.0,84879,1,1.69,,
538043.0,22423,1,12.75,,
538044.0,84879,2,3.38,,
538045.0,85123A,1,2.55,,
538046.0,POST,4,72.0,,
538047.0,85099B,1,1.95,,
538048.0,85123A,1,2.55,,
101683.0,22086,1,0.0,,
538050.0,22383,12,19.8,,
538051.0,22086,6,17.7,,
538052.0,22423,1,12.75,,
538053.0,22383,2,3.3,,
538054.0,22423,1,12.75,,
538055.0,22086,1,2.95,,
538056.0,21212,12,6.6,,
538057.0,22086,2,5.9,,
538058.0,POST,2,36.0,,
538059.0,POST,4,72.0,,
538060.0,21212,6,3.3,,
538061.0,85123A,2,5.1,,
538062.0,22086,1,2.95,,
538063.0,22383,1,1.65,,
538064.0,21212,1,0.55,,
538065.0,22383,1,1.65,,
538066.0,22423,1,12.75,,
538067.0,47566,24,118.8,,
538068.0,POST,24,432.0,,
538069.0,85123A,1,2.55,,
538070.0,22423,2,25.5,,
538071.0,47566,4,19.8,,
538072.0,22383,1,1.65,,
538073.0,22720,6,29.7,,
538074.0,22720,4,19.8,,
538075.0,POST,2,36.0,,
101710.0,22383,1,0.0,,
538077.0,21212,4,2.2,,
538078.0,22383,2,3.3,,
538079.0,POST,1,18.0,,
538080.0,21212,4,2.2,,
538081.0,85123A,12,30.6,,
538082.0,22423,1,12.75,,
538083.0,21212,2,1.1,,
538084.0,21212,1,0.55,,
538085.0,22383,6,9.9,,
538086.0,22086,2,5.9,,
538087.0,47566,2,9.9,,
538088.0,22423,2,25.5,,
538089.0,21212,1,0.55,,
538090.0,85099B,2,3.9,,
538091.0,47566,4,19.8,,
538092.0,84879,1,1.69,,
538093.0,47566,6,29.7,,
538094.0,85123A,4,10.2,,
538095.0,85123A,1,2.55,,
538096.0,22086,2,5.9,,
538097.0,22383,12,19.8,,
538098.0,22423,1,12.75,,
538099.0,85123A,4,10.2,,
538100.0,47566,4,19.8,,
538101.0,22423,6,76.5,,
538102.0,22086,2,5.9,,
538103.0,22086,1,2.95,,
538104.0,47566,2,9.9,,
538105.0,22720,1,4.95,,
101740.0,22086,1,0.0,,
538107.0,84879,4,6.76,,
538108.0,85099B,2,3.9,,
538109.0,POST,6,108.0,,
538110.0,22086,1,2.95,,
538111.0,21212,1,0.55,,
538112.0,POST,4,72.0,,
538113.0,22720,4,19.8,,
101748.0,85099B,1,0.0,,
538115.0,84879,1,1.69,,
538116.0,47566,1,4.95,,
538117.0,22383,1,1.65,,
538118.0,84879,1,1.69,,
538119.0,85099B,12,23.4,,
538120.0,85099B,24,46.8,,
538121.0,21212,1,0.55,,
538122.0,22720,1,4.95,,
538123.0,85099B,12,23.4,,
538124.0,POST,6,108.0,,
538125.0,47566,24,118.8,,
538126.0,22423,1,12.75,,
538127.0,85099B,6,11.7,,
538128.0,POST,4,72.0,,
538129.0,85123A,1,2.55,,
538130.0,85099B,2,3.9,,
538131.0,22720,4,19.8,,
538132.0,47566,2,9.9,,
538133.0,POST,4,72.0,,
538134.0,85123A,4,10.2,,
538135.0,22720,12,59.4,,
538136.0,47566,12,59.4,,
538137.0,22086,12,35.4,,
538138.0,22086,1,2.95,,
538139.0,22423,1,12.75,,
538140.0,22720,1,4.95,,
538141.0,22383,1,1.65,,
538142.0,22086,2,5.9,,
538143.0,85123A,6,15.3,,
538144.0,22383,6,9.9,,
538145.0,22383,2,3.3,,
538146.0,85099B,1,1.95,,
538147.0,22383,4,6.6,,
538148.0,85123A,1,2.55,,
538149.0,85099B,4,7.8,,
538150.0,85099B,4,7.8,,
538151.0,POST,1,18.0,,
538152.0,22423,1,12.75,,
538153.0,85123A,1,2.55,,
538154.0,22423,2,25.5,,
538155.0,21212,1,0.55,,
538156.0,85123A,1,2.55,,
538157.0,22086,1,2.95,,
538158.0,22086,4,11.8,,
538159.0,84879,1,1.69,,
538160.0,47566,2,9.9,,
538161.0,85123A,4,10.2,,
538162.0,85123A,2,5.1,,
538163.0,22423,1,12.75,,
538164.0,22086,4,11.8,,
538165.0,22720,24,118.8,,
538166.0,22423,4,51.0,,
538167.0,22086,2,5.9,,
538168.0,22423,1,12.75,,
538169.0,22383,1,1.65,,
538170.0,85099B,12,23.4,,
538171.0,22383,1,1.65,,
538172.0,22720,6,29.7,,
538173.0,21212,2,1.1,,
538174.0,85099B,12,23.4,,
538175.0,22720,4,19.8,,
538176.0,85099B,2,3.9,,
538177.0,85099B,2,3.9,,
538178.0,85099B,1,1.95,,
538179.0,22720,1,4.95,,
538180.0,22086,1,2.95,,
538181.0,47566,4,19.8,,
538182.0,22423,1,12.75,,
538183.0,47566,4,19.8,,
538184.0,22383,2,3.3,,
538185.0,22383,1,1.65,,
538186.0,84879,1,1.69,,
538187.0,85123A,4,10.2,,
538188.0,22086,2,5.9,,
538189.0,22720,1,4.95,,
538190.0,22086,6,17.7,,
538191.0,84879,1,1.69,,
538192.0,22383,6,9.9,,
538193.0,22086,4,11.8,,
538194.0,21212,6,3.3,,
538195.0,22423,12,153.0,,
538196.0,47566,1,4.95,,
538197.0,22086,12,35.4,,
538198.0,22383,1,1.65,,
538199.0,85099B,6,11.7,,
538200.0,22383,2,3.3,,
538201.0,21212,24,13.2,,
538202.0,22720,12,59.4,,
538203.0,84879,1,1.69,,
538204.0,22383,12,19.8,,
538205.0,84879,1,1.69,,
538206.0,22720,4,19.8,,
538207.0,22383,1,1.65,,
538208.0,84879,12,20.28,,
538209.0,22086,4,11.8,,
538210.0,22720,2,9.9,,
538211.0,22720,4,19.8,,
538212.0,85123A,1,2.55,,
538213.0,22086,1,2.95,,
538214.0,22383,1,1.65,,
538215.0,85099B,1,1.95,,
538216.0,22383,1,1.65,,
538217.0,47566,2,9.9,,
538218.0,22423,2,25.5,,
538219.0,21212,1,0.55,,
538220.0,84879,2,3.38,,
538221.0,22423,1,12.75,,
538222.0,84879,4,6.76,,
538223.0,47566,6,29.7,,
538224.0,22423,1,12.75,,
538225.0,22423,1,12.75,,
538226.0,22720,2,9.9,,
538227.0,22383,1,1.65,,
538228.0,85099B,1,1.95,,
538229.0,22720,6,29.7,,
538230.0,47566,1,4.95,,
538231.0,21212,4,2.2,,
538232.0,85099B,6,11.7,,
538233.0,84879,4,6.76,,
538234.0,22720,1,4.95,,
538235.0,22086,12,35.4,,
538236.0,85099B,6,11.7,,
538237.0,47566,1,4.95,,
538238.0,47566,1,4.95,,
538239.0,47566,12,59.4,,
538240.0,22720,4,19.8,,
538241.0,22383,2,3.3,,
538242.0,85123A,2,5.1,,
538243.0,22720,2,9.9,,
538244.0,22383,1,1.65,,
538245.0,22423,1,12.75,,
538246.0,85123A,2,5.1,,
101881.0,22383,1,0.0,,
538248.0,POST,2,36.0,,
538249.0,84879,1,1.69,,
538250.0,47566,2,9.9,,
538251.0,22086,12,35.4,,
538252.0,47566,4,19.8,,
538253.0,85123A,6,15.3,,
538254.0,22383,1,1.65,,
538255.0,21212,2,1.1,,
538256.0,85123A,4,10.2,,
538257.0,85123A,2,5.1,,
538258.0,84879,6,10.14,,
538259.0,22720,2,9.9,,
538260.0,22383,24,39.6,,
538261.0,85099B,1,1.95,,
101896.0,22423,1,0.0,,
538263.0,POST,12,216.0,,
538264.0,84879,4,6.76,,
538265.0,21212,6,3.3,,
538266.0,22086,6,17.7,,
538267.0,POST,1,18.0,,
538268.0,22383,2,3.3,,
538269.0,85099B,2,3.9,,
538270.0,POST,4,72.0,,
538271.0,22383,2,3.3,,
538272.0,21212,1,0.55,,
538273.0,22720,1,4.95,,
538274.0,22720,1,4.95,,
538275.0,21212,2,1.1,,
538276.0,22423,1,12.75,,
538277.0,22383,2,3.3,,
538278.0,22720,2,9.9,,
538279.0,21212,4,2.2,,
538280.0,22086,4,11.8,,
538281.0,84879,2,3.38,,
538282.0,85099B,6,11.7,,
538283.0,22086,1,2.95,,
538284.0,84879,4,6.76,,
538285.0,22720,1,4.95,,
538286.0,85099B,2,3.9,,
538287.0,47566,2,9.9,,
538288.0,22720,4,19.8,,
538289.0,POST,1,18.0,,
538290.0,85099B,2,3.9,,
538291.0,22720,4,19.8,,
538292.0,22720,6,29.7,,
538293.0,85099B,4,7.8,,
538294.0,21212,1,0.55,,
538295.0,POST,1,18.0,,
538296.0,22720,2,9.9,,
538297.0,85099B,12,23.4,,
538298.0,85099B,2,3.9,,
538299.0,85099B,1,1.95,,
538300.0,84879,2,3.38,,
538301.0,22423,1,12.75,,
538302.0,22423,2,25.5,,
538303.0,22383,1,1.65,,
538304.0,22086,2,5.9,,
538305.0,47566,1,4.95,,
538306.0,85123A,2,5.1,,
538307.0,21212,1,0.55,,
538308.0,22720,6,29.7,,
538309.0,22423,6,76.5,,
538310.0,21212,6,3.3,,
538311.0,POST,1,18.0,,
538312.0,22086,1,2.95,,
538313.0,22383,1,1.65,,
538314.0,22720,1,4.95,,
538315.0,47566,12,59.4,,
538316.0,22383,6,9.9,,
538317.0,22086,1,2.95,,
538318.0,85123A,1,2.55,,
538319.0,22383,1,1.65,,
538320.0,47566,12,59.4,,
538321.0,85123A,1,2.55,,
538322.0,85123A,1,2.55,,
538323.0,85123A,1,2.55,,
538324.0,85123A,2,5.1,,
538325.0,22086,1,2.95,,
538326.0,22423,2,25.5,,
538327.0,22383,4,6.6,,
538328.0,85123A,6,15.3,,
538329.0,22423,4,51.0,,
538330.0,22720,1,4.95,,
538331.0,22720,1,4.95,,
538332.0,22720,2,9.9,,
538333.0,85123A,1,2.55,,
538334.0,22720,1,4.95,,
538335.0,POST,1,18.0,,
538336.0,POST,1,18.0,,
538337.0,POST,2,36.0,,
538338.0,85099B,1,1.95,,
538339.0,85099B,2,3.9,,
538340.0,85123A,4,10.2,,
538341.0,84879,1,1.69,,
538342.0,21212,4,2.2,,
538343.0,85123A,4,10.2,,
538344.0,22720,1,4.95,,
538345.0,22423,12,153.0,,
538346.0,21212,1,0.55,,
538347.0,22423,12,153.0,,
538348.0,85099B,1,1.95,,
538349.0,84879,1,1.69,,
538350.0,22720,24,118.8,,
538351.0,85123A,2,5.1,,
538352.0,85123A,1,2.55,,
538353.0,47566,2,9.9,,
538354.0,22423,2,25.5,,
538355.0,85123A,1,2.55,,
538356.0,84879,4,6.76,,
538357.0,85099B,6,11.7,,
538358.0,84879,4,6.76,,
538359.0,85099B,2,3.9,,
538360.0,84879,1,1.69,,
538361.0,84879,1,1.69,,
538362.0,22423,1,12.75,,
538363.0,85123A,6,15.3,,
538364.0,21212,12,6.6,,
538365.0,22423,1,12.75,,
538366.0,47566,1,4.95,,
538367.0,84879,2,3.38,,
538368.0,21212,6,3.3,,
538369.0,85099B,12,23.4,,
538370.0,47566,4,19.8,,
538371.0,22423,6,76.5,,
538372.0,84879,4,6.76,,
538373.0,85123A,1,2.55,,
538374.0,47566,2,9.9,,
538375.0,21212,24,13.2,,
538376.0,47566,1,4.95,,
538377.0,POST,6,108.0,,
538378.0,POST,1,18.0,,
538379.0,84879,2,3.38,,
538380.0,22383,1,1.65,,
538381.0,84879,1,1.69,,
538382.0,85123A,4,10.2,,
538383.0,POST,6,108.0,,
538384.0,22086,1,2.95,,
102019.0,22423,1,0.0,,
538386.0,22720,1,4.95,,
538387.0,22086,1,2.95,,
538388.0,22383,1,1.65,,
538389.0,22423,2,25.5,,
538390.0,22086,1,2.95,,
538391.0,22086,6,17.7,,
538392.0,47566,6,29.7,,
538393.0,22720,1,4.95,,
538394.0,POST,1,18.0,,
538395.0,85099B,1,1.95,,
538396.0,POST,6,108.0,,
538397.0,POST,1,18.0,,
538398.0,85123A,1,2.55,,
538399.0,21212,2,1.1,,
538400.0,22423,1,12.75,,
538401.0,22086,2,5.9,,
538402.0,22423,4,51.0,,
538403.0,21212,1,0.55,,
538404.0,22720,4,19.8,,
538405.0,22720,1,4.95,,
538406.0,85123A,4,10.2,,
538407.0,85099B,4,7.8,,
538408.0,22423,1,12.75,,
538409.0,21212,1,0.55,,
538410.0,85123A,1,2.55,,
538411.0,21212,2,1.1,,
538412.0,22423,1,12.75,,
538413.0,85099B,2,3.9,,
538414.0,22720,6,29.7,,
538415.0,85099B,4,7.8,,
538416.0,21212,2,1.1,,
538417.0,22720,2,9.9,,
538418.0,85123A,2,5.1,,
538419.0,47566,4,19.8,,
538420.0,47566,2,9.9,,
538421.0,22086,6,17.7,,
538422.0,22423,2,25.5,,
538423.0,85099B,4,7.8,,
538424.0,POST,12,216.0,,
538425.0,22086,2,5.9,,
538426.0,22720,4,19.8,,
538427.0,84879,1,1.69,,
538428.0,22383,2,3.3,,
538429.0,22423,1,12.75,,
538430.0,POST,1,18.0,,
102065.0,85099B,1,0.0,,
538432.0,22720,2,9.9,,
538433.0,85123A,2,5.1,,
538434.0,84879,1,1.69,,
538435.0,22383,12,19.8,,
538436.0,22383,2,3.3,,
538437.0,22086,2,5.9,,
538438.0,22383,2,3.3,,
538439.0,84879,4,6.76,,
538440.0,22383,6,9.9,,
538441.0,22383,2,3.3,,
538442.0,84879,4,6.76,,
538443.0,POST,1,18.0,,
538444.0,POST,4,72.0,,
538445.0,22720,12,59.4,,
538446.0,22423,2,25.5,,
538447.0,22383,1,1.65,,
538448.0,21212,6,3.3,,
538449.0,22086,2,5.9,,
538450.0,85099B,1,1.95,,
538451.0,84879,6,10.14,,
538452.0,POST,4,72.0,,
538453.0,85123A,1,2.55,,
538454.0,47566,1,4.95,,
538455.0,22423,1,12.75,,
538456.0,84879,1,1.69,,
538457.0,POST,1,18.0,,
538458.0,85099B,1,1.95,,
538459.0,47566,2,9.9,,
538460.0,POST,4,72.0,,
538461.0,47566,24,118.8,,
538462.0,84879,12,20.28,,
538463.0,85123A,1,2.55,,
538464.0,22383,6,9.9,,
538465.0,22086,1,2.95,,
538466.0,85123A,24,61.2,,
538467.0,POST,1,18.0,,
538468.0,22086,4,11.8,,
538469.0,21212,12,6.6,,
102104.0,POST,1,0.0,,
538471.0,22086,2,5.9,,
538472.0,22383,1,1.65,,
538473.0,22720,1,4.95,,
538474.0,84879,1,1.69,,
538475.0,84879,1,1.69,,
538476.0,47566,4,19.8,,
538477.0,47566,2,9.9,,
538478.0,22423,12,153.0,,
538479.0,22383,1,1.65,,
538480.0,21212,2,1.1,,
538481.0,84879,12,20.28,,
538482.0,47566,1,4.95,,
538483.0,84879,1,1.69,,
538484.0,22086,6,17.7,,
538485.0,85123A,2,5.1,,
538486.0,22086,2,5.9,,
538487.0,85123A,4,10.2,,
538488.0,21212,1,0.55,,
538489.0,POST,4,72.0,,
538490.0,22086,4,11.8,,
538491.0,85099B,1,1.95,,
538492.0,22086,6,17.7,,
538493.0,85099B,1,1.95,,
538494.0,85099B,4,7.8,,
538495.0,POST,6,108.0,,
538496.0,22720,1,4.95,,
538497.0,85123A,1,2.55,,
538498.0,22423,12,153.0,,
538499.0,84879,2,3.38,,
538500.0,22383,1,1.65,,
538501.0,21212,6,3.3,,
538502.0,POST,1,18.0,,
538503.0,85099B,1,1.95,,
538504.0,POST,1,18.0,,
538505.0,22720,1,4.95,,
538506.0,84879,6,10.14,,
538507.0,POST,4,72.0,,
538508.0,22383,1,1.65,,
538509.0,85123A,12,30.6,,
538510.0,22720,1,4.95,,
538511.0,22086,1,2.95,,
102146.0,85123A,1,0.0,,
538513.0,22423,6,76.5,,
538514.0,85099B,1,1.95,,
538515.0,22720,2,9.9,,
538516.0,22086,2,5.9,,
538517.0,22423,1,12.75,,
538518.0,85123A,6,15.3,,
538519.0,21212,4,2.2,,
538520.0,22423,1,12.75,,
538521.0,22086,12,35.4,,
538522.0,POST,1,18.0,,
538523.0,22383,4,6.6,,
538524.0,21212,6,3.3,,
538525.0,85099B,1,1.95,,
538526.0,22086,6,17.7,,
538527.0,22423,6,76.5,,
538528.0,21212,4,2.2,,
538529.0,21212,2,1.1,,
538530.0,84879,6,10.14,,
538531.0,22086,1,2.95,,
538532.0,22086,1,2.95,,
538533.0,22720,4,19.8,,
538534.0,22383,12,19.8,,
538535.0,47566,2,9.9,,
538536.0,22423,2,25.5,,
538537.0,22423,4,51.0,,
538538.0,22086,2,5.9,,
538539.0,22720,1,4.95,,
538540.0,22086,4,11.8,,
538541.0,22383,1,1.65,,
538542.0,22720,1,4.95,,
538543.0,84879,1,1.69,,
538544.0,84879,2,3.38,,
538545.0,47566,4,19.8,,
538546.0,POST,6,108.0,,
538547.0,85099B,1,1.95,,
538548.0,22720,4,19.8,,
538549.0,22383,6,9.9,,
538550.0,85123A,2,5.1,,
538551.0,POST,6,108.0,,
538552.0,21212,2,1.1,,
538553.0,22086,2,5.9,,
538554.0,POST,4,72.0,,
538555.0,22720,1,4.95,,
538556.0,85123A,1,2.55,,
538557.0,22086,2,5.9,,
538558.0,22383,1,1.65,,
538559.0,22720,6,29.7,,
538560.0,21212,4,2.2,,
538561.0,POST,4,72.0,,
538562.0,22720,1,4.95,,
538563.0,22423,2,25.5,,
538564.0,85123A,1,2.55,,
538565.0,84879,2,3.38,,
538566.0,47566,1,4.95,,
538567.0,85123A,12,30.6,,
538568.0,85099B,4,7.8,,
538569.0,84879,1,1.69,,
538570.0,47566,2,9.9,,
538571.0,22720,2,9.9,,
538572.0,22383,2,3.3,,
538573.0,POST,1,18.0,,
538574.0,22086,1,2.95,,
538575.0,22086,2,5.9,,
538576.0,84879,1,1.69,,
538577.0,22423,1,12.75,,
538578.0,85099B,6,11.7,,
538579.0,22383,4,6.6,,
538580.0,84879,1,1.69,,
538581.0,85099B,2,3.9,,
538582.0,21212,24,13.2,,
538583.0,47566,1,4.95,,
102218.0,47566,1,0.0,,
538585.0,85123A,1,2.55,,
538586.0,22423,6,76.5,,
538587.0,85123A,1,2.55,,
538588.0,84879,1,1.69,,
538589.0,22720,6,29.7,,
538590.0,47566,4,19.8,,
538591.0,85123A,6,15.3,,
538592.0,22086,6,17.7,,
538593.0,22720,2,9.9,,
538594.0,POST,4,72.0,,
538595.0,22423,1,12.75,,
538596.0,47566,24,118.8,,
538597.0,22086,12,35.4,,
538598.0,85123A,6,15.3,,
538599.0,85123A,2,5.1,,
538600.0,22383,2,3.3,,
538601.0,21212,1,0.55,,
538602.0,21212,1,0.55,,
538603.0,85123A,6,15.3,,
538604.0,21212,6,3.3,,
538605.0,47566,6,29.7,,
538606.0,47566,1,4.95,,
538607.0,21212,1,0.55,,
538608.0,85099B,2,3.9,,
538609.0,84879,1,1.69,,
538610.0,47566,2,9.9,,
538611.0,22720,4,19.8,,
538612.0,85123A,2,5.1,,
538613.0,POST,6,108.0,,
538614.0,POST,2,36.0,,
538615.0,22086,2,5.9,,
538616.0,85123A,2,5.1,,
538617.0,POST,4,72.0,,
538618.0,84879,1,1.69,,
538619.0,85123A,4,10.2,,
538620.0,47566,1,4.95,,
538621.0,85099B,1,1.95,,
538622.0,22720,2,9.9,,
538623.0,POST,12,216.0,,
538624.0,22383,6,9.9,,
538625.0,47566,2,9.9,,
538626.0,85099B,6,11.7,,
538627.0,85123A,1,2.55,,
538628.0,POST,2,36.0,,
538629.0,84879,6,10.14,,
538630.0,22383,4,6.6,,
538631.0,22383,12,19.8,,
538632.0,22086,4,11.8,,
538633.0,22720,4,19.8,,
538634.0,22720,2,9.9,,
538635.0,22086,1,2.95,,
538636.0,22720,1,4.95,,
538637.0,22086,4,11.8,,
538638.0,22086,2,5.9,,
538639.0,47566,2,9.9,,
538640.0,85099B,1,1.95,,
538641.0,21212,2,1.1,,
538642.0,22423,2,25.5,,
538643.0,84879,24,40.56,,
538644.0,22383,1,1.65,,
538645.0,85099B,12,23.4,,
538646.0,85099B,1,1.95,,
102281.0,22086,1,0.0,,
538648.0,84879,12,20.28,,
538649.0,22086,1,2.95,,
538650.0,85099B,4,7.8,,
538651.0,POST,2,36.0,,
538652.0,85123A,6,15.3,,
538653.0,85123A,1,2.55,,
538654.0,85099B,6,11.7,,
538655.0,22423,1,12.75,,
538656.0,POST,1,18.0,,
538657.0,21212,1,0.55,,
538658.0,85099B,1,1.95,,
538659.0,22383,1,1.65,,
538660.0,22086,12,35.4,,
538661.0,85099B,4,7.8,,
102296.0,22423,1,0.0,,
538663.0,POST,6,108.0,,
538664.0,POST,1,18.0,,
538665.0,85099B,4,7.8,,
538666.0,22720,1,4.95,,
538667.0,22720,4,19.8,,
538668.0,22086,1,2.95,,
538669.0,84879,1,1.69,,
538670.0,21212,1,0.55,,
538671.0,22720,1,4.95,,
538672.0,84879,2,3.38,,
538673.0,47566,4,19.8,,
538674.0,84879,4,6.76,,
538675.0,POST,1,18.0,,
538676.0,22720,1,4.95,,
538677.0,22720,4,19.8,,
538678.0,22383,2,3.3,,
538679.0,85099B,1,1.95,,
538680.0,84879,2,3.38,,
538681.0,84879,1,1.69,,
538682.0,22423,2,25.5,,
538683.0,22720,1,4.95,,
538684.0,47566,24,118.8,,
538685.0,47566,1,4.95,,
538686.0,POST,1,18.0,,
538687.0,POST,4,72.0,,
538688.0,84879,1,1.69,,
538689.0,POST,2,36.0,,
538690.0,85123A,1,2.55,,
538691.0,85099B,1,1.95,,
538692.0,22423,1,12.75,,
538693.0,85099B,1,1.95,,
538694.0,22086,1,2.95,,
538695.0,84879,1,1.69,,
538696.0,85099B,2,3.9,,
538697.0,POST,1,18.0,,
538698.0,84879,2,3.38,,
538699.0,22720,12,59.4,,
538700.0,21212,1,0.55,,
538701.0,22383,2,3.3,,
538702.0,22423,6,76.5,,
538703.0,21212,12,6.6,,
538704.0,47566,2,9.9,,
538705.0,22720,1,4.95,,
538706.0,22423,12,153.0,,
538707.0,84879,4,6.76,,
538708.0,22086,4,11.8,,
538709.0,85099B,4,7.8,,
538710.0,85099B,4,7.8,,
538711.0,84879,1,1.69,,
538712.0,85099B,6,11.7,,
538713.0,47566,2,9.9,,
538714.0,22423,2,25.5,,
538715.0,47566,2,9.9,,
538716.0,85099B,1,1.95,,
538717.0,22383,12,19.8,,
538718.0,POST,12,216.0,,
538719.0,22720,2,9.9,,
538720.0,85099B,6,11.7,,
538721.0,85099B,1,1.95,,
538722.0,21212,4,2.2,,
538723.0,85099B,2,3.9,,
538724.0,85123A,1,2.55,,
538725.0,85099B,6,11.7,,
538726.0,22720,6,29.7,,
538727.0,21212,1,0.55,,
538728.0,POST,2,36.0,,
538729.0,22383,6,9.9,,
538730.0,22423,2,25.5,,
538731.0,47566,2,9.9,,
538732.0,84879,1,1.69,,
538733.0,22720,2,9.9,,
538734.0,84879,6,10.14,,
538735.0,85099B,4,7.8,,
538736.0,22423,2,25.5,,
538737.0,22086,2,5.9,,
538738.0,POST,1,18.0,,
538739.0,22423,2,25.5,,
538740.0,85099B,1,1.95,,
538741.0,47566,2,9.9,,
538742.0,POST,4,72.0,,
538743.0,22720,6,29.7,,
538744.0,85123A,6,15.3,,
538745.0,POST,6,108.0,,
538746.0,85099B,4,7.8,,
538747.0,85123A,2,5.1,,
538748.0,22086,4,11.8,,
538749.0,22720,4,19.8,,
538750.0,POST,6,108.0,,
538751.0,21212,4,2.2,,
538752.0,POST,4,72.0,,
538753.0,22720,4,19.8,,
538754.0,POST,1,18.0,,
538755.0,22086,6,17.7,,
538756.0,47566,12,59.4,,
538757.0,21212,2,1.1,,
102392.0,85123A,1,0.0,,
538759.0,85123A,6,15.3,,
538760.0,22383,2,3.3,,
538761.0,21212,1,0.55,,
538762.0,22383,1,1.65,,
538763.0,22423,4,51.0,,
538764.0,22086,1,2.95,,
538765.0,84879,1,1.69,,
538766.0,85123A,1,2.55,,
538767.0,47566,4,19.8,,
538768.0,22720,2,9.9,,
538769.0,22086,2,5.9,,
538770.0,22383,2,3.3,,
538771.0,POST,2,36.0,,
538772.0,POST,4,72.0,,
538773.0,POST,2,36.0,,
538774.0,22423,1,12.75,,
538775.0,22383,1,1.65,,
538776.0,84879,2,3.38,,
538777.0,85123A,4,10.2,,
538778.0,POST,1,18.0,,
538779.0,84879,6,10.14,,
538780.0,POST,2,36.0,,
538781.0,84879,2,3.38,,
538782.0,85123A,1,2.55,,
538783.0,47566,2,9.9,,
538784.0,21212,12,6.6,,
538785.0,22720,1,4.95,,
538786.0,84879,2,3.38,,
538787.0,22383,6,9.9,,
538788.0,22423,6,76.5,,
538789.0,85099B,2,3.9,,
538790.0,22086,12,35.4,,
538791.0,22423,12,153.0,,
538792.0,22720,1,4.95,,
538793.0,22423,4,51.0,,
538794.0,21212,1,0.55,,
538795.0,21212,2,1.1,,
538796.0,47566,1,4.95,,
538797.0,84879,4,6.76,,
538798.0,47566,4,19.8,,
538799.0,22720,1,4.95,,
538800.0,84879,2,3.38,,
538801.0,85099B,4,7.8,,
538802.0,85123A,6,15.3,,
538803.0,47566,1,4.95,,
538804.0,POST,4,72.0,,
538805.0,84879,12,20.28,,
538806.0,84879,1,1.69,,
538807.0,POST,1,18.0,,
538808.0,85123A,2,5.1,,
538809.0,84879,4,6.76,,
538810.0,22720,1,4.95,,
538811.0,47566,1,4.95,,
538812.0,22086,1,2.95,,
538813.0,22086,12,35.4,,
538814.0,85099B,1,1.95,,
538815.0,84879,2,3.38,,
538816.0,47566,4,19.8,,
538817.0,22086,1,2.95,,
538818.0,22086,1,2.95,,
538819.0,22720,1,4.95,,
538820.0,22086,1,2.95,,
538821.0,21212,1,0.55,,
538822.0,22423,1,12.75,,
102457.0,85123A,1,0.0,,
538824.0,21212,1,0.55,,
538825.0,22086,1,2.95,,
538826.0,22383,2,3.3,,
538827.0,POST,1,18.0,,
538828.0,22423,1,12.75,,
538829.0,22720,12,59.4,,
538830.0,22423,12,153.0,,
538831.0,85123A,6,15.3,,
538832.0,47566,4,19.8,,
538833.0,POST,2,36.0,,
538834.0,85123A,1,2.55,,
538835.0,22383,1,1.65,,
538836.0,84879,1,1.69,,
538837.0,22720,1,4.95,,
538838.0,21212,1,0.55,,
538839.0,85123A,4,10.2,,
538840.0,22086,1,2.95,,
538841.0,22720,1,4.95,,
538842.0,85099B,1,1.95,,
538843.0,85099B,1,1.95,,
538844.0,85099B,1,1.95,,
538845.0,85123A,1,2.55,,
538846.0,85123A,1,2.55,,
538847.0,22383,2,3.3,,
538848.0,POST,1,18.0,,
538849.0,84879,2,3.38,,
538850.0,85099B,6,11.7,,
538851.0,84879,1,1.69,,
538852.0,22086,4,11.8,,
538853.0,84879,6,10.14,,
538854.0,85123A,1,2.55,,
538855.0,85099B,1,1.95,,
538856.0,22423,1,12.75,,
538857.0,84879,6,10.14,,
538858.0,47566,2,9.9,,
538859.0,22383,6,9.9,,
538860.0,22383,1,1.65,,
538861.0,85123A,6,15.3,,
538862.0,22423,1,12.75,,
538863.0,21212,1,0.55,,
538864.0,22086,6,17.7,,
538865.0,21212,1,0.55,,
538866.0,84879,1,1.69,,
538867.0,22423,1,12.75,,
538868.0,47566,6,29.7,,
538869.0,84879,12,20.28,,
538870.0,22383,2,3.3,,
538871.0,21212,4,2.2,,
102506.0,47566,1,0.0,,
538873.0,22720,1,4.95,,
538874.0,22383,2,3.3,,
538875.0,22423,6,76.5,,
538876.0,85099B,12,23.4,,
538877.0,22086,6,17.7,,
538878.0,21212,1,0.55,,
538879.0,22383,6,9.9,,
538880.0,47566,6,29.7,,
538881.0,POST,4,72.0,,
538882.0,22383,1,1.65,,
538883.0,POST,1,18.0,,
538884.0,84879,12,20.28,,
102519.0,POST,1,0.0,,
538886.0,22720,1,4.95,,
538887.0,85099B,1,1.95,,
538888.0,22423,2,25.5,,
538889.0,22423,6,76.5,,
538890.0,84879,6,10.14,,
538891.0,85123A,2,5.1,,
102526.0,22086,1,0.0,,
538893.0,22383,1,1.65,,
538894.0,22423,24,306.0,,
538895.0,POST,6,108.0,,
538896.0,22720,6,29.7,,
538897.0,47566,1,4.95,,
538898.0,21212,1,0.55,,
538899.0,85123A,2,5.1,,
538900.0,85123A,1,2.55,,
538901.0,47566,1,4.95,,
538902.0,84879,6,10.14,,
538903.0,85123A,2,5.1,,
538904.0,22383,4,6.6,,
538905.0,22383,6,9.9,,
538906.0,22423,1,12.75,,
538907.0,85099B,2,3.9,,
538908.0,47566,2,9.9,,
538909.0,POST,1,18.0,,
538910.0,22720,4,19.8,,
538911.0,84879,1,1.69,,
538912.0,22720,12,59.4,,
538913.0,21212,1,0.55,,
538914.0,POST,1,18.0,,
538915.0,84879,6,10.14,,
538916.0,85123A,4,10.2,,
538917.0,22383,1,1.65,,
538918.0,85099B,1,1.95,,
538919.0,21212,12,6.6,,
538920.0,85099B,1,1.95,,
538921.0,85123A,1,2.55,,
538922.0,22086,4,11.8,,
538923.0,22720,4,19.8,,
538924.0,POST,6,108.0,,
538925.0,POST,1,18.0,,
538926.0,84879,4,6.76,,
538927.0,22423,12,153.0,,
538928.0,85123A,2,5.1,,
538929.0,85123A,2,5.1,,
538930.0,22086,6,17.7,,
538931.0,22720,6,29.7,,
538932.0,47566,1,4.95,,
538933.0,POST,2,36.0,,
538934.0,22720,1,4.95,,
538935.0,84879,2,3.38,,
538936.0,22383,1,1.65,,
538937.0,47566,1,4.95,,
538938.0,22720,1,4.95,,
538939.0,22720,4,19.8,,
538940.0,85123A,4,10.2,,
538941.0,22383,2,3.3,,
538942.0,22423,2,25.5,,
538943.0,22423,2,25.5,,
538944.0,POST,2,36.0,,
538945.0,84879,2,3.38,,
538946.0,85123A,2,5.1,,
538947.0,85123A,4,10.2,,
538948.0,85123A,1,2.55,,
538949.0,47566,1,4.95,,
538950.0,84879,1,1.69,,
538951.0,22720,6,29.7,,
538952.0,22720,1,4.95,,
538953.0,84879,1,1.69,,
538954.0,22720,6,29.7,,
538955.0,22086,1,2.95,,
538956.0,22383,1,1.65,,
538957.0,22086,1,2.95,,
538958.0,21212,2,1.1,,
538959.0,22720,1,4.95,,
538960.0,84879,4,6.76,,
538961.0,85099B,6,11.7,,
538962.0,22423,1,12.75,,
538963.0,22086,4,11.8,,
102598.0,21212,1,0.0,,
538965.0,22720,6,29.7,,
538966.0,85099B,2,3.9,,
538967.0,47566,4,19.8,,
538968.0,85123A,1,2.55,,
538969.0,22720,1,4.95,,
538970.0,22423,4,51.0,,
538971.0,22423,1,12.75,,
538972.0,85123A,2,5.1,,
538973.0,85123A,2,5.1,,
538974.0,22383,2,3.3,,
538975.0,22086,1,2.95,,
538976.0,84879,6,10.14,,
538977.0,84879,1,1.69,,
538978.0,85099B,1,1.95,,
538979.0,POST,2,36.0,,
538980.0,POST,2,36.0,,
538981.0,22086,1,2.95,,
538982.0,85099B,1,1.95,,
538983.0,22383,4,6.6,,
538984.0,22086,2,5.9,,
538985.0,21212,4,2.2,,
538986.0,22086,12,35.4,,
538987.0,47566,1,4.95,,
538988.0,85123A,1,2.55,,
538989.0,22720,1,4.95,,
538990.0,84879,6,10.14,,
538991.0,85099B,2,3.9,,
538992.0,22423,1,12.75,,
538993.0,22086,12,35.4,,
538994.0,POST,6,108.0,,
538995.0,84879,1,1.69,,
538996.0,85123A,12,30.6,,
538997.0,POST,6,108.0,,
538998.0,85099B,6,11.7,,
538999.0,85123A,2,5.1,,
539000.0,22720,24,118.8,,
539001.0,21212,4,2.2,,
539002.0,22383,1,1.65,,
539003.0,POST,6,108.0,,
539004.0,85123A,2,5.1,,
539005.0,84879,6,10.14,,
539006.0,84879,2,3.38,,
539007.0,22720,1,4.95,,
539008.0,22423,1,12.75,,
539009.0,21212,2,1.1,,
539010.0,21212,4,2.2,,
539011.0,22720,1,4.95,,
539012.0,47566,1,4.95,,
539013.0,21212,1,0.55,,
539014.0,22720,4,19.8,,
539015.0,22720,1,4.95,,
539016.0,22423,2,25.5,,
539017.0,85123A,1,2.55,,
539018.0,47566,1,4.95,,
539019.0,85123A,6,15.3,,
539020.0,47566,1,4.95,,
539021.0,47566,1,4.95,,
539022.0,21212,4,2.2,,
539023.0,22720,6,29.7,,
539024.0,22383,6,9.9,,
539025.0,22423,1,12.75,,
539026.0,22086,4,11.8,,
539027.0,85099B,4,7.8,,
539028.0,85123A,2,5.1,,
539029.0,22383,1,1.65,,
539030.0,22423,2,25.5,,
539031.0,22383,1,1.65,,
539032.0,21212,6,3.3,,
539033.0,POST,4,72.0,,
539034.0,84879,12,20.28,,
539035.0,22383,4,6.6,,
539036.0,85099B,6,11.7,,
539037.0,21212,6,3.3,,
539038.0,22086,1,2.95,,
539039.0,47566,6,29.7,,
539040.0,47566,1,4.95,,
539041.0,22086,2,5.9,,
539042.0,21212,1,0.55,,
539043.0,22423,6,76.5,,
539044.0,22086,4,11.8,,
539045.0,47566,1,4.95,,
539046.0,85123A,2,5.1,,
539047.0,22423,1,12.75,,
539048.0,22383,4,6.6,,
539049.0,22720,2,9.9,,
539050.0,22423,2,25.5,,
539051.0,22423,1,12.75,,
539052.0,22720,1,4.95,,
539053.0,84879,1,1.69,,
539054.0,22086,12,35.4,,
539055.0,22423,4,51.0,,
539056.0,POST,2,36.0,,
539057.0,85099B,4,7.8,,
539058.0,22086,1,2.95,,
102693.0,22423,1,0.0,,
539060.0,85099B,1,1.95,,
539061.0,22720,12,59.4,,
539062.0,85123A,2,5.1,,
539063.0,21212,1,0.55,,
539064.0,POST,1,18.0,,
539065.0,POST,4,72.0,,
539066.0,22383,1,1.65,,
539067.0,47566,6,29.7,,
539068.0,22720,1,4.95,,
539069.0,22086,2,5.9,,
539070.0,85099B,2,3.9,,
539071.0,22086,24,70.8,,
539072.0,22383,1,1.65,,
539073.0,85123A,2,5.1,,
539074.0,85099B,24,46.8,,
539075.0,84879,2,3.38,,
539076.0,47566,1,4.95,,
539077.0,22086,2,5.9,,
539078.0,85099B,1,1.95,,
539079.0,85099B,2,3.9,,
539080.0,22086,12,35.4,,
539081.0,85099B,12,23.4,,
539082.0,22086,2,5.9,,
539083.0,POST,2,36.0,,
539084.0,85099B,4,7.8,,
102719.0,85099B,1,0.0,,
539086.0,22383,4,6.6,,
539087.0,21212,2,1.1,,
539088.0,47566,1,4.95,,
539089.0,22720,2,9.9,,
539090.0,85099B,1,1.95,,
539091.0,22383,1,1.65,,
539092.0,22383,1,1.65,,
539093.0,21212,1,0.55,,
539094.0,21212,1,0.55,,
539095.0,22086,2,5.9,,
539096.0,22720,2,9.9,,
539097.0,22423,1,12.75,,
539098.0,21212,6,3.3,,
539099.0,22383,4,6.6,,
539100.0,21212,4,2.2,,
539101.0,85099B,12,23.4,,
539102.0,85123A,1,2.55,,
102737.0,22383,1,0.0,,
539104.0,POST,4,72.0,,
539105.0,POST,4,72.0,,
539106.0,22086,6,17.7,,
539107.0,84879,4,6.76,,
539108.0,47566,4,19.8,,
539109.0,85123A,1,2.55,,
539110.0,85123A,12,30.6,,
539111.0,85099B,6,11.7,,
539112.0,22423,6,76.5,,
102747.0,21212,1,0.0,,
539114.0,84879,6,10.14,,
539115.0,47566,6,29.7,,
539116.0,85123A,2,5.1,,
539117.0,22383,2,3.3,,
539118.0,85099B,1,1.95,,
539119.0,22720,2,9.9,,
102754.0,85123A,1,0.0,,
539121.0,22423,1,12.75,,
539122.0,85123A,2,5.1,,
539123.0,22720,4,19.8,,
539124.0,84879,4,6.76,,
539125.0,85099B,1,1.95,,
539126.0,22086,1,2.95,,
539127.0,POST,4,72.0,,
539128.0,22720,2,9.9,,
539129.0,22423,1,12.75,,
539130.0,22086,12,35.4,,
539131.0,22383,4,6.6,,
539132.0,84879,6,10.14,,
539133.0,84879,1,1.69,,
539134.0,85123A,12,30.6,,
539135.0,85099B,12,23.4,,
539136.0,85123A,1,2.55,,
539137.0,22086,1,2.95,,
539138.0,22086,1,2.95,,
539139.0,47566,2,9.9,,
539140.0,85123A,4,10.2,,
539141.0,85123A,12,30.6,,
539142.0,21212,12,6.6,,
539143.0,85099B,4,7.8,,
539144.0,22086,1,2.95,,
539145.0,84879,2,3.38,,
539146.0,22720,2,9.9,,
539147.0,22086,4,11.8,,
539148.0,22086,1,2.95,,
539149.0,85123A,2,5.1,,
539150.0,47566,6,29.7,,
539151.0,22086,1,2.95,,
539152.0,47566,1,4.95,,
539153.0,84879,2,3.38,,
539154.0,22423,2,25.5,,
102789.0,85099B,1,0.0,,
539156.0,POST,6,108.0,,
539157.0,85099B,1,1.95,,
539158.0,84879,4,6.76,,
539159.0,POST,1,18.0,,
539160.0,85099B,1,1.95,,
539161.0,21212,1,0.55,,
539162.0,22720,1,4.95,,
539163.0,22423,2,25.5,,
539164.0,85099B,1,1.95,,
539165.0,85123A,12,30.6,,
539166.0,85123A,12,30.6,,
539167.0,22383,1,1.65,,
539168.0,22720,2,9.9,,
539169.0,85099B,1,1.95,,
539170.0,22720,1,4.95,,
539171.0,85123A,2,5.1,,
539172.0,85123A,2,5.1,,
539173.0,85123A,12,30.6,,
539174.0,47566,12,59.4,,
539175.0,47566,4,19.8,,
539176.0,21212,2,1.1,,
539177.0,22383,1,1.65,,
539178.0,85099B,2,3.9,,
539179.0,22086,4,11.8,,
539180.0,22423,4,51.0,,
539181.0,21212,6,3.3,,
539182.0,21212,1,0.55,,
539183.0,85123A,12,30.6,,
539184.0,84879,1,1.69,,
539185.0,POST,1,18.0,,
539186.0,85099B,1,1.95,,
539187.0,84879,12,20.28,,
539188.0,22086,6,17.7,,
539189.0,22086,6,17.7,,
539190.0,21212,2,1.1,,
539191.0,21212,1,0.55,,
539192.0,POST,4,72.0,,
539193.0,47566,2,9.9,,
539194.0,84879,24,40.56,,
539195.0,21212,12,6.6,,
102830.0,84879,1,0.0,,
539197.0,22086,1,2.95,,
539198.0,POST,4,72.0,,
539199.0,84879,1,1.69,,
539200.0,21212,1,0.55,,
539201.0,84879,1,1.69,,
539202.0,22720,4,19.8,,
539203.0,84879,1,1.69,,
539204.0,POST,1,18.0,,
539205.0,84879,4,6.76,,
539206.0,22423,2,25.5,,
539207.0,84879,24,40.56,,
539208.0,22383,2,3.3,,
539209.0,22720,6,29.7,,
539210.0,22720,1,4.95,,
539211.0,22086,4,11.8,,
539212.0,84879,12,20.28,,
539213.0,47566,1,4.95,,
539214.0,47566,1,4.95,,
539215.0,85123A,4,10.2,,
539216.0,85099B,4,7.8,,
539217.0,22086,1,2.95,,
539218.0,22086,1,2.95,,
539219.0,21212,1,0.55,,
539220.0,22423,2,25.5,,
539221.0,84879,2,3.38,,
539222.0,22423,1,12.75,,
539223.0,POST,2,36.0,,
539224.0,22720,2,9.9,,
539225.0,21212,4,2.2,,
539226.0,22086,1,2.95,,
539227.0,22720,1,4.95,,
539228.0,47566,1,4.95,,
539229.0,84879,2,3.38,,
539230.0,84879,4,6.76,,
539231.0,22720,12,59.4,,
539232.0,84879,1,1.69,,
539233.0,84879,6,10.14,,
539234.0,22086,24,70.8,,
539235.0,POST,2,36.0,,
539236.0,POST,2,36.0,,
539237.0,21212,1,0.55,,
539238.0,84879,6,10.14,,
539239.0,22086,1,2.95,,
539240.0,85099B,1,1.95,,
539241.0,85123A,2,5.1,,
539242.0,22423,6,76.5,,
539243.0,22383,1,1.65,,
539244.0,22086,4,11.8,,
539245.0,22383,6,9.9,,
539246.0,22720,1,4.95,,
539247.0,85123A,1,2.55,,
539248.0,22086,1,2.95,,
539249.0,85099B,12,23.4,,
539250.0,21212,1,0.55,,
539251.0,POST,6,108.0,,
539252.0,85123A,2,5.1,,
539253.0,22086,4,11.8,,
539254.0,85123A,1,2.55,,
539255.0,47566,1,4.95,,
539256.0,22720,1,4.95,,
539257.0,47566,1,4.95,,
539258.0,22720,1,4.95,,
539259.0,47566,4,19.8,,
539260.0,47566,4,19.8,,
539261.0,22423,4,51.0,,
539262.0,85123A,2,5.1,,
539263.0,22383,2,3.3,,
539264.0,22720,6,29.7,,
539265.0,85099B,4,7.8,,
539266.0,POST,1,18.0,,
539267.0,21212,4,2.2,,
539268.0,85123A,4,10.2,,
539269.0,85123A,4,10.2,,
539270.0,84879,1,1.69,,
539271.0,47566,1,4.95,,
539272.0,21212,12,6.6,,
539273.0,85123A,6,15.3,,
539274.0,85123A,6,15.3,,
539275.0,21212,2,1.1,,
539276.0,85123A,1,2.55,,
539277.0,84879,4,6.76,,
102912.0,85099B,1,0.0,,
539279.0,POST,6,108.0,,
539280.0,22423,1,12.75,,
539281.0,22383,12,19.8,,
539282.0,85099B,1,1.95,,
539283.0,47566,6,29.7,,
539284.0,47566,4,19.8,,
539285.0,22423,2,25.5,,
539286.0,22383,24,39.6,,
539287.0,85099B,4,7.8,,
539288.0,22383,2,3.3,,
539289.0,21212,1,0.55,,
539290.0,47566,1,4.95,,
539291.0,22086,1,2.95,,
539292.0,POST,1,18.0,,
539293.0,84879,6,10.14,,
539294.0,85123A,6,15.3,,
539295.0,85123A,12,30.6,,
539296.0,22383,6,9.9,,
539297.0,22423,1,12.75,,
539298.0,22383,2,3.3,,
539299.0,85099B,6,11.7,,
539300.0,22423,12,153.0,,
539301.0,84879,1,1.69,,
539302.0,84879,2,3.38,,
539303.0,85123A,12,30.6,,
539304.0,85099B,12,23.4,,
539305.0,POST,1,18.0,,
539306.0,84879,1,1.69,,
539307.0,22423,1,12.75,,
539308.0,84879,24,40.56,,
539309.0,85123A,4,10.2,,
539310.0,22086,1,2.95,,
539311.0,85099B,2,3.9,,
539312.0,84879,4,6.76,,
539313.0,22086,1,2.95,,
539314.0,22086,1,2.95,,
539315.0,85123A,1,2.55,,
539316.0,22086,2,5.9,,
539317.0,85123A,2,5.1,,
539318.0,POST,24,432.0,,
539319.0,21212,6,3.3,,
539320.0,85123A,2,5.1,,
539321.0,22086,1,2.95,,
539322.0,47566,6,29.7,,
539323.0,85099B,1,1.95,,
539324.0,84879,1,1.69,,
539325.0,47566,4,19.8,,
539326.0,POST,4,72.0,,
539327.0,22720,2,9.9,,
539328.0,47566,12,59.4,,
539329.0,85123A,2,5.1,,
539330.0,22423,1,12.75,,
539331.0,POST,24,432.0,,
539332.0,22423,2,25.5,,
539333.0,47566,1,4.95,,
539334.0,21212,4,2.2,,
539335.0,84879,1,1.69,,
539336.0,85099B,4,7.8,,
539337.0,85123A,1,2.55,,
539338.0,22086,2,5.9,,
539339.0,22086,2,5.9,,
539340.0,84879,1,1.69,,
539341.0,85099B,2,3.9,,
539342.0,POST,4,72.0,,
539343.0,22383,2,3.3,,
539344.0,22086,2,5.9,,
539345.0,85099B,12,23.4,,
539346.0,22720,2,9.9,,
539347.0,22086,12,35.4,,
539348.0,21212,24,13.2,,
539349.0,22423,2,25.5,,
539350.0,85123A,6,15.3,,
539351.0,47566,1,4.95,,
539352.0,22086,1,2.95,,
539353.0,84879,6,10.14,,
539354.0,22086,4,11.8,,
539355.0,22383,1,1.65,,
539356.0,21212,1,0.55,,
539357.0,85123A,2,5.1,,
539358.0,22423,6,76.5,,
539359.0,85099B,4,7.8,,
539360.0,22086,1,2.95,,
539361.0,85099B,12,23.4,,
539362.0,22720,1,4.95,,
539363.0,22423,2,25.5,,
539364.0,47566,12,59.4,,
539365.0,22383,1,1.65,,
539366.0,21212,1,0.55,,
539367.0,22720,1,4.95,,
539368.0,22720,4,19.8,,
539369.0,85099B,1,1.95,,
539370.0,22383,12,19.8,,
539371.0,47566,12,59.4,,
539372.0,POST,1,18.0,,
539373.0,84879,6,10.14,,
539374.0,85099B,1,1.95,,
539375.0,85123A,6,15.3,,
539376.0,21212,12,6.6,,
539377.0,84879,2,3.38,,
539378.0,85099B,2,3.9,,
539379.0,22720,2,9.9,,
539380.0,22720,12,59.4,,
539381.0,47566,1,4.95,,
539382.0,84879,1,1.69,,
539383.0,22720,1,4.95,,
539384.0,22383,4,6.6,,
539385.0,POST,1,18.0,,
539386.0,21212,1,0.55,,
539387.0,84879,4,6.76,,
539388.0,22423,1,12.75,,
539389.0,21212,2,1.1,,
539390.0,84879,1,1.69,,
539391.0,22423,2,25.5,,
539392.0,22383,4,6.6,,
539393.0,22720,1,4.95,,
539394.0,21212,1,0.55,,
539395.0,85123A,1,2.55,,
539396.0,POST,2,36.0,,
539397.0,22423,24,306.0,,
539398.0,22423,1,12.75,,
539399.0,22720,1,4.95,,
539400.0,21212,2,1.1,,
539401.0,22086,2,5.9,,
539402.0,POST,2,36.0,,
539403.0,85099B,4,7.8,,
539404.0,POST,6,108.0,,
539405.0,22086,1,2.95,,
539406.0,POST,6,108.0,,
539407.0,22423,1,12.75,,
539408.0,22720,12,59.4,,
539409.0,POST,12,216.0,,
539410.0,22423,2,25.5,,
539411.0,22086,6,17.7,,
539412.0,22720,12,59.4,,
539413.0,47566,1,4.95,,
539414.0,22720,1,4.95,,
539415.0,POST,6,108.0,,
539416.0,21212,1,0.55,,
539417.0,21212,6,3.3,,
539418.0,85099B,12,23.4,,
539419.0,22423,2,25.5,,
539420.0,22086,2,5.9,,
539421.0,22423,1,12.75,,
539422.0,22383,12,19.8,,
539423.0,POST,2,36.0,,
539424.0,47566,2,9.9,,
539425.0,22086,1,2.95,,
539426.0,POST,1,18.0,,
539427.0,POST,2,36.0,,
539428.0,47566,2,9.9,,
539429.0,21212,12,6.6,,
539430.0,22720,1,4.95,,
539431.0,84879,1,1.69,,
539432.0,85123A,2,5.1,,
539433.0,22383,2,3.3,,
539434.0,21212,1,0.55,,
539435.0,22720,4,19.8,,
539436.0,84879,4,6.76,,
539437.0,22383,12,19.8,,
539438.0,21212,1,0.55,,
539439.0,85099B,4,7.8,,
539440.0,84879,4,6.76,,
539441.0,22086,12,35.4,,
539442.0,22086,2,5.9,,
539443.0,84879,1,1.69,,
539444.0,22720,4,19.8,,
539445.0,22383,1,1.65,,
103080.0,47566,1,0.0,,
539447.0,POST,1,18.0,,
539448.0,84879,1,1.69,,
539449.0,22423,1,12.75,,
539450.0,47566,2,9.9,,
539451.0,85099B,6,11.7,,
539452.0,22383,1,1.65,,
539453.0,84879,12,20.28,,
539454.0,84879,2,3.38,,
539455.0,22720,4,19.8,,
539456.0,84879,6,10.14,,
539457.0,22423,2,25.5,,
539458.0,21212,1,0.55,,
539459.0,84879,6,10.14,,
539460.0,47566,6,29.7,,
539461.0,22383,1,1.65,,
539462.0,84879,6,10.14,,
539463.0,85099B,4,7.8,,
539464.0,POST,1,18.0,,
539465.0,22383,6,9.9,,
539466.0,84879,6,10.14,,
539467.0,85099B,4,7.8,,
539468.0,47566,1,4.95,,
539469.0,85099B,4,7.8,,
539470.0,85123A,1,2.55,,
539471.0,22383,1,1.65,,
539472.0,85123A,4,10.2,,
539473.0,85099B,2,3.9,,
539474.0,22423,6,76.5,,
539475.0,22086,1,2.95,,
539476.0,84879,6,10.14,,
539477.0,22423,2,25.5,,
539478.0,POST,1,18.0,,
539479.0,22720,1,4.95,,
539480.0,85123A,6,15.3,,
539481.0,22423,6,76.5,,
539482.0,POST,6,108.0,,
539483.0,85099B,1,1.95,,
539484.0,22086,2,5.9,,
539485.0,22383,4,6.6,,
539486.0,21212,2,1.1,,
539487.0,POST,4,72.0,,
539488.0,22423,2,25.5,,
103123.0,22086,1,0.0,,
539490.0,85123A,1,2.55,,
539491.0,85123A,1,2.55,,
539492.0,21212,1,0.55,,
539493.0,22423,1,12.75,,
539494.0,85123A,6,15.3,,
539495.0,22423,1,12.75,,
539496.0,84879,4,6.76,,
539497.0,85123A,1,2.55,,
539498.0,22086,4,11.8,,
539499.0,85099B,2,3.9,,
539500.0,85099B,1,1.95,,
539501.0,85099B,2,3.9,,
539502.0,21212,2,1.1,,
539503.0,21212,6,3.3,,
539504.0,84879,2,3.38,,
539505.0,84879,1,1.69,,
539506.0,POST,6,108.0,,
539507.0,21212,1,0.55,,
539508.0,21212,1,0.55,,
539509.0,21212,12,6.6,,
539510.0,22086,1,2.95,,
539511.0,POST,6,108.0,,
539512.0,22383,1,1.65,,
539513.0,84879,1,1.69,,
539514.0,84879,6,10.14,,
539515.0,85099B,1,1.95,,
539516.0,85099B,1,1.95,,
539517.0,85123A,24,61.2,,
539518.0,22086,4,11.8,,
539519.0,22720,2,9.9,,
103154.0,21212,1,0.0,,
539521.0,85099B,4,7.8,,
539522.0,85123A,12,30.6,,
539523.0,POST,2,36.0,,
539524.0,22086,6,17.7,,
539525.0,85123A,1,2.55,,
539526.0,22423,4,51.0,,
539527.0,85123A,2,5.1,,
539528.0,22423,1,12.75,,
539529.0,22086,6,17.7,,
539530.0,22423,6,76.5,,
539531.0,47566,2,9.9,,
539532.0,21212,2,1.1,,
539533.0,47566,4,19.8,,
539534.0,21212,4,2.2,,
539535.0,84879,4,6.76,,
539536.0,22086,2,5.9,,
539537.0,22383,2,3.3,,
539538.0,22383,2,3.3,,
539539.0,85099B,6,11.7,,
539540.0,47566,6,29.7,,
539541.0,22086,1,2.95,,
539542.0,POST,1,18.0,,
539543.0,POST,1,18.0,,
539544.0,22423,6,76.5,,
539545.0,22383,2,3.3,,
539546.0,85099B,2,3.9,,
539547.0,84879,4,6.76,,
539548.0,85099B,1,1.95,,
539549.0,85123A,2,5.1,,
539550.0,47566,24,118.8,,
539551.0,47566,4,19.8,,
539552.0,POST,6,108.0,,
539553.0,POST,4,72.0,,
539554.0,85123A,6,15.3,,
539555.0,85123A,2,5.1,,
539556.0,22423,4,51.0,,
539557.0,22720,2,9.9,,
539558.0,84879,6,10.14,,
539559.0,84879,6,10.14,,
539560.0,22720,2,9.9,,
103195.0,85099B,1,0.0,,
539562.0,47566,1,4.95,,
539563.0,84879,2,3.38,,
539564.0,85123A,4,10.2,,
539565.0,22086,1,2.95,,
539566.0,47566,1,4.95,,
539567.0,22423,2,25.5,,
539568.0,22423,4,51.0,,
539569.0,85123A,2,5.1,,
539570.0,22423,4,51.0,,
539571.0,22720,12,59.4,,
539572.0,22423,4,51.0,,
539573.0,47566,2,9.9,,
539574.0,22086,2,5.9,,
539575.0,22720,2,9.9,,
539576.0,22423,1,12.75,,
539577.0,22720,2,9.9,,
539578.0,47566,1,4.95,,
539579.0,22086,2,5.9,,
539580.0,POST,4,72.0,,
539581.0,85099B,4,7.8,,
539582.0,47566,1,4.95,,
539583.0,84879,6,10.14,,
539584.0,47566,1,4.95,,
539585.0,22086,4,11.8,,
539586.0,22423,6,76.5,,
539587.0,85099B,4,7.8,,
539588.0,21212,2,1.1,,
539589.0,22423,1,12.75,,
539590.0,22720,6,29.7,,
539591.0,85123A,2,5.1,,
539592.0,POST,4,72.0,,
539593.0,84879,1,1.69,,
539594.0,22383,4,6.6,,
539595.0,47566,2,9.9,,
539596.0,84879,6,10.14,,
539597.0,22720,4,19.8,,
539598.0,22383,4,6.6,,
539599.0,22720,2,9.9,,
539600.0,47566,1,4.95,,
539601.0,22423,2,25.5,,
539602.0,21212,2,1.1,,
539603.0,22423,24,306.0,,
539604.0,22720,1,4.95,,
539605.0,85123A,2,5.1,,
539606.0,47566,1,4.95,,
539607.0,47566,4,19.8,,
539608.0,22423,2,25.5,,
539609.0,85099B,1,1.95,,
539610.0,85099B,2,3.9,,
539611.0,22086,12,35.4,,
539612.0,84879,6,10.14,,
103247.0,22086,1,0.0,,
539614.0,21212,6,3.3,,
539615.0,85123A,1,2.55,,
539616.0,POST,1,18.0,,
539617.0,85099B,2,3.9,,
539618.0,47566,4,19.8,,
539619.0,POST,1,18.0,,
539620.0,21212,6,3.3,,
539621.0,22086,4,11.8,,
539622.0,21212,1,0.55,,
539623.0,85099B,2,3.9,,
539624.0,85099B,2,3.9,,
539625.0,22383,2,3.3,,
539626.0,84879,1,1.69,,
539627.0,22423,1,12.75,,
539628.0,POST,1,18.0,,
539629.0,47566,2,9.9,,
539630.0,47566,6,29.7,,
539631.0,POST,1,18.0,,
539632.0,22086,12,35.4,,
539633.0,21212,1,0.55,,
539634.0,22423,4,51.0,,
539635.0,84879,1,1.69,,
539636.0,21212,1,0.55,,
539637.0,22423,4,51.0,,
539638.0,85123A,2,5.1,,
103273.0,22383,1,0.0,,
539640.0,22423,2,25.5,,
539641.0,22423,2,25.5,,
539642.0,22086,6,17.7,,
539643.0,84879,1,1.69,,
539644.0,84879,1,1.69,,
539645.0,22720,2,9.9,,
103280.0,22383,1,0.0,,
539647.0,85099B,2,3.9,,
539648.0,22383,4,6.6,,
539649.0,22720,6,29.7,,
539650.0,84879,6,10.14,,
539651.0,22086,4,11.8,,
539652.0,22720,2,9.9,,
539653.0,85123A,4,10.2,,
539654.0,22423,1,12.75,,
539655.0,22086,1,2.95,,
539656.0,22086,4,11.8,,
539657.0,85099B,1,1.95,,
539658.0,85099B,1,1.95,,
539659.0,22423,1,12.75,,
539660.0,22720,4,19.8,,
539661.0,47566,1,4.95,,
539662.0,22086,4,11.8,,
539663.0,85099B,6,11.7,,
539664.0,85099B,2,3.9,,
539665.0,22086,1,2.95,,
539666.0,21212,1,0.55,,
539667.0,POST,6,108.0,,
539668.0,85099B,1,1.95,,
103303.0,22720,1,0.0,,
539670.0,85099B,12,23.4,,
103305.0,22383,1,0.0,,
539672.0,22383,1,1.65,,
539673.0,21212,2,1.1,,
539674.0,84879,4,6.76,,
539675.0,22383,6,9.9,,
539676.0,85099B,1,1.95,,
539677.0,22086,2,5.9,,
539678.0,22086,2,5.9,,
539679.0,21212,6,3.3,,
539680.0,22086,4,11.8,,
539681.0,22720,1,4.95,,
539682.0,22086,4,11.8,,
539683.0,47566,2,9.9,,
539684.0,85099B,6,11.7,,
539685.0,85099B,4,7.8,,
539686.0,47566,4,19.8,,
539687.0,85123A,1,2.55,,
539688.0,47566,12,59.4,,
539689.0,22720,2,9.9,,
539690.0,84879,2,3.38,,
539691.0,22423,4,51.0,,
539692.0,22720,1,4.95,,
539693.0,22086,4,11.8,,
539694.0,POST,6,108.0,,
539695.0,47566,2,9.9,,
539696.0,85123A,1,2.55,,
539697.0,85099B,12,23.4,,
539698.0,85123A,2,5.1,,
539699.0,21212,6,3.3,,
539700.0,47566,2,9.9,,
539701.0,22086,1,2.95,,
539702.0,85099B,6,11.7,,
539703.0,22720,1,4.95,,
539704.0,POST,1,18.0,,
539705.0,21212,1,0.55,,
539706.0,85123A,6,15.3,,
539707.0,22086,4,11.8,,
539708.0,84879,4,6.76,,
539709.0,85123A,1,2.55,,
539710.0,22086,1,2.95,,
539711.0,85123A,1,2.55,,
539712.0,21212,1,0.55,,
539713.0,22086,6,17.7,,
539714.0,21212,6,3.3,,
539715.0,POST,2,36.0,,
539716.0,21212,6,3.3,,
539717.0,22423,1,12.75,,
539718.0,22383,2,3.3,,
539719.0,POST,1,18.0,,
539720.0,22086,1,2.95,,
539721.0,POST,1,18.0,,
539722.0,85099B,2,3.9,,
539723.0,85123A,4,10.2,,
539724.0,22086,4,11.8,,
539725.0,22086,1,2.95,,
539726.0,22720,1,4.95,,
539727.0,22423,6,76.5,,
539728.0,85123A,2,5.1,,
539729.0,47566,1,4.95,,
539730.0,22720,1,4.95,,
539731.0,85123A,1,2.55,,
539732.0,47566,1,4.95,,
539733.0,22720,2,9.9,,
539734.0,21212,1,0.55,,
539735.0,85099B,6,11.7,,
539736.0,21212,4,2.2,,
539737.0,47566,1,4.95,,
539738.0,22423,2,25.5,,
539739.0,21212,6,3.3,,
539740.0,85123A,6,15.3,,
539741.0,22423,4,51.0,,
539742.0,85123A,1,2.55,,
539743.0,85123A,2,5.1,,
539744.0,22720,2,9.9,,
539745.0,22086,1,2.95,,
539746.0,22720,1,4.95,,
103381.0,47566,1,0.0,,
539748.0,84879,2,3.38,,
539749.0,22086,1,2.95,,
539750.0,47566,2,9.9,,
539751.0,22383,1,1.65,,
539752.0,22086,4,11.8,,
539753.0,85123A,2,5.1,,
539754.0,POST,1,18.0,,
539755.0,21212,4,2.2,,
539756.0,85099B,6,11.7,,
539757.0,21212,1,0.55,,
103392.0,22086,1,0.0,,
539759.0,22423,1,12.75,,
539760.0,22423,4,51.0,,
539761.0,22423,2,25.5,,
539762.0,84879,1,1.69,,
539763.0,47566,1,4.95,,
539764.0,47566,2,9.9,,
539765.0,85099B,2,3.9,,
539766.0,22423,12,153.0,,
539767.0,POST,2,36.0,,
539768.0,22383,2,3.3,,
539769.0,22383,6,9.9,,
539770.0,85099B,6,11.7,,
539771.0,85099B,1,1.95,,
539772.0,22383,6,9.9,,
539773.0,POST,1,18.0,,
539774.0,22383,2,3.3,,
539775.0,85099B,6,11.7,,
539776.0,22086,2,5.9,,
539777.0,85099B,4,7.8,,
539778.0,85099B,6,11.7,,
539779.0,47566,1,4.95,,
539780.0,POST,1,18.0,,
539781.0,POST,1,18.0,,
539782.0,47566,6,29.7,,
539783.0,POST,1,18.0,,
539784.0,22720,2,9.9,,
539785.0,84879,6,10.14,,
539786.0,85099B,12,23.4,,
539787.0,22423,12,153.0,,
539788.0,47566,6,29.7,,
539789.0,85123A,1,2.55,,
539790.0,22720,2,9.9,,
539791.0,47566,2,9.9,,
539792.0,22720,24,118.8,,
539793.0,22720,2,9.9,,
539794.0,84879,4,6.76,,
103429.0,85123A,1,0.0,,
539796.0,22720,1,4.95,,
539797.0,84879,1,1.69,,
539798.0,22720,4,19.8,,
539799.0,21212,2,1.1,,
539800.0,22086,4,11.8,,
539801.0,21212,1,0.55,,
539802.0,84879,4,6.76,,
539803.0,47566,2,9.9,,
539804.0,22423,1,12.75,,
539805.0,22423,4,51.0,,
539806.0,85123A,1,2.55,,
539807.0,84879,4,6.76,,
539808.0,84879,1,1.69,,
539809.0,22086,4,11.8,,
539810.0,85123A,4,10.2,,
539811.0,22720,4,19.8,,
539812.0,22423,2,25.5,,
539813.0,22383,12,19.8,,
539814.0,84879,2,3.38,,
539815.0,21212,12,6.6,,
539816.0,85123A,1,2.55,,
103451.0,22423,1,0.0,,
539818.0,21212,6,3.3,,
539819.0,85099B,2,3.9,,
539820.0,47566,2,9.9,,
539821.0,22423,2,25.5,,
539822.0,21212,1,0.55,,
539823.0,85123A,1,2.55,,
103458.0,85099B,1,0.0,,
539825.0,84879,1,1.69,,
103460.0,22423,1,0.0,,
539827.0,22383,4,6.6,,
539828.0,POST,2,36.0,,
539829.0,22383,2,3.3,,
539830.0,21212,4,2.2,,
539831.0,47566,2,9.9,,
539832.0,22423,2,25.5,,
539833.0,POST,1,18.0,,
539834.0,22720,1,4.95,,
539835.0,22383,4,6.6,,
539836.0,22720,1,4.95,,
539837.0,22086,1,2.95,,
539838.0,47566,24,118.8,,
539839.0,POST,4,72.0,,
539840.0,POST,12,216.0,,
539841.0,21212,4,2.2,,
539842.0,22086,2,5.9,,
539843.0,21212,1,0.55,,
539844.0,85099B,4,7.8,,
539845.0,21212,4,2.2,,
539846.0,47566,4,19.8,,
539847.0,47566,1,4.95,,
539848.0,21212,4,2.2,,
539849.0,21212,2,1.1,,
539850.0,85099B,1,1.95,,
539851.0,21212,24,13.2,,
539852.0,POST,2,36.0,,
539853.0,22086,24,70.8,,
539854.0,22423,6,76.5,,
539855.0,22423,4,51.0,,
539856.0,22423,2,25.5,,
539857.0,22423,4,51.0,,
539858.0,84879,4,6.76,,
539859.0,22423,12,153.0,,
539860.0,47566,1,4.95,,
539861.0,84879,4,6.76,,
539862.0,84879,2,3.38,,
539863.0,47566,1,4.95,,
539864.0,22086,1,2.95,,
539865.0,47566,2,9.9,,
539866.0,21212,12,6.6,,
539867.0,21212,6,3.3,,
539868.0,85099B,1,1.95,,
539869.0,21212,6,3.3,,
539870.0,22383,12,19.8,,
539871.0,84879,2,3.38,,
539872.0,22383,12,19.8,,
539873.0,22383,2,3.3,,
539874.0,22086,1,2.95,,
539875.0,22383,1,1.65,,
539876.0,85099B,1,1.95,,
539877.0,84879,1,1.69,,
539878.0,POST,2,36.0,,
539879.0,22423,2,25.5,,
539880.0,22086,6,17.7,,
539881.0,21212,1,0.55,,
539882.0,84879,1,1.69,,
539883.0,POST,2,36.0,,
539884.0,84879,1,1.69,,
539885.0,22423,2,25.5,,
539886.0,85123A,2,5.1,,
539887.0,POST,12,216.0,,
539888.0,22423,2,25.5,,
539889.0,84879,6,10.14,,
539890.0,85123A,1,2.55,,
539891.0,22423,2,25.5,,
539892.0,84879,2,3.38,,
539893.0,22423,12,153.0,,
539894.0,22086,2,5.9,,
539895.0,85099B,1,1.95,,
539896.0,21212,6,3.3,,
103531.0,85123A,1,0.0,,
539898.0,85123A,6,15.3,,
539899.0,21212,1,0.55,,
539900.0,22423,12,153.0,,
539901.0,85099B,1,1.95,,
539902.0,84879,4,6.76,,
539903.0,POST,6,108.0,,
539904.0,84879,6,10.14,,
539905.0,22086,12,35.4,,
539906.0,47566,4,19.8,,
539907.0,22086,2,5.9,,
539908.0,84879,1,1.69,,
539909.0,22086,2,5.9,,
539910.0,22720,2,9.9,,
539911.0,POST,6,108.0,,
539912.0,85123A,6,15.3,,
539913.0,POST,2,36.0,,
539914.0,21212,12,6.6,,
539915.0,47566,1,4.95,,
539916.0,POST,2,36.0,,
539917.0,85123A,2,5.1,,
539918.0,22720,12,59.4,,
539919.0,22423,1,12.75,,
539920.0,85123A,2,5.1,,
539921.0,22383,1,1.65,,
539922.0,22086,1,2.95,,
539923.0,21212,6,3.3,,
539924.0,22086,1,2.95,,
539925.0,22383,6,9.9,,
539926.0,47566,2,9.9,,
539927.0,POST,12,216.0,,
539928.0,21212,1,0.55,,
539929.0,85123A,2,5.1,,
539930.0,POST,1,18.0,,
539931.0,22720,1,4.95,,
539932.0,POST,1,18.0,,
539933.0,22383,1,1.65,,
539934.0,POST,1,18.0,,
539935.0,22383,6,9.9,,
539936.0,47566,6,29.7,,
539937.0,47566,6,29.7,,
539938.0,84879,1,1.69,,
539939.0,21212,12,6.6,,
539940.0,22720,1,4.95,,
539941.0,85123A,1,2.55,,
539942.0,85099B,2,3.9,,
539943.0,22720,1,4.95,,
539944.0,85123A,2,5.1,,
539945.0,22383,2,3.3,,
103580.0,84879,1,0.0,,
539947.0,85123A,1,2.55,,
539948.0,22423,24,306.0,,
539949.0,47566,2,9.9,,
539950.0,POST,1,18.0,,
539951.0,22383,24,39.6,,
539952.0,85123A,2,5.1,,
539953.0,85099B,6,11.7,,
539954.0,21212,4,2.2,,
539955.0,22720,1,4.95,,
539956.0,22086,1,2.95,,
539957.0,84879,4,6.76,,
539958.0,84879,4,6.76,,
539959.0,47566,6,29.7,,
539960.0,22720,2,9.9,,
539961.0,47566,6,29.7,,
539962.0,22086,4,11.8,,
539963.0,47566,4,19.8,,
539964.0,21212,6,3.3,,
539965.0,85123A,2,5.1,,
539966.0,22383,6,9.9,,
103601.0,47566,1,0.0,,
539968.0,POST,2,36.0,,
539969.0,84879,1,1.69,,
539970.0,47566,1,4.95,,
539971.0,85123A,6,15.3,,
539972.0,85099B,2,3.9,,
539973.0,85123A,2,5.1,,
539974.0,POST,1,18.0,,
539975.0,85099B,12,23.4,,
539976.0,22720,1,4.95,,
539977.0,85123A,4,10.2,,
539978.0,22720,4,19.8,,
539979.0,22423,1,12.75,,
539980.0,47566,1,4.95,,
539981.0,22086,4,11.8,,
539982.0,47566,6,29.7,,
539983.0,22086,1,2.95,,
539984.0,22720,1,4.95,,
539985.0,POST,1,18.0,,
539986.0,84879,1,1.69,,
539987.0,85123A,2,5.1,,
539988.0,22086,1,2.95,,
539989.0,POST,1,18.0,,
103624.0,84879,1,0.0,,
539991.0,22086,2,5.9,,
539992.0,85123A,1,2.55,,
539993.0,84879,2,3.38,,
539994.0,85123A,1,2.55,,
539995.0,22383,4,6.6,,
539996.0,22383,2,3.3,,
539997.0,84879,2,3.38,,
539998.0,POST,1,18.0,,
539999.0,85123A,2,5.1,,
540000.0,22720,2,9.9,,
540001.0,22720,1,4.95,,
540002.0,22383,1,1.65,,
540003.0,21212,4,2.2,,
540004.0,22423,12,153.0,,
540005.0,85099B,1,1.95,,
540006.0,85123A,6,15.3,,
540007.0,22720,1,4.95,,
540008.0,22086,2,5.9,,
540009.0,85123A,1,2.55,,
540010.0,POST,2,36.0,,
540011.0,22086,1,2.95,,
540012.0,47566,6,29.7,,
540013.0,85123A,6,15.3,,
540014.0,22423,1,12.75,,
540015.0,22086,1,2.95,,
540016.0,22086,1,2.95,,
540017.0,21212,6,3.3,,
540018.0,21212,1,0.55,,
540019.0,POST,6,108.0,,
540020.0,47566,2,9.9,,
540021.0,21212,2,1.1,,
103656.0,22423,1,0.0,,
540023.0,47566,1,4.95,,
540024.0,22423,1,12.75,,
540025.0,84879,1,1.69,,
540026.0,22720,1,4.95,,
540027.0,POST,1,18.0,,
540028.0,22720,6,29.7,,
540029.0,22720,2,9.9,,
540030.0,POST,6,108.0,,
540031.0,22423,1,12.75,,
540032.0,22720,1,4.95,,
540033.0,47566,2,9.9,,
103668.0,21212,1,0.0,,
540035.0,22423,4,51.0,,
540036.0,22720,1,4.95,,
540037.0,POST,1,18.0,,
540038.0,21212,1,0.55,,
540039.0,47566,6,29.7,,
540040.0,84879,1,1.69,,
540041.0,22383,1,1.65,,
540042.0,84879,2,3.38,,
540043.0,84879,2,3.38,,
540044.0,POST,2,36.0,,
540045.0,22086,6,17.7,,
540046.0,22423,12,153.0,,
540047.0,22720,24,118.8,,
540048.0,22720,2,9.9,,
540049.0,POST,1,18.0,,
540050.0,22423,1,12.75,,
540051.0,21212,6,3.3,,
540052.0,POST,6,108.0,,
540053.0,22383,2,3.3,,
540054.0,22086,6,17.7,,
540055.0,22720,4,19.8,,
540056.0,22720,1,4.95,,
540057.0,47566,6,29.7,,
540058.0,22086,1,2.95,,
540059.0,47566,24,118.8,,
540060.0,47566,12,59.4,,
540061.0,22086,1,2.95,,
540062.0,22086,6,17.7,,
103697.0,POST,1,0.0,,
540064.0,22086,6,17.7,,
540065.0,22086,4,11.8,,
540066.0,21212,6,3.3,,
540067.0,22423,2,25.5,,
540068.0,22383,2,3.3,,
540069.0,22720,2,9.9,,
103704.0,85099B,1,0.0,,
540071.0,85123A,4,10.2,,
540072.0,21212,2,1.1,,
540073.0,22383,1,1.65,,
540074.0,85123A,1,2.55,,
540075.0,22086,6,17.7,,
540076.0,85099B,1,1.95,,
540077.0,21212,1,0.55,,
540078.0,22086,12,35.4,,
540079.0,85123A,2,5.1,,
540080.0,85099B,1,1.95,,
103715.0,22086,1,0.0,,
540082.0,22383,12,19.8,,
540083.0,22383,1,1.65,,
540084.0,85123A,1,2.55,,
540085.0,84879,2,3.38,,
540086.0,84879,2,3.38,,
540087.0,22720,4,19.8,,
540088.0,85099B,4,7.8,,
540089.0,22383,4,6.6,,
540090.0,84879,2,3.38,,
540091.0,22720,4,19.8,,
540092.0,22383,1,1.65,,
540093.0,47566,12,59.4,,
540094.0,84879,1,1.69,,
540095.0,22423,1,12.75,,
103730.0,22423,1,0.0,,
540097.0,85099B,6,11.7,,
540098.0,22423,2,25.5,,
540099.0,POST,1,18.0,,
540100.0,22383,6,9.9,,
540101.0,21212,1,0.55,,
540102.0,POST,1,18.0,,
540103.0,47566,1,4.95,,
103738.0,22423,1,0.0,,
540105.0,22423,6,76.5,,
540106.0,POST,1,18.0,,
540107.0,47566,1,4.95,,
540108.0,POST,1,18.0,,
540109.0,85099B,1,1.95,,
540110.0,22423,1,12.75,,
540111.0,POST,2,36.0,,
540112.0,85123A,1,2.55,,
540113.0,22423,4,51.0,,
540114.0,22086,2,5.9,,
540115.0,84879,2,3.38,,
540116.0,85099B,1,1.95,,
540117.0,22720,1,4.95,,
540118.0,22720,2,9.9,,
540119.0,22720,2,9.9,,
540120.0,22086,2,5.9,,
540121.0,21212,1,0.55,,
540122.0,21212,4,2.2,,
540123.0,22423,1,12.75,,
540124.0,85123A,4,10.2,,
540125.0,84879,2,3.38,,
540126.0,22383,4,6.6,,
540127.0,POST,12,216.0,,
540128.0,22383,2,3.3,,
540129.0,POST,6,108.0,,
540130.0,22423,6,76.5,,
540131.0,22720,1,4.95,,
103766.0,22086,1,0.0,,
540133.0,84879,1,1.69,,
540134.0,47566,1,4.95,,
103769.0,47566,1,0.0,,
540136.0,22086,1,2.95,,
540137.0,85099B,2,3.9,,
540138.0,22720,6,29.7,,
540139.0,84879,6,10.14,,
540140.0,47566,6,29.7,,
540141.0,22423,4,51.0,,
540142.0,85123A,6,15.3,,
540143.0,22086,24,70.8,,
540144.0,47566,1,4.95,,
540145.0,21212,2,1.1,,
540146.0,47566,6,29.7,,
540147.0,22720,1,4.95,,
540148.0,22423,12,153.0,,
540149.0,85099B,1,1.95,,
540150.0,22423,1,12.75,,
540151.0,22383,6,9.9,,
540152.0,22086,1,2.95,,
540153.0,POST,2,36.0,,
540154.0,22720,4,19.8,,
540155.0,84879,1,1.69,,
540156.0,22423,6,76.5,,
540157.0,21212,1,0.55,,
540158.0,22086,4,11.8,,
540159.0,22086,2,5.9,,
540160.0,47566,4,19.8,,
540161.0,21212,1,0.55,,
540162.0,85123A,6,15.3,,
540163.0,22086,2,5.9,,
540164.0,47566,1,4.95,,
540165.0,22720,2,9.9,,
540166.0,22383,1,1.65,,
540167.0,21212,6,3.3,,
540168.0,85099B,12,23.4,,
540169.0,84879,1,1.69,,
540170.0,84879,2,3.38,,
540171.0,85099B,1,1.95,,
540172.0,POST,2,36.0,,
540173.0,84879,2,3.38,,
540174.0,84879,1,1.69,,
540175.0,84879,1,1.69,,
540176.0,85123A,1,2.55,,
540177.0,22423,1,12.75,,
540178.0,21212,2,1.1,,
103813.0,84879,1,0.0,,
540180.0,22383,2,3.3,,
540181.0,85099B,1,1.95,,
540182.0,POST,2,36.0,,
540183.0,85099B,1,1.95,,
540184.0,22383,2,3.3,,
540185.0,85123A,6,15.3,,
540186.0,22720,2,9.9,,
540187.0,POST,2,36.0,,
540188.0,22423,1,12.75,,
540189.0,22423,2,25.5,,
540190.0,22720,2,9.9,,
540191.0,22383,24,39.6,,
540192.0,85099B,2,3.9,,
540193.0,85123A,4,10.2,,
540194.0,22383,6,9.9,,
540195.0,POST,6,108.0,,
540196.0,22423,12,153.0,,
540197.0,22383,6,9.9,,
540198.0,22086,1,2.95,,
540199.0,85099B,4,7.8,,
540200.0,POST,4,72.0,,
540201.0,85123A,6,15.3,,
540202.0,21212,1,0.55,,
540203.0,85123A,4,10.2,,
540204.0,22720,6,29.7,,
540205.0,85099B,2,3.9,,
540206.0,47566,1,4.95,,
540207.0,84879,1,1.69,,
540208.0,POST,2,36.0,,
540209.0,21212,2,1.1,,
540210.0,85099B,1,1.95,,
540211.0,22086,6,17.7,,
540212.0,22423,1,12.75,,
540213.0,85123A,6,15.3,,
540214.0,85099B,1,1.95,,
540215.0,85099B,1,1.95,,
540216.0,84879,2,3.38,,
540217.0,22086,1,2.95,,
540218.0,85099B,6,11.7,,
540219.0,84879,4,6.76,,
540220.0,84879,12,20.28,,
103855.0,POST,1,0.0,,
540222.0,85123A,1,2.55,,
540223.0,22383,2,3.3,,
540224.0,47566,2,9.9,,
540225.0,22383,2,3.3,,
540226.0,47566,2,9.9,,
540227.0,84879,1,1.69,,
540228.0,22423,2,25.5,,
540229.0,21212,2,1.1,,
540230.0,22086,1,2.95,,
540231.0,85123A,1,2.55,,
540232.0,22086,1,2.95,,
103867.0,22086,1,0.0,,
540234.0,21212,2,1.1,,
540235.0,22423,6,76.5,,
540236.0,22720,12,59.4,,
540237.0,85123A,1,2.55,,
540238.0,47566,1,4.95,,
540239.0,84879,1,1.69,,
540240.0,22423,2,25.5,,
540241.0,84879,6,10.14,,
540242.0,22423,6,76.5,,
540243.0,47566,6,29.7,,
540244.0,85099B,2,3.9,,
540245.0,22383,2,3.3,,
540246.0,85099B,1,1.95,,
540247.0,21212,12,6.6,,
540248.0,21212,1,0.55,,
540249.0,22720,12,59.4,,
540250.0,22086,2,5.9,,
540251.0,22423,2,25.5,,
540252.0,22383,2,3.3,,
540253.0,POST,6,108.0,,
540254.0,84879,2,3.38,,
540255.0,22086,4,11.8,,
540256.0,22423,12,153.0,,
540257.0,22423,12,153.0,,
103892.0,85099B,1,0.0,,
103893.0,22423,1,0.0,,
540260.0,22383,4,6.6,,
540261.0,21212,2,1.1,,
540262.0,47566,2,9.9,,
540263.0,84879,1,1.69,,
540264.0,85099B,1,1.95,,
540265.0,22383,4,6.6,,
540266.0,21212,12,6.6,,
540267.0,21212,2,1.1,,
540268.0,22720,4,19.8,,
540269.0,22720,2,9.9,,
540270.0,22383,2,3.3,,
540271.0,85099B,4,7.8,,
540272.0,47566,2,9.9,,
540273.0,22423,1,12.75,,
540274.0,POST,12,216.0,,
540275.0,22086,6,17.7,,
540276.0,84879,2,3.38,,
540277.0,22086,6,17.7,,
540278.0,22086,2,5.9,,
540279.0,84879,2,3.38,,
540280.0,47566,1,4.95,,
540281.0,22383,4,6.6,,
540282.0,22720,2,9.9,,
540283.0,21212,1,0.55,,
540284.0,21212,1,0.55,,
540285.0,POST,6,108.0,,
540286.0,22720,4,19.8,,
540287.0,POST,1,18.0,,
540288.0,85099B,1,1.95,,
540289.0,85123A,6,15.3,,
540290.0,22423,4,51.0,,
540291.0,22383,2,3.3,,
540292.0,POST,2,36.0,,
540293.0,84879,1,1.69,,
540294.0,47566,1,4.95,,
540295.0,47566,24,118.8,,
540296.0,22423,1,12.75,,
540297.0,85099B,2,3.9,,
540298.0,84879,1,1.69,,
540299.0,85123A,4,10.2,,
540300.0,85099B,1,1.95,,
540301.0,POST,12,216.0,,
540302.0,85123A,4,10.2,,
540303.0,22086,1,2.95,,
540304.0,22720,2,9.9,,
540305.0,22383,1,1.65,,
540306.0,47566,1,4.95,,
540307.0,22423,1,12.75,,
540308.0,84879,6,10.14,,
540309.0,85123A,1,2.55,,
540310.0,85123A,4,10.2,,
540311.0,22086,2,5.9,,
540312.0,22383,12,19.8,,
540313.0,85123A,1,2.55,,
540314.0,22423,4,51.0,,
540315.0,85123A,1,2.55,,
540316.0,85099B,1,1.95,,
540317.0,84879,6,10.14,,
103952.0,POST,1,0.0,,
540319.0,85099B,4,7.8,,
540320.0,22383,1,1.65,,
540321.0,22086,2,5.9,,
540322.0,21212,4,2.2,,
540323.0,85099B,6,11.7,,
540324.0,85123A,2,5.1,,
540325.0,22423,4,51.0,,
540326.0,22423,2,25.5,,
540327.0,22720,1,4.95,,
540328.0,84879,4,6.76,,
540329.0,22383,2,3.3,,
540330.0,47566,1,4.95,,
540331.0,22086,24,70.8,,
540332.0,POST,1,18.0,,
540333.0,47566,4,19.8,,
540334.0,21212,2,1.1,,
540335.0,84879,1,1.69,,
540336.0,22086,1,2.95,,
540337.0,84879,6,10.14,,
540338.0,POST,4,72.0,,
540339.0,22383,24,39.6,,
540340.0,22383,2,3.3,,
103975.0,85099B,1,0.0,,
540342.0,21212,1,0.55,,
540343.0,85099B,12,23.4,,
540344.0,21212,4,2.2,,
540345.0,84879,12,20.28,,
540346.0,21212,6,3.3,,
540347.0,21212,1,0.55,,
540348.0,85123A,2,5.1,,
540349.0,POST,6,108.0,,
540350.0,85099B,2,3.9,,
540351.0,22086,2,5.9,,
540352.0,85123A,12,30.6,,
540353.0,22086,6,17.7,,
540354.0,POST,1,18.0,,
540355.0,22383,4,6.6,,
540356.0,22383,2,3.3,,
540357.0,85123A,1,2.55,,
540358.0,84879,6,10.14,,
540359.0,22383,2,3.3,,
540360.0,47566,12,59.4,,
540361.0,22720,4,19.8,,
540362.0,POST,4,72.0,,
540363.0,47566,4,19.8,,
540364.0,85099B,4,7.8,,
540365.0,22383,2,3.3,,
540366.0,22423,6,76.5,,
540367.0,22383,2,3.3,,
540368.0,84879,6,10.14,,
540369.0,22383,2,3.3,,
540370.0,21212,1,0.55,,
540371.0,22383,4,6.6,,
540372.0,85099B,6,11.7,,
540373.0,22423,12,153.0,,
540374.0,85123A,1,2.55,,
540375.0,POST,2,36.0,,
540376.0,47566,4,19.8,,
540377.0,22423,1,12.75,,
540378.0,22086,1,2.95,,
540379.0,22383,6,9.9,,
540380.0,22086,4,11.8,,
540381.0,84879,2,3.38,,
540382.0,84879,1,1.69,,
540383.0,22383,6,9.9,,
540384.0,85123A,1,2.55,,
540385.0,85123A,2,5.1,,
540386.0,47566,1,4.95,,
540387.0,47566,1,4.95,,
540388.0,22086,6,17.7,,
540389.0,47566,4,19.8,,
540390.0,21212,6,3.3,,
540391.0,21212,6,3.3,,
540392.0,22383,1,1.65,,
540393.0,22423,2,25.5,,
540394.0,85099B,1,1.95,,
540395.0,22086,1,2.95,,
540396.0,22720,6,29.7,,
540397.0,22423,4,51.0,,
540398.0,POST,1,18.0,,
540399.0,21212,1,0.55,,
540400.0,22423,2,25.5,,
540401.0,84879,4,6.76,,
540402.0,21212,2,1.1,,
540403.0,22086,4,11.8,,
540404.0,22720,1,4.95,,
540405.0,47566,1,4.95,,
540406.0,22086,1,2.95,,
540407.0,POST,2,36.0,,
540408.0,22423,4,51.0,,
540409.0,21212,2,1.1,,
540410.0,22383,2,3.3,,
540411.0,POST,1,18.0,,
540412.0,85123A,1,2.55,,
540413.0,85123A,12,30.6,,
540414.0,21212,2,1.1,,
540415.0,22720,2,9.9,,
540416.0,85123A,4,10.2,,
540417.0,84879,2,3.38,,
540418.0,47566,6,29.7,,
540419.0,22423,1,12.75,,
540420.0,21212,1,0.55,,
540421.0,47566,2,9.9,,
540422.0,47566,1,4.95,,
540423.0,22720,6,29.7,,
540424.0,22383,6,9.9,,
540425.0,22720,1,4.95,,
540426.0,84879,12,20.28,,
540427.0,84879,2,3.38,,
540428.0,22720,1,4.95,,
540429.0,85123A,12,30.6,,
540430.0,85099B,6,11.7,,
540431.0,47566,6,29.7,,
540432.0,85123A,4,10.2,,
540433.0,22423,2,25.5,,
540434.0,85099B,1,1.95,,
104069.0,85123A,1,0.0,,
540436.0,85099B,6,11.7,,
540437.0,84879,2,3.38,,
540438.0,21212,2,1.1,,
540439.0,22423,6,76.5,,
540440.0,22383,4,6.6,,
540441.0,22720,4,19.8,,
540442.0,84879,4,6.76,,
540443.0,47566,2,9.9,,
540444.0,POST,1,18.0,,
540445.0,85099B,12,23.4,,
540446.0,21212,4,2.2,,
540447.0,22383,4,6.6,,
540448.0,85099B,12,23.4,,
540449.0,POST,2,36.0,,
540450.0,85099B,4,7.8,,
540451.0,22423,1,12.75,,
540452.0,84879,12,20.28,,
540453.0,22720,2,9.9,,
540454.0,85099B,12,23.4,,
540455.0,85123A,2,5.1,,
540456.0,85123A,1,2.55,,
104091.0,22423,1,0.0,,
540458.0,85123A,2,5.1,,
540459.0,POST,2,36.0,,
540460.0,22086,2,5.9,,
540461.0,21212,1,0.55,,
540462.0,22086,6,17.7,,
540463.0,22423,6,76.5,,
540464.0,22383,1,1.65,,
540465.0,21212,2,1.1,,
540466.0,21212,1,0.55,,
540467.0,22720,2,9.9,,
540468.0,85123A,2,5.1,,
540469.0,22086,1,2.95,,
540470.0,POST,2,36.0,,
540471.0,22383,2,3.3,,
540472.0,84879,1,1.69,,
540473.0,21212,6,3.3,,
540474.0,84879,6,10.14,,
540475.0,22086,6,17.7,,
540476.0,47566,12,59.4,,
540477.0,85099B,1,1.95,,
540478.0,47566,2,9.9,,
540479.0,POST,1,18.0,,
540480.0,POST,1,18.0,,
540481.0,85099B,2,3.9,,
540482.0,22383,1,1.65,,
540483.0,85123A,1,2.55,,
540484.0,21212,2,1.1,,
540485.0,22383,6,9.9,,
540486.0,22383,2,3.3,,
540487.0,21212,24,13.2,,
540488.0,22720,6,29.7,,
540489.0,85123A,2,5.1,,
540490.0,85123A,6,15.3,,
540491.0,84879,2,3.38,,
540492.0,22086,1,2.95,,
540493.0,85099B,6,11.7,,
540494.0,22383,1,1.65,,
540495.0,POST,4,72.0,,
540496.0,21212,4,2.2,,
540497.0,85123A,2,5.1,,
540498.0,POST,24,432.0,,
540499.0,84879,2,3.38,,
540500.0,POST,2,36.0,,
540501.0,85123A,1,2.55,,
540502.0,84879,12,20.28,,
104137.0,22383,1,0.0,,
540504.0,22086,6,17.7,,
540505.0,84879,1,1.69,,
540506.0,85099B,2,3.9,,
540507.0,22383,1,1.65,,
540508.0,47566,1,4.95,,
540509.0,POST,1,18.0,,
540510.0,84879,2,3.38,,
540511.0,22383,2,3.3,,
540512.0,47566,12,59.4,,
540513.0,22383,2,3.3,,
540514.0,85123A,2,5.1,,
540515.0,22086,4,11.8,,
540516.0,22720,6,29.7,,
540517.0,84879,4,6.76,,
540518.0,84879,1,1.69,,
540519.0,22720,6,29.7,,
540520.0,21212,4,2.2,,
540521.0,22086,1,2.95,,
540522.0,22086,2,5.9,,
540523.0,85099B,1,1.95,,
540524.0,22086,2,5.9,,
540525.0,85123A,4,10.2,,
540526.0,84879,1,1.69,,
540527.0,22720,1,4.95,,
540528.0,22720,1,4.95,,
540529.0,85099B,1,1.95,,
540530.0,85123A,1,2.55,,
540531.0,21212,2,1.1,,
540532.0,84879,4,6.76,,
540533.0,85099B,1,1.95,,
540534.0,21212,1,0.55,,
540535.0,85123A,1,2.55,,
540536.0,47566,1,4.95,,
540537.0,22720,1,4.95,,
540538.0,22720,1,4.95,,
540539.0,22423,2,25.5,,
540540.0,84879,1,1.69,,
540541.0,22383,4,6.6,,
540542.0,22086,1,2.95,,
540543.0,22423,4,51.0,,
540544.0,22720,1,4.95,,
540545.0,85099B,1,1.95,,
540546.0,85123A,12,30.6,,
540547.0,22086,1,2.95,,
540548.0,POST,1,18.0,,
540549.0,22720,1,4.95,,
540550.0,POST,24,432.0,,
540551.0,POST,12,216.0,,
540552.0,47566,1,4.95,,
540553.0,22383,6,9.9,,
540554.0,47566,4,19.8,,
540555.0,85099B,2,3.9,,
540556.0,85123A,4,10.2,,
540557.0,22383,1,1.65,,
540558.0,22086,1,2.95,,
540559.0,85099B,6,11.7,,
540560.0,22383,2,3.3,,
540561.0,85099B,1,1.95,,
540562.0,22086,1,2.95,,
540563.0,21212,6,3.3,,
540564.0,22720,2,9.9,,
540565.0,85123A,1,2.55,,
540566.0,22383,1,1.65,,
540567.0,85123A,1,2.55,,
540568.0,85123A,1,2.55,,
540569.0,47566,2,9.9,,
540570.0,22720,1,4.95,,
540571.0,47566,1,4.95,,
540572.0,22086,2,5.9,,
540573.0,85123A,12,30.6,,
540574.0,22383,12,19.8,,
540575.0,POST,1,18.0,,
540576.0,84879,1,1.69,,
540577.0,85099B,1,1.95,,
540578.0,85099B,6,11.7,,
540579.0,84879,4,6.76,,
540580.0,85123A,1,2.55,,
540581.0,47566,2,9.9,,
540582.0,22086,6,17.7,,
540583.0,22086,1,2.95,,
540584.0,22423,1,12.75,,
540585.0,47566,12,59.4,,
540586.0,22086,1,2.95,,
540587.0,85123A,6,15.3,,
540588.0,85123A,2,5.1,,
540589.0,85123A,2,5.1,,
540590.0,47566,4,19.8,,
540591.0,85099B,1,1.95,,
540592.0,22423,4,51.0,,
540593.0,21212,6,3.3,,
540594.0,22423,4,51.0,,
540595.0,22383,1,1.65,,
540596.0,22423,4,51.0,,
540597.0,85099B,12,23.4,,
540598.0,22086,4,11.8,,
540599.0,47566,6,29.7,,
104234.0,22720,1,0.0,,
540601.0,85099B,1,1.95,,
540602.0,85099B,1,1.95,,
540603.0,21212,1,0.55,,
540604.0,84879,2,3.38,,
540605.0,85099B,4,7.8,,
540606.0,85123A,6,15.3,,
540607.0,22086,4,11.8,,
540608.0,47566,4,19.8,,
540609.0,85099B,12,23.4,,
540610.0,47566,1,4.95,,
540611.0,POST,1,18.0,,
540612.0,22423,4,51.0,,
540613.0,84879,2,3.38,,
540614.0,47566,6,29.7,,
540615.0,85123A,1,2.55,,
540616.0,POST,1,18.0,,
540617.0,85123A,2,5.1,,
540618.0,85123A,1,2.55,,
540619.0,21212,1,0.55,,
540620.0,47566,2,9.9,,
540621.0,21212,12,6.6,,
104256.0,47566,1,0.0,,
540623.0,POST,12,216.0,,
540624.0,22720,6,29.7,,
540625.0,22720,12,59.4,,
540626.0,22423,2,25.5,,
540627.0,85099B,12,23.4,,
540628.0,22383,6,9.9,,
540629.0,85099B,1,1.95,,
540630.0,22383,2,3.3,,
540631.0,85099B,6,11.7,,
540632.0,47566,4,19.8,,
540633.0,21212,4,2.2,,
540634.0,22383,4,6.6,,
540635.0,47566,1,4.95,,
540636.0,85099B,1,1.95,,
540637.0,22383,1,1.65,,
540638.0,22086,2,5.9,,
540639.0,85099B,2,3.9,,
540640.0,22383,1,1.65,,
540641.0,47566,4,19.8,,
540642.0,22086,6,17.7,,
540643.0,22086,6,17.7,,
540644.0,POST,6,108.0,,
540645.0,22423,6,76.5,,
540646.0,21212,2,1.1,,
540647.0,85123A,2,5.1,,
540648.0,47566,1,4.95,,
540649.0,47566,1,4.95,,
540650.0,21212,1,0.55,,
540651.0,84879,6,10.14,,
540652.0,85099B,1,1.95,,
540653.0,POST,2,36.0,,
540654.0,21212,4,2.2,,
540655.0,POST,12,216.0,,
540656.0,22720,4,19.8,,
540657.0,84879,1,1.69,,
540658.0,21212,2,1.1,,
540659.0,22720,1,4.95,,
540660.0,85099B,2,3.9,,
540661.0,22383,2,3.3,,
540662.0,84879,6,10.14,,
540663.0,22720,1,4.95,,
540664.0,47566,1,4.95,,
540665.0,22720,1,4.95,,
540666.0,22720,1,4.95,,
540667.0,47566,1,4.95,,
540668.0,21212,2,1.1,,
540669.0,22720,4,19.8,,
540670.0,22383,6,9.9,,
540671.0,22720,6,29.7,,
540672.0,POST,1,18.0,,
540673.0,POST,12,216.0,,
540674.0,85099B,1,1.95,,
540675.0,22086,2,5.9,,
540676.0,22720,1,4.95,,
540677.0,22086,6,17.7,,
540678.0,22423,6,76.5,,
540679.0,22086,2,5.9,,
540680.0,22383,2,3.3,,
540681.0,21212,1,0.55,,
540682.0,85099B,2,3.9,,
540683.0,84879,6,10.14,,
540684.0,21212,1,0.55,,
540685.0,21212,4,2.2,,
540686.0,47566,6,29.7,,
540687.0,85123A,6,15.3,,
540688.0,22383,2,3.3,,
540689.0,47566,12,59.4,,
540690.0,85099B,4,7.8,,
540691.0,POST,4,72.0,,
540692.0,22423,2,25.5,,
540693.0,22720,1,4.95,,
540694.0,22423,1,12.75,,
540695.0,47566,2,9.9,,
540696.0,21212,2,1.1,,
540697.0,84879,2,3.38,,
540698.0,22423,1,12.75,,
540699.0,85123A,4,10.2,,
540700.0,22720,1,4.95,,
540701.0,22383,2,3.3,,
540702.0,22086,6,17.7,,
540703.0,21212,1,0.55,,
540704.0,22086,2,5.9,,
540705.0,POST,2,36.0,,
540706.0,22086,4,11.8,,
540707.0,85099B,2,3.9,,
540708.0,47566,4,19.8,,
540709.0,POST,1,18.0,,
540710.0,85123A,1,2.55,,
540711.0,84879,1,1.69,,
540712.0,85099B,6,11.7,,
540713.0,22086,1,2.95,,
540714.0,22720,1,4.95,,
540715.0,22383,4,6.6,,
540716.0,POST,2,36.0,,
540717.0,22086,2,5.9,,
540718.0,21212,1,0.55,,
540719.0,22423,6,76.5,,
540720.0,47566,6,29.7,,
540721.0,22086,4,11.8,,
540722.0,85099B,1,1.95,,
540723.0,85099B,2,3.9,,
540724.0,84879,1,1.69,,
540725.0,22383,4,6.6,,
540726.0,22423,6,76.5,,
540727.0,22720,2,9.9,,
540728.0,21212,4,2.2,,
540729.0,22086,2,5.9,,
540730.0,85123A,2,5.1,,
540731.0,85099B,1,1.95,,
540732.0,POST,4,72.0,,
540733.0,47566,1,4.95,,
540734.0,22423,6,76.5,,
540735.0,84879,1,1.69,,
540736.0,POST,1,18.0,,
540737.0,22383,1,1.65,,
540738.0,POST,1,18.0,,
540739.0,21212,2,1.1,,
540740.0,84879,1,1.69,,
540741.0,POST,2,36.0,,
540742.0,47566,12,59.4,,
540743.0,22720,6,29.7,,
540744.0,22423,6,76.5,,
540745.0,22423,2,25.5,,
540746.0,22423,1,12.75,,
540747.0,85099B,4,7.8,,
540748.0,21212,1,0.55,,
540749.0,22086,6,17.7,,
540750.0,22086,12,35.4,,
540751.0,22423,6,76.5,,
540752.0,22086,2,5.9,,
540753.0,21212,2,1.1,,
540754.0,POST,1,18.0,,
104389.0,22720,1,0.0,,
540756.0,21212,2,1.1,,
540757.0,85099B,2,3.9,,
540758.0,47566,1,4.95,,
540759.0,85099B,1,1.95,,
540760.0,POST,1,18.0,,
540761.0,22383,4,6.6,,
540762.0,22086,12,35.4,,
540763.0,22086,2,5.9,,
540764.0,22086,1,2.95,,
540765.0,85123A,2,5.1,,
540766.0,21212,2,1.1,,
540767.0,21212,2,1.1,,
540768.0,22383,1,1.65,,
540769.0,21212,4,2.2,,
540770.0,22423,2,25.5,,
540771.0,22086,24,70.8,,
540772.0,21212,6,3.3,,
540773.0,47566,6,29.7,,
540774.0,85123A,1,2.55,,
540775.0,85123A,6,15.3,,
540776.0,22423,2,25.5,,
540777.0,POST,4,72.0,,
540778.0,POST,4,72.0,,
540779.0,22720,1,4.95,,
540780.0,85123A,4,10.2,,
540781.0,47566,1,4.95,,
540782.0,85099B,12,23.4,,
540783.0,22720,2,9.9,,
540784.0,POST,2,36.0,,
540785.0,21212,2,1.1,,
540786.0,POST,1,18.0,,
540787.0,POST,4,72.0,,
540788.0,21212,6,3.3,,
540789.0,22720,2,9.9,,
540790.0,85099B,12,23.4,,
540791.0,22720,2,9.9,,
540792.0,22720,2,9.9,,
540793.0,85099B,2,3.9,,
540794.0,85123A,4,10.2,,
540795.0,22423,1,12.75,,
540796.0,84879,1,1.69,,
540797.0,22423,2,25.5,,
540798.0,22383,4,6.6,,
540799.0,21212,4,2.2,,
540800.0,21212,2,1.1,,
540801.0,POST,1,18.0,,
540802.0,85099B,1,1.95,,
540803.0,21212,1,0.55,,
540804.0,85099B,2,3.9,,
540805.0,47566,6,29.7,,
540806.0,POST,1,18.0,,
540807.0,84879,1,1.69,,
540808.0,22720,4,19.8,,
540809.0,84879,2,3.38,,
540810.0,85123A,6,15.3,,
540811.0,22423,6,76.5,,
540812.0,22720,1,4.95,,
104447.0,POST,1,0.0,,
540814.0,22720,2,9.9,,
540815.0,21212,1,0.55,,
540816.0,22720,1,4.95,,
540817.0,85123A,1,2.55,,
104452.0,85099B,1,0.0,,
540819.0,85099B,1,1.95,,
540820.0,22383,4,6.6,,
540821.0,84879,6,10.14,,
540822.0,22086,1,2.95,,
540823.0,85123A,1,2.55,,
540824.0,22086,1,2.95,,
540825.0,22383,2,3.3,,
540826.0,85123A,1,2.55,,
540827.0,POST,1,18.0,,
540828.0,21212,1,0.55,,
540829.0,22383,1,1.65,,
540830.0,22383,6,9.9,,
540831.0,22423,12,153.0,,
540832.0,22720,4,19.8,,
540833.0,84879,6,10.14,,
540834.0,47566,1,4.95,,
540835.0,85123A,6,15.3,,
540836.0,47566,1,4.95,,
540837.0,85099B,1,1.95,,
540838.0,22720,6,29.7,,
540839.0,22383,4,6.6,,
540840.0,POST,6,108.0,,
540841.0,21212,6,3.3,,
540842.0,85099B,4,7.8,,
540843.0,85099B,1,1.95,,
540844.0,POST,24,432.0,,
540845.0,22423,6,76.5,,
540846.0,22383,1,1.65,,
540847.0,85099B,6,11.7,,
540848.0,85123A,1,2.55,,
540849.0,22086,4,11.8,,
540850.0,21212,1,0.55,,
540851.0,21212,1,0.55,,
540852.0,21212,1,0.55,,
540853.0,22720,6,29.7,,
540854.0,21212,1,0.55,,
540855.0,22086,6,17.7,,
540856.0,47566,2,9.9,,
540857.0,85123A,1,2.55,,
540858.0,22086,6,17.7,,
540859.0,84879,2,3.38,,
540860.0,47566,1,4.95,,
540861.0,22720,2,9.9,,
540862.0,22720,1,4.95,,
540863.0,22086,12,35.4,,
540864.0,85099B,1,1.95,,
540865.0,22423,1,12.75,,
540866.0,84879,4,6.76,,
540867.0,21212,1,0.55,,
540868.0,22720,1,4.95,,
540869.0,22086,1,2.95,,
540870.0,21212,1,0.55,,
540871.0,22383,1,1.65,,
540872.0,85099B,1,1.95,,
540873.0,22423,2,25.5,,
540874.0,84879,24,40.56,,
540875.0,22720,24,118.8,,
540876.0,22720,6,29.7,,
540877.0,22383,4,6.6,,
540878.0,47566,4,19.8,,
540879.0,22720,1,4.95,,
540880.0,22086,1,2.95,,
540881.0,22720,2,9.9,,
540882.0,21212,1,0.55,,
540883.0,22086,6,17.7,,
540884.0,21212,6,3.3,,
540885.0,47566,2,9.9,,
540886.0,22383,1,1.65,,
540887.0,85123A,2,5.1,,
540888.0,22720,4,19.8,,
540889.0,22720,2,9.9,,
540890.0,POST,1,18.0,,
540891.0,47566,6,29.7,,
540892.0,21212,2,1.1,,
540893.0,47566,1,4.95,,
540894.0,85123A,1,2.55,,
540895.0,22383,4,6.6,,
540896.0,85123A,2,5.1,,
540897.0,22383,4,6.6,,
540898.0,84879,1,1.69,,
540899.0,84879,24,40.56,,
540900.0,85099B,1,1.95,,
104535.0,22423,1,0.0,,
540902.0,22720,6,29.7,,
540903.0,85099B,1,1.95,,
540904.0,22720,6,29.7,,
540905.0,21212,1,0.55,,
540906.0,22086,4,11.8,,
540907.0,22720,6,29.7,,
540908.0,22383,1,1.65,,
540909.0,POST,6,108.0,,
540910.0,85099B,2,3.9,,
540911.0,22423,1,12.75,,
540912.0,85123A,2,5.1,,
540913.0,POST,1,18.0,,
540914.0,84879,1,1.69,,
540915.0,22086,1,2.95,,
540916.0,85123A,4,10.2,,
540917.0,22423,1,12.75,,
540918.0,85123A,1,2.55,,
540919.0,85099B,12,23.4,,
540920.0,22423,2,25.5,,
540921.0,21212,6,3.3,,
540922.0,22383,2,3.3,,
540923.0,22720,6,29.7,,
540924.0,22383,2,3.3,,
540925.0,22720,12,59.4,,
540926.0,84879,2,3.38,,
104561.0,POST,1,0.0,,
540928.0,84879,1,1.69,,
540929.0,22423,1,12.75,,
540930.0,84879,2,3.38,,
540931.0,22383,1,1.65,,
540932.0,22720,1,4.95,,
540933.0,21212,1,0.55,,
540934.0,22086,1,2.95,,
540935.0,21212,2,1.1,,
540936.0,POST,4,72.0,,
540937.0,22383,4,6.6,,
540938.0,22423,2,25.5,,
540939.0,84879,12,20.28,,
540940.0,21212,1,0.55,,
540941.0,22086,4,11.8,,
540942.0,22383,4,6.6,,
540943.0,22086,1,2.95,,
540944.0,22720,6,29.7,,
104579.0,85123A,1,0.0,,
540946.0,22423,4,51.0,,
540947.0,21212,4,2.2,,
540948.0,22423,1,12.75,,
540949.0,22720,6,29.7,,
540950.0,47566,12,59.4,,
540951.0,22383,1,1.65,,
540952.0,85123A,12,30.6,,
540953.0,21212,4,2.2,,
540954.0,85123A,1,2.55,,
540955.0,47566,4,19.8,,
540956.0,21212,1,0.55,,
540957.0,21212,1,0.55,,
540958.0,85123A,1,2.55,,
540959.0,22720,1,4.95,,
540960.0,84879,24,40.56,,
540961.0,22720,2,9.9,,
540962.0,POST,1,18.0,,
540963.0,22423,2,25.5,,
540964.0,22383,1,1.65,,
540965.0,22086,4,11.8,,
540966.0,47566,2,9.9,,
540967.0,84879,1,1.69,,
540968.0,22383,6,9.9,,
540969.0,22383,1,1.65,,
540970.0,22383,1,1.65,,
540971.0,85123A,4,10.2,,
540972.0,47566,1,4.95,,
540973.0,85123A,4,10.2,,
540974.0,22383,1,1.65,,
540975.0,47566,4,19.8,,
540976.0,22383,4,6.6,,
540977.0,85099B,4,7.8,,
540978.0,22423,2,25.5,,
540979.0,22383,2,3.3,,
540980.0,22720,1,4.95,,
540981.0,21212,4,2.2,,
540982.0,POST,6,108.0,,
540983.0,21212,1,0.55,,
540984.0,84879,2,3.38,,
540985.0,POST,2,36.0,,
540986.0,22383,2,3.3,,
540987.0,21212,2,1.1,,
540988.0,21212,2,1.1,,
540989.0,22423,1,12.75,,
540990.0,84879,2,3.38,,
540991.0,22086,1,2.95,,
540992.0,22720,1,4.95,,
540993.0,47566,2,9.9,,
540994.0,47566,6,29.7,,
540995.0,21212,12,6.6,,
540996.0,22086,1,2.95,,
540997.0,47566,6,29.7,,
540998.0,85099B,6,11.7,,
540999.0,21212,2,1.1,,
541000.0,47566,6,29.7,,
541001.0,22086,2,5.9,,
541002.0,85099B,24,46.8,,
541003.0,22086,2,5.9,,
541004.0,22720,2,9.9,,
541005.0,22720,6,29.7,,
541006.0,22720,4,19.8,,
541007.0,POST,2,36.0,,
541008.0,22423,2,25.5,,
104643.0,POST,1,0.0,,
541010.0,84879,1,1.69,,
541011.0,22720,4,19.8,,
541012.0,22423,4,51.0,,
541013.0,85123A,2,5.1,,
541014.0,85099B,1,1.95,,
541015.0,47566,1,4.95,,
541016.0,22086,1,2.95,,
541017.0,47566,1,4.95,,
541018.0,22086,4,11.8,,
541019.0,47566,1,4.95,,
541020.0,22423,2,25.5,,
541021.0,POST,2,36.0,,
541022.0,47566,1,4.95,,
541023.0,22383,1,1.65,,
541024.0,22383,6,9.9,,
541025.0,22423,1,12.75,,
541026.0,21212,1,0.55,,
541027.0,22720,1,4.95,,
541028.0,85099B,6,11.7,,
541029.0,85099B,4,7.8,,
541030.0,84879,1,1.69,,
541031.0,22720,6,29.7,,
541032.0,22423,1,12.75,,
541033.0,22086,2,5.9,,
541034.0,84879,1,1.69,,
541035.0,85123A,2,5.1,,
541036.0,22383,1,1.65,,
541037.0,21212,1,0.55,,
541038.0,85123A,1,2.55,,
541039.0,22383,12,19.8,,
541040.0,85123A,1,2.55,,
541041.0,22720,1,4.95,,
541042.0,22423,1,12.75,,
541043.0,22383,1,1.65,,
541044.0,22086,1,2.95,,
541045.0,22720,24,118.8,,
541046.0,22086,6,17.7,,
541047.0,47566,2,9.9,,
541048.0,22423,4,51.0,,
541049.0,85123A,2,5.1,,
541050.0,POST,1,18.0,,
541051.0,85099B,2,3.9,,
541052.0,22423,2,25.5,,
541053.0,22383,2,3.3,,
541054.0,47566,2,9.9,,
541055.0,22720,1,4.95,,
541056.0,47566,1,4.95,,
541057.0,85123A,12,30.6,,
541058.0,22086,2,5.9,,
541059.0,POST,6,108.0,,
541060.0,85099B,1,1.95,,
541061.0,POST,2,36.0,,
541062.0,84879,4,6.76,,
541063.0,22423,6,76.5,,
541064.0,47566,4,19.8,,
541065.0,22086,12,35.4,,
541066.0,22383,4,6.6,,
541067.0,47566,2,9.9,,
541068.0,21212,4,2.2,,
541069.0,47566,1,4.95,,
104704.0,22383,1,0.0,,
541071.0,85123A,2,5.1,,
541072.0,47566,2,9.9,,
541073.0,22086,4,11.8,,
541074.0,22086,1,2.95,,
541075.0,85123A,6,15.3,,
541076.0,22720,12,59.4,,
541077.0,22383,1,1.65,,
104712.0,22720,1,0.0,,
541079.0,22086,2,5.9,,
541080.0,22086,4,11.8,,
541081.0,22383,12,19.8,,
541082.0,22086,6,17.7,,
541083.0,22720,12,59.4,,
104718.0,22383,1,0.0,,
541085.0,22720,1,4.95,,
541086.0,POST,1,18.0,,
541087.0,84879,1,1.69,,
541088.0,84879,4,6.76,,
541089.0,84879,4,6.76,,
541090.0,85123A,1,2.55,,
541091.0,22086,1,2.95,,
541092.0,85099B,1,1.95,,
541093.0,22086,1,2.95,,
541094.0,22086,1,2.95,,
541095.0,POST,4,72.0,,
541096.0,22086,2,5.9,,
541097.0,21212,1,0.55,,
541098.0,POST,6,108.0,,
541099.0,85099B,2,3.9,,
541100.0,22720,1,4.95,,
541101.0,22086,1,2.95,,
541102.0,47566,4,19.8,,
541103.0,POST,12,216.0,,
541104.0,22383,1,1.65,,
541105.0,47566,24,118.8,,
541106.0,22383,6,9.9,,
541107.0,21212,2,1.1,,
541108.0,22086,1,2.95,,
541109.0,POST,1,18.0,,
541110.0,21212,4,2.2,,
541111.0,85123A,2,5.1,,
541112.0,21212,1,0.55,,
541113.0,22086,2,5.9,,
541114.0,22383,6,9.9,,
541115.0,84879,6,10.14,,
541116.0,22086,2,5.9,,
541117.0,22086,6,17.7,,
541118.0,47566,2,9.9,,
541119.0,22423,2,25.5,,
541120.0,84879,6,10.14,,
541121.0,85099B,2,3.9,,
541122.0,47566,4,19.8,,
541123.0,22383,4,6.6,,
541124.0,POST,2,36.0,,
541125.0,POST,12,216.0,,
541126.0,85099B,4,7.8,,
541127.0,POST,2,36.0,,
541128.0,22720,1,4.95,,
541129.0,22423,1,12.75,,
541130.0,21212,12,6.6,,
541131.0,47566,1,4.95,,
541132.0,POST,1,18.0,,
541133.0,84879,4,6.76,,
541134.0,22383,2,3.3,,
541135.0,22383,4,6.6,,
541136.0,85123A,1,2.55,,
541137.0,85123A,1,2.55,,
541138.0,22720,2,9.9,,
541139.0,85123A,1,2.55,,
541140.0,85099B,2,3.9,,
541141.0,POST,24,432.0,,
541142.0,84879,1,1.69,,
541143.0,84879,2,3.38,,
541144.0,POST,12,216.0,,
541145.0,47566,4,19.8,,
541146.0,22423,1,12.75,,
541147.0,84879,2,3.38,,
541148.0,84879,2,3.38,,
541149.0,47566,4,19.8,,
541150.0,22423,6,76.5,,
541151.0,POST,2,36.0,,
541152.0,21212,12,6.6,,
541153.0,22423,6,76.5,,
541154.0,47566,1,4.95,,
541155.0,22383,6,9.9,,
541156.0,85099B,1,1.95,,
541157.0,22086,2,5.9,,
541158.0,84879,1,1.69,,
541159.0,85099B,24,46.8,,
541160.0,85123A,1,2.55,,
541161.0,84879,12,20.28,,
541162.0,47566,4,19.8,,
541163.0,POST,1,18.0,,
541164.0,21212,6,3.3,,
541165.0,POST,1,18.0,,
541166.0,22720,1,4.95,,
541167.0,84879,1,1.69,,
541168.0,21212,12,6.6,,
541169.0,85123A,6,15.3,,
541170.0,21212,1,0.55,,
541171.0,47566,4,19.8,,
541172.0,21212,6,3.3,,
541173.0,22423,2,25.5,,
541174.0,22383,1,1.65,,
541175.0,22423,1,12.75,,
541176.0,85123A,12,30.6,,
541177.0,22720,4,19.8,,
541178.0,22423,2,25.5,,
541179.0,47566,2,9.9,,
541180.0,22383,1,1.65,,
541181.0,21212,1,0.55,,
541182.0,22720,2,9.9,,
541183.0,22720,1,4.95,,
541184.0,22720,2,9.9,,
541185.0,POST,6,108.0,,
541186.0,85099B,2,3.9,,
541187.0,22086,4,11.8,,
541188.0,47566,1,4.95,,
541189.0,85099B,12,23.4,,
541190.0,84879,1,1.69,,
541191.0,22086,6,17.7,,
541192.0,22383,24,39.6,,
541193.0,85123A,1,2.55,,
541194.0,22086,4,11.8,,
541195.0,84879,12,20.28,,
541196.0,22383,2,3.3,,
541197.0,84879,24,40.56,,
541198.0,85123A,1,2.55,,
541199.0,85099B,6,11.7,,
541200.0,22423,2,25.5,,
541201.0,POST,6,108.0,,
541202.0,22423,12,153.0,,
541203.0,85123A,4,10.2,,
541204.0,22383,6,9.9,,
541205.0,22086,1,2.95,,
541206.0,21212,6,3.3,,
541207.0,22423,1,12.75,,
541208.0,22720,2,9.9,,
541209.0,21212,1,0.55,,
541210.0,85123A,2,5.1,,
541211.0,POST,6,108.0,,
541212.0,22720,1,4.95,,
541213.0,84879,4,6.76,,
541214.0,21212,4,2.2,,
541215.0,47566,2,9.9,,
541216.0,85123A,1,2.55,,
541217.0,85099B,1,1.95,,
541218.0,22086,6,17.7,,
541219.0,85099B,6,11.7,,
541220.0,22720,6,29.7,,
541221.0,22086,1,2.95,,
541222.0,47566,1,4.95,,
541223.0,22383,1,1.65,,
541224.0,21212,1,0.55,,
541225.0,22383,4,6.6,,
541226.0,85099B,2,3.9,,
541227.0,47566,6,29.7,,
541228.0,84879,6,10.14,,
541229.0,22383,4,6.6,,
541230.0,POST,2,36.0,,
541231.0,POST,1,18.0,,
541232.0,22720,1,4.95,,
541233.0,22383,2,3.3,,
541234.0,22423,4,51.0,,
541235.0,21212,2,1.1,,
541236.0,21212,1,0.55,,
541237.0,85123A,1,2.55,,
541238.0,22720,6,29.7,,
541239.0,22086,6,17.7,,
541240.0,85099B,1,1.95,,
541241.0,POST,1,18.0,,
541242.0,21212,6,3.3,,
541243.0,22086,1,2.95,,
541244.0,22383,2,3.3,,
541245.0,21212,2,1.1,,
541246.0,21212,1,0.55,,
541247.0,21212,1,0.55,,
541248.0,21212,4,2.2,,
541249.0,47566,24,118.8,,
541250.0,22086,24,70.8,,
541251.0,22720,12,59.4,,
541252.0,22383,2,3.3,,
541253.0,22423,2,25.5,,
541254.0,84879,1,1.69,,
541255.0,84879,1,1.69,,
541256.0,POST,1,18.0,,
541257.0,22086,4,11.8,,
541258.0,47566,1,4.95,,
541259.0,47566,4,19.8,,
541260.0,22423,12,153.0,,
541261.0,21212,1,0.55,,
541262.0,22720,2,9.9,,
541263.0,22423,1,12.75,,
541264.0,POST,1,18.0,,
541265.0,84879,24,40.56,,
541266.0,84879,2,3.38,,
541267.0,22086,6,17.7,,
541268.0,22383,2,3.3,,
541269.0,22423,6,76.5,,
541270.0,22423,2,25.5,,
541271.0,22086,1,2.95,,
541272.0,22086,12,35.4,,
541273.0,POST,4,72.0,,
541274.0,22720,2,9.9,,
541275.0,47566,1,4.95,,
541276.0,47566,1,4.95,,
541277.0,85123A,1,2.55,,
541278.0,POST,1,18.0,,
541279.0,85123A,1,2.55,,
541280.0,85099B,2,3.9,,
541281.0,85099B,1,1.95,,
541282.0,84879,12,20.28,,
541283.0,85099B,6,11.7,,
541284.0,POST,4,72.0,,
541285.0,21212,6,3.3,,
541286.0,22423,1,12.75,,
541287.0,22383,2,3.3,,
541288.0,22383,2,3.3,,
541289.0,85099B,4,7.8,,
541290.0,85099B,24,46.8,,
541291.0,21212,1,0.55,,
541292.0,85099B,1,1.95,,
541293.0,22423,1,12.75,,
541294.0,22423,4,51.0,,
541295.0,POST,12,216.0,,
541296.0,85099B,2,3.9,,
541297.0,22086,1,2.95,,
541298.0,22086,2,5.9,,
104933.0,22086,1,0.0,,
541300.0,47566,12,59.4,,
104935.0,22086,1,0.0,,
541302.0,47566,1,4.95,,
541303.0,47566,2,9.9,,
541304.0,22383,4,6.6,,
541305.0,84879,4,6.76,,
541306.0,21212,2,1.1,,
541307.0,47566,1,4.95,,
541308.0,85123A,4,10.2,,
541309.0,POST,1,18.0,,
541310.0,22423,12,153.0,,
104945.0,22720,1,0.0,,
541312.0,85099B,1,1.95,,
541313.0,21212,1,0.55,,
541314.0,47566,1,4.95,,
541315.0,84879,12,20.28,,
541316.0,47566,2,9.9,,
541317.0,84879,6,10.14,,
541318.0,22423,24,306.0,,
541319.0,22383,12,19.8,,
541320.0,22720,6,29.7,,
541321.0,22086,4,11.8,,
541322.0,85123A,1,2.55,,
541323.0,22720,6,29.7,,
541324.0,22423,2,25.5,,
541325.0,22423,2,25.5,,
541326.0,85123A,4,10.2,,
541327.0,22086,1,2.95,,
541328.0,22086,1,2.95,,
541329.0,21212,2,1.1,,
541330.0,47566,12,59.4,,
541331.0,85099B,2,3.9,,
541332.0,85123A,1,2.55,,
541333.0,47566,6,29.7,,
541334.0,POST,1,18.0,,
541335.0,85099B,1,1.95,,
541336.0,47566,1,4.95,,
541337.0,22086,6,17.7,,
541338.0,85099B,6,11.7,,
541339.0,47566,1,4.95,,
541340.0,21212,4,2.2,,
541341.0,85123A,2,5.1,,
541342.0,84879,1,1.69,,
541343.0,47566,2,9.9,,
541344.0,85123A,2,5.1,,
541345.0,22423,4,51.0,,
541346.0,85099B,4,7.8,,
541347.0,22383,1,1.65,,
541348.0,85099B,6,11.7,,
541349.0,22720,4,19.8,,
541350.0,22086,12,35.4,,
541351.0,84879,12,20.28,,
541352.0,85123A,2,5.1,,
541353.0,22383,1,1.65,,
541354.0,POST,2,36.0,,
541355.0,POST,2,36.0,,
541356.0,85099B,2,3.9,,
541357.0,22720,1,4.95,,
541358.0,21212,1,0.55,,
541359.0,22720,4,19.8,,
541360.0,47566,1,4.95,,
541361.0,21212,1,0.55,,
541362.0,85123A,2,5.1,,
541363.0,85099B,2,3.9,,
541364.0,21212,2,1.1,,
541365.0,22383,1,1.65,,
541366.0,22423,1,12.75,,
541367.0,POST,1,18.0,,
541368.0,85099B,12,23.4,,
541369.0,22086,4,11.8,,
541370.0,85123A,1,2.55,,
541371.0,22086,2,5.9,,
541372.0,22086,4,11.8,,
541373.0,85123A,1,2.55,,
541374.0,22086,4,11.8,,
541375.0,22086,2,5.9,,
541376.0,POST,12,216.0,,
541377.0,POST,6,108.0,,
541378.0,47566,1,4.95,,
541379.0,POST,6,108.0,,
541380.0,85099B,1,1.95,,
541381.0,22423,1,12.75,,
541382.0,84879,1,1.69,,
541383.0,22086,6,17.7,,
541384.0,21212,4,2.2,,
541385.0,22086,2,5.9,,
541386.0,21212,2,1.1,,
541387.0,22423,6,76.5,,
541388.0,22086,4,11.8,,
541389.0,21212,1,0.55,,
541390.0,POST,4,72.0,,
541391.0,21212,1,0.55,,
541392.0,22383,12,19.8,,
541393.0,21212,1,0.55,,
105028.0,85099B,1,0.0,,
541395.0,22720,1,4.95,,
541396.0,22383,6,9.9,,
541397.0,47566,2,9.9,,
541398.0,22720,6,29.7,,
541399.0,22086,2,5.9,,
541400.0,84879,2,3.38,,
541401.0,22383,1,1.65,,
541402.0,85123A,1,2.55,,
541403.0,85123A,2,5.1,,
541404.0,22086,2,5.9,,
541405.0,22423,6,76.5,,
541406.0,POST,2,36.0,,
541407.0,85099B,2,3.9,,
541408.0,22086,4,11.8,,
541409.0,22720,6,29.7,,
541410.0,85099B,4,7.8,,
541411.0,POST,1,18.0,,
541412.0,21212,4,2.2,,
541413.0,22383,4,6.6,,
541414.0,21212,2,1.1,,
541415.0,85123A,6,15.3,,
541416.0,84879,1,1.69,,
541417.0,22086,1,2.95,,
541418.0,22086,4,11.8,,
541419.0,POST,4,72.0,,
541420.0,22086,1,2.95,,
541421.0,22383,2,3.3,,
541422.0,POST,1,18.0,,
541423.0,22720,6,29.7,,
105058.0,85099B,1,0.0,,
541425.0,85099B,2,3.9,,
541426.0,POST,2,36.0,,
541427.0,21212,4,2.2,,
541428.0,22086,1,2.95,,
541429.0,22720,1,4.95,,
541430.0,22383,6,9.9,,
541431.0,84879,2,3.38,,
541432.0,22086,2,5.9,,
541433.0,85099B,1,1.95,,
541434.0,47566,12,59.4,,
541435.0,47566,2,9.9,,
541436.0,22720,2,9.9,,
541437.0,85123A,2,5.1,,
541438.0,22720,24,118.8,,
541439.0,21212,1,0.55,,
541440.0,22086,1,2.95,,
541441.0,85123A,12,30.6,,
541442.0,21212,2,1.1,,
105077.0,21212,1,0.0,,
541444.0,POST,12,216.0,,
541445.0,22720,2,9.9,,
541446.0,47566,2,9.9,,
541447.0,22423,2,25.5,,
541448.0,21212,1,0.55,,
541449.0,21212,2,1.1,,
541450.0,21212,4,2.2,,
541451.0,47566,2,9.9,,
541452.0,22720,2,9.9,,
541453.0,POST,6,108.0,,
541454.0,85123A,2,5.1,,
541455.0,22086,1,2.95,,
541456.0,22383,24,39.6,,
541457.0,21212,1,0.55,,
541458.0,22423,2,25.5,,
541459.0,22383,2,3.3,,
541460.0,84879,2,3.38,,
541461.0,21212,6,3.3,,
541462.0,22423,4,51.0,,
541463.0,22383,24,39.6,,
541464.0,22720,2,9.9,,
541465.0,85123A,2,5.1,,
541466.0,POST,4,72.0,,
541467.0,21212,6,3.3,,
541468.0,22720,1,4.95,,
541469.0,22086,6,17.7,,
541470.0,85099B,2,3.9,,
541471.0,22383,1,1.65,,
541472.0,84879,1,1.69,,
541473.0,22423,1,12.75,,
541474.0,85123A,1,2.55,,
541475.0,85123A,1,2.55,,
541476.0,22423,4,51.0,,
541477.0,22720,1,4.95,,
541478.0,22383,4,6.6,,
541479.0,85099B,1,1.95,,
541480.0,47566,1,4.95,,
541481.0,85099B,4,7.8,,
541482.0,POST,2,36.0,,
541483.0,85123A,1,2.55,,
541484.0,22720,4,19.8,,
541485.0,22383,12,19.8,,
541486.0,POST,4,72.0,,
541487.0,85099B,4,7.8,,
541488.0,22423,2,25.5,,
541489.0,22423,1,12.75,,
541490.0,22383,4,6.6,,
541491.0,85123A,1,2.55,,
541492.0,22383,2,3.3,,
541493.0,22383,1,1.65,,
541494.0,47566,4,19.8,,
541495.0,84879,2,3.38,,
541496.0,21212,6,3.3,,
541497.0,85123A,2,5.1,,
541498.0,84879,2,3.38,,
541499.0,22423,12,153.0,,
541500.0,POST,1,18.0,,
541501.0,22423,2,25.5,,
541502.0,85099B,4,7.8,,
541503.0,84879,6,10.14,,
541504.0,85099B,2,3.9,,
541505.0,22383,1,1.65,,
541506.0,85099B,24,46.8,,
541507.0,84879,1,1.69,,
541508.0,85123A,2,5.1,,
541509.0,85123A,1,2.55,,
541510.0,47566,4,19.8,,
541511.0,22423,6,76.5,,
541512.0,22720,4,19.8,,
541513.0,85123A,6,15.3,,
541514.0,22086,12,35.4,,
541515.0,21212,1,0.55,,
541516.0,22423,1,12.75,,
541517.0,22720,2,9.9,,
541518.0,85123A,2,5.1,,
541519.0,47566,1,4.95,,
105154.0,POST,1,0.0,,
541521.0,85099B,2,3.9,,
541522.0,85123A,4,10.2,,
541523.0,85099B,4,7.8,,
541524.0,22383,4,6.6,,
541525.0,22720,4,19.8,,
541526.0,22423,12,153.0,,
541527.0,47566,2,9.9,,
541528.0,47566,2,9.9,,
541529.0,84879,1,1.69,,
541530.0,84879,6,10.14,,
541531.0,22423,2,25.5,,
541532.0,22720,1,4.95,,
541533.0,47566,1,4.95,,
541534.0,POST,1,18.0,,
541535.0,22383,1,1.65,,
541536.0,85123A,4,10.2,,
541537.0,22423,2,25.5,,
541538.0,POST,4,72.0,,
541539.0,22423,2,25.5,,
541540.0,84879,1,1.69,,
541541.0,85099B,12,23.4,,
541542.0,22423,1,12.75,,
541543.0,84879,2,3.38,,
541544.0,22086,2,5.9,,
541545.0,47566,1,4.95,,
541546.0,22720,2,9.9,,
541547.0,85099B,2,3.9,,
541548.0,84879,1,1.69,,
541549.0,84879,1,1.69,,
541550.0,85123A,1,2.55,,
541551.0,85099B,2,3.9,,
541552.0,47566,1,4.95,,
541553.0,84879,1,1.69,,
541554.0,84879,2,3.38,,
541555.0,85123A,4,10.2,,
541556.0,84879,1,1.69,,
541557.0,47566,6,29.7,,
541558.0,22720,24,118.8,,
541559.0,22423,6,76.5,,
541560.0,21212,12,6.6,,
541561.0,22086,12,35.4,,
541562.0,22383,6,9.9,,
541563.0,22720,1,4.95,,
541564.0,47566,1,4.95,,
541565.0,85099B,1,1.95,,
541566.0,22383,1,1.65,,
541567.0,22383,12,19.8,,
541568.0,22720,6,29.7,,
541569.0,22383,1,1.65,,
541570.0,22383,1,1.65,,
541571.0,85099B,12,23.4,,
541572.0,22086,2,5.9,,
541573.0,22383,1,1.65,,
541574.0,POST,1,18.0,,
541575.0,47566,12,59.4,,
541576.0,22720,2,9.9,,
541577.0,84879,6,10.14,,
541578.0,22423,24,306.0,,
541579.0,21212,12,6.6,,
541580.0,POST,1,18.0,,
541581.0,85099B,4,7.8,,
541582.0,22383,2,3.3,,
541583.0,85123A,2,5.1,,
541584.0,22383,1,1.65,,
541585.0,47566,6,29.7,,
541586.0,21212,1,0.55,,
541587.0,47566,2,9.9,,
541588.0,POST,2,36.0,,
541589.0,47566,2,9.9,,
541590.0,22383,1,1.65,,
541591.0,22720,1,4.95,,
541592.0,85099B,12,23.4,,
541593.0,85123A,1,2.55,,
541594.0,22720,2,9.9,,
541595.0,22423,1,12.75,,
541596.0,22383,1,1.65,,
541597.0,21212,1,0.55,,
541598.0,22720,2,9.9,,
541599.0,47566,12,59.4,,
541600.0,22383,1,1.65,,
541601.0,POST,2,36.0,,
541602.0,21212,6,3.3,,
105237.0,47566,1,0.0,,
541604.0,POST,6,108.0,,
541605.0,22383,12,19.8,,
541606.0,22086,1,2.95,,
541607.0,22720,6,29.7,,
541608.0,22086,4,11.8,,
541609.0,22383,12,19.8,,
541610.0,22720,12,59.4,,
541611.0,POST,2,36.0,,
541612.0,21212,2,1.1,,
541613.0,22423,6,76.5,,
541614.0,POST,4,72.0,,
541615.0,22383,2,3.3,,
541616.0,22086,12,35.4,,
541617.0,22383,6,9.9,,
541618.0,22383,6,9.9,,
541619.0,22383,2,3.3,,
541620.0,22423,2,25.5,,
541621.0,85099B,6,11.7,,
541622.0,22086,1,2.95,,
541623.0,22720,1,4.95,,
541624.0,21212,6,3.3,,
541625.0,85123A,1,2.55,,
541626.0,22383,2,3.3,,
541627.0,22720,2,9.9,,
541628.0,22423,2,25.5,,
541629.0,47566,4,19.8,,
541630.0,22383,12,19.8,,
105265.0,84879,1,0.0,,
541632.0,84879,1,1.69,,
541633.0,85123A,1,2.55,,
541634.0,85099B,12,23.4,,
541635.0,47566,1,4.95,,
541636.0,85099B,4,7.8,,
541637.0,47566,1,4.95,,
541638.0,21212,1,0.55,,
541639.0,22423,2,25.5,,
541640.0,POST,2,36.0,,
541641.0,22720,2,9.9,,
541642.0,22383,2,3.3,,
541643.0,POST,6,108.0,,
541644.0,22086,1,2.95,,
541645.0,22720,1,4.95,,
541646.0,22383,1,1.65,,
541647.0,47566,4,19.8,,
541648.0,22383,2,3.3,,
541649.0,POST,4,72.0,,
541650.0,22383,6,9.9,,
541651.0,22086,2,5.9,,
541652.0,21212,2,1.1,,
541653.0,84879,6,10.14,,
541654.0,47566,1,4.95,,
541655.0,POST,6,108.0,,
541656.0,22383,1,1.65,,
541657.0,21212,1,0.55,,
541658.0,85099B,1,1.95,,
541659.0,22383,1,1.65,,
541660.0,22423,12,153.0,,
541661.0,85123A,1,2.55,,
541662.0,84879,4,6.76,,
541663.0,84879,2,3.38,,
541664.0,84879,6,10.14,,
541665.0,84879,4,6.76,,
541666.0,85123A,1,2.55,,
105301.0,21212,1,0.0,,
541668.0,22086,1,2.95,,
541669.0,22423,1,12.75,,
541670.0,22720,2,9.9,,
541671.0,47566,1,4.95,,
541672.0,84879,1,1.69,,
541673.0,22383,1,1.65,,
541674.0,22423,1,12.75,,
541675.0,85123A,1,2.55,,
541676.0,22720,2,9.9,,
541677.0,22383,2,3.3,,
541678.0,22720,2,9.9,,
541679.0,21212,12,6.6,,
541680.0,84879,4,6.76,,
541681.0,22720,1,4.95,,
541682.0,22423,6,76.5,,
541683.0,22383,4,6.6,,
541684.0,POST,1,18.0,,
541685.0,22383,1,1.65,,
541686.0,22423,4,51.0,,
541687.0,85123A,6,15.3,,
541688.0,85099B,4,7.8,,
541689.0,22423,1,12.75,,
541690.0,85123A,2,5.1,,
541691.0,84879,4,6.76,,
541692.0,84879,6,10.14,,
541693.0,22086,2,5.9,,
541694.0,84879,6,10.14,,
541695.0,21212,2,1.1,,
541696.0,22383,4,6.6,,
541697.0,22383,2,3.3,,
541698.0,22720,1,4.95,,
541699.0,47566,1,4.95,,
541700.0,85099B,1,1.95,,
541701.0,84879,1,1.69,,
541702.0,47566,6,29.7,,
541703.0,85123A,1,2.55,,
541704.0,21212,6,3.3,,
541705.0,22720,2,9.9,,
541706.0,85123A,1,2.55,,
541707.0,21212,4,2.2,,
541708.0,POST,2,36.0,,
541709.0,22383,1,1.65,,
541710.0,22383,4,6.6,,
541711.0,22383,1,1.65,,
541712.0,22720,1,4.95,,
541713.0,22423,4,51.0,,
541714.0,85099B,12,23.4,,
541715.0,22423,6,76.5,,
541716.0,POST,4,72.0,,
541717.0,22383,4,6.6,,
541718.0,47566,1,4.95,,
541719.0,22383,1,1.65,,
541720.0,22383,6,9.9,,
541721.0,84879,6,10.14,,
541722.0,22423,24,306.0,,
541723.0,21212,1,0.55,,
541724.0,47566,2,9.9,,
541725.0,21212,12,6.6,,
541726.0,84879,2,3.38,,
541727.0,84879,1,1.69,,
541728.0,22086,6,17.7,,
541729.0,85123A,2,5.1,,
541730.0,47566,1,4.95,,
541731.0,22720,6,29.7,,
541732.0,POST,6,108.0,,
541733.0,22720,4,19.8,,
541734.0,84879,4,6.76,,
541735.0,22383,1,1.65,,
541736.0,22720,1,4.95,,
541737.0,21212,6,3.3,,
541738.0,22423,2,25.5,,
541739.0,85099B,6,11.7,,
541740.0,85123A,2,5.1,,
541741.0,21212,2,1.1,,
105376.0,22423,1,0.0,,
541743.0,POST,1,18.0,,
541744.0,POST,2,36.0,,
541745.0,85123A,6,15.3,,
541746.0,22086,1,2.95,,
541747.0,47566,1,4.95,,
541748.0,84879,2,3.38,,
541749.0,84879,6,10.14,,
541750.0,22423,1,12.75,,
541751.0,22423,4,51.0,,
541752.0,22086,4,11.8,,
541753.0,47566,2,9.9,,
541754.0,85123A,4,10.2,,
541755.0,22423,1,12.75,,
541756.0,84879,1,1.69,,
541757.0,85123A,1,2.55,,
541758.0,22423,1,12.75,,
541759.0,POST,4,72.0,,
541760.0,22423,1,12.75,,
541761.0,POST,2,36.0,,
541762.0,85099B,1,1.95,,
541763.0,22383,2,3.3,,
541764.0,POST,6,108.0,,
541765.0,22423,1,12.75,,
541766.0,84879,1,1.69,,
541767.0,84879,2,3.38,,
541768.0,85123A,4,10.2,,
541769.0,85099B,1,1.95,,
541770.0,85123A,1,2.55,,
541771.0,21212,1,0.55,,
541772.0,47566,1,4.95,,
541773.0,22423,4,51.0,,
541774.0,85123A,1,2.55,,
541775.0,85099B,6,11.7,,
541776.0,22720,6,29.7,,
541777.0,22383,2,3.3,,
541778.0,POST,1,18.0,,
541779.0,POST,12,216.0,,
541780.0,22086,6,17.7,,
541781.0,22086,12,35.4,,
541782.0,22720,4,19.8,,
541783.0,POST,2,36.0,,
541784.0,47566,2,9.9,,
541785.0,47566,1,4.95,,
541786.0,22720,2,9.9,,
541787.0,84879,1,1.69,,
541788.0,85099B,2,3.9,,
541789.0,22086,6,17.7,,
541790.0,21212,2,1.1,,
541791.0,47566,2,9.9,,
541792.0,84879,1,1.69,,
541793.0,47566,1,4.95,,
541794.0,22423,2,25.5,,
541795.0,22086,6,17.7,,
541796.0,22423,1,12.75,,
541797.0,22086,4,11.8,,
541798.0,POST,6,108.0,,
541799.0,22086,1,2.95,,
541800.0,84879,1,1.69,,
541801.0,22720,2,9.9,,
541802.0,POST,2,36.0,,
541803.0,22086,2,5.9,,
541804.0,22383,4,6.6,,
541805.0,22423,2,25.5,,
541806.0,22423,12,153.0,,
541807.0,22086,1,2.95,,
541808.0,84879,6,10.14,,
541809.0,22423,2,25.5,,
541810.0,22720,4,19.8,,
541811.0,22423,1,12.75,,
541812.0,POST,6,108.0,,
541813.0,22423,2,25.5,,
541814.0,47566,1,4.95,,
541815.0,22383,1,1.65,,
541816.0,85123A,2,5.1,,
541817.0,22423,4,51.0,,
541818.0,85099B,1,1.95,,
541819.0,22086,4,11.8,,
541820.0,22086,4,11.8,,
541821.0,84879,2,3.38,,
541822.0,22720,2,9.9,,
541823.0,21212,2,1.1,,
541824.0,47566,4,19.8,,
541825.0,21212,1,0.55,,
541826.0,85123A,1,2.55,,
541827.0,POST,1,18.0,,
541828.0,22086,1,2.95,,
541829.0,POST,2,36.0,,
541830.0,85123A,2,5.1,,
541831.0,47566,2,9.9,,
541832.0,21212,6,3.3,,
541833.0,22383,6,9.9,,
541834.0,POST,2,36.0,,
541835.0,POST,4,72.0,,
541836.0,47566,1,4.95,,
541837.0,21212,2,1.1,,
541838.0,85123A,2,5.1,,
541839.0,22423,2,25.5,,
541840.0,22086,1,2.95,,
541841.0,22383,12,19.8,,
541842.0,POST,1,18.0,,
541843.0,22720,1,4.95,,
541844.0,22423,1,12.75,,
541845.0,84879,1,1.69,,
541846.0,47566,1,4.95,,
541847.0,85099B,1,1.95,,
541848.0,22720,1,4.95,,
541849.0,85099B,2,3.9,,
541850.0,85099B,6,11.7,,
541851.0,22423,2,25.5,,
541852.0,84879,1,1.69,,
541853.0,22423,2,25.5,,
541854.0,22086,2,5.9,,
541855.0,84879,4,6.76,,
541856.0,21212,1,0.55,,
541857.0,85123A,2,5.1,,
541858.0,POST,2,36.0,,
541859.0,85099B,1,1.95,,
541860.0,21212,2,1.1,,
541861.0,22720,2,9.9,,
541862.0,85099B,1,1.95,,
541863.0,22720,2,9.9,,
541864.0,22086,4,11.8,,
541865.0,POST,2,36.0,,
541866.0,85123A,1,2.55,,
541867.0,22423,1,12.75,,
541868.0,22423,2,25.5,,
541869.0,22086,2,5.9,,
541870.0,21212,1,0.55,,
541871.0,POST,4,72.0,,
541872.0,22720,2,9.9,,
541873.0,22423,2,25.5,,
541874.0,85099B,2,3.9,,
541875.0,47566,1,4.95,,
541876.0,22086,6,17.7,,
541877.0,POST,1,18.0,,
541878.0,85099B,4,7.8,,
541879.0,47566,24,118.8,,
541880.0,POST,1,18.0,,
541881.0,21212,6,3.3,,
541882.0,85099B,2,3.9,,
541883.0,POST,2,36.0,,
541884.0,22383,2,3.3,,
541885.0,85123A,1,2.55,,
541886.0,22086,1,2.95,,
541887.0,85123A,6,15.3,,
541888.0,85099B,6,11.7,,
541889.0,22423,4,51.0,,
541890.0,22720,1,4.95,,
541891.0,84879,2,3.38,,
541892.0,47566,2,9.9,,
541893.0,22720,2,9.9,,
541894.0,POST,12,216.0,,
541895.0,21212,2,1.1,,
541896.0,22423,2,25.5,,
541897.0,22720,12,59.4,,
541898.0,22086,6,17.7,,
541899.0,47566,1,4.95,,
541900.0,85099B,2,3.9,,
541901.0,47566,2,9.9,,
541902.0,47566,2,9.9,,
541903.0,85123A,2,5.1,,
541904.0,22086,2,5.9,,
541905.0,85123A,2,5.1,,
541906.0,84879,4,6.76,,
541907.0,POST,1,18.0,,
541908.0,85099B,6,11.7,,
541909.0,85099B,1,1.95,,
541910.0,85099B,4,7.8,,
541911.0,47566,2,9.9,,
541912.0,22720,6,29.7,,
541913.0,84879,1,1.69,,
105548.0,22720,1,0.0,,
541915.0,85099B,4,7.8,,
541916.0,POST,1,18.0,,
541917.0,22720,1,4.95,,
541918.0,47566,4,19.8,,
541919.0,47566,6,29.7,,
541920.0,22423,1,12.75,,
541921.0,21212,12,6.6,,
541922.0,47566,1,4.95,,
541923.0,22720,6,29.7,,
541924.0,85099B,1,1.95,,
541925.0,85123A,2,5.1,,
541926.0,22383,6,9.9,,
541927.0,84879,1,1.69,,
541928.0,85123A,1,2.55,,
541929.0,22383,6,9.9,,
541930.0,22423,1,12.75,,
541931.0,POST,4,72.0,,
541932.0,22720,1,4.95,,
541933.0,84879,1,1.69,,
541934.0,85123A,1,2.55,,
541935.0,47566,6,29.7,,
541936.0,85099B,1,1.95,,
541937.0,85099B,6,11.7,,
541938.0,POST,2,36.0,,
541939.0,84879,12,20.28,,
541940.0,22720,1,4.95,,
541941.0,47566,1,4.95,,
541942.0,85123A,1,2.55,,
541943.0,22423,1,12.75,,
541944.0,POST,1,18.0,,
541945.0,POST,1,18.0,,
541946.0,21212,6,3.3,,
541947.0,84879,1,1.69,,
541948.0,22383,1,1.65,,
105583.0,22383,1,0.0,,
541950.0,POST,6,108.0,,
541951.0,47566,2,9.9,,
541952.0,84879,6,10.14,,
541953.0,POST,4,72.0,,
541954.0,POST,4,72.0,,
541955.0,47566,1,4.95,,
541956.0,22086,2,5.9,,
541957.0,POST,1,18.0,,
541958.0,22720,4,19.8,,
541959.0,22383,2,3.3,,
541960.0,22720,2,9.9,,
541961.0,84879,6,10.14,,
541962.0,21212,1,0.55,,
541963.0,22383,1,1.65,,
541964.0,47566,1,4.95,,
541965.0,22086,2,5.9,,
541966.0,85123A,1,2.55,,
541967.0,85099B,1,1.95,,
541968.0,22720,1,4.95,,
541969.0,85099B,1,1.95,,
541970.0,POST,4,72.0,,
541971.0,47566,2,9.9,,
541972.0,POST,6,108.0,,
541973.0,21212,1,0.55,,
541974.0,84879,2,3.38,,
541975.0,85123A,2,5.1,,
541976.0,22383,6,9.9,,
541977.0,22086,4,11.8,,
541978.0,85099B,2,3.9,,
541979.0,84879,6,10.14,,
541980.0,21212,6,3.3,,
541981.0,22383,24,39.6,,
541982.0,47566,1,4.95,,
541983.0,22383,6,9.9,,
541984.0,22383,12,19.8,,
541985.0,84879,4,6.76,,
541986.0,22086,2,5.9,,
541987.0,85123A,6,15.3,,
541988.0,22423,1,12.75,,
541989.0,22383,1,1.65,,
541990.0,22383,12,19.8,,
541991.0,47566,1,4.95,,
541992.0,22086,1,2.95,,
541993.0,22720,2,9.9,,
541994.0,POST,1,18.0,,
541995.0,85123A,4,10.2,,
541996.0,POST,4,72.0,,
541997.0,47566,4,19.8,,
541998.0,21212,2,1.1,,
541999.0,POST,2,36.0,,
542000.0,22720,1,4.95,,
542001.0,47566,4,19.8,,
542002.0,22423,4,51.0,,
542003.0,85099B,12,23.4,,
542004.0,22720,1,4.95,,
542005.0,85123A,4,10.2,,
542006.0,22423,6,76.5,,
542007.0,85099B,2,3.9,,
542008.0,POST,1,18.0,,
542009.0,POST,6,108.0,,
542010.0,85123A,6,15.3,,
542011.0,22720,1,4.95,,
542012.0,POST,6,108.0,,
542013.0,POST,4,72.0,,
542014.0,22423,2,25.5,,
542015.0,POST,2,36.0,,
542016.0,22423,1,12.75,,
542017.0,85123A,12,30.6,,
542018.0,22086,2,5.9,,
542019.0,22720,2,9.9,,
542020.0,47566,2,9.9,,
542021.0,47566,1,4.95,,
542022.0,22720,24,118.8,,
542023.0,21212,1,0.55,,
542024.0,47566,6,29.7,,
542025.0,POST,1,18.0,,
542026.0,22383,2,3.3,,
542027.0,21212,12,6.6,,
542028.0,47566,2,9.9,,
542029.0,22383,6,9.9,,
542030.0,21212,1,0.55,,
542031.0,85123A,4,10.2,,
542032.0,85099B,1,1.95,,
105667.0,21212,1,0.0,,
542034.0,21212,1,0.55,,
542035.0,22423,6,76.5,,
542036.0,22383,2,3.3,,
542037.0,47566,1,4.95,,
542038.0,22423,6,76.5,,
542039.0,POST,4,72.0,,
542040.0,21212,12,6.6,,
542041.0,POST,2,36.0,,
542042.0,22086,2,5.9,,
542043.0,84879,6,10.14,,
542044.0,85123A,1,2.55,,
542045.0,85123A,4,10.2,,
542046.0,84879,6,10.14,,
542047.0,85123A,2,5.1,,
542048.0,85123A,1,2.55,,
105683.0,22720,1,0.0,,
542050.0,22383,4,6.6,,
542051.0,85099B,1,1.95,,
105686.0,85099B,1,0.0,,
542053.0,22720,1,4.95,,
542054.0,84879,1,1.69,,
542055.0,85123A,1,2.55,,
542056.0,21212,4,2.2,,
542057.0,22423,1,12.75,,
542058.0,POST,12,216.0,,
542059.0,22086,1,2.95,,
542060.0,POST,1,18.0,,
542061.0,85099B,2,3.9,,
542062.0,22086,2,5.9,,
542063.0,85123A,4,10.2,,
542064.0,22720,2,9.9,,
542065.0,POST,2,36.0,,
542066.0,85099B,1,1.95,,
542067.0,22086,12,35.4,,
542068.0,22383,1,1.65,,
542069.0,21212,1,0.55,,
542070.0,22383,4,6.6,,
542071.0,21212,1,0.55,,
542072.0,84879,24,40.56,,
542073.0,22086,4,11.8,,
542074.0,22086,1,2.95,,
542075.0,85099B,4,7.8,,
542076.0,POST,12,216.0,,
542077.0,84879,12,20.28,,
542078.0,85099B,4,7.8,,
542079.0,22423,2,25.5,,
542080.0,22720,2,9.9,,
542081.0,22383,4,6.6,,
542082.0,21212,2,1.1,,
542083.0,22086,6,17.7,,
542084.0,84879,1,1.69,,
542085.0,22383,1,1.65,,
542086.0,21212,4,2.2,,
542087.0,22423,1,12.75,,
542088.0,22086,1,2.95,,
542089.0,85099B,4,7.8,,
542090.0,47566,1,4.95,,
542091.0,22086,1,2.95,,
542092.0,22086,6,17.7,,
542093.0,21212,1,0.55,,
542094.0,22423,12,153.0,,
542095.0,85123A,1,2.55,,
542096.0,22720,6,29.7,,
542097.0,84879,2,3.38,,
542098.0,22086,1,2.95,,
542099.0,21212,2,1.1,,
542100.0,84879,1,1.69,,
542101.0,84879,24,40.56,,
542102.0,21212,4,2.2,,
542103.0,85123A,4,10.2,,
542104.0,22423,1,12.75,,
542105.0,84879,1,1.69,,
542106.0,85099B,4,7.8,,
542107.0,22383,1,1.65,,
542108.0,POST,12,216.0,,
542109.0,47566,2,9.9,,
105744.0,22086,1,0.0,,
542111.0,21212,12,6.6,,
542112.0,21212,12,6.6,,
542113.0,85099B,2,3.9,,
542114.0,22423,24,306.0,,
542115.0,84879,12,20.28,,
542116.0,21212,12,6.6,,
542117.0,85099B,1,1.95,,
542118.0,22383,4,6.6,,
542119.0,22423,4,51.0,,
542120.0,84879,1,1.69,,
105755.0,47566,1,0.0,,
542122.0,85123A,1,2.55,,
542123.0,22423,4,51.0,,
542124.0,85099B,2,3.9,,
542125.0,84879,2,3.38,,
542126.0,84879,6,10.14,,
542127.0,85123A,1,2.55,,
542128.0,22086,6,17.7,,
542129.0,22383,4,6.6,,
542130.0,POST,1,18.0,,
542131.0,22720,1,4.95,,
542132.0,22720,6,29.7,,
542133.0,22086,1,2.95,,
542134.0,22086,1,2.95,,
542135.0,22720,2,9.9,,
542136.0,22720,1,4.95,,
542137.0,85123A,1,2.55,,
542138.0,22383,1,1.65,,
542139.0,22423,2,25.5,,
542140.0,85099B,1,1.95,,
542141.0,85099B,2,3.9,,
542142.0,POST,4,72.0,,
542143.0,22086,4,11.8,,
542144.0,21212,1,0.55,,
542145.0,84879,1,1.69,,
542146.0,21212,2,1.1,,
542147.0,21212,2,1.1,,
542148.0,84879,1,1.69,,
542149.0,84879,1,1.69,,
542150.0,85123A,12,30.6,,
542151.0,47566,2,9.9,,
542152.0,85099B,1,1.95,,
542153.0,85099B,12,23.4,,
542154.0,22423,6,76.5,,
542155.0,POST,1,18.0,,
542156.0,21212,6,3.3,,
542157.0,22423,6,76.5,,
542158.0,22423,6,76.5,,
542159.0,85099B,6,11.7,,
542160.0,22720,1,4.95,,
542161.0,22383,1,1.65,,
542162.0,22383,1,1.65,,
542163.0,84879,2,3.38,,
542164.0,22086,1,2.95,,
542165.0,85123A,1,2.55,,
542166.0,84879,4,6.76,,
542167.0,85123A,1,2.55,,
542168.0,22423,2,25.5,,
542169.0,85123A,2,5.1,,
542170.0,22086,24,70.8,,
542171.0,22086,6,17.7,,
542172.0,22086,1,2.95,,
542173.0,47566,4,19.8,,
542174.0,POST,4,72.0,,
542175.0,85123A,4,10.2,,
542176.0,POST,2,36.0,,
542177.0,22086,2,5.9,,
542178.0,22720,24,118.8,,
542179.0,85123A,12,30.6,,
542180.0,85099B,1,1.95,,
542181.0,22423,1,12.75,,
542182.0,22383,4,6.6,,
542183.0,22720,1,4.95,,
542184.0,22720,2,9.9,,
542185.0,85099B,1,1.95,,
542186.0,22086,1,2.95,,
542187.0,85099B,1,1.95,,
542188.0,47566,4,19.8,,
542189.0,85099B,4,7.8,,
542190.0,47566,2,9.9,,
542191.0,22383,6,9.9,,
542192.0,85099B,1,1.95,,
542193.0,22383,1,1.65,,
542194.0,84879,6,10.14,,
542195.0,84879,24,40.56,,
542196.0,POST,1,18.0,,
542197.0,POST,1,18.0,,
542198.0,84879,1,1.69,,
542199.0,21212,4,2.2,,
105834.0,22720,1,0.0,,
542201.0,47566,2,9.9,,
542202.0,47566,6,29.7,,
542203.0,84879,12,20.28,,
542204.0,22086,1,2.95,,
542205.0,POST,1,18.0,,
542206.0,22423,1,12.75,,
542207.0,22720,6,29.7,,
542208.0,22423,1,12.75,,
542209.0,POST,2,36.0,,
542210.0,22423,4,51.0,,
542211.0,85123A,1,2.55,,
542212.0,47566,2,9.9,,
542213.0,85123A,6,15.3,,
542214.0,22720,6,29.7,,
542215.0,POST,2,36.0,,
542216.0,22720,2,9.9,,
542217.0,85099B,2,3.9,,
542218.0,47566,1,4.95,,
542219.0,22720,1,4.95,,
542220.0,POST,2,36.0,,
542221.0,85099B,1,1.95,,
542222.0,22086,24,70.8,,
542223.0,POST,12,216.0,,
542224.0,22383,12,19.8,,
542225.0,21212,1,0.55,,
542226.0,22383,1,1.65,,
542227.0,85123A,4,10.2,,
542228.0,21212,2,1.1,,
542229.0,POST,4,72.0,,
542230.0,85099B,2,3.9,,
542231.0,22423,4,51.0,,
542232.0,84879,2,3.38,,
542233.0,22086,6,17.7,,
542234.0,85099B,1,1.95,,
542235.0,85099B,6,11.7,,
542236.0,47566,4,19.8,,
542237.0,22086,6,17.7,,
542238.0,22086,1,2.95,,
542239.0,84879,1,1.69,,
542240.0,22720,2,9.9,,
542241.0,22086,24,70.8,,
542242.0,22720,4,19.8,,
542243.0,85123A,1,2.55,,
542244.0,85123A,1,2.55,,
542245.0,84879,4,6.76,,
542246.0,84879,2,3.38,,
542247.0,22423,1,12.75,,
542248.0,85099B,6,11.7,,
542249.0,22720,2,9.9,,
542250.0,POST,4,72.0,,
542251.0,22383,1,1.65,,
542252.0,85123A,6,15.3,,
542253.0,POST,2,36.0,,
542254.0,84879,6,10.14,,
542255.0,47566,4,19.8,,
542256.0,84879,1,1.69,,
542257.0,22086,2,5.9,,
105892.0,84879,1,0.0,,
542259.0,21212,1,0.55,,
542260.0,22383,1,1.65,,
542261.0,POST,1,18.0,,
542262.0,22086,12,35.4,,
542263.0,22383,1,1.65,,
542264.0,47566,2,9.9,,
542265.0,85123A,6,15.3,,
542266.0,22383,1,1.65,,
542267.0,47566,1,4.95,,
542268.0,47566,12,59.4,,
542269.0,22086,12,35.4,,
542270.0,85123A,4,10.2,,
542271.0,22423,1,12.75,,
542272.0,22086,12,35.4,,
542273.0,84879,6,10.14,,
542274.0,85099B,1,1.95,,
542275.0,22086,4,11.8,,
542276.0,21212,24,13.2,,
542277.0,22720,2,9.9,,
542278.0,22086,6,17.7,,
542279.0,22720,1,4.95,,
542280.0,22086,1,2.95,,
542281.0,21212,24,13.2,,
542282.0,22720,2,9.9,,
542283.0,84879,1,1.69,,
542284.0,47566,1,4.95,,
542285.0,85123A,12,30.6,,
542286.0,POST,1,18.0,,
542287.0,85099B,4,7.8,,
542288.0,85099B,6,11.7,,
542289.0,22086,1,2.95,,
542290.0,22086,1,2.95,,
542291.0,21212,1,0.55,,
542292.0,22720,2,9.9,,
542293.0,85123A,1,2.55,,
542294.0,POST,2,36.0,,
542295.0,22086,1,2.95,,
542296.0,85123A,6,15.3,,
542297.0,22423,6,76.5,,
542298.0,22720,4,19.8,,
542299.0,22086,4,11.8,,
542300.0,22720,1,4.95,,
542301.0,85123A,2,5.1,,
542302.0,22383,1,1.65,,
542303.0,22086,1,2.95,,
542304.0,84879,6,10.14,,
542305.0,22720,2,9.9,,
542306.0,22423,4,51.0,,
542307.0,22086,1,2.95,,
542308.0,22383,2,3.3,,
542309.0,22086,4,11.8,,
105944.0,22720,1,0.0,,
542311.0,84879,1,1.69,,
542312.0,22423,6,76.5,,
542313.0,22086,6,17.7,,
542314.0,22383,6,9.9,,
542315.0,47566,2,9.9,,
542316.0,84879,6,10.14,,
542317.0,85123A,2,5.1,,
542318.0,22720,4,19.8,,
542319.0,22086,4,11.8,,
542320.0,85099B,1,1.95,,
105955.0,22423,1,0.0,,
542322.0,85123A,6,15.3,,
542323.0,22086,1,2.95,,
542324.0,85123A,1,2.55,,
542325.0,21212,1,0.55,,
542326.0,22423,1,12.75,,
542327.0,22086,1,2.95,,
542328.0,21212,12,6.6,,
542329.0,POST,2,36.0,,
542330.0,47566,1,4.95,,
542331.0,22086,12,35.4,,
542332.0,22086,6,17.7,,
542333.0,22720,12,59.4,,
542334.0,85099B,4,7.8,,
542335.0,85099B,2,3.9,,
542336.0,22720,2,9.9,,
542337.0,85123A,2,5.1,,
542338.0,21212,2,1.1,,
542339.0,21212,1,0.55,,
542340.0,85123A,1,2.55,,
542341.0,85099B,1,1.95,,
542342.0,47566,1,4.95,,
542343.0,85123A,24,61.2,,
542344.0,22423,2,25.5,,
542345.0,22423,2,25.5,,
542346.0,85123A,2,5.1,,
542347.0,85123A,2,5.1,,
542348.0,47566,2,9.9,,
542349.0,22086,1,2.95,,
542350.0,POST,2,36.0,,
542351.0,22720,2,9.9,,
542352.0,21212,2,1.1,,
542353.0,POST,1,18.0,,
542354.0,84879,6,10.14,,
542355.0,85123A,1,2.55,,
542356.0,22086,12,35.4,,
542357.0,84879,1,1.69,,
105992.0,85099B,1,0.0,,
542359.0,22423,2,25.5,,
542360.0,22383,4,6.6,,
542361.0,47566,2,9.9,,
542362.0,21212,24,13.2,,
542363.0,22383,1,1.65,,
105998.0,84879,1,0.0,,
542365.0,22720,24,118.8,,
542366.0,22086,6,17.7,,
542367.0,22423,2,25.5,,
542368.0,21212,4,2.2,,
542369.0,85123A,1,2.55,,
542370.0,85099B,6,11.7,,
542371.0,47566,1,4.95,,
542372.0,84879,2,3.38,,
542373.0,85099B,6,11.7,,
542374.0,22086,1,2.95,,
542375.0,22086,12,35.4,,
542376.0,22423,1,12.75,,
542377.0,85123A,2,5.1,,
542378.0,22423,12,153.0,,
542379.0,POST,12,216.0,,
542380.0,22383,1,1.65,,
542381.0,84879,1,1.69,,
542382.0,84879,2,3.38,,
542383.0,22383,1,1.65,,
542384.0,22720,1,4.95,,
542385.0,22423,4,51.0,,
542386.0,47566,6,29.7,,
542387.0,22720,1,4.95,,
542388.0,POST,12,216.0,,
542389.0,21212,1,0.55,,
542390.0,22383,1,1.65,,
542391.0,22720,4,19.8,,
542392.0,21212,1,0.55,,
542393.0,84879,4,6.76,,
542394.0,85099B,1,1.95,,
542395.0,POST,1,18.0,,
542396.0,85123A,1,2.55,,
542397.0,22423,1,12.75,,
542398.0,85123A,4,10.2,,
542399.0,85099B,24,46.8,,
542400.0,84879,6,10.14,,
542401.0,22086,1,2.95,,
542402.0,84879,6,10.14,,
542403.0,21212,6,3.3,,
542404.0,22720,1,4.95,,
542405.0,84879,1,1.69,,
542406.0,22383,2,3.3,,
542407.0,22086,6,17.7,,
542408.0,22423,1,12.75,,
542409.0,47566,1,4.95,,
542410.0,85123A,2,5.1,,
542411.0,47566,1,4.95,,
542412.0,47566,1,4.95,,
542413.0,85099B,2,3.9,,
542414.0,22720,1,4.95,,
542415.0,21212,1,0.55,,
542416.0,85099B,12,23.4,,
542417.0,22423,1,12.75,,
542418.0,85123A,1,2.55,,
542419.0,22383,1,1.65,,
542420.0,47566,2,9.9,,
542421.0,85099B,1,1.95,,
542422.0,85123A,2,5.1,,
542423.0,POST,1,18.0,,
542424.0,22720,1,4.95,,
542425.0,21212,1,0.55,,
542426.0,22086,1,2.95,,
542427.0,21212,2,1.1,,
542428.0,85123A,12,30.6,,
542429.0,22383,1,1.65,,
542430.0,22423,2,25.5,,
542431.0,22720,1,4.95,,
542432.0,22423,4,51.0,,
542433.0,22086,6,17.7,,
542434.0,84879,4,6.76,,
542435.0,85099B,1,1.95,,
542436.0,22423,2,25.5,,
542437.0,84879,1,1.69,,
542438.0,21212,2,1.1,,
542439.0,POST,12,216.0,,
106074.0,47566,1,0.0,,
542441.0,84879,12,20.28,,
542442.0,22383,2,3.3,,
542443.0,85123A,4,10.2,,
542444.0,84879,4,6.76,,
542445.0,22423,12,153.0,,
542446.0,85123A,1,2.55,,
542447.0,POST,1,18.0,,
542448.0,84879,2,3.38,,
542449.0,22423,12,153.0,,
106084.0,22423,1,0.0,,
542451.0,22720,2,9.9,,
542452.0,84879,1,1.69,,
542453.0,85123A,6,15.3,,
542454.0,84879,1,1.69,,
542455.0,84879,2,3.38,,
542456.0,22720,1,4.95,,
542457.0,21212,1,0.55,,
542458.0,47566,6,29.7,,
542459.0,22720,1,4.95,,
542460.0,22383,1,1.65,,
542461.0,85123A,2,5.1,,
542462.0,21212,4,2.2,,
542463.0,85123A,2,5.1,,
542464.0,84879,1,1.69,,
542465.0,84879,6,10.14,,
542466.0,22383,1,1.65,,
542467.0,POST,1,18.0,,
542468.0,22423,4,51.0,,
542469.0,85099B,6,11.7,,
542470.0,22383,2,3.3,,
542471.0,22423,1,12.75,,
542472.0,22720,1,4.95,,
542473.0,22720,12,59.4,,
542474.0,22086,1,2.95,,
542475.0,85123A,1,2.55,,
542476.0,22423,1,12.75,,
542477.0,21212,6,3.3,,
542478.0,22720,1,4.95,,
542479.0,85123A,2,5.1,,
542480.0,21212,2,1.1,,
542481.0,47566,1,4.95,,
542482.0,85123A,4,10.2,,
542483.0,84879,2,3.38,,
542484.0,85123A,4,10.2,,
542485.0,POST,2,36.0,,
542486.0,47566,4,19.8,,
542487.0,84879,2,3.38,,
542488.0,85123A,1,2.55,,
542489.0,47566,1,4.95,,
542490.0,22720,2,9.9,,
542491.0,47566,1,4.95,,
542492.0,21212,2,1.1,,
542493.0,85123A,12,30.6,,
542494.0,85099B,6,11.7,,
542495.0,22720,4,19.8,,
542496.0,22383,2,3.3,,
542497.0,21212,1,0.55,,
542498.0,POST,1,18.0,,
542499.0,22086,4,11.8,,
542500.0,21212,6,3.3,,
542501.0,21212,6,3.3,,
542502.0,POST,12,216.0,,
542503.0,21212,4,2.2,,
542504.0,84879,4,6.76,,
542505.0,POST,1,18.0,,
542506.0,21212,2,1.1,,
542507.0,85123A,4,10.2,,
542508.0,22423,12,153.0,,
542509.0,84879,1,1.69,,
542510.0,POST,2,36.0,,
542511.0,POST,6,108.0,,
542512.0,POST,4,72.0,,
542513.0,21212,4,2.2,,
542514.0,22720,4,19.8,,
542515.0,85123A,1,2.55,,
542516.0,85123A,6,15.3,,
542517.0,22423,1,12.75,,
542518.0,84879,6,10.14,,
542519.0,85123A,2,5.1,,
542520.0,22423,1,12.75,,
542521.0,22720,6,29.7,,
542522.0,47566,4,19.8,,
542523.0,21212,2,1.1,,
542524.0,85123A,4,10.2,,
542525.0,84879,4,6.76,,
542526.0,84879,6,10.14,,
542527.0,22720,6,29.7,,
542528.0,22423,4,51.0,,
542529.0,POST,1,18.0,,
542530.0,22383,12,19.8,,
542531.0,47566,1,4.95,,
542532.0,22423,12,153.0,,
542533.0,21212,1,0.55,,
542534.0,85123A,4,10.2,,
542535.0,22720,6,29.7,,
542536.0,22383,2,3.3,,
542537.0,22086,4,11.8,,
542538.0,POST,24,432.0,,
542539.0,47566,24,118.8,,
542540.0,47566,2,9.9,,
542541.0,84879,1,1.69,,
542542.0,85099B,2,3.9,,
542543.0,85099B,2,3.9,,
542544.0,85099B,6,11.7,,
542545.0,84879,1,1.69,,
542546.0,47566,24,118.8,,
542547.0,84879,4,6.76,,
542548.0,85123A,24,61.2,,
542549.0,85123A,1,2.55,,
106184.0,84879,1,0.0,,
542551.0,22720,1,4.95,,
542552.0,22720,1,4.95,,
542553.0,POST,12,216.0,,
542554.0,22423,2,25.5,,
542555.0,POST,1,18.0,,
542556.0,22086,2,5.9,,
542557.0,22086,1,2.95,,
542558.0,22383,2,3.3,,
542559.0,22086,6,17.7,,
542560.0,22383,6,9.9,,
542561.0,21212,1,0.55,,
542562.0,21212,1,0.55,,
542563.0,85123A,1,2.55,,
542564.0,85099B,1,1.95,,
542565.0,22423,2,25.5,,
542566.0,22720,4,19.8,,
542567.0,22086,4,11.8,,
542568.0,84879,2,3.38,,
542569.0,22423,6,76.5,,
542570.0,21212,1,0.55,,
542571.0,22383,2,3.3,,
542572.0,22720,6,29.7,,
542573.0,84879,2,3.38,,
542574.0,22086,2,5.9,,
542575.0,85123A,1,2.55,,
542576.0,47566,4,19.8,,
542577.0,22423,6,76.5,,
106212.0,21212,1,0.0,,
542579.0,47566,2,9.9,,
542580.0,POST,4,72.0,,
542581.0,85099B,4,7.8,,
542582.0,21212,1,0.55,,
542583.0,21212,2,1.1,,
542584.0,POST,1,18.0,,
542585.0,22720,2,9.9,,
542586.0,22086,6,17.7,,
542587.0,POST,6,108.0,,
542588.0,21212,2,1.1,,
542589.0,22086,2,5.9,,
542590.0,85123A,2,5.1,,
542591.0,85123A,1,2.55,,
542592.0,47566,1,4.95,,
542593.0,22423,4,51.0,,
542594.0,84879,2,3.38,,
542595.0,22383,4,6.6,,
542596.0,85099B,1,1.95,,
542597.0,22086,4,11.8,,
542598.0,22086,2,5.9,,
542599.0,21212,6,3.3,,
542600.0,POST,4,72.0,,
542601.0,22720,2,9.9,,
542602.0,85099B,2,3.9,,
542603.0,22086,2,5.9,,
542604.0,21212,1,0.55,,
542605.0,84879,6,10.14,,
542606.0,21212,2,1.1,,
542607.0,47566,2,9.9,,
542608.0,22423,2,25.5,,
542609.0,22423,1,12.75,,
542610.0,85123A,1,2.55,,
542611.0,POST,1,18.0,,
542612.0,47566,1,4.95,,
542613.0,22423,4,51.0,,
542614.0,22383,1,1.65,,
542615.0,22086,2,5.9,,
542616.0,22720,2,9.9,,
542617.0,22086,12,35.4,,
542618.0,85099B,4,7.8,,
542619.0,47566,1,4.95,,
542620.0,22423,12,153.0,,
542621.0,85099B,4,7.8,,
542622.0,85099B,6,11.7,,
542623.0,POST,2,36.0,,
542624.0,47566,1,4.95,,
542625.0,22423,1,12.75,,
542626.0,85099B,4,7.8,,
542627.0,85123A,1,2.55,,
542628.0,POST,1,18.0,,
542629.0,84879,1,1.69,,
542630.0,21212,1,0.55,,
542631.0,85099B,6,11.7,,
542632.0,22720,1,4.95,,
542633.0,22423,12,153.0,,
542634.0,21212,2,1.1,,
542635.0,22383,4,6.6,,
542636.0,84879,1,1.69,,
542637.0,47566,1,4.95,,
542638.0,21212,2,1.1,,
542639.0,85099B,1,1.95,,
542640.0,21212,2,1.1,,
542641.0,21212,6,3.3,,
542642.0,47566,2,9.9,,
542643.0,22423,2,25.5,,
542644.0,85123A,2,5.1,,
542645.0,85099B,1,1.95,,
542646.0,85099B,4,7.8,,
542647.0,84879,24,40.56,,
542648.0,22720,6,29.7,,
542649.0,22720,2,9.9,,
106284.0,22720,1,0.0,,
542651.0,22423,12,153.0,,
542652.0,22423,1,12.75,,
542653.0,22383,2,3.3,,
542654.0,22720,1,4.95,,
542655.0,21212,4,2.2,,
542656.0,22720,1,4.95,,
106291.0,22383,1,0.0,,
542658.0,84879,1,1.69,,
542659.0,22720,2,9.9,,
542660.0,21212,2,1.1,,
542661.0,85123A,6,15.3,,
542662.0,22086,2,5.9,,
542663.0,85099B,1,1.95,,
542664.0,85099B,4,7.8,,
542665.0,POST,2,36.0,,
542666.0,22086,2,5.9,,
542667.0,85099B,1,1.95,,
542668.0,22720,6,29.7,,
542669.0,84879,2,3.38,,
542670.0,85123A,2,5.1,,
542671.0,22086,2,5.9,,
542672.0,21212,1,0.55,,
542673.0,22720,4,19.8,,
542674.0,47566,6,29.7,,
542675.0,47566,1,4.95,,
542676.0,POST,2,36.0,,
542677.0,22383,2,3.3,,
542678.0,22423,2,25.5,,
542679.0,22423,1,12.75,,
542680.0,85123A,1,2.55,,
542681.0,22423,2,25.5,,
542682.0,85123A,1,2.55,,
542683.0,POST,6,108.0,,
542684.0,22383,4,6.6,,
542685.0,POST,1,18.0,,
542686.0,22086,1,2.95,,
542687.0,85123A,4,10.2,,
542688.0,85123A,4,10.2,,
542689.0,22383,2,3.3,,
542690.0,22720,2,9.9,,
542691.0,21212,2,1.1,,
542692.0,22423,1,12.75,,
542693.0,21212,1,0.55,,
542694.0,47566,12,59.4,,
542695.0,POST,1,18.0,,
542696.0,22720,2,9.9,,
542697.0,22086,2,5.9,,
542698.0,21212,4,2.2,,
542699.0,85123A,4,10.2,,
542700.0,POST,4,72.0,,
542701.0,85099B,2,3.9,,
542702.0,85123A,1,2.55,,
542703.0,22423,2,25.5,,
542704.0,POST,2,36.0,,
542705.0,84879,1,1.69,,
542706.0,22423,12,153.0,,
542707.0,85123A,12,30.6,,
542708.0,21212,4,2.2,,
542709.0,21212,1,0.55,,
542710.0,85123A,1,2.55,,
542711.0,21212,4,2.2,,
542712.0,21212,1,0.55,,
542713.0,22383,2,3.3,,
542714.0,85123A,1,2.55,,
542715.0,21212,4,2.2,,
542716.0,22423,4,51.0,,
542717.0,85099B,1,1.95,,
542718.0,22383,4,6.6,,
542719.0,22383,1,1.65,,
542720.0,22423,2,25.5,,
542721.0,21212,1,0.55,,
542722.0,85099B,6,11.7,,
542723.0,22086,6,17.7,,
542724.0,47566,1,4.95,,
542725.0,84879,2,3.38,,
542726.0,85099B,4,7.8,,
542727.0,85123A,12,30.6,,
106362.0,22383,1,0.0,,
542729.0,84879,12,20.28,,
542730.0,47566,2,9.9,,
542731.0,85123A,6,15.3,,
542732.0,22423,6,76.5,,
542733.0,84879,1,1.69,,
542734.0,21212,1,0.55,,
542735.0,84879,2,3.38,,
542736.0,22086,1,2.95,,
542737.0,22086,2,5.9,,
542738.0,22423,1,12.75,,
542739.0,22423,2,25.5,,
542740.0,22383,6,9.9,,
542741.0,85123A,2,5.1,,
542742.0,22720,1,4.95,,
542743.0,22423,1,12.75,,
542744.0,84879,2,3.38,,
542745.0,22086,1,2.95,,
542746.0,84879,12,20.28,,
542747.0,84879,1,1.69,,
542748.0,22383,4,6.6,,
542749.0,22423,6,76.5,,
542750.0,POST,2,36.0,,
542751.0,47566,4,19.8,,
542752.0,22423,6,76.5,,
542753.0,22423,6,76.5,,
542754.0,POST,6,108.0,,
542755.0,22423,6,76.5,,
542756.0,POST,1,18.0,,
542757.0,POST,1,18.0,,
542758.0,84879,4,6.76,,
542759.0,85123A,4,10.2,,
106394.0,47566,1,0.0,,
542761.0,47566,6,29.7,,
542762.0,22383,1,1.65,,
542763.0,22720,1,4.95,,
542764.0,47566,6,29.7,,
542765.0,21212,1,0.55,,
542766.0,POST,6,108.0,,
542767.0,21212,12,6.6,,
542768.0,22720,2,9.9,,
542769.0,POST,4,72.0,,
542770.0,22720,4,19.8,,
542771.0,85123A,2,5.1,,
542772.0,22720,4,19.8,,
542773.0,22720,2,9.9,,
542774.0,22423,4,51.0,,
542775.0,85123A,1,2.55,,
542776.0,22423,1,12.75,,
542777.0,22720,12,59.4,,
542778.0,22086,2,5.9,,
542779.0,POST,2,36.0,,
542780.0,85123A,2,5.1,,
542781.0,22086,2,5.9,,
542782.0,22423,1,12.75,,
542783.0,84879,1,1.69,,
542784.0,22720,6,29.7,,
542785.0,22383,2,3.3,,
542786.0,84879,2,3.38,,
542787.0,22086,1,2.95,,
542788.0,22423,1,12.75,,
542789.0,84879,2,3.38,,
542790.0,85123A,1,2.55,,
542791.0,22423,2,25.5,,
542792.0,POST,6,108.0,,
542793.0,22383,6,9.9,,
542794.0,22423,12,153.0,,
542795.0,22383,4,6.6,,
542796.0,85099B,4,7.8,,
542797.0,84879,1,1.69,,
542798.0,22383,2,3.3,,
542799.0,47566,1,4.95,,
542800.0,22423,2,25.5,,
542801.0,47566,1,4.95,,
542802.0,47566,1,4.95,,
542803.0,21212,4,2.2,,
542804.0,22086,2,5.9,,
542805.0,22086,4,11.8,,
542806.0,84879,4,6.76,,
542807.0,85099B,2,3.9,,
542808.0,22086,2,5.9,,
542809.0,22383,4,6.6,,
542810.0,POST,1,18.0,,
542811.0,21212,2,1.1,,
106446.0,21212,1,0.0,,
542813.0,84879,4,6.76,,
542814.0,22720,1,4.95,,
542815.0,POST,1,18.0,,
542816.0,85099B,1,1.95,,
542817.0,POST,2,36.0,,
542818.0,22086,4,11.8,,
542819.0,22423,1,12.75,,
542820.0,22720,24,118.8,,
542821.0,85123A,2,5.1,,
106456.0,22423,1,0.0,,
542823.0,22423,1,12.75,,
542824.0,POST,4,72.0,,
542825.0,47566,12,59.4,,
542826.0,85123A,24,61.2,,
542827.0,21212,2,1.1,,
542828.0,21212,1,0.55,,
542829.0,85123A,2,5.1,,
542830.0,85099B,1,1.95,,
542831.0,21212,6,3.3,,
542832.0,POST,1,18.0,,
542833.0,21212,1,0.55,,
542834.0,84879,1,1.69,,
106469.0,22720,1,0.0,,
542836.0,22720,6,29.7,,
542837.0,84879,1,1.69,,
542838.0,21212,6,3.3,,
542839.0,22720,12,59.4,,
542840.0,47566,1,4.95,,
542841.0,47566,2,9.9,,
542842.0,21212,1,0.55,,
542843.0,47566,4,19.8,,
542844.0,22086,1,2.95,,
542845.0,22086,4,11.8,,
542846.0,22720,24,118.8,,
542847.0,21212,6,3.3,,
542848.0,47566,2,9.9,,
542849.0,22383,6,9.9,,
542850.0,84879,2,3.38,,
542851.0,84879,1,1.69,,
106486.0,85099B,1,0.0,,
542853.0,22423,1,12.75,,
542854.0,84879,2,3.38,,
542855.0,85099B,4,7.8,,
542856.0,POST,6,108.0,,
542857.0,22383,12,19.8,,
542858.0,22086,4,11.8,,
542859.0,22086,4,11.8,,
542860.0,22720,1,4.95,,
542861.0,85123A,1,2.55,,
542862.0,47566,1,4.95,,
542863.0,85099B,12,23.4,,
542864.0,85099B,2,3.9,,
542865.0,85123A,4,10.2,,
542866.0,22720,4,19.8,,
542867.0,22720,1,4.95,,
542868.0,22423,2,25.5,,
542869.0,85099B,1,1.95,,
542870.0,85123A,24,61.2,,
106505.0,22086,1,0.0,,
542872.0,21212,4,2.2,,
542873.0,21212,4,2.2,,
542874.0,21212,4,2.2,,
542875.0,85099B,1,1.95,,
542876.0,47566,1,4.95,,
542877.0,21212,1,0.55,,
542878.0,21212,1,0.55,,
542879.0,22383,1,1.65,,
542880.0,22720,12,59.4,,
542881.0,POST,4,72.0,,
542882.0,85123A,6,15.3,,
542883.0,85099B,1,1.95,,
542884.0,22383,1,1.65,,
542885.0,POST,4,72.0,,
542886.0,85123A,1,2.55,,
542887.0,22383,2,3.3,,
542888.0,47566,4,19.8,,
542889.0,21212,6,3.3,,
542890.0,22086,2,5.9,,
542891.0,85123A,6,15.3,,
542892.0,85099B,6,11.7,,
542893.0,22383,1,1.65,,
542894.0,22086,1,2.95,,
542895.0,22423,6,76.5,,
542896.0,85099B,4,7.8,,
542897.0,22086,1,2.95,,
542898.0,85099B,12,23.4,,
542899.0,22720,1,4.95,,
542900.0,84879,2,3.38,,
542901.0,47566,2,9.9,,
542902.0,22720,12,59.4,,
542903.0,85099B,4,7.8,,
106538.0,47566,1,0.0,,
542905.0,22086,1,2.95,,
542906.0,22086,6,17.7,,
542907.0,22720,1,4.95,,
542908.0,22423,2,25.5,,
542909.0,85099B,1,1.95,,
542910.0,22720,1,4.95,,
542911.0,85123A,4,10.2,,
542912.0,84879,1,1.69,,
542913.0,22383,4,6.6,,
542914.0,22423,4,51.0,,
542915.0,85123A,2,5.1,,
542916.0,84879,6,10.14,,
542917.0,22720,2,9.9,,
542918.0,22423,6,76.5,,
542919.0,22383,6,9.9,,
542920.0,85099B,2,3.9,,
542921.0,47566,12,59.4,,
542922.0,84879,4,6.76,,
542923.0,21212,1,0.55,,
542924.0,22086,12,35.4,,
106559.0,22720,1,0.0,,
542926.0,22086,12,35.4,,
542927.0,85123A,1,2.55,,
542928.0,22086,6,17.7,,
542929.0,47566,1,4.95,,
542930.0,21212,1,0.55,,
542931.0,47566,6,29.7,,
542932.0,22423,2,25.5,,
542933.0,22383,12,19.8,,
542934.0,85123A,6,15.3,,
542935.0,22423,2,25.5,,
106570.0,85099B,1,0.0,,
106571.0,22383,1,0.0,,
542938.0,22383,4,6.6,,
542939.0,22086,2,5.9,,
542940.0,22383,6,9.9,,
542941.0,84879,6,10.14,,
542942.0,22423,4,51.0,,
542943.0,21212,6,3.3,,
542944.0,85123A,4,10.2,,
542945.0,22720,1,4.95,,
542946.0,21212,12,6.6,,
542947.0,21212,24,13.2,,
542948.0,21212,1,0.55,,
542949.0,21212,1,0.55,,
542950.0,22086,1,2.95,,
542951.0,POST,4,72.0,,
542952.0,85123A,12,30.6,,
542953.0,22720,4,19.8,,
542954.0,22383,1,1.65,,
542955.0,22720,12,59.4,,
542956.0,POST,2,36.0,,
542957.0,22383,12,19.8,,
542958.0,84879,1,1.69,,
542959.0,21212,1,0.55,,
542960.0,85099B,2,3.9,,
542961.0,22383,1,1.65,,
542962.0,85099B,1,1.95,,
542963.0,85123A,1,2.55,,
542964.0,85123A,12,30.6,,
542965.0,POST,1,18.0,,
542966.0,85123A,1,2.55,,
542967.0,22720,1,4.95,,
542968.0,22383,2,3.3,,
542969.0,85123A,2,5.1,,
542970.0,47566,4,19.8,,
542971.0,22383,6,9.9,,
542972.0,85099B,6,11.7,,
542973.0,POST,2,36.0,,
542974.0,POST,12,216.0,,
542975.0,22423,1,12.75,,
542976.0,22423,4,51.0,,
542977.0,POST,6,108.0,,
542978.0,22086,6,17.7,,
542979.0,21212,6,3.3,,
542980.0,POST,1,18.0,,
542981.0,21212,2,1.1,,
542982.0,22086,1,2.95,,
542983.0,22086,4,11.8,,
542984.0,22383,6,9.9,,
542985.0,84879,6,10.14,,
542986.0,22720,2,9.9,,
542987.0,84879,1,1.69,,
542988.0,POST,6,108.0,,
542989.0,85099B,1,1.95,,
542990.0,21212,4,2.2,,
542991.0,85099B,6,11.7,,
542992.0,22383,12,19.8,,
542993.0,22423,4,51.0,,
542994.0,22423,2,25.5,,
542995.0,85123A,1,2.55,,
542996.0,22423,1,12.75,,
542997.0,85099B,6,11.7,,
542998.0,22423,4,51.0,,
542999.0,22086,1,2.95,,
543000.0,22423,2,25.5,,
543001.0,22720,1,4.95,,
543002.0,22086,1,2.95,,
543003.0,22383,1,1.65,,
543004.0,47566,1,4.95,,
543005.0,22423,4,51.0,,
543006.0,22720,12,59.4,,
543007.0,85123A,2,5.1,,
543008.0,POST,2,36.0,,
543009.0,22423,4,51.0,,
543010.0,22423,2,25.5,,
543011.0,47566,6,29.7,,
543012.0,85099B,1,1.95,,
543013.0,22423,2,25.5,,
543014.0,22383,6,9.9,,
543015.0,84879,4,6.76,,
543016.0,85099B,4,7.8,,
543017.0,POST,1,18.0,,
543018.0,85099B,6,11.7,,
543019.0,84879,1,1.69,,
543020.0,47566,1,4.95,,
543021.0,22423,12,153.0,,
543022.0,22086,1,2.95,,
543023.0,47566,24,118.8,,
543024.0,22423,2,25.5,,
543025.0,21212,1,0.55,,
543026.0,47566,1,4.95,,
543027.0,POST,4,72.0,,
543028.0,21212,1,0.55,,
543029.0,84879,2,3.38,,
543030.0,22383,1,1.65,,
543031.0,22423,12,153.0,,
543032.0,84879,12,20.28,,
543033.0,85099B,1,1.95,,
543034.0,22383,12,19.8,,
543035.0,21212,12,6.6,,
543036.0,85123A,1,2.55,,
543037.0,47566,2,9.9,,
543038.0,22383,4,6.6,,
543039.0,22720,6,29.7,,
543040.0,85099B,1,1.95,,
543041.0,22720,2,9.9,,
543042.0,47566,12,59.4,,
543043.0,22423,6,76.5,,
543044.0,85123A,4,10.2,,
543045.0,22720,4,19.8,,
543046.0,22423,2,25.5,,
543047.0,47566,1,4.95,,
543048.0,22383,2,3.3,,
543049.0,84879,4,6.76,,
543050.0,84879,2,3.38,,
543051.0,84879,4,6.76,,
543052.0,47566,1,4.95,,
543053.0,21212,2,1.1,,
543054.0,85099B,4,7.8,,
543055.0,85099B,2,3.9,,
543056.0,21212,4,2.2,,
543057.0,22383,1,1.65,,
543058.0,84879,2,3.38,,
543059.0,22720,2,9.9,,
543060.0,22086,1,2.95,,
543061.0,22086,4,11.8,,
543062.0,47566,4,19.8,,
543063.0,85123A,6,15.3,,
543064.0,22086,1,2.95,,
543065.0,22383,6,9.9,,
543066.0,85123A,4,10.2,,
543067.0,POST,4,72.0,,
543068.0,84879,1,1.69,,
543069.0,POST,2,36.0,,
543070.0,22720,12,59.4,,
543071.0,85123A,4,10.2,,
106706.0,22086,1,0.0,,
543073.0,85123A,1,2.55,,
543074.0,22383,6,9.9,,
543075.0,84879,1,1.69,,
543076.0,84879,2,3.38,,
543077.0,22720,12,59.4,,
543078.0,22720,1,4.95,,
543079.0,22383,4,6.6,,
543080.0,22423,2,25.5,,
543081.0,21212,1,0.55,,
543082.0,84879,2,3.38,,
543083.0,POST,6,108.0,,
543084.0,POST,1,18.0,,
543085.0,22423,1,12.75,,
543086.0,47566,2,9.9,,
543087.0,22423,4,51.0,,
543088.0,22720,4,19.8,,
543089.0,22423,6,76.5,,
543090.0,22720,1,4.95,,
543091.0,21212,2,1.1,,
543092.0,21212,12,6.6,,
543093.0,21212,1,0.55,,
543094.0,47566,1,4.95,,
543095.0,47566,2,9.9,,
543096.0,84879,2,3.38,,
543097.0,47566,4,19.8,,
543098.0,22720,6,29.7,,
543099.0,84879,6,10.14,,
543100.0,22086,6,17.7,,
543101.0,21212,2,1.1,,
543102.0,85099B,1,1.95,,
543103.0,47566,1,4.95,,
543104.0,POST,1,18.0,,
543105.0,85099B,6,11.7,,
543106.0,POST,2,36.0,,
543107.0,47566,1,4.95,,
543108.0,22086,1,2.95,,
543109.0,22086,2,5.9,,
543110.0,85123A,2,5.1,,
543111.0,POST,1,18.0,,
543112.0,22086,1,2.95,,
543113.0,22086,1,2.95,,
543114.0,22383,4,6.6,,
543115.0,22086,1,2.95,,
543116.0,85099B,4,7.8,,
543117.0,22720,1,4.95,,
543118.0,22086,4,11.8,,
543119.0,84879,2,3.38,,
543120.0,21212,1,0.55,,
543121.0,22086,12,35.4,,
543122.0,85123A,1,2.55,,
543123.0,POST,4,72.0,,
543124.0,84879,4,6.76,,
543125.0,85099B,6,11.7,,
543126.0,POST,2,36.0,,
543127.0,85123A,1,2.55,,
543128.0,85123A,2,5.1,,
543129.0,POST,6,108.0,,
543130.0,85123A,4,10.2,,
543131.0,POST,2,36.0,,
543132.0,22383,6,9.9,,
543133.0,84879,12,20.28,,
543134.0,47566,2,9.9,,
543135.0,85123A,6,15.3,,
543136.0,85123A,6,15.3,,
543137.0,POST,1,18.0,,
543138.0,22383,1,1.65,,
543139.0,POST,2,36.0,,
543140.0,22383,1,1.65,,
543141.0,22720,4,19.8,,
543142.0,POST,2,36.0,,
543143.0,21212,1,0.55,,
543144.0,22423,24,306.0,,
543145.0,47566,4,19.8,,
543146.0,85123A,4,10.2,,
543147.0,47566,4,19.8,,
543148.0,21212,12,6.6,,
543149.0,85099B,12,23.4,,
543150.0,85123A,1,2.55,,
543151.0,22423,12,153.0,,
543152.0,84879,1,1.69,,
543153.0,85123A,4,10.2,,
543154.0,85099B,12,23.4,,
543155.0,22086,6,17.7,,
543156.0,22720,2,9.9,,
543157.0,22720,4,19.8,,
543158.0,84879,2,3.38,,
543159.0,POST,2,36.0,,
543160.0,22086,2,5.9,,
543161.0,22383,2,3.3,,
543162.0,21212,1,0.55,,
543163.0,85099B,1,1.95,,
543164.0,22720,2,9.9,,
543165.0,22720,1,4.95,,
543166.0,85123A,4,10.2,,
543167.0,22383,1,1.65,,
543168.0,22720,1,4.95,,
543169.0,22423,6,76.5,,
543170.0,47566,6,29.7,,
543171.0,47566,4,19.8,,
543172.0,22086,1,2.95,,
543173.0,22720,2,9.9,,
543174.0,22720,6,29.7,,
543175.0,22720,1,4.95,,
543176.0,22423,6,76.5,,
543177.0,22383,1,1.65,,
543178.0,84879,4,6.76,,
543179.0,85099B,4,7.8,,
543180.0,22383,4,6.6,,
543181.0,22423,12,153.0,,
543182.0,47566,2,9.9,,
543183.0,85123A,2,5.1,,
543184.0,85123A,12,30.6,,
543185.0,22086,4,11.8,,
543186.0,22086,1,2.95,,
543187.0,85123A,4,10.2,,
543188.0,84879,1,1.69,,
543189.0,47566,6,29.7,,
543190.0,21212,2,1.1,,
543191.0,84879,2,3.38,,
543192.0,47566,1,4.95,,
543193.0,22423,6,76.5,,
543194.0,22383,1,1.65,,
543195.0,47566,1,4.95,,
543196.0,21212,2,1.1,,
543197.0,21212,1,0.55,,
543198.0,22383,2,3.3,,
543199.0,84879,1,1.69,,
543200.0,85123A,2,5.1,,
543201.0,22423,2,25.5,,
543202.0,POST,6,108.0,,
543203.0,22086,2,5.9,,
543204.0,84879,4,6.76,,
543205.0,47566,6,29.7,,
543206.0,22086,1,2.95,,
543207.0,22086,24,70.8,,
543208.0,22086,1,2.95,,
543209.0,47566,1,4.95,,
543210.0,85099B,1,1.95,,
543211.0,22720,2,9.9,,
543212.0,85123A,2,5.1,,
543213.0,22720,2,9.9,,
543214.0,47566,4,19.8,,
543215.0,22383,1,1.65,,
543216.0,22423,6,76.5,,
543217.0,POST,6,108.0,,
543218.0,22383,1,1.65,,
543219.0,85123A,6,15.3,,
543220.0,22423,1,12.75,,
543221.0,22383,1,1.65,,
543222.0,22086,1,2.95,,
543223.0,84879,2,3.38,,
543224.0,22383,2,3.3,,
543225.0,22086,6,17.7,,
543226.0,47566,2,9.9,,
543227.0,84879,6,10.14,,
543228.0,22086,2,5.9,,
543229.0,47566,2,9.9,,
543230.0,POST,1,18.0,,
543231.0,85099B,4,7.8,,
106866.0,22383,1,0.0,,
543233.0,22423,2,25.5,,
543234.0,84879,4,6.76,,
543235.0,85123A,6,15.3,,
543236.0,85123A,12,30.6,,
543237.0,22720,1,4.95,,
543238.0,22086,2,5.9,,
543239.0,21212,2,1.1,,
543240.0,85099B,4,7.8,,
543241.0,22383,2,3.3,,
543242.0,85123A,6,15.3,,
543243.0,85099B,4,7.8,,
543244.0,47566,2,9.9,,
543245.0,22720,24,118.8,,
543246.0,22086,4,11.8,,
543247.0,22383,6,9.9,,
543248.0,22720,1,4.95,,
543249.0,85123A,6,15.3,,
543250.0,22383,2,3.3,,
543251.0,22423,6,76.5,,
543252.0,85123A,1,2.55,,
543253.0,22086,1,2.95,,
543254.0,POST,6,108.0,,
543255.0,22720,6,29.7,,
543256.0,85123A,1,2.55,,
543257.0,84879,6,10.14,,
543258.0,85123A,1,2.55,,
543259.0,84879,4,6.76,,
543260.0,47566,6,29.7,,
543261.0,47566,4,19.8,,
543262.0,POST,2,36.0,,
543263.0,85099B,12,23.4,,
106898.0,85123A,1,0.0,,
543265.0,22720,12,59.4,,
543266.0,21212,6,3.3,,
543267.0,22423,4,51.0,,
543268.0,84879,4,6.76,,
543269.0,84879,1,1.69,,
543270.0,POST,2,36.0,,
543271.0,22423,4,51.0,,
543272.0,22423,1,12.75,,
543273.0,85099B,6,11.7,,
543274.0,22720,24,118.8,,
543275.0,22086,2,5.9,,
543276.0,47566,2,9.9,,
543277.0,22720,6,29.7,,
543278.0,22383,2,3.3,,
543279.0,22086,2,5.9,,
543280.0,22423,1,12.75,,
543281.0,85099B,1,1.95,,
543282.0,85099B,2,3.9,,
543283.0,22423,1,12.75,,
543284.0,21212,1,0.55,,
543285.0,84879,1,1.69,,
543286.0,22086,1,2.95,,
543287.0,47566,1,4.95,,
543288.0,47566,6,29.7,,
543289.0,84879,4,6.76,,
543290.0,84879,1,1.69,,
543291.0,85123A,6,15.3,,
543292.0,47566,2,9.9,,
543293.0,85123A,1,2.55,,
543294.0,85099B,6,11.7,,
543295.0,22383,2,3.3,,
543296.0,POST,6,108.0,,
543297.0,47566,2,9.9,,
543298.0,22383,1,1.65,,
543299.0,85099B,1,1.95,,
543300.0,84879,1,1.69,,
543301.0,22383,1,1.65,,
543302.0,22086,12,35.4,,
543303.0,22720,12,59.4,,
543304.0,22423,1,12.75,,
106939.0,POST,1,0.0,,
543306.0,22720,1,4.95,,
543307.0,22086,6,17.7,,
543308.0,22086,1,2.95,,
543309.0,POST,2,36.0,,
543310.0,85099B,1,1.95,,
543311.0,22383,12,19.8,,
543312.0,22383,4,6.6,,
543313.0,47566,12,59.4,,
543314.0,22086,1,2.95,,
543315.0,22086,1,2.95,,
543316.0,21212,1,0.55,,
543317.0,84879,2,3.38,,
543318.0,21212,2,1.1,,
543319.0,84879,1,1.69,,
543320.0,84879,1,1.69,,
543321.0,22720,2,9.9,,
543322.0,21212,6,3.3,,
543323.0,84879,12,20.28,,
543324.0,84879,2,3.38,,
543325.0,85123A,6,15.3,,
543326.0,22383,1,1.65,,
106961.0,84879,1,0.0,,
543328.0,POST,2,36.0,,
543329.0,85123A,1,2.55,,
543330.0,22423,6,76.5,,
543331.0,21212,2,1.1,,
543332.0,22720,2,9.9,,
543333.0,22423,6,76.5,,
543334.0,POST,6,108.0,,
543335.0,POST,1,18.0,,
543336.0,85123A,2,5.1,,
543337.0,22720,1,4.95,,
543338.0,22423,2,25.5,,
543339.0,84879,1,1.69,,
543340.0,22383,12,19.8,,
543341.0,85123A,2,5.1,,
543342.0,85123A,1,2.55,,
543343.0,47566,2,9.9,,
543344.0,47566,6,29.7,,
543345.0,85123A,1,2.55,,
543346.0,22383,12,19.8,,
543347.0,47566,2,9.9,,
543348.0,22086,4,11.8,,
543349.0,22383,4,6.6,,
543350.0,22383,1,1.65,,
543351.0,22383,4,6.6,,
543352.0,85099B,2,3.9,,
543353.0,POST,12,216.0,,
543354.0,22086,4,11.8,,
543355.0,POST,1,18.0,,
543356.0,47566,1,4.95,,
543357.0,47566,2,9.9,,
543358.0,22383,2,3.3,,
543359.0,22720,6,29.7,,
543360.0,21212,2,1.1,,
543361.0,22720,4,19.8,,
543362.0,21212,1,0.55,,
543363.0,22720,6,29.7,,
543364.0,85099B,1,1.95,,
543365.0,21212,1,0.55,,
543366.0,22383,1,1.65,,
543367.0,47566,1,4.95,,
543368.0,22423,12,153.0,,
543369.0,84879,2,3.38,,
543370.0,21212,1,0.55,,
543371.0,47566,6,29.7,,
543372.0,85123A,6,15.3,,
543373.0,22423,4,51.0,,
543374.0,22383,2,3.3,,
543375.0,84879,1,1.69,,
543376.0,POST,1,18.0,,
543377.0,84879,2,3.38,,
543378.0,21212,2,1.1,,
543379.0,47566,4,19.8,,
543380.0,POST,4,72.0,,
543381.0,85099B,1,1.95,,
543382.0,22720,1,4.95,,
543383.0,22383,4,6.6,,
543384.0,85099B,4,7.8,,
543385.0,22720,6,29.7,,
543386.0,POST,2,36.0,,
543387.0,85123A,2,5.1,,
543388.0,85099B,24,46.8,,
543389.0,22720,6,29.7,,
543390.0,21212,4,2.2,,
543391.0,85123A,24,61.2,,
543392.0,21212,1,0.55,,
543393.0,22720,1,4.95,,
107028.0,22423,1,0.0,,
543395.0,85123A,6,15.3,,
543396.0,85099B,6,11.7,,
543397.0,21212,1,0.55,,
543398.0,POST,6,108.0,,
543399.0,84879,2,3.38,,
543400.0,POST,1,18.0,,
543401.0,22086,24,70.8,,
543402.0,22086,1,2.95,,
543403.0,22423,1,12.75,,
543404.0,22423,6,76.5,,
543405.0,22383,6,9.9,,
543406.0,22720,1,4.95,,
543407.0,22720,1,4.95,,
543408.0,22423,4,51.0,,
543409.0,POST,1,18.0,,
543410.0,22423,2,25.5,,
543411.0,POST,2,36.0,,
543412.0,22383,24,39.6,,
543413.0,21212,2,1.1,,
543414.0,POST,12,216.0,,
543415.0,85123A,1,2.55,,
107050.0,21212,1,0.0,,
543417.0,85099B,1,1.95,,
543418.0,84879,24,40.56,,
543419.0,22086,4,11.8,,
543420.0,POST,12,216.0,,
543421.0,22383,12,19.8,,
543422.0,POST,12,216.0,,
543423.0,22383,1,1.65,,
543424.0,47566,1,4.95,,
543425.0,21212,4,2.2,,
543426.0,47566,1,4.95,,
543427.0,POST,1,18.0,,
543428.0,POST,4,72.0,,
543429.0,85123A,2,5.1,,
543430.0,22423,12,153.0,,
543431.0,22086,1,2.95,,
543432.0,47566,2,9.9,,
543433.0,22720,2,9.9,,
107068.0,84879,1,0.0,,
543435.0,22383,12,19.8,,
543436.0,22086,2,5.9,,
543437.0,22383,1,1.65,,
543438.0,47566,1,4.95,,
543439.0,22720,2,9.9,,
543440.0,85099B,6,11.7,,
543441.0,84879,4,6.76,,
543442.0,POST,4,72.0,,
543443.0,21212,1,0.55,,
543444.0,85099B,4,7.8,,
543445.0,22086,2,5.9,,
543446.0,22720,2,9.9,,
543447.0,85123A,4,10.2,,
543448.0,22383,6,9.9,,
543449.0,21212,1,0.55,,
543450.0,POST,2,36.0,,
543451.0,22086,1,2.95,,
543452.0,22383,1,1.65,,
543453.0,22720,12,59.4,,
543454.0,22423,2,25.5,,
543455.0,22423,2,25.5,,
543456.0,85099B,1,1.95,,
543457.0,47566,1,4.95,,
543458.0,85099B,2,3.9,,
543459.0,84879,1,1.69,,
543460.0,POST,1,18.0,,
543461.0,47566,4,19.8,,
543462.0,22086,6,17.7,,
543463.0,22720,2,9.9,,
543464.0,85099B,2,3.9,,
543465.0,22383,12,19.8,,
107100.0,84879,1,0.0,,
543467.0,85123A,1,2.55,,
543468.0,22383,12,19.8,,
543469.0,85099B,2,3.9,,
543470.0,22383,1,1.65,,
543471.0,POST,2,36.0,,
543472.0,85099B,6,11.7,,
543473.0,22423,1,12.75,,
543474.0,22383,6,9.9,,
543475.0,21212,4,2.2,,
107110.0,84879,1,0.0,,
543477.0,21212,24,13.2,,
543478.0,22383,2,3.3,,
543479.0,47566,2,9.9,,
543480.0,22423,2,25.5,,
543481.0,85099B,4,7.8,,
543482.0,47566,4,19.8,,
543483.0,22423,2,25.5,,
543484.0,85123A,2,5.1,,
543485.0,21212,2,1.1,,
543486.0,POST,4,72.0,,
543487.0,21212,2,1.1,,
543488.0,85099B,4,7.8,,
543489.0,22423,1,12.75,,
543490.0,21212,4,2.2,,
543491.0,22720,4,19.8,,
543492.0,47566,4,19.8,,
543493.0,22720,6,29.7,,
543494.0,47566,6,29.7,,
543495.0,22383,12,19.8,,
543496.0,47566,1,4.95,,
543497.0,22423,1,12.75,,
543498.0,85123A,12,30.6,,
543499.0,21212,1,0.55,,
543500.0,85099B,2,3.9,,
543501.0,22086,1,2.95,,
543502.0,47566,4,19.8,,
543503.0,22086,12,35.4,,
543504.0,22086,1,2.95,,
543505.0,84879,1,1.69,,
543506.0,22086,6,17.7,,
543507.0,22086,4,11.8,,
543508.0,22423,6,76.5,,
543509.0,85123A,2,5.1,,
543510.0,47566,1,4.95,,
543511.0,POST,6,108.0,,
543512.0,84879,4,6.76,,
543513.0,47566,6,29.7,,
543514.0,POST,12,216.0,,
543515.0,POST,2,36.0,,
543516.0,22383,4,6.6,,
543517.0,22086,4,11.8,,
543518.0,POST,1,18.0,,
543519.0,22383,2,3.3,,
543520.0,21212,4,2.2,,
543521.0,85099B,1,1.95,,
543522.0,22423,4,51.0,,
543523.0,85099B,1,1.95,,
543524.0,47566,1,4.95,,
543525.0,22086,1,2.95,,
543526.0,84879,1,1.69,,
543527.0,22086,1,2.95,,
543528.0,22423,4,51.0,,
543529.0,22383,1,1.65,,
543530.0,22086,2,5.9,,
543531.0,85099B,1,1.95,,
543532.0,22383,6,9.9,,
543533.0,22423,1,12.75,,
543534.0,22383,6,9.9,,
543535.0,POST,4,72.0,,
543536.0,84879,1,1.69,,
543537.0,POST,4,72.0,,
543538.0,22720,1,4.95,,
543539.0,POST,6,108.0,,
543540.0,21212,4,2.2,,
543541.0,22423,1,12.75,,
543542.0,85099B,2,3.9,,
543543.0,22720,6,29.7,,
543544.0,22720,1,4.95,,
543545.0,22423,1,12.75,,
543546.0,85099B,4,7.8,,
543547.0,21212,4,2.2,,
543548.0,85123A,2,5.1,,
543549.0,85123A,6,15.3,,
543550.0,22423,1,12.75,,
543551.0,47566,12,59.4,,
543552.0,22086,6,17.7,,
543553.0,21212,2,1.1,,
543554.0,47566,2,9.9,,
543555.0,85099B,2,3.9,,
543556.0,85123A,2,5.1,,
543557.0,22086,2,5.9,,
543558.0,21212,6,3.3,,
543559.0,POST,1,18.0,,
543560.0,84879,2,3.38,,
543561.0,POST,1,18.0,,
543562.0,84879,1,1.69,,
543563.0,84879,4,6.76,,
543564.0,22720,4,19.8,,
543565.0,22086,1,2.95,,
543566.0,85123A,1,2.55,,
543567.0,22383,2,3.3,,
543568.0,22383,6,9.9,,
543569.0,22383,1,1.65,,
543570.0,85099B,24,46.8,,
543571.0,84879,1,1.69,,
543572.0,22423,1,12.75,,
543573.0,85123A,4,10.2,,
543574.0,22383,1,1.65,,
543575.0,85123A,6,15.3,,
543576.0,21212,1,0.55,,
543577.0,22720,6,29.7,,
543578.0,85123A,4,10.2,,
543579.0,85099B,1,1.95,,
543580.0,POST,1,18.0,,
543581.0,85123A,1,2.55,,
543582.0,22383,1,1.65,,
543583.0,21212,1,0.55,,
543584.0,85099B,2,3.9,,
543585.0,22383,4,6.6,,
543586.0,22086,2,5.9,,
543587.0,22086,2,5.9,,
543588.0,22383,4,6.6,,
543589.0,POST,1,18.0,,
543590.0,22720,2,9.9,,
543591.0,POST,1,18.0,,
543592.0,85123A,1,2.55,,
543593.0,84879,6,10.14,,
543594.0,85099B,1,1.95,,
543595.0,85123A,1,2.55,,
543596.0,22720,6,29.7,,
543597.0,85099B,4,7.8,,
543598.0,22720,1,4.95,,
543599.0,85123A,2,5.1,,
543600.0,85099B,6,11.7,,
543601.0,22086,4,11.8,,
543602.0,22720,12,59.4,,
543603.0,22383,1,1.65,,
543604.0,22086,6,17.7,,
543605.0,22086,2,5.9,,
543606.0,21212,4,2.2,,
543607.0,22383,6,9.9,,
543608.0,85099B,2,3.9,,
543609.0,22720,1,4.95,,
543610.0,22086,2,5.9,,
543611.0,85123A,6,15.3,,
543612.0,22423,1,12.75,,
543613.0,22086,6,17.7,,
543614.0,POST,1,18.0,,
543615.0,22086,12,35.4,,
543616.0,POST,1,18.0,,
543617.0,47566,12,59.4,,
543618.0,21212,2,1.1,,
107253.0,22086,1,0.0,,
543620.0,POST,6,108.0,,
543621.0,47566,2,9.9,,
543622.0,POST,2,36.0,,
543623.0,85123A,1,2.55,,
543624.0,85099B,1,1.95,,
543625.0,22423,24,306.0,,
543626.0,47566,1,4.95,,
543627.0,POST,12,216.0,,
543628.0,47566,4,19.8,,
543629.0,22423,12,153.0,,
543630.0,22086,1,2.95,,
543631.0,22423,4,51.0,,
543632.0,84879,1,1.69,,
543633.0,85099B,4,7.8,,
543634.0,POST,1,18.0,,
543635.0,22720,1,4.95,,
543636.0,POST,1,18.0,,
543637.0,84879,1,1.69,,
543638.0,85099B,1,1.95,,
543639.0,85099B,2,3.9,,
543640.0,22383,1,1.65,,
543641.0,84879,6,10.14,,
543642.0,47566,1,4.95,,
543643.0,84879,2,3.38,,
543644.0,22086,2,5.9,,
543645.0,22086,12,35.4,,
543646.0,21212,1,0.55,,
543647.0,85099B,6,11.7,,
543648.0,85099B,4,7.8,,
543649.0,85123A,1,2.55,,
543650.0,22383,1,1.65,,
543651.0,22720,1,4.95,,
543652.0,84879,1,1.69,,
543653.0,22383,2,3.3,,
543654.0,22383,2,3.3,,
543655.0,22720,2,9.9,,
543656.0,22423,6,76.5,,
543657.0,85099B,2,3.9,,
543658.0,84879,1,1.69,,
543659.0,POST,1,18.0,,
107294.0,22086,1,0.0,,
543661.0,85099B,1,1.95,,
543662.0,22086,2,5.9,,
543663.0,22086,1,2.95,,
543664.0,85099B,6,11.7,,
543665.0,85099B,12,23.4,,
543666.0,22383,1,1.65,,
543667.0,47566,12,59.4,,
543668.0,22383,4,6.6,,
543669.0,85099B,12,23.4,,
543670.0,22383,1,1.65,,
543671.0,22383,1,1.65,,
543672.0,22383,4,6.6,,
543673.0,22720,1,4.95,,
543674.0,47566,2,9.9,,
107309.0,21212,1,0.0,,
543676.0,22383,1,1.65,,
543677.0,85123A,1,2.55,,
543678.0,22423,12,153.0,,
543679.0,22423,6,76.5,,
543680.0,22383,6,9.9,,
543681.0,22423,6,76.5,,
543682.0,21212,2,1.1,,
543683.0,POST,6,108.0,,
543684.0,84879,6,10.14,,
543685.0,85099B,2,3.9,,
543686.0,84879,2,3.38,,
543687.0,47566,6,29.7,,
107322.0,22383,1,0.0,,
543689.0,22720,6,29.7,,
543690.0,22720,2,9.9,,
543691.0,22423,2,25.5,,
543692.0,22720,6,29.7,,
543693.0,22720,2,9.9,,
543694.0,21212,12,6.6,,
543695.0,POST,1,18.0,,
543696.0,47566,12,59.4,,
543697.0,47566,2,9.9,,
543698.0,21212,6,3.3,,
543699.0,22423,6,76.5,,
543700.0,22423,1,12.75,,
543701.0,84879,12,20.28,,
543702.0,22423,6,76.5,,
543703.0,22383,1,1.65,,
543704.0,47566,1,4.95,,
543705.0,22086,2,5.9,,
543706.0,22086,1,2.95,,
543707.0,85123A,6,15.3,,
543708.0,47566,6,29.7,,
543709.0,84879,1,1.69,,
543710.0,POST,1,18.0,,
543711.0,21212,2,1.1,,
543712.0,84879,6,10.14,,
543713.0,21212,6,3.3,,
543714.0,84879,4,6.76,,
543715.0,84879,4,6.76,,
543716.0,22383,2,3.3,,
543717.0,85123A,2,5.1,,
543718.0,84879,2,3.38,,
543719.0,85123A,1,2.55,,
543720.0,22423,2,25.5,,
543721.0,22383,12,19.8,,
543722.0,47566,4,19.8,,
543723.0,47566,6,29.7,,
543724.0,85099B,1,1.95,,
543725.0,22720,2,9.9,,
543726.0,22383,2,3.3,,
543727.0,47566,4,19.8,,
543728.0,85099B,6,11.7,,
543729.0,POST,6,108.0,,
543730.0,22086,1,2.95,,
543731.0,POST,4,72.0,,
543732.0,22086,2,5.9,,
543733.0,22720,1,4.95,,
543734.0,22423,4,51.0,,
543735.0,22720,4,19.8,,
543736.0,22086,1,2.95,,
543737.0,22720,2,9.9,,
543738.0,22720,2,9.9,,
543739.0,84879,2,3.38,,
543740.0,22383,2,3.3,,
543741.0,85099B,12,23.4,,
543742.0,22086,12,35.4,,
543743.0,85123A,4,10.2,,
543744.0,22423,6,76.5,,
543745.0,22423,24,306.0,,
543746.0,84879,2,3.38,,
543747.0,22383,2,3.3,,
543748.0,22383,24,39.6,,
543749.0,POST,4,72.0,,
543750.0,84879,1,1.69,,
543751.0,85099B,2,3.9,,
543752.0,21212,6,3.3,,
543753.0,84879,6,10.14,,
543754.0,85099B,1,1.95,,
543755.0,85099B,2,3.9,,
543756.0,85123A,1,2.55,,
543757.0,22423,4,51.0,,
543758.0,22086,1,2.95,,
543759.0,22383,2,3.3,,
543760.0,POST,2,36.0,,
543761.0,21212,4,2.2,,
543762.0,POST,1,18.0,,
543763.0,85123A,6,15.3,,
543764.0,22423,2,25.5,,
543765.0,22086,6,17.7,,
543766.0,21212,2,1.1,,
543767.0,85123A,4,10.2,,
543768.0,22086,6,17.7,,
543769.0,47566,24,118.8,,
543770.0,85123A,4,10.2,,
543771.0,22383,2,3.3,,
543772.0,21212,4,2.2,,
543773.0,84879,2,3.38,,
543774.0,84879,12,20.28,,
543775.0,22383,4,6.6,,
543776.0,84879,2,3.38,,
543777.0,22383,1,1.65,,
543778.0,84879,2,3.38,,
543779.0,22720,2,9.9,,
543780.0,22423,1,12.75,,
543781.0,84879,6,10.14,,
543782.0,22086,2,5.9,,
543783.0,85123A,1,2.55,,
543784.0,85099B,2,3.9,,
543785.0,84879,6,10.14,,
543786.0,22086,1,2.95,,
543787.0,22720,1,4.95,,
543788.0,85123A,6,15.3,,
543789.0,22720,1,4.95,,
543790.0,21212,4,2.2,,
543791.0,POST,1,18.0,,
543792.0,47566,1,4.95,,
543793.0,21212,2,1.1,,
543794.0,85099B,12,23.4,,
543795.0,22086,2,5.9,,
107430.0,84879,1,0.0,,
543797.0,85099B,4,7.8,,
543798.0,85099B,4,7.8,,
543799.0,21212,4,2.2,,
543800.0,21212,1,0.55,,
543801.0,85123A,12,30.6,,
543802.0,21212,4,2.2,,
543803.0,85099B,2,3.9,,
543804.0,21212,2,1.1,,
543805.0,47566,6,29.7,,
543806.0,21212,6,3.3,,
543807.0,POST,1,18.0,,
543808.0,84879,4,6.76,,
543809.0,21212,2,1.1,,
543810.0,22720,1,4.95,,
543811.0,21212,12,6.6,,
543812.0,21212,12,6.6,,
543813.0,21212,12,6.6,,
543814.0,47566,1,4.95,,
543815.0,22720,2,9.9,,
543816.0,84879,1,1.69,,
543817.0,22383,4,6.6,,
543818.0,22720,24,118.8,,
543819.0,22423,4,51.0,,
543820.0,POST,1,18.0,,
543821.0,21212,2,1.1,,
543822.0,84879,4,6.76,,
543823.0,22720,1,4.95,,
543824.0,22383,2,3.3,,
543825.0,22720,2,9.9,,
543826.0,85099B,4,7.8,,
543827.0,84879,1,1.69,,
543828.0,84879,1,1.69,,
543829.0,85123A,2,5.1,,
543830.0,22086,2,5.9,,
543831.0,84879,6,10.14,,
543832.0,22383,1,1.65,,
543833.0,22086,1,2.95,,
543834.0,22423,1,12.75,,
543835.0,47566,12,59.4,,
543836.0,85099B,4,7.8,,
543837.0,47566,4,19.8,,
543838.0,22423,1,12.75,,
543839.0,22383,1,1.65,,
543840.0,POST,1,18.0,,
543841.0,POST,6,108.0,,
543842.0,85099B,1,1.95,,
543843.0,85123A,1,2.55,,
543844.0,POST,24,432.0,,
543845.0,22383,4,6.6,,
543846.0,21212,1,0.55,,
543847.0,22720,1,4.95,,
543848.0,22423,1,12.75,,
543849.0,47566,6,29.7,,
543850.0,85099B,6,11.7,,
543851.0,22383,6,9.9,,
543852.0,POST,1,18.0,,
543853.0,85099B,1,1.95,,
543854.0,84879,4,6.76,,
543855.0,22086,1,2.95,,
543856.0,POST,2,36.0,,
543857.0,22423,1,12.75,,
107492.0,85099B,1,0.0,,
543859.0,21212,6,3.3,,
543860.0,22383,1,1.65,,
543861.0,22720,4,19.8,,
543862.0,84879,1,1.69,,
543863.0,47566,1,4.95,,
543864.0,47566,12,59.4,,
543865.0,22086,1,2.95,,
543866.0,21212,1,0.55,,
543867.0,22086,6,17.7,,
543868.0,85123A,2,5.1,,
543869.0,85123A,1,2.55,,
543870.0,21212,1,0.55,,
543871.0,21212,4,2.2,,
107506.0,22086,1,0.0,,
543873.0,84879,1,1.69,,
543874.0,85123A,2,5.1,,
543875.0,22720,2,9.9,,
543876.0,47566,12,59.4,,
543877.0,22423,6,76.5,,
543878.0,85123A,12,30.6,,
543879.0,21212,6,3.3,,
543880.0,POST,1,18.0,,
543881.0,85099B,12,23.4,,
543882.0,22086,2,5.9,,
543883.0,85099B,2,3.9,,
543884.0,POST,4,72.0,,
543885.0,85099B,1,1.95,,
543886.0,85099B,1,1.95,,
543887.0,22423,12,153.0,,
543888.0,22423,1,12.75,,
543889.0,21212,6,3.3,,
543890.0,85123A,1,2.55,,
543891.0,21212,2,1.1,,
543892.0,21212,1,0.55,,
543893.0,22086,4,11.8,,
543894.0,POST,2,36.0,,
543895.0,84879,12,20.28,,
543896.0,22086,1,2.95,,
543897.0,21212,2,1.1,,
543898.0,47566,1,4.95,,
543899.0,21212,1,0.55,,
543900.0,22086,4,11.8,,
543901.0,21212,4,2.2,,
543902.0,22383,6,9.9,,
543903.0,POST,4,72.0,,
543904.0,47566,1,4.95,,
543905.0,84879,6,10.14,,
543906.0,84879,2,3.38,,
543907.0,22086,2,5.9,,
543908.0,22086,1,2.95,,
543909.0,22383,6,9.9,,
543910.0,84879,4,6.76,,
543911.0,POST,1,18.0,,
543912.0,85123A,6,15.3,,
543913.0,22086,4,11.8,,
543914.0,22720,2,9.9,,
543915.0,85123A,6,15.3,,
543916.0,21212,2,1.1,,
543917.0,47566,1,4.95,,
543918.0,POST,2,36.0,,
543919.0,22383,6,9.9,,
543920.0,22086,1,2.95,,
543921.0,21212,12,6.6,,
543922.0,POST,4,72.0,,
543923.0,22423,2,25.5,,
543924.0,47566,6,29.7,,
543925.0,85099B,2,3.9,,
543926.0,22720,6,29.7,,
543927.0,47566,6,29.7,,
543928.0,21212,1,0.55,,
543929.0,POST,1,18.0,,
543930.0,84879,1,1.69,,
543931.0,22720,1,4.95,,
543932.0,POST,1,18.0,,
543933.0,85099B,12,23.4,,
543934.0,21212,1,0.55,,
543935.0,21212,1,0.55,,
543936.0,POST,2,36.0,,
543937.0,22423,1,12.75,,
543938.0,21212,6,3.3,,
543939.0,47566,1,4.95,,
543940.0,22720,1,4.95,,
543941.0,POST,4,72.0,,
543942.0,85123A,1,2.55,,
543943.0,85099B,6,11.7,,
543944.0,85123A,6,15.3,,
543945.0,POST,4,72.0,,
543946.0,85123A,6,15.3,,
543947.0,22383,4,6.6,,
543948.0,21212,1,0.55,,
543949.0,21212,2,1.1,,
543950.0,85123A,2,5.1,,
543951.0,22423,2,25.5,,
543952.0,85123A,4,10.2,,
543953.0,85099B,6,11.7,,
543954.0,85099B,1,1.95,,
543955.0,85099B,2,3.9,,
543956.0,85123A,2,5.1,,
543957.0,22383,1,1.65,,
543958.0,47566,6,29.7,,
543959.0,84879,6,10.14,,
543960.0,22423,6,76.5,,
543961.0,47566,4,19.8,,
543962.0,85123A,1,2.55,,
543963.0,47566,1,4.95,,
543964.0,22086,1,2.95,,
543965.0,85123A,2,5.1,,
543966.0,22720,2,9.9,,
543967.0,22720,2,9.9,,
543968.0,POST,2,36.0,,
543969.0,84879,6,10.14,,
543970.0,POST,1,18.0,,
543971.0,22383,6,9.9,,
543972.0,47566,6,29.7,,
107607.0,POST,1,0.0,,
543974.0,85099B,2,3.9,,
543975.0,POST,1,18.0,,
543976.0,22383,1,1.65,,
543977.0,84879,12,20.28,,
543978.0,POST,4,72.0,,
543979.0,21212,6,3.3,,
543980.0,47566,2,9.9,,
543981.0,22086,24,70.8,,
543982.0,22423,4,51.0,,
543983.0,21212,6,3.3,,
543984.0,22086,6,17.7,,
543985.0,22086,2,5.9,,
543986.0,47566,1,4.95,,
543987.0,85123A,2,5.1,,
543988.0,22423,4,51.0,,
543989.0,22086,1,2.95,,
543990.0,22383,12,19.8,,
543991.0,84879,12,20.28,,
543992.0,47566,1,4.95,,
543993.0,21212,2,1.1,,
543994.0,22383,4,6.6,,
543995.0,85123A,4,10.2,,
543996.0,85123A,2,5.1,,
543997.0,22720,12,59.4,,
543998.0,84879,1,1.69,,
543999.0,84879,1,1.69,,
544000.0,47566,2,9.9,,
544001.0,POST,1,18.0,,
544002.0,47566,1,4.95,,
544003.0,22423,1,12.75,,
544004.0,47566,12,59.4,,
544005.0,22383,2,3.3,,
544006.0,21212,1,0.55,,
544007.0,22423,12,153.0,,
544008.0,21212,1,0.55,,
544009.0,47566,12,59.4,,
544010.0,85123A,1,2.55,,
544011.0,85099B,1,1.95,,
544012.0,84879,4,6.76,,
544013.0,22383,6,9.9,,
544014.0,21212,1,0.55,,
544015.0,85123A,1,2.55,,
544016.0,85123A,2,5.1,,
544017.0,22720,12,59.4,,
544018.0,47566,6,29.7,,
544019.0,85123A,4,10.2,,
544020.0,22720,4,19.8,,
544021.0,22383,12,19.8,,
544022.0,84879,2,3.38,,
544023.0,47566,6,29.7,,
544024.0,85099B,1,1.95,,
544025.0,84879,6,10.14,,
544026.0,47566,4,19.8,,
544027.0,21212,1,0.55,,
544028.0,22720,2,9.9,,
544029.0,21212,4,2.2,,
544030.0,84879,1,1.69,,
544031.0,22720,6,29.7,,
544032.0,22423,1,12.75,,
544033.0,85123A,1,2.55,,
544034.0,85123A,2,5.1,,
544035.0,47566,2,9.9,,
544036.0,22720,6,29.7,,
544037.0,22383,1,1.65,,
107672.0,22383,1,0.0,,
544039.0,85099B,1,1.95,,
544040.0,21212,4,2.2,,
544041.0,22423,2,25.5,,
544042.0,85099B,6,11.7,,
544043.0,47566,1,4.95,,
544044.0,85099B,1,1.95,,
544045.0,47566,2,9.9,,
107680.0,47566,1,0.0,,
544047.0,85099B,1,1.95,,
544048.0,22383,4,6.6,,
544049.0,47566,6,29.7,,
544050.0,POST,2,36.0,,
544051.0,21212,1,0.55,,
544052.0,POST,4,72.0,,
544053.0,47566,4,19.8,,
544054.0,85123A,2,5.1,,
544055.0,47566,4,19.8,,
544056.0,22086,1,2.95,,
544057.0,85099B,1,1.95,,
544058.0,22423,4,51.0,,
544059.0,47566,6,29.7,,
544060.0,22383,2,3.3,,
544061.0,22423,6,76.5,,
544062.0,22423,6,76.5,,
544063.0,85099B,1,1.95,,
544064.0,22383,1,1.65,,
544065.0,47566,1,4.95,,
544066.0,22423,1,12.75,,
544067.0,22423,2,25.5,,
544068.0,POST,12,216.0,,
544069.0,22720,2,9.9,,
544070.0,85123A,1,2.55,,
544071.0,22720,6,29.7,,
544072.0,47566,24,118.8,,
544073.0,21212,1,0.55,,
544074.0,22383,6,9.9,,
544075.0,47566,2,9.9,,
544076.0,85099B,6,11.7,,
544077.0,85123A,12,30.6,,
544078.0,85099B,6,11.7,,
544079.0,85123A,1,2.55,,
544080.0,22383,12,19.8,,
544081.0,22720,2,9.9,,
544082.0,22423,1,12.75,,
544083.0,22086,2,5.9,,
544084.0,22383,4,6.6,,
544085.0,47566,2,9.9,,
544086.0,85099B,2,3.9,,
544087.0,22383,1,1.65,,
544088.0,22383,1,1.65,,
544089.0,22720,1,4.95,,
544090.0,21212,2,1.1,,
544091.0,22383,2,3.3,,
544092.0,POST,1,18.0,,
544093.0,22720,1,4.95,,
544094.0,22086,6,17.7,,
544095.0,47566,1,4.95,,
544096.0,85123A,1,2.55,,
544097.0,84879,4,6.76,,
544098.0,47566,2,9.9,,
544099.0,85099B,2,3.9,,
544100.0,22423,4,51.0,,
544101.0,21212,2,1.1,,
544102.0,47566,12,59.4,,
544103.0,84879,1,1.69,,
544104.0,85099B,1,1.95,,
544105.0,22383,6,9.9,,
544106.0,22423,1,12.75,,
544107.0,21212,2,1.1,,
544108.0,84879,1,1.69,,
544109.0,84879,6,10.14,,
544110.0,85099B,2,3.9,,
544111.0,47566,1,4.95,,
544112.0,22720,1,4.95,,
544113.0,22720,6,29.7,,
544114.0,47566,4,19.8,,
544115.0,85099B,4,7.8,,
544116.0,22383,6,9.9,,
544117.0,47566,4,19.8,,
544118.0,85123A,4,10.2,,
544119.0,22720,6,29.7,,
544120.0,22086,6,17.7,,
544121.0,85123A,1,2.55,,
544122.0,85099B,4,7.8,,
544123.0,POST,2,36.0,,
107758.0,85123A,1,0.0,,
544125.0,84879,24,40.56,,
544126.0,22423,2,25.5,,
544127.0,85099B,2,3.9,,
544128.0,47566,1,4.95,,
544129.0,22086,1,2.95,,
107764.0,22423,1,0.0,,
544131.0,85123A,1,2.55,,
544132.0,22086,2,5.9,,
544133.0,22086,4,11.8,,
544134.0,22086,1,2.95,,
544135.0,21212,2,1.1,,
544136.0,22720,2,9.9,,
544137.0,POST,1,18.0,,
544138.0,85099B,24,46.8,,
544139.0,22086,2,5.9,,
544140.0,22086,24,70.8,,
544141.0,22086,1,2.95,,
544142.0,22423,24,306.0,,
544143.0,84879,2,3.38,,
544144.0,22423,1,12.75,,
544145.0,84879,4,6.76,,
544146.0,22720,6,29.7,,
544147.0,22720,4,19.8,,
544148.0,84879,6,10.14,,
544149.0,47566,2,9.9,,
544150.0,85123A,12,30.6,,
544151.0,22720,1,4.95,,
544152.0,22086,2,5.9,,
544153.0,21212,1,0.55,,
544154.0,21212,1,0.55,,
544155.0,22086,1,2.95,,
544156.0,85123A,2,5.1,,
544157.0,84879,1,1.69,,
544158.0,22423,2,25.5,,
544159.0,21212,6,3.3,,
544160.0,85099B,2,3.9,,
544161.0,85099B,1,1.95,,
544162.0,47566,1,4.95,,
544163.0,22720,1,4.95,,
544164.0,POST,6,108.0,,
544165.0,22086,6,17.7,,
544166.0,84879,2,3.38,,
544167.0,84879,6,10.14,,
544168.0,22383,4,6.6,,
544169.0,47566,2,9.9,,
544170.0,47566,4,19.8,,
544171.0,85123A,12,30.6,,
544172.0,POST,6,108.0,,
544173.0,22086,1,2.95,,
544174.0,POST,1,18.0,,
544175.0,22086,1,2.95,,
544176.0,21212,2,1.1,,
544177.0,22383,2,3.3,,
544178.0,POST,1,18.0,,
544179.0,47566,1,4.95,,
107814.0,85123A,1,0.0,,
544181.0,22423,2,25.5,,
544182.0,85099B,2,3.9,,
544183.0,47566,2,9.9,,
544184.0,85123A,1,2.55,,
544185.0,85123A,6,15.3,,
544186.0,POST,1,18.0,,
544187.0,22720,1,4.95,,
544188.0,85123A,1,2.55,,
544189.0,85099B,1,1.95,,
544190.0,22720,4,19.8,,
544191.0,POST,6,108.0,,
544192.0,22423,4,51.0,,
544193.0,22086,4,11.8,,
544194.0,21212,2,1.1,,
544195.0,POST,2,36.0,,
544196.0,22086,1,2.95,,
544197.0,85123A,4,10.2,,
544198.0,85123A,1,2.55,,
544199.0,22423,2,25.5,,
544200.0,22383,12,19.8,,
544201.0,22383,2,3.3,,
544202.0,22720,12,59.4,,
544203.0,85099B,6,11.7,,
544204.0,21212,2,1.1,,
544205.0,22086,6,17.7,,
544206.0,POST,2,36.0,,
544207.0,22720,12,59.4,,
544208.0,22423,1,12.75,,
544209.0,POST,2,36.0,,
544210.0,22423,4,51.0,,
544211.0,22423,1,12.75,,
544212.0,47566,1,4.95,,
544213.0,84879,1,1.69,,
544214.0,22086,1,2.95,,
544215.0,22423,2,25.5,,
544216.0,22423,1,12.75,,
544217.0,POST,4,72.0,,
544218.0,85123A,24,61.2,,
544219.0,22383,6,9.9,,
544220.0,84879,2,3.38,,
544221.0,21212,1,0.55,,
544222.0,22720,1,4.95,,
544223.0,21212,6,3.3,,
107858.0,84879,1,0.0,,
544225.0,21212,6,3.3,,
544226.0,84879,12,20.28,,
544227.0,21212,1,0.55,,
544228.0,85123A,6,15.3,,
544229.0,22720,4,19.8,,
544230.0,22383,2,3.3,,
544231.0,84879,12,20.28,,
544232.0,85123A,2,5.1,,
544233.0,22086,12,35.4,,
544234.0,22720,1,4.95,,
544235.0,84879,1,1.69,,
544236.0,22423,1,12.75,,
544237.0,22720,2,9.9,,
544238.0,21212,1,0.55,,
544239.0,84879,1,1.69,,
544240.0,21212,6,3.3,,
544241.0,22720,2,9.9,,
544242.0,85099B,1,1.95,,
544243.0,85123A,1,2.55,,
544244.0,POST,6,108.0,,
544245.0,22086,2,5.9,,
544246.0,85099B,4,7.8,,
544247.0,85123A,1,2.55,,
544248.0,47566,2,9.9,,
544249.0,22423,1,12.75,,
544250.0,22423,2,25.5,,
107885.0,22423,1,0.0,,
544252.0,22086,2,5.9,,
544253.0,85123A,4,10.2,,
544254.0,85123A,4,10.2,,
544255.0,84879,2,3.38,,
544256.0,47566,12,59.4,,
544257.0,85099B,1,1.95,,
544258.0,22423,1,12.75,,
544259.0,22086,1,2.95,,
544260.0,85123A,1,2.55,,
544261.0,22720,1,4.95,,
544262.0,22423,12,153.0,,
544263.0,85099B,2,3.9,,
544264.0,22720,2,9.9,,
544265.0,84879,1,1.69,,
544266.0,POST,6,108.0,,
544267.0,22720,1,4.95,,
544268.0,21212,1,0.55,,
544269.0,84879,1,1.69,,
544270.0,POST,24,432.0,,
544271.0,85099B,1,1.95,,
544272.0,22383,1,1.65,,
544273.0,22423,2,25.5,,
544274.0,85099B,1,1.95,,
544275.0,85099B,2,3.9,,
544276.0,22383,2,3.3,,
544277.0,47566,1,4.95,,
544278.0,84879,12,20.28,,
544279.0,22423,12,153.0,,
544280.0,21212,2,1.1,,
544281.0,22383,2,3.3,,
544282.0,47566,2,9.9,,
544283.0,22383,1,1.65,,
544284.0,47566,1,4.95,,
544285.0,22383,4,6.6,,
544286.0,22423,6,76.5,,
544287.0,85099B,1,1.95,,
544288.0,85123A,1,2.55,,
544289.0,21212,4,2.2,,
544290.0,POST,1,18.0,,
544291.0,22383,2,3.3,,
544292.0,22383,2,3.3,,
544293.0,22086,1,2.95,,
544294.0,85123A,6,15.3,,
544295.0,POST,4,72.0,,
544296.0,21212,1,0.55,,
544297.0,22383,4,6.6,,
544298.0,21212,12,6.6,,
544299.0,22086,1,2.95,,
544300.0,85099B,1,1.95,,
544301.0,47566,2,9.9,,
544302.0,22423,1,12.75,,
544303.0,22720,1,4.95,,
544304.0,22086,2,5.9,,
544305.0,85099B,6,11.7,,
544306.0,22086,6,17.7,,
544307.0,84879,2,3.38,,
544308.0,22086,12,35.4,,
544309.0,85099B,4,7.8,,
544310.0,85123A,1,2.55,,
544311.0,84879,4,6.76,,
544312.0,22720,2,9.9,,
544313.0,85123A,1,2.55,,
544314.0,85099B,2,3.9,,
544315.0,22720,4,19.8,,
544316.0,85123A,4,10.2,,
544317.0,85099B,1,1.95,,
544318.0,POST,4,72.0,,
544319.0,POST,6,108.0,,
544320.0,47566,1,4.95,,
544321.0,84879,2,3.38,,
544322.0,POST,4,72.0,,
544323.0,47566,2,9.9,,
544324.0,85123A,1,2.55,,
544325.0,47566,2,9.9,,
544326.0,22086,2,5.9,,
544327.0,47566,1,4.95,,
544328.0,POST,12,216.0,,
544329.0,22720,2,9.9,,
544330.0,22383,1,1.65,,
544331.0,84879,1,1.69,,
544332.0,84879,4,6.76,,
544333.0,85123A,4,10.2,,
544334.0,22383,12,19.8,,
544335.0,22086,12,35.4,,
544336.0,POST,6,108.0,,
544337.0,47566,2,9.9,,
544338.0,22383,1,1.65,,
544339.0,POST,1,18.0,,
544340.0,85099B,6,11.7,,
544341.0,22383,2,3.3,,
544342.0,85123A,6,15.3,,
544343.0,85123A,1,2.55,,
544344.0,22423,1,12.75,,
544345.0,22423,6,76.5,,
544346.0,85099B,4,7.8,,
544347.0,POST,1,18.0,,
544348.0,22720,2,9.9,,
544349.0,85123A,2,5.1,,
544350.0,84879,2,3.38,,
544351.0,84879,1,1.69,,
544352.0,85123A,4,10.2,,
544353.0,22383,1,1.65,,
544354.0,47566,2,9.9,,
544355.0,22720,4,19.8,,
544356.0,47566,1,4.95,,
544357.0,85099B,2,3.9,,
544358.0,22383,6,9.9,,
544359.0,22720,1,4.95,,
544360.0,22720,6,29.7,,
544361.0,22086,6,17.7,,
544362.0,POST,12,216.0,,
544363.0,22086,1,2.95,,
544364.0,22086,4,11.8,,
544365.0,21212,4,2.2,,
544366.0,47566,2,9.9,,
544367.0,21212,6,3.3,,
544368.0,85099B,6,11.7,,
544369.0,22720,2,9.9,,
544370.0,22383,1,1.65,,
108005.0,85123A,1,0.0,,
544372.0,84879,4,6.76,,
544373.0,22086,4,11.8,,
544374.0,84879,2,3.38,,
544375.0,85099B,12,23.4,,
544376.0,47566,2,9.9,,
544377.0,POST,1,18.0,,
544378.0,POST,1,18.0,,
544379.0,22383,12,19.8,,
544380.0,22423,1,12.75,,
544381.0,22086,1,2.95,,
544382.0,85099B,2,3.9,,
544383.0,85123A,6,15.3,,
544384.0,22423,6,76.5,,
544385.0,POST,1,18.0,,
544386.0,84879,1,1.69,,
544387.0,85123A,12,30.6,,
544388.0,85099B,4,7.8,,
544389.0,21212,2,1.1,,
544390.0,84879,2,3.38,,
544391.0,POST,12,216.0,,
544392.0,85123A,2,5.1,,
544393.0,47566,12,59.4,,
544394.0,84879,6,10.14,,
544395.0,21212,2,1.1,,
544396.0,22720,12,59.4,,
544397.0,22383,6,9.9,,
544398.0,84879,6,10.14,,
544399.0,85099B,2,3.9,,
544400.0,85123A,2,5.1,,
544401.0,21212,4,2.2,,
544402.0,POST,1,18.0,,
544403.0,47566,12,59.4,,
544404.0,22423,4,51.0,,
544405.0,84879,24,40.56,,
544406.0,22086,1,2.95,,
544407.0,85123A,4,10.2,,
544408.0,22383,6,9.9,,
544409.0,47566,1,4.95,,
544410.0,21212,4,2.2,,
544411.0,22383,1,1.65,,
544412.0,22423,2,25.5,,
544413.0,21212,12,6.6,,
544414.0,85099B,2,3.9,,
544415.0,22383,2,3.3,,
544416.0,22086,1,2.95,,
544417.0,84879,4,6.76,,
544418.0,85099B,4,7.8,,
544419.0,21212,1,0.55,,
544420.0,84879,1,1.69,,
544421.0,22086,2,5.9,,
544422.0,22720,4,19.8,,
544423.0,84879,1,1.69,,
544424.0,22383,2,3.3,,
544425.0,22423,4,51.0,,
544426.0,22720,2,9.9,,
544427.0,85123A,6,15.3,,
544428.0,POST,1,18.0,,
544429.0,85123A,6,15.3,,
544430.0,85123A,2,5.1,,
544431.0,21212,1,0.55,,
544432.0,22086,1,2.95,,
544433.0,22423,2,25.5,,
544434.0,85099B,1,1.95,,
544435.0,47566,6,29.7,,
544436.0,22086,6,17.7,,
544437.0,22383,1,1.65,,
544438.0,22383,1,1.65,,
544439.0,47566,6,29.7,,
544440.0,21212,2,1.1,,
544441.0,85099B,1,1.95,,
544442.0,47566,6,29.7,,
544443.0,21212,1,0.55,,
544444.0,22086,1,2.95,,
544445.0,22720,2,9.9,,
544446.0,47566,12,59.4,,
544447.0,85123A,1,2.55,,
544448.0,84879,2,3.38,,
544449.0,84879,4,6.76,,
544450.0,22423,2,25.5,,
544451.0,84879,1,1.69,,
544452.0,85123A,4,10.2,,
544453.0,POST,1,18.0,,
544454.0,22423,12,153.0,,
544455.0,47566,2,9.9,,
544456.0,POST,4,72.0,,
544457.0,84879,1,1.69,,
544458.0,21212,1,0.55,,
544459.0,85099B,2,3.9,,
544460.0,84879,12,20.28,,
544461.0,47566,2,9.9,,
544462.0,47566,4,19.8,,
544463.0,POST,12,216.0,,
544464.0,47566,1,4.95,,
544465.0,21212,6,3.3,,
544466.0,85099B,1,1.95,,
544467.0,47566,1,4.95,,
544468.0,21212,24,13.2,,
544469.0,47566,12,59.4,,
544470.0,22086,1,2.95,,
544471.0,22383,2,3.3,,
544472.0,22086,2,5.9,,
544473.0,85099B,1,1.95,,
544474.0,POST,2,36.0,,
544475.0,21212,2,1.1,,
544476.0,85123A,2,5.1,,
544477.0,47566,1,4.95,,
544478.0,21212,4,2.2,,
544479.0,21212,2,1.1,,
544480.0,85099B,1,1.95,,
544481.0,22383,1,1.65,,
544482.0,85099B,1,1.95,,
544483.0,22086,12,35.4,,
544484.0,POST,4,72.0,,
544485.0,22423,2,25.5,,
544486.0,85099B,1,1.95,,
544487.0,85123A,6,15.3,,
544488.0,22383,6,9.9,,
544489.0,22086,2,5.9,,
544490.0,85099B,1,1.95,,
544491.0,22423,2,25.5,,
544492.0,22423,2,25.5,,
544493.0,21212,1,0.55,,
544494.0,22423,2,25.5,,
544495.0,POST,2,36.0,,
544496.0,22086,2,5.9,,
544497.0,84879,2,3.38,,
544498.0,84879,6,10.14,,
544499.0,84879,6,10.14,,
544500.0,85099B,6,11.7,,
544501.0,POST,6,108.0,,
544502.0,47566,2,9.9,,
544503.0,22383,6,9.9,,
544504.0,84879,4,6.76,,
544505.0,85123A,2,5.1,,
544506.0,22383,1,1.65,,
544507.0,22423,2,25.5,,
544508.0,21212,4,2.2,,
544509.0,85099B,1,1.95,,
544510.0,47566,1,4.95,,
544511.0,22383,2,3.3,,
544512.0,85099B,4,7.8,,
108147.0,22086,1,0.0,,
544514.0,85099B,4,7.8,,
544515.0,POST,1,18.0,,
544516.0,22086,1,2.95,,
544517.0,22383,1,1.65,,
544518.0,85123A,2,5.1,,
544519.0,22383,1,1.65,,
544520.0,84879,1,1.69,,
544521.0,85099B,4,7.8,,
544522.0,22383,1,1.65,,
544523.0,22086,4,11.8,,
544524.0,21212,4,2.2,,
544525.0,22086,2,5.9,,
544526.0,22086,24,70.8,,
544527.0,22086,2,5.9,,
544528.0,85123A,1,2.55,,
544529.0,22423,1,12.75,,
544530.0,84879,2,3.38,,
544531.0,85123A,12,30.6,,
544532.0,47566,1,4.95,,
544533.0,22720,1,4.95,,
544534.0,21212,1,0.55,,
544535.0,22423,1,12.75,,
544536.0,85099B,1,1.95,,
544537.0,47566,6,29.7,,
544538.0,22720,1,4.95,,
544539.0,21212,12,6.6,,
544540.0,POST,2,36.0,,
544541.0,84879,1,1.69,,
544542.0,47566,6,29.7,,
544543.0,22086,4,11.8,,
544544.0,22720,1,4.95,,
544545.0,22086,2,5.9,,
544546.0,22383,12,19.8,,
544547.0,22720,2,9.9,,
544548.0,85123A,4,10.2,,
544549.0,22423,24,306.0,,
544550.0,22720,6,29.7,,
544551.0,84879,1,1.69,,
544552.0,22086,1,2.95,,
544553.0,85123A,1,2.55,,
544554.0,POST,6,108.0,,
544555.0,22423,1,12.75,,
544556.0,22383,12,19.8,,
544557.0,22086,1,2.95,,
108192.0,22423,1,0.0,,
544559.0,22383,1,1.65,,
544560.0,47566,1,4.95,,
544561.0,22383,1,1.65,,
544562.0,22720,6,29.7,,
544563.0,85099B,1,1.95,,
544564.0,22086,1,2.95,,
544565.0,22720,12,59.4,,
544566.0,22720,4,19.8,,
544567.0,22423,12,153.0,,
544568.0,22720,2,9.9,,
108203.0,22720,1,0.0,,
544570.0,85099B,1,1.95,,
544571.0,22383,6,9.9,,
544572.0,21212,1,0.55,,
544573.0,85099B,2,3.9,,
544574.0,85123A,6,15.3,,
544575.0,22720,2,9.9,,
544576.0,22423,2,25.5,,
544577.0,84879,12,20.28,,
544578.0,21212,2,1.1,,
544579.0,POST,1,18.0,,
544580.0,21212,1,0.55,,
544581.0,21212,12,6.6,,
544582.0,22720,1,4.95,,
544583.0,85123A,1,2.55,,
544584.0,22383,12,19.8,,
544585.0,22720,1,4.95,,
544586.0,21212,2,1.1,,
544587.0,22423,2,25.5,,
544588.0,85123A,1,2.55,,
544589.0,22720,1,4.95,,
544590.0,21212,2,1.1,,
544591.0,85099B,2,3.9,,
544592.0,85099B,2,3.9,,
544593.0,21212,1,0.55,,
544594.0,85123A,1,2.55,,
544595.0,47566,6,29.7,,
544596.0,22086,6,17.7,,
544597.0,22383,1,1.65,,
544598.0,22086,1,2.95,,
544599.0,84879,1,1.69,,
108234.0,POST,1,0.0,,
544601.0,84879,1,1.69,,
544602.0,85123A,2,5.1,,
544603.0,85123A,2,5.1,,
544604.0,22383,1,1.65,,
544605.0,22086,12,35.4,,
544606.0,84879,2,3.38,,
544607.0,85099B,6,11.7,,
544608.0,22423,4,51.0,,
544609.0,84879,4,6.76,,
544610.0,22720,1,4.95,,
544611.0,POST,1,18.0,,
544612.0,22086,1,2.95,,
544613.0,22383,6,9.9,,
544614.0,22383,2,3.3,,
544615.0,85099B,2,3.9,,
544616.0,POST,2,36.0,,
544617.0,85099B,6,11.7,,
544618.0,21212,4,2.2,,
544619.0,22423,1,12.75,,
544620.0,22086,12,35.4,,
544621.0,84879,2,3.38,,
544622.0,22720,2,9.9,,
544623.0,85123A,6,15.3,,
544624.0,85099B,6,11.7,,
544625.0,22720,1,4.95,,
544626.0,85099B,2,3.9,,
544627.0,22086,6,17.7,,
544628.0,47566,4,19.8,,
544629.0,85099B,2,3.9,,
544630.0,84879,4,6.76,,
544631.0,22423,2,25.5,,
544632.0,22086,2,5.9,,
544633.0,22086,1,2.95,,
544634.0,85123A,4,10.2,,
544635.0,22383,1,1.65,,
544636.0,85123A,6,15.3,,
544637.0,21212,1,0.55,,
544638.0,POST,4,72.0,,
544639.0,47566,4,19.8,,
544640.0,22383,2,3.3,,
544641.0,47566,2,9.9,,
544642.0,POST,1,18.0,,
544643.0,84879,12,20.28,,
544644.0,21212,12,6.6,,
544645.0,85099B,1,1.95,,
544646.0,POST,1,18.0,,
544647.0,47566,1,4.95,,
544648.0,22720,1,4.95,,
544649.0,22423,6,76.5,,
544650.0,22086,2,5.9,,
108285.0,85123A,1,0.0,,
544652.0,22423,2,25.5,,
544653.0,POST,1,18.0,,
544654.0,47566,1,4.95,,
544655.0,22383,4,6.6,,
544656.0,84879,4,6.76,,
544657.0,22086,4,11.8,,
544658.0,POST,1,18.0,,
544659.0,22383,2,3.3,,
544660.0,47566,1,4.95,,
544661.0,85123A,1,2.55,,
544662.0,47566,2,9.9,,
544663.0,22720,4,19.8,,
544664.0,21212,4,2.2,,
544665.0,47566,6,29.7,,
544666.0,21212,4,2.2,,
544667.0,POST,2,36.0,,
544668.0,21212,1,0.55,,
544669.0,21212,1,0.55,,
544670.0,84879,2,3.38,,
544671.0,POST,4,72.0,,
544672.0,POST,6,108.0,,
544673.0,85099B,4,7.8,,
544674.0,85099B,1,1.95,,
544675.0,22086,1,2.95,,
544676.0,47566,2,9.9,,
544677.0,22383,6,9.9,,
544678.0,22383,1,1.65,,
544679.0,47566,6,29.7,,
544680.0,47566,4,19.8,,
544681.0,22423,2,25.5,,
544682.0,22086,1,2.95,,
544683.0,85123A,12,30.6,,
544684.0,22086,6,17.7,,
544685.0,47566,1,4.95,,
544686.0,85123A,4,10.2,,
108321.0,22720,1,0.0,,
544688.0,22086,4,11.8,,
544689.0,84879,6,10.14,,
544690.0,47566,1,4.95,,
544691.0,85099B,4,7.8,,
544692.0,21212,4,2.2,,
544693.0,21212,12,6.6,,
544694.0,22086,1,2.95,,
544695.0,84879,2,3.38,,
544696.0,POST,2,36.0,,
544697.0,85099B,2,3.9,,
544698.0,84879,2,3.38,,
544699.0,47566,1,4.95,,
544700.0,85123A,2,5.1,,
544701.0,84879,12,20.28,,
108336.0,85099B,1,0.0,,
544703.0,22720,4,19.8,,
544704.0,POST,1,18.0,,
544705.0,85123A,6,15.3,,
544706.0,22383,4,6.6,,
544707.0,21212,6,3.3,,
544708.0,47566,12,59.4,,
544709.0,47566,6,29.7,,
544710.0,22086,4,11.8,,
544711.0,85123A,1,2.55,,
544712.0,47566,1,4.95,,
544713.0,22423,1,12.75,,
544714.0,22086,6,17.7,,
544715.0,21212,2,1.1,,
544716.0,85099B,12,23.4,,
544717.0,22383,1,1.65,,
544718.0,22423,1,12.75,,
544719.0,POST,6,108.0,,
544720.0,POST,6,108.0,,
544721.0,21212,2,1.1,,
544722.0,21212,6,3.3,,
544723.0,22720,6,29.7,,
544724.0,22383,6,9.9,,
544725.0,22086,2,5.9,,
544726.0,22383,6,9.9,,
544727.0,POST,4,72.0,,
544728.0,22720,1,4.95,,
544729.0,POST,6,108.0,,
544730.0,22720,1,4.95,,
544731.0,85099B,1,1.95,,
544732.0,22423,1,12.75,,
544733.0,POST,1,18.0,,
544734.0,22423,4,51.0,,
544735.0,84879,6,10.14,,
544736.0,POST,1,18.0,,
108371.0,POST,1,0.0,,
544738.0,47566,24,118.8,,
544739.0,22423,2,25.5,,
544740.0,22086,2,5.9,,
544741.0,85123A,1,2.55,,
544742.0,22720,12,59.4,,
544743.0,22383,6,9.9,,
108378.0,85099B,1,0.0,,
544745.0,47566,2,9.9,,
544746.0,22423,12,153.0,,
544747.0,22086,1,2.95,,
544748.0,22086,4,11.8,,
544749.0,22086,1,2.95,,
544750.0,21212,4,2.2,,
544751.0,47566,2,9.9,,
544752.0,22086,1,2.95,,
544753.0,22383,1,1.65,,
544754.0,85099B,6,11.7,,
544755.0,21212,1,0.55,,
544756.0,22720,6,29.7,,
544757.0,84879,2,3.38,,
544758.0,22720,1,4.95,,
544759.0,22720,1,4.95,,
544760.0,85123A,4,10.2,,
544761.0,22086,24,70.8,,
544762.0,22086,1,2.95,,
544763.0,47566,2,9.9,,
544764.0,47566,1,4.95,,
544765.0,21212,12,6.6,,
544766.0,POST,12,216.0,,
544767.0,85099B,1,1.95,,
544768.0,85099B,4,7.8,,
544769.0,85123A,2,5.1,,
544770.0,47566,2,9.9,,
544771.0,85099B,1,1.95,,
544772.0,85123A,6,15.3,,
544773.0,47566,1,4.95,,
544774.0,85099B,1,1.95,,
544775.0,85123A,4,10.2,,
544776.0,22383,1,1.65,,
544777.0,22720,2,9.9,,
544778.0,22383,1,1.65,,
544779.0,85099B,2,3.9,,
544780.0,22720,1,4.95,,
544781.0,85099B,4,7.8,,
544782.0,22383,1,1.65,,
544783.0,22086,1,2.95,,
544784.0,22086,12,35.4,,
544785.0,22383,6,9.9,,
544786.0,22423,4,51.0,,
544787.0,22720,2,9.9,,
544788.0,84879,1,1.69,,
544789.0,84879,6,10.14,,
108424.0,84879,1,0.0,,
544791.0,22423,2,25.5,,
544792.0,POST,1,18.0,,
544793.0,22423,4,51.0,,
544794.0,22720,6,29.7,,
544795.0,22086,1,2.95,,
544796.0,47566,6,29.7,,
544797.0,85099B,1,1.95,,
544798.0,22423,4,51.0,,
544799.0,21212,1,0.55,,
108434.0,21212,1,0.0,,
544801.0,22720,4,19.8,,
544802.0,22720,4,19.8,,
544803.0,21212,1,0.55,,
544804.0,POST,12,216.0,,
544805.0,85123A,2,5.1,,
544806.0,22383,12,19.8,,
544807.0,84879,4,6.76,,
544808.0,85099B,1,1.95,,
544809.0,22383,1,1.65,,
544810.0,47566,6,29.7,,
544811.0,85123A,1,2.55,,
544812.0,22720,6,29.7,,
544813.0,22720,6,29.7,,
544814.0,22423,1,12.75,,
544815.0,84879,6,10.14,,
544816.0,22383,12,19.8,,
544817.0,22423,1,12.75,,
544818.0,22086,2,5.9,,
544819.0,21212,2,1.1,,
544820.0,22423,6,76.5,,
544821.0,85123A,6,15.3,,
544822.0,47566,1,4.95,,
544823.0,21212,2,1.1,,
544824.0,85099B,1,1.95,,
544825.0,84879,1,1.69,,
544826.0,47566,4,19.8,,
544827.0,84879,2,3.38,,
544828.0,POST,2,36.0,,
544829.0,84879,6,10.14,,
544830.0,84879,1,1.69,,
544831.0,84879,2,3.38,,
544832.0,22086,4,11.8,,
544833.0,POST,1,18.0,,
544834.0,85099B,4,7.8,,
544835.0,85123A,1,2.55,,
544836.0,85123A,1,2.55,,
544837.0,85123A,1,2.55,,
544838.0,22423,1,12.75,,
544839.0,22383,6,9.9,,
544840.0,22720,1,4.95,,
544841.0,22383,1,1.65,,
544842.0,POST,2,36.0,,
544843.0,21212,2,1.1,,
544844.0,85099B,4,7.8,,
544845.0,POST,1,18.0,,
544846.0,47566,1,4.95,,
544847.0,21212,4,2.2,,
544848.0,22086,12,35.4,,
544849.0,POST,1,18.0,,
544850.0,85123A,2,5.1,,
544851.0,22383,2,3.3,,
544852.0,85123A,1,2.55,,
544853.0,POST,6,108.0,,
544854.0,22720,6,29.7,,
544855.0,85099B,2,3.9,,
544856.0,22720,6,29.7,,
544857.0,22086,2,5.9,,
544858.0,85123A,12,30.6,,
544859.0,85123A,4,10.2,,
544860.0,84879,2,3.38,,
544861.0,85099B,2,3.9,,
544862.0,85123A,6,15.3,,
544863.0,22423,1,12.75,,
544864.0,85123A,4,10.2,,
544865.0,85099B,2,3.9,,
544866.0,22086,12,35.4,,
544867.0,22423,6,76.5,,
544868.0,POST,6,108.0,,
544869.0,22086,2,5.9,,
544870.0,22720,2,9.9,,
544871.0,22720,2,9.9,,
544872.0,22383,12,19.8,,
544873.0,22423,12,153.0,,
544874.0,22423,12,153.0,,
544875.0,22383,2,3.3,,
544876.0,22086,2,5.9,,
544877.0,47566,12,59.4,,
108512.0,22720,1,0.0,,
544879.0,POST,2,36.0,,
544880.0,85099B,12,23.4,,
544881.0,22720,1,4.95,,
544882.0,22423,12,153.0,,
108517.0,22383,1,0.0,,
544884.0,22720,2,9.9,,
544885.0,21212,6,3.3,,
544886.0,85123A,12,30.6,,
544887.0,47566,12,59.4,,
544888.0,47566,1,4.95,,
544889.0,85123A,12,30.6,,
544890.0,47566,1,4.95,,
544891.0,84879,4,6.76,,
544892.0,84879,6,10.14,,
544893.0,22086,6,17.7,,
544894.0,22086,2,5.9,,
544895.0,22383,1,1.65,,
544896.0,22383,6,9.9,,
544897.0,22086,6,17.7,,
544898.0,85099B,1,1.95,,
108533.0,22423,1,0.0,,
544900.0,22086,2,5.9,,
544901.0,22720,1,4.95,,
544902.0,22720,2,9.9,,
544903.0,22086,12,35.4,,
544904.0,22423,6,76.5,,
544905.0,22086,6,17.7,,
544906.0,22383,1,1.65,,
544907.0,21212,2,1.1,,
544908.0,22086,2,5.9,,
544909.0,21212,2,1.1,,
544910.0,22720,12,59.4,,
544911.0,POST,6,108.0,,
544912.0,22720,1,4.95,,
544913.0,84879,2,3.38,,
544914.0,47566,2,9.9,,
544915.0,POST,2,36.0,,
544916.0,22383,1,1.65,,
544917.0,22720,4,19.8,,
544918.0,85123A,4,10.2,,
544919.0,85123A,1,2.55,,
544920.0,22383,1,1.65,,
544921.0,85099B,2,3.9,,
544922.0,21212,1,0.55,,
544923.0,22383,1,1.65,,
544924.0,47566,1,4.95,,
544925.0,85123A,2,5.1,,
544926.0,22720,6,29.7,,
544927.0,84879,2,3.38,,
544928.0,22423,1,12.75,,
544929.0,22383,1,1.65,,
544930.0,22720,2,9.9,,
544931.0,21212,1,0.55,,
544932.0,22086,1,2.95,,
544933.0,22383,1,1.65,,
544934.0,21212,1,0.55,,
544935.0,47566,2,9.9,,
544936.0,22086,12,35.4,,
544937.0,47566,4,19.8,,
544938.0,22383,12,19.8,,
544939.0,84879,24,40.56,,
544940.0,84879,6,10.14,,
544941.0,85123A,2,5.1,,
544942.0,85123A,6,15.3,,
544943.0,22423,1,12.75,,
544944.0,47566,1,4.95,,
544945.0,22720,2,9.9,,
544946.0,22423,1,12.75,,
544947.0,21212,12,6.6,,
544948.0,47566,2,9.9,,
544949.0,84879,2,3.38,,
544950.0,84879,1,1.69,,
544951.0,21212,1,0.55,,
544952.0,85099B,4,7.8,,
544953.0,POST,2,36.0,,
544954.0,84879,1,1.69,,
544955.0,21212,2,1.1,,
544956.0,47566,2,9.9,,
544957.0,47566,4,19.8,,
544958.0,22086,1,2.95,,
544959.0,22423,6,76.5,,
544960.0,22720,4,19.8,,
108595.0,22423,1,0.0,,
544962.0,22383,1,1.65,,
544963.0,22720,2,9.9,,
544964.0,22383,24,39.6,,
108599.0,22086,1,0.0,,
544966.0,22720,12,59.4,,
544967.0,POST,1,18.0,,
544968.0,22423,2,25.5,,
544969.0,POST,6,108.0,,
544970.0,85123A,4,10.2,,
544971.0,84879,12,20.28,,
544972.0,84879,2,3.38,,
544973.0,22086,6,17.7,,
544974.0,POST,2,36.0,,
544975.0,22086,2,5.9,,
544976.0,22720,2,9.9,,
544977.0,22423,2,25.5,,
544978.0,47566,6,29.7,,
544979.0,POST,6,108.0,,
544980.0,21212,1,0.55,,
544981.0,22423,6,76.5,,
544982.0,85099B,2,3.9,,
544983.0,22720,12,59.4,,
544984.0,22423,1,12.75,,
544985.0,22423,4,51.0,,
544986.0,22383,4,6.6,,
544987.0,21212,12,6.6,,
544988.0,85099B,1,1.95,,
108623.0,22423,1,0.0,,
544990.0,22423,1,12.75,,
544991.0,22086,6,17.7,,
544992.0,22383,2,3.3,,
544993.0,POST,2,36.0,,
544994.0,22383,2,3.3,,
544995.0,22423,24,306.0,,
544996.0,21212,1,0.55,,
544997.0,22423,4,51.0,,
544998.0,85099B,1,1.95,,
544999.0,POST,2,36.0,,
545000.0,22383,6,9.9,,
545001.0,22383,4,6.6,,
545002.0,22086,1,2.95,,
545003.0,85123A,2,5.1,,
545004.0,21212,1,0.55,,
545005.0,22383,1,1.65,,
545006.0,22383,1,1.65,,
545007.0,84879,1,1.69,,
545008.0,21212,6,3.3,,
545009.0,84879,6,10.14,,
545010.0,POST,1,18.0,,
545011.0,85123A,2,5.1,,
545012.0,POST,1,18.0,,
545013.0,85099B,6,11.7,,
545014.0,22086,1,2.95,,
545015.0,POST,1,18.0,,
545016.0,22383,2,3.3,,
545017.0,85123A,12,30.6,,
545018.0,22383,1,1.65,,
545019.0,POST,6,108.0,,
545020.0,47566,12,59.4,,
545021.0,22720,6,29.7,,
545022.0,22383,1,1.65,,
545023.0,POST,1,18.0,,
545024.0,22720,4,19.8,,
545025.0,22423,1,12.75,,
545026.0,47566,1,4.95,,
545027.0,22423,1,12.75,,
545028.0,22383,1,1.65,,
545029.0,22720,2,9.9,,
545030.0,22720,1,4.95,,
545031.0,85099B,4,7.8,,
545032.0,22720,4,19.8,,
545033.0,22423,2,25.5,,
545034.0,85123A,1,2.55,,
545035.0,22086,1,2.95,,
545036.0,22720,12,59.4,,
545037.0,22383,1,1.65,,
545038.0,21212,12,6.6,,
545039.0,84879,1,1.69,,
545040.0,21212,12,6.6,,
545041.0,22423,12,153.0,,
545042.0,22086,4,11.8,,
545043.0,22383,2,3.3,,
545044.0,47566,1,4.95,,
545045.0,85123A,1,2.55,,
545046.0,POST,6,108.0,,
545047.0,POST,1,18.0,,
545048.0,85123A,4,10.2,,
545049.0,22720,2,9.9,,
545050.0,85123A,1,2.55,,
545051.0,84879,4,6.76,,
545052.0,22383,2,3.3,,
545053.0,84879,1,1.69,,
545054.0,85099B,4,7.8,,
545055.0,85099B,1,1.95,,
545056.0,22383,6,9.9,,
545057.0,85099B,1,1.95,,
545058.0,47566,4,19.8,,
545059.0,22086,4,11.8,,
545060.0,22086,2,5.9,,
545061.0,84879,12,20.28,,
545062.0,22086,6,17.7,,
545063.0,22720,1,4.95,,
545064.0,22423,6,76.5,,
108699.0,22383,1,0.0,,
545066.0,22086,6,17.7,,
545067.0,22720,6,29.7,,
545068.0,22383,4,6.6,,
545069.0,22423,1,12.75,,
545070.0,21212,4,2.2,,
545071.0,21212,2,1.1,,
545072.0,22720,6,29.7,,
545073.0,47566,2,9.9,,
545074.0,22720,4,19.8,,
545075.0,22423,1,12.75,,
545076.0,47566,6,29.7,,
545077.0,22720,4,19.8,,
545078.0,22086,1,2.95,,
545079.0,84879,4,6.76,,
545080.0,84879,2,3.38,,
545081.0,84879,1,1.69,,
545082.0,85123A,4,10.2,,
545083.0,47566,2,9.9,,
545084.0,22720,2,9.9,,
545085.0,85123A,2,5.1,,
545086.0,22720,1,4.95,,
545087.0,POST,12,216.0,,
545088.0,POST,6,108.0,,
545089.0,POST,6,108.0,,
545090.0,22720,24,118.8,,
545091.0,22423,2,25.5,,
545092.0,85099B,12,23.4,,
545093.0,85123A,4,10.2,,
545094.0,22086,24,70.8,,
545095.0,POST,2,36.0,,
545096.0,22086,1,2.95,,
545097.0,85099B,6,11.7,,
545098.0,84879,2,3.38,,
545099.0,21212,2,1.1,,
545100.0,47566,1,4.95,,
545101.0,84879,12,20.28,,
545102.0,47566,2,9.9,,
545103.0,22086,24,70.8,,
545104.0,21212,6,3.3,,
545105.0,22423,1,12.75,,
545106.0,21212,4,2.2,,
545107.0,47566,1,4.95,,
545108.0,22086,4,11.8,,
545109.0,22720,12,59.4,,
545110.0,21212,4,2.2,,
545111.0,47566,2,9.9,,
545112.0,22383,1,1.65,,
545113.0,47566,1,4.95,,
545114.0,POST,6,108.0,,
545115.0,POST,1,18.0,,
545116.0,22720,6,29.7,,
545117.0,84879,2,3.38,,
545118.0,POST,4,72.0,,
545119.0,22086,1,2.95,,
545120.0,85123A,2,5.1,,
545121.0,22423,6,76.5,,
545122.0,22383,6,9.9,,
545123.0,21212,1,0.55,,
545124.0,22086,4,11.8,,
545125.0,85123A,4,10.2,,
545126.0,22720,1,4.95,,
545127.0,22720,2,9.9,,
545128.0,22720,2,9.9,,
545129.0,22720,1,4.95,,
545130.0,22423,1,12.75,,
545131.0,85123A,1,2.55,,
545132.0,85099B,1,1.95,,
545133.0,POST,1,18.0,,
545134.0,22086,1,2.95,,
545135.0,84879,2,3.38,,
545136.0,22086,2,5.9,,
545137.0,84879,1,1.69,,
545138.0,22086,12,35.4,,
545139.0,22720,1,4.95,,
545140.0,85099B,1,1.95,,
545141.0,POST,6,108.0,,
545142.0,POST,2,36.0,,
545143.0,22423,1,12.75,,
545144.0,22720,4,19.8,,
545145.0,84879,4,6.76,,
545146.0,47566,4,19.8,,
545147.0,21212,4,2.2,,
545148.0,47566,12,59.4,,
545149.0,85099B,2,3.9,,
545150.0,21212,6,3.3,,
545151.0,85123A,2,5.1,,
545152.0,22720,4,19.8,,
545153.0,47566,12,59.4,,
545154.0,22720,6,29.7,,
545155.0,22086,6,17.7,,
545156.0,84879,12,20.28,,
545157.0,84879,1,1.69,,
545158.0,85099B,2,3.9,,
545159.0,21212,1,0.55,,
545160.0,22086,4,11.8,,
545161.0,21212,1,0.55,,
545162.0,POST,1,18.0,,
545163.0,22086,6,17.7,,
545164.0,22383,1,1.65,,
545165.0,85099B,12,23.4,,
545166.0,22383,6,9.9,,
545167.0,85123A,1,2.55,,
545168.0,22720,6,29.7,,
545169.0,POST,2,36.0,,
545170.0,POST,6,108.0,,
545171.0,22383,1,1.65,,
545172.0,84879,1,1.69,,
545173.0,21212,6,3.3,,
545174.0,84879,6,10.14,,
545175.0,84879,2,3.38,,
545176.0,POST,1,18.0,,
545177.0,47566,12,59.4,,
545178.0,22720,1,4.95,,
545179.0,85099B,4,7.8,,
545180.0,22720,2,9.9,,
545181.0,85123A,12,30.6,,
545182.0,85123A,1,2.55,,
545183.0,22086,1,2.95,,
545184.0,22720,1,4.95,,
545185.0,22086,1,2.95,,
545186.0,21212,12,6.6,,
545187.0,POST,1,18.0,,
545188.0,22423,4,51.0,,
545189.0,85099B,1,1.95,,
545190.0,85123A,12,30.6,,
545191.0,22086,6,17.7,,
545192.0,22720,6,29.7,,
545193.0,22086,6,17.7,,
545194.0,22086,6,17.7,,
545195.0,85099B,2,3.9,,
545196.0,22086,2,5.9,,
545197.0,85123A,6,15.3,,
545198.0,85123A,1,2.55,,
545199.0,22720,1,4.95,,
545200.0,22086,1,2.95,,
545201.0,22086,1,2.95,,
545202.0,85099B,4,7.8,,
545203.0,22423,1,12.75,,
545204.0,22383,4,6.6,,
545205.0,21212,4,2.2,,
545206.0,POST,1,18.0,,
545207.0,85099B,1,1.95,,
545208.0,22720,6,29.7,,
545209.0,22720,24,118.8,,
545210.0,22383,1,1.65,,
545211.0,85123A,6,15.3,,
545212.0,POST,2,36.0,,
545213.0,22383,2,3.3,,
545214.0,POST,2,36.0,,
545215.0,47566,1,4.95,,
545216.0,47566,1,4.95,,
545217.0,22423,2,25.5,,
545218.0,POST,1,18.0,,
545219.0,84879,1,1.69,,
545220.0,POST,4,72.0,,
545221.0,22423,1,12.75,,
545222.0,85123A,2,5.1,,
545223.0,47566,6,29.7,,
545224.0,POST,2,36.0,,
545225.0,22423,4,51.0,,
545226.0,47566,1,4.95,,
545227.0,84879,2,3.38,,
545228.0,85123A,1,2.55,,
545229.0,22720,4,19.8,,
545230.0,85099B,2,3.9,,
545231.0,85099B,6,11.7,,
545232.0,85123A,1,2.55,,
545233.0,22086,1,2.95,,
545234.0,22423,1,12.75,,
545235.0,POST,1,18.0,,
545236.0,47566,6,29.7,,
545237.0,POST,1,18.0,,
545238.0,85123A,2,5.1,,
545239.0,POST,2,36.0,,
545240.0,85123A,2,5.1,,
545241.0,85099B,4,7.8,,
545242.0,21212,6,3.3,,
545243.0,84879,1,1.69,,
545244.0,84879,1,1.69,,
545245.0,22383,4,6.6,,
545246.0,47566,1,4.95,,
545247.0,84879,4,6.76,,
545248.0,22720,2,9.9,,
545249.0,85123A,6,15.3,,
545250.0,85099B,6,11.7,,
545251.0,21212,1,0.55,,
545252.0,84879,2,3.38,,
108887.0,85123A,1,0.0,,
545254.0,85123A,4,10.2,,
545255.0,47566,2,9.9,,
545256.0,47566,4,19.8,,
545257.0,22086,1,2.95,,
545258.0,22086,6,17.7,,
545259.0,POST,1,18.0,,
545260.0,47566,6,29.7,,
545261.0,21212,2,1.1,,
545262.0,84879,2,3.38,,
545263.0,22383,4,6.6,,
545264.0,22423,1,12.75,,
545265.0,85099B,4,7.8,,
545266.0,22383,2,3.3,,
545267.0,85099B,4,7.8,,
545268.0,47566,1,4.95,,
545269.0,22383,2,3.3,,
545270.0,22423,1,12.75,,
545271.0,22720,1,4.95,,
545272.0,22383,2,3.3,,
545273.0,84879,2,3.38,,
545274.0,47566,24,118.8,,
545275.0,22383,1,1.65,,
545276.0,22720,6,29.7,,
545277.0,22720,6,29.7,,
545278.0,22086,24,70.8,,
545279.0,22086,1,2.95,,
545280.0,22423,2,25.5,,
545281.0,22086,12,35.4,,
545282.0,22720,6,29.7,,
545283.0,POST,2,36.0,,
545284.0,85123A,24,61.2,,
545285.0,84879,1,1.69,,
545286.0,POST,2,36.0,,
545287.0,85123A,6,15.3,,
545288.0,22383,1,1.65,,
545289.0,22383,2,3.3,,
545290.0,21212,1,0.55,,
545291.0,22086,2,5.9,,
545292.0,47566,6,29.7,,
545293.0,84879,6,10.14,,
545294.0,22423,2,25.5,,
545295.0,22086,2,5.9,,
545296.0,22383,4,6.6,,
545297.0,85099B,1,1.95,,
545298.0,85099B,2,3.9,,
545299.0,21212,1,0.55,,
545300.0,47566,1,4.95,,
545301.0,47566,1,4.95,,
545302.0,POST,12,216.0,,
545303.0,85099B,1,1.95,,
545304.0,22423,1,12.75,,
545305.0,21212,6,3.3,,
545306.0,21212,4,2.2,,
545307.0,POST,6,108.0,,
545308.0,22383,12,19.8,,
545309.0,22383,4,6.6,,
545310.0,22086,2,5.9,,
545311.0,22720,1,4.95,,
545312.0,POST,1,18.0,,
545313.0,22086,1,2.95,,
545314.0,22086,1,2.95,,
545315.0,85099B,12,23.4,,
545316.0,85123A,4,10.2,,
545317.0,84879,1,1.69,,
545318.0,22383,1,1.65,,
545319.0,POST,12,216.0,,
545320.0,22383,1,1.65,,
545321.0,47566,1,4.95,,
545322.0,22383,1,1.65,,
545323.0,47566,1,4.95,,
545324.0,21212,2,1.1,,
545325.0,84879,12,20.28,,
545326.0,47566,2,9.9,,
545327.0,22720,2,9.9,,
545328.0,47566,6,29.7,,
545329.0,85123A,2,5.1,,
545330.0,22383,4,6.6,,
545331.0,47566,1,4.95,,
545332.0,22423,1,12.75,,
545333.0,21212,1,0.55,,
545334.0,85099B,2,3.9,,
545335.0,22086,1,2.95,,
545336.0,84879,1,1.69,,
545337.0,84879,1,1.69,,
545338.0,84879,4,6.76,,
545339.0,22423,2,25.5,,
545340.0,21212,12,6.6,,
545341.0,22720,4,19.8,,
545342.0,22720,6,29.7,,
545343.0,22423,1,12.75,,
545344.0,22383,1,1.65,,
545345.0,22423,1,12.75,,
545346.0,22383,2,3.3,,
545347.0,47566,2,9.9,,
545348.0,85123A,2,5.1,,
545349.0,84879,1,1.69,,
545350.0,22383,6,9.9,,
545351.0,22383,1,1.65,,
545352.0,POST,1,18.0,,
545353.0,22086,2,5.9,,
545354.0,21212,4,2.2,,
545355.0,22086,1,2.95,,
545356.0,84879,2,3.38,,
545357.0,85123A,2,5.1,,
545358.0,POST,1,18.0,,
545359.0,47566,1,4.95,,
545360.0,21212,1,0.55,,
108995.0,22423,1,0.0,,
545362.0,22720,1,4.95,,
545363.0,22423,2,25.5,,
545364.0,POST,2,36.0,,
545365.0,22423,2,25.5,,
545366.0,85099B,2,3.9,,
545367.0,21212,6,3.3,,
545368.0,22383,1,1.65,,
545369.0,22383,2,3.3,,
545370.0,85123A,24,61.2,,
545371.0,22423,1,12.75,,
545372.0,85099B,6,11.7,,
545373.0,85099B,1,1.95,,
545374.0,22423,1,12.75,,
545375.0,21212,1,0.55,,
545376.0,85123A,1,2.55,,
545377.0,22720,1,4.95,,
545378.0,85099B,4,7.8,,
545379.0,85123A,2,5.1,,
545380.0,47566,2,9.9,,
545381.0,84879,2,3.38,,
545382.0,22086,1,2.95,,
545383.0,22383,6,9.9,,
545384.0,47566,6,29.7,,
545385.0,21212,4,2.2,,
545386.0,85123A,1,2.55,,
545387.0,84879,2,3.38,,
545388.0,22423,2,25.5,,
545389.0,22720,6,29.7,,
545390.0,47566,6,29.7,,
545391.0,21212,2,1.1,,
545392.0,85099B,1,1.95,,
545393.0,47566,4,19.8,,
545394.0,22086,4,11.8,,
545395.0,POST,1,18.0,,
545396.0,22086,4,11.8,,
545397.0,22383,24,39.6,,
545398.0,22423,1,12.75,,
545399.0,22720,1,4.95,,
545400.0,22383,2,3.3,,
545401.0,22383,24,39.6,,
545402.0,22086,6,17.7,,
545403.0,POST,1,18.0,,
545404.0,22086,4,11.8,,
545405.0,85123A,6,15.3,,
545406.0,22086,12,35.4,,
545407.0,85123A,6,15.3,,
545408.0,POST,1,18.0,,
109043.0,22383,1,0.0,,
545410.0,47566,6,29.7,,
545411.0,85123A,1,2.55,,
545412.0,21212,1,0.55,,
545413.0,22423,4,51.0,,
545414.0,85123A,1,2.55,,
545415.0,22423,6,76.5,,
545416.0,POST,1,18.0,,
545417.0,84879,12,20.28,,
545418.0,84879,1,1.69,,
545419.0,85123A,1,2.55,,
545420.0,POST,4,72.0,,
545421.0,22383,2,3.3,,
545422.0,POST,12,216.0,,
545423.0,85123A,1,2.55,,
545424.0,85099B,6,11.7,,
545425.0,22720,2,9.9,,
545426.0,47566,1,4.95,,
545427.0,POST,1,18.0,,
545428.0,85123A,1,2.55,,
545429.0,21212,1,0.55,,
545430.0,84879,2,3.38,,
545431.0,21212,1,0.55,,
545432.0,POST,4,72.0,,
545433.0,22383,2,3.3,,
545434.0,21212,1,0.55,,
545435.0,47566,6,29.7,,
545436.0,21212,4,2.2,,
545437.0,22383,4,6.6,,
545438.0,22086,4,11.8,,
545439.0,84879,12,20.28,,
545440.0,22086,4,11.8,,
545441.0,21212,1,0.55,,
545442.0,85099B,2,3.9,,
109077.0,POST,1,0.0,,
545444.0,POST,6,108.0,,
545445.0,22423,12,153.0,,
545446.0,47566,4,19.8,,
545447.0,21212,1,0.55,,
545448.0,22720,1,4.95,,
545449.0,22423,6,76.5,,
545450.0,POST,1,18.0,,
545451.0,22423,2,25.5,,
545452.0,85099B,1,1.95,,
545453.0,POST,1,18.0,,
545454.0,85099B,1,1.95,,
545455.0,22720,2,9.9,,
545456.0,85123A,1,2.55,,
545457.0,21212,2,1.1,,
545458.0,22423,1,12.75,,
545459.0,85123A,6,15.3,,
545460.0,22086,6,17.7,,
545461.0,22086,1,2.95,,
545462.0,22720,6,29.7,,
545463.0,47566,6,29.7,,
545464.0,22086,12,35.4,,
545465.0,85123A,2,5.1,,
545466.0,22423,2,25.5,,
545467.0,21212,1,0.55,,
545468.0,22086,6,17.7,,
545469.0,84879,6,10.14,,
545470.0,22086,2,5.9,,
545471.0,22086,1,2.95,,
545472.0,22383,12,19.8,,
545473.0,47566,2,9.9,,
545474.0,22383,6,9.9,,
545475.0,POST,4,72.0,,
545476.0,22383,2,3.3,,
545477.0,POST,2,36.0,,
545478.0,84879,12,20.28,,
545479.0,POST,1,18.0,,
545480.0,22086,4,11.8,,
545481.0,22720,1,4.95,,
545482.0,47566,2,9.9,,
545483.0,22383,2,3.3,,
545484.0,22383,1,1.65,,
545485.0,22423,1,12.75,,
545486.0,POST,4,72.0,,
545487.0,47566,2,9.9,,
545488.0,22086,2,5.9,,
545489.0,47566,2,9.9,,
545490.0,22720,6,29.7,,
545491.0,22383,4,6.6,,
545492.0,84879,2,3.38,,
545493.0,21212,2,1.1,,
545494.0,22086,1,2.95,,
545495.0,22086,1,2.95,,
545496.0,22720,6,29.7,,
545497.0,85099B,1,1.95,,
545498.0,POST,2,36.0,,
545499.0,22720,1,4.95,,
545500.0,85123A,2,5.1,,
545501.0,84879,1,1.69,,
545502.0,POST,1,18.0,,
545503.0,84879,4,6.76,,
545504.0,22423,6,76.5,,
545505.0,85123A,24,61.2,,
545506.0,22383,2,3.3,,
545507.0,21212,2,1.1,,
545508.0,22086,1,2.95,,
545509.0,85123A,1,2.55,,
545510.0,21212,2,1.1,,
545511.0,22383,6,9.9,,
545512.0,85123A,1,2.55,,
545513.0,85099B,2,3.9,,
545514.0,POST,6,108.0,,
545515.0,22720,2,9.9,,
545516.0,85123A,6,15.3,,
545517.0,47566,2,9.9,,
545518.0,22086,1,2.95,,
545519.0,21212,2,1.1,,
545520.0,22423,4,51.0,,
545521.0,22086,4,11.8,,
545522.0,85123A,1,2.55,,
545523.0,84879,1,1.69,,
545524.0,84879,24,40.56,,
545525.0,POST,6,108.0,,
545526.0,POST,1,18.0,,
545527.0,22720,2,9.9,,
545528.0,85123A,12,30.6,,
545529.0,84879,2,3.38,,
545530.0,22423,2,25.5,,
545531.0,85099B,4,7.8,,
545532.0,22423,6,76.5,,
545533.0,22423,6,76.5,,
545534.0,47566,4,19.8,,
545535.0,POST,1,18.0,,
545536.0,85123A,1,2.55,,
109171.0,84879,1,0.0,,
545538.0,22086,4,11.8,,
545539.0,22383,4,6.6,,
545540.0,85099B,2,3.9,,
545541.0,22720,1,4.95,,
545542.0,22383,2,3.3,,
545543.0,84879,6,10.14,,
545544.0,47566,1,4.95,,
545545.0,22423,1,12.75,,
545546.0,47566,4,19.8,,
545547.0,47566,1,4.95,,
545548.0,22423,2,25.5,,
545549.0,22423,1,12.75,,
545550.0,84879,1,1.69,,
545551.0,85099B,6,11.7,,
545552.0,21212,12,6.6,,
545553.0,22086,2,5.9,,
545554.0,47566,4,19.8,,
545555.0,84879,1,1.69,,
545556.0,47566,6,29.7,,
545557.0,22086,12,35.4,,
545558.0,85123A,12,30.6,,
545559.0,22423,4,51.0,,
545560.0,22383,4,6.6,,
545561.0,22086,1,2.95,,
545562.0,22423,4,51.0,,
545563.0,22720,6,29.7,,
545564.0,85123A,4,10.2,,
545565.0,POST,2,36.0,,
545566.0,84879,4,6.76,,
545567.0,85099B,2,3.9,,
545568.0,84879,1,1.69,,
545569.0,POST,1,18.0,,
545570.0,85123A,1,2.55,,
545571.0,22720,2,9.9,,
545572.0,84879,2,3.38,,
545573.0,85099B,1,1.95,,
545574.0,21212,1,0.55,,
545575.0,22720,2,9.9,,
545576.0,21212,4,2.2,,
545577.0,22423,6,76.5,,
545578.0,85123A,2,5.1,,
109213.0,22720,1,0.0,,
545580.0,22423,2,25.5,,
109215.0,85099B,1,0.0,,
545582.0,22720,1,4.95,,
545583.0,22720,1,4.95,,
545584.0,21212,1,0.55,,
545585.0,POST,6,108.0,,
545586.0,22383,6,9.9,,
545587.0,21212,2,1.1,,
545588.0,85123A,1,2.55,,
545589.0,85099B,2,3.9,,
545590.0,21212,12,6.6,,
545591.0,22383,6,9.9,,
545592.0,47566,1,4.95,,
545593.0,21212,4,2.2,,
545594.0,22086,1,2.95,,
545595.0,22720,1,4.95,,
545596.0,85123A,1,2.55,,
545597.0,22720,1,4.95,,
545598.0,POST,1,18.0,,
545599.0,22720,2,9.9,,
545600.0,84879,4,6.76,,
545601.0,85099B,2,3.9,,
545602.0,85123A,1,2.55,,
545603.0,22423,6,76.5,,
545604.0,47566,1,4.95,,
545605.0,85099B,4,7.8,,
545606.0,22086,24,70.8,,
545607.0,84879,6,10.14,,
545608.0,22086,1,2.95,,
545609.0,47566,6,29.7,,
545610.0,22423,2,25.5,,
545611.0,22423,12,153.0,,
545612.0,85123A,2,5.1,,
545613.0,22383,1,1.65,,
545614.0,POST,2,36.0,,
545615.0,22423,2,25.5,,
545616.0,22086,1,2.95,,
545617.0,POST,4,72.0,,
545618.0,47566,6,29.7,,
545619.0,POST,24,432.0,,
545620.0,22423,2,25.5,,
545621.0,47566,4,19.8,,
545622.0,21212,6,3.3,,
545623.0,47566,1,4.95,,
545624.0,22086,2,5.9,,
545625.0,22423,1,12.75,,
545626.0,22423,2,25.5,,
545627.0,22423,1,12.75,,
545628.0,85123A,24,61.2,,
545629.0,21212,2,1.1,,
545630.0,22086,2,5.9,,
545631.0,21212,2,1.1,,
545632.0,85099B,2,3.9,,
545633.0,85099B,6,11.7,,
545634.0,22086,12,35.4,,
545635.0,22086,1,2.95,,
545636.0,POST,6,108.0,,
545637.0,POST,6,108.0,,
545638.0,22720,1,4.95,,
545639.0,47566,12,59.4,,
545640.0,47566,2,9.9,,
545641.0,85099B,4,7.8,,
545642.0,22720,1,4.95,,
545643.0,85099B,2,3.9,,
545644.0,84879,2,3.38,,
545645.0,47566,2,9.9,,
545646.0,85099B,6,11.7,,
545647.0,22383,1,1.65,,
545648.0,85123A,6,15.3,,
545649.0,22086,24,70.8,,
545650.0,22720,4,19.8,,
545651.0,22086,1,2.95,,
545652.0,85099B,1,1.95,,
545653.0,22423,2,25.5,,
545654.0,POST,1,18.0,,
545655.0,22383,4,6.6,,
109290.0,22086,1,0.0,,
545657.0,POST,2,36.0,,
545658.0,22720,1,4.95,,
545659.0,47566,1,4.95,,
545660.0,85099B,1,1.95,,
545661.0,POST,2,36.0,,
545662.0,85123A,6,15.3,,
545663.0,47566,1,4.95,,
545664.0,22383,1,1.65,,
545665.0,22720,12,59.4,,
545666.0,22423,1,12.75,,
109301.0,84879,1,0.0,,
545668.0,85099B,4,7.8,,
545669.0,21212,2,1.1,,
545670.0,85123A,4,10.2,,
545671.0,22720,1,4.95,,
545672.0,22423,2,25.5,,
545673.0,22383,6,9.9,,
545674.0,84879,2,3.38,,
545675.0,22423,2,25.5,,
545676.0,22423,1,12.75,,
545677.0,22720,6,29.7,,
545678.0,84879,2,3.38,,
545679.0,47566,1,4.95,,
545680.0,22086,1,2.95,,
545681.0,22383,1,1.65,,
545682.0,22086,1,2.95,,
545683.0,84879,4,6.76,,
545684.0,21212,2,1.1,,
545685.0,22383,6,9.9,,
545686.0,84879,1,1.69,,
545687.0,85123A,1,2.55,,
545688.0,22383,12,19.8,,
545689.0,22423,4,51.0,,
545690.0,21212,6,3.3,,
545691.0,84879,2,3.38,,
545692.0,22423,1,12.75,,
545693.0,47566,6,29.7,,
545694.0,22720,6,29.7,,
545695.0,POST,2,36.0,,
545696.0,84879,6,10.14,,
545697.0,47566,6,29.7,,
545698.0,84879,1,1.69,,
545699.0,22423,6,76.5,,
545700.0,22383,4,6.6,,
545701.0,21212,12,6.6,,
545702.0,22423,1,12.75,,
545703.0,22086,6,17.7,,
545704.0,22086,1,2.95,,
545705.0,22423,12,153.0,,
545706.0,22720,1,4.95,,
545707.0,POST,2,36.0,,
545708.0,POST,1,18.0,,
545709.0,47566,2,9.9,,
545710.0,22086,6,17.7,,
545711.0,22086,2,5.9,,
545712.0,22423,2,25.5,,
545713.0,22720,6,29.7,,
545714.0,22423,1,12.75,,
545715.0,85099B,6,11.7,,
545716.0,21212,2,1.1,,
545717.0,22383,12,19.8,,
545718.0,47566,1,4.95,,
545719.0,22423,6,76.5,,
545720.0,22086,2,5.9,,
545721.0,85099B,12,23.4,,
545722.0,22720,2,9.9,,
545723.0,85123A,1,2.55,,
545724.0,22383,2,3.3,,
545725.0,21212,12,6.6,,
545726.0,47566,1,4.95,,
545727.0,22086,1,2.95,,
545728.0,47566,4,19.8,,
545729.0,POST,2,36.0,,
545730.0,84879,24,40.56,,
545731.0,21212,2,1.1,,
545732.0,85123A,1,2.55,,
545733.0,84879,2,3.38,,
545734.0,22086,1,2.95,,
545735.0,21212,24,13.2,,
545736.0,21212,1,0.55,,
545737.0,21212,1,0.55,,
545738.0,21212,1,0.55,,
545739.0,84879,12,20.28,,
545740.0,84879,2,3.38,,
545741.0,22086,2,5.9,,
545742.0,85099B,4,7.8,,
545743.0,22423,1,12.75,,
545744.0,21212,1,0.55,,
545745.0,47566,6,29.7,,
545746.0,85099B,4,7.8,,
545747.0,47566,1,4.95,,
545748.0,22720,4,19.8,,
545749.0,85123A,4,10.2,,
545750.0,85123A,6,15.3,,
545751.0,22086,1,2.95,,
545752.0,21212,2,1.1,,
545753.0,22383,1,1.65,,
545754.0,POST,4,72.0,,
545755.0,84879,2,3.38,,
545756.0,21212,24,13.2,,
545757.0,85123A,4,10.2,,
545758.0,22720,24,118.8,,
545759.0,22383,6,9.9,,
545760.0,84879,2,3.38,,
545761.0,21212,6,3.3,,
545762.0,85123A,1,2.55,,
545763.0,POST,1,18.0,,
545764.0,21212,2,1.1,,
545765.0,21212,6,3.3,,
545766.0,POST,2,36.0,,
545767.0,POST,2,36.0,,
545768.0,22720,12,59.4,,
545769.0,22383,2,3.3,,
545770.0,84879,1,1.69,,
545771.0,22086,12,35.4,,
545772.0,85123A,1,2.55,,
545773.0,22423,1,12.75,,
545774.0,84879,2,3.38,,
545775.0,47566,12,59.4,,
545776.0,85123A,12,30.6,,
545777.0,22720,12,59.4,,
545778.0,85123A,1,2.55,,
545779.0,21212,4,2.2,,
545780.0,85099B,2,3.9,,
545781.0,85123A,2,5.1,,
545782.0,85099B,1,1.95,,
545783.0,85099B,4,7.8,,
545784.0,22720,1,4.95,,
545785.0,22086,1,2.95,,
545786.0,47566,2,9.9,,
545787.0,85123A,1,2.55,,
545788.0,22423,4,51.0,,
545789.0,22423,1,12.75,,
545790.0,84879,1,1.69,,
545791.0,POST,2,36.0,,
545792.0,22383,6,9.9,,
545793.0,21212,1,0.55,,
545794.0,47566,1,4.95,,
545795.0,21212,2,1.1,,
545796.0,22086,2,5.9,,
545797.0,22720,1,4.95,,
545798.0,22086,2,5.9,,
545799.0,22720,4,19.8,,
545800.0,84879,6,10.14,,
545801.0,47566,6,29.7,,
545802.0,22423,6,76.5,,
109437.0,22423,1,0.0,,
545804.0,21212,12,6.6,,
545805.0,22086,4,11.8,,
545806.0,85099B,6,11.7,,
545807.0,22383,2,3.3,,
545808.0,22383,1,1.65,,
545809.0,84879,6,10.14,,
545810.0,47566,12,59.4,,
109445.0,POST,1,0.0,,
545812.0,47566,1,4.95,,
545813.0,22720,1,4.95,,
545814.0,22423,1,12.75,,
545815.0,47566,6,29.7,,
545816.0,22720,4,19.8,,
545817.0,22383,2,3.3,,
545818.0,85123A,12,30.6,,
545819.0,47566,4,19.8,,
545820.0,85099B,12,23.4,,
545821.0,22720,1,4.95,,
545822.0,84879,1,1.69,,
545823.0,22720,6,29.7,,
545824.0,21212,6,3.3,,
545825.0,84879,12,20.28,,
545826.0,22423,1,12.75,,
545827.0,47566,6,29.7,,
545828.0,21212,6,3.3,,
545829.0,22423,1,12.75,,
545830.0,POST,2,36.0,,
545831.0,22383,1,1.65,,
545832.0,22720,4,19.8,,
545833.0,22423,12,153.0,,
545834.0,84879,6,10.14,,
545835.0,21212,1,0.55,,
545836.0,22383,1,1.65,,
545837.0,POST,4,72.0,,
545838.0,22423,1,12.75,,
545839.0,22423,1,12.75,,
545840.0,85123A,24,61.2,,
545841.0,POST,12,216.0,,
545842.0,POST,1,18.0,,
545843.0,22086,2,5.9,,
545844.0,22086,1,2.95,,
545845.0,22423,2,25.5,,
545846.0,22383,1,1.65,,
545847.0,47566,2,9.9,,
545848.0,84879,12,20.28,,
545849.0,85099B,1,1.95,,
545850.0,47566,1,4.95,,
545851.0,47566,1,4.95,,
545852.0,22383,2,3.3,,
545853.0,21212,4,2.2,,
545854.0,22423,2,25.5,,
545855.0,85099B,4,7.8,,
545856.0,84879,2,3.38,,
545857.0,22086,1,2.95,,
545858.0,47566,2,9.9,,
545859.0,21212,1,0.55,,
545860.0,47566,1,4.95,,
545861.0,22383,6,9.9,,
545862.0,POST,1,18.0,,
545863.0,22423,4,51.0,,
545864.0,POST,4,72.0,,
545865.0,POST,1,18.0,,
545866.0,22086,2,5.9,,
545867.0,84879,1,1.69,,
545868.0,85123A,4,10.2,,
545869.0,85123A,1,2.55,,
545870.0,POST,1,18.0,,
545871.0,22086,6,17.7,,
545872.0,47566,12,59.4,,
545873.0,47566,4,19.8,,
545874.0,47566,2,9.9,,
545875.0,85099B,2,3.9,,
545876.0,22383,1,1.65,,
545877.0,85123A,2,5.1,,
545878.0,POST,1,18.0,,
545879.0,84879,2,3.38,,
545880.0,22423,6,76.5,,
545881.0,47566,1,4.95,,
545882.0,84879,6,10.14,,
545883.0,47566,1,4.95,,
545884.0,47566,2,9.9,,
545885.0,85123A,12,30.6,,
545886.0,84879,2,3.38,,
545887.0,84879,4,6.76,,
545888.0,85099B,24,46.8,,
545889.0,22383,1,1.65,,
545890.0,22720,12,59.4,,
545891.0,22720,1,4.95,,
545892.0,22423,4,51.0,,
545893.0,21212,6,3.3,,
545894.0,22086,1,2.95,,
545895.0,85099B,1,1.95,,
545896.0,84879,6,10.14,,
545897.0,POST,4,72.0,,
545898.0,22423,4,51.0,,
545899.0,22423,1,12.75,,
545900.0,22383,1,1.65,,
545901.0,85099B,4,7.8,,
109536.0,22383,1,0.0,,
545903.0,85099B,4,7.8,,
545904.0,22423,6,76.5,,
545905.0,84879,6,10.14,,
545906.0,22383,4,6.6,,
109541.0,85123A,1,0.0,,
545908.0,85099B,1,1.95,,
545909.0,85099B,1,1.95,,
545910.0,22423,4,51.0,,
545911.0,22086,2,5.9,,
545912.0,84879,2,3.38,,
545913.0,22720,2,9.9,,
545914.0,84879,1,1.69,,
545915.0,22720,4,19.8,,
545916.0,22720,1,4.95,,
545917.0,84879,6,10.14,,
545918.0,85123A,6,15.3,,
545919.0,22720,2,9.9,,
545920.0,84879,12,20.28,,
545921.0,21212,4,2.2,,
545922.0,POST,1,18.0,,
545923.0,22086,1,2.95,,
545924.0,22720,1,4.95,,
109559.0,22720,1,0.0,,
545926.0,22720,2,9.9,,
545927.0,22383,6,9.9,,
545928.0,84879,12,20.28,,
545929.0,47566,1,4.95,,
545930.0,84879,6,10.14,,
545931.0,84879,2,3.38,,
545932.0,85123A,6,15.3,,
545933.0,22086,24,70.8,,
545934.0,POST,2,36.0,,
545935.0,21212,4,2.2,,
545936.0,22423,12,153.0,,
545937.0,22086,1,2.95,,
545938.0,21212,4,2.2,,
545939.0,22086,6,17.7,,
545940.0,85099B,2,3.9,,
109575.0,47566,1,0.0,,
545942.0,POST,1,18.0,,
545943.0,85099B,1,1.95,,
545944.0,POST,1,18.0,,
545945.0,POST,1,18.0,,
109580.0,22383,1,0.0,,
545947.0,22423,1,12.75,,
109582.0,22423,1,0.0,,
545949.0,47566,2,9.9,,
545950.0,22720,12,59.4,,
545951.0,22423,6,76.5,,
545952.0,22383,1,1.65,,
109587.0,84879,1,0.0,,
545954.0,22383,1,1.65,,
545955.0,21212,2,1.1,,
545956.0,POST,6,108.0,,
545957.0,85123A,2,5.1,,
545958.0,22383,1,1.65,,
545959.0,22383,24,39.6,,
545960.0,47566,2,9.9,,
545961.0,22086,12,35.4,,
545962.0,POST,12,216.0,,
545963.0,POST,2,36.0,,
545964.0,84879,12,20.28,,
545965.0,84879,6,10.14,,
545966.0,21212,6,3.3,,
545967.0,85123A,1,2.55,,
545968.0,85099B,12,23.4,,
545969.0,21212,2,1.1,,
545970.0,22383,1,1.65,,
545971.0,85123A,12,30.6,,
545972.0,22423,6,76.5,,
545973.0,22086,1,2.95,,
545974.0,22423,2,25.5,,
545975.0,22720,2,9.9,,
545976.0,47566,1,4.95,,
545977.0,21212,2,1.1,,
545978.0,84879,2,3.38,,
545979.0,22720,1,4.95,,
545980.0,POST,6,108.0,,
545981.0,22383,2,3.3,,
545982.0,22383,1,1.65,,
545983.0,47566,6,29.7,,
545984.0,21212,2,1.1,,
545985.0,84879,2,3.38,,
545986.0,21212,2,1.1,,
545987.0,22086,2,5.9,,
545988.0,22086,1,2.95,,
545989.0,85123A,12,30.6,,
545990.0,85099B,1,1.95,,
545991.0,85099B,2,3.9,,
545992.0,85099B,6,11.7,,
545993.0,22423,4,51.0,,
545994.0,85123A,2,5.1,,
545995.0,85123A,1,2.55,,
545996.0,22383,1,1.65,,
545997.0,84879,1,1.69,,
545998.0,22086,1,2.95,,
109633.0,85099B,1,0.0,,
546000.0,85123A,6,15.3,,
546001.0,POST,2,36.0,,
546002.0,22086,4,11.8,,
546003.0,POST,1,18.0,,
546004.0,85099B,2,3.9,,
546005.0,22423,1,12.75,,
546006.0,84879,12,20.28,,
546007.0,22720,12,59.4,,
546008.0,22383,1,1.65,,
546009.0,84879,1,1.69,,
546010.0,84879,6,10.14,,
546011.0,22086,2,5.9,,
546012.0,POST,1,18.0,,
546013.0,22086,2,5.9,,
546014.0,21212,2,1.1,,
546015.0,22383,2,3.3,,
546016.0,21212,6,3.3,,
546017.0,84879,4,6.76,,
546018.0,POST,2,36.0,,
546019.0,84879,1,1.69,,
546020.0,84879,2,3.38,,
546021.0,POST,2,36.0,,
546022.0,84879,4,6.76,,
546023.0,POST,6,108.0,,
546024.0,21212,1,0.55,,
546025.0,22720,6,29.7,,
546026.0,84879,6,10.14,,
546027.0,47566,2,9.9,,
546028.0,84879,4,6.76,,
546029.0,POST,12,216.0,,
546030.0,22086,1,2.95,,
546031.0,22086,6,17.7,,
546032.0,85123A,6,15.3,,
546033.0,22720,2,9.9,,
546034.0,22720,4,19.8,,
546035.0,47566,4,19.8,,
546036.0,POST,2,36.0,,
546037.0,22383,2,3.3,,
546038.0,47566,4,19.8,,
546039.0,22086,6,17.7,,
546040.0,47566,12,59.4,,
546041.0,22086,1,2.95,,
546042.0,85123A,1,2.55,,
546043.0,POST,2,36.0,,
546044.0,84879,1,1.69,,
546045.0,22383,12,19.8,,
546046.0,85099B,2,3.9,,
546047.0,22086,2,5.9,,
546048.0,84879,1,1.69,,
546049.0,22423,1,12.75,,
546050.0,22720,1,4.95,,
546051.0,85123A,2,5.1,,
546052.0,22423,2,25.5,,
546053.0,84879,2,3.38,,
546054.0,22086,2,5.9,,
546055.0,47566,1,4.95,,
546056.0,22086,4,11.8,,
546057.0,21212,6,3.3,,
546058.0,47566,2,9.9,,
546059.0,85099B,4,7.8,,
546060.0,POST,1,18.0,,
546061.0,21212,4,2.2,,
546062.0,22383,1,1.65,,
546063.0,84879,1,1.69,,
546064.0,84879,24,40.56,,
546065.0,22423,2,25.5,,
546066.0,85123A,1,2.55,,
546067.0,22720,6,29.7,,
546068.0,22086,2,5.9,,
546069.0,47566,1,4.95,,
546070.0,22720,1,4.95,,
546071.0,POST,6,108.0,,
546072.0,84879,6,10.14,,
546073.0,84879,1,1.69,,
546074.0,85099B,6,11.7,,
546075.0,22720,6,29.7,,
546076.0,84879,2,3.38,,
546077.0,85099B,1,1.95,,
546078.0,85123A,6,15.3,,
546079.0,22720,1,4.95,,
546080.0,84879,2,3.38,,
546081.0,22086,4,11.8,,
546082.0,22720,12,59.4,,
546083.0,22086,6,17.7,,
546084.0,22086,2,5.9,,
546085.0,85099B,6,11.7,,
109720.0,84879,1,0.0,,
546087.0,85123A,1,2.55,,
546088.0,22383,6,9.9,,
546089.0,85123A,6,15.3,,
546090.0,21212,2,1.1,,
546091.0,47566,6,29.7,,
546092.0,POST,1,18.0,,
546093.0,POST,12,216.0,,
546094.0,POST,4,72.0,,
109729.0,POST,1,0.0,,
546096.0,47566,1,4.95,,
546097.0,85123A,2,5.1,,
546098.0,47566,2,9.9,,
546099.0,85123A,6,15.3,,
546100.0,22423,4,51.0,,
546101.0,POST,12,216.0,,
546102.0,22086,2,5.9,,
546103.0,22423,2,25.5,,
109738.0,47566,1,0.0,,
546105.0,85123A,1,2.55,,
546106.0,84879,2,3.38,,
109741.0,22383,1,0.0,,
546108.0,85123A,1,2.55,,
546109.0,22383,4,6.6,,
546110.0,22383,1,1.65,,
546111.0,85099B,1,1.95,,
546112.0,22086,2,5.9,,
546113.0,21212,4,2.2,,
546114.0,22423,6,76.5,,
546115.0,22423,6,76.5,,
546116.0,84879,12,20.28,,
546117.0,22383,1,1.65,,
546118.0,POST,6,108.0,,
546119.0,47566,1,4.95,,
546120.0,POST,12,216.0,,
546121.0,85123A,1,2.55,,
546122.0,84879,24,40.56,,
546123.0,22086,6,17.7,,
546124.0,22423,6,76.5,,
546125.0,85099B,2,3.9,,
546126.0,85123A,2,5.1,,
546127.0,85123A,2,5.1,,
546128.0,21212,4,2.2,,
546129.0,47566,2,9.9,,
546130.0,85123A,2,5.1,,
546131.0,47566,12,59.4,,
546132.0,47566,4,19.8,,
546133.0,22086,12,35.4,,
546134.0,84879,2,3.38,,
546135.0,85099B,2,3.9,,
546136.0,47566,2,9.9,,
546137.0,22383,1,1.65,,
546138.0,22086,1,2.95,,
546139.0,85123A,2,5.1,,
546140.0,21212,1,0.55,,
546141.0,22086,2,5.9,,
546142.0,21212,1,0.55,,
546143.0,POST,2,36.0,,
546144.0,84879,1,1.69,,
546145.0,21212,1,0.55,,
546146.0,47566,2,9.9,,
546147.0,22720,6,29.7,,
546148.0,47566,4,19.8,,
546149.0,85123A,12,30.6,,
546150.0,22086,6,17.7,,
546151.0,22423,1,12.75,,
546152.0,84879,24,40.56,,
546153.0,22086,6,17.7,,
546154.0,POST,6,108.0,,
546155.0,85123A,12,30.6,,
546156.0,22086,4,11.8,,
546157.0,47566,1,4.95,,
546158.0,22086,2,5.9,,
546159.0,POST,4,72.0,,
546160.0,21212,2,1.1,,
546161.0,22720,4,19.8,,
546162.0,21212,4,2.2,,
546163.0,47566,4,19.8,,
546164.0,85099B,1,1.95,,
546165.0,22423,12,153.0,,
546166.0,22720,2,9.9,,
546167.0,47566,24,118.8,,
546168.0,22720,1,4.95,,
546169.0,85123A,2,5.1,,
546170.0,84879,2,3.38,,
546171.0,21212,1,0.55,,
546172.0,85099B,1,1.95,,
546173.0,POST,4,72.0,,
546174.0,85099B,4,7.8,,
546175.0,22383,1,1.65,,
546176.0,84879,1,1.69,,
546177.0,22383,12,19.8,,
546178.0,21212,1,0.55,,
546179.0,22383,1,1.65,,
546180.0,21212,1,0.55,,
546181.0,22720,12,59.4,,
546182.0,21212,2,1.1,,
546183.0,85099B,1,1.95,,
546184.0,85099B,1,1.95,,
546185.0,47566,6,29.7,,
546186.0,22720,2,9.9,,
546187.0,47566,24,118.8,,
546188.0,POST,6,108.0,,
109823.0,47566,1,0.0,,
546190.0,22720,2,9.9,,
546191.0,85123A,1,2.55,,
109826.0,47566,1,0.0,,
546193.0,85099B,12,23.4,,
546194.0,47566,4,19.8,,
546195.0,21212,1,0.55,,
546196.0,22086,6,17.7,,
546197.0,22720,6,29.7,,
546198.0,84879,2,3.38,,
546199.0,22720,6,29.7,,
546200.0,22086,2,5.9,,
546201.0,47566,24,118.8,,
546202.0,22086,1,2.95,,
546203.0,22383,12,19.8,,
546204.0,22423,2,25.5,,
546205.0,85099B,1,1.95,,
546206.0,22086,2,5.9,,
546207.0,47566,6,29.7,,
546208.0,85123A,1,2.55,,
546209.0,22423,1,12.75,,
546210.0,47566,2,9.9,,
546211.0,85123A,1,2.55,,
546212.0,22720,4,19.8,,
546213.0,22720,6,29.7,,
546214.0,47566,2,9.9,,
546215.0,POST,1,18.0,,
546216.0,21212,4,2.2,,
546217.0,84879,6,10.14,,
546218.0,22720,1,4.95,,
546219.0,22086,1,2.95,,
546220.0,85123A,2,5.1,,
546221.0,POST,1,18.0,,
546222.0,84879,1,1.69,,
546223.0,47566,1,4.95,,
546224.0,85099B,2,3.9,,
546225.0,84879,1,1.69,,
546226.0,21212,12,6.6,,
546227.0,22720,2,9.9,,
546228.0,22086,1,2.95,,
546229.0,85099B,1,1.95,,
546230.0,21212,4,2.2,,
546231.0,22086,1,2.95,,
546232.0,22086,1,2.95,,
546233.0,85099B,2,3.9,,
546234.0,85123A,2,5.1,,
546235.0,22383,4,6.6,,
546236.0,22720,1,4.95,,
546237.0,85099B,2,3.9,,
546238.0,21212,6,3.3,,
546239.0,21212,6,3.3,,
546240.0,47566,6,29.7,,
546241.0,22383,2,3.3,,
546242.0,22383,4,6.6,,
546243.0,85123A,12,30.6,,
546244.0,85099B,6,11.7,,
546245.0,22086,1,2.95,,
546246.0,22423,6,76.5,,
546247.0,85099B,2,3.9,,
546248.0,47566,2,9.9,,
546249.0,84879,2,3.38,,
546250.0,22720,4,19.8,,
546251.0,85099B,1,1.95,,
546252.0,85099B,12,23.4,,
546253.0,22086,12,35.4,,
546254.0,22423,12,153.0,,
546255.0,22720,1,4.95,,
546256.0,POST,2,36.0,,
546257.0,85123A,1,2.55,,
546258.0,22086,2,5.9,,
546259.0,84879,12,20.28,,
546260.0,85123A,1,2.55,,
546261.0,85123A,12,30.6,,
546262.0,22383,1,1.65,,
546263.0,22383,1,1.65,,
546264.0,22423,2,25.5,,
546265.0,85099B,2,3.9,,
546266.0,22720,2,9.9,,
546267.0,47566,1,4.95,,
546268.0,85123A,2,5.1,,
546269.0,84879,12,20.28,,
546270.0,47566,24,118.8,,
546271.0,22720,1,4.95,,
546272.0,22086,2,5.9,,
546273.0,85099B,2,3.9,,
546274.0,85123A,2,5.1,,
546275.0,22086,6,17.7,,
546276.0,22720,2,9.9,,
546277.0,47566,4,19.8,,
546278.0,22086,2,5.9,,
546279.0,47566,1,4.95,,
546280.0,47566,1,4.95,,
546281.0,22383,2,3.3,,
546282.0,21212,2,1.1,,
546283.0,22383,6,9.9,,
546284.0,47566,1,4.95,,
546285.0,22086,1,2.95,,
546286.0,22086,1,2.95,,
546287.0,22383,1,1.65,,
546288.0,22720,1,4.95,,
546289.0,22720,4,19.8,,
546290.0,85099B,2,3.9,,
546291.0,22086,12,35.4,,
546292.0,85123A,1,2.55,,
546293.0,22383,6,9.9,,
546294.0,47566,12,59.4,,
546295.0,POST,6,108.0,,
546296.0,22086,1,2.95,,
546297.0,84879,1,1.69,,
546298.0,85099B,2,3.9,,
546299.0,84879,2,3.38,,
546300.0,85099B,12,23.4,,
546301.0,85123A,2,5.1,,
546302.0,85123A,6,15.3,,
546303.0,84879,4,6.76,,
546304.0,22086,12,35.4,,
109939.0,22383,1,0.0,,
546306.0,POST,2,36.0,,
546307.0,21212,1,0.55,,
546308.0,85099B,1,1.95,,
546309.0,22423,1,12.75,,
546310.0,85123A,2,5.1,,
546311.0,22086,4,11.8,,
546312.0,47566,2,9.9,,
546313.0,POST,6,108.0,,
546314.0,85123A,2,5.1,,
546315.0,85099B,1,1.95,,
546316.0,85123A,1,2.55,,
546317.0,21212,6,3.3,,
546318.0,47566,2,9.9,,
546319.0,22423,1,12.75,,
546320.0,22086,4,11.8,,
546321.0,84879,2,3.38,,
546322.0,84879,2,3.38,,
546323.0,22423,24,306.0,,
546324.0,22383,12,19.8,,
546325.0,84879,1,1.69,,
546326.0,22720,1,4.95,,
546327.0,21212,2,1.1,,
546328.0,21212,1,0.55,,
546329.0,21212,2,1.1,,
546330.0,84879,1,1.69,,
546331.0,22423,1,12.75,,
546332.0,85099B,6,11.7,,
546333.0,21212,6,3.3,,
546334.0,22720,2,9.9,,
546335.0,85123A,1,2.55,,
546336.0,22086,2,5.9,,
546337.0,85123A,2,5.1,,
546338.0,47566,6,29.7,,
546339.0,POST,1,18.0,,
546340.0,22383,6,9.9,,
546341.0,POST,1,18.0,,
546342.0,POST,6,108.0,,
546343.0,84879,6,10.14,,
546344.0,84879,2,3.38,,
109979.0,22423,1,0.0,,
546346.0,84879,6,10.14,,
546347.0,22720,1,4.95,,
546348.0,22086,4,11.8,,
546349.0,22423,1,12.75,,
546350.0,22423,6,76.5,,
546351.0,POST,2,36.0,,
546352.0,22720,6,29.7,,
546353.0,22086,1,2.95,,
546354.0,85123A,1,2.55,,
546355.0,47566,2,9.9,,
546356.0,POST,2,36.0,,
546357.0,22720,2,9.9,,
546358.0,22720,2,9.9,,
546359.0,POST,2,36.0,,
546360.0,47566,1,4.95,,
546361.0,22720,2,9.9,,
546362.0,21212,6,3.3,,
546363.0,22720,2,9.9,,
546364.0,85123A,2,5.1,,
546365.0,84879,4,6.76,,
546366.0,22720,4,19.8,,
546367.0,22720,1,4.95,,
546368.0,47566,2,9.9,,
546369.0,POST,1,18.0,,
546370.0,22423,4,51.0,,
546371.0,85123A,6,15.3,,
546372.0,POST,12,216.0,,
546373.0,21212,4,2.2,,
546374.0,85099B,1,1.95,,
546375.0,22720,2,9.9,,
546376.0,84879,2,3.38,,
546377.0,22720,1,4.95,,
546378.0,22383,2,3.3,,
546379.0,85123A,6,15.3,,
546380.0,85123A,4,10.2,,
546381.0,22423,4,51.0,,
546382.0,85123A,6,15.3,,
546383.0,85099B,6,11.7,,
546384.0,POST,1,18.0,,
546385.0,21212,1,0.55,,
546386.0,84879,1,1.69,,
546387.0,84879,1,1.69,,
546388.0,22086,6,17.7,,
546389.0,POST,1,18.0,,
546390.0,22720,1,4.95,,
546391.0,22720,1,4.95,,
546392.0,21212,1,0.55,,
546393.0,85123A,6,15.3,,
546394.0,47566,2,9.9,,
546395.0,85099B,1,1.95,,
546396.0,22383,12,19.8,,
546397.0,22383,1,1.65,,
546398.0,84879,2,3.38,,
546399.0,85099B,12,23.4,,
546400.0,47566,4,19.8,,
546401.0,POST,1,18.0,,
546402.0,22383,2,3.3,,
546403.0,85123A,2,5.1,,
546404.0,22720,1,4.95,,
546405.0,85099B,1,1.95,,
546406.0,21212,2,1.1,,
546407.0,22383,1,1.65,,
546408.0,84879,12,20.28,,
546409.0,85099B,4,7.8,,
546410.0,85123A,2,5.1,,
546411.0,22086,1,2.95,,
546412.0,POST,6,108.0,,
546413.0,22423,1,12.75,,
546414.0,47566,6,29.7,,
546415.0,21212,1,0.55,,
546416.0,22383,1,1.65,,
546417.0,47566,2,9.9,,
546418.0,21212,6,3.3,,
546419.0,85099B,1,1.95,,
546420.0,22383,1,1.65,,
546421.0,22383,1,1.65,,
546422.0,22720,1,4.95,,
546423.0,47566,1,4.95,,
546424.0,85099B,12,23.4,,
546425.0,22423,12,153.0,,
546426.0,21212,4,2.2,,
546427.0,22720,2,9.9,,
546428.0,85099B,1,1.95,,
546429.0,22423,1,12.75,,
546430.0,47566,1,4.95,,
110065.0,22423,1,0.0,,
546432.0,84879,1,1.69,,
546433.0,POST,1,18.0,,
546434.0,22086,4,11.8,,
546435.0,84879,1,1.69,,
546436.0,22720,4,19.8,,
546437.0,21212,1,0.55,,
546438.0,85123A,2,5.1,,
546439.0,22720,2,9.9,,
546440.0,22383,6,9.9,,
546441.0,POST,1,18.0,,
546442.0,22423,2,25.5,,
546443.0,22423,2,25.5,,
546444.0,22383,4,6.6,,
546445.0,47566,1,4.95,,
546446.0,85123A,1,2.55,,
546447.0,22423,2,25.5,,
546448.0,84879,1,1.69,,
546449.0,84879,1,1.69,,
546450.0,85123A,2,5.1,,
546451.0,22383,6,9.9,,
546452.0,85099B,4,7.8,,
546453.0,22383,4,6.6,,
546454.0,85123A,6,15.3,,
546455.0,47566,4,19.8,,
546456.0,85123A,2,5.1,,
546457.0,84879,1,1.69,,
546458.0,21212,2,1.1,,
110093.0,22720,1,0.0,,
546460.0,84879,12,20.28,,
546461.0,85123A,4,10.2,,
546462.0,85099B,1,1.95,,
546463.0,POST,1,18.0,,
546464.0,22423,4,51.0,,
546465.0,22383,12,19.8,,
546466.0,84879,1,1.69,,
546467.0,21212,1,0.55,,
546468.0,85123A,1,2.55,,
546469.0,47566,1,4.95,,
110104.0,22383,1,0.0,,
546471.0,22423,6,76.5,,
546472.0,85123A,2,5.1,,
546473.0,21212,2,1.1,,
546474.0,22720,2,9.9,,
546475.0,85123A,1,2.55,,
546476.0,21212,2,1.1,,
546477.0,22423,4,51.0,,
546478.0,22086,1,2.95,,
546479.0,22086,2,5.9,,
546480.0,85123A,2,5.1,,
546481.0,22423,12,153.0,,
546482.0,22383,2,3.3,,
546483.0,22720,6,29.7,,
546484.0,85123A,12,30.6,,
546485.0,85099B,4,7.8,,
546486.0,POST,2,36.0,,
110121.0,22423,1,0.0,,
546488.0,POST,2,36.0,,
546489.0,21212,1,0.55,,
546490.0,POST,4,72.0,,
546491.0,84879,2,3.38,,
546492.0,21212,2,1.1,,
546493.0,22720,12,59.4,,
546494.0,22383,6,9.9,,
546495.0,POST,6,108.0,,
546496.0,22086,1,2.95,,
546497.0,84879,1,1.69,,
546498.0,22383,6,9.9,,
546499.0,22720,4,19.8,,
546500.0,85123A,1,2.55,,
546501.0,22423,2,25.5,,
546502.0,22720,1,4.95,,
546503.0,22720,2,9.9,,
546504.0,84879,2,3.38,,
546505.0,22383,1,1.65,,
546506.0,22423,6,76.5,,
546507.0,22720,6,29.7,,
546508.0,22086,6,17.7,,
546509.0,22720,2,9.9,,
546510.0,22423,6,76.5,,
546511.0,22720,2,9.9,,
546512.0,22423,2,25.5,,
546513.0,85099B,6,11.7,,
546514.0,85123A,4,10.2,,
546515.0,22423,4,51.0,,
546516.0,22423,1,12.75,,
546517.0,47566,4,19.8,,
546518.0,85099B,4,7.8,,
546519.0,22423,1,12.75,,
546520.0,85123A,6,15.3,,
546521.0,POST,1,18.0,,
546522.0,22423,1,12.75,,
546523.0,47566,12,59.4,,
546524.0,47566,2,9.9,,
546525.0,22383,6,9.9,,
546526.0,22086,1,2.95,,
546527.0,POST,12,216.0,,
546528.0,22720,2,9.9,,
546529.0,85123A,2,5.1,,
546530.0,47566,4,19.8,,
546531.0,85099B,2,3.9,,
546532.0,47566,2,9.9,,
546533.0,85099B,1,1.95,,
546534.0,POST,1,18.0,,
546535.0,84879,1,1.69,,
546536.0,22383,4,6.6,,
546537.0,21212,12,6.6,,
546538.0,21212,1,0.55,,
546539.0,22720,6,29.7,,
546540.0,22720,1,4.95,,
546541.0,22423,6,76.5,,
546542.0,85099B,1,1.95,,
546543.0,85123A,2,5.1,,
546544.0,47566,1,4.95,,
546545.0,22720,2,9.9,,
546546.0,22423,1,12.75,,
546547.0,22720,4,19.8,,
546548.0,22720,1,4.95,,
546549.0,22423,1,12.75,,
546550.0,21212,1,0.55,,
546551.0,85099B,12,23.4,,
546552.0,22383,1,1.65,,
546553.0,85123A,2,5.1,,
546554.0,84879,6,10.14,,
546555.0,POST,2,36.0,,
546556.0,84879,2,3.38,,
546557.0,85123A,4,10.2,,
546558.0,21212,6,3.3,,
546559.0,POST,12,216.0,,
546560.0,22423,1,12.75,,
546561.0,22720,1,4.95,,
546562.0,84879,6,10.14,,
546563.0,22086,4,11.8,,
546564.0,POST,12,216.0,,
546565.0,POST,4,72.0,,
546566.0,85123A,6,15.3,,
546567.0,POST,1,18.0,,
546568.0,84879,24,40.56,,
546569.0,85123A,2,5.1,,
546570.0,85099B,4,7.8,,
546571.0,21212,2,1.1,,
546572.0,22383,6,9.9,,
546573.0,22423,4,51.0,,
546574.0,85123A,6,15.3,,
546575.0,84879,2,3.38,,
546576.0,22423,2,25.5,,
546577.0,85123A,1,2.55,,
546578.0,22383,4,6.6,,
546579.0,22086,12,35.4,,
546580.0,21212,12,6.6,,
546581.0,85123A,1,2.55,,
546582.0,POST,6,108.0,,
546583.0,21212,4,2.2,,
546584.0,21212,12,6.6,,
546585.0,22383,1,1.65,,
546586.0,21212,2,1.1,,
546587.0,22720,1,4.95,,
546588.0,POST,2,36.0,,
546589.0,22383,1,1.65,,
546590.0,22720,1,4.95,,
546591.0,85123A,2,5.1,,
546592.0,POST,2,36.0,,
546593.0,22720,4,19.8,,
546594.0,21212,1,0.55,,
546595.0,22720,2,9.9,,
546596.0,84879,1,1.69,,
546597.0,21212,6,3.3,,
546598.0,22423,1,12.75,,
546599.0,22720,1,4.95,,
546600.0,22423,12,153.0,,
546601.0,84879,1,1.69,,
546602.0,POST,4,72.0,,
546603.0,85099B,6,11.7,,
546604.0,22383,2,3.3,,
546605.0,22086,2,5.9,,
546606.0,22423,2,25.5,,
546607.0,21212,2,1.1,,
546608.0,22423,4,51.0,,
546609.0,21212,1,0.55,,
546610.0,47566,1,4.95,,
546611.0,85099B,1,1.95,,
546612.0,POST,6,108.0,,
546613.0,22423,4,51.0,,
546614.0,22086,1,2.95,,
546615.0,POST,2,36.0,,
546616.0,85099B,6,11.7,,
546617.0,85123A,2,5.1,,
546618.0,85099B,6,11.7,,
546619.0,85123A,12,30.6,,
546620.0,22086,1,2.95,,
546621.0,47566,2,9.9,,
546622.0,22423,4,51.0,,
546623.0,85123A,1,2.55,,
546624.0,22086,12,35.4,,
546625.0,85123A,2,5.1,,
546626.0,22720,1,4.95,,
546627.0,POST,1,18.0,,
546628.0,22423,2,25.5,,
546629.0,84879,12,20.28,,
546630.0,22383,2,3.3,,
546631.0,85123A,2,5.1,,
546632.0,84879,2,3.38,,
546633.0,84879,2,3.38,,
546634.0,85123A,2,5.1,,
546635.0,47566,2,9.9,,
546636.0,22720,1,4.95,,
546637.0,22423,2,25.5,,
546638.0,22423,2,25.5,,
546639.0,POST,6,108.0,,
546640.0,85099B,1,1.95,,
546641.0,22720,12,59.4,,
546642.0,84879,1,1.69,,
546643.0,22423,4,51.0,,
110278.0,22720,1,0.0,,
546645.0,22086,1,2.95,,
546646.0,84879,1,1.69,,
546647.0,22086,4,11.8,,
546648.0,22383,12,19.8,,
546649.0,22383,2,3.3,,
546650.0,84879,6,10.14,,
546651.0,POST,2,36.0,,
546652.0,22383,2,3.3,,
546653.0,85123A,2,5.1,,
546654.0,85123A,1,2.55,,
546655.0,47566,6,29.7,,
546656.0,47566,2,9.9,,
546657.0,22720,4,19.8,,
546658.0,85123A,1,2.55,,
546659.0,85099B,1,1.95,,
546660.0,22086,1,2.95,,
546661.0,85123A,1,2.55,,
546662.0,22423,2,25.5,,
546663.0,22720,6,29.7,,
546664.0,22383,2,3.3,,
546665.0,85123A,4,10.2,,
546666.0,21212,1,0.55,,
546667.0,22720,6,29.7,,
546668.0,84879,1,1.69,,
546669.0,85123A,12,30.6,,
546670.0,85123A,2,5.1,,
546671.0,85123A,2,5.1,,
546672.0,84879,2,3.38,,
546673.0,47566,6,29.7,,
546674.0,21212,6,3.3,,
546675.0,85099B,2,3.9,,
546676.0,POST,2,36.0,,
546677.0,47566,1,4.95,,
546678.0,84879,1,1.69,,
546679.0,22720,2,9.9,,
546680.0,22423,1,12.75,,
546681.0,84879,6,10.14,,
546682.0,22423,2,25.5,,
546683.0,85099B,2,3.9,,
546684.0,21212,2,1.1,,
546685.0,22086,6,17.7,,
110320.0,85123A,1,0.0,,
546687.0,21212,1,0.55,,
546688.0,22720,12,59.4,,
546689.0,POST,2,36.0,,
546690.0,21212,12,6.6,,
546691.0,POST,6,108.0,,
546692.0,85123A,2,5.1,,
546693.0,84879,24,40.56,,
546694.0,85099B,6,11.7,,
546695.0,47566,6,29.7,,
546696.0,22383,1,1.65,,
546697.0,85099B,1,1.95,,
546698.0,POST,2,36.0,,
546699.0,47566,1,4.95,,
546700.0,85123A,1,2.55,,
546701.0,22423,1,12.75,,
546702.0,22720,2,9.9,,
546703.0,84879,2,3.38,,
546704.0,22383,2,3.3,,
546705.0,84879,1,1.69,,
546706.0,22383,1,1.65,,
546707.0,84879,12,20.28,,
546708.0,47566,1,4.95,,
546709.0,84879,2,3.38,,
546710.0,21212,4,2.2,,
546711.0,22383,1,1.65,,
546712.0,22383,2,3.3,,
546713.0,22086,2,5.9,,
546714.0,22086,1,2.95,,
546715.0,84879,1,1.69,,
546716.0,85123A,4,10.2,,
546717.0,85123A,2,5.1,,
546718.0,22720,2,9.9,,
546719.0,21212,6,3.3,,
546720.0,84879,6,10.14,,
546721.0,22086,1,2.95,,
546722.0,21212,2,1.1,,
546723.0,47566,6,29.7,,
546724.0,85123A,4,10.2,,
546725.0,47566,24,118.8,,
546726.0,22423,1,12.75,,
546727.0,POST,2,36.0,,
546728.0,POST,6,108.0,,
546729.0,21212,6,3.3,,
546730.0,22423,6,76.5,,
546731.0,22423,12,153.0,,
546732.0,84879,12,20.28,,
546733.0,21212,4,2.2,,
546734.0,84879,6,10.14,,
546735.0,POST,1,18.0,,
546736.0,POST,4,72.0,,
546737.0,85123A,1,2.55,,
546738.0,22383,1,1.65,,
546739.0,85123A,4,10.2,,
546740.0,22086,1,2.95,,
546741.0,22720,2,9.9,,
546742.0,22423,6,76.5,,
546743.0,22383,1,1.65,,
546744.0,22423,2,25.5,,
546745.0,21212,6,3.3,,
546746.0,21212,1,0.55,,
546747.0,84879,1,1.69,,
546748.0,85099B,12,23.4,,
110383.0,22720,1,0.0,,
546750.0,22383,4,6.6,,
546751.0,POST,1,18.0,,
546752.0,85123A,4,10.2,,
546753.0,21212,2,1.1,,
546754.0,85123A,4,10.2,,
546755.0,85123A,1,2.55,,
546756.0,84879,12,20.28,,
546757.0,POST,4,72.0,,
546758.0,85099B,1,1.95,,
546759.0,22086,6,17.7,,
546760.0,47566,24,118.8,,
546761.0,85123A,2,5.1,,
546762.0,22720,2,9.9,,
546763.0,22720,1,4.95,,
546764.0,84879,1,1.69,,
546765.0,22720,6,29.7,,
546766.0,POST,2,36.0,,
546767.0,22383,6,9.9,,
546768.0,POST,2,36.0,,
546769.0,21212,12,6.6,,
546770.0,21212,1,0.55,,
546771.0,POST,1,18.0,,
110406.0,22720,1,0.0,,
546773.0,22423,1,12.75,,
546774.0,POST,1,18.0,,
546775.0,POST,2,36.0,,
546776.0,84879,2,3.38,,
546777.0,21212,2,1.1,,
546778.0,POST,1,18.0,,
546779.0,85123A,12,30.6,,
546780.0,22720,1,4.95,,
546781.0,POST,4,72.0,,
546782.0,22720,1,4.95,,
546783.0,85099B,1,1.95,,
546784.0,21212,2,1.1,,
546785.0,22423,4,51.0,,
546786.0,85099B,1,1.95,,
546787.0,22423,12,153.0,,
546788.0,22423,2,25.5,,
546789.0,47566,4,19.8,,
546790.0,22423,12,153.0,,
546791.0,22720,12,59.4,,
546792.0,47566,4,19.8,,
546793.0,22086,6,17.7,,
546794.0,21212,4,2.2,,
110429.0,85123A,1,0.0,,
546796.0,85123A,1,2.55,,
546797.0,85099B,1,1.95,,
546798.0,85099B,1,1.95,,
546799.0,85099B,12,23.4,,
546800.0,85123A,6,15.3,,
546801.0,22383,6,9.9,,
546802.0,85099B,1,1.95,,
546803.0,22383,24,39.6,,
546804.0,22720,6,29.7,,
546805.0,22720,2,9.9,,
546806.0,22086,2,5.9,,
546807.0,22423,6,76.5,,
110442.0,POST,1,0.0,,
546809.0,21212,1,0.55,,
546810.0,22086,4,11.8,,
546811.0,85123A,1,2.55,,
546812.0,22086,4,11.8,,
546813.0,85099B,6,11.7,,
546814.0,POST,4,72.0,,
546815.0,84879,4,6.76,,
110450.0,84879,1,0.0,,
546817.0,22720,1,4.95,,
546818.0,22086,2,5.9,,
546819.0,22383,1,1.65,,
546820.0,22720,1,4.95,,
546821.0,85099B,4,7.8,,
546822.0,84879,4,6.76,,
546823.0,21212,6,3.3,,
546824.0,21212,6,3.3,,
546825.0,22086,6,17.7,,
546826.0,22086,1,2.95,,
546827.0,85123A,2,5.1,,
546828.0,84879,4,6.76,,
546829.0,POST,6,108.0,,
546830.0,22086,1,2.95,,
546831.0,22720,2,9.9,,
546832.0,22720,4,19.8,,
546833.0,84879,12,20.28,,
546834.0,POST,2,36.0,,
546835.0,84879,1,1.69,,
546836.0,21212,2,1.1,,
546837.0,22383,6,9.9,,
546838.0,22720,1,4.95,,
546839.0,22720,1,4.95,,
546840.0,85099B,6,11.7,,
546841.0,22086,1,2.95,,
546842.0,22423,4,51.0,,
546843.0,85099B,2,3.9,,
546844.0,22720,2,9.9,,
546845.0,84879,1,1.69,,
546846.0,84879,1,1.69,,
546847.0,84879,2,3.38,,
546848.0,21212,1,0.55,,
546849.0,22720,6,29.7,,
546850.0,POST,6,108.0,,
546851.0,21212,1,0.55,,
546852.0,POST,1,18.0,,
546853.0,POST,6,108.0,,
546854.0,47566,2,9.9,,
546855.0,21212,1,0.55,,
546856.0,POST,1,18.0,,
546857.0,84879,2,3.38,,
546858.0,22423,1,12.75,,
546859.0,47566,1,4.95,,
546860.0,84879,1,1.69,,
546861.0,85123A,6,15.3,,
546862.0,21212,4,2.2,,
546863.0,84879,1,1.69,,
110498.0,85123A,1,0.0,,
546865.0,85099B,4,7.8,,
546866.0,85099B,24,46.8,,
546867.0,21212,4,2.2,,
110502.0,POST,1,0.0,,
546869.0,84879,12,20.28,,
546870.0,22720,4,19.8,,
546871.0,22383,1,1.65,,
546872.0,22720,2,9.9,,
546873.0,21212,1,0.55,,
546874.0,47566,1,4.95,,
546875.0,47566,4,19.8,,
546876.0,22720,6,29.7,,
546877.0,22086,1,2.95,,
546878.0,85123A,1,2.55,,
546879.0,22720,1,4.95,,
546880.0,85123A,1,2.55,,
546881.0,22720,12,59.4,,
546882.0,22086,6,17.7,,
546883.0,21212,2,1.1,,
546884.0,22423,4,51.0,,
546885.0,22383,1,1.65,,
546886.0,21212,6,3.3,,
546887.0,22720,2,9.9,,
546888.0,22423,2,25.5,,
546889.0,21212,2,1.1,,
110524.0,22720,1,0.0,,
546891.0,21212,1,0.55,,
546892.0,47566,1,4.95,,
546893.0,85123A,2,5.1,,
546894.0,47566,1,4.95,,
110529.0,84879,1,0.0,,
110530.0,22720,1,0.0,,
546897.0,22086,4,11.8,,
546898.0,POST,2,36.0,,
546899.0,22720,24,118.8,,
546900.0,84879,1,1.69,,
546901.0,85099B,4,7.8,,
546902.0,47566,2,9.9,,
546903.0,85099B,6,11.7,,
546904.0,47566,1,4.95,,
546905.0,22086,24,70.8,,
546906.0,85123A,2,5.1,,
546907.0,84879,1,1.69,,
546908.0,84879,6,10.14,,
546909.0,22383,1,1.65,,
546910.0,21212,1,0.55,,
546911.0,84879,4,6.76,,
546912.0,POST,4,72.0,,
546913.0,22720,4,19.8,,
546914.0,21212,2,1.1,,
546915.0,22086,1,2.95,,
546916.0,22423,1,12.75,,
546917.0,47566,4,19.8,,
546918.0,22720,1,4.95,,
546919.0,21212,2,1.1,,
546920.0,22383,2,3.3,,
546921.0,22086,2,5.9,,
546922.0,85123A,12,30.6,,
546923.0,84879,1,1.69,,
546924.0,84879,6,10.14,,
546925.0,47566,1,4.95,,
546926.0,85099B,1,1.95,,
546927.0,22383,24,39.6,,
546928.0,47566,1,4.95,,
546929.0,22383,1,1.65,,
546930.0,47566,1,4.95,,
546931.0,22086,12,35.4,,
546932.0,22423,4,51.0,,
546933.0,POST,6,108.0,,
546934.0,85099B,1,1.95,,
546935.0,47566,1,4.95,,
546936.0,85123A,4,10.2,,
546937.0,85123A,6,15.3,,
546938.0,22086,4,11.8,,
546939.0,21212,12,6.6,,
546940.0,85123A,12,30.6,,
546941.0,22383,1,1.65,,
546942.0,POST,1,18.0,,
546943.0,22383,4,6.6,,
546944.0,47566,2,9.9,,
546945.0,85099B,6,11.7,,
546946.0,85099B,1,1.95,,
546947.0,22086,12,35.4,,
546948.0,84879,12,20.28,,
546949.0,POST,2,36.0,,
546950.0,22086,2,5.9,,
546951.0,POST,1,18.0,,
546952.0,84879,4,6.76,,
546953.0,84879,2,3.38,,
546954.0,POST,6,108.0,,
546955.0,85123A,4,10.2,,
546956.0,22086,4,11.8,,
546957.0,85099B,12,23.4,,
546958.0,47566,6,29.7,,
546959.0,22086,2,5.9,,
546960.0,85099B,2,3.9,,
546961.0,47566,1,4.95,,
546962.0,22720,2,9.9,,
546963.0,22086,2,5.9,,
546964.0,22086,4,11.8,,
110599.0,22383,1,0.0,,
546966.0,85099B,6,11.7,,
546967.0,85123A,1,2.55,,
546968.0,85099B,2,3.9,,
546969.0,85123A,1,2.55,,
546970.0,47566,6,29.7,,
546971.0,22086,4,11.8,,
546972.0,22720,2,9.9,,
546973.0,85099B,2,3.9,,
546974.0,85123A,4,10.2,,
546975.0,POST,4,72.0,,
546976.0,84879,12,20.28,,
546977.0,85099B,2,3.9,,
546978.0,47566,2,9.9,,
546979.0,22086,6,17.7,,
546980.0,85099B,1,1.95,,
546981.0,22086,1,2.95,,
546982.0,22086,2,5.9,,
546983.0,22086,4,11.8,,
546984.0,47566,2,9.9,,
546985.0,POST,12,216.0,,
546986.0,84879,1,1.69,,
546987.0,22086,4,11.8,,
546988.0,22086,6,17.7,,
546989.0,84879,12,20.28,,
546990.0,22383,1,1.65,,
546991.0,21212,2,1.1,,
546992.0,21212,12,6.6,,
546993.0,22720,2,9.9,,
546994.0,85099B,2,3.9,,
546995.0,22720,6,29.7,,
546996.0,21212,1,0.55,,
546997.0,22423,12,153.0,,
546998.0,22383,12,19.8,,
546999.0,84879,1,1.69,,
110634.0,85099B,1,0.0,,
547001.0,POST,2,36.0,,
547002.0,22383,12,19.8,,
547003.0,21212,1,0.55,,
547004.0,POST,4,72.0,,
110639.0,47566,1,0.0,,
547006.0,22086,1,2.95,,
547007.0,85099B,1,1.95,,
547008.0,22423,6,76.5,,
547009.0,85123A,2,5.1,,
547010.0,85099B,6,11.7,,
547011.0,21212,1,0.55,,
547012.0,85099B,2,3.9,,
547013.0,47566,1,4.95,,
547014.0,85099B,12,23.4,,
547015.0,POST,1,18.0,,
547016.0,22423,4,51.0,,
547017.0,85123A,6,15.3,,
547018.0,21212,2,1.1,,
547019.0,47566,1,4.95,,
547020.0,22720,2,9.9,,
547021.0,22720,2,9.9,,
547022.0,85099B,24,46.8,,
547023.0,22423,1,12.75,,
547024.0,85123A,1,2.55,,
547025.0,POST,1,18.0,,
547026.0,22086,2,5.9,,
547027.0,POST,6,108.0,,
547028.0,21212,4,2.2,,
547029.0,85123A,6,15.3,,
547030.0,22383,4,6.6,,
547031.0,22086,2,5.9,,
547032.0,85123A,2,5.1,,
547033.0,85123A,6,15.3,,
547034.0,22423,1,12.75,,
547035.0,22086,12,35.4,,
547036.0,85099B,1,1.95,,
547037.0,22086,6,17.7,,
110672.0,85123A,1,0.0,,
547039.0,85123A,1,2.55,,
547040.0,22383,6,9.9,,
547041.0,85123A,1,2.55,,
547042.0,22383,2,3.3,,
547043.0,22383,4,6.6,,
110678.0,84879,1,0.0,,
547045.0,21212,2,1.1,,
547046.0,84879,2,3.38,,
547047.0,84879,1,1.69,,
547048.0,POST,12,216.0,,
547049.0,85099B,1,1.95,,
547050.0,21212,4,2.2,,
547051.0,POST,4,72.0,,
547052.0,85099B,2,3.9,,
547053.0,47566,2,9.9,,
547054.0,84879,6,10.14,,
547055.0,84879,1,1.69,,
547056.0,47566,1,4.95,,
547057.0,85099B,1,1.95,,
547058.0,22720,12,59.4,,
547059.0,22720,6,29.7,,
547060.0,22720,4,19.8,,
547061.0,22383,2,3.3,,
547062.0,22383,4,6.6,,
547063.0,22086,2,5.9,,
547064.0,85099B,1,1.95,,
547065.0,22086,1,2.95,,
547066.0,22423,2,25.5,,
547067.0,22086,12,35.4,,
547068.0,84879,1,1.69,,
547069.0,84879,1,1.69,,
547070.0,85099B,2,3.9,,
547071.0,84879,4,6.76,,
547072.0,22383,1,1.65,,
547073.0,22720,2,9.9,,
547074.0,47566,6,29.7,,
547075.0,84879,1,1.69,,
547076.0,22086,1,2.95,,
547077.0,22423,24,306.0,,
547078.0,47566,6,29.7,,
547079.0,85123A,1,2.55,,
547080.0,47566,4,19.8,,
547081.0,21212,4,2.2,,
547082.0,47566,1,4.95,,
547083.0,POST,4,72.0,,
547084.0,21212,4,2.2,,
547085.0,84879,2,3.38,,
547086.0,22086,2,5.9,,
547087.0,47566,6,29.7,,
547088.0,85123A,2,5.1,,
547089.0,22086,1,2.95,,
547090.0,22423,6,76.5,,
547091.0,85099B,4,7.8,,
547092.0,47566,6,29.7,,
547093.0,85099B,1,1.95,,
547094.0,22720,1,4.95,,
547095.0,85123A,2,5.1,,
547096.0,22383,6,9.9,,
547097.0,22383,2,3.3,,
547098.0,22423,1,12.75,,
547099.0,21212,2,1.1,,
547100.0,22086,1,2.95,,
547101.0,85123A,2,5.1,,
110736.0,22383,1,0.0,,
547103.0,POST,6,108.0,,
547104.0,21212,6,3.3,,
547105.0,22423,24,306.0,,
547106.0,85099B,24,46.8,,
547107.0,22383,1,1.65,,
547108.0,85123A,4,10.2,,
547109.0,22423,2,25.5,,
547110.0,22086,12,35.4,,
547111.0,22383,4,6.6,,
547112.0,85123A,4,10.2,,
547113.0,85123A,2,5.1,,
547114.0,22383,1,1.65,,
547115.0,85099B,24,46.8,,
110750.0,POST,1,0.0,,
547117.0,84879,1,1.69,,
547118.0,POST,1,18.0,,
547119.0,21212,2,1.1,,
547120.0,85123A,1,2.55,,
547121.0,85099B,6,11.7,,
547122.0,84879,1,1.69,,
547123.0,85099B,2,3.9,,
547124.0,84879,2,3.38,,
547125.0,84879,4,6.76,,
547126.0,21212,2,1.1,,
547127.0,85099B,1,1.95,,
547128.0,22383,2,3.3,,
547129.0,85123A,12,30.6,,
547130.0,22720,2,9.9,,
547131.0,47566,2,9.9,,
547132.0,22383,1,1.65,,
547133.0,22720,1,4.95,,
547134.0,85123A,1,2.55,,
547135.0,85123A,6,15.3,,
547136.0,85123A,6,15.3,,
547137.0,22720,6,29.7,,
547138.0,84879,1,1.69,,
547139.0,22720,4,19.8,,
547140.0,47566,1,4.95,,
547141.0,22720,6,29.7,,
547142.0,22720,2,9.9,,
547143.0,22423,1,12.75,,
547144.0,21212,2,1.1,,
547145.0,47566,2,9.9,,
547146.0,22383,2,3.3,,
547147.0,22086,1,2.95,,
547148.0,47566,12,59.4,,
547149.0,22423,24,306.0,,
547150.0,85099B,6,11.7,,
547151.0,22720,1,4.95,,
547152.0,84879,1,1.69,,
547153.0,POST,6,108.0,,
547154.0,85123A,6,15.3,,
547155.0,84879,12,20.28,,
547156.0,85123A,2,5.1,,
547157.0,21212,1,0.55,,
547158.0,22383,4,6.6,,
547159.0,POST,12,216.0,,
547160.0,85123A,6,15.3,,
547161.0,22720,1,4.95,,
547162.0,22720,1,4.95,,
547163.0,22720,1,4.95,,
547164.0,47566,1,4.95,,
547165.0,21212,1,0.55,,
547166.0,47566,2,9.9,,
547167.0,22720,1,4.95,,
547168.0,85123A,4,10.2,,
547169.0,22720,2,9.9,,
547170.0,21212,6,3.3,,
547171.0,85099B,1,1.95,,
547172.0,21212,1,0.55,,
547173.0,22086,1,2.95,,
547174.0,21212,4,2.2,,
547175.0,47566,1,4.95,,
547176.0,22423,6,76.5,,
547177.0,84879,2,3.38,,
547178.0,22383,1,1.65,,
547179.0,21212,4,2.2,,
547180.0,22720,2,9.9,,
547181.0,22720,6,29.7,,
547182.0,22423,4,51.0,,
547183.0,22086,2,5.9,,
547184.0,22720,1,4.95,,
547185.0,21212,12,6.6,,
547186.0,84879,4,6.76,,
547187.0,22720,6,29.7,,
547188.0,22720,2,9.9,,
547189.0,21212,12,6.6,,
547190.0,22086,6,17.7,,
547191.0,22423,4,51.0,,
547192.0,85123A,12,30.6,,
547193.0,POST,12,216.0,,
547194.0,85099B,1,1.95,,
547195.0,85099B,4,7.8,,
547196.0,85099B,1,1.95,,
547197.0,21212,2,1.1,,
547198.0,22086,4,11.8,,
547199.0,85123A,1,2.55,,
547200.0,22720,12,59.4,,
547201.0,21212,12,6.6,,
547202.0,84879,4,6.76,,
547203.0,22086,6,17.7,,
547204.0,22720,1,4.95,,
547205.0,47566,1,4.95,,
547206.0,21212,1,0.55,,
547207.0,21212,2,1.1,,
547208.0,47566,6,29.7,,
547209.0,POST,2,36.0,,
547210.0,84879,2,3.38,,
547211.0,22383,1,1.65,,
547212.0,22423,4,51.0,,
547213.0,84879,1,1.69,,
547214.0,22720,4,19.8,,
547215.0,47566,1,4.95,,
547216.0,22086,2,5.9,,
547217.0,22383,1,1.65,,
547218.0,22720,1,4.95,,
547219.0,POST,4,72.0,,
547220.0,84879,6,10.14,,
547221.0,22720,12,59.4,,
547222.0,47566,1,4.95,,
547223.0,47566,1,4.95,,
547224.0,22383,2,3.3,,
547225.0,22720,1,4.95,,
547226.0,22423,2,25.5,,
547227.0,85123A,6,15.3,,
547228.0,22086,4,11.8,,
547229.0,85123A,6,15.3,,
547230.0,85123A,2,5.1,,
547231.0,84879,1,1.69,,
547232.0,22423,6,76.5,,
547233.0,POST,2,36.0,,
547234.0,22086,2,5.9,,
547235.0,POST,2,36.0,,
547236.0,22423,4,51.0,,
547237.0,22383,1,1.65,,
547238.0,85123A,1,2.55,,
547239.0,21212,2,1.1,,
547240.0,85099B,2,3.9,,
547241.0,22383,4,6.6,,
547242.0,22383,2,3.3,,
547243.0,85099B,1,1.95,,
547244.0,POST,4,72.0,,
547245.0,47566,2,9.9,,
547246.0,47566,12,59.4,,
547247.0,22383,1,1.65,,
547248.0,22720,6,29.7,,
110883.0,POST,1,0.0,,
547250.0,22086,1,2.95,,
547251.0,22423,4,51.0,,
547252.0,84879,4,6.76,,
547253.0,85123A,12,30.6,,
547254.0,47566,4,19.8,,
547255.0,84879,1,1.69,,
110890.0,22720,1,0.0,,
547257.0,22720,6,29.7,,
547258.0,22086,2,5.9,,
547259.0,21212,6,3.3,,
547260.0,21212,1,0.55,,
547261.0,47566,4,19.8,,
547262.0,85123A,6,15.3,,
547263.0,21212,6,3.3,,
547264.0,21212,1,0.55,,
547265.0,85099B,1,1.95,,
547266.0,22423,6,76.5,,
547267.0,47566,2,9.9,,
547268.0,22086,1,2.95,,
547269.0,22383,6,9.9,,
547270.0,22423,2,25.5,,
547271.0,84879,24,40.56,,
547272.0,21212,4,2.2,,
547273.0,47566,2,9.9,,
547274.0,22086,2,5.9,,
547275.0,85099B,2,3.9,,
547276.0,22383,1,1.65,,
547277.0,85123A,1,2.55,,
547278.0,22383,2,3.3,,
547279.0,85123A,24,61.2,,
547280.0,POST,2,36.0,,
547281.0,84879,2,3.38,,
547282.0,84879,6,10.14,,
110917.0,22383,1,0.0,,
547284.0,22086,2,5.9,,
547285.0,22086,1,2.95,,
547286.0,85123A,6,15.3,,
547287.0,21212,1,0.55,,
547288.0,47566,1,4.95,,
547289.0,47566,1,4.95,,
547290.0,84879,6,10.14,,
547291.0,47566,1,4.95,,
547292.0,22383,6,9.9,,
547293.0,POST,12,216.0,,
547294.0,22383,2,3.3,,
547295.0,21212,1,0.55,,
547296.0,85123A,1,2.55,,
547297.0,84879,4,6.76,,
547298.0,22086,1,2.95,,
547299.0,22423,2,25.5,,
547300.0,47566,1,4.95,,
547301.0,22383,6,9.9,,
547302.0,22086,4,11.8,,
547303.0,47566,12,59.4,,
547304.0,22423,1,12.75,,
547305.0,85099B,2,3.9,,
547306.0,22423,6,76.5,,
547307.0,22720,6,29.7,,
547308.0,22086,12,35.4,,
547309.0,22423,2,25.5,,
547310.0,85099B,2,3.9,,
547311.0,85099B,1,1.95,,
547312.0,22423,4,51.0,,
110947.0,84879,1,0.0,,
547314.0,22720,2,9.9,,
547315.0,22720,2,9.9,,
547316.0,22423,1,12.75,,
547317.0,22086,4,11.8,,
547318.0,47566,1,4.95,,
547319.0,85123A,6,15.3,,
547320.0,22423,6,76.5,,
547321.0,22423,1,12.75,,
547322.0,47566,1,4.95,,
547323.0,22423,12,153.0,,
547324.0,85099B,6,11.7,,
547325.0,85123A,12,30.6,,
547326.0,22720,6,29.7,,
547327.0,47566,4,19.8,,
547328.0,POST,1,18.0,,
547329.0,POST,2,36.0,,
547330.0,22720,1,4.95,,
547331.0,84879,4,6.76,,
547332.0,85123A,1,2.55,,
547333.0,85099B,2,3.9,,
547334.0,POST,2,36.0,,
547335.0,22086,6,17.7,,
547336.0,47566,4,19.8,,
547337.0,22423,6,76.5,,
547338.0,85099B,2,3.9,,
547339.0,47566,12,59.4,,
547340.0,22383,1,1.65,,
547341.0,21212,4,2.2,,
547342.0,84879,1,1.69,,
547343.0,85123A,1,2.55,,
547344.0,84879,2,3.38,,
547345.0,22383,6,9.9,,
547346.0,22720,2,9.9,,
547347.0,22086,2,5.9,,
547348.0,22383,2,3.3,,
547349.0,22383,1,1.65,,
547350.0,21212,4,2.2,,
547351.0,85123A,1,2.55,,
547352.0,21212,4,2.2,,
547353.0,22383,4,6.6,,
547354.0,47566,12,59.4,,
547355.0,22383,2,3.3,,
547356.0,22720,12,59.4,,
547357.0,85099B,6,11.7,,
547358.0,22383,12,19.8,,
547359.0,21212,6,3.3,,
547360.0,84879,1,1.69,,
547361.0,85123A,4,10.2,,
547362.0,22383,4,6.6,,
547363.0,POST,1,18.0,,
547364.0,47566,1,4.95,,
547365.0,22383,2,3.3,,
547366.0,22086,1,2.95,,
547367.0,22720,1,4.95,,
547368.0,22720,1,4.95,,
547369.0,22423,6,76.5,,
547370.0,22383,2,3.3,,
547371.0,85099B,1,1.95,,
547372.0,22423,1,12.75,,
547373.0,22086,1,2.95,,
547374.0,85123A,6,15.3,,
547375.0,22423,4,51.0,,
547376.0,22383,2,3.3,,
547377.0,21212,2,1.1,,
547378.0,22720,1,4.95,,
547379.0,47566,4,19.8,,
547380.0,POST,6,108.0,,
547381.0,47566,2,9.9,,
547382.0,47566,6,29.7,,
547383.0,85099B,1,1.95,,
547384.0,21212,2,1.1,,
547385.0,84879,1,1.69,,
547386.0,47566,1,4.95,,
111021.0,84879,1,0.0,,
111022.0,22423,1,0.0,,
547389.0,21212,1,0.55,,
547390.0,POST,4,72.0,,
547391.0,85099B,6,11.7,,
547392.0,21212,1,0.55,,
111027.0,POST,1,0.0,,
547394.0,85099B,2,3.9,,
547395.0,POST,1,18.0,,
547396.0,47566,1,4.95,,
547397.0,21212,2,1.1,,
547398.0,85099B,2,3.9,,
547399.0,22720,2,9.9,,
547400.0,22383,6,9.9,,
547401.0,22423,2,25.5,,
547402.0,85123A,2,5.1,,
547403.0,21212,6,3.3,,
547404.0,21212,6,3.3,,
547405.0,85099B,1,1.95,,
547406.0,85099B,1,1.95,,
547407.0,85123A,1,2.55,,
547408.0,22383,12,19.8,,
547409.0,21212,2,1.1,,
547410.0,21212,1,0.55,,
547411.0,22720,2,9.9,,
547412.0,84879,1,1.69,,
547413.0,22720,4,19.8,,
547414.0,POST,2,36.0,,
547415.0,47566,1,4.95,,
547416.0,47566,2,9.9,,
547417.0,22383,2,3.3,,
547418.0,84879,1,1.69,,
547419.0,22720,6,29.7,,
547420.0,POST,6,108.0,,
547421.0,22383,4,6.6,,
547422.0,84879,1,1.69,,
547423.0,84879,2,3.38,,
547424.0,22383,1,1.65,,
547425.0,22086,1,2.95,,
547426.0,POST,1,18.0,,
547427.0,85123A,2,5.1,,
547428.0,47566,1,4.95,,
547429.0,21212,6,3.3,,
547430.0,21212,6,3.3,,
547431.0,22423,6,76.5,,
547432.0,85123A,12,30.6,,
547433.0,85099B,1,1.95,,
547434.0,POST,2,36.0,,
547435.0,84879,24,40.56,,
547436.0,85123A,6,15.3,,
547437.0,POST,12,216.0,,
547438.0,21212,1,0.55,,
547439.0,22423,1,12.75,,
547440.0,22720,1,4.95,,
547441.0,22086,4,11.8,,
547442.0,22086,1,2.95,,
547443.0,22383,4,6.6,,
547444.0,22720,6,29.7,,
547445.0,22720,1,4.95,,
547446.0,22423,6,76.5,,
547447.0,85123A,4,10.2,,
547448.0,22383,1,1.65,,
547449.0,21212,1,0.55,,
547450.0,84879,1,1.69,,
547451.0,85123A,2,5.1,,
547452.0,22423,1,12.75,,
547453.0,85123A,1,2.55,,
547454.0,22086,2,5.9,,
547455.0,POST,1,18.0,,
547456.0,22720,1,4.95,,
547457.0,22383,4,6.6,,
547458.0,22383,6,9.9,,
547459.0,84879,1,1.69,,
547460.0,22423,6,76.5,,
111095.0,22086,1,0.0,,
547462.0,47566,1,4.95,,
547463.0,22086,1,2.95,,
547464.0,22383,24,39.6,,
547465.0,POST,1,18.0,,
547466.0,85123A,4,10.2,,
111101.0,22423,1,0.0,,
547468.0,22720,1,4.95,,
547469.0,84879,2,3.38,,
547470.0,POST,12,216.0,,
547471.0,POST,4,72.0,,
547472.0,84879,6,10.14,,
547473.0,22383,1,1.65,,
547474.0,22720,1,4.95,,
547475.0,47566,1,4.95,,
547476.0,85099B,1,1.95,,
547477.0,POST,4,72.0,,
547478.0,47566,1,4.95,,
547479.0,85123A,1,2.55,,
547480.0,47566,12,59.4,,
547481.0,85123A,2,5.1,,
547482.0,22086,6,17.7,,
547483.0,85099B,1,1.95,,
547484.0,85123A,6,15.3,,
547485.0,47566,2,9.9,,
547486.0,85099B,1,1.95,,
547487.0,85099B,6,11.7,,
547488.0,84879,1,1.69,,
547489.0,85123A,1,2.55,,
547490.0,22086,24,70.8,,
547491.0,47566,2,9.9,,
547492.0,85099B,1,1.95,,
547493.0,22720,2,9.9,,
547494.0,22720,2,9.9,,
547495.0,47566,2,9.9,,
547496.0,22086,1,2.95,,
547497.0,85099B,6,11.7,,
547498.0,POST,1,18.0,,
547499.0,85099B,1,1.95,,
547500.0,85123A,2,5.1,,
547501.0,85123A,1,2.55,,
547502.0,22383,1,1.65,,
547503.0,22086,2,5.9,,
547504.0,22383,1,1.65,,
547505.0,22720,1,4.95,,
547506.0,22423,12,153.0,,
547507.0,21212,4,2.2,,
547508.0,POST,2,36.0,,
547509.0,22086,6,17.7,,
547510.0,85123A,2,5.1,,
547511.0,22086,2,5.9,,
547512.0,22086,4,11.8,,
547513.0,47566,2,9.9,,
547514.0,21212,6,3.3,,
547515.0,85099B,1,1.95,,
547516.0,85123A,2,5.1,,
547517.0,22720,4,19.8,,
547518.0,84879,6,10.14,,
547519.0,22383,4,6.6,,
547520.0,84879,1,1.69,,
547521.0,85099B,2,3.9,,
547522.0,22720,4,19.8,,
547523.0,21212,4,2.2,,
547524.0,47566,1,4.95,,
547525.0,21212,1,0.55,,
547526.0,84879,1,1.69,,
111161.0,22383,1,0.0,,
547528.0,22720,6,29.7,,
547529.0,22383,1,1.65,,
547530.0,22720,1,4.95,,
547531.0,84879,2,3.38,,
547532.0,22086,2,5.9,,
547533.0,22383,2,3.3,,
547534.0,22720,4,19.8,,
111169.0,85099B,1,0.0,,
547536.0,POST,4,72.0,,
547537.0,22383,2,3.3,,
547538.0,22720,1,4.95,,
547539.0,22720,2,9.9,,
547540.0,21212,2,1.1,,
547541.0,85099B,1,1.95,,
547542.0,22383,2,3.3,,
547543.0,22720,24,118.8,,
547544.0,22086,2,5.9,,
547545.0,47566,12,59.4,,
547546.0,21212,1,0.55,,
547547.0,22423,4,51.0,,
111182.0,22720,1,0.0,,
547549.0,22086,6,17.7,,
547550.0,22086,2,5.9,,
547551.0,84879,2,3.38,,
547552.0,85099B,4,7.8,,
547553.0,21212,6,3.3,,
547554.0,POST,1,18.0,,
547555.0,POST,1,18.0,,
547556.0,22086,12,35.4,,
547557.0,POST,6,108.0,,
547558.0,22383,6,9.9,,
547559.0,47566,2,9.9,,
547560.0,22383,1,1.65,,
547561.0,22423,1,12.75,,
547562.0,22086,2,5.9,,
547563.0,84879,6,10.14,,
547564.0,22086,1,2.95,,
547565.0,POST,1,18.0,,
547566.0,22720,6,29.7,,
547567.0,85123A,2,5.1,,
547568.0,47566,2,9.9,,
547569.0,22423,6,76.5,,
547570.0,47566,4,19.8,,
547571.0,POST,1,18.0,,
547572.0,22383,6,9.9,,
547573.0,47566,1,4.95,,
547574.0,85099B,6,11.7,,
547575.0,22423,4,51.0,,
547576.0,21212,6,3.3,,
547577.0,22383,12,19.8,,
547578.0,85123A,4,10.2,,
547579.0,85099B,1,1.95,,
547580.0,22720,2,9.9,,
111215.0,22086,1,0.0,,
547582.0,21212,1,0.55,,
547583.0,22383,4,6.6,,
547584.0,21212,4,2.2,,
547585.0,22383,2,3.3,,
547586.0,22423,1,12.75,,
547587.0,22383,1,1.65,,
547588.0,POST,1,18.0,,
547589.0,84879,1,1.69,,
547590.0,21212,2,1.1,,
547591.0,22720,2,9.9,,
547592.0,22423,1,12.75,,
547593.0,22086,1,2.95,,
547594.0,85099B,1,1.95,,
547595.0,21212,4,2.2,,
547596.0,22383,4,6.6,,
547597.0,22423,1,12.75,,
547598.0,22423,2,25.5,,
547599.0,85099B,1,1.95,,
547600.0,85123A,1,2.55,,
547601.0,21212,1,0.55,,
547602.0,POST,24,432.0,,
547603.0,85099B,4,7.8,,
547604.0,22720,1,4.95,,
547605.0,22720,6,29.7,,
547606.0,84879,12,20.28,,
547607.0,21212,4,2.2,,
547608.0,85123A,4,10.2,,
547609.0,22383,1,1.65,,
547610.0,84879,6,10.14,,
547611.0,21212,2,1.1,,
547612.0,POST,4,72.0,,
547613.0,22383,2,3.3,,
547614.0,21212,12,6.6,,
547615.0,47566,4,19.8,,
547616.0,22086,2,5.9,,
547617.0,POST,4,72.0,,
547618.0,22086,1,2.95,,
547619.0,84879,2,3.38,,
547620.0,85123A,4,10.2,,
547621.0,85123A,2,5.1,,
547622.0,84879,6,10.14,,
547623.0,POST,2,36.0,,
547624.0,84879,1,1.69,,
547625.0,85099B,12,23.4,,
547626.0,47566,6,29.7,,
547627.0,22086,1,2.95,,
547628.0,85099B,24,46.8,,
547629.0,22086,6,17.7,,
547630.0,22383,1,1.65,,
547631.0,21212,4,2.2,,
547632.0,POST,2,36.0,,
111267.0,85099B,1,0.0,,
547634.0,47566,1,4.95,,
547635.0,47566,1,4.95,,
547636.0,85099B,2,3.9,,
547637.0,22423,1,12.75,,
547638.0,22423,1,12.75,,
547639.0,85099B,2,3.9,,
547640.0,22383,2,3.3,,
547641.0,85099B,4,7.8,,
547642.0,84879,12,20.28,,
547643.0,22423,1,12.75,,
547644.0,22423,1,12.75,,
547645.0,47566,6,29.7,,
547646.0,85099B,1,1.95,,
547647.0,POST,2,36.0,,
547648.0,POST,6,108.0,,
547649.0,22720,2,9.9,,
547650.0,84879,2,3.38,,
547651.0,22086,1,2.95,,
547652.0,84879,2,3.38,,
547653.0,22086,24,70.8,,
547654.0,84879,1,1.69,,
547655.0,85123A,12,30.6,,
547656.0,84879,6,10.14,,
547657.0,84879,4,6.76,,
547658.0,POST,1,18.0,,
547659.0,POST,1,18.0,,
547660.0,22383,1,1.65,,
547661.0,22720,2,9.9,,
547662.0,22423,4,51.0,,
547663.0,22720,12,59.4,,
547664.0,POST,6,108.0,,
547665.0,85123A,1,2.55,,
547666.0,84879,12,20.28,,
547667.0,47566,2,9.9,,
547668.0,22383,1,1.65,,
547669.0,85123A,4,10.2,,
547670.0,22423,1,12.75,,
547671.0,22720,2,9.9,,
547672.0,22086,2,5.9,,
547673.0,22086,12,35.4,,
547674.0,85123A,4,10.2,,
547675.0,22086,2,5.9,,
547676.0,22423,2,25.5,,
547677.0,22086,2,5.9,,
547678.0,22086,1,2.95,,
547679.0,22086,1,2.95,,
547680.0,POST,2,36.0,,
547681.0,85123A,1,2.55,,
547682.0,47566,1,4.95,,
547683.0,21212,1,0.55,,
547684.0,21212,4,2.2,,
547685.0,22383,4,6.6,,
547686.0,22720,2,9.9,,
547687.0,85123A,4,10.2,,
547688.0,47566,1,4.95,,
547689.0,22383,12,19.8,,
547690.0,22720,2,9.9,,
547691.0,22086,4,11.8,,
547692.0,84879,2,3.38,,
547693.0,84879,1,1.69,,
547694.0,POST,2,36.0,,
547695.0,22086,1,2.95,,
547696.0,22423,1,12.75,,
547697.0,22383,2,3.3,,
547698.0,84879,2,3.38,,
547699.0,84879,6,10.14,,
547700.0,84879,4,6.76,,
547701.0,47566,2,9.9,,
547702.0,47566,24,118.8,,
547703.0,22720,1,4.95,,
547704.0,85099B,1,1.95,,
547705.0,47566,12,59.4,,
547706.0,POST,2,36.0,,
547707.0,22383,12,19.8,,
547708.0,21212,4,2.2,,
547709.0,85123A,1,2.55,,
547710.0,22720,2,9.9,,
547711.0,85099B,1,1.95,,
547712.0,22086,1,2.95,,
547713.0,22383,2,3.3,,
547714.0,22423,2,25.5,,
547715.0,21212,6,3.3,,
547716.0,22383,24,39.6,,
547717.0,POST,2,36.0,,
547718.0,22383,2,3.3,,
547719.0,22423,12,153.0,,
547720.0,85123A,1,2.55,,
547721.0,21212,1,0.55,,
547722.0,84879,1,1.69,,
547723.0,22423,1,12.75,,
547724.0,85123A,6,15.3,,
547725.0,85123A,1,2.55,,
547726.0,22086,1,2.95,,
547727.0,85123A,1,2.55,,
547728.0,POST,2,36.0,,
547729.0,22423,2,25.5,,
547730.0,21212,1,0.55,,
547731.0,22086,4,11.8,,
547732.0,84879,1,1.69,,
547733.0,22086,1,2.95,,
547734.0,85099B,2,3.9,,
547735.0,22423,4,51.0,,
547736.0,22383,6,9.9,,
547737.0,85123A,1,2.55,,
547738.0,22086,6,17.7,,
547739.0,85099B,1,1.95,,
547740.0,47566,2,9.9,,
547741.0,84879,2,3.38,,
547742.0,84879,1,1.69,,
547743.0,22423,2,25.5,,
547744.0,85099B,6,11.7,,
547745.0,84879,6,10.14,,
547746.0,85099B,1,1.95,,
547747.0,85099B,12,23.4,,
547748.0,85123A,4,10.2,,
547749.0,21212,1,0.55,,
547750.0,22086,2,5.9,,
547751.0,POST,6,108.0,,
547752.0,85099B,1,1.95,,
547753.0,22086,2,5.9,,
547754.0,POST,6,108.0,,
547755.0,22423,4,51.0,,
547756.0,22423,1,12.75,,
547757.0,22423,4,51.0,,
547758.0,22086,1,2.95,,
547759.0,84879,2,3.38,,
547760.0,84879,2,3.38,,
111395.0,21212,1,0.0,,
547762.0,22383,1,1.65,,
547763.0,85123A,4,10.2,,
547764.0,84879,6,10.14,,
547765.0,POST,1,18.0,,
547766.0,85099B,2,3.9,,
547767.0,22720,1,4.95,,
547768.0,22383,4,6.6,,
547769.0,22423,12,153.0,,
547770.0,POST,4,72.0,,
547771.0,47566,2,9.9,,
547772.0,22086,2,5.9,,
547773.0,84879,6,10.14,,
547774.0,84879,2,3.38,,
547775.0,22383,1,1.65,,
547776.0,POST,1,18.0,,
547777.0,22086,1,2.95,,
547778.0,22423,2,25.5,,
547779.0,85123A,2,5.1,,
547780.0,47566,4,19.8,,
547781.0,85099B,2,3.9,,
547782.0,22720,2,9.9,,
547783.0,85123A,1,2.55,,
547784.0,22423,2,25.5,,
547785.0,85099B,2,3.9,,
547786.0,47566,6,29.7,,
547787.0,84879,2,3.38,,
547788.0,47566,1,4.95,,
547789.0,85123A,2,5.1,,
547790.0,22383,2,3.3,,
547791.0,21212,6,3.3,,
547792.0,21212,2,1.1,,
547793.0,85099B,1,1.95,,
547794.0,22086,12,35.4,,
547795.0,POST,4,72.0,,
547796.0,47566,12,59.4,,
547797.0,22086,2,5.9,,
547798.0,POST,4,72.0,,
547799.0,85123A,12,30.6,,
547800.0,85099B,1,1.95,,
547801.0,21212,1,0.55,,
547802.0,22086,2,5.9,,
547803.0,22720,6,29.7,,
547804.0,84879,2,3.38,,
547805.0,22086,1,2.95,,
547806.0,22423,6,76.5,,
547807.0,21212,2,1.1,,
547808.0,22423,2,25.5,,
547809.0,22720,6,29.7,,
547810.0,47566,6,29.7,,
547811.0,22086,1,2.95,,
547812.0,22720,1,4.95,,
547813.0,85123A,1,2.55,,
547814.0,85123A,1,2.55,,
547815.0,22423,4,51.0,,
547816.0,22086,6,17.7,,
547817.0,22383,4,6.6,,
547818.0,22720,4,19.8,,
547819.0,21212,2,1.1,,
547820.0,22423,1,12.75,,
547821.0,22720,6,29.7,,
547822.0,POST,4,72.0,,
547823.0,47566,2,9.9,,
547824.0,22383,2,3.3,,
547825.0,22720,12,59.4,,
547826.0,POST,1,18.0,,
547827.0,21212,12,6.6,,
547828.0,22086,12,35.4,,
547829.0,22086,1,2.95,,
547830.0,22086,12,35.4,,
547831.0,21212,12,6.6,,
547832.0,85099B,4,7.8,,
547833.0,21212,1,0.55,,
547834.0,85123A,1,2.55,,
547835.0,22423,2,25.5,,
547836.0,21212,1,0.55,,
547837.0,22720,4,19.8,,
547838.0,POST,6,108.0,,
547839.0,47566,2,9.9,,
547840.0,22423,6,76.5,,
547841.0,POST,1,18.0,,
547842.0,POST,24,432.0,,
547843.0,22383,6,9.9,,
547844.0,22383,4,6.6,,
547845.0,21212,6,3.3,,
547846.0,22423,1,12.75,,
547847.0,84879,2,3.38,,
547848.0,22383,12,19.8,,
547849.0,22086,1,2.95,,
547850.0,22383,4,6.6,,
547851.0,22086,12,35.4,,
547852.0,22086,12,35.4,,
547853.0,22720,1,4.95,,
547854.0,22720,6,29.7,,
547855.0,85123A,1,2.55,,
547856.0,47566,4,19.8,,
547857.0,22720,1,4.95,,
547858.0,22383,2,3.3,,
547859.0,22086,1,2.95,,
547860.0,22086,1,2.95,,
547861.0,84879,2,3.38,,
547862.0,84879,4,6.76,,
547863.0,POST,1,18.0,,
547864.0,47566,2,9.9,,
547865.0,47566,2,9.9,,
547866.0,22720,1,4.95,,
547867.0,85123A,4,10.2,,
547868.0,22423,2,25.5,,
547869.0,21212,4,2.2,,
547870.0,22720,1,4.95,,
547871.0,84879,6,10.14,,
547872.0,22423,2,25.5,,
547873.0,22383,1,1.65,,
547874.0,POST,1,18.0,,
547875.0,POST,4,72.0,,
547876.0,85123A,6,15.3,,
547877.0,85123A,2,5.1,,
547878.0,47566,2,9.9,,
547879.0,22383,1,1.65,,
547880.0,21212,2,1.1,,
547881.0,22720,4,19.8,,
547882.0,21212,1,0.55,,
547883.0,84879,1,1.69,,
547884.0,22383,1,1.65,,
547885.0,21212,1,0.55,,
547886.0,22383,2,3.3,,
547887.0,85099B,2,3.9,,
547888.0,22086,4,11.8,,
547889.0,POST,1,18.0,,
547890.0,84879,6,10.14,,
547891.0,POST,12,216.0,,
547892.0,85099B,1,1.95,,
547893.0,21212,12,6.6,,
547894.0,22720,1,4.95,,
547895.0,85123A,1,2.55,,
111530.0,84879,1,0.0,,
547897.0,22383,2,3.3,,
547898.0,POST,2,36.0,,
547899.0,85099B,4,7.8,,
547900.0,85123A,1,2.55,,
547901.0,22423,2,25.5,,
547902.0,22423,1,12.75,,
547903.0,85123A,2,5.1,,
547904.0,85099B,12,23.4,,
547905.0,22720,2,9.9,,
547906.0,84879,6,10.14,,
547907.0,85123A,1,2.55,,
547908.0,85123A,1,2.55,,
547909.0,47566,1,4.95,,
547910.0,22383,1,1.65,,
547911.0,21212,6,3.3,,
547912.0,22086,1,2.95,,
547913.0,84879,1,1.69,,
547914.0,84879,1,1.69,,
547915.0,POST,1,18.0,,
547916.0,85123A,2,5.1,,
547917.0,22423,1,12.75,,
547918.0,22423,6,76.5,,
547919.0,21212,4,2.2,,
547920.0,47566,2,9.9,,
547921.0,21212,1,0.55,,
547922.0,POST,4,72.0,,
547923.0,85123A,4,10.2,,
547924.0,POST,6,108.0,,
547925.0,84879,2,3.38,,
547926.0,22720,12,59.4,,
547927.0,21212,1,0.55,,
547928.0,85123A,4,10.2,,
547929.0,22086,6,17.7,,
547930.0,85123A,2,5.1,,
547931.0,22720,1,4.95,,
547932.0,84879,2,3.38,,
547933.0,21212,12,6.6,,
547934.0,22720,1,4.95,,
547935.0,22383,1,1.65,,
547936.0,84879,1,1.69,,
547937.0,84879,1,1.69,,
547938.0,85099B,4,7.8,,
547939.0,84879,1,1.69,,
547940.0,22423,4,51.0,,
547941.0,21212,4,2.2,,
547942.0,21212,4,2.2,,
547943.0,22086,6,17.7,,
547944.0,22423,2,25.5,,
547945.0,22086,1,2.95,,
547946.0,22086,1,2.95,,
547947.0,22383,1,1.65,,
547948.0,22423,1,12.75,,
547949.0,POST,1,18.0,,
547950.0,22086,6,17.7,,
547951.0,47566,1,4.95,,
547952.0,85099B,4,7.8,,
547953.0,21212,2,1.1,,
547954.0,21212,1,0.55,,
547955.0,85123A,6,15.3,,
547956.0,85123A,2,5.1,,
547957.0,22383,1,1.65,,
547958.0,22720,2,9.9,,
547959.0,POST,2,36.0,,
547960.0,22086,1,2.95,,
547961.0,85099B,4,7.8,,
547962.0,85123A,6,15.3,,
547963.0,POST,6,108.0,,
547964.0,22383,2,3.3,,
547965.0,22383,12,19.8,,
547966.0,21212,6,3.3,,
547967.0,22720,2,9.9,,
547968.0,22720,1,4.95,,
547969.0,47566,1,4.95,,
547970.0,21212,1,0.55,,
547971.0,22720,6,29.7,,
547972.0,84879,1,1.69,,
547973.0,POST,6,108.0,,
547974.0,22383,1,1.65,,
547975.0,22383,6,9.9,,
547976.0,85099B,2,3.9,,
547977.0,85123A,1,2.55,,
547978.0,84879,4,6.76,,
111613.0,POST,1,0.0,,
547980.0,85123A,1,2.55,,
547981.0,22720,12,59.4,,
547982.0,POST,1,18.0,,
547983.0,84879,4,6.76,,
547984.0,21212,2,1.1,,
547985.0,22383,1,1.65,,
547986.0,22086,2,5.9,,
547987.0,POST,6,108.0,,
547988.0,85123A,12,30.6,,
547989.0,22383,6,9.9,,
547990.0,47566,1,4.95,,
547991.0,22720,1,4.95,,
547992.0,85123A,2,5.1,,
547993.0,84879,12,20.28,,
547994.0,22423,4,51.0,,
547995.0,47566,1,4.95,,
547996.0,22720,2,9.9,,
547997.0,22720,1,4.95,,
547998.0,21212,1,0.55,,
547999.0,POST,1,18.0,,
548000.0,22086,1,2.95,,
548001.0,22383,4,6.6,,
548002.0,22086,1,2.95,,
548003.0,84879,1,1.69,,
548004.0,84879,4,6.76,,
548005.0,22383,2,3.3,,
548006.0,47566,2,9.9,,
548007.0,22423,6,76.5,,
548008.0,22423,1,12.75,,
548009.0,85099B,4,7.8,,
548010.0,22720,1,4.95,,
548011.0,22086,12,35.4,,
548012.0,21212,6,3.3,,
548013.0,21212,1,0.55,,
548014.0,84879,2,3.38,,
548015.0,22383,1,1.65,,
548016.0,22086,6,17.7,,
548017.0,22086,1,2.95,,
548018.0,21212,1,0.55,,
548019.0,84879,6,10.14,,
548020.0,85123A,1,2.55,,
548021.0,47566,1,4.95,,
548022.0,85123A,1,2.55,,
548023.0,22383,4,6.6,,
548024.0,22383,1,1.65,,
548025.0,47566,2,9.9,,
548026.0,47566,6,29.7,,
548027.0,POST,4,72.0,,
548028.0,47566,1,4.95,,
548029.0,POST,1,18.0,,
548030.0,85123A,24,61.2,,
548031.0,22383,2,3.3,,
548032.0,47566,6,29.7,,
548033.0,22086,2,5.9,,
548034.0,85123A,1,2.55,,
548035.0,21212,4,2.2,,
548036.0,21212,2,1.1,,
548037.0,84879,6,10.14,,
548038.0,22086,24,70.8,,
548039.0,22086,4,11.8,,
548040.0,22383,2,3.3,,
548041.0,22720,2,9.9,,
548042.0,21212,1,0.55,,
548043.0,85123A,2,5.1,,
548044.0,85099B,6,11.7,,
548045.0,22383,2,3.3,,
548046.0,21212,4,2.2,,
548047.0,21212,1,0.55,,
548048.0,POST,1,18.0,,
548049.0,21212,1,0.55,,
548050.0,85099B,2,3.9,,
548051.0,85099B,24,46.8,,
548052.0,84879,12,20.28,,
548053.0,22383,1,1.65,,
548054.0,47566,4,19.8,,
548055.0,47566,1,4.95,,
548056.0,21212,2,1.1,,
548057.0,22720,12,59.4,,
548058.0,22423,2,25.5,,
548059.0,22086,2,5.9,,
548060.0,22383,1,1.65,,
111695.0,22423,1,0.0,,
548062.0,POST,2,36.0,,
548063.0,22720,6,29.7,,
548064.0,21212,6,3.3,,
548065.0,22086,1,2.95,,
548066.0,47566,6,29.7,,
548067.0,22720,2,9.9,,
548068.0,85099B,2,3.9,,
548069.0,22720,1,4.95,,
548070.0,POST,1,18.0,,
548071.0,47566,1,4.95,,
548072.0,POST,1,18.0,,
548073.0,22423,12,153.0,,
548074.0,POST,2,36.0,,
548075.0,21212,2,1.1,,
548076.0,21212,4,2.2,,
548077.0,22383,1,1.65,,
548078.0,22720,4,19.8,,
548079.0,22383,1,1.65,,
548080.0,22423,12,153.0,,
548081.0,22423,1,12.75,,
548082.0,22383,6,9.9,,
548083.0,22383,1,1.65,,
548084.0,85123A,2,5.1,,
548085.0,22383,4,6.6,,
548086.0,84879,1,1.69,,
548087.0,22086,1,2.95,,
548088.0,84879,12,20.28,,
548089.0,22086,2,5.9,,
548090.0,22423,1,12.75,,
548091.0,85123A,1,2.55,,
548092.0,22086,2,5.9,,
548093.0,POST,2,36.0,,
548094.0,22086,2,5.9,,
548095.0,85099B,1,1.95,,
548096.0,84879,1,1.69,,
548097.0,85123A,6,15.3,,
548098.0,84879,2,3.38,,
548099.0,21212,1,0.55,,
548100.0,21212,4,2.2,,
548101.0,22423,1,12.75,,
548102.0,22720,1,4.95,,
548103.0,85123A,6,15.3,,
548104.0,22423,6,76.5,,
548105.0,POST,2,36.0,,
548106.0,22720,4,19.8,,
548107.0,22383,1,1.65,,
548108.0,47566,1,4.95,,
548109.0,85099B,6,11.7,,
548110.0,22423,12,153.0,,
548111.0,POST,4,72.0,,
548112.0,47566,12,59.4,,
548113.0,47566,6,29.7,,
548114.0,22383,1,1.65,,
548115.0,22383,1,1.65,,
111750.0,22720,1,0.0,,
548117.0,21212,6,3.3,,
548118.0,22086,1,2.95,,
548119.0,47566,2,9.9,,
548120.0,22086,1,2.95,,
548121.0,22423,1,12.75,,
548122.0,22720,1,4.95,,
548123.0,84879,1,1.69,,
548124.0,22720,1,4.95,,
548125.0,85123A,2,5.1,,
548126.0,84879,2,3.38,,
548127.0,85099B,4,7.8,,
548128.0,47566,6,29.7,,
548129.0,22423,1,12.75,,
548130.0,47566,2,9.9,,
548131.0,22383,4,6.6,,
548132.0,85123A,1,2.55,,
548133.0,84879,1,1.69,,
548134.0,84879,12,20.28,,
548135.0,POST,2,36.0,,
548136.0,POST,1,18.0,,
548137.0,22086,1,2.95,,
548138.0,21212,2,1.1,,
548139.0,47566,6,29.7,,
548140.0,85099B,2,3.9,,
548141.0,21212,12,6.6,,
548142.0,POST,1,18.0,,
548143.0,POST,4,72.0,,
548144.0,POST,4,72.0,,
548145.0,POST,1,18.0,,
548146.0,85099B,1,1.95,,
548147.0,85099B,2,3.9,,
548148.0,47566,1,4.95,,
548149.0,84879,4,6.76,,
548150.0,85123A,1,2.55,,
548151.0,22383,12,19.8,,
548152.0,47566,1,4.95,,
548153.0,POST,6,108.0,,
548154.0,22086,6,17.7,,
548155.0,22086,1,2.95,,
548156.0,85123A,1,2.55,,
548157.0,22086,4,11.8,,
548158.0,21212,6,3.3,,
548159.0,22086,2,5.9,,
548160.0,22423,12,153.0,,
548161.0,21212,1,0.55,,
548162.0,84879,2,3.38,,
548163.0,85099B,6,11.7,,
548164.0,47566,4,19.8,,
548165.0,21212,2,1.1,,
548166.0,22383,1,1.65,,
548167.0,85099B,4,7.8,,
548168.0,22086,1,2.95,,
548169.0,84879,2,3.38,,
548170.0,22720,4,19.8,,
548171.0,22383,2,3.3,,
548172.0,85099B,1,1.95,,
548173.0,21212,1,0.55,,
548174.0,21212,2,1.1,,
548175.0,POST,24,432.0,,
548176.0,47566,1,4.95,,
548177.0,POST,6,108.0,,
548178.0,85099B,6,11.7,,
548179.0,22383,4,6.6,,
548180.0,22720,6,29.7,,
548181.0,POST,2,36.0,,
548182.0,85123A,2,5.1,,
548183.0,22383,1,1.65,,
548184.0,21212,2,1.1,,
548185.0,22720,1,4.95,,
548186.0,85123A,1,2.55,,
548187.0,84879,6,10.14,,
548188.0,84879,24,40.56,,
548189.0,85123A,6,15.3,,
548190.0,22383,2,3.3,,
548191.0,21212,2,1.1,,
548192.0,47566,2,9.9,,
548193.0,22720,1,4.95,,
548194.0,22423,1,12.75,,
548195.0,85099B,2,3.9,,
548196.0,22383,2,3.3,,
548197.0,22086,12,35.4,,
548198.0,POST,1,18.0,,
548199.0,47566,2,9.9,,
548200.0,22383,4,6.6,,
548201.0,85099B,2,3.9,,
548202.0,21212,4,2.2,,
548203.0,47566,4,19.8,,
548204.0,85123A,1,2.55,,
548205.0,85099B,4,7.8,,
548206.0,84879,2,3.38,,
548207.0,POST,6,108.0,,
548208.0,22720,2,9.9,,
548209.0,22086,4,11.8,,
548210.0,POST,2,36.0,,
548211.0,85099B,6,11.7,,
548212.0,22086,2,5.9,,
548213.0,21212,12,6.6,,
548214.0,21212,1,0.55,,
548215.0,POST,1,18.0,,
548216.0,22086,1,2.95,,
548217.0,84879,2,3.38,,
548218.0,47566,6,29.7,,
548219.0,47566,4,19.8,,
548220.0,22720,6,29.7,,
548221.0,22720,2,9.9,,
548222.0,47566,12,59.4,,
111857.0,22086,1,0.0,,
548224.0,85099B,6,11.7,,
548225.0,85099B,1,1.95,,
548226.0,22086,12,35.4,,
548227.0,22423,6,76.5,,
548228.0,47566,1,4.95,,
548229.0,22383,4,6.6,,
548230.0,84879,2,3.38,,
548231.0,47566,2,9.9,,
548232.0,85123A,4,10.2,,
548233.0,47566,6,29.7,,
548234.0,85123A,2,5.1,,
548235.0,22383,24,39.6,,
548236.0,22423,2,25.5,,
548237.0,85099B,4,7.8,,
548238.0,47566,2,9.9,,
548239.0,POST,4,72.0,,
111874.0,22720,1,0.0,,
548241.0,22086,4,11.8,,
548242.0,84879,2,3.38,,
548243.0,85123A,1,2.55,,
548244.0,POST,6,108.0,,
548245.0,84879,4,6.76,,
548246.0,85099B,2,3.9,,
548247.0,22086,1,2.95,,
548248.0,85123A,4,10.2,,
548249.0,POST,2,36.0,,
548250.0,22423,2,25.5,,
548251.0,84879,12,20.28,,
548252.0,21212,1,0.55,,
548253.0,21212,2,1.1,,
548254.0,22086,1,2.95,,
548255.0,22720,2,9.9,,
548256.0,22720,1,4.95,,
548257.0,22383,2,3.3,,
548258.0,21212,2,1.1,,
548259.0,22720,1,4.95,,
548260.0,22720,6,29.7,,
548261.0,47566,2,9.9,,
548262.0,84879,2,3.38,,
548263.0,22086,1,2.95,,
548264.0,22086,2,5.9,,
548265.0,84879,4,6.76,,
548266.0,POST,1,18.0,,
548267.0,84879,2,3.38,,
111902.0,22720,1,0.0,,
548269.0,22423,6,76.5,,
548270.0,22086,1,2.95,,
548271.0,21212,2,1.1,,
548272.0,22086,2,5.9,,
548273.0,84879,6,10.14,,
548274.0,22383,2,3.3,,
548275.0,85099B,2,3.9,,
111910.0,84879,1,0.0,,
548277.0,22383,1,1.65,,
548278.0,22720,1,4.95,,
111913.0,22720,1,0.0,,
548280.0,22720,4,19.8,,
548281.0,84879,1,1.69,,
548282.0,22720,1,4.95,,
548283.0,84879,12,20.28,,
548284.0,21212,1,0.55,,
548285.0,22423,4,51.0,,
548286.0,84879,2,3.38,,
548287.0,POST,2,36.0,,
548288.0,21212,1,0.55,,
548289.0,21212,2,1.1,,
548290.0,22383,2,3.3,,
548291.0,47566,2,9.9,,
548292.0,22423,2,25.5,,
548293.0,85123A,1,2.55,,
548294.0,22383,6,9.9,,
548295.0,22720,1,4.95,,
548296.0,85099B,1,1.95,,
548297.0,22423,1,12.75,,
548298.0,POST,2,36.0,,
548299.0,POST,6,108.0,,
548300.0,84879,4,6.76,,
548301.0,POST,4,72.0,,
548302.0,22383,24,39.6,,
548303.0,22720,2,9.9,,
548304.0,85099B,2,3.9,,
548305.0,47566,1,4.95,,
548306.0,22720,1,4.95,,
548307.0,22383,1,1.65,,
548308.0,22720,6,29.7,,
548309.0,22423,1,12.75,,
548310.0,84879,4,6.76,,
111945.0,22423,1,0.0,,
548312.0,47566,1,4.95,,
548313.0,22086,2,5.9,,
548314.0,85099B,4,7.8,,
548315.0,POST,6,108.0,,
548316.0,22423,4,51.0,,
548317.0,22086,1,2.95,,
548318.0,22720,6,29.7,,
548319.0,POST,2,36.0,,
548320.0,47566,6,29.7,,
548321.0,22423,12,153.0,,
548322.0,POST,6,108.0,,
548323.0,21212,2,1.1,,
548324.0,21212,1,0.55,,
548325.0,22086,12,35.4,,
548326.0,22423,1,12.75,,
548327.0,22383,6,9.9,,
548328.0,85123A,4,10.2,,
548329.0,22720,1,4.95,,
548330.0,22720,4,19.8,,
548331.0,POST,2,36.0,,
548332.0,84879,6,10.14,,
548333.0,85099B,24,46.8,,
548334.0,22383,1,1.65,,
548335.0,85099B,2,3.9,,
548336.0,85123A,2,5.1,,
548337.0,85123A,6,15.3,,
548338.0,POST,1,18.0,,
548339.0,22086,2,5.9,,
548340.0,85099B,2,3.9,,
111975.0,84879,1,0.0,,
548342.0,85099B,1,1.95,,
548343.0,22086,1,2.95,,
548344.0,85123A,1,2.55,,
548345.0,22423,4,51.0,,
548346.0,POST,1,18.0,,
548347.0,22720,2,9.9,,
548348.0,22720,2,9.9,,
548349.0,85099B,2,3.9,,
548350.0,84879,1,1.69,,
548351.0,47566,4,19.8,,
548352.0,22383,2,3.3,,
548353.0,POST,4,72.0,,
548354.0,22423,4,51.0,,
548355.0,85099B,1,1.95,,
548356.0,POST,1,18.0,,
548357.0,21212,1,0.55,,
548358.0,85099B,12,23.4,,
548359.0,85123A,12,30.6,,
548360.0,22720,4,19.8,,
548361.0,22383,2,3.3,,
548362.0,85099B,6,11.7,,
548363.0,POST,2,36.0,,
111998.0,22423,1,0.0,,
548365.0,22383,1,1.65,,
548366.0,84879,1,1.69,,
548367.0,47566,4,19.8,,
548368.0,85123A,24,61.2,,
548369.0,84879,1,1.69,,
548370.0,22086,6,17.7,,
548371.0,85123A,4,10.2,,
548372.0,22423,1,12.75,,
548373.0,85099B,4,7.8,,
548374.0,47566,1,4.95,,
548375.0,84879,1,1.69,,
548376.0,21212,2,1.1,,
548377.0,85099B,1,1.95,,
548378.0,85099B,1,1.95,,
548379.0,22423,6,76.5,,
548380.0,21212,12,6.6,,
548381.0,21212,2,1.1,,
548382.0,85123A,2,5.1,,
548383.0,85123A,1,2.55,,
548384.0,22720,1,4.95,,
548385.0,22423,1,12.75,,
548386.0,85099B,1,1.95,,
548387.0,84879,6,10.14,,
548388.0,22086,1,2.95,,
548389.0,47566,1,4.95,,
548390.0,47566,1,4.95,,
548391.0,84879,12,20.28,,
548392.0,47566,1,4.95,,
548393.0,22086,1,2.95,,
548394.0,22423,2,25.5,,
548395.0,85099B,1,1.95,,
548396.0,47566,4,19.8,,
548397.0,84879,4,6.76,,
548398.0,22086,1,2.95,,
548399.0,22383,2,3.3,,
548400.0,22086,1,2.95,,
548401.0,21212,2,1.1,,
548402.0,22383,2,3.3,,
548403.0,85099B,1,1.95,,
548404.0,22423,1,12.75,,
548405.0,22086,1,2.95,,
548406.0,85099B,1,1.95,,
112041.0,POST,1,0.0,,
548408.0,22423,1,12.75,,
548409.0,POST,12,216.0,,
548410.0,85123A,1,2.55,,
548411.0,22383,1,1.65,,
548412.0,85099B,2,3.9,,
548413.0,22720,2,9.9,,
548414.0,84879,1,1.69,,
548415.0,22720,2,9.9,,
548416.0,84879,2,3.38,,
548417.0,22383,4,6.6,,
548418.0,POST,1,18.0,,
548419.0,47566,1,4.95,,
548420.0,22086,12,35.4,,
548421.0,21212,6,3.3,,
548422.0,85099B,2,3.9,,
548423.0,21212,2,1.1,,
548424.0,84879,1,1.69,,
548425.0,22383,1,1.65,,
112060.0,85123A,1,0.0,,
548427.0,22423,6,76.5,,
548428.0,84879,2,3.38,,
548429.0,47566,1,4.95,,
548430.0,22720,1,4.95,,
548431.0,85123A,2,5.1,,
548432.0,POST,2,36.0,,
548433.0,22720,1,4.95,,
548434.0,84879,12,20.28,,
548435.0,POST,4,72.0,,
548436.0,22086,1,2.95,,
548437.0,21212,2,1.1,,
548438.0,85099B,12,23.4,,
548439.0,85099B,4,7.8,,
548440.0,85099B,2,3.9,,
548441.0,POST,1,18.0,,
548442.0,47566,2,9.9,,
548443.0,21212,4,2.2,,
548444.0,22383,1,1.65,,
548445.0,84879,4,6.76,,
548446.0,22086,6,17.7,,
548447.0,22720,2,9.9,,
548448.0,POST,2,36.0,,
548449.0,21212,12,6.6,,
548450.0,22383,2,3.3,,
548451.0,22086,6,17.7,,
548452.0,22383,1,1.65,,
548453.0,POST,1,18.0,,
548454.0,21212,1,0.55,,
548455.0,22383,1,1.65,,
548456.0,47566,4,19.8,,
548457.0,21212,2,1.1,,
548458.0,POST,4,72.0,,
548459.0,22383,1,1.65,,
548460.0,85099B,1,1.95,,
548461.0,21212,4,2.2,,
548462.0,22383,1,1.65,,
548463.0,21212,2,1.1,,
548464.0,22086,6,17.7,,
548465.0,22423,12,153.0,,
112100.0,22720,1,0.0,,
548467.0,85123A,6,15.3,,
548468.0,22086,1,2.95,,
548469.0,22383,1,1.65,,
548470.0,22720,12,59.4,,
548471.0,84879,6,10.14,,
548472.0,21212,2,1.1,,
548473.0,84879,1,1.69,,
548474.0,21212,12,6.6,,
548475.0,22720,1,4.95,,
548476.0,84879,4,6.76,,
548477.0,84879,1,1.69,,
548478.0,85099B,2,3.9,,
548479.0,85099B,1,1.95,,
548480.0,22720,4,19.8,,
548481.0,85099B,6,11.7,,
548482.0,22720,6,29.7,,
548483.0,22720,6,29.7,,
548484.0,POST,2,36.0,,
548485.0,47566,1,4.95,,
548486.0,POST,1,18.0,,
548487.0,85099B,2,3.9,,
548488.0,21212,1,0.55,,
548489.0,22383,1,1.65,,
548490.0,85099B,1,1.95,,
548491.0,22423,2,25.5,,
548492.0,POST,1,18.0,,
548493.0,22383,2,3.3,,
112128.0,22423,1,0.0,,
548495.0,85123A,2,5.1,,
548496.0,21212,1,0.55,,
548497.0,22423,1,12.75,,
548498.0,22086,12,35.4,,
548499.0,85123A,1,2.55,,
548500.0,85099B,1,1.95,,
548501.0,POST,2,36.0,,
548502.0,85123A,1,2.55,,
548503.0,85123A,2,5.1,,
548504.0,22086,12,35.4,,
548505.0,22086,4,11.8,,
548506.0,22423,4,51.0,,
548507.0,47566,4,19.8,,
548508.0,84879,4,6.76,,
548509.0,85099B,1,1.95,,
548510.0,85099B,2,3.9,,
548511.0,22720,6,29.7,,
548512.0,85099B,12,23.4,,
548513.0,85123A,2,5.1,,
548514.0,22086,6,17.7,,
548515.0,84879,2,3.38,,
548516.0,22086,2,5.9,,
548517.0,22086,2,5.9,,
112152.0,84879,1,0.0,,
548519.0,22383,1,1.65,,
548520.0,22423,4,51.0,,
548521.0,84879,1,1.69,,
548522.0,84879,1,1.69,,
548523.0,22423,1,12.75,,
548524.0,85123A,12,30.6,,
548525.0,POST,1,18.0,,
548526.0,84879,4,6.76,,
548527.0,22086,1,2.95,,
548528.0,22720,1,4.95,,
548529.0,85099B,1,1.95,,
548530.0,47566,2,9.9,,
548531.0,POST,1,18.0,,
548532.0,84879,1,1.69,,
548533.0,85123A,2,5.1,,
548534.0,22423,12,153.0,,
548535.0,47566,1,4.95,,
548536.0,22086,1,2.95,,
548537.0,POST,1,18.0,,
548538.0,47566,6,29.7,,
548539.0,22383,6,9.9,,
548540.0,85099B,2,3.9,,
548541.0,POST,2,36.0,,
548542.0,84879,2,3.38,,
548543.0,22720,4,19.8,,
548544.0,84879,6,10.14,,
548545.0,22423,1,12.75,,
548546.0,47566,2,9.9,,
548547.0,22383,1,1.65,,
548548.0,22383,1,1.65,,
548549.0,22423,6,76.5,,
548550.0,22720,4,19.8,,
548551.0,22086,1,2.95,,
548552.0,22383,1,1.65,,
548553.0,22720,2,9.9,,
548554.0,85123A,1,2.55,,
548555.0,22086,1,2.95,,
548556.0,22720,6,29.7,,
548557.0,22423,2,25.5,,
548558.0,22383,2,3.3,,
548559.0,47566,2,9.9,,
548560.0,47566,1,4.95,,
548561.0,85123A,6,15.3,,
548562.0,47566,4,19.8,,
548563.0,POST,4,72.0,,
548564.0,22086,6,17.7,,
548565.0,22383,4,6.6,,
548566.0,22086,2,5.9,,
548567.0,47566,2,9.9,,
548568.0,22383,2,3.3,,
548569.0,85099B,2,3.9,,
548570.0,22383,12,19.8,,
548571.0,22423,4,51.0,,
548572.0,22086,6,17.7,,
548573.0,22383,2,3.3,,
548574.0,21212,1,0.55,,
548575.0,21212,2,1.1,,
548576.0,22423,1,12.75,,
548577.0,22086,4,11.8,,
548578.0,22423,6,76.5,,
548579.0,85099B,4,7.8,,
548580.0,85099B,2,3.9,,
548581.0,85099B,6,11.7,,
548582.0,85123A,6,15.3,,
548583.0,47566,4,19.8,,
548584.0,22383,2,3.3,,
548585.0,47566,1,4.95,,
548586.0,22086,12,35.4,,
548587.0,85099B,2,3.9,,
548588.0,POST,6,108.0,,
548589.0,84879,24,40.56,,
548590.0,21212,4,2.2,,
548591.0,21212,1,0.55,,
548592.0,22423,1,12.75,,
548593.0,POST,2,36.0,,
548594.0,22383,1,1.65,,
548595.0,84879,12,20.28,,
548596.0,22720,2,9.9,,
548597.0,47566,4,19.8,,
548598.0,22086,1,2.95,,
548599.0,85099B,2,3.9,,
548600.0,47566,2,9.9,,
548601.0,22383,24,39.6,,
548602.0,85123A,1,2.55,,
548603.0,47566,1,4.95,,
548604.0,22423,6,76.5,,
548605.0,85123A,1,2.55,,
548606.0,22423,4,51.0,,
548607.0,85099B,1,1.95,,
548608.0,21212,1,0.55,,
548609.0,22086,2,5.9,,
548610.0,22086,4,11.8,,
548611.0,47566,1,4.95,,
548612.0,85099B,1,1.95,,
548613.0,22423,1,12.75,,
548614.0,84879,1,1.69,,
548615.0,47566,4,19.8,,
548616.0,22383,1,1.65,,
548617.0,47566,4,19.8,,
548618.0,47566,1,4.95,,
548619.0,85099B,2,3.9,,
548620.0,85099B,2,3.9,,
548621.0,22086,2,5.9,,
548622.0,22086,1,2.95,,
548623.0,POST,4,72.0,,
548624.0,21212,1,0.55,,
548625.0,22383,1,1.65,,
548626.0,21212,2,1.1,,
548627.0,21212,24,13.2,,
548628.0,POST,4,72.0,,
548629.0,85099B,1,1.95,,
548630.0,84879,4,6.76,,
548631.0,22383,6,9.9,,
548632.0,47566,2,9.9,,
548633.0,47566,6,29.7,,
548634.0,84879,1,1.69,,
548635.0,85099B,24,46.8,,
548636.0,85123A,1,2.55,,
548637.0,22720,1,4.95,,
548638.0,22720,1,4.95,,
548639.0,22720,4,19.8,,
548640.0,21212,1,0.55,,
548641.0,85099B,2,3.9,,
548642.0,85099B,2,3.9,,
548643.0,22423,2,25.5,,
548644.0,21212,6,3.3,,
548645.0,84879,1,1.69,,
548646.0,22720,6,29.7,,
548647.0,22720,1,4.95,,
548648.0,47566,1,4.95,,
548649.0,47566,4,19.8,,
548650.0,85123A,6,15.3,,
548651.0,POST,1,18.0,,
548652.0,85099B,6,11.7,,
548653.0,84879,1,1.69,,
548654.0,22423,1,12.75,,
548655.0,22720,4,19.8,,
548656.0,22383,2,3.3,,
548657.0,22720,24,118.8,,
548658.0,22383,6,9.9,,
548659.0,22423,2,25.5,,
548660.0,47566,1,4.95,,
548661.0,47566,6,29.7,,
548662.0,22086,1,2.95,,
548663.0,84879,12,20.28,,
548664.0,22423,2,25.5,,
112299.0,22383,1,0.0,,
548666.0,85123A,1,2.55,,
548667.0,85123A,2,5.1,,
548668.0,POST,6,108.0,,
548669.0,22423,1,12.75,,
112304.0,21212,1,0.0,,
548671.0,22086,1,2.95,,
548672.0,85123A,12,30.6,,
112307.0,21212,1,0.0,,
112308.0,22423,1,0.0,,
548675.0,84879,1,1.69,,
548676.0,47566,6,29.7,,
548677.0,22383,1,1.65,,
548678.0,84879,4,6.76,,
548679.0,22720,2,9.9,,
548680.0,22383,2,3.3,,
548681.0,85099B,6,11.7,,
548682.0,85099B,2,3.9,,
548683.0,85099B,1,1.95,,
548684.0,85099B,1,1.95,,
548685.0,47566,2,9.9,,
548686.0,84879,2,3.38,,
548687.0,21212,12,6.6,,
548688.0,22086,1,2.95,,
548689.0,47566,2,9.9,,
548690.0,21212,6,3.3,,
548691.0,85123A,4,10.2,,
548692.0,22383,2,3.3,,
548693.0,21212,4,2.2,,
548694.0,84879,2,3.38,,
548695.0,22720,2,9.9,,
548696.0,85123A,2,5.1,,
548697.0,21212,2,1.1,,
112332.0,22086,1,0.0,,
548699.0,85123A,1,2.55,,
548700.0,22383,1,1.65,,
548701.0,85123A,1,2.55,,
548702.0,POST,12,216.0,,
548703.0,84879,1,1.69,,
548704.0,POST,2,36.0,,
548705.0,22423,1,12.75,,
548706.0,22720,6,29.7,,
548707.0,22720,6,29.7,,
548708.0,POST,2,36.0,,
548709.0,85099B,4,7.8,,
548710.0,47566,1,4.95,,
548711.0,85099B,1,1.95,,
548712.0,22383,1,1.65,,
548713.0,POST,2,36.0,,
548714.0,84879,2,3.38,,
548715.0,47566,1,4.95,,
548716.0,POST,2,36.0,,
548717.0,POST,1,18.0,,
548718.0,22383,6,9.9,,
548719.0,85123A,2,5.1,,
548720.0,POST,6,108.0,,
548721.0,21212,2,1.1,,
548722.0,21212,2,1.1,,
548723.0,84879,2,3.38,,
548724.0,22383,2,3.3,,
548725.0,47566,1,4.95,,
548726.0,22720,2,9.9,,
548727.0,POST,1,18.0,,
548728.0,85123A,1,2.55,,
548729.0,85099B,1,1.95,,
548730.0,22423,2,25.5,,
112365.0,22423,1,0.0,,
548732.0,85123A,1,2.55,,
548733.0,47566,24,118.8,,
548734.0,22383,1,1.65,,
548735.0,POST,1,18.0,,
548736.0,85099B,1,1.95,,
548737.0,22720,1,4.95,,
548738.0,85099B,12,23.4,,
548739.0,21212,6,3.3,,
548740.0,POST,1,18.0,,
548741.0,85123A,4,10.2,,
548742.0,85123A,1,2.55,,
548743.0,POST,6,108.0,,
548744.0,85099B,4,7.8,,
548745.0,84879,1,1.69,,
548746.0,21212,1,0.55,,
548747.0,22423,12,153.0,,
548748.0,POST,4,72.0,,
548749.0,POST,6,108.0,,
548750.0,47566,2,9.9,,
548751.0,POST,4,72.0,,
548752.0,85123A,1,2.55,,
548753.0,47566,6,29.7,,
548754.0,POST,1,18.0,,
548755.0,47566,4,19.8,,
548756.0,22720,1,4.95,,
548757.0,85099B,6,11.7,,
548758.0,22086,6,17.7,,
548759.0,22423,2,25.5,,
548760.0,22383,12,19.8,,
548761.0,85099B,2,3.9,,
548762.0,85123A,6,15.3,,
548763.0,85099B,6,11.7,,
548764.0,22383,4,6.6,,
548765.0,22086,1,2.95,,
548766.0,21212,6,3.3,,
548767.0,21212,2,1.1,,
548768.0,22720,1,4.95,,
548769.0,22383,2,3.3,,
548770.0,22383,1,1.65,,
548771.0,22720,1,4.95,,
548772.0,85123A,1,2.55,,
548773.0,22383,1,1.65,,
548774.0,84879,6,10.14,,
548775.0,POST,6,108.0,,
548776.0,85099B,4,7.8,,
548777.0,22720,1,4.95,,
548778.0,22423,1,12.75,,
548779.0,22383,1,1.65,,
548780.0,85099B,2,3.9,,
548781.0,22423,1,12.75,,
548782.0,85099B,1,1.95,,
548783.0,85123A,12,30.6,,
548784.0,85123A,1,2.55,,
548785.0,POST,1,18.0,,
548786.0,21212,2,1.1,,
548787.0,84879,4,6.76,,
548788.0,POST,1,18.0,,
548789.0,85123A,2,5.1,,
548790.0,21212,2,1.1,,
112425.0,47566,1,0.0,,
548792.0,22720,1,4.95,,
548793.0,85099B,6,11.7,,
548794.0,84879,6,10.14,,
548795.0,POST,6,108.0,,
548796.0,22423,2,25.5,,
548797.0,22086,1,2.95,,
548798.0,22383,1,1.65,,
112433.0,47566,1,0.0,,
548800.0,21212,6,3.3,,
548801.0,21212,2,1.1,,
548802.0,22720,2,9.9,,
548803.0,22383,12,19.8,,
548804.0,22086,2,5.9,,
548805.0,85099B,1,1.95,,
548806.0,22720,2,9.9,,
548807.0,84879,6,10.14,,
548808.0,POST,2,36.0,,
548809.0,84879,4,6.76,,
548810.0,POST,2,36.0,,
548811.0,22086,1,2.95,,
548812.0,84879,2,3.38,,
548813.0,21212,4,2.2,,
548814.0,85099B,1,1.95,,
548815.0,84879,6,10.14,,
548816.0,22423,12,153.0,,
548817.0,85123A,6,15.3,,
548818.0,22383,6,9.9,,
548819.0,22720,12,59.4,,
548820.0,22423,1,12.75,,
548821.0,22423,1,12.75,,
548822.0,22086,6,17.7,,
548823.0,22720,4,19.8,,
548824.0,85099B,2,3.9,,
548825.0,84879,1,1.69,,
548826.0,POST,2,36.0,,
548827.0,21212,1,0.55,,
548828.0,84879,1,1.69,,
548829.0,22086,6,17.7,,
548830.0,22086,1,2.95,,
548831.0,84879,1,1.69,,
548832.0,22383,4,6.6,,
548833.0,85099B,2,3.9,,
548834.0,84879,1,1.69,,
548835.0,22423,12,153.0,,
112470.0,POST,1,0.0,,
548837.0,85123A,2,5.1,,
548838.0,84879,1,1.69,,
548839.0,22383,2,3.3,,
548840.0,85099B,2,3.9,,
548841.0,22720,6,29.7,,
548842.0,22720,2,9.9,,
548843.0,85123A,12,30.6,,
548844.0,22720,12,59.4,,
548845.0,47566,1,4.95,,
548846.0,85099B,24,46.8,,
548847.0,84879,2,3.38,,
548848.0,84879,6,10.14,,
548849.0,POST,2,36.0,,
548850.0,85099B,6,11.7,,
548851.0,22423,1,12.75,,
548852.0,22423,1,12.75,,
548853.0,22720,2,9.9,,
548854.0,22383,1,1.65,,
548855.0,21212,6,3.3,,
548856.0,22383,1,1.65,,
548857.0,84879,1,1.69,,
548858.0,21212,1,0.55,,
548859.0,22383,6,9.9,,
548860.0,84879,2,3.38,,
548861.0,21212,4,2.2,,
548862.0,85099B,2,3.9,,
548863.0,21212,2,1.1,,
548864.0,22423,2,25.5,,
548865.0,POST,2,36.0,,
548866.0,POST,6,108.0,,
548867.0,21212,2,1.1,,
548868.0,47566,1,4.95,,
548869.0,22383,2,3.3,,
548870.0,POST,6,108.0,,
548871.0,22086,1,2.95,,
548872.0,POST,1,18.0,,
112507.0,85099B,1,0.0,,
548874.0,POST,2,36.0,,
548875.0,84879,1,1.69,,
548876.0,85123A,1,2.55,,
548877.0,22086,6,17.7,,
548878.0,22383,4,6.6,,
548879.0,22423,1,12.75,,
548880.0,85123A,1,2.55,,
548881.0,85099B,1,1.95,,
548882.0,84879,1,1.69,,
548883.0,22086,1,2.95,,
548884.0,21212,24,13.2,,
548885.0,POST,6,108.0,,
548886.0,84879,12,20.28,,
548887.0,22086,1,2.95,,
548888.0,47566,2,9.9,,
548889.0,22086,12,35.4,,
548890.0,22423,12,153.0,,
548891.0,POST,1,18.0,,
548892.0,22423,4,51.0,,
548893.0,POST,2,36.0,,
548894.0,POST,2,36.0,,
548895.0,85123A,6,15.3,,
548896.0,22383,2,3.3,,
548897.0,84879,6,10.14,,
548898.0,22086,1,2.95,,
548899.0,22423,4,51.0,,
548900.0,POST,12,216.0,,
548901.0,85123A,1,2.55,,
548902.0,84879,2,3.38,,
548903.0,84879,1,1.69,,
548904.0,84879,4,6.76,,
548905.0,22383,4,6.6,,
548906.0,21212,1,0.55,,
548907.0,POST,2,36.0,,
548908.0,84879,1,1.69,,
548909.0,22423,2,25.5,,
548910.0,POST,1,18.0,,
548911.0,22383,4,6.6,,
548912.0,POST,1,18.0,,
548913.0,22086,2,5.9,,
548914.0,84879,1,1.69,,
548915.0,84879,1,1.69,,
548916.0,85099B,12,23.4,,
548917.0,22086,1,2.95,,
548918.0,22086,1,2.95,,
548919.0,22383,1,1.65,,
548920.0,85123A,4,10.2,,
548921.0,22383,1,1.65,,
548922.0,47566,12,59.4,,
548923.0,22423,4,51.0,,
548924.0,85123A,6,15.3,,
548925.0,22383,2,3.3,,
548926.0,85099B,4,7.8,,
548927.0,22720,1,4.95,,
548928.0,22720,1,4.95,,
548929.0,47566,2,9.9,,
548930.0,85099B,2,3.9,,
548931.0,22086,1,2.95,,
548932.0,22383,6,9.9,,
548933.0,POST,6,108.0,,
548934.0,POST,4,72.0,,
548935.0,22423,6,76.5,,
548936.0,POST,2,36.0,,
548937.0,22086,6,17.7,,
548938.0,POST,6,108.0,,
548939.0,85099B,6,11.7,,
548940.0,85099B,1,1.95,,
548941.0,21212,6,3.3,,
548942.0,21212,2,1.1,,
548943.0,47566,4,19.8,,
548944.0,85123A,6,15.3,,
548945.0,22720,12,59.4,,
548946.0,22383,1,1.65,,
548947.0,85099B,2,3.9,,
548948.0,22383,6,9.9,,
548949.0,22086,2,5.9,,
548950.0,22383,2,3.3,,
548951.0,47566,6,29.7,,
548952.0,22720,1,4.95,,
548953.0,22423,6,76.5,,
548954.0,22086,2,5.9,,
548955.0,47566,4,19.8,,
548956.0,85123A,6,15.3,,
548957.0,85123A,6,15.3,,
548958.0,22720,1,4.95,,
548959.0,22720,1,4.95,,
548960.0,21212,6,3.3,,
548961.0,POST,1,18.0,,
548962.0,47566,4,19.8,,
548963.0,22423,1,12.75,,
548964.0,47566,1,4.95,,
548965.0,21212,2,1.1,,
548966.0,22720,6,29.7,,
548967.0,22720,4,19.8,,
548968.0,22720,6,29.7,,
548969.0,85123A,4,10.2,,
548970.0,22423,2,25.5,,
548971.0,85123A,2,5.1,,
548972.0,22720,2,9.9,,
548973.0,84879,6,10.14,,
548974.0,POST,4,72.0,,
548975.0,22720,1,4.95,,
548976.0,47566,1,4.95,,
548977.0,22423,1,12.75,,
548978.0,22423,1,12.75,,
548979.0,85123A,6,15.3,,
112614.0,POST,1,0.0,,
548981.0,85099B,1,1.95,,
548982.0,21212,1,0.55,,
548983.0,47566,6,29.7,,
548984.0,47566,2,9.9,,
548985.0,85099B,1,1.95,,
548986.0,85099B,4,7.8,,
548987.0,POST,6,108.0,,
548988.0,22423,4,51.0,,
548989.0,84879,1,1.69,,
548990.0,47566,1,4.95,,
548991.0,47566,1,4.95,,
548992.0,85099B,2,3.9,,
548993.0,84879,4,6.76,,
548994.0,22720,2,9.9,,
548995.0,22086,2,5.9,,
548996.0,85123A,6,15.3,,
548997.0,84879,12,20.28,,
548998.0,85123A,4,10.2,,
548999.0,POST,1,18.0,,
549000.0,85099B,4,7.8,,
549001.0,22423,1,12.75,,
549002.0,47566,1,4.95,,
549003.0,85099B,1,1.95,,
549004.0,85123A,6,15.3,,
549005.0,22086,1,2.95,,
549006.0,22383,2,3.3,,
549007.0,47566,1,4.95,,
112642.0,POST,1,0.0,,
549009.0,21212,4,2.2,,
549010.0,22423,6,76.5,,
549011.0,22423,2,25.5,,
549012.0,22423,6,76.5,,
549013.0,21212,1,0.55,,
549014.0,22720,2,9.9,,
549015.0,85123A,1,2.55,,
549016.0,POST,1,18.0,,
549017.0,85123A,1,2.55,,
549018.0,22383,1,1.65,,
549019.0,47566,1,4.95,,
549020.0,85099B,6,11.7,,
549021.0,47566,1,4.95,,
549022.0,22383,1,1.65,,
549023.0,22720,2,9.9,,
549024.0,POST,6,108.0,,
549025.0,85099B,2,3.9,,
549026.0,22720,12,59.4,,
112661.0,84879,1,0.0,,
549028.0,22383,4,6.6,,
549029.0,21212,2,1.1,,
549030.0,22383,1,1.65,,
549031.0,22720,6,29.7,,
549032.0,22423,2,25.5,,
112667.0,47566,1,0.0,,
549034.0,21212,1,0.55,,
549035.0,85123A,1,2.55,,
549036.0,22720,1,4.95,,
549037.0,22720,1,4.95,,
549038.0,POST,2,36.0,,
549039.0,22720,4,19.8,,
549040.0,POST,2,36.0,,
549041.0,84879,1,1.69,,
549042.0,21212,2,1.1,,
549043.0,22383,12,19.8,,
549044.0,22720,1,4.95,,
549045.0,POST,6,108.0,,
549046.0,85123A,1,2.55,,
549047.0,22086,12,35.4,,
549048.0,85099B,2,3.9,,
549049.0,85099B,1,1.95,,
549050.0,22720,4,19.8,,
549051.0,22423,1,12.75,,
549052.0,85123A,2,5.1,,
549053.0,22720,4,19.8,,
549054.0,22720,1,4.95,,
549055.0,22383,2,3.3,,
549056.0,85123A,2,5.1,,
549057.0,22720,4,19.8,,
549058.0,47566,1,4.95,,
549059.0,85123A,2,5.1,,
549060.0,22383,2,3.3,,
549061.0,85099B,6,11.7,,
549062.0,22383,12,19.8,,
549063.0,21212,2,1.1,,
549064.0,47566,1,4.95,,
549065.0,POST,2,36.0,,
549066.0,85099B,2,3.9,,
549067.0,22720,1,4.95,,
549068.0,47566,2,9.9,,
549069.0,22720,6,29.7,,
549070.0,22423,1,12.75,,
549071.0,22086,24,70.8,,
549072.0,22720,1,4.95,,
549073.0,85123A,1,2.55,,
549074.0,22086,2,5.9,,
549075.0,POST,2,36.0,,
549076.0,21212,1,0.55,,
549077.0,22086,6,17.7,,
549078.0,85099B,2,3.9,,
549079.0,22423,4,51.0,,
549080.0,84879,6,10.14,,
549081.0,85123A,6,15.3,,
549082.0,22720,1,4.95,,
549083.0,85099B,6,11.7,,
549084.0,22423,6,76.5,,
549085.0,85099B,4,7.8,,
549086.0,85099B,6,11.7,,
549087.0,POST,1,18.0,,
549088.0,22720,6,29.7,,
549089.0,84879,6,10.14,,
549090.0,21212,12,6.6,,
549091.0,22086,4,11.8,,
112726.0,POST,1,0.0,,
549093.0,85099B,4,7.8,,
549094.0,21212,4,2.2,,
549095.0,POST,1,18.0,,
549096.0,POST,1,18.0,,
549097.0,85099B,1,1.95,,
549098.0,85099B,12,23.4,,
549099.0,85123A,4,10.2,,
549100.0,47566,2,9.9,,
549101.0,47566,1,4.95,,
549102.0,85099B,1,1.95,,
549103.0,47566,6,29.7,,
549104.0,22423,1,12.75,,
549105.0,22383,1,1.65,,
549106.0,22086,1,2.95,,
549107.0,POST,1,18.0,,
549108.0,22720,1,4.95,,
549109.0,22086,2,5.9,,
549110.0,22423,1,12.75,,
549111.0,85099B,6,11.7,,
549112.0,84879,1,1.69,,
549113.0,22720,1,4.95,,
549114.0,POST,6,108.0,,
549115.0,POST,6,108.0,,
549116.0,22383,1,1.65,,
549117.0,85123A,1,2.55,,
549118.0,POST,6,108.0,,
549119.0,22383,1,1.65,,
549120.0,85123A,6,15.3,,
112755.0,22383,1,0.0,,
549122.0,85123A,12,30.6,,
549123.0,84879,4,6.76,,
549124.0,85123A,6,15.3,,
549125.0,22086,2,5.9,,
549126.0,22383,1,1.65,,
549127.0,22720,6,29.7,,
549128.0,47566,1,4.95,,
549129.0,84879,4,6.76,,
549130.0,47566,4,19.8,,
549131.0,84879,6,10.14,,
549132.0,85123A,1,2.55,,
549133.0,85123A,4,10.2,,
112768.0,22383,1,0.0,,
549135.0,84879,12,20.28,,
549136.0,47566,6,29.7,,
549137.0,22720,2,9.9,,
549138.0,21212,4,2.2,,
549139.0,85123A,1,2.55,,
549140.0,22383,4,6.6,,
549141.0,47566,4,19.8,,
549142.0,22720,1,4.95,,
549143.0,22086,1,2.95,,
549144.0,85099B,1,1.95,,
549145.0,22423,4,51.0,,
549146.0,21212,24,13.2,,
549147.0,22086,2,5.9,,
549148.0,22383,6,9.9,,
549149.0,85123A,1,2.55,,
549150.0,22383,6,9.9,,
549151.0,21212,4,2.2,,
549152.0,22720,4,19.8,,
549153.0,22383,1,1.65,,
549154.0,22720,1,4.95,,
549155.0,47566,4,19.8,,
549156.0,22383,4,6.6,,
549157.0,85099B,2,3.9,,
549158.0,22720,1,4.95,,
549159.0,22423,4,51.0,,
549160.0,84879,1,1.69,,
112795.0,22086,1,0.0,,
549162.0,22720,12,59.4,,
549163.0,85123A,2,5.1,,
549164.0,21212,1,0.55,,
549165.0,22423,1,12.75,,
549166.0,22423,6,76.5,,
549167.0,85123A,4,10.2,,
549168.0,22720,1,4.95,,
549169.0,22086,2,5.9,,
549170.0,85123A,2,5.1,,
549171.0,22423,6,76.5,,
549172.0,47566,6,29.7,,
549173.0,21212,1,0.55,,
549174.0,21212,4,2.2,,
549175.0,21212,2,1.1,,
549176.0,85099B,2,3.9,,
112811.0,47566,1,0.0,,
549178.0,84879,1,1.69,,
549179.0,47566,2,9.9,,
549180.0,22383,12,19.8,,
549181.0,84879,6,10.14,,
549182.0,22383,4,6.6,,
549183.0,22383,2,3.3,,
549184.0,22086,6,17.7,,
549185.0,POST,1,18.0,,
549186.0,22383,6,9.9,,
549187.0,85123A,2,5.1,,
549188.0,22423,2,25.5,,
549189.0,47566,1,4.95,,
549190.0,85123A,2,5.1,,
549191.0,POST,1,18.0,,
549192.0,22423,4,51.0,,
549193.0,POST,1,18.0,,
549194.0,POST,2,36.0,,
549195.0,22720,6,29.7,,
549196.0,22720,4,19.8,,
549197.0,21212,12,6.6,,
549198.0,21212,4,2.2,,
549199.0,22383,1,1.65,,
549200.0,22086,6,17.7,,
549201.0,22423,1,12.75,,
549202.0,22720,1,4.95,,
549203.0,47566,4,19.8,,
549204.0,22086,12,35.4,,
549205.0,22423,6,76.5,,
549206.0,85123A,6,15.3,,
549207.0,POST,2,36.0,,
549208.0,22423,1,12.75,,
549209.0,85123A,2,5.1,,
112844.0,21212,1,0.0,,
549211.0,47566,4,19.8,,
549212.0,84879,2,3.38,,
549213.0,22423,1,12.75,,
549214.0,84879,1,1.69,,
549215.0,21212,12,6.6,,
549216.0,22423,24,306.0,,
549217.0,22423,1,12.75,,
549218.0,22720,1,4.95,,
549219.0,22086,1,2.95,,
549220.0,85099B,4,7.8,,
549221.0,22423,1,12.75,,
549222.0,22383,1,1.65,,
549223.0,22720,4,19.8,,
549224.0,22383,1,1.65,,
549225.0,84879,2,3.38,,
549226.0,22720,1,4.95,,
549227.0,84879,4,6.76,,
549228.0,22720,6,29.7,,
549229.0,22383,6,9.9,,
112864.0,84879,1,0.0,,
549231.0,22086,1,2.95,,
549232.0,22720,1,4.95,,
549233.0,85123A,2,5.1,,
549234.0,21212,6,3.3,,
549235.0,22423,4,51.0,,
549236.0,POST,24,432.0,,
549237.0,84879,6,10.14,,
549238.0,POST,6,108.0,,
549239.0,22423,6,76.5,,
549240.0,POST,2,36.0,,
549241.0,22086,6,17.7,,
549242.0,47566,1,4.95,,
549243.0,22383,2,3.3,,
549244.0,85099B,2,3.9,,
549245.0,84879,1,1.69,,
549246.0,85123A,1,2.55,,
549247.0,22720,1,4.95,,
549248.0,22086,2,5.9,,
549249.0,21212,2,1.1,,
549250.0,85123A,1,2.55,,
549251.0,85099B,1,1.95,,
112886.0,22086,1,0.0,,
549253.0,22086,6,17.7,,
549254.0,21212,2,1.1,,
549255.0,21212,2,1.1,,
549256.0,POST,1,18.0,,
549257.0,85123A,6,15.3,,
549258.0,85099B,1,1.95,,
549259.0,84879,4,6.76,,
549260.0,47566,6,29.7,,
549261.0,85123A,1,2.55,,
549262.0,84879,1,1.69,,
549263.0,85099B,6,11.7,,
549264.0,22086,4,11.8,,
549265.0,84879,12,20.28,,
549266.0,POST,1,18.0,,
549267.0,22720,12,59.4,,
549268.0,POST,1,18.0,,
549269.0,22383,6,9.9,,
549270.0,85123A,1,2.55,,
549271.0,22423,1,12.75,,
549272.0,22423,4,51.0,,
549273.0,22720,2,9.9,,
549274.0,84879,2,3.38,,
549275.0,47566,2,9.9,,
549276.0,84879,1,1.69,,
549277.0,85123A,4,10.2,,
549278.0,84879,1,1.69,,
549279.0,POST,1,18.0,,
549280.0,21212,2,1.1,,
549281.0,22720,1,4.95,,
549282.0,84879,12,20.28,,
112917.0,47566,1,0.0,,
549284.0,85123A,2,5.1,,
549285.0,22720,1,4.95,,
549286.0,22086,1,2.95,,
549287.0,85123A,2,5.1,,
549288.0,84879,2,3.38,,
549289.0,22383,2,3.3,,
549290.0,22720,2,9.9,,
549291.0,85123A,2,5.1,,
549292.0,POST,4,72.0,,
549293.0,22383,1,1.65,,
549294.0,84879,12,20.28,,
549295.0,22720,6,29.7,,
549296.0,22720,1,4.95,,
549297.0,47566,2,9.9,,
549298.0,21212,6,3.3,,
549299.0,85099B,2,3.9,,
549300.0,22720,6,29.7,,
549301.0,85099B,2,3.9,,
549302.0,POST,1,18.0,,
549303.0,21212,6,3.3,,
549304.0,POST,6,108.0,,
549305.0,POST,12,216.0,,
549306.0,84879,1,1.69,,
549307.0,21212,6,3.3,,
549308.0,47566,6,29.7,,
549309.0,84879,24,40.56,,
549310.0,85123A,1,2.55,,
549311.0,22720,1,4.95,,
549312.0,21212,1,0.55,,
549313.0,22383,6,9.9,,
549314.0,85123A,4,10.2,,
549315.0,22086,6,17.7,,
549316.0,22720,1,4.95,,
549317.0,22720,1,4.95,,
549318.0,84879,2,3.38,,
549319.0,POST,2,36.0,,
549320.0,POST,6,108.0,,
112955.0,84879,1,0.0,,
549322.0,22383,2,3.3,,
549323.0,22383,2,3.3,,
549324.0,22086,6,17.7,,
549325.0,21212,2,1.1,,
549326.0,22383,4,6.6,,
549327.0,22086,1,2.95,,
549328.0,22423,2,25.5,,
549329.0,22383,2,3.3,,
549330.0,84879,4,6.76,,
549331.0,85123A,1,2.55,,
549332.0,22383,4,6.6,,
549333.0,85123A,1,2.55,,
549334.0,22423,2,25.5,,
549335.0,47566,12,59.4,,
549336.0,85099B,1,1.95,,
549337.0,85123A,4,10.2,,
549338.0,21212,2,1.1,,
549339.0,84879,2,3.38,,
549340.0,22383,6,9.9,,
549341.0,21212,1,0.55,,
549342.0,22086,1,2.95,,
549343.0,22423,2,25.5,,
549344.0,47566,6,29.7,,
549345.0,85123A,4,10.2,,
549346.0,POST,6,108.0,,
549347.0,22086,6,17.7,,
549348.0,84879,6,10.14,,
549349.0,85099B,1,1.95,,
549350.0,47566,6,29.7,,
549351.0,85123A,1,2.55,,
549352.0,POST,1,18.0,,
549353.0,84879,6,10.14,,
549354.0,85123A,1,2.55,,
549355.0,22086,6,17.7,,
549356.0,22383,4,6.6,,
549357.0,22086,1,2.95,,
549358.0,85123A,1,2.55,,
549359.0,85123A,1,2.55,,
549360.0,85099B,1,1.95,,
549361.0,POST,1,18.0,,
549362.0,85099B,12,23.4,,
549363.0,84879,6,10.14,,
549364.0,22423,12,153.0,,
549365.0,22423,2,25.5,,
549366.0,22720,1,4.95,,
549367.0,84879,1,1.69,,
549368.0,85123A,4,10.2,,
549369.0,POST,4,72.0,,
549370.0,85123A,4,10.2,,
549371.0,85123A,4,10.2,,
549372.0,85123A,24,61.2,,
549373.0,21212,1,0.55,,
549374.0,84879,1,1.69,,
549375.0,POST,1,18.0,,
549376.0,85099B,1,1.95,,
549377.0,POST,2,36.0,,
113012.0,21212,1,0.0,,
549379.0,84879,6,10.14,,
549380.0,21212,2,1.1,,
549381.0,21212,4,2.2,,
549382.0,21212,4,2.2,,
549383.0,POST,1,18.0,,
549384.0,22383,6,9.9,,
549385.0,22423,1,12.75,,
549386.0,85099B,12,23.4,,
549387.0,22720,6,29.7,,
549388.0,85099B,6,11.7,,
549389.0,POST,2,36.0,,
549390.0,22423,12,153.0,,
549391.0,22423,1,12.75,,
549392.0,21212,2,1.1,,
549393.0,85123A,6,15.3,,
549394.0,22423,1,12.75,,
549395.0,22086,1,2.95,,
549396.0,84879,4,6.76,,
549397.0,22423,1,12.75,,
549398.0,47566,4,19.8,,
549399.0,POST,12,216.0,,
549400.0,POST,1,18.0,,
549401.0,21212,4,2.2,,
549402.0,22423,6,76.5,,
549403.0,85123A,1,2.55,,
549404.0,POST,2,36.0,,
549405.0,22720,1,4.95,,
549406.0,POST,1,18.0,,
549407.0,84879,6,10.14,,
549408.0,85099B,12,23.4,,
549409.0,85099B,4,7.8,,
549410.0,22383,6,9.9,,
549411.0,22086,6,17.7,,
549412.0,85123A,2,5.1,,
549413.0,POST,1,18.0,,
549414.0,22423,4,51.0,,
549415.0,22383,6,9.9,,
549416.0,22423,2,25.5,,
549417.0,POST,4,72.0,,
549418.0,85123A,1,2.55,,
549419.0,21212,1,0.55,,
549420.0,47566,1,4.95,,
549421.0,22720,1,4.95,,
549422.0,47566,2,9.9,,
549423.0,21212,6,3.3,,
549424.0,22423,1,12.75,,
549425.0,85123A,1,2.55,,
549426.0,22423,2,25.5,,
549427.0,22720,1,4.95,,
549428.0,22720,4,19.8,,
549429.0,22423,2,25.5,,
549430.0,POST,6,108.0,,
549431.0,22423,1,12.75,,
549432.0,47566,2,9.9,,
113067.0,85099B,1,0.0,,
549434.0,22383,2,3.3,,
549435.0,22423,2,25.5,,
549436.0,84879,2,3.38,,
549437.0,47566,2,9.9,,
549438.0,85123A,4,10.2,,
549439.0,21212,6,3.3,,
549440.0,85123A,2,5.1,,
549441.0,22720,2,9.9,,
549442.0,22423,4,51.0,,
549443.0,22423,1,12.75,,
549444.0,47566,1,4.95,,
549445.0,22383,1,1.65,,
549446.0,21212,2,1.1,,
113081.0,47566,1,0.0,,
549448.0,22423,4,51.0,,
549449.0,22720,1,4.95,,
549450.0,22720,4,19.8,,
549451.0,85123A,1,2.55,,
549452.0,22423,1,12.75,,
549453.0,22086,1,2.95,,
549454.0,POST,2,36.0,,
549455.0,47566,1,4.95,,
549456.0,47566,1,4.95,,
549457.0,22720,1,4.95,,
549458.0,22383,1,1.65,,
549459.0,22423,4,51.0,,
549460.0,21212,1,0.55,,
549461.0,22423,6,76.5,,
549462.0,84879,4,6.76,,
549463.0,85123A,2,5.1,,
549464.0,22720,4,19.8,,
549465.0,84879,4,6.76,,
113100.0,22720,1,0.0,,
549467.0,85123A,1,2.55,,
549468.0,47566,6,29.7,,
549469.0,21212,1,0.55,,
549470.0,22720,4,19.8,,
549471.0,22086,6,17.7,,
549472.0,22720,12,59.4,,
549473.0,POST,6,108.0,,
549474.0,21212,2,1.1,,
549475.0,22720,1,4.95,,
549476.0,21212,2,1.1,,
549477.0,22383,2,3.3,,
549478.0,POST,4,72.0,,
549479.0,22423,1,12.75,,
549480.0,84879,1,1.69,,
549481.0,47566,1,4.95,,
549482.0,85099B,2,3.9,,
549483.0,85099B,6,11.7,,
549484.0,22423,4,51.0,,
549485.0,22383,1,1.65,,
549486.0,47566,2,9.9,,
549487.0,85099B,4,7.8,,
549488.0,22383,4,6.6,,
549489.0,84879,6,10.14,,
549490.0,47566,1,4.95,,
549491.0,22086,12,35.4,,
549492.0,POST,6,108.0,,
549493.0,22383,4,6.6,,
549494.0,22423,2,25.5,,
549495.0,22720,24,118.8,,
549496.0,POST,12,216.0,,
549497.0,21212,2,1.1,,
549498.0,85123A,2,5.1,,
549499.0,21212,12,6.6,,
549500.0,85099B,12,23.4,,
549501.0,22086,1,2.95,,
549502.0,POST,1,18.0,,
549503.0,47566,6,29.7,,
549504.0,22720,6,29.7,,
549505.0,85099B,1,1.95,,
549506.0,22423,1,12.75,,
549507.0,22383,4,6.6,,
549508.0,POST,2,36.0,,
549509.0,47566,1,4.95,,
549510.0,21212,1,0.55,,
549511.0,22383,2,3.3,,
549512.0,22720,1,4.95,,
549513.0,84879,1,1.69,,
113148.0,85099B,1,0.0,,
549515.0,21212,2,1.1,,
549516.0,85099B,2,3.9,,
549517.0,22086,1,2.95,,
549518.0,POST,4,72.0,,
549519.0,22720,6,29.7,,
549520.0,22086,4,11.8,,
549521.0,47566,6,29.7,,
549522.0,85099B,1,1.95,,
549523.0,47566,2,9.9,,
549524.0,22423,12,153.0,,
549525.0,22086,1,2.95,,
549526.0,POST,1,18.0,,
549527.0,85123A,1,2.55,,
549528.0,22423,12,153.0,,
549529.0,84879,4,6.76,,
549530.0,84879,1,1.69,,
549531.0,85123A,1,2.55,,
549532.0,22383,2,3.3,,
549533.0,22383,2,3.3,,
549534.0,85099B,4,7.8,,
549535.0,21212,4,2.2,,
549536.0,21212,1,0.55,,
549537.0,47566,4,19.8,,
549538.0,22383,4,6.6,,
549539.0,85123A,2,5.1,,
549540.0,POST,2,36.0,,
549541.0,POST,6,108.0,,
549542.0,21212,12,6.6,,
549543.0,84879,2,3.38,,
549544.0,85099B,4,7.8,,
549545.0,22423,4,51.0,,
549546.0,22423,1,12.75,,
549547.0,85123A,1,2.55,,
549548.0,21212,1,0.55,,
549549.0,47566,1,4.95,,
549550.0,85123A,2,5.1,,
549551.0,POST,6,108.0,,
549552.0,85123A,1,2.55,,
549553.0,85123A,4,10.2,,
549554.0,85099B,1,1.95,,
549555.0,85123A,2,5.1,,
549556.0,22086,4,11.8,,
549557.0,85123A,1,2.55,,
549558.0,POST,6,108.0,,
549559.0,21212,4,2.2,,
549560.0,POST,12,216.0,,
549561.0,84879,4,6.76,,
549562.0,POST,1,18.0,,
549563.0,POST,4,72.0,,
549564.0,21212,1,0.55,,
549565.0,85123A,6,15.3,,
549566.0,84879,1,1.69,,
113201.0,85123A,1,0.0,,
549568.0,47566,4,19.8,,
549569.0,22383,2,3.3,,
549570.0,22423,1,12.75,,
549571.0,85123A,1,2.55,,
549572.0,22086,6,17.7,,
549573.0,22086,6,17.7,,
549574.0,84879,1,1.69,,
549575.0,85099B,1,1.95,,
549576.0,POST,2,36.0,,
549577.0,47566,1,4.95,,
549578.0,22383,4,6.6,,
549579.0,POST,4,72.0,,
549580.0,47566,2,9.9,,
549581.0,22720,1,4.95,,
549582.0,21212,2,1.1,,
549583.0,85099B,4,7.8,,
549584.0,POST,1,18.0,,
549585.0,22720,2,9.9,,
549586.0,84879,1,1.69,,
549587.0,21212,2,1.1,,
549588.0,22086,1,2.95,,
549589.0,22086,12,35.4,,
549590.0,22423,4,51.0,,
549591.0,21212,2,1.1,,
549592.0,84879,2,3.38,,
549593.0,22423,6,76.5,,
549594.0,22383,1,1.65,,
549595.0,22383,1,1.65,,
549596.0,22086,1,2.95,,
549597.0,22086,1,2.95,,
549598.0,22086,6,17.7,,
549599.0,21212,6,3.3,,
549600.0,85123A,2,5.1,,
549601.0,POST,12,216.0,,
549602.0,85123A,24,61.2,,
549603.0,85099B,2,3.9,,
549604.0,47566,1,4.95,,
549605.0,22720,1,4.95,,
549606.0,22086,6,17.7,,
549607.0,22720,1,4.95,,
549608.0,POST,12,216.0,,
549609.0,22086,1,2.95,,
549610.0,22383,1,1.65,,
549611.0,85123A,1,2.55,,
549612.0,22086,12,35.4,,
549613.0,POST,1,18.0,,
549614.0,22086,12,35.4,,
549615.0,22086,1,2.95,,
549616.0,22383,6,9.9,,
549617.0,22423,4,51.0,,
549618.0,22086,4,11.8,,
549619.0,21212,6,3.3,,
549620.0,22423,1,12.75,,
549621.0,84879,6,10.14,,
549622.0,22383,1,1.65,,
549623.0,22086,2,5.9,,
549624.0,85123A,2,5.1,,
549625.0,22383,6,9.9,,
113260.0,22423,1,0.0,,
549627.0,POST,4,72.0,,
549628.0,85123A,6,15.3,,
549629.0,22086,1,2.95,,
549630.0,22423,2,25.5,,
549631.0,84879,1,1.69,,
549632.0,POST,12,216.0,,
549633.0,21212,6,3.3,,
549634.0,22423,1,12.75,,
549635.0,84879,6,10.14,,
549636.0,22423,6,76.5,,
549637.0,POST,6,108.0,,
549638.0,84879,12,20.28,,
549639.0,22720,12,59.4,,
549640.0,21212,6,3.3,,
549641.0,22086,2,5.9,,
549642.0,85123A,12,30.6,,
549643.0,22720,1,4.95,,
549644.0,22086,1,2.95,,
549645.0,22720,4,19.8,,
549646.0,POST,4,72.0,,
113281.0,22720,1,0.0,,
549648.0,84879,1,1.69,,
549649.0,85123A,4,10.2,,
549650.0,21212,4,2.2,,
549651.0,47566,2,9.9,,
549652.0,22086,24,70.8,,
549653.0,21212,2,1.1,,
549654.0,22720,12,59.4,,
549655.0,85099B,6,11.7,,
549656.0,47566,1,4.95,,
549657.0,84879,4,6.76,,
549658.0,22383,6,9.9,,
549659.0,POST,1,18.0,,
549660.0,22086,4,11.8,,
549661.0,22383,2,3.3,,
549662.0,21212,4,2.2,,
549663.0,84879,2,3.38,,
549664.0,47566,6,29.7,,
549665.0,22720,6,29.7,,
549666.0,22086,4,11.8,,
549667.0,22086,2,5.9,,
549668.0,47566,6,29.7,,
549669.0,22720,6,29.7,,
549670.0,85123A,12,30.6,,
549671.0,47566,4,19.8,,
549672.0,22383,1,1.65,,
549673.0,POST,4,72.0,,
549674.0,22720,12,59.4,,
549675.0,21212,2,1.1,,
549676.0,84879,1,1.69,,
549677.0,POST,12,216.0,,
549678.0,85099B,1,1.95,,
549679.0,47566,1,4.95,,
549680.0,85099B,1,1.95,,
549681.0,84879,12,20.28,,
549682.0,84879,2,3.38,,
549683.0,85123A,1,2.55,,
549684.0,22086,2,5.9,,
549685.0,22383,1,1.65,,
549686.0,22086,1,2.95,,
549687.0,22383,1,1.65,,
549688.0,84879,6,10.14,,
549689.0,85123A,6,15.3,,
549690.0,22423,1,12.75,,
549691.0,85123A,2,5.1,,
549692.0,85099B,1,1.95,,
549693.0,21212,2,1.1,,
549694.0,21212,2,1.1,,
549695.0,22423,2,25.5,,
549696.0,22086,4,11.8,,
549697.0,22383,1,1.65,,
549698.0,22086,1,2.95,,
549699.0,47566,1,4.95,,
549700.0,POST,1,18.0,,
549701.0,22720,2,9.9,,
549702.0,22383,2,3.3,,
549703.0,21212,1,0.55,,
549704.0,21212,1,0.55,,
549705.0,85123A,1,2.55,,
549706.0,21212,2,1.1,,
549707.0,21212,1,0.55,,
549708.0,84879,1,1.69,,
549709.0,85123A,6,15.3,,
549710.0,21212,1,0.55,,
549711.0,84879,2,3.38,,
549712.0,22423,1,12.75,,
549713.0,22423,1,12.75,,
549714.0,POST,2,36.0,,
549715.0,22086,2,5.9,,
549716.0,85099B,12,23.4,,
549717.0,85099B,2,3.9,,
549718.0,47566,2,9.9,,
549719.0,47566,4,19.8,,
113354.0,22086,1,0.0,,
549721.0,POST,4,72.0,,
549722.0,22383,6,9.9,,
549723.0,22720,4,19.8,,
549724.0,84879,6,10.14,,
549725.0,22423,24,306.0,,
549726.0,22423,2,25.5,,
549727.0,22383,2,3.3,,
549728.0,22383,4,6.6,,
549729.0,47566,1,4.95,,
549730.0,84879,2,3.38,,
549731.0,85123A,24,61.2,,
549732.0,47566,1,4.95,,
549733.0,POST,6,108.0,,
549734.0,21212,6,3.3,,
549735.0,22720,4,19.8,,
549736.0,21212,1,0.55,,
549737.0,47566,1,4.95,,
549738.0,84879,1,1.69,,
549739.0,21212,2,1.1,,
549740.0,84879,6,10.14,,
549741.0,85123A,2,5.1,,
549742.0,22383,6,9.9,,
549743.0,22383,4,6.6,,
549744.0,POST,1,18.0,,
549745.0,22720,12,59.4,,
549746.0,85123A,2,5.1,,
549747.0,22720,12,59.4,,
549748.0,84879,2,3.38,,
549749.0,21212,1,0.55,,
549750.0,85123A,1,2.55,,
549751.0,22720,4,19.8,,
549752.0,21212,2,1.1,,
549753.0,84879,2,3.38,,
549754.0,85099B,12,23.4,,
549755.0,22086,1,2.95,,
549756.0,85099B,4,7.8,,
549757.0,22383,1,1.65,,
549758.0,22720,1,4.95,,
549759.0,22086,4,11.8,,
549760.0,85099B,1,1.95,,
549761.0,47566,4,19.8,,
549762.0,47566,1,4.95,,
549763.0,22086,2,5.9,,
113398.0,POST,1,0.0,,
549765.0,84879,2,3.38,,
549766.0,22423,6,76.5,,
549767.0,85123A,1,2.55,,
549768.0,POST,1,18.0,,
549769.0,22423,2,25.5,,
549770.0,85099B,2,3.9,,
549771.0,22086,4,11.8,,
549772.0,21212,1,0.55,,
549773.0,22423,1,12.75,,
549774.0,POST,2,36.0,,
549775.0,22720,2,9.9,,
549776.0,22086,2,5.9,,
113411.0,85123A,1,0.0,,
549778.0,47566,1,4.95,,
549779.0,84879,4,6.76,,
549780.0,POST,1,18.0,,
549781.0,21212,2,1.1,,
549782.0,85099B,1,1.95,,
549783.0,22423,1,12.75,,
549784.0,POST,2,36.0,,
549785.0,85099B,6,11.7,,
549786.0,22383,1,1.65,,
549787.0,22423,2,25.5,,
549788.0,22383,1,1.65,,
549789.0,22383,2,3.3,,
549790.0,22383,1,1.65,,
549791.0,22423,1,12.75,,
549792.0,22720,4,19.8,,
549793.0,22383,12,19.8,,
549794.0,22086,1,2.95,,
549795.0,47566,2,9.9,,
549796.0,21212,6,3.3,,
549797.0,POST,1,18.0,,
549798.0,22423,12,153.0,,
549799.0,47566,2,9.9,,
549800.0,84879,2,3.38,,
549801.0,22383,1,1.65,,
549802.0,22086,2,5.9,,
549803.0,POST,6,108.0,,
549804.0,22720,6,29.7,,
549805.0,84879,1,1.69,,
549806.0,22720,2,9.9,,
549807.0,85123A,6,15.3,,
549808.0,84879,2,3.38,,
549809.0,47566,2,9.9,,
549810.0,47566,12,59.4,,
549811.0,21212,1,0.55,,
549812.0,85123A,4,10.2,,
549813.0,22423,2,25.5,,
549814.0,22086,2,5.9,,
549815.0,47566,1,4.95,,
549816.0,47566,1,4.95,,
549817.0,22720,1,4.95,,
549818.0,22086,2,5.9,,
549819.0,22720,4,19.8,,
549820.0,85099B,1,1.95,,
549821.0,47566,2,9.9,,
549822.0,22086,2,5.9,,
549823.0,22383,1,1.65,,
549824.0,22086,4,11.8,,
549825.0,22423,1,12.75,,
549826.0,22086,2,5.9,,
549827.0,22383,12,19.8,,
549828.0,22383,12,19.8,,
549829.0,22086,2,5.9,,
549830.0,22086,12,35.4,,
549831.0,22383,1,1.65,,
549832.0,21212,6,3.3,,
549833.0,85099B,1,1.95,,
549834.0,47566,2,9.9,,
549835.0,22423,6,76.5,,
549836.0,21212,2,1.1,,
549837.0,21212,2,1.1,,
549838.0,84879,4,6.76,,
549839.0,47566,6,29.7,,
549840.0,21212,1,0.55,,
549841.0,22720,1,4.95,,
549842.0,22383,6,9.9,,
549843.0,22423,1,12.75,,
549844.0,84879,1,1.69,,
549845.0,22383,1,1.65,,
549846.0,22720,1,4.95,,
549847.0,22720,1,4.95,,
549848.0,85099B,1,1.95,,
549849.0,22423,2,25.5,,
549850.0,22086,4,11.8,,
549851.0,85123A,12,30.6,,
549852.0,21212,6,3.3,,
549853.0,84879,4,6.76,,
549854.0,POST,2,36.0,,
549855.0,POST,1,18.0,,
549856.0,22720,1,4.95,,
549857.0,22383,2,3.3,,
549858.0,47566,12,59.4,,
549859.0,85099B,6,11.7,,
113494.0,85099B,1,0.0,,
549861.0,85123A,6,15.3,,
549862.0,22383,12,19.8,,
549863.0,22086,1,2.95,,
549864.0,22383,1,1.65,,
549865.0,22720,4,19.8,,
549866.0,22383,2,3.3,,
549867.0,85099B,6,11.7,,
549868.0,POST,2,36.0,,
549869.0,21212,2,1.1,,
549870.0,22086,1,2.95,,
549871.0,85123A,2,5.1,,
549872.0,22720,6,29.7,,
549873.0,22423,1,12.75,,
549874.0,22383,1,1.65,,
549875.0,21212,1,0.55,,
549876.0,22423,12,153.0,,
549877.0,84879,2,3.38,,
549878.0,22383,12,19.8,,
549879.0,22720,4,19.8,,
549880.0,85099B,1,1.95,,
549881.0,21212,1,0.55,,
549882.0,47566,12,59.4,,
549883.0,22086,2,5.9,,
549884.0,POST,12,216.0,,
549885.0,85123A,4,10.2,,
549886.0,22423,2,25.5,,
549887.0,21212,1,0.55,,
549888.0,21212,1,0.55,,
549889.0,22383,1,1.65,,
113524.0,22423,1,0.0,,
549891.0,84879,1,1.69,,
549892.0,22423,1,12.75,,
549893.0,21212,1,0.55,,
549894.0,85099B,1,1.95,,
549895.0,85099B,4,7.8,,
549896.0,22423,6,76.5,,
549897.0,22720,1,4.95,,
549898.0,22720,2,9.9,,
549899.0,47566,6,29.7,,
549900.0,22720,4,19.8,,
549901.0,84879,6,10.14,,
549902.0,21212,2,1.1,,
549903.0,84879,6,10.14,,
549904.0,47566,2,9.9,,
549905.0,22086,1,2.95,,
549906.0,85099B,2,3.9,,
549907.0,85123A,1,2.55,,
549908.0,POST,12,216.0,,
549909.0,21212,2,1.1,,
549910.0,85099B,2,3.9,,
549911.0,84879,12,20.28,,
549912.0,22423,6,76.5,,
549913.0,85099B,1,1.95,,
549914.0,47566,6,29.7,,
549915.0,84879,2,3.38,,
549916.0,84879,12,20.28,,
549917.0,22086,1,2.95,,
549918.0,85123A,4,10.2,,
549919.0,22423,12,153.0,,
549920.0,85099B,6,11.7,,
549921.0,85123A,12,30.6,,
549922.0,22720,1,4.95,,
113557.0,85099B,1,0.0,,
549924.0,22383,2,3.3,,
549925.0,21212,6,3.3,,
549926.0,22086,2,5.9,,
549927.0,84879,1,1.69,,
549928.0,22383,1,1.65,,
549929.0,22383,2,3.3,,
549930.0,22086,1,2.95,,
549931.0,21212,6,3.3,,
549932.0,22423,1,12.75,,
549933.0,22383,1,1.65,,
549934.0,85123A,4,10.2,,
549935.0,85099B,1,1.95,,
549936.0,85123A,6,15.3,,
549937.0,22086,1,2.95,,
549938.0,47566,1,4.95,,
549939.0,85123A,6,15.3,,
549940.0,22086,1,2.95,,
549941.0,84879,4,6.76,,
549942.0,85123A,1,2.55,,
549943.0,84879,4,6.76,,
549944.0,47566,1,4.95,,
549945.0,22720,1,4.95,,
549946.0,85123A,1,2.55,,
549947.0,22086,6,17.7,,
549948.0,85123A,1,2.55,,
549949.0,47566,1,4.95,,
549950.0,21212,4,2.2,,
549951.0,22720,2,9.9,,
549952.0,22423,12,153.0,,
549953.0,22383,2,3.3,,
549954.0,POST,4,72.0,,
549955.0,84879,2,3.38,,
549956.0,85099B,1,1.95,,
549957.0,85123A,1,2.55,,
549958.0,22383,2,3.3,,
549959.0,84879,1,1.69,,
549960.0,85123A,12,30.6,,
549961.0,85099B,1,1.95,,
549962.0,84879,1,1.69,,
549963.0,22086,1,2.95,,
549964.0,21212,2,1.1,,
549965.0,22383,1,1.65,,
549966.0,21212,4,2.2,,
549967.0,85099B,1,1.95,,
549968.0,84879,2,3.38,,
549969.0,22720,2,9.9,,
549970.0,84879,4,6.76,,
549971.0,22423,6,76.5,,
549972.0,POST,6,108.0,,
549973.0,21212,1,0.55,,
549974.0,22383,6,9.9,,
549975.0,47566,1,4.95,,
549976.0,22423,1,12.75,,
549977.0,21212,6,3.3,,
113612.0,22383,1,0.0,,
549979.0,85123A,4,10.2,,
549980.0,22383,2,3.3,,
549981.0,85099B,1,1.95,,
549982.0,85123A,1,2.55,,
549983.0,22086,2,5.9,,
549984.0,85099B,12,23.4,,
549985.0,22383,12,19.8,,
549986.0,21212,12,6.6,,
549987.0,POST,2,36.0,,
549988.0,47566,4,19.8,,
549989.0,47566,6,29.7,,
549990.0,84879,2,3.38,,
549991.0,21212,4,2.2,,
549992.0,84879,2,3.38,,
549993.0,47566,1,4.95,,
549994.0,22086,1,2.95,,
549995.0,22423,4,51.0,,
549996.0,POST,1,18.0,,
549997.0,47566,1,4.95,,
549998.0,47566,1,4.95,,
549999.0,POST,12,216.0,,
550000.0,85123A,6,15.3,,
550001.0,22086,6,17.7,,
550002.0,22086,24,70.8,,
550003.0,84879,1,1.69,,
550004.0,POST,6,108.0,,
550005.0,85123A,4,10.2,,
550006.0,22720,12,59.4,,
550007.0,21212,6,3.3,,
550008.0,47566,12,59.4,,
550009.0,22086,1,2.95,,
550010.0,85123A,2,5.1,,
550011.0,22423,2,25.5,,
550012.0,47566,1,4.95,,
550013.0,22383,6,9.9,,
550014.0,22086,6,17.7,,
550015.0,47566,6,29.7,,
550016.0,85123A,2,5.1,,
550017.0,47566,2,9.9,,
550018.0,22423,2,25.5,,
550019.0,22383,2,3.3,,
550020.0,85099B,2,3.9,,
550021.0,22383,2,3.3,,
550022.0,85099B,2,3.9,,
550023.0,22383,12,19.8,,
550024.0,22423,4,51.0,,
550025.0,85123A,2,5.1,,
550026.0,22720,12,59.4,,
550027.0,85123A,2,5.1,,
550028.0,22423,6,76.5,,
550029.0,22383,6,9.9,,
550030.0,84879,6,10.14,,
550031.0,22086,1,2.95,,
550032.0,84879,12,20.28,,
550033.0,85123A,6,15.3,,
550034.0,85123A,1,2.55,,
550035.0,84879,2,3.38,,
550036.0,21212,12,6.6,,
550037.0,22423,2,25.5,,
550038.0,POST,6,108.0,,
550039.0,21212,1,0.55,,
550040.0,47566,6,29.7,,
550041.0,22720,2,9.9,,
550042.0,84879,4,6.76,,
550043.0,22720,1,4.95,,
550044.0,84879,6,10.14,,
550045.0,22086,2,5.9,,
550046.0,85099B,12,23.4,,
550047.0,22423,2,25.5,,
550048.0,22423,1,12.75,,
550049.0,22720,1,4.95,,
550050.0,22720,6,29.7,,
550051.0,84879,1,1.69,,
550052.0,22423,1,12.75,,
550053.0,84879,2,3.38,,
550054.0,22086,1,2.95,,
550055.0,22423,4,51.0,,
550056.0,22423,2,25.5,,
550057.0,85099B,1,1.95,,
550058.0,22086,1,2.95,,
550059.0,84879,2,3.38,,
550060.0,84879,1,1.69,,
550061.0,22720,1,4.95,,
550062.0,22423,1,12.75,,
550063.0,POST,6,108.0,,
550064.0,22720,1,4.95,,
550065.0,POST,12,216.0,,
550066.0,84879,4,6.76,,
550067.0,22086,4,11.8,,
550068.0,21212,2,1.1,,
550069.0,22720,1,4.95,,
550070.0,22086,1,2.95,,
550071.0,22720,1,4.95,,
550072.0,85099B,12,23.4,,
550073.0,21212,2,1.1,,
550074.0,22383,4,6.6,,
550075.0,21212,1,0.55,,
550076.0,84879,1,1.69,,
550077.0,84879,12,20.28,,
550078.0,21212,2,1.1,,
550079.0,22086,12,35.4,,
550080.0,22423,4,51.0,,
550081.0,47566,2,9.9,,
550082.0,85099B,2,3.9,,
550083.0,85099B,1,1.95,,
550084.0,85099B,1,1.95,,
550085.0,47566,4,19.8,,
550086.0,47566,6,29.7,,
550087.0,21212,6,3.3,,
550088.0,47566,6,29.7,,
550089.0,22423,2,25.5,,
550090.0,22086,1,2.95,,
550091.0,22383,6,9.9,,
550092.0,22383,24,39.6,,
550093.0,21212,12,6.6,,
550094.0,84879,6,10.14,,
550095.0,85123A,1,2.55,,
550096.0,47566,2,9.9,,
550097.0,85123A,1,2.55,,
550098.0,22086,2,5.9,,
550099.0,85099B,1,1.95,,
550100.0,22423,1,12.75,,
550101.0,22383,6,9.9,,
550102.0,22720,4,19.8,,
550103.0,47566,1,4.95,,
550104.0,POST,12,216.0,,
550105.0,84879,2,3.38,,
550106.0,47566,6,29.7,,
550107.0,21212,24,13.2,,
550108.0,22423,4,51.0,,
113743.0,47566,1,0.0,,
550110.0,22720,1,4.95,,
550111.0,47566,1,4.95,,
113746.0,22383,1,0.0,,
550113.0,POST,1,18.0,,
550114.0,21212,1,0.55,,
550115.0,84879,6,10.14,,
550116.0,85123A,2,5.1,,
550117.0,22720,1,4.95,,
550118.0,22720,2,9.9,,
550119.0,85099B,6,11.7,,
550120.0,21212,1,0.55,,
550121.0,84879,6,10.14,,
550122.0,POST,2,36.0,,
550123.0,84879,2,3.38,,
550124.0,47566,1,4.95,,
550125.0,85099B,24,46.8,,
550126.0,POST,1,18.0,,
550127.0,85123A,2,5.1,,
550128.0,22423,2,25.5,,
550129.0,84879,4,6.76,,
550130.0,84879,6,10.14,,
550131.0,85099B,6,11.7,,
550132.0,85099B,12,23.4,,
550133.0,22086,6,17.7,,
550134.0,22720,2,9.9,,
550135.0,21212,4,2.2,,
550136.0,85123A,1,2.55,,
550137.0,22423,2,25.5,,
550138.0,47566,1,4.95,,
550139.0,22383,1,1.65,,
550140.0,22423,2,25.5,,
550141.0,84879,1,1.69,,
550142.0,POST,4,72.0,,
550143.0,22383,2,3.3,,
550144.0,22383,4,6.6,,
550145.0,85123A,2,5.1,,
550146.0,84879,1,1.69,,
550147.0,POST,1,18.0,,
550148.0,21212,1,0.55,,
550149.0,84879,1,1.69,,
550150.0,21212,1,0.55,,
550151.0,84879,4,6.76,,
550152.0,22720,6,29.7,,
550153.0,85123A,2,5.1,,
550154.0,85099B,2,3.9,,
550155.0,22423,4,51.0,,
550156.0,22086,4,11.8,,
550157.0,84879,6,10.14,,
550158.0,84879,2,3.38,,
550159.0,85123A,1,2.55,,
550160.0,21212,6,3.3,,
550161.0,22720,1,4.95,,
550162.0,22423,6,76.5,,
550163.0,21212,1,0.55,,
550164.0,22086,2,5.9,,
550165.0,22086,6,17.7,,
550166.0,47566,4,19.8,,
550167.0,47566,12,59.4,,
550168.0,22086,2,5.9,,
550169.0,22383,6,9.9,,
550170.0,POST,2,36.0,,
550171.0,POST,2,36.0,,
550172.0,85099B,1,1.95,,
550173.0,22423,1,12.75,,
550174.0,21212,2,1.1,,
550175.0,22720,2,9.9,,
550176.0,84879,2,3.38,,
550177.0,84879,6,10.14,,
550178.0,85099B,2,3.9,,
550179.0,84879,1,1.69,,
550180.0,21212,6,3.3,,
550181.0,22383,1,1.65,,
550182.0,84879,4,6.76,,
550183.0,21212,4,2.2,,
550184.0,85099B,12,23.4,,
550185.0,84879,2,3.38,,
550186.0,22086,1,2.95,,
550187.0,84879,4,6.76,,
550188.0,85123A,4,10.2,,
550189.0,84879,1,1.69,,
550190.0,21212,1,0.55,,
550191.0,22720,4,19.8,,
550192.0,21212,2,1.1,,
550193.0,85123A,6,15.3,,
550194.0,85123A,4,10.2,,
550195.0,85123A,6,15.3,,
550196.0,22383,4,6.6,,
550197.0,21212,2,1.1,,
550198.0,POST,6,108.0,,
550199.0,85099B,2,3.9,,
550200.0,22383,1,1.65,,
550201.0,85099B,1,1.95,,
550202.0,POST,4,72.0,,
550203.0,22423,2,25.5,,
550204.0,47566,6,29.7,,
550205.0,21212,12,6.6,,
550206.0,85123A,1,2.55,,
550207.0,47566,6,29.7,,
550208.0,85099B,6,11.7,,
550209.0,21212,2,1.1,,
550210.0,85123A,24,61.2,,
550211.0,21212,6,3.3,,
550212.0,47566,1,4.95,,
550213.0,22383,4,6.6,,
550214.0,21212,12,6.6,,
550215.0,POST,1,18.0,,
550216.0,85099B,2,3.9,,
550217.0,21212,6,3.3,,
550218.0,22423,2,25.5,,
550219.0,22383,2,3.3,,
550220.0,21212,6,3.3,,
550221.0,85099B,6,11.7,,
550222.0,85099B,1,1.95,,
550223.0,85099B,1,1.95,,
550224.0,22720,1,4.95,,
550225.0,47566,6,29.7,,
550226.0,85099B,1,1.95,,
550227.0,85099B,1,1.95,,
550228.0,22383,1,1.65,,
550229.0,22423,2,25.5,,
550230.0,85099B,2,3.9,,
550231.0,47566,12,59.4,,
550232.0,22423,2,25.5,,
550233.0,22086,6,17.7,,
550234.0,22086,12,35.4,,
550235.0,22086,1,2.95,,
550236.0,21212,6,3.3,,
550237.0,85123A,2,5.1,,
550238.0,47566,1,4.95,,
550239.0,47566,4,19.8,,
550240.0,84879,12,20.28,,
550241.0,84879,1,1.69,,
550242.0,22086,24,70.8,,
550243.0,POST,2,36.0,,
550244.0,85099B,1,1.95,,
550245.0,22383,2,3.3,,
550246.0,22720,1,4.95,,
550247.0,85099B,2,3.9,,
550248.0,22720,4,19.8,,
550249.0,84879,1,1.69,,
550250.0,22383,4,6.6,,
550251.0,47566,4,19.8,,
550252.0,47566,2,9.9,,
550253.0,22720,2,9.9,,
550254.0,84879,2,3.38,,
550255.0,22423,1,12.75,,
550256.0,21212,2,1.1,,
550257.0,22086,2,5.9,,
550258.0,22086,1,2.95,,
550259.0,84879,1,1.69,,
550260.0,22383,1,1.65,,
550261.0,22086,2,5.9,,
550262.0,22720,1,4.95,,
550263.0,84879,2,3.38,,
550264.0,84879,4,6.76,,
550265.0,84879,1,1.69,,
550266.0,22720,4,19.8,,
550267.0,85099B,2,3.9,,
550268.0,22423,12,153.0,,
550269.0,22383,2,3.3,,
550270.0,85099B,1,1.95,,
550271.0,22086,1,2.95,,
550272.0,22086,2,5.9,,
550273.0,22383,4,6.6,,
550274.0,22720,6,29.7,,
550275.0,84879,1,1.69,,
550276.0,22423,24,306.0,,
550277.0,84879,2,3.38,,
550278.0,21212,1,0.55,,
550279.0,47566,1,4.95,,
550280.0,85099B,4,7.8,,
550281.0,22086,6,17.7,,
550282.0,47566,4,19.8,,
550283.0,84879,1,1.69,,
550284.0,85099B,6,11.7,,
550285.0,POST,2,36.0,,
550286.0,22086,2,5.9,,
113921.0,22720,1,0.0,,
550288.0,85099B,6,11.7,,
550289.0,22383,1,1.65,,
550290.0,22086,2,5.9,,
550291.0,POST,2,36.0,,
550292.0,84879,1,1.69,,
550293.0,POST,2,36.0,,
550294.0,47566,2,9.9,,
550295.0,21212,1,0.55,,
550296.0,85099B,6,11.7,,
550297.0,85099B,2,3.9,,
550298.0,85099B,2,3.9,,
550299.0,85099B,6,11.7,,
550300.0,POST,4,72.0,,
550301.0,22720,1,4.95,,
550302.0,84879,1,1.69,,
550303.0,85099B,1,1.95,,
550304.0,22086,6,17.7,,
550305.0,85099B,4,7.8,,
550306.0,84879,1,1.69,,
550307.0,47566,1,4.95,,
550308.0,22720,4,19.8,,
550309.0,22086,12,35.4,,
550310.0,POST,1,18.0,,
550311.0,22720,6,29.7,,
550312.0,22423,1,12.75,,
550313.0,POST,1,18.0,,
550314.0,47566,1,4.95,,
550315.0,85123A,1,2.55,,
550316.0,84879,12,20.28,,
550317.0,POST,1,18.0,,
550318.0,85123A,4,10.2,,
550319.0,POST,12,216.0,,
550320.0,22720,4,19.8,,
550321.0,22720,4,19.8,,
550322.0,85123A,1,2.55,,
550323.0,85099B,1,1.95,,
550324.0,21212,1,0.55,,
550325.0,85123A,2,5.1,,
550326.0,47566,1,4.95,,
550327.0,22720,1,4.95,,
550328.0,21212,4,2.2,,
550329.0,47566,6,29.7,,
550330.0,85099B,2,3.9,,
113965.0,85099B,1,0.0,,
550332.0,85123A,1,2.55,,
550333.0,21212,1,0.55,,
550334.0,22383,2,3.3,,
550335.0,POST,4,72.0,,
550336.0,84879,2,3.38,,
550337.0,84879,1,1.69,,
550338.0,47566,1,4.95,,
550339.0,22383,6,9.9,,
550340.0,85123A,1,2.55,,
550341.0,POST,2,36.0,,
550342.0,85099B,4,7.8,,
550343.0,85099B,4,7.8,,
550344.0,85099B,2,3.9,,
550345.0,85099B,1,1.95,,
550346.0,21212,4,2.2,,
550347.0,47566,4,19.8,,
550348.0,85099B,12,23.4,,
550349.0,84879,1,1.69,,
550350.0,22423,6,76.5,,
550351.0,85099B,1,1.95,,
550352.0,21212,6,3.3,,
550353.0,22086,2,5.9,,
550354.0,22086,1,2.95,,
550355.0,22423,2,25.5,,
550356.0,22383,12,19.8,,
550357.0,85123A,2,5.1,,
550358.0,47566,2,9.9,,
550359.0,22086,2,5.9,,
550360.0,22423,2,25.5,,
550361.0,22720,1,4.95,,
550362.0,47566,1,4.95,,
550363.0,22720,1,4.95,,
550364.0,22086,1,2.95,,
550365.0,22086,2,5.9,,
550366.0,21212,2,1.1,,
550367.0,85099B,2,3.9,,
114002.0,22720,1,0.0,,
550369.0,85123A,4,10.2,,
550370.0,84879,1,1.69,,
550371.0,POST,2,36.0,,
550372.0,21212,24,13.2,,
550373.0,47566,12,59.4,,
550374.0,22383,2,3.3,,
550375.0,21212,6,3.3,,
550376.0,22086,4,11.8,,
550377.0,22720,2,9.9,,
550378.0,85123A,1,2.55,,
550379.0,POST,1,18.0,,
550380.0,85099B,1,1.95,,
550381.0,22383,1,1.65,,
550382.0,85123A,1,2.55,,
550383.0,85123A,1,2.55,,
550384.0,21212,2,1.1,,
550385.0,47566,1,4.95,,
550386.0,85123A,1,2.55,,
550387.0,47566,2,9.9,,
550388.0,84879,6,10.14,,
550389.0,POST,1,18.0,,
550390.0,22423,6,76.5,,
550391.0,22423,1,12.75,,
550392.0,85123A,6,15.3,,
550393.0,22720,6,29.7,,
550394.0,POST,4,72.0,,
550395.0,22086,2,5.9,,
550396.0,POST,24,432.0,,
550397.0,22086,1,2.95,,
550398.0,POST,2,36.0,,
550399.0,21212,4,2.2,,
550400.0,21212,6,3.3,,
550401.0,22086,4,11.8,,
550402.0,22720,4,19.8,,
550403.0,85123A,1,2.55,,
550404.0,22720,4,19.8,,
550405.0,21212,1,0.55,,
550406.0,85099B,12,23.4,,
550407.0,22720,1,4.95,,
550408.0,21212,2,1.1,,
550409.0,85123A,1,2.55,,
550410.0,22086,1,2.95,,
550411.0,22423,1,12.75,,
550412.0,47566,1,4.95,,
550413.0,22086,2,5.9,,
550414.0,POST,6,108.0,,
550415.0,22383,4,6.6,,
550416.0,22383,4,6.6,,
550417.0,21212,1,0.55,,
550418.0,85099B,1,1.95,,
550419.0,85123A,1,2.55,,
550420.0,47566,6,29.7,,
550421.0,84879,1,1.69,,
550422.0,47566,1,4.95,,
550423.0,22086,6,17.7,,
550424.0,22383,2,3.3,,
550425.0,22086,4,11.8,,
550426.0,22086,2,5.9,,
114061.0,22086,1,0.0,,
550428.0,47566,1,4.95,,
550429.0,POST,2,36.0,,
550430.0,85099B,2,3.9,,
550431.0,84879,4,6.76,,
550432.0,21212,2,1.1,,
550433.0,21212,4,2.2,,
550434.0,22423,2,25.5,,
550435.0,84879,2,3.38,,
550436.0,85099B,24,46.8,,
550437.0,22383,1,1.65,,
550438.0,22383,2,3.3,,
550439.0,85099B,4,7.8,,
550440.0,POST,1,18.0,,
550441.0,85123A,1,2.55,,
550442.0,21212,1,0.55,,
550443.0,84879,2,3.38,,
550444.0,22720,1,4.95,,
550445.0,85123A,6,15.3,,
550446.0,85099B,6,11.7,,
550447.0,22383,4,6.6,,
550448.0,22383,2,3.3,,
550449.0,22086,1,2.95,,
550450.0,84879,1,1.69,,
550451.0,22086,1,2.95,,
550452.0,85123A,1,2.55,,
550453.0,POST,1,18.0,,
550454.0,85099B,1,1.95,,
550455.0,22423,4,51.0,,
550456.0,84879,2,3.38,,
550457.0,22720,4,19.8,,
550458.0,22423,12,153.0,,
550459.0,47566,4,19.8,,
550460.0,21212,2,1.1,,
550461.0,21212,2,1.1,,
550462.0,22720,1,4.95,,
550463.0,84879,1,1.69,,
550464.0,22086,1,2.95,,
550465.0,POST,1,18.0,,
550466.0,22720,1,4.95,,
550467.0,84879,1,1.69,,
550468.0,22383,6,9.9,,
550469.0,21212,4,2.2,,
550470.0,85099B,12,23.4,,
550471.0,84879,1,1.69,,
550472.0,47566,1,4.95,,
550473.0,22383,1,1.65,,
550474.0,85099B,6,11.7,,
550475.0,47566,2,9.9,,
550476.0,22383,6,9.9,,
550477.0,22423,1,12.75,,
550478.0,84879,4,6.76,,
550479.0,85123A,12,30.6,,
550480.0,85123A,1,2.55,,
550481.0,85123A,1,2.55,,
550482.0,POST,4,72.0,,
550483.0,85123A,2,5.1,,
550484.0,47566,4,19.8,,
550485.0,22720,2,9.9,,
550486.0,21212,24,13.2,,
550487.0,22383,6,9.9,,
550488.0,85123A,1,2.55,,
550489.0,84879,2,3.38,,
550490.0,22383,2,3.3,,
550491.0,22383,4,6.6,,
550492.0,47566,1,4.95,,
550493.0,85099B,4,7.8,,
550494.0,85123A,1,2.55,,
550495.0,21212,6,3.3,,
550496.0,47566,4,19.8,,
550497.0,84879,1,1.69,,
550498.0,85099B,1,1.95,,
550499.0,47566,2,9.9,,
550500.0,22086,1,2.95,,
550501.0,84879,4,6.76,,
550502.0,85123A,6,15.3,,
550503.0,84879,4,6.76,,
550504.0,85123A,2,5.1,,
550505.0,84879,6,10.14,,
550506.0,22720,12,59.4,,
550507.0,POST,1,18.0,,
550508.0,85123A,1,2.55,,
550509.0,85123A,1,2.55,,
550510.0,47566,2,9.9,,
550511.0,POST,1,18.0,,
550512.0,22086,6,17.7,,
550513.0,47566,2,9.9,,
550514.0,84879,2,3.38,,
550515.0,22720,4,19.8,,
550516.0,22086,2,5.9,,
550517.0,84879,2,3.38,,
550518.0,22423,1,12.75,,
550519.0,22423,4,51.0,,
550520.0,22720,6,29.7,,
550521.0,84879,1,1.69,,
550522.0,POST,1,18.0,,
550523.0,22086,2,5.9,,
550524.0,POST,6,108.0,,
550525.0,22423,1,12.75,,
550526.0,21212,12,6.6,,
550527.0,85099B,4,7.8,,
550528.0,85099B,1,1.95,,
550529.0,85099B,1,1.95,,
550530.0,22720,1,4.95,,
550531.0,22383,1,1.65,,
550532.0,22086,2,5.9,,
550533.0,22086,2,5.9,,
550534.0,22086,6,17.7,,
550535.0,22086,2,5.9,,
550536.0,22086,4,11.8,,
550537.0,22423,1,12.75,,
550538.0,22423,1,12.75,,
550539.0,22720,1,4.95,,
550540.0,22086,1,2.95,,
550541.0,84879,12,20.28,,
550542.0,22383,1,1.65,,
550543.0,47566,12,59.4,,
550544.0,22720,6,29.7,,
550545.0,47566,6,29.7,,
550546.0,22423,4,51.0,,
550547.0,22720,1,4.95,,
550548.0,84879,4,6.76,,
550549.0,22383,1,1.65,,
550550.0,47566,1,4.95,,
114185.0,85123A,1,0.0,,
550552.0,22383,1,1.65,,
550553.0,POST,2,36.0,,
550554.0,22086,2,5.9,,
550555.0,85123A,2,5.1,,
550556.0,85099B,2,3.9,,
550557.0,47566,6,29.7,,
550558.0,22086,6,17.7,,
550559.0,84879,1,1.69,,
550560.0,22383,1,1.65,,
550561.0,22383,1,1.65,,
550562.0,22720,1,4.95,,
550563.0,85123A,1,2.55,,
550564.0,47566,2,9.9,,
550565.0,22423,1,12.75,,
550566.0,22423,1,12.75,,
550567.0,22383,1,1.65,,
550568.0,22720,12,59.4,,
550569.0,22383,1,1.65,,
550570.0,22423,1,12.75,,
550571.0,22720,4,19.8,,
550572.0,22086,6,17.7,,
550573.0,85123A,12,30.6,,
550574.0,22423,2,25.5,,
550575.0,22086,2,5.9,,
550576.0,85123A,1,2.55,,
550577.0,22423,1,12.75,,
550578.0,22720,2,9.9,,
550579.0,21212,2,1.1,,
550580.0,22720,2,9.9,,
550581.0,22383,4,6.6,,
550582.0,22383,1,1.65,,
550583.0,22423,6,76.5,,
550584.0,47566,6,29.7,,
550585.0,47566,6,29.7,,
550586.0,22383,1,1.65,,
550587.0,47566,2,9.9,,
550588.0,85099B,1,1.95,,
550589.0,84879,2,3.38,,
550590.0,22720,1,4.95,,
114225.0,47566,1,0.0,,
550592.0,22383,2,3.3,,
550593.0,22720,1,4.95,,
550594.0,22383,2,3.3,,
550595.0,22720,6,29.7,,
550596.0,85099B,6,11.7,,
550597.0,22086,4,11.8,,
550598.0,22720,1,4.95,,
550599.0,47566,12,59.4,,
550600.0,POST,2,36.0,,
550601.0,22720,4,19.8,,
550602.0,47566,2,9.9,,
550603.0,22423,1,12.75,,
550604.0,22383,1,1.65,,
550605.0,85123A,1,2.55,,
550606.0,22720,2,9.9,,
550607.0,85123A,1,2.55,,
550608.0,47566,4,19.8,,
550609.0,22720,1,4.95,,
550610.0,22423,1,12.75,,
550611.0,85123A,4,10.2,,
550612.0,22086,2,5.9,,
550613.0,22383,6,9.9,,
550614.0,47566,4,19.8,,
550615.0,POST,1,18.0,,
550616.0,85099B,12,23.4,,
550617.0,84879,2,3.38,,
550618.0,21212,12,6.6,,
550619.0,22423,1,12.75,,
550620.0,47566,1,4.95,,
550621.0,22383,6,9.9,,
550622.0,85123A,1,2.55,,
550623.0,POST,1,18.0,,
550624.0,22720,2,9.9,,
550625.0,22423,2,25.5,,
550626.0,POST,6,108.0,,
550627.0,85123A,6,15.3,,
114262.0,22383,1,0.0,,
550629.0,22383,4,6.6,,
550630.0,85099B,2,3.9,,
550631.0,85099B,2,3.9,,
550632.0,22086,2,5.9,,
550633.0,84879,1,1.69,,
550634.0,22423,2,25.5,,
550635.0,22086,6,17.7,,
550636.0,21212,1,0.55,,
550637.0,22423,12,153.0,,
550638.0,22423,6,76.5,,
550639.0,84879,4,6.76,,
550640.0,47566,1,4.95,,
550641.0,21212,1,0.55,,
550642.0,POST,2,36.0,,
550643.0,47566,6,29.7,,
550644.0,21212,1,0.55,,
550645.0,22720,4,19.8,,
550646.0,22423,2,25.5,,
550647.0,85123A,1,2.55,,
550648.0,22720,6,29.7,,
550649.0,21212,1,0.55,,
550650.0,85123A,1,2.55,,
550651.0,22720,2,9.9,,
550652.0,22423,4,51.0,,
550653.0,POST,2,36.0,,
550654.0,47566,6,29.7,,
550655.0,22423,12,153.0,,
550656.0,22720,24,118.8,,
550657.0,47566,1,4.95,,
550658.0,22383,12,19.8,,
550659.0,22383,4,6.6,,
550660.0,47566,1,4.95,,
550661.0,85099B,6,11.7,,
550662.0,22086,1,2.95,,
550663.0,85099B,12,23.4,,
550664.0,85123A,6,15.3,,
550665.0,21212,2,1.1,,
550666.0,22383,1,1.65,,
550667.0,POST,6,108.0,,
550668.0,22720,2,9.9,,
550669.0,22383,12,19.8,,
550670.0,22086,4,11.8,,
550671.0,21212,4,2.2,,
550672.0,22086,6,17.7,,
550673.0,POST,2,36.0,,
550674.0,22423,4,51.0,,
550675.0,47566,1,4.95,,
550676.0,21212,1,0.55,,
550677.0,85099B,6,11.7,,
550678.0,85123A,2,5.1,,
550679.0,22720,2,9.9,,
550680.0,22423,1,12.75,,
550681.0,22423,1,12.75,,
550682.0,85099B,4,7.8,,
550683.0,POST,6,108.0,,
550684.0,POST,6,108.0,,
550685.0,85099B,12,23.4,,
550686.0,22086,6,17.7,,
550687.0,21212,6,3.3,,
550688.0,22086,1,2.95,,
550689.0,POST,12,216.0,,
550690.0,22423,1,12.75,,
550691.0,22383,1,1.65,,
550692.0,47566,1,4.95,,
550693.0,47566,2,9.9,,
550694.0,47566,1,4.95,,
550695.0,85099B,2,3.9,,
550696.0,22383,6,9.9,,
550697.0,22720,1,4.95,,
550698.0,85099B,1,1.95,,
550699.0,22086,2,5.9,,
550700.0,47566,2,9.9,,
550701.0,22720,4,19.8,,
550702.0,84879,2,3.38,,
550703.0,85123A,6,15.3,,
550704.0,21212,1,0.55,,
550705.0,POST,1,18.0,,
550706.0,22720,1,4.95,,
550707.0,85099B,1,1.95,,
550708.0,22720,1,4.95,,
550709.0,22423,4,51.0,,
550710.0,POST,12,216.0,,
550711.0,22720,12,59.4,,
550712.0,22720,1,4.95,,
550713.0,22086,12,35.4,,
550714.0,85099B,2,3.9,,
550715.0,84879,12,20.28,,
550716.0,22423,1,12.75,,
550717.0,22720,6,29.7,,
550718.0,85099B,1,1.95,,
550719.0,85099B,6,11.7,,
550720.0,85099B,1,1.95,,
550721.0,22720,12,59.4,,
550722.0,84879,2,3.38,,
550723.0,22086,2,5.9,,
550724.0,85123A,2,5.1,,
550725.0,21212,4,2.2,,
550726.0,47566,1,4.95,,
550727.0,85123A,2,5.1,,
550728.0,22423,4,51.0,,
550729.0,47566,6,29.7,,
550730.0,47566,4,19.8,,
550731.0,POST,2,36.0,,
550732.0,POST,2,36.0,,
550733.0,47566,4,19.8,,
550734.0,84879,2,3.38,,
114369.0,22383,1,0.0,,
550736.0,85123A,1,2.55,,
550737.0,85123A,4,10.2,,
550738.0,22383,1,1.65,,
550739.0,85123A,2,5.1,,
550740.0,POST,1,18.0,,
550741.0,22720,1,4.95,,
550742.0,85123A,4,10.2,,
550743.0,47566,24,118.8,,
550744.0,85099B,1,1.95,,
550745.0,21212,2,1.1,,
550746.0,22720,1,4.95,,
550747.0,22086,1,2.95,,
550748.0,85123A,24,61.2,,
550749.0,84879,6,10.14,,
550750.0,22086,1,2.95,,
550751.0,21212,12,6.6,,
550752.0,POST,2,36.0,,
550753.0,85099B,1,1.95,,
550754.0,47566,1,4.95,,
550755.0,47566,1,4.95,,
550756.0,47566,4,19.8,,
550757.0,84879,2,3.38,,
550758.0,22383,2,3.3,,
550759.0,21212,12,6.6,,
550760.0,85099B,1,1.95,,
550761.0,22383,6,9.9,,
550762.0,POST,1,18.0,,
550763.0,85099B,1,1.95,,
550764.0,22720,6,29.7,,
550765.0,85099B,1,1.95,,
550766.0,22383,1,1.65,,
550767.0,22086,1,2.95,,
550768.0,85123A,6,15.3,,
550769.0,85099B,12,23.4,,
550770.0,21212,2,1.1,,
550771.0,84879,6,10.14,,
550772.0,85099B,1,1.95,,
550773.0,22423,2,25.5,,
550774.0,22720,1,4.95,,
550775.0,47566,6,29.7,,
550776.0,47566,6,29.7,,
550777.0,84879,2,3.38,,
550778.0,47566,12,59.4,,
550779.0,84879,4,6.76,,
550780.0,POST,6,108.0,,
550781.0,22383,1,1.65,,
550782.0,22086,4,11.8,,
550783.0,21212,1,0.55,,
550784.0,85099B,2,3.9,,
550785.0,22383,1,1.65,,
550786.0,22086,1,2.95,,
550787.0,21212,12,6.6,,
550788.0,22383,2,3.3,,
550789.0,47566,2,9.9,,
550790.0,22383,1,1.65,,
550791.0,POST,4,72.0,,
550792.0,47566,24,118.8,,
550793.0,22383,1,1.65,,
550794.0,85123A,1,2.55,,
550795.0,85123A,6,15.3,,
550796.0,22720,2,9.9,,
550797.0,22383,4,6.6,,
550798.0,84879,1,1.69,,
550799.0,47566,1,4.95,,
550800.0,22086,4,11.8,,
550801.0,22086,1,2.95,,
550802.0,85123A,6,15.3,,
550803.0,85099B,1,1.95,,
550804.0,22383,6,9.9,,
550805.0,POST,1,18.0,,
550806.0,47566,1,4.95,,
550807.0,84879,4,6.76,,
550808.0,22720,6,29.7,,
550809.0,85123A,6,15.3,,
550810.0,22720,2,9.9,,
550811.0,84879,2,3.38,,
550812.0,84879,1,1.69,,
550813.0,47566,1,4.95,,
550814.0,22720,1,4.95,,
550815.0,84879,6,10.14,,
550816.0,85123A,1,2.55,,
550817.0,22720,6,29.7,,
550818.0,22086,1,2.95,,
114453.0,85099B,1,0.0,,
550820.0,22720,2,9.9,,
550821.0,47566,1,4.95,,
550822.0,84879,2,3.38,,
550823.0,85123A,1,2.55,,
550824.0,POST,2,36.0,,
550825.0,22383,12,19.8,,
550826.0,84879,1,1.69,,
550827.0,22423,2,25.5,,
550828.0,22423,6,76.5,,
550829.0,22423,6,76.5,,
550830.0,84879,4,6.76,,
550831.0,POST,6,108.0,,
550832.0,22423,6,76.5,,
550833.0,47566,2,9.9,,
550834.0,22086,1,2.95,,
550835.0,POST,6,108.0,,
550836.0,22423,2,25.5,,
550837.0,22086,2,5.9,,
550838.0,POST,1,18.0,,
550839.0,21212,4,2.2,,
550840.0,85099B,2,3.9,,
550841.0,85099B,4,7.8,,
550842.0,85123A,2,5.1,,
550843.0,22423,2,25.5,,
550844.0,21212,2,1.1,,
550845.0,85099B,4,7.8,,
550846.0,47566,1,4.95,,
550847.0,POST,4,72.0,,
114482.0,22086,1,0.0,,
550849.0,22383,2,3.3,,
550850.0,POST,1,18.0,,
550851.0,22383,12,19.8,,
550852.0,POST,2,36.0,,
550853.0,22423,4,51.0,,
550854.0,22383,12,19.8,,
550855.0,POST,2,36.0,,
550856.0,85099B,6,11.7,,
550857.0,84879,2,3.38,,
550858.0,22086,1,2.95,,
550859.0,21212,1,0.55,,
550860.0,84879,6,10.14,,
550861.0,22423,1,12.75,,
550862.0,22720,12,59.4,,
550863.0,84879,2,3.38,,
550864.0,85123A,2,5.1,,
550865.0,22423,1,12.75,,
550866.0,21212,2,1.1,,
550867.0,22086,6,17.7,,
550868.0,85099B,6,11.7,,
550869.0,85123A,4,10.2,,
550870.0,85123A,6,15.3,,
550871.0,POST,1,18.0,,
550872.0,22720,6,29.7,,
114507.0,85123A,1,0.0,,
550874.0,85123A,1,2.55,,
550875.0,85123A,6,15.3,,
550876.0,22086,12,35.4,,
550877.0,84879,1,1.69,,
550878.0,22720,2,9.9,,
550879.0,22720,6,29.7,,
550880.0,47566,2,9.9,,
550881.0,22423,2,25.5,,
550882.0,22423,4,51.0,,
550883.0,21212,2,1.1,,
550884.0,22086,6,17.7,,
550885.0,POST,6,108.0,,
550886.0,22423,6,76.5,,
550887.0,21212,4,2.2,,
550888.0,22086,1,2.95,,
550889.0,POST,2,36.0,,
114524.0,22086,1,0.0,,
550891.0,85123A,2,5.1,,
550892.0,22383,6,9.9,,
550893.0,22720,1,4.95,,
550894.0,84879,6,10.14,,
550895.0,22720,1,4.95,,
550896.0,84879,4,6.76,,
550897.0,22383,1,1.65,,
550898.0,22383,1,1.65,,
550899.0,22423,6,76.5,,
550900.0,22086,12,35.4,,
550901.0,21212,1,0.55,,
550902.0,21212,2,1.1,,
550903.0,22423,4,51.0,,
550904.0,47566,1,4.95,,
550905.0,POST,1,18.0,,
550906.0,22720,4,19.8,,
550907.0,84879,1,1.69,,
550908.0,22383,1,1.65,,
550909.0,22423,1,12.75,,
550910.0,47566,1,4.95,,
550911.0,22423,12,153.0,,
550912.0,22086,1,2.95,,
550913.0,POST,4,72.0,,
114548.0,47566,1,0.0,,
550915.0,85099B,12,23.4,,
550916.0,22086,2,5.9,,
550917.0,POST,2,36.0,,
550918.0,POST,1,18.0,,
550919.0,47566,6,29.7,,
550920.0,47566,2,9.9,,
550921.0,85123A,1,2.55,,
550922.0,POST,2,36.0,,
550923.0,47566,2,9.9,,
550924.0,22086,6,17.7,,
550925.0,22423,6,76.5,,
550926.0,22720,1,4.95,,
550927.0,22383,1,1.65,,
550928.0,47566,1,4.95,,
550929.0,22720,2,9.9,,
550930.0,22423,4,51.0,,
550931.0,85123A,4,10.2,,
550932.0,POST,4,72.0,,
550933.0,22383,4,6.6,,
550934.0,84879,1,1.69,,
550935.0,47566,1,4.95,,
550936.0,84879,12,20.28,,
550937.0,22423,12,153.0,,
550938.0,POST,1,18.0,,
550939.0,22720,1,4.95,,
550940.0,22086,1,2.95,,
550941.0,21212,1,0.55,,
550942.0,22383,6,9.9,,
550943.0,22086,1,2.95,,
550944.0,85099B,2,3.9,,
550945.0,85123A,1,2.55,,
550946.0,84879,1,1.69,,
550947.0,21212,1,0.55,,
550948.0,84879,6,10.14,,
550949.0,21212,2,1.1,,
550950.0,22086,2,5.9,,
550951.0,85123A,12,30.6,,
550952.0,22423,6,76.5,,
550953.0,47566,6,29.7,,
550954.0,22423,24,306.0,,
550955.0,85123A,6,15.3,,
550956.0,84879,1,1.69,,
550957.0,47566,2,9.9,,
550958.0,21212,2,1.1,,
550959.0,22086,6,17.7,,
550960.0,22423,1,12.75,,
550961.0,47566,4,19.8,,
550962.0,47566,6,29.7,,
550963.0,21212,24,13.2,,
550964.0,85099B,1,1.95,,
550965.0,21212,4,2.2,,
550966.0,47566,2,9.9,,
550967.0,22720,2,9.9,,
550968.0,POST,4,72.0,,
550969.0,85123A,6,15.3,,
550970.0,22423,1,12.75,,
550971.0,22720,2,9.9,,
550972.0,22720,1,4.95,,
550973.0,22720,4,19.8,,
550974.0,85123A,1,2.55,,
550975.0,21212,4,2.2,,
550976.0,22720,4,19.8,,
550977.0,47566,2,9.9,,
550978.0,22423,6,76.5,,
550979.0,21212,6,3.3,,
550980.0,22086,1,2.95,,
550981.0,22423,2,25.5,,
550982.0,22383,1,1.65,,
550983.0,POST,4,72.0,,
550984.0,22720,2,9.9,,
550985.0,84879,4,6.76,,
550986.0,84879,6,10.14,,
550987.0,21212,2,1.1,,
550988.0,85099B,1,1.95,,
550989.0,22383,4,6.6,,
550990.0,85123A,6,15.3,,
550991.0,22423,2,25.5,,
550992.0,85123A,1,2.55,,
550993.0,22383,1,1.65,,
550994.0,22383,6,9.9,,
550995.0,22086,1,2.95,,
550996.0,22086,1,2.95,,
550997.0,22423,1,12.75,,
550998.0,22383,2,3.3,,
550999.0,POST,12,216.0,,
551000.0,22720,6,29.7,,
551001.0,85099B,2,3.9,,
551002.0,85099B,2,3.9,,
551003.0,85099B,1,1.95,,
551004.0,POST,6,108.0,,
551005.0,22423,6,76.5,,
551006.0,22086,1,2.95,,
551007.0,47566,2,9.9,,
114642.0,22383,1,0.0,,
551009.0,84879,1,1.69,,
551010.0,22720,1,4.95,,
551011.0,84879,2,3.38,,
551012.0,47566,2,9.9,,
551013.0,47566,1,4.95,,
551014.0,47566,4,19.8,,
551015.0,22720,1,4.95,,
551016.0,47566,6,29.7,,
551017.0,POST,1,18.0,,
551018.0,22423,6,76.5,,
551019.0,47566,1,4.95,,
551020.0,22423,2,25.5,,
551021.0,22383,2,3.3,,
551022.0,85099B,1,1.95,,
551023.0,22383,4,6.6,,
551024.0,85123A,2,5.1,,
551025.0,21212,4,2.2,,
551026.0,22086,1,2.95,,
551027.0,22423,2,25.5,,
551028.0,22383,6,9.9,,
551029.0,22423,4,51.0,,
551030.0,21212,2,1.1,,
551031.0,21212,4,2.2,,
551032.0,POST,2,36.0,,
551033.0,84879,2,3.38,,
551034.0,22383,2,3.3,,
551035.0,22086,4,11.8,,
551036.0,22086,12,35.4,,
551037.0,POST,1,18.0,,
551038.0,22086,6,17.7,,
551039.0,21212,2,1.1,,
114674.0,21212,1,0.0,,
551041.0,22423,2,25.5,,
551042.0,22423,1,12.75,,
551043.0,POST,4,72.0,,
551044.0,22423,1,12.75,,
551045.0,22720,2,9.9,,
551046.0,22720,4,19.8,,
551047.0,84879,1,1.69,,
551048.0,21212,12,6.6,,
551049.0,22086,2,5.9,,
551050.0,84879,2,3.38,,
551051.0,22720,2,9.9,,
551052.0,POST,6,108.0,,
551053.0,21212,4,2.2,,
551054.0,22086,6,17.7,,
551055.0,85123A,4,10.2,,
551056.0,47566,1,4.95,,
551057.0,21212,1,0.55,,
551058.0,84879,4,6.76,,
551059.0,22720,6,29.7,,
551060.0,POST,2,36.0,,
551061.0,22383,4,6.6,,
551062.0,85123A,4,10.2,,
551063.0,22720,1,4.95,,
551064.0,22720,2,9.9,,
551065.0,22086,4,11.8,,
551066.0,22720,2,9.9,,
551067.0,85123A,1,2.55,,
551068.0,22086,12,35.4,,
551069.0,22383,1,1.65,,
551070.0,22423,1,12.75,,
551071.0,22720,1,4.95,,
551072.0,22383,1,1.65,,
551073.0,22086,6,17.7,,
551074.0,POST,12,216.0,,
551075.0,84879,1,1.69,,
551076.0,21212,2,1.1,,
551077.0,22423,6,76.5,,
551078.0,84879,1,1.69,,
551079.0,47566,1,4.95,,
551080.0,84879,2,3.38,,
551081.0,85099B,2,3.9,,
551082.0,22423,2,25.5,,
551083.0,21212,2,1.1,,
551084.0,84879,1,1.69,,
551085.0,85123A,1,2.55,,
551086.0,22086,1,2.95,,
551087.0,POST,4,72.0,,
551088.0,47566,1,4.95,,
551089.0,85123A,4,10.2,,
551090.0,22720,2,9.9,,
551091.0,47566,2,9.9,,
551092.0,22720,1,4.95,,
551093.0,22720,4,19.8,,
551094.0,22720,4,19.8,,
551095.0,85123A,1,2.55,,
551096.0,22086,2,5.9,,
551097.0,84879,6,10.14,,
551098.0,85123A,2,5.1,,
551099.0,22383,2,3.3,,
114734.0,84879,1,0.0,,
551101.0,85123A,2,5.1,,
551102.0,22086,1,2.95,,
551103.0,47566,6,29.7,,
551104.0,22720,12,59.4,,
551105.0,85123A,6,15.3,,
551106.0,47566,12,59.4,,
551107.0,47566,6,29.7,,
551108.0,21212,1,0.55,,
551109.0,22383,1,1.65,,
551110.0,85123A,2,5.1,,
551111.0,22720,12,59.4,,
551112.0,22720,4,19.8,,
551113.0,22086,1,2.95,,
551114.0,22086,1,2.95,,
551115.0,22383,2,3.3,,
551116.0,22720,1,4.95,,
551117.0,22383,2,3.3,,
551118.0,84879,2,3.38,,
551119.0,22383,1,1.65,,
551120.0,22086,4,11.8,,
551121.0,22423,6,76.5,,
551122.0,22423,4,51.0,,
551123.0,22383,2,3.3,,
551124.0,22086,6,17.7,,
551125.0,22720,1,4.95,,
551126.0,22720,1,4.95,,
551127.0,POST,4,72.0,,
551128.0,22423,1,12.75,,
551129.0,85099B,4,7.8,,
114764.0,22423,1,0.0,,
551131.0,47566,6,29.7,,
551132.0,22086,1,2.95,,
551133.0,85099B,6,11.7,,
551134.0,22720,1,4.95,,
551135.0,47566,2,9.9,,
551136.0,84879,2,3.38,,
551137.0,22720,1,4.95,,
551138.0,22383,1,1.65,,
551139.0,47566,4,19.8,,
551140.0,84879,6,10.14,,
551141.0,22086,2,5.9,,
551142.0,47566,4,19.8,,
551143.0,85123A,1,2.55,,
551144.0,47566,1,4.95,,
551145.0,22383,1,1.65,,
551146.0,84879,1,1.69,,
551147.0,22086,12,35.4,,
551148.0,POST,2,36.0,,
551149.0,47566,1,4.95,,
551150.0,21212,12,6.6,,
551151.0,22423,1,12.75,,
551152.0,22086,2,5.9,,
551153.0,22720,4,19.8,,
551154.0,22383,1,1.65,,
551155.0,22086,1,2.95,,
551156.0,85123A,1,2.55,,
551157.0,85099B,6,11.7,,
551158.0,21212,6,3.3,,
551159.0,22423,1,12.75,,
551160.0,47566,1,4.95,,
551161.0,22086,2,5.9,,
551162.0,85099B,1,1.95,,
551163.0,85123A,1,2.55,,
114798.0,22086,1,0.0,,
551165.0,22086,4,11.8,,
551166.0,22720,1,4.95,,
551167.0,22720,2,9.9,,
551168.0,22423,1,12.75,,
551169.0,22383,2,3.3,,
551170.0,22086,12,35.4,,
551171.0,22383,1,1.65,,
551172.0,47566,12,59.4,,
551173.0,POST,2,36.0,,
551174.0,84879,6,10.14,,
551175.0,22086,4,11.8,,
551176.0,22423,1,12.75,,
551177.0,22720,1,4.95,,
551178.0,22086,2,5.9,,
551179.0,85099B,6,11.7,,
551180.0,22423,4,51.0,,
551181.0,22423,12,153.0,,
551182.0,22423,2,25.5,,
551183.0,22086,1,2.95,,
551184.0,85099B,12,23.4,,
551185.0,22086,1,2.95,,
551186.0,21212,12,6.6,,
551187.0,21212,4,2.2,,
551188.0,22086,4,11.8,,
551189.0,84879,1,1.69,,
551190.0,21212,6,3.3,,
551191.0,22423,4,51.0,,
551192.0,22423,1,12.75,,
551193.0,POST,4,72.0,,
551194.0,22086,12,35.4,,
551195.0,84879,2,3.38,,
551196.0,47566,1,4.95,,
551197.0,22383,2,3.3,,
551198.0,22383,4,6.6,,
551199.0,21212,2,1.1,,
551200.0,21212,12,6.6,,
551201.0,47566,6,29.7,,
551202.0,85099B,2,3.9,,
551203.0,84879,4,6.76,,
551204.0,47566,2,9.9,,
551205.0,22383,2,3.3,,
551206.0,21212,1,0.55,,
551207.0,21212,1,0.55,,
551208.0,85099B,1,1.95,,
551209.0,21212,2,1.1,,
551210.0,85123A,1,2.55,,
551211.0,POST,1,18.0,,
551212.0,47566,2,9.9,,
551213.0,85123A,1,2.55,,
551214.0,47566,1,4.95,,
551215.0,POST,2,36.0,,
551216.0,85099B,6,11.7,,
551217.0,22720,2,9.9,,
551218.0,47566,1,4.95,,
551219.0,47566,1,4.95,,
551220.0,22720,2,9.9,,
551221.0,POST,2,36.0,,
551222.0,22383,4,6.6,,
551223.0,22720,4,19.8,,
551224.0,85123A,6,15.3,,
551225.0,84879,4,6.76,,
551226.0,22423,6,76.5,,
551227.0,85099B,6,11.7,,
551228.0,21212,1,0.55,,
551229.0,47566,2,9.9,,
551230.0,84879,24,40.56,,
551231.0,84879,2,3.38,,
551232.0,85123A,1,2.55,,
551233.0,85099B,4,7.8,,
551234.0,85123A,6,15.3,,
551235.0,22086,24,70.8,,
551236.0,22383,6,9.9,,
551237.0,22086,1,2.95,,
551238.0,POST,1,18.0,,
551239.0,22383,24,39.6,,
551240.0,POST,4,72.0,,
551241.0,22720,4,19.8,,
551242.0,85099B,4,7.8,,
551243.0,22086,2,5.9,,
551244.0,84879,1,1.69,,
551245.0,47566,4,19.8,,
551246.0,22423,2,25.5,,
551247.0,84879,1,1.69,,
551248.0,22086,1,2.95,,
551249.0,22086,24,70.8,,
114884.0,85099B,1,0.0,,
551251.0,85123A,12,30.6,,
551252.0,22720,2,9.9,,
551253.0,POST,4,72.0,,
551254.0,POST,24,432.0,,
551255.0,22383,2,3.3,,
551256.0,47566,2,9.9,,
551257.0,85123A,12,30.6,,
551258.0,85099B,24,46.8,,
551259.0,85099B,4,7.8,,
551260.0,21212,4,2.2,,
551261.0,85099B,1,1.95,,
551262.0,22383,2,3.3,,
551263.0,22086,1,2.95,,
551264.0,84879,1,1.69,,
551265.0,85099B,4,7.8,,
551266.0,POST,1,18.0,,
551267.0,22086,2,5.9,,
551268.0,21212,2,1.1,,
551269.0,85123A,2,5.1,,
551270.0,22423,1,12.75,,
551271.0,22086,1,2.95,,
551272.0,22086,2,5.9,,
551273.0,21212,1,0.55,,
551274.0,21212,1,0.55,,
551275.0,47566,1,4.95,,
551276.0,22720,4,19.8,,
551277.0,22383,2,3.3,,
551278.0,22720,2,9.9,,
551279.0,84879,1,1.69,,
551280.0,85099B,12,23.4,,
551281.0,22423,2,25.5,,
551282.0,85099B,1,1.95,,
551283.0,85123A,6,15.3,,
551284.0,POST,1,18.0,,
551285.0,22383,1,1.65,,
551286.0,84879,1,1.69,,
551287.0,POST,2,36.0,,
551288.0,47566,4,19.8,,
551289.0,22720,4,19.8,,
551290.0,22423,1,12.75,,
551291.0,POST,6,108.0,,
551292.0,POST,6,108.0,,
551293.0,22423,4,51.0,,
551294.0,85099B,1,1.95,,
551295.0,POST,1,18.0,,
551296.0,85099B,12,23.4,,
551297.0,22720,2,9.9,,
551298.0,22423,2,25.5,,
551299.0,21212,2,1.1,,
551300.0,POST,2,36.0,,
551301.0,85123A,1,2.55,,
551302.0,47566,2,9.9,,
551303.0,22423,4,51.0,,
551304.0,POST,6,108.0,,
551305.0,22720,4,19.8,,
551306.0,POST,6,108.0,,
551307.0,POST,6,108.0,,
551308.0,84879,12,20.28,,
551309.0,85123A,6,15.3,,
551310.0,84879,1,1.69,,
114945.0,85123A,1,0.0,,
551312.0,21212,1,0.55,,
551313.0,21212,1,0.55,,
551314.0,22086,4,11.8,,
551315.0,21212,1,0.55,,
551316.0,85099B,1,1.95,,
551317.0,47566,1,4.95,,
551318.0,21212,6,3.3,,
551319.0,21212,2,1.1,,
551320.0,21212,1,0.55,,
551321.0,22423,2,25.5,,
551322.0,22423,2,25.5,,
551323.0,POST,1,18.0,,
551324.0,85099B,2,3.9,,
551325.0,22086,2,5.9,,
551326.0,85123A,1,2.55,,
551327.0,47566,6,29.7,,
551328.0,22383,1,1.65,,
114963.0,84879,1,0.0,,
551330.0,22720,4,19.8,,
551331.0,85123A,4,10.2,,
551332.0,84879,6,10.14,,
551333.0,47566,1,4.95,,
551334.0,22086,2,5.9,,
551335.0,85099B,6,11.7,,
551336.0,22086,2,5.9,,
551337.0,84879,2,3.38,,
551338.0,22383,4,6.6,,
551339.0,21212,6,3.3,,
551340.0,22383,1,1.65,,
551341.0,22383,2,3.3,,
551342.0,22423,2,25.5,,
551343.0,85123A,1,2.55,,
551344.0,22086,2,5.9,,
551345.0,84879,2,3.38,,
551346.0,22383,2,3.3,,
551347.0,22720,4,19.8,,
551348.0,85099B,1,1.95,,
551349.0,21212,4,2.2,,
551350.0,84879,1,1.69,,
551351.0,22423,4,51.0,,
551352.0,21212,6,3.3,,
551353.0,22383,4,6.6,,
551354.0,POST,1,18.0,,
551355.0,22720,4,19.8,,
551356.0,85099B,1,1.95,,
551357.0,22086,2,5.9,,
551358.0,22383,1,1.65,,
551359.0,POST,1,18.0,,
551360.0,84879,1,1.69,,
551361.0,POST,2,36.0,,
551362.0,84879,4,6.76,,
551363.0,22423,24,306.0,,
551364.0,21212,6,3.3,,
551365.0,22383,6,9.9,,
551366.0,85123A,4,10.2,,
551367.0,84879,6,10.14,,
551368.0,47566,1,4.95,,
551369.0,84879,1,1.69,,
551370.0,22720,2,9.9,,
551371.0,22086,6,17.7,,
551372.0,22086,1,2.95,,
551373.0,85099B,6,11.7,,
115008.0,21212,1,0.0,,
551375.0,POST,2,36.0,,
551376.0,POST,1,18.0,,
551377.0,22423,1,12.75,,
551378.0,84879,1,1.69,,
551379.0,POST,2,36.0,,
551380.0,21212,2,1.1,,
551381.0,22383,12,19.8,,
551382.0,22383,2,3.3,,
551383.0,22086,4,11.8,,
551384.0,22720,1,4.95,,
551385.0,21212,1,0.55,,
551386.0,22423,24,306.0,,
551387.0,22720,6,29.7,,
551388.0,22423,4,51.0,,
551389.0,22720,1,4.95,,
551390.0,85123A,2,5.1,,
551391.0,22383,6,9.9,,
551392.0,22383,1,1.65,,
551393.0,22383,1,1.65,,
551394.0,85123A,1,2.55,,
551395.0,22720,6,29.7,,
551396.0,22423,12,153.0,,
551397.0,85123A,1,2.55,,
551398.0,85123A,4,10.2,,
551399.0,POST,2,36.0,,
551400.0,85123A,2,5.1,,
551401.0,POST,4,72.0,,
551402.0,85099B,12,23.4,,
551403.0,22720,1,4.95,,
551404.0,22383,6,9.9,,
551405.0,22383,1,1.65,,
551406.0,22383,12,19.8,,
551407.0,21212,4,2.2,,
551408.0,21212,1,0.55,,
551409.0,22086,1,2.95,,
551410.0,22720,12,59.4,,
551411.0,22720,1,4.95,,
551412.0,21212,6,3.3,,
551413.0,22383,24,39.6,,
551414.0,85099B,2,3.9,,
551415.0,85099B,2,3.9,,
551416.0,84879,2,3.38,,
551417.0,22383,6,9.9,,
551418.0,85123A,1,2.55,,
551419.0,21212,1,0.55,,
551420.0,85123A,24,61.2,,
551421.0,22086,6,17.7,,
551422.0,84879,2,3.38,,
551423.0,22423,1,12.75,,
551424.0,22720,12,59.4,,
551425.0,21212,1,0.55,,
551426.0,47566,1,4.95,,
551427.0,84879,1,1.69,,
551428.0,22086,4,11.8,,
551429.0,POST,1,18.0,,
551430.0,47566,1,4.95,,
551431.0,22720,1,4.95,,
551432.0,22720,2,9.9,,
551433.0,22383,6,9.9,,
551434.0,85099B,4,7.8,,
551435.0,85123A,2,5.1,,
551436.0,85099B,4,7.8,,
551437.0,22423,1,12.75,,
551438.0,21212,1,0.55,,
551439.0,21212,6,3.3,,
551440.0,22086,2,5.9,,
551441.0,85099B,2,3.9,,
551442.0,84879,2,3.38,,
551443.0,22383,2,3.3,,
551444.0,84879,4,6.76,,
551445.0,22086,12,35.4,,
551446.0,85123A,6,15.3,,
551447.0,22423,2,25.5,,
551448.0,47566,4,19.8,,
551449.0,POST,1,18.0,,
551450.0,POST,6,108.0,,
551451.0,85099B,6,11.7,,
551452.0,POST,12,216.0,,
551453.0,21212,6,3.3,,
551454.0,84879,2,3.38,,
551455.0,85123A,2,5.1,,
551456.0,22086,2,5.9,,
551457.0,POST,1,18.0,,
551458.0,21212,1,0.55,,
551459.0,22423,2,25.5,,
551460.0,21212,1,0.55,,
551461.0,22383,1,1.65,,
551462.0,21212,1,0.55,,
551463.0,22086,2,5.9,,
551464.0,21212,2,1.1,,
551465.0,22720,1,4.95,,
551466.0,84879,2,3.38,,
551467.0,22720,4,19.8,,
551468.0,22423,2,25.5,,
551469.0,POST,4,72.0,,
551470.0,47566,1,4.95,,
551471.0,84879,6,10.14,,
551472.0,22086,12,35.4,,
551473.0,22086,1,2.95,,
551474.0,22720,4,19.8,,
551475.0,21212,1,0.55,,
551476.0,22383,1,1.65,,
551477.0,POST,4,72.0,,
551478.0,47566,2,9.9,,
551479.0,84879,2,3.38,,
551480.0,22720,6,29.7,,
551481.0,84879,1,1.69,,
551482.0,21212,2,1.1,,
551483.0,21212,2,1.1,,
551484.0,21212,1,0.55,,
551485.0,22383,1,1.65,,
551486.0,84879,2,3.38,,
551487.0,84879,12,20.28,,
551488.0,85099B,12,23.4,,
551489.0,84879,2,3.38,,
551490.0,85123A,1,2.55,,
551491.0,47566,1,4.95,,
551492.0,85099B,12,23.4,,
551493.0,22720,4,19.8,,
551494.0,POST,4,72.0,,
551495.0,22086,2,5.9,,
551496.0,84879,6,10.14,,
551497.0,84879,4,6.76,,
551498.0,21212,1,0.55,,
551499.0,47566,12,59.4,,
551500.0,21212,12,6.6,,
551501.0,84879,4,6.76,,
551502.0,22423,12,153.0,,
551503.0,22720,1,4.95,,
551504.0,POST,6,108.0,,
551505.0,21212,2,1.1,,
551506.0,85099B,1,1.95,,
551507.0,22423,1,12.75,,
551508.0,22086,12,35.4,,
551509.0,22720,24,118.8,,
115144.0,47566,1,0.0,,
551511.0,22383,6,9.9,,
551512.0,POST,1,18.0,,
551513.0,22086,1,2.95,,
551514.0,POST,2,36.0,,
551515.0,85123A,4,10.2,,
551516.0,84879,4,6.76,,
551517.0,POST,6,108.0,,
551518.0,22383,2,3.3,,
551519.0,84879,4,6.76,,
551520.0,POST,4,72.0,,
551521.0,22086,6,17.7,,
551522.0,47566,6,29.7,,
551523.0,85099B,2,3.9,,
551524.0,85123A,4,10.2,,
551525.0,84879,6,10.14,,
551526.0,85123A,6,15.3,,
551527.0,22086,2,5.9,,
551528.0,85123A,6,15.3,,
551529.0,POST,1,18.0,,
551530.0,22720,1,4.95,,
551531.0,22423,6,76.5,,
551532.0,POST,12,216.0,,
551533.0,47566,6,29.7,,
551534.0,85123A,6,15.3,,
551535.0,21212,2,1.1,,
551536.0,22383,1,1.65,,
551537.0,21212,2,1.1,,
551538.0,21212,4,2.2,,
551539.0,21212,2,1.1,,
551540.0,22720,1,4.95,,
551541.0,84879,1,1.69,,
551542.0,22720,1,4.95,,
551543.0,22086,4,11.8,,
551544.0,85099B,4,7.8,,
551545.0,84879,6,10.14,,
551546.0,22720,1,4.95,,
551547.0,22423,4,51.0,,
551548.0,22086,1,2.95,,
551549.0,22086,4,11.8,,
551550.0,22423,1,12.75,,
551551.0,22086,2,5.9,,
551552.0,85123A,6,15.3,,
551553.0,84879,6,10.14,,
551554.0,22720,2,9.9,,
551555.0,84879,2,3.38,,
551556.0,22086,4,11.8,,
551557.0,85123A,4,10.2,,
551558.0,84879,4,6.76,,
551559.0,22423,1,12.75,,
551560.0,22720,1,4.95,,
551561.0,22383,1,1.65,,
551562.0,22423,1,12.75,,
551563.0,22086,1,2.95,,
551564.0,84879,12,20.28,,
551565.0,85099B,1,1.95,,
551566.0,21212,4,2.2,,
551567.0,21212,2,1.1,,
551568.0,22086,1,2.95,,
551569.0,47566,1,4.95,,
551570.0,84879,2,3.38,,
551571.0,22720,2,9.9,,
551572.0,POST,2,36.0,,
551573.0,21212,4,2.2,,
551574.0,22086,4,11.8,,
551575.0,84879,6,10.14,,
551576.0,POST,6,108.0,,
551577.0,85099B,1,1.95,,
551578.0,22720,4,19.8,,
551579.0,22720,1,4.95,,
551580.0,22423,4,51.0,,
551581.0,84879,1,1.69,,
551582.0,21212,6,3.3,,
551583.0,22086,2,5.9,,
551584.0,22720,6,29.7,,
551585.0,85099B,6,11.7,,
551586.0,21212,2,1.1,,
551587.0,21212,2,1.1,,
551588.0,POST,12,216.0,,
551589.0,85123A,1,2.55,,
551590.0,85099B,4,7.8,,
551591.0,21212,4,2.2,,
551592.0,84879,4,6.76,,
551593.0,85123A,4,10.2,,
551594.0,22720,1,4.95,,
551595.0,POST,6,108.0,,
551596.0,84879,6,10.14,,
115231.0,85099B,1,0.0,,
551598.0,22423,6,76.5,,
551599.0,47566,1,4.95,,
551600.0,21212,6,3.3,,
551601.0,22423,1,12.75,,
551602.0,84879,2,3.38,,
551603.0,85099B,6,11.7,,
551604.0,21212,1,0.55,,
551605.0,21212,12,6.6,,
551606.0,22086,4,11.8,,
551607.0,22086,2,5.9,,
551608.0,22720,1,4.95,,
551609.0,POST,2,36.0,,
551610.0,22086,1,2.95,,
551611.0,85099B,2,3.9,,
551612.0,22720,2,9.9,,
551613.0,22423,12,153.0,,
551614.0,POST,4,72.0,,
551615.0,22720,1,4.95,,
551616.0,85123A,2,5.1,,
551617.0,85123A,2,5.1,,
551618.0,22720,12,59.4,,
551619.0,21212,1,0.55,,
115254.0,POST,1,0.0,,
551621.0,85099B,2,3.9,,
551622.0,22383,2,3.3,,
551623.0,22383,1,1.65,,
551624.0,22086,4,11.8,,
551625.0,22720,12,59.4,,
551626.0,22383,1,1.65,,
551627.0,85099B,2,3.9,,
115262.0,22086,1,0.0,,
551629.0,22086,2,5.9,,
551630.0,22423,1,12.75,,
551631.0,22423,2,25.5,,
551632.0,47566,24,118.8,,
551633.0,22720,1,4.95,,
551634.0,84879,1,1.69,,
551635.0,85099B,1,1.95,,
551636.0,POST,12,216.0,,
551637.0,22423,6,76.5,,
115272.0,85099B,1,0.0,,
551639.0,22383,4,6.6,,
551640.0,22086,4,11.8,,
551641.0,22383,1,1.65,,
551642.0,22383,24,39.6,,
551643.0,85099B,1,1.95,,
551644.0,84879,4,6.76,,
551645.0,22423,2,25.5,,
551646.0,POST,2,36.0,,
551647.0,85099B,1,1.95,,
551648.0,21212,2,1.1,,
551649.0,22720,4,19.8,,
551650.0,47566,24,118.8,,
551651.0,85099B,2,3.9,,
551652.0,85099B,2,3.9,,
551653.0,85123A,4,10.2,,
551654.0,47566,6,29.7,,
551655.0,22423,2,25.5,,
551656.0,85099B,6,11.7,,
551657.0,22383,6,9.9,,
551658.0,22423,1,12.75,,
551659.0,POST,1,18.0,,
551660.0,POST,6,108.0,,
551661.0,22383,4,6.6,,
551662.0,22720,2,9.9,,
551663.0,85099B,4,7.8,,
551664.0,84879,1,1.69,,
551665.0,22383,12,19.8,,
551666.0,22423,24,306.0,,
551667.0,84879,4,6.76,,
551668.0,22086,1,2.95,,
551669.0,85123A,6,15.3,,
551670.0,22720,1,4.95,,
551671.0,22423,12,153.0,,
551672.0,21212,1,0.55,,
551673.0,85123A,24,61.2,,
551674.0,47566,6,29.7,,
551675.0,22720,2,9.9,,
551676.0,85123A,2,5.1,,
551677.0,POST,4,72.0,,
551678.0,47566,2,9.9,,
551679.0,47566,6,29.7,,
551680.0,POST,1,18.0,,
551681.0,21212,2,1.1,,
551682.0,22086,2,5.9,,
551683.0,84879,2,3.38,,
551684.0,85099B,12,23.4,,
551685.0,47566,1,4.95,,
551686.0,POST,24,432.0,,
551687.0,47566,2,9.9,,
551688.0,22423,6,76.5,,
551689.0,22383,6,9.9,,
551690.0,22720,2,9.9,,
551691.0,84879,2,3.38,,
551692.0,22423,2,25.5,,
551693.0,POST,2,36.0,,
551694.0,22423,4,51.0,,
551695.0,22720,2,9.9,,
115330.0,22423,1,0.0,,
551697.0,POST,1,18.0,,
551698.0,POST,6,108.0,,
551699.0,22086,1,2.95,,
551700.0,85099B,4,7.8,,
551701.0,22423,2,25.5,,
551702.0,22720,4,19.8,,
551703.0,POST,1,18.0,,
551704.0,POST,6,108.0,,
551705.0,21212,2,1.1,,
551706.0,84879,2,3.38,,
551707.0,22423,4,51.0,,
551708.0,22086,2,5.9,,
551709.0,POST,1,18.0,,
551710.0,85099B,4,7.8,,
551711.0,22423,1,12.75,,
551712.0,47566,4,19.8,,
551713.0,POST,1,18.0,,
551714.0,84879,2,3.38,,
551715.0,22423,2,25.5,,
551716.0,85123A,1,2.55,,
551717.0,47566,1,4.95,,
551718.0,POST,1,18.0,,
551719.0,21212,1,0.55,,
551720.0,47566,4,19.8,,
551721.0,22383,4,6.6,,
551722.0,85123A,1,2.55,,
551723.0,22423,1,12.75,,
551724.0,84879,2,3.38,,
551725.0,84879,1,1.69,,
551726.0,22423,1,12.75,,
551727.0,22086,2,5.9,,
551728.0,22383,4,6.6,,
551729.0,21212,12,6.6,,
551730.0,POST,2,36.0,,
551731.0,47566,6,29.7,,
551732.0,22383,6,9.9,,
551733.0,84879,4,6.76,,
115368.0,85099B,1,0.0,,
551735.0,21212,12,6.6,,
551736.0,85123A,6,15.3,,
551737.0,22423,1,12.75,,
115372.0,85099B,1,0.0,,
551739.0,22720,1,4.95,,
551740.0,85099B,2,3.9,,
551741.0,85123A,2,5.1,,
551742.0,22086,1,2.95,,
551743.0,22086,4,11.8,,
551744.0,21212,4,2.2,,
551745.0,84879,6,10.14,,
551746.0,22720,2,9.9,,
551747.0,22423,1,12.75,,
551748.0,85123A,6,15.3,,
551749.0,POST,4,72.0,,
551750.0,22383,2,3.3,,
551751.0,22720,2,9.9,,
551752.0,22086,12,35.4,,
551753.0,22383,2,3.3,,
551754.0,85123A,2,5.1,,
551755.0,22720,6,29.7,,
551756.0,22423,6,76.5,,
551757.0,47566,2,9.9,,
551758.0,85099B,1,1.95,,
551759.0,85123A,1,2.55,,
551760.0,85123A,4,10.2,,
551761.0,22086,2,5.9,,
551762.0,POST,2,36.0,,
551763.0,84879,6,10.14,,
551764.0,85123A,6,15.3,,
551765.0,85123A,6,15.3,,
551766.0,22086,4,11.8,,
551767.0,84879,1,1.69,,
551768.0,47566,1,4.95,,
551769.0,22423,1,12.75,,
551770.0,47566,6,29.7,,
551771.0,85123A,4,10.2,,
551772.0,POST,6,108.0,,
551773.0,22086,6,17.7,,
551774.0,22720,1,4.95,,
551775.0,84879,1,1.69,,
551776.0,47566,4,19.8,,
551777.0,POST,1,18.0,,
551778.0,84879,12,20.28,,
551779.0,22383,6,9.9,,
551780.0,22086,1,2.95,,
551781.0,22383,12,19.8,,
551782.0,84879,2,3.38,,
551783.0,21212,6,3.3,,
115418.0,21212,1,0.0,,
551785.0,POST,1,18.0,,
551786.0,22383,1,1.65,,
551787.0,POST,24,432.0,,
551788.0,22383,4,6.6,,
115423.0,21212,1,0.0,,
551790.0,84879,6,10.14,,
115425.0,85123A,1,0.0,,
551792.0,85099B,1,1.95,,
551793.0,47566,1,4.95,,
551794.0,22383,1,1.65,,
551795.0,22423,1,12.75,,
551796.0,22086,1,2.95,,
551797.0,21212,1,0.55,,
551798.0,22423,4,51.0,,
551799.0,84879,6,10.14,,
551800.0,85099B,1,1.95,,
551801.0,21212,6,3.3,,
551802.0,85099B,2,3.9,,
551803.0,47566,1,4.95,,
551804.0,21212,2,1.1,,
551805.0,POST,2,36.0,,
551806.0,47566,4,19.8,,
551807.0,22423,12,153.0,,
551808.0,85123A,2,5.1,,
551809.0,21212,12,6.6,,
551810.0,22086,2,5.9,,
551811.0,22086,2,5.9,,
551812.0,POST,4,72.0,,
551813.0,POST,1,18.0,,
551814.0,22086,6,17.7,,
551815.0,22720,1,4.95,,
551816.0,22383,1,1.65,,
551817.0,22720,12,59.4,,
551818.0,85123A,1,2.55,,
551819.0,22383,4,6.6,,
551820.0,22086,6,17.7,,
551821.0,POST,2,36.0,,
551822.0,22383,1,1.65,,
551823.0,22423,6,76.5,,
551824.0,84879,12,20.28,,
551825.0,POST,4,72.0,,
551826.0,22423,4,51.0,,
115461.0,85123A,1,0.0,,
551828.0,84879,12,20.28,,
551829.0,POST,12,216.0,,
115464.0,47566,1,0.0,,
551831.0,21212,2,1.1,,
551832.0,22383,1,1.65,,
551833.0,84879,4,6.76,,
551834.0,84879,4,6.76,,
551835.0,84879,1,1.69,,
551836.0,22383,1,1.65,,
551837.0,47566,1,4.95,,
551838.0,84879,2,3.38,,
551839.0,22720,1,4.95,,
551840.0,POST,1,18.0,,
551841.0,22383,2,3.3,,
551842.0,22086,2,5.9,,
551843.0,22720,6,29.7,,
551844.0,22086,2,5.9,,
551845.0,85123A,2,5.1,,
551846.0,22383,6,9.9,,
551847.0,POST,1,18.0,,
551848.0,22086,2,5.9,,
551849.0,POST,4,72.0,,
551850.0,22720,2,9.9,,
551851.0,22086,1,2.95,,
551852.0,22086,4,11.8,,
551853.0,22086,4,11.8,,
551854.0,85099B,1,1.95,,
551855.0,85099B,1,1.95,,
551856.0,21212,6,3.3,,
551857.0,47566,4,19.8,,
551858.0,22383,1,1.65,,
551859.0,84879,1,1.69,,
551860.0,21212,4,2.2,,
551861.0,21212,4,2.2,,
551862.0,POST,2,36.0,,
551863.0,47566,4,19.8,,
551864.0,85123A,2,5.1,,
551865.0,47566,2,9.9,,
551866.0,84879,2,3.38,,
551867.0,22383,1,1.65,,
551868.0,POST,1,18.0,,
551869.0,85099B,1,1.95,,
551870.0,22423,4,51.0,,
115505.0,85099B,1,0.0,,
551872.0,21212,1,0.55,,
551873.0,22383,2,3.3,,
551874.0,22383,2,3.3,,
551875.0,22720,6,29.7,,
551876.0,22720,4,19.8,,
551877.0,84879,24,40.56,,
551878.0,47566,6,29.7,,
551879.0,22720,2,9.9,,
551880.0,22720,1,4.95,,
551881.0,85099B,2,3.9,,
551882.0,22423,4,51.0,,
551883.0,22720,2,9.9,,
551884.0,85123A,2,5.1,,
551885.0,21212,4,2.2,,
551886.0,22423,2,25.5,,
551887.0,22086,6,17.7,,
551888.0,84879,2,3.38,,
551889.0,47566,1,4.95,,
551890.0,85123A,6,15.3,,
551891.0,22383,1,1.65,,
551892.0,47566,2,9.9,,
551893.0,85099B,1,1.95,,
551894.0,84879,1,1.69,,
551895.0,85123A,1,2.55,,
551896.0,POST,1,18.0,,
551897.0,POST,1,18.0,,
551898.0,47566,6,29.7,,
551899.0,21212,1,0.55,,
551900.0,POST,1,18.0,,
551901.0,21212,2,1.1,,
551902.0,22383,1,1.65,,
551903.0,84879,2,3.38,,
551904.0,22086,1,2.95,,
551905.0,POST,4,72.0,,
551906.0,22423,6,76.5,,
551907.0,22720,2,9.9,,
551908.0,84879,4,6.76,,
551909.0,85099B,1,1.95,,
551910.0,21212,1,0.55,,
551911.0,22720,6,29.7,,
551912.0,47566,2,9.9,,
551913.0,84879,4,6.76,,
551914.0,22720,1,4.95,,
551915.0,47566,4,19.8,,
551916.0,22423,12,153.0,,
551917.0,22720,1,4.95,,
551918.0,84879,1,1.69,,
551919.0,POST,1,18.0,,
551920.0,POST,4,72.0,,
551921.0,POST,24,432.0,,
551922.0,47566,1,4.95,,
115557.0,85123A,1,0.0,,
551924.0,21212,1,0.55,,
551925.0,22720,12,59.4,,
551926.0,21212,2,1.1,,
551927.0,85123A,4,10.2,,
551928.0,84879,1,1.69,,
551929.0,22720,4,19.8,,
551930.0,22086,24,70.8,,
551931.0,POST,1,18.0,,
551932.0,85123A,6,15.3,,
551933.0,84879,2,3.38,,
551934.0,84879,4,6.76,,
551935.0,85099B,1,1.95,,
551936.0,22423,2,25.5,,
551937.0,21212,12,6.6,,
551938.0,22086,12,35.4,,
551939.0,47566,2,9.9,,
551940.0,22720,6,29.7,,
551941.0,22383,2,3.3,,
551942.0,22423,6,76.5,,
551943.0,22383,4,6.6,,
551944.0,POST,4,72.0,,
551945.0,85123A,4,10.2,,
551946.0,84879,1,1.69,,
551947.0,85123A,4,10.2,,
551948.0,22423,6,76.5,,
551949.0,85099B,1,1.95,,
115584.0,22383,1,0.0,,
551951.0,22383,2,3.3,,
551952.0,85123A,1,2.55,,
551953.0,22423,1,12.75,,
551954.0,22086,4,11.8,,
551955.0,22086,4,11.8,,
551956.0,22383,1,1.65,,
551957.0,22720,2,9.9,,
551958.0,47566,6,29.7,,
551959.0,22720,4,19.8,,
551960.0,22720,12,59.4,,
551961.0,21212,2,1.1,,
551962.0,22383,1,1.65,,
551963.0,22423,1,12.75,,
551964.0,POST,4,72.0,,
551965.0,47566,2,9.9,,
551966.0,85099B,6,11.7,,
551967.0,21212,1,0.55,,
551968.0,22720,4,19.8,,
551969.0,22720,2,9.9,,
551970.0,85123A,2,5.1,,
551971.0,84879,2,3.38,,
115606.0,22086,1,0.0,,
551973.0,85123A,1,2.55,,
551974.0,22720,2,9.9,,
551975.0,22383,2,3.3,,
551976.0,POST,1,18.0,,
551977.0,84879,2,3.38,,
551978.0,22086,4,11.8,,
551979.0,22383,1,1.65,,
551980.0,22383,12,19.8,,
551981.0,21212,1,0.55,,
551982.0,21212,1,0.55,,
551983.0,85099B,4,7.8,,
551984.0,22086,24,70.8,,
551985.0,21212,2,1.1,,
551986.0,85123A,6,15.3,,
551987.0,22086,12,35.4,,
551988.0,22720,12,59.4,,
551989.0,22086,2,5.9,,
551990.0,22720,6,29.7,,
551991.0,85099B,6,11.7,,
551992.0,22383,6,9.9,,
551993.0,21212,1,0.55,,
551994.0,85123A,1,2.55,,
551995.0,85099B,1,1.95,,
551996.0,47566,2,9.9,,
551997.0,22086,6,17.7,,
551998.0,84879,2,3.38,,
551999.0,47566,4,19.8,,
552000.0,22720,2,9.9,,
552001.0,22423,2,25.5,,
552002.0,84879,1,1.69,,
552003.0,22720,24,118.8,,
552004.0,22383,1,1.65,,
552005.0,22423,2,25.5,,
552006.0,22720,4,19.8,,
552007.0,84879,6,10.14,,
552008.0,22720,1,4.95,,
552009.0,21212,2,1.1,,
552010.0,22423,4,51.0,,
552011.0,21212,12,6.6,,
552012.0,22423,6,76.5,,
552013.0,85099B,2,3.9,,
552014.0,22423,1,12.75,,
552015.0,47566,4,19.8,,
552016.0,22086,6,17.7,,
552017.0,85123A,2,5.1,,
552018.0,22086,2,5.9,,
552019.0,22086,1,2.95,,
552020.0,85123A,6,15.3,,
115655.0,84879,1,0.0,,
552022.0,22383,1,1.65,,
552023.0,84879,2,3.38,,
552024.0,22086,1,2.95,,
552025.0,84879,2,3.38,,
552026.0,22383,1,1.65,,
552027.0,22423,4,51.0,,
552028.0,84879,6,10.14,,
552029.0,22720,1,4.95,,
115664.0,POST,1,0.0,,
552031.0,22086,2,5.9,,
552032.0,21212,1,0.55,,
552033.0,22086,1,2.95,,
552034.0,22720,4,19.8,,
552035.0,21212,24,13.2,,
552036.0,47566,1,4.95,,
552037.0,22383,4,6.6,,
552038.0,POST,12,216.0,,
552039.0,84879,6,10.14,,
552040.0,85099B,2,3.9,,
552041.0,47566,2,9.9,,
552042.0,22423,2,25.5,,
552043.0,22720,2,9.9,,
552044.0,22383,1,1.65,,
552045.0,POST,1,18.0,,
552046.0,21212,1,0.55,,
552047.0,85123A,2,5.1,,
552048.0,47566,4,19.8,,
552049.0,22086,6,17.7,,
552050.0,21212,4,2.2,,
552051.0,22423,1,12.75,,
552052.0,22383,6,9.9,,
552053.0,85099B,2,3.9,,
552054.0,POST,2,36.0,,
552055.0,22086,6,17.7,,
552056.0,22383,4,6.6,,
552057.0,22086,1,2.95,,
552058.0,85099B,2,3.9,,
552059.0,85123A,1,2.55,,
552060.0,84879,4,6.76,,
552061.0,21212,4,2.2,,
552062.0,85123A,6,15.3,,
552063.0,22720,1,4.95,,
552064.0,POST,4,72.0,,
552065.0,22720,2,9.9,,
552066.0,84879,1,1.69,,
552067.0,22383,12,19.8,,
552068.0,84879,2,3.38,,
552069.0,84879,12,20.28,,
552070.0,22423,4,51.0,,
552071.0,21212,1,0.55,,
552072.0,47566,4,19.8,,
552073.0,84879,6,10.14,,
552074.0,POST,6,108.0,,
552075.0,85123A,4,10.2,,
552076.0,21212,6,3.3,,
552077.0,84879,2,3.38,,
552078.0,85123A,1,2.55,,
552079.0,47566,12,59.4,,
552080.0,47566,1,4.95,,
552081.0,22423,2,25.5,,
552082.0,22383,1,1.65,,
552083.0,47566,1,4.95,,
552084.0,22720,1,4.95,,
552085.0,85123A,1,2.55,,
552086.0,21212,2,1.1,,
552087.0,22383,12,19.8,,
552088.0,47566,12,59.4,,
552089.0,21212,6,3.3,,
552090.0,84879,2,3.38,,
552091.0,84879,1,1.69,,
552092.0,21212,6,3.3,,
552093.0,47566,2,9.9,,
552094.0,21212,1,0.55,,
552095.0,22720,2,9.9,,
552096.0,22086,1,2.95,,
552097.0,85123A,12,30.6,,
552098.0,85099B,1,1.95,,
552099.0,22423,24,306.0,,
552100.0,85123A,2,5.1,,
552101.0,47566,6,29.7,,
552102.0,47566,6,29.7,,
115737.0,85123A,1,0.0,,
552104.0,22383,1,1.65,,
552105.0,84879,1,1.69,,
552106.0,22086,1,2.95,,
552107.0,85123A,1,2.55,,
552108.0,22423,2,25.5,,
552109.0,21212,2,1.1,,
552110.0,22086,1,2.95,,
552111.0,22383,4,6.6,,
552112.0,22383,4,6.6,,
552113.0,22720,1,4.95,,
552114.0,47566,4,19.8,,
552115.0,22086,1,2.95,,
552116.0,POST,6,108.0,,
552117.0,POST,4,72.0,,
552118.0,85099B,2,3.9,,
552119.0,POST,1,18.0,,
552120.0,85123A,2,5.1,,
552121.0,84879,1,1.69,,
552122.0,POST,6,108.0,,
552123.0,85099B,2,3.9,,
552124.0,21212,1,0.55,,
552125.0,22086,2,5.9,,
552126.0,22086,1,2.95,,
552127.0,22720,2,9.9,,
552128.0,85099B,1,1.95,,
552129.0,22423,4,51.0,,
552130.0,POST,2,36.0,,
552131.0,22720,1,4.95,,
552132.0,22720,2,9.9,,
552133.0,85123A,12,30.6,,
552134.0,22720,2,9.9,,
552135.0,85123A,2,5.1,,
552136.0,85123A,1,2.55,,
552137.0,85123A,6,15.3,,
552138.0,22720,1,4.95,,
552139.0,POST,2,36.0,,
552140.0,84879,2,3.38,,
552141.0,85123A,2,5.1,,
552142.0,22383,1,1.65,,
552143.0,22086,1,2.95,,
552144.0,22720,1,4.95,,
552145.0,84879,1,1.69,,
552146.0,22383,4,6.6,,
552147.0,21212,6,3.3,,
552148.0,85123A,6,15.3,,
552149.0,POST,12,216.0,,
552150.0,85099B,2,3.9,,
552151.0,22720,1,4.95,,
552152.0,22086,6,17.7,,
552153.0,POST,1,18.0,,
552154.0,84879,1,1.69,,
552155.0,22423,1,12.75,,
552156.0,47566,4,19.8,,
552157.0,47566,2,9.9,,
552158.0,85099B,2,3.9,,
552159.0,21212,2,1.1,,
552160.0,21212,2,1.1,,
552161.0,85123A,2,5.1,,
552162.0,21212,6,3.3,,
552163.0,POST,1,18.0,,
552164.0,85123A,6,15.3,,
552165.0,22086,2,5.9,,
552166.0,22720,12,59.4,,
552167.0,85099B,1,1.95,,
552168.0,POST,1,18.0,,
552169.0,22086,1,2.95,,
552170.0,85099B,4,7.8,,
552171.0,22086,4,11.8,,
552172.0,22383,2,3.3,,
552173.0,47566,1,4.95,,
552174.0,POST,1,18.0,,
552175.0,85099B,1,1.95,,
552176.0,84879,1,1.69,,
552177.0,85123A,6,15.3,,
552178.0,21212,1,0.55,,
115813.0,22383,1,0.0,,
552180.0,85123A,1,2.55,,
552181.0,22086,1,2.95,,
552182.0,22383,12,19.8,,
552183.0,84879,12,20.28,,
552184.0,21212,1,0.55,,
552185.0,22383,1,1.65,,
552186.0,47566,4,19.8,,
552187.0,21212,1,0.55,,
552188.0,85099B,2,3.9,,
552189.0,POST,4,72.0,,
115824.0,22086,1,0.0,,
552191.0,22720,1,4.95,,
552192.0,85123A,6,15.3,,
552193.0,85123A,6,15.3,,
552194.0,47566,2,9.9,,
115829.0,85123A,1,0.0,,
552196.0,POST,4,72.0,,
552197.0,22086,6,17.7,,
552198.0,21212,2,1.1,,
552199.0,47566,4,19.8,,
552200.0,47566,1,4.95,,
552201.0,85123A,6,15.3,,
552202.0,22383,1,1.65,,
552203.0,21212,2,1.1,,
552204.0,47566,1,4.95,,
552205.0,POST,4,72.0,,
552206.0,POST,6,108.0,,
552207.0,22720,6,29.7,,
552208.0,21212,4,2.2,,
552209.0,85099B,6,11.7,,
552210.0,22383,1,1.65,,
552211.0,85123A,1,2.55,,
552212.0,21212,24,13.2,,
552213.0,22086,1,2.95,,
552214.0,22086,4,11.8,,
552215.0,85099B,2,3.9,,
552216.0,22720,6,29.7,,
552217.0,POST,1,18.0,,
552218.0,21212,6,3.3,,
552219.0,22423,2,25.5,,
552220.0,22086,6,17.7,,
552221.0,47566,1,4.95,,
552222.0,84879,1,1.69,,
552223.0,21212,2,1.1,,
552224.0,85123A,2,5.1,,
552225.0,22423,1,12.75,,
552226.0,85123A,2,5.1,,
552227.0,22086,1,2.95,,
552228.0,22423,6,76.5,,
552229.0,POST,12,216.0,,
115864.0,85123A,1,0.0,,
552231.0,22720,1,4.95,,
552232.0,21212,1,0.55,,
552233.0,47566,1,4.95,,
552234.0,84879,1,1.69,,
552235.0,22720,6,29.7,,
552236.0,22383,6,9.9,,
552237.0,85099B,2,3.9,,
552238.0,22423,4,51.0,,
552239.0,POST,6,108.0,,
552240.0,84879,2,3.38,,
552241.0,85099B,1,1.95,,
552242.0,22383,2,3.3,,
552243.0,85123A,12,30.6,,
552244.0,85099B,1,1.95,,
552245.0,22720,2,9.9,,
552246.0,POST,1,18.0,,
552247.0,22086,1,2.95,,
552248.0,22423,1,12.75,,
552249.0,22423,1,12.75,,
552250.0,84879,6,10.14,,
552251.0,21212,2,1.1,,
552252.0,22423,12,153.0,,
552253.0,21212,1,0.55,,
552254.0,47566,1,4.95,,
552255.0,22383,6,9.9,,
552256.0,22720,4,19.8,,
552257.0,84879,12,20.28,,
552258.0,22423,2,25.5,,
552259.0,84879,1,1.69,,
552260.0,47566,2,9.9,,
552261.0,22423,4,51.0,,
552262.0,22086,12,35.4,,
552263.0,21212,6,3.3,,
552264.0,22720,2,9.9,,
552265.0,22720,4,19.8,,
552266.0,22383,2,3.3,,
552267.0,84879,2,3.38,,
552268.0,POST,1,18.0,,
552269.0,84879,2,3.38,,
552270.0,22720,6,29.7,,
552271.0,84879,4,6.76,,
552272.0,22423,1,12.75,,
552273.0,85099B,1,1.95,,
552274.0,22383,4,6.6,,
552275.0,POST,12,216.0,,
552276.0,21212,12,6.6,,
552277.0,22383,6,9.9,,
552278.0,22383,4,6.6,,
552279.0,47566,1,4.95,,
552280.0,POST,1,18.0,,
552281.0,22720,1,4.95,,
552282.0,22086,1,2.95,,
552283.0,47566,2,9.9,,
552284.0,85123A,1,2.55,,
552285.0,22423,1,12.75,,
552286.0,22423,4,51.0,,
552287.0,22720,1,4.95,,
552288.0,85099B,2,3.9,,
552289.0,22720,4,19.8,,
552290.0,22383,1,1.65,,
552291.0,85099B,6,11.7,,
552292.0,22423,1,12.75,,
552293.0,85099B,4,7.8,,
552294.0,47566,2,9.9,,
115929.0,21212,1,0.0,,
552296.0,22720,1,4.95,,
552297.0,22720,6,29.7,,
552298.0,85123A,6,15.3,,
552299.0,POST,2,36.0,,
115934.0,22423,1,0.0,,
552301.0,84879,24,40.56,,
552302.0,22423,2,25.5,,
552303.0,21212,4,2.2,,
552304.0,22720,2,9.9,,
552305.0,21212,12,6.6,,
552306.0,22383,1,1.65,,
552307.0,47566,1,4.95,,
552308.0,84879,2,3.38,,
552309.0,22423,1,12.75,,
552310.0,22720,1,4.95,,
552311.0,85099B,6,11.7,,
552312.0,22383,2,3.3,,
552313.0,22086,2,5.9,,
552314.0,22423,1,12.75,,
552315.0,85123A,4,10.2,,
552316.0,85099B,1,1.95,,
552317.0,22383,2,3.3,,
552318.0,21212,4,2.2,,
552319.0,POST,1,18.0,,
552320.0,47566,2,9.9,,
552321.0,21212,4,2.2,,
552322.0,85123A,2,5.1,,
552323.0,85123A,1,2.55,,
552324.0,22086,24,70.8,,
552325.0,84879,24,40.56,,
552326.0,84879,2,3.38,,
552327.0,POST,1,18.0,,
552328.0,22720,1,4.95,,
552329.0,22086,1,2.95,,
552330.0,47566,2,9.9,,
552331.0,85099B,4,7.8,,
552332.0,47566,2,9.9,,
552333.0,22383,4,6.6,,
552334.0,21212,4,2.2,,
552335.0,22086,6,17.7,,
552336.0,22423,4,51.0,,
552337.0,85099B,4,7.8,,
552338.0,22383,2,3.3,,
552339.0,22720,1,4.95,,
552340.0,22720,4,19.8,,
552341.0,22720,4,19.8,,
552342.0,85099B,1,1.95,,
552343.0,85099B,2,3.9,,
552344.0,22086,6,17.7,,
552345.0,85099B,2,3.9,,
552346.0,22720,2,9.9,,
552347.0,22423,6,76.5,,
552348.0,84879,2,3.38,,
552349.0,85099B,4,7.8,,
552350.0,POST,1,18.0,,
552351.0,22086,4,11.8,,
552352.0,85123A,24,61.2,,
552353.0,21212,1,0.55,,
552354.0,47566,1,4.95,,
552355.0,85099B,2,3.9,,
552356.0,22423,2,25.5,,
552357.0,21212,4,2.2,,
552358.0,85099B,6,11.7,,
552359.0,85123A,1,2.55,,
552360.0,22383,1,1.65,,
552361.0,84879,1,1.69,,
552362.0,POST,2,36.0,,
552363.0,22383,2,3.3,,
552364.0,47566,4,19.8,,
552365.0,POST,1,18.0,,
552366.0,21212,24,13.2,,
552367.0,85099B,12,23.4,,
552368.0,22423,1,12.75,,
552369.0,22720,4,19.8,,
552370.0,47566,4,19.8,,
552371.0,85099B,4,7.8,,
552372.0,22423,2,25.5,,
552373.0,47566,4,19.8,,
552374.0,22423,2,25.5,,
552375.0,85123A,1,2.55,,
116010.0,22720,1,0.0,,
552377.0,47566,4,19.8,,
116012.0,85123A,1,0.0,,
552379.0,22383,12,19.8,,
552380.0,22720,4,19.8,,
552381.0,POST,4,72.0,,
552382.0,84879,2,3.38,,
552383.0,47566,6,29.7,,
552384.0,21212,1,0.55,,
552385.0,POST,1,18.0,,
552386.0,22383,1,1.65,,
552387.0,85123A,2,5.1,,
552388.0,85123A,1,2.55,,
552389.0,84879,4,6.76,,
552390.0,21212,1,0.55,,
552391.0,22086,1,2.95,,
552392.0,22383,2,3.3,,
552393.0,47566,1,4.95,,
552394.0,POST,2,36.0,,
552395.0,85099B,4,7.8,,
552396.0,84879,2,3.38,,
552397.0,22086,4,11.8,,
552398.0,22423,1,12.75,,
116033.0,47566,1,0.0,,
552400.0,85099B,2,3.9,,
552401.0,85099B,2,3.9,,
552402.0,84879,12,20.28,,
552403.0,22720,1,4.95,,
552404.0,22383,12,19.8,,
552405.0,22086,6,17.7,,
552406.0,47566,6,29.7,,
552407.0,85123A,6,15.3,,
552408.0,47566,6,29.7,,
552409.0,22720,1,4.95,,
552410.0,22423,1,12.75,,
552411.0,84879,2,3.38,,
552412.0,22423,2,25.5,,
552413.0,22086,1,2.95,,
552414.0,22720,1,4.95,,
552415.0,POST,1,18.0,,
552416.0,POST,1,18.0,,
552417.0,47566,2,9.9,,
552418.0,21212,4,2.2,,
552419.0,22086,6,17.7,,
552420.0,22086,1,2.95,,
552421.0,22086,4,11.8,,
552422.0,85099B,2,3.9,,
552423.0,22720,4,19.8,,
552424.0,21212,1,0.55,,
552425.0,85099B,4,7.8,,
552426.0,85123A,4,10.2,,
552427.0,21212,1,0.55,,
552428.0,85123A,12,30.6,,
552429.0,85123A,2,5.1,,
552430.0,47566,1,4.95,,
552431.0,POST,1,18.0,,
552432.0,85099B,1,1.95,,
552433.0,47566,4,19.8,,
552434.0,22720,1,4.95,,
552435.0,22383,1,1.65,,
552436.0,47566,6,29.7,,
552437.0,22086,6,17.7,,
552438.0,47566,2,9.9,,
552439.0,22423,1,12.75,,
552440.0,22720,2,9.9,,
552441.0,85123A,6,15.3,,
552442.0,85099B,1,1.95,,
552443.0,22383,1,1.65,,
552444.0,85099B,6,11.7,,
552445.0,22423,1,12.75,,
552446.0,22720,4,19.8,,
552447.0,85123A,6,15.3,,
552448.0,22086,6,17.7,,
552449.0,85123A,1,2.55,,
552450.0,85099B,2,3.9,,
552451.0,22383,1,1.65,,
552452.0,85123A,1,2.55,,
552453.0,22720,4,19.8,,
552454.0,21212,12,6.6,,
552455.0,POST,1,18.0,,
552456.0,POST,2,36.0,,
552457.0,22720,6,29.7,,
552458.0,84879,1,1.69,,
552459.0,POST,4,72.0,,
552460.0,47566,1,4.95,,
116095.0,22086,1,0.0,,
552462.0,21212,6,3.3,,
552463.0,47566,1,4.95,,
552464.0,84879,1,1.69,,
552465.0,22423,1,12.75,,
552466.0,22720,2,9.9,,
552467.0,85099B,2,3.9,,
552468.0,22720,6,29.7,,
552469.0,POST,2,36.0,,
552470.0,85099B,2,3.9,,
552471.0,85123A,1,2.55,,
552472.0,22383,2,3.3,,
552473.0,22086,1,2.95,,
552474.0,POST,2,36.0,,
552475.0,21212,12,6.6,,
552476.0,22086,6,17.7,,
552477.0,85099B,6,11.7,,
552478.0,21212,1,0.55,,
552479.0,22720,2,9.9,,
552480.0,22383,1,1.65,,
552481.0,22720,4,19.8,,
552482.0,47566,1,4.95,,
552483.0,22720,2,9.9,,
552484.0,22423,1,12.75,,
552485.0,22423,12,153.0,,
552486.0,22423,1,12.75,,
552487.0,85123A,1,2.55,,
552488.0,84879,2,3.38,,
552489.0,85099B,2,3.9,,
552490.0,21212,1,0.55,,
552491.0,22720,6,29.7,,
552492.0,47566,12,59.4,,
552493.0,22423,1,12.75,,
552494.0,85099B,1,1.95,,
552495.0,84879,1,1.69,,
116130.0,21212,1,0.0,,
552497.0,22720,1,4.95,,
552498.0,22383,2,3.3,,
552499.0,22383,6,9.9,,
552500.0,85123A,1,2.55,,
552501.0,21212,12,6.6,,
552502.0,84879,1,1.69,,
552503.0,85123A,1,2.55,,
552504.0,85099B,1,1.95,,
552505.0,22383,4,6.6,,
552506.0,85099B,2,3.9,,
552507.0,22720,24,118.8,,
552508.0,85099B,4,7.8,,
552509.0,22086,1,2.95,,
552510.0,21212,6,3.3,,
552511.0,POST,12,216.0,,
552512.0,22383,2,3.3,,
552513.0,POST,6,108.0,,
552514.0,21212,2,1.1,,
552515.0,22383,2,3.3,,
552516.0,22383,1,1.65,,
552517.0,POST,1,18.0,,
552518.0,22383,12,19.8,,
552519.0,47566,1,4.95,,
552520.0,47566,2,9.9,,
552521.0,47566,4,19.8,,
552522.0,85099B,6,11.7,,
552523.0,85123A,6,15.3,,
552524.0,21212,2,1.1,,
552525.0,22423,4,51.0,,
552526.0,21212,1,0.55,,
552527.0,21212,1,0.55,,
552528.0,47566,6,29.7,,
552529.0,22423,2,25.5,,
552530.0,84879,24,40.56,,
552531.0,84879,2,3.38,,
552532.0,22720,6,29.7,,
552533.0,22086,2,5.9,,
552534.0,21212,1,0.55,,
552535.0,22086,4,11.8,,
552536.0,22086,6,17.7,,
552537.0,84879,2,3.38,,
552538.0,85123A,1,2.55,,
552539.0,22383,2,3.3,,
552540.0,22423,2,25.5,,
552541.0,22423,6,76.5,,
552542.0,POST,12,216.0,,
552543.0,84879,4,6.76,,
552544.0,22423,1,12.75,,
552545.0,47566,12,59.4,,
552546.0,POST,12,216.0,,
552547.0,85099B,24,46.8,,
552548.0,POST,1,18.0,,
552549.0,POST,6,108.0,,
552550.0,22383,1,1.65,,
552551.0,84879,1,1.69,,
552552.0,84879,1,1.69,,
552553.0,47566,6,29.7,,
552554.0,47566,1,4.95,,
552555.0,22423,1,12.75,,
552556.0,POST,1,18.0,,
552557.0,84879,2,3.38,,
552558.0,22423,6,76.5,,
552559.0,47566,1,4.95,,
552560.0,POST,6,108.0,,
552561.0,22423,4,51.0,,
552562.0,POST,12,216.0,,
552563.0,47566,4,19.8,,
552564.0,85123A,1,2.55,,
552565.0,22720,4,19.8,,
552566.0,85099B,4,7.8,,
552567.0,85099B,6,11.7,,
552568.0,21212,2,1.1,,
552569.0,85123A,12,30.6,,
552570.0,22086,12,35.4,,
552571.0,22423,2,25.5,,
552572.0,85123A,6,15.3,,
552573.0,85099B,4,7.8,,
552574.0,85099B,2,3.9,,
552575.0,85123A,1,2.55,,
552576.0,22086,1,2.95,,
552577.0,22423,12,153.0,,
552578.0,POST,1,18.0,,
552579.0,47566,2,9.9,,
552580.0,22086,1,2.95,,
552581.0,22383,2,3.3,,
552582.0,22720,1,4.95,,
552583.0,22086,6,17.7,,
552584.0,21212,2,1.1,,
552585.0,POST,6,108.0,,
552586.0,22720,1,4.95,,
552587.0,85123A,1,2.55,,
552588.0,22086,4,11.8,,
552589.0,84879,2,3.38,,
552590.0,85123A,2,5.1,,
552591.0,84879,1,1.69,,
552592.0,47566,2,9.9,,
552593.0,22086,12,35.4,,
552594.0,22720,1,4.95,,
552595.0,22383,2,3.3,,
552596.0,22720,4,19.8,,
552597.0,22720,6,29.7,,
552598.0,47566,2,9.9,,
552599.0,22423,1,12.75,,
552600.0,POST,1,18.0,,
552601.0,POST,2,36.0,,
552602.0,21212,1,0.55,,
552603.0,85099B,6,11.7,,
552604.0,85123A,6,15.3,,
552605.0,22383,2,3.3,,
552606.0,85099B,6,11.7,,
552607.0,POST,2,36.0,,
552608.0,POST,24,432.0,,
552609.0,85123A,2,5.1,,
552610.0,84879,1,1.69,,
552611.0,POST,2,36.0,,
552612.0,22720,6,29.7,,
552613.0,84879,6,10.14,,
552614.0,47566,2,9.9,,
552615.0,POST,2,36.0,,
552616.0,22383,1,1.65,,
552617.0,84879,2,3.38,,
552618.0,85123A,4,10.2,,
552619.0,22383,12,19.8,,
552620.0,21212,6,3.3,,
552621.0,85099B,12,23.4,,
552622.0,22086,1,2.95,,
116257.0,21212,1,0.0,,
552624.0,22720,2,9.9,,
552625.0,22720,12,59.4,,
552626.0,85123A,4,10.2,,
552627.0,21212,2,1.1,,
552628.0,21212,1,0.55,,
552629.0,22423,1,12.75,,
552630.0,85099B,1,1.95,,
552631.0,84879,12,20.28,,
552632.0,22720,1,4.95,,
552633.0,22720,2,9.9,,
552634.0,22423,2,25.5,,
552635.0,POST,12,216.0,,
552636.0,22423,12,153.0,,
552637.0,85099B,12,23.4,,
552638.0,85099B,6,11.7,,
552639.0,47566,1,4.95,,
552640.0,85099B,6,11.7,,
552641.0,85123A,1,2.55,,
552642.0,22423,6,76.5,,
552643.0,21212,2,1.1,,
552644.0,POST,2,36.0,,
552645.0,POST,2,36.0,,
552646.0,85099B,1,1.95,,
552647.0,47566,2,9.9,,
552648.0,84879,6,10.14,,
552649.0,22086,1,2.95,,
552650.0,47566,6,29.7,,
552651.0,POST,1,18.0,,
552652.0,POST,1,18.0,,
552653.0,22423,1,12.75,,
552654.0,POST,1,18.0,,
552655.0,47566,2,9.9,,
552656.0,84879,1,1.69,,
552657.0,POST,6,108.0,,
552658.0,84879,2,3.38,,
552659.0,84879,6,10.14,,
552660.0,22383,2,3.3,,
552661.0,22383,1,1.65,,
552662.0,22423,2,25.5,,
552663.0,22383,6,9.9,,
552664.0,22720,4,19.8,,
552665.0,84879,1,1.69,,
552666.0,22423,2,25.5,,
552667.0,85099B,2,3.9,,
552668.0,22720,1,4.95,,
552669.0,85099B,2,3.9,,
552670.0,85123A,1,2.55,,
116305.0,22383,1,0.0,,
552672.0,22423,2,25.5,,
552673.0,85099B,1,1.95,,
552674.0,22423,2,25.5,,
552675.0,22720,1,4.95,,
552676.0,84879,6,10.14,,
552677.0,POST,4,72.0,,
552678.0,21212,4,2.2,,
116313.0,47566,1,0.0,,
552680.0,22086,1,2.95,,
552681.0,21212,2,1.1,,
552682.0,22086,4,11.8,,
552683.0,22086,1,2.95,,
552684.0,22086,2,5.9,,
552685.0,22086,1,2.95,,
552686.0,21212,6,3.3,,
552687.0,22383,1,1.65,,
552688.0,47566,2,9.9,,
552689.0,POST,2,36.0,,
552690.0,22720,1,4.95,,
552691.0,22423,1,12.75,,
552692.0,22720,1,4.95,,
552693.0,85123A,2,5.1,,
552694.0,22086,2,5.9,,
552695.0,21212,1,0.55,,
552696.0,84879,1,1.69,,
552697.0,22383,1,1.65,,
552698.0,47566,2,9.9,,
552699.0,85099B,2,3.9,,
552700.0,22720,6,29.7,,
552701.0,22383,4,6.6,,
552702.0,47566,6,29.7,,
552703.0,84879,2,3.38,,
552704.0,84879,1,1.69,,
552705.0,POST,1,18.0,,
552706.0,22086,1,2.95,,
552707.0,84879,24,40.56,,
552708.0,47566,4,19.8,,
552709.0,22720,1,4.95,,
552710.0,22720,12,59.4,,
552711.0,84879,24,40.56,,
552712.0,84879,4,6.76,,
552713.0,21212,1,0.55,,
552714.0,21212,6,3.3,,
552715.0,22383,2,3.3,,
552716.0,84879,1,1.69,,
116351.0,22423,1,0.0,,
552718.0,84879,4,6.76,,
552719.0,22086,6,17.7,,
552720.0,85123A,1,2.55,,
552721.0,22423,2,25.5,,
552722.0,POST,1,18.0,,
552723.0,47566,2,9.9,,
552724.0,22423,2,25.5,,
552725.0,22086,2,5.9,,
552726.0,85123A,2,5.1,,
552727.0,22383,1,1.65,,
552728.0,85099B,1,1.95,,
552729.0,85099B,4,7.8,,
552730.0,21212,4,2.2,,
552731.0,85099B,2,3.9,,
552732.0,22423,4,51.0,,
552733.0,22086,2,5.9,,
552734.0,POST,1,18.0,,
552735.0,22383,1,1.65,,
552736.0,POST,2,36.0,,
552737.0,84879,2,3.38,,
552738.0,21212,2,1.1,,
552739.0,85099B,6,11.7,,
552740.0,22423,1,12.75,,
552741.0,47566,2,9.9,,
552742.0,21212,24,13.2,,
552743.0,47566,12,59.4,,
552744.0,85099B,1,1.95,,
552745.0,22720,6,29.7,,
552746.0,84879,1,1.69,,
552747.0,21212,1,0.55,,
552748.0,47566,1,4.95,,
552749.0,47566,1,4.95,,
552750.0,POST,24,432.0,,
552751.0,POST,1,18.0,,
552752.0,22720,2,9.9,,
552753.0,47566,4,19.8,,
552754.0,22720,1,4.95,,
552755.0,85123A,1,2.55,,
552756.0,47566,2,9.9,,
552757.0,21212,1,0.55,,
552758.0,22720,2,9.9,,
552759.0,22720,1,4.95,,
552760.0,47566,2,9.9,,
116395.0,22720,1,0.0,,
552762.0,85123A,2,5.1,,
552763.0,22720,1,4.95,,
552764.0,84879,1,1.69,,
552765.0,85099B,1,1.95,,
552766.0,85123A,2,5.1,,
116401.0,85099B,1,0.0,,
552768.0,47566,1,4.95,,
552769.0,84879,2,3.38,,
552770.0,21212,6,3.3,,
552771.0,21212,1,0.55,,
116406.0,84879,1,0.0,,
552773.0,47566,2,9.9,,
552774.0,22086,24,70.8,,
552775.0,47566,6,29.7,,
552776.0,84879,2,3.38,,
552777.0,85099B,2,3.9,,
552778.0,85099B,2,3.9,,
552779.0,84879,6,10.14,,
552780.0,47566,1,4.95,,
552781.0,22423,1,12.75,,
116416.0,84879,1,0.0,,
552783.0,22720,1,4.95,,
552784.0,84879,6,10.14,,
552785.0,85099B,2,3.9,,
552786.0,POST,2,36.0,,
552787.0,POST,4,72.0,,
552788.0,22720,1,4.95,,
552789.0,84879,6,10.14,,
552790.0,85099B,6,11.7,,
552791.0,85123A,1,2.55,,
552792.0,22383,4,6.6,,
552793.0,22383,1,1.65,,
552794.0,85123A,1,2.55,,
552795.0,85099B,2,3.9,,
552796.0,POST,1,18.0,,
552797.0,21212,4,2.2,,
552798.0,84879,2,3.38,,
552799.0,85099B,2,3.9,,
552800.0,22423,6,76.5,,
552801.0,22086,4,11.8,,
552802.0,22383,2,3.3,,
552803.0,22720,2,9.9,,
552804.0,85123A,2,5.1,,
552805.0,85099B,2,3.9,,
552806.0,POST,2,36.0,,
116441.0,85099B,1,0.0,,
552808.0,22086,24,70.8,,
552809.0,22383,6,9.9,,
552810.0,22423,12,153.0,,
552811.0,84879,12,20.28,,
552812.0,85099B,2,3.9,,
552813.0,21212,1,0.55,,
552814.0,84879,12,20.28,,
552815.0,POST,1,18.0,,
552816.0,22720,1,4.95,,
552817.0,85123A,6,15.3,,
552818.0,85123A,1,2.55,,
552819.0,85099B,1,1.95,,
552820.0,21212,12,6.6,,
552821.0,84879,4,6.76,,
552822.0,22383,1,1.65,,
552823.0,47566,2,9.9,,
552824.0,22720,4,19.8,,
552825.0,84879,4,6.76,,
552826.0,85099B,2,3.9,,
552827.0,22720,2,9.9,,
552828.0,84879,6,10.14,,
552829.0,POST,4,72.0,,
552830.0,85099B,1,1.95,,
552831.0,22383,4,6.6,,
552832.0,21212,12,6.6,,
552833.0,21212,24,13.2,,
552834.0,47566,2,9.9,,
552835.0,84879,1,1.69,,
552836.0,22086,4,11.8,,
552837.0,POST,1,18.0,,
552838.0,22086,2,5.9,,
552839.0,47566,1,4.95,,
552840.0,21212,1,0.55,,
552841.0,21212,1,0.55,,
552842.0,85099B,1,1.95,,
552843.0,47566,1,4.95,,
552844.0,22383,1,1.65,,
552845.0,85099B,2,3.9,,
552846.0,POST,2,36.0,,
552847.0,85099B,2,3.9,,
552848.0,84879,2,3.38,,
552849.0,47566,4,19.8,,
552850.0,21212,6,3.3,,
552851.0,22720,1,4.95,,
552852.0,85099B,2,3.9,,
552853.0,22423,6,76.5,,
552854.0,47566,1,4.95,,
552855.0,84879,4,6.76,,
552856.0,84879,2,3.38,,
552857.0,22383,6,9.9,,
552858.0,22383,4,6.6,,
552859.0,85123A,6,15.3,,
552860.0,84879,2,3.38,,
552861.0,21212,4,2.2,,
552862.0,85099B,6,11.7,,
552863.0,22383,4,6.6,,
552864.0,22720,1,4.95,,
552865.0,22720,4,19.8,,
552866.0,85099B,2,3.9,,
552867.0,22423,2,25.5,,
552868.0,22086,2,5.9,,
552869.0,22423,6,76.5,,
552870.0,22720,1,4.95,,
552871.0,85123A,12,30.6,,
552872.0,85099B,1,1.95,,
552873.0,85099B,1,1.95,,
552874.0,22720,1,4.95,,
552875.0,84879,2,3.38,,
552876.0,22086,4,11.8,,
552877.0,POST,1,18.0,,
552878.0,47566,12,59.4,,
552879.0,84879,1,1.69,,
552880.0,22086,24,70.8,,
552881.0,85123A,4,10.2,,
552882.0,POST,1,18.0,,
552883.0,47566,2,9.9,,
552884.0,22720,2,9.9,,
552885.0,22383,2,3.3,,
552886.0,22720,4,19.8,,
552887.0,85123A,6,15.3,,
552888.0,POST,12,216.0,,
552889.0,84879,24,40.56,,
552890.0,22383,1,1.65,,
552891.0,22383,1,1.65,,
552892.0,22383,12,19.8,,
552893.0,85123A,2,5.1,,
552894.0,22086,2,5.9,,
552895.0,84879,1,1.69,,
552896.0,21212,1,0.55,,
552897.0,22423,6,76.5,,
552898.0,22383,4,6.6,,
552899.0,85099B,1,1.95,,
552900.0,22383,1,1.65,,
552901.0,POST,6,108.0,,
552902.0,85099B,2,3.9,,
552903.0,47566,6,29.7,,
552904.0,85123A,1,2.55,,
552905.0,22720,2,9.9,,
552906.0,22423,6,76.5,,
552907.0,22086,12,35.4,,
552908.0,84879,12,20.28,,
552909.0,22423,1,12.75,,
552910.0,22720,2,9.9,,
552911.0,22720,2,9.9,,
552912.0,21212,4,2.2,,
552913.0,22423,12,153.0,,
552914.0,22720,6,29.7,,
552915.0,22423,12,153.0,,
552916.0,22423,1,12.75,,
552917.0,22423,1,12.75,,
552918.0,47566,2,9.9,,
552919.0,22423,1,12.75,,
552920.0,22423,1,12.75,,
552921.0,21212,2,1.1,,
552922.0,POST,1,18.0,,
552923.0,84879,1,1.69,,
552924.0,POST,1,18.0,,
552925.0,22086,2,5.9,,
552926.0,22383,2,3.3,,
552927.0,22383,4,6.6,,
552928.0,84879,6,10.14,,
552929.0,85099B,1,1.95,,
552930.0,47566,1,4.95,,
552931.0,85099B,6,11.7,,
552932.0,21212,4,2.2,,
552933.0,22423,4,51.0,,
552934.0,22720,6,29.7,,
552935.0,85123A,6,15.3,,
552936.0,21212,2,1.1,,
552937.0,22720,2,9.9,,
552938.0,85099B,1,1.95,,
552939.0,POST,4,72.0,,
552940.0,22720,1,4.95,,
552941.0,21212,2,1.1,,
552942.0,47566,1,4.95,,
552943.0,22423,2,25.5,,
552944.0,22383,1,1.65,,
552945.0,22383,6,9.9,,
552946.0,85123A,1,2.55,,
116581.0,POST,1,0.0,,
552948.0,22086,2,5.9,,
552949.0,22086,6,17.7,,
552950.0,22720,2,9.9,,
552951.0,85099B,4,7.8,,
116586.0,22423,1,0.0,,
552953.0,22720,6,29.7,,
552954.0,22383,4,6.6,,
552955.0,84879,1,1.69,,
552956.0,22423,2,25.5,,
552957.0,22383,1,1.65,,
552958.0,22720,6,29.7,,
552959.0,85099B,2,3.9,,
552960.0,85123A,1,2.55,,
552961.0,21212,4,2.2,,
552962.0,22383,2,3.3,,
552963.0,22383,4,6.6,,
552964.0,85099B,1,1.95,,
552965.0,47566,24,118.8,,
552966.0,22423,1,12.75,,
552967.0,22720,1,4.95,,
552968.0,22383,1,1.65,,
552969.0,22423,1,12.75,,
552970.0,85123A,6,15.3,,
552971.0,POST,6,108.0,,
552972.0,85099B,2,3.9,,
552973.0,21212,1,0.55,,
552974.0,22086,1,2.95,,
552975.0,22423,1,12.75,,
552976.0,POST,2,36.0,,
552977.0,47566,1,4.95,,
552978.0,POST,1,18.0,,
552979.0,21212,2,1.1,,
552980.0,84879,1,1.69,,
552981.0,85099B,2,3.9,,
552982.0,21212,4,2.2,,
116617.0,85099B,1,0.0,,
552984.0,84879,6,10.14,,
552985.0,47566,2,9.9,,
552986.0,22383,2,3.3,,
552987.0,21212,4,2.2,,
552988.0,85123A,6,15.3,,
552989.0,22383,1,1.65,,
552990.0,22383,2,3.3,,
552991.0,47566,2,9.9,,
552992.0,POST,2,36.0,,
552993.0,47566,1,4.95,,
552994.0,85099B,1,1.95,,
552995.0,22086,4,11.8,,
552996.0,22383,1,1.65,,
552997.0,22086,6,17.7,,
116632.0,22720,1,0.0,,
552999.0,22383,2,3.3,,
553000.0,84879,12,20.28,,
553001.0,POST,6,108.0,,
553002.0,22086,4,11.8,,
553003.0,22423,2,25.5,,
553004.0,POST,1,18.0,,
553005.0,84879,2,3.38,,
553006.0,85099B,4,7.8,,
553007.0,POST,1,18.0,,
553008.0,22423,4,51.0,,
553009.0,POST,6,108.0,,
553010.0,22383,12,19.8,,
553011.0,22423,4,51.0,,
553012.0,21212,1,0.55,,
553013.0,85123A,1,2.55,,
553014.0,84879,12,20.28,,
553015.0,84879,2,3.38,,
553016.0,84879,4,6.76,,
553017.0,22383,2,3.3,,
553018.0,22423,1,12.75,,
553019.0,47566,1,4.95,,
553020.0,47566,2,9.9,,
553021.0,POST,6,108.0,,
553022.0,22423,6,76.5,,
553023.0,22086,1,2.95,,
553024.0,22383,2,3.3,,
553025.0,22383,4,6.6,,
553026.0,22423,1,12.75,,
553027.0,22423,2,25.5,,
553028.0,22086,1,2.95,,
553029.0,22720,4,19.8,,
553030.0,85099B,2,3.9,,
553031.0,85099B,6,11.7,,
553032.0,85123A,1,2.55,,
553033.0,84879,1,1.69,,
553034.0,47566,1,4.95,,
553035.0,85099B,6,11.7,,
553036.0,22383,2,3.3,,
553037.0,85099B,1,1.95,,
553038.0,22383,4,6.6,,
553039.0,22720,1,4.95,,
553040.0,POST,12,216.0,,
553041.0,85123A,1,2.55,,
553042.0,22383,1,1.65,,
553043.0,22086,6,17.7,,
553044.0,21212,6,3.3,,
553045.0,85123A,4,10.2,,
553046.0,22086,4,11.8,,
553047.0,22383,1,1.65,,
553048.0,22423,1,12.75,,
553049.0,22720,6,29.7,,
553050.0,47566,1,4.95,,
553051.0,84879,24,40.56,,
553052.0,22720,24,118.8,,
553053.0,22383,1,1.65,,
553054.0,POST,1,18.0,,
116689.0,22383,1,0.0,,
553056.0,85123A,2,5.1,,
553057.0,POST,4,72.0,,
553058.0,85123A,2,5.1,,
553059.0,85099B,12,23.4,,
553060.0,22086,4,11.8,,
553061.0,22086,6,17.7,,
553062.0,85123A,2,5.1,,
116697.0,22383,1,0.0,,
553064.0,22423,2,25.5,,
553065.0,85123A,1,2.55,,
553066.0,85099B,4,7.8,,
553067.0,22086,24,70.8,,
553068.0,POST,6,108.0,,
553069.0,47566,6,29.7,,
553070.0,85099B,6,11.7,,
553071.0,22720,2,9.9,,
553072.0,22383,1,1.65,,
553073.0,22383,1,1.65,,
553074.0,85123A,2,5.1,,
553075.0,84879,12,20.28,,
553076.0,22720,2,9.9,,
553077.0,21212,12,6.6,,
553078.0,85123A,6,15.3,,
553079.0,21212,4,2.2,,
553080.0,21212,12,6.6,,
553081.0,22423,6,76.5,,
553082.0,85123A,6,15.3,,
553083.0,21212,6,3.3,,
553084.0,22086,2,5.9,,
553085.0,22383,2,3.3,,
553086.0,85123A,1,2.55,,
553087.0,22086,1,2.95,,
553088.0,47566,6,29.7,,
553089.0,85123A,1,2.55,,
553090.0,22423,4,51.0,,
553091.0,22423,12,153.0,,
553092.0,21212,1,0.55,,
553093.0,22086,6,17.7,,
553094.0,21212,1,0.55,,
553095.0,22720,6,29.7,,
553096.0,POST,1,18.0,,
553097.0,22720,2,9.9,,
553098.0,47566,6,29.7,,
553099.0,85099B,1,1.95,,
553100.0,85099B,24,46.8,,
553101.0,POST,1,18.0,,
553102.0,22423,1,12.75,,
553103.0,POST,1,18.0,,
553104.0,85099B,4,7.8,,
553105.0,84879,6,10.14,,
553106.0,22720,2,9.9,,
553107.0,85123A,2,5.1,,
553108.0,85099B,6,11.7,,
553109.0,85123A,6,15.3,,
553110.0,85099B,1,1.95,,
553111.0,84879,12,20.28,,
553112.0,84879,1,1.69,,
553113.0,22423,6,76.5,,
553114.0,85099B,1,1.95,,
553115.0,22423,1,12.75,,
553116.0,22720,4,19.8,,
553117.0,POST,1,18.0,,
553118.0,POST,4,72.0,,
553119.0,21212,1,0.55,,
553120.0,22423,1,12.75,,
553121.0,22423,2,25.5,,
553122.0,22383,4,6.6,,
553123.0,84879,2,3.38,,
553124.0,84879,12,20.28,,
553125.0,22720,2,9.9,,
553126.0,47566,4,19.8,,
553127.0,21212,4,2.2,,
553128.0,POST,2,36.0,,
553129.0,22423,1,12.75,,
553130.0,22423,6,76.5,,
553131.0,22423,2,25.5,,
116766.0,21212,1,0.0,,
553133.0,POST,2,36.0,,
553134.0,85123A,6,15.3,,
553135.0,22423,1,12.75,,
553136.0,22086,1,2.95,,
553137.0,85099B,2,3.9,,
553138.0,21212,1,0.55,,
553139.0,22423,6,76.5,,
553140.0,21212,6,3.3,,
553141.0,85099B,24,46.8,,
553142.0,84879,1,1.69,,
553143.0,22086,12,35.4,,
553144.0,22423,1,12.75,,
553145.0,21212,2,1.1,,
553146.0,POST,1,18.0,,
553147.0,22720,1,4.95,,
553148.0,21212,2,1.1,,
553149.0,22720,6,29.7,,
553150.0,POST,2,36.0,,
553151.0,POST,1,18.0,,
553152.0,POST,4,72.0,,
553153.0,21212,4,2.2,,
553154.0,84879,1,1.69,,
553155.0,22383,1,1.65,,
553156.0,22383,12,19.8,,
553157.0,84879,4,6.76,,
553158.0,POST,2,36.0,,
553159.0,22423,6,76.5,,
553160.0,22423,1,12.75,,
116795.0,22086,1,0.0,,
116796.0,47566,1,0.0,,
553163.0,47566,1,4.95,,
553164.0,POST,1,18.0,,
553165.0,47566,6,29.7,,
553166.0,POST,6,108.0,,
553167.0,84879,2,3.38,,
553168.0,21212,4,2.2,,
116803.0,POST,1,0.0,,
553170.0,85099B,6,11.7,,
553171.0,84879,6,10.14,,
553172.0,22383,1,1.65,,
553173.0,21212,1,0.55,,
553174.0,85123A,2,5.1,,
116809.0,22086,1,0.0,,
553176.0,21212,4,2.2,,
553177.0,22720,6,29.7,,
553178.0,22423,1,12.75,,
553179.0,21212,1,0.55,,
553180.0,84879,1,1.69,,
553181.0,22720,6,29.7,,
553182.0,47566,4,19.8,,
553183.0,21212,1,0.55,,
553184.0,85123A,4,10.2,,
553185.0,22086,2,5.9,,
553186.0,22383,1,1.65,,
553187.0,21212,2,1.1,,
553188.0,21212,4,2.2,,
553189.0,85099B,12,23.4,,
553190.0,POST,2,36.0,,
553191.0,POST,6,108.0,,
553192.0,POST,12,216.0,,
553193.0,22720,12,59.4,,
553194.0,22720,6,29.7,,
553195.0,47566,1,4.95,,
553196.0,22383,1,1.65,,
116831.0,85123A,1,0.0,,
553198.0,22720,12,59.4,,
553199.0,84879,6,10.14,,
553200.0,85123A,2,5.1,,
553201.0,22423,6,76.5,,
553202.0,84879,1,1.69,,
553203.0,85123A,6,15.3,,
553204.0,POST,2,36.0,,
553205.0,85123A,1,2.55,,
553206.0,22086,4,11.8,,
553207.0,84879,1,1.69,,
553208.0,47566,2,9.9,,
553209.0,84879,4,6.76,,
553210.0,22423,2,25.5,,
553211.0,21212,1,0.55,,
553212.0,22086,1,2.95,,
553213.0,85123A,1,2.55,,
553214.0,21212,1,0.55,,
553215.0,47566,1,4.95,,
116850.0,POST,1,0.0,,
553217.0,POST,6,108.0,,
553218.0,22720,6,29.7,,
553219.0,22383,1,1.65,,
553220.0,47566,2,9.9,,
553221.0,22383,12,19.8,,
553222.0,22423,12,153.0,,
553223.0,22720,1,4.95,,
553224.0,22383,12,19.8,,
553225.0,POST,1,18.0,,
553226.0,22720,2,9.9,,
553227.0,47566,6,29.7,,
553228.0,22720,1,4.95,,
553229.0,84879,2,3.38,,
553230.0,22423,2,25.5,,
553231.0,POST,12,216.0,,
553232.0,22383,6,9.9,,
553233.0,84879,4,6.76,,
553234.0,85123A,4,10.2,,
553235.0,47566,2,9.9,,
553236.0,85099B,2,3.9,,
553237.0,22383,1,1.65,,
553238.0,22423,2,25.5,,
553239.0,85123A,4,10.2,,
553240.0,47566,1,4.95,,
553241.0,22720,1,4.95,,
553242.0,85099B,6,11.7,,
553243.0,22383,2,3.3,,
553244.0,21212,4,2.2,,
553245.0,22086,1,2.95,,
553246.0,47566,1,4.95,,
553247.0,85099B,1,1.95,,
553248.0,22423,2,25.5,,
553249.0,22086,6,17.7,,
553250.0,21212,2,1.1,,
553251.0,85099B,1,1.95,,
553252.0,84879,12,20.28,,
553253.0,85099B,1,1.95,,
553254.0,22086,2,5.9,,
553255.0,47566,6,29.7,,
553256.0,22720,12,59.4,,
553257.0,22383,1,1.65,,
553258.0,22423,1,12.75,,
553259.0,POST,1,18.0,,
553260.0,22383,1,1.65,,
553261.0,22086,2,5.9,,
553262.0,POST,4,72.0,,
553263.0,22383,2,3.3,,
553264.0,47566,2,9.9,,
553265.0,22720,2,9.9,,
553266.0,POST,4,72.0,,
553267.0,22086,1,2.95,,
553268.0,22720,2,9.9,,
553269.0,22086,1,2.95,,
553270.0,POST,12,216.0,,
553271.0,47566,1,4.95,,
553272.0,22086,6,17.7,,
553273.0,22383,1,1.65,,
553274.0,22086,6,17.7,,
553275.0,47566,6,29.7,,
553276.0,47566,2,9.9,,
553277.0,47566,2,9.9,,
553278.0,22720,1,4.95,,
553279.0,47566,4,19.8,,
553280.0,85099B,4,7.8,,
553281.0,22383,1,1.65,,
553282.0,84879,1,1.69,,
553283.0,85123A,1,2.55,,
553284.0,85123A,4,10.2,,
553285.0,85123A,12,30.6,,
553286.0,22720,1,4.95,,
553287.0,22383,2,3.3,,
553288.0,22383,2,3.3,,
553289.0,85123A,2,5.1,,
553290.0,85123A,6,15.3,,
553291.0,47566,1,4.95,,
553292.0,21212,2,1.1,,
553293.0,21212,1,0.55,,
553294.0,85099B,4,7.8,,
553295.0,85099B,4,7.8,,
553296.0,47566,12,59.4,,
553297.0,22423,2,25.5,,
553298.0,22086,6,17.7,,
553299.0,47566,1,4.95,,
553300.0,22423,6,76.5,,
553301.0,85099B,6,11.7,,
553302.0,84879,1,1.69,,
553303.0,22423,12,153.0,,
553304.0,22423,1,12.75,,
553305.0,84879,1,1.69,,
553306.0,85123A,12,30.6,,
553307.0,85123A,1,2.55,,
553308.0,47566,4,19.8,,
553309.0,84879,6,10.14,,
553310.0,85099B,4,7.8,,
553311.0,POST,1,18.0,,
553312.0,84879,2,3.38,,
553313.0,84879,1,1.69,,
553314.0,21212,12,6.6,,
553315.0,47566,12,59.4,,
553316.0,47566,12,59.4,,
553317.0,84879,2,3.38,,
553318.0,47566,4,19.8,,
553319.0,POST,1,18.0,,
553320.0,22086,1,2.95,,
553321.0,85123A,4,10.2,,
553322.0,22086,2,5.9,,
553323.0,84879,1,1.69,,
553324.0,22383,12,19.8,,
553325.0,21212,6,3.3,,
553326.0,47566,2,9.9,,
553327.0,47566,6,29.7,,
553328.0,21212,4,2.2,,
553329.0,47566,4,19.8,,
553330.0,85099B,1,1.95,,
553331.0,POST,12,216.0,,
553332.0,47566,4,19.8,,
553333.0,22423,6,76.5,,
553334.0,84879,12,20.28,,
553335.0,22720,6,29.7,,
553336.0,85099B,2,3.9,,
553337.0,POST,1,18.0,,
553338.0,84879,1,1.69,,
553339.0,22383,4,6.6,,
553340.0,POST,1,18.0,,
553341.0,21212,1,0.55,,
553342.0,21212,2,1.1,,
553343.0,22720,6,29.7,,
553344.0,21212,2,1.1,,
553345.0,POST,4,72.0,,
553346.0,84879,6,10.14,,
553347.0,85099B,6,11.7,,
553348.0,POST,1,18.0,,
553349.0,POST,2,36.0,,
553350.0,22423,1,12.75,,
553351.0,85099B,4,7.8,,
553352.0,85099B,6,11.7,,
553353.0,22423,1,12.75,,
553354.0,22720,6,29.7,,
553355.0,47566,2,9.9,,
116990.0,22383,1,0.0,,
553357.0,POST,2,36.0,,
553358.0,21212,12,6.6,,
553359.0,22423,1,12.75,,
553360.0,84879,6,10.14,,
553361.0,22383,12,19.8,,
553362.0,22086,1,2.95,,
553363.0,22086,2,5.9,,
553364.0,22720,6,29.7,,
553365.0,21212,2,1.1,,
553366.0,85123A,1,2.55,,
553367.0,85099B,4,7.8,,
553368.0,21212,2,1.1,,
553369.0,22423,2,25.5,,
553370.0,22086,2,5.9,,
553371.0,21212,2,1.1,,
553372.0,84879,1,1.69,,
553373.0,22720,6,29.7,,
553374.0,22383,4,6.6,,
553375.0,84879,1,1.69,,
553376.0,21212,6,3.3,,
553377.0,21212,4,2.2,,
553378.0,22383,1,1.65,,
553379.0,22383,1,1.65,,
553380.0,47566,4,19.8,,
553381.0,22086,4,11.8,,
553382.0,47566,1,4.95,,
553383.0,21212,1,0.55,,
553384.0,85099B,2,3.9,,
553385.0,22383,2,3.3,,
553386.0,22720,4,19.8,,
553387.0,22423,24,306.0,,
553388.0,POST,1,18.0,,
553389.0,22086,2,5.9,,
553390.0,21212,2,1.1,,
553391.0,22383,4,6.6,,
553392.0,85123A,6,15.3,,
553393.0,21212,2,1.1,,
553394.0,22086,2,5.9,,
553395.0,84879,12,20.28,,
553396.0,85123A,4,10.2,,
553397.0,22383,2,3.3,,
553398.0,22086,2,5.9,,
553399.0,47566,2,9.9,,
553400.0,84879,4,6.76,,
553401.0,85099B,1,1.95,,
553402.0,22423,6,76.5,,
553403.0,22720,2,9.9,,
117038.0,22423,1,0.0,,
553405.0,22086,1,2.95,,
553406.0,47566,6,29.7,,
553407.0,22383,2,3.3,,
553408.0,84879,6,10.14,,
553409.0,22423,4,51.0,,
117044.0,85099B,1,0.0,,
553411.0,POST,12,216.0,,
553412.0,POST,2,36.0,,
553413.0,47566,2,9.9,,
553414.0,22086,1,2.95,,
553415.0,22383,4,6.6,,
553416.0,22086,1,2.95,,
117051.0,21212,1,0.0,,
553418.0,22423,1,12.75,,
553419.0,85123A,1,2.55,,
553420.0,22086,6,17.7,,
553421.0,22086,1,2.95,,
553422.0,85123A,1,2.55,,
553423.0,22383,12,19.8,,
553424.0,22086,6,17.7,,
553425.0,84879,2,3.38,,
553426.0,22383,1,1.65,,
553427.0,21212,2,1.1,,
553428.0,85123A,4,10.2,,
553429.0,21212,1,0.55,,
553430.0,85123A,1,2.55,,
553431.0,47566,6,29.7,,
553432.0,47566,12,59.4,,
553433.0,22086,1,2.95,,
553434.0,POST,1,18.0,,
553435.0,85123A,24,61.2,,
553436.0,85123A,2,5.1,,
553437.0,POST,1,18.0,,
553438.0,85123A,2,5.1,,
553439.0,21212,2,1.1,,
553440.0,85123A,6,15.3,,
553441.0,22720,1,4.95,,
553442.0,47566,1,4.95,,
553443.0,22720,4,19.8,,
553444.0,22720,2,9.9,,
553445.0,22086,6,17.7,,
553446.0,85099B,1,1.95,,
553447.0,22383,6,9.9,,
553448.0,22086,1,2.95,,
553449.0,84879,1,1.69,,
553450.0,22423,24,306.0,,
553451.0,22383,2,3.3,,
553452.0,47566,1,4.95,,
553453.0,22423,4,51.0,,
553454.0,84879,2,3.38,,
553455.0,22720,4,19.8,,
553456.0,21212,2,1.1,,
553457.0,22423,1,12.75,,
553458.0,22086,1,2.95,,
553459.0,47566,4,19.8,,
553460.0,85099B,1,1.95,,
553461.0,POST,24,432.0,,
553462.0,85123A,6,15.3,,
553463.0,47566,6,29.7,,
553464.0,47566,1,4.95,,
553465.0,22720,2,9.9,,
553466.0,21212,12,6.6,,
553467.0,85123A,2,5.1,,
553468.0,21212,1,0.55,,
553469.0,22086,2,5.9,,
553470.0,22423,1,12.75,,
553471.0,22086,2,5.9,,
553472.0,POST,24,432.0,,
553473.0,84879,1,1.69,,
553474.0,85123A,4,10.2,,
553475.0,85123A,1,2.55,,
553476.0,22383,4,6.6,,
553477.0,85099B,4,7.8,,
553478.0,84879,2,3.38,,
553479.0,85123A,1,2.55,,
553480.0,22383,2,3.3,,
553481.0,22383,1,1.65,,
553482.0,84879,1,1.69,,
553483.0,21212,2,1.1,,
553484.0,85123A,2,5.1,,
553485.0,22720,4,19.8,,
553486.0,22720,1,4.95,,
553487.0,POST,4,72.0,,
553488.0,POST,4,72.0,,
117123.0,85123A,1,0.0,,
553490.0,22720,1,4.95,,
553491.0,85123A,1,2.55,,
117126.0,22383,1,0.0,,
553493.0,84879,2,3.38,,
553494.0,21212,4,2.2,,
553495.0,22086,2,5.9,,
553496.0,22423,6,76.5,,
553497.0,POST,6,108.0,,
553498.0,47566,1,4.95,,
553499.0,85099B,12,23.4,,
553500.0,22383,1,1.65,,
553501.0,POST,2,36.0,,
553502.0,22383,12,19.8,,
553503.0,22383,1,1.65,,
553504.0,84879,6,10.14,,
553505.0,47566,6,29.7,,
553506.0,85123A,1,2.55,,
553507.0,21212,6,3.3,,
553508.0,85123A,2,5.1,,
553509.0,84879,4,6.76,,
553510.0,85099B,1,1.95,,
553511.0,22383,6,9.9,,
553512.0,85099B,1,1.95,,
553513.0,85123A,1,2.55,,
553514.0,85099B,6,11.7,,
553515.0,21212,1,0.55,,
553516.0,85099B,2,3.9,,
553517.0,84879,6,10.14,,
553518.0,21212,2,1.1,,
553519.0,22383,2,3.3,,
553520.0,85123A,4,10.2,,
553521.0,22423,2,25.5,,
553522.0,85099B,2,3.9,,
553523.0,22383,12,19.8,,
553524.0,22086,1,2.95,,
553525.0,POST,2,36.0,,
553526.0,22423,1,12.75,,
553527.0,22720,1,4.95,,
553528.0,22423,2,25.5,,
553529.0,22720,2,9.9,,
553530.0,22086,2,5.9,,
553531.0,22086,1,2.95,,
553532.0,22383,6,9.9,,
553533.0,85099B,6,11.7,,
553534.0,22720,2,9.9,,
553535.0,85099B,1,1.95,,
553536.0,22720,6,29.7,,
553537.0,POST,1,18.0,,
553538.0,22086,1,2.95,,
553539.0,85123A,1,2.55,,
553540.0,47566,1,4.95,,
553541.0,POST,4,72.0,,
553542.0,POST,1,18.0,,
553543.0,22086,2,5.9,,
553544.0,22720,1,4.95,,
553545.0,84879,4,6.76,,
553546.0,85099B,1,1.95,,
553547.0,POST,1,18.0,,
117182.0,21212,1,0.0,,
553549.0,85123A,1,2.55,,
553550.0,POST,4,72.0,,
553551.0,84879,2,3.38,,
553552.0,85123A,2,5.1,,
553553.0,22720,2,9.9,,
553554.0,85099B,1,1.95,,
553555.0,22423,1,12.75,,
553556.0,22383,2,3.3,,
553557.0,21212,6,3.3,,
553558.0,22383,2,3.3,,
553559.0,POST,2,36.0,,
553560.0,85123A,4,10.2,,
553561.0,POST,24,432.0,,
553562.0,85123A,2,5.1,,
553563.0,85099B,1,1.95,,
553564.0,22720,12,59.4,,
553565.0,22720,24,118.8,,
553566.0,22423,1,12.75,,
553567.0,47566,2,9.9,,
553568.0,22720,2,9.9,,
553569.0,22086,2,5.9,,
553570.0,22720,2,9.9,,
553571.0,85099B,2,3.9,,
553572.0,22383,2,3.3,,
553573.0,85123A,4,10.2,,
553574.0,22383,2,3.3,,
553575.0,POST,2,36.0,,
553576.0,22423,6,76.5,,
553577.0,84879,1,1.69,,
553578.0,85123A,1,2.55,,
553579.0,22383,1,1.65,,
553580.0,85099B,6,11.7,,
553581.0,21212,4,2.2,,
553582.0,21212,24,13.2,,
553583.0,84879,2,3.38,,
553584.0,85099B,12,23.4,,
553585.0,84879,2,3.38,,
553586.0,POST,6,108.0,,
553587.0,84879,2,3.38,,
553588.0,22086,24,70.8,,
553589.0,47566,2,9.9,,
553590.0,22720,2,9.9,,
553591.0,85123A,2,5.1,,
553592.0,21212,1,0.55,,
553593.0,22383,6,9.9,,
553594.0,22086,4,11.8,,
553595.0,22086,1,2.95,,
553596.0,47566,1,4.95,,
553597.0,84879,2,3.38,,
553598.0,85099B,1,1.95,,
553599.0,22720,4,19.8,,
553600.0,POST,6,108.0,,
553601.0,22423,12,153.0,,
553602.0,POST,2,36.0,,
553603.0,22720,12,59.4,,
553604.0,84879,1,1.69,,
553605.0,POST,2,36.0,,
553606.0,22383,6,9.9,,
553607.0,21212,6,3.3,,
553608.0,22086,24,70.8,,
117243.0,POST,1,0.0,,
117244.0,47566,1,0.0,,
553611.0,22383,2,3.3,,
553612.0,POST,6,108.0,,
117247.0,47566,1,0.0,,
553614.0,22383,6,9.9,,
553615.0,22086,6,17.7,,
553616.0,22720,1,4.95,,
553617.0,22720,1,4.95,,
553618.0,85123A,6,15.3,,
553619.0,22423,1,12.75,,
553620.0,22383,1,1.65,,
553621.0,22383,4,6.6,,
553622.0,22720,4,19.8,,
553623.0,22423,2,25.5,,
553624.0,84879,2,3.38,,
553625.0,POST,1,18.0,,
553626.0,22383,6,9.9,,
553627.0,22086,24,70.8,,
553628.0,85123A,2,5.1,,
553629.0,85123A,6,15.3,,
553630.0,84879,2,3.38,,
553631.0,21212,4,2.2,,
553632.0,21212,1,0.55,,
553633.0,84879,1,1.69,,
553634.0,22720,1,4.95,,
553635.0,84879,2,3.38,,
553636.0,85123A,2,5.1,,
553637.0,85099B,1,1.95,,
553638.0,47566,1,4.95,,
553639.0,22383,6,9.9,,
553640.0,84879,2,3.38,,
553641.0,22720,2,9.9,,
553642.0,21212,6,3.3,,
553643.0,21212,1,0.55,,
553644.0,85123A,2,5.1,,
553645.0,22720,2,9.9,,
553646.0,85123A,1,2.55,,
553647.0,POST,2,36.0,,
553648.0,POST,4,72.0,,
553649.0,47566,2,9.9,,
553650.0,POST,6,108.0,,
553651.0,22423,1,12.75,,
553652.0,47566,1,4.95,,
553653.0,85099B,12,23.4,,
553654.0,22086,2,5.9,,
553655.0,22086,12,35.4,,
553656.0,85099B,6,11.7,,
553657.0,85099B,1,1.95,,
553658.0,84879,1,1.69,,
553659.0,22720,6,29.7,,
553660.0,22423,1,12.75,,
553661.0,22383,2,3.3,,
553662.0,85123A,1,2.55,,
553663.0,84879,6,10.14,,
553664.0,22086,12,35.4,,
553665.0,21212,1,0.55,,
553666.0,22383,1,1.65,,
553667.0,21212,1,0.55,,
553668.0,22086,12,35.4,,
553669.0,POST,12,216.0,,
553670.0,22383,1,1.65,,
553671.0,22423,6,76.5,,
553672.0,POST,2,36.0,,
553673.0,POST,6,108.0,,
553674.0,POST,6,108.0,,
553675.0,85099B,1,1.95,,
553676.0,84879,6,10.14,,
553677.0,22086,4,11.8,,
553678.0,22383,1,1.65,,
553679.0,47566,1,4.95,,
553680.0,84879,2,3.38,,
553681.0,POST,1,18.0,,
553682.0,85099B,2,3.9,,
553683.0,21212,4,2.2,,
553684.0,22383,2,3.3,,
553685.0,85099B,2,3.9,,
553686.0,85123A,2,5.1,,
553687.0,84879,1,1.69,,
553688.0,21212,6,3.3,,
553689.0,22086,12,35.4,,
553690.0,21212,6,3.3,,
553691.0,POST,2,36.0,,
553692.0,22423,2,25.5,,
553693.0,22423,1,12.75,,
553694.0,85123A,4,10.2,,
553695.0,POST,2,36.0,,
553696.0,85099B,1,1.95,,
553697.0,85099B,24,46.8,,
553698.0,22720,12,59.4,,
553699.0,22383,12,19.8,,
553700.0,47566,1,4.95,,
553701.0,21212,6,3.3,,
553702.0,47566,1,4.95,,
553703.0,84879,2,3.38,,
553704.0,85099B,1,1.95,,
553705.0,21212,2,1.1,,
553706.0,21212,1,0.55,,
553707.0,22086,2,5.9,,
553708.0,22086,2,5.9,,
553709.0,22086,12,35.4,,
553710.0,47566,2,9.9,,
553711.0,22086,1,2.95,,
553712.0,47566,6,29.7,,
553713.0,84879,4,6.76,,
553714.0,84879,2,3.38,,
553715.0,22720,1,4.95,,
553716.0,85123A,4,10.2,,
553717.0,85099B,1,1.95,,
553718.0,21212,12,6.6,,
553719.0,84879,6,10.14,,
553720.0,85099B,2,3.9,,
553721.0,22383,2,3.3,,
553722.0,85123A,4,10.2,,
553723.0,22423,1,12.75,,
553724.0,22423,1,12.75,,
553725.0,47566,1,4.95,,
553726.0,85123A,1,2.55,,
553727.0,85099B,4,7.8,,
553728.0,POST,12,216.0,,
553729.0,22383,12,19.8,,
553730.0,21212,1,0.55,,
553731.0,22383,1,1.65,,
553732.0,21212,1,0.55,,
553733.0,POST,1,18.0,,
553734.0,22423,2,25.5,,
553735.0,22720,1,4.95,,
553736.0,22423,4,51.0,,
553737.0,84879,1,1.69,,
553738.0,22720,6,29.7,,
553739.0,85099B,2,3.9,,
553740.0,85099B,4,7.8,,
553741.0,84879,12,20.28,,
553742.0,22720,1,4.95,,
553743.0,22423,1,12.75,,
553744.0,22086,1,2.95,,
553745.0,POST,4,72.0,,
553746.0,22086,6,17.7,,
553747.0,22720,6,29.7,,
553748.0,84879,2,3.38,,
553749.0,84879,2,3.38,,
553750.0,POST,12,216.0,,
553751.0,84879,2,3.38,,
553752.0,21212,2,1.1,,
553753.0,22383,2,3.3,,
553754.0,85123A,4,10.2,,
553755.0,84879,6,10.14,,
553756.0,47566,1,4.95,,
553757.0,POST,1,18.0,,
553758.0,85099B,1,1.95,,
553759.0,85123A,2,5.1,,
553760.0,85099B,1,1.95,,
117395.0,85123A,1,0.0,,
553762.0,22720,2,9.9,,
553763.0,85099B,1,1.95,,
553764.0,POST,1,18.0,,
553765.0,22720,1,4.95,,
553766.0,22423,2,25.5,,
553767.0,22086,2,5.9,,
553768.0,21212,1,0.55,,
553769.0,47566,4,19.8,,
553770.0,22720,12,59.4,,
553771.0,22720,2,9.9,,
553772.0,22720,1,4.95,,
553773.0,POST,2,36.0,,
553774.0,85123A,6,15.3,,
553775.0,22720,1,4.95,,
553776.0,22423,6,76.5,,
553777.0,85123A,6,15.3,,
553778.0,21212,4,2.2,,
553779.0,85099B,1,1.95,,
553780.0,21212,6,3.3,,
553781.0,22720,12,59.4,,
553782.0,85099B,2,3.9,,
553783.0,22423,4,51.0,,
553784.0,85099B,2,3.9,,
553785.0,85099B,2,3.9,,
553786.0,POST,4,72.0,,
553787.0,21212,2,1.1,,
553788.0,POST,4,72.0,,
553789.0,22720,2,9.9,,
117424.0,22720,1,0.0,,
553791.0,22086,24,70.8,,
553792.0,85099B,6,11.7,,
553793.0,22086,1,2.95,,
553794.0,22720,4,19.8,,
553795.0,84879,1,1.69,,
553796.0,22720,2,9.9,,
553797.0,22383,4,6.6,,
553798.0,47566,1,4.95,,
553799.0,21212,2,1.1,,
553800.0,22383,4,6.6,,
553801.0,22086,1,2.95,,
553802.0,21212,4,2.2,,
553803.0,POST,4,72.0,,
553804.0,21212,12,6.6,,
553805.0,84879,1,1.69,,
553806.0,22383,6,9.9,,
553807.0,22720,1,4.95,,
553808.0,85099B,4,7.8,,
553809.0,22720,1,4.95,,
553810.0,85123A,2,5.1,,
553811.0,22086,1,2.95,,
553812.0,85123A,2,5.1,,
553813.0,21212,1,0.55,,
553814.0,21212,6,3.3,,
553815.0,85099B,12,23.4,,
553816.0,21212,6,3.3,,
553817.0,84879,6,10.14,,
553818.0,POST,1,18.0,,
553819.0,22086,4,11.8,,
553820.0,POST,4,72.0,,
553821.0,22086,1,2.95,,
553822.0,22720,2,9.9,,
117457.0,POST,1,0.0,,
553824.0,21212,1,0.55,,
553825.0,POST,4,72.0,,
553826.0,22720,12,59.4,,
553827.0,84879,1,1.69,,
553828.0,POST,6,108.0,,
553829.0,21212,1,0.55,,
553830.0,85123A,6,15.3,,
553831.0,84879,2,3.38,,
553832.0,47566,6,29.7,,
553833.0,22086,12,35.4,,
553834.0,47566,2,9.9,,
553835.0,21212,1,0.55,,
553836.0,85123A,6,15.3,,
553837.0,POST,1,18.0,,
553838.0,85123A,4,10.2,,
553839.0,85099B,1,1.95,,
553840.0,85123A,1,2.55,,
553841.0,22383,1,1.65,,
553842.0,22720,4,19.8,,
553843.0,85099B,2,3.9,,
553844.0,22086,1,2.95,,
553845.0,22720,2,9.9,,
553846.0,22423,4,51.0,,
553847.0,47566,2,9.9,,
553848.0,47566,1,4.95,,
553849.0,22086,6,17.7,,
553850.0,22720,1,4.95,,
553851.0,22720,6,29.7,,
553852.0,22720,4,19.8,,
553853.0,47566,1,4.95,,
553854.0,21212,1,0.55,,
553855.0,21212,4,2.2,,
553856.0,21212,1,0.55,,
553857.0,47566,2,9.9,,
553858.0,47566,1,4.95,,
553859.0,22720,2,9.9,,
553860.0,47566,2,9.9,,
553861.0,84879,2,3.38,,
553862.0,22423,6,76.5,,
553863.0,22086,1,2.95,,
553864.0,22086,6,17.7,,
553865.0,POST,2,36.0,,
553866.0,22423,6,76.5,,
553867.0,85099B,2,3.9,,
553868.0,22423,1,12.75,,
553869.0,22383,12,19.8,,
553870.0,47566,1,4.95,,
553871.0,84879,4,6.76,,
553872.0,85099B,4,7.8,,
553873.0,47566,1,4.95,,
553874.0,POST,2,36.0,,
553875.0,84879,2,3.38,,
553876.0,22720,1,4.95,,
553877.0,84879,4,6.76,,
553878.0,21212,6,3.3,,
553879.0,85123A,6,15.3,,
553880.0,85099B,4,7.8,,
553881.0,22383,2,3.3,,
553882.0,85123A,2,5.1,,
553883.0,22086,1,2.95,,
553884.0,22720,4,19.8,,
553885.0,21212,4,2.2,,
553886.0,22383,4,6.6,,
553887.0,84879,2,3.38,,
553888.0,47566,2,9.9,,
553889.0,47566,12,59.4,,
553890.0,22086,2,5.9,,
553891.0,22720,2,9.9,,
553892.0,84879,12,20.28,,
553893.0,22720,1,4.95,,
553894.0,85123A,1,2.55,,
553895.0,22423,1,12.75,,
553896.0,85099B,2,3.9,,
553897.0,22423,2,25.5,,
553898.0,84879,1,1.69,,
553899.0,22720,1,4.95,,
553900.0,POST,1,18.0,,
553901.0,84879,1,1.69,,
553902.0,22423,1,12.75,,
553903.0,85123A,1,2.55,,
553904.0,85123A,2,5.1,,
553905.0,22086,4,11.8,,
553906.0,POST,1,18.0,,
117541.0,85099B,1,0.0,,
553908.0,21212,2,1.1,,
553909.0,22423,2,25.5,,
553910.0,85123A,1,2.55,,
553911.0,85099B,2,3.9,,
553912.0,POST,1,18.0,,
553913.0,22423,2,25.5,,
553914.0,22423,2,25.5,,
553915.0,22720,2,9.9,,
553916.0,84879,1,1.69,,
553917.0,85099B,2,3.9,,
553918.0,85099B,1,1.95,,
553919.0,85099B,1,1.95,,
553920.0,22086,4,11.8,,
553921.0,84879,4,6.76,,
553922.0,85099B,1,1.95,,
553923.0,47566,12,59.4,,
553924.0,22383,4,6.6,,
117559.0,85123A,1,0.0,,
553926.0,85123A,4,10.2,,
553927.0,47566,2,9.9,,
553928.0,85123A,6,15.3,,
553929.0,47566,2,9.9,,
553930.0,22383,4,6.6,,
553931.0,85099B,6,11.7,,
553932.0,22423,1,12.75,,
553933.0,22720,6,29.7,,
553934.0,22423,2,25.5,,
553935.0,22086,4,11.8,,
553936.0,22720,6,29.7,,
553937.0,22383,1,1.65,,
553938.0,22086,1,2.95,,
553939.0,22720,12,59.4,,
553940.0,84879,6,10.14,,
553941.0,84879,2,3.38,,
553942.0,85099B,1,1.95,,
553943.0,22423,12,153.0,,
553944.0,22720,1,4.95,,
553945.0,21212,1,0.55,,
553946.0,85123A,1,2.55,,
553947.0,85099B,2,3.9,,
553948.0,85099B,12,23.4,,
553949.0,84879,1,1.69,,
553950.0,POST,1,18.0,,
553951.0,85123A,1,2.55,,
553952.0,85123A,2,5.1,,
553953.0,21212,1,0.55,,
553954.0,POST,4,72.0,,
553955.0,22423,4,51.0,,
553956.0,84879,2,3.38,,
553957.0,85123A,2,5.1,,
553958.0,22720,6,29.7,,
553959.0,22720,1,4.95,,
553960.0,85123A,2,5.1,,
553961.0,22423,6,76.5,,
553962.0,47566,2,9.9,,
553963.0,22086,1,2.95,,
553964.0,21212,1,0.55,,
553965.0,84879,6,10.14,,
553966.0,85099B,2,3.9,,
553967.0,22423,2,25.5,,
553968.0,85123A,4,10.2,,
553969.0,POST,1,18.0,,
553970.0,84879,12,20.28,,
553971.0,47566,1,4.95,,
553972.0,22383,1,1.65,,
553973.0,22086,1,2.95,,
553974.0,POST,6,108.0,,
553975.0,84879,1,1.69,,
553976.0,22423,1,12.75,,
553977.0,POST,12,216.0,,
553978.0,21212,6,3.3,,
553979.0,21212,1,0.55,,
553980.0,85099B,1,1.95,,
553981.0,84879,12,20.28,,
553982.0,22086,12,35.4,,
553983.0,84879,24,40.56,,
553984.0,22086,6,17.7,,
553985.0,POST,1,18.0,,
553986.0,22423,6,76.5,,
553987.0,22423,1,12.75,,
553988.0,POST,4,72.0,,
553989.0,47566,12,59.4,,
553990.0,22086,2,5.9,,
553991.0,21212,2,1.1,,
553992.0,21212,6,3.3,,
553993.0,47566,1,4.95,,
553994.0,22383,12,19.8,,
553995.0,22423,2,25.5,,
553996.0,21212,1,0.55,,
553997.0,84879,1,1.69,,
553998.0,47566,1,4.95,,
553999.0,47566,6,29.7,,
554000.0,47566,6,29.7,,
554001.0,85099B,6,11.7,,
554002.0,85123A,1,2.55,,
554003.0,85099B,2,3.9,,
554004.0,22086,12,35.4,,
554005.0,21212,1,0.55,,
554006.0,47566,1,4.95,,
554007.0,22720,4,19.8,,
554008.0,85099B,1,1.95,,
554009.0,47566,1,4.95,,
554010.0,POST,1,18.0,,
554011.0,47566,2,9.9,,
554012.0,22383,4,6.6,,
554013.0,POST,1,18.0,,
554014.0,84879,1,1.69,,
554015.0,22383,2,3.3,,
554016.0,22383,1,1.65,,
554017.0,85099B,12,23.4,,
554018.0,22086,1,2.95,,
554019.0,22720,1,4.95,,
554020.0,22383,1,1.65,,
554021.0,84879,1,1.69,,
554022.0,47566,1,4.95,,
554023.0,22086,1,2.95,,
554024.0,47566,1,4.95,,
554025.0,85123A,1,2.55,,
554026.0,21212,2,1.1,,
554027.0,85123A,1,2.55,,
554028.0,85099B,1,1.95,,
554029.0,85099B,1,1.95,,
554030.0,22720,4,19.8,,
554031.0,85099B,1,1.95,,
554032.0,22383,2,3.3,,
554033.0,47566,2,9.9,,
554034.0,22383,12,19.8,,
554035.0,22086,2,5.9,,
554036.0,85123A,2,5.1,,
554037.0,22383,2,3.3,,
554038.0,22383,2,3.3,,
554039.0,22423,6,76.5,,
117674.0,22086,1,0.0,,
554041.0,85123A,2,5.1,,
117676.0,22720,1,0.0,,
554043.0,22423,1,12.75,,
554044.0,47566,2,9.9,,
554045.0,85123A,1,2.55,,
554046.0,POST,2,36.0,,
554047.0,22383,2,3.3,,
554048.0,84879,2,3.38,,
554049.0,21212,2,1.1,,
554050.0,22086,1,2.95,,
554051.0,21212,2,1.1,,
554052.0,POST,2,36.0,,
554053.0,84879,24,40.56,,
554054.0,84879,6,10.14,,
554055.0,22086,4,11.8,,
554056.0,22383,12,19.8,,
554057.0,85099B,2,3.9,,
554058.0,84879,24,40.56,,
554059.0,85123A,1,2.55,,
554060.0,22720,2,9.9,,
554061.0,22383,12,19.8,,
554062.0,21212,4,2.2,,
554063.0,85099B,6,11.7,,
554064.0,POST,1,18.0,,
554065.0,47566,12,59.4,,
554066.0,POST,2,36.0,,
554067.0,22720,2,9.9,,
554068.0,21212,2,1.1,,
554069.0,47566,2,9.9,,
554070.0,85123A,2,5.1,,
554071.0,22720,1,4.95,,
554072.0,85123A,6,15.3,,
554073.0,84879,1,1.69,,
554074.0,22383,4,6.6,,
554075.0,21212,2,1.1,,
554076.0,84879,1,1.69,,
554077.0,85123A,1,2.55,,
554078.0,21212,2,1.1,,
554079.0,47566,2,9.9,,
554080.0,21212,4,2.2,,
554081.0,POST,2,36.0,,
554082.0,22720,1,4.95,,
554083.0,84879,1,1.69,,
554084.0,22086,2,5.9,,
554085.0,85123A,2,5.1,,
554086.0,22383,1,1.65,,
554087.0,22423,4,51.0,,
117722.0,22383,1,0.0,,
554089.0,21212,2,1.1,,
117724.0,POST,1,0.0,,
554091.0,22720,24,118.8,,
554092.0,22423,2,25.5,,
554093.0,22086,1,2.95,,
554094.0,84879,2,3.38,,
554095.0,84879,4,6.76,,
554096.0,22720,2,9.9,,
554097.0,85123A,24,61.2,,
554098.0,POST,2,36.0,,
554099.0,22086,2,5.9,,
554100.0,47566,2,9.9,,
554101.0,22086,6,17.7,,
554102.0,85123A,6,15.3,,
554103.0,85099B,1,1.95,,
554104.0,22720,1,4.95,,
554105.0,85123A,1,2.55,,
554106.0,22383,2,3.3,,
554107.0,47566,1,4.95,,
554108.0,85123A,1,2.55,,
554109.0,85099B,2,3.9,,
554110.0,85099B,2,3.9,,
554111.0,22423,6,76.5,,
554112.0,22086,1,2.95,,
554113.0,22383,12,19.8,,
554114.0,85123A,2,5.1,,
554115.0,85123A,4,10.2,,
554116.0,22423,2,25.5,,
554117.0,22720,1,4.95,,
554118.0,POST,2,36.0,,
554119.0,85123A,1,2.55,,
554120.0,21212,2,1.1,,
554121.0,22383,12,19.8,,
554122.0,85123A,1,2.55,,
554123.0,85099B,12,23.4,,
117758.0,85099B,1,0.0,,
554125.0,85123A,2,5.1,,
554126.0,22720,4,19.8,,
554127.0,22383,6,9.9,,
117762.0,85099B,1,0.0,,
554129.0,22423,2,25.5,,
554130.0,85099B,2,3.9,,
554131.0,22086,1,2.95,,
554132.0,84879,1,1.69,,
554133.0,22086,4,11.8,,
554134.0,47566,2,9.9,,
117769.0,22423,1,0.0,,
554136.0,22423,6,76.5,,
554137.0,22720,1,4.95,,
554138.0,47566,1,4.95,,
554139.0,85123A,4,10.2,,
554140.0,84879,1,1.69,,
554141.0,22383,1,1.65,,
554142.0,22720,6,29.7,,
554143.0,22086,2,5.9,,
554144.0,21212,2,1.1,,
554145.0,47566,1,4.95,,
554146.0,85099B,1,1.95,,
554147.0,22423,1,12.75,,
554148.0,22383,4,6.6,,
554149.0,84879,2,3.38,,
554150.0,84879,6,10.14,,
554151.0,85123A,1,2.55,,
554152.0,POST,2,36.0,,
554153.0,22086,2,5.9,,
554154.0,22383,6,9.9,,
554155.0,47566,2,9.9,,
554156.0,85099B,2,3.9,,
554157.0,47566,4,19.8,,
554158.0,22086,12,35.4,,
554159.0,85123A,2,5.1,,
554160.0,85123A,6,15.3,,
554161.0,85099B,2,3.9,,
554162.0,85099B,4,7.8,,
554163.0,85099B,1,1.95,,
554164.0,22383,1,1.65,,
554165.0,85099B,4,7.8,,
554166.0,84879,12,20.28,,
554167.0,POST,6,108.0,,
554168.0,22383,1,1.65,,
554169.0,84879,2,3.38,,
554170.0,85099B,1,1.95,,
554171.0,21212,4,2.2,,
554172.0,21212,2,1.1,,
554173.0,85099B,1,1.95,,
554174.0,22720,4,19.8,,
554175.0,22086,12,35.4,,
554176.0,22086,2,5.9,,
554177.0,22423,6,76.5,,
554178.0,22720,6,29.7,,
554179.0,22720,1,4.95,,
554180.0,22423,1,12.75,,
554181.0,21212,2,1.1,,
554182.0,85099B,1,1.95,,
554183.0,POST,12,216.0,,
554184.0,POST,1,18.0,,
554185.0,22086,1,2.95,,
554186.0,POST,1,18.0,,
554187.0,85099B,12,23.4,,
554188.0,POST,12,216.0,,
554189.0,84879,4,6.76,,
554190.0,21212,2,1.1,,
117825.0,POST,1,0.0,,
554192.0,85099B,1,1.95,,
554193.0,22720,12,59.4,,
554194.0,21212,2,1.1,,
554195.0,22423,1,12.75,,
554196.0,84879,2,3.38,,
554197.0,47566,1,4.95,,
554198.0,47566,4,19.8,,
554199.0,22423,1,12.75,,
554200.0,84879,2,3.38,,
554201.0,84879,24,40.56,,
554202.0,22720,1,4.95,,
554203.0,85123A,12,30.6,,
554204.0,84879,2,3.38,,
554205.0,85099B,6,11.7,,
554206.0,21212,24,13.2,,
554207.0,POST,1,18.0,,
554208.0,47566,4,19.8,,
554209.0,21212,12,6.6,,
554210.0,22423,1,12.75,,
554211.0,22720,1,4.95,,
554212.0,22720,4,19.8,,
554213.0,85099B,6,11.7,,
554214.0,22720,1,4.95,,
554215.0,22423,2,25.5,,
554216.0,47566,1,4.95,,
554217.0,22423,4,51.0,,
554218.0,47566,24,118.8,,
554219.0,85099B,2,3.9,,
554220.0,85123A,12,30.6,,
554221.0,84879,1,1.69,,
554222.0,47566,2,9.9,,
554223.0,22720,2,9.9,,
554224.0,85123A,24,61.2,,
554225.0,22720,2,9.9,,
554226.0,22423,4,51.0,,
554227.0,POST,6,108.0,,
554228.0,84879,4,6.76,,
554229.0,22383,1,1.65,,
554230.0,84879,1,1.69,,
554231.0,21212,4,2.2,,
554232.0,22383,6,9.9,,
554233.0,POST,2,36.0,,
554234.0,22383,6,9.9,,
554235.0,POST,2,36.0,,
554236.0,84879,4,6.76,,
554237.0,85123A,1,2.55,,
554238.0,22086,12,35.4,,
554239.0,22383,1,1.65,,
117874.0,22720,1,0.0,,
554241.0,22086,12,35.4,,
554242.0,47566,6,29.7,,
554243.0,22720,4,19.8,,
554244.0,22086,2,5.9,,
554245.0,22086,2,5.9,,
554246.0,POST,12,216.0,,
554247.0,POST,2,36.0,,
554248.0,22383,4,6.6,,
554249.0,84879,6,10.14,,
554250.0,POST,2,36.0,,
554251.0,22423,4,51.0,,
554252.0,22086,1,2.95,,
554253.0,85123A,12,30.6,,
554254.0,22086,1,2.95,,
554255.0,22086,4,11.8,,
554256.0,21212,6,3.3,,
117891.0,22423,1,0.0,,
554258.0,84879,1,1.69,,
554259.0,84879,6,10.14,,
554260.0,22423,6,76.5,,
554261.0,22086,4,11.8,,
554262.0,47566,2,9.9,,
554263.0,22383,4,6.6,,
554264.0,47566,4,19.8,,
554265.0,85123A,1,2.55,,
554266.0,85123A,1,2.55,,
554267.0,85123A,2,5.1,,
554268.0,85123A,1,2.55,,
554269.0,22086,1,2.95,,
554270.0,85099B,1,1.95,,
554271.0,22086,2,5.9,,
554272.0,22086,2,5.9,,
554273.0,POST,1,18.0,,
554274.0,85123A,12,30.6,,
554275.0,85123A,1,2.55,,
554276.0,22383,12,19.8,,
554277.0,21212,4,2.2,,
554278.0,22383,1,1.65,,
554279.0,22086,1,2.95,,
554280.0,47566,1,4.95,,
554281.0,POST,1,18.0,,
554282.0,22086,6,17.7,,
554283.0,85099B,2,3.9,,
554284.0,85123A,6,15.3,,
554285.0,47566,4,19.8,,
554286.0,85099B,1,1.95,,
554287.0,22423,2,25.5,,
554288.0,22383,12,19.8,,
554289.0,47566,4,19.8,,
554290.0,85099B,2,3.9,,
554291.0,47566,6,29.7,,
554292.0,22383,2,3.3,,
117927.0,22383,1,0.0,,
554294.0,POST,4,72.0,,
554295.0,47566,4,19.8,,
554296.0,85123A,1,2.55,,
554297.0,22720,4,19.8,,
554298.0,22423,4,51.0,,
554299.0,47566,12,59.4,,
554300.0,85099B,1,1.95,,
554301.0,22720,1,4.95,,
554302.0,22383,2,3.3,,
554303.0,85099B,2,3.9,,
554304.0,85099B,2,3.9,,
554305.0,POST,2,36.0,,
554306.0,22720,6,29.7,,
554307.0,22086,1,2.95,,
554308.0,84879,1,1.69,,
554309.0,84879,1,1.69,,
554310.0,85123A,6,15.3,,
554311.0,22086,2,5.9,,
554312.0,47566,1,4.95,,
554313.0,84879,1,1.69,,
554314.0,22383,4,6.6,,
554315.0,85099B,1,1.95,,
554316.0,85099B,12,23.4,,
554317.0,22383,2,3.3,,
554318.0,POST,4,72.0,,
554319.0,85099B,12,23.4,,
554320.0,47566,6,29.7,,
554321.0,22383,12,19.8,,
554322.0,85123A,1,2.55,,
554323.0,POST,1,18.0,,
554324.0,84879,24,40.56,,
554325.0,POST,1,18.0,,
554326.0,22720,2,9.9,,
554327.0,22383,4,6.6,,
554328.0,85099B,1,1.95,,
554329.0,85099B,1,1.95,,
554330.0,POST,12,216.0,,
554331.0,22423,6,76.5,,
554332.0,21212,2,1.1,,
554333.0,POST,2,36.0,,
554334.0,21212,2,1.1,,
554335.0,21212,1,0.55,,
554336.0,POST,1,18.0,,
554337.0,22383,4,6.6,,
554338.0,POST,4,72.0,,
554339.0,85123A,2,5.1,,
554340.0,85099B,6,11.7,,
554341.0,47566,1,4.95,,
554342.0,POST,2,36.0,,
554343.0,84879,4,6.76,,
554344.0,85123A,2,5.1,,
554345.0,POST,1,18.0,,
554346.0,84879,2,3.38,,
554347.0,22720,1,4.95,,
554348.0,22720,6,29.7,,
554349.0,47566,4,19.8,,
554350.0,85123A,2,5.1,,
554351.0,POST,4,72.0,,
554352.0,47566,2,9.9,,
554353.0,POST,4,72.0,,
554354.0,22423,6,76.5,,
117989.0,85099B,1,0.0,,
554356.0,85123A,4,10.2,,
554357.0,84879,1,1.69,,
554358.0,22383,6,9.9,,
554359.0,22086,4,11.8,,
554360.0,22383,6,9.9,,
554361.0,85123A,4,10.2,,
554362.0,22423,1,12.75,,
554363.0,85099B,1,1.95,,
554364.0,84879,2,3.38,,
554365.0,85099B,1,1.95,,
554366.0,47566,4,19.8,,
554367.0,22423,6,76.5,,
554368.0,47566,12,59.4,,
554369.0,22720,6,29.7,,
554370.0,POST,4,72.0,,
554371.0,22086,2,5.9,,
554372.0,22720,6,29.7,,
554373.0,85123A,1,2.55,,
554374.0,47566,1,4.95,,
554375.0,22383,4,6.6,,
554376.0,47566,2,9.9,,
554377.0,47566,2,9.9,,
554378.0,85099B,1,1.95,,
554379.0,85099B,2,3.9,,
554380.0,85099B,2,3.9,,
554381.0,85123A,6,15.3,,
554382.0,22423,2,25.5,,
554383.0,85099B,2,3.9,,
554384.0,85123A,4,10.2,,
554385.0,22720,6,29.7,,
554386.0,22383,24,39.6,,
554387.0,22423,2,25.5,,
554388.0,85099B,2,3.9,,
554389.0,22086,4,11.8,,
554390.0,22383,4,6.6,,
554391.0,POST,2,36.0,,
554392.0,21212,1,0.55,,
554393.0,85123A,2,5.1,,
554394.0,85099B,4,7.8,,
554395.0,22086,1,2.95,,
554396.0,85123A,6,15.3,,
554397.0,85123A,1,2.55,,
554398.0,84879,6,10.14,,
554399.0,22383,6,9.9,,
554400.0,85099B,2,3.9,,
554401.0,22423,2,25.5,,
554402.0,22383,6,9.9,,
554403.0,85123A,4,10.2,,
118038.0,POST,1,0.0,,
554405.0,84879,1,1.69,,
554406.0,84879,1,1.69,,
554407.0,85123A,4,10.2,,
554408.0,22720,1,4.95,,
554409.0,22086,24,70.8,,
554410.0,22423,6,76.5,,
554411.0,22720,6,29.7,,
554412.0,22720,4,19.8,,
554413.0,85099B,1,1.95,,
554414.0,22423,1,12.75,,
554415.0,22086,1,2.95,,
554416.0,85099B,2,3.9,,
554417.0,22720,2,9.9,,
554418.0,85099B,12,23.4,,
554419.0,22086,12,35.4,,
554420.0,22383,12,19.8,,
554421.0,22423,6,76.5,,
554422.0,22423,4,51.0,,
554423.0,47566,4,19.8,,
554424.0,22423,6,76.5,,
554425.0,22086,4,11.8,,
554426.0,POST,1,18.0,,
554427.0,47566,6,29.7,,
554428.0,22383,2,3.3,,
554429.0,22383,1,1.65,,
554430.0,84879,1,1.69,,
554431.0,22383,4,6.6,,
554432.0,84879,6,10.14,,
554433.0,POST,4,72.0,,
554434.0,47566,4,19.8,,
554435.0,22086,1,2.95,,
554436.0,47566,4,19.8,,
554437.0,22720,6,29.7,,
554438.0,84879,24,40.56,,
554439.0,22086,2,5.9,,
118074.0,85123A,1,0.0,,
554441.0,84879,12,20.28,,
554442.0,POST,1,18.0,,
554443.0,85123A,1,2.55,,
554444.0,22383,12,19.8,,
554445.0,85099B,2,3.9,,
554446.0,POST,6,108.0,,
554447.0,85123A,4,10.2,,
554448.0,85099B,2,3.9,,
554449.0,47566,1,4.95,,
554450.0,22383,1,1.65,,
554451.0,22086,1,2.95,,
554452.0,47566,1,4.95,,
554453.0,22086,4,11.8,,
554454.0,22086,4,11.8,,
554455.0,22086,4,11.8,,
554456.0,85099B,2,3.9,,
554457.0,POST,6,108.0,,
554458.0,84879,4,6.76,,
554459.0,85123A,1,2.55,,
554460.0,84879,1,1.69,,
554461.0,85123A,4,10.2,,
554462.0,22720,1,4.95,,
554463.0,22423,12,153.0,,
554464.0,85099B,1,1.95,,
554465.0,22423,1,12.75,,
554466.0,22383,4,6.6,,
118101.0,22720,1,0.0,,
554468.0,84879,6,10.14,,
554469.0,85123A,4,10.2,,
554470.0,84879,1,1.69,,
554471.0,47566,6,29.7,,
554472.0,POST,2,36.0,,
554473.0,21212,6,3.3,,
554474.0,47566,1,4.95,,
554475.0,85099B,6,11.7,,
554476.0,22086,2,5.9,,
554477.0,22720,2,9.9,,
554478.0,85123A,6,15.3,,
554479.0,22423,6,76.5,,
554480.0,22423,1,12.75,,
554481.0,22383,2,3.3,,
554482.0,85099B,12,23.4,,
554483.0,85123A,12,30.6,,
554484.0,85123A,1,2.55,,
554485.0,22086,1,2.95,,
554486.0,47566,2,9.9,,
554487.0,22720,4,19.8,,
554488.0,21212,1,0.55,,
554489.0,22383,4,6.6,,
554490.0,22720,12,59.4,,
554491.0,22720,6,29.7,,
554492.0,85099B,1,1.95,,
554493.0,22086,1,2.95,,
554494.0,22423,12,153.0,,
554495.0,47566,6,29.7,,
554496.0,22086,12,35.4,,
554497.0,22383,12,19.8,,
554498.0,47566,12,59.4,,
554499.0,85123A,1,2.55,,
554500.0,22720,24,118.8,,
554501.0,22383,2,3.3,,
554502.0,22720,1,4.95,,
554503.0,85099B,1,1.95,,
554504.0,22383,4,6.6,,
554505.0,22086,2,5.9,,
554506.0,22383,6,9.9,,
554507.0,22423,2,25.5,,
554508.0,21212,2,1.1,,
554509.0,21212,1,0.55,,
554510.0,POST,1,18.0,,
554511.0,22423,4,51.0,,
554512.0,22086,6,17.7,,
554513.0,85123A,12,30.6,,
554514.0,85099B,2,3.9,,
554515.0,22383,6,9.9,,
554516.0,POST,2,36.0,,
554517.0,22423,1,12.75,,
554518.0,22383,2,3.3,,
554519.0,22086,6,17.7,,
118154.0,84879,1,0.0,,
554521.0,47566,24,118.8,,
554522.0,22423,4,51.0,,
554523.0,85099B,1,1.95,,
554524.0,85123A,4,10.2,,
554525.0,22423,1,12.75,,
554526.0,21212,2,1.1,,
554527.0,22086,1,2.95,,
554528.0,21212,6,3.3,,
554529.0,85099B,1,1.95,,
554530.0,84879,6,10.14,,
554531.0,22383,1,1.65,,
554532.0,22423,1,12.75,,
554533.0,22383,1,1.65,,
554534.0,22086,1,2.95,,
554535.0,POST,6,108.0,,
554536.0,85099B,6,11.7,,
554537.0,22383,1,1.65,,
554538.0,22383,1,1.65,,
554539.0,POST,4,72.0,,
554540.0,84879,2,3.38,,
554541.0,21212,2,1.1,,
554542.0,21212,2,1.1,,
554543.0,47566,2,9.9,,
554544.0,21212,6,3.3,,
554545.0,47566,6,29.7,,
554546.0,22720,1,4.95,,
554547.0,84879,1,1.69,,
554548.0,85123A,12,30.6,,
554549.0,22086,4,11.8,,
554550.0,22423,1,12.75,,
554551.0,85123A,1,2.55,,
554552.0,22423,1,12.75,,
554553.0,POST,2,36.0,,
554554.0,85123A,1,2.55,,
554555.0,22086,2,5.9,,
554556.0,84879,2,3.38,,
554557.0,85099B,4,7.8,,
554558.0,22086,2,5.9,,
554559.0,85099B,6,11.7,,
554560.0,22383,1,1.65,,
554561.0,84879,1,1.69,,
554562.0,POST,12,216.0,,
554563.0,22720,2,9.9,,
554564.0,22423,1,12.75,,
554565.0,21212,4,2.2,,
554566.0,POST,6,108.0,,
554567.0,21212,1,0.55,,
554568.0,22423,24,306.0,,
554569.0,85099B,2,3.9,,
554570.0,22720,2,9.9,,
554571.0,85099B,4,7.8,,
554572.0,22423,2,25.5,,
554573.0,84879,1,1.69,,
554574.0,22720,4,19.8,,
554575.0,84879,12,20.28,,
554576.0,85099B,1,1.95,,
554577.0,85099B,1,1.95,,
554578.0,22423,12,153.0,,
554579.0,85123A,1,2.55,,
554580.0,22423,1,12.75,,
554581.0,85123A,6,15.3,,
554582.0,85123A,2,5.1,,
554583.0,22720,6,29.7,,
554584.0,22423,1,12.75,,
554585.0,85123A,1,2.55,,
554586.0,47566,12,59.4,,
554587.0,85123A,1,2.55,,
554588.0,22383,1,1.65,,
554589.0,22086,2,5.9,,
554590.0,85099B,12,23.4,,
554591.0,22383,12,19.8,,
554592.0,85123A,1,2.55,,
554593.0,22383,6,9.9,,
554594.0,22383,2,3.3,,
554595.0,22086,1,2.95,,
554596.0,85123A,1,2.55,,
554597.0,84879,2,3.38,,
554598.0,22423,4,51.0,,
554599.0,85123A,2,5.1,,
554600.0,84879,1,1.69,,
554601.0,22086,6,17.7,,
554602.0,22423,6,76.5,,
554603.0,21212,2,1.1,,
118238.0,22720,1,0.0,,
554605.0,22383,12,19.8,,
554606.0,22086,12,35.4,,
554607.0,47566,2,9.9,,
554608.0,22383,6,9.9,,
554609.0,21212,1,0.55,,
554610.0,85123A,4,10.2,,
554611.0,22720,12,59.4,,
554612.0,POST,1,18.0,,
554613.0,85099B,12,23.4,,
554614.0,84879,2,3.38,,
554615.0,POST,1,18.0,,
554616.0,22423,6,76.5,,
554617.0,22720,1,4.95,,
554618.0,47566,1,4.95,,
554619.0,47566,2,9.9,,
554620.0,22383,6,9.9,,
554621.0,84879,2,3.38,,
554622.0,47566,6,29.7,,
554623.0,POST,4,72.0,,
554624.0,22383,12,19.8,,
554625.0,85099B,2,3.9,,
554626.0,84879,12,20.28,,
554627.0,21212,4,2.2,,
554628.0,84879,2,3.38,,
554629.0,47566,2,9.9,,
554630.0,85099B,1,1.95,,
554631.0,22086,6,17.7,,
554632.0,85123A,24,61.2,,
554633.0,22086,6,17.7,,
554634.0,47566,1,4.95,,
554635.0,85099B,12,23.4,,
554636.0,21212,2,1.1,,
554637.0,POST,2,36.0,,
554638.0,47566,4,19.8,,
554639.0,21212,2,1.1,,
554640.0,85099B,12,23.4,,
554641.0,22383,4,6.6,,
554642.0,84879,2,3.38,,
554643.0,47566,1,4.95,,
554644.0,POST,6,108.0,,
554645.0,22086,1,2.95,,
554646.0,22423,2,25.5,,
554647.0,22086,12,35.4,,
554648.0,22423,2,25.5,,
554649.0,22086,2,5.9,,
554650.0,21212,4,2.2,,
554651.0,22086,12,35.4,,
554652.0,21212,1,0.55,,
554653.0,22086,1,2.95,,
554654.0,22423,2,25.5,,
554655.0,85099B,1,1.95,,
554656.0,47566,1,4.95,,
554657.0,84879,6,10.14,,
554658.0,47566,2,9.9,,
554659.0,22423,4,51.0,,
554660.0,22423,1,12.75,,
554661.0,85123A,2,5.1,,
554662.0,22086,2,5.9,,
554663.0,84879,6,10.14,,
554664.0,21212,2,1.1,,
554665.0,22720,4,19.8,,
554666.0,22086,1,2.95,,
554667.0,POST,4,72.0,,
554668.0,22720,12,59.4,,
554669.0,47566,1,4.95,,
554670.0,22086,1,2.95,,
554671.0,22383,6,9.9,,
554672.0,22383,2,3.3,,
554673.0,POST,1,18.0,,
118308.0,47566,1,0.0,,
554675.0,84879,1,1.69,,
554676.0,22720,4,19.8,,
554677.0,47566,1,4.95,,
554678.0,85123A,2,5.1,,
554679.0,22383,1,1.65,,
554680.0,POST,4,72.0,,
554681.0,22383,6,9.9,,
554682.0,22423,2,25.5,,
554683.0,84879,6,10.14,,
554684.0,POST,6,108.0,,
554685.0,21212,6,3.3,,
554686.0,22383,1,1.65,,
554687.0,85123A,1,2.55,,
554688.0,22383,1,1.65,,
554689.0,47566,1,4.95,,
554690.0,47566,6,29.7,,
554691.0,22383,2,3.3,,
554692.0,22423,2,25.5,,
554693.0,22720,1,4.95,,
554694.0,22720,2,9.9,,
554695.0,85099B,1,1.95,,
554696.0,22086,2,5.9,,
554697.0,84879,4,6.76,,
554698.0,22720,2,9.9,,
554699.0,POST,12,216.0,,
554700.0,85099B,1,1.95,,
554701.0,85123A,4,10.2,,
554702.0,22383,6,9.9,,
554703.0,22720,2,9.9,,
554704.0,21212,4,2.2,,
554705.0,85099B,2,3.9,,
554706.0,22383,1,1.65,,
554707.0,85099B,1,1.95,,
554708.0,21212,1,0.55,,
554709.0,22423,1,12.75,,
554710.0,22086,4,11.8,,
554711.0,85099B,2,3.9,,
554712.0,85099B,2,3.9,,
554713.0,22720,2,9.9,,
554714.0,22423,1,12.75,,
554715.0,22383,2,3.3,,
554716.0,47566,1,4.95,,
554717.0,22423,1,12.75,,
554718.0,21212,2,1.1,,
554719.0,84879,1,1.69,,
554720.0,22720,1,4.95,,
554721.0,22383,4,6.6,,
554722.0,22720,4,19.8,,
554723.0,21212,4,2.2,,
554724.0,47566,1,4.95,,
554725.0,85099B,12,23.4,,
554726.0,22423,6,76.5,,
554727.0,84879,2,3.38,,
554728.0,85123A,2,5.1,,
554729.0,85123A,2,5.1,,
554730.0,22383,1,1.65,,
554731.0,85123A,2,5.1,,
554732.0,22383,12,19.8,,
554733.0,47566,1,4.95,,
554734.0,21212,6,3.3,,
554735.0,POST,2,36.0,,
554736.0,21212,1,0.55,,
554737.0,22383,1,1.65,,
554738.0,POST,12,216.0,,
554739.0,22383,1,1.65,,
554740.0,47566,1,4.95,,
554741.0,84879,1,1.69,,
554742.0,POST,1,18.0,,
554743.0,85099B,2,3.9,,
554744.0,POST,6,108.0,,
554745.0,85099B,4,7.8,,
554746.0,85123A,6,15.3,,
554747.0,21212,2,1.1,,
554748.0,47566,12,59.4,,
554749.0,22720,12,59.4,,
554750.0,22720,1,4.95,,
554751.0,22383,4,6.6,,
554752.0,POST,1,18.0,,
554753.0,22383,1,1.65,,
554754.0,84879,2,3.38,,
554755.0,47566,1,4.95,,
554756.0,22383,12,19.8,,
554757.0,POST,1,18.0,,
554758.0,85099B,1,1.95,,
554759.0,21212,6,3.3,,
554760.0,22086,2,5.9,,
118395.0,21212,1,0.0,,
554762.0,85123A,1,2.55,,
554763.0,22720,2,9.9,,
554764.0,22383,2,3.3,,
554765.0,22720,1,4.95,,
554766.0,22383,6,9.9,,
554767.0,POST,2,36.0,,
554768.0,47566,24,118.8,,
554769.0,85099B,1,1.95,,
554770.0,22720,1,4.95,,
554771.0,22720,6,29.7,,
554772.0,21212,1,0.55,,
554773.0,84879,4,6.76,,
554774.0,22383,2,3.3,,
554775.0,22383,2,3.3,,
554776.0,22086,4,11.8,,
554777.0,47566,24,118.8,,
554778.0,22423,1,12.75,,
554779.0,84879,2,3.38,,
554780.0,22423,4,51.0,,
554781.0,22383,2,3.3,,
554782.0,84879,1,1.69,,
554783.0,22383,1,1.65,,
554784.0,22423,1,12.75,,
554785.0,21212,1,0.55,,
554786.0,47566,1,4.95,,
554787.0,47566,6,29.7,,
554788.0,85123A,2,5.1,,
554789.0,22383,24,39.6,,
554790.0,85099B,1,1.95,,
554791.0,47566,6,29.7,,
554792.0,POST,1,18.0,,
554793.0,85123A,2,5.1,,
554794.0,21212,2,1.1,,
554795.0,85099B,6,11.7,,
554796.0,47566,2,9.9,,
554797.0,22383,2,3.3,,
554798.0,85099B,6,11.7,,
554799.0,85123A,4,10.2,,
554800.0,22383,12,19.8,,
554801.0,21212,1,0.55,,
554802.0,22383,4,6.6,,
554803.0,85123A,6,15.3,,
554804.0,22423,6,76.5,,
554805.0,22383,24,39.6,,
554806.0,POST,1,18.0,,
554807.0,22720,2,9.9,,
554808.0,22423,4,51.0,,
554809.0,22720,1,4.95,,
554810.0,85099B,12,23.4,,
554811.0,22720,6,29.7,,
554812.0,85099B,4,7.8,,
554813.0,22383,12,19.8,,
554814.0,21212,1,0.55,,
554815.0,85123A,1,2.55,,
554816.0,22383,6,9.9,,
554817.0,85123A,1,2.55,,
554818.0,85099B,12,23.4,,
554819.0,22423,1,12.75,,
554820.0,84879,12,20.28,,
554821.0,85123A,2,5.1,,
554822.0,22423,24,306.0,,
554823.0,POST,1,18.0,,
554824.0,22383,1,1.65,,
554825.0,POST,6,108.0,,
554826.0,22720,6,29.7,,
554827.0,85123A,4,10.2,,
554828.0,85123A,6,15.3,,
554829.0,47566,4,19.8,,
554830.0,22720,1,4.95,,
554831.0,POST,2,36.0,,
554832.0,22423,1,12.75,,
554833.0,84879,12,20.28,,
554834.0,POST,4,72.0,,
554835.0,47566,2,9.9,,
554836.0,22383,6,9.9,,
554837.0,47566,2,9.9,,
554838.0,21212,4,2.2,,
554839.0,84879,6,10.14,,
554840.0,84879,1,1.69,,
118475.0,85123A,1,0.0,,
554842.0,22086,6,17.7,,
554843.0,47566,2,9.9,,
554844.0,22086,2,5.9,,
554845.0,47566,2,9.9,,
554846.0,85099B,6,11.7,,
554847.0,84879,2,3.38,,
554848.0,47566,1,4.95,,
554849.0,47566,1,4.95,,
554850.0,85099B,6,11.7,,
554851.0,POST,1,18.0,,
554852.0,85099B,1,1.95,,
554853.0,22720,6,29.7,,
554854.0,22720,6,29.7,,
554855.0,85099B,12,23.4,,
554856.0,85123A,4,10.2,,
554857.0,85099B,1,1.95,,
554858.0,22423,6,76.5,,
554859.0,85123A,1,2.55,,
554860.0,22720,2,9.9,,
554861.0,22086,2,5.9,,
554862.0,POST,2,36.0,,
554863.0,22720,1,4.95,,
554864.0,21212,1,0.55,,
554865.0,POST,4,72.0,,
118500.0,85123A,1,0.0,,
554867.0,22383,2,3.3,,
554868.0,85099B,1,1.95,,
554869.0,84879,2,3.38,,
554870.0,22383,4,6.6,,
554871.0,85123A,1,2.55,,
554872.0,22383,24,39.6,,
554873.0,84879,1,1.69,,
554874.0,47566,6,29.7,,
554875.0,85099B,2,3.9,,
554876.0,POST,4,72.0,,
554877.0,85099B,2,3.9,,
554878.0,22086,1,2.95,,
554879.0,22383,2,3.3,,
554880.0,22423,1,12.75,,
554881.0,85099B,12,23.4,,
554882.0,22086,2,5.9,,
554883.0,POST,1,18.0,,
554884.0,22383,2,3.3,,
554885.0,85099B,6,11.7,,
554886.0,22720,12,59.4,,
554887.0,47566,1,4.95,,
554888.0,22383,2,3.3,,
554889.0,47566,2,9.9,,
554890.0,85099B,12,23.4,,
554891.0,84879,12,20.28,,
554892.0,22086,1,2.95,,
554893.0,22086,4,11.8,,
554894.0,84879,24,40.56,,
554895.0,47566,2,9.9,,
554896.0,47566,1,4.95,,
554897.0,22383,12,19.8,,
554898.0,22383,4,6.6,,
554899.0,84879,2,3.38,,
554900.0,POST,2,36.0,,
554901.0,85123A,2,5.1,,
554902.0,84879,4,6.76,,
554903.0,21212,2,1.1,,
554904.0,22423,4,51.0,,
118539.0,22720,1,0.0,,
554906.0,POST,1,18.0,,
554907.0,85099B,2,3.9,,
554908.0,85099B,12,23.4,,
554909.0,POST,4,72.0,,
554910.0,85123A,12,30.6,,
554911.0,22423,1,12.75,,
554912.0,84879,1,1.69,,
554913.0,85123A,1,2.55,,
554914.0,22383,6,9.9,,
554915.0,84879,6,10.14,,
554916.0,22086,6,17.7,,
554917.0,22086,2,5.9,,
554918.0,22423,6,76.5,,
554919.0,22383,6,9.9,,
554920.0,22086,1,2.95,,
118555.0,22086,1,0.0,,
554922.0,85123A,1,2.55,,
554923.0,POST,4,72.0,,
554924.0,84879,1,1.69,,
554925.0,85099B,2,3.9,,
554926.0,85123A,12,30.6,,
554927.0,84879,12,20.28,,
554928.0,22086,6,17.7,,
554929.0,POST,2,36.0,,
554930.0,21212,1,0.55,,
554931.0,47566,1,4.95,,
554932.0,22086,6,17.7,,
554933.0,84879,1,1.69,,
554934.0,22720,1,4.95,,
554935.0,22720,2,9.9,,
554936.0,85099B,2,3.9,,
554937.0,47566,1,4.95,,
554938.0,47566,12,59.4,,
554939.0,22423,6,76.5,,
554940.0,84879,1,1.69,,
554941.0,84879,6,10.14,,
554942.0,22720,1,4.95,,
554943.0,47566,1,4.95,,
554944.0,POST,1,18.0,,
554945.0,22423,2,25.5,,
554946.0,85123A,2,5.1,,
554947.0,47566,2,9.9,,
554948.0,21212,1,0.55,,
554949.0,22720,4,19.8,,
554950.0,22383,24,39.6,,
554951.0,22086,2,5.9,,
554952.0,47566,12,59.4,,
554953.0,85123A,2,5.1,,
554954.0,22720,1,4.95,,
554955.0,84879,2,3.38,,
554956.0,85123A,1,2.55,,
554957.0,85099B,4,7.8,,
554958.0,85099B,1,1.95,,
554959.0,47566,1,4.95,,
554960.0,21212,1,0.55,,
554961.0,85099B,6,11.7,,
554962.0,84879,24,40.56,,
554963.0,22086,6,17.7,,
554964.0,22423,1,12.75,,
554965.0,85123A,1,2.55,,
554966.0,85123A,1,2.55,,
554967.0,84879,1,1.69,,
554968.0,22383,12,19.8,,
554969.0,22423,1,12.75,,
554970.0,84879,4,6.76,,
554971.0,22383,12,19.8,,
554972.0,22423,6,76.5,,
554973.0,22086,1,2.95,,
554974.0,85123A,1,2.55,,
554975.0,POST,1,18.0,,
554976.0,85099B,1,1.95,,
554977.0,21212,6,3.3,,
554978.0,22086,2,5.9,,
554979.0,85099B,2,3.9,,
554980.0,85123A,4,10.2,,
554981.0,85123A,1,2.55,,
554982.0,47566,2,9.9,,
554983.0,22383,1,1.65,,
554984.0,22383,2,3.3,,
554985.0,POST,12,216.0,,
554986.0,84879,24,40.56,,
554987.0,84879,4,6.76,,
554988.0,85099B,1,1.95,,
554989.0,22383,2,3.3,,
554990.0,22720,1,4.95,,
554991.0,22086,2,5.9,,
554992.0,21212,2,1.1,,
554993.0,POST,4,72.0,,
554994.0,21212,2,1.1,,
554995.0,POST,1,18.0,,
554996.0,22383,12,19.8,,
554997.0,47566,12,59.4,,
554998.0,22423,6,76.5,,
554999.0,22383,1,1.65,,
555000.0,47566,6,29.7,,
555001.0,22423,6,76.5,,
555002.0,22423,4,51.0,,
555003.0,22086,6,17.7,,
555004.0,84879,2,3.38,,
555005.0,22086,1,2.95,,
555006.0,47566,12,59.4,,
555007.0,22423,1,12.75,,
555008.0,85099B,4,7.8,,
555009.0,21212,4,2.2,,
555010.0,22720,1,4.95,,
555011.0,47566,2,9.9,,
555012.0,85099B,2,3.9,,
118647.0,84879,1,0.0,,
555014.0,47566,2,9.9,,
555015.0,85099B,12,23.4,,
555016.0,POST,12,216.0,,
555017.0,22086,6,17.7,,
555018.0,22383,6,9.9,,
555019.0,47566,4,19.8,,
555020.0,22423,12,153.0,,
555021.0,22720,12,59.4,,
555022.0,22423,1,12.75,,
555023.0,22423,6,76.5,,
555024.0,85123A,1,2.55,,
555025.0,85099B,1,1.95,,
555026.0,22720,1,4.95,,
555027.0,POST,1,18.0,,
555028.0,47566,1,4.95,,
555029.0,84879,1,1.69,,
555030.0,22720,4,19.8,,
555031.0,47566,4,19.8,,
555032.0,84879,1,1.69,,
555033.0,85099B,1,1.95,,
555034.0,22086,4,11.8,,
555035.0,21212,2,1.1,,
555036.0,22423,4,51.0,,
555037.0,POST,6,108.0,,
555038.0,22383,2,3.3,,
555039.0,85123A,24,61.2,,
555040.0,85123A,6,15.3,,
555041.0,21212,12,6.6,,
555042.0,22720,2,9.9,,
555043.0,22086,6,17.7,,
555044.0,22720,2,9.9,,
555045.0,22086,6,17.7,,
555046.0,22423,4,51.0,,
555047.0,22086,2,5.9,,
555048.0,47566,2,9.9,,
555049.0,22086,6,17.7,,
555050.0,POST,1,18.0,,
555051.0,22423,2,25.5,,
555052.0,85099B,4,7.8,,
555053.0,85099B,2,3.9,,
555054.0,21212,6,3.3,,
555055.0,85099B,6,11.7,,
555056.0,22720,4,19.8,,
118691.0,85099B,1,0.0,,
555058.0,47566,6,29.7,,
555059.0,22423,1,12.75,,
555060.0,22086,1,2.95,,
555061.0,84879,1,1.69,,
555062.0,22383,2,3.3,,
555063.0,POST,1,18.0,,
555064.0,85099B,1,1.95,,
555065.0,21212,2,1.1,,
555066.0,22086,1,2.95,,
555067.0,22423,1,12.75,,
555068.0,47566,6,29.7,,
555069.0,22423,4,51.0,,
555070.0,85123A,2,5.1,,
555071.0,47566,12,59.4,,
555072.0,85123A,2,5.1,,
555073.0,22720,1,4.95,,
555074.0,22720,1,4.95,,
555075.0,22086,4,11.8,,
555076.0,21212,2,1.1,,
555077.0,47566,4,19.8,,
555078.0,84879,2,3.38,,
555079.0,21212,1,0.55,,
555080.0,22086,1,2.95,,
555081.0,22383,4,6.6,,
555082.0,84879,6,10.14,,
555083.0,22423,12,153.0,,
555084.0,22423,6,76.5,,
555085.0,22720,6,29.7,,
555086.0,47566,6,29.7,,
555087.0,21212,1,0.55,,
555088.0,POST,2,36.0,,
555089.0,84879,6,10.14,,
555090.0,22086,2,5.9,,
555091.0,47566,1,4.95,,
555092.0,22423,6,76.5,,
555093.0,22423,2,25.5,,
555094.0,21212,6,3.3,,
555095.0,22423,12,153.0,,
555096.0,22383,6,9.9,,
555097.0,22086,2,5.9,,
555098.0,22423,2,25.5,,
555099.0,22423,4,51.0,,
555100.0,47566,1,4.95,,
555101.0,22720,1,4.95,,
555102.0,POST,6,108.0,,
555103.0,POST,4,72.0,,
555104.0,22720,2,9.9,,
555105.0,85123A,1,2.55,,
555106.0,POST,6,108.0,,
555107.0,85099B,4,7.8,,
555108.0,21212,4,2.2,,
555109.0,21212,1,0.55,,
555110.0,22383,12,19.8,,
555111.0,22720,2,9.9,,
555112.0,84879,2,3.38,,
555113.0,22086,1,2.95,,
555114.0,22086,4,11.8,,
555115.0,21212,2,1.1,,
555116.0,22720,12,59.4,,
555117.0,85099B,1,1.95,,
555118.0,85123A,2,5.1,,
555119.0,22383,4,6.6,,
555120.0,47566,4,19.8,,
555121.0,22383,4,6.6,,
555122.0,22383,2,3.3,,
555123.0,84879,24,40.56,,
555124.0,POST,2,36.0,,
555125.0,84879,2,3.38,,
555126.0,84879,24,40.56,,
555127.0,85099B,2,3.9,,
555128.0,47566,24,118.8,,
555129.0,22423,1,12.75,,
555130.0,21212,2,1.1,,
555131.0,22383,6,9.9,,
555132.0,22383,1,1.65,,
555133.0,47566,6,29.7,,
555134.0,22720,4,19.8,,
555135.0,22720,1,4.95,,
555136.0,22720,1,4.95,,
118771.0,POST,1,0.0,,
555138.0,85099B,2,3.9,,
555139.0,22383,1,1.65,,
555140.0,85099B,12,23.4,,
555141.0,85123A,4,10.2,,
555142.0,85123A,1,2.55,,
555143.0,84879,6,10.14,,
555144.0,85123A,6,15.3,,
555145.0,21212,2,1.1,,
555146.0,84879,4,6.76,,
555147.0,22383,2,3.3,,
555148.0,22423,1,12.75,,
555149.0,47566,4,19.8,,
555150.0,22383,12,19.8,,
555151.0,POST,1,18.0,,
555152.0,21212,1,0.55,,
555153.0,47566,1,4.95,,
555154.0,22720,2,9.9,,
555155.0,22720,2,9.9,,
555156.0,22423,2,25.5,,
555157.0,21212,1,0.55,,
555158.0,22383,4,6.6,,
555159.0,POST,1,18.0,,
555160.0,22086,1,2.95,,
555161.0,84879,2,3.38,,
555162.0,22086,4,11.8,,
555163.0,22423,6,76.5,,
555164.0,84879,6,10.14,,
555165.0,21212,6,3.3,,
555166.0,84879,12,20.28,,
555167.0,21212,1,0.55,,
555168.0,84879,1,1.69,,
555169.0,22383,6,9.9,,
555170.0,22720,2,9.9,,
555171.0,22383,4,6.6,,
555172.0,84879,2,3.38,,
555173.0,22383,1,1.65,,
118808.0,85099B,1,0.0,,
555175.0,85123A,2,5.1,,
555176.0,21212,2,1.1,,
555177.0,POST,1,18.0,,
555178.0,85123A,1,2.55,,
555179.0,POST,1,18.0,,
555180.0,84879,2,3.38,,
555181.0,85123A,1,2.55,,
555182.0,47566,1,4.95,,
555183.0,84879,6,10.14,,
555184.0,22086,12,35.4,,
555185.0,22423,6,76.5,,
555186.0,22383,1,1.65,,
555187.0,22086,1,2.95,,
555188.0,84879,2,3.38,,
555189.0,22383,12,19.8,,
555190.0,21212,1,0.55,,
555191.0,85123A,2,5.1,,
555192.0,POST,2,36.0,,
555193.0,85123A,24,61.2,,
118828.0,POST,1,0.0,,
555195.0,22720,2,9.9,,
555196.0,21212,4,2.2,,
555197.0,22423,12,153.0,,
555198.0,47566,2,9.9,,
555199.0,22720,2,9.9,,
555200.0,85123A,2,5.1,,
555201.0,85099B,2,3.9,,
555202.0,22086,1,2.95,,
555203.0,47566,6,29.7,,
555204.0,47566,12,59.4,,
555205.0,22423,2,25.5,,
555206.0,22423,2,25.5,,
555207.0,22086,2,5.9,,
555208.0,85123A,2,5.1,,
555209.0,84879,2,3.38,,
555210.0,POST,2,36.0,,
555211.0,22383,12,19.8,,
555212.0,22423,1,12.75,,
555213.0,21212,12,6.6,,
555214.0,POST,1,18.0,,
555215.0,21212,1,0.55,,
555216.0,POST,4,72.0,,
555217.0,POST,2,36.0,,
555218.0,22383,2,3.3,,
555219.0,22423,1,12.75,,
555220.0,22383,2,3.3,,
555221.0,21212,2,1.1,,
555222.0,85123A,1,2.55,,
118857.0,47566,1,0.0,,
555224.0,22423,4,51.0,,
555225.0,22423,2,25.5,,
555226.0,POST,2,36.0,,
555227.0,22720,6,29.7,,
555228.0,21212,4,2.2,,
555229.0,22383,1,1.65,,
555230.0,21212,1,0.55,,
555231.0,POST,2,36.0,,
118866.0,22720,1,0.0,,
555233.0,85123A,4,10.2,,
555234.0,21212,1,0.55,,
555235.0,22086,4,11.8,,
555236.0,21212,6,3.3,,
555237.0,22086,1,2.95,,
555238.0,47566,2,9.9,,
555239.0,22720,24,118.8,,
555240.0,85099B,2,3.9,,
555241.0,POST,4,72.0,,
555242.0,84879,6,10.14,,
555243.0,22086,4,11.8,,
555244.0,22720,1,4.95,,
555245.0,POST,4,72.0,,
555246.0,85099B,1,1.95,,
555247.0,47566,2,9.9,,
555248.0,22383,1,1.65,,
555249.0,POST,1,18.0,,
555250.0,POST,1,18.0,,
555251.0,47566,4,19.8,,
555252.0,22383,2,3.3,,
555253.0,85099B,1,1.95,,
555254.0,85123A,12,30.6,,
555255.0,21212,2,1.1,,
555256.0,22423,2,25.5,,
555257.0,POST,6,108.0,,
555258.0,POST,1,18.0,,
555259.0,POST,1,18.0,,
555260.0,POST,2,36.0,,
555261.0,84879,2,3.38,,
555262.0,85099B,1,1.95,,
118897.0,84879,1,0.0,,
555264.0,22720,1,4.95,,
555265.0,22423,1,12.75,,
555266.0,85123A,4,10.2,,
555267.0,21212,4,2.2,,
555268.0,84879,2,3.38,,
555269.0,85099B,1,1.95,,
555270.0,47566,1,4.95,,
555271.0,22383,12,19.8,,
555272.0,21212,12,6.6,,
555273.0,22086,1,2.95,,
555274.0,22720,2,9.9,,
555275.0,47566,12,59.4,,
555276.0,POST,4,72.0,,
555277.0,22086,1,2.95,,
555278.0,22423,1,12.75,,
555279.0,21212,2,1.1,,
555280.0,22383,6,9.9,,
555281.0,47566,1,4.95,,
555282.0,POST,12,216.0,,
555283.0,85099B,1,1.95,,
555284.0,22423,4,51.0,,
555285.0,85123A,2,5.1,,
555286.0,22423,1,12.75,,
555287.0,POST,12,216.0,,
555288.0,84879,6,10.14,,
555289.0,22383,6,9.9,,
555290.0,22383,1,1.65,,
555291.0,22086,1,2.95,,
555292.0,85099B,24,46.8,,
555293.0,22720,4,19.8,,
555294.0,22720,1,4.95,,
555295.0,84879,1,1.69,,
555296.0,POST,1,18.0,,
555297.0,22423,6,76.5,,
555298.0,85099B,6,11.7,,
555299.0,84879,1,1.69,,
555300.0,85123A,4,10.2,,
555301.0,85099B,2,3.9,,
555302.0,21212,12,6.6,,
555303.0,POST,2,36.0,,
555304.0,22423,4,51.0,,
555305.0,22086,2,5.9,,
555306.0,22086,2,5.9,,
555307.0,21212,6,3.3,,
555308.0,POST,2,36.0,,
555309.0,22423,6,76.5,,
555310.0,21212,4,2.2,,
555311.0,85099B,6,11.7,,
555312.0,22423,1,12.75,,
555313.0,22423,1,12.75,,
118948.0,21212,1,0.0,,
555315.0,85099B,6,11.7,,
555316.0,84879,6,10.14,,
555317.0,22720,1,4.95,,
555318.0,22086,4,11.8,,
118953.0,22383,1,0.0,,
555320.0,22423,1,12.75,,
555321.0,21212,1,0.55,,
555322.0,22423,2,25.5,,
555323.0,22423,2,25.5,,
555324.0,22383,1,1.65,,
555325.0,22086,2,5.9,,
555326.0,22383,4,6.6,,
555327.0,84879,1,1.69,,
555328.0,22720,1,4.95,,
555329.0,85099B,24,46.8,,
555330.0,21212,6,3.3,,
555331.0,85123A,1,2.55,,
555332.0,47566,12,59.4,,
555333.0,22383,1,1.65,,
555334.0,47566,1,4.95,,
555335.0,22423,2,25.5,,
555336.0,85099B,6,11.7,,
118971.0,22423,1,0.0,,
555338.0,22720,1,4.95,,
555339.0,POST,2,36.0,,
555340.0,22720,1,4.95,,
555341.0,85123A,6,15.3,,
555342.0,22423,2,25.5,,
555343.0,85099B,2,3.9,,
555344.0,21212,1,0.55,,
555345.0,22086,4,11.8,,
555346.0,47566,1,4.95,,
555347.0,22720,1,4.95,,
555348.0,POST,1,18.0,,
555349.0,22720,4,19.8,,
555350.0,85123A,6,15.3,,
555351.0,22383,12,19.8,,
555352.0,22720,6,29.7,,
555353.0,22720,1,4.95,,
555354.0,84879,4,6.76,,
555355.0,85099B,2,3.9,,
555356.0,47566,2,9.9,,
555357.0,21212,4,2.2,,
555358.0,22383,4,6.6,,
555359.0,22086,1,2.95,,
555360.0,22383,6,9.9,,
555361.0,21212,4,2.2,,
555362.0,21212,1,0.55,,
555363.0,84879,1,1.69,,
555364.0,22720,1,4.95,,
555365.0,22720,2,9.9,,
555366.0,POST,2,36.0,,
555367.0,85123A,4,10.2,,
555368.0,21212,1,0.55,,
555369.0,85099B,1,1.95,,
555370.0,84879,4,6.76,,
555371.0,22086,4,11.8,,
555372.0,85123A,6,15.3,,
555373.0,85123A,2,5.1,,
555374.0,22383,6,9.9,,
555375.0,POST,1,18.0,,
555376.0,22720,2,9.9,,
555377.0,22383,1,1.65,,
555378.0,47566,2,9.9,,
555379.0,22086,1,2.95,,
555380.0,47566,1,4.95,,
555381.0,POST,6,108.0,,
555382.0,84879,24,40.56,,
555383.0,84879,2,3.38,,
555384.0,22383,2,3.3,,
555385.0,21212,6,3.3,,
555386.0,22720,2,9.9,,
555387.0,22383,12,19.8,,
555388.0,21212,2,1.1,,
555389.0,47566,2,9.9,,
555390.0,47566,1,4.95,,
555391.0,POST,2,36.0,,
555392.0,22086,2,5.9,,
555393.0,22720,6,29.7,,
555394.0,47566,1,4.95,,
555395.0,47566,4,19.8,,
555396.0,84879,2,3.38,,
555397.0,22086,2,5.9,,
555398.0,22720,2,9.9,,
555399.0,21212,4,2.2,,
555400.0,85099B,4,7.8,,
555401.0,21212,2,1.1,,
555402.0,22720,6,29.7,,
555403.0,84879,1,1.69,,
555404.0,POST,6,108.0,,
555405.0,22383,4,6.6,,
555406.0,22086,1,2.95,,
555407.0,21212,4,2.2,,
555408.0,21212,4,2.2,,
555409.0,22383,12,19.8,,
555410.0,21212,2,1.1,,
555411.0,84879,1,1.69,,
555412.0,84879,2,3.38,,
555413.0,85123A,1,2.55,,
555414.0,22383,1,1.65,,
555415.0,85099B,4,7.8,,
555416.0,84879,4,6.76,,
555417.0,47566,4,19.8,,
555418.0,22423,1,12.75,,
555419.0,22423,6,76.5,,
555420.0,21212,24,13.2,,
555421.0,22383,2,3.3,,
555422.0,85099B,1,1.95,,
555423.0,84879,2,3.38,,
555424.0,85099B,2,3.9,,
555425.0,85099B,1,1.95,,
555426.0,22423,1,12.75,,
555427.0,22086,2,5.9,,
555428.0,22086,1,2.95,,
555429.0,85123A,2,5.1,,
555430.0,POST,1,18.0,,
555431.0,85123A,12,30.6,,
555432.0,POST,12,216.0,,
555433.0,85123A,6,15.3,,
555434.0,22720,1,4.95,,
555435.0,22383,6,9.9,,
555436.0,21212,1,0.55,,
555437.0,47566,1,4.95,,
555438.0,47566,2,9.9,,
555439.0,85099B,1,1.95,,
555440.0,85123A,2,5.1,,
555441.0,22383,2,3.3,,
555442.0,POST,24,432.0,,
555443.0,47566,2,9.9,,
555444.0,22423,4,51.0,,
555445.0,84879,1,1.69,,
555446.0,22086,1,2.95,,
555447.0,POST,2,36.0,,
555448.0,85099B,1,1.95,,
555449.0,22720,1,4.95,,
555450.0,22720,12,59.4,,
555451.0,84879,12,20.28,,
555452.0,21212,4,2.2,,
555453.0,85123A,2,5.1,,
555454.0,85123A,12,30.6,,
555455.0,POST,1,18.0,,
555456.0,22086,1,2.95,,
555457.0,85099B,6,11.7,,
555458.0,22383,1,1.65,,
555459.0,POST,6,108.0,,
119094.0,22720,1,0.0,,
555461.0,POST,1,18.0,,
555462.0,22720,6,29.7,,
555463.0,85099B,12,23.4,,
119098.0,22383,1,0.0,,
555465.0,85123A,1,2.55,,
555466.0,85099B,1,1.95,,
555467.0,22383,1,1.65,,
555468.0,22720,2,9.9,,
555469.0,22086,4,11.8,,
555470.0,85099B,2,3.9,,
119105.0,21212,1,0.0,,
555472.0,22720,24,118.8,,
555473.0,85123A,6,15.3,,
555474.0,22383,4,6.6,,
555475.0,22086,4,11.8,,
555476.0,POST,4,72.0,,
555477.0,85099B,1,1.95,,
555478.0,21212,1,0.55,,
555479.0,21212,6,3.3,,
555480.0,84879,1,1.69,,
555481.0,47566,6,29.7,,
555482.0,21212,24,13.2,,
555483.0,22423,1,12.75,,
555484.0,22720,12,59.4,,
555485.0,85123A,1,2.55,,
555486.0,22086,2,5.9,,
555487.0,POST,2,36.0,,
555488.0,22086,12,35.4,,
555489.0,85099B,4,7.8,,
555490.0,47566,2,9.9,,
119125.0,85123A,1,0.0,,
555492.0,21212,2,1.1,,
555493.0,22720,1,4.95,,
555494.0,47566,1,4.95,,
555495.0,84879,2,3.38,,
555496.0,22383,24,39.6,,
555497.0,85099B,1,1.95,,
555498.0,22720,1,4.95,,
555499.0,84879,2,3.38,,
555500.0,22423,1,12.75,,
555501.0,85099B,1,1.95,,
555502.0,85099B,1,1.95,,
555503.0,47566,6,29.7,,
555504.0,POST,6,108.0,,
555505.0,21212,1,0.55,,
555506.0,22720,1,4.95,,
555507.0,47566,2,9.9,,
555508.0,22086,2,5.9,,
555509.0,22720,4,19.8,,
555510.0,85099B,2,3.9,,
555511.0,22086,2,5.9,,
555512.0,POST,1,18.0,,
555513.0,47566,2,9.9,,
555514.0,POST,1,18.0,,
555515.0,84879,2,3.38,,
555516.0,22383,1,1.65,,
555517.0,POST,1,18.0,,
555518.0,85123A,6,15.3,,
555519.0,84879,6,10.14,,
555520.0,22086,2,5.9,,
555521.0,22383,2,3.3,,
555522.0,85123A,6,15.3,,
555523.0,22720,2,9.9,,
555524.0,47566,1,4.95,,
555525.0,POST,1,18.0,,
555526.0,85123A,12,30.6,,
555527.0,21212,2,1.1,,
555528.0,22086,4,11.8,,
555529.0,85123A,4,10.2,,
555530.0,POST,1,18.0,,
555531.0,21212,2,1.1,,
555532.0,22720,1,4.95,,
555533.0,85123A,1,2.55,,
555534.0,47566,4,19.8,,
555535.0,POST,4,72.0,,
555536.0,22383,6,9.9,,
555537.0,22720,4,19.8,,
555538.0,22383,1,1.65,,
555539.0,84879,2,3.38,,
555540.0,22086,6,17.7,,
555541.0,22383,6,9.9,,
555542.0,22383,6,9.9,,
555543.0,22423,2,25.5,,
555544.0,22720,12,59.4,,
555545.0,22086,4,11.8,,
555546.0,21212,4,2.2,,
555547.0,84879,4,6.76,,
555548.0,21212,4,2.2,,
555549.0,22423,12,153.0,,
119184.0,84879,1,0.0,,
555551.0,21212,2,1.1,,
555552.0,22423,1,12.75,,
555553.0,85123A,1,2.55,,
555554.0,22383,2,3.3,,
555555.0,POST,1,18.0,,
555556.0,85099B,2,3.9,,
555557.0,22423,1,12.75,,
555558.0,22383,1,1.65,,
555559.0,85123A,4,10.2,,
555560.0,22423,1,12.75,,
555561.0,47566,4,19.8,,
555562.0,47566,4,19.8,,
555563.0,84879,4,6.76,,
555564.0,POST,1,18.0,,
555565.0,22383,4,6.6,,
555566.0,85099B,4,7.8,,
555567.0,21212,2,1.1,,
555568.0,22086,4,11.8,,
555569.0,21212,12,6.6,,
555570.0,85099B,24,46.8,,
555571.0,85123A,4,10.2,,
555572.0,85123A,1,2.55,,
555573.0,84879,1,1.69,,
555574.0,POST,6,108.0,,
555575.0,47566,6,29.7,,
555576.0,85099B,12,23.4,,
555577.0,22383,4,6.6,,
555578.0,POST,1,18.0,,
555579.0,22086,1,2.95,,
555580.0,22423,2,25.5,,
555581.0,84879,2,3.38,,
555582.0,22720,2,9.9,,
555583.0,POST,6,108.0,,
555584.0,22423,12,153.0,,
555585.0,47566,1,4.95,,
555586.0,22086,4,11.8,,
555587.0,22423,1,12.75,,
555588.0,47566,2,9.9,,
555589.0,22720,2,9.9,,
555590.0,21212,1,0.55,,
555591.0,47566,4,19.8,,
555592.0,22720,1,4.95,,
555593.0,22383,1,1.65,,
555594.0,47566,1,4.95,,
555595.0,22423,1,12.75,,
555596.0,85099B,2,3.9,,
555597.0,22383,2,3.3,,
555598.0,21212,1,0.55,,
555599.0,POST,1,18.0,,
555600.0,22423,4,51.0,,
555601.0,85099B,1,1.95,,
555602.0,22423,12,153.0,,
555603.0,85123A,1,2.55,,
555604.0,POST,4,72.0,,
555605.0,47566,6,29.7,,
555606.0,22423,2,25.5,,
555607.0,POST,4,72.0,,
555608.0,21212,1,0.55,,
555609.0,47566,6,29.7,,
119244.0,22720,1,0.0,,
555611.0,22423,1,12.75,,
555612.0,85123A,2,5.1,,
555613.0,47566,2,9.9,,
555614.0,84879,6,10.14,,
555615.0,22086,1,2.95,,
555616.0,47566,12,59.4,,
555617.0,21212,2,1.1,,
555618.0,22086,2,5.9,,
555619.0,POST,1,18.0,,
555620.0,21212,1,0.55,,
555621.0,47566,1,4.95,,
555622.0,22086,6,17.7,,
555623.0,22720,1,4.95,,
555624.0,47566,1,4.95,,
555625.0,85123A,1,2.55,,
555626.0,85123A,4,10.2,,
555627.0,47566,4,19.8,,
555628.0,22423,2,25.5,,
555629.0,22423,1,12.75,,
555630.0,85123A,2,5.1,,
119265.0,22720,1,0.0,,
555632.0,POST,2,36.0,,
555633.0,85099B,2,3.9,,
555634.0,22720,1,4.95,,
555635.0,22423,4,51.0,,
555636.0,22423,2,25.5,,
555637.0,22086,6,17.7,,
555638.0,21212,1,0.55,,
555639.0,22086,6,17.7,,
555640.0,84879,24,40.56,,
555641.0,84879,1,1.69,,
555642.0,21212,1,0.55,,
555643.0,85123A,1,2.55,,
555644.0,22423,1,12.75,,
555645.0,22720,1,4.95,,
555646.0,22423,6,76.5,,
555647.0,85099B,1,1.95,,
555648.0,85123A,6,15.3,,
555649.0,POST,2,36.0,,
555650.0,21212,4,2.2,,
555651.0,21212,4,2.2,,
555652.0,84879,2,3.38,,
555653.0,22383,2,3.3,,
555654.0,22086,24,70.8,,
555655.0,47566,1,4.95,,
555656.0,85099B,2,3.9,,
555657.0,22383,6,9.9,,
555658.0,85099B,6,11.7,,
555659.0,47566,2,9.9,,
555660.0,22423,1,12.75,,
555661.0,21212,1,0.55,,
555662.0,22383,6,9.9,,
555663.0,22423,4,51.0,,
555664.0,84879,1,1.69,,
555665.0,POST,2,36.0,,
555666.0,22383,2,3.3,,
555667.0,22383,6,9.9,,
555668.0,21212,1,0.55,,
555669.0,22423,1,12.75,,
555670.0,47566,12,59.4,,
555671.0,47566,2,9.9,,
555672.0,22086,12,35.4,,
555673.0,85099B,2,3.9,,
555674.0,POST,6,108.0,,
555675.0,84879,2,3.38,,
555676.0,47566,2,9.9,,
555677.0,47566,1,4.95,,
555678.0,21212,2,1.1,,
555679.0,POST,4,72.0,,
555680.0,85123A,6,15.3,,
555681.0,22086,2,5.9,,
555682.0,22383,2,3.3,,
555683.0,22086,1,2.95,,
555684.0,21212,6,3.3,,
555685.0,22720,4,19.8,,
555686.0,22423,4,51.0,,
555687.0,21212,12,6.6,,
555688.0,22423,1,12.75,,
555689.0,POST,12,216.0,,
555690.0,84879,4,6.76,,
555691.0,85099B,1,1.95,,
555692.0,POST,4,72.0,,
555693.0,21212,4,2.2,,
555694.0,22423,2,25.5,,
555695.0,47566,1,4.95,,
555696.0,22423,2,25.5,,
555697.0,22086,1,2.95,,
555698.0,POST,12,216.0,,
555699.0,22383,6,9.9,,
555700.0,84879,1,1.69,,
555701.0,22423,12,153.0,,
555702.0,22383,2,3.3,,
555703.0,85099B,4,7.8,,
555704.0,21212,2,1.1,,
555705.0,21212,2,1.1,,
555706.0,21212,2,1.1,,
555707.0,22383,4,6.6,,
555708.0,POST,1,18.0,,
555709.0,22720,6,29.7,,
555710.0,22383,1,1.65,,
555711.0,22086,6,17.7,,
555712.0,21212,12,6.6,,
555713.0,21212,1,0.55,,
555714.0,22086,4,11.8,,
555715.0,21212,2,1.1,,
555716.0,22720,6,29.7,,
555717.0,47566,2,9.9,,
555718.0,22720,2,9.9,,
555719.0,85123A,4,10.2,,
555720.0,22086,1,2.95,,
555721.0,85099B,2,3.9,,
555722.0,22086,1,2.95,,
555723.0,22383,2,3.3,,
119358.0,85099B,1,0.0,,
555725.0,POST,6,108.0,,
555726.0,21212,1,0.55,,
555727.0,22720,1,4.95,,
555728.0,22086,2,5.9,,
555729.0,47566,1,4.95,,
555730.0,POST,2,36.0,,
555731.0,85099B,1,1.95,,
555732.0,22383,2,3.3,,
555733.0,85123A,6,15.3,,
555734.0,84879,1,1.69,,
555735.0,22720,4,19.8,,
555736.0,47566,1,4.95,,
555737.0,22720,24,118.8,,
555738.0,85099B,1,1.95,,
555739.0,47566,4,19.8,,
555740.0,22720,12,59.4,,
555741.0,21212,4,2.2,,
555742.0,22383,1,1.65,,
555743.0,22423,12,153.0,,
555744.0,22383,2,3.3,,
555745.0,22423,2,25.5,,
555746.0,POST,6,108.0,,
555747.0,21212,6,3.3,,
555748.0,85099B,1,1.95,,
555749.0,22720,4,19.8,,
555750.0,84879,1,1.69,,
555751.0,85099B,1,1.95,,
555752.0,22383,1,1.65,,
555753.0,22423,1,12.75,,
555754.0,21212,1,0.55,,
555755.0,85123A,12,30.6,,
555756.0,85123A,6,15.3,,
555757.0,POST,1,18.0,,
555758.0,22720,6,29.7,,
555759.0,85123A,4,10.2,,
555760.0,47566,1,4.95,,
555761.0,POST,4,72.0,,
555762.0,85123A,1,2.55,,
555763.0,POST,6,108.0,,
555764.0,22720,2,9.9,,
555765.0,85123A,12,30.6,,
555766.0,22086,4,11.8,,
555767.0,22423,1,12.75,,
555768.0,21212,2,1.1,,
555769.0,22086,1,2.95,,
555770.0,POST,6,108.0,,
555771.0,22383,2,3.3,,
555772.0,22423,2,25.5,,
555773.0,21212,1,0.55,,
555774.0,85099B,2,3.9,,
555775.0,22383,6,9.9,,
555776.0,85099B,12,23.4,,
555777.0,22720,1,4.95,,
555778.0,84879,4,6.76,,
555779.0,84879,1,1.69,,
555780.0,22383,1,1.65,,
555781.0,85099B,12,23.4,,
555782.0,84879,2,3.38,,
555783.0,21212,1,0.55,,
555784.0,85099B,2,3.9,,
555785.0,22086,12,35.4,,
555786.0,22383,4,6.6,,
555787.0,85123A,1,2.55,,
555788.0,22720,2,9.9,,
555789.0,22423,1,12.75,,
555790.0,84879,2,3.38,,
555791.0,POST,4,72.0,,
555792.0,84879,6,10.14,,
555793.0,22720,2,9.9,,
555794.0,POST,2,36.0,,
555795.0,21212,2,1.1,,
555796.0,85123A,6,15.3,,
555797.0,85099B,12,23.4,,
555798.0,47566,2,9.9,,
555799.0,85123A,1,2.55,,
555800.0,22423,1,12.75,,
555801.0,21212,2,1.1,,
555802.0,POST,12,216.0,,
555803.0,47566,24,118.8,,
555804.0,22720,6,29.7,,
555805.0,47566,6,29.7,,
555806.0,POST,6,108.0,,
555807.0,22383,2,3.3,,
555808.0,47566,4,19.8,,
555809.0,47566,2,9.9,,
555810.0,21212,4,2.2,,
119445.0,POST,1,0.0,,
555812.0,22720,4,19.8,,
555813.0,POST,6,108.0,,
555814.0,21212,1,0.55,,
555815.0,47566,2,9.9,,
555816.0,21212,6,3.3,,
555817.0,22720,1,4.95,,
555818.0,85099B,4,7.8,,
555819.0,21212,4,2.2,,
555820.0,22423,4,51.0,,
555821.0,22423,2,25.5,,
555822.0,85123A,4,10.2,,
555823.0,POST,1,18.0,,
555824.0,22720,6,29.7,,
555825.0,22383,1,1.65,,
555826.0,47566,1,4.95,,
555827.0,85123A,1,2.55,,
555828.0,84879,1,1.69,,
555829.0,22423,2,25.5,,
555830.0,21212,6,3.3,,
555831.0,21212,1,0.55,,
555832.0,POST,1,18.0,,
555833.0,85099B,2,3.9,,
555834.0,85099B,2,3.9,,
555835.0,47566,2,9.9,,
555836.0,47566,1,4.95,,
555837.0,POST,1,18.0,,
555838.0,47566,6,29.7,,
555839.0,22383,12,19.8,,
555840.0,85099B,1,1.95,,
555841.0,22383,2,3.3,,
555842.0,47566,4,19.8,,
555843.0,47566,2,9.9,,
555844.0,85099B,6,11.7,,
555845.0,22423,1,12.75,,
555846.0,22086,4,11.8,,
555847.0,85099B,1,1.95,,
555848.0,22086,2,5.9,,
555849.0,84879,1,1.69,,
555850.0,84879,6,10.14,,
555851.0,22423,4,51.0,,
555852.0,22423,1,12.75,,
555853.0,22720,1,4.95,,
555854.0,22383,1,1.65,,
555855.0,47566,6,29.7,,
555856.0,22720,24,118.8,,
555857.0,85099B,1,1.95,,
555858.0,85123A,1,2.55,,
555859.0,22423,2,25.5,,
555860.0,47566,4,19.8,,
555861.0,22720,4,19.8,,
555862.0,POST,2,36.0,,
555863.0,85099B,4,7.8,,
555864.0,22086,6,17.7,,
555865.0,22423,2,25.5,,
555866.0,22086,2,5.9,,
555867.0,22086,4,11.8,,
555868.0,POST,2,36.0,,
555869.0,85099B,2,3.9,,
555870.0,21212,2,1.1,,
555871.0,84879,1,1.69,,
555872.0,22383,6,9.9,,
555873.0,22086,1,2.95,,
555874.0,22086,1,2.95,,
555875.0,22423,1,12.75,,
555876.0,22720,1,4.95,,
555877.0,22423,1,12.75,,
555878.0,POST,1,18.0,,
555879.0,47566,6,29.7,,
555880.0,47566,1,4.95,,
555881.0,21212,2,1.1,,
555882.0,85123A,4,10.2,,
555883.0,85123A,6,15.3,,
555884.0,84879,2,3.38,,
555885.0,84879,2,3.38,,
555886.0,47566,2,9.9,,
555887.0,21212,1,0.55,,
555888.0,84879,1,1.69,,
555889.0,22423,2,25.5,,
555890.0,84879,6,10.14,,
555891.0,85099B,1,1.95,,
555892.0,22086,1,2.95,,
555893.0,22086,1,2.95,,
555894.0,85099B,2,3.9,,
555895.0,22086,6,17.7,,
555896.0,22383,1,1.65,,
555897.0,22720,2,9.9,,
555898.0,22086,12,35.4,,
555899.0,POST,1,18.0,,
555900.0,22423,1,12.75,,
555901.0,21212,1,0.55,,
555902.0,22086,12,35.4,,
555903.0,22383,6,9.9,,
555904.0,85099B,4,7.8,,
555905.0,22720,2,9.9,,
555906.0,22720,6,29.7,,
555907.0,22720,6,29.7,,
555908.0,84879,2,3.38,,
555909.0,22423,4,51.0,,
555910.0,85123A,12,30.6,,
555911.0,22423,2,25.5,,
555912.0,47566,12,59.4,,
555913.0,84879,1,1.69,,
555914.0,POST,1,18.0,,
555915.0,POST,1,18.0,,
119550.0,22086,1,0.0,,
555917.0,22086,2,5.9,,
555918.0,85123A,6,15.3,,
555919.0,POST,2,36.0,,
555920.0,47566,4,19.8,,
555921.0,22086,1,2.95,,
555922.0,22720,1,4.95,,
555923.0,84879,2,3.38,,
555924.0,22423,2,25.5,,
555925.0,21212,1,0.55,,
555926.0,POST,6,108.0,,
555927.0,22720,1,4.95,,
555928.0,POST,2,36.0,,
555929.0,21212,4,2.2,,
555930.0,22383,12,19.8,,
555931.0,22383,1,1.65,,
555932.0,85123A,1,2.55,,
555933.0,47566,2,9.9,,
555934.0,22720,2,9.9,,
555935.0,22086,4,11.8,,
555936.0,22720,2,9.9,,
555937.0,85123A,1,2.55,,
555938.0,85099B,4,7.8,,
555939.0,85099B,6,11.7,,
555940.0,22383,2,3.3,,
555941.0,21212,6,3.3,,
555942.0,84879,1,1.69,,
555943.0,22720,4,19.8,,
555944.0,21212,1,0.55,,
555945.0,22720,1,4.95,,
555946.0,85123A,1,2.55,,
119581.0,85099B,1,0.0,,
555948.0,22720,1,4.95,,
555949.0,85099B,1,1.95,,
555950.0,21212,12,6.6,,
555951.0,85099B,6,11.7,,
555952.0,85123A,1,2.55,,
555953.0,POST,2,36.0,,
555954.0,47566,2,9.9,,
555955.0,22423,6,76.5,,
555956.0,22086,1,2.95,,
555957.0,47566,12,59.4,,
555958.0,POST,2,36.0,,
555959.0,85123A,1,2.55,,
555960.0,22720,2,9.9,,
555961.0,22720,4,19.8,,
555962.0,85123A,6,15.3,,
555963.0,84879,1,1.69,,
555964.0,22383,4,6.6,,
555965.0,22720,1,4.95,,
555966.0,22423,24,306.0,,
555967.0,22086,4,11.8,,
555968.0,22086,2,5.9,,
555969.0,84879,2,3.38,,
555970.0,21212,6,3.3,,
555971.0,22383,2,3.3,,
555972.0,85099B,1,1.95,,
555973.0,22423,4,51.0,,
555974.0,21212,12,6.6,,
555975.0,POST,1,18.0,,
555976.0,85123A,2,5.1,,
555977.0,22720,1,4.95,,
555978.0,22423,6,76.5,,
555979.0,22423,2,25.5,,
555980.0,85099B,2,3.9,,
555981.0,47566,1,4.95,,
555982.0,84879,12,20.28,,
555983.0,22086,2,5.9,,
555984.0,22383,1,1.65,,
555985.0,85099B,4,7.8,,
555986.0,21212,1,0.55,,
555987.0,22720,6,29.7,,
555988.0,22086,6,17.7,,
555989.0,22720,24,118.8,,
555990.0,21212,1,0.55,,
555991.0,POST,1,18.0,,
555992.0,POST,12,216.0,,
119627.0,POST,1,0.0,,
555994.0,85099B,1,1.95,,
555995.0,22383,1,1.65,,
555996.0,22423,2,25.5,,
555997.0,22423,1,12.75,,
555998.0,84879,1,1.69,,
555999.0,85123A,1,2.55,,
556000.0,85099B,2,3.9,,
556001.0,POST,1,18.0,,
556002.0,22423,4,51.0,,
556003.0,85123A,2,5.1,,
556004.0,84879,1,1.69,,
119639.0,22423,1,0.0,,
556006.0,47566,1,4.95,,
556007.0,85123A,1,2.55,,
556008.0,22720,1,4.95,,
556009.0,22383,2,3.3,,
556010.0,47566,1,4.95,,
556011.0,85099B,1,1.95,,
556012.0,22383,4,6.6,,
556013.0,47566,2,9.9,,
556014.0,22423,6,76.5,,
556015.0,22423,6,76.5,,
556016.0,21212,1,0.55,,
556017.0,22383,2,3.3,,
556018.0,22086,2,5.9,,
556019.0,22086,4,11.8,,
556020.0,22383,1,1.65,,
556021.0,22423,2,25.5,,
556022.0,22720,1,4.95,,
556023.0,21212,1,0.55,,
556024.0,22383,12,19.8,,
556025.0,22423,2,25.5,,
556026.0,84879,12,20.28,,
556027.0,85123A,4,10.2,,
556028.0,85099B,2,3.9,,
556029.0,22383,6,9.9,,
556030.0,22086,4,11.8,,
556031.0,22086,12,35.4,,
556032.0,21212,1,0.55,,
556033.0,22423,6,76.5,,
556034.0,22720,2,9.9,,
556035.0,85099B,1,1.95,,
556036.0,84879,4,6.76,,
556037.0,22383,24,39.6,,
556038.0,21212,2,1.1,,
556039.0,84879,2,3.38,,
556040.0,21212,6,3.3,,
556041.0,85123A,6,15.3,,
556042.0,85099B,2,3.9,,
556043.0,POST,1,18.0,,
556044.0,84879,2,3.38,,
556045.0,22086,1,2.95,,
556046.0,84879,1,1.69,,
556047.0,47566,1,4.95,,
556048.0,47566,1,4.95,,
556049.0,85123A,4,10.2,,
556050.0,22383,4,6.6,,
556051.0,22423,1,12.75,,
556052.0,84879,12,20.28,,
556053.0,85099B,1,1.95,,
556054.0,POST,2,36.0,,
556055.0,47566,1,4.95,,
556056.0,22383,2,3.3,,
556057.0,85123A,1,2.55,,
556058.0,POST,1,18.0,,
556059.0,POST,2,36.0,,
556060.0,47566,4,19.8,,
556061.0,85123A,12,30.6,,
556062.0,84879,4,6.76,,
556063.0,85099B,2,3.9,,
556064.0,22720,12,59.4,,
556065.0,POST,1,18.0,,
556066.0,22423,6,76.5,,
556067.0,84879,6,10.14,,
556068.0,21212,2,1.1,,
556069.0,22720,2,9.9,,
556070.0,22086,4,11.8,,
556071.0,85099B,4,7.8,,
556072.0,21212,1,0.55,,
556073.0,22383,1,1.65,,
556074.0,22383,6,9.9,,
556075.0,85123A,1,2.55,,
556076.0,84879,4,6.76,,
556077.0,84879,2,3.38,,
556078.0,84879,1,1.69,,
556079.0,47566,1,4.95,,
556080.0,POST,1,18.0,,
556081.0,22383,2,3.3,,
556082.0,22086,1,2.95,,
556083.0,84879,6,10.14,,
556084.0,22086,2,5.9,,
556085.0,47566,4,19.8,,
556086.0,21212,2,1.1,,
556087.0,21212,4,2.2,,
556088.0,POST,2,36.0,,
556089.0,85123A,1,2.55,,
556090.0,POST,4,72.0,,
556091.0,21212,6,3.3,,
556092.0,21212,4,2.2,,
556093.0,POST,2,36.0,,
556094.0,47566,6,29.7,,
556095.0,POST,1,18.0,,
556096.0,22423,2,25.5,,
556097.0,85123A,6,15.3,,
556098.0,22423,1,12.75,,
556099.0,22086,1,2.95,,
556100.0,POST,6,108.0,,
556101.0,POST,1,18.0,,
556102.0,22720,2,9.9,,
556103.0,21212,24,13.2,,
556104.0,85123A,4,10.2,,
556105.0,22383,4,6.6,,
556106.0,21212,1,0.55,,
556107.0,85099B,1,1.95,,
556108.0,22720,2,9.9,,
556109.0,85123A,2,5.1,,
556110.0,84879,1,1.69,,
556111.0,22423,1,12.75,,
556112.0,22720,6,29.7,,
556113.0,POST,6,108.0,,
556114.0,85123A,1,2.55,,
556115.0,22423,6,76.5,,
556116.0,22423,6,76.5,,
556117.0,22423,6,76.5,,
556118.0,22423,4,51.0,,
556119.0,85099B,2,3.9,,
556120.0,84879,2,3.38,,
556121.0,47566,2,9.9,,
556122.0,85099B,2,3.9,,
556123.0,22383,4,6.6,,
556124.0,21212,4,2.2,,
556125.0,84879,12,20.28,,
556126.0,21212,2,1.1,,
556127.0,POST,1,18.0,,
556128.0,85123A,2,5.1,,
556129.0,22086,4,11.8,,
556130.0,85099B,4,7.8,,
556131.0,22086,1,2.95,,
556132.0,85123A,2,5.1,,
556133.0,22720,4,19.8,,
556134.0,47566,6,29.7,,
556135.0,22383,1,1.65,,
556136.0,POST,1,18.0,,
556137.0,84879,2,3.38,,
556138.0,POST,6,108.0,,
556139.0,22423,1,12.75,,
556140.0,22423,4,51.0,,
556141.0,84879,4,6.76,,
556142.0,POST,12,216.0,,
556143.0,22423,2,25.5,,
556144.0,84879,1,1.69,,
556145.0,47566,1,4.95,,
556146.0,22086,2,5.9,,
556147.0,POST,1,18.0,,
119782.0,POST,1,0.0,,
556149.0,22383,6,9.9,,
556150.0,21212,1,0.55,,
556151.0,22086,12,35.4,,
556152.0,85099B,2,3.9,,
556153.0,22720,4,19.8,,
556154.0,21212,1,0.55,,
556155.0,21212,1,0.55,,
556156.0,47566,2,9.9,,
556157.0,POST,1,18.0,,
556158.0,22720,12,59.4,,
556159.0,22720,2,9.9,,
556160.0,85123A,1,2.55,,
556161.0,22383,1,1.65,,
556162.0,POST,4,72.0,,
556163.0,84879,1,1.69,,
556164.0,22383,4,6.6,,
556165.0,84879,1,1.69,,
556166.0,85099B,4,7.8,,
556167.0,85099B,1,1.95,,
556168.0,22720,12,59.4,,
556169.0,47566,1,4.95,,
556170.0,84879,4,6.76,,
556171.0,21212,6,3.3,,
556172.0,21212,1,0.55,,
556173.0,85099B,1,1.95,,
556174.0,22086,2,5.9,,
556175.0,47566,1,4.95,,
556176.0,22086,1,2.95,,
556177.0,22423,12,153.0,,
556178.0,84879,1,1.69,,
556179.0,84879,1,1.69,,
556180.0,POST,12,216.0,,
556181.0,21212,6,3.3,,
556182.0,47566,4,19.8,,
556183.0,22383,2,3.3,,
556184.0,84879,2,3.38,,
556185.0,22423,2,25.5,,
119820.0,22383,1,0.0,,
556187.0,21212,6,3.3,,
556188.0,47566,1,4.95,,
556189.0,22720,1,4.95,,
556190.0,47566,6,29.7,,
556191.0,22383,12,19.8,,
556192.0,85123A,1,2.55,,
556193.0,22086,2,5.9,,
556194.0,22383,1,1.65,,
556195.0,22383,1,1.65,,
556196.0,85123A,2,5.1,,
556197.0,85099B,1,1.95,,
556198.0,22720,2,9.9,,
556199.0,POST,2,36.0,,
556200.0,47566,12,59.4,,
556201.0,85099B,4,7.8,,
556202.0,85123A,2,5.1,,
556203.0,84879,1,1.69,,
556204.0,22423,2,25.5,,
119839.0,22383,1,0.0,,
556206.0,22383,4,6.6,,
556207.0,47566,4,19.8,,
556208.0,22383,2,3.3,,
556209.0,22086,4,11.8,,
556210.0,22383,4,6.6,,
556211.0,POST,12,216.0,,
556212.0,84879,6,10.14,,
556213.0,85123A,12,30.6,,
556214.0,21212,2,1.1,,
556215.0,22720,1,4.95,,
556216.0,84879,2,3.38,,
556217.0,22720,6,29.7,,
556218.0,85099B,6,11.7,,
556219.0,21212,4,2.2,,
556220.0,84879,4,6.76,,
556221.0,POST,4,72.0,,
556222.0,22423,1,12.75,,
556223.0,47566,6,29.7,,
556224.0,POST,4,72.0,,
556225.0,22423,4,51.0,,
556226.0,22086,1,2.95,,
556227.0,85099B,1,1.95,,
556228.0,85099B,1,1.95,,
556229.0,21212,2,1.1,,
556230.0,85123A,1,2.55,,
556231.0,POST,2,36.0,,
556232.0,84879,1,1.69,,
556233.0,POST,4,72.0,,
556234.0,22720,4,19.8,,
556235.0,85123A,2,5.1,,
556236.0,85099B,2,3.9,,
556237.0,21212,1,0.55,,
556238.0,22720,4,19.8,,
556239.0,21212,4,2.2,,
119874.0,47566,1,0.0,,
556241.0,POST,2,36.0,,
556242.0,22086,4,11.8,,
556243.0,21212,4,2.2,,
556244.0,85099B,1,1.95,,
556245.0,84879,2,3.38,,
556246.0,21212,6,3.3,,
556247.0,22383,1,1.65,,
556248.0,85123A,2,5.1,,
556249.0,22086,1,2.95,,
556250.0,21212,1,0.55,,
556251.0,22720,2,9.9,,
556252.0,22086,2,5.9,,
556253.0,21212,1,0.55,,
556254.0,22383,12,19.8,,
556255.0,84879,2,3.38,,
556256.0,85099B,2,3.9,,
556257.0,84879,1,1.69,,
556258.0,85099B,2,3.9,,
556259.0,22383,1,1.65,,
556260.0,22086,4,11.8,,
556261.0,47566,2,9.9,,
556262.0,POST,4,72.0,,
119897.0,84879,1,0.0,,
556264.0,85099B,1,1.95,,
556265.0,85099B,2,3.9,,
556266.0,21212,6,3.3,,
556267.0,22720,1,4.95,,
556268.0,22383,4,6.6,,
556269.0,POST,2,36.0,,
556270.0,85123A,12,30.6,,
556271.0,21212,1,0.55,,
556272.0,22423,2,25.5,,
556273.0,22383,1,1.65,,
556274.0,84879,2,3.38,,
556275.0,22423,2,25.5,,
556276.0,POST,1,18.0,,
556277.0,POST,6,108.0,,
556278.0,22423,1,12.75,,
556279.0,47566,1,4.95,,
556280.0,22086,1,2.95,,
556281.0,21212,1,0.55,,
556282.0,22720,12,59.4,,
556283.0,47566,2,9.9,,
556284.0,21212,2,1.1,,
556285.0,21212,2,1.1,,
556286.0,85123A,1,2.55,,
556287.0,84879,6,10.14,,
556288.0,22720,1,4.95,,
556289.0,22720,1,4.95,,
556290.0,21212,4,2.2,,
556291.0,22423,4,51.0,,
556292.0,21212,1,0.55,,
556293.0,22423,4,51.0,,
556294.0,84879,2,3.38,,
556295.0,85099B,1,1.95,,
556296.0,22086,1,2.95,,
556297.0,85123A,12,30.6,,
556298.0,22383,1,1.65,,
556299.0,84879,2,3.38,,
556300.0,22086,1,2.95,,
556301.0,22383,1,1.65,,
556302.0,47566,6,29.7,,
556303.0,POST,1,18.0,,
119938.0,21212,1,0.0,,
556305.0,22383,1,1.65,,
556306.0,22423,1,12.75,,
556307.0,22423,2,25.5,,
556308.0,85099B,1,1.95,,
556309.0,22720,2,9.9,,
556310.0,84879,4,6.76,,
556311.0,84879,1,1.69,,
556312.0,47566,12,59.4,,
556313.0,21212,6,3.3,,
556314.0,22423,2,25.5,,
119949.0,22086,1,0.0,,
556316.0,22423,4,51.0,,
556317.0,85099B,2,3.9,,
556318.0,47566,4,19.8,,
556319.0,85099B,6,11.7,,
556320.0,POST,2,36.0,,
556321.0,22086,1,2.95,,
556322.0,22423,2,25.5,,
556323.0,84879,1,1.69,,
556324.0,22423,4,51.0,,
556325.0,84879,2,3.38,,
556326.0,22383,6,9.9,,
556327.0,22086,2,5.9,,
556328.0,22383,4,6.6,,
556329.0,85123A,1,2.55,,
556330.0,84879,4,6.76,,
556331.0,85123A,1,2.55,,
556332.0,22423,4,51.0,,
556333.0,22086,4,11.8,,
556334.0,22423,12,153.0,,
556335.0,22086,6,17.7,,
556336.0,47566,4,19.8,,
556337.0,22423,2,25.5,,
556338.0,22720,4,19.8,,
556339.0,85099B,1,1.95,,
556340.0,22383,12,19.8,,
556341.0,85123A,1,2.55,,
556342.0,22720,1,4.95,,
556343.0,22383,4,6.6,,
556344.0,47566,2,9.9,,
556345.0,22086,1,2.95,,
556346.0,21212,1,0.55,,
556347.0,22720,1,4.95,,
556348.0,85123A,2,5.1,,
556349.0,22720,2,9.9,,
556350.0,85123A,1,2.55,,
556351.0,85099B,1,1.95,,
556352.0,22383,2,3.3,,
556353.0,22383,4,6.6,,
556354.0,84879,4,6.76,,
556355.0,85099B,2,3.9,,
556356.0,85123A,6,15.3,,
556357.0,85099B,2,3.9,,
119992.0,22720,1,0.0,,
556359.0,85099B,12,23.4,,
556360.0,22383,12,19.8,,
556361.0,47566,12,59.4,,
556362.0,84879,1,1.69,,
556363.0,22720,12,59.4,,
119998.0,22383,1,0.0,,
556365.0,85123A,2,5.1,,
556366.0,22086,4,11.8,,
556367.0,22423,2,25.5,,
556368.0,84879,2,3.38,,
556369.0,POST,2,36.0,,
556370.0,22383,6,9.9,,
556371.0,22423,24,306.0,,
556372.0,22720,4,19.8,,
556373.0,84879,2,3.38,,
556374.0,85099B,2,3.9,,
556375.0,85099B,1,1.95,,
556376.0,22086,1,2.95,,
556377.0,POST,2,36.0,,
120012.0,84879,1,0.0,,
556379.0,85123A,1,2.55,,
556380.0,22383,4,6.6,,
556381.0,85099B,6,11.7,,
556382.0,22423,24,306.0,,
556383.0,22423,1,12.75,,
556384.0,85099B,1,1.95,,
556385.0,22086,6,17.7,,
556386.0,22720,4,19.8,,
556387.0,22086,4,11.8,,
556388.0,84879,6,10.14,,
556389.0,22423,6,76.5,,
556390.0,POST,1,18.0,,
556391.0,22086,4,11.8,,
556392.0,22720,1,4.95,,
556393.0,POST,1,18.0,,
556394.0,22383,4,6.6,,
556395.0,22086,12,35.4,,
556396.0,85123A,1,2.55,,
556397.0,47566,2,9.9,,
556398.0,47566,24,118.8,,
556399.0,22720,1,4.95,,
556400.0,22086,1,2.95,,
556401.0,POST,1,18.0,,
556402.0,22383,1,1.65,,
556403.0,85099B,1,1.95,,
556404.0,85099B,12,23.4,,
556405.0,22720,1,4.95,,
556406.0,47566,1,4.95,,
556407.0,21212,2,1.1,,
556408.0,22086,2,5.9,,
556409.0,POST,1,18.0,,
556410.0,22383,2,3.3,,
556411.0,22383,6,9.9,,
556412.0,POST,6,108.0,,
556413.0,22383,12,19.8,,
556414.0,POST,6,108.0,,
556415.0,POST,2,36.0,,
556416.0,22383,2,3.3,,
556417.0,21212,4,2.2,,
556418.0,21212,2,1.1,,
556419.0,22423,1,12.75,,
556420.0,POST,1,18.0,,
556421.0,22423,1,12.75,,
556422.0,22383,6,9.9,,
556423.0,22720,2,9.9,,
556424.0,85099B,1,1.95,,
556425.0,85099B,6,11.7,,
556426.0,POST,12,216.0,,
556427.0,85099B,1,1.95,,
556428.0,POST,6,108.0,,
556429.0,85123A,2,5.1,,
556430.0,84879,2,3.38,,
556431.0,22383,6,9.9,,
556432.0,84879,12,20.28,,
556433.0,22720,2,9.9,,
556434.0,22383,6,9.9,,
556435.0,85099B,2,3.9,,
556436.0,85123A,2,5.1,,
556437.0,POST,4,72.0,,
556438.0,21212,1,0.55,,
556439.0,21212,2,1.1,,
556440.0,POST,6,108.0,,
556441.0,22720,2,9.9,,
556442.0,22720,6,29.7,,
556443.0,POST,4,72.0,,
556444.0,22720,2,9.9,,
556445.0,85123A,12,30.6,,
556446.0,22383,2,3.3,,
556447.0,85099B,6,11.7,,
556448.0,22720,6,29.7,,
556449.0,85123A,1,2.55,,
556450.0,22086,6,17.7,,
556451.0,84879,1,1.69,,
556452.0,85099B,1,1.95,,
556453.0,85123A,2,5.1,,
556454.0,21212,1,0.55,,
120089.0,22423,1,0.0,,
556456.0,22720,6,29.7,,
556457.0,22383,1,1.65,,
556458.0,22383,2,3.3,,
120093.0,22383,1,0.0,,
556460.0,22086,1,2.95,,
556461.0,47566,6,29.7,,
556462.0,85123A,1,2.55,,
556463.0,85123A,4,10.2,,
556464.0,22383,2,3.3,,
556465.0,84879,1,1.69,,
556466.0,POST,1,18.0,,
556467.0,84879,2,3.38,,
556468.0,47566,2,9.9,,
556469.0,85099B,4,7.8,,
556470.0,POST,6,108.0,,
556471.0,21212,1,0.55,,
556472.0,22423,1,12.75,,
556473.0,POST,12,216.0,,
556474.0,22086,1,2.95,,
556475.0,84879,1,1.69,,
556476.0,85099B,1,1.95,,
556477.0,22720,6,29.7,,
556478.0,47566,6,29.7,,
556479.0,84879,4,6.76,,
556480.0,POST,4,72.0,,
556481.0,POST,4,72.0,,
556482.0,22423,2,25.5,,
556483.0,22423,1,12.75,,
556484.0,22383,6,9.9,,
556485.0,85099B,2,3.9,,
556486.0,POST,2,36.0,,
556487.0,POST,4,72.0,,
120122.0,85099B,1,0.0,,
556489.0,21212,4,2.2,,
556490.0,22383,6,9.9,,
556491.0,21212,1,0.55,,
556492.0,21212,1,0.55,,
556493.0,POST,2,36.0,,
556494.0,85123A,4,10.2,,
556495.0,22423,2,25.5,,
556496.0,21212,1,0.55,,
556497.0,22423,1,12.75,,
556498.0,84879,2,3.38,,
556499.0,85099B,4,7.8,,
556500.0,21212,6,3.3,,
556501.0,22720,6,29.7,,
556502.0,21212,1,0.55,,
556503.0,47566,1,4.95,,
556504.0,22086,1,2.95,,
556505.0,85123A,6,15.3,,
556506.0,22720,1,4.95,,
556507.0,21212,2,1.1,,
556508.0,84879,1,1.69,,
556509.0,84879,1,1.69,,
556510.0,22720,2,9.9,,
556511.0,84879,2,3.38,,
556512.0,84879,2,3.38,,
556513.0,85099B,1,1.95,,
556514.0,22086,4,11.8,,
556515.0,85123A,6,15.3,,
556516.0,85099B,2,3.9,,
556517.0,22720,2,9.9,,
120152.0,22720,1,0.0,,
556519.0,22720,1,4.95,,
556520.0,21212,1,0.55,,
556521.0,85099B,1,1.95,,
556522.0,84879,1,1.69,,
556523.0,22383,2,3.3,,
556524.0,POST,4,72.0,,
556525.0,22720,2,9.9,,
556526.0,85099B,1,1.95,,
556527.0,22423,6,76.5,,
556528.0,22720,2,9.9,,
556529.0,84879,1,1.69,,
556530.0,22423,2,25.5,,
556531.0,84879,2,3.38,,
556532.0,22720,2,9.9,,
556533.0,21212,1,0.55,,
556534.0,47566,12,59.4,,
556535.0,85099B,4,7.8,,
556536.0,22720,1,4.95,,
556537.0,22423,4,51.0,,
556538.0,84879,6,10.14,,
556539.0,21212,2,1.1,,
556540.0,85099B,12,23.4,,
556541.0,21212,12,6.6,,
556542.0,47566,12,59.4,,
556543.0,22086,2,5.9,,
556544.0,21212,1,0.55,,
556545.0,85099B,6,11.7,,
556546.0,POST,4,72.0,,
556547.0,84879,2,3.38,,
556548.0,47566,6,29.7,,
556549.0,21212,6,3.3,,
556550.0,22086,1,2.95,,
556551.0,22383,4,6.6,,
556552.0,22383,4,6.6,,
556553.0,22383,2,3.3,,
556554.0,85123A,1,2.55,,
556555.0,85099B,1,1.95,,
556556.0,47566,4,19.8,,
556557.0,85123A,4,10.2,,
556558.0,47566,2,9.9,,
556559.0,85123A,2,5.1,,
556560.0,84879,1,1.69,,
556561.0,85123A,2,5.1,,
556562.0,22086,1,2.95,,
556563.0,22720,2,9.9,,
556564.0,22086,1,2.95,,
556565.0,22423,6,76.5,,
556566.0,85099B,2,3.9,,
556567.0,22720,2,9.9,,
556568.0,22086,4,11.8,,
556569.0,21212,12,6.6,,
556570.0,85099B,2,3.9,,
556571.0,47566,2,9.9,,
556572.0,POST,1,18.0,,
556573.0,85123A,4,10.2,,
556574.0,22423,12,153.0,,
556575.0,22423,2,25.5,,
556576.0,22720,1,4.95,,
556577.0,22423,2,25.5,,
556578.0,85123A,6,15.3,,
556579.0,84879,1,1.69,,
556580.0,47566,6,29.7,,
556581.0,85123A,12,30.6,,
556582.0,22720,2,9.9,,
556583.0,85123A,4,10.2,,
556584.0,22423,4,51.0,,
556585.0,85123A,2,5.1,,
556586.0,21212,6,3.3,,
556587.0,47566,12,59.4,,
556588.0,85123A,2,5.1,,
556589.0,22086,1,2.95,,
556590.0,POST,4,72.0,,
556591.0,47566,6,29.7,,
556592.0,85123A,1,2.55,,
556593.0,47566,2,9.9,,
556594.0,22720,1,4.95,,
556595.0,84879,2,3.38,,
556596.0,21212,1,0.55,,
556597.0,85099B,2,3.9,,
556598.0,22423,6,76.5,,
556599.0,85099B,6,11.7,,
556600.0,84879,4,6.76,,
556601.0,84879,4,6.76,,
556602.0,POST,2,36.0,,
556603.0,22423,1,12.75,,
556604.0,POST,6,108.0,,
556605.0,22383,1,1.65,,
556606.0,POST,2,36.0,,
556607.0,22086,2,5.9,,
556608.0,POST,6,108.0,,
556609.0,22086,12,35.4,,
556610.0,POST,2,36.0,,
556611.0,85099B,4,7.8,,
556612.0,85099B,6,11.7,,
556613.0,POST,1,18.0,,
556614.0,21212,2,1.1,,
556615.0,84879,2,3.38,,
556616.0,21212,2,1.1,,
556617.0,22423,2,25.5,,
556618.0,22383,4,6.6,,
556619.0,22720,2,9.9,,
556620.0,47566,2,9.9,,
556621.0,85123A,2,5.1,,
556622.0,85099B,2,3.9,,
556623.0,22423,2,25.5,,
556624.0,22383,6,9.9,,
556625.0,POST,1,18.0,,
556626.0,22383,1,1.65,,
556627.0,22720,12,59.4,,
556628.0,POST,12,216.0,,
556629.0,POST,6,108.0,,
556630.0,22086,1,2.95,,
556631.0,85123A,2,5.1,,
556632.0,POST,1,18.0,,
556633.0,22086,1,2.95,,
556634.0,21212,24,13.2,,
556635.0,POST,4,72.0,,
556636.0,POST,1,18.0,,
556637.0,84879,2,3.38,,
556638.0,22383,4,6.6,,
556639.0,22720,6,29.7,,
556640.0,22383,4,6.6,,
556641.0,47566,1,4.95,,
556642.0,21212,6,3.3,,
556643.0,22086,12,35.4,,
556644.0,POST,1,18.0,,
556645.0,22086,1,2.95,,
556646.0,85099B,1,1.95,,
556647.0,21212,2,1.1,,
556648.0,85099B,12,23.4,,
556649.0,21212,1,0.55,,
556650.0,21212,1,0.55,,
556651.0,21212,2,1.1,,
556652.0,22086,1,2.95,,
556653.0,84879,1,1.69,,
556654.0,85099B,4,7.8,,
556655.0,22383,4,6.6,,
556656.0,84879,2,3.38,,
556657.0,22383,4,6.6,,
556658.0,POST,2,36.0,,
556659.0,47566,1,4.95,,
556660.0,22423,1,12.75,,
556661.0,21212,12,6.6,,
556662.0,21212,1,0.55,,
556663.0,22086,6,17.7,,
556664.0,22383,6,9.9,,
120299.0,47566,1,0.0,,
556666.0,85123A,6,15.3,,
556667.0,85123A,2,5.1,,
556668.0,85099B,2,3.9,,
556669.0,47566,2,9.9,,
556670.0,22423,24,306.0,,
556671.0,22383,1,1.65,,
556672.0,47566,2,9.9,,
556673.0,47566,2,9.9,,
556674.0,21212,1,0.55,,
556675.0,47566,2,9.9,,
556676.0,22086,6,17.7,,
556677.0,22720,2,9.9,,
556678.0,85123A,1,2.55,,
556679.0,47566,1,4.95,,
556680.0,47566,1,4.95,,
556681.0,POST,4,72.0,,
556682.0,22086,4,11.8,,
556683.0,85123A,1,2.55,,
120318.0,22720,1,0.0,,
556685.0,22720,1,4.95,,
556686.0,22383,4,6.6,,
556687.0,22086,4,11.8,,
556688.0,POST,6,108.0,,
556689.0,85123A,2,5.1,,
556690.0,84879,1,1.69,,
556691.0,85123A,6,15.3,,
556692.0,84879,4,6.76,,
556693.0,85123A,6,15.3,,
556694.0,POST,4,72.0,,
556695.0,22086,4,11.8,,
556696.0,47566,4,19.8,,
556697.0,22086,1,2.95,,
556698.0,22383,24,39.6,,
556699.0,POST,2,36.0,,
556700.0,84879,1,1.69,,
556701.0,85123A,2,5.1,,
556702.0,POST,6,108.0,,
556703.0,21212,1,0.55,,
556704.0,22383,6,9.9,,
556705.0,84879,4,6.76,,
556706.0,47566,2,9.9,,
556707.0,POST,6,108.0,,
556708.0,22086,4,11.8,,
556709.0,22086,1,2.95,,
556710.0,21212,6,3.3,,
556711.0,22383,1,1.65,,
556712.0,84879,2,3.38,,
556713.0,47566,12,59.4,,
556714.0,21212,6,3.3,,
556715.0,22423,2,25.5,,
556716.0,22383,2,3.3,,
556717.0,21212,1,0.55,,
556718.0,84879,1,1.69,,
556719.0,22383,1,1.65,,
556720.0,22086,1,2.95,,
556721.0,22423,4,51.0,,
556722.0,84879,4,6.76,,
556723.0,22423,6,76.5,,
556724.0,84879,6,10.14,,
556725.0,85099B,2,3.9,,
556726.0,22720,1,4.95,,
556727.0,47566,1,4.95,,
556728.0,21212,4,2.2,,
556729.0,22720,6,29.7,,
556730.0,47566,1,4.95,,
556731.0,85099B,1,1.95,,
556732.0,84879,1,1.69,,
556733.0,22383,12,19.8,,
556734.0,POST,6,108.0,,
556735.0,22423,1,12.75,,
556736.0,84879,2,3.38,,
556737.0,47566,1,4.95,,
556738.0,22720,1,4.95,,
556739.0,22383,2,3.3,,
556740.0,22423,4,51.0,,
556741.0,47566,1,4.95,,
556742.0,47566,6,29.7,,
556743.0,22720,6,29.7,,
556744.0,22423,1,12.75,,
556745.0,47566,2,9.9,,
556746.0,47566,1,4.95,,
556747.0,22086,12,35.4,,
120382.0,84879,1,0.0,,
556749.0,POST,1,18.0,,
556750.0,47566,1,4.95,,
556751.0,22720,1,4.95,,
556752.0,22423,6,76.5,,
556753.0,85099B,2,3.9,,
556754.0,22720,4,19.8,,
556755.0,84879,2,3.38,,
556756.0,22423,2,25.5,,
556757.0,47566,4,19.8,,
556758.0,47566,12,59.4,,
556759.0,POST,1,18.0,,
556760.0,POST,4,72.0,,
556761.0,84879,2,3.38,,
556762.0,47566,2,9.9,,
556763.0,21212,1,0.55,,
556764.0,85123A,4,10.2,,
556765.0,22720,1,4.95,,
556766.0,22423,1,12.75,,
556767.0,POST,6,108.0,,
556768.0,22086,1,2.95,,
556769.0,85123A,1,2.55,,
556770.0,47566,2,9.9,,
556771.0,84879,1,1.69,,
556772.0,22086,1,2.95,,
556773.0,POST,2,36.0,,
556774.0,22720,1,4.95,,
556775.0,21212,6,3.3,,
556776.0,22086,1,2.95,,
556777.0,85099B,12,23.4,,
556778.0,POST,2,36.0,,
556779.0,85123A,12,30.6,,
556780.0,22423,1,12.75,,
556781.0,85123A,1,2.55,,
556782.0,22720,2,9.9,,
556783.0,POST,2,36.0,,
556784.0,84879,6,10.14,,
556785.0,47566,2,9.9,,
556786.0,POST,12,216.0,,
556787.0,47566,6,29.7,,
556788.0,21212,1,0.55,,
556789.0,85099B,6,11.7,,
556790.0,POST,1,18.0,,
556791.0,47566,2,9.9,,
556792.0,85123A,1,2.55,,
556793.0,21212,1,0.55,,
556794.0,22720,2,9.9,,
556795.0,22720,1,4.95,,
556796.0,85099B,24,46.8,,
556797.0,22423,1,12.75,,
556798.0,84879,6,10.14,,
556799.0,22086,4,11.8,,
556800.0,POST,1,18.0,,
556801.0,22383,1,1.65,,
556802.0,84879,12,20.28,,
556803.0,22086,2,5.9,,
556804.0,22086,4,11.8,,
556805.0,22086,6,17.7,,
556806.0,22720,4,19.8,,
556807.0,22720,2,9.9,,
556808.0,22086,12,35.4,,
556809.0,21212,1,0.55,,
556810.0,22383,4,6.6,,
556811.0,22383,1,1.65,,
556812.0,85099B,4,7.8,,
556813.0,85123A,1,2.55,,
556814.0,47566,1,4.95,,
556815.0,21212,4,2.2,,
556816.0,POST,6,108.0,,
556817.0,22720,2,9.9,,
556818.0,85099B,2,3.9,,
556819.0,47566,12,59.4,,
556820.0,POST,2,36.0,,
556821.0,22383,1,1.65,,
556822.0,22423,2,25.5,,
556823.0,22423,6,76.5,,
556824.0,22086,4,11.8,,
556825.0,85123A,1,2.55,,
556826.0,85123A,1,2.55,,
556827.0,47566,1,4.95,,
556828.0,22383,2,3.3,,
556829.0,84879,4,6.76,,
556830.0,85099B,1,1.95,,
556831.0,84879,4,6.76,,
556832.0,22423,4,51.0,,
556833.0,85123A,1,2.55,,
120468.0,85123A,1,0.0,,
556835.0,85099B,4,7.8,,
556836.0,85099B,1,1.95,,
556837.0,22086,6,17.7,,
556838.0,22423,1,12.75,,
556839.0,22383,1,1.65,,
556840.0,85123A,1,2.55,,
556841.0,85099B,2,3.9,,
556842.0,22720,4,19.8,,
556843.0,85123A,1,2.55,,
556844.0,85099B,1,1.95,,
556845.0,84879,12,20.28,,
556846.0,21212,2,1.1,,
556847.0,21212,2,1.1,,
556848.0,22720,1,4.95,,
556849.0,85123A,1,2.55,,
556850.0,85099B,12,23.4,,
556851.0,POST,2,36.0,,
556852.0,84879,6,10.14,,
556853.0,85099B,1,1.95,,
556854.0,22086,2,5.9,,
556855.0,22720,12,59.4,,
556856.0,22720,1,4.95,,
556857.0,85123A,1,2.55,,
556858.0,85123A,2,5.1,,
556859.0,22383,2,3.3,,
556860.0,84879,6,10.14,,
556861.0,47566,1,4.95,,
556862.0,22383,24,39.6,,
556863.0,22720,2,9.9,,
556864.0,22423,6,76.5,,
556865.0,22423,6,76.5,,
556866.0,85123A,1,2.55,,
556867.0,47566,2,9.9,,
556868.0,22423,1,12.75,,
556869.0,22720,6,29.7,,
556870.0,84879,4,6.76,,
556871.0,22423,6,76.5,,
556872.0,22086,1,2.95,,
556873.0,84879,1,1.69,,
556874.0,POST,1,18.0,,
556875.0,84879,4,6.76,,
556876.0,POST,6,108.0,,
556877.0,22086,6,17.7,,
556878.0,84879,24,40.56,,
556879.0,POST,1,18.0,,
556880.0,47566,2,9.9,,
556881.0,22720,1,4.95,,
556882.0,84879,1,1.69,,
556883.0,22720,4,19.8,,
556884.0,84879,24,40.56,,
556885.0,22086,6,17.7,,
556886.0,22383,12,19.8,,
556887.0,POST,6,108.0,,
556888.0,22383,1,1.65,,
556889.0,POST,2,36.0,,
556890.0,47566,1,4.95,,
556891.0,85099B,4,7.8,,
556892.0,22423,6,76.5,,
556893.0,22720,4,19.8,,
556894.0,21212,1,0.55,,
556895.0,85099B,6,11.7,,
556896.0,84879,1,1.69,,
556897.0,85123A,6,15.3,,
556898.0,84879,4,6.76,,
556899.0,84879,4,6.76,,
556900.0,22086,24,70.8,,
556901.0,47566,6,29.7,,
556902.0,84879,4,6.76,,
556903.0,22720,2,9.9,,
556904.0,22086,4,11.8,,
556905.0,47566,6,29.7,,
556906.0,22383,2,3.3,,
556907.0,21212,1,0.55,,
556908.0,21212,1,0.55,,
556909.0,22423,2,25.5,,
556910.0,22086,1,2.95,,
556911.0,84879,6,10.14,,
556912.0,85123A,1,2.55,,
556913.0,22383,1,1.65,,
556914.0,85099B,6,11.7,,
556915.0,22720,2,9.9,,
556916.0,84879,24,40.56,,
556917.0,85123A,4,10.2,,
556918.0,22383,4,6.6,,
556919.0,22720,4,19.8,,
556920.0,84879,2,3.38,,
556921.0,84879,2,3.38,,
556922.0,47566,1,4.95,,
556923.0,85123A,24,61.2,,
556924.0,21212,1,0.55,,
556925.0,22086,1,2.95,,
556926.0,85099B,1,1.95,,
556927.0,22720,1,4.95,,
556928.0,22720,1,4.95,,
556929.0,22423,1,12.75,,
556930.0,47566,6,29.7,,
556931.0,POST,6,108.0,,
556932.0,85123A,4,10.2,,
556933.0,22383,1,1.65,,
556934.0,21212,24,13.2,,
556935.0,22383,2,3.3,,
556936.0,22423,1,12.75,,
556937.0,22720,2,9.9,,
556938.0,47566,6,29.7,,
556939.0,22086,2,5.9,,
556940.0,47566,2,9.9,,
556941.0,21212,1,0.55,,
556942.0,85123A,4,10.2,,
556943.0,85099B,1,1.95,,
556944.0,47566,2,9.9,,
556945.0,22720,1,4.95,,
556946.0,22423,2,25.5,,
556947.0,21212,1,0.55,,
556948.0,85123A,1,2.55,,
556949.0,22423,2,25.5,,
120584.0,85123A,1,0.0,,
556951.0,85123A,1,2.55,,
556952.0,22720,6,29.7,,
556953.0,85099B,1,1.95,,
556954.0,22720,2,9.9,,
556955.0,22086,12,35.4,,
556956.0,22383,2,3.3,,
556957.0,47566,2,9.9,,
556958.0,85123A,2,5.1,,
556959.0,47566,4,19.8,,
556960.0,22086,2,5.9,,
556961.0,POST,12,216.0,,
556962.0,22383,24,39.6,,
556963.0,85099B,6,11.7,,
556964.0,22383,1,1.65,,
556965.0,47566,6,29.7,,
556966.0,22423,4,51.0,,
120601.0,84879,1,0.0,,
556968.0,22383,2,3.3,,
556969.0,22423,12,153.0,,
556970.0,85123A,4,10.2,,
120605.0,84879,1,0.0,,
556972.0,84879,6,10.14,,
556973.0,84879,1,1.69,,
556974.0,22423,4,51.0,,
556975.0,22720,1,4.95,,
556976.0,22423,4,51.0,,
556977.0,47566,4,19.8,,
556978.0,85123A,2,5.1,,
556979.0,21212,1,0.55,,
556980.0,47566,2,9.9,,
556981.0,POST,4,72.0,,
556982.0,84879,6,10.14,,
556983.0,47566,1,4.95,,
556984.0,85099B,1,1.95,,
556985.0,21212,1,0.55,,
556986.0,85123A,6,15.3,,
556987.0,22383,2,3.3,,
556988.0,85123A,1,2.55,,
556989.0,22086,2,5.9,,
556990.0,85099B,6,11.7,,
556991.0,47566,6,29.7,,
556992.0,84879,6,10.14,,
556993.0,POST,4,72.0,,
556994.0,22086,1,2.95,,
556995.0,22086,1,2.95,,
556996.0,22383,12,19.8,,
556997.0,21212,1,0.55,,
556998.0,47566,1,4.95,,
556999.0,85099B,2,3.9,,
557000.0,85123A,1,2.55,,
557001.0,22086,4,11.8,,
557002.0,84879,24,40.56,,
557003.0,22383,2,3.3,,
557004.0,POST,12,216.0,,
557005.0,22720,1,4.95,,
557006.0,21212,4,2.2,,
557007.0,85123A,4,10.2,,
557008.0,21212,6,3.3,,
557009.0,22383,2,3.3,,
557010.0,85099B,1,1.95,,
557011.0,85123A,6,15.3,,
557012.0,85099B,2,3.9,,
557013.0,22423,24,306.0,,
557014.0,22086,2,5.9,,
557015.0,22086,1,2.95,,
557016.0,47566,2,9.9,,
557017.0,84879,12,20.28,,
557018.0,85123A,6,15.3,,
557019.0,47566,2,9.9,,
557020.0,22720,12,59.4,,
557021.0,22086,1,2.95,,
557022.0,22086,2,5.9,,
557023.0,85123A,4,10.2,,
557024.0,85123A,4,10.2,,
557025.0,POST,2,36.0,,
557026.0,47566,1,4.95,,
557027.0,22720,4,19.8,,
557028.0,85099B,2,3.9,,
557029.0,22423,2,25.5,,
557030.0,22086,2,5.9,,
557031.0,47566,2,9.9,,
557032.0,22423,1,12.75,,
557033.0,85123A,6,15.3,,
557034.0,POST,1,18.0,,
557035.0,22086,6,17.7,,
557036.0,22383,1,1.65,,
557037.0,22383,6,9.9,,
557038.0,47566,12,59.4,,
557039.0,22383,1,1.65,,
557040.0,22383,2,3.3,,
557041.0,85099B,1,1.95,,
557042.0,22423,1,12.75,,
557043.0,21212,1,0.55,,
557044.0,POST,1,18.0,,
557045.0,22383,4,6.6,,
557046.0,47566,4,19.8,,
557047.0,47566,1,4.95,,
557048.0,21212,1,0.55,,
557049.0,22086,1,2.95,,
557050.0,22423,2,25.5,,
557051.0,84879,2,3.38,,
557052.0,47566,2,9.9,,
557053.0,47566,2,9.9,,
557054.0,22720,1,4.95,,
557055.0,22423,4,51.0,,
557056.0,22423,6,76.5,,
557057.0,22086,2,5.9,,
557058.0,22383,4,6.6,,
557059.0,22086,1,2.95,,
557060.0,POST,4,72.0,,
557061.0,22423,6,76.5,,
557062.0,47566,12,59.4,,
557063.0,22720,1,4.95,,
557064.0,22383,6,9.9,,
557065.0,21212,1,0.55,,
557066.0,22383,2,3.3,,
557067.0,47566,1,4.95,,
557068.0,22383,1,1.65,,
557069.0,22383,24,39.6,,
557070.0,22720,1,4.95,,
557071.0,22086,4,11.8,,
557072.0,22423,1,12.75,,
557073.0,22720,4,19.8,,
557074.0,85123A,2,5.1,,
557075.0,22720,2,9.9,,
557076.0,21212,4,2.2,,
557077.0,84879,6,10.14,,
557078.0,85099B,6,11.7,,
557079.0,22423,2,25.5,,
557080.0,85099B,1,1.95,,
557081.0,22423,1,12.75,,
557082.0,84879,4,6.76,,
557083.0,47566,1,4.95,,
557084.0,84879,6,10.14,,
557085.0,85123A,6,15.3,,
557086.0,47566,1,4.95,,
557087.0,21212,4,2.2,,
557088.0,21212,4,2.2,,
557089.0,21212,2,1.1,,
557090.0,POST,1,18.0,,
557091.0,22086,2,5.9,,
557092.0,22423,1,12.75,,
557093.0,84879,6,10.14,,
557094.0,85099B,2,3.9,,
557095.0,47566,6,29.7,,
557096.0,22383,12,19.8,,
557097.0,22086,12,35.4,,
557098.0,85099B,12,23.4,,
557099.0,POST,6,108.0,,
557100.0,85099B,1,1.95,,
557101.0,85099B,2,3.9,,
557102.0,85099B,2,3.9,,
557103.0,22423,12,153.0,,
120738.0,POST,1,0.0,,
557105.0,22720,6,29.7,,
557106.0,22720,1,4.95,,
557107.0,47566,6,29.7,,
557108.0,84879,6,10.14,,
557109.0,22086,4,11.8,,
557110.0,22383,1,1.65,,
557111.0,22423,2,25.5,,
557112.0,85123A,4,10.2,,
557113.0,22720,4,19.8,,
557114.0,85123A,4,10.2,,
557115.0,POST,4,72.0,,
557116.0,22086,4,11.8,,
557117.0,84879,4,6.76,,
557118.0,84879,1,1.69,,
557119.0,85099B,1,1.95,,
557120.0,85099B,4,7.8,,
557121.0,85123A,1,2.55,,
557122.0,22720,2,9.9,,
557123.0,47566,12,59.4,,
557124.0,22720,2,9.9,,
557125.0,47566,2,9.9,,
557126.0,85123A,1,2.55,,
557127.0,21212,1,0.55,,
557128.0,22720,4,19.8,,
557129.0,47566,6,29.7,,
557130.0,47566,6,29.7,,
120765.0,22086,1,0.0,,
557132.0,85099B,4,7.8,,
557133.0,85099B,6,11.7,,
557134.0,22086,1,2.95,,
557135.0,22086,2,5.9,,
557136.0,47566,1,4.95,,
557137.0,84879,6,10.14,,
557138.0,22720,4,19.8,,
557139.0,22423,1,12.75,,
557140.0,22383,1,1.65,,
557141.0,22086,1,2.95,,
557142.0,85099B,4,7.8,,
557143.0,85099B,1,1.95,,
557144.0,21212,4,2.2,,
557145.0,21212,24,13.2,,
557146.0,21212,1,0.55,,
557147.0,21212,2,1.1,,
557148.0,22086,4,11.8,,
557149.0,84879,4,6.76,,
557150.0,85123A,2,5.1,,
557151.0,21212,4,2.2,,
557152.0,85123A,4,10.2,,
557153.0,85123A,4,10.2,,
557154.0,22720,12,59.4,,
557155.0,22086,1,2.95,,
557156.0,22086,4,11.8,,
557157.0,85099B,2,3.9,,
557158.0,21212,1,0.55,,
557159.0,84879,1,1.69,,
557160.0,22383,1,1.65,,
557161.0,85099B,4,7.8,,
557162.0,85099B,1,1.95,,
557163.0,85099B,2,3.9,,
557164.0,22423,4,51.0,,
557165.0,22086,6,17.7,,
557166.0,85123A,12,30.6,,
557167.0,85099B,6,11.7,,
557168.0,84879,12,20.28,,
557169.0,47566,12,59.4,,
557170.0,84879,6,10.14,,
557171.0,85123A,1,2.55,,
557172.0,22383,2,3.3,,
557173.0,22423,2,25.5,,
557174.0,22720,12,59.4,,
120809.0,POST,1,0.0,,
557176.0,85099B,2,3.9,,
557177.0,85099B,6,11.7,,
557178.0,22423,1,12.75,,
557179.0,85099B,2,3.9,,
557180.0,POST,1,18.0,,
557181.0,47566,1,4.95,,
557182.0,85123A,6,15.3,,
557183.0,47566,6,29.7,,
557184.0,22720,6,29.7,,
557185.0,22086,2,5.9,,
557186.0,84879,4,6.76,,
557187.0,85099B,2,3.9,,
557188.0,22423,6,76.5,,
557189.0,85123A,2,5.1,,
557190.0,POST,1,18.0,,
557191.0,85123A,4,10.2,,
557192.0,22086,6,17.7,,
557193.0,47566,1,4.95,,
557194.0,85099B,12,23.4,,
557195.0,22423,4,51.0,,
557196.0,22383,2,3.3,,
557197.0,21212,2,1.1,,
557198.0,85123A,2,5.1,,
557199.0,47566,2,9.9,,
557200.0,22086,2,5.9,,
557201.0,22423,1,12.75,,
557202.0,22423,6,76.5,,
557203.0,22423,1,12.75,,
557204.0,21212,4,2.2,,
557205.0,22383,1,1.65,,
557206.0,21212,2,1.1,,
557207.0,22720,2,9.9,,
557208.0,22423,1,12.75,,
557209.0,21212,2,1.1,,
557210.0,22720,6,29.7,,
557211.0,22383,1,1.65,,
557212.0,22086,6,17.7,,
557213.0,84879,1,1.69,,
557214.0,22720,4,19.8,,
557215.0,22086,1,2.95,,
120850.0,22383,1,0.0,,
557217.0,22423,1,12.75,,
557218.0,22423,1,12.75,,
557219.0,22086,12,35.4,,
557220.0,22423,2,25.5,,
557221.0,22086,6,17.7,,
557222.0,85099B,6,11.7,,
557223.0,POST,6,108.0,,
557224.0,85099B,1,1.95,,
557225.0,85123A,2,5.1,,
557226.0,22423,1,12.75,,
557227.0,85099B,1,1.95,,
557228.0,22086,1,2.95,,
557229.0,47566,4,19.8,,
557230.0,84879,2,3.38,,
557231.0,22383,1,1.65,,
557232.0,POST,1,18.0,,
557233.0,22086,2,5.9,,
557234.0,POST,6,108.0,,
557235.0,22720,2,9.9,,
557236.0,22423,4,51.0,,
557237.0,22086,1,2.95,,
557238.0,21212,1,0.55,,
557239.0,POST,4,72.0,,
557240.0,22383,1,1.65,,
557241.0,47566,2,9.9,,
557242.0,85099B,1,1.95,,
557243.0,22423,1,12.75,,
557244.0,85123A,1,2.55,,
557245.0,22720,1,4.95,,
557246.0,22720,6,29.7,,
557247.0,84879,1,1.69,,
557248.0,85099B,4,7.8,,
557249.0,47566,4,19.8,,
557250.0,22423,1,12.75,,
557251.0,22086,1,2.95,,
557252.0,POST,6,108.0,,
557253.0,84879,1,1.69,,
557254.0,22423,24,306.0,,
557255.0,21212,2,1.1,,
557256.0,22423,2,25.5,,
557257.0,85123A,1,2.55,,
557258.0,85099B,12,23.4,,
557259.0,22720,1,4.95,,
557260.0,85123A,12,30.6,,
557261.0,22383,6,9.9,,
557262.0,21212,12,6.6,,
557263.0,22383,2,3.3,,
557264.0,84879,1,1.69,,
557265.0,22086,6,17.7,,
557266.0,47566,4,19.8,,
557267.0,22086,6,17.7,,
557268.0,85099B,6,11.7,,
557269.0,85123A,1,2.55,,
557270.0,21212,4,2.2,,
557271.0,84879,12,20.28,,
557272.0,85123A,4,10.2,,
557273.0,22383,1,1.65,,
557274.0,22720,4,19.8,,
557275.0,22720,1,4.95,,
557276.0,22086,1,2.95,,
557277.0,47566,2,9.9,,
557278.0,22086,2,5.9,,
557279.0,47566,1,4.95,,
557280.0,85123A,2,5.1,,
557281.0,22423,1,12.75,,
120916.0,21212,1,0.0,,
557283.0,POST,6,108.0,,
557284.0,22720,1,4.95,,
557285.0,POST,1,18.0,,
557286.0,22383,6,9.9,,
557287.0,47566,2,9.9,,
557288.0,47566,2,9.9,,
557289.0,22383,2,3.3,,
557290.0,85099B,2,3.9,,
557291.0,21212,2,1.1,,
557292.0,22720,6,29.7,,
557293.0,85099B,2,3.9,,
557294.0,85123A,1,2.55,,
557295.0,21212,2,1.1,,
557296.0,22720,6,29.7,,
557297.0,47566,12,59.4,,
557298.0,22423,12,153.0,,
557299.0,84879,2,3.38,,
557300.0,POST,4,72.0,,
557301.0,85123A,6,15.3,,
557302.0,22423,1,12.75,,
557303.0,85099B,12,23.4,,
557304.0,85123A,1,2.55,,
557305.0,22720,1,4.95,,
557306.0,47566,24,118.8,,
557307.0,POST,24,432.0,,
557308.0,POST,4,72.0,,
557309.0,22720,1,4.95,,
557310.0,POST,12,216.0,,
557311.0,22423,1,12.75,,
557312.0,22383,6,9.9,,
557313.0,47566,1,4.95,,
557314.0,21212,1,0.55,,
557315.0,22423,4,51.0,,
557316.0,22383,1,1.65,,
557317.0,84879,4,6.76,,
557318.0,22383,2,3.3,,
557319.0,22383,12,19.8,,
557320.0,22383,6,9.9,,
557321.0,21212,6,3.3,,
557322.0,22383,2,3.3,,
557323.0,47566,2,9.9,,
557324.0,22720,12,59.4,,
557325.0,22423,1,12.75,,
557326.0,22383,1,1.65,,
557327.0,22720,1,4.95,,
557328.0,22720,6,29.7,,
557329.0,21212,6,3.3,,
557330.0,85123A,4,10.2,,
557331.0,21212,1,0.55,,
557332.0,85123A,6,15.3,,
557333.0,85099B,6,11.7,,
557334.0,22086,2,5.9,,
557335.0,22383,1,1.65,,
557336.0,85099B,12,23.4,,
557337.0,22423,4,51.0,,
557338.0,85123A,1,2.55,,
557339.0,POST,4,72.0,,
557340.0,22086,1,2.95,,
557341.0,85123A,1,2.55,,
557342.0,POST,2,36.0,,
557343.0,84879,4,6.76,,
557344.0,85123A,2,5.1,,
557345.0,22423,6,76.5,,
557346.0,21212,2,1.1,,
557347.0,85123A,12,30.6,,
557348.0,85123A,2,5.1,,
557349.0,47566,4,19.8,,
557350.0,22423,2,25.5,,
557351.0,22423,1,12.75,,
557352.0,22423,2,25.5,,
557353.0,85123A,6,15.3,,
557354.0,22423,2,25.5,,
557355.0,84879,4,6.76,,
557356.0,22423,4,51.0,,
557357.0,22423,4,51.0,,
557358.0,POST,4,72.0,,
557359.0,85099B,1,1.95,,
557360.0,84879,12,20.28,,
557361.0,22086,12,35.4,,
557362.0,22086,1,2.95,,
557363.0,47566,1,4.95,,
557364.0,22086,1,2.95,,
557365.0,85099B,1,1.95,,
557366.0,84879,1,1.69,,
557367.0,85099B,1,1.95,,
557368.0,47566,4,19.8,,
557369.0,85099B,12,23.4,,
121004.0,84879,1,0.0,,
557371.0,85123A,1,2.55,,
557372.0,22423,1,12.75,,
557373.0,POST,2,36.0,,
557374.0,21212,1,0.55,,
557375.0,84879,6,10.14,,
557376.0,22423,1,12.75,,
557377.0,85123A,1,2.55,,
557378.0,22720,4,19.8,,
557379.0,85123A,2,5.1,,
557380.0,85099B,12,23.4,,
557381.0,22423,1,12.75,,
557382.0,47566,1,4.95,,
557383.0,22086,1,2.95,,
557384.0,POST,12,216.0,,
121019.0,22423,1,0.0,,
557386.0,22720,1,4.95,,
557387.0,22383,1,1.65,,
557388.0,85123A,2,5.1,,
557389.0,21212,1,0.55,,
557390.0,21212,1,0.55,,
557391.0,22423,1,12.75,,
557392.0,85099B,1,1.95,,
557393.0,22383,1,1.65,,
557394.0,85099B,2,3.9,,
557395.0,85123A,12,30.6,,
557396.0,POST,2,36.0,,
557397.0,85123A,6,15.3,,
557398.0,POST,6,108.0,,
557399.0,22720,4,19.8,,
557400.0,POST,4,72.0,,
557401.0,85099B,2,3.9,,
557402.0,22423,1,12.75,,
557403.0,22086,4,11.8,,
557404.0,22720,2,9.9,,
557405.0,84879,1,1.69,,
557406.0,85099B,1,1.95,,
557407.0,84879,12,20.28,,
557408.0,85123A,4,10.2,,
557409.0,22086,12,35.4,,
557410.0,22720,6,29.7,,
557411.0,22423,6,76.5,,
557412.0,22383,1,1.65,,
121047.0,84879,1,0.0,,
557414.0,22423,6,76.5,,
557415.0,85123A,1,2.55,,
557416.0,POST,1,18.0,,
557417.0,21212,2,1.1,,
121052.0,POST,1,0.0,,
557419.0,47566,12,59.4,,
557420.0,85123A,2,5.1,,
557421.0,47566,1,4.95,,
557422.0,22086,2,5.9,,
557423.0,POST,6,108.0,,
557424.0,22720,4,19.8,,
557425.0,84879,12,20.28,,
557426.0,85099B,2,3.9,,
557427.0,22720,12,59.4,,
557428.0,22383,12,19.8,,
557429.0,22423,2,25.5,,
557430.0,22086,1,2.95,,
557431.0,22086,1,2.95,,
557432.0,84879,1,1.69,,
557433.0,47566,1,4.95,,
557434.0,22720,1,4.95,,
557435.0,85099B,1,1.95,,
557436.0,POST,6,108.0,,
557437.0,22423,2,25.5,,
557438.0,22720,1,4.95,,
557439.0,22086,2,5.9,,
121074.0,47566,1,0.0,,
557441.0,POST,2,36.0,,
557442.0,85099B,1,1.95,,
557443.0,85099B,12,23.4,,
557444.0,22423,1,12.75,,
557445.0,22383,2,3.3,,
557446.0,22086,1,2.95,,
557447.0,21212,1,0.55,,
557448.0,47566,4,19.8,,
557449.0,22383,1,1.65,,
557450.0,22720,24,118.8,,
557451.0,47566,4,19.8,,
557452.0,85099B,2,3.9,,
121087.0,47566,1,0.0,,
557454.0,22086,1,2.95,,
557455.0,47566,2,9.9,,
557456.0,22720,1,4.95,,
557457.0,21212,2,1.1,,
557458.0,22383,2,3.3,,
557459.0,22720,12,59.4,,
557460.0,POST,2,36.0,,
557461.0,84879,6,10.14,,
557462.0,22720,12,59.4,,
557463.0,47566,1,4.95,,
557464.0,84879,12,20.28,,
557465.0,21212,2,1.1,,
557466.0,22423,1,12.75,,
557467.0,22423,1,12.75,,
557468.0,21212,1,0.55,,
557469.0,22423,12,153.0,,
557470.0,84879,1,1.69,,
557471.0,22423,6,76.5,,
557472.0,22383,4,6.6,,
557473.0,85099B,1,1.95,,
557474.0,85123A,4,10.2,,
557475.0,22423,1,12.75,,
557476.0,22720,4,19.8,,
557477.0,22086,2,5.9,,
557478.0,22086,6,17.7,,
557479.0,POST,6,108.0,,
557480.0,22720,12,59.4,,
557481.0,21212,1,0.55,,
557482.0,85123A,1,2.55,,
557483.0,85099B,2,3.9,,
557484.0,85099B,2,3.9,,
557485.0,POST,12,216.0,,
557486.0,22423,1,12.75,,
557487.0,22423,1,12.75,,
557488.0,47566,6,29.7,,
557489.0,21212,6,3.3,,
557490.0,POST,1,18.0,,
557491.0,22086,2,5.9,,
557492.0,POST,6,108.0,,
557493.0,85123A,6,15.3,,
557494.0,21212,6,3.3,,
557495.0,POST,4,72.0,,
557496.0,22383,1,1.65,,
557497.0,22720,1,4.95,,
557498.0,POST,4,72.0,,
557499.0,22383,4,6.6,,
557500.0,22086,4,11.8,,
557501.0,85123A,4,10.2,,
557502.0,22086,4,11.8,,
557503.0,22383,6,9.9,,
557504.0,21212,1,0.55,,
557505.0,84879,4,6.76,,
557506.0,22383,4,6.6,,
557507.0,47566,12,59.4,,
557508.0,22720,4,19.8,,
557509.0,22086,1,2.95,,
557510.0,84879,1,1.69,,
557511.0,22086,2,5.9,,
557512.0,85123A,1,2.55,,
557513.0,85099B,1,1.95,,
557514.0,22720,1,4.95,,
557515.0,85123A,2,5.1,,
557516.0,84879,1,1.69,,
557517.0,21212,1,0.55,,
557518.0,84879,4,6.76,,
557519.0,22720,1,4.95,,
557520.0,22383,1,1.65,,
557521.0,85099B,1,1.95,,
557522.0,85123A,1,2.55,,
557523.0,22423,2,25.5,,
557524.0,22383,2,3.3,,
557525.0,22383,2,3.3,,
557526.0,47566,6,29.7,,
557527.0,47566,2,9.9,,
557528.0,85099B,1,1.95,,
557529.0,85123A,12,30.6,,
557530.0,85123A,2,5.1,,
557531.0,POST,6,108.0,,
557532.0,22383,1,1.65,,
557533.0,22086,2,5.9,,
557534.0,84879,2,3.38,,
557535.0,22086,1,2.95,,
557536.0,22720,2,9.9,,
557537.0,85099B,2,3.9,,
557538.0,22383,1,1.65,,
557539.0,84879,1,1.69,,
557540.0,21212,4,2.2,,
557541.0,21212,1,0.55,,
121176.0,22720,1,0.0,,
557543.0,22086,2,5.9,,
557544.0,22383,1,1.65,,
557545.0,22423,1,12.75,,
557546.0,POST,1,18.0,,
557547.0,22423,2,25.5,,
557548.0,85099B,6,11.7,,
557549.0,47566,4,19.8,,
557550.0,22423,12,153.0,,
557551.0,85123A,1,2.55,,
557552.0,22383,4,6.6,,
557553.0,22423,1,12.75,,
557554.0,22720,4,19.8,,
557555.0,85099B,2,3.9,,
557556.0,84879,2,3.38,,
557557.0,47566,6,29.7,,
557558.0,85123A,2,5.1,,
557559.0,85123A,1,2.55,,
557560.0,21212,1,0.55,,
557561.0,22383,2,3.3,,
557562.0,85123A,1,2.55,,
557563.0,POST,1,18.0,,
557564.0,22383,1,1.65,,
557565.0,85123A,2,5.1,,
557566.0,22383,1,1.65,,
557567.0,84879,4,6.76,,
557568.0,22383,12,19.8,,
121203.0,84879,1,0.0,,
557570.0,85123A,2,5.1,,
557571.0,22423,4,51.0,,
557572.0,22383,4,6.6,,
557573.0,22720,4,19.8,,
557574.0,85099B,12,23.4,,
557575.0,22086,1,2.95,,
557576.0,85099B,2,3.9,,
557577.0,22423,2,25.5,,
557578.0,47566,6,29.7,,
557579.0,POST,1,18.0,,
557580.0,POST,1,18.0,,
557581.0,22720,6,29.7,,
557582.0,22086,1,2.95,,
557583.0,47566,1,4.95,,
557584.0,21212,1,0.55,,
121219.0,22086,1,0.0,,
557586.0,22423,6,76.5,,
557587.0,47566,6,29.7,,
557588.0,22423,6,76.5,,
557589.0,22086,4,11.8,,
557590.0,22383,4,6.6,,
557591.0,21212,6,3.3,,
557592.0,22423,12,153.0,,
557593.0,22720,2,9.9,,
557594.0,85123A,1,2.55,,
557595.0,47566,4,19.8,,
557596.0,POST,1,18.0,,
557597.0,22423,6,76.5,,
557598.0,85123A,6,15.3,,
557599.0,22086,12,35.4,,
557600.0,85099B,1,1.95,,
557601.0,22423,6,76.5,,
557602.0,85099B,1,1.95,,
557603.0,84879,1,1.69,,
557604.0,85099B,2,3.9,,
557605.0,POST,4,72.0,,
121240.0,85099B,1,0.0,,
557607.0,85099B,4,7.8,,
557608.0,85123A,1,2.55,,
557609.0,47566,1,4.95,,
557610.0,22720,1,4.95,,
557611.0,22383,4,6.6,,
557612.0,21212,2,1.1,,
557613.0,22720,4,19.8,,
557614.0,22383,1,1.65,,
557615.0,22086,2,5.9,,
557616.0,47566,6,29.7,,
557617.0,84879,1,1.69,,
557618.0,POST,1,18.0,,
557619.0,22423,1,12.75,,
557620.0,22423,2,25.5,,
557621.0,22423,6,76.5,,
121256.0,21212,1,0.0,,
557623.0,22423,6,76.5,,
121258.0,22720,1,0.0,,
557625.0,84879,4,6.76,,
557626.0,47566,1,4.95,,
557627.0,85123A,12,30.6,,
557628.0,22720,4,19.8,,
557629.0,POST,4,72.0,,
557630.0,84879,4,6.76,,
557631.0,POST,1,18.0,,
557632.0,POST,4,72.0,,
557633.0,85099B,2,3.9,,
557634.0,22423,6,76.5,,
121269.0,84879,1,0.0,,
557636.0,84879,4,6.76,,
557637.0,22720,2,9.9,,
557638.0,POST,2,36.0,,
557639.0,84879,2,3.38,,
557640.0,POST,4,72.0,,
557641.0,22383,1,1.65,,
557642.0,22423,12,153.0,,
557643.0,84879,6,10.14,,
557644.0,47566,6,29.7,,
557645.0,21212,4,2.2,,
557646.0,22720,4,19.8,,
557647.0,85099B,1,1.95,,
557648.0,84879,2,3.38,,
557649.0,22720,1,4.95,,
557650.0,85123A,6,15.3,,
557651.0,22383,4,6.6,,
557652.0,POST,24,432.0,,
557653.0,85099B,4,7.8,,
557654.0,85123A,2,5.1,,
557655.0,84879,6,10.14,,
557656.0,POST,2,36.0,,
557657.0,21212,2,1.1,,
557658.0,85099B,6,11.7,,
557659.0,85099B,2,3.9,,
557660.0,47566,4,19.8,,
557661.0,22383,2,3.3,,
557662.0,85123A,2,5.1,,
557663.0,22086,1,2.95,,
557664.0,22720,1,4.95,,
557665.0,21212,2,1.1,,
557666.0,85099B,6,11.7,,
557667.0,85123A,2,5.1,,
557668.0,22086,1,2.95,,
557669.0,22423,1,12.75,,
557670.0,85123A,1,2.55,,
557671.0,22383,4,6.6,,
557672.0,85123A,12,30.6,,
557673.0,POST,1,18.0,,
557674.0,47566,1,4.95,,
557675.0,22086,6,17.7,,
557676.0,21212,2,1.1,,
557677.0,85099B,4,7.8,,
557678.0,22720,6,29.7,,
557679.0,22720,1,4.95,,
557680.0,22720,2,9.9,,
557681.0,POST,1,18.0,,
557682.0,22423,1,12.75,,
557683.0,85123A,2,5.1,,
557684.0,85123A,1,2.55,,
557685.0,22423,4,51.0,,
557686.0,22383,4,6.6,,
557687.0,21212,1,0.55,,
557688.0,POST,6,108.0,,
557689.0,84879,2,3.38,,
557690.0,85123A,4,10.2,,
557691.0,21212,12,6.6,,
557692.0,21212,12,6.6,,
557693.0,47566,1,4.95,,
557694.0,22423,1,12.75,,
557695.0,22383,4,6.6,,
557696.0,POST,1,18.0,,
557697.0,22720,1,4.95,,
557698.0,84879,2,3.38,,
557699.0,22423,2,25.5,,
557700.0,85123A,2,5.1,,
557701.0,84879,4,6.76,,
557702.0,85099B,6,11.7,,
557703.0,22086,1,2.95,,
557704.0,84879,6,10.14,,
557705.0,22086,4,11.8,,
557706.0,47566,2,9.9,,
557707.0,85123A,12,30.6,,
557708.0,22423,6,76.5,,
557709.0,85123A,6,15.3,,
557710.0,47566,2,9.9,,
557711.0,22086,1,2.95,,
557712.0,22720,6,29.7,,
557713.0,85099B,6,11.7,,
557714.0,22383,2,3.3,,
557715.0,POST,12,216.0,,
557716.0,21212,2,1.1,,
557717.0,22383,6,9.9,,
557718.0,21212,1,0.55,,
557719.0,85123A,6,15.3,,
557720.0,84879,2,3.38,,
557721.0,POST,1,18.0,,
557722.0,47566,2,9.9,,
557723.0,22086,1,2.95,,
557724.0,POST,1,18.0,,
557725.0,47566,1,4.95,,
557726.0,47566,4,19.8,,
557727.0,22720,6,29.7,,
557728.0,85099B,6,11.7,,
557729.0,POST,4,72.0,,
557730.0,21212,2,1.1,,
557731.0,84879,1,1.69,,
557732.0,85123A,24,61.2,,
557733.0,22720,6,29.7,,
557734.0,22383,1,1.65,,
557735.0,22086,4,11.8,,
557736.0,22423,1,12.75,,
557737.0,85099B,6,11.7,,
557738.0,84879,1,1.69,,
557739.0,47566,2,9.9,,
557740.0,84879,12,20.28,,
557741.0,22086,2,5.9,,
557742.0,22720,1,4.95,,
557743.0,22383,1,1.65,,
557744.0,85099B,2,3.9,,
557745.0,22383,1,1.65,,
557746.0,85123A,1,2.55,,
557747.0,85099B,4,7.8,,
557748.0,22423,6,76.5,,
557749.0,85099B,6,11.7,,
557750.0,84879,12,20.28,,
557751.0,22383,1,1.65,,
557752.0,22086,24,70.8,,
557753.0,POST,4,72.0,,
557754.0,85099B,6,11.7,,
557755.0,85123A,2,5.1,,
557756.0,22423,6,76.5,,
557757.0,84879,6,10.14,,
557758.0,84879,12,20.28,,
557759.0,POST,1,18.0,,
557760.0,47566,24,118.8,,
557761.0,85099B,1,1.95,,
557762.0,22423,1,12.75,,
557763.0,22720,12,59.4,,
557764.0,85123A,6,15.3,,
557765.0,22383,4,6.6,,
557766.0,85123A,2,5.1,,
557767.0,POST,12,216.0,,
557768.0,22383,2,3.3,,
557769.0,85099B,2,3.9,,
557770.0,85099B,2,3.9,,
557771.0,85099B,1,1.95,,
557772.0,85099B,1,1.95,,
557773.0,22383,2,3.3,,
557774.0,47566,2,9.9,,
557775.0,22086,6,17.7,,
557776.0,22086,4,11.8,,
557777.0,22720,1,4.95,,
557778.0,22086,12,35.4,,
557779.0,21212,6,3.3,,
557780.0,POST,1,18.0,,
121415.0,21212,1,0.0,,
557782.0,84879,4,6.76,,
557783.0,21212,6,3.3,,
557784.0,47566,1,4.95,,
557785.0,47566,2,9.9,,
121420.0,85099B,1,0.0,,
557787.0,85099B,2,3.9,,
557788.0,84879,6,10.14,,
557789.0,85123A,1,2.55,,
557790.0,22086,1,2.95,,
557791.0,85123A,6,15.3,,
557792.0,22383,1,1.65,,
557793.0,22720,12,59.4,,
557794.0,POST,1,18.0,,
557795.0,22423,12,153.0,,
557796.0,22086,2,5.9,,
557797.0,85099B,6,11.7,,
121432.0,85123A,1,0.0,,
557799.0,85099B,4,7.8,,
557800.0,85123A,6,15.3,,
557801.0,84879,6,10.14,,
557802.0,22720,2,9.9,,
557803.0,22086,1,2.95,,
557804.0,47566,2,9.9,,
557805.0,47566,2,9.9,,
557806.0,22383,6,9.9,,
557807.0,POST,4,72.0,,
557808.0,84879,24,40.56,,
557809.0,21212,2,1.1,,
557810.0,21212,6,3.3,,
557811.0,POST,1,18.0,,
557812.0,22086,1,2.95,,
557813.0,47566,2,9.9,,
557814.0,22720,4,19.8,,
557815.0,85099B,1,1.95,,
557816.0,85099B,2,3.9,,
557817.0,22423,4,51.0,,
557818.0,85099B,2,3.9,,
557819.0,85123A,1,2.55,,
557820.0,22086,1,2.95,,
557821.0,84879,12,20.28,,
557822.0,84879,12,20.28,,
557823.0,85099B,12,23.4,,
557824.0,22086,6,17.7,,
557825.0,85123A,2,5.1,,
557826.0,22423,4,51.0,,
557827.0,84879,1,1.69,,
557828.0,85099B,4,7.8,,
557829.0,22720,2,9.9,,
557830.0,21212,2,1.1,,
557831.0,85123A,12,30.6,,
557832.0,POST,2,36.0,,
121467.0,22720,1,0.0,,
557834.0,47566,1,4.95,,
557835.0,22720,2,9.9,,
557836.0,47566,1,4.95,,
557837.0,POST,1,18.0,,
557838.0,85099B,2,3.9,,
557839.0,POST,2,36.0,,
557840.0,22423,1,12.75,,
557841.0,84879,2,3.38,,
557842.0,22423,2,25.5,,
557843.0,22423,6,76.5,,
557844.0,47566,6,29.7,,
557845.0,47566,4,19.8,,
557846.0,47566,2,9.9,,
557847.0,22720,1,4.95,,
557848.0,21212,4,2.2,,
557849.0,85123A,6,15.3,,
557850.0,22423,6,76.5,,
557851.0,22720,1,4.95,,
557852.0,22720,2,9.9,,
557853.0,22086,1,2.95,,
557854.0,22423,1,12.75,,
557855.0,22720,4,19.8,,
557856.0,84879,1,1.69,,
557857.0,22720,2,9.9,,
557858.0,85123A,12,30.6,,
557859.0,84879,2,3.38,,
557860.0,22720,1,4.95,,
557861.0,84879,2,3.38,,
557862.0,84879,1,1.69,,
557863.0,22086,6,17.7,,
557864.0,22383,1,1.65,,
557865.0,22720,6,29.7,,
557866.0,85123A,1,2.55,,
557867.0,POST,6,108.0,,
557868.0,POST,1,18.0,,
557869.0,47566,2,9.9,,
557870.0,85123A,2,5.1,,
557871.0,85123A,1,2.55,,
557872.0,POST,1,18.0,,
557873.0,47566,4,19.8,,
557874.0,22086,6,17.7,,
557875.0,47566,6,29.7,,
557876.0,47566,2,9.9,,
557877.0,85099B,12,23.4,,
557878.0,POST,2,36.0,,
557879.0,85123A,4,10.2,,
557880.0,21212,2,1.1,,
557881.0,84879,12,20.28,,
557882.0,85123A,2,5.1,,
557883.0,22423,2,25.5,,
557884.0,22383,12,19.8,,
557885.0,POST,6,108.0,,
557886.0,84879,2,3.38,,
557887.0,84879,6,10.14,,
557888.0,85099B,1,1.95,,
557889.0,85099B,1,1.95,,
557890.0,21212,12,6.6,,
557891.0,22423,1,12.75,,
557892.0,22086,1,2.95,,
557893.0,POST,6,108.0,,
557894.0,22086,4,11.8,,
557895.0,21212,1,0.55,,
557896.0,85099B,2,3.9,,
557897.0,85099B,2,3.9,,
557898.0,85099B,1,1.95,,
557899.0,POST,6,108.0,,
557900.0,22720,2,9.9,,
557901.0,22086,6,17.7,,
557902.0,84879,4,6.76,,
557903.0,85099B,1,1.95,,
557904.0,22720,6,29.7,,
557905.0,85099B,1,1.95,,
557906.0,22383,2,3.3,,
557907.0,85099B,1,1.95,,
557908.0,47566,1,4.95,,
557909.0,84879,2,3.38,,
557910.0,47566,1,4.95,,
557911.0,22383,2,3.3,,
557912.0,22720,2,9.9,,
557913.0,22383,1,1.65,,
557914.0,POST,2,36.0,,
557915.0,84879,1,1.69,,
557916.0,47566,1,4.95,,
557917.0,22383,6,9.9,,
557918.0,22383,2,3.3,,
557919.0,21212,4,2.2,,
557920.0,21212,1,0.55,,
557921.0,22086,2,5.9,,
557922.0,47566,6,29.7,,
557923.0,85099B,2,3.9,,
557924.0,22720,1,4.95,,
557925.0,85123A,2,5.1,,
557926.0,POST,2,36.0,,
557927.0,POST,2,36.0,,
557928.0,47566,2,9.9,,
557929.0,84879,1,1.69,,
557930.0,21212,1,0.55,,
557931.0,22720,4,19.8,,
557932.0,22383,2,3.3,,
557933.0,47566,24,118.8,,
557934.0,85099B,1,1.95,,
557935.0,21212,2,1.1,,
557936.0,22383,24,39.6,,
557937.0,POST,1,18.0,,
557938.0,84879,12,20.28,,
557939.0,21212,1,0.55,,
557940.0,47566,1,4.95,,
557941.0,22720,1,4.95,,
557942.0,22423,12,153.0,,
557943.0,22086,2,5.9,,
557944.0,85099B,1,1.95,,
557945.0,21212,4,2.2,,
557946.0,85099B,1,1.95,,
557947.0,84879,6,10.14,,
557948.0,47566,2,9.9,,
557949.0,47566,6,29.7,,
557950.0,22086,4,11.8,,
557951.0,84879,1,1.69,,
557952.0,POST,1,18.0,,
557953.0,22086,1,2.95,,
121588.0,22086,1,0.0,,
557955.0,22720,2,9.9,,
557956.0,22423,6,76.5,,
557957.0,22423,2,25.5,,
557958.0,84879,1,1.69,,
557959.0,22086,2,5.9,,
557960.0,47566,2,9.9,,
557961.0,22720,1,4.95,,
557962.0,85099B,2,3.9,,
557963.0,22086,1,2.95,,
557964.0,22383,4,6.6,,
557965.0,85123A,1,2.55,,
557966.0,22086,1,2.95,,
557967.0,85099B,2,3.9,,
557968.0,22423,6,76.5,,
557969.0,22720,1,4.95,,
557970.0,POST,4,72.0,,
557971.0,84879,4,6.76,,
557972.0,84879,4,6.76,,
557973.0,85099B,1,1.95,,
557974.0,47566,2,9.9,,
557975.0,85099B,24,46.8,,
557976.0,85123A,4,10.2,,
557977.0,47566,2,9.9,,
557978.0,21212,1,0.55,,
557979.0,22383,4,6.6,,
121614.0,22720,1,0.0,,
557981.0,22086,2,5.9,,
557982.0,22423,6,76.5,,
557983.0,85099B,2,3.9,,
557984.0,85123A,4,10.2,,
557985.0,85123A,1,2.55,,
557986.0,22720,6,29.7,,
557987.0,22086,12,35.4,,
557988.0,22423,1,12.75,,
557989.0,84879,1,1.69,,
557990.0,POST,1,18.0,,
121625.0,22086,1,0.0,,
557992.0,22086,6,17.7,,
557993.0,84879,1,1.69,,
557994.0,22086,1,2.95,,
557995.0,22383,1,1.65,,
557996.0,85099B,4,7.8,,
557997.0,POST,1,18.0,,
557998.0,47566,12,59.4,,
557999.0,84879,1,1.69,,
558000.0,85123A,4,10.2,,
121635.0,22423,1,0.0,,
558002.0,21212,1,0.55,,
558003.0,47566,1,4.95,,
558004.0,22383,1,1.65,,
558005.0,84879,2,3.38,,
558006.0,22086,1,2.95,,
558007.0,21212,2,1.1,,
558008.0,22423,12,153.0,,
121643.0,22383,1,0.0,,
558010.0,85099B,4,7.8,,
558011.0,22383,4,6.6,,
558012.0,84879,1,1.69,,
558013.0,22086,4,11.8,,
558014.0,84879,4,6.76,,
558015.0,POST,1,18.0,,
558016.0,22720,12,59.4,,
558017.0,22086,1,2.95,,
558018.0,POST,2,36.0,,
558019.0,84879,1,1.69,,
558020.0,POST,1,18.0,,
558021.0,POST,2,36.0,,
558022.0,22383,6,9.9,,
558023.0,85123A,1,2.55,,
558024.0,22720,1,4.95,,
558025.0,85099B,6,11.7,,
558026.0,22720,12,59.4,,
558027.0,22720,1,4.95,,
558028.0,22086,1,2.95,,
558029.0,85099B,1,1.95,,
558030.0,POST,2,36.0,,
558031.0,POST,1,18.0,,
558032.0,22423,1,12.75,,
558033.0,85123A,2,5.1,,
558034.0,85123A,6,15.3,,
558035.0,22423,6,76.5,,
558036.0,85123A,2,5.1,,
558037.0,POST,6,108.0,,
558038.0,POST,1,18.0,,
558039.0,22720,1,4.95,,
558040.0,22383,1,1.65,,
558041.0,84879,6,10.14,,
558042.0,47566,24,118.8,,
558043.0,85099B,1,1.95,,
558044.0,22383,2,3.3,,
558045.0,22423,1,12.75,,
558046.0,85099B,2,3.9,,
558047.0,85123A,6,15.3,,
558048.0,21212,2,1.1,,
558049.0,22086,2,5.9,,
558050.0,22423,2,25.5,,
558051.0,22383,1,1.65,,
558052.0,47566,1,4.95,,
558053.0,22086,1,2.95,,
558054.0,85123A,2,5.1,,
558055.0,84879,4,6.76,,
558056.0,POST,2,36.0,,
558057.0,POST,1,18.0,,
558058.0,POST,24,432.0,,
558059.0,84879,2,3.38,,
558060.0,22423,2,25.5,,
558061.0,22423,12,153.0,,
558062.0,85099B,1,1.95,,
558063.0,85099B,2,3.9,,
558064.0,22086,12,35.4,,
558065.0,POST,1,18.0,,
558066.0,84879,1,1.69,,
558067.0,84879,12,20.28,,
558068.0,22383,4,6.6,,
558069.0,47566,12,59.4,,
558070.0,POST,2,36.0,,
558071.0,22423,12,153.0,,
558072.0,85123A,6,15.3,,
558073.0,47566,4,19.8,,
558074.0,21212,1,0.55,,
558075.0,22720,2,9.9,,
558076.0,22383,4,6.6,,
558077.0,22720,1,4.95,,
558078.0,84879,6,10.14,,
558079.0,21212,1,0.55,,
558080.0,POST,6,108.0,,
558081.0,22383,2,3.3,,
558082.0,POST,6,108.0,,
558083.0,84879,4,6.76,,
558084.0,47566,1,4.95,,
558085.0,22383,1,1.65,,
558086.0,22383,1,1.65,,
558087.0,22423,1,12.75,,
558088.0,85099B,12,23.4,,
558089.0,22383,6,9.9,,
558090.0,21212,1,0.55,,
558091.0,21212,12,6.6,,
558092.0,47566,2,9.9,,
558093.0,21212,1,0.55,,
558094.0,47566,1,4.95,,
558095.0,21212,4,2.2,,
558096.0,84879,2,3.38,,
558097.0,POST,4,72.0,,
558098.0,22720,1,4.95,,
558099.0,22383,1,1.65,,
558100.0,22086,6,17.7,,
558101.0,POST,1,18.0,,
558102.0,22383,1,1.65,,
558103.0,22720,1,4.95,,
558104.0,22383,4,6.6,,
558105.0,22720,2,9.9,,
558106.0,22720,1,4.95,,
558107.0,22720,1,4.95,,
558108.0,22423,2,25.5,,
558109.0,84879,2,3.38,,
558110.0,84879,6,10.14,,
558111.0,22423,1,12.75,,
558112.0,22423,4,51.0,,
558113.0,22720,4,19.8,,
558114.0,85099B,1,1.95,,
558115.0,47566,2,9.9,,
558116.0,47566,1,4.95,,
558117.0,22720,24,118.8,,
558118.0,22086,2,5.9,,
558119.0,22720,1,4.95,,
558120.0,85099B,6,11.7,,
558121.0,22720,1,4.95,,
558122.0,22086,1,2.95,,
558123.0,22423,6,76.5,,
558124.0,85123A,1,2.55,,
558125.0,85099B,2,3.9,,
558126.0,85123A,24,61.2,,
558127.0,POST,4,72.0,,
558128.0,85123A,4,10.2,,
558129.0,22086,2,5.9,,
558130.0,POST,2,36.0,,
558131.0,21212,2,1.1,,
558132.0,21212,1,0.55,,
558133.0,85123A,4,10.2,,
558134.0,85099B,1,1.95,,
558135.0,85123A,6,15.3,,
558136.0,85123A,1,2.55,,
558137.0,85123A,6,15.3,,
558138.0,22423,1,12.75,,
558139.0,22383,4,6.6,,
558140.0,POST,12,216.0,,
121775.0,21212,1,0.0,,
558142.0,22423,2,25.5,,
121777.0,22086,1,0.0,,
558144.0,22423,2,25.5,,
558145.0,POST,2,36.0,,
558146.0,22383,1,1.65,,
558147.0,47566,6,29.7,,
558148.0,85099B,1,1.95,,
558149.0,22086,2,5.9,,
558150.0,85123A,1,2.55,,
558151.0,21212,1,0.55,,
558152.0,47566,1,4.95,,
558153.0,21212,2,1.1,,
558154.0,85123A,1,2.55,,
558155.0,22423,12,153.0,,
121790.0,22383,1,0.0,,
558157.0,84879,1,1.69,,
558158.0,POST,2,36.0,,
558159.0,85123A,12,30.6,,
558160.0,47566,12,59.4,,
558161.0,84879,1,1.69,,
558162.0,22720,2,9.9,,
558163.0,21212,12,6.6,,
558164.0,47566,2,9.9,,
558165.0,21212,2,1.1,,
558166.0,21212,1,0.55,,
558167.0,POST,2,36.0,,
558168.0,22423,2,25.5,,
558169.0,22720,1,4.95,,
558170.0,22383,1,1.65,,
558171.0,22423,1,12.75,,
558172.0,22423,12,153.0,,
558173.0,85099B,1,1.95,,
558174.0,22423,1,12.75,,
558175.0,22086,6,17.7,,
558176.0,85099B,6,11.7,,
558177.0,84879,1,1.69,,
558178.0,84879,6,10.14,,
558179.0,22383,1,1.65,,
558180.0,POST,2,36.0,,
558181.0,POST,2,36.0,,
558182.0,22383,1,1.65,,
558183.0,85123A,2,5.1,,
558184.0,22383,2,3.3,,
558185.0,22086,6,17.7,,
558186.0,22423,4,51.0,,
558187.0,47566,1,4.95,,
558188.0,85099B,6,11.7,,
558189.0,22720,4,19.8,,
558190.0,POST,4,72.0,,
558191.0,22383,2,3.3,,
558192.0,22720,1,4.95,,
558193.0,22720,1,4.95,,
558194.0,47566,1,4.95,,
558195.0,21212,4,2.2,,
558196.0,84879,1,1.69,,
121831.0,84879,1,0.0,,
558198.0,85123A,1,2.55,,
558199.0,22423,2,25.5,,
558200.0,POST,4,72.0,,
558201.0,22423,2,25.5,,
558202.0,22720,1,4.95,,
558203.0,85099B,1,1.95,,
558204.0,22086,1,2.95,,
558205.0,85123A,6,15.3,,
558206.0,84879,1,1.69,,
558207.0,85099B,12,23.4,,
558208.0,84879,2,3.38,,
558209.0,21212,24,13.2,,
558210.0,POST,2,36.0,,
558211.0,22383,2,3.3,,
558212.0,85099B,2,3.9,,
558213.0,22423,1,12.75,,
558214.0,22423,6,76.5,,
558215.0,84879,1,1.69,,
558216.0,22383,6,9.9,,
558217.0,84879,1,1.69,,
558218.0,22423,12,153.0,,
558219.0,22423,2,25.5,,
558220.0,POST,1,18.0,,
558221.0,47566,1,4.95,,
558222.0,22383,2,3.3,,
558223.0,47566,1,4.95,,
558224.0,POST,2,36.0,,
558225.0,POST,2,36.0,,
558226.0,85123A,6,15.3,,
558227.0,85099B,1,1.95,,
558228.0,85123A,4,10.2,,
558229.0,22720,4,19.8,,
558230.0,22423,12,153.0,,
558231.0,85099B,24,46.8,,
558232.0,22086,4,11.8,,
558233.0,22086,1,2.95,,
558234.0,47566,1,4.95,,
558235.0,84879,4,6.76,,
558236.0,22383,4,6.6,,
558237.0,85099B,2,3.9,,
558238.0,22383,1,1.65,,
121873.0,22086,1,0.0,,
558240.0,21212,1,0.55,,
558241.0,22720,1,4.95,,
558242.0,21212,6,3.3,,
558243.0,22720,1,4.95,,
558244.0,21212,1,0.55,,
558245.0,85099B,2,3.9,,
558246.0,22423,2,25.5,,
558247.0,85099B,6,11.7,,
558248.0,21212,2,1.1,,
558249.0,85123A,12,30.6,,
558250.0,22720,1,4.95,,
558251.0,21212,2,1.1,,
558252.0,POST,12,216.0,,
558253.0,22720,1,4.95,,
558254.0,22086,2,5.9,,
558255.0,21212,1,0.55,,
558256.0,85099B,4,7.8,,
558257.0,84879,2,3.38,,
558258.0,POST,2,36.0,,
558259.0,84879,1,1.69,,
558260.0,POST,1,18.0,,
558261.0,85099B,2,3.9,,
558262.0,22423,2,25.5,,
558263.0,22383,6,9.9,,
558264.0,21212,2,1.1,,
558265.0,21212,1,0.55,,
558266.0,85099B,1,1.95,,
558267.0,22086,2,5.9,,
558268.0,22720,2,9.9,,
558269.0,47566,2,9.9,,
558270.0,22720,1,4.95,,
121905.0,85123A,1,0.0,,
558272.0,21212,4,2.2,,
558273.0,22086,4,11.8,,
558274.0,84879,1,1.69,,
558275.0,22086,1,2.95,,
558276.0,85123A,4,10.2,,
558277.0,22423,2,25.5,,
558278.0,22423,2,25.5,,
558279.0,POST,4,72.0,,
558280.0,22423,4,51.0,,
558281.0,47566,4,19.8,,
558282.0,22423,2,25.5,,
558283.0,84879,2,3.38,,
558284.0,21212,2,1.1,,
558285.0,84879,1,1.69,,
558286.0,84879,2,3.38,,
558287.0,47566,2,9.9,,
558288.0,22086,1,2.95,,
558289.0,22086,1,2.95,,
558290.0,84879,1,1.69,,
558291.0,22086,1,2.95,,
121926.0,21212,1,0.0,,
558293.0,85123A,6,15.3,,
558294.0,85123A,2,5.1,,
558295.0,POST,1,18.0,,
558296.0,22383,1,1.65,,
558297.0,22086,1,2.95,,
558298.0,POST,1,18.0,,
121933.0,84879,1,0.0,,
558300.0,22086,4,11.8,,
558301.0,85123A,6,15.3,,
558302.0,22423,1,12.75,,
558303.0,22720,1,4.95,,
558304.0,84879,6,10.14,,
558305.0,85099B,6,11.7,,
558306.0,85099B,1,1.95,,
558307.0,21212,2,1.1,,
558308.0,22383,1,1.65,,
558309.0,22720,1,4.95,,
558310.0,84879,12,20.28,,
558311.0,POST,1,18.0,,
558312.0,POST,4,72.0,,
558313.0,22086,2,5.9,,
558314.0,22720,1,4.95,,
558315.0,22383,1,1.65,,
558316.0,47566,4,19.8,,
558317.0,47566,24,118.8,,
558318.0,22086,1,2.95,,
558319.0,85099B,2,3.9,,
558320.0,22720,2,9.9,,
558321.0,22720,2,9.9,,
558322.0,85099B,1,1.95,,
558323.0,85123A,1,2.55,,
121958.0,85123A,1,0.0,,
558325.0,POST,1,18.0,,
558326.0,47566,1,4.95,,
558327.0,21212,4,2.2,,
558328.0,47566,1,4.95,,
558329.0,47566,12,59.4,,
558330.0,22720,12,59.4,,
121965.0,22720,1,0.0,,
558332.0,22423,2,25.5,,
558333.0,22383,2,3.3,,
558334.0,85099B,1,1.95,,
558335.0,85099B,1,1.95,,
558336.0,22086,1,2.95,,
558337.0,22423,1,12.75,,
558338.0,22720,1,4.95,,
558339.0,22383,1,1.65,,
558340.0,85099B,6,11.7,,
558341.0,85099B,1,1.95,,
558342.0,22423,1,12.75,,
558343.0,22720,1,4.95,,
558344.0,22423,2,25.5,,
558345.0,47566,6,29.7,,
558346.0,22423,1,12.75,,
558347.0,22423,2,25.5,,
558348.0,85123A,1,2.55,,
558349.0,85099B,6,11.7,,
558350.0,22086,6,17.7,,
558351.0,22086,6,17.7,,
558352.0,84879,12,20.28,,
558353.0,21212,12,6.6,,
558354.0,22086,2,5.9,,
558355.0,POST,2,36.0,,
558356.0,85123A,1,2.55,,
558357.0,22383,1,1.65,,
558358.0,22086,1,2.95,,
558359.0,22383,4,6.6,,
558360.0,POST,1,18.0,,
558361.0,POST,4,72.0,,
558362.0,85099B,12,23.4,,
558363.0,85099B,6,11.7,,
558364.0,POST,1,18.0,,
558365.0,21212,2,1.1,,
558366.0,85099B,1,1.95,,
558367.0,85099B,2,3.9,,
558368.0,85099B,4,7.8,,
558369.0,22086,2,5.9,,
122004.0,22720,1,0.0,,
558371.0,47566,6,29.7,,
558372.0,22423,6,76.5,,
558373.0,22423,1,12.75,,
558374.0,85123A,1,2.55,,
558375.0,85123A,1,2.55,,
558376.0,22423,6,76.5,,
558377.0,85123A,1,2.55,,
558378.0,22720,2,9.9,,
558379.0,22086,4,11.8,,
558380.0,85099B,1,1.95,,
558381.0,21212,12,6.6,,
558382.0,22423,6,76.5,,
558383.0,POST,2,36.0,,
558384.0,84879,1,1.69,,
558385.0,85099B,12,23.4,,
558386.0,84879,12,20.28,,
558387.0,85099B,2,3.9,,
558388.0,22423,1,12.75,,
558389.0,22423,2,25.5,,
558390.0,21212,1,0.55,,
558391.0,22383,1,1.65,,
558392.0,85099B,2,3.9,,
558393.0,84879,1,1.69,,
558394.0,47566,1,4.95,,
558395.0,22423,1,12.75,,
558396.0,22086,1,2.95,,
558397.0,85099B,1,1.95,,
558398.0,85099B,1,1.95,,
558399.0,84879,12,20.28,,
558400.0,22086,4,11.8,,
558401.0,21212,2,1.1,,
558402.0,22423,6,76.5,,
558403.0,22383,6,9.9,,
558404.0,22720,2,9.9,,
558405.0,84879,6,10.14,,
558406.0,84879,2,3.38,,
558407.0,22423,1,12.75,,
558408.0,47566,1,4.95,,
558409.0,47566,6,29.7,,
558410.0,22720,12,59.4,,
558411.0,POST,12,216.0,,
558412.0,22720,1,4.95,,
558413.0,22720,4,19.8,,
558414.0,22383,1,1.65,,
558415.0,22086,12,35.4,,
558416.0,84879,2,3.38,,
558417.0,47566,1,4.95,,
558418.0,22383,1,1.65,,
558419.0,POST,1,18.0,,
558420.0,84879,1,1.69,,
558421.0,22720,1,4.95,,
558422.0,21212,6,3.3,,
558423.0,21212,2,1.1,,
558424.0,22423,2,25.5,,
558425.0,22383,4,6.6,,
558426.0,22383,1,1.65,,
558427.0,47566,12,59.4,,
558428.0,47566,4,19.8,,
558429.0,21212,12,6.6,,
558430.0,22383,2,3.3,,
558431.0,47566,1,4.95,,
558432.0,47566,1,4.95,,
558433.0,22720,1,4.95,,
558434.0,85099B,2,3.9,,
558435.0,22086,1,2.95,,
558436.0,47566,24,118.8,,
558437.0,85123A,4,10.2,,
558438.0,85099B,2,3.9,,
558439.0,22383,1,1.65,,
558440.0,85099B,1,1.95,,
558441.0,84879,6,10.14,,
558442.0,22383,2,3.3,,
558443.0,85099B,6,11.7,,
558444.0,POST,1,18.0,,
558445.0,21212,6,3.3,,
558446.0,84879,2,3.38,,
558447.0,84879,1,1.69,,
558448.0,84879,24,40.56,,
558449.0,22720,6,29.7,,
558450.0,85123A,1,2.55,,
558451.0,POST,1,18.0,,
558452.0,21212,1,0.55,,
558453.0,85099B,1,1.95,,
558454.0,22423,4,51.0,,
558455.0,21212,2,1.1,,
558456.0,21212,6,3.3,,
558457.0,22086,6,17.7,,
558458.0,47566,4,19.8,,
558459.0,21212,12,6.6,,
558460.0,POST,1,18.0,,
558461.0,21212,1,0.55,,
558462.0,22383,2,3.3,,
558463.0,47566,2,9.9,,
558464.0,85099B,24,46.8,,
558465.0,22383,2,3.3,,
558466.0,22383,4,6.6,,
558467.0,22720,2,9.9,,
558468.0,85099B,6,11.7,,
122103.0,47566,1,0.0,,
558470.0,22383,2,3.3,,
558471.0,22383,2,3.3,,
558472.0,22720,2,9.9,,
558473.0,22720,1,4.95,,
558474.0,84879,1,1.69,,
558475.0,85099B,1,1.95,,
558476.0,22383,4,6.6,,
558477.0,22423,2,25.5,,
558478.0,84879,2,3.38,,
558479.0,85099B,1,1.95,,
558480.0,22423,24,306.0,,
558481.0,22423,2,25.5,,
558482.0,22720,1,4.95,,
558483.0,22383,2,3.3,,
558484.0,21212,1,0.55,,
558485.0,85099B,1,1.95,,
558486.0,85099B,2,3.9,,
558487.0,47566,1,4.95,,
558488.0,84879,2,3.38,,
558489.0,85099B,1,1.95,,
558490.0,22720,1,4.95,,
558491.0,22720,12,59.4,,
558492.0,47566,12,59.4,,
558493.0,47566,1,4.95,,
558494.0,47566,1,4.95,,
558495.0,22086,6,17.7,,
558496.0,47566,2,9.9,,
558497.0,85123A,2,5.1,,
558498.0,22720,1,4.95,,
558499.0,22720,12,59.4,,
558500.0,POST,2,36.0,,
558501.0,84879,1,1.69,,
558502.0,84879,1,1.69,,
558503.0,85123A,2,5.1,,
558504.0,85099B,24,46.8,,
558505.0,85123A,6,15.3,,
558506.0,85123A,2,5.1,,
558507.0,22086,4,11.8,,
558508.0,85123A,24,61.2,,
558509.0,22383,1,1.65,,
558510.0,22383,1,1.65,,
558511.0,22086,2,5.9,,
558512.0,22086,2,5.9,,
558513.0,85123A,4,10.2,,
558514.0,21212,6,3.3,,
558515.0,84879,4,6.76,,
558516.0,22423,6,76.5,,
558517.0,47566,12,59.4,,
558518.0,22383,1,1.65,,
558519.0,84879,1,1.69,,
558520.0,22383,2,3.3,,
558521.0,84879,4,6.76,,
558522.0,85123A,4,10.2,,
558523.0,22720,2,9.9,,
122158.0,22720,1,0.0,,
558525.0,22423,1,12.75,,
558526.0,47566,1,4.95,,
122161.0,POST,1,0.0,,
558528.0,85099B,24,46.8,,
558529.0,22720,12,59.4,,
558530.0,21212,6,3.3,,
558531.0,22383,4,6.6,,
558532.0,22423,12,153.0,,
558533.0,84879,2,3.38,,
558534.0,84879,1,1.69,,
558535.0,22423,1,12.75,,
558536.0,22383,12,19.8,,
558537.0,84879,1,1.69,,
558538.0,22423,1,12.75,,
558539.0,22423,24,306.0,,
558540.0,85099B,6,11.7,,
558541.0,47566,2,9.9,,
558542.0,22383,4,6.6,,
558543.0,22086,6,17.7,,
558544.0,22086,1,2.95,,
558545.0,22383,12,19.8,,
558546.0,47566,2,9.9,,
558547.0,POST,4,72.0,,
558548.0,84879,12,20.28,,
558549.0,22086,4,11.8,,
558550.0,22086,12,35.4,,
122185.0,21212,1,0.0,,
558552.0,85123A,1,2.55,,
558553.0,22086,1,2.95,,
558554.0,21212,1,0.55,,
558555.0,85099B,4,7.8,,
558556.0,22383,6,9.9,,
558557.0,85099B,2,3.9,,
558558.0,22720,2,9.9,,
558559.0,22720,2,9.9,,
558560.0,85123A,1,2.55,,
558561.0,85099B,4,7.8,,
558562.0,POST,4,72.0,,
558563.0,84879,6,10.14,,
558564.0,85123A,1,2.55,,
558565.0,47566,6,29.7,,
558566.0,85099B,4,7.8,,
558567.0,22383,4,6.6,,
558568.0,22086,1,2.95,,
122203.0,22383,1,0.0,,
558570.0,21212,1,0.55,,
558571.0,85099B,6,11.7,,
558572.0,22423,1,12.75,,
558573.0,84879,4,6.76,,
558574.0,22720,2,9.9,,
558575.0,22720,2,9.9,,
558576.0,47566,4,19.8,,
558577.0,22423,2,25.5,,
558578.0,22086,1,2.95,,
558579.0,85099B,2,3.9,,
558580.0,47566,2,9.9,,
558581.0,22423,1,12.75,,
558582.0,POST,1,18.0,,
558583.0,85123A,1,2.55,,
558584.0,47566,2,9.9,,
558585.0,22423,4,51.0,,
558586.0,POST,4,72.0,,
558587.0,POST,6,108.0,,
558588.0,47566,4,19.8,,
558589.0,84879,1,1.69,,
558590.0,47566,1,4.95,,
558591.0,22423,12,153.0,,
558592.0,85099B,1,1.95,,
558593.0,22086,2,5.9,,
558594.0,84879,2,3.38,,
558595.0,21212,2,1.1,,
558596.0,22423,1,12.75,,
558597.0,22720,1,4.95,,
558598.0,22423,1,12.75,,
558599.0,22720,2,9.9,,
558600.0,22383,1,1.65,,
558601.0,22086,6,17.7,,
558602.0,22383,1,1.65,,
558603.0,POST,2,36.0,,
558604.0,85099B,1,1.95,,
558605.0,22086,2,5.9,,
558606.0,21212,2,1.1,,
558607.0,85099B,4,7.8,,
558608.0,85123A,1,2.55,,
558609.0,21212,2,1.1,,
558610.0,84879,1,1.69,,
122245.0,22423,1,0.0,,
558612.0,85099B,2,3.9,,
558613.0,85099B,1,1.95,,
558614.0,POST,2,36.0,,
558615.0,84879,6,10.14,,
558616.0,POST,2,36.0,,
558617.0,22086,2,5.9,,
558618.0,22086,2,5.9,,
558619.0,47566,24,118.8,,
558620.0,22383,4,6.6,,
558621.0,84879,4,6.76,,
558622.0,21212,2,1.1,,
558623.0,22086,1,2.95,,
558624.0,21212,1,0.55,,
558625.0,22720,1,4.95,,
558626.0,POST,4,72.0,,
558627.0,22423,6,76.5,,
558628.0,22383,1,1.65,,
558629.0,22720,2,9.9,,
558630.0,22720,1,4.95,,
558631.0,47566,12,59.4,,
558632.0,22383,4,6.6,,
558633.0,POST,4,72.0,,
558634.0,POST,2,36.0,,
558635.0,85099B,12,23.4,,
558636.0,22423,2,25.5,,
558637.0,22086,4,11.8,,
558638.0,22383,12,19.8,,
558639.0,85123A,1,2.55,,
558640.0,21212,1,0.55,,
558641.0,22383,2,3.3,,
558642.0,POST,1,18.0,,
558643.0,POST,1,18.0,,
558644.0,85123A,4,10.2,,
558645.0,22423,12,153.0,,
122280.0,21212,1,0.0,,
558647.0,POST,2,36.0,,
558648.0,22720,12,59.4,,
558649.0,22383,2,3.3,,
558650.0,85123A,4,10.2,,
558651.0,47566,4,19.8,,
558652.0,47566,2,9.9,,
558653.0,22423,1,12.75,,
558654.0,22086,6,17.7,,
558655.0,85099B,6,11.7,,
558656.0,22086,6,17.7,,
558657.0,84879,1,1.69,,
558658.0,22086,1,2.95,,
558659.0,22423,6,76.5,,
558660.0,85123A,24,61.2,,
558661.0,84879,1,1.69,,
558662.0,84879,1,1.69,,
558663.0,POST,1,18.0,,
558664.0,22720,6,29.7,,
558665.0,22383,1,1.65,,
558666.0,22423,1,12.75,,
558667.0,22383,2,3.3,,
558668.0,84879,4,6.76,,
558669.0,47566,2,9.9,,
558670.0,22383,1,1.65,,
558671.0,22720,1,4.95,,
558672.0,84879,1,1.69,,
558673.0,POST,6,108.0,,
558674.0,22383,1,1.65,,
558675.0,85123A,6,15.3,,
558676.0,22423,6,76.5,,
558677.0,21212,1,0.55,,
558678.0,22086,4,11.8,,
558679.0,21212,2,1.1,,
558680.0,85099B,2,3.9,,
558681.0,47566,1,4.95,,
558682.0,POST,4,72.0,,
558683.0,22383,6,9.9,,
558684.0,84879,6,10.14,,
558685.0,22383,12,19.8,,
558686.0,22720,1,4.95,,
558687.0,22383,1,1.65,,
558688.0,22423,2,25.5,,
558689.0,22423,2,25.5,,
558690.0,21212,1,0.55,,
558691.0,22383,2,3.3,,
558692.0,21212,2,1.1,,
558693.0,22720,6,29.7,,
558694.0,22086,2,5.9,,
558695.0,85099B,2,3.9,,
558696.0,84879,2,3.38,,
558697.0,21212,1,0.55,,
558698.0,22383,24,39.6,,
558699.0,84879,1,1.69,,
558700.0,85099B,2,3.9,,
558701.0,22720,4,19.8,,
558702.0,85099B,6,11.7,,
558703.0,84879,2,3.38,,
558704.0,22383,4,6.6,,
558705.0,85123A,4,10.2,,
558706.0,84879,2,3.38,,
558707.0,22086,6,17.7,,
558708.0,85123A,2,5.1,,
558709.0,47566,2,9.9,,
558710.0,84879,2,3.38,,
558711.0,47566,2,9.9,,
558712.0,85099B,6,11.7,,
558713.0,22720,2,9.9,,
558714.0,85123A,4,10.2,,
558715.0,85099B,6,11.7,,
558716.0,22086,1,2.95,,
558717.0,22086,2,5.9,,
122352.0,47566,1,0.0,,
558719.0,85099B,1,1.95,,
558720.0,21212,1,0.55,,
558721.0,22383,2,3.3,,
558722.0,21212,1,0.55,,
558723.0,85099B,4,7.8,,
558724.0,85123A,4,10.2,,
558725.0,22423,2,25.5,,
558726.0,85099B,2,3.9,,
558727.0,22086,1,2.95,,
558728.0,22086,6,17.7,,
558729.0,85099B,1,1.95,,
558730.0,85123A,24,61.2,,
558731.0,22383,2,3.3,,
558732.0,POST,12,216.0,,
558733.0,47566,6,29.7,,
558734.0,84879,2,3.38,,
558735.0,22423,1,12.75,,
558736.0,21212,1,0.55,,
558737.0,47566,2,9.9,,
558738.0,47566,4,19.8,,
558739.0,84879,2,3.38,,
558740.0,POST,1,18.0,,
558741.0,47566,4,19.8,,
558742.0,22720,2,9.9,,
558743.0,85123A,4,10.2,,
558744.0,POST,2,36.0,,
558745.0,84879,1,1.69,,
558746.0,84879,1,1.69,,
558747.0,22086,12,35.4,,
558748.0,22720,6,29.7,,
558749.0,POST,1,18.0,,
558750.0,85123A,2,5.1,,
558751.0,21212,1,0.55,,
558752.0,85123A,6,15.3,,
558753.0,22086,1,2.95,,
558754.0,85099B,2,3.9,,
558755.0,47566,1,4.95,,
558756.0,85099B,1,1.95,,
558757.0,84879,1,1.69,,
558758.0,47566,4,19.8,,
558759.0,POST,4,72.0,,
558760.0,22423,6,76.5,,
558761.0,22383,1,1.65,,
558762.0,22383,1,1.65,,
558763.0,21212,1,0.55,,
558764.0,21212,1,0.55,,
558765.0,22086,2,5.9,,
558766.0,22720,1,4.95,,
558767.0,21212,6,3.3,,
558768.0,85099B,1,1.95,,
558769.0,47566,2,9.9,,
558770.0,84879,2,3.38,,
558771.0,84879,12,20.28,,
558772.0,22720,24,118.8,,
558773.0,22086,1,2.95,,
558774.0,85099B,2,3.9,,
558775.0,47566,2,9.9,,
558776.0,POST,12,216.0,,
558777.0,47566,1,4.95,,
558778.0,85099B,2,3.9,,
558779.0,21212,1,0.55,,
558780.0,84879,2,3.38,,
558781.0,22086,2,5.9,,
558782.0,85123A,12,30.6,,
558783.0,84879,1,1.69,,
558784.0,22383,2,3.3,,
558785.0,21212,4,2.2,,
558786.0,22720,1,4.95,,
558787.0,84879,2,3.38,,
558788.0,47566,1,4.95,,
558789.0,22383,4,6.6,,
558790.0,POST,2,36.0,,
558791.0,85123A,12,30.6,,
558792.0,47566,2,9.9,,
558793.0,22720,4,19.8,,
558794.0,POST,1,18.0,,
558795.0,22383,2,3.3,,
558796.0,47566,12,59.4,,
558797.0,22383,12,19.8,,
558798.0,85099B,1,1.95,,
558799.0,22383,4,6.6,,
558800.0,POST,4,72.0,,
558801.0,85099B,4,7.8,,
558802.0,22086,2,5.9,,
558803.0,22720,1,4.95,,
558804.0,22720,4,19.8,,
558805.0,85099B,12,23.4,,
558806.0,21212,4,2.2,,
558807.0,47566,1,4.95,,
558808.0,22086,2,5.9,,
558809.0,47566,1,4.95,,
558810.0,21212,4,2.2,,
558811.0,22086,1,2.95,,
558812.0,POST,12,216.0,,
558813.0,22423,4,51.0,,
558814.0,22086,1,2.95,,
558815.0,85123A,4,10.2,,
558816.0,84879,2,3.38,,
558817.0,21212,2,1.1,,
558818.0,22086,2,5.9,,
558819.0,22720,1,4.95,,
558820.0,47566,1,4.95,,
558821.0,85099B,24,46.8,,
558822.0,85099B,6,11.7,,
558823.0,47566,2,9.9,,
558824.0,84879,1,1.69,,
558825.0,85099B,6,11.7,,
558826.0,POST,1,18.0,,
558827.0,22086,6,17.7,,
558828.0,22383,1,1.65,,
558829.0,22423,1,12.75,,
558830.0,22423,12,153.0,,
558831.0,84879,4,6.76,,
558832.0,22720,1,4.95,,
558833.0,85099B,2,3.9,,
558834.0,85123A,6,15.3,,
558835.0,21212,24,13.2,,
558836.0,21212,2,1.1,,
558837.0,22720,2,9.9,,
122472.0,21212,1,0.0,,
558839.0,22086,1,2.95,,
558840.0,22423,12,153.0,,
558841.0,85123A,1,2.55,,
558842.0,47566,6,29.7,,
558843.0,22383,2,3.3,,
558844.0,47566,1,4.95,,
558845.0,22086,6,17.7,,
558846.0,22423,2,25.5,,
558847.0,85123A,1,2.55,,
558848.0,85099B,6,11.7,,
558849.0,85123A,2,5.1,,
558850.0,22720,1,4.95,,
558851.0,22086,1,2.95,,
558852.0,22086,2,5.9,,
558853.0,22086,6,17.7,,
558854.0,22086,1,2.95,,
558855.0,85123A,6,15.3,,
558856.0,22086,2,5.9,,
558857.0,22383,2,3.3,,
558858.0,22423,2,25.5,,
558859.0,22086,12,35.4,,
558860.0,22086,12,35.4,,
558861.0,21212,4,2.2,,
558862.0,85099B,1,1.95,,
558863.0,22086,1,2.95,,
558864.0,85123A,24,61.2,,
558865.0,85099B,1,1.95,,
122500.0,85123A,1,0.0,,
558867.0,84879,1,1.69,,
122502.0,22383,1,0.0,,
558869.0,85099B,2,3.9,,
558870.0,84879,4,6.76,,
558871.0,22383,1,1.65,,
558872.0,84879,1,1.69,,
558873.0,21212,12,6.6,,
558874.0,22423,4,51.0,,
558875.0,85099B,12,23.4,,
558876.0,22720,6,29.7,,
558877.0,22383,2,3.3,,
558878.0,85123A,1,2.55,,
558879.0,POST,1,18.0,,
558880.0,21212,6,3.3,,
558881.0,POST,2,36.0,,
558882.0,21212,1,0.55,,
558883.0,85099B,2,3.9,,
558884.0,84879,4,6.76,,
558885.0,22423,6,76.5,,
558886.0,22423,1,12.75,,
558887.0,85123A,1,2.55,,
558888.0,22086,1,2.95,,
558889.0,85099B,4,7.8,,
122524.0,85123A,1,0.0,,
558891.0,22086,1,2.95,,
558892.0,22383,1,1.65,,
558893.0,22086,1,2.95,,
558894.0,85123A,1,2.55,,
558895.0,47566,1,4.95,,
122530.0,84879,1,0.0,,
558897.0,47566,1,4.95,,
558898.0,22720,1,4.95,,
558899.0,22383,12,19.8,,
558900.0,47566,2,9.9,,
558901.0,22383,6,9.9,,
558902.0,22383,6,9.9,,
558903.0,84879,1,1.69,,
558904.0,22423,1,12.75,,
558905.0,85099B,24,46.8,,
558906.0,21212,1,0.55,,
558907.0,85099B,1,1.95,,
558908.0,22720,2,9.9,,
558909.0,84879,2,3.38,,
558910.0,84879,1,1.69,,
558911.0,22423,2,25.5,,
558912.0,22383,6,9.9,,
558913.0,85123A,1,2.55,,
558914.0,85123A,6,15.3,,
558915.0,21212,2,1.1,,
558916.0,85099B,4,7.8,,
558917.0,85123A,2,5.1,,
558918.0,22086,1,2.95,,
122553.0,22086,1,0.0,,
558920.0,POST,1,18.0,,
558921.0,85099B,2,3.9,,
558922.0,47566,1,4.95,,
558923.0,POST,2,36.0,,
558924.0,85123A,1,2.55,,
558925.0,85123A,1,2.55,,
558926.0,POST,1,18.0,,
558927.0,POST,24,432.0,,
558928.0,47566,2,9.9,,
558929.0,POST,1,18.0,,
558930.0,22383,12,19.8,,
558931.0,85123A,4,10.2,,
558932.0,85099B,2,3.9,,
558933.0,POST,2,36.0,,
558934.0,22423,6,76.5,,
558935.0,47566,4,19.8,,
558936.0,22423,6,76.5,,
558937.0,22720,4,19.8,,
558938.0,84879,6,10.14,,
558939.0,22720,2,9.9,,
558940.0,22720,4,19.8,,
558941.0,22383,1,1.65,,
558942.0,22086,4,11.8,,
558943.0,22423,4,51.0,,
558944.0,POST,2,36.0,,
558945.0,47566,2,9.9,,
558946.0,22720,1,4.95,,
558947.0,POST,2,36.0,,
558948.0,85123A,2,5.1,,
558949.0,85123A,6,15.3,,
558950.0,22086,1,2.95,,
558951.0,85123A,6,15.3,,
558952.0,22086,2,5.9,,
558953.0,85099B,2,3.9,,
558954.0,22383,6,9.9,,
558955.0,22423,4,51.0,,
558956.0,22086,2,5.9,,
558957.0,22720,1,4.95,,
558958.0,84879,6,10.14,,
558959.0,22423,1,12.75,,
558960.0,47566,1,4.95,,
558961.0,22423,12,153.0,,
558962.0,84879,2,3.38,,
558963.0,85123A,2,5.1,,
558964.0,POST,4,72.0,,
558965.0,21212,1,0.55,,
558966.0,22086,1,2.95,,
558967.0,47566,6,29.7,,
558968.0,POST,2,36.0,,
558969.0,22086,6,17.7,,
558970.0,85099B,4,7.8,,
558971.0,POST,1,18.0,,
558972.0,85123A,1,2.55,,
558973.0,85123A,4,10.2,,
558974.0,84879,2,3.38,,
558975.0,85123A,12,30.6,,
558976.0,POST,2,36.0,,
558977.0,85099B,2,3.9,,
558978.0,47566,1,4.95,,
558979.0,22423,2,25.5,,
558980.0,22383,6,9.9,,
558981.0,47566,2,9.9,,
558982.0,22423,1,12.75,,
558983.0,21212,2,1.1,,
558984.0,POST,2,36.0,,
558985.0,22720,2,9.9,,
558986.0,22383,2,3.3,,
558987.0,POST,2,36.0,,
558988.0,22086,1,2.95,,
558989.0,47566,12,59.4,,
558990.0,84879,1,1.69,,
558991.0,47566,2,9.9,,
558992.0,85099B,2,3.9,,
558993.0,22086,4,11.8,,
558994.0,21212,6,3.3,,
558995.0,47566,6,29.7,,
558996.0,85123A,2,5.1,,
558997.0,85099B,6,11.7,,
558998.0,22720,4,19.8,,
558999.0,84879,1,1.69,,
559000.0,47566,1,4.95,,
559001.0,85123A,1,2.55,,
559002.0,POST,6,108.0,,
559003.0,POST,2,36.0,,
559004.0,22423,1,12.75,,
559005.0,22086,6,17.7,,
559006.0,22086,4,11.8,,
559007.0,22383,1,1.65,,
559008.0,47566,6,29.7,,
559009.0,22423,2,25.5,,
559010.0,POST,1,18.0,,
559011.0,85099B,24,46.8,,
559012.0,21212,2,1.1,,
559013.0,21212,4,2.2,,
559014.0,21212,12,6.6,,
559015.0,21212,2,1.1,,
559016.0,21212,1,0.55,,
559017.0,21212,6,3.3,,
559018.0,22383,1,1.65,,
559019.0,85099B,1,1.95,,
559020.0,84879,12,20.28,,
559021.0,21212,2,1.1,,
559022.0,21212,1,0.55,,
559023.0,85099B,4,7.8,,
559024.0,POST,1,18.0,,
559025.0,POST,2,36.0,,
559026.0,21212,4,2.2,,
559027.0,21212,1,0.55,,
559028.0,22086,1,2.95,,
559029.0,21212,12,6.6,,
559030.0,84879,2,3.38,,
559031.0,22086,6,17.7,,
559032.0,84879,1,1.69,,
559033.0,POST,1,18.0,,
559034.0,47566,6,29.7,,
559035.0,85123A,12,30.6,,
559036.0,85099B,2,3.9,,
559037.0,22720,2,9.9,,
559038.0,22086,1,2.95,,
559039.0,21212,24,13.2,,
559040.0,47566,2,9.9,,
559041.0,22423,2,25.5,,
559042.0,85099B,6,11.7,,
559043.0,21212,1,0.55,,
559044.0,22086,6,17.7,,
559045.0,85099B,1,1.95,,
559046.0,84879,1,1.69,,
559047.0,21212,24,13.2,,
559048.0,85099B,1,1.95,,
559049.0,22383,1,1.65,,
559050.0,22720,2,9.9,,
559051.0,84879,1,1.69,,
559052.0,22383,4,6.6,,
559053.0,22720,1,4.95,,
559054.0,22383,2,3.3,,
559055.0,84879,2,3.38,,
559056.0,22086,1,2.95,,
559057.0,22383,1,1.65,,
559058.0,22383,6,9.9,,
559059.0,22086,1,2.95,,
559060.0,47566,2,9.9,,
559061.0,84879,1,1.69,,
559062.0,22383,6,9.9,,
559063.0,47566,2,9.9,,
559064.0,85099B,2,3.9,,
559065.0,21212,1,0.55,,
559066.0,21212,6,3.3,,
559067.0,22086,1,2.95,,
559068.0,22086,1,2.95,,
559069.0,POST,2,36.0,,
559070.0,22383,1,1.65,,
559071.0,47566,1,4.95,,
559072.0,85099B,1,1.95,,
559073.0,21212,6,3.3,,
559074.0,85123A,4,10.2,,
559075.0,21212,1,0.55,,
559076.0,22423,2,25.5,,
559077.0,22423,1,12.75,,
559078.0,21212,1,0.55,,
559079.0,84879,6,10.14,,
559080.0,85099B,1,1.95,,
559081.0,22383,1,1.65,,
559082.0,22086,2,5.9,,
559083.0,84879,2,3.38,,
559084.0,22720,6,29.7,,
559085.0,21212,6,3.3,,
559086.0,22720,1,4.95,,
559087.0,POST,2,36.0,,
559088.0,22423,1,12.75,,
559089.0,22086,4,11.8,,
559090.0,22423,4,51.0,,
559091.0,22423,6,76.5,,
559092.0,22086,2,5.9,,
559093.0,84879,4,6.76,,
122728.0,22423,1,0.0,,
559095.0,22383,6,9.9,,
559096.0,22086,2,5.9,,
559097.0,85123A,12,30.6,,
559098.0,85123A,1,2.55,,
559099.0,84879,4,6.76,,
559100.0,85099B,1,1.95,,
559101.0,22383,1,1.65,,
559102.0,22383,6,9.9,,
559103.0,21212,1,0.55,,
559104.0,POST,2,36.0,,
559105.0,22423,12,153.0,,
559106.0,85099B,24,46.8,,
559107.0,85123A,1,2.55,,
559108.0,84879,1,1.69,,
559109.0,85123A,6,15.3,,
559110.0,85123A,4,10.2,,
559111.0,22086,6,17.7,,
559112.0,84879,6,10.14,,
559113.0,84879,2,3.38,,
559114.0,22383,1,1.65,,
559115.0,84879,1,1.69,,
559116.0,85123A,2,5.1,,
559117.0,85123A,2,5.1,,
559118.0,22086,6,17.7,,
559119.0,22383,6,9.9,,
559120.0,47566,1,4.95,,
559121.0,85123A,6,15.3,,
559122.0,22086,2,5.9,,
559123.0,22383,2,3.3,,
559124.0,85099B,6,11.7,,
559125.0,84879,1,1.69,,
559126.0,85099B,24,46.8,,
559127.0,85099B,1,1.95,,
559128.0,85099B,12,23.4,,
559129.0,47566,6,29.7,,
559130.0,85123A,1,2.55,,
559131.0,22720,2,9.9,,
559132.0,22423,2,25.5,,
559133.0,22720,2,9.9,,
559134.0,84879,1,1.69,,
559135.0,22423,2,25.5,,
559136.0,22423,1,12.75,,
559137.0,POST,1,18.0,,
559138.0,84879,4,6.76,,
559139.0,84879,2,3.38,,
559140.0,22720,4,19.8,,
559141.0,POST,1,18.0,,
559142.0,47566,12,59.4,,
559143.0,POST,2,36.0,,
559144.0,POST,1,18.0,,
559145.0,21212,1,0.55,,
559146.0,85123A,6,15.3,,
559147.0,22423,2,25.5,,
559148.0,22720,1,4.95,,
559149.0,22086,6,17.7,,
559150.0,85099B,2,3.9,,
559151.0,85099B,1,1.95,,
559152.0,22383,2,3.3,,
559153.0,84879,2,3.38,,
559154.0,21212,2,1.1,,
559155.0,85099B,24,46.8,,
122790.0,22720,1,0.0,,
559157.0,22383,2,3.3,,
559158.0,21212,2,1.1,,
559159.0,47566,1,4.95,,
122794.0,47566,1,0.0,,
559161.0,22423,1,12.75,,
559162.0,47566,4,19.8,,
559163.0,84879,1,1.69,,
559164.0,21212,12,6.6,,
559165.0,47566,6,29.7,,
559166.0,22086,1,2.95,,
559167.0,47566,2,9.9,,
559168.0,22383,1,1.65,,
559169.0,POST,1,18.0,,
559170.0,22086,1,2.95,,
559171.0,85099B,4,7.8,,
559172.0,22086,6,17.7,,
559173.0,85123A,2,5.1,,
559174.0,POST,2,36.0,,
559175.0,21212,2,1.1,,
559176.0,22423,1,12.75,,
559177.0,21212,2,1.1,,
559178.0,85123A,4,10.2,,
559179.0,85123A,1,2.55,,
559180.0,22383,12,19.8,,
559181.0,22720,4,19.8,,
559182.0,84879,6,10.14,,
559183.0,85123A,2,5.1,,
559184.0,22086,1,2.95,,
559185.0,21212,1,0.55,,
559186.0,22720,1,4.95,,
559187.0,21212,6,3.3,,
559188.0,21212,1,0.55,,
559189.0,85123A,6,15.3,,
559190.0,22383,1,1.65,,
559191.0,22423,4,51.0,,
559192.0,84879,1,1.69,,
559193.0,22383,12,19.8,,
559194.0,22423,2,25.5,,
559195.0,85099B,6,11.7,,
559196.0,85099B,1,1.95,,
559197.0,21212,2,1.1,,
559198.0,21212,4,2.2,,
559199.0,47566,6,29.7,,
559200.0,85123A,1,2.55,,
559201.0,84879,1,1.69,,
559202.0,21212,12,6.6,,
559203.0,21212,4,2.2,,
559204.0,85099B,24,46.8,,
559205.0,22383,6,9.9,,
559206.0,POST,6,108.0,,
559207.0,85099B,2,3.9,,
559208.0,22383,1,1.65,,
559209.0,22086,4,11.8,,
559210.0,85123A,24,61.2,,
559211.0,21212,1,0.55,,
559212.0,84879,4,6.76,,
559213.0,47566,1,4.95,,
559214.0,85099B,2,3.9,,
559215.0,22086,6,17.7,,
559216.0,POST,12,216.0,,
559217.0,POST,6,108.0,,
559218.0,21212,2,1.1,,
559219.0,22086,6,17.7,,
559220.0,22383,2,3.3,,
559221.0,85099B,1,1.95,,
559222.0,22423,1,12.75,,
559223.0,22423,1,12.75,,
559224.0,47566,4,19.8,,
559225.0,22720,1,4.95,,
559226.0,84879,24,40.56,,
559227.0,85123A,4,10.2,,
559228.0,21212,6,3.3,,
559229.0,22383,2,3.3,,
559230.0,85099B,6,11.7,,
559231.0,85123A,12,30.6,,
559232.0,85099B,6,11.7,,
559233.0,47566,4,19.8,,
559234.0,22086,12,35.4,,
122869.0,84879,1,0.0,,
559236.0,POST,1,18.0,,
559237.0,22720,2,9.9,,
559238.0,22423,1,12.75,,
559239.0,85099B,2,3.9,,
559240.0,22720,1,4.95,,
559241.0,22086,2,5.9,,
559242.0,85123A,1,2.55,,
559243.0,22086,1,2.95,,
559244.0,22383,2,3.3,,
559245.0,21212,1,0.55,,
559246.0,21212,4,2.2,,
559247.0,85123A,12,30.6,,
559248.0,22423,2,25.5,,
559249.0,22383,1,1.65,,
559250.0,POST,6,108.0,,
559251.0,85123A,1,2.55,,
559252.0,22720,1,4.95,,
559253.0,22423,2,25.5,,
559254.0,22383,1,1.65,,
559255.0,84879,1,1.69,,
559256.0,85099B,12,23.4,,
559257.0,22383,1,1.65,,
559258.0,22423,1,12.75,,
559259.0,22086,2,5.9,,
559260.0,84879,6,10.14,,
559261.0,84879,6,10.14,,
559262.0,84879,24,40.56,,
559263.0,22423,2,25.5,,
559264.0,47566,1,4.95,,
559265.0,84879,6,10.14,,
559266.0,85099B,6,11.7,,
559267.0,22423,4,51.0,,
559268.0,47566,2,9.9,,
559269.0,85123A,1,2.55,,
559270.0,22383,2,3.3,,
559271.0,22086,2,5.9,,
559272.0,85123A,2,5.1,,
559273.0,47566,6,29.7,,
559274.0,22720,1,4.95,,
559275.0,21212,4,2.2,,
122910.0,21212,1,0.0,,
559277.0,21212,1,0.55,,
559278.0,22383,2,3.3,,
122913.0,22086,1,0.0,,
559280.0,22423,4,51.0,,
122915.0,84879,1,0.0,,
559282.0,84879,2,3.38,,
559283.0,22383,1,1.65,,
559284.0,84879,6,10.14,,
559285.0,22423,1,12.75,,
559286.0,POST,1,18.0,,
559287.0,85123A,2,5.1,,
559288.0,22086,6,17.7,,
559289.0,22086,24,70.8,,
559290.0,22086,6,17.7,,
559291.0,22086,4,11.8,,
559292.0,22383,1,1.65,,
559293.0,22383,12,19.8,,
559294.0,85123A,4,10.2,,
559295.0,21212,6,3.3,,
559296.0,22720,1,4.95,,
559297.0,POST,1,18.0,,
559298.0,21212,12,6.6,,
559299.0,22086,2,5.9,,
559300.0,22383,4,6.6,,
559301.0,22720,1,4.95,,
559302.0,85099B,4,7.8,,
559303.0,22720,4,19.8,,
559304.0,85123A,2,5.1,,
559305.0,22423,2,25.5,,
559306.0,21212,1,0.55,,
559307.0,POST,1,18.0,,
559308.0,22383,6,9.9,,
559309.0,22086,2,5.9,,
559310.0,22383,1,1.65,,
559311.0,85123A,1,2.55,,
559312.0,22720,1,4.95,,
559313.0,84879,2,3.38,,
559314.0,47566,6,29.7,,
559315.0,47566,6,29.7,,
559316.0,21212,12,6.6,,
559317.0,47566,2,9.9,,
559318.0,22383,1,1.65,,
559319.0,22423,6,76.5,,
559320.0,85123A,4,10.2,,
559321.0,47566,1,4.95,,
559322.0,47566,1,4.95,,
559323.0,85123A,2,5.1,,
559324.0,84879,4,6.76,,
122959.0,47566,1,0.0,,
559326.0,22720,4,19.8,,
559327.0,21212,2,1.1,,
559328.0,22720,2,9.9,,
559329.0,22383,1,1.65,,
559330.0,85123A,2,5.1,,
122965.0,47566,1,0.0,,
559332.0,22383,1,1.65,,
559333.0,22720,6,29.7,,
559334.0,47566,4,19.8,,
559335.0,85099B,1,1.95,,
559336.0,22423,1,12.75,,
559337.0,47566,4,19.8,,
559338.0,22383,6,9.9,,
559339.0,22383,12,19.8,,
559340.0,22383,4,6.6,,
559341.0,22086,2,5.9,,
559342.0,21212,4,2.2,,
559343.0,22086,1,2.95,,
559344.0,85099B,2,3.9,,
559345.0,POST,2,36.0,,
122980.0,21212,1,0.0,,
559347.0,21212,6,3.3,,
559348.0,22423,2,25.5,,
559349.0,21212,2,1.1,,
559350.0,22423,1,12.75,,
559351.0,22423,1,12.75,,
559352.0,22423,1,12.75,,
559353.0,21212,2,1.1,,
559354.0,POST,2,36.0,,
559355.0,22086,2,5.9,,
559356.0,21212,6,3.3,,
559357.0,21212,2,1.1,,
559358.0,22423,6,76.5,,
559359.0,85099B,6,11.7,,
559360.0,21212,2,1.1,,
559361.0,22383,6,9.9,,
559362.0,22086,1,2.95,,
559363.0,22383,1,1.65,,
559364.0,84879,1,1.69,,
559365.0,47566,12,59.4,,
559366.0,22086,12,35.4,,
559367.0,22086,24,70.8,,
559368.0,85099B,6,11.7,,
559369.0,22383,6,9.9,,
559370.0,POST,6,108.0,,
559371.0,84879,12,20.28,,
559372.0,21212,4,2.2,,
559373.0,84879,1,1.69,,
559374.0,47566,2,9.9,,
559375.0,85123A,2,5.1,,
559376.0,22720,2,9.9,,
559377.0,21212,6,3.3,,
559378.0,84879,2,3.38,,
559379.0,47566,1,4.95,,
559380.0,22086,6,17.7,,
559381.0,84879,6,10.14,,
559382.0,POST,1,18.0,,
559383.0,47566,12,59.4,,
559384.0,85099B,6,11.7,,
559385.0,22720,2,9.9,,
559386.0,22383,2,3.3,,
559387.0,22423,12,153.0,,
559388.0,22423,1,12.75,,
559389.0,84879,1,1.69,,
559390.0,22720,4,19.8,,
559391.0,22086,2,5.9,,
559392.0,22383,1,1.65,,
559393.0,22423,2,25.5,,
559394.0,22086,2,5.9,,
123029.0,85099B,1,0.0,,
559396.0,POST,1,18.0,,
559397.0,22086,4,11.8,,
559398.0,22086,2,5.9,,
559399.0,22383,4,6.6,,
559400.0,22086,4,11.8,,
559401.0,POST,2,36.0,,
559402.0,47566,1,4.95,,
559403.0,84879,1,1.69,,
559404.0,22423,2,25.5,,
559405.0,84879,6,10.14,,
559406.0,85123A,2,5.1,,
559407.0,85123A,1,2.55,,
559408.0,22086,1,2.95,,
559409.0,21212,2,1.1,,
559410.0,22423,2,25.5,,
559411.0,21212,6,3.3,,
559412.0,22086,12,35.4,,
559413.0,85123A,12,30.6,,
559414.0,22086,1,2.95,,
559415.0,22720,1,4.95,,
559416.0,22720,1,4.95,,
559417.0,84879,1,1.69,,
559418.0,POST,2,36.0,,
559419.0,22423,1,12.75,,
559420.0,21212,1,0.55,,
559421.0,84879,6,10.14,,
559422.0,84879,1,1.69,,
559423.0,22720,2,9.9,,
559424.0,22383,4,6.6,,
559425.0,POST,2,36.0,,
559426.0,22383,1,1.65,,
559427.0,85123A,4,10.2,,
559428.0,21212,6,3.3,,
559429.0,85123A,2,5.1,,
559430.0,84879,2,3.38,,
559431.0,84879,1,1.69,,
123066.0,22086,1,0.0,,
559433.0,22383,1,1.65,,
559434.0,22086,4,11.8,,
559435.0,85123A,24,61.2,,
559436.0,22720,2,9.9,,
559437.0,84879,1,1.69,,
559438.0,47566,6,29.7,,
559439.0,22086,6,17.7,,
559440.0,22086,6,17.7,,
559441.0,84879,1,1.69,,
559442.0,POST,1,18.0,,
559443.0,22086,4,11.8,,
559444.0,85123A,12,30.6,,
559445.0,22086,1,2.95,,
559446.0,47566,6,29.7,,
559447.0,22086,2,5.9,,
559448.0,85099B,2,3.9,,
559449.0,POST,4,72.0,,
559450.0,POST,2,36.0,,
559451.0,21212,12,6.6,,
559452.0,22383,4,6.6,,
559453.0,22086,2,5.9,,
559454.0,84879,1,1.69,,
559455.0,22383,4,6.6,,
559456.0,22086,2,5.9,,
559457.0,47566,2,9.9,,
559458.0,22086,4,11.8,,
559459.0,22383,2,3.3,,
559460.0,22383,2,3.3,,
559461.0,84879,2,3.38,,
559462.0,22423,1,12.75,,
559463.0,22086,2,5.9,,
559464.0,47566,6,29.7,,
559465.0,85099B,4,7.8,,
559466.0,85123A,1,2.55,,
559467.0,85123A,1,2.55,,
559468.0,85123A,1,2.55,,
559469.0,85099B,2,3.9,,
559470.0,22720,1,4.95,,
559471.0,85099B,2,3.9,,
559472.0,84879,6,10.14,,
559473.0,85099B,4,7.8,,
559474.0,85123A,12,30.6,,
123109.0,47566,1,0.0,,
559476.0,21212,4,2.2,,
559477.0,POST,2,36.0,,
559478.0,84879,4,6.76,,
559479.0,85099B,4,7.8,,
559480.0,22720,2,9.9,,
559481.0,22720,2,9.9,,
559482.0,22423,2,25.5,,
559483.0,22423,2,25.5,,
559484.0,22383,1,1.65,,
559485.0,22383,1,1.65,,
559486.0,21212,2,1.1,,
559487.0,22383,6,9.9,,
559488.0,21212,2,1.1,,
559489.0,21212,1,0.55,,
559490.0,22720,2,9.9,,
559491.0,22383,1,1.65,,
559492.0,84879,1,1.69,,
559493.0,22423,2,25.5,,
559494.0,47566,6,29.7,,
559495.0,22383,2,3.3,,
559496.0,POST,4,72.0,,
559497.0,21212,2,1.1,,
559498.0,84879,12,20.28,,
559499.0,85123A,4,10.2,,
559500.0,47566,1,4.95,,
559501.0,85123A,1,2.55,,
559502.0,47566,1,4.95,,
559503.0,47566,1,4.95,,
559504.0,22383,12,19.8,,
559505.0,22720,1,4.95,,
559506.0,22086,1,2.95,,
559507.0,47566,1,4.95,,
559508.0,22720,2,9.9,,
559509.0,POST,4,72.0,,
559510.0,84879,12,20.28,,
559511.0,POST,1,18.0,,
559512.0,POST,1,18.0,,
559513.0,22383,1,1.65,,
559514.0,85099B,4,7.8,,
559515.0,85123A,6,15.3,,
559516.0,47566,1,4.95,,
559517.0,22383,6,9.9,,
559518.0,85123A,12,30.6,,
559519.0,22086,12,35.4,,
559520.0,84879,2,3.38,,
559521.0,84879,1,1.69,,
559522.0,85099B,2,3.9,,
559523.0,85123A,4,10.2,,
559524.0,47566,1,4.95,,
559525.0,47566,6,29.7,,
559526.0,21212,4,2.2,,
559527.0,84879,4,6.76,,
559528.0,22720,1,4.95,,
559529.0,POST,1,18.0,,
559530.0,84879,4,6.76,,
559531.0,84879,2,3.38,,
559532.0,22383,2,3.3,,
559533.0,22383,1,1.65,,
559534.0,84879,12,20.28,,
559535.0,POST,4,72.0,,
559536.0,85123A,2,5.1,,
559537.0,22720,1,4.95,,
559538.0,22720,6,29.7,,
559539.0,POST,6,108.0,,
559540.0,85123A,1,2.55,,
559541.0,85099B,6,11.7,,
559542.0,84879,1,1.69,,
559543.0,22086,1,2.95,,
559544.0,22423,2,25.5,,
559545.0,47566,2,9.9,,
559546.0,22720,4,19.8,,
559547.0,22720,2,9.9,,
559548.0,85123A,2,5.1,,
559549.0,85123A,4,10.2,,
559550.0,POST,1,18.0,,
559551.0,22086,6,17.7,,
559552.0,84879,1,1.69,,
559553.0,22720,1,4.95,,
559554.0,22383,12,19.8,,
559555.0,22720,2,9.9,,
559556.0,47566,1,4.95,,
559557.0,POST,1,18.0,,
559558.0,22720,2,9.9,,
559559.0,22383,12,19.8,,
559560.0,85123A,6,15.3,,
559561.0,22423,1,12.75,,
559562.0,85123A,4,10.2,,
559563.0,22086,12,35.4,,
559564.0,85123A,1,2.55,,
559565.0,22383,2,3.3,,
559566.0,POST,1,18.0,,
559567.0,POST,4,72.0,,
123202.0,84879,1,0.0,,
559569.0,22383,1,1.65,,
559570.0,21212,1,0.55,,
559571.0,47566,1,4.95,,
559572.0,47566,1,4.95,,
559573.0,85123A,4,10.2,,
559574.0,POST,6,108.0,,
559575.0,POST,2,36.0,,
559576.0,22423,2,25.5,,
559577.0,47566,4,19.8,,
559578.0,85099B,6,11.7,,
559579.0,85123A,12,30.6,,
559580.0,21212,6,3.3,,
559581.0,85123A,1,2.55,,
559582.0,84879,1,1.69,,
559583.0,84879,12,20.28,,
559584.0,85123A,12,30.6,,
559585.0,22086,12,35.4,,
559586.0,22423,1,12.75,,
559587.0,85099B,2,3.9,,
559588.0,47566,2,9.9,,
559589.0,85123A,6,15.3,,
559590.0,21212,2,1.1,,
559591.0,22383,4,6.6,,
559592.0,22086,1,2.95,,
559593.0,21212,4,2.2,,
559594.0,22383,1,1.65,,
559595.0,85099B,4,7.8,,
559596.0,22383,1,1.65,,
559597.0,22423,1,12.75,,
559598.0,21212,12,6.6,,
559599.0,21212,6,3.3,,
559600.0,22720,12,59.4,,
559601.0,47566,1,4.95,,
559602.0,22383,6,9.9,,
559603.0,85123A,2,5.1,,
559604.0,22423,6,76.5,,
559605.0,85099B,1,1.95,,
559606.0,22383,1,1.65,,
559607.0,85099B,4,7.8,,
559608.0,22383,6,9.9,,
559609.0,85123A,1,2.55,,
559610.0,21212,1,0.55,,
559611.0,22720,12,59.4,,
559612.0,22086,4,11.8,,
559613.0,22720,2,9.9,,
559614.0,47566,12,59.4,,
559615.0,84879,1,1.69,,
559616.0,85123A,2,5.1,,
559617.0,POST,2,36.0,,
559618.0,85123A,6,15.3,,
559619.0,85099B,4,7.8,,
559620.0,22086,4,11.8,,
559621.0,84879,1,1.69,,
559622.0,22383,12,19.8,,
559623.0,22383,2,3.3,,
559624.0,22720,6,29.7,,
559625.0,85123A,4,10.2,,
559626.0,85123A,6,15.3,,
559627.0,47566,2,9.9,,
559628.0,POST,2,36.0,,
559629.0,85123A,1,2.55,,
559630.0,22086,1,2.95,,
559631.0,21212,2,1.1,,
559632.0,47566,1,4.95,,
559633.0,21212,1,0.55,,
559634.0,22383,2,3.3,,
559635.0,POST,1,18.0,,
559636.0,22720,2,9.9,,
559637.0,84879,6,10.14,,
559638.0,85099B,1,1.95,,
559639.0,POST,4,72.0,,
559640.0,22086,1,2.95,,
559641.0,47566,1,4.95,,
559642.0,22423,1,12.75,,
559643.0,22423,1,12.75,,
559644.0,85123A,6,15.3,,
559645.0,22720,6,29.7,,
559646.0,21212,2,1.1,,
559647.0,47566,1,4.95,,
559648.0,22423,12,153.0,,
559649.0,85099B,6,11.7,,
559650.0,85123A,2,5.1,,
559651.0,84879,2,3.38,,
559652.0,22086,1,2.95,,
559653.0,47566,6,29.7,,
559654.0,POST,1,18.0,,
559655.0,POST,2,36.0,,
559656.0,85099B,2,3.9,,
559657.0,22383,1,1.65,,
559658.0,POST,1,18.0,,
559659.0,85099B,2,3.9,,
559660.0,22086,2,5.9,,
559661.0,POST,1,18.0,,
559662.0,POST,6,108.0,,
559663.0,85099B,2,3.9,,
559664.0,22423,1,12.75,,
559665.0,84879,2,3.38,,
559666.0,22720,1,4.95,,
559667.0,22720,2,9.9,,
559668.0,21212,1,0.55,,
559669.0,21212,4,2.2,,
559670.0,85099B,1,1.95,,
559671.0,22720,2,9.9,,
559672.0,21212,6,3.3,,
559673.0,85123A,4,10.2,,
559674.0,85123A,24,61.2,,
559675.0,85099B,1,1.95,,
559676.0,22720,6,29.7,,
559677.0,84879,1,1.69,,
559678.0,21212,6,3.3,,
559679.0,22423,4,51.0,,
559680.0,47566,2,9.9,,
559681.0,85099B,4,7.8,,
559682.0,84879,1,1.69,,
559683.0,22086,1,2.95,,
559684.0,22086,4,11.8,,
559685.0,21212,6,3.3,,
559686.0,POST,12,216.0,,
559687.0,85123A,1,2.55,,
559688.0,22720,2,9.9,,
559689.0,22383,2,3.3,,
559690.0,22423,4,51.0,,
559691.0,POST,2,36.0,,
123326.0,22086,1,0.0,,
559693.0,84879,6,10.14,,
123328.0,22383,1,0.0,,
559695.0,22086,2,5.9,,
559696.0,22086,2,5.9,,
559697.0,85123A,4,10.2,,
559698.0,84879,2,3.38,,
559699.0,84879,1,1.69,,
559700.0,47566,1,4.95,,
559701.0,22383,6,9.9,,
559702.0,POST,4,72.0,,
559703.0,22423,6,76.5,,
559704.0,47566,4,19.8,,
559705.0,22423,1,12.75,,
559706.0,22383,4,6.6,,
559707.0,22383,1,1.65,,
559708.0,22086,12,35.4,,
559709.0,84879,12,20.28,,
559710.0,21212,1,0.55,,
559711.0,47566,4,19.8,,
559712.0,47566,2,9.9,,
559713.0,84879,1,1.69,,
559714.0,21212,2,1.1,,
559715.0,85099B,6,11.7,,
559716.0,85099B,4,7.8,,
559717.0,47566,1,4.95,,
559718.0,85099B,1,1.95,,
559719.0,22423,2,25.5,,
559720.0,22423,6,76.5,,
559721.0,POST,1,18.0,,
559722.0,22423,2,25.5,,
559723.0,22720,12,59.4,,
559724.0,84879,2,3.38,,
559725.0,POST,1,18.0,,
559726.0,22423,12,153.0,,
559727.0,22720,4,19.8,,
559728.0,22423,1,12.75,,
559729.0,22720,1,4.95,,
559730.0,84879,1,1.69,,
559731.0,85123A,6,15.3,,
559732.0,22383,4,6.6,,
559733.0,85099B,1,1.95,,
559734.0,22423,1,12.75,,
559735.0,POST,1,18.0,,
559736.0,21212,2,1.1,,
559737.0,47566,6,29.7,,
559738.0,22383,1,1.65,,
559739.0,22720,6,29.7,,
559740.0,22383,2,3.3,,
559741.0,85123A,6,15.3,,
123376.0,POST,1,0.0,,
559743.0,22383,1,1.65,,
559744.0,22423,1,12.75,,
559745.0,22423,1,12.75,,
559746.0,22086,2,5.9,,
559747.0,22720,1,4.95,,
559748.0,84879,1,1.69,,
559749.0,22720,6,29.7,,
559750.0,22720,4,19.8,,
559751.0,85099B,1,1.95,,
559752.0,47566,1,4.95,,
559753.0,85099B,4,7.8,,
559754.0,22383,2,3.3,,
559755.0,22423,2,25.5,,
559756.0,22423,2,25.5,,
559757.0,22383,2,3.3,,
559758.0,22086,2,5.9,,
559759.0,84879,4,6.76,,
559760.0,POST,12,216.0,,
559761.0,22383,6,9.9,,
559762.0,85123A,24,61.2,,
559763.0,85099B,2,3.9,,
559764.0,22383,1,1.65,,
559765.0,22720,6,29.7,,
559766.0,47566,6,29.7,,
559767.0,85123A,6,15.3,,
559768.0,POST,1,18.0,,
559769.0,22086,1,2.95,,
559770.0,22383,4,6.6,,
559771.0,84879,2,3.38,,
559772.0,85099B,6,11.7,,
559773.0,85123A,12,30.6,,
559774.0,POST,2,36.0,,
559775.0,21212,1,0.55,,
559776.0,47566,1,4.95,,
123411.0,85123A,1,0.0,,
559778.0,POST,2,36.0,,
559779.0,22423,2,25.5,,
559780.0,22423,2,25.5,,
559781.0,22423,6,76.5,,
559782.0,22720,1,4.95,,
559783.0,84879,12,20.28,,
559784.0,POST,1,18.0,,
559785.0,22383,12,19.8,,
559786.0,22720,1,4.95,,
559787.0,22086,2,5.9,,
559788.0,POST,4,72.0,,
559789.0,47566,2,9.9,,
559790.0,22086,1,2.95,,
559791.0,85099B,12,23.4,,
559792.0,22383,1,1.65,,
559793.0,21212,6,3.3,,
559794.0,POST,2,36.0,,
559795.0,POST,1,18.0,,
559796.0,POST,2,36.0,,
559797.0,22383,1,1.65,,
559798.0,21212,2,1.1,,
123433.0,84879,1,0.0,,
559800.0,22423,4,51.0,,
559801.0,22383,2,3.3,,
559802.0,47566,2,9.9,,
559803.0,47566,2,9.9,,
559804.0,22720,6,29.7,,
559805.0,22383,1,1.65,,
559806.0,47566,4,19.8,,
559807.0,47566,2,9.9,,
559808.0,22423,1,12.75,,
559809.0,85123A,2,5.1,,
559810.0,22086,1,2.95,,
559811.0,85123A,12,30.6,,
559812.0,22720,4,19.8,,
559813.0,22423,1,12.75,,
559814.0,22383,4,6.6,,
559815.0,22086,1,2.95,,
559816.0,47566,1,4.95,,
559817.0,85123A,12,30.6,,
559818.0,85099B,12,23.4,,
559819.0,47566,2,9.9,,
559820.0,84879,4,6.76,,
559821.0,22086,12,35.4,,
123456.0,22383,1,0.0,,
559823.0,84879,6,10.14,,
559824.0,22720,2,9.9,,
559825.0,22423,6,76.5,,
559826.0,84879,2,3.38,,
559827.0,84879,6,10.14,,
559828.0,22383,2,3.3,,
559829.0,POST,24,432.0,,
559830.0,85123A,4,10.2,,
559831.0,85123A,1,2.55,,
559832.0,85123A,12,30.6,,
559833.0,84879,1,1.69,,
559834.0,POST,6,108.0,,
559835.0,85099B,6,11.7,,
559836.0,47566,1,4.95,,
559837.0,85099B,1,1.95,,
559838.0,84879,1,1.69,,
559839.0,21212,2,1.1,,
559840.0,85123A,1,2.55,,
559841.0,85123A,1,2.55,,
559842.0,22720,4,19.8,,
559843.0,22086,4,11.8,,
559844.0,22423,4,51.0,,
559845.0,POST,2,36.0,,
559846.0,22383,4,6.6,,
559847.0,22423,1,12.75,,
559848.0,85099B,1,1.95,,
559849.0,22423,1,12.75,,
559850.0,84879,1,1.69,,
559851.0,22086,2,5.9,,
559852.0,85099B,12,23.4,,
559853.0,22086,1,2.95,,
559854.0,22086,1,2.95,,
559855.0,21212,1,0.55,,
559856.0,21212,2,1.1,,
559857.0,47566,2,9.9,,
559858.0,21212,6,3.3,,
559859.0,85123A,1,2.55,,
559860.0,21212,4,2.2,,
559861.0,22086,4,11.8,,
559862.0,POST,1,18.0,,
559863.0,POST,2,36.0,,
559864.0,21212,1,0.55,,
559865.0,POST,6,108.0,,
559866.0,22423,6,76.5,,
123501.0,47566,1,0.0,,
559868.0,POST,6,108.0,,
559869.0,85099B,4,7.8,,
559870.0,85123A,1,2.55,,
559871.0,22086,1,2.95,,
559872.0,85099B,6,11.7,,
559873.0,84879,12,20.28,,
559874.0,22720,2,9.9,,
559875.0,85099B,24,46.8,,
559876.0,22423,1,12.75,,
559877.0,85123A,2,5.1,,
559878.0,22383,6,9.9,,
559879.0,47566,4,19.8,,
559880.0,85099B,1,1.95,,
559881.0,22720,4,19.8,,
559882.0,POST,1,18.0,,
559883.0,22383,12,19.8,,
559884.0,POST,2,36.0,,
559885.0,85099B,2,3.9,,
559886.0,22423,2,25.5,,
559887.0,84879,1,1.69,,
559888.0,22383,1,1.65,,
559889.0,22383,1,1.65,,
559890.0,47566,4,19.8,,
559891.0,85123A,1,2.55,,
559892.0,85099B,4,7.8,,
559893.0,47566,1,4.95,,
559894.0,84879,1,1.69,,
559895.0,22423,6,76.5,,
559896.0,22423,6,76.5,,
559897.0,22423,6,76.5,,
559898.0,85123A,6,15.3,,
559899.0,22383,4,6.6,,
559900.0,22423,6,76.5,,
559901.0,85099B,1,1.95,,
559902.0,84879,2,3.38,,
559903.0,22383,1,1.65,,
559904.0,85123A,6,15.3,,
559905.0,POST,2,36.0,,
559906.0,84879,2,3.38,,
559907.0,POST,2,36.0,,
559908.0,47566,6,29.7,,
559909.0,21212,6,3.3,,
559910.0,85099B,2,3.9,,
559911.0,22383,4,6.6,,
559912.0,85099B,1,1.95,,
559913.0,84879,1,1.69,,
559914.0,POST,2,36.0,,
559915.0,47566,6,29.7,,
559916.0,84879,2,3.38,,
559917.0,POST,1,18.0,,
123552.0,21212,1,0.0,,
559919.0,POST,2,36.0,,
559920.0,22086,24,70.8,,
559921.0,POST,2,36.0,,
559922.0,22423,12,153.0,,
559923.0,21212,6,3.3,,
559924.0,21212,6,3.3,,
559925.0,22720,4,19.8,,
559926.0,22423,6,76.5,,
559927.0,22086,1,2.95,,
559928.0,21212,1,0.55,,
559929.0,84879,1,1.69,,
559930.0,85099B,1,1.95,,
559931.0,84879,4,6.76,,
559932.0,21212,2,1.1,,
559933.0,47566,1,4.95,,
559934.0,22423,2,25.5,,
559935.0,47566,1,4.95,,
559936.0,POST,1,18.0,,
559937.0,22086,12,35.4,,
559938.0,84879,1,1.69,,
559939.0,85099B,6,11.7,,
559940.0,85099B,4,7.8,,
559941.0,21212,1,0.55,,
559942.0,22086,4,11.8,,
559943.0,22383,6,9.9,,
559944.0,22086,2,5.9,,
559945.0,22086,1,2.95,,
123580.0,22086,1,0.0,,
559947.0,22086,4,11.8,,
559948.0,47566,6,29.7,,
559949.0,22086,4,11.8,,
559950.0,84879,2,3.38,,
559951.0,22720,2,9.9,,
559952.0,85099B,1,1.95,,
559953.0,POST,6,108.0,,
559954.0,22720,4,19.8,,
559955.0,POST,1,18.0,,
559956.0,POST,4,72.0,,
559957.0,POST,4,72.0,,
559958.0,22383,2,3.3,,
559959.0,21212,4,2.2,,
559960.0,POST,2,36.0,,
559961.0,85123A,1,2.55,,
559962.0,21212,2,1.1,,
559963.0,84879,1,1.69,,
559964.0,85099B,1,1.95,,
559965.0,22720,1,4.95,,
559966.0,84879,2,3.38,,
559967.0,85123A,1,2.55,,
559968.0,85099B,4,7.8,,
559969.0,22423,2,25.5,,
559970.0,22720,12,59.4,,
559971.0,22086,6,17.7,,
559972.0,85123A,1,2.55,,
559973.0,85099B,6,11.7,,
559974.0,84879,2,3.38,,
559975.0,21212,1,0.55,,
559976.0,22383,1,1.65,,
559977.0,84879,4,6.76,,
123612.0,21212,1,0.0,,
559979.0,21212,6,3.3,,
559980.0,85099B,6,11.7,,
559981.0,21212,2,1.1,,
559982.0,85123A,1,2.55,,
559983.0,84879,2,3.38,,
559984.0,22383,2,3.3,,
559985.0,22720,12,59.4,,
559986.0,85099B,2,3.9,,
559987.0,POST,1,18.0,,
559988.0,21212,1,0.55,,
559989.0,22086,2,5.9,,
559990.0,84879,2,3.38,,
559991.0,85123A,6,15.3,,
559992.0,POST,1,18.0,,
559993.0,47566,1,4.95,,
559994.0,21212,1,0.55,,
559995.0,84879,1,1.69,,
559996.0,22383,2,3.3,,
559997.0,21212,4,2.2,,
559998.0,22720,4,19.8,,
559999.0,85099B,6,11.7,,
560000.0,22720,1,4.95,,
560001.0,21212,12,6.6,,
560002.0,85123A,6,15.3,,
560003.0,85099B,2,3.9,,
560004.0,84879,2,3.38,,
560005.0,POST,4,72.0,,
560006.0,21212,4,2.2,,
560007.0,POST,6,108.0,,
560008.0,22383,2,3.3,,
560009.0,POST,6,108.0,,
560010.0,22383,4,6.6,,
560011.0,22720,1,4.95,,
560012.0,85123A,12,30.6,,
560013.0,84879,6,10.14,,
560014.0,85099B,6,11.7,,
560015.0,85123A,4,10.2,,
560016.0,85123A,6,15.3,,
560017.0,22086,4,11.8,,
560018.0,POST,1,18.0,,
560019.0,21212,4,2.2,,
560020.0,22423,1,12.75,,
560021.0,84879,2,3.38,,
560022.0,22086,6,17.7,,
560023.0,85099B,1,1.95,,
560024.0,84879,2,3.38,,
560025.0,85099B,1,1.95,,
560026.0,22423,6,76.5,,
560027.0,85099B,1,1.95,,
560028.0,21212,1,0.55,,
560029.0,84879,2,3.38,,
560030.0,85099B,6,11.7,,
560031.0,22423,12,153.0,,
560032.0,21212,2,1.1,,
560033.0,47566,4,19.8,,
560034.0,22423,6,76.5,,
560035.0,22720,4,19.8,,
560036.0,84879,1,1.69,,
560037.0,84879,4,6.76,,
560038.0,85123A,1,2.55,,
123673.0,47566,1,0.0,,
560040.0,21212,4,2.2,,
560041.0,47566,1,4.95,,
560042.0,84879,4,6.76,,
560043.0,22423,1,12.75,,
560044.0,22720,4,19.8,,
560045.0,POST,1,18.0,,
560046.0,84879,2,3.38,,
560047.0,22086,12,35.4,,
560048.0,22423,1,12.75,,
560049.0,85099B,4,7.8,,
560050.0,84879,6,10.14,,
560051.0,21212,2,1.1,,
560052.0,22720,1,4.95,,
560053.0,47566,2,9.9,,
560054.0,22423,2,25.5,,
560055.0,22720,1,4.95,,
560056.0,47566,6,29.7,,
560057.0,85099B,6,11.7,,
560058.0,21212,12,6.6,,
560059.0,21212,6,3.3,,
560060.0,22383,4,6.6,,
560061.0,22383,1,1.65,,
560062.0,85099B,6,11.7,,
560063.0,22383,1,1.65,,
560064.0,22086,6,17.7,,
123699.0,85099B,1,0.0,,
560066.0,22383,24,39.6,,
560067.0,85123A,6,15.3,,
560068.0,85099B,2,3.9,,
560069.0,22383,1,1.65,,
560070.0,POST,2,36.0,,
560071.0,22383,1,1.65,,
560072.0,85099B,4,7.8,,
560073.0,22720,4,19.8,,
560074.0,22423,1,12.75,,
560075.0,85123A,1,2.55,,
560076.0,22086,2,5.9,,
560077.0,22383,6,9.9,,
560078.0,47566,6,29.7,,
560079.0,22720,6,29.7,,
560080.0,47566,6,29.7,,
560081.0,POST,2,36.0,,
560082.0,22720,12,59.4,,
560083.0,84879,2,3.38,,
560084.0,84879,2,3.38,,
560085.0,84879,1,1.69,,
560086.0,22720,6,29.7,,
560087.0,84879,1,1.69,,
560088.0,21212,4,2.2,,
560089.0,22086,4,11.8,,
560090.0,22720,2,9.9,,
560091.0,85099B,1,1.95,,
560092.0,22383,1,1.65,,
560093.0,47566,1,4.95,,
560094.0,47566,4,19.8,,
560095.0,85099B,6,11.7,,
560096.0,22086,12,35.4,,
560097.0,84879,6,10.14,,
560098.0,22086,2,5.9,,
560099.0,22720,1,4.95,,
560100.0,85123A,2,5.1,,
560101.0,47566,1,4.95,,
560102.0,22086,2,5.9,,
560103.0,85099B,6,11.7,,
560104.0,85123A,1,2.55,,
123739.0,22383,1,0.0,,
560106.0,22086,2,5.9,,
560107.0,22720,2,9.9,,
560108.0,POST,6,108.0,,
560109.0,22720,4,19.8,,
560110.0,22086,2,5.9,,
560111.0,22086,2,5.9,,
560112.0,85123A,4,10.2,,
560113.0,85099B,1,1.95,,
560114.0,22423,2,25.5,,
560115.0,85099B,1,1.95,,
560116.0,22720,1,4.95,,
560117.0,22423,12,153.0,,
560118.0,22383,2,3.3,,
560119.0,85123A,1,2.55,,
560120.0,22423,2,25.5,,
560121.0,21212,24,13.2,,
560122.0,POST,2,36.0,,
560123.0,21212,2,1.1,,
560124.0,21212,1,0.55,,
560125.0,84879,1,1.69,,
123760.0,22383,1,0.0,,
560127.0,85099B,1,1.95,,
560128.0,22720,4,19.8,,
560129.0,47566,1,4.95,,
560130.0,84879,2,3.38,,
560131.0,22086,1,2.95,,
560132.0,21212,2,1.1,,
560133.0,22086,12,35.4,,
560134.0,22383,4,6.6,,
560135.0,POST,1,18.0,,
560136.0,POST,2,36.0,,
560137.0,21212,4,2.2,,
560138.0,22423,1,12.75,,
560139.0,47566,2,9.9,,
560140.0,85123A,2,5.1,,
560141.0,22423,4,51.0,,
560142.0,85099B,2,3.9,,
560143.0,22086,4,11.8,,
560144.0,22086,4,11.8,,
560145.0,22423,1,12.75,,
560146.0,85123A,2,5.1,,
560147.0,47566,1,4.95,,
560148.0,POST,2,36.0,,
560149.0,22423,4,51.0,,
560150.0,22423,1,12.75,,
560151.0,84879,6,10.14,,
560152.0,84879,2,3.38,,
560153.0,84879,4,6.76,,
560154.0,21212,2,1.1,,
560155.0,22423,1,12.75,,
560156.0,22423,1,12.75,,
560157.0,21212,12,6.6,,
560158.0,22383,4,6.6,,
560159.0,21212,4,2.2,,
560160.0,21212,1,0.55,,
560161.0,47566,1,4.95,,
560162.0,85099B,2,3.9,,
560163.0,21212,2,1.1,,
560164.0,47566,2,9.9,,
560165.0,84879,1,1.69,,
560166.0,POST,12,216.0,,
560167.0,22086,1,2.95,,
560168.0,85123A,6,15.3,,
560169.0,85099B,12,23.4,,
123804.0,22383,1,0.0,,
560171.0,22086,6,17.7,,
560172.0,22383,6,9.9,,
560173.0,85123A,2,5.1,,
560174.0,47566,1,4.95,,
560175.0,22720,1,4.95,,
560176.0,85123A,1,2.55,,
560177.0,22086,4,11.8,,
560178.0,47566,6,29.7,,
560179.0,22423,1,12.75,,
560180.0,84879,6,10.14,,
560181.0,22383,4,6.6,,
560182.0,85123A,6,15.3,,
560183.0,21212,12,6.6,,
560184.0,84879,1,1.69,,
560185.0,22383,6,9.9,,
560186.0,22720,2,9.9,,
560187.0,21212,6,3.3,,
560188.0,21212,1,0.55,,
560189.0,22720,1,4.95,,
560190.0,47566,1,4.95,,
560191.0,84879,12,20.28,,
560192.0,85099B,1,1.95,,
560193.0,22423,2,25.5,,
560194.0,85099B,6,11.7,,
560195.0,22423,1,12.75,,
560196.0,85099B,6,11.7,,
560197.0,POST,1,18.0,,
560198.0,22720,12,59.4,,
560199.0,85123A,2,5.1,,
123834.0,22720,1,0.0,,
560201.0,22383,2,3.3,,
123836.0,21212,1,0.0,,
560203.0,84879,4,6.76,,
560204.0,85123A,6,15.3,,
560205.0,21212,12,6.6,,
560206.0,85099B,1,1.95,,
560207.0,22720,4,19.8,,
560208.0,22383,2,3.3,,
560209.0,84879,2,3.38,,
560210.0,22720,2,9.9,,
560211.0,21212,1,0.55,,
560212.0,85123A,1,2.55,,
560213.0,47566,1,4.95,,
560214.0,22720,1,4.95,,
560215.0,85123A,1,2.55,,
560216.0,22720,2,9.9,,
560217.0,47566,2,9.9,,
560218.0,22383,4,6.6,,
560219.0,84879,6,10.14,,
560220.0,22383,1,1.65,,
560221.0,21212,1,0.55,,
560222.0,47566,1,4.95,,
560223.0,47566,12,59.4,,
560224.0,85123A,1,2.55,,
560225.0,85099B,6,11.7,,
560226.0,85123A,1,2.55,,
560227.0,POST,2,36.0,,
560228.0,85099B,2,3.9,,
560229.0,22086,2,5.9,,
560230.0,22720,24,118.8,,
560231.0,22423,1,12.75,,
560232.0,22720,2,9.9,,
560233.0,POST,24,432.0,,
560234.0,POST,1,18.0,,
560235.0,22720,1,4.95,,
560236.0,21212,2,1.1,,
560237.0,85123A,2,5.1,,
560238.0,85123A,1,2.55,,
560239.0,47566,1,4.95,,
560240.0,85123A,2,5.1,,
560241.0,22383,2,3.3,,
560242.0,22086,4,11.8,,
560243.0,47566,6,29.7,,
560244.0,85099B,2,3.9,,
560245.0,85099B,4,7.8,,
560246.0,22720,1,4.95,,
560247.0,22720,1,4.95,,
560248.0,22720,2,9.9,,
560249.0,84879,2,3.38,,
560250.0,22086,1,2.95,,
560251.0,84879,4,6.76,,
560252.0,22720,2,9.9,,
560253.0,POST,1,18.0,,
123888.0,85123A,1,0.0,,
560255.0,85099B,1,1.95,,
560256.0,85099B,1,1.95,,
560257.0,84879,1,1.69,,
560258.0,85123A,1,2.55,,
560259.0,21212,4,2.2,,
560260.0,47566,6,29.7,,
560261.0,85099B,2,3.9,,
560262.0,22383,24,39.6,,
560263.0,84879,1,1.69,,
560264.0,22383,6,9.9,,
560265.0,47566,1,4.95,,
560266.0,POST,2,36.0,,
560267.0,22720,2,9.9,,
560268.0,22086,1,2.95,,
560269.0,47566,2,9.9,,
560270.0,22383,2,3.3,,
560271.0,22720,4,19.8,,
560272.0,85123A,2,5.1,,
560273.0,22383,1,1.65,,
560274.0,22720,4,19.8,,
560275.0,21212,24,13.2,,
560276.0,22383,4,6.6,,
560277.0,47566,1,4.95,,
560278.0,22720,6,29.7,,
560279.0,POST,1,18.0,,
560280.0,POST,1,18.0,,
560281.0,84879,1,1.69,,
560282.0,84879,6,10.14,,
560283.0,22720,6,29.7,,
560284.0,22423,24,306.0,,
123919.0,84879,1,0.0,,
560286.0,21212,6,3.3,,
560287.0,22383,24,39.6,,
560288.0,22423,1,12.75,,
560289.0,85099B,2,3.9,,
560290.0,85099B,2,3.9,,
560291.0,22086,2,5.9,,
560292.0,85123A,1,2.55,,
560293.0,22423,2,25.5,,
560294.0,22423,1,12.75,,
560295.0,22720,1,4.95,,
560296.0,POST,12,216.0,,
560297.0,POST,4,72.0,,
560298.0,85123A,2,5.1,,
560299.0,22383,4,6.6,,
560300.0,85099B,2,3.9,,
560301.0,22423,12,153.0,,
560302.0,21212,2,1.1,,
560303.0,22383,2,3.3,,
560304.0,22720,2,9.9,,
560305.0,22423,1,12.75,,
560306.0,22086,1,2.95,,
560307.0,47566,1,4.95,,
560308.0,47566,6,29.7,,
560309.0,47566,1,4.95,,
560310.0,22423,2,25.5,,
560311.0,21212,2,1.1,,
560312.0,84879,1,1.69,,
560313.0,22383,6,9.9,,
560314.0,22086,1,2.95,,
560315.0,22720,6,29.7,,
560316.0,21212,12,6.6,,
560317.0,85099B,2,3.9,,
123952.0,22383,1,0.0,,
560319.0,22423,6,76.5,,
560320.0,84879,1,1.69,,
560321.0,21212,1,0.55,,
560322.0,47566,12,59.4,,
560323.0,21212,1,0.55,,
560324.0,84879,1,1.69,,
560325.0,22720,24,118.8,,
560326.0,47566,1,4.95,,
560327.0,21212,12,6.6,,
560328.0,85123A,2,5.1,,
560329.0,POST,1,18.0,,
560330.0,22720,6,29.7,,
560331.0,85099B,6,11.7,,
560332.0,84879,4,6.76,,
560333.0,22086,2,5.9,,
560334.0,47566,1,4.95,,
560335.0,22423,1,12.75,,
560336.0,47566,1,4.95,,
560337.0,22423,12,153.0,,
560338.0,47566,1,4.95,,
560339.0,22383,1,1.65,,
560340.0,84879,4,6.76,,
560341.0,85099B,1,1.95,,
123976.0,POST,1,0.0,,
560343.0,POST,6,108.0,,
560344.0,47566,1,4.95,,
560345.0,22720,1,4.95,,
560346.0,47566,2,9.9,,
560347.0,22720,1,4.95,,
123982.0,85123A,1,0.0,,
560349.0,22086,2,5.9,,
560350.0,85099B,2,3.9,,
123985.0,85123A,1,0.0,,
560352.0,POST,4,72.0,,
560353.0,84879,4,6.76,,
560354.0,85123A,6,15.3,,
560355.0,22086,1,2.95,,
560356.0,POST,6,108.0,,
560357.0,21212,1,0.55,,
560358.0,22423,1,12.75,,
560359.0,22086,1,2.95,,
560360.0,21212,1,0.55,,
560361.0,21212,24,13.2,,
560362.0,22720,6,29.7,,
560363.0,84879,1,1.69,,
560364.0,POST,4,72.0,,
560365.0,84879,2,3.38,,
560366.0,POST,1,18.0,,
560367.0,22383,4,6.6,,
560368.0,85099B,1,1.95,,
124003.0,84879,1,0.0,,
560370.0,22383,12,19.8,,
560371.0,85099B,1,1.95,,
560372.0,85123A,1,2.55,,
560373.0,85123A,2,5.1,,
560374.0,85099B,12,23.4,,
560375.0,47566,1,4.95,,
560376.0,22423,12,153.0,,
124011.0,84879,1,0.0,,
560378.0,22383,1,1.65,,
560379.0,22383,2,3.3,,
560380.0,85123A,1,2.55,,
560381.0,85123A,1,2.55,,
560382.0,84879,1,1.69,,
560383.0,21212,12,6.6,,
560384.0,21212,1,0.55,,
560385.0,85099B,1,1.95,,
560386.0,47566,12,59.4,,
560387.0,22383,4,6.6,,
560388.0,85099B,1,1.95,,
560389.0,22423,2,25.5,,
560390.0,22720,1,4.95,,
560391.0,22086,2,5.9,,
560392.0,22720,4,19.8,,
560393.0,22720,1,4.95,,
560394.0,22423,2,25.5,,
560395.0,POST,4,72.0,,
560396.0,22086,2,5.9,,
560397.0,47566,2,9.9,,
560398.0,47566,1,4.95,,
560399.0,22086,6,17.7,,
560400.0,POST,1,18.0,,
560401.0,84879,6,10.14,,
560402.0,22086,2,5.9,,
560403.0,22423,1,12.75,,
560404.0,85099B,2,3.9,,
560405.0,22720,1,4.95,,
560406.0,47566,24,118.8,,
560407.0,84879,12,20.28,,
560408.0,POST,6,108.0,,
560409.0,84879,1,1.69,,
560410.0,47566,24,118.8,,
560411.0,22086,4,11.8,,
560412.0,22383,1,1.65,,
560413.0,21212,2,1.1,,
560414.0,22720,1,4.95,,
560415.0,22383,1,1.65,,
560416.0,21212,6,3.3,,
560417.0,POST,6,108.0,,
560418.0,47566,1,4.95,,
560419.0,85123A,2,5.1,,
560420.0,84879,2,3.38,,
560421.0,POST,2,36.0,,
124056.0,47566,1,0.0,,
560423.0,22383,6,9.9,,
560424.0,22383,4,6.6,,
560425.0,22086,1,2.95,,
560426.0,22086,6,17.7,,
560427.0,22383,1,1.65,,
560428.0,47566,1,4.95,,
560429.0,84879,1,1.69,,
560430.0,22423,1,12.75,,
560431.0,84879,1,1.69,,
560432.0,22383,1,1.65,,
560433.0,85099B,6,11.7,,
560434.0,22086,1,2.95,,
560435.0,POST,1,18.0,,
560436.0,47566,2,9.9,,
124071.0,84879,1,0.0,,
560438.0,85099B,12,23.4,,
560439.0,POST,1,18.0,,
560440.0,47566,2,9.9,,
560441.0,22423,12,153.0,,
560442.0,POST,4,72.0,,
560443.0,22423,2,25.5,,
560444.0,85099B,1,1.95,,
560445.0,84879,6,10.14,,
560446.0,21212,12,6.6,,
560447.0,22383,2,3.3,,
560448.0,22383,2,3.3,,
560449.0,47566,6,29.7,,
560450.0,85123A,1,2.55,,
560451.0,21212,1,0.55,,
560452.0,22720,1,4.95,,
560453.0,22086,6,17.7,,
560454.0,22086,12,35.4,,
560455.0,84879,12,20.28,,
560456.0,22423,2,25.5,,
560457.0,22720,6,29.7,,
560458.0,85099B,2,3.9,,
560459.0,85123A,6,15.3,,
560460.0,85099B,1,1.95,,
560461.0,22383,1,1.65,,
560462.0,85123A,2,5.1,,
560463.0,22383,2,3.3,,
560464.0,21212,1,0.55,,
560465.0,85099B,4,7.8,,
560466.0,22423,1,12.75,,
560467.0,85123A,1,2.55,,
560468.0,85099B,24,46.8,,
560469.0,22086,4,11.8,,
560470.0,22086,12,35.4,,
560471.0,22423,4,51.0,,
560472.0,22720,4,19.8,,
560473.0,21212,6,3.3,,
560474.0,22086,12,35.4,,
560475.0,21212,1,0.55,,
560476.0,POST,2,36.0,,
560477.0,85123A,4,10.2,,
560478.0,22383,1,1.65,,
560479.0,85099B,24,46.8,,
560480.0,22720,24,118.8,,
560481.0,85099B,2,3.9,,
560482.0,22423,4,51.0,,
560483.0,47566,1,4.95,,
560484.0,POST,12,216.0,,
560485.0,21212,4,2.2,,
560486.0,22423,1,12.75,,
560487.0,84879,1,1.69,,
560488.0,21212,1,0.55,,
560489.0,21212,4,2.2,,
560490.0,22086,6,17.7,,
560491.0,22423,1,12.75,,
560492.0,21212,1,0.55,,
560493.0,POST,2,36.0,,
560494.0,85123A,2,5.1,,
560495.0,47566,4,19.8,,
560496.0,POST,2,36.0,,
560497.0,22720,6,29.7,,
560498.0,21212,4,2.2,,
560499.0,85099B,1,1.95,,
560500.0,22423,4,51.0,,
560501.0,22720,1,4.95,,
560502.0,22383,1,1.65,,
560503.0,22086,1,2.95,,
560504.0,22383,12,19.8,,
560505.0,47566,6,29.7,,
560506.0,21212,1,0.55,,
560507.0,85099B,6,11.7,,
560508.0,22383,4,6.6,,
560509.0,85123A,4,10.2,,
560510.0,84879,4,6.76,,
560511.0,21212,6,3.3,,
560512.0,22423,2,25.5,,
560513.0,21212,1,0.55,,
560514.0,85099B,2,3.9,,
560515.0,84879,1,1.69,,
560516.0,47566,12,59.4,,
560517.0,POST,1,18.0,,
560518.0,22720,2,9.9,,
560519.0,22086,1,2.95,,
560520.0,85099B,2,3.9,,
560521.0,85099B,24,46.8,,
560522.0,22383,2,3.3,,
560523.0,21212,2,1.1,,
560524.0,POST,6,108.0,,
560525.0,84879,1,1.69,,
560526.0,22720,2,9.9,,
560527.0,47566,4,19.8,,
560528.0,22383,12,19.8,,
560529.0,22423,6,76.5,,
560530.0,84879,2,3.38,,
560531.0,21212,24,13.2,,
560532.0,21212,2,1.1,,
560533.0,84879,6,10.14,,
560534.0,47566,1,4.95,,
560535.0,22086,12,35.4,,
560536.0,85099B,2,3.9,,
560537.0,22423,1,12.75,,
560538.0,85123A,1,2.55,,
560539.0,85123A,4,10.2,,
560540.0,84879,2,3.38,,
560541.0,22383,4,6.6,,
560542.0,47566,2,9.9,,
560543.0,84879,1,1.69,,
560544.0,22720,4,19.8,,
560545.0,22423,1,12.75,,
124180.0,POST,1,0.0,,
560547.0,22423,1,12.75,,
560548.0,85099B,1,1.95,,
560549.0,22423,2,25.5,,
560550.0,47566,4,19.8,,
560551.0,47566,12,59.4,,
560552.0,85123A,1,2.55,,
560553.0,22383,2,3.3,,
560554.0,85099B,6,11.7,,
560555.0,85123A,1,2.55,,
560556.0,21212,6,3.3,,
560557.0,47566,12,59.4,,
560558.0,85099B,1,1.95,,
560559.0,22383,2,3.3,,
560560.0,22383,4,6.6,,
560561.0,22423,1,12.75,,
560562.0,85099B,2,3.9,,
560563.0,84879,6,10.14,,
560564.0,47566,4,19.8,,
560565.0,22086,2,5.9,,
560566.0,85099B,6,11.7,,
560567.0,85123A,1,2.55,,
560568.0,21212,1,0.55,,
560569.0,22086,6,17.7,,
560570.0,47566,1,4.95,,
560571.0,22720,1,4.95,,
560572.0,85099B,12,23.4,,
560573.0,47566,1,4.95,,
560574.0,22423,6,76.5,,
560575.0,47566,12,59.4,,
560576.0,47566,1,4.95,,
560577.0,47566,12,59.4,,
560578.0,22086,6,17.7,,
560579.0,22423,1,12.75,,
560580.0,22086,1,2.95,,
560581.0,22086,2,5.9,,
560582.0,47566,1,4.95,,
560583.0,85123A,1,2.55,,
560584.0,22720,4,19.8,,
560585.0,21212,1,0.55,,
560586.0,47566,1,4.95,,
560587.0,21212,1,0.55,,
124222.0,POST,1,0.0,,
560589.0,85099B,6,11.7,,
560590.0,84879,4,6.76,,
560591.0,47566,2,9.9,,
560592.0,84879,24,40.56,,
560593.0,85099B,1,1.95,,
560594.0,84879,12,20.28,,
560595.0,85123A,6,15.3,,
560596.0,85099B,12,23.4,,
560597.0,47566,6,29.7,,
560598.0,22423,2,25.5,,
560599.0,22383,4,6.6,,
560600.0,85123A,2,5.1,,
560601.0,85099B,2,3.9,,
560602.0,22086,4,11.8,,
560603.0,47566,2,9.9,,
560604.0,85123A,1,2.55,,
560605.0,21212,1,0.55,,
560606.0,47566,2,9.9,,
560607.0,22383,6,9.9,,
560608.0,22423,2,25.5,,
560609.0,22720,12,59.4,,
560610.0,85123A,1,2.55,,
560611.0,21212,1,0.55,,
560612.0,85099B,1,1.95,,
560613.0,85123A,4,10.2,,
560614.0,22423,24,306.0,,
560615.0,85123A,1,2.55,,
560616.0,21212,4,2.2,,
560617.0,22720,2,9.9,,
560618.0,85099B,2,3.9,,
560619.0,22383,12,19.8,,
560620.0,85123A,12,30.6,,
124255.0,22720,1,0.0,,
560622.0,47566,4,19.8,,
560623.0,47566,1,4.95,,
560624.0,47566,4,19.8,,
560625.0,47566,6,29.7,,
560626.0,22423,1,12.75,,
124261.0,22383,1,0.0,,
560628.0,47566,1,4.95,,
560629.0,22086,6,17.7,,
560630.0,47566,1,4.95,,
560631.0,84879,2,3.38,,
560632.0,POST,1,18.0,,
560633.0,47566,2,9.9,,
560634.0,22383,4,6.6,,
560635.0,85123A,2,5.1,,
560636.0,85123A,12,30.6,,
560637.0,POST,1,18.0,,
560638.0,22383,6,9.9,,
560639.0,85099B,1,1.95,,
560640.0,22720,2,9.9,,
560641.0,22086,2,5.9,,
560642.0,22720,6,29.7,,
560643.0,21212,1,0.55,,
560644.0,22086,1,2.95,,
560645.0,85123A,6,15.3,,
560646.0,47566,2,9.9,,
560647.0,85123A,1,2.55,,
560648.0,22383,4,6.6,,
124283.0,22383,1,0.0,,
560650.0,POST,2,36.0,,
560651.0,47566,2,9.9,,
560652.0,POST,1,18.0,,
560653.0,47566,6,29.7,,
560654.0,84879,2,3.38,,
560655.0,21212,6,3.3,,
560656.0,22086,6,17.7,,
560657.0,POST,2,36.0,,
560658.0,47566,1,4.95,,
560659.0,21212,6,3.3,,
560660.0,21212,12,6.6,,
560661.0,21212,1,0.55,,
560662.0,22720,1,4.95,,
560663.0,47566,2,9.9,,
560664.0,22423,1,12.75,,
560665.0,21212,2,1.1,,
560666.0,84879,1,1.69,,
560667.0,22383,4,6.6,,
560668.0,21212,1,0.55,,
560669.0,47566,1,4.95,,
560670.0,22383,4,6.6,,
560671.0,21212,6,3.3,,
560672.0,21212,1,0.55,,
560673.0,22383,2,3.3,,
560674.0,85099B,4,7.8,,
560675.0,22423,6,76.5,,
560676.0,POST,1,18.0,,
560677.0,85099B,6,11.7,,
560678.0,47566,1,4.95,,
560679.0,85099B,4,7.8,,
560680.0,21212,4,2.2,,
560681.0,47566,1,4.95,,
560682.0,84879,2,3.38,,
560683.0,POST,6,108.0,,
124318.0,84879,1,0.0,,
560685.0,21212,6,3.3,,
560686.0,85123A,2,5.1,,
560687.0,POST,4,72.0,,
560688.0,22423,1,12.75,,
560689.0,85123A,4,10.2,,
124324.0,22383,1,0.0,,
560691.0,47566,2,9.9,,
560692.0,47566,2,9.9,,
560693.0,22423,4,51.0,,
560694.0,47566,1,4.95,,
560695.0,47566,4,19.8,,
560696.0,POST,1,18.0,,
560697.0,85099B,2,3.9,,
560698.0,22383,4,6.6,,
560699.0,85123A,6,15.3,,
560700.0,47566,6,29.7,,
560701.0,21212,2,1.1,,
560702.0,21212,2,1.1,,
560703.0,POST,1,18.0,,
560704.0,22383,2,3.3,,
560705.0,POST,1,18.0,,
560706.0,21212,1,0.55,,
560707.0,POST,6,108.0,,
560708.0,47566,1,4.95,,
560709.0,22086,1,2.95,,
560710.0,84879,6,10.14,,
560711.0,47566,2,9.9,,
560712.0,21212,12,6.6,,
560713.0,22383,6,9.9,,
560714.0,21212,1,0.55,,
560715.0,85099B,2,3.9,,
560716.0,22423,1,12.75,,
560717.0,22086,2,5.9,,
560718.0,22720,1,4.95,,
560719.0,85099B,2,3.9,,
560720.0,22086,4,11.8,,
560721.0,22423,2,25.5,,
560722.0,22086,4,11.8,,
560723.0,POST,2,36.0,,
560724.0,22720,1,4.95,,
560725.0,85123A,12,30.6,,
124360.0,POST,1,0.0,,
560727.0,22423,1,12.75,,
560728.0,84879,6,10.14,,
560729.0,85123A,1,2.55,,
560730.0,85099B,1,1.95,,
560731.0,22720,2,9.9,,
560732.0,21212,1,0.55,,
560733.0,22086,4,11.8,,
560734.0,22720,2,9.9,,
560735.0,85123A,1,2.55,,
560736.0,22383,1,1.65,,
560737.0,84879,2,3.38,,
560738.0,85099B,1,1.95,,
560739.0,22423,1,12.75,,
560740.0,84879,1,1.69,,
560741.0,84879,1,1.69,,
560742.0,85099B,6,11.7,,
560743.0,85123A,2,5.1,,
560744.0,85123A,1,2.55,,
560745.0,22383,6,9.9,,
560746.0,47566,6,29.7,,
560747.0,22383,2,3.3,,
560748.0,85099B,1,1.95,,
560749.0,22383,12,19.8,,
560750.0,47566,1,4.95,,
124385.0,22720,1,0.0,,
560752.0,22086,2,5.9,,
560753.0,POST,12,216.0,,
560754.0,21212,2,1.1,,
560755.0,47566,1,4.95,,
560756.0,22720,1,4.95,,
560757.0,22423,2,25.5,,
560758.0,22720,1,4.95,,
560759.0,22086,1,2.95,,
560760.0,22383,1,1.65,,
560761.0,22720,1,4.95,,
560762.0,84879,2,3.38,,
560763.0,22423,4,51.0,,
560764.0,22720,12,59.4,,
560765.0,84879,4,6.76,,
560766.0,85123A,6,15.3,,
560767.0,22383,2,3.3,,
560768.0,22383,4,6.6,,
560769.0,85123A,1,2.55,,
560770.0,85123A,1,2.55,,
560771.0,POST,24,432.0,,
560772.0,22423,1,12.75,,
560773.0,POST,12,216.0,,
560774.0,22423,1,12.75,,
124409.0,POST,1,0.0,,
560776.0,85099B,12,23.4,,
560777.0,85099B,1,1.95,,
560778.0,85099B,12,23.4,,
560779.0,22383,2,3.3,,
560780.0,22086,1,2.95,,
560781.0,22383,4,6.6,,
560782.0,21212,2,1.1,,
560783.0,22720,6,29.7,,
560784.0,47566,4,19.8,,
560785.0,POST,1,18.0,,
560786.0,85099B,6,11.7,,
560787.0,22720,12,59.4,,
560788.0,85099B,4,7.8,,
560789.0,22383,1,1.65,,
560790.0,84879,12,20.28,,
560791.0,22086,6,17.7,,
560792.0,21212,1,0.55,,
560793.0,22086,1,2.95,,
560794.0,22383,1,1.65,,
560795.0,22383,6,9.9,,
560796.0,POST,6,108.0,,
560797.0,22423,4,51.0,,
560798.0,POST,6,108.0,,
560799.0,84879,1,1.69,,
560800.0,84879,6,10.14,,
560801.0,85123A,2,5.1,,
560802.0,84879,1,1.69,,
560803.0,47566,2,9.9,,
560804.0,85123A,1,2.55,,
560805.0,85123A,1,2.55,,
560806.0,21212,2,1.1,,
560807.0,21212,4,2.2,,
560808.0,22423,6,76.5,,
560809.0,21212,2,1.1,,
560810.0,22086,2,5.9,,
560811.0,85123A,2,5.1,,
560812.0,21212,6,3.3,,
560813.0,22383,1,1.65,,
560814.0,22383,1,1.65,,
560815.0,84879,6,10.14,,
560816.0,22086,6,17.7,,
560817.0,47566,1,4.95,,
560818.0,22720,2,9.9,,
560819.0,84879,1,1.69,,
560820.0,84879,4,6.76,,
560821.0,22383,2,3.3,,
560822.0,47566,1,4.95,,
560823.0,21212,6,3.3,,
560824.0,POST,4,72.0,,
560825.0,85123A,6,15.3,,
560826.0,22720,4,19.8,,
560827.0,85123A,2,5.1,,
560828.0,47566,1,4.95,,
560829.0,85099B,6,11.7,,
560830.0,22423,1,12.75,,
560831.0,21212,4,2.2,,
560832.0,85123A,1,2.55,,
560833.0,22383,6,9.9,,
560834.0,85099B,12,23.4,,
560835.0,85123A,12,30.6,,
560836.0,22086,2,5.9,,
560837.0,85123A,12,30.6,,
560838.0,85123A,1,2.55,,
560839.0,85099B,4,7.8,,
560840.0,22086,1,2.95,,
560841.0,22383,1,1.65,,
560842.0,85123A,2,5.1,,
560843.0,22086,6,17.7,,
560844.0,22086,1,2.95,,
560845.0,POST,1,18.0,,
560846.0,84879,24,40.56,,
560847.0,22086,2,5.9,,
560848.0,22383,4,6.6,,
560849.0,22086,4,11.8,,
560850.0,85099B,12,23.4,,
560851.0,47566,2,9.9,,
560852.0,21212,1,0.55,,
560853.0,22423,1,12.75,,
560854.0,21212,2,1.1,,
560855.0,47566,4,19.8,,
560856.0,22720,4,19.8,,
560857.0,85099B,6,11.7,,
560858.0,22086,1,2.95,,
560859.0,22086,6,17.7,,
560860.0,POST,6,108.0,,
560861.0,84879,12,20.28,,
560862.0,84879,6,10.14,,
560863.0,22720,1,4.95,,
560864.0,85123A,12,30.6,,
560865.0,22383,4,6.6,,
124500.0,47566,1,0.0,,
560867.0,22086,1,2.95,,
560868.0,84879,12,20.28,,
560869.0,22720,1,4.95,,
560870.0,22086,2,5.9,,
560871.0,22720,2,9.9,,
560872.0,POST,6,108.0,,
560873.0,22423,1,12.75,,
560874.0,22720,6,29.7,,
560875.0,22383,6,9.9,,
560876.0,POST,1,18.0,,
124511.0,85099B,1,0.0,,
560878.0,22383,6,9.9,,
560879.0,47566,6,29.7,,
560880.0,85099B,6,11.7,,
560881.0,85123A,2,5.1,,
560882.0,22720,1,4.95,,
560883.0,84879,4,6.76,,
560884.0,47566,4,19.8,,
560885.0,47566,2,9.9,,
560886.0,85123A,2,5.1,,
560887.0,22423,12,153.0,,
560888.0,47566,6,29.7,,
560889.0,47566,4,19.8,,
560890.0,POST,2,36.0,,
560891.0,22383,1,1.65,,
560892.0,47566,1,4.95,,
560893.0,POST,6,108.0,,
560894.0,47566,1,4.95,,
560895.0,85099B,4,7.8,,
560896.0,22086,2,5.9,,
560897.0,85099B,1,1.95,,
560898.0,22720,4,19.8,,
560899.0,47566,1,4.95,,
560900.0,POST,1,18.0,,
560901.0,21212,1,0.55,,
560902.0,22720,1,4.95,,
560903.0,22383,1,1.65,,
560904.0,22086,6,17.7,,
560905.0,22383,1,1.65,,
560906.0,47566,4,19.8,,
560907.0,22383,6,9.9,,
560908.0,84879,2,3.38,,
560909.0,22086,4,11.8,,
560910.0,85123A,1,2.55,,
124545.0,85099B,1,0.0,,
560912.0,22086,2,5.9,,
560913.0,85099B,4,7.8,,
560914.0,22086,6,17.7,,
560915.0,84879,4,6.76,,
560916.0,21212,2,1.1,,
560917.0,22720,6,29.7,,
560918.0,POST,1,18.0,,
124553.0,POST,1,0.0,,
560920.0,22423,1,12.75,,
560921.0,85099B,2,3.9,,
560922.0,85123A,1,2.55,,
560923.0,22086,2,5.9,,
560924.0,22720,2,9.9,,
560925.0,84879,2,3.38,,
560926.0,22086,1,2.95,,
560927.0,84879,4,6.76,,
560928.0,22423,6,76.5,,
560929.0,POST,6,108.0,,
560930.0,85123A,2,5.1,,
560931.0,22383,2,3.3,,
560932.0,47566,6,29.7,,
560933.0,22423,1,12.75,,
560934.0,22086,6,17.7,,
560935.0,47566,2,9.9,,
560936.0,22423,1,12.75,,
560937.0,84879,4,6.76,,
560938.0,84879,4,6.76,,
560939.0,84879,6,10.14,,
560940.0,22086,2,5.9,,
560941.0,85099B,2,3.9,,
560942.0,85123A,1,2.55,,
560943.0,47566,2,9.9,,
560944.0,22720,4,19.8,,
560945.0,22720,2,9.9,,
560946.0,85123A,2,5.1,,
560947.0,85099B,1,1.95,,
560948.0,POST,1,18.0,,
560949.0,21212,2,1.1,,
560950.0,84879,1,1.69,,
560951.0,85099B,1,1.95,,
560952.0,47566,1,4.95,,
560953.0,22720,1,4.95,,
560954.0,47566,4,19.8,,
560955.0,85099B,1,1.95,,
560956.0,POST,24,432.0,,
560957.0,22720,2,9.9,,
560958.0,POST,2,36.0,,
560959.0,84879,12,20.28,,
560960.0,85123A,4,10.2,,
560961.0,47566,1,4.95,,
560962.0,85123A,4,10.2,,
560963.0,22423,6,76.5,,
560964.0,21212,1,0.55,,
560965.0,22086,4,11.8,,
560966.0,22423,24,306.0,,
560967.0,21212,1,0.55,,
560968.0,85099B,6,11.7,,
560969.0,21212,1,0.55,,
560970.0,22086,1,2.95,,
560971.0,22423,1,12.75,,
560972.0,22086,24,70.8,,
560973.0,21212,1,0.55,,
560974.0,21212,1,0.55,,
560975.0,85123A,1,2.55,,
560976.0,22720,4,19.8,,
560977.0,84879,4,6.76,,
560978.0,22423,2,25.5,,
560979.0,22383,4,6.6,,
560980.0,POST,6,108.0,,
560981.0,22720,2,9.9,,
560982.0,84879,1,1.69,,
560983.0,22383,1,1.65,,
560984.0,85123A,12,30.6,,
560985.0,22423,4,51.0,,
560986.0,22720,1,4.95,,
560987.0,22086,2,5.9,,
560988.0,47566,1,4.95,,
560989.0,47566,2,9.9,,
560990.0,POST,1,18.0,,
560991.0,21212,1,0.55,,
560992.0,22383,4,6.6,,
560993.0,84879,1,1.69,,
560994.0,84879,1,1.69,,
560995.0,85123A,2,5.1,,
560996.0,22720,2,9.9,,
560997.0,22423,1,12.75,,
560998.0,22086,1,2.95,,
560999.0,22720,2,9.9,,
561000.0,85099B,6,11.7,,
561001.0,47566,4,19.8,,
561002.0,22423,12,153.0,,
561003.0,85123A,1,2.55,,
561004.0,22383,1,1.65,,
561005.0,22423,4,51.0,,
561006.0,85099B,4,7.8,,
561007.0,22423,6,76.5,,
561008.0,85123A,4,10.2,,
561009.0,22423,2,25.5,,
561010.0,21212,2,1.1,,
561011.0,POST,1,18.0,,
561012.0,22086,12,35.4,,
561013.0,22720,1,4.95,,
561014.0,47566,1,4.95,,
561015.0,22086,2,5.9,,
561016.0,22086,1,2.95,,
561017.0,22086,2,5.9,,
561018.0,22720,2,9.9,,
561019.0,21212,6,3.3,,
561020.0,22086,6,17.7,,
561021.0,85123A,2,5.1,,
561022.0,22720,1,4.95,,
561023.0,47566,1,4.95,,
561024.0,47566,6,29.7,,
561025.0,POST,6,108.0,,
561026.0,47566,2,9.9,,
561027.0,POST,1,18.0,,
561028.0,21212,4,2.2,,
561029.0,85099B,1,1.95,,
561030.0,85099B,12,23.4,,
561031.0,22423,6,76.5,,
561032.0,85099B,2,3.9,,
561033.0,85099B,2,3.9,,
561034.0,POST,4,72.0,,
561035.0,85123A,2,5.1,,
561036.0,22086,6,17.7,,
561037.0,85099B,1,1.95,,
561038.0,21212,1,0.55,,
561039.0,22423,12,153.0,,
561040.0,85123A,2,5.1,,
561041.0,85099B,1,1.95,,
561042.0,22383,1,1.65,,
561043.0,47566,1,4.95,,
561044.0,22086,2,5.9,,
561045.0,POST,2,36.0,,
561046.0,85099B,4,7.8,,
561047.0,84879,4,6.76,,
124682.0,POST,1,0.0,,
561049.0,84879,2,3.38,,
561050.0,85123A,24,61.2,,
561051.0,84879,1,1.69,,
561052.0,22383,24,39.6,,
561053.0,POST,1,18.0,,
561054.0,47566,1,4.95,,
561055.0,22383,2,3.3,,
561056.0,22383,2,3.3,,
124691.0,22423,1,0.0,,
561058.0,85123A,4,10.2,,
561059.0,POST,6,108.0,,
561060.0,22086,2,5.9,,
561061.0,22086,2,5.9,,
561062.0,85123A,2,5.1,,
561063.0,22720,1,4.95,,
561064.0,85123A,1,2.55,,
561065.0,POST,1,18.0,,
561066.0,47566,1,4.95,,
561067.0,85123A,1,2.55,,
561068.0,POST,4,72.0,,
561069.0,84879,6,10.14,,
561070.0,85123A,1,2.55,,
124705.0,85123A,1,0.0,,
561072.0,85123A,2,5.1,,
561073.0,22423,1,12.75,,
561074.0,22423,2,25.5,,
561075.0,85123A,1,2.55,,
561076.0,21212,1,0.55,,
561077.0,47566,4,19.8,,
561078.0,POST,2,36.0,,
561079.0,22383,1,1.65,,
124714.0,22383,1,0.0,,
561081.0,84879,1,1.69,,
561082.0,22383,1,1.65,,
561083.0,22720,6,29.7,,
561084.0,22720,1,4.95,,
561085.0,22086,4,11.8,,
561086.0,22383,2,3.3,,
561087.0,21212,2,1.1,,
561088.0,22086,1,2.95,,
561089.0,22423,2,25.5,,
561090.0,22423,6,76.5,,
561091.0,POST,1,18.0,,
561092.0,22423,1,12.75,,
561093.0,85099B,2,3.9,,
561094.0,47566,1,4.95,,
561095.0,21212,2,1.1,,
561096.0,21212,1,0.55,,
561097.0,22423,1,12.75,,
561098.0,85099B,1,1.95,,
561099.0,85099B,2,3.9,,
561100.0,22383,2,3.3,,
561101.0,22720,12,59.4,,
561102.0,85123A,4,10.2,,
561103.0,22086,1,2.95,,
561104.0,22720,1,4.95,,
561105.0,85123A,1,2.55,,
561106.0,22720,1,4.95,,
561107.0,22423,2,25.5,,
561108.0,85123A,12,30.6,,
561109.0,22720,4,19.8,,
561110.0,22720,6,29.7,,
561111.0,22423,2,25.5,,
561112.0,47566,1,4.95,,
561113.0,22423,12,153.0,,
561114.0,21212,2,1.1,,
561115.0,22720,1,4.95,,
561116.0,22720,4,19.8,,
561117.0,85123A,1,2.55,,
561118.0,85123A,1,2.55,,
561119.0,22423,4,51.0,,
561120.0,22423,2,25.5,,
561121.0,POST,12,216.0,,
561122.0,47566,6,29.7,,
561123.0,85123A,1,2.55,,
561124.0,21212,2,1.1,,
561125.0,21212,1,0.55,,
561126.0,47566,4,19.8,,
561127.0,22720,6,29.7,,
561128.0,22383,1,1.65,,
561129.0,22086,1,2.95,,
561130.0,22720,1,4.95,,
561131.0,85099B,1,1.95,,
561132.0,22423,2,25.5,,
561133.0,22086,2,5.9,,
561134.0,22086,4,11.8,,
561135.0,22086,12,35.4,,
124770.0,84879,1,0.0,,
561137.0,85099B,1,1.95,,
561138.0,22086,6,17.7,,
561139.0,22383,6,9.9,,
561140.0,22423,2,25.5,,
561141.0,22720,1,4.95,,
561142.0,22383,6,9.9,,
561143.0,22086,2,5.9,,
561144.0,85099B,1,1.95,,
561145.0,POST,6,108.0,,
561146.0,22086,6,17.7,,
561147.0,22423,2,25.5,,
561148.0,22086,1,2.95,,
561149.0,47566,4,19.8,,
561150.0,21212,6,3.3,,
561151.0,84879,1,1.69,,
561152.0,85123A,1,2.55,,
561153.0,47566,6,29.7,,
561154.0,22086,2,5.9,,
561155.0,22423,2,25.5,,
561156.0,47566,6,29.7,,
561157.0,22720,1,4.95,,
561158.0,22086,2,5.9,,
561159.0,21212,1,0.55,,
561160.0,22086,2,5.9,,
561161.0,21212,2,1.1,,
561162.0,85099B,6,11.7,,
561163.0,22423,12,153.0,,
561164.0,22720,1,4.95,,
561165.0,22720,4,19.8,,
561166.0,22720,4,19.8,,
561167.0,22086,1,2.95,,
561168.0,POST,24,432.0,,
561169.0,85099B,2,3.9,,
561170.0,47566,1,4.95,,
561171.0,22720,2,9.9,,
561172.0,85123A,12,30.6,,
561173.0,84879,1,1.69,,
561174.0,22423,4,51.0,,
561175.0,47566,6,29.7,,
561176.0,POST,2,36.0,,
561177.0,POST,6,108.0,,
561178.0,22423,6,76.5,,
561179.0,84879,2,3.38,,
561180.0,85123A,12,30.6,,
561181.0,21212,1,0.55,,
561182.0,85123A,6,15.3,,
561183.0,85123A,2,5.1,,
561184.0,POST,1,18.0,,
561185.0,85099B,2,3.9,,
561186.0,21212,2,1.1,,
561187.0,22423,24,306.0,,
561188.0,22720,2,9.9,,
561189.0,POST,1,18.0,,
561190.0,22383,1,1.65,,
561191.0,22383,6,9.9,,
561192.0,84879,6,10.14,,
561193.0,85099B,2,3.9,,
561194.0,85099B,1,1.95,,
561195.0,21212,1,0.55,,
561196.0,85123A,4,10.2,,
561197.0,22720,1,4.95,,
561198.0,84879,6,10.14,,
561199.0,22086,1,2.95,,
561200.0,22423,1,12.75,,
561201.0,47566,4,19.8,,
561202.0,84879,1,1.69,,
561203.0,47566,12,59.4,,
561204.0,22423,1,12.75,,
561205.0,84879,1,1.69,,
561206.0,21212,1,0.55,,
561207.0,POST,1,18.0,,
561208.0,22720,4,19.8,,
561209.0,POST,4,72.0,,
561210.0,21212,6,3.3,,
561211.0,POST,2,36.0,,
561212.0,21212,1,0.55,,
561213.0,POST,1,18.0,,
561214.0,84879,12,20.28,,
561215.0,POST,12,216.0,,
561216.0,85099B,6,11.7,,
124851.0,POST,1,0.0,,
561218.0,22423,2,25.5,,
561219.0,POST,4,72.0,,
561220.0,47566,1,4.95,,
561221.0,21212,2,1.1,,
561222.0,22086,1,2.95,,
561223.0,85123A,2,5.1,,
561224.0,84879,6,10.14,,
561225.0,22086,24,70.8,,
561226.0,85123A,1,2.55,,
561227.0,47566,12,59.4,,
561228.0,85123A,24,61.2,,
561229.0,47566,4,19.8,,
561230.0,84879,2,3.38,,
561231.0,84879,1,1.69,,
561232.0,85099B,6,11.7,,
561233.0,85099B,12,23.4,,
561234.0,POST,6,108.0,,
561235.0,84879,2,3.38,,
561236.0,85099B,6,11.7,,
561237.0,22423,1,12.75,,
561238.0,84879,12,20.28,,
561239.0,85123A,2,5.1,,
561240.0,22383,4,6.6,,
561241.0,POST,2,36.0,,
561242.0,22720,2,9.9,,
561243.0,85123A,1,2.55,,
561244.0,22383,2,3.3,,
561245.0,85099B,1,1.95,,
561246.0,22423,1,12.75,,
561247.0,85099B,1,1.95,,
124882.0,21212,1,0.0,,
561249.0,22383,1,1.65,,
561250.0,85123A,1,2.55,,
561251.0,22086,4,11.8,,
561252.0,21212,2,1.1,,
561253.0,22720,2,9.9,,
561254.0,22086,6,17.7,,
561255.0,POST,1,18.0,,
561256.0,85123A,2,5.1,,
561257.0,22720,6,29.7,,
561258.0,85099B,12,23.4,,
561259.0,84879,2,3.38,,
561260.0,21212,1,0.55,,
561261.0,85099B,1,1.95,,
561262.0,POST,6,108.0,,
561263.0,21212,12,6.6,,
561264.0,85099B,1,1.95,,
561265.0,21212,1,0.55,,
561266.0,POST,2,36.0,,
561267.0,85123A,2,5.1,,
561268.0,85099B,12,23.4,,
561269.0,21212,4,2.2,,
561270.0,22383,6,9.9,,
561271.0,85099B,1,1.95,,
561272.0,22423,24,306.0,,
561273.0,POST,6,108.0,,
561274.0,22423,2,25.5,,
561275.0,47566,12,59.4,,
561276.0,85123A,2,5.1,,
561277.0,POST,12,216.0,,
561278.0,22720,1,4.95,,
561279.0,47566,1,4.95,,
561280.0,22720,24,118.8,,
561281.0,84879,6,10.14,,
561282.0,21212,4,2.2,,
561283.0,22086,2,5.9,,
561284.0,84879,2,3.38,,
561285.0,21212,2,1.1,,
561286.0,85099B,1,1.95,,
561287.0,22086,2,5.9,,
561288.0,22423,6,76.5,,
561289.0,85123A,4,10.2,,
561290.0,POST,1,18.0,,
561291.0,21212,6,3.3,,
561292.0,22720,1,4.95,,
561293.0,84879,6,10.14,,
561294.0,85099B,2,3.9,,
561295.0,47566,1,4.95,,
561296.0,84879,12,20.28,,
561297.0,22720,1,4.95,,
561298.0,85123A,4,10.2,,
561299.0,84879,1,1.69,,
561300.0,85123A,4,10.2,,
561301.0,84879,1,1.69,,
561302.0,21212,1,0.55,,
561303.0,22383,12,19.8,,
561304.0,47566,1,4.95,,
561305.0,22086,1,2.95,,
561306.0,21212,2,1.1,,
561307.0,85123A,1,2.55,,
561308.0,85123A,1,2.55,,
561309.0,47566,6,29.7,,
561310.0,22423,4,51.0,,
561311.0,22720,6,29.7,,
561312.0,22423,2,25.5,,
561313.0,21212,1,0.55,,
561314.0,POST,1,18.0,,
561315.0,22086,1,2.95,,
561316.0,47566,4,19.8,,
561317.0,85123A,6,15.3,,
124952.0,85123A,1,0.0,,
561319.0,85123A,1,2.55,,
561320.0,22720,4,19.8,,
561321.0,22720,2,9.9,,
561322.0,85099B,6,11.7,,
561323.0,85123A,2,5.1,,
561324.0,22423,12,153.0,,
561325.0,22086,6,17.7,,
561326.0,22423,2,25.5,,
561327.0,47566,4,19.8,,
561328.0,85123A,12,30.6,,
561329.0,POST,2,36.0,,
561330.0,84879,12,20.28,,
561331.0,22720,2,9.9,,
561332.0,22720,2,9.9,,
561333.0,85123A,1,2.55,,
561334.0,22086,1,2.95,,
561335.0,22423,2,25.5,,
561336.0,22086,6,17.7,,
561337.0,84879,1,1.69,,
561338.0,21212,1,0.55,,
561339.0,22383,6,9.9,,
561340.0,85123A,12,30.6,,
561341.0,85099B,2,3.9,,
561342.0,85123A,24,61.2,,
561343.0,85123A,12,30.6,,
561344.0,85099B,2,3.9,,
561345.0,47566,6,29.7,,
561346.0,22086,2,5.9,,
561347.0,47566,1,4.95,,
561348.0,22383,4,6.6,,
561349.0,POST,1,18.0,,
561350.0,22423,1,12.75,,
561351.0,POST,1,18.0,,
124986.0,47566,1,0.0,,
561353.0,POST,4,72.0,,
561354.0,22720,12,59.4,,
561355.0,84879,1,1.69,,
561356.0,22383,4,6.6,,
561357.0,22383,12,19.8,,
561358.0,21212,1,0.55,,
561359.0,22086,1,2.95,,
561360.0,22086,6,17.7,,
561361.0,84879,1,1.69,,
561362.0,22383,2,3.3,,
561363.0,85099B,1,1.95,,
561364.0,21212,2,1.1,,
561365.0,POST,2,36.0,,
