return_id,order_id,customer_id,product_id,return_date,return_reason,quantity_returned,refund_amount
13,85,13791,150.0,2024-01-04 16:09:03.170109,Wrong Item,1.0,1236.32
14,85,13791,429.0,2023-12-26 16:09:03.170109,Did not match description,1.0,312.28
15,85,13791,977.0,2023-12-14 16:09:03.170109,Changed Mind,3.0,3730.23
20,110,11462,184.0,2022-10-28 05:00:59.936424,Did not match description,1.0,1888.0
21,110,11462,834.0,2022-10-30 05:00:59.936424,Defective,1.0,329.06
22,110,11462,494.0,2022-10-28 05:00:59.936424,Did not match description,1.0,142.11
30,196,19090,827.0,2024-01-10 23:42:36.658069,Changed Mind,1.0,1522.42
31,196,19090,271.0,2024-01-15 23:42:36.658069,Changed Mind,1.0,1836.04
33,217,3533,823.0,2023-07-01 10:12:08.724846,Wrong Item,2.0,532.52
35,243,5343,367.0,2023-12-21 20:25:10.147729,Defective,1.0,463.13
36,243,5343,394.0,2024-01-01 20:25:10.147729,Wrong Item,2.0,86.24
37,243,5343,755.0,2023-12-19 20:25:10.147729,Changed Mind,4.0,681.56
43,282,11552,71.0,2022-04-02 04:01:24.691614,Wrong Item,1.0,832.26
49,337,12353,79.0,2021-09-26 03:29:02.964275,Wrong Item,2.0,1275.17
57,463,3087,677.0,2023-02-13 11:59:46.679661,Defective,1.0,166.35
58,463,3087,687.0,2023-02-17 11:59:46.679661,Did not match description,1.0,31.74
59,463,3087,948.0,2023-01-28 11:59:46.679661,Did not match description,1.0,349.55
61,473,15571,937.0,2023-04-30 07:58:03.255938,Did not match description,1.0,1020.86
64,548,1266,185.0,2022-10-31 19:24:49.951312,Did not match description,1.0,250.92
75,586,11347,859.0,2022-11-23 09:42:03.483899,Defective,1.0,1769.95
76,602,15115,448.0,2022-05-18 12:08:02.243650,Defective,5.0,4843.7
77,602,15115,464.0,2022-05-12 12:08:02.243650,Changed Mind,1.0,440.65
78,602,15115,679.0,2022-05-04 12:08:02.243650,Did not match description,1.0,1109.05
80,652,11154,863.0,2022-10-25 10:00:09.183813,Changed Mind,1.0,592.86
81,652,11154,986.0,2022-10-03 10:00:09.183813,Did not match description,1.0,107.31
88,680,6754,282.0,2022-05-27 02:34:32.395518,Did not match description,1.0,677.85
89,680,6754,400.0,2022-06-24 02:34:32.395518,Changed Mind,1.0,1111.7
90,680,6754,989.0,2022-06-05 02:34:32.395518,Changed Mind,3.0,484.22
91,680,6754,253.0,2022-06-22 02:34:32.395518,Wrong Item,1.0,279.31
101,729,11426,83.0,2023-07-10 10:21:09.215985,Changed Mind,1.0,1143.63
102,729,11426,89.0,2023-07-17 10:21:09.215985,Defective,1.0,1887.49
103,729,11426,369.0,2023-06-25 10:21:09.215985,Defective,1.0,289.46
104,743,9509,794.0,2023-11-21 01:07:05.257774,Wrong Item,2.0,998.21
105,743,9509,83.0,2023-11-13 01:07:05.257774,Did not match description,1.0,1345.45
106,743,9509,133.0,2023-11-03 01:07:05.257774,Wrong Item,3.0,1532.88
118,791,13921,409.0,2023-06-30 06:00:20.585914,Defective,2.0,330.0
119,799,17970,903.0,2023-05-03 15:23:38.902291,Wrong Item,4.0,5880.52
126,849,4963,742.0,2023-09-26 11:16:01.015955,Defective,1.0,1393.57
129,897,11572,282.0,2022-06-20 07:28:39.246436,Wrong Item,1.0,677.85
130,897,11572,204.0,2022-06-09 07:28:39.246436,Wrong Item,1.0,344.4
133,913,13259,476.0,2024-01-11 18:28:58.684436,Did not match description,2.0,408.62
134,913,13259,321.0,2024-01-23 18:28:58.684436,Did not match description,1.0,903.32
135,913,13259,261.0,2024-01-19 18:28:58.684436,Changed Mind,1.0,314.78
136,913,13259,737.0,2024-01-25 18:28:58.684436,Wrong Item,1.0,349.37
137,913,13259,208.0,2024-01-15 18:28:58.684436,Changed Mind,1.0,574.14
149,966,18913,868.0,2023-09-22 09:19:01.110197,Defective,1.0,1328.7
150,974,19554,11.0,2024-01-22 03:34:20.612329,Wrong Item,2.0,672.46
151,974,19554,61.0,2024-01-03 03:34:20.612329,Did not match description,1.0,198.56
152,974,19554,575.0,2024-01-24 03:34:20.612329,Changed Mind,4.0,2525.15
155,987,596,544.0,2022-11-22 03:42:07.177683,Changed Mind,1.0,1502.82
164,1027,1039,727.0,2022-02-28 22:05:20.423634,Wrong Item,1.0,238.28
165,1027,1039,56.0,2022-02-25 22:05:20.423634,Defective,1.0,64.01
166,1027,1039,21.0,2022-03-01 22:05:20.423634,Wrong Item,1.0,1853.24
167,1027,1039,577.0,2022-03-22 22:05:20.423634,Changed Mind,1.0,359.23
168,1029,1815,943.0,2023-11-14 09:04:27.618507,Wrong Item,1.0,570.08
169,1038,2936,722.0,2023-02-14 13:00:32.160497,Did not match description,2.0,2693.24
170,1038,2936,730.0,2023-02-02 13:00:32.160497,Did not match description,1.0,1639.85
173,1046,4730,561.0,2024-01-26 16:08:50.401203,Defective,1.0,546.29
174,1046,4730,446.0,2024-01-15 16:08:50.401203,Defective,1.0,353.94
180,1100,14059,471.0,2023-07-02 11:23:48.534506,Did not match description,3.0,1243.59
181,1100,14059,830.0,2023-07-12 11:23:48.534506,Changed Mind,1.0,87.92
182,1100,14059,436.0,2023-07-17 11:23:48.534506,Defective,2.0,273.1
183,1100,14059,743.0,2023-07-20 11:23:48.534506,Changed Mind,1.0,254.41
187,1148,3912,227.0,2023-10-02 22:08:59.293467,Defective,1.0,204.98
188,1148,3912,836.0,2023-09-30 22:08:59.293467,Wrong Item,1.0,1022.78
189,1148,3912,200.0,2023-10-01 22:08:59.293467,Defective,1.0,181.65
191,1214,8031,896.0,2022-08-27 03:31:50.597874,Defective,3.0,464.55
192,1214,8031,440.0,2022-08-21 03:31:50.597874,Defective,1.0,1048.37
195,1229,3228,902.0,2022-12-23 19:14:03.020605,Defective,1.0,285.76
196,1229,3228,509.0,2022-12-12 19:14:03.020605,Changed Mind,1.0,389.45
201,1255,9887,137.0,2023-03-21 08:19:47.161915,Changed Mind,1.0,1645.22
202,1255,9887,552.0,2023-03-12 08:19:47.161915,Did not match description,1.0,1742.4
210,1301,906,278.0,2022-08-29 05:26:03.645142,Changed Mind,1.0,302.06
212,1324,5872,636.0,2022-11-12 05:53:06.319947,Changed Mind,1.0,273.1
222,1406,4334,812.0,2022-04-16 17:37:20.473636,Defective,2.0,1714.25
223,1406,4334,966.0,2022-04-17 17:37:20.473636,Did not match description,1.0,195.2
224,1413,18999,143.0,2021-12-30 23:49:13.039701,Wrong Item,1.0,563.74
225,1413,18999,3.0,2021-12-01 23:49:13.039701,Wrong Item,4.0,1233.96
226,1413,18999,73.0,2021-12-23 23:49:13.039701,Changed Mind,1.0,1228.88
227,1413,18999,296.0,2021-12-16 23:49:13.039701,Did not match description,1.0,320.19
228,1414,10923,71.0,2023-06-20 08:11:22.574735,Did not match description,2.0,1768.56
229,1414,10923,888.0,2023-06-22 08:11:22.574735,Changed Mind,1.0,324.27
230,1423,488,925.0,2023-12-10 10:34:14.135629,Defective,4.0,2558.72
231,1443,17467,446.0,2023-09-23 17:52:56.049446,Did not match description,1.0,300.85
232,1455,19376,774.0,2023-11-04 16:11:23.233460,Changed Mind,2.0,553.2
233,1455,19376,290.0,2023-10-20 16:11:23.233460,Defective,4.0,459.64
234,1455,19376,864.0,2023-10-25 16:11:23.233460,Defective,1.0,425.84
235,1455,19376,590.0,2023-10-19 16:11:23.233460,Defective,2.0,416.0
237,1465,19357,729.0,2023-09-04 00:23:59.274270,Wrong Item,1.0,224.18
238,1465,19357,169.0,2023-09-16 00:23:59.274270,Wrong Item,1.0,632.23
245,1496,11481,86.0,2021-07-26 16:25:18.745080,Changed Mind,1.0,171.3
246,1496,11481,61.0,2021-07-19 16:25:18.745080,Did not match description,1.0,233.6
250,1651,6726,469.0,2022-12-28 01:03:56.521451,Wrong Item,1.0,535.05
251,1651,6726,821.0,2022-12-09 01:03:56.521451,Did not match description,2.0,73.35
252,1658,9919,107.0,2023-09-16 05:48:21.848759,Changed Mind,1.0,66.33
254,1689,9912,500.0,2023-06-04 04:57:37.949737,Changed Mind,3.0,7115.07
255,1689,9912,756.0,2023-05-22 04:57:37.949737,Defective,2.0,527.17
256,1701,9108,34.0,2023-04-09 10:05:32.180381,Changed Mind,1.0,443.86
257,1701,9108,528.0,2023-04-05 10:05:32.180381,Did not match description,1.0,1667.59
260,1730,9699,31.0,2023-08-08 12:28:17.632921,Wrong Item,1.0,70.31
261,1730,9699,464.0,2023-08-11 12:28:17.632921,Changed Mind,2.0,749.11
262,1738,2911,884.0,2021-05-29 05:39:34.741863,Did not match description,1.0,387.86
263,1738,2911,501.0,2021-05-28 05:39:34.741863,Changed Mind,1.0,367.56
264,1738,2911,924.0,2021-05-12 05:39:34.741863,Wrong Item,1.0,298.61
271,1772,10429,5.0,2023-04-20 01:49:54.079157,Did not match description,1.0,140.87
272,1772,10429,804.0,2023-04-22 01:49:54.079157,Did not match description,1.0,88.91
273,1772,10429,445.0,2023-05-01 01:49:54.079157,Did not match description,1.0,138.05
274,1772,10429,463.0,2023-04-09 01:49:54.079157,Defective,1.0,1250.19
280,1814,15205,530.0,2023-11-29 16:40:32.278919,Defective,1.0,1501.66
281,1814,15205,598.0,2023-12-23 16:40:32.278919,Wrong Item,2.0,1322.97
286,1856,18625,579.0,2023-12-02 01:12:54.377981,Did not match description,1.0,421.56
287,1856,18625,320.0,2023-12-04 01:12:54.377981,Wrong Item,2.0,2185.98
295,1923,9341,352.0,2021-03-05 18:16:55.376036,Wrong Item,1.0,856.51
299,1966,18139,846.0,2022-06-07 02:59:56.931476,Defective,1.0,148.86
300,1986,15923,216.0,2023-10-01 18:57:19.565300,Did not match description,2.0,986.38
301,2005,2875,535.0,2023-06-01 02:27:01.537350,Defective,4.0,507.18
302,2005,2875,859.0,2023-05-25 02:27:01.537350,Defective,3.0,4247.88
304,2044,12157,527.0,2022-08-23 05:59:32.857849,Did not match description,1.0,161.52
306,2053,9711,347.0,2023-05-16 05:16:05.940295,Defective,1.0,201.83
307,2055,13308,657.0,2021-08-20 01:37:50.332574,Changed Mind,1.0,801.29
311,2070,18585,939.0,2023-09-14 08:53:21.192454,Changed Mind,3.0,3732.78
314,2085,19900,653.0,2022-12-27 07:50:50.958311,Changed Mind,1.0,240.29
315,2085,19900,587.0,2022-12-06 07:50:50.958311,Did not match description,2.0,285.85
316,2085,19900,869.0,2022-12-25 07:50:50.958311,Wrong Item,3.0,1100.58
317,2085,19900,915.0,2022-12-15 07:50:50.958311,Defective,1.0,2283.14
321,2101,4367,605.0,2023-07-16 14:27:42.856327,Defective,1.0,248.12
322,2101,4367,48.0,2023-07-22 14:27:42.856327,Did not match description,1.0,1111.28
328,2120,9613,366.0,2021-07-25 06:06:41.301364,Wrong Item,1.0,976.97
342,2199,9448,714.0,2023-04-11 10:31:31.018081,Changed Mind,2.0,736.74
350,2238,12590,452.0,2022-10-25 11:55:34.927524,Wrong Item,1.0,1746.27
351,2241,10442,542.0,2023-07-22 09:55:39.018425,Wrong Item,1.0,152.45
352,2241,10442,137.0,2023-07-10 09:55:39.018425,Wrong Item,3.0,4442.09
353,2247,11537,803.0,2022-02-28 14:33:36.324833,Defective,1.0,332.24
355,2297,16127,925.0,2023-02-01 19:02:49.731893,Changed Mind,5.0,2558.72
356,2297,16127,31.0,2023-01-09 19:02:49.731893,Defective,1.0,78.12
357,2323,6602,344.0,2023-06-22 20:25:28.269573,Did not match description,1.0,336.66
358,2323,6602,558.0,2023-06-26 20:25:28.269573,Did not match description,1.0,386.45
359,2323,6602,678.0,2023-06-15 20:25:28.269573,Did not match description,3.0,1253.67
362,2337,9586,979.0,2023-11-01 15:06:20.340018,Changed Mind,1.0,30.34
363,2337,9586,359.0,2023-11-25 15:06:20.340018,Wrong Item,1.0,258.88
368,2420,3328,974.0,2023-11-16 20:47:25.469552,Defective,1.0,1530.51
372,2433,10203,97.0,2022-11-22 21:49:12.532327,Changed Mind,1.0,219.18
375,2452,811,643.0,2024-01-06 16:10:23.539999,Defective,2.0,573.26
376,2452,811,217.0,2024-01-02 16:10:23.539999,Defective,1.0,1380.63
377,2452,811,299.0,2024-01-02 16:10:23.539999,Wrong Item,2.0,1827.22
378,2452,811,612.0,2023-12-28 16:10:23.539999,Wrong Item,1.0,205.3
380,2463,5249,244.0,2023-12-05 17:23:23.693313,Changed Mind,1.0,631.42
381,2463,5249,102.0,2023-12-17 17:23:23.693313,Changed Mind,2.0,2733.38
383,2515,13615,768.0,2023-06-22 02:01:59.778343,Changed Mind,2.0,263.58
389,2571,10382,311.0,2022-12-04 04:59:09.321695,Changed Mind,1.0,419.56
390,2609,4526,16.0,2022-07-19 23:58:33.182219,Defective,1.0,186.22
391,2609,4526,67.0,2022-08-04 23:58:33.182219,Wrong Item,4.0,6101.88
393,2628,3732,834.0,2023-11-14 00:00:40.030699,Wrong Item,2.0,526.5
394,2628,3732,571.0,2023-11-06 00:00:40.030699,Wrong Item,1.0,81.78
395,2628,3732,301.0,2023-10-25 00:00:40.030699,Did not match description,1.0,370.41
396,2628,3732,374.0,2023-10-27 00:00:40.030699,Defective,1.0,183.2
397,2651,7947,939.0,2022-11-30 09:52:46.124432,Did not match description,1.0,1244.26
398,2651,7947,808.0,2022-11-29 09:52:46.124432,Did not match description,5.0,4525.49
399,2651,7947,337.0,2022-12-22 09:52:46.124432,Wrong Item,5.0,3648.9
402,2697,11616,611.0,2023-12-07 01:44:25.362762,Defective,1.0,55.13
403,2697,11616,976.0,2023-12-02 01:44:25.362762,Changed Mind,4.0,5861.6
404,2697,11616,361.0,2023-12-24 01:44:25.362762,Wrong Item,1.0,66.04
409,2720,5389,558.0,2023-08-27 01:04:03.497791,Defective,3.0,1159.35
410,2720,5389,299.0,2023-08-25 01:04:03.497791,Defective,1.0,913.61
414,2751,6722,581.0,2023-12-21 04:28:40.091810,Defective,3.0,1501.87
415,2751,6722,620.0,2023-12-27 04:28:40.091810,Wrong Item,1.0,1331.27
416,2751,6722,563.0,2024-01-17 04:28:40.091810,Did not match description,1.0,579.67
418,2785,2617,999.0,2023-08-05 06:39:54.217572,Wrong Item,1.0,407.14
433,2929,5021,776.0,2023-05-12 07:47:05.755062,Wrong Item,2.0,3412.54
434,2929,5021,994.0,2023-06-01 07:47:05.755062,Changed Mind,3.0,248.4
435,2929,5021,609.0,2023-06-01 07:47:05.755062,Did not match description,1.0,131.72
440,2947,13035,463.0,2022-10-15 01:39:32.815430,Wrong Item,1.0,1250.19
441,2947,13035,982.0,2022-11-05 01:39:32.815430,Changed Mind,1.0,1975.14
442,2968,14817,86.0,2021-12-24 00:54:55.531381,Changed Mind,1.0,190.33
443,2968,14817,311.0,2021-12-23 00:54:55.531381,Wrong Item,4.0,1678.24
445,2997,1480,245.0,2023-03-18 01:03:50.464718,Defective,1.0,83.47
450,3041,1801,299.0,2023-03-31 11:29:36.935960,Wrong Item,1.0,1142.01
457,3115,8435,990.0,2023-10-07 21:42:46.265676,Defective,1.0,105.65
479,3328,9506,585.0,2021-05-20 08:31:21.745312,Wrong Item,1.0,193.0
480,3328,9506,133.0,2021-05-27 08:31:21.745312,Did not match description,1.0,574.83
483,3347,19504,769.0,2023-02-09 10:49:42.212210,Defective,1.0,478.56
484,3347,19504,469.0,2023-02-03 10:49:42.212210,Defective,1.0,535.05
485,3347,19504,952.0,2023-01-24 10:49:42.212210,Wrong Item,1.0,1837.2
486,3347,19504,562.0,2023-02-08 10:49:42.212210,Wrong Item,1.0,851.65
487,3347,19504,579.0,2023-02-09 10:49:42.212210,Wrong Item,1.0,421.56
490,3364,17492,40.0,2023-10-27 16:49:10.793938,Wrong Item,1.0,2712.38
491,3372,8403,621.0,2023-06-07 06:11:57.219014,Changed Mind,3.0,4616.85
492,3372,8403,356.0,2023-06-07 06:11:57.219014,Did not match description,5.0,1131.45
493,3372,8403,471.0,2023-05-29 06:11:57.219014,Wrong Item,1.0,414.53
506,3428,18070,159.0,2022-11-17 11:20:54.644691,Wrong Item,1.0,215.34
511,3481,14062,530.0,2023-10-19 22:32:33.488519,Changed Mind,1.0,1501.66
512,3484,16847,751.0,2023-09-11 15:59:18.784760,Changed Mind,1.0,227.76
513,3484,16847,515.0,2023-08-26 15:59:18.784760,Did not match description,1.0,75.2
516,3503,11050,64.0,2024-01-05 08:30:10.543061,Changed Mind,1.0,1209.38
519,3535,18878,186.0,2023-04-23 03:29:13.015472,Changed Mind,1.0,716.14
520,3535,18878,968.0,2023-04-27 03:29:13.015472,Changed Mind,1.0,65.72
521,3535,18878,988.0,2023-04-28 03:29:13.015472,Defective,1.0,159.3
522,3535,18878,918.0,2023-04-30 03:29:13.015472,Changed Mind,1.0,85.13
523,3535,18878,523.0,2023-04-29 03:29:13.015472,Wrong Item,1.0,344.72
532,3599,14470,637.0,2022-12-08 18:12:19.173188,Defective,3.0,1545.81
534,3628,14505,821.0,2023-06-11 10:31:26.050998,Changed Mind,2.0,81.5
535,3628,14505,733.0,2023-06-01 10:31:26.050998,Changed Mind,1.0,327.1
541,3693,7101,295.0,2022-06-23 03:08:03.069993,Did not match description,1.0,1493.44
542,3693,7101,658.0,2022-06-20 03:08:03.069993,Defective,2.0,1939.3
543,3693,7101,465.0,2022-06-03 03:08:03.069993,Did not match description,1.0,873.48
544,3693,7101,537.0,2022-06-05 03:08:03.069993,Defective,1.0,1930.53
547,3704,14018,366.0,2023-02-14 03:43:55.402831,Changed Mind,1.0,976.97
548,3704,14018,933.0,2023-02-15 03:43:55.402831,Changed Mind,2.0,740.7
553,3758,4757,741.0,2023-12-06 12:42:01.617859,Changed Mind,3.0,274.46
558,3774,4418,948.0,2022-10-29 22:08:55.651492,Defective,2.0,594.24
559,3774,4418,380.0,2022-11-11 22:08:55.651492,Defective,2.0,240.28
560,3774,4418,875.0,2022-11-04 22:08:55.651492,Defective,1.0,529.64
565,3779,3111,857.0,2023-01-20 15:44:11.297358,Wrong Item,2.0,714.66
566,3779,3111,133.0,2023-02-08 15:44:11.297358,Did not match description,1.0,638.7
567,3779,3111,87.0,2023-02-03 15:44:11.297358,Did not match description,1.0,526.93
570,3807,3950,469.0,2024-01-21 05:13:35.273726,Defective,1.0,454.79
571,3807,3950,609.0,2024-01-09 05:13:35.273726,Changed Mind,2.0,292.7
572,3827,19668,70.0,2023-05-28 18:03:09.806210,Wrong Item,1.0,958.17
576,3895,15318,947.0,2023-11-13 19:22:05.018458,Did not match description,1.0,1355.53
577,3895,15318,121.0,2023-10-31 19:22:05.018458,Defective,2.0,1566.44
578,3895,15318,618.0,2023-11-24 19:22:05.018458,Wrong Item,1.0,160.36
580,3926,6270,46.0,2023-10-17 15:18:48.709785,Wrong Item,1.0,94.25
581,3926,6270,697.0,2023-10-28 15:18:48.709785,Did not match description,1.0,349.5
582,3926,6270,20.0,2023-11-05 15:18:48.709785,Defective,1.0,402.25
583,3935,5759,49.0,2023-11-01 01:13:23.356277,Did not match description,1.0,248.92
584,3935,5759,528.0,2023-10-26 01:13:23.356277,Defective,1.0,1667.59
590,4025,15560,645.0,2022-03-31 06:29:24.761841,Changed Mind,1.0,281.26
599,4095,11852,538.0,2023-10-23 12:20:12.863727,Did not match description,1.0,529.86
600,4095,11852,846.0,2023-10-19 12:20:12.863727,Did not match description,3.0,446.58
601,4095,11852,380.0,2023-10-25 12:20:12.863727,Did not match description,1.0,120.14
609,4106,13929,429.0,2023-11-14 05:48:03.791835,Defective,1.0,265.44
613,4145,15757,248.0,2023-08-21 14:42:10.308208,Defective,1.0,421.48
614,4167,10824,684.0,2022-04-07 13:06:29.898462,Did not match description,3.0,853.83
615,4167,10824,948.0,2022-03-21 13:06:29.898462,Did not match description,1.0,349.55
640,4367,10725,412.0,2023-05-07 06:51:16.228070,Defective,1.0,176.85
641,4367,10725,157.0,2023-05-05 06:51:16.228070,Changed Mind,3.0,477.03
644,4393,12877,650.0,2023-09-01 01:09:27.304976,Defective,1.0,344.85
649,4478,19589,527.0,2022-05-30 09:38:43.199697,Did not match description,1.0,161.52
650,4478,19589,376.0,2022-05-27 09:38:43.199697,Wrong Item,1.0,325.66
652,4498,10465,159.0,2023-02-10 21:02:34.243117,Wrong Item,1.0,269.18
660,4567,10032,55.0,2022-04-21 13:03:20.967801,Did not match description,4.0,820.68
663,4579,6147,830.0,2023-11-18 22:08:14.512160,Did not match description,1.0,87.92
664,4579,6147,687.0,2023-11-10 22:08:14.512160,Wrong Item,1.0,39.68
667,4606,15833,893.0,2023-04-29 16:03:45.937228,Did not match description,1.0,145.38
674,4627,18650,138.0,2023-08-17 10:38:47.518976,Wrong Item,3.0,390.54
675,4627,18650,932.0,2023-08-14 10:38:47.518976,Defective,1.0,215.37
679,4670,19101,293.0,2023-05-11 23:36:18.954725,Changed Mind,4.0,4294.48
685,4688,3779,597.0,2023-11-15 06:06:29.365426,Did not match description,1.0,1501.47
686,4688,3779,967.0,2023-12-13 06:06:29.365426,Did not match description,1.0,425.81
687,4688,3779,35.0,2023-12-02 06:06:29.365426,Did not match description,1.0,302.81
688,4688,3779,590.0,2023-11-20 06:06:29.365426,Changed Mind,1.0,208.0
696,4747,7302,10.0,2023-11-03 02:28:40.333865,Defective,1.0,183.89
697,4747,7302,710.0,2023-11-16 02:28:40.333865,Wrong Item,4.0,2534.68
702,4764,12382,645.0,2022-11-20 23:34:51.929593,Changed Mind,1.0,253.13
703,4764,12382,118.0,2022-11-21 23:34:51.929593,Wrong Item,5.0,4395.9
705,4793,1378,175.0,2022-04-22 17:16:42.114068,Did not match description,5.0,741.0
706,4793,1378,920.0,2022-05-07 17:16:42.114068,Wrong Item,1.0,1706.2
709,4797,1121,147.0,2023-11-17 16:36:29.826885,Did not match description,1.0,363.97
710,4797,1121,400.0,2023-12-02 16:36:29.826885,Wrong Item,3.0,3335.1
711,4803,15466,19.0,2022-11-29 00:36:09.294052,Did not match description,1.0,258.66
712,4803,15466,584.0,2022-11-22 00:36:09.294052,Did not match description,4.0,2035.33
713,4803,15466,325.0,2022-12-02 00:36:09.294052,Wrong Item,2.0,487.44
714,4803,15466,143.0,2022-11-26 00:36:09.294052,Changed Mind,1.0,563.74
715,4803,15466,85.0,2022-12-07 00:36:09.294052,Did not match description,1.0,346.7
716,4807,5162,77.0,2023-06-16 16:43:40.081876,Wrong Item,5.0,5645.55
727,4911,15431,867.0,2023-10-18 07:36:11.748665,Defective,1.0,102.13
728,4911,15431,274.0,2023-10-18 07:36:11.748665,Wrong Item,1.0,341.88
736,4967,2005,333.0,2024-01-21 02:52:54.742601,Changed Mind,2.0,1219.6
737,4967,2005,321.0,2024-01-14 02:52:54.742601,Did not match description,1.0,903.32
738,4990,17654,528.0,2022-08-12 23:06:13.202236,Defective,1.0,1667.59
740,5000,16340,295.0,2022-06-19 10:18:17.514378,Wrong Item,4.0,5973.76
741,5021,15416,679.0,2023-02-26 17:14:27.391201,Changed Mind,1.0,1109.05
742,5022,16293,210.0,2023-12-01 06:41:56.728281,Wrong Item,1.0,217.53
743,5031,13452,277.0,2023-01-13 10:18:30.433912,Wrong Item,1.0,824.12
744,5031,13452,254.0,2023-01-24 10:18:30.433912,Wrong Item,1.0,1066.87
745,5031,13452,803.0,2023-01-28 10:18:30.433912,Did not match description,1.0,332.24
746,5031,13452,390.0,2023-01-25 10:18:30.433912,Defective,1.0,132.77
747,5035,4307,738.0,2024-01-06 15:32:54.206836,Changed Mind,1.0,161.22
748,5035,4307,733.0,2024-01-23 15:32:54.206836,Defective,3.0,872.26
749,5069,17574,827.0,2023-08-16 07:24:48.944678,Did not match description,5.0,6470.28
750,5069,17574,382.0,2023-08-09 07:24:48.944678,Wrong Item,1.0,295.37
751,5075,18153,452.0,2023-08-08 13:06:13.998979,Wrong Item,1.0,1940.3
753,5094,13693,452.0,2022-12-19 10:32:26.342360,Wrong Item,1.0,1649.26
767,5166,16609,788.0,2023-11-24 16:31:48.434576,Defective,1.0,242.84
768,5166,16609,733.0,2023-12-01 16:31:48.434576,Defective,1.0,290.75
769,5166,16609,879.0,2023-11-22 16:31:48.434576,Wrong Item,1.0,1529.95
770,5166,16609,859.0,2023-11-15 16:31:48.434576,Did not match description,4.0,7079.8
788,5275,10263,602.0,2023-12-23 10:39:13.794334,Defective,4.0,749.52
789,5295,3569,555.0,2022-07-21 12:20:59.196735,Wrong Item,1.0,1114.66
790,5295,3569,357.0,2022-07-13 12:20:59.196735,Did not match description,1.0,64.37
791,5295,3569,24.0,2022-08-06 12:20:59.196735,Changed Mind,1.0,61.63
792,5295,3569,599.0,2022-08-06 12:20:59.196735,Wrong Item,1.0,420.13
799,5357,10706,299.0,2023-08-01 13:33:37.473063,Did not match description,1.0,1142.01
803,5395,19972,352.0,2023-05-16 04:08:19.697694,Wrong Item,1.0,856.51
804,5395,19972,137.0,2023-05-17 04:08:19.697694,Did not match description,1.0,1645.22
805,5395,19972,922.0,2023-05-29 04:08:19.697694,Changed Mind,2.0,1798.06
809,5432,4979,535.0,2021-07-05 18:11:06.304820,Wrong Item,1.0,149.17
810,5432,4979,145.0,2021-07-15 18:11:06.304820,Changed Mind,4.0,484.08
811,5432,4979,816.0,2021-06-27 18:11:06.304820,Did not match description,1.0,292.12
812,5432,4979,763.0,2021-07-06 18:11:06.304820,Defective,1.0,275.07
816,5457,15173,424.0,2023-10-20 00:19:50.371496,Changed Mind,1.0,260.96
817,5457,15173,577.0,2023-11-06 00:19:50.371496,Changed Mind,3.0,1347.12
818,5457,15173,993.0,2023-10-16 00:19:50.371496,Did not match description,2.0,2302.58
819,5476,13985,535.0,2024-01-08 09:26:47.438102,Defective,2.0,238.67
820,5476,13985,976.0,2023-12-23 09:26:47.438102,Wrong Item,1.0,1465.4
822,5490,2995,714.0,2023-04-24 05:14:44.160405,Did not match description,1.0,313.11
823,5498,1562,849.0,2021-11-14 23:48:06.352562,Wrong Item,1.0,2379.67
839,5569,17812,650.0,2022-11-20 21:52:32.551484,Changed Mind,4.0,1622.8
840,5572,7216,795.0,2023-07-29 12:47:03.376925,Changed Mind,3.0,1051.68
841,5572,7216,679.0,2023-08-05 12:47:03.376925,Did not match description,1.0,1109.05
842,5574,9668,383.0,2023-03-09 14:31:56.897919,Changed Mind,1.0,237.11
843,5574,9668,743.0,2023-03-25 14:31:56.897919,Did not match description,1.0,254.41
859,5831,3368,695.0,2023-11-13 22:15:00.029283,Wrong Item,1.0,1729.78
860,5831,3368,278.0,2023-11-16 22:15:00.029283,Changed Mind,1.0,302.06
861,5837,17956,71.0,2023-07-28 01:37:47.664273,Did not match description,1.0,1040.33
865,5901,3820,55.0,2022-09-22 14:12:07.527904,Wrong Item,1.0,205.17
870,5935,3398,986.0,2023-12-01 20:57:49.813252,Did not match description,2.0,193.16
871,5935,3398,331.0,2023-12-10 20:57:49.813252,Did not match description,1.0,1753.58
872,5935,3398,940.0,2023-12-01 20:57:49.813252,Did not match description,1.0,273.51
874,5950,9136,569.0,2023-12-13 05:55:12.748991,Did not match description,1.0,2254.34
875,5950,9136,708.0,2023-12-16 05:55:12.748991,Defective,1.0,1759.55
876,5950,9136,557.0,2023-11-25 05:55:12.748991,Wrong Item,1.0,329.92
877,5950,9136,624.0,2023-11-26 05:55:12.748991,Wrong Item,1.0,274.97
878,5950,9136,803.0,2023-12-15 05:55:12.748991,Defective,1.0,332.24
879,5951,8454,884.0,2024-01-01 00:29:32.975080,Changed Mind,3.0,1454.46
880,5951,8454,573.0,2024-01-10 00:29:32.975080,Changed Mind,2.0,134.24
886,5981,3347,276.0,2022-12-10 10:15:41.543850,Wrong Item,4.0,1310.32
887,5981,3347,402.0,2022-12-05 10:15:41.543850,Changed Mind,2.0,3164.56
888,5981,3347,494.0,2022-11-26 10:15:41.543850,Changed Mind,2.0,284.22
889,6013,10358,591.0,2023-10-20 22:51:17.901335,Changed Mind,1.0,25.93
893,6050,4230,880.0,2023-08-29 08:48:46.624640,Defective,1.0,201.14
897,6060,14686,322.0,2024-01-01 17:04:32.238692,Wrong Item,1.0,308.58
898,6060,14686,220.0,2024-01-04 17:04:32.238692,Defective,1.0,235.11
899,6060,14686,751.0,2024-01-02 17:04:32.238692,Changed Mind,4.0,774.38
900,6060,14686,24.0,2024-01-18 17:04:32.238692,Defective,4.0,197.22
901,6061,743,366.0,2023-09-02 06:35:52.325074,Changed Mind,1.0,976.97
906,6201,19337,597.0,2021-07-23 22:29:17.947505,Defective,2.0,3002.94
907,6201,19337,788.0,2021-07-20 22:29:17.947505,Wrong Item,1.0,242.84
911,6236,14402,319.0,2024-01-15 10:22:38.406326,Wrong Item,1.0,272.28
912,6236,14402,591.0,2024-01-10 10:22:38.406326,Changed Mind,2.0,51.86
918,6265,171,31.0,2023-10-13 00:15:36.865363,Wrong Item,1.0,78.12
921,6305,2382,38.0,2022-08-14 10:26:45.615392,Defective,1.0,204.7
922,6305,2382,151.0,2022-08-03 10:26:45.615392,Defective,3.0,555.78
923,6305,2382,980.0,2022-08-02 10:26:45.615392,Wrong Item,2.0,1284.04
925,6319,8372,990.0,2023-11-11 11:34:43.575147,Wrong Item,2.0,211.3
926,6359,10838,768.0,2023-09-06 03:46:41.660487,Changed Mind,1.0,155.05
927,6359,10838,945.0,2023-09-01 03:46:41.660487,Wrong Item,4.0,536.92
928,6359,10838,510.0,2023-09-10 03:46:41.660487,Wrong Item,1.0,144.94
935,6380,5319,999.0,2023-01-12 02:52:14.982493,Wrong Item,1.0,407.14
940,6435,5656,958.0,2022-06-10 11:46:33.960953,Did not match description,1.0,63.99
941,6435,5656,429.0,2022-06-05 11:46:33.960953,Did not match description,1.0,312.28
942,6435,5656,602.0,2022-06-10 11:46:33.960953,Changed Mind,1.0,187.38
949,6539,3725,433.0,2023-11-06 16:15:17.784463,Wrong Item,1.0,223.89
950,6539,3725,112.0,2023-10-27 16:15:17.784463,Did not match description,2.0,4737.78
951,6554,6691,521.0,2023-12-18 16:41:26.074272,Did not match description,1.0,55.38
952,6554,6691,423.0,2023-12-16 16:41:26.074272,Did not match description,1.0,425.77
953,6554,6691,328.0,2024-01-03 16:41:26.074272,Changed Mind,1.0,224.96
954,6554,6691,877.0,2023-12-18 16:41:26.074272,Did not match description,1.0,167.6
979,6703,15792,949.0,2023-11-06 19:25:28.057295,Did not match description,1.0,169.99
980,6703,15792,534.0,2023-11-03 19:25:28.057295,Changed Mind,4.0,256.68
994,6775,11774,440.0,2023-09-28 07:06:51.854081,Did not match description,1.0,931.89
1002,6796,4316,614.0,2023-08-05 20:50:46.608764,Did not match description,1.0,32.34
1016,6941,15691,534.0,2021-10-18 15:23:30.633338,Changed Mind,1.0,64.17
1017,6941,15691,536.0,2021-10-13 15:23:30.633338,Did not match description,1.0,551.62
1018,6963,7196,329.0,2023-11-01 08:46:33.316840,Defective,1.0,55.23
1019,6985,3937,758.0,2023-11-09 19:51:16.482788,Changed Mind,2.0,423.07
1020,6985,3937,308.0,2023-10-13 19:51:16.482788,Did not match description,1.0,99.13
1022,6988,19040,824.0,2023-08-05 03:36:28.591924,Did not match description,1.0,1275.72
1035,7053,19982,974.0,2023-03-25 07:31:20.877027,Wrong Item,1.0,1530.51
1036,7057,13524,329.0,2023-12-22 01:03:49.430497,Wrong Item,1.0,55.23
1041,7084,15368,650.0,2023-05-19 10:58:06.759515,Changed Mind,1.0,405.7
1042,7084,15368,266.0,2023-05-09 10:58:06.759515,Defective,1.0,231.16
1043,7107,6375,55.0,2024-01-27 01:49:06.106105,Changed Mind,2.0,369.31
1044,7107,6375,263.0,2024-01-05 01:49:06.106105,Changed Mind,1.0,571.7
1045,7107,6375,368.0,2024-01-10 01:49:06.106105,Changed Mind,4.0,4791.08
1048,7163,8666,290.0,2022-06-09 12:38:03.266849,Defective,1.0,97.67
1050,7166,18861,272.0,2021-12-22 23:35:06.846266,Changed Mind,1.0,44.08
1051,7166,18861,219.0,2021-12-17 23:35:06.846266,Changed Mind,1.0,665.19
1055,7197,4174,267.0,2023-11-10 08:58:25.233233,Changed Mind,4.0,4286.01
1056,7197,4174,219.0,2023-11-07 08:58:25.233233,Changed Mind,3.0,2494.47
1057,7207,384,494.0,2022-09-22 17:02:10.072497,Wrong Item,1.0,113.69
1060,7243,1773,32.0,2023-07-20 02:28:26.172054,Did not match description,1.0,1280.34
1061,7243,1773,333.0,2023-07-15 02:28:26.172054,Did not match description,4.0,2439.2
1063,7270,1818,618.0,2022-03-14 23:27:58.801746,Wrong Item,1.0,151.45
1064,7281,4928,921.0,2023-09-20 07:29:50.578168,Did not match description,1.0,240.0
1065,7281,4928,469.0,2023-09-14 07:29:50.578168,Defective,1.0,535.05
1066,7293,11965,893.0,2023-04-09 22:39:25.572176,Did not match description,1.0,161.53
1067,7293,11965,533.0,2023-04-04 22:39:25.572176,Changed Mind,1.0,707.86
1074,7350,4061,88.0,2023-06-10 21:27:04.865348,Wrong Item,2.0,316.18
1075,7350,4061,295.0,2023-05-31 21:27:04.865348,Did not match description,1.0,1493.44
1078,7381,18219,315.0,2022-03-23 15:26:09.161398,Changed Mind,1.0,2110.45
1081,7398,18700,900.0,2023-11-04 15:53:35.738766,Changed Mind,1.0,194.06
1082,7398,18700,244.0,2023-10-19 15:53:35.738766,Changed Mind,3.0,1894.26
1088,7439,18204,952.0,2023-12-17 10:27:47.507081,Did not match description,1.0,1653.48
1090,7457,9857,136.0,2023-04-15 14:54:45.423924,Wrong Item,1.0,523.56
1091,7457,9857,987.0,2023-05-03 14:54:45.423924,Wrong Item,1.0,103.53
1092,7491,3319,89.0,2022-12-15 07:31:33.137730,Did not match description,2.0,4194.42
1093,7491,3319,808.0,2022-12-24 07:31:33.137730,Defective,2.0,1916.68
1094,7491,3319,810.0,2022-12-07 07:31:33.137730,Changed Mind,1.0,108.56
1095,7491,3319,558.0,2022-12-25 07:31:33.137730,Wrong Item,1.0,386.45
1102,7514,19615,651.0,2023-12-19 12:24:00.848968,Wrong Item,1.0,1263.39
1113,7692,19806,320.0,2023-12-08 20:42:40.770188,Did not match description,1.0,1366.24
1114,7692,19806,833.0,2023-12-19 20:42:40.770188,Changed Mind,2.0,2134.68
1115,7692,19806,724.0,2023-12-22 20:42:40.770188,Defective,1.0,1780.3
1130,7856,11928,448.0,2023-03-11 12:12:50.323304,Changed Mind,1.0,774.99
1131,7856,11928,754.0,2023-03-05 12:12:50.323304,Defective,2.0,1385.68
1132,7866,10269,366.0,2022-02-03 14:07:00.068007,Changed Mind,1.0,976.97
1133,7866,10269,640.0,2022-02-22 14:07:00.068007,Changed Mind,5.0,4804.45
1134,7871,4503,201.0,2023-01-03 12:12:53.408284,Wrong Item,1.0,92.56
1135,7871,4503,267.0,2023-01-05 12:12:53.408284,Wrong Item,1.0,1071.5
1136,7871,4503,5.0,2022-12-26 12:12:53.408284,Defective,1.0,140.87
1142,7968,8252,378.0,2023-12-26 13:06:42.236850,Did not match description,1.0,783.66
1143,7968,8252,638.0,2023-12-10 13:06:42.236850,Did not match description,1.0,39.72
1144,7990,7126,311.0,2022-07-24 03:28:20.223786,Wrong Item,1.0,419.56
1145,8013,6278,840.0,2022-07-28 07:05:18.273164,Changed Mind,1.0,178.34
1146,8013,6278,13.0,2022-07-22 07:05:18.273164,Did not match description,1.0,1164.77
1151,8029,12006,836.0,2023-07-28 23:35:31.202352,Wrong Item,2.0,2045.56
1152,8029,12006,782.0,2023-07-15 23:35:31.202352,Changed Mind,2.0,1894.74
1153,8029,12006,868.0,2023-07-22 23:35:31.202352,Defective,1.0,1328.7
1156,8064,1004,736.0,2022-12-17 20:14:52.319292,Did not match description,1.0,341.5
1157,8064,1004,788.0,2022-12-09 20:14:52.319292,Changed Mind,2.0,485.68
1158,8064,1004,684.0,2022-12-08 20:14:52.319292,Did not match description,3.0,853.83
1167,8147,6280,533.0,2021-04-23 14:01:49.794481,Wrong Item,1.0,884.83
1168,8147,6280,944.0,2021-04-18 14:01:49.794481,Changed Mind,4.0,4994.72
1169,8147,6280,446.0,2021-05-12 14:01:49.794481,Changed Mind,1.0,353.94
1170,8147,6280,873.0,2021-04-20 14:01:49.794481,Defective,1.0,146.33
1177,8214,15512,336.0,2023-07-14 19:39:30.858724,Wrong Item,4.0,891.28
1178,8214,15512,329.0,2023-07-20 19:39:30.858724,Defective,4.0,259.92
1179,8214,15512,99.0,2023-07-19 19:39:30.858724,Did not match description,1.0,231.65
1183,8251,7574,159.0,2024-01-03 07:45:02.227711,Changed Mind,1.0,269.18
1191,8305,18956,830.0,2022-05-23 17:07:34.078352,Changed Mind,1.0,87.92
1193,8347,1239,44.0,2021-12-31 09:17:18.371701,Changed Mind,1.0,136.23
1199,8411,4825,730.0,2024-01-13 13:30:08.810732,Wrong Item,1.0,1639.85
1200,8411,4825,87.0,2023-12-27 13:30:08.810732,Wrong Item,1.0,526.93
1201,8417,11291,854.0,2021-12-29 08:41:12.706792,Wrong Item,1.0,474.71
1202,8417,11291,584.0,2021-12-28 08:41:12.706792,Defective,1.0,565.37
1203,8417,11291,384.0,2021-12-24 08:41:12.706792,Did not match description,1.0,142.45
1204,8444,6736,738.0,2022-11-29 07:36:04.804703,Changed Mind,1.0,161.22
1216,8571,8204,265.0,2023-03-24 04:30:38.989225,Changed Mind,1.0,1382.14
1217,8571,8204,60.0,2023-03-30 04:30:38.989225,Wrong Item,1.0,1261.43
1218,8571,8204,625.0,2023-03-27 04:30:38.989225,Changed Mind,1.0,168.9
1219,8571,8204,560.0,2023-03-27 04:30:38.989225,Changed Mind,1.0,879.34
1220,8585,11859,40.0,2023-12-20 01:28:57.888340,Defective,1.0,2712.38
1225,8651,3466,378.0,2022-10-22 06:06:14.733841,Did not match description,1.0,666.11
1226,8652,8096,394.0,2022-11-24 04:58:31.274012,Defective,1.0,47.91
1227,8652,8096,281.0,2022-12-08 04:58:31.274012,Changed Mind,1.0,626.98
1229,8670,7244,788.0,2023-12-26 17:43:48.745360,Changed Mind,1.0,242.84
1230,8671,3668,549.0,2023-12-12 21:34:03.970622,Wrong Item,1.0,170.44
1231,8671,3668,302.0,2023-11-24 21:34:03.970622,Did not match description,1.0,412.57
1238,8760,6233,680.0,2023-08-21 23:52:42.177188,Defective,2.0,336.45
1244,8800,8239,320.0,2023-10-12 12:00:01.733435,Did not match description,2.0,2732.48
1254,8872,3778,530.0,2021-08-11 00:53:35.306650,Changed Mind,4.0,5105.64
1255,8877,1088,939.0,2023-10-01 02:17:42.886066,Wrong Item,1.0,1244.26
1256,8877,1088,746.0,2023-09-25 02:17:42.886066,Did not match description,1.0,595.93
1258,8903,16566,600.0,2023-07-27 07:33:05.737553,Did not match description,1.0,856.76
1259,8903,16566,679.0,2023-07-20 07:33:05.737553,Changed Mind,1.0,887.24
1260,8903,16566,288.0,2023-07-29 07:33:05.737553,Changed Mind,1.0,1033.6
1271,9023,13280,979.0,2022-07-14 13:51:57.778148,Defective,4.0,121.36
1273,9039,17308,372.0,2023-06-16 12:15:31.949733,Defective,1.0,445.02
1274,9039,17308,490.0,2023-06-14 12:15:31.949733,Did not match description,1.0,16.09
1278,9053,17416,214.0,2023-03-14 01:58:40.582039,Did not match description,2.0,1395.44
1279,9066,6695,480.0,2023-05-15 03:18:18.196779,Defective,1.0,183.7
1280,9066,6695,211.0,2023-05-10 03:18:18.196779,Did not match description,2.0,360.98
1292,9112,6136,543.0,2024-01-09 09:10:20.283528,Defective,1.0,2139.61
1305,9167,16398,40.0,2022-03-17 11:47:52.495455,Did not match description,1.0,2712.38
1306,9167,16398,329.0,2022-03-30 11:47:52.495455,Wrong Item,1.0,64.98
1307,9167,16398,853.0,2022-03-30 11:47:52.495455,Defective,1.0,184.79
1308,9177,7878,986.0,2023-02-14 05:22:21.522974,Defective,3.0,321.93
1309,9177,7878,220.0,2023-01-21 05:22:21.522974,Wrong Item,1.0,235.11
1310,9195,16115,850.0,2023-11-03 13:50:06.758423,Defective,2.0,885.28
1319,9279,3478,573.0,2022-09-04 22:12:37.126828,Changed Mind,1.0,67.12
1320,9279,3478,678.0,2022-09-19 22:12:37.126828,Did not match description,3.0,1253.67
1321,9279,3478,77.0,2022-08-25 22:12:37.126828,Did not match description,1.0,1129.11
1322,9279,3478,577.0,2022-08-27 22:12:37.126828,Wrong Item,1.0,359.23
1324,9284,13765,266.0,2024-01-19 16:40:04.549393,Did not match description,1.0,231.16
1325,9286,8356,934.0,2023-08-25 05:59:16.605562,Wrong Item,2.0,966.7
1326,9286,8356,300.0,2023-09-14 05:59:16.605562,Defective,3.0,2273.79
1334,9354,16650,690.0,2023-04-22 06:34:25.486404,Changed Mind,2.0,296.24
1339,9392,2575,248.0,2023-07-18 18:01:34.038169,Did not match description,4.0,1685.92
1340,9392,2575,882.0,2023-06-25 18:01:34.038169,Did not match description,1.0,981.35
1341,9392,2575,481.0,2023-06-28 18:01:34.038169,Defective,2.0,1138.68
1342,9392,2575,424.0,2023-07-07 18:01:34.038169,Defective,1.0,260.96
1344,9424,7513,293.0,2023-08-09 20:29:56.498348,Did not match description,1.0,1192.91
1345,9430,14067,646.0,2023-12-16 08:03:26.796233,Did not match description,1.0,648.88
1346,9430,14067,64.0,2023-12-04 08:03:26.796233,Did not match description,1.0,967.5
1347,9430,14067,748.0,2023-11-19 08:03:26.796233,Changed Mind,1.0,738.49
1352,9479,8064,333.0,2022-08-03 21:15:57.437465,Wrong Item,1.0,548.82
1353,9479,8064,439.0,2022-07-29 21:15:57.437465,Changed Mind,3.0,1921.74
1355,9531,12299,990.0,2023-02-26 06:36:22.359122,Wrong Item,3.0,316.95
1356,9552,10831,811.0,2023-05-16 00:17:30.932181,Defective,1.0,237.45
1358,9563,10338,618.0,2023-08-02 23:44:39.260840,Wrong Item,1.0,151.45
1361,9641,3630,55.0,2022-12-10 20:35:48.952324,Changed Mind,1.0,205.17
1362,9641,3630,227.0,2022-12-07 20:35:48.952324,Changed Mind,3.0,768.69
1374,9738,13980,31.0,2023-12-11 22:38:24.183357,Changed Mind,1.0,78.12
1375,9738,13980,989.0,2023-12-08 22:38:24.183357,Changed Mind,1.0,201.76
1379,9744,17692,111.0,2023-11-23 23:04:55.763098,Changed Mind,1.0,274.65
1380,9744,17692,143.0,2023-11-27 23:04:55.763098,Defective,2.0,1127.48
1383,9784,3411,849.0,2023-04-19 18:06:48.890708,Wrong Item,1.0,2379.67
1384,9784,3411,663.0,2023-04-15 18:06:48.890708,Changed Mind,1.0,2013.01
1387,9809,18752,679.0,2023-11-20 23:28:31.632116,Changed Mind,1.0,1109.05
1388,9809,18752,707.0,2023-11-11 23:28:31.632116,Defective,1.0,44.88
1389,9822,6528,169.0,2023-09-02 11:34:03.707075,Defective,1.0,632.23
1394,9846,1776,888.0,2022-10-17 00:46:38.004010,Defective,1.0,324.27
1395,9846,1776,766.0,2022-11-04 00:46:38.004010,Changed Mind,5.0,1627.5
1396,9846,1776,266.0,2022-10-19 00:46:38.004010,Wrong Item,1.0,231.16
1397,9846,1776,309.0,2022-10-30 00:46:38.004010,Changed Mind,5.0,649.44
1402,9878,18757,233.0,2023-09-02 04:30:01.369877,Wrong Item,1.0,72.54
1403,9878,18757,255.0,2023-09-04 04:30:01.369877,Defective,4.0,4890.84
1409,9907,10768,295.0,2023-09-27 09:57:53.905059,Wrong Item,1.0,1493.44
1420,9974,15633,240.0,2023-12-10 21:22:53.190789,Changed Mind,5.0,2987.35
1421,9974,15633,199.0,2023-12-03 21:22:53.190789,Did not match description,3.0,645.12
1425,10028,4682,606.0,2023-09-23 18:17:18.376249,Did not match description,1.0,82.52
1426,10028,4682,290.0,2023-09-12 18:17:18.376249,Did not match description,3.0,344.73
1427,10046,18864,87.0,2024-01-15 02:56:25.890419,Did not match description,1.0,526.93
1435,10073,3523,821.0,2022-12-21 10:17:33.484510,Changed Mind,2.0,81.5
1436,10073,3523,876.0,2022-12-13 10:17:33.484510,Wrong Item,1.0,357.94
1437,10082,14269,669.0,2023-11-12 02:54:19.984819,Wrong Item,1.0,1220.75
1438,10082,14269,991.0,2023-11-05 02:54:19.984819,Changed Mind,1.0,306.12
1439,10082,14269,215.0,2023-11-18 02:54:19.984819,Wrong Item,1.0,230.13
1440,10082,14269,482.0,2023-11-17 02:54:19.984819,Wrong Item,1.0,609.06
1441,10082,14269,996.0,2023-11-16 02:54:19.984819,Defective,1.0,377.2
1447,10136,8810,156.0,2022-05-12 10:13:39.414233,Did not match description,1.0,140.07
1448,10136,8810,368.0,2022-05-04 10:13:39.414233,Changed Mind,4.0,4791.08
1449,10136,8810,624.0,2022-05-09 10:13:39.414233,Did not match description,1.0,219.98
1450,10136,8810,755.0,2022-05-07 10:13:39.414233,Changed Mind,1.0,170.39
1451,10136,8810,622.0,2022-04-24 10:13:39.414233,Changed Mind,1.0,1740.29
1456,10196,8511,571.0,2023-07-07 08:23:47.246439,Defective,1.0,81.78
1457,10196,8511,74.0,2023-07-26 08:23:47.246439,Wrong Item,1.0,69.48
1460,10244,11285,61.0,2023-12-12 13:37:38.979864,Did not match description,1.0,233.6
1462,10263,14130,495.0,2023-12-10 19:11:39.335374,Wrong Item,1.0,22.7
1482,10440,1851,601.0,2023-09-06 06:22:54.263081,Changed Mind,3.0,2179.92
1483,10440,1851,347.0,2023-09-19 06:22:54.263081,Defective,1.0,201.83
1484,10440,1851,36.0,2023-09-15 06:22:54.263081,Defective,1.0,307.88
1485,10451,5348,560.0,2023-06-16 05:25:58.418293,Wrong Item,1.0,1034.52
1489,10494,17799,217.0,2023-11-28 21:23:56.242466,Changed Mind,2.0,2485.13
1491,10514,11490,175.0,2023-07-02 03:16:06.276009,Changed Mind,1.0,148.2
1492,10516,393,149.0,2022-01-22 00:57:20.112179,Changed Mind,3.0,1505.73
1498,10545,128,544.0,2022-11-19 18:10:52.402567,Changed Mind,2.0,3005.64
1511,10636,892,606.0,2023-11-27 06:00:38.312513,Wrong Item,3.0,275.07
1512,10636,892,347.0,2023-11-29 06:00:38.312513,Wrong Item,1.0,201.83
1517,10687,13929,323.0,2023-07-11 17:17:19.758862,Wrong Item,2.0,1615.2
1518,10687,13929,678.0,2023-06-30 17:17:19.758862,Defective,2.0,835.78
1519,10687,13929,459.0,2023-07-29 17:17:19.758862,Defective,1.0,198.19
1526,10741,7129,812.0,2023-11-28 18:39:53.773178,Changed Mind,1.0,1008.38
1528,10749,6029,658.0,2021-11-23 03:07:39.235518,Defective,1.0,775.72
1529,10749,6029,379.0,2021-11-26 03:07:39.235518,Changed Mind,1.0,393.91
1530,10749,6029,663.0,2021-11-22 03:07:39.235518,Defective,4.0,8052.05
1531,10755,17983,600.0,2023-11-21 13:31:24.583259,Wrong Item,1.0,856.76
1532,10755,17983,751.0,2023-11-17 13:31:24.583259,Wrong Item,2.0,409.97
1535,10775,12486,651.0,2023-04-06 10:08:26.879368,Did not match description,1.0,1263.39
1536,10793,2935,512.0,2024-01-06 11:25:07.075613,Wrong Item,2.0,765.78
1537,10793,2935,803.0,2024-01-09 11:25:07.075613,Did not match description,1.0,282.4
1538,10800,8681,55.0,2021-12-08 11:11:09.214867,Did not match description,2.0,410.34
1539,10800,8681,257.0,2021-11-25 11:11:09.214867,Changed Mind,2.0,254.86
1542,10852,3452,307.0,2023-05-31 13:56:54.229212,Defective,1.0,147.23
1543,10852,3452,320.0,2023-06-04 13:56:54.229212,Defective,1.0,1366.24
1545,10891,9161,827.0,2023-08-10 18:40:12.254911,Defective,5.0,7612.1
1546,10893,13874,817.0,2022-05-31 19:09:12.657751,Wrong Item,3.0,1163.46
1557,10963,10748,196.0,2023-04-20 09:52:40.046888,Changed Mind,1.0,161.66
1558,10988,4746,986.0,2022-03-07 20:09:54.121721,Did not match description,1.0,107.31
1561,11003,5707,695.0,2023-11-06 07:25:38.309604,Defective,1.0,1729.78
1562,11003,5707,394.0,2023-11-17 07:25:38.309604,Wrong Item,1.0,47.91
1563,11003,5707,320.0,2023-11-07 07:25:38.309604,Wrong Item,1.0,1366.24
1564,11003,5707,161.0,2023-11-14 07:25:38.309604,Defective,1.0,698.16
1572,11064,13647,668.0,2023-05-07 04:18:18.019788,Changed Mind,1.0,108.08
1573,11064,13647,261.0,2023-05-21 04:18:18.019788,Wrong Item,2.0,786.94
1574,11085,2879,925.0,2022-11-06 06:04:22.872447,Defective,1.0,639.68
1578,11115,11074,26.0,2023-09-20 08:18:04.422390,Wrong Item,4.0,513.72
1579,11115,11074,92.0,2023-09-26 08:18:04.422390,Wrong Item,1.0,325.85
1582,11125,1106,238.0,2023-07-26 16:19:59.017734,Did not match description,3.0,3099.18
1587,11152,2507,693.0,2023-12-27 07:18:43.530927,Changed Mind,1.0,53.97
1588,11152,2507,49.0,2023-12-27 07:18:43.530927,Defective,1.0,211.58
1590,11175,3109,313.0,2022-10-26 02:48:10.924284,Did not match description,2.0,395.08
1591,11175,3109,823.0,2022-10-13 02:48:10.924284,Changed Mind,1.0,266.26
1592,11176,11349,714.0,2023-11-18 16:10:24.602756,Changed Mind,2.0,736.74
1593,11177,1155,618.0,2023-10-17 05:41:09.848952,Defective,2.0,356.36
1599,11224,9680,262.0,2023-12-04 01:05:27.837089,Did not match description,1.0,655.8
1600,11247,8169,737.0,2023-03-13 13:01:21.404060,Did not match description,3.0,943.3
1601,11247,8169,716.0,2023-03-08 13:01:21.404060,Did not match description,1.0,642.64
1602,11247,8169,741.0,2023-02-26 13:01:21.404060,Defective,1.0,114.36
1603,11247,8169,928.0,2023-02-18 13:01:21.404060,Defective,1.0,1826.37
1604,11247,8169,280.0,2023-02-27 13:01:21.404060,Defective,1.0,779.11
1609,11252,3435,605.0,2023-06-24 05:53:25.471090,Did not match description,1.0,248.12
1613,11256,6721,669.0,2023-06-16 15:01:53.428301,Wrong Item,1.0,1220.75
1614,11256,6721,1.0,2023-07-09 15:01:53.428301,Wrong Item,1.0,1748.8
1615,11299,3288,281.0,2022-06-25 00:41:21.010611,Defective,2.0,1253.96
1619,11324,12160,257.0,2023-02-20 11:09:56.530722,Did not match description,1.0,127.43
1620,11324,12160,241.0,2023-02-15 11:09:56.530722,Changed Mind,1.0,431.46
1623,11383,13314,488.0,2023-06-24 01:44:36.484230,Did not match description,1.0,241.71
1624,11383,13314,138.0,2023-07-07 01:44:36.484230,Defective,1.0,130.18
1625,11383,13314,128.0,2023-06-26 01:44:36.484230,Defective,1.0,1462.17
1634,11417,11976,153.0,2024-01-15 10:23:39.739611,Did not match description,1.0,321.9
1635,11417,11976,58.0,2024-01-11 10:23:39.739611,Wrong Item,1.0,424.06
1646,11449,14837,717.0,2022-10-26 18:27:56.300647,Wrong Item,1.0,180.88
1655,11532,14036,674.0,2022-12-10 02:26:26.902935,Defective,1.0,250.91
1656,11532,14036,605.0,2022-11-15 02:26:26.902935,Wrong Item,1.0,248.12
1657,11532,14036,943.0,2022-12-07 02:26:26.902935,Wrong Item,3.0,1710.24
1664,11564,11706,570.0,2023-03-04 06:26:55.188534,Defective,1.0,212.05
1665,11564,11706,645.0,2023-03-22 06:26:55.188534,Changed Mind,1.0,281.26
1666,11564,11706,375.0,2023-03-05 06:26:55.188534,Changed Mind,3.0,591.81
1667,11573,7106,32.0,2023-08-17 08:05:55.330888,Defective,3.0,4801.26
1668,11573,7106,967.0,2023-08-29 08:05:55.330888,Changed Mind,3.0,1277.43
1669,11573,7106,367.0,2023-08-22 08:05:55.330888,Changed Mind,1.0,463.13
1670,11573,7106,571.0,2023-08-26 08:05:55.330888,Defective,1.0,65.42
1671,11573,7106,277.0,2023-08-28 08:05:55.330888,Changed Mind,1.0,824.12
1672,11585,15562,320.0,2023-12-14 22:30:11.615128,Did not match description,1.0,1366.24
1673,11590,10814,554.0,2023-06-05 13:50:51.642615,Defective,2.0,152.56
1674,11590,10814,144.0,2023-06-15 13:50:51.642615,Changed Mind,2.0,136.06
1675,11590,10814,209.0,2023-05-31 13:50:51.642615,Changed Mind,1.0,1601.65
1680,11623,14346,811.0,2023-04-23 08:32:11.295832,Defective,1.0,237.45
1681,11623,14346,228.0,2023-04-25 08:32:11.295832,Wrong Item,1.0,38.21
1682,11623,14346,355.0,2023-04-23 08:32:11.295832,Changed Mind,3.0,2129.4
1685,11637,2150,663.0,2024-01-04 08:38:00.267193,Did not match description,1.0,2013.01
1696,11688,3593,942.0,2024-01-08 07:21:16.694692,Defective,1.0,1709.74
1699,11698,18597,800.0,2023-05-26 05:45:21.497748,Changed Mind,1.0,187.96
1700,11698,18597,214.0,2023-05-20 05:45:21.497748,Defective,1.0,697.72
1711,11790,4971,370.0,2023-12-20 10:08:51.703712,Defective,1.0,142.18
1712,11790,4971,106.0,2024-01-04 10:08:51.703712,Did not match description,1.0,597.33
1713,11790,4971,904.0,2023-12-24 10:08:51.703712,Wrong Item,3.0,95.31
1714,11790,4971,864.0,2023-12-16 10:08:51.703712,Defective,1.0,500.99
1715,11790,4971,999.0,2023-12-19 10:08:51.703712,Wrong Item,1.0,407.14
1716,11803,643,550.0,2022-12-10 22:18:11.440177,Did not match description,4.0,7444.92
1719,11809,17558,713.0,2023-10-27 10:46:39.509790,Defective,2.0,294.56
1720,11809,17558,814.0,2023-10-25 10:46:39.509790,Changed Mind,1.0,91.55
1721,11809,17558,715.0,2023-10-26 10:46:39.509790,Wrong Item,1.0,327.26
1730,11880,19751,60.0,2021-09-04 17:43:56.706432,Changed Mind,3.0,3784.29
1731,11880,19751,711.0,2021-08-23 17:43:56.706432,Changed Mind,1.0,579.41
1745,11966,18272,544.0,2022-04-22 13:25:32.280787,Wrong Item,1.0,1502.82
1746,11966,18272,936.0,2022-04-17 13:25:32.280787,Defective,1.0,1579.11
1747,11966,18272,725.0,2022-04-08 13:25:32.280787,Did not match description,1.0,39.93
1748,11966,18272,201.0,2022-04-17 13:25:32.280787,Wrong Item,1.0,74.05
1749,11975,8356,926.0,2023-05-21 00:04:23.188750,Wrong Item,1.0,1235.92
1752,11997,2632,335.0,2023-06-18 10:49:15.990929,Wrong Item,2.0,1148.46
1753,11997,2632,26.0,2023-06-10 10:49:15.990929,Defective,4.0,513.72
1758,12031,15179,610.0,2023-06-06 08:39:05.100847,Defective,1.0,604.11
1759,12031,15179,383.0,2023-06-07 08:39:05.100847,Wrong Item,1.0,237.11
1760,12035,8513,108.0,2021-05-13 18:29:51.132975,Did not match description,1.0,2131.29
1761,12035,8513,351.0,2021-05-26 18:29:51.132975,Defective,1.0,340.48
1770,12079,18020,261.0,2023-10-21 12:27:36.005187,Did not match description,1.0,393.47
1772,12086,3474,54.0,2021-07-26 00:46:34.696151,Wrong Item,1.0,750.48
1779,12123,671,418.0,2023-11-08 07:09:00.267077,Defective,1.0,1925.47
1780,12123,671,522.0,2023-10-31 07:09:00.267077,Wrong Item,1.0,1312.45
1781,12123,671,854.0,2023-11-05 07:09:00.267077,Wrong Item,1.0,474.71
1786,12168,13580,952.0,2023-08-08 17:41:38.487227,Did not match description,2.0,3674.4
1787,12168,13580,362.0,2023-07-30 17:41:38.487227,Wrong Item,1.0,288.73
1788,12219,11532,4.0,2023-10-28 05:48:44.781382,Defective,1.0,309.14
1789,12219,11532,52.0,2023-10-29 05:48:44.781382,Changed Mind,2.0,354.31
1790,12219,11532,690.0,2023-10-20 05:48:44.781382,Defective,2.0,296.24
1796,12239,18451,985.0,2022-06-28 16:30:26.442610,Defective,1.0,1099.97
1797,12239,18451,650.0,2022-06-07 16:30:26.442610,Defective,1.0,365.13
1804,12328,2304,766.0,2023-08-23 18:22:34.746596,Did not match description,4.0,1302.0
1805,12328,2304,55.0,2023-09-01 18:22:34.746596,Defective,3.0,615.51
1810,12401,17903,550.0,2021-10-22 07:58:54.058048,Defective,1.0,1861.23
1811,12401,17903,783.0,2021-10-18 07:58:54.058048,Changed Mind,1.0,1524.84
1813,12406,2381,947.0,2023-12-14 18:38:53.201599,Did not match description,2.0,2409.82
1814,12406,2381,215.0,2024-01-05 18:38:53.201599,Changed Mind,1.0,230.13
1815,12406,2381,141.0,2024-01-03 18:38:53.201599,Wrong Item,5.0,156.2
1816,12406,2381,236.0,2023-12-13 18:38:53.201599,Wrong Item,1.0,165.0
1822,12467,3364,636.0,2023-10-02 15:41:02.055953,Wrong Item,2.0,546.2
1823,12467,3364,372.0,2023-10-07 15:41:02.055953,Changed Mind,2.0,890.04
1824,12467,3364,269.0,2023-10-12 15:41:02.055953,Changed Mind,1.0,286.78
1825,12467,3364,360.0,2023-10-18 15:41:02.055953,Defective,1.0,1328.97
1826,12467,3364,506.0,2023-10-18 15:41:02.055953,Changed Mind,1.0,1246.31
1827,12479,4744,248.0,2021-08-10 01:38:38.967737,Changed Mind,1.0,421.48
1828,12480,6702,266.0,2023-02-25 20:47:45.129844,Did not match description,1.0,231.16
1834,12520,15977,693.0,2023-04-01 00:57:08.063247,Defective,1.0,53.97
1836,12531,10817,661.0,2022-08-24 04:44:25.455244,Did not match description,1.0,339.74
1837,12538,5539,817.0,2022-04-21 05:11:25.964166,Wrong Item,3.0,1163.46
1839,12576,119,81.0,2023-08-18 00:00:50.209602,Changed Mind,1.0,326.11
1840,12576,119,948.0,2023-08-27 00:00:50.209602,Did not match description,1.0,349.55
1841,12594,2488,321.0,2023-02-04 16:54:22.954836,Changed Mind,3.0,2709.96
1842,12594,2488,426.0,2023-02-13 16:54:22.954836,Wrong Item,1.0,1827.89
1843,12597,9734,487.0,2023-06-09 21:30:37.731784,Did not match description,1.0,143.32
1848,12685,12841,884.0,2022-09-26 00:48:23.671556,Changed Mind,1.0,387.86
1849,12700,19589,379.0,2021-10-05 13:24:59.849894,Did not match description,1.0,334.82
1850,12700,19589,766.0,2021-10-24 13:24:59.849894,Wrong Item,4.0,1302.0
1851,12700,19589,111.0,2021-10-17 13:24:59.849894,Did not match description,1.0,274.65
1852,12708,11438,307.0,2023-07-09 19:27:12.517107,Changed Mind,1.0,147.23
1853,12708,11438,356.0,2023-07-26 19:27:12.517107,Defective,1.0,226.29
1854,12709,11258,79.0,2021-06-17 19:45:43.695323,Did not match description,1.0,708.43
1856,12728,11121,199.0,2022-03-21 09:44:08.156761,Wrong Item,1.0,215.04
1857,12728,11121,952.0,2022-03-29 09:44:08.156761,Defective,1.0,1837.2
1859,12738,18348,51.0,2024-01-12 11:18:51.699397,Wrong Item,1.0,607.29
1860,12738,18348,494.0,2023-12-31 11:18:51.699397,Defective,1.0,142.11
1861,12745,14716,59.0,2023-06-15 05:53:54.280305,Did not match description,1.0,43.09
1862,12745,14716,260.0,2023-06-18 05:53:54.280305,Defective,1.0,765.6
1866,12758,14022,815.0,2021-04-09 17:36:40.141671,Wrong Item,1.0,196.58
1867,12758,14022,722.0,2021-04-10 17:36:40.141671,Wrong Item,4.0,5386.48
1871,12791,2548,971.0,2023-12-16 11:08:36.076214,Changed Mind,1.0,515.17
1872,12792,10018,678.0,2022-04-13 01:46:33.251896,Wrong Item,1.0,417.89
1873,12792,10018,319.0,2022-04-12 01:46:33.251896,Wrong Item,1.0,272.28
1885,12842,5358,801.0,2023-07-03 17:11:38.032010,Changed Mind,4.0,3298.64
1886,12842,5358,233.0,2023-06-19 17:11:38.032010,Defective,4.0,290.16
1887,12842,5358,368.0,2023-06-11 17:11:38.032010,Defective,1.0,1197.77
1893,12884,10225,847.0,2021-11-24 12:59:37.896621,Did not match description,1.0,437.4
1894,12884,10225,867.0,2021-11-26 12:59:37.896621,Did not match description,1.0,113.48
1900,12916,14793,24.0,2023-11-12 01:22:47.153442,Changed Mind,2.0,123.26
1908,12950,13555,788.0,2023-10-28 14:43:40.381312,Did not match description,1.0,242.84
1913,12986,18411,627.0,2022-05-11 01:30:55.021441,Did not match description,1.0,48.69
1914,12986,18411,177.0,2022-05-14 01:30:55.021441,Changed Mind,2.0,665.44
1919,13012,7256,915.0,2022-03-26 22:51:30.017407,Wrong Item,1.0,2283.14
1922,13041,16085,128.0,2022-07-25 13:54:10.203190,Wrong Item,1.0,1462.17
1923,13041,16085,876.0,2022-07-25 13:54:10.203190,Wrong Item,1.0,357.94
1924,13041,16085,380.0,2022-07-18 13:54:10.203190,Defective,3.0,360.42
1940,13151,12736,443.0,2022-10-21 10:07:05.700565,Defective,1.0,1438.06
1941,13151,12736,79.0,2022-10-04 10:07:05.700565,Did not match description,5.0,3542.15
1952,13222,12462,72.0,2021-09-15 12:27:52.230006,Defective,1.0,1657.59
1953,13222,12462,44.0,2021-08-30 12:27:52.230006,Wrong Item,1.0,136.23
1954,13222,12462,134.0,2021-09-17 12:27:52.230006,Wrong Item,1.0,101.65
1955,13222,12462,618.0,2021-08-31 12:27:52.230006,Did not match description,1.0,178.18
1956,13223,17724,176.0,2023-05-17 07:45:56.509816,Did not match description,1.0,1221.94
1957,13223,17724,117.0,2023-05-16 07:45:56.509816,Wrong Item,1.0,111.1
1958,13223,17724,978.0,2023-05-17 07:45:56.509816,Defective,2.0,563.58
1959,13223,17724,545.0,2023-05-17 07:45:56.509816,Changed Mind,1.0,55.21
1960,13223,17724,217.0,2023-05-23 07:45:56.509816,Changed Mind,2.0,2485.13
1961,13242,14948,487.0,2022-03-11 21:52:56.265091,Defective,1.0,121.82
1962,13242,14948,551.0,2022-02-26 21:52:56.265091,Defective,1.0,263.35
1963,13242,14948,259.0,2022-03-12 21:52:56.265091,Did not match description,1.0,210.34
1966,13272,5687,845.0,2022-08-21 23:06:05.114763,Defective,1.0,1174.59
1967,13272,5687,175.0,2022-08-19 23:06:05.114763,Did not match description,1.0,148.2
1968,13272,5687,463.0,2022-08-29 23:06:05.114763,Did not match description,5.0,6250.95
1969,13274,2495,73.0,2023-10-23 21:23:21.111414,Changed Mind,1.0,1228.88
1970,13286,16751,356.0,2021-09-15 08:24:01.287766,Wrong Item,1.0,226.29
1971,13319,18357,690.0,2023-05-10 10:51:20.640010,Defective,2.0,296.24
1980,13423,14884,914.0,2024-01-06 00:04:09.376772,Did not match description,1.0,607.81
1981,13423,14884,452.0,2023-12-30 00:04:09.376772,Changed Mind,1.0,1940.3
1982,13424,7763,378.0,2022-09-20 19:06:00.923004,Changed Mind,2.0,1567.32
1983,13424,7763,106.0,2022-09-21 19:06:00.923004,Did not match description,1.0,597.33
1984,13429,5274,73.0,2023-12-19 03:39:52.782234,Defective,1.0,1156.59
1985,13466,2929,56.0,2023-12-08 09:57:13.282624,Did not match description,4.0,256.04
1986,13466,2929,436.0,2023-12-16 09:57:13.282624,Changed Mind,1.0,136.55
2001,13627,269,698.0,2023-04-18 16:30:15.801110,Did not match description,1.0,1649.18
2004,13642,5243,277.0,2022-04-14 03:03:03.619617,Changed Mind,1.0,824.12
2005,13642,5243,525.0,2022-04-07 03:03:03.619617,Changed Mind,2.0,559.04
2006,13643,1466,797.0,2023-11-21 11:33:46.506382,Wrong Item,1.0,2200.12
2007,13643,1466,97.0,2023-11-19 11:33:46.506382,Did not match description,1.0,243.53
2008,13643,1466,585.0,2023-11-20 11:33:46.506382,Wrong Item,1.0,173.7
2009,13643,1466,800.0,2023-11-21 11:33:46.506382,Defective,1.0,187.96
2010,13643,1466,917.0,2023-11-15 11:33:46.506382,Defective,1.0,387.85
2026,13770,17584,185.0,2023-07-05 22:51:42.973316,Wrong Item,1.0,250.92
2030,13787,11706,199.0,2022-09-19 23:44:12.192169,Defective,2.0,430.08
2031,13817,3953,198.0,2023-09-30 20:42:44.148943,Wrong Item,1.0,58.64
2032,13817,3953,585.0,2023-09-18 20:42:44.148943,Did not match description,2.0,386.0
2033,13817,3953,489.0,2023-09-30 20:42:44.148943,Did not match description,1.0,595.66
2034,13817,3953,718.0,2023-10-07 20:42:44.148943,Wrong Item,2.0,1581.2
2035,13817,3953,941.0,2023-09-29 20:42:44.148943,Did not match description,1.0,238.84
2042,13848,15054,896.0,2023-01-25 05:34:34.535657,Wrong Item,1.0,139.37
2043,13848,15054,645.0,2023-01-23 05:34:34.535657,Defective,1.0,281.26
2044,13848,15054,609.0,2023-01-17 05:34:34.535657,Defective,2.0,292.7
2045,13848,15054,960.0,2023-02-09 05:34:34.535657,Defective,1.0,95.43
2052,13897,13603,990.0,2021-06-07 15:10:34.566427,Changed Mind,2.0,211.3
2059,13945,6634,11.0,2024-01-02 05:46:32.318111,Did not match description,1.0,336.23
2060,13945,6634,870.0,2023-12-25 05:46:32.318111,Changed Mind,1.0,165.74
2072,14066,6262,637.0,2022-01-28 20:54:33.140533,Changed Mind,5.0,2576.35
2079,14112,13477,738.0,2023-04-06 12:49:57.338319,Changed Mind,1.0,137.04
2080,14112,13477,651.0,2023-03-27 12:49:57.338319,Wrong Item,4.0,4042.85
2081,14112,13477,739.0,2023-04-12 12:49:57.338319,Wrong Item,1.0,254.78
2083,14123,5352,935.0,2023-01-08 13:03:29.943954,Defective,1.0,533.0
2084,14123,5352,984.0,2022-12-18 13:03:29.943954,Did not match description,1.0,307.72
2085,14123,5352,73.0,2022-12-26 13:03:29.943954,Did not match description,1.0,1445.74
2086,14130,304,868.0,2023-02-22 17:52:55.206320,Did not match description,1.0,1328.7
2087,14130,304,437.0,2023-02-20 17:52:55.206320,Did not match description,1.0,27.76
2088,14130,304,132.0,2023-03-02 17:52:55.206320,Wrong Item,1.0,1653.66
2089,14130,304,862.0,2023-03-03 17:52:55.206320,Defective,1.0,487.61
2090,14146,2405,481.0,2023-06-22 01:39:06.302729,Wrong Item,1.0,569.34
2091,14173,12118,996.0,2023-10-22 09:51:32.720491,Changed Mind,1.0,377.2
2093,14190,1130,527.0,2023-10-09 12:15:42.565445,Changed Mind,1.0,161.52
2095,14226,13962,529.0,2023-03-21 01:59:05.576898,Defective,1.0,63.03
2097,14237,3182,282.0,2024-01-25 12:01:32.475516,Defective,1.0,677.85
2104,14287,17584,311.0,2022-12-25 20:51:08.639092,Changed Mind,5.0,1783.13
2105,14287,17584,479.0,2022-12-18 20:51:08.639092,Changed Mind,3.0,506.67
2108,14315,19611,641.0,2024-01-08 20:14:48.320043,Wrong Item,1.0,1316.06
2109,14315,19611,137.0,2023-12-21 20:14:48.320043,Defective,5.0,6580.88
2110,14315,19611,124.0,2023-12-29 20:14:48.320043,Defective,1.0,408.03
2111,14315,19611,681.0,2024-01-16 20:14:48.320043,Changed Mind,2.0,422.66
2113,14333,12985,818.0,2021-12-05 06:05:30.231032,Changed Mind,1.0,163.67
2114,14333,12985,67.0,2021-12-23 06:05:30.231032,Changed Mind,1.0,1220.38
2120,14378,5438,744.0,2023-11-29 01:24:40.322724,Defective,2.0,552.56
2121,14378,5438,601.0,2023-12-08 01:24:40.322724,Wrong Item,2.0,1162.62
2122,14378,5438,311.0,2023-12-06 01:24:40.322724,Wrong Item,1.0,419.56
2123,14378,5438,478.0,2023-11-14 01:24:40.322724,Wrong Item,4.0,763.6
2125,14387,2905,440.0,2021-11-06 04:47:24.427610,Changed Mind,1.0,1164.86
2126,14387,2905,75.0,2021-11-17 04:47:24.427610,Defective,2.0,65.32
2127,14387,2905,494.0,2021-11-12 04:47:24.427610,Defective,1.0,142.11
2128,14396,10802,695.0,2022-07-24 05:56:32.529808,Did not match description,1.0,1729.78
2129,14396,10802,488.0,2022-08-07 05:56:32.529808,Defective,1.0,241.71
2130,14396,10802,994.0,2022-07-20 05:56:32.529808,Did not match description,1.0,92.0
2136,14439,1819,135.0,2023-10-28 16:58:54.150302,Changed Mind,1.0,1013.17
2137,14450,15459,371.0,2023-08-16 05:18:57.919572,Did not match description,1.0,108.38
2139,14546,9561,64.0,2023-09-08 12:33:32.518219,Changed Mind,1.0,1209.38
2141,14552,10182,208.0,2023-07-23 20:07:02.531320,Defective,1.0,574.14
2142,14552,10182,868.0,2023-07-06 20:07:02.531320,Did not match description,1.0,1328.7
2143,14552,10182,840.0,2023-07-14 20:07:02.531320,Defective,1.0,178.34
2144,14560,18662,4.0,2024-01-17 21:43:53.004032,Changed Mind,2.0,618.28
2158,14665,11722,257.0,2023-02-28 09:02:21.559970,Defective,2.0,254.86
2159,14665,11722,899.0,2023-03-11 09:02:21.559970,Changed Mind,1.0,137.91
2160,14665,11722,1.0,2023-03-12 09:02:21.559970,Changed Mind,4.0,6995.2
2169,14714,6522,238.0,2023-10-05 01:19:17.254324,Defective,1.0,1033.06
2171,14745,8400,699.0,2024-01-07 22:43:40.475252,Defective,3.0,2340.75
2183,14824,10402,426.0,2023-04-09 03:17:08.414804,Did not match description,1.0,1827.89
2184,14869,12463,799.0,2023-11-04 14:25:38.115952,Changed Mind,2.0,235.81
2185,14869,12463,521.0,2023-10-31 14:25:38.115952,Wrong Item,3.0,207.69
2186,14869,12463,693.0,2023-10-18 14:25:38.115952,Changed Mind,1.0,53.97
2192,14901,4207,487.0,2023-03-27 12:28:14.403282,Defective,1.0,143.32
2193,14902,1968,487.0,2023-11-19 17:33:00.129895,Wrong Item,4.0,573.28
2194,14902,1968,305.0,2023-11-29 17:33:00.129895,Did not match description,1.0,471.71
2195,14902,1968,384.0,2023-12-18 17:33:00.129895,Changed Mind,1.0,121.08
2196,14902,1968,679.0,2023-11-21 17:33:00.129895,Changed Mind,1.0,998.14
2200,14963,3554,366.0,2023-06-21 19:19:51.355753,Did not match description,4.0,3907.88
2205,14996,36,310.0,2022-11-12 18:01:13.336230,Defective,4.0,843.52
2206,14996,36,935.0,2022-11-22 18:01:13.336230,Did not match description,1.0,426.4
2207,14996,36,291.0,2022-11-12 18:01:13.336230,Did not match description,1.0,64.67
2216,15067,12018,132.0,2022-05-13 22:01:46.011087,Defective,3.0,4216.83
2217,15067,12018,964.0,2022-05-07 22:01:46.011087,Defective,1.0,136.44
2218,15067,12018,672.0,2022-05-23 22:01:46.011087,Changed Mind,1.0,191.43
2219,15067,12018,688.0,2022-05-20 22:01:46.011087,Defective,1.0,127.8
2220,15081,17607,591.0,2023-05-01 05:36:47.769302,Changed Mind,1.0,25.93
2221,15081,17607,796.0,2023-05-04 05:36:47.769302,Wrong Item,1.0,128.19
2247,15285,651,912.0,2022-10-16 11:40:03.436492,Changed Mind,1.0,264.13
2248,15285,651,990.0,2022-10-05 11:40:03.436492,Did not match description,1.0,105.65
2253,15324,8455,159.0,2022-01-08 16:33:03.689949,Changed Mind,3.0,807.54
2254,15324,8455,791.0,2022-01-16 16:33:03.689949,Did not match description,1.0,526.31
2255,15324,8455,988.0,2022-01-09 16:33:03.689949,Changed Mind,2.0,318.6
2256,15324,8455,78.0,2022-01-18 16:33:03.689949,Wrong Item,1.0,279.64
2257,15324,8455,468.0,2022-01-17 16:33:03.689949,Did not match description,2.0,606.24
2258,15339,15180,785.0,2023-10-15 21:58:24.936549,Defective,4.0,639.08
2260,15369,8629,40.0,2022-02-24 23:09:57.476818,Did not match description,1.0,2712.38
2261,15369,8629,182.0,2022-02-01 23:09:57.476818,Wrong Item,1.0,445.12
2269,15419,8049,935.0,2023-11-24 17:53:32.562177,Changed Mind,3.0,1359.15
2270,15419,8049,509.0,2023-11-16 17:53:32.562177,Did not match description,1.0,389.45
2271,15419,8049,596.0,2023-11-23 17:53:32.562177,Wrong Item,1.0,207.53
2273,15437,6372,714.0,2023-11-23 11:47:10.610450,Changed Mind,1.0,368.37
2274,15437,6372,711.0,2023-11-28 11:47:10.610450,Defective,1.0,579.41
2275,15440,14873,698.0,2021-06-30 10:58:12.599362,Did not match description,2.0,2968.52
2276,15440,14873,249.0,2021-06-20 10:58:12.599362,Wrong Item,1.0,2184.89
2293,15543,18574,356.0,2023-08-22 01:04:33.087612,Defective,1.0,203.66
2294,15543,18574,499.0,2023-08-30 01:04:33.087612,Wrong Item,1.0,125.82
2299,15611,9894,320.0,2023-11-13 19:04:59.698569,Did not match description,1.0,1366.24
2302,15640,1142,925.0,2023-11-26 23:04:42.427129,Changed Mind,2.0,1279.36
2304,15651,3695,108.0,2022-02-19 16:27:18.656452,Defective,3.0,6393.87
2305,15651,3695,569.0,2022-02-18 16:27:18.656452,Did not match description,1.0,2254.34
2306,15651,3695,173.0,2022-02-15 16:27:18.656452,Defective,1.0,1010.52
2307,15651,3695,946.0,2022-02-14 16:27:18.656452,Changed Mind,1.0,1339.45
2316,15775,9290,750.0,2022-11-21 15:56:11.419107,Defective,1.0,107.27
2317,15776,10000,533.0,2022-08-10 10:56:07.358049,Changed Mind,1.0,752.11
2318,15776,10000,175.0,2022-09-03 10:56:07.358049,Changed Mind,2.0,296.4
2319,15777,11899,81.0,2023-08-12 21:56:33.162809,Wrong Item,1.0,383.66
2320,15777,11899,632.0,2023-08-09 21:56:33.162809,Wrong Item,1.0,1818.78
2321,15777,11899,18.0,2023-08-19 21:56:33.162809,Wrong Item,1.0,28.07
2322,15777,11899,680.0,2023-07-31 21:56:33.162809,Defective,1.0,158.33
2328,15796,4342,495.0,2023-06-18 17:28:21.803750,Changed Mind,5.0,141.9
2342,15885,17527,150.0,2021-09-01 04:28:46.453170,Wrong Item,1.0,989.06
2343,15885,17527,9.0,2021-08-31 04:28:46.453170,Did not match description,1.0,37.54
2344,15885,17527,522.0,2021-09-14 04:28:46.453170,Defective,2.0,2624.9
2349,15949,7518,137.0,2022-09-29 15:37:55.128849,Wrong Item,1.0,1480.7
2350,15949,7518,215.0,2022-10-06 15:37:55.128849,Did not match description,1.0,230.13
2356,16031,8667,584.0,2023-02-14 16:35:51.616696,Wrong Item,1.0,565.37
2357,16031,8667,464.0,2023-03-10 16:35:51.616696,Changed Mind,2.0,881.3
2360,16048,2338,990.0,2023-01-24 07:13:12.051278,Did not match description,3.0,253.56
2361,16048,2338,801.0,2023-01-08 07:13:12.051278,Defective,1.0,824.66
2362,16048,2338,874.0,2023-01-16 07:13:12.051278,Changed Mind,1.0,1234.8
2363,16048,2338,156.0,2023-01-20 07:13:12.051278,Wrong Item,1.0,140.07
2364,16050,17258,932.0,2023-12-03 18:22:47.864261,Changed Mind,1.0,269.21
2365,16050,17258,853.0,2023-11-22 18:22:47.864261,Changed Mind,1.0,184.79
2366,16050,17258,313.0,2023-12-13 18:22:47.864261,Did not match description,1.0,197.54
2367,16050,17258,519.0,2023-12-10 18:22:47.864261,Did not match description,1.0,424.21
2376,16136,6473,569.0,2022-02-18 03:40:14.604576,Changed Mind,1.0,2254.34
2377,16136,6473,261.0,2022-02-08 03:40:14.604576,Wrong Item,1.0,393.47
2378,16162,7156,276.0,2023-08-17 12:10:45.590245,Wrong Item,1.0,327.58
2379,16162,7156,865.0,2023-08-18 12:10:45.590245,Did not match description,1.0,1643.85
2383,16176,14973,440.0,2023-12-14 14:23:44.800569,Changed Mind,1.0,931.89
2388,16214,2013,786.0,2023-09-30 09:13:36.259308,Changed Mind,1.0,538.61
2389,16214,2013,632.0,2023-10-01 09:13:36.259308,Wrong Item,3.0,4910.71
2390,16214,2013,210.0,2023-09-22 09:13:36.259308,Changed Mind,3.0,652.59
2391,16214,2013,388.0,2023-10-09 09:13:36.259308,Wrong Item,1.0,1254.84
2392,16214,2013,194.0,2023-09-25 09:13:36.259308,Wrong Item,1.0,1770.1
2393,16237,11012,850.0,2022-04-07 20:21:48.140843,Wrong Item,1.0,354.11
2394,16266,12100,214.0,2023-01-10 02:52:42.524916,Wrong Item,3.0,2093.16
2396,16285,17946,143.0,2024-01-05 02:34:13.713381,Did not match description,1.0,563.74
2397,16285,17946,506.0,2023-12-30 02:34:13.713381,Did not match description,1.0,997.05
2398,16285,17946,60.0,2023-12-29 02:34:13.713381,Wrong Item,1.0,1009.14
2419,16473,16346,73.0,2023-11-17 01:50:24.082552,Defective,1.0,1445.74
2422,16478,10204,479.0,2024-01-17 21:43:09.783877,Defective,1.0,168.89
2423,16478,10204,383.0,2024-01-01 21:43:09.783877,Wrong Item,1.0,237.11
2429,16531,7306,915.0,2023-06-11 15:29:20.839773,Changed Mind,1.0,2283.14
2430,16531,7306,103.0,2023-06-02 15:29:20.839773,Defective,2.0,565.46
2431,16569,9796,610.0,2023-07-01 20:38:39.354826,Wrong Item,1.0,604.11
2432,16569,9796,353.0,2023-06-29 20:38:39.354826,Wrong Item,2.0,182.21
2433,16569,9796,262.0,2023-07-25 20:38:39.354826,Did not match description,3.0,1573.92
2434,16577,15370,339.0,2023-08-26 04:20:36.166401,Did not match description,3.0,1552.08
2435,16577,15370,353.0,2023-08-28 04:20:36.166401,Wrong Item,1.0,101.23
2436,16577,15370,375.0,2023-08-19 04:20:36.166401,Did not match description,2.0,394.54
2437,16577,15370,768.0,2023-08-19 04:20:36.166401,Changed Mind,1.0,155.05
2438,16594,10453,429.0,2022-04-19 00:12:34.933839,Changed Mind,1.0,312.28
2439,16594,10453,741.0,2022-04-15 00:12:34.933839,Changed Mind,4.0,457.44
2441,16634,13195,978.0,2023-12-26 01:16:02.174965,Defective,1.0,281.79
2442,16637,12195,56.0,2024-01-09 06:22:38.660859,Wrong Item,1.0,64.01
2443,16637,12195,875.0,2024-01-01 06:22:38.660859,Did not match description,1.0,498.49
2444,16637,12195,692.0,2024-01-03 06:22:38.660859,Did not match description,1.0,266.71
2445,16654,14534,169.0,2022-07-07 08:13:56.683719,Did not match description,2.0,1264.46
2448,16665,17224,842.0,2023-09-27 12:05:32.862167,Defective,1.0,283.88
2449,16665,17224,42.0,2023-10-18 12:05:32.862167,Wrong Item,1.0,659.74
2450,16665,17224,569.0,2023-10-03 12:05:32.862167,Did not match description,4.0,9017.36
2451,16665,17224,293.0,2023-10-13 12:05:32.862167,Did not match description,2.0,1908.66
2452,16665,17224,369.0,2023-10-04 12:05:32.862167,Wrong Item,1.0,289.46
2453,16667,14044,827.0,2022-11-02 17:15:30.319285,Defective,1.0,1522.42
2454,16672,7335,295.0,2024-01-20 06:47:20.800041,Defective,1.0,1493.44
2457,16689,16073,91.0,2022-02-22 01:08:05.223751,Did not match description,1.0,658.55
2458,16689,16073,882.0,2022-02-17 01:08:05.223751,Wrong Item,1.0,981.35
2459,16689,16073,760.0,2022-02-01 01:08:05.223751,Changed Mind,2.0,230.0
2460,16689,16073,808.0,2022-02-22 01:08:05.223751,Wrong Item,5.0,5324.1
2461,16695,6455,185.0,2023-12-08 04:30:57.191102,Wrong Item,3.0,752.76
2467,16701,2890,108.0,2023-11-12 21:42:02.086138,Changed Mind,1.0,2131.29
2468,16701,2890,238.0,2023-11-18 21:42:02.086138,Defective,1.0,1033.06
2475,16757,18525,975.0,2024-01-04 22:58:52.046893,Defective,2.0,316.1
2476,16757,18525,818.0,2024-01-23 22:58:52.046893,Wrong Item,1.0,163.67
2479,16785,11992,523.0,2023-03-01 09:58:49.181046,Changed Mind,3.0,1034.16
2487,16791,11100,308.0,2023-06-17 20:46:14.500442,Did not match description,1.0,99.13
2488,16791,11100,830.0,2023-06-12 20:46:14.500442,Did not match description,1.0,87.92
2496,16840,507,703.0,2023-09-27 09:46:25.626108,Changed Mind,1.0,357.5
2497,16840,507,568.0,2023-09-20 09:46:25.626108,Did not match description,1.0,224.04
2498,16840,507,741.0,2023-09-16 09:46:25.626108,Changed Mind,2.0,228.72
2499,16840,507,311.0,2023-10-05 09:46:25.626108,Wrong Item,1.0,419.56
2512,16933,17575,137.0,2022-12-03 09:57:40.309551,Changed Mind,2.0,3290.44
2513,16933,17575,384.0,2022-12-12 09:57:40.309551,Defective,1.0,142.45
2516,16972,17901,293.0,2023-03-13 21:20:38.075252,Defective,1.0,1192.91
2517,16978,17293,717.0,2022-08-20 15:55:26.787930,Wrong Item,1.0,180.88
2518,16978,17293,291.0,2022-09-12 15:55:26.787930,Did not match description,1.0,76.08
2521,17016,2350,121.0,2023-06-13 07:49:21.119860,Changed Mind,4.0,3132.88
2522,17030,12913,688.0,2024-01-01 11:16:46.481478,Defective,1.0,127.8
2523,17030,12913,884.0,2024-01-08 11:16:46.481478,Did not match description,1.0,484.82
2534,17112,2340,315.0,2021-12-06 06:32:02.495398,Defective,1.0,2110.45
2535,17112,2340,58.0,2021-12-03 06:32:02.495398,Changed Mind,2.0,997.78
2536,17112,2340,140.0,2021-12-28 06:32:02.495398,Did not match description,1.0,248.12
2537,17119,10865,880.0,2023-08-21 09:37:46.823830,Defective,4.0,893.96
2540,17196,18645,266.0,2024-01-04 13:45:09.809376,Changed Mind,1.0,231.16
2546,17243,18592,872.0,2023-05-17 07:48:47.198367,Did not match description,2.0,197.68
2547,17257,468,549.0,2023-04-22 12:04:14.373803,Did not match description,1.0,213.05
2554,17275,7776,406.0,2024-01-04 12:09:16.933903,Wrong Item,5.0,7953.28
2555,17275,7776,188.0,2023-12-11 12:09:16.933903,Defective,1.0,102.25
2556,17275,7776,366.0,2023-12-26 12:09:16.933903,Wrong Item,1.0,976.97
2559,17316,3290,871.0,2022-06-30 12:57:14.021133,Wrong Item,1.0,137.9
2561,17358,6450,358.0,2023-04-06 22:38:55.591602,Changed Mind,1.0,68.68
2562,17358,6450,248.0,2023-03-31 22:38:55.591602,Wrong Item,1.0,421.48
2568,17390,9720,80.0,2023-12-14 20:02:26.803854,Did not match description,1.0,174.4
2569,17390,9720,774.0,2023-12-28 20:02:26.803854,Did not match description,1.0,235.11
2573,17405,2774,867.0,2023-11-02 12:32:11.767309,Wrong Item,1.0,102.13
2577,17416,7294,142.0,2022-09-06 18:04:34.028213,Changed Mind,2.0,727.84
2578,17416,7294,475.0,2022-09-13 18:04:34.028213,Changed Mind,3.0,1257.81
2579,17416,7294,328.0,2022-09-13 18:04:34.028213,Changed Mind,1.0,202.46
2588,17493,9643,372.0,2021-11-08 16:05:28.812151,Changed Mind,1.0,445.02
2593,17522,11071,123.0,2022-12-25 04:43:16.364817,Changed Mind,3.0,678.94
2594,17522,11071,492.0,2022-12-31 04:43:16.364817,Did not match description,1.0,90.47
2595,17522,11071,636.0,2022-12-15 04:43:16.364817,Defective,1.0,245.79
2600,17556,18583,242.0,2023-04-10 12:17:20.005685,Did not match description,1.0,219.44
2611,17614,2896,630.0,2023-09-22 04:25:46.762042,Wrong Item,1.0,615.07
2612,17614,2896,986.0,2023-09-24 04:25:46.762042,Changed Mind,1.0,107.31
2613,17625,17116,958.0,2023-08-04 07:12:03.102697,Changed Mind,3.0,191.97
2614,17625,17116,429.0,2023-08-23 07:12:03.102697,Wrong Item,1.0,312.28
2615,17625,17116,498.0,2023-08-28 07:12:03.102697,Wrong Item,1.0,418.13
2620,17691,8677,729.0,2023-12-10 03:43:02.071093,Defective,4.0,896.72
2632,17727,10155,990.0,2023-10-06 19:20:01.559399,Changed Mind,2.0,211.3
2637,17797,4508,927.0,2022-07-04 05:35:32.959785,Wrong Item,1.0,558.38
2638,17797,4508,320.0,2022-07-04 05:35:32.959785,Wrong Item,1.0,1366.24
2644,17863,2705,599.0,2023-04-18 02:46:13.891550,Changed Mind,1.0,378.12
2645,17863,2705,651.0,2023-04-22 02:46:13.891550,Defective,1.0,1263.39
2646,17863,2705,997.0,2023-04-05 02:46:13.891550,Changed Mind,1.0,1418.64
2647,17876,2173,512.0,2023-06-05 00:26:14.594540,Changed Mind,1.0,382.89
2648,17876,2173,144.0,2023-06-24 00:26:14.594540,Defective,1.0,68.03
2649,17878,19011,409.0,2023-06-24 07:46:27.865223,Did not match description,1.0,165.0
2653,17895,954,773.0,2023-01-22 07:05:06.232354,Did not match description,1.0,1451.62
2654,17895,954,222.0,2023-01-12 07:05:06.232354,Changed Mind,1.0,454.76
2655,17895,954,626.0,2023-01-22 07:05:06.232354,Did not match description,1.0,45.93
2656,17895,954,290.0,2023-01-03 07:05:06.232354,Wrong Item,1.0,114.91
2657,17907,12742,892.0,2023-11-08 05:07:02.543451,Did not match description,1.0,210.03
2658,17923,9525,549.0,2023-12-22 19:27:02.716547,Defective,1.0,213.05
2659,17923,9525,527.0,2023-12-22 19:27:02.716547,Wrong Item,3.0,484.56
2660,17923,9525,482.0,2023-12-10 19:27:02.716547,Defective,4.0,3045.28
2661,17923,9525,887.0,2024-01-02 19:27:02.716547,Wrong Item,1.0,181.96
2664,17955,2620,885.0,2021-12-12 09:33:25.664324,Changed Mind,2.0,93.82
2665,17955,2620,735.0,2021-12-31 09:33:25.664324,Did not match description,1.0,1183.46
2670,18030,15961,632.0,2022-05-08 22:30:49.426349,Changed Mind,2.0,3637.56
2671,18030,15961,897.0,2022-05-21 22:30:49.426349,Changed Mind,1.0,242.43
2672,18030,15961,33.0,2022-05-19 22:30:49.426349,Did not match description,2.0,376.12
2673,18030,15961,102.0,2022-05-04 22:30:49.426349,Changed Mind,3.0,4100.07
2676,18103,10476,554.0,2022-06-01 05:48:19.933367,Defective,1.0,76.28
2677,18103,10476,274.0,2022-06-05 05:48:19.933367,Did not match description,1.0,341.88
2678,18103,10476,592.0,2022-06-17 05:48:19.933367,Wrong Item,1.0,366.47
2679,18103,10476,742.0,2022-05-31 05:48:19.933367,Did not match description,1.0,1393.57
2680,18109,5799,59.0,2023-09-25 12:24:04.290729,Changed Mind,1.0,43.09
2681,18109,5799,163.0,2023-09-24 12:24:04.290729,Changed Mind,1.0,163.91
2682,18109,5799,967.0,2023-09-09 12:24:04.290729,Wrong Item,3.0,1277.43
2683,18109,5799,300.0,2023-09-02 12:24:04.290729,Did not match description,3.0,2273.79
2689,18115,15964,219.0,2023-05-05 02:07:06.088454,Defective,3.0,2494.47
2693,18139,7781,503.0,2021-05-04 09:52:39.867896,Wrong Item,3.0,1805.58
2694,18139,7781,657.0,2021-05-19 09:52:39.867896,Changed Mind,1.0,890.32
2695,18139,7781,644.0,2021-06-01 09:52:39.867896,Changed Mind,5.0,10844.95
2696,18149,12934,491.0,2023-05-17 11:47:34.294309,Defective,1.0,2022.41
2697,18149,12934,322.0,2023-04-18 11:47:34.294309,Wrong Item,4.0,1234.32
2698,18149,12934,773.0,2023-04-26 11:47:34.294309,Wrong Item,1.0,1451.62
2699,18149,12934,570.0,2023-04-29 11:47:34.294309,Changed Mind,2.0,360.48
2701,18156,18606,579.0,2023-10-12 03:49:00.386581,Did not match description,1.0,421.56
2704,18162,18081,916.0,2023-08-26 13:05:18.772703,Defective,4.0,8136.72
2705,18162,18081,446.0,2023-09-07 13:05:18.772703,Changed Mind,2.0,707.88
2706,18162,18081,505.0,2023-08-27 13:05:18.772703,Changed Mind,1.0,141.58
2707,18162,18081,654.0,2023-09-20 13:05:18.772703,Did not match description,1.0,272.38
2708,18162,18081,964.0,2023-08-25 13:05:18.772703,Defective,1.0,136.44
2710,18200,11641,52.0,2023-10-18 12:57:25.630547,Changed Mind,1.0,208.42
2711,18200,11641,661.0,2023-09-25 12:57:25.630547,Wrong Item,1.0,339.74
2715,18248,8133,297.0,2024-01-17 09:36:46.233839,Did not match description,1.0,194.37
2716,18248,8133,548.0,2023-12-24 09:36:46.233839,Wrong Item,3.0,158.61
2717,18248,8133,80.0,2023-12-22 09:36:46.233839,Changed Mind,2.0,313.92
2723,18298,12839,500.0,2023-12-21 08:28:58.064950,Defective,2.0,4743.38
2724,18298,12839,399.0,2023-12-22 08:28:58.064950,Defective,1.0,634.64
2749,18593,158,294.0,2023-10-17 15:39:53.154728,Wrong Item,1.0,415.69
2750,18593,158,975.0,2023-09-23 15:39:53.154728,Defective,2.0,371.88
2757,18630,14112,539.0,2022-01-31 10:29:53.103070,Changed Mind,2.0,810.02
2758,18630,14112,807.0,2022-02-06 10:29:53.103070,Wrong Item,1.0,613.31
2759,18630,14112,147.0,2022-01-24 10:29:53.103070,Defective,1.0,291.18
2762,18637,835,445.0,2023-09-04 10:13:23.374372,Did not match description,1.0,138.05
2763,18637,835,386.0,2023-09-07 10:13:23.374372,Did not match description,1.0,76.12
2764,18637,835,413.0,2023-09-27 10:13:23.374372,Changed Mind,2.0,402.2
2765,18637,835,341.0,2023-09-05 10:13:23.374372,Did not match description,1.0,64.47
2766,18637,835,297.0,2023-09-01 10:13:23.374372,Defective,1.0,194.37
2768,18661,17403,596.0,2023-11-11 00:34:21.167380,Defective,1.0,207.53
2769,18661,17403,5.0,2023-11-21 00:34:21.167380,Changed Mind,1.0,140.87
2771,18670,14246,966.0,2023-12-28 06:15:06.465213,Did not match description,1.0,175.68
2772,18670,14246,986.0,2024-01-12 06:15:06.465213,Did not match description,1.0,107.31
2773,18670,14246,927.0,2024-01-04 06:15:06.465213,Wrong Item,1.0,558.38
2780,18705,4292,502.0,2023-08-20 04:42:14.125382,Changed Mind,3.0,1800.84
2781,18705,4292,83.0,2023-08-07 04:42:14.125382,Changed Mind,1.0,1210.9
2782,18735,13077,761.0,2023-03-13 05:34:53.969053,Defective,1.0,1496.3
2783,18735,13077,220.0,2023-03-03 05:34:53.969053,Did not match description,1.0,235.11
2784,18735,13077,812.0,2023-02-28 05:34:53.969053,Wrong Item,3.0,3025.14
2787,18764,2871,885.0,2023-10-02 06:24:14.777144,Changed Mind,1.0,49.84
2788,18764,2871,29.0,2023-10-04 06:24:14.777144,Changed Mind,2.0,611.7
2789,18776,6608,778.0,2022-12-04 23:48:14.629735,Defective,1.0,2113.78
2794,18821,17345,66.0,2021-10-14 06:15:35.996050,Wrong Item,2.0,600.98
2795,18821,17345,987.0,2021-10-05 06:15:35.996050,Did not match description,1.0,93.18
2797,18840,2157,543.0,2023-12-03 09:23:43.253263,Changed Mind,1.0,2139.61
2798,18840,2157,659.0,2023-12-01 09:23:43.253263,Did not match description,2.0,766.32
2799,18841,13311,839.0,2022-12-11 15:54:59.581676,Did not match description,1.0,190.21
2803,18892,11903,308.0,2023-04-27 07:06:11.606463,Changed Mind,1.0,99.13
2804,18892,11903,164.0,2023-04-18 07:06:11.606463,Did not match description,1.0,199.81
2805,18892,11903,139.0,2023-05-06 07:06:11.606463,Wrong Item,2.0,2000.7
2807,18941,19586,754.0,2023-02-10 16:36:46.415369,Changed Mind,1.0,692.84
2808,18944,11936,626.0,2022-11-07 17:41:23.940685,Changed Mind,1.0,45.93
2809,18944,11936,867.0,2022-10-24 17:41:23.940685,Did not match description,2.0,226.96
2810,18944,11936,255.0,2022-11-01 17:41:23.940685,Wrong Item,1.0,1222.71
2814,18979,13105,585.0,2023-06-28 17:39:53.841543,Did not match description,2.0,386.0
2818,18991,8543,659.0,2023-09-26 11:55:05.753158,Defective,2.0,766.32
2819,19001,8605,262.0,2023-03-09 22:17:49.773958,Changed Mind,1.0,557.43
2830,19043,12094,214.0,2023-09-29 08:16:24.074896,Wrong Item,1.0,593.06
2831,19043,12094,903.0,2023-09-14 08:16:24.074896,Did not match description,1.0,1470.13
2843,19122,4233,216.0,2022-07-22 08:05:22.961736,Defective,1.0,493.19
2846,19132,5931,801.0,2023-12-15 06:26:23.021673,Changed Mind,4.0,3298.64
2851,19181,146,807.0,2023-09-12 09:22:35.423505,Did not match description,1.0,613.31
2852,19181,146,838.0,2023-08-20 09:22:35.423505,Defective,1.0,50.64
2853,19181,146,33.0,2023-08-27 09:22:35.423505,Defective,1.0,188.06
2854,19181,146,777.0,2023-09-15 09:22:35.423505,Wrong Item,1.0,236.87
2869,19245,12098,549.0,2022-04-12 21:26:11.116793,Changed Mind,1.0,213.05
2870,19245,12098,138.0,2022-03-31 21:26:11.116793,Wrong Item,1.0,130.18
2872,19251,8866,714.0,2023-01-21 21:43:38.004040,Did not match description,4.0,1473.48
2877,19316,9513,261.0,2023-05-25 17:20:59.574375,Wrong Item,1.0,334.45
2878,19327,3832,238.0,2024-01-15 16:15:42.592121,Changed Mind,5.0,5165.3
2879,19331,8197,895.0,2023-02-03 00:41:16.142299,Changed Mind,1.0,443.64
2880,19333,1562,182.0,2022-04-03 08:23:30.845312,Did not match description,1.0,445.12
2881,19333,1562,756.0,2022-04-07 08:23:30.845312,Defective,1.0,329.48
2882,19333,1562,676.0,2022-04-25 08:23:30.845312,Wrong Item,1.0,412.65
2887,19402,17533,771.0,2024-01-06 07:43:40.316097,Defective,1.0,315.05
2888,19402,17533,543.0,2023-12-23 07:43:40.316097,Wrong Item,2.0,3637.34
2894,19439,4867,452.0,2021-11-25 11:54:18.864877,Defective,2.0,3880.6
2895,19439,4867,316.0,2021-11-18 11:54:18.864877,Wrong Item,2.0,3187.19
2896,19439,4867,191.0,2021-12-08 11:54:18.864877,Changed Mind,1.0,1128.05
2897,19439,4867,995.0,2021-11-17 11:54:18.864877,Defective,4.0,1039.72
2898,19439,4867,793.0,2021-12-13 11:54:18.864877,Defective,4.0,1033.32
2901,19448,9796,970.0,2021-04-12 21:57:57.331918,Defective,1.0,2657.09
2902,19448,9796,519.0,2021-04-14 21:57:57.331918,Changed Mind,1.0,471.34
2903,19461,634,255.0,2023-12-14 12:13:14.797230,Changed Mind,3.0,3668.13
2904,19461,634,19.0,2023-11-26 12:13:14.797230,Did not match description,2.0,517.32
2905,19461,634,865.0,2023-12-03 12:13:14.797230,Wrong Item,1.0,1315.08
2906,19461,634,825.0,2023-11-21 12:13:14.797230,Defective,5.0,516.75
2907,19463,9201,183.0,2023-01-03 22:47:24.822750,Changed Mind,1.0,176.28
2908,19463,9201,705.0,2022-12-29 22:47:24.822750,Wrong Item,1.0,77.0
2909,19463,9201,214.0,2023-01-01 22:47:24.822750,Changed Mind,4.0,2790.88
2910,19504,16626,459.0,2023-05-14 22:51:22.239033,Did not match description,2.0,466.32
2911,19504,16626,276.0,2023-04-26 22:51:22.239033,Wrong Item,1.0,327.58
2912,19504,16626,786.0,2023-05-04 22:51:22.239033,Did not match description,2.0,969.5
2920,19572,2788,255.0,2021-09-29 01:51:11.374781,Wrong Item,1.0,1222.71
2921,19572,2788,274.0,2021-09-21 01:51:11.374781,Did not match description,1.0,341.88
2929,19666,302,762.0,2023-11-10 05:20:52.834463,Defective,1.0,131.34
2930,19666,302,265.0,2023-11-13 05:20:52.834463,Defective,1.0,1727.67
2931,19666,302,916.0,2023-11-26 05:20:52.834463,Did not match description,3.0,5492.29
2935,19719,11520,377.0,2023-07-04 06:01:41.200836,Did not match description,3.0,467.34
2936,19719,11520,71.0,2023-07-08 06:01:41.200836,Changed Mind,1.0,1040.33
2937,19719,11520,230.0,2023-07-01 06:01:41.200836,Did not match description,3.0,623.01
2942,19784,3422,742.0,2021-11-09 13:05:12.636229,Did not match description,1.0,1393.57
2944,19816,6647,555.0,2023-10-16 07:21:55.424072,Changed Mind,1.0,1114.66
2946,19872,19293,392.0,2023-02-02 20:39:16.696812,Defective,2.0,273.36
2947,19872,19293,768.0,2023-02-20 20:39:16.696812,Wrong Item,1.0,155.05
2948,19872,19293,326.0,2023-02-25 20:39:16.696812,Wrong Item,1.0,353.01
2949,19872,19293,446.0,2023-01-31 20:39:16.696812,Wrong Item,1.0,353.94
2951,19911,9216,893.0,2022-10-02 08:56:17.063915,Defective,1.0,129.22
2952,19911,9216,484.0,2022-10-15 08:56:17.063915,Changed Mind,1.0,341.57
2953,19920,6497,452.0,2023-10-22 21:16:42.848631,Defective,3.0,5820.9
2954,19950,8542,722.0,2023-11-21 07:54:52.848752,Wrong Item,1.0,1346.62
2955,19965,10837,102.0,2022-09-24 08:33:56.407286,Wrong Item,1.0,1366.69
2956,19965,10837,914.0,2022-09-03 08:33:56.407286,Defective,1.0,675.34
2957,19965,10837,342.0,2022-09-04 08:33:56.407286,Wrong Item,2.0,419.96
2959,20010,687,797.0,2023-08-23 02:32:53.265522,Wrong Item,1.0,1760.1
2960,20010,687,673.0,2023-08-21 02:32:53.265522,Wrong Item,1.0,923.6
2961,20010,687,71.0,2023-08-18 02:32:53.265522,Changed Mind,1.0,1040.33
2962,20013,19196,56.0,2022-11-04 02:51:02.936187,Wrong Item,1.0,57.61
2971,20091,14401,89.0,2023-01-28 06:08:03.498400,Did not match description,1.0,1782.63
2977,20138,7135,313.0,2023-11-14 22:03:01.716732,Changed Mind,1.0,197.54
2979,20144,789,15.0,2023-08-10 10:22:02.082523,Defective,1.0,115.01
2980,20144,789,94.0,2023-07-18 10:22:02.082523,Did not match description,1.0,178.69
2981,20144,789,62.0,2023-08-04 10:22:02.082523,Did not match description,1.0,1348.11
2991,20215,2973,757.0,2021-10-25 10:13:11.613714,Changed Mind,1.0,93.43
3002,20373,17449,61.0,2023-09-28 19:56:54.086757,Defective,1.0,233.6
3008,20411,9436,138.0,2023-01-19 21:47:32.946751,Changed Mind,1.0,130.18
3015,20434,5467,13.0,2022-09-24 17:06:38.666334,Defective,1.0,1294.19
3016,20434,5467,495.0,2022-09-12 17:06:38.666334,Changed Mind,1.0,28.38
3020,20459,17503,523.0,2023-12-15 13:18:55.152349,Defective,1.0,344.72
3021,20459,17503,628.0,2023-12-18 13:18:55.152349,Wrong Item,1.0,707.39
3022,20459,17503,200.0,2023-12-16 13:18:55.152349,Defective,1.0,181.65
3023,20459,17503,755.0,2023-12-12 13:18:55.152349,Defective,1.0,170.39
3024,20459,17503,169.0,2023-12-07 13:18:55.152349,Changed Mind,1.0,632.23
3027,20479,14051,943.0,2023-01-20 08:32:55.372479,Did not match description,4.0,2280.32
3028,20479,14051,792.0,2023-02-03 08:32:55.372479,Defective,1.0,1201.0
3029,20479,14051,268.0,2023-02-01 08:32:55.372479,Wrong Item,1.0,177.95
3030,20479,14051,187.0,2023-01-10 08:32:55.372479,Wrong Item,2.0,4639.94
3037,20533,12696,113.0,2023-04-05 07:11:14.770139,Defective,1.0,354.99
3038,20533,12696,631.0,2023-04-08 07:11:14.770139,Defective,1.0,137.66
3039,20533,12696,765.0,2023-04-05 07:11:14.770139,Changed Mind,4.0,6632.4
3040,20533,12696,140.0,2023-04-12 07:11:14.770139,Wrong Item,5.0,1116.54
3041,20575,19412,419.0,2022-08-15 18:53:39.794761,Changed Mind,2.0,325.06
3042,20575,19412,319.0,2022-08-12 18:53:39.794761,Defective,1.0,272.28
3043,20592,14839,539.0,2022-03-02 22:10:20.231101,Wrong Item,1.0,344.26
3044,20592,14839,999.0,2022-02-26 22:10:20.231101,Wrong Item,1.0,366.43
3045,20592,14839,894.0,2022-02-08 22:10:20.231101,Did not match description,1.0,221.67
3052,20663,10185,329.0,2022-08-11 18:04:15.985826,Did not match description,1.0,64.98
3053,20663,10185,11.0,2022-08-08 18:04:15.985826,Did not match description,3.0,1008.69
3055,20684,6279,108.0,2023-09-29 16:05:34.093576,Changed Mind,1.0,1918.16
3056,20694,700,565.0,2022-09-23 03:15:12.474366,Changed Mind,1.0,41.61
3057,20694,700,236.0,2022-09-21 03:15:12.474366,Did not match description,1.0,132.0
3067,20791,5061,722.0,2022-07-21 13:29:53.820283,Wrong Item,1.0,1346.62
3068,20791,5061,340.0,2022-08-10 13:29:53.820283,Did not match description,3.0,721.62
3069,20791,5061,651.0,2022-08-02 13:29:53.820283,Wrong Item,1.0,1263.39
3070,20791,5061,820.0,2022-08-14 13:29:53.820283,Did not match description,1.0,875.17
3074,20860,8522,356.0,2023-09-14 10:45:23.444421,Defective,1.0,226.29
3075,20860,8522,118.0,2023-09-21 10:45:23.444421,Wrong Item,1.0,879.18
3078,20876,15880,845.0,2023-08-23 07:12:37.414232,Changed Mind,1.0,1468.24
3091,20969,335,657.0,2024-01-01 02:27:37.170371,Changed Mind,1.0,890.32
3092,20969,335,589.0,2024-01-11 02:27:37.170371,Wrong Item,3.0,339.1
3097,21014,15844,821.0,2023-01-26 08:43:07.993508,Wrong Item,1.0,40.75
3098,21014,15844,135.0,2023-02-12 08:43:07.993508,Wrong Item,1.0,1266.46
3099,21026,15474,999.0,2023-11-29 17:57:46.190470,Changed Mind,4.0,1628.56
3100,21026,15474,792.0,2023-12-06 17:57:46.190470,Defective,1.0,1412.94
3101,21026,15474,268.0,2023-11-27 17:57:46.190470,Did not match description,1.0,151.26
3102,21026,15474,529.0,2023-12-25 17:57:46.190470,Wrong Item,1.0,70.03
3103,21026,15474,112.0,2023-12-22 17:57:46.190470,Defective,1.0,2368.89
3104,21047,16512,531.0,2023-11-01 00:32:32.992299,Wrong Item,1.0,2331.94
3108,21150,13753,290.0,2023-12-25 21:33:29.560748,Changed Mind,2.0,206.84
3115,21206,16022,487.0,2023-03-31 19:25:31.895315,Wrong Item,2.0,286.64
3116,21206,16022,4.0,2023-03-22 19:25:31.895315,Wrong Item,1.0,309.14
3117,21210,8691,315.0,2023-03-10 11:31:49.572078,Wrong Item,2.0,4220.9
3118,21225,11912,531.0,2021-07-22 06:46:35.457205,Changed Mind,2.0,4663.88
3119,21225,11912,866.0,2021-07-29 06:46:35.457205,Defective,1.0,301.62
3125,21284,13107,688.0,2023-07-19 08:25:07.968740,Changed Mind,1.0,127.8
3127,21304,14808,634.0,2023-12-01 17:16:52.002557,Wrong Item,1.0,244.3
3128,21304,14808,246.0,2023-11-29 17:16:52.002557,Did not match description,2.0,600.1
3129,21304,14808,209.0,2023-11-20 17:16:52.002557,Wrong Item,1.0,1601.65
3130,21304,14808,665.0,2023-11-03 17:16:52.002557,Changed Mind,1.0,1692.58
3131,21304,14808,187.0,2023-11-10 17:16:52.002557,Wrong Item,2.0,4639.94
3136,21387,10653,173.0,2022-06-07 12:33:54.879255,Wrong Item,1.0,1010.52
3137,21387,10653,452.0,2022-06-21 12:33:54.879255,Wrong Item,1.0,1940.3
3142,21465,12156,248.0,2023-02-26 05:42:07.833677,Did not match description,1.0,358.26
3144,21475,17725,169.0,2023-09-18 02:13:23.549916,Did not match description,3.0,1896.69
3145,21475,17725,433.0,2023-10-10 02:13:23.549916,Defective,1.0,279.86
3146,21475,17725,542.0,2023-10-15 02:13:23.549916,Did not match description,1.0,190.56
3149,21508,161,725.0,2023-12-19 19:11:44.950271,Defective,1.0,39.93
3150,21508,161,245.0,2023-12-16 19:11:44.950271,Wrong Item,2.0,166.94
3151,21517,10569,137.0,2022-05-23 04:52:20.234217,Wrong Item,2.0,3290.44
3152,21517,10569,274.0,2022-05-11 04:52:20.234217,Did not match description,1.0,341.88
3153,21534,6744,373.0,2024-01-04 15:08:48.295583,Wrong Item,1.0,749.89
3154,21534,6744,838.0,2023-12-11 15:08:48.295583,Defective,4.0,202.56
3155,21534,6744,906.0,2023-12-21 15:08:48.295583,Did not match description,1.0,221.38
3159,21586,15152,812.0,2023-01-29 06:14:53.225517,Defective,2.0,2016.76
3160,21586,15152,77.0,2023-02-12 06:14:53.225517,Changed Mind,1.0,1129.11
3161,21591,10744,690.0,2022-12-11 00:05:54.550341,Did not match description,1.0,148.12
3163,21614,2251,121.0,2023-04-11 13:25:13.467131,Changed Mind,1.0,783.22
3164,21614,2251,231.0,2023-03-18 13:25:13.467131,Did not match description,3.0,2251.77
3165,21614,2251,375.0,2023-04-02 13:25:13.467131,Wrong Item,1.0,197.27
3166,21630,1068,657.0,2023-10-13 08:02:14.513520,Changed Mind,1.0,890.32
3167,21630,1068,474.0,2023-10-03 08:02:14.513520,Defective,2.0,153.66
3171,21656,989,663.0,2023-07-02 20:12:01.064023,Changed Mind,1.0,2368.25
3178,21741,4541,516.0,2022-11-18 03:49:08.406256,Did not match description,2.0,212.89
3179,21741,4541,447.0,2022-11-12 03:49:08.406256,Did not match description,1.0,267.17
3180,21743,15646,464.0,2023-10-17 11:04:08.603152,Wrong Item,3.0,1321.95
3181,21743,15646,131.0,2023-10-12 11:04:08.603152,Defective,2.0,161.82
3182,21743,15646,579.0,2023-11-07 11:04:08.603152,Wrong Item,2.0,843.12
3183,21743,15646,581.0,2023-10-13 11:04:08.603152,Wrong Item,1.0,556.25
3185,21755,11102,20.0,2023-07-10 08:48:28.358832,Wrong Item,1.0,402.25
3186,21755,11102,877.0,2023-07-28 08:48:28.358832,Did not match description,3.0,591.54
3187,21755,11102,110.0,2023-07-10 08:48:28.358832,Defective,1.0,390.34
3188,21755,11102,24.0,2023-07-02 08:48:28.358832,Changed Mind,1.0,61.63
3190,21768,5522,515.0,2022-01-23 10:11:24.383354,Did not match description,1.0,83.56
3191,21768,5522,823.0,2022-01-17 10:11:24.383354,Defective,1.0,213.01
3192,21768,5522,129.0,2022-01-02 10:11:24.383354,Did not match description,1.0,293.28
3193,21790,15725,383.0,2023-03-09 11:56:06.624792,Did not match description,1.0,201.54
3195,21812,9574,630.0,2023-04-30 10:06:12.106403,Wrong Item,1.0,522.81
3196,21812,9574,466.0,2023-05-16 10:06:12.106403,Defective,1.0,1547.67
3197,21812,9574,105.0,2023-04-30 10:06:12.106403,Wrong Item,1.0,139.31
3198,21812,9574,645.0,2023-05-09 10:06:12.106403,Did not match description,1.0,281.26
3199,21838,632,902.0,2023-05-05 10:14:14.664647,Changed Mind,1.0,285.76
3201,21904,3875,678.0,2023-12-29 03:54:19.865336,Defective,1.0,417.89
3202,21904,3875,796.0,2024-01-15 03:54:19.865336,Defective,4.0,512.76
3203,21904,3875,437.0,2024-01-11 03:54:19.865336,Defective,1.0,27.76
3212,22003,7115,152.0,2023-10-31 01:20:44.565348,Changed Mind,1.0,600.7
3213,22003,7115,480.0,2023-10-30 01:20:44.565348,Wrong Item,1.0,165.33
3219,22050,13417,60.0,2022-05-29 03:30:55.539515,Wrong Item,1.0,1261.43
3229,22125,13264,810.0,2023-05-02 09:45:05.741524,Changed Mind,5.0,542.8
3230,22125,13264,926.0,2023-05-15 09:45:05.741524,Defective,1.0,1235.92
3231,22125,13264,61.0,2023-05-30 09:45:05.741524,Defective,1.0,233.6
3232,22125,13264,704.0,2023-05-19 09:45:05.741524,Did not match description,1.0,1602.41
3240,22182,12827,560.0,2022-09-23 01:48:14.726591,Wrong Item,2.0,2069.04
3241,22182,12827,150.0,2022-10-17 01:48:14.726591,Did not match description,1.0,989.06
3243,22199,9643,671.0,2023-10-13 01:39:01.478914,Changed Mind,1.0,183.25
3250,22282,17122,939.0,2024-01-02 00:12:40.927979,Defective,1.0,1244.26
3251,22282,17122,12.0,2024-01-24 00:12:40.927979,Changed Mind,1.0,1012.98
3253,22284,19297,487.0,2023-12-19 20:12:40.615667,Changed Mind,1.0,143.32
3254,22284,19297,431.0,2023-11-24 20:12:40.615667,Wrong Item,2.0,924.46
3255,22284,19297,586.0,2023-11-27 20:12:40.615667,Did not match description,1.0,87.34
3263,22374,9289,364.0,2022-09-29 07:54:31.158308,Changed Mind,3.0,1034.82
3268,22385,7724,520.0,2022-06-02 01:34:41.322900,Did not match description,1.0,414.48
3269,22385,7724,532.0,2022-05-23 01:34:41.322900,Changed Mind,4.0,208.55
3270,22385,7724,138.0,2022-05-23 01:34:41.322900,Did not match description,1.0,130.18
3275,22415,15371,979.0,2023-02-23 20:38:30.452106,Changed Mind,1.0,30.34
3276,22415,15371,389.0,2023-03-12 20:38:30.452106,Changed Mind,1.0,420.79
3288,22503,7133,978.0,2023-09-04 03:48:18.447178,Wrong Item,1.0,239.52
3292,22534,2835,960.0,2022-06-04 11:43:43.524758,Wrong Item,2.0,190.86
3294,22552,14078,909.0,2023-06-27 21:02:59.036474,Defective,2.0,266.26
3295,22552,14078,815.0,2023-07-10 21:02:59.036474,Changed Mind,1.0,167.09
3304,22632,7069,811.0,2023-04-12 04:05:04.972907,Changed Mind,1.0,237.45
3305,22638,8430,92.0,2024-01-13 05:36:09.697133,Defective,1.0,276.97
3313,22707,12313,185.0,2021-10-05 14:23:57.217636,Did not match description,1.0,250.92
3314,22707,12313,329.0,2021-10-01 14:23:57.217636,Changed Mind,1.0,64.98
3315,22720,2150,644.0,2022-07-20 13:32:58.245234,Defective,1.0,2168.99
3328,22794,18385,822.0,2023-11-25 13:15:14.306333,Did not match description,2.0,802.34
3329,22794,18385,452.0,2023-12-11 13:15:14.306333,Changed Mind,1.0,1940.3
3330,22794,18385,886.0,2023-11-27 13:15:14.306333,Defective,1.0,1944.72
3331,22794,18385,191.0,2023-11-15 13:15:14.306333,Wrong Item,1.0,1128.05
3332,22794,18385,151.0,2023-12-01 13:15:14.306333,Defective,3.0,500.2
3337,22869,390,867.0,2023-09-24 14:00:44.319589,Wrong Item,5.0,567.4
3338,22869,390,496.0,2023-09-09 14:00:44.319589,Defective,1.0,306.59
3341,22889,3166,238.0,2022-07-13 00:16:31.189389,Did not match description,1.0,1033.06
3343,22902,9219,600.0,2023-07-15 13:43:15.525173,Changed Mind,1.0,856.76
3344,22911,9268,600.0,2023-01-03 02:55:31.755802,Wrong Item,2.0,1456.49
3345,22911,9268,631.0,2023-01-16 02:55:31.755802,Defective,1.0,129.56
3349,22969,6138,585.0,2023-12-26 13:47:24.306105,Defective,1.0,193.0
3352,22999,18212,157.0,2023-09-04 21:56:04.624485,Did not match description,1.0,159.01
3353,22999,18212,378.0,2023-08-24 21:56:04.624485,Wrong Item,3.0,2350.98
3354,22999,18212,606.0,2023-08-26 21:56:04.624485,Did not match description,1.0,73.35
3358,23017,18094,953.0,2023-10-27 21:33:43.151975,Wrong Item,1.0,135.15
3359,23023,15251,717.0,2022-03-24 04:03:48.356139,Wrong Item,1.0,153.75
3360,23023,15251,974.0,2022-03-16 04:03:48.356139,Did not match description,1.0,1300.93
3361,23023,15251,799.0,2022-04-06 04:03:48.356139,Defective,1.0,147.38
3362,23061,5409,791.0,2023-07-04 18:20:34.525350,Changed Mind,2.0,1052.62
3363,23061,5409,555.0,2023-06-24 18:20:34.525350,Defective,1.0,1114.66
3364,23069,17703,5.0,2022-09-21 00:08:05.405170,Wrong Item,2.0,281.74
3366,23073,1187,245.0,2021-09-18 14:03:51.416531,Did not match description,1.0,83.47
3367,23073,1187,526.0,2021-09-01 14:03:51.416531,Did not match description,1.0,138.7
3373,23091,19871,99.0,2023-11-18 07:53:04.849572,Did not match description,3.0,694.95
3374,23091,19871,571.0,2023-12-04 07:53:04.849572,Changed Mind,2.0,130.85
3375,23091,19871,104.0,2023-12-01 07:53:04.849572,Wrong Item,4.0,1429.72
3379,23118,15215,939.0,2023-01-31 06:07:08.312000,Wrong Item,3.0,3359.5
3380,23118,15215,570.0,2023-01-24 06:07:08.312000,Did not match description,1.0,212.05
3381,23146,3286,861.0,2023-11-24 11:41:33.061931,Wrong Item,3.0,756.75
3382,23146,3286,915.0,2023-12-11 11:41:33.061931,Changed Mind,1.0,2283.14
3383,23163,7302,661.0,2023-09-18 09:27:58.614646,Did not match description,1.0,271.79
3384,23163,7302,330.0,2023-10-02 09:27:58.614646,Wrong Item,1.0,231.28
3397,23255,2761,992.0,2021-04-10 07:48:09.249542,Wrong Item,1.0,1504.04
3398,23255,2761,644.0,2021-04-22 07:48:09.249542,Wrong Item,1.0,1952.09
3399,23255,2761,257.0,2021-04-21 07:48:09.249542,Changed Mind,4.0,509.72
3414,23366,15886,960.0,2022-07-14 19:07:15.392657,Wrong Item,1.0,95.43
3415,23366,15886,886.0,2022-06-30 19:07:15.392657,Changed Mind,4.0,7778.88
3423,23451,13471,426.0,2022-10-23 09:05:23.728389,Changed Mind,1.0,1553.71
3424,23451,13471,926.0,2022-11-06 09:05:23.728389,Defective,2.0,2471.84
3425,23462,14117,97.0,2023-03-26 10:21:31.892669,Changed Mind,1.0,243.53
3426,23462,14117,788.0,2023-04-01 10:21:31.892669,Wrong Item,1.0,218.56
3435,23529,4298,714.0,2022-12-05 11:41:38.817793,Did not match description,1.0,368.37
3436,23529,4298,903.0,2022-11-29 11:41:38.817793,Changed Mind,1.0,1470.13
3437,23558,18077,313.0,2023-02-18 03:42:06.909334,Defective,1.0,197.54
3438,23558,18077,383.0,2023-02-19 03:42:06.909334,Changed Mind,1.0,237.11
3439,23558,18077,149.0,2023-02-25 03:42:06.909334,Changed Mind,2.0,853.25
3442,23589,17707,754.0,2023-12-30 16:35:17.979495,Defective,1.0,692.84
3443,23589,17707,788.0,2024-01-01 16:35:17.979495,Wrong Item,1.0,194.27
3444,23589,17707,255.0,2024-01-03 16:35:17.979495,Wrong Item,1.0,1222.71
3452,23648,5347,937.0,2023-11-19 15:16:56.081520,Defective,1.0,1084.66
3462,23673,11963,432.0,2023-10-27 19:42:15.967486,Defective,1.0,226.35
3463,23673,11963,163.0,2023-10-13 19:42:15.967486,Did not match description,3.0,546.36
3464,23673,11963,65.0,2023-10-30 19:42:15.967486,Wrong Item,1.0,354.38
3480,23854,18095,591.0,2023-03-26 05:38:59.365361,Wrong Item,2.0,51.86
3485,23872,14031,998.0,2022-07-22 10:36:49.389046,Defective,1.0,56.55
3486,23872,14031,489.0,2022-07-04 10:36:49.389046,Did not match description,1.0,595.66
3487,23876,950,437.0,2023-05-27 05:50:07.264971,Did not match description,1.0,27.76
3490,23914,1679,457.0,2023-03-28 21:55:17.139193,Changed Mind,1.0,162.94
3491,23914,1679,282.0,2023-03-17 21:55:17.139193,Changed Mind,1.0,677.85
3492,23914,1679,779.0,2023-04-05 21:55:17.139193,Defective,4.0,571.92
3506,23951,7466,295.0,2023-12-06 10:07:00.242986,Did not match description,1.0,1269.42
3507,23951,7466,361.0,2023-12-14 10:07:00.242986,Did not match description,1.0,77.69
3522,24005,5217,201.0,2023-07-10 19:54:01.962909,Changed Mind,2.0,185.12
3530,24034,5984,543.0,2023-12-15 04:45:03.040234,Wrong Item,1.0,2139.61
3531,24034,5984,345.0,2023-12-23 04:45:03.040234,Defective,1.0,40.73
3532,24034,5984,157.0,2023-12-07 04:45:03.040234,Defective,1.0,159.01
3541,24134,12872,297.0,2023-05-20 02:38:35.905302,Did not match description,1.0,194.37
3548,24154,14942,672.0,2023-12-23 06:45:27.790429,Changed Mind,2.0,306.29
3549,24154,14942,708.0,2024-01-05 06:45:27.790429,Wrong Item,2.0,3519.1
3550,24154,14942,614.0,2024-01-09 06:45:27.790429,Defective,1.0,32.34
3552,24159,8199,402.0,2023-08-08 13:30:35.253654,Wrong Item,2.0,3164.56
3553,24160,6017,129.0,2023-06-24 22:38:53.860044,Defective,1.0,249.29
3554,24160,6017,782.0,2023-07-12 22:38:53.860044,Defective,1.0,947.37
3555,24160,6017,811.0,2023-06-26 22:38:53.860044,Defective,1.0,237.45
3556,24160,6017,276.0,2023-07-14 22:38:53.860044,Wrong Item,3.0,982.74
3572,24283,8274,214.0,2023-04-14 09:17:44.366233,Did not match description,1.0,697.72
3573,24294,8108,921.0,2023-08-03 01:12:01.551203,Wrong Item,1.0,240.0
3574,24294,8108,787.0,2023-07-13 01:12:01.551203,Did not match description,2.0,122.35
3575,24294,8108,506.0,2023-07-31 01:12:01.551203,Defective,2.0,2492.62
3576,24296,7736,219.0,2022-11-13 12:31:45.656602,Did not match description,1.0,831.49
3577,24296,7736,731.0,2022-11-20 12:31:45.656602,Changed Mind,4.0,589.8
3578,24313,7420,519.0,2022-10-02 07:25:46.288012,Wrong Item,1.0,471.34
3579,24313,7420,603.0,2022-10-09 07:25:46.288012,Did not match description,1.0,455.13
3580,24313,7420,294.0,2022-09-22 07:25:46.288012,Wrong Item,1.0,415.69
3581,24313,7420,590.0,2022-10-09 07:25:46.288012,Wrong Item,2.0,416.0
3582,24313,7420,103.0,2022-09-26 07:25:46.288012,Did not match description,2.0,565.46
3587,24342,12760,678.0,2022-11-07 17:32:11.802402,Wrong Item,2.0,710.41
3589,24357,18057,691.0,2022-02-04 13:37:48.037683,Changed Mind,1.0,552.09
3590,24357,18057,999.0,2022-02-11 13:37:48.037683,Did not match description,1.0,407.14
3595,24411,13611,366.0,2023-06-01 10:12:01.857056,Wrong Item,1.0,879.27
3596,24412,19495,750.0,2023-09-07 23:06:13.842069,Did not match description,1.0,107.27
3597,24412,19495,664.0,2023-09-09 23:06:13.842069,Did not match description,2.0,1406.6
3598,24428,19676,261.0,2023-07-19 06:17:31.420025,Defective,1.0,393.47
3599,24428,19676,186.0,2023-08-06 06:17:31.420025,Defective,1.0,716.14
3600,24428,19676,720.0,2023-07-21 06:17:31.420025,Wrong Item,2.0,2153.14
3602,24433,13793,864.0,2021-09-13 10:08:52.496151,Defective,4.0,2003.96
3603,24433,13793,319.0,2021-09-19 10:08:52.496151,Defective,1.0,272.28
3604,24433,13793,464.0,2021-09-23 10:08:52.496151,Did not match description,1.0,440.65
3605,24433,13793,608.0,2021-08-27 10:08:52.496151,Wrong Item,1.0,255.02
3606,24433,13793,806.0,2021-09-03 10:08:52.496151,Defective,1.0,1186.28
3611,24475,2409,426.0,2022-12-04 23:45:34.417282,Wrong Item,2.0,3655.78
3612,24485,19652,124.0,2022-08-14 00:13:45.831295,Defective,1.0,510.04
3616,24548,11864,974.0,2023-12-08 18:59:39.954765,Did not match description,1.0,1530.51
3617,24548,11864,785.0,2023-11-26 18:59:39.954765,Changed Mind,1.0,159.77
3618,24548,11864,216.0,2023-11-20 18:59:39.954765,Did not match description,1.0,493.19
3622,24585,14186,527.0,2022-03-20 20:35:11.859971,Did not match description,2.0,323.04
3629,24648,18539,276.0,2021-09-12 11:37:53.459191,Defective,1.0,327.58
3630,24664,3582,995.0,2022-03-17 23:13:43.367408,Wrong Item,1.0,288.81
3631,24664,3582,645.0,2022-03-27 23:13:43.367408,Changed Mind,2.0,562.52
3632,24675,4847,284.0,2023-01-24 02:38:50.370619,Did not match description,2.0,386.82
3643,24747,1168,803.0,2023-04-25 02:21:42.743229,Defective,2.0,664.48
3644,24757,2514,950.0,2023-05-11 23:57:25.051369,Wrong Item,1.0,1370.29
3645,24757,2514,762.0,2023-05-21 23:57:25.051369,Wrong Item,2.0,262.68
3647,24796,14017,297.0,2023-10-17 09:09:48.337680,Changed Mind,1.0,194.37
3658,24849,1897,306.0,2023-12-02 11:29:10.780732,Wrong Item,1.0,592.77
3659,24849,1897,511.0,2023-12-06 11:29:10.780732,Did not match description,1.0,273.58
3660,24849,1897,584.0,2023-12-27 11:29:10.780732,Defective,1.0,452.3
3664,24864,11275,790.0,2022-10-18 17:27:34.548130,Did not match description,1.0,255.78
3665,24864,11275,288.0,2022-10-01 17:27:34.548130,Did not match description,3.0,3445.32
3666,24864,11275,892.0,2022-10-18 17:27:34.548130,Defective,1.0,210.03
3667,24864,11275,433.0,2022-10-18 17:27:34.548130,Wrong Item,1.0,279.86
3668,24873,9924,254.0,2023-10-22 08:56:13.608921,Defective,1.0,1066.87
3669,24873,9924,661.0,2023-10-10 08:56:13.608921,Wrong Item,1.0,339.74
3670,24873,9924,55.0,2023-10-28 08:56:13.608921,Wrong Item,4.0,820.68
3673,24922,14793,33.0,2021-11-03 14:30:14.387117,Changed Mind,1.0,188.06
3674,24922,14793,701.0,2021-11-25 14:30:14.387117,Wrong Item,1.0,128.31
3675,24922,14793,412.0,2021-11-20 14:30:14.387117,Changed Mind,2.0,353.7
3682,25004,2101,722.0,2022-11-22 13:03:49.699179,Did not match description,4.0,5386.48
3685,25047,10358,790.0,2022-07-23 17:24:38.694291,Defective,3.0,767.34
3686,25047,10358,988.0,2022-07-25 17:24:38.694291,Did not match description,4.0,637.2
3687,25047,10358,337.0,2022-07-11 17:24:38.694291,Wrong Item,5.0,3648.9
3688,25047,10358,707.0,2022-07-25 17:24:38.694291,Wrong Item,1.0,44.88
3691,25102,15786,890.0,2023-12-13 14:10:29.033840,Did not match description,1.0,704.95
3692,25102,15786,222.0,2023-12-13 14:10:29.033840,Did not match description,1.0,568.45
3693,25104,5975,550.0,2021-11-21 23:02:03.220954,Changed Mind,1.0,1861.23
3694,25109,8483,515.0,2023-03-21 07:19:40.102707,Wrong Item,1.0,83.56
3695,25109,8483,93.0,2023-03-15 07:19:40.102707,Did not match description,1.0,1305.52
3696,25109,8483,458.0,2023-03-19 07:19:40.102707,Did not match description,1.0,114.45
3697,25109,8483,430.0,2023-03-24 07:19:40.102707,Defective,1.0,368.72
3698,25126,556,680.0,2022-08-08 02:50:11.920924,Changed Mind,2.0,316.66
3705,25148,9111,495.0,2023-12-02 06:49:21.128359,Did not match description,2.0,56.76
3711,25234,16025,418.0,2022-11-14 09:51:15.218501,Defective,1.0,1925.47
3712,25234,16025,605.0,2022-11-03 09:51:15.218501,Defective,1.0,248.12
3713,25234,16025,423.0,2022-11-12 09:51:15.218501,Wrong Item,1.0,425.77
3717,25274,4200,900.0,2024-01-05 10:31:16.544728,Defective,1.0,194.06
3721,25345,5137,850.0,2023-06-03 02:02:38.317804,Wrong Item,3.0,1128.73
3722,25348,19015,960.0,2023-12-11 13:33:12.975557,Did not match description,1.0,95.43
3727,25389,19930,450.0,2023-07-21 19:02:58.739981,Did not match description,2.0,310.92
3728,25389,19930,266.0,2023-07-21 19:02:58.739981,Defective,1.0,231.16
3729,25405,12046,364.0,2023-12-17 17:55:27.802354,Changed Mind,2.0,811.62
3732,25428,9434,832.0,2023-04-07 22:13:15.601382,Wrong Item,2.0,261.38
3733,25428,9434,992.0,2023-03-31 22:13:15.601382,Changed Mind,4.0,6016.16
3734,25428,9434,838.0,2023-03-29 22:13:15.601382,Defective,1.0,50.64
3735,25428,9434,701.0,2023-04-09 22:13:15.601382,Wrong Item,1.0,128.31
3736,25428,9434,505.0,2023-04-15 22:13:15.601382,Defective,1.0,141.58
3737,25433,1310,741.0,2023-04-24 23:23:36.427090,Wrong Item,3.0,343.08
3738,25433,1310,564.0,2023-04-01 23:23:36.427090,Wrong Item,1.0,2327.59
3743,25449,6805,10.0,2021-07-30 03:10:48.800273,Wrong Item,1.0,183.89
3744,25449,6805,937.0,2021-07-01 03:10:48.800273,Defective,1.0,1276.07
3746,25466,17908,55.0,2022-10-26 17:52:25.491922,Did not match description,1.0,205.17
3747,25466,17908,569.0,2022-10-25 17:52:25.491922,Defective,1.0,2254.34
3748,25501,2273,571.0,2022-10-14 20:52:06.716229,Defective,1.0,81.78
3752,25520,6220,850.0,2023-08-12 18:09:44.233344,Defective,2.0,885.28
3753,25521,13268,195.0,2023-12-17 11:58:32.355630,Changed Mind,4.0,1179.24
3754,25521,13268,74.0,2023-12-17 11:58:32.355630,Defective,2.0,138.96
3755,25521,13268,866.0,2023-12-20 11:58:32.355630,Changed Mind,1.0,301.62
3764,25570,6519,960.0,2023-12-26 01:25:29.029674,Changed Mind,1.0,95.43
3765,25570,6519,202.0,2023-12-31 01:25:29.029674,Defective,1.0,415.78
3768,25589,1303,655.0,2023-04-05 14:19:24.024401,Wrong Item,1.0,327.74
3770,25605,2509,893.0,2023-03-03 18:38:32.659897,Defective,1.0,161.53
3771,25608,14972,943.0,2023-08-13 19:07:51.087431,Wrong Item,1.0,570.08
3774,25659,19681,134.0,2023-09-13 03:57:50.507145,Defective,1.0,127.06
3775,25659,19681,430.0,2023-08-28 03:57:50.507145,Did not match description,1.0,368.72
3776,25659,19681,437.0,2023-08-21 03:57:50.507145,Did not match description,1.0,27.76
3777,25659,19681,679.0,2023-08-24 03:57:50.507145,Changed Mind,4.0,3770.77
3782,25740,13711,266.0,2023-10-17 10:25:20.746633,Wrong Item,2.0,462.32
3783,25740,13711,930.0,2023-10-16 10:25:20.746633,Did not match description,1.0,183.16
3784,25740,13711,92.0,2023-10-19 10:25:20.746633,Wrong Item,1.0,325.85
3788,25754,10957,390.0,2023-05-18 08:23:33.236510,Wrong Item,1.0,132.77
3789,25754,10957,591.0,2023-04-30 08:23:33.236510,Wrong Item,1.0,25.93
3790,25754,10957,28.0,2023-05-10 08:23:33.236510,Defective,2.0,222.55
3793,25789,17503,362.0,2023-06-28 03:37:03.789661,Did not match description,2.0,490.84
3794,25813,8063,669.0,2024-01-03 02:50:35.557842,Defective,1.0,1098.67
3795,25816,13536,137.0,2023-10-20 19:15:16.854468,Did not match description,1.0,1645.22
3803,25853,14726,754.0,2023-09-02 13:42:31.206227,Defective,1.0,692.84
3806,25902,18629,202.0,2023-09-17 18:32:34.310571,Did not match description,2.0,1039.46
3812,25948,2229,803.0,2023-04-18 06:42:25.568854,Defective,1.0,332.24
3815,25968,19107,865.0,2024-01-05 01:40:04.330446,Did not match description,1.0,1643.85
3816,25968,19107,63.0,2023-12-21 01:40:04.330446,Defective,1.0,1331.41
3817,25968,19107,560.0,2023-12-23 01:40:04.330446,Wrong Item,1.0,1034.52
3821,25998,17538,216.0,2021-12-07 19:07:16.885017,Did not match description,1.0,493.19
3822,26007,19810,329.0,2023-03-01 06:38:12.076046,Defective,1.0,55.23
3823,26007,19810,416.0,2023-03-20 06:38:12.076046,Changed Mind,1.0,341.74
3824,26007,19810,918.0,2023-03-14 06:38:12.076046,Defective,2.0,170.26
3827,26023,9127,446.0,2023-05-19 08:41:00.597891,Defective,1.0,353.94
3828,26023,9127,65.0,2023-05-22 08:41:00.597891,Defective,1.0,354.38
3829,26023,9127,681.0,2023-05-07 08:41:00.597891,Did not match description,1.0,190.2
3833,26144,633,81.0,2023-12-15 20:24:19.193080,Did not match description,1.0,326.11
3834,26144,633,210.0,2023-12-16 20:24:19.193080,Did not match description,3.0,652.59
3837,26210,8646,45.0,2023-11-18 22:48:30.631637,Did not match description,2.0,315.04
3838,26210,8646,455.0,2023-11-17 22:48:30.631637,Wrong Item,1.0,357.86
3839,26211,17609,808.0,2022-12-09 15:03:48.528933,Defective,1.0,1064.82
3840,26211,17609,796.0,2022-12-14 15:03:48.528933,Changed Mind,1.0,128.19
3841,26211,17609,389.0,2022-12-23 15:03:48.528933,Wrong Item,2.0,841.58
3842,26211,17609,609.0,2022-11-30 15:03:48.528933,Did not match description,1.0,146.35
3848,26305,3643,117.0,2023-12-08 15:51:07.309805,Did not match description,1.0,111.1
3849,26305,3643,278.0,2023-12-16 15:51:07.309805,Did not match description,2.0,604.12
3850,26305,3643,842.0,2023-12-16 15:51:07.309805,Wrong Item,1.0,283.88
3853,26332,19968,211.0,2023-11-11 01:32:56.986669,Wrong Item,1.0,191.77
3854,26332,19968,792.0,2023-11-07 01:32:56.986669,Wrong Item,2.0,2825.88
3859,26381,18328,645.0,2023-11-26 22:37:24.872340,Wrong Item,1.0,281.26
3860,26408,18116,527.0,2023-12-21 19:34:21.226690,Did not match description,1.0,145.37
3861,26408,18116,606.0,2024-01-08 19:34:21.226690,Did not match description,1.0,91.69
3874,26564,7700,894.0,2023-03-31 00:16:01.704098,Defective,1.0,221.67
3875,26564,7700,637.0,2023-04-09 00:16:01.704098,Defective,1.0,515.27
3876,26595,16931,893.0,2023-01-22 16:33:13.980871,Did not match description,1.0,161.53
3877,26595,16931,765.0,2023-01-15 16:33:13.980871,Changed Mind,2.0,3316.2
3878,26613,6023,339.0,2022-11-07 21:01:18.454483,Did not match description,1.0,439.76
3879,26613,6023,644.0,2022-11-11 21:01:18.454483,Wrong Item,1.0,2168.99
3880,26613,6023,539.0,2022-11-15 21:01:18.454483,Did not match description,1.0,405.01
3882,26638,12354,535.0,2023-08-18 21:57:14.539969,Did not match description,1.0,149.17
3883,26638,12354,322.0,2023-08-04 21:57:14.539969,Defective,2.0,617.16
3884,26638,12354,324.0,2023-08-21 21:57:14.539969,Did not match description,1.0,225.61
3893,26712,15021,983.0,2023-03-07 10:17:27.837555,Defective,4.0,9750.56
3894,26712,15021,602.0,2023-02-21 10:17:27.837555,Changed Mind,2.0,337.28
3895,26712,15021,113.0,2023-02-27 10:17:27.837555,Changed Mind,1.0,354.99
3896,26715,11922,866.0,2024-01-13 11:58:48.911718,Defective,1.0,241.3
3898,26752,4235,902.0,2021-09-10 10:26:50.300941,Wrong Item,1.0,285.76
3904,26775,17003,345.0,2023-03-31 17:11:48.639053,Defective,1.0,40.73
3905,26775,17003,942.0,2023-04-02 17:11:48.639053,Wrong Item,1.0,2011.46
3906,26775,17003,740.0,2023-04-09 17:11:48.639053,Wrong Item,1.0,185.27
3907,26775,17003,997.0,2023-04-16 17:11:48.639053,Did not match description,1.0,1134.91
3911,26833,19021,573.0,2023-10-24 01:39:10.757610,Defective,1.0,67.12
3912,26833,19021,175.0,2023-10-10 01:39:10.757610,Did not match description,1.0,148.2
3913,26833,19021,870.0,2023-10-21 01:39:10.757610,Wrong Item,2.0,331.48
3922,26873,19488,727.0,2023-12-07 21:11:35.713937,Did not match description,1.0,214.45
3923,26891,11946,942.0,2023-08-22 06:01:23.975642,Wrong Item,1.0,2011.46
3924,26891,11946,189.0,2023-08-17 06:01:23.975642,Did not match description,1.0,448.49
3930,26939,16182,370.0,2023-05-05 12:39:51.868475,Wrong Item,1.0,120.85
3931,26939,16182,679.0,2023-04-15 12:39:51.868475,Did not match description,5.0,5545.25
3940,26993,7761,471.0,2023-05-26 12:24:27.952629,Defective,2.0,829.06
3941,26993,7761,165.0,2023-05-14 12:24:27.952629,Did not match description,1.0,282.92
3942,26993,7761,55.0,2023-05-07 12:24:27.952629,Changed Mind,2.0,410.34
3964,27070,1680,909.0,2022-08-28 10:54:52.087372,Wrong Item,1.0,119.82
3965,27070,1680,960.0,2022-08-23 10:54:52.087372,Did not match description,3.0,229.03
3966,27075,581,226.0,2023-09-15 10:05:31.299377,Changed Mind,1.0,1456.98
3967,27075,581,974.0,2023-09-30 10:05:31.299377,Defective,1.0,1530.51
3968,27080,19953,221.0,2023-01-17 16:44:41.357570,Did not match description,1.0,730.48
3974,27154,7700,1000.0,2022-12-01 04:27:09.319383,Did not match description,1.0,121.84
3975,27154,7700,579.0,2022-12-24 04:27:09.319383,Defective,1.0,421.56
3976,27154,7700,797.0,2022-12-10 04:27:09.319383,Changed Mind,1.0,2200.12
3977,27166,9910,602.0,2024-01-01 05:23:58.235987,Changed Mind,2.0,374.76
3978,27166,9910,267.0,2023-12-30 05:23:58.235987,Changed Mind,3.0,3781.77
3979,27166,9910,632.0,2023-12-15 05:23:58.235987,Defective,1.0,1818.78
3980,27166,9910,805.0,2023-12-21 05:23:58.235987,Wrong Item,1.0,267.38
3981,27182,1236,485.0,2022-07-03 23:57:54.114058,Did not match description,3.0,1713.45
3982,27182,1236,371.0,2022-07-05 23:57:54.114058,Wrong Item,1.0,135.47
3988,27245,5999,240.0,2023-12-29 07:41:12.007707,Defective,4.0,2389.88
3989,27245,5999,290.0,2023-12-25 07:41:12.007707,Changed Mind,5.0,574.55
3990,27245,5999,940.0,2024-01-08 07:41:12.007707,Wrong Item,1.0,218.81
3993,27303,9709,941.0,2023-09-02 01:11:58.225872,Changed Mind,2.0,477.68
3994,27303,9709,954.0,2023-08-11 01:11:58.225872,Changed Mind,1.0,25.79
3996,27306,16658,618.0,2022-09-18 09:30:53.636288,Wrong Item,2.0,356.36
3997,27306,16658,462.0,2022-09-08 09:30:53.636288,Wrong Item,4.0,927.04
3998,27306,16658,706.0,2022-09-24 09:30:53.636288,Did not match description,1.0,1260.6
3999,27321,5194,918.0,2023-09-17 03:16:04.466802,Did not match description,1.0,85.13
4014,27431,19816,348.0,2022-03-16 02:37:43.500405,Did not match description,1.0,1147.28
4015,27431,19816,60.0,2022-03-18 02:37:43.500405,Changed Mind,3.0,3784.29
4016,27431,19816,575.0,2022-03-28 02:37:43.500405,Defective,2.0,1402.86
4018,27438,3842,602.0,2022-08-13 08:54:32.647163,Changed Mind,1.0,187.38
4021,27447,18717,137.0,2023-06-06 18:16:47.411224,Wrong Item,1.0,1645.22
4024,27467,5031,900.0,2023-05-01 20:46:35.622092,Changed Mind,1.0,174.65
4025,27467,5031,853.0,2023-04-27 20:46:35.622092,Changed Mind,1.0,184.79
4026,27467,5031,361.0,2023-04-29 20:46:35.622092,Did not match description,1.0,77.69
4029,27505,19757,688.0,2023-12-02 17:04:48.287767,Defective,1.0,127.8
4032,27514,19726,549.0,2021-09-26 15:47:37.973643,Did not match description,1.0,213.05
4033,27523,12256,368.0,2022-07-08 11:18:03.965551,Defective,1.0,1197.77
4038,27571,3213,426.0,2023-10-08 19:38:35.201601,Did not match description,1.0,1827.89
4039,27571,3213,79.0,2023-10-08 19:38:35.201601,Changed Mind,1.0,708.43
4062,27749,19500,255.0,2023-10-12 08:10:21.767202,Did not match description,1.0,1222.71
4074,27819,3852,771.0,2023-11-19 09:40:39.273154,Did not match description,1.0,315.05
4075,27819,3852,435.0,2023-11-19 09:40:39.273154,Wrong Item,3.0,359.19
4076,27819,3852,397.0,2023-12-05 09:40:39.273154,Defective,4.0,676.32
4077,27819,3852,97.0,2023-12-02 09:40:39.273154,Did not match description,1.0,194.82
4078,27819,3852,420.0,2023-11-27 09:40:39.273154,Defective,1.0,2061.65
4083,27845,8098,319.0,2022-12-17 14:52:09.424009,Did not match description,1.0,272.28
4084,27849,1728,866.0,2023-03-22 02:34:01.740498,Did not match description,1.0,301.62
4085,27849,1728,448.0,2023-03-18 02:34:01.740498,Defective,1.0,871.87
4093,27909,9982,383.0,2023-12-28 07:35:39.243285,Wrong Item,1.0,237.11
4100,27976,16267,722.0,2023-01-09 22:06:14.731908,Wrong Item,4.0,5386.48
4101,27976,16267,586.0,2022-12-23 22:06:14.731908,Changed Mind,1.0,87.34
4102,27976,16267,464.0,2023-01-14 22:06:14.731908,Defective,1.0,374.55
4104,27981,4208,884.0,2023-08-08 13:42:27.304674,Changed Mind,1.0,484.82
4105,27995,17962,388.0,2022-01-09 05:52:33.654559,Changed Mind,1.0,1254.84
4106,27995,17962,868.0,2022-01-12 05:52:33.654559,Changed Mind,2.0,2657.4
4121,28078,222,24.0,2024-01-09 21:09:44.438544,Defective,2.0,123.26
4126,28140,12486,590.0,2023-09-18 23:53:07.891910,Changed Mind,1.0,208.0
4127,28140,12486,580.0,2023-09-24 23:53:07.891910,Did not match description,1.0,150.88
4128,28140,12486,149.0,2023-10-04 23:53:07.891910,Wrong Item,1.0,501.91
4129,28140,12486,555.0,2023-10-08 23:53:07.891910,Changed Mind,1.0,1114.66
4133,28148,9004,349.0,2021-02-12 07:54:15.151539,Defective,2.0,40.54
4137,28168,485,102.0,2023-01-24 03:14:42.397923,Defective,1.0,1366.69
4140,28190,19968,290.0,2023-03-18 06:02:33.343627,Changed Mind,3.0,293.02
4141,28190,19968,135.0,2023-04-03 06:02:33.343627,Did not match description,1.0,1266.46
4142,28190,19968,660.0,2023-04-05 06:02:33.343627,Wrong Item,1.0,83.53
4143,28190,19968,686.0,2023-04-06 06:02:33.343627,Did not match description,1.0,1428.49
4144,28190,19968,501.0,2023-03-18 06:02:33.343627,Changed Mind,1.0,367.56
4147,28208,12830,867.0,2023-10-21 21:48:52.986905,Defective,2.0,226.96
4148,28208,12830,826.0,2023-11-10 21:48:52.986905,Did not match description,2.0,1328.7
4151,28221,14105,72.0,2023-11-05 02:37:52.719104,Did not match description,2.0,4143.98
4152,28221,14105,452.0,2023-10-20 02:37:52.719104,Defective,1.0,1940.3
4153,28221,14105,288.0,2023-10-25 02:37:52.719104,Defective,1.0,1148.44
4155,28259,3063,813.0,2023-08-30 05:10:37.208547,Changed Mind,1.0,147.5
4160,28300,9470,882.0,2023-08-04 21:41:15.151079,Did not match description,1.0,981.35
4161,28300,9470,278.0,2023-07-28 21:41:15.151079,Did not match description,1.0,302.06
4162,28300,9470,458.0,2023-07-23 21:41:15.151079,Wrong Item,1.0,114.45
4164,28344,5479,73.0,2023-10-10 07:47:20.902334,Wrong Item,3.0,4337.22
4166,28412,7347,683.0,2023-11-20 12:11:43.630920,Changed Mind,1.0,22.73
4167,28412,7347,881.0,2023-11-10 12:11:43.630920,Did not match description,1.0,398.85
4168,28412,7347,412.0,2023-11-29 12:11:43.630920,Defective,2.0,300.65
4177,28529,9988,801.0,2023-09-24 09:02:23.362194,Changed Mind,2.0,1649.32
4178,28529,9988,847.0,2023-09-20 09:02:23.362194,Defective,1.0,393.66
4190,28606,7500,679.0,2022-01-25 05:17:34.814917,Wrong Item,1.0,1109.05
4191,28606,7500,128.0,2022-01-18 05:17:34.814917,Defective,1.0,1462.17
4194,28621,4963,990.0,2022-07-29 03:41:10.151954,Changed Mind,1.0,105.65
4195,28624,9736,661.0,2023-04-24 12:07:03.299082,Changed Mind,4.0,1358.96
4196,28624,9736,780.0,2023-04-18 12:07:03.299082,Defective,2.0,615.9
4197,28624,9736,645.0,2023-04-21 12:07:03.299082,Wrong Item,4.0,1125.04
4198,28624,9736,187.0,2023-04-16 12:07:03.299082,Did not match description,1.0,2087.97
4201,28635,11361,939.0,2023-10-18 00:22:46.426622,Defective,2.0,2488.52
4202,28635,11361,115.0,2023-10-30 00:22:46.426622,Defective,1.0,141.54
4203,28639,12281,26.0,2023-11-02 09:59:36.781526,Changed Mind,1.0,128.43
4206,28655,15681,474.0,2022-09-18 04:05:17.153707,Defective,1.0,76.83
4207,28655,15681,974.0,2022-09-06 04:05:17.153707,Did not match description,3.0,4591.53
4216,28705,5593,974.0,2022-10-09 00:21:09.004332,Changed Mind,3.0,4591.53
4224,28757,3977,775.0,2023-08-27 20:34:36.487261,Did not match description,1.0,549.38
4225,28757,3977,851.0,2023-08-24 20:34:36.487261,Did not match description,1.0,345.35
4229,28791,8965,871.0,2022-10-06 20:24:05.657246,Did not match description,1.0,137.9
4230,28791,8965,579.0,2022-10-04 20:24:05.657246,Wrong Item,2.0,758.81
4231,28791,8965,95.0,2022-09-25 20:24:05.657246,Defective,1.0,209.02
4234,28832,13659,494.0,2023-04-16 10:02:14.587626,Defective,1.0,142.11
4235,28832,13659,616.0,2023-04-24 10:02:14.587626,Changed Mind,1.0,224.98
4236,28837,12004,866.0,2022-11-16 04:35:45.932754,Defective,1.0,256.38
4237,28838,1033,925.0,2023-03-03 10:23:54.582551,Wrong Item,2.0,1087.46
4238,28858,16809,741.0,2022-09-27 12:50:32.177970,Wrong Item,1.0,114.36
4239,28858,16809,436.0,2022-10-12 12:50:32.177970,Wrong Item,2.0,273.1
4240,28858,16809,645.0,2022-10-15 12:50:32.177970,Did not match description,1.0,281.26
4242,28878,4961,979.0,2021-10-27 19:28:02.438803,Defective,1.0,30.34
4245,28945,2969,55.0,2022-09-14 18:16:03.456941,Did not match description,1.0,205.17
4260,29037,19235,656.0,2023-07-30 07:12:40.923549,Defective,1.0,145.07
4261,29037,19235,845.0,2023-07-20 07:12:40.923549,Defective,1.0,1468.24
4262,29037,19235,607.0,2023-07-23 07:12:40.923549,Did not match description,1.0,717.32
4263,29038,15840,765.0,2022-08-28 21:25:53.067314,Did not match description,1.0,1658.1
4267,29044,13259,965.0,2023-02-02 05:00:13.124461,Did not match description,1.0,41.74
4271,29079,3404,398.0,2024-01-14 10:01:07.710714,Did not match description,4.0,5122.72
4272,29079,3404,295.0,2023-12-25 10:01:07.710714,Wrong Item,2.0,2986.88
4273,29079,3404,151.0,2024-01-06 10:01:07.710714,Did not match description,1.0,185.26
4274,29079,3404,406.0,2024-01-03 10:01:07.710714,Defective,1.0,1988.32
4275,29079,3404,432.0,2024-01-10 10:01:07.710714,Did not match description,4.0,1006.0
4302,29259,5906,996.0,2022-09-16 13:07:12.724519,Did not match description,1.0,377.2
4305,29277,14417,339.0,2023-03-10 21:04:25.928565,Defective,1.0,517.36
4306,29277,14417,295.0,2023-03-14 21:04:25.928565,Changed Mind,1.0,1493.44
4309,29280,4054,467.0,2024-01-19 06:03:06.162498,Did not match description,2.0,2164.86
4310,29280,4054,602.0,2023-12-22 06:03:06.162498,Changed Mind,1.0,187.38
4313,29303,6840,539.0,2023-09-24 05:58:56.916343,Did not match description,1.0,344.26
4314,29303,6840,692.0,2023-09-05 05:58:56.916343,Did not match description,1.0,266.71
4315,29303,6840,172.0,2023-09-03 05:58:56.916343,Defective,1.0,569.94
4316,29303,6840,310.0,2023-09-07 05:58:56.916343,Defective,1.0,210.88
4318,29307,9328,788.0,2022-06-13 19:12:53.080234,Wrong Item,3.0,728.52
4320,29329,19510,879.0,2022-11-25 17:28:07.661116,Wrong Item,1.0,1529.95
4321,29329,19510,49.0,2022-11-02 17:28:07.661116,Changed Mind,1.0,248.92
4322,29329,19510,261.0,2022-11-07 17:28:07.661116,Did not match description,1.0,314.78
4323,29329,19510,943.0,2022-11-21 17:28:07.661116,Changed Mind,3.0,1710.24
4324,29329,19510,650.0,2022-10-31 17:28:07.661116,Wrong Item,2.0,811.4
4337,29465,5581,653.0,2022-05-16 06:04:26.236696,Changed Mind,1.0,240.29
4338,29465,5581,598.0,2022-05-13 06:04:26.236696,Wrong Item,2.0,1556.44
4339,29465,5581,920.0,2022-04-26 06:04:26.236696,Changed Mind,2.0,3412.4
4340,29465,5581,934.0,2022-04-28 06:04:26.236696,Changed Mind,1.0,604.19
4342,29484,19045,371.0,2023-11-25 18:25:58.617227,Wrong Item,1.0,108.38
4343,29487,7104,21.0,2021-11-09 00:57:32.279672,Wrong Item,1.0,1575.25
4351,29529,18207,682.0,2023-09-01 01:30:18.187684,Wrong Item,2.0,2593.1
4352,29529,18207,584.0,2023-09-07 01:30:18.187684,Did not match description,3.0,1696.11
4353,29529,18207,919.0,2023-09-03 01:30:18.187684,Did not match description,1.0,2659.24
4356,29545,18142,735.0,2023-05-08 14:50:36.381949,Did not match description,1.0,1183.46
4357,29545,18142,193.0,2023-05-31 14:50:36.381949,Changed Mind,1.0,461.9
4358,29545,18142,942.0,2023-05-02 14:50:36.381949,Did not match description,1.0,1609.17
4359,29546,5254,409.0,2023-11-15 10:25:57.860742,Defective,2.0,330.0
4360,29548,16712,389.0,2023-09-30 10:50:55.986258,Did not match description,1.0,420.79
4361,29549,12603,885.0,2022-11-06 13:29:28.581727,Did not match description,3.0,175.92
4362,29549,12603,708.0,2022-11-08 13:29:28.581727,Defective,2.0,3519.1
4369,29632,798,423.0,2023-07-09 05:30:29.144611,Changed Mind,1.0,478.99
4370,29632,798,715.0,2023-07-23 05:30:29.144611,Changed Mind,1.0,327.26
4371,29632,798,442.0,2023-08-07 05:30:29.144611,Changed Mind,1.0,248.9
4372,29632,798,13.0,2023-08-02 05:30:29.144611,Did not match description,1.0,1294.19
4373,29637,3271,860.0,2023-12-20 16:47:25.507173,Defective,1.0,198.13
4374,29637,3271,348.0,2023-12-13 16:47:25.507173,Did not match description,1.0,1147.28
4375,29637,3271,159.0,2023-12-06 16:47:25.507173,Defective,1.0,269.18
4376,29637,3271,839.0,2023-12-29 16:47:25.507173,Changed Mind,2.0,380.42
4377,29640,19632,463.0,2023-01-23 20:39:35.269320,Changed Mind,1.0,1250.19
4378,29661,214,527.0,2023-03-13 09:02:38.577863,Wrong Item,2.0,323.04
4379,29661,214,640.0,2023-03-04 09:02:38.577863,Did not match description,1.0,960.89
4380,29681,19091,17.0,2024-01-16 08:08:57.336258,Changed Mind,1.0,1449.46
4381,29681,19091,680.0,2024-01-14 08:08:57.336258,Did not match description,1.0,197.91
4382,29681,19091,683.0,2024-01-17 08:08:57.336258,Wrong Item,4.0,90.92
4389,29748,6421,189.0,2023-09-17 15:13:23.239847,Defective,3.0,1345.47
4396,29827,7635,79.0,2024-01-15 23:57:21.966874,Changed Mind,1.0,708.43
4420,29954,3884,893.0,2023-11-03 15:23:43.297805,Changed Mind,1.0,145.38
4421,29954,3884,219.0,2023-10-24 15:23:43.297805,Changed Mind,1.0,831.49
4423,30005,5558,987.0,2023-05-02 15:52:14.122592,Defective,1.0,88.0
4424,30005,5558,382.0,2023-05-03 15:52:14.122592,Defective,1.0,347.49
4426,30013,14177,294.0,2023-04-14 11:10:22.405372,Defective,1.0,415.69
4427,30013,14177,680.0,2023-04-24 11:10:22.405372,Defective,1.0,197.91
4428,30013,14177,918.0,2023-04-19 11:10:22.405372,Wrong Item,1.0,85.13
4429,30013,14177,65.0,2023-05-03 11:10:22.405372,Changed Mind,1.0,354.38
4431,30039,4446,308.0,2022-06-01 04:17:58.369959,Did not match description,1.0,99.13
4432,30039,4446,188.0,2022-06-06 04:17:58.369959,Changed Mind,4.0,409.0
4433,30039,4446,403.0,2022-06-17 04:17:58.369959,Did not match description,1.0,119.82
4434,30039,4446,415.0,2022-06-14 04:17:58.369959,Wrong Item,1.0,430.64
4438,30048,10917,949.0,2022-04-30 23:02:46.448278,Did not match description,1.0,169.99
4439,30048,10917,66.0,2022-04-24 23:02:46.448278,Defective,1.0,300.49
4442,30063,288,622.0,2023-03-12 12:53:50.588392,Wrong Item,3.0,6526.08
4453,30155,11813,437.0,2023-09-21 22:54:10.126719,Did not match description,1.0,27.76
4454,30155,11813,988.0,2023-09-18 22:54:10.126719,Did not match description,1.0,159.3
4455,30156,8728,614.0,2023-04-21 12:26:01.098350,Did not match description,1.0,32.34
4457,30168,15465,256.0,2022-04-25 03:12:52.539151,Did not match description,2.0,3014.53
4458,30168,15465,108.0,2022-04-18 03:12:52.539151,Did not match description,2.0,4262.58
4459,30168,15465,873.0,2022-05-01 03:12:52.539151,Wrong Item,3.0,438.99
4463,30191,2186,495.0,2022-10-14 15:26:48.869134,Did not match description,1.0,28.38
4465,30209,17,994.0,2023-01-04 00:58:38.970195,Wrong Item,1.0,92.0
4466,30209,17,42.0,2023-01-08 00:58:38.970195,Did not match description,1.0,659.74
4467,30209,17,570.0,2023-01-10 00:58:38.970195,Did not match description,1.0,212.05
4469,30218,17624,55.0,2024-01-07 10:17:20.926934,Changed Mind,1.0,205.17
4475,30255,5205,266.0,2023-09-16 17:49:01.982923,Wrong Item,1.0,231.16
4482,30308,6521,546.0,2022-11-17 02:42:51.252953,Wrong Item,1.0,228.72
4483,30308,6521,714.0,2022-12-01 02:42:51.252953,Changed Mind,1.0,368.37
4484,30308,6521,547.0,2022-11-07 02:42:51.252953,Wrong Item,1.0,308.26
4485,30308,6521,170.0,2022-11-22 02:42:51.252953,Wrong Item,1.0,344.21
4486,30340,19701,10.0,2023-07-26 03:54:16.973878,Defective,2.0,367.78
4487,30340,19701,948.0,2023-07-06 03:54:16.973878,Changed Mind,3.0,1048.65
4488,30363,854,866.0,2024-01-03 01:25:23.515809,Did not match description,1.0,301.62
4489,30363,854,805.0,2024-01-10 01:25:23.515809,Defective,1.0,213.9
4495,30381,9644,527.0,2023-12-01 02:34:33.205073,Changed Mind,1.0,161.52
4496,30381,9644,25.0,2023-11-09 02:34:33.205073,Changed Mind,1.0,175.15
4497,30401,14564,652.0,2023-11-11 08:24:12.695608,Did not match description,1.0,636.8
4498,30401,14564,144.0,2023-11-20 08:24:12.695608,Did not match description,1.0,68.03
4499,30401,14564,1.0,2023-11-02 08:24:12.695608,Did not match description,2.0,3497.6
4501,30428,2889,584.0,2023-12-17 00:53:31.538859,Changed Mind,4.0,2261.48
4516,30492,1647,909.0,2021-12-29 19:26:16.578828,Did not match description,1.0,133.13
4517,30492,1647,310.0,2022-01-05 19:26:16.578828,Changed Mind,3.0,632.64
4518,30495,1963,955.0,2023-08-08 19:33:47.391046,Defective,1.0,802.3
4519,30495,1963,596.0,2023-08-10 19:33:47.391046,Did not match description,1.0,207.53
4520,30495,1963,325.0,2023-08-18 19:33:47.391046,Changed Mind,4.0,974.88
4527,30503,5709,577.0,2023-09-18 09:06:58.519798,Wrong Item,3.0,1347.12
4528,30503,5709,943.0,2023-09-16 09:06:58.519798,Wrong Item,1.0,570.08
4532,30546,2578,759.0,2023-04-12 09:02:35.524157,Did not match description,1.0,69.06
4533,30546,2578,950.0,2023-04-01 09:02:35.524157,Wrong Item,1.0,1370.29
4534,30546,2578,282.0,2023-03-31 09:02:35.524157,Changed Mind,1.0,677.85
4540,30617,13655,185.0,2023-06-10 17:16:54.855994,Wrong Item,1.0,250.92
4541,30617,13655,22.0,2023-06-21 17:16:54.855994,Defective,2.0,81.38
4544,30640,3938,340.0,2023-11-01 02:20:32.157604,Wrong Item,1.0,240.54
4545,30640,3938,441.0,2023-11-05 02:20:32.157604,Wrong Item,1.0,229.2
4546,30640,3938,283.0,2023-11-07 02:20:32.157604,Changed Mind,4.0,975.44
4547,30640,3938,949.0,2023-10-28 02:20:32.157604,Changed Mind,1.0,169.99
4548,30649,689,925.0,2023-09-25 07:11:34.728663,Changed Mind,1.0,639.68
4550,30669,6920,290.0,2023-04-05 03:06:08.452837,Wrong Item,1.0,91.93
4560,30742,11874,958.0,2023-02-28 13:32:55.459015,Defective,1.0,57.59
4561,30742,11874,257.0,2023-02-27 13:32:55.459015,Changed Mind,1.0,127.43
4562,30742,11874,335.0,2023-03-10 13:32:55.459015,Changed Mind,1.0,574.23
4564,30786,16872,838.0,2022-03-06 11:24:51.039664,Changed Mind,1.0,50.64
4581,30857,19527,61.0,2021-05-02 01:31:49.504305,Changed Mind,1.0,233.6
4582,30857,19527,148.0,2021-05-28 01:31:49.504305,Did not match description,1.0,1892.03
4584,30871,5181,383.0,2023-03-08 01:39:43.155418,Defective,1.0,237.11
4585,30871,5181,589.0,2023-02-24 01:39:43.155418,Defective,1.0,141.29
4586,30871,5181,970.0,2023-03-06 01:39:43.155418,Wrong Item,4.0,9034.11
4606,30971,13985,409.0,2023-09-20 04:04:40.551198,Defective,1.0,165.0
4612,31023,18876,550.0,2023-08-20 12:35:47.452411,Defective,1.0,1675.11
4618,31065,18057,647.0,2022-03-14 02:38:25.502617,Did not match description,1.0,326.72
4619,31092,5298,168.0,2022-12-07 05:57:47.358822,Did not match description,1.0,598.25
4620,31092,5298,676.0,2022-12-11 05:57:47.358822,Changed Mind,1.0,412.65
4621,31092,5298,661.0,2022-12-17 05:57:47.358822,Did not match description,2.0,679.48
4622,31092,5298,511.0,2022-12-05 05:57:47.358822,Did not match description,1.0,273.58
4623,31092,5298,645.0,2022-12-20 05:57:47.358822,Did not match description,3.0,843.78
4627,31155,18049,170.0,2021-09-03 15:49:19.793128,Wrong Item,1.0,292.58
4628,31155,18049,867.0,2021-08-24 15:49:19.793128,Changed Mind,1.0,113.48
4629,31159,4114,247.0,2023-12-06 21:58:18.760749,Did not match description,1.0,1076.51
4630,31159,4114,211.0,2023-12-23 21:58:18.760749,Did not match description,1.0,225.61
4631,31161,9456,846.0,2021-07-20 23:05:14.958083,Wrong Item,1.0,126.53
4632,31201,10943,614.0,2023-02-08 05:31:05.481878,Changed Mind,1.0,32.34
4634,31241,18903,741.0,2022-11-03 08:40:58.260391,Did not match description,1.0,114.36
4635,31242,434,715.0,2024-01-03 05:33:37.477067,Wrong Item,2.0,523.62
4636,31246,18782,999.0,2021-05-03 19:16:32.480803,Wrong Item,1.0,407.14
4637,31246,18782,797.0,2021-05-10 19:16:32.480803,Changed Mind,3.0,6600.36
4638,31256,9775,637.0,2023-06-13 19:14:29.769281,Wrong Item,2.0,1030.54
4639,31258,4577,191.0,2023-07-20 15:24:47.373958,Defective,1.0,1128.05
4640,31258,4577,987.0,2023-07-25 15:24:47.373958,Did not match description,1.0,103.53
4641,31258,4577,825.0,2023-08-08 15:24:47.373958,Defective,1.0,103.35
4642,31258,4577,370.0,2023-08-06 15:24:47.373958,Did not match description,1.0,142.18
4647,31287,6396,978.0,2022-12-09 11:42:09.846191,Defective,1.0,253.61
4648,31287,6396,843.0,2022-12-11 11:42:09.846191,Changed Mind,1.0,544.69
4649,31288,1695,104.0,2022-03-28 11:19:53.908803,Wrong Item,1.0,357.43
4650,31288,1695,738.0,2022-03-11 11:19:53.908803,Did not match description,1.0,161.22
4656,31296,3953,88.0,2023-09-10 03:19:41.400012,Defective,1.0,158.09
4657,31306,5722,351.0,2021-11-19 11:05:59.712133,Did not match description,1.0,340.48
4658,31306,5722,722.0,2021-10-23 11:05:59.712133,Defective,2.0,2693.24
4659,31306,5722,813.0,2021-11-11 11:05:59.712133,Wrong Item,1.0,118.0
4660,31312,16702,739.0,2023-10-13 22:21:43.133212,Defective,2.0,509.56
4661,31312,16702,903.0,2023-10-06 22:21:43.133212,Wrong Item,2.0,2940.26
4668,31349,14504,100.0,2023-10-14 02:59:50.331910,Did not match description,1.0,335.31
4669,31349,14504,77.0,2023-10-18 02:59:50.331910,Changed Mind,1.0,1129.11
4670,31349,14504,757.0,2023-10-01 02:59:50.331910,Wrong Item,1.0,109.92
4671,31350,19365,918.0,2023-12-16 10:52:44.204147,Defective,3.0,204.31
4674,31361,14422,255.0,2023-09-18 13:36:28.335187,Did not match description,1.0,1222.71
4675,31361,14422,487.0,2023-09-23 13:36:28.335187,Changed Mind,1.0,143.32
4676,31361,14422,153.0,2023-09-30 13:36:28.335187,Changed Mind,1.0,302.97
4678,31385,3061,786.0,2023-10-16 07:12:24.504820,Did not match description,1.0,457.82
4679,31385,3061,803.0,2023-10-14 07:12:24.504820,Did not match description,1.0,332.24
4680,31385,3061,415.0,2023-10-15 07:12:24.504820,Did not match description,1.0,538.3
4681,31397,17092,523.0,2022-07-03 15:55:14.274780,Changed Mind,1.0,344.72
4682,31397,17092,48.0,2022-07-11 15:55:14.274780,Defective,1.0,1307.39
4685,31421,6095,243.0,2023-09-16 11:13:52.883903,Did not match description,1.0,730.79
4686,31421,6095,530.0,2023-09-12 11:13:52.883903,Defective,1.0,1351.49
4687,31428,1486,494.0,2022-12-26 06:41:49.335348,Defective,1.0,120.79
4688,31428,1486,520.0,2022-12-27 06:41:49.335348,Changed Mind,1.0,460.53
4692,31434,2971,987.0,2023-11-29 23:04:27.567261,Changed Mind,1.0,93.18
4693,31441,19854,352.0,2021-10-08 14:11:19.163584,Defective,2.0,1713.02
4694,31441,19854,619.0,2021-09-26 14:11:19.163584,Wrong Item,1.0,59.91
4695,31441,19854,273.0,2021-09-23 14:11:19.163584,Defective,1.0,150.98
4696,31441,19854,484.0,2021-10-07 14:11:19.163584,Wrong Item,5.0,1707.85
4702,31503,10983,127.0,2022-12-18 22:01:06.474449,Defective,1.0,212.56
4703,31503,10983,383.0,2022-12-24 22:01:06.474449,Defective,4.0,948.44
4704,31511,16942,184.0,2023-08-17 16:32:09.902884,Changed Mind,1.0,1888.0
4705,31511,16942,600.0,2023-08-12 16:32:09.902884,Wrong Item,3.0,2570.28
4714,31585,3867,329.0,2023-12-16 10:53:39.520649,Did not match description,2.0,129.96
4725,31716,18500,44.0,2023-07-11 11:13:59.911587,Did not match description,1.0,136.23
4736,31739,19326,108.0,2023-07-01 05:30:48.027554,Defective,1.0,1705.03
4737,31739,19326,64.0,2023-07-18 05:30:48.027554,Wrong Item,1.0,1209.38
4742,31763,11041,474.0,2023-02-04 01:41:22.614494,Changed Mind,1.0,61.46
4743,31763,11041,437.0,2023-02-11 01:41:22.614494,Wrong Item,1.0,27.76
4744,31763,11041,901.0,2023-02-14 01:41:22.614494,Changed Mind,1.0,168.94
4745,31763,11041,56.0,2023-02-12 01:41:22.614494,Wrong Item,1.0,64.01
4746,31766,19781,827.0,2024-01-13 23:08:11.274279,Defective,1.0,1522.42
4747,31767,3901,585.0,2023-08-31 20:38:24.238891,Wrong Item,1.0,193.0
4748,31767,3901,800.0,2023-09-11 20:38:24.238891,Changed Mind,3.0,563.88
4750,31781,2166,354.0,2023-11-26 09:38:01.837879,Did not match description,1.0,1428.69
4751,31781,2166,209.0,2023-11-29 09:38:01.837879,Changed Mind,4.0,6406.6
4752,31781,2166,187.0,2023-11-08 09:38:01.837879,Did not match description,1.0,2319.97
4753,31781,2166,960.0,2023-11-03 09:38:01.837879,Defective,3.0,286.29
4756,31832,570,295.0,2023-10-01 20:03:22.789034,Changed Mind,1.0,1194.75
4759,31840,19470,87.0,2023-11-11 09:08:55.639494,Changed Mind,1.0,447.89
4760,31840,19470,565.0,2023-12-04 09:08:55.639494,Wrong Item,1.0,41.61
4773,31973,209,544.0,2022-12-31 01:44:52.930902,Defective,1.0,1502.82
4774,31973,209,827.0,2023-01-10 01:44:52.930902,Did not match description,1.0,1522.42
4775,31973,209,840.0,2023-01-07 01:44:52.930902,Did not match description,1.0,178.34
4777,31979,4102,295.0,2023-09-01 18:25:38.912767,Changed Mind,1.0,1269.42
4778,31979,4102,252.0,2023-09-03 18:25:38.912767,Did not match description,1.0,213.91
4786,32031,14047,355.0,2023-02-19 11:11:49.968999,Wrong Item,1.0,709.8
4787,32031,14047,450.0,2023-02-06 11:11:49.968999,Did not match description,1.0,155.46
4788,32031,14047,902.0,2023-03-04 11:11:49.968999,Did not match description,5.0,1428.8
4789,32033,1305,262.0,2023-05-29 20:15:06.378480,Changed Mind,1.0,524.64
4793,32053,14334,24.0,2023-01-09 11:34:20.285826,Defective,1.0,61.63
4794,32061,9071,30.0,2023-05-11 10:25:59.880986,Defective,1.0,1181.72
4795,32061,9071,14.0,2023-05-23 10:25:59.880986,Wrong Item,1.0,341.77
4796,32061,9071,102.0,2023-04-25 10:25:59.880986,Wrong Item,1.0,1366.69
4798,32084,12331,571.0,2023-08-03 23:13:28.664496,Did not match description,1.0,81.78
4799,32084,12331,592.0,2023-08-31 23:13:28.664496,Defective,1.0,366.47
4806,32144,9325,86.0,2022-05-14 19:50:21.952056,Changed Mind,3.0,513.89
4807,32144,9325,638.0,2022-04-24 19:50:21.952056,Defective,1.0,39.72
4808,32144,9325,347.0,2022-04-19 19:50:21.952056,Changed Mind,1.0,201.83
4812,32165,12814,866.0,2023-02-02 03:47:46.174444,Defective,1.0,301.62
4817,32180,9958,962.0,2022-07-01 21:33:50.151438,Defective,1.0,192.33
4818,32180,9958,591.0,2022-07-11 21:33:50.151438,Changed Mind,4.0,103.72
4819,32180,9958,179.0,2022-07-20 21:33:50.151438,Did not match description,1.0,201.66
4820,32180,9958,430.0,2022-07-23 21:33:50.151438,Did not match description,2.0,737.44
4823,32202,16199,927.0,2023-04-10 23:25:37.725384,Defective,1.0,558.38
4830,32276,11600,762.0,2023-04-05 11:31:43.948106,Did not match description,1.0,118.21
4831,32276,11600,931.0,2023-04-01 11:31:43.948106,Changed Mind,1.0,36.34
4834,32287,1784,960.0,2024-01-04 17:42:33.545663,Defective,3.0,286.29
4835,32287,1784,100.0,2024-01-15 17:42:33.545663,Changed Mind,1.0,377.23
4836,32287,1784,332.0,2024-01-02 17:42:33.545663,Changed Mind,1.0,2250.91
4837,32287,1784,666.0,2024-01-04 17:42:33.545663,Wrong Item,1.0,159.75
4839,32314,7370,812.0,2023-11-14 04:26:29.109887,Did not match description,3.0,3025.14
4846,32324,11717,669.0,2022-11-10 05:57:21.111777,Did not match description,1.0,1220.75
4847,32326,5028,437.0,2023-08-27 12:26:51.918160,Wrong Item,4.0,111.04
4848,32326,5028,227.0,2023-08-28 12:26:51.918160,Defective,2.0,512.46
4849,32344,2901,554.0,2023-12-12 21:53:07.537421,Changed Mind,2.0,152.56
4850,32344,2901,187.0,2023-12-09 21:53:07.537421,Changed Mind,1.0,1855.98
4851,32344,2901,291.0,2023-12-17 21:53:07.537421,Defective,1.0,76.08
4877,32628,17640,754.0,2023-07-08 17:02:51.723541,Wrong Item,4.0,2771.36
4884,32685,18430,300.0,2022-03-25 01:28:27.587664,Changed Mind,1.0,757.93
4885,32685,18430,712.0,2022-04-12 01:28:27.587664,Defective,1.0,313.97
4886,32685,18430,256.0,2022-04-04 01:28:27.587664,Wrong Item,1.0,1884.08
4893,32705,17858,653.0,2023-12-14 05:57:07.741878,Changed Mind,2.0,480.58
4895,32725,11912,565.0,2021-11-10 18:38:01.073948,Did not match description,1.0,33.29
4896,32725,11912,364.0,2021-11-13 18:38:01.073948,Changed Mind,1.0,324.65
4898,32746,15756,197.0,2022-06-02 17:42:42.546991,Did not match description,1.0,305.18
4899,32746,15756,87.0,2022-05-09 17:42:42.546991,Did not match description,1.0,526.93
4904,32805,10075,656.0,2024-01-19 02:15:48.133843,Wrong Item,1.0,145.07
4905,32812,1483,942.0,2022-08-19 17:41:02.401309,Changed Mind,1.0,1810.31
4906,32813,8215,55.0,2023-09-08 11:08:14.188738,Defective,1.0,205.17
4907,32813,8215,69.0,2023-09-06 11:08:14.188738,Changed Mind,1.0,225.22
4908,32813,8215,949.0,2023-08-26 11:08:14.188738,Defective,1.0,144.49
4914,32881,3448,527.0,2022-08-28 03:12:49.335701,Wrong Item,1.0,161.52
4915,32881,3448,716.0,2022-08-31 03:12:49.335701,Did not match description,4.0,2570.56
4916,32882,9811,880.0,2023-07-01 08:56:44.027065,Changed Mind,1.0,189.97
4917,32882,9811,97.0,2023-07-09 08:56:44.027065,Changed Mind,1.0,243.53
4924,32933,2523,882.0,2022-11-24 21:52:46.137213,Wrong Item,1.0,981.35
4925,32933,2523,694.0,2022-11-23 21:52:46.137213,Did not match description,1.0,2068.18
4926,32933,2523,899.0,2022-12-01 21:52:46.137213,Did not match description,3.0,330.98
4929,32966,13826,663.0,2023-12-05 03:34:13.879845,Changed Mind,1.0,2013.01
4930,32968,18084,305.0,2023-06-28 08:30:39.339645,Did not match description,1.0,471.71
4931,32968,18084,435.0,2023-06-26 08:30:39.339645,Did not match description,1.0,119.73
4938,33040,16392,500.0,2023-11-29 21:14:41.803610,Defective,1.0,2371.69
4939,33040,16392,89.0,2023-11-30 21:14:41.803610,Did not match description,3.0,6291.63
4942,33108,15377,437.0,2023-09-16 03:45:18.388699,Defective,1.0,24.98
4943,33110,4275,461.0,2023-03-08 12:04:48.524254,Defective,1.0,258.18
4944,33110,4275,653.0,2023-03-20 12:04:48.524254,Did not match description,2.0,480.58
4947,33129,15171,717.0,2023-06-12 14:25:14.063820,Did not match description,1.0,180.88
4948,33129,15171,215.0,2023-06-01 14:25:14.063820,Did not match description,1.0,230.13
4957,33221,1747,978.0,2024-01-13 19:22:01.535971,Did not match description,3.0,845.37
4958,33231,15784,939.0,2022-10-21 18:58:08.855180,Defective,1.0,995.41
4959,33231,15784,201.0,2022-10-13 18:58:08.855180,Defective,3.0,277.68
4963,33285,14275,885.0,2023-07-26 21:40:44.712917,Did not match description,1.0,58.64
4964,33285,14275,711.0,2023-07-26 21:40:44.712917,Changed Mind,1.0,463.53
4965,33294,7346,62.0,2021-12-05 03:38:24.387568,Defective,3.0,4044.33
4966,33314,11270,261.0,2022-04-12 12:19:02.401977,Did not match description,1.0,334.45
4967,33314,11270,674.0,2022-04-21 12:19:02.401977,Defective,4.0,1003.64
4968,33335,11160,286.0,2024-01-19 11:21:46.518581,Defective,1.0,1417.41
4972,33373,11046,261.0,2023-04-03 09:42:30.810671,Changed Mind,1.0,393.47
4973,33373,11046,640.0,2023-04-09 09:42:30.810671,Did not match description,1.0,960.89
4974,33417,13260,838.0,2022-09-23 12:12:09.004293,Wrong Item,1.0,45.58
4975,33417,13260,29.0,2022-09-23 12:12:09.004293,Changed Mind,1.0,305.85
4987,33507,7411,356.0,2023-08-24 23:49:18.321156,Defective,1.0,192.35
4991,33587,11687,437.0,2023-04-07 20:18:08.248397,Defective,1.0,27.76
5002,33652,7441,409.0,2021-12-09 20:07:27.073200,Defective,1.0,148.5
5003,33657,19710,831.0,2023-08-01 17:19:01.735994,Did not match description,1.0,260.58
5004,33657,19710,948.0,2023-08-15 17:19:01.735994,Defective,1.0,297.12
5015,33727,459,165.0,2023-10-20 19:50:48.977632,Did not match description,1.0,282.92
5016,33727,459,535.0,2023-11-09 19:50:48.977632,Changed Mind,1.0,149.17
5018,33731,19015,529.0,2023-04-24 00:39:47.270710,Wrong Item,1.0,70.03
5022,33773,10683,494.0,2023-09-11 01:08:49.209972,Wrong Item,1.0,113.69
5039,33837,13934,140.0,2023-12-16 20:39:44.094302,Changed Mind,1.0,248.12
5040,33839,15824,937.0,2023-06-02 21:07:26.582632,Did not match description,1.0,1276.07
5041,33839,15824,128.0,2023-05-10 21:07:26.582632,Did not match description,1.0,1462.17
5045,33878,16192,764.0,2022-02-02 20:07:57.355978,Wrong Item,2.0,302.24
5046,33878,16192,281.0,2022-02-03 20:07:57.355978,Did not match description,1.0,501.58
5049,33887,4227,244.0,2023-07-09 14:49:39.361745,Defective,2.0,1136.56
5050,33887,4227,228.0,2023-06-28 14:49:39.361745,Did not match description,1.0,38.21
5051,33887,4227,677.0,2023-06-30 14:49:39.361745,Defective,1.0,166.35
5052,33887,4227,939.0,2023-07-02 14:49:39.361745,Defective,2.0,2488.52
5053,33887,4227,708.0,2023-06-29 14:49:39.361745,Did not match description,3.0,5278.65
5055,33892,17132,279.0,2022-07-24 13:36:03.103004,Did not match description,1.0,957.46
5056,33892,17132,163.0,2022-07-24 13:36:03.103004,Did not match description,4.0,655.63
5057,33892,17132,978.0,2022-07-23 13:36:03.103004,Defective,1.0,281.79
5068,33971,17040,320.0,2022-12-14 12:01:04.861106,Changed Mind,2.0,2322.61
5079,34047,6,550.0,2022-06-11 06:28:55.252539,Changed Mind,1.0,1861.23
5080,34048,4781,341.0,2023-05-17 02:49:07.199828,Changed Mind,2.0,128.94
5081,34048,4781,596.0,2023-05-23 02:49:07.199828,Did not match description,1.0,207.53
5082,34048,4781,810.0,2023-05-19 02:49:07.199828,Changed Mind,2.0,217.12
5085,34062,18679,680.0,2022-08-16 01:35:16.497379,Wrong Item,1.0,197.91
5086,34062,18679,945.0,2022-08-14 01:35:16.497379,Did not match description,2.0,268.46
5092,34116,11236,342.0,2023-09-07 08:43:04.550860,Did not match description,1.0,167.98
5093,34116,11236,707.0,2023-08-27 08:43:04.550860,Did not match description,5.0,224.4
5094,34116,11236,137.0,2023-09-14 08:43:04.550860,Changed Mind,1.0,1645.22
5099,34176,8350,777.0,2023-08-05 04:56:16.527818,Wrong Item,1.0,236.87
5100,34176,8350,741.0,2023-07-25 04:56:16.527818,Did not match description,2.0,228.72
5101,34191,19416,300.0,2023-05-27 07:16:19.074172,Did not match description,1.0,757.93
5102,34191,19416,27.0,2023-05-28 07:16:19.074172,Changed Mind,4.0,2821.84
5104,34209,15869,853.0,2022-01-25 05:38:22.458471,Did not match description,1.0,184.79
5105,34209,15869,627.0,2022-01-24 05:38:22.458471,Wrong Item,3.0,146.07
5106,34219,10048,159.0,2021-12-30 14:47:11.344942,Wrong Item,1.0,269.18
5109,34252,5302,925.0,2024-01-18 05:44:03.775057,Did not match description,1.0,639.68
5110,34252,5302,668.0,2024-01-10 05:44:03.775057,Did not match description,1.0,108.08
5111,34252,5302,491.0,2024-01-20 05:44:03.775057,Changed Mind,1.0,1820.17
5119,34280,19680,11.0,2023-09-15 12:20:26.905541,Defective,1.0,336.23
5123,34298,18740,89.0,2023-11-26 03:41:58.782681,Did not match description,3.0,5662.47
5124,34309,1850,977.0,2023-04-16 03:39:36.334591,Defective,3.0,3730.23
5125,34312,14230,980.0,2024-01-12 22:24:17.245461,Did not match description,1.0,642.02
5126,34312,14230,73.0,2024-01-02 22:24:17.245461,Changed Mind,3.0,4337.22
5127,34321,5443,777.0,2023-01-13 17:33:17.164777,Changed Mind,1.0,236.87
5128,34321,5443,637.0,2023-01-06 17:33:17.164777,Did not match description,1.0,515.27
5133,34340,8348,348.0,2022-11-06 13:43:02.375331,Changed Mind,2.0,2294.56
5145,34455,8026,528.0,2023-06-03 03:19:31.197308,Defective,2.0,3335.18
5146,34455,8026,691.0,2023-06-06 03:19:31.197308,Changed Mind,2.0,1104.18
5147,34456,7039,452.0,2023-01-02 20:32:07.719211,Did not match description,1.0,1940.3
5148,34456,7039,603.0,2023-01-18 20:32:07.719211,Wrong Item,1.0,455.13
5149,34469,15291,983.0,2023-03-07 00:05:51.701431,Changed Mind,2.0,4875.28
5150,34469,15291,356.0,2023-03-04 00:05:51.701431,Changed Mind,1.0,226.29
5155,34583,11782,827.0,2023-10-29 09:53:29.936763,Did not match description,1.0,1522.42
5156,34583,11782,339.0,2023-11-05 09:53:29.936763,Changed Mind,1.0,517.36
5160,34630,3062,89.0,2022-01-26 04:16:46.718711,Changed Mind,1.0,2097.21
5163,34693,15010,942.0,2022-04-09 02:56:06.127416,Defective,1.0,2011.46
5167,34743,6861,463.0,2023-11-27 05:38:12.332126,Did not match description,1.0,1062.66
5168,34743,6861,525.0,2023-12-16 05:38:12.332126,Did not match description,1.0,328.85
5172,34745,1537,868.0,2024-01-14 14:50:55.289890,Wrong Item,1.0,1328.7
5182,34831,308,433.0,2023-02-27 09:52:15.524206,Defective,2.0,503.75
5194,34930,19558,1.0,2023-01-27 20:47:28.990295,Defective,2.0,2798.08
5196,34948,18710,435.0,2023-11-24 12:01:34.259566,Defective,1.0,119.73
5197,34948,18710,55.0,2023-12-16 12:01:34.259566,Wrong Item,1.0,174.39
5199,34990,14062,9.0,2022-11-21 12:06:15.493226,Did not match description,1.0,44.17
5200,34990,14062,560.0,2022-12-11 12:06:15.493226,Defective,1.0,1034.52
5203,35034,5524,571.0,2022-06-12 22:48:51.917038,Defective,1.0,81.78
5206,35054,12319,120.0,2023-06-28 17:04:41.194312,Did not match description,2.0,853.52
5207,35054,12319,591.0,2023-06-07 17:04:41.194312,Changed Mind,2.0,51.86
5208,35054,12319,786.0,2023-06-21 17:04:41.194312,Changed Mind,1.0,538.61
5209,35054,12319,687.0,2023-06-13 17:04:41.194312,Did not match description,2.0,79.36
5216,35101,18104,214.0,2023-05-12 22:04:53.434806,Did not match description,2.0,1395.44
5217,35101,18104,110.0,2023-05-14 22:04:53.434806,Did not match description,1.0,390.34
5218,35101,18104,399.0,2023-05-25 22:04:53.434806,Changed Mind,1.0,634.64
5219,35101,18104,7.0,2023-06-03 22:04:53.434806,Defective,1.0,1235.64
5220,35117,6159,728.0,2024-01-17 06:12:53.961004,Changed Mind,1.0,378.7
5221,35117,6159,103.0,2024-01-15 06:12:53.961004,Wrong Item,1.0,282.73
5222,35117,6159,247.0,2023-12-23 06:12:53.961004,Defective,1.0,861.21
5223,35117,6159,637.0,2023-12-26 06:12:53.961004,Wrong Item,2.0,1030.54
5224,35126,7553,661.0,2021-12-26 10:18:36.849953,Defective,1.0,339.74
5227,35149,13399,425.0,2023-05-03 12:43:33.072102,Did not match description,1.0,450.17
5228,35149,13399,320.0,2023-05-03 12:43:33.072102,Defective,4.0,5464.96
5235,35255,4058,372.0,2022-06-26 07:49:31.795033,Wrong Item,1.0,356.02
5239,35349,2779,59.0,2023-12-23 11:40:31.411416,Wrong Item,1.0,43.09
5240,35349,2779,200.0,2023-12-23 11:40:31.411416,Wrong Item,1.0,154.4
5241,35373,18236,803.0,2022-12-12 00:41:46.579224,Did not match description,1.0,282.4
5242,35373,18236,362.0,2022-11-20 00:41:46.579224,Changed Mind,1.0,288.73
5243,35382,19982,869.0,2023-06-25 08:23:00.580223,Changed Mind,1.0,345.28
5244,35382,19982,584.0,2023-07-14 08:23:00.580223,Changed Mind,1.0,480.56
5256,35423,796,860.0,2023-09-10 02:14:48.674992,Wrong Item,3.0,660.45
5263,35505,1520,827.0,2022-11-04 08:30:37.260914,Changed Mind,1.0,1370.18
5264,35508,12889,713.0,2024-01-16 10:28:01.178194,Wrong Item,1.0,147.28
5265,35508,12889,679.0,2024-01-12 10:28:01.178194,Changed Mind,2.0,2218.1
5272,35575,5799,669.0,2023-11-14 18:32:00.567431,Did not match description,1.0,1220.75
5273,35575,5799,593.0,2023-11-25 18:32:00.567431,Changed Mind,2.0,1820.94
5277,35609,3728,452.0,2022-12-14 19:03:01.910100,Changed Mind,2.0,3880.6
5278,35615,15272,919.0,2022-06-14 10:29:04.585723,Changed Mind,1.0,2659.24
5279,35615,15272,717.0,2022-06-22 10:29:04.585723,Changed Mind,4.0,723.52
5280,35636,1416,964.0,2023-01-16 11:07:40.144830,Defective,1.0,122.8
5281,35637,5861,943.0,2023-07-23 00:27:21.828916,Changed Mind,1.0,484.57
5282,35641,7230,31.0,2023-04-26 01:42:42.780572,Changed Mind,1.0,66.4
5284,35649,19307,300.0,2024-01-04 13:59:35.949993,Defective,1.0,757.93
5285,35649,19307,134.0,2024-01-15 13:59:35.949993,Defective,1.0,127.06
5291,35709,19978,812.0,2023-10-18 04:31:10.363691,Defective,1.0,1008.38
5292,35709,19978,850.0,2023-10-27 04:31:10.363691,Changed Mind,2.0,885.28
5295,35719,6664,437.0,2023-11-13 11:59:10.322120,Did not match description,1.0,24.98
5296,35719,6664,740.0,2023-11-19 11:59:10.322120,Defective,1.0,185.27
5297,35719,6664,765.0,2023-11-08 11:59:10.322120,Did not match description,1.0,1658.1
5298,35723,9351,253.0,2023-08-20 23:02:17.581982,Defective,3.0,837.93
5299,35723,9351,224.0,2023-08-08 23:02:17.581982,Defective,1.0,286.19
5300,35723,9351,132.0,2023-08-09 23:02:17.581982,Did not match description,1.0,1653.66
5306,35800,9225,297.0,2023-10-21 07:47:28.209799,Wrong Item,1.0,174.93
5307,35800,9225,913.0,2023-10-13 07:47:28.209799,Wrong Item,2.0,932.54
5308,35804,7411,902.0,2023-12-29 16:25:51.282347,Wrong Item,1.0,285.76
5311,35837,10492,78.0,2023-07-23 04:24:45.503935,Wrong Item,1.0,251.68
5312,35837,10492,310.0,2023-07-14 04:24:45.503935,Wrong Item,3.0,632.64
5313,35837,10492,682.0,2023-07-24 04:24:45.503935,Changed Mind,1.0,1296.55
5314,35837,10492,124.0,2023-07-10 04:24:45.503935,Wrong Item,2.0,867.07
5315,35837,10492,613.0,2023-07-17 04:24:45.503935,Defective,1.0,357.95
5322,35895,16960,380.0,2023-07-31 02:10:54.747489,Changed Mind,1.0,120.14
5323,35895,16960,382.0,2023-07-13 02:10:54.747489,Changed Mind,1.0,312.74
5324,35895,16960,320.0,2023-08-06 02:10:54.747489,Wrong Item,1.0,1366.24
5325,35895,16960,352.0,2023-07-11 02:10:54.747489,Wrong Item,1.0,728.03
5327,35911,10004,216.0,2023-10-18 21:41:38.848239,Defective,1.0,493.19
5328,35921,15255,762.0,2024-01-09 22:48:29.423915,Changed Mind,1.0,118.21
5332,35965,1559,176.0,2022-11-06 09:00:46.082129,Defective,4.0,3910.21
5333,35965,1559,899.0,2022-10-28 09:00:46.082129,Changed Mind,1.0,137.91
5334,35965,1559,328.0,2022-11-10 09:00:46.082129,Defective,4.0,899.84
5339,36035,1730,939.0,2022-12-02 17:02:56.017280,Did not match description,1.0,1057.62
5340,36035,1730,745.0,2022-12-04 17:02:56.017280,Did not match description,1.0,1157.26
5341,36035,1730,560.0,2022-12-08 17:02:56.017280,Wrong Item,4.0,4138.08
5354,36119,19343,651.0,2022-06-10 09:47:19.814819,Defective,1.0,1263.39
5355,36119,19343,723.0,2022-06-18 09:47:19.814819,Wrong Item,5.0,2833.85
5356,36119,19343,438.0,2022-05-26 09:47:19.814819,Wrong Item,1.0,2250.85
5359,36151,13879,906.0,2023-09-16 23:06:53.297474,Wrong Item,2.0,442.76
5360,36151,13879,540.0,2023-09-01 23:06:53.297474,Changed Mind,1.0,873.72
5361,36151,13879,342.0,2023-08-31 23:06:53.297474,Did not match description,1.0,209.98
5362,36151,13879,651.0,2023-09-02 23:06:53.297474,Did not match description,1.0,1263.39
5363,36159,8883,79.0,2023-12-13 07:30:09.096420,Defective,3.0,2125.29
5366,36174,17334,812.0,2023-12-09 18:01:14.635151,Defective,3.0,3025.14
5367,36174,17334,127.0,2023-12-28 18:01:14.635151,Changed Mind,1.0,212.56
5368,36174,17334,768.0,2023-12-21 18:01:14.635151,Defective,1.0,131.79
5370,36197,2415,169.0,2022-07-20 23:06:15.526332,Did not match description,1.0,632.23
5375,36210,7456,594.0,2022-01-13 02:26:45.900211,Did not match description,1.0,399.73
5376,36210,7456,987.0,2022-01-28 02:26:45.900211,Changed Mind,1.0,93.18
5378,36217,3694,437.0,2023-11-29 14:00:55.340130,Did not match description,1.0,27.76
5379,36220,15954,680.0,2023-09-12 22:34:38.229104,Defective,1.0,197.91
5380,36220,15954,663.0,2023-09-26 22:34:38.229104,Changed Mind,1.0,2368.25
5381,36226,1323,404.0,2023-07-23 22:14:34.638768,Did not match description,4.0,4955.16
5382,36226,1323,209.0,2023-06-27 22:14:34.638768,Defective,2.0,3203.3
5394,36301,15205,109.0,2023-11-17 17:42:47.097379,Defective,1.0,611.36
5395,36301,15205,522.0,2023-12-04 17:42:47.097379,Wrong Item,1.0,1312.45
5397,36333,1640,352.0,2023-12-21 13:08:58.438835,Did not match description,5.0,4282.55
5403,36373,12557,579.0,2022-03-09 07:16:30.000730,Wrong Item,1.0,421.56
5404,36373,12557,359.0,2022-03-16 07:16:30.000730,Defective,1.0,258.88
5405,36373,12557,524.0,2022-02-19 07:16:30.000730,Did not match description,1.0,1719.54
5407,36384,5785,906.0,2023-05-14 03:40:36.122656,Changed Mind,1.0,221.38
5422,36478,7104,798.0,2021-09-29 11:33:45.623911,Did not match description,1.0,122.51
5423,36478,7104,776.0,2021-09-21 11:33:45.623911,Did not match description,1.0,1450.33
5424,36478,7104,712.0,2021-09-20 11:33:45.623911,Wrong Item,1.0,313.97
5425,36478,7104,52.0,2021-09-19 11:33:45.623911,Wrong Item,1.0,177.16
5431,36532,4060,937.0,2022-07-04 12:24:50.297280,Did not match description,1.0,1276.07
5432,36532,4060,590.0,2022-07-26 12:24:50.297280,Did not match description,1.0,208.0
5433,36532,4060,271.0,2022-07-28 12:24:50.297280,Did not match description,4.0,7344.16
5434,36532,4060,397.0,2022-07-28 12:24:50.297280,Defective,1.0,169.08
5439,36553,7327,502.0,2023-06-12 22:16:52.212890,Defective,3.0,1800.84
5440,36553,7327,521.0,2023-06-11 22:16:52.212890,Changed Mind,2.0,138.46
5441,36553,7327,918.0,2023-06-27 22:16:52.212890,Wrong Item,1.0,85.13
5442,36559,19759,121.0,2023-05-06 11:52:48.336795,Defective,1.0,783.22
5447,36616,2272,843.0,2023-11-22 16:35:55.802297,Did not match description,2.0,1089.38
5448,36616,2272,494.0,2023-11-10 16:35:55.802297,Wrong Item,1.0,142.11
5449,36616,2272,977.0,2023-11-26 16:35:55.802297,Did not match description,1.0,1243.41
5452,36621,6101,463.0,2022-03-25 22:47:57.106744,Changed Mind,1.0,1250.19
5453,36621,6101,662.0,2022-03-24 22:47:57.106744,Defective,1.0,30.79
5471,36743,6626,483.0,2023-05-13 21:26:51.388089,Did not match description,1.0,156.88
5472,36743,6626,925.0,2023-05-05 21:26:51.388089,Defective,1.0,639.68
5473,36743,6626,547.0,2023-05-28 21:26:51.388089,Wrong Item,1.0,308.26
5474,36745,6771,817.0,2022-05-15 20:08:58.156808,Wrong Item,2.0,659.29
5475,36745,6771,898.0,2022-06-06 20:08:58.156808,Wrong Item,1.0,214.23
5476,36749,6073,166.0,2023-07-07 16:59:08.165570,Changed Mind,1.0,113.0
5477,36749,6073,495.0,2023-06-10 16:59:08.165570,Defective,2.0,51.08
5478,36749,6073,610.0,2023-06-25 16:59:08.165570,Wrong Item,1.0,604.11
5483,36783,4105,508.0,2023-04-26 11:06:09.973740,Changed Mind,1.0,887.22
5484,36783,4105,262.0,2023-04-12 11:06:09.973740,Wrong Item,1.0,655.8
5490,36817,19007,297.0,2023-03-12 04:38:40.911623,Did not match description,4.0,777.48
5502,36916,699,117.0,2023-12-25 15:28:56.998476,Did not match description,1.0,111.1
5503,36916,699,433.0,2024-01-04 15:28:56.998476,Defective,2.0,559.72
5510,36931,4745,391.0,2022-11-14 02:38:45.862760,Wrong Item,1.0,307.36
5511,36931,4745,701.0,2022-10-21 02:38:45.862760,Defective,1.0,128.31
5512,36935,3362,433.0,2022-08-13 06:22:26.083878,Wrong Item,5.0,1189.4
5517,36946,509,305.0,2023-09-17 01:06:53.188191,Did not match description,1.0,400.95
5518,36955,7126,145.0,2022-07-10 23:32:02.693569,Did not match description,1.0,121.02
5519,36955,7126,583.0,2022-06-28 23:32:02.693569,Wrong Item,1.0,2365.56
5520,36955,7126,622.0,2022-06-22 23:32:02.693569,Changed Mind,1.0,2175.36
5521,36955,7126,569.0,2022-06-26 23:32:02.693569,Changed Mind,1.0,2254.34
5526,37019,5336,584.0,2022-04-12 02:07:15.641080,Wrong Item,1.0,565.37
5532,37068,1370,425.0,2023-11-13 12:19:12.864686,Changed Mind,1.0,450.17
5533,37068,1370,329.0,2023-12-04 12:19:12.864686,Wrong Item,5.0,324.9
5534,37128,13891,671.0,2023-03-27 00:09:51.443150,Did not match description,1.0,183.25
5539,37142,16673,827.0,2023-04-30 07:54:48.325426,Defective,1.0,1522.42
5540,37158,18501,361.0,2023-07-07 22:12:08.824867,Defective,2.0,155.38
5541,37158,18501,937.0,2023-07-14 22:12:08.824867,Did not match description,2.0,2552.14
5544,37163,11653,45.0,2023-06-08 09:26:03.523001,Changed Mind,1.0,157.52
5549,37212,2253,340.0,2022-02-27 22:30:27.900196,Did not match description,3.0,721.62
5553,37228,12858,351.0,2023-12-20 22:21:26.925582,Did not match description,1.0,289.41
5554,37228,12858,717.0,2023-12-15 22:21:26.925582,Defective,1.0,180.88
5555,37228,12858,895.0,2023-11-25 22:21:26.925582,Wrong Item,1.0,443.64
5568,37397,100,644.0,2023-05-25 06:48:11.985569,Wrong Item,1.0,2168.99
5569,37397,100,284.0,2023-05-13 06:48:11.985569,Did not match description,1.0,227.54
5570,37397,100,633.0,2023-05-30 06:48:11.985569,Wrong Item,1.0,232.44
5576,37402,3759,317.0,2022-03-14 03:59:23.404869,Did not match description,1.0,1529.4
5577,37402,3759,322.0,2022-04-07 03:59:23.404869,Defective,2.0,493.73
5578,37420,857,902.0,2022-03-05 23:05:43.845961,Did not match description,1.0,228.61
5579,37420,857,542.0,2022-02-25 23:05:43.845961,Wrong Item,3.0,571.68
5591,37541,1503,273.0,2022-12-18 12:50:59.883582,Changed Mind,2.0,301.96
5592,37541,1503,209.0,2023-01-02 12:50:59.883582,Changed Mind,4.0,6406.6
5593,37548,2117,537.0,2023-05-02 19:52:05.279587,Did not match description,1.0,1930.53
5594,37548,2117,645.0,2023-05-01 19:52:05.279587,Changed Mind,1.0,281.26
5595,37548,2117,258.0,2023-04-20 19:52:05.279587,Did not match description,3.0,6949.2
5596,37548,2117,367.0,2023-04-28 19:52:05.279587,Changed Mind,1.0,463.13
5597,37548,2117,595.0,2023-05-13 19:52:05.279587,Did not match description,1.0,174.45
5599,37596,4949,18.0,2023-07-17 17:45:59.206161,Defective,1.0,28.07
5600,37596,4949,293.0,2023-07-02 17:45:59.206161,Changed Mind,1.0,1192.91
5603,37615,13994,387.0,2023-08-29 09:26:51.164188,Wrong Item,1.0,766.23
5604,37615,13994,349.0,2023-09-15 09:26:51.164188,Wrong Item,1.0,20.27
5605,37615,13994,300.0,2023-09-10 09:26:51.164188,Defective,1.0,757.93
5609,37627,14583,333.0,2023-05-21 17:33:11.747654,Did not match description,1.0,609.8
5610,37627,14583,177.0,2023-05-10 17:33:11.747654,Changed Mind,1.0,415.9
5614,37659,15454,143.0,2022-12-20 10:20:06.293316,Changed Mind,1.0,563.74
5615,37659,15454,480.0,2023-01-04 10:20:06.293316,Wrong Item,1.0,183.7
5616,37659,15454,644.0,2022-12-13 10:20:06.293316,Defective,1.0,2168.99
5617,37659,15454,699.0,2022-12-18 10:20:06.293316,Wrong Item,2.0,1560.5
5621,37708,6172,894.0,2023-06-29 20:16:24.939151,Wrong Item,1.0,221.67
5623,37717,3552,190.0,2023-08-19 18:17:56.591541,Changed Mind,1.0,449.85
5629,37745,15205,934.0,2023-12-09 12:40:38.506893,Changed Mind,1.0,604.19
5630,37745,15205,71.0,2023-11-28 12:40:38.506893,Defective,1.0,936.3
5638,37801,5691,925.0,2021-08-24 13:59:58.465780,Did not match description,2.0,1279.36
5648,37833,2248,222.0,2023-04-13 13:32:58.357977,Changed Mind,1.0,568.45
5649,37833,2248,806.0,2023-04-15 13:32:58.357977,Defective,2.0,2372.56
5658,37877,18947,144.0,2023-06-26 05:13:14.947286,Wrong Item,1.0,68.03
5659,37877,18947,939.0,2023-06-16 05:13:14.947286,Did not match description,2.0,2115.24
5660,37895,17152,745.0,2022-09-27 03:38:34.785999,Did not match description,3.0,4339.74
5661,37895,17152,347.0,2022-09-24 03:38:34.785999,Did not match description,3.0,514.67
5662,37895,17152,754.0,2022-09-27 03:38:34.785999,Changed Mind,1.0,692.84
5663,37908,14051,762.0,2022-09-04 07:13:11.782987,Defective,1.0,131.34
5664,37908,14051,279.0,2022-09-19 07:13:11.782987,Did not match description,4.0,4787.32
5668,37942,17309,61.0,2021-11-15 12:46:35.122141,Changed Mind,1.0,233.6
5669,37942,17309,216.0,2021-11-24 12:46:35.122141,Wrong Item,1.0,493.19
5670,37942,17309,870.0,2021-11-30 12:46:35.122141,Wrong Item,1.0,165.74
5671,37942,17309,1.0,2021-12-04 12:46:35.122141,Wrong Item,1.0,1748.8
5680,38017,17877,568.0,2023-12-05 04:46:06.355527,Did not match description,2.0,380.87
5681,38017,17877,874.0,2023-11-27 04:46:06.355527,Did not match description,1.0,1111.32
5682,38017,17877,39.0,2023-12-07 04:46:06.355527,Did not match description,1.0,558.65
5683,38017,17877,996.0,2023-11-25 04:46:06.355527,Did not match description,1.0,377.2
5686,38060,7017,295.0,2022-02-04 04:12:42.828520,Changed Mind,1.0,1493.44
5687,38060,7017,825.0,2022-01-13 04:12:42.828520,Did not match description,2.0,186.03
5691,38099,2786,319.0,2022-08-17 01:37:32.936402,Defective,1.0,272.28
5692,38099,2786,102.0,2022-09-11 01:37:32.936402,Did not match description,1.0,1366.69
5693,38101,9296,313.0,2022-06-14 21:54:43.720465,Wrong Item,3.0,503.73
5694,38115,8799,295.0,2023-07-10 07:48:35.388319,Defective,1.0,1493.44
5697,38121,8427,158.0,2023-12-29 22:02:59.956678,Changed Mind,1.0,35.83
5698,38121,8427,347.0,2023-12-03 22:02:59.956678,Did not match description,1.0,201.83
5699,38121,8427,192.0,2023-12-18 22:02:59.956678,Defective,1.0,245.32
5710,38280,13015,680.0,2022-09-20 09:31:22.314375,Wrong Item,1.0,178.12
5726,38379,11350,494.0,2023-02-01 03:01:10.469492,Wrong Item,1.0,142.11
5733,38399,4329,530.0,2021-07-22 14:45:09.783819,Changed Mind,2.0,2702.99
5734,38399,4329,695.0,2021-07-29 14:45:09.783819,Wrong Item,1.0,1383.82
5750,38499,14223,175.0,2023-01-28 06:37:11.207635,Defective,1.0,148.2
5751,38499,14223,240.0,2023-02-05 06:37:11.207635,Wrong Item,1.0,537.72
5762,38532,5729,867.0,2022-10-02 23:25:44.368165,Changed Mind,1.0,113.48
5764,38591,9916,245.0,2023-08-04 16:49:24.242514,Did not match description,1.0,83.47
5769,38639,16735,915.0,2023-12-15 04:57:03.164647,Defective,1.0,2283.14
5770,38652,15168,322.0,2023-10-18 01:36:59.917162,Changed Mind,1.0,262.29
5772,38668,3373,892.0,2022-12-19 20:45:30.442544,Wrong Item,1.0,189.03
5774,38709,9626,632.0,2023-10-02 12:03:36.356335,Wrong Item,1.0,1545.96
5775,38709,9626,701.0,2023-10-21 12:03:36.356335,Changed Mind,1.0,128.31
5776,38709,9626,372.0,2023-10-17 12:03:36.356335,Defective,1.0,445.02
5777,38709,9626,270.0,2023-09-29 12:03:36.356335,Did not match description,1.0,361.33
5778,38709,9626,263.0,2023-10-04 12:03:36.356335,Defective,2.0,1143.4
5785,38796,3140,371.0,2024-01-22 12:40:42.967143,Wrong Item,2.0,270.94
5786,38796,3140,170.0,2024-01-13 12:40:42.967143,Did not match description,1.0,344.21
5787,38796,3140,846.0,2024-01-24 12:40:42.967143,Changed Mind,2.0,297.72
5797,38904,13964,153.0,2023-01-25 00:15:19.580955,Wrong Item,1.0,378.71
5798,38904,13964,986.0,2023-01-29 00:15:19.580955,Defective,1.0,96.58
5799,38939,610,838.0,2023-09-10 05:42:44.240485,Defective,1.0,50.64
5800,38939,610,72.0,2023-09-12 05:42:44.240485,Wrong Item,1.0,2071.99
5801,38939,610,854.0,2023-09-10 05:42:44.240485,Did not match description,2.0,949.42
5808,39016,6924,801.0,2021-05-15 00:13:13.597046,Wrong Item,1.0,824.66
5811,39109,6696,437.0,2022-12-21 00:52:50.273499,Wrong Item,1.0,27.76
5814,39150,4213,252.0,2024-01-02 18:57:06.776025,Defective,1.0,213.91
5815,39150,4213,169.0,2023-12-29 18:57:06.776025,Did not match description,1.0,632.23
5816,39150,4213,569.0,2024-01-08 18:57:06.776025,Did not match description,1.0,2254.34
5820,39167,4180,169.0,2023-08-03 13:25:12.396338,Defective,1.0,632.23
5824,39215,14118,320.0,2023-06-11 07:40:58.372912,Did not match description,2.0,2732.48
5825,39215,14118,561.0,2023-06-21 07:40:58.372912,Defective,1.0,546.29
5832,39245,5178,894.0,2023-06-24 14:49:25.146526,Wrong Item,1.0,221.67
5833,39257,17180,616.0,2023-02-24 09:34:38.478621,Wrong Item,1.0,281.23
5834,39257,17180,128.0,2023-02-17 09:34:38.478621,Wrong Item,1.0,1462.17
5835,39257,17180,642.0,2023-03-03 09:34:38.478621,Did not match description,1.0,170.0
5836,39257,17180,303.0,2023-02-16 09:34:38.478621,Changed Mind,4.0,904.56
5837,39259,1788,658.0,2022-12-04 04:42:07.660970,Wrong Item,1.0,969.65
5838,39259,1788,845.0,2022-11-06 04:42:07.660970,Did not match description,1.0,1468.24
5839,39259,1788,761.0,2022-11-25 04:42:07.660970,Did not match description,3.0,4488.9
5840,39259,1788,528.0,2022-11-22 04:42:07.660970,Defective,1.0,1667.59
5841,39259,1788,744.0,2022-11-21 04:42:07.660970,Did not match description,1.0,276.28
5844,39287,6682,189.0,2021-08-13 06:40:08.427323,Defective,3.0,1345.47
5845,39287,6682,728.0,2021-07-26 06:40:08.427323,Wrong Item,1.0,420.78
5846,39287,6682,248.0,2021-07-30 06:40:08.427323,Wrong Item,1.0,421.48
5850,39304,2553,319.0,2023-10-13 20:08:33.091421,Wrong Item,2.0,544.56
5851,39304,2553,225.0,2023-10-17 20:08:33.091421,Did not match description,1.0,938.96
5852,39304,2553,461.0,2023-10-18 20:08:33.091421,Did not match description,1.0,258.18
5859,39353,5789,621.0,2021-09-25 04:36:24.268593,Changed Mind,3.0,4616.85
5860,39353,5789,293.0,2021-09-21 04:36:24.268593,Changed Mind,1.0,1192.91
5861,39353,5789,995.0,2021-09-15 04:36:24.268593,Wrong Item,1.0,259.93
5864,39357,19415,396.0,2023-10-15 05:04:39.673935,Defective,1.0,292.64
5872,39425,3230,211.0,2023-03-16 17:20:15.271428,Changed Mind,4.0,902.44
5879,39467,261,458.0,2023-12-31 11:55:54.770760,Defective,1.0,114.45
5880,39467,261,472.0,2023-12-30 11:55:54.770760,Did not match description,1.0,530.84
5882,39499,13445,866.0,2023-08-11 12:06:31.237286,Defective,1.0,301.62
5883,39532,13614,282.0,2023-10-17 18:38:48.904189,Did not match description,2.0,1355.7
5895,39683,11131,827.0,2023-10-15 14:10:10.351474,Defective,2.0,2435.87
5896,39686,3824,108.0,2022-09-02 08:40:54.451006,Defective,1.0,2131.29
5897,39695,16869,535.0,2022-05-10 13:38:11.722738,Wrong Item,1.0,149.17
5917,39876,6990,392.0,2023-06-13 07:54:35.669794,Wrong Item,1.0,160.8
5918,39876,6990,247.0,2023-05-25 07:54:35.669794,Changed Mind,1.0,1076.51
5919,39876,6990,544.0,2023-06-06 07:54:35.669794,Wrong Item,1.0,1502.82
5924,39887,16605,194.0,2023-08-15 10:51:24.575348,Defective,1.0,1770.1
5925,39887,16605,364.0,2023-07-19 10:51:24.575348,Changed Mind,1.0,405.81
5929,39950,19211,871.0,2022-10-21 05:48:13.688147,Defective,1.0,137.9
5930,39950,19211,428.0,2022-11-09 05:48:13.688147,Wrong Item,1.0,1139.5
5931,39950,19211,630.0,2022-10-26 05:48:13.688147,Changed Mind,1.0,615.07
5938,39959,5156,754.0,2023-11-07 12:12:22.349462,Wrong Item,3.0,2078.52
5939,39959,5156,894.0,2023-10-16 12:12:22.349462,Did not match description,1.0,177.34
5940,39964,17378,437.0,2023-01-20 22:28:07.095635,Wrong Item,4.0,94.38
5941,39964,17378,685.0,2023-02-05 22:28:07.095635,Changed Mind,2.0,343.98
5942,39964,17378,815.0,2023-01-26 22:28:07.095635,Wrong Item,2.0,393.16
5943,39964,17378,483.0,2023-01-23 22:28:07.095635,Did not match description,2.0,313.76
5949,40020,7326,920.0,2022-08-06 06:53:28.799530,Wrong Item,1.0,1706.2
5950,40020,7326,874.0,2022-07-20 06:53:28.799530,Did not match description,2.0,2469.6
5956,40082,8415,744.0,2023-12-05 05:07:29.725466,Did not match description,3.0,745.96
5957,40082,8415,529.0,2023-12-20 05:07:29.725466,Wrong Item,4.0,280.12
5958,40082,8415,880.0,2023-12-11 05:07:29.725466,Wrong Item,1.0,223.49
5962,40111,8675,412.0,2024-01-07 14:16:11.894608,Did not match description,3.0,450.97
5963,40111,8675,777.0,2024-01-19 14:16:11.894608,Changed Mind,1.0,236.87
5966,40118,17680,903.0,2023-08-31 21:55:33.669458,Changed Mind,2.0,2940.26
5973,40155,15056,232.0,2023-10-22 01:48:40.290511,Changed Mind,3.0,6643.89
5975,40164,311,459.0,2023-11-30 15:38:06.188288,Defective,1.0,233.16
5976,40164,311,868.0,2023-12-05 15:38:06.188288,Changed Mind,1.0,1328.7
5977,40164,311,835.0,2023-11-28 15:38:06.188288,Changed Mind,1.0,1381.99
5978,40174,5921,921.0,2021-09-21 18:28:21.665682,Did not match description,1.0,240.0
5979,40174,5921,529.0,2021-09-28 18:28:21.665682,Wrong Item,3.0,210.09
5986,40224,12970,92.0,2023-12-05 14:40:54.708671,Changed Mind,1.0,325.85
5987,40224,12970,211.0,2023-12-02 14:40:54.708671,Changed Mind,1.0,225.61
5988,40228,8243,381.0,2023-09-30 11:32:03.841138,Defective,2.0,356.76
5989,40228,8243,322.0,2023-10-07 11:32:03.841138,Changed Mind,1.0,308.58
5993,40249,15296,315.0,2022-09-13 22:29:27.321118,Defective,2.0,4220.9
5994,40249,15296,692.0,2022-09-04 22:29:27.321118,Defective,1.0,266.71
5995,40261,7601,943.0,2022-07-27 19:27:33.613297,Wrong Item,1.0,570.08
5996,40261,7601,851.0,2022-07-29 19:27:33.613297,Did not match description,1.0,345.35
6004,40322,14949,352.0,2023-12-06 02:27:05.799010,Did not match description,1.0,856.51
6006,40331,12951,705.0,2022-06-07 01:56:28.861807,Wrong Item,1.0,77.0
6007,40331,12951,461.0,2022-05-30 01:56:28.861807,Changed Mind,1.0,258.18
6008,40331,12951,255.0,2022-06-14 01:56:28.861807,Defective,1.0,1222.71
6009,40340,16523,538.0,2023-11-24 07:52:34.384902,Did not match description,1.0,423.89
6017,40384,16961,208.0,2023-05-18 23:36:33.240580,Wrong Item,1.0,574.14
6018,40397,9427,627.0,2023-02-17 16:29:31.890709,Changed Mind,4.0,194.76
6021,40402,10691,627.0,2023-08-14 19:47:45.069776,Defective,1.0,48.69
6022,40402,10691,720.0,2023-07-30 19:47:45.069776,Did not match description,1.0,1266.55
6023,40402,10691,572.0,2023-08-03 19:47:45.069776,Did not match description,1.0,1427.21
6024,40402,10691,701.0,2023-08-12 19:47:45.069776,Defective,1.0,128.31
6025,40405,19958,679.0,2022-12-03 07:16:17.995492,Defective,1.0,1109.05
6032,40452,13175,635.0,2022-10-30 15:57:47.976731,Defective,2.0,1514.94
6033,40452,13175,906.0,2022-10-26 15:57:47.976731,Defective,1.0,221.38
6034,40452,13175,137.0,2022-10-31 15:57:47.976731,Did not match description,3.0,4195.31
6035,40461,7084,673.0,2023-07-24 17:08:36.784429,Changed Mind,1.0,923.6
6039,40467,4197,874.0,2022-11-21 19:23:28.977021,Defective,5.0,6174.0
6049,40538,17137,663.0,2023-03-28 05:01:36.807976,Defective,1.0,2368.25
6051,40553,14809,347.0,2024-01-11 14:30:16.147466,Did not match description,3.0,605.49
6052,40553,14809,719.0,2024-01-08 14:30:16.147466,Did not match description,3.0,1835.43
6053,40553,14809,368.0,2024-01-20 14:30:16.147466,Wrong Item,2.0,2395.54
6056,40606,11751,245.0,2023-11-23 03:41:46.752847,Changed Mind,1.0,83.47
6072,40760,3274,727.0,2023-12-26 16:00:40.331833,Defective,1.0,238.28
6073,40760,3274,637.0,2024-01-14 16:00:40.331833,Wrong Item,2.0,1030.54
6074,40795,9480,372.0,2023-05-06 07:30:10.867160,Did not match description,3.0,1068.05
6077,40830,2547,902.0,2022-11-14 19:29:19.956990,Wrong Item,1.0,285.76
6093,40940,11863,954.0,2022-11-01 14:46:03.799913,Wrong Item,1.0,25.79
6094,40940,11863,64.0,2022-10-14 14:46:03.799913,Defective,2.0,2418.76
6095,40976,19226,480.0,2023-11-25 01:43:15.582394,Changed Mind,1.0,183.7
6098,41010,6969,416.0,2023-11-24 14:15:52.199863,Changed Mind,1.0,427.17
6099,41010,6969,693.0,2023-11-18 14:15:52.199863,Changed Mind,1.0,48.57
6100,41011,6003,259.0,2023-12-16 13:28:05.055366,Defective,1.0,197.97
6101,41011,6003,412.0,2024-01-05 13:28:05.055366,Wrong Item,1.0,141.48
6102,41011,6003,913.0,2024-01-04 13:28:05.055366,Did not match description,2.0,932.54
6103,41031,19082,866.0,2021-11-24 17:54:32.058925,Defective,1.0,301.62
6104,41031,19082,397.0,2021-11-30 17:54:32.058925,Wrong Item,1.0,169.08
6111,41080,3916,211.0,2023-12-05 17:24:16.030474,Changed Mind,2.0,451.22
6113,41116,10178,688.0,2023-09-28 04:27:01.903744,Did not match description,1.0,127.8
6117,41168,18983,319.0,2023-08-31 07:35:10.153318,Changed Mind,1.0,272.28
6119,41197,11904,710.0,2023-06-28 09:06:55.294236,Defective,3.0,1901.01
6120,41197,11904,140.0,2023-07-09 09:06:55.294236,Did not match description,1.0,248.12
6121,41217,3877,200.0,2023-08-24 19:34:14.173223,Wrong Item,1.0,181.65
6122,41217,3877,546.0,2023-08-25 19:34:14.173223,Wrong Item,2.0,365.95
6123,41217,3877,638.0,2023-08-20 19:34:14.173223,Changed Mind,1.0,39.72
6128,41236,5064,779.0,2023-06-08 09:17:37.884578,Defective,3.0,428.94
6131,41249,17624,369.0,2023-10-12 04:37:36.833409,Defective,1.0,321.62
6132,41249,17624,925.0,2023-10-13 04:37:36.833409,Did not match description,1.0,639.68
6140,41335,4107,378.0,2023-01-10 09:40:23.909049,Wrong Item,1.0,783.66
6141,41335,4107,823.0,2023-01-20 09:40:23.909049,Wrong Item,1.0,266.26
6142,41335,4107,385.0,2023-01-24 09:40:23.909049,Defective,1.0,492.18
6143,41335,4107,60.0,2023-01-29 09:40:23.909049,Wrong Item,1.0,1009.14
6145,41346,11615,440.0,2023-10-29 11:10:10.049580,Did not match description,1.0,1164.86
6148,41353,7341,433.0,2023-11-17 00:54:22.013622,Changed Mind,1.0,279.86
6149,41353,7341,202.0,2023-12-03 00:54:22.013622,Changed Mind,2.0,1039.46
6159,41399,14496,643.0,2022-10-21 20:15:47.079750,Did not match description,1.0,286.63
6160,41399,14496,915.0,2022-09-24 20:15:47.079750,Wrong Item,2.0,4566.28
6161,41399,14496,112.0,2022-09-28 20:15:47.079750,Defective,1.0,1895.11
6162,41399,14496,881.0,2022-10-13 20:15:47.079750,Did not match description,1.0,398.85
6180,41460,2876,670.0,2023-08-07 12:35:36.388312,Did not match description,1.0,289.68
6181,41460,2876,378.0,2023-08-01 12:35:36.388312,Did not match description,1.0,626.93
6192,41550,7765,987.0,2023-07-01 01:18:56.681104,Changed Mind,2.0,207.06
6193,41550,7765,347.0,2023-06-27 01:18:56.681104,Defective,1.0,201.83
6200,41606,15580,942.0,2023-08-02 01:58:05.563270,Changed Mind,1.0,2011.46
6210,41658,5663,164.0,2023-12-11 23:41:59.187111,Wrong Item,2.0,319.7
6211,41658,5663,343.0,2023-12-18 23:41:59.187111,Wrong Item,1.0,166.29
6212,41658,5663,717.0,2023-12-12 23:41:59.187111,Defective,3.0,434.11
6214,41664,16918,978.0,2022-12-05 01:16:08.947981,Changed Mind,1.0,225.43
6215,41664,16918,515.0,2022-12-12 01:16:08.947981,Changed Mind,1.0,83.56
6216,41664,16918,87.0,2022-12-18 01:16:08.947981,Defective,4.0,2107.72
6218,41687,18856,606.0,2022-05-23 23:24:36.862623,Changed Mind,3.0,275.07
6219,41687,18856,585.0,2022-06-01 23:24:36.862623,Wrong Item,1.0,193.0
6241,41832,7070,238.0,2023-11-24 16:35:36.766635,Did not match description,1.0,1033.06
6242,41832,7070,872.0,2023-12-10 16:35:36.766635,Did not match description,2.0,197.68
6244,41881,370,108.0,2022-05-27 16:23:50.730436,Defective,1.0,1705.03
6253,41924,1138,880.0,2023-10-28 22:18:51.300074,Defective,4.0,804.56
6254,41932,4010,294.0,2023-01-10 11:17:52.529872,Wrong Item,2.0,831.38
6255,41932,4010,528.0,2023-01-15 11:17:52.529872,Changed Mind,1.0,1667.59
6256,41932,4010,707.0,2023-01-11 11:17:52.529872,Did not match description,1.0,44.88
6260,41953,17513,523.0,2023-09-28 23:11:39.385427,Changed Mind,1.0,344.72
6267,42052,15430,871.0,2023-04-16 15:40:18.696557,Changed Mind,2.0,275.8
6268,42052,15430,248.0,2023-04-20 15:40:18.696557,Changed Mind,2.0,842.96
6269,42052,15430,696.0,2023-04-27 15:40:18.696557,Did not match description,1.0,1027.94
6270,42053,14272,973.0,2023-07-02 10:25:08.394938,Defective,4.0,1905.64
6271,42053,14272,159.0,2023-07-21 10:25:08.394938,Did not match description,1.0,269.18
6276,42068,6852,590.0,2023-12-03 12:53:37.866923,Wrong Item,3.0,624.0
6277,42070,5796,293.0,2022-04-21 19:56:51.519619,Changed Mind,1.0,1192.91
6278,42083,8497,282.0,2022-04-05 12:27:07.572824,Wrong Item,1.0,576.17
6280,42090,18624,543.0,2023-03-03 15:06:59.941952,Wrong Item,1.0,2139.61
6293,42178,5724,609.0,2023-01-20 07:46:36.631681,Wrong Item,3.0,439.05
6294,42178,5724,846.0,2023-01-20 07:46:36.631681,Defective,5.0,595.44
6295,42178,5724,592.0,2023-01-08 07:46:36.631681,Did not match description,2.0,732.94
6296,42178,5724,748.0,2022-12-27 07:46:36.631681,Changed Mind,1.0,738.49
6298,42184,5355,736.0,2022-08-30 20:31:25.032922,Did not match description,1.0,341.5
6299,42184,5355,974.0,2022-08-23 20:31:25.032922,Wrong Item,4.0,5509.84
6300,42185,10268,560.0,2023-03-17 19:46:25.364908,Defective,1.0,1034.52
6301,42198,17242,502.0,2023-11-29 15:09:49.400250,Changed Mind,1.0,600.28
6302,42198,17242,925.0,2023-11-08 15:09:49.400250,Did not match description,1.0,639.68
6306,42263,1378,45.0,2023-06-02 23:01:24.978066,Wrong Item,1.0,157.52
6309,42299,5450,248.0,2023-10-15 16:34:36.581697,Wrong Item,2.0,758.66
6310,42299,5450,724.0,2023-11-02 16:34:36.581697,Defective,1.0,1780.3
6311,42299,5450,624.0,2023-10-11 16:34:36.581697,Defective,1.0,274.97
6314,42327,12861,775.0,2024-01-08 18:30:11.161433,Did not match description,1.0,686.72
6315,42327,12861,579.0,2023-12-27 18:30:11.161433,Wrong Item,1.0,421.56
6324,42345,1664,520.0,2023-10-20 12:21:36.908432,Defective,1.0,460.53
6325,42345,1664,238.0,2023-10-19 12:21:36.908432,Defective,1.0,878.1
6330,42379,18317,320.0,2023-10-29 16:36:46.970138,Wrong Item,2.0,2732.48
6331,42379,18317,98.0,2023-10-18 16:36:46.970138,Changed Mind,1.0,663.61
6334,42399,13237,795.0,2022-06-25 20:08:41.611943,Defective,1.0,350.56
6335,42399,13237,169.0,2022-06-22 20:08:41.611943,Wrong Item,1.0,632.23
6336,42414,4597,55.0,2024-01-10 12:28:50.682078,Changed Mind,1.0,205.17
6337,42447,14026,714.0,2023-07-21 08:18:20.986694,Changed Mind,1.0,313.11
6340,42455,7262,40.0,2022-12-27 06:21:03.349687,Wrong Item,1.0,2712.38
6341,42455,7262,893.0,2022-12-31 06:21:03.349687,Wrong Item,1.0,161.53
6350,42552,2454,119.0,2023-02-02 18:06:41.991356,Changed Mind,1.0,1219.36
6351,42552,2454,248.0,2023-01-18 18:06:41.991356,Did not match description,1.0,337.18
6352,42552,2454,552.0,2023-02-04 18:06:41.991356,Defective,1.0,1742.4
6353,42552,2454,504.0,2023-01-10 18:06:41.991356,Did not match description,1.0,259.94
6369,42647,14933,609.0,2023-01-07 19:41:54.792105,Defective,1.0,124.4
6370,42647,14933,266.0,2023-01-25 19:41:54.792105,Did not match description,1.0,208.04
6380,42781,15201,226.0,2022-08-11 14:21:56.669525,Did not match description,2.0,2913.96
6391,42864,12074,258.0,2023-08-15 10:15:15.154170,Changed Mind,2.0,4632.8
6397,42882,12942,254.0,2023-07-26 05:17:14.433250,Did not match description,1.0,1066.87
6398,42882,12942,915.0,2023-08-14 05:17:14.433250,Defective,1.0,2283.14
6401,42898,14252,690.0,2023-11-02 11:18:02.260507,Changed Mind,1.0,148.12
6402,42904,11314,412.0,2023-08-07 10:19:54.456768,Did not match description,3.0,530.55
6403,42904,11314,666.0,2023-07-14 10:19:54.456768,Wrong Item,4.0,639.0
6404,42904,11314,142.0,2023-08-07 10:19:54.456768,Did not match description,1.0,428.14
6405,42904,11314,474.0,2023-07-24 10:19:54.456768,Changed Mind,1.0,61.46
6414,42975,6561,500.0,2023-04-16 20:46:51.015687,Wrong Item,1.0,2371.69
6416,42982,1083,132.0,2023-09-22 01:05:50.936579,Wrong Item,1.0,1653.66
6417,42982,1083,722.0,2023-10-10 01:05:50.936579,Changed Mind,1.0,1346.62
6421,43002,17094,319.0,2023-01-02 08:03:00.745447,Defective,2.0,544.56
6422,43002,17094,324.0,2023-01-25 08:03:00.745447,Did not match description,3.0,676.83
6423,43002,17094,537.0,2023-01-16 08:03:00.745447,Changed Mind,2.0,3861.06
6424,43002,17094,382.0,2023-01-11 08:03:00.745447,Defective,1.0,347.49
6437,43081,2912,315.0,2023-08-03 09:21:03.668991,Wrong Item,1.0,2110.45
6444,43149,5672,55.0,2021-09-12 23:25:29.771493,Changed Mind,1.0,205.17
6446,43167,809,544.0,2023-05-12 03:23:27.038375,Defective,1.0,1502.82
6447,43167,809,878.0,2023-05-07 03:23:27.038375,Did not match description,1.0,1122.75
6448,43170,15795,328.0,2024-01-02 09:40:17.465764,Did not match description,1.0,202.46
6451,43176,6851,508.0,2023-06-06 17:33:26.785526,Changed Mind,2.0,1774.44
6452,43176,6851,742.0,2023-06-30 17:33:26.785526,Did not match description,1.0,1393.57
6453,43182,2458,67.0,2023-03-13 09:30:34.649869,Wrong Item,2.0,2593.3
6455,43199,12682,138.0,2023-10-24 01:18:03.444317,Changed Mind,2.0,260.36
6459,43243,13623,64.0,2023-03-21 04:14:40.807830,Changed Mind,1.0,1209.38
6460,43243,13623,612.0,2023-03-22 04:14:40.807830,Wrong Item,2.0,410.6
6471,43296,4195,680.0,2023-03-26 10:40:29.873683,Changed Mind,1.0,197.91
6472,43296,4195,78.0,2023-04-01 10:40:29.873683,Did not match description,1.0,223.71
6473,43296,4195,337.0,2023-03-29 10:40:29.873683,Wrong Item,1.0,729.78
6480,43360,11932,97.0,2022-11-21 01:02:32.157674,Did not match description,1.0,243.53
6481,43360,11932,362.0,2022-11-26 01:02:32.157674,Did not match description,3.0,866.19
6482,43360,11932,775.0,2022-12-12 01:02:32.157674,Did not match description,1.0,686.72
6484,43367,9114,209.0,2023-10-16 06:25:25.660330,Did not match description,1.0,1441.48
6485,43367,9114,357.0,2023-11-06 06:25:25.660330,Changed Mind,1.0,64.37
6490,43407,8242,409.0,2023-12-19 10:31:10.970599,Defective,1.0,165.0
6491,43407,8242,113.0,2023-12-30 10:31:10.970599,Wrong Item,1.0,354.99
6492,43408,17578,258.0,2023-02-06 07:31:30.578796,Wrong Item,1.0,2316.4
6493,43408,17578,383.0,2023-01-15 07:31:30.578796,Changed Mind,2.0,474.22
6494,43408,17578,571.0,2023-02-04 07:31:30.578796,Defective,3.0,245.34
6495,43408,17578,219.0,2023-02-12 07:31:30.578796,Wrong Item,5.0,4157.45
6501,43468,9290,900.0,2022-08-04 12:32:45.097943,Wrong Item,1.0,164.95
6502,43468,9290,69.0,2022-08-14 12:32:45.097943,Changed Mind,2.0,450.44
6508,43511,16285,195.0,2023-12-16 00:31:44.369159,Wrong Item,1.0,294.81
6509,43511,16285,543.0,2023-12-14 00:31:44.369159,Defective,2.0,3637.34
6515,43548,11475,249.0,2023-07-15 08:29:07.897565,Changed Mind,1.0,2184.89
6529,43635,5318,678.0,2023-11-03 02:05:32.184932,Defective,3.0,1253.67
6537,43668,12666,397.0,2023-05-12 13:45:17.942571,Defective,1.0,169.08
6540,43706,19191,188.0,2022-09-28 13:13:42.721064,Did not match description,1.0,102.25
6541,43706,19191,613.0,2022-09-26 13:13:42.721064,Did not match description,1.0,357.95
6543,43718,19211,200.0,2022-11-08 01:07:46.966768,Wrong Item,1.0,181.65
6544,43744,12210,795.0,2022-11-07 09:59:29.229150,Defective,2.0,701.12
6545,43744,12210,111.0,2022-11-05 09:59:29.229150,Changed Mind,1.0,274.65
6546,43744,12210,576.0,2022-11-06 09:59:29.229150,Changed Mind,2.0,87.68
6551,43750,4049,785.0,2022-02-08 14:00:31.512281,Did not match description,1.0,159.77
6559,43773,13752,132.0,2023-07-31 13:38:46.404756,Changed Mind,1.0,1653.66
6560,43773,13752,800.0,2023-08-10 13:38:46.404756,Wrong Item,4.0,639.06
6561,43773,13752,510.0,2023-08-18 13:38:46.404756,Wrong Item,3.0,434.82
6566,43803,6868,28.0,2022-11-07 13:05:18.159079,Defective,2.0,222.55
6567,43803,6868,20.0,2022-11-21 13:05:18.159079,Changed Mind,3.0,1206.75
6568,43803,6868,262.0,2022-11-05 13:05:18.159079,Defective,1.0,655.8
6571,43829,12586,585.0,2023-11-02 23:36:07.527818,Defective,3.0,579.0
6572,43829,12586,781.0,2023-10-21 23:36:07.527818,Did not match description,1.0,210.63
6574,43839,19805,312.0,2023-09-26 01:03:46.842294,Wrong Item,1.0,1106.38
6578,43843,6231,762.0,2022-08-30 13:23:00.893758,Defective,1.0,131.34
6579,43843,6231,134.0,2022-08-27 13:23:00.893758,Changed Mind,4.0,457.42
6581,43891,8391,26.0,2023-08-10 08:59:38.079940,Did not match description,5.0,642.15
6595,44018,12931,45.0,2023-01-24 16:14:43.753040,Defective,1.0,126.02
6602,44088,16429,295.0,2022-02-18 23:59:53.614631,Changed Mind,1.0,1493.44
6603,44106,2150,543.0,2023-01-12 15:34:40.099701,Wrong Item,1.0,2139.61
6604,44123,1293,309.0,2022-10-12 14:59:37.606663,Did not match description,1.0,144.32
6605,44123,1293,480.0,2022-09-29 14:59:37.606663,Did not match description,1.0,146.96
6606,44138,5304,868.0,2022-11-17 11:51:26.373672,Wrong Item,1.0,1328.7
6607,44138,5304,743.0,2022-10-23 11:51:26.373672,Changed Mind,2.0,508.82
6609,44161,7543,860.0,2022-04-14 07:49:26.286507,Wrong Item,2.0,440.3
6610,44161,7543,530.0,2022-04-23 07:49:26.286507,Defective,1.0,1201.33
6612,44194,6660,67.0,2023-05-01 07:00:54.550438,Wrong Item,4.0,6101.88
6613,44194,6660,647.0,2023-05-02 07:00:54.550438,Wrong Item,1.0,326.72
6614,44194,6660,175.0,2023-05-22 07:00:54.550438,Defective,1.0,148.2
6615,44201,1049,381.0,2022-12-12 21:28:10.066362,Defective,1.0,178.38
6616,44201,1049,602.0,2022-12-15 21:28:10.066362,Did not match description,3.0,562.14
6617,44201,1049,154.0,2022-12-16 21:28:10.066362,Wrong Item,1.0,118.85
6618,44221,3365,908.0,2022-08-28 17:18:34.116468,Did not match description,1.0,238.49
6619,44221,3365,216.0,2022-08-13 17:18:34.116468,Did not match description,1.0,493.19
6620,44226,13290,67.0,2023-11-11 18:46:10.799950,Changed Mind,2.0,3050.94
6625,44288,3437,24.0,2023-11-18 16:28:08.931747,Changed Mind,1.0,61.63
6634,44328,8898,79.0,2022-11-29 16:32:46.154487,Changed Mind,4.0,2833.72
6639,44357,13530,35.0,2023-04-25 17:55:25.806474,Defective,1.0,302.81
6640,44357,13530,637.0,2023-04-07 17:55:25.806474,Wrong Item,2.0,1030.54
6641,44357,13530,104.0,2023-04-25 17:55:25.806474,Defective,1.0,357.43
6648,44421,2126,762.0,2022-07-20 15:52:00.772913,Defective,2.0,262.68
6649,44421,2126,236.0,2022-07-09 15:52:00.772913,Defective,1.0,165.0
6650,44421,2126,813.0,2022-07-23 15:52:00.772913,Changed Mind,1.0,147.5
6653,44437,2248,523.0,2022-09-05 19:30:26.311104,Wrong Item,3.0,1034.16
6655,44442,3091,281.0,2023-05-05 01:42:39.401435,Did not match description,1.0,626.98
6656,44442,3091,354.0,2023-05-21 01:42:39.401435,Changed Mind,1.0,1587.43
6657,44442,3091,50.0,2023-05-18 01:42:39.401435,Wrong Item,4.0,1620.36
6658,44442,3091,680.0,2023-05-10 01:42:39.401435,Changed Mind,1.0,197.91
6662,44469,17002,618.0,2023-04-02 00:02:41.151421,Defective,1.0,178.18
6670,44538,18859,806.0,2023-11-11 05:10:27.691731,Wrong Item,2.0,2372.56
6671,44538,18859,40.0,2023-11-26 05:10:27.691731,Wrong Item,3.0,8137.14
6672,44538,18859,573.0,2023-12-01 05:10:27.691731,Defective,1.0,67.12
6673,44540,2096,943.0,2021-04-05 17:12:05.829196,Wrong Item,1.0,570.08
6674,44549,19219,690.0,2023-06-03 14:32:26.862983,Defective,1.0,133.31
6675,44549,19219,677.0,2023-06-07 14:32:26.862983,Changed Mind,1.0,166.35
6682,44592,9360,938.0,2022-08-22 05:07:37.213266,Did not match description,4.0,813.76
6683,44592,9360,230.0,2022-08-03 05:07:37.213266,Did not match description,3.0,623.01
6684,44592,9360,953.0,2022-07-30 05:07:37.213266,Defective,1.0,150.17
6685,44592,9360,258.0,2022-08-21 05:07:37.213266,Wrong Item,3.0,6949.2
6686,44645,14097,310.0,2023-07-21 07:56:47.027452,Defective,1.0,179.25
6687,44645,14097,412.0,2023-07-20 07:56:47.027452,Defective,1.0,176.85
6690,44685,11215,626.0,2022-06-20 15:45:18.696461,Defective,1.0,45.93
6699,44756,8875,24.0,2021-09-07 17:12:32.840786,Changed Mind,2.0,123.26
6700,44756,8875,508.0,2021-08-23 17:12:32.840786,Wrong Item,1.0,887.22
6704,44807,7714,657.0,2023-01-12 18:12:42.831173,Changed Mind,1.0,890.32
6709,44855,8265,26.0,2021-10-30 13:22:40.965344,Changed Mind,1.0,128.43
6715,44887,7535,570.0,2022-10-17 20:15:42.544012,Defective,2.0,424.1
6716,44887,7535,324.0,2022-10-29 20:15:42.544012,Wrong Item,1.0,225.61
6717,44887,7535,157.0,2022-10-19 20:15:42.544012,Wrong Item,1.0,159.01
6718,44887,7535,892.0,2022-10-24 20:15:42.544012,Defective,1.0,210.03
6719,44887,7535,210.0,2022-11-05 20:15:42.544012,Defective,5.0,1087.65
6727,44928,19730,600.0,2022-12-10 17:35:36.147947,Wrong Item,1.0,771.08
6728,44928,19730,247.0,2022-12-23 17:35:36.147947,Did not match description,1.0,1076.51
6729,44928,19730,248.0,2022-12-06 17:35:36.147947,Changed Mind,1.0,379.33
6730,44928,19730,106.0,2022-12-23 17:35:36.147947,Defective,1.0,597.33
6732,44944,312,437.0,2023-08-12 13:31:14.606616,Changed Mind,1.0,27.76
6737,45001,14559,656.0,2023-11-30 02:16:24.703853,Wrong Item,1.0,145.07
6738,45001,14559,319.0,2023-12-07 02:16:24.703853,Defective,3.0,816.84
6739,45017,7513,903.0,2023-03-11 14:17:43.068818,Did not match description,1.0,1470.13
6740,45037,15416,986.0,2023-07-28 16:12:47.243556,Did not match description,1.0,107.31
6741,45037,15416,275.0,2023-07-25 16:12:47.243556,Changed Mind,1.0,133.64
6742,45040,19497,281.0,2023-04-05 04:14:24.863818,Wrong Item,1.0,626.98
6743,45040,19497,503.0,2023-04-05 04:14:24.863818,Wrong Item,1.0,708.07
6744,45046,11770,266.0,2023-10-21 10:30:24.609771,Changed Mind,2.0,462.32
6745,45046,11770,793.0,2023-10-10 10:30:24.609771,Changed Mind,1.0,232.5
6746,45052,5971,281.0,2023-12-02 06:58:31.143740,Defective,2.0,1128.56
6747,45052,5971,162.0,2023-11-29 06:58:31.143740,Wrong Item,1.0,106.15
6748,45077,15169,824.0,2023-12-28 12:54:32.119747,Wrong Item,1.0,1148.15
6749,45077,15169,960.0,2023-12-26 12:54:32.119747,Wrong Item,1.0,95.43
6753,45099,14517,74.0,2023-05-05 03:11:52.960627,Did not match description,2.0,138.96
6754,45099,14517,421.0,2023-05-03 03:11:52.960627,Wrong Item,2.0,327.18
6756,45116,18381,855.0,2022-07-08 15:28:47.221202,Did not match description,1.0,841.5
6757,45116,18381,185.0,2022-06-24 15:28:47.221202,Wrong Item,1.0,250.92
6760,45130,3690,61.0,2023-12-09 19:53:49.154653,Changed Mind,1.0,233.6
6762,45132,13153,678.0,2024-01-13 07:01:55.710911,Changed Mind,1.0,334.31
6765,45151,2507,634.0,2024-01-14 06:12:33.251358,Did not match description,1.0,244.3
6766,45151,2507,294.0,2024-01-22 06:12:33.251358,Defective,1.0,415.69
6767,45155,12490,455.0,2023-10-29 15:02:55.265422,Wrong Item,1.0,357.86
6768,45155,12490,228.0,2023-11-09 15:02:55.265422,Changed Mind,2.0,76.42
6769,45155,12490,990.0,2023-10-25 15:02:55.265422,Wrong Item,2.0,211.3
6770,45155,12490,981.0,2023-11-04 15:02:55.265422,Defective,1.0,118.98
6778,45197,7475,278.0,2023-12-09 00:43:23.139911,Did not match description,3.0,906.18
6782,45210,10097,693.0,2023-04-24 03:24:15.138479,Did not match description,1.0,53.97
6783,45210,10097,53.0,2023-05-07 03:24:15.138479,Defective,5.0,8914.5
6787,45239,9883,848.0,2024-01-08 05:02:26.421556,Changed Mind,1.0,79.14
6788,45239,9883,383.0,2023-12-28 05:02:26.421556,Defective,2.0,474.22
6791,45291,9926,572.0,2023-11-22 06:53:02.868482,Changed Mind,1.0,1427.21
6792,45291,9926,608.0,2023-11-13 06:53:02.868482,Wrong Item,4.0,1133.44
6793,45291,9926,261.0,2023-11-03 06:53:02.868482,Wrong Item,2.0,786.94
6794,45291,9926,803.0,2023-12-02 06:53:02.868482,Did not match description,1.0,332.24
6804,45416,13083,299.0,2021-11-18 18:53:03.886493,Defective,4.0,4568.04
6805,45416,13083,159.0,2021-11-09 18:53:03.886493,Wrong Item,1.0,242.26
6813,45481,19100,857.0,2023-11-10 11:14:45.911334,Wrong Item,1.0,446.66
6814,45481,19100,715.0,2023-10-31 11:14:45.911334,Wrong Item,1.0,327.26
6825,45533,7072,494.0,2023-12-30 06:32:32.544130,Defective,1.0,142.11
6827,45536,15362,975.0,2023-03-21 20:09:33.757305,Wrong Item,1.0,185.94
6828,45536,15362,862.0,2023-03-30 20:09:33.757305,Defective,4.0,1950.44
6836,45585,13808,378.0,2022-05-24 15:45:01.043615,Did not match description,3.0,2350.98
6847,45650,15445,409.0,2023-07-29 16:23:01.326768,Defective,3.0,495.0
6848,45650,15445,706.0,2023-07-13 16:23:01.326768,Changed Mind,1.0,1260.6
6853,45725,17812,884.0,2022-03-12 09:08:56.336881,Did not match description,1.0,484.82
6858,45769,15818,352.0,2024-01-04 01:22:27.875480,Defective,1.0,856.51
6859,45769,15818,890.0,2023-12-23 01:22:27.875480,Changed Mind,1.0,704.95
6864,45799,14610,137.0,2021-12-15 14:54:12.953399,Defective,1.0,1645.22
6865,45799,14610,373.0,2021-12-19 14:54:12.953399,Changed Mind,1.0,637.41
6869,45896,3100,993.0,2023-12-09 17:05:38.531873,Wrong Item,2.0,2302.58
6870,45899,7980,948.0,2023-09-14 15:30:52.279555,Wrong Item,2.0,699.1
6871,45906,3777,742.0,2024-01-22 15:00:09.175821,Did not match description,4.0,5574.28
6879,45947,6316,479.0,2022-03-02 11:32:43.176282,Wrong Item,1.0,152.0
6880,45947,6316,474.0,2022-03-21 11:32:43.176282,Wrong Item,1.0,76.83
6881,45947,6316,661.0,2022-03-05 11:32:43.176282,Defective,1.0,339.74
6882,45956,8716,821.0,2023-09-19 16:47:00.369741,Wrong Item,3.0,122.25
6893,46058,9328,199.0,2023-06-21 00:48:01.120806,Changed Mind,3.0,645.12
6894,46058,9328,881.0,2023-06-13 00:48:01.120806,Defective,1.0,398.85
6899,46075,12986,907.0,2023-06-28 04:57:23.137007,Wrong Item,4.0,2256.16
6900,46075,12986,860.0,2023-06-23 04:57:23.137007,Did not match description,1.0,220.15
6905,46138,15487,592.0,2022-10-25 20:29:59.228103,Defective,2.0,732.94
6906,46138,15487,865.0,2022-10-27 20:29:59.228103,Changed Mind,1.0,1643.85
6907,46138,15487,660.0,2022-10-28 20:29:59.228103,Did not match description,3.0,200.47
6910,46163,4042,998.0,2023-11-27 19:58:55.768994,Did not match description,1.0,56.55
6911,46163,4042,527.0,2023-11-26 19:58:55.768994,Wrong Item,1.0,129.22
6913,46175,9359,266.0,2022-05-28 11:05:17.250750,Did not match description,1.0,184.93
6919,46211,11106,219.0,2023-10-03 09:21:30.847701,Defective,2.0,1662.98
6937,46374,2174,189.0,2022-11-20 06:40:04.330523,Defective,1.0,448.49
6938,46374,2174,329.0,2022-11-29 06:40:04.330523,Changed Mind,1.0,64.98
6939,46374,2174,267.0,2022-11-07 06:40:04.330523,Did not match description,1.0,1008.47
6945,46394,4501,140.0,2023-11-02 20:51:45.086947,Defective,1.0,248.12
6946,46402,19385,838.0,2023-12-11 19:18:06.963991,Wrong Item,1.0,50.64
6951,46483,18964,999.0,2023-05-29 08:03:46.111203,Did not match description,3.0,1221.42
6952,46486,15491,185.0,2023-11-01 11:35:36.638895,Did not match description,1.0,250.92
6953,46486,15491,587.0,2023-10-23 11:35:36.638895,Wrong Item,1.0,168.15
6959,46509,10874,779.0,2023-05-17 15:36:56.606146,Wrong Item,3.0,428.94
6960,46509,10874,108.0,2023-05-23 15:36:56.606146,Changed Mind,1.0,2131.29
6962,46537,16026,679.0,2023-04-30 02:46:40.167939,Wrong Item,1.0,1109.05
6964,46557,4246,803.0,2023-08-12 22:48:43.052915,Defective,1.0,332.24
6967,46621,9781,297.0,2023-09-23 02:06:20.660420,Defective,1.0,194.37
6968,46621,9781,205.0,2023-10-02 02:06:20.660420,Wrong Item,1.0,880.49
6969,46621,9781,509.0,2023-09-18 02:06:20.660420,Wrong Item,1.0,389.45
6972,46643,17769,579.0,2022-09-17 08:25:37.291155,Did not match description,1.0,421.56
6973,46647,5794,262.0,2023-06-16 22:34:35.359855,Wrong Item,1.0,655.8
6977,46696,6250,762.0,2022-12-12 18:47:22.621214,Did not match description,1.0,131.34
6984,46757,1848,576.0,2023-10-26 16:02:41.401984,Changed Mind,3.0,118.37
7001,46856,12931,657.0,2021-12-31 08:06:24.280907,Defective,1.0,756.77
7003,46868,10290,41.0,2023-10-30 18:44:44.139243,Defective,1.0,392.09
7009,46883,12504,60.0,2023-11-30 21:56:00.040976,Wrong Item,2.0,2522.86
7010,46889,4868,839.0,2023-05-16 12:05:07.001607,Changed Mind,3.0,570.63
7011,46889,4868,452.0,2023-04-25 12:05:07.001607,Did not match description,1.0,1940.3
7012,46889,4868,602.0,2023-04-23 12:05:07.001607,Defective,4.0,674.57
7013,46889,4868,707.0,2023-04-21 12:05:07.001607,Wrong Item,1.0,44.88
7016,46926,18531,627.0,2022-08-05 13:19:35.547292,Defective,1.0,48.69
7027,46972,19001,726.0,2023-12-06 22:39:41.549098,Changed Mind,1.0,281.46
7028,46986,11165,57.0,2023-11-17 02:32:20.052940,Wrong Item,2.0,1969.18
7029,46989,13294,984.0,2023-01-16 03:32:42.352882,Defective,2.0,615.44
7030,46989,13294,824.0,2023-01-01 03:32:42.352882,Did not match description,1.0,1275.72
7036,47027,10454,311.0,2022-06-21 09:48:40.924851,Did not match description,3.0,1258.68
7037,47027,10454,698.0,2022-06-28 09:48:40.924851,Changed Mind,1.0,1649.18
7044,47104,7435,750.0,2021-11-08 15:35:45.460662,Defective,1.0,91.18
7045,47104,7435,134.0,2021-10-31 15:35:45.460662,Did not match description,1.0,127.06
7046,47104,7435,531.0,2021-11-10 15:35:45.460662,Defective,4.0,8394.98
7047,47104,7435,618.0,2021-11-13 15:35:45.460662,Did not match description,2.0,356.36
7049,47109,4560,637.0,2023-09-01 08:54:58.305584,Defective,1.0,515.27
7050,47109,4560,242.0,2023-09-06 08:54:58.305584,Changed Mind,1.0,219.44
7054,47125,10697,915.0,2022-01-30 00:20:01.027956,Changed Mind,1.0,2283.14
7061,47209,2347,796.0,2023-10-15 19:15:50.927261,Defective,2.0,256.38
7062,47209,2347,943.0,2023-10-14 19:15:50.927261,Did not match description,1.0,484.57
7063,47209,2347,962.0,2023-09-20 19:15:50.927261,Wrong Item,1.0,153.86
7065,47221,2976,138.0,2023-10-08 00:37:07.215264,Did not match description,2.0,260.36
7070,47246,13582,68.0,2023-10-19 09:50:00.168412,Defective,3.0,437.31
7071,47246,13582,611.0,2023-10-12 09:50:00.168412,Wrong Item,2.0,110.26
7072,47270,6959,557.0,2022-01-09 09:22:04.835046,Did not match description,1.0,329.92
7076,47298,15328,740.0,2023-03-20 01:05:53.477582,Changed Mind,1.0,185.27
7077,47298,15328,67.0,2023-03-31 01:05:53.477582,Changed Mind,3.0,3661.13
7078,47314,17416,650.0,2023-08-22 23:33:04.859228,Did not match description,1.0,344.85
7079,47319,5909,463.0,2023-10-20 01:47:46.451832,Did not match description,1.0,1250.19
7080,47362,15980,423.0,2022-05-16 22:35:48.602748,Defective,1.0,532.21
7081,47362,15980,452.0,2022-05-21 22:35:48.602748,Wrong Item,1.0,1940.3
7082,47364,4815,523.0,2023-07-29 21:00:52.974618,Changed Mind,1.0,344.72
7086,47398,2436,412.0,2022-06-17 03:22:20.092938,Wrong Item,1.0,176.85
7087,47398,2436,427.0,2022-06-17 03:22:20.092938,Defective,1.0,104.82
7088,47398,2436,504.0,2022-05-31 03:22:20.092938,Wrong Item,1.0,324.93
7089,47407,523,657.0,2023-10-17 19:35:06.673941,Wrong Item,1.0,890.32
7090,47412,7402,900.0,2023-03-14 13:51:37.308853,Wrong Item,1.0,174.65
7108,47580,3736,104.0,2023-07-13 00:42:00.315851,Wrong Item,1.0,285.94
7109,47580,3736,742.0,2023-07-21 00:42:00.315851,Changed Mind,1.0,1393.57
7112,47629,18316,203.0,2022-01-28 12:56:39.964675,Defective,1.0,315.86
7113,47629,18316,364.0,2022-01-19 12:56:39.964675,Did not match description,2.0,811.62
7119,47680,16658,64.0,2023-03-31 15:44:05.457262,Changed Mind,2.0,2418.76
7126,47736,8580,210.0,2023-04-06 12:21:06.064256,Did not match description,2.0,435.06
7127,47758,10026,24.0,2023-10-03 02:51:03.233073,Did not match description,2.0,123.26
7128,47758,10026,996.0,2023-10-13 02:51:03.233073,Did not match description,1.0,377.2
7129,47758,10026,489.0,2023-09-27 02:51:03.233073,Did not match description,2.0,1072.19
7134,47795,19286,614.0,2022-05-02 13:11:09.633600,Did not match description,1.0,29.11
7136,47809,19953,517.0,2023-04-13 01:53:20.766386,Changed Mind,1.0,73.31
7137,47809,19953,502.0,2023-03-30 01:53:20.766386,Changed Mind,1.0,600.28
7138,47809,19953,659.0,2023-04-22 01:53:20.766386,Did not match description,1.0,383.16
7139,47809,19953,446.0,2023-03-30 01:53:20.766386,Wrong Item,1.0,353.94
7141,47847,17947,762.0,2021-03-17 10:53:32.967279,Defective,3.0,394.02
7142,47847,17947,421.0,2021-03-06 10:53:32.967279,Defective,1.0,163.59
7149,47914,8420,266.0,2023-12-12 21:48:32.582010,Did not match description,2.0,462.32
7150,47916,5739,266.0,2023-05-03 10:59:43.941876,Changed Mind,1.0,231.16
7153,47980,16286,260.0,2022-11-14 14:46:29.117257,Did not match description,1.0,765.6
7160,48034,15376,102.0,2023-11-02 21:01:49.616372,Did not match description,1.0,1366.69
7161,48034,15376,901.0,2023-11-16 21:01:49.616372,Changed Mind,1.0,168.94
7162,48043,150,140.0,2023-11-28 19:58:30.696318,Changed Mind,2.0,496.24
7182,48143,15844,282.0,2023-11-27 23:17:36.031126,Did not match description,2.0,1220.13
7183,48146,13080,260.0,2021-08-03 13:36:11.402032,Wrong Item,1.0,765.6
7184,48182,14408,378.0,2024-01-04 15:12:23.358594,Changed Mind,4.0,3134.64
7186,48192,4598,59.0,2023-04-06 13:32:58.631785,Did not match description,1.0,43.09
7187,48192,4598,74.0,2023-04-22 13:32:58.631785,Defective,5.0,347.4
7188,48192,4598,960.0,2023-04-14 13:32:58.631785,Wrong Item,2.0,190.86
7196,48216,4413,949.0,2023-10-18 18:41:52.470361,Did not match description,3.0,509.97
7197,48232,6810,174.0,2022-10-19 21:40:48.667295,Did not match description,2.0,3322.42
7198,48232,6810,185.0,2022-10-30 21:40:48.667295,Did not match description,1.0,250.92
7203,48256,16957,51.0,2023-11-02 21:28:13.890184,Changed Mind,1.0,759.11
7204,48256,16957,45.0,2023-11-14 21:28:13.890184,Defective,5.0,787.6
7211,48290,9685,411.0,2022-12-04 08:23:23.900009,Changed Mind,1.0,308.03
7212,48292,10315,102.0,2022-09-06 22:32:46.069659,Did not match description,1.0,1366.69
7213,48292,10315,134.0,2022-09-28 22:32:46.069659,Defective,1.0,101.65
7214,48292,10315,949.0,2022-09-15 22:32:46.069659,Did not match description,3.0,509.97
7215,48292,10315,917.0,2022-09-12 22:32:46.069659,Defective,2.0,912.58
7218,48315,13473,523.0,2022-10-25 08:11:47.924379,Wrong Item,2.0,689.44
7220,48332,8260,614.0,2023-11-02 13:48:52.420551,Changed Mind,1.0,32.34
7221,48332,8260,156.0,2023-11-16 13:48:52.420551,Did not match description,1.0,140.07
7222,48332,8260,985.0,2023-11-02 13:48:52.420551,Defective,1.0,1374.96
7224,48366,1834,631.0,2023-10-22 14:26:54.589056,Defective,1.0,161.95
7225,48366,1834,245.0,2023-10-07 14:26:54.589056,Did not match description,4.0,333.88
7229,48397,17374,693.0,2024-01-11 01:37:04.962040,Did not match description,1.0,53.97
7230,48399,5489,347.0,2023-04-08 18:22:53.094345,Changed Mind,1.0,181.65
7231,48399,5489,165.0,2023-04-02 18:22:53.094345,Defective,1.0,282.92
7238,48463,12256,901.0,2023-06-11 14:47:07.217474,Defective,3.0,506.82
7239,48463,12256,308.0,2023-07-01 14:47:07.217474,Changed Mind,1.0,99.13
7240,48463,12256,787.0,2023-06-24 14:47:07.217474,Changed Mind,1.0,67.97
7241,48476,3257,868.0,2022-04-20 11:12:32.698311,Wrong Item,4.0,5314.8
7242,48476,3257,601.0,2022-04-08 11:12:32.698311,Changed Mind,3.0,2179.92
7244,48485,14116,71.0,2023-10-13 05:54:11.194302,Changed Mind,3.0,3120.99
7254,48529,5252,47.0,2023-08-08 21:22:13.118846,Wrong Item,1.0,314.72
7255,48529,5252,571.0,2023-07-31 21:22:13.118846,Defective,2.0,163.56
7256,48539,5593,477.0,2022-12-15 17:44:17.624848,Wrong Item,4.0,7226.1
7257,48539,5593,276.0,2022-12-08 17:44:17.624848,Defective,1.0,327.58
7258,48546,3541,261.0,2022-07-25 18:30:58.775930,Defective,1.0,393.47
7261,48558,3503,380.0,2023-04-11 23:58:16.655011,Changed Mind,1.0,120.14
7262,48558,3503,60.0,2023-04-19 23:58:16.655011,Did not match description,1.0,1261.43
7263,48558,3503,193.0,2023-04-25 23:58:16.655011,Wrong Item,1.0,513.22
7270,48600,16392,569.0,2023-01-08 10:58:31.603871,Did not match description,3.0,6763.02
7274,48649,19724,699.0,2024-01-05 10:48:49.644078,Wrong Item,2.0,1560.5
7275,48649,19724,721.0,2024-01-09 10:48:49.644078,Changed Mind,1.0,305.69
7276,48649,19724,875.0,2024-01-07 10:48:49.644078,Did not match description,1.0,623.11
7277,48649,19724,16.0,2023-12-24 10:48:49.644078,Defective,1.0,167.6
7278,48649,19724,236.0,2024-01-07 10:48:49.644078,Did not match description,1.0,165.0
7281,48663,12154,636.0,2023-09-15 00:57:24.560009,Wrong Item,1.0,273.1
7282,48674,11169,502.0,2023-06-30 00:20:46.801786,Changed Mind,1.0,600.28
7283,48674,11169,258.0,2023-07-11 00:20:46.801786,Defective,1.0,2316.4
7284,48674,11169,495.0,2023-07-06 00:20:46.801786,Did not match description,4.0,113.52
7288,48696,9554,688.0,2022-12-26 02:10:32.364072,Defective,1.0,127.8
7289,48696,9554,554.0,2022-12-22 02:10:32.364072,Defective,1.0,76.28
7290,48706,18659,232.0,2023-03-05 14:06:06.308244,Changed Mind,2.0,4429.26
7291,48706,18659,814.0,2023-02-22 14:06:06.308244,Did not match description,1.0,91.55
7292,48706,18659,657.0,2023-02-14 14:06:06.308244,Defective,1.0,890.32
7293,48713,7511,982.0,2023-12-23 20:09:56.238336,Did not match description,1.0,1975.14
7301,48774,7900,88.0,2022-10-02 19:17:28.702560,Defective,1.0,158.09
7302,48774,7900,258.0,2022-09-24 19:17:28.702560,Did not match description,1.0,2084.76
7303,48774,7900,903.0,2022-09-17 19:17:28.702560,Wrong Item,1.0,1470.13
7304,48774,7900,29.0,2022-09-21 19:17:28.702560,Defective,4.0,1223.4
7305,48774,7900,767.0,2022-10-03 19:17:28.702560,Changed Mind,2.0,1398.42
7318,48987,7919,823.0,2023-08-02 11:32:40.691376,Defective,1.0,266.26
7319,49002,17185,331.0,2023-08-25 02:15:23.851173,Changed Mind,1.0,1753.58
7320,49002,17185,812.0,2023-09-08 02:15:23.851173,Wrong Item,1.0,1008.38
7321,49002,17185,353.0,2023-09-19 02:15:23.851173,Defective,1.0,101.23
7322,49002,17185,552.0,2023-08-28 02:15:23.851173,Changed Mind,1.0,1742.4
7325,49045,3485,245.0,2024-01-05 17:53:51.165153,Defective,1.0,83.47
7326,49045,3485,761.0,2023-12-24 17:53:51.165153,Did not match description,1.0,1496.3
7327,49047,2207,355.0,2023-03-30 02:43:01.077382,Wrong Item,4.0,2839.2
7333,49085,3985,142.0,2023-12-25 03:03:19.634319,Changed Mind,1.0,428.14
7334,49085,3985,438.0,2023-12-19 03:03:19.634319,Changed Mind,1.0,2250.85
7335,49085,3985,27.0,2023-12-31 03:03:19.634319,Changed Mind,1.0,705.46
7336,49085,3985,442.0,2024-01-01 03:03:19.634319,Defective,1.0,199.12
7337,49085,3985,986.0,2024-01-02 03:03:19.634319,Wrong Item,3.0,321.93
7342,49114,15348,155.0,2023-08-10 23:55:51.353269,Defective,3.0,1553.73
7343,49114,15348,558.0,2023-08-28 23:55:51.353269,Changed Mind,3.0,927.48
7344,49114,15348,902.0,2023-08-10 23:55:51.353269,Did not match description,1.0,242.9
7345,49114,15348,949.0,2023-08-20 23:55:51.353269,Defective,1.0,169.99
7346,49114,15348,309.0,2023-08-10 23:55:51.353269,Did not match description,4.0,577.28
7352,49230,6752,894.0,2023-12-29 14:33:54.124344,Defective,1.0,221.67
7353,49230,6752,212.0,2024-01-07 14:33:54.124344,Wrong Item,1.0,680.74
7355,49250,18689,120.0,2022-07-10 15:03:10.357409,Did not match description,5.0,2133.8
7356,49250,18689,940.0,2022-07-09 15:03:10.357409,Did not match description,2.0,547.02
7357,49250,18689,121.0,2022-06-23 15:03:10.357409,Defective,1.0,783.22
7364,49297,13891,111.0,2023-12-06 12:06:38.279765,Defective,3.0,659.16
7365,49297,13891,770.0,2023-12-10 12:06:38.279765,Changed Mind,4.0,47.48
7378,49392,345,141.0,2023-11-29 19:07:12.648979,Wrong Item,1.0,31.24
7379,49392,345,303.0,2023-11-18 19:07:12.648979,Wrong Item,1.0,226.14
7380,49392,345,138.0,2023-12-04 19:07:12.648979,Did not match description,1.0,130.18
7384,49459,4480,902.0,2023-08-07 16:28:39.124450,Defective,1.0,285.76
7391,49534,5089,465.0,2023-07-21 08:38:26.930778,Did not match description,1.0,873.48
7392,49534,5089,328.0,2023-07-30 08:38:26.930778,Did not match description,4.0,899.84
7393,49544,19731,143.0,2023-03-07 15:20:55.308760,Defective,2.0,1127.48
7394,49544,19731,952.0,2023-03-15 15:20:55.308760,Did not match description,2.0,3674.4
7395,49544,19731,644.0,2023-02-27 15:20:55.308760,Wrong Item,1.0,1843.64
7396,49549,16232,622.0,2024-01-08 20:51:56.309859,Wrong Item,3.0,5873.47
7398,49561,15045,783.0,2022-07-30 15:13:25.528220,Changed Mind,1.0,1524.84
7399,49561,15045,319.0,2022-07-30 15:13:25.528220,Defective,1.0,272.28
7400,49561,15045,918.0,2022-08-08 15:13:25.528220,Changed Mind,2.0,170.26
7401,49563,1580,184.0,2023-07-07 22:53:42.190752,Wrong Item,3.0,5664.0
7402,49563,1580,162.0,2023-07-14 22:53:42.190752,Did not match description,1.0,106.15
7403,49563,1580,446.0,2023-07-16 22:53:42.190752,Wrong Item,3.0,1061.82
7409,49640,18883,387.0,2022-02-14 21:19:05.051258,Did not match description,1.0,766.23
7415,49659,15779,591.0,2024-01-23 02:23:19.160404,Changed Mind,1.0,25.93
7416,49659,15779,6.0,2024-01-12 02:23:19.160404,Wrong Item,1.0,932.45
7417,49659,15779,680.0,2024-01-05 02:23:19.160404,Wrong Item,4.0,791.64
7418,49668,19846,406.0,2023-12-07 17:42:47.701257,Changed Mind,1.0,1988.32
7419,49668,19846,872.0,2023-12-05 17:42:47.701257,Wrong Item,2.0,177.91
7420,49668,19846,11.0,2023-11-23 17:42:47.701257,Defective,1.0,336.23
7421,49668,19846,467.0,2023-11-23 17:42:47.701257,Wrong Item,2.0,1840.13
7430,49716,18570,79.0,2023-10-21 03:57:23.951463,Wrong Item,1.0,708.43
7431,49716,18570,634.0,2023-11-02 03:57:23.951463,Defective,1.0,244.3
7432,49727,17145,176.0,2023-05-09 11:18:30.629068,Wrong Item,5.0,6109.7
7433,49727,17145,901.0,2023-04-28 11:18:30.629068,Wrong Item,1.0,168.94
7434,49727,17145,303.0,2023-05-12 11:18:30.629068,Changed Mind,1.0,226.14
7435,49727,17145,943.0,2023-04-15 11:18:30.629068,Defective,1.0,570.08
7436,49727,17145,490.0,2023-04-22 11:18:30.629068,Changed Mind,1.0,16.09
7437,49728,1717,680.0,2023-03-05 09:59:48.395605,Changed Mind,1.0,158.33
7438,49741,9524,71.0,2023-02-23 18:51:28.685801,Did not match description,1.0,1040.33
7441,49778,3138,412.0,2021-11-26 10:39:02.924413,Wrong Item,1.0,176.85
7442,49778,3138,753.0,2021-12-11 10:39:02.924413,Changed Mind,1.0,14.67
7457,49883,13744,275.0,2023-07-12 02:43:20.433879,Wrong Item,5.0,668.2
7458,49883,13744,686.0,2023-06-29 02:43:20.433879,Wrong Item,1.0,1428.49
7459,49883,13744,754.0,2023-07-07 02:43:20.433879,Did not match description,1.0,692.84
7460,49883,13744,399.0,2023-07-17 02:43:20.433879,Defective,1.0,793.3
7467,49952,12364,366.0,2023-06-23 16:19:50.817954,Changed Mind,1.0,976.97
7474,50008,11361,644.0,2023-08-19 03:50:25.183208,Did not match description,1.0,2168.99
7475,50008,11361,100.0,2023-09-02 03:50:25.183208,Defective,2.0,838.28
7485,50059,3787,300.0,2023-05-07 20:45:50.256649,Changed Mind,1.0,757.93
7489,50104,3529,626.0,2023-07-12 10:28:44.083836,Defective,2.0,91.86
7492,50118,2155,680.0,2021-11-13 02:46:07.460882,Defective,1.0,197.91
7495,50126,8399,830.0,2023-09-28 06:42:35.289375,Did not match description,2.0,149.46
7496,50153,5974,671.0,2021-12-13 22:15:33.048736,Changed Mind,1.0,229.06
7497,50153,5974,814.0,2021-12-12 22:15:33.048736,Changed Mind,1.0,91.55
7498,50153,5974,512.0,2021-12-23 22:15:33.048736,Wrong Item,1.0,382.89
7499,50161,9259,356.0,2023-02-09 16:00:49.918425,Did not match description,2.0,452.58
7523,50317,8282,687.0,2023-12-11 02:45:01.068420,Defective,1.0,39.68
7525,50329,3531,585.0,2022-11-30 01:42:08.775845,Defective,1.0,193.0
7526,50329,3531,528.0,2022-12-05 01:42:08.775845,Changed Mind,2.0,3335.18
7527,50329,3531,957.0,2022-11-24 01:42:08.775845,Wrong Item,3.0,320.76
7529,50343,5070,431.0,2022-08-26 09:43:50.436032,Changed Mind,1.0,462.23
7530,50376,2841,544.0,2021-11-08 18:39:01.058240,Did not match description,1.0,1502.82
7531,50380,8883,25.0,2022-08-16 14:59:50.847292,Changed Mind,3.0,525.45
7532,50380,8883,362.0,2022-08-08 14:59:50.847292,Did not match description,1.0,288.73
7535,50441,6008,255.0,2023-12-02 19:04:30.619473,Wrong Item,1.0,1222.71
7536,50441,6008,396.0,2023-11-29 19:04:30.619473,Wrong Item,1.0,344.28
7537,50441,6008,714.0,2023-11-20 19:04:30.619473,Did not match description,1.0,368.37
7545,50495,14853,704.0,2023-05-06 20:38:53.176811,Defective,2.0,3204.82
7546,50495,14853,489.0,2023-05-01 20:38:53.176811,Did not match description,1.0,595.66
7547,50496,10974,26.0,2023-10-19 22:45:06.088127,Defective,1.0,128.43
7548,50502,12485,8.0,2022-11-01 05:41:23.130535,Defective,1.0,213.18
7549,50502,12485,892.0,2022-11-10 05:41:23.130535,Did not match description,5.0,1050.15
7550,50502,12485,140.0,2022-11-19 05:41:23.130535,Wrong Item,4.0,793.98
7551,50502,12485,573.0,2022-11-16 05:41:23.130535,Did not match description,2.0,134.24
7552,50508,8756,383.0,2023-11-11 04:13:44.122881,Wrong Item,1.0,237.11
7560,50541,15349,298.0,2023-02-22 19:31:20.113444,Wrong Item,4.0,9376.4
7561,50541,15349,637.0,2023-01-31 19:31:20.113444,Defective,1.0,515.27
7566,50584,19607,979.0,2022-04-19 00:57:04.236208,Wrong Item,1.0,30.34
7567,50584,19607,848.0,2022-04-13 00:57:04.236208,Did not match description,1.0,71.23
7568,50584,19607,331.0,2022-04-20 00:57:04.236208,Wrong Item,1.0,1753.58
7569,50584,19607,164.0,2022-04-10 00:57:04.236208,Wrong Item,1.0,199.81
7589,50712,15,311.0,2023-05-01 08:32:14.278563,Defective,2.0,839.12
7590,50712,15,246.0,2023-05-22 08:32:14.278563,Changed Mind,2.0,750.12
7592,50727,12326,161.0,2023-02-28 07:39:04.003146,Did not match description,1.0,698.16
7593,50727,12326,880.0,2023-03-22 07:39:04.003146,Defective,2.0,446.98
7594,50738,10145,754.0,2023-10-28 14:03:07.706658,Wrong Item,3.0,2078.52
7595,50738,10145,432.0,2023-10-15 14:03:07.706658,Defective,1.0,251.5
7596,50738,10145,199.0,2023-10-14 14:03:07.706658,Did not match description,1.0,215.04
7603,50796,10818,74.0,2022-12-24 10:57:32.037481,Did not match description,1.0,69.48
7604,50796,10818,884.0,2022-12-28 10:57:32.037481,Changed Mind,1.0,484.82
7605,50809,11224,943.0,2023-03-04 03:34:02.453956,Changed Mind,4.0,2280.32
7608,50821,8595,657.0,2022-06-04 07:20:18.351522,Changed Mind,1.0,890.32
7609,50821,8595,293.0,2022-05-17 07:20:18.351522,Did not match description,1.0,1192.91
7612,50836,4999,663.0,2023-08-27 04:53:17.745731,Changed Mind,2.0,4262.85
7627,50895,15597,56.0,2023-10-02 08:16:06.858830,Defective,1.0,54.41
7628,50897,6831,185.0,2023-06-29 23:26:51.963636,Wrong Item,1.0,250.92
7635,50948,1381,528.0,2023-11-10 06:55:47.798642,Wrong Item,1.0,1667.59
7636,50952,1667,999.0,2023-01-05 23:27:36.149093,Wrong Item,1.0,407.14
7637,50952,1667,207.0,2022-12-25 23:27:36.149093,Changed Mind,3.0,1495.23
7638,50952,1667,492.0,2023-01-11 23:27:36.149093,Wrong Item,1.0,90.47
7639,50952,1667,801.0,2022-12-27 23:27:36.149093,Wrong Item,1.0,824.66
7649,51067,2359,905.0,2023-12-22 19:00:04.959263,Defective,1.0,119.45
7650,51067,2359,131.0,2023-12-28 19:00:04.959263,Wrong Item,1.0,80.91
7651,51067,2359,364.0,2024-01-01 19:00:04.959263,Did not match description,2.0,811.62
7652,51098,7644,645.0,2023-12-24 20:20:20.867862,Changed Mind,2.0,562.52
7653,51105,17809,404.0,2023-04-21 02:14:51.703130,Did not match description,2.0,2477.58
7654,51105,17809,544.0,2023-05-09 02:14:51.703130,Did not match description,2.0,3005.64
7655,51127,13555,366.0,2021-09-13 10:37:07.644538,Wrong Item,3.0,2930.91
7657,51152,1908,644.0,2023-09-03 15:58:56.796785,Changed Mind,1.0,2168.99
7665,51202,297,902.0,2023-05-31 19:24:10.470784,Changed Mind,1.0,285.76
7666,51202,297,370.0,2023-06-03 19:24:10.470784,Defective,1.0,113.74
7667,51203,14548,158.0,2022-07-08 15:24:01.742786,Did not match description,1.0,35.83
7668,51203,14548,64.0,2022-07-12 15:24:01.742786,Defective,1.0,1027.97
7669,51203,14548,907.0,2022-07-11 15:24:01.742786,Did not match description,1.0,564.04
7678,51228,7489,195.0,2023-03-25 10:01:50.961641,Changed Mind,1.0,294.81
7679,51265,11700,744.0,2022-10-18 05:23:52.303525,Did not match description,1.0,276.28
7684,51342,9146,661.0,2024-01-02 10:10:54.949682,Wrong Item,1.0,339.74
7685,51342,9146,558.0,2023-12-30 10:10:54.949682,Wrong Item,1.0,386.45
7686,51342,9146,905.0,2024-01-04 10:10:54.949682,Changed Mind,2.0,238.9
7687,51342,9146,933.0,2024-01-16 10:10:54.949682,Did not match description,2.0,740.7
7693,51418,15322,210.0,2023-09-18 13:26:11.776139,Did not match description,1.0,217.53
7694,51418,15322,936.0,2023-10-03 13:26:11.776139,Defective,1.0,1342.24
7695,51418,15322,227.0,2023-10-06 13:26:11.776139,Did not match description,1.0,217.8
7697,51457,17710,715.0,2023-04-22 13:22:30.432757,Wrong Item,1.0,327.26
7704,51494,6244,579.0,2021-07-15 03:38:58.016770,Changed Mind,1.0,358.33
7705,51514,15541,97.0,2023-04-27 12:31:31.017975,Changed Mind,1.0,243.53
7706,51543,2501,949.0,2021-04-26 19:07:29.371902,Defective,1.0,144.49
7707,51543,2501,254.0,2021-04-12 19:07:29.371902,Wrong Item,2.0,2133.74
7710,51571,9085,276.0,2023-08-07 00:12:30.351215,Changed Mind,1.0,327.58
7711,51571,9085,712.0,2023-08-03 00:12:30.351215,Changed Mind,1.0,313.97
7716,51616,13906,915.0,2023-06-05 22:45:33.216606,Did not match description,1.0,2283.14
7717,51616,13906,56.0,2023-05-12 22:45:33.216606,Wrong Item,1.0,64.01
7718,51616,13906,168.0,2023-05-31 22:45:33.216606,Changed Mind,1.0,598.25
7727,51634,18187,554.0,2022-11-02 09:03:47.301876,Wrong Item,1.0,76.28
7728,51634,18187,24.0,2022-11-13 09:03:47.301876,Changed Mind,1.0,49.3
7743,51705,8969,860.0,2023-12-26 10:34:32.575419,Changed Mind,1.0,220.15
7747,51743,10905,137.0,2024-01-17 08:41:42.030579,Did not match description,1.0,1645.22
7754,51807,7702,960.0,2022-10-13 08:56:30.824517,Defective,1.0,95.43
7757,51829,13550,85.0,2023-07-04 03:43:33.599602,Did not match description,1.0,346.7
7758,51829,13550,716.0,2023-07-06 03:43:33.599602,Defective,1.0,514.11
7759,51829,13550,89.0,2023-07-10 03:43:33.599602,Changed Mind,3.0,6291.63
7760,51829,13550,352.0,2023-07-11 03:43:33.599602,Wrong Item,2.0,1713.02
7773,51884,4766,315.0,2023-08-17 15:54:10.219790,Defective,1.0,1793.88
7774,51884,4766,243.0,2023-08-27 15:54:10.219790,Wrong Item,3.0,2192.37
7775,51895,9708,867.0,2022-07-25 03:24:56.647596,Did not match description,1.0,113.48
7780,51940,7999,523.0,2023-12-22 06:17:58.980948,Changed Mind,1.0,344.72
7781,51940,7999,522.0,2023-11-30 06:17:58.980948,Changed Mind,1.0,1115.58
7782,51940,7999,237.0,2023-12-06 06:17:58.980948,Did not match description,3.0,912.03
7792,52022,8765,209.0,2023-09-07 04:16:06.340021,Did not match description,1.0,1601.65
7795,52058,12290,957.0,2023-12-13 18:41:02.497795,Did not match description,1.0,106.92
7796,52058,12290,644.0,2023-12-24 18:41:02.497795,Did not match description,1.0,2168.99
7797,52058,12290,940.0,2023-12-10 18:41:02.497795,Changed Mind,5.0,1367.55
7798,52058,12290,377.0,2023-12-28 18:41:02.497795,Wrong Item,1.0,155.78
7811,52163,964,550.0,2023-11-12 16:12:32.594216,Wrong Item,4.0,7444.92
7813,52180,6357,552.0,2023-04-23 06:25:27.564076,Defective,1.0,1393.92
7814,52180,6357,532.0,2023-05-18 06:25:27.564076,Wrong Item,2.0,98.48
7815,52180,6357,992.0,2023-04-27 06:25:27.564076,Defective,1.0,1278.43
7819,52228,16012,11.0,2023-06-28 06:46:50.846383,Wrong Item,1.0,336.23
7820,52228,16012,565.0,2023-07-18 06:46:50.846383,Changed Mind,1.0,41.61
7822,52254,468,215.0,2022-08-19 13:42:44.622526,Changed Mind,1.0,230.13
7823,52254,468,987.0,2022-07-28 13:42:44.622526,Wrong Item,1.0,103.53
7833,52300,15494,742.0,2023-01-13 22:25:27.313536,Wrong Item,3.0,4180.71
7834,52300,15494,208.0,2023-01-26 22:25:27.313536,Defective,1.0,574.14
7835,52300,15494,665.0,2023-01-27 22:25:27.313536,Wrong Item,1.0,1692.58
7836,52300,15494,270.0,2023-01-10 22:25:27.313536,Wrong Item,1.0,361.33
7837,52300,15494,27.0,2023-01-09 22:25:27.313536,Wrong Item,1.0,705.46
7857,52454,2675,944.0,2023-03-31 17:56:39.821242,Wrong Item,1.0,1248.68
7858,52454,2675,765.0,2023-04-06 17:56:39.821242,Changed Mind,1.0,1326.48
7863,52566,6942,250.0,2023-09-18 17:03:04.701709,Changed Mind,1.0,55.27
7864,52566,6942,211.0,2023-09-02 17:03:04.701709,Changed Mind,2.0,451.22
7870,52597,3345,260.0,2023-07-13 07:35:16.381264,Wrong Item,2.0,1531.2
7881,52661,8306,739.0,2023-12-15 04:37:39.623667,Defective,2.0,509.56
7882,52661,8306,495.0,2023-12-10 04:37:39.623667,Changed Mind,1.0,28.38
7883,52661,8306,518.0,2023-12-13 04:37:39.623667,Did not match description,1.0,570.9
7884,52661,8306,87.0,2023-12-21 04:37:39.623667,Did not match description,1.0,526.93
7892,52692,2995,979.0,2022-03-09 04:44:09.210368,Defective,1.0,30.34
7893,52697,10021,411.0,2022-12-03 17:09:55.114845,Defective,1.0,308.03
7894,52697,10021,125.0,2022-11-23 17:09:55.114845,Defective,1.0,225.35
7896,52755,16569,838.0,2023-11-29 11:18:41.372140,Wrong Item,3.0,151.92
7897,52781,12347,688.0,2023-09-22 18:51:22.121389,Did not match description,3.0,383.4
7898,52781,12347,168.0,2023-10-13 18:51:22.121389,Did not match description,1.0,598.25
7899,52781,12347,41.0,2023-09-24 18:51:22.121389,Did not match description,1.0,392.09
7904,52806,489,378.0,2021-11-05 10:10:42.082846,Defective,1.0,783.66
7905,52806,489,9.0,2021-10-31 10:10:42.082846,Wrong Item,1.0,44.17
7909,52851,2990,937.0,2022-05-19 19:37:26.055782,Did not match description,1.0,1276.07
7910,52872,14779,480.0,2023-03-04 03:34:23.410266,Changed Mind,3.0,440.88
7921,52958,10050,584.0,2021-11-24 23:49:45.034237,Did not match description,1.0,508.83
7922,52958,10050,31.0,2021-11-13 23:49:45.034237,Defective,1.0,78.12
7923,52958,10050,660.0,2021-11-24 23:49:45.034237,Wrong Item,3.0,250.59
7924,52964,19297,150.0,2023-08-09 03:35:04.229670,Changed Mind,1.0,1236.32
7925,52964,19297,792.0,2023-08-08 03:35:04.229670,Defective,1.0,1412.94
7926,52964,19297,658.0,2023-09-03 03:35:04.229670,Changed Mind,3.0,2327.16
7927,52964,19297,972.0,2023-08-20 03:35:04.229670,Defective,1.0,71.02
7928,52964,19297,319.0,2023-09-01 03:35:04.229670,Defective,1.0,272.28
7929,52969,4787,645.0,2023-08-14 13:16:48.809516,Changed Mind,1.0,225.01
7936,52995,15236,137.0,2021-04-23 14:48:36.301108,Did not match description,1.0,1645.22
7937,52995,15236,153.0,2021-04-19 14:48:36.301108,Changed Mind,4.0,1514.84
7938,52995,15236,825.0,2021-04-17 14:48:36.301108,Did not match description,1.0,103.35
7939,52998,1878,495.0,2023-12-22 11:25:13.728005,Did not match description,2.0,56.76
7944,53021,13911,426.0,2023-01-19 18:19:40.023999,Changed Mind,5.0,9139.45
7945,53021,13911,120.0,2023-01-14 18:19:40.023999,Defective,2.0,725.49
7946,53036,5965,976.0,2022-04-14 13:03:07.345438,Defective,4.0,5861.6
7947,53036,5965,571.0,2022-04-14 13:03:07.345438,Did not match description,1.0,81.78
7948,53044,1477,140.0,2022-09-05 15:04:11.305833,Did not match description,1.0,248.12
7954,53090,6478,682.0,2023-04-14 15:41:12.576367,Wrong Item,1.0,1296.55
7955,53090,6478,503.0,2023-04-16 15:41:12.576367,Changed Mind,1.0,708.07
7956,53090,6478,295.0,2023-04-16 15:41:12.576367,Changed Mind,3.0,4480.32
7957,53090,6478,156.0,2023-04-16 15:41:12.576367,Defective,1.0,140.07
7961,53111,5032,366.0,2023-10-14 05:45:44.205910,Defective,1.0,976.97
7962,53111,5032,440.0,2023-10-07 05:45:44.205910,Did not match description,3.0,3494.58
7963,53111,5032,468.0,2023-09-19 05:45:44.205910,Defective,1.0,378.9
7964,53111,5032,625.0,2023-10-17 05:45:44.205910,Defective,1.0,168.9
7977,53211,5407,73.0,2022-10-17 02:09:30.310164,Did not match description,2.0,2891.48
7978,53211,5407,425.0,2022-10-15 02:09:30.310164,Defective,1.0,450.17
7979,53211,5407,726.0,2022-10-22 02:09:30.310164,Wrong Item,2.0,562.92
7987,53299,4309,823.0,2023-08-21 17:51:59.571321,Did not match description,1.0,266.26
7988,53299,4309,887.0,2023-08-20 17:51:59.571321,Changed Mind,4.0,727.84
7989,53303,6491,627.0,2023-08-17 23:23:21.863171,Changed Mind,1.0,48.69
7990,53303,6491,215.0,2023-08-12 23:23:21.863171,Changed Mind,2.0,460.26
7991,53303,6491,699.0,2023-08-26 23:23:21.863171,Changed Mind,1.0,780.25
8004,53389,9610,181.0,2023-03-21 13:58:19.254268,Changed Mind,1.0,230.26
8005,53389,9610,159.0,2023-03-28 13:58:19.254268,Wrong Item,2.0,538.36
8013,53441,7407,260.0,2023-10-04 12:41:55.709983,Wrong Item,1.0,765.6
8019,53471,14665,494.0,2023-01-05 23:39:53.606806,Did not match description,4.0,454.75
8020,53471,14665,238.0,2023-01-24 23:39:53.606806,Defective,1.0,1033.06
8021,53471,14665,172.0,2023-01-05 23:39:53.606806,Did not match description,1.0,569.94
8024,53506,6767,463.0,2023-12-26 07:27:53.089695,Did not match description,1.0,1250.19
8025,53506,6767,19.0,2023-12-10 07:27:53.089695,Wrong Item,1.0,258.66
8026,53506,6767,431.0,2024-01-02 07:27:53.089695,Did not match description,1.0,462.23
8027,53506,6767,907.0,2023-12-11 07:27:53.089695,Defective,1.0,564.04
8032,53575,16642,680.0,2023-06-21 21:55:19.500435,Did not match description,1.0,197.91
8037,53589,2998,77.0,2023-07-14 17:00:17.134994,Wrong Item,1.0,1129.11
8038,53589,2998,86.0,2023-07-16 17:00:17.134994,Did not match description,2.0,380.66
8039,53589,2998,18.0,2023-08-04 17:00:17.134994,Did not match description,1.0,28.07
8040,53589,2998,89.0,2023-07-27 17:00:17.134994,Wrong Item,2.0,4194.42
8041,53589,2998,695.0,2023-07-15 17:00:17.134994,Wrong Item,2.0,3459.56
8049,53690,15625,282.0,2022-11-20 22:35:12.916921,Wrong Item,3.0,2033.55
8050,53690,15625,870.0,2022-11-07 22:35:12.916921,Wrong Item,1.0,165.74
8057,53745,6310,834.0,2023-11-29 06:24:15.796227,Changed Mind,5.0,1480.77
8058,53745,6310,160.0,2023-11-14 06:24:15.796227,Defective,1.0,2459.81
8059,53745,6310,68.0,2023-11-16 06:24:15.796227,Did not match description,1.0,131.19
8061,53761,9011,578.0,2023-11-22 10:48:15.216524,Wrong Item,3.0,1208.67
8068,53818,6217,709.0,2022-02-02 19:02:17.837871,Did not match description,1.0,1608.23
8069,53818,6217,329.0,2022-01-23 19:02:17.837871,Wrong Item,1.0,64.98
8070,53822,2899,688.0,2023-09-29 09:01:51.824390,Wrong Item,3.0,383.4
8080,53943,2536,853.0,2023-11-18 04:14:09.323134,Changed Mind,1.0,184.79
8081,53943,2536,219.0,2023-11-20 04:14:09.323134,Changed Mind,3.0,2494.47
8082,53952,9656,407.0,2022-11-15 09:21:51.856455,Changed Mind,1.0,486.51
8083,53952,9656,475.0,2022-11-07 09:21:51.856455,Defective,3.0,1257.81
8085,53965,3700,400.0,2023-03-29 18:25:23.834857,Defective,1.0,1111.7
8086,53965,3700,463.0,2023-04-07 18:25:23.834857,Wrong Item,2.0,2125.32
8087,53965,3700,780.0,2023-04-01 18:25:23.834857,Defective,1.0,384.94
8091,53978,5799,532.0,2023-08-23 20:36:45.516902,Did not match description,1.0,57.93
8092,53978,5799,255.0,2023-08-22 20:36:45.516902,Defective,1.0,1222.71
8104,54039,19458,60.0,2023-05-13 00:47:19.829097,Wrong Item,1.0,1261.43
8107,54061,5041,278.0,2023-05-14 04:27:44.018941,Changed Mind,1.0,241.65
8108,54075,15672,371.0,2023-12-14 04:25:26.474779,Did not match description,1.0,121.92
8111,54077,6655,627.0,2023-12-27 18:06:02.761294,Wrong Item,1.0,38.95
8112,54077,6655,512.0,2024-01-18 18:06:02.761294,Wrong Item,1.0,382.89
8113,54077,6655,941.0,2024-01-16 18:06:02.761294,Wrong Item,3.0,716.52
8114,54077,6655,12.0,2023-12-28 18:06:02.761294,Changed Mind,1.0,1266.22
8117,54103,10764,827.0,2023-12-14 12:22:22.256286,Defective,2.0,3044.84
8125,54140,5584,900.0,2021-12-01 15:33:01.739988,Wrong Item,1.0,194.06
8127,54174,8808,960.0,2023-12-24 10:06:46.638615,Did not match description,1.0,95.43
8140,54269,15548,319.0,2023-11-16 10:55:19.826090,Did not match description,1.0,272.28
8141,54269,15548,437.0,2023-10-27 10:55:19.826090,Changed Mind,2.0,55.52
8142,54269,15548,484.0,2023-10-28 10:55:19.826090,Did not match description,1.0,273.26
8143,54269,15548,469.0,2023-11-13 10:55:19.826090,Changed Mind,1.0,535.05
8144,54290,3943,4.0,2023-10-22 14:16:07.533835,Wrong Item,5.0,1236.56
8145,54290,3943,408.0,2023-10-18 14:16:07.533835,Did not match description,1.0,147.94
8146,54290,3943,358.0,2023-11-06 14:16:07.533835,Did not match description,4.0,274.72
8149,54327,4477,544.0,2022-05-30 17:56:40.904166,Did not match description,1.0,1502.82
8164,54408,13795,525.0,2023-09-14 00:38:03.379597,Defective,1.0,328.85
8165,54408,13795,678.0,2023-09-08 00:38:03.379597,Changed Mind,1.0,417.89
8166,54408,13795,700.0,2023-10-02 00:38:03.379597,Changed Mind,2.0,566.91
8175,54489,2015,722.0,2023-05-21 18:03:51.099173,Changed Mind,1.0,1346.62
8176,54489,2015,423.0,2023-05-12 18:03:51.099173,Changed Mind,4.0,2128.84
8177,54489,2015,866.0,2023-05-19 18:03:51.099173,Wrong Item,1.0,301.62
8178,54489,2015,942.0,2023-05-17 18:03:51.099173,Wrong Item,3.0,5129.22
8179,54505,19083,134.0,2023-12-11 17:55:24.064742,Changed Mind,1.0,127.06
8180,54505,19083,259.0,2024-01-04 17:55:24.064742,Wrong Item,1.0,247.46
8181,54505,19083,636.0,2023-12-24 17:55:24.064742,Changed Mind,1.0,273.1
8182,54506,1322,893.0,2024-01-13 01:26:29.284596,Defective,1.0,161.53
8183,54512,13811,310.0,2024-01-06 11:52:20.970829,Defective,1.0,210.88
8184,54512,13811,177.0,2024-01-26 11:52:20.970829,Wrong Item,2.0,831.8
8185,54512,13811,960.0,2024-01-23 11:52:20.970829,Wrong Item,1.0,95.43
8186,54512,13811,556.0,2023-12-31 11:52:20.970829,Defective,1.0,144.49
8192,54586,18199,978.0,2023-09-30 11:01:35.905553,Did not match description,1.0,281.79
8193,54587,2541,214.0,2023-03-16 18:34:12.090477,Did not match description,1.0,558.18
8194,54625,19644,705.0,2023-11-05 13:40:51.695833,Did not match description,1.0,77.0
8195,54625,19644,67.0,2023-11-01 13:40:51.695833,Defective,1.0,1220.38
8200,54668,11138,999.0,2023-05-21 14:13:52.694599,Wrong Item,2.0,814.28
8201,54668,11138,272.0,2023-05-28 14:13:52.694599,Did not match description,1.0,44.08
8202,54669,3381,542.0,2023-12-22 14:02:31.163447,Defective,4.0,762.24
8203,54669,3381,893.0,2023-12-17 14:02:31.163447,Wrong Item,1.0,161.53
8211,54722,2960,137.0,2022-05-06 16:03:50.271077,Defective,1.0,1645.22
8213,54779,1027,409.0,2023-07-24 06:26:46.376406,Did not match description,1.0,165.0
8214,54779,1027,274.0,2023-07-18 06:26:46.376406,Wrong Item,2.0,581.2
8220,54858,17382,929.0,2022-07-06 07:44:00.131717,Changed Mind,1.0,70.28
8221,54858,17382,336.0,2022-07-13 07:44:00.131717,Wrong Item,4.0,891.28
8222,54858,17382,261.0,2022-07-21 07:44:00.131717,Wrong Item,1.0,393.47
8224,54897,1286,460.0,2021-12-23 17:43:42.870763,Did not match description,2.0,1038.06
8232,54963,13031,432.0,2022-10-13 20:14:20.269201,Defective,1.0,213.77
8233,54963,13031,594.0,2022-10-19 20:14:20.269201,Changed Mind,1.0,399.73
8238,54987,16373,717.0,2024-01-14 04:16:36.016667,Changed Mind,1.0,180.88
8241,54999,7316,310.0,2023-05-10 11:02:12.690125,Wrong Item,1.0,168.7
8242,55001,9854,236.0,2022-01-17 15:36:59.862403,Defective,1.0,165.0
8243,55001,9854,52.0,2022-02-10 15:36:59.862403,Wrong Item,1.0,166.74
8256,55156,17444,529.0,2022-06-01 07:48:51.149792,Did not match description,1.0,70.03
8257,55156,17444,476.0,2022-05-22 07:48:51.149792,Wrong Item,1.0,204.31
8258,55175,11723,907.0,2023-04-26 19:32:16.053077,Changed Mind,1.0,564.04
8259,55175,11723,880.0,2023-05-04 19:32:16.053077,Defective,1.0,223.49
8260,55175,11723,342.0,2023-05-24 19:32:16.053077,Wrong Item,1.0,209.98
8261,55188,8671,300.0,2022-02-27 07:52:41.698233,Did not match description,1.0,757.93
8263,55209,1289,54.0,2022-12-26 05:07:58.308278,Wrong Item,1.0,750.48
8264,55209,1289,92.0,2022-12-08 05:07:58.308278,Did not match description,1.0,325.85
8265,55209,1289,529.0,2022-12-03 05:07:58.308278,Defective,1.0,56.02
8266,55209,1289,402.0,2022-12-21 05:07:58.308278,Defective,1.0,1344.94
8273,55289,17573,679.0,2021-11-20 09:19:18.804878,Did not match description,4.0,4436.2
8274,55289,17573,371.0,2021-11-17 09:19:18.804878,Wrong Item,1.0,135.47
8275,55289,17573,717.0,2021-10-30 09:19:18.804878,Changed Mind,1.0,180.88
8276,55313,6666,237.0,2023-09-14 15:18:34.479254,Changed Mind,1.0,304.01
8277,55313,6666,550.0,2023-09-10 15:18:34.479254,Did not match description,2.0,3722.46
8281,55364,16486,762.0,2021-12-30 20:26:25.050251,Wrong Item,1.0,118.21
8282,55364,16486,884.0,2021-12-11 20:26:25.050251,Changed Mind,2.0,969.64
8283,55365,14253,428.0,2023-11-23 11:18:02.192390,Wrong Item,1.0,1424.37
8284,55365,14253,366.0,2023-11-05 11:18:02.192390,Did not match description,4.0,3907.88
8285,55365,14253,151.0,2023-10-26 11:18:02.192390,Did not match description,1.0,185.26
8286,55365,14253,541.0,2023-10-29 11:18:02.192390,Defective,2.0,2613.85
8292,55422,11438,446.0,2023-08-17 08:28:26.484059,Did not match description,1.0,318.55
8293,55451,1232,328.0,2022-12-19 07:31:30.520593,Defective,1.0,224.96
8294,55451,1232,62.0,2022-12-18 07:31:30.520593,Wrong Item,1.0,1348.11
8296,55466,13891,900.0,2023-03-26 09:38:47.684720,Changed Mind,1.0,194.06
8297,55466,13891,513.0,2023-04-04 09:38:47.684720,Did not match description,3.0,538.44
8312,55587,5443,619.0,2023-05-03 20:59:25.592266,Wrong Item,1.0,59.91
8320,55638,10322,89.0,2023-08-05 19:15:48.408325,Changed Mind,1.0,2097.21
8327,55651,1187,438.0,2021-04-04 15:29:15.052140,Defective,3.0,6752.55
8328,55651,1187,543.0,2021-04-02 15:29:15.052140,Changed Mind,1.0,2139.61
8329,55652,12167,776.0,2022-06-30 04:35:31.457312,Changed Mind,2.0,3412.54
8330,55652,12167,279.0,2022-07-15 04:35:31.457312,Did not match description,1.0,1196.83
8331,55652,12167,678.0,2022-07-10 04:35:31.457312,Did not match description,1.0,417.89
8332,55652,12167,238.0,2022-06-29 04:35:31.457312,Changed Mind,1.0,1033.06
8333,55652,12167,584.0,2022-07-09 04:35:31.457312,Did not match description,1.0,565.37
8337,55682,6807,602.0,2023-08-22 21:16:56.420688,Wrong Item,1.0,187.38
8338,55699,10783,320.0,2023-12-24 11:10:58.941463,Did not match description,2.0,2732.48
8339,55699,10783,504.0,2024-01-03 11:10:58.941463,Did not match description,1.0,259.94
8344,55732,10654,893.0,2022-01-29 11:35:34.357045,Defective,4.0,646.12
8346,55738,14421,378.0,2023-12-14 18:56:19.611541,Did not match description,1.0,783.66
8351,55796,12724,657.0,2023-07-15 22:57:17.529510,Did not match description,1.0,890.32
8355,55821,9102,717.0,2023-12-05 21:39:23.798526,Defective,2.0,361.76
8356,55861,4801,409.0,2023-12-22 20:33:31.010202,Defective,3.0,495.0
8360,55886,15870,478.0,2024-01-01 07:50:05.608809,Defective,1.0,152.72
8361,55886,15870,70.0,2023-12-25 07:50:05.608809,Did not match description,1.0,958.17
8362,55886,15870,55.0,2023-12-28 07:50:05.608809,Changed Mind,4.0,697.58
8368,55902,15742,214.0,2023-10-03 15:50:38.402202,Changed Mind,1.0,697.72
8369,55902,15742,303.0,2023-09-07 15:50:38.402202,Changed Mind,2.0,452.28
8370,55902,15742,34.0,2023-09-15 15:50:38.402202,Changed Mind,1.0,443.86
8371,55902,15742,654.0,2023-09-26 15:50:38.402202,Defective,1.0,272.38
8372,55902,15742,453.0,2023-09-17 15:50:38.402202,Wrong Item,1.0,139.91
8380,55944,8186,705.0,2023-05-09 11:38:52.020155,Defective,1.0,77.0
8381,55944,8186,676.0,2023-05-10 11:38:52.020155,Wrong Item,1.0,350.75
8382,55944,8186,495.0,2023-05-18 11:38:52.020155,Changed Mind,1.0,28.38
8385,55957,14843,689.0,2023-09-03 05:26:30.353353,Changed Mind,2.0,216.06
8386,55957,14843,838.0,2023-08-12 05:26:30.353353,Did not match description,1.0,50.64
8391,55999,13816,117.0,2023-04-26 05:43:07.732851,Changed Mind,1.0,111.1
8392,55999,13816,996.0,2023-05-10 05:43:07.732851,Did not match description,4.0,1508.8
8393,55999,13816,25.0,2023-04-24 05:43:07.732851,Defective,4.0,700.6
8394,55999,13816,240.0,2023-05-06 05:43:07.732851,Defective,1.0,597.47
8395,55999,13816,1.0,2023-04-21 05:43:07.732851,Did not match description,1.0,1748.8
8396,56003,6781,596.0,2023-12-30 04:11:21.489545,Changed Mind,1.0,207.53
8397,56008,3669,45.0,2022-05-29 09:44:40.241679,Wrong Item,1.0,141.77
8398,56008,3669,699.0,2022-06-09 09:44:40.241679,Defective,2.0,1326.43
8404,56083,16878,266.0,2023-10-16 23:17:02.438852,Defective,1.0,231.16
8405,56083,16878,626.0,2023-09-19 23:17:02.438852,Defective,1.0,45.93
8406,56083,16878,74.0,2023-10-13 23:17:02.438852,Changed Mind,3.0,177.17
8409,56118,18120,289.0,2023-09-26 11:24:11.312954,Did not match description,5.0,5359.76
8410,56118,18120,25.0,2023-09-04 11:24:11.312954,Defective,2.0,350.3
8411,56118,18120,290.0,2023-09-12 11:24:11.312954,Wrong Item,2.0,195.35
8412,56118,18120,208.0,2023-09-03 11:24:11.312954,Wrong Item,2.0,1148.28
8415,56126,3869,978.0,2023-12-14 15:20:26.141033,Changed Mind,1.0,281.79
8422,56196,10574,260.0,2023-02-02 09:35:45.439929,Did not match description,5.0,3828.0
8423,56201,3006,260.0,2023-07-16 04:34:34.089905,Defective,1.0,765.6
8424,56201,3006,720.0,2023-07-09 04:34:34.089905,Did not match description,1.0,1013.24
8426,56262,15497,383.0,2023-10-19 13:34:16.927863,Wrong Item,2.0,379.38
8427,56262,15497,429.0,2023-10-08 13:34:16.927863,Did not match description,1.0,312.28
8428,56264,14710,967.0,2023-01-29 16:22:38.332921,Changed Mind,3.0,1277.43
8429,56264,14710,211.0,2023-02-04 16:22:38.332921,Did not match description,1.0,225.61
8430,56264,14710,61.0,2023-01-15 16:22:38.332921,Did not match description,4.0,934.4
8433,56284,7290,884.0,2024-01-15 17:50:53.769512,Did not match description,1.0,484.82
8434,56284,7290,499.0,2024-01-10 17:50:53.769512,Defective,1.0,125.82
8435,56284,7290,262.0,2024-01-11 17:50:53.769512,Changed Mind,1.0,557.43
8436,56290,10015,693.0,2023-12-10 02:25:30.744727,Did not match description,3.0,161.91
8437,56290,10015,564.0,2023-11-16 02:25:30.744727,Did not match description,1.0,2327.59
8438,56290,10015,435.0,2023-12-03 02:25:30.744727,Changed Mind,1.0,119.73
8441,56297,7681,957.0,2022-11-14 22:29:21.208340,Changed Mind,1.0,106.92
8442,56302,17228,903.0,2021-10-02 09:33:41.381010,Changed Mind,1.0,1470.13
8443,56302,17228,766.0,2021-10-13 09:33:41.381010,Wrong Item,1.0,325.5
8444,56302,17228,59.0,2021-09-26 09:33:41.381010,Changed Mind,4.0,172.36
8452,56391,19571,295.0,2023-11-24 13:11:39.249382,Wrong Item,1.0,1269.42
8453,56391,19571,954.0,2023-11-11 13:11:39.249382,Defective,2.0,43.84
8454,56393,1090,560.0,2021-06-22 20:44:46.108422,Defective,1.0,1034.52
8456,56402,6336,884.0,2022-01-17 06:52:19.974626,Changed Mind,1.0,484.82
8457,56402,6336,566.0,2022-01-01 06:52:19.974626,Changed Mind,1.0,806.81
8466,56495,4261,778.0,2023-02-01 17:36:53.304124,Defective,1.0,2113.78
8467,56495,4261,884.0,2023-01-26 17:36:53.304124,Did not match description,1.0,484.82
8469,56516,9761,643.0,2023-12-23 17:15:28.138699,Did not match description,2.0,573.26
8470,56518,15333,511.0,2023-12-18 00:54:56.491049,Did not match description,1.0,273.58
8471,56518,15333,555.0,2023-12-04 00:54:56.491049,Defective,2.0,2229.32
8483,56659,1069,418.0,2022-06-24 06:48:00.241031,Did not match description,2.0,3273.3
8484,56659,1069,151.0,2022-06-18 06:48:00.241031,Wrong Item,1.0,185.26
8485,56659,1069,500.0,2022-06-20 06:48:00.241031,Wrong Item,3.0,7115.07
8488,56668,11775,296.0,2024-01-17 08:16:45.446050,Wrong Item,1.0,288.17
8489,56668,11775,523.0,2024-01-01 08:16:45.446050,Defective,1.0,293.01
8494,56704,15972,974.0,2022-12-29 06:53:07.246403,Defective,1.0,1530.51
8503,56782,14485,212.0,2023-08-28 13:01:29.823263,Defective,2.0,1701.84
8504,56782,14485,185.0,2023-08-27 13:01:29.823263,Wrong Item,1.0,250.92
8506,56807,9195,551.0,2023-12-20 15:19:44.415326,Defective,1.0,329.19
8512,56887,11255,637.0,2023-03-13 05:46:49.499749,Changed Mind,1.0,515.27
8515,56926,7060,662.0,2023-09-05 12:50:09.898760,Did not match description,1.0,30.79
8516,56926,7060,948.0,2023-09-04 12:50:09.898760,Wrong Item,2.0,699.1
8530,56974,615,194.0,2023-08-06 23:06:13.587359,Defective,1.0,1770.1
8539,57035,16828,159.0,2023-06-21 18:19:13.378698,Changed Mind,1.0,269.18
8544,57062,18350,544.0,2022-03-29 01:39:59.610678,Changed Mind,1.0,1502.82
8545,57069,5921,347.0,2022-03-07 08:39:27.264689,Wrong Item,1.0,201.83
8546,57069,5921,700.0,2022-03-09 08:39:27.264689,Defective,2.0,629.9
8548,57122,16381,97.0,2023-08-14 23:34:30.103033,Wrong Item,1.0,219.18
8549,57122,16381,512.0,2023-08-05 23:34:30.103033,Did not match description,1.0,382.89
8551,57139,3957,435.0,2023-11-06 17:12:54.306923,Defective,1.0,119.73
8552,57139,3957,693.0,2023-11-19 17:12:54.306923,Did not match description,1.0,45.87
8556,57160,9151,644.0,2023-10-03 04:17:34.265287,Did not match description,3.0,6506.97
8559,57210,17302,376.0,2023-03-16 15:59:34.471316,Wrong Item,1.0,325.66
8560,57210,17302,458.0,2023-02-20 15:59:34.471316,Changed Mind,1.0,91.56
8561,57210,17302,572.0,2023-02-25 15:59:34.471316,Changed Mind,1.0,1427.21
8562,57223,11230,24.0,2021-11-05 05:33:33.078457,Changed Mind,1.0,61.63
8564,57243,2402,811.0,2022-02-21 06:20:27.453330,Defective,1.0,237.45
8565,57243,2402,959.0,2022-02-22 06:20:27.453330,Wrong Item,2.0,244.36
8574,57333,18121,902.0,2023-12-24 18:02:33.091211,Wrong Item,1.0,285.76
8579,57354,13670,313.0,2023-03-21 02:23:45.768204,Did not match description,2.0,316.06
8580,57354,13670,807.0,2023-03-03 02:23:45.768204,Changed Mind,2.0,1226.62
8581,57354,13670,424.0,2023-03-29 02:23:45.768204,Changed Mind,3.0,880.74
8583,57357,19124,996.0,2023-11-28 03:28:00.222949,Changed Mind,4.0,1207.04
8595,57438,5258,234.0,2021-11-08 11:42:34.085849,Did not match description,1.0,94.49
8596,57438,5258,622.0,2021-11-13 11:42:34.085849,Wrong Item,1.0,1957.82
8597,57438,5258,671.0,2021-11-08 11:42:34.085849,Wrong Item,2.0,458.12
8598,57438,5258,198.0,2021-10-31 11:42:34.085849,Defective,5.0,249.22
8603,57489,2149,880.0,2023-03-30 14:32:22.976634,Wrong Item,5.0,1117.45
8605,57505,15171,885.0,2023-06-16 12:31:28.505799,Did not match description,2.0,93.82
8613,57562,9080,539.0,2024-01-01 17:05:43.598606,Changed Mind,1.0,344.26
8614,57562,9080,453.0,2024-01-08 17:05:43.598606,Wrong Item,1.0,155.46
8615,57562,9080,683.0,2024-01-09 17:05:43.598606,Wrong Item,1.0,19.32
8616,57562,9080,942.0,2024-01-18 17:05:43.598606,Defective,1.0,2011.46
8626,57604,6099,674.0,2023-12-16 11:26:44.216752,Defective,1.0,250.91
8630,57641,8343,811.0,2023-05-09 05:05:52.500076,Wrong Item,1.0,237.45
8638,57710,16704,455.0,2022-06-19 21:59:01.227799,Wrong Item,1.0,286.29
8639,57710,16704,293.0,2022-07-01 21:59:01.227799,Defective,1.0,1192.91
8640,57710,16704,262.0,2022-06-21 21:59:01.227799,Did not match description,1.0,524.64
8641,57710,16704,251.0,2022-06-07 21:59:01.227799,Changed Mind,1.0,129.76
8646,57734,2411,42.0,2023-12-27 14:53:56.056481,Changed Mind,1.0,659.74
8647,57734,2411,939.0,2023-12-22 14:53:56.056481,Wrong Item,1.0,1244.26
8648,57757,17224,901.0,2023-10-30 00:03:00.673802,Changed Mind,1.0,168.94
8649,57757,17224,505.0,2023-10-19 00:03:00.673802,Did not match description,1.0,141.58
8650,57757,17224,803.0,2023-11-09 00:03:00.673802,Defective,1.0,332.24
8651,57758,12003,185.0,2021-09-22 02:17:30.184649,Defective,1.0,250.92
8652,57758,12003,98.0,2021-09-10 02:17:30.184649,Defective,2.0,1327.22
8653,57758,12003,850.0,2021-10-02 02:17:30.184649,Wrong Item,1.0,442.64
8657,57776,7845,426.0,2023-09-24 03:07:12.668561,Wrong Item,2.0,3655.78
8666,57792,4506,741.0,2022-07-15 23:31:50.661297,Did not match description,1.0,114.36
8669,57822,16720,776.0,2021-09-09 00:46:09.905225,Wrong Item,1.0,1706.27
8670,57822,16720,175.0,2021-08-19 00:46:09.905225,Wrong Item,1.0,118.56
8676,57870,12838,880.0,2023-10-27 06:51:39.422338,Wrong Item,1.0,223.49
8677,57870,12838,469.0,2023-10-10 06:51:39.422338,Defective,1.0,535.05
8680,57874,14153,260.0,2022-08-16 02:50:21.256547,Did not match description,2.0,1531.2
8685,57889,13815,442.0,2023-06-10 08:10:03.098404,Changed Mind,4.0,846.26
8686,57889,13815,830.0,2023-06-23 08:10:03.098404,Defective,3.0,263.76
8687,57889,13815,532.0,2023-06-13 08:10:03.098404,Wrong Item,3.0,173.79
8704,57995,13745,250.0,2022-04-09 00:53:32.804161,Changed Mind,2.0,130.04
8705,57995,13745,431.0,2022-03-20 00:53:32.804161,Did not match description,4.0,1848.92
8706,57995,13745,31.0,2022-03-28 00:53:32.804161,Changed Mind,1.0,78.12
8707,58001,997,651.0,2022-12-25 14:05:19.289518,Wrong Item,1.0,1073.88
8708,58011,19186,175.0,2023-03-06 18:11:12.951711,Wrong Item,1.0,148.2
8711,58057,9723,140.0,2022-04-22 06:55:51.606769,Changed Mind,4.0,843.61
8712,58057,9723,983.0,2022-05-06 06:55:51.606769,Changed Mind,2.0,4875.28
8721,58218,10993,889.0,2023-02-26 17:07:53.764121,Changed Mind,1.0,23.06
8724,58245,13468,650.0,2023-12-24 14:16:29.256416,Changed Mind,2.0,811.4
8725,58245,13468,874.0,2023-12-13 14:16:29.256416,Wrong Item,3.0,3148.74
8729,58272,16079,352.0,2021-09-07 13:57:39.801441,Defective,1.0,728.03
8735,58316,17507,97.0,2023-11-05 10:50:57.289119,Changed Mind,2.0,487.06
8736,58329,1478,31.0,2023-12-11 09:54:02.064804,Changed Mind,2.0,156.24
8737,58329,1478,296.0,2023-12-17 09:54:02.064804,Wrong Item,1.0,320.19
8743,58403,7274,219.0,2023-12-24 20:08:44.842090,Changed Mind,1.0,831.49
8744,58420,6347,711.0,2023-08-28 18:11:53.345019,Did not match description,2.0,1158.82
8745,58420,6347,121.0,2023-09-03 18:11:53.345019,Wrong Item,4.0,3132.88
8746,58420,6347,183.0,2023-08-25 18:11:53.345019,Wrong Item,4.0,705.12
8753,58455,5798,412.0,2023-08-29 14:53:36.102819,Changed Mind,1.0,176.85
8754,58464,3156,939.0,2023-12-30 12:54:20.376597,Wrong Item,1.0,1244.26
8760,58541,3847,378.0,2023-05-20 10:44:11.940797,Changed Mind,1.0,783.66
8762,58571,16294,94.0,2023-12-08 11:25:48.602192,Wrong Item,1.0,178.69
8763,58571,16294,293.0,2023-11-30 11:25:48.602192,Did not match description,1.0,1192.91
8764,58574,861,571.0,2023-09-01 02:12:04.105600,Wrong Item,1.0,81.78
8770,58604,7982,937.0,2023-10-11 07:04:30.277580,Did not match description,1.0,1276.07
8772,58624,2113,819.0,2021-11-03 21:46:34.066864,Did not match description,1.0,185.17
8773,58624,2113,440.0,2021-10-28 21:46:34.066864,Wrong Item,1.0,931.89
8774,58632,13135,221.0,2023-03-21 06:00:08.162483,Defective,1.0,730.48
8775,58632,13135,606.0,2023-03-17 06:00:08.162483,Wrong Item,5.0,458.45
8776,58632,13135,87.0,2023-04-02 06:00:08.162483,Did not match description,1.0,526.93
8787,58695,17941,262.0,2023-03-16 13:28:46.445456,Wrong Item,1.0,655.8
8788,58695,17941,754.0,2023-03-09 13:28:46.445456,Wrong Item,1.0,692.84
8789,58709,15030,297.0,2022-09-27 21:17:59.624059,Did not match description,1.0,194.37
8797,58786,13296,215.0,2022-06-08 08:02:19.178724,Wrong Item,1.0,195.61
8798,58786,13296,665.0,2022-05-15 08:02:19.178724,Changed Mind,1.0,1692.58
8799,58786,13296,199.0,2022-06-07 08:02:19.178724,Defective,1.0,215.04
8801,58822,12675,600.0,2023-11-02 21:09:27.143075,Changed Mind,1.0,685.41
8802,58822,12675,507.0,2023-11-24 21:09:27.143075,Defective,2.0,1740.98
8803,58822,12675,597.0,2023-11-21 21:09:27.143075,Did not match description,1.0,1501.47
8804,58822,12675,128.0,2023-11-09 21:09:27.143075,Wrong Item,1.0,1462.17
8819,58973,2271,363.0,2023-09-28 17:34:29.969135,Defective,1.0,307.89
8820,58973,2271,79.0,2023-10-06 17:34:29.969135,Changed Mind,4.0,2833.72
8821,58973,2271,34.0,2023-09-14 17:34:29.969135,Wrong Item,2.0,887.72
8822,58981,102,868.0,2023-06-26 13:46:51.730611,Changed Mind,1.0,1328.7
8829,59010,6407,260.0,2023-03-23 21:56:43.713119,Wrong Item,2.0,1531.2
8831,59040,117,462.0,2023-05-28 22:45:15.988483,Wrong Item,1.0,231.76
8839,59093,13347,666.0,2023-11-18 11:55:01.907869,Changed Mind,1.0,143.77
8840,59093,13347,231.0,2023-11-12 11:55:01.907869,Wrong Item,3.0,2251.77
8841,59093,13347,236.0,2023-10-27 11:55:01.907869,Changed Mind,1.0,165.0
8842,59093,13347,280.0,2023-10-30 11:55:01.907869,Defective,1.0,779.11
8846,59154,6856,199.0,2022-01-23 13:34:25.108476,Defective,1.0,215.04
8847,59154,6856,277.0,2022-01-13 13:34:25.108476,Defective,1.0,824.12
8848,59154,6856,138.0,2022-01-01 13:34:25.108476,Did not match description,1.0,130.18
8849,59154,6856,802.0,2022-01-06 13:34:25.108476,Changed Mind,1.0,60.04
8850,59154,6856,295.0,2022-01-15 13:34:25.108476,Wrong Item,3.0,4480.32
8851,59178,11465,653.0,2023-08-28 00:04:37.051412,Changed Mind,1.0,192.23
8855,59198,15819,590.0,2022-07-07 01:46:36.162022,Changed Mind,1.0,208.0
8856,59198,15819,787.0,2022-07-27 01:46:36.162022,Did not match description,2.0,135.94
8859,59230,17472,373.0,2023-05-22 06:39:47.552350,Defective,1.0,599.91
8860,59230,17472,80.0,2023-06-03 06:39:47.552350,Did not match description,1.0,174.4
8861,59230,17472,226.0,2023-05-25 06:39:47.552350,Changed Mind,1.0,1456.98
8862,59230,17472,19.0,2023-05-23 06:39:47.552350,Wrong Item,1.0,258.66
8863,59255,13085,975.0,2023-06-07 16:49:43.555789,Defective,3.0,474.15
8866,59306,5979,24.0,2022-03-02 04:19:48.218786,Wrong Item,1.0,61.63
8867,59306,5979,957.0,2022-03-14 04:19:48.218786,Wrong Item,2.0,213.84
8868,59306,5979,611.0,2022-03-07 04:19:48.218786,Did not match description,4.0,220.52
8869,59306,5979,841.0,2022-02-26 04:19:48.218786,Changed Mind,1.0,88.74
8870,59306,5979,541.0,2022-03-04 04:19:48.218786,Did not match description,2.0,2904.28
8871,59311,9905,26.0,2023-05-28 02:59:15.714930,Changed Mind,1.0,109.17
8872,59317,1789,263.0,2023-07-17 02:41:19.853053,Did not match description,2.0,1143.4
8876,59354,15007,918.0,2023-12-21 08:43:55.058908,Changed Mind,5.0,425.65
8882,59407,153,943.0,2023-04-20 01:29:14.586558,Did not match description,3.0,1710.24
8886,59432,13014,837.0,2022-09-25 02:02:52.260954,Did not match description,1.0,396.86
8887,59432,13014,24.0,2022-09-14 02:02:52.260954,Defective,1.0,61.63
8888,59432,13014,568.0,2022-09-24 02:02:52.260954,Defective,1.0,224.04
8889,59432,13014,132.0,2022-09-18 02:02:52.260954,Defective,1.0,1653.66
8890,59449,13709,857.0,2023-08-25 06:09:17.509863,Defective,1.0,446.66
8891,59449,13709,771.0,2023-08-21 06:09:17.509863,Did not match description,2.0,630.1
8892,59449,13709,868.0,2023-09-02 06:09:17.509863,Wrong Item,1.0,1328.7
8897,59518,19241,255.0,2023-05-19 13:43:09.396974,Did not match description,1.0,1222.71
8901,59550,12450,463.0,2023-05-05 16:30:34.881510,Changed Mind,1.0,1250.19
8902,59550,12450,296.0,2023-05-14 16:30:34.881510,Changed Mind,3.0,960.57
8903,59550,12450,602.0,2023-04-21 16:30:34.881510,Changed Mind,1.0,187.38
8907,59599,9432,987.0,2024-01-20 04:41:39.230781,Defective,1.0,103.53
8908,59599,9432,239.0,2024-01-16 04:41:39.230781,Defective,2.0,851.9
8909,59599,9432,779.0,2024-01-15 04:41:39.230781,Defective,1.0,128.68
8912,59610,10596,257.0,2023-01-02 07:40:19.236051,Wrong Item,2.0,254.86
8913,59610,10596,620.0,2022-12-19 07:40:19.236051,Defective,3.0,3993.81
8929,59671,9047,590.0,2023-09-19 10:14:55.930015,Defective,3.0,624.0
8930,59671,9047,342.0,2023-09-06 10:14:55.930015,Defective,2.0,419.96
8931,59671,9047,264.0,2023-09-06 10:14:55.930015,Wrong Item,1.0,582.79
8932,59671,9047,794.0,2023-09-08 10:14:55.930015,Did not match description,1.0,554.56
8933,59671,9047,927.0,2023-09-21 10:14:55.930015,Defective,2.0,1116.76
8934,59689,18048,857.0,2023-07-30 09:55:52.232763,Changed Mind,1.0,379.66
8935,59689,18048,627.0,2023-08-03 09:55:52.232763,Wrong Item,1.0,48.69
8936,59689,18048,704.0,2023-07-27 09:55:52.232763,Wrong Item,1.0,1602.41
8961,59862,3854,817.0,2024-01-05 20:51:48.822554,Wrong Item,1.0,387.82
8962,59862,3854,151.0,2023-12-22 20:51:48.822554,Wrong Item,1.0,185.26
8963,59862,3854,125.0,2023-12-24 20:51:48.822554,Defective,1.0,281.69
8964,59867,19199,754.0,2023-10-05 22:16:19.119101,Did not match description,1.0,692.84
8965,59875,11241,409.0,2023-05-12 03:48:39.435565,Defective,1.0,148.5
8968,59897,2446,584.0,2021-05-09 00:04:59.655606,Did not match description,1.0,565.37
8970,59906,2313,682.0,2024-01-15 21:11:05.394668,Did not match description,2.0,2593.1
8971,59906,2313,432.0,2024-01-11 21:11:05.394668,Wrong Item,1.0,213.77
8972,59906,2313,762.0,2024-01-20 21:11:05.394668,Defective,1.0,131.34
8987,60061,17579,175.0,2023-12-26 06:55:01.121900,Changed Mind,2.0,296.4
8988,60061,17579,442.0,2023-12-24 06:55:01.121900,Changed Mind,1.0,248.9
8989,60061,17579,9.0,2023-12-20 06:55:01.121900,Wrong Item,1.0,44.17
8990,60061,17579,446.0,2023-12-20 06:55:01.121900,Did not match description,2.0,707.88
8991,60064,860,592.0,2023-06-16 08:55:03.725140,Changed Mind,3.0,1099.41
8993,60100,19497,113.0,2023-08-09 18:21:45.877538,Changed Mind,3.0,1064.97
8994,60105,17855,901.0,2023-07-17 02:55:24.231213,Changed Mind,3.0,506.82
8995,60126,16483,167.0,2023-03-08 10:35:03.107471,Changed Mind,2.0,1444.42
8996,60126,16483,88.0,2023-02-28 10:35:03.107471,Changed Mind,1.0,158.09
8997,60126,16483,522.0,2023-03-13 10:35:03.107471,Did not match description,1.0,1312.45
9005,60160,9256,451.0,2022-09-11 14:09:04.112057,Did not match description,2.0,502.42
9006,60160,9256,24.0,2022-09-30 14:09:04.112057,Wrong Item,1.0,55.47
9007,60160,9256,818.0,2022-09-26 14:09:04.112057,Defective,2.0,327.34
9008,60160,9256,917.0,2022-09-10 14:09:04.112057,Wrong Item,3.0,1368.87
9011,60249,5966,40.0,2021-09-12 07:57:59.263328,Did not match description,3.0,8137.14
9013,60273,1038,278.0,2023-08-19 21:09:20.935690,Defective,1.0,302.06
9014,60273,1038,276.0,2023-08-12 21:09:20.935690,Wrong Item,2.0,655.16
9016,60292,1790,689.0,2023-02-08 05:33:13.174437,Wrong Item,1.0,108.03
9017,60292,1790,685.0,2023-02-06 05:33:13.174437,Did not match description,1.0,171.99
9022,60328,258,979.0,2023-04-13 00:26:23.208588,Defective,1.0,30.34
9025,60353,13841,5.0,2023-10-09 13:21:13.445428,Wrong Item,1.0,140.87
9026,60353,13841,555.0,2023-09-19 13:21:13.445428,Changed Mind,1.0,891.73
9027,60353,13841,52.0,2023-09-27 13:21:13.445428,Defective,3.0,625.26
9032,60414,18965,742.0,2022-09-12 18:53:53.227768,Did not match description,1.0,1114.86
9033,60415,2562,262.0,2023-01-12 01:41:37.690677,Defective,1.0,655.8
9034,60415,2562,491.0,2022-12-29 01:41:37.690677,Did not match description,1.0,1719.05
9036,60450,13021,370.0,2022-12-02 17:20:50.936809,Wrong Item,1.0,142.18
9037,60450,13021,996.0,2022-12-26 17:20:50.936809,Wrong Item,5.0,1886.0
9038,60450,13021,252.0,2022-11-29 17:20:50.936809,Wrong Item,1.0,213.91
9044,60491,4443,129.0,2023-12-16 00:09:57.514851,Wrong Item,3.0,879.84
9045,60491,4443,412.0,2023-12-29 00:09:57.514851,Did not match description,1.0,176.85
9046,60494,3375,811.0,2023-11-07 06:46:13.037116,Defective,4.0,949.8
9053,60563,9539,334.0,2023-08-21 15:32:22.245944,Defective,5.0,1630.6
9054,60563,9539,493.0,2023-08-20 15:32:22.245944,Wrong Item,1.0,1055.96
9059,60620,6272,918.0,2023-04-13 10:08:36.483985,Wrong Item,1.0,68.1
9060,60620,6272,512.0,2023-04-19 10:08:36.483985,Wrong Item,1.0,382.89
9070,60669,13668,40.0,2023-07-09 08:16:32.628722,Did not match description,1.0,2305.52
9071,60669,13668,863.0,2023-07-11 08:16:32.628722,Defective,2.0,1185.72
9072,60669,13668,266.0,2023-07-20 08:16:32.628722,Did not match description,1.0,184.93
9073,60669,13668,933.0,2023-07-09 08:16:32.628722,Changed Mind,1.0,370.35
9078,60731,5643,644.0,2024-01-20 23:11:16.462680,Did not match description,2.0,3687.28
9080,60749,9706,243.0,2023-08-15 01:43:11.998773,Did not match description,2.0,1461.58
9081,60749,9706,814.0,2023-08-20 01:43:11.998773,Wrong Item,1.0,91.55
9082,60749,9706,569.0,2023-08-08 01:43:11.998773,Did not match description,1.0,2254.34
9085,60782,19302,16.0,2022-11-20 03:14:18.535025,Wrong Item,2.0,372.44
9086,60782,19302,742.0,2022-11-29 03:14:18.535025,Changed Mind,3.0,4180.71
9087,60797,5189,939.0,2023-12-08 02:29:22.782363,Defective,1.0,1119.83
9088,60797,5189,267.0,2023-11-26 02:29:22.782363,Did not match description,1.0,1260.59
9090,60806,5766,142.0,2023-12-26 10:21:06.239652,Wrong Item,1.0,428.14
9091,60806,5766,717.0,2023-12-25 10:21:06.239652,Did not match description,2.0,361.76
9092,60806,5766,436.0,2023-12-29 10:21:06.239652,Did not match description,1.0,136.55
9097,60811,17759,474.0,2023-12-13 08:45:11.107136,Did not match description,1.0,69.15
9098,60811,17759,931.0,2024-01-04 08:45:11.107136,Did not match description,1.0,45.42
9099,60811,17759,867.0,2023-12-13 08:45:11.107136,Wrong Item,1.0,113.48
9103,60844,3138,46.0,2022-10-29 10:38:30.346301,Did not match description,1.0,94.25
9104,60844,3138,644.0,2022-10-09 10:38:30.346301,Changed Mind,1.0,2168.99
9105,60844,3138,805.0,2022-10-14 10:38:30.346301,Changed Mind,1.0,240.64
9106,60844,3138,592.0,2022-10-31 10:38:30.346301,Defective,1.0,366.47
9114,60945,7192,618.0,2023-06-09 17:49:11.129245,Defective,1.0,178.18
9115,60945,7192,275.0,2023-06-22 17:49:11.129245,Wrong Item,1.0,133.64
9119,60969,10927,723.0,2023-06-11 21:42:22.560107,Defective,3.0,1700.31
9122,60975,4937,409.0,2023-12-05 13:01:32.093277,Wrong Item,1.0,165.0
9123,60978,1629,480.0,2023-12-28 09:17:30.685567,Did not match description,1.0,183.7
9124,60978,1629,944.0,2024-01-06 09:17:30.685567,Changed Mind,1.0,1248.68
9125,60978,1629,226.0,2024-01-12 09:17:30.685567,Wrong Item,3.0,4370.94
9126,61000,16332,311.0,2023-08-19 15:04:45.433586,Wrong Item,1.0,356.63
9127,61000,16332,723.0,2023-08-19 15:04:45.433586,Wrong Item,1.0,566.77
9148,61155,2466,918.0,2021-11-21 16:03:01.504288,Defective,3.0,255.39
9155,61177,10477,353.0,2024-01-15 18:55:29.470007,Wrong Item,5.0,506.15
9171,61266,5103,566.0,2022-09-14 03:23:24.121525,Changed Mind,1.0,685.79
9172,61266,5103,717.0,2022-09-16 03:23:24.121525,Changed Mind,1.0,180.88
9205,61553,10223,967.0,2023-09-21 22:32:17.254788,Changed Mind,1.0,383.23
9206,61553,10223,975.0,2023-09-13 22:32:17.254788,Defective,1.0,185.94
9207,61557,1992,645.0,2023-10-30 17:14:51.654030,Wrong Item,1.0,281.26
9208,61568,16269,102.0,2022-11-09 23:26:48.725807,Defective,4.0,5466.76
9209,61568,16269,181.0,2022-11-13 23:26:48.725807,Did not match description,4.0,1151.28
9215,61598,13041,600.0,2023-11-29 10:20:47.416501,Defective,2.0,1713.52
9216,61598,13041,341.0,2023-12-25 10:20:47.416501,Did not match description,2.0,128.94
9217,61598,13041,703.0,2023-11-29 10:20:47.416501,Changed Mind,1.0,303.88
9221,61619,280,926.0,2023-03-10 07:29:39.863783,Changed Mind,2.0,2471.84
9222,61619,280,393.0,2023-03-10 07:29:39.863783,Changed Mind,3.0,97.14
9223,61619,280,981.0,2023-03-28 07:29:39.863783,Defective,1.0,101.13
9224,61625,5806,262.0,2023-09-04 20:43:30.799053,Defective,1.0,655.8
9225,61625,5806,505.0,2023-09-28 20:43:30.799053,Wrong Item,1.0,120.34
9228,61639,7001,622.0,2023-11-30 12:45:16.509267,Changed Mind,1.0,2175.36
9230,61653,7807,866.0,2023-01-31 05:15:45.079477,Wrong Item,3.0,904.86
9253,61880,5412,300.0,2023-07-20 07:19:03.508646,Changed Mind,1.0,757.93
9254,61912,19151,782.0,2022-11-09 13:47:03.383676,Wrong Item,2.0,1894.74
9255,61912,19151,602.0,2022-10-29 13:47:03.383676,Defective,1.0,187.38
9256,61912,19151,202.0,2022-10-31 13:47:03.383676,Wrong Item,1.0,519.73
9257,61912,19151,820.0,2022-11-08 13:47:03.383676,Changed Mind,2.0,1750.34
9263,61941,17747,210.0,2022-10-17 03:48:56.980788,Wrong Item,1.0,174.02
9265,61974,10059,576.0,2024-01-09 21:59:28.773247,Wrong Item,1.0,35.07
9269,62025,3473,937.0,2023-12-02 03:53:34.915614,Wrong Item,3.0,3828.21
9270,62055,16728,821.0,2023-09-17 12:48:56.946332,Defective,1.0,40.75
9271,62055,16728,828.0,2023-09-27 12:48:56.946332,Wrong Item,3.0,3188.59
9272,62055,16728,147.0,2023-09-23 12:48:56.946332,Defective,1.0,363.97
9276,62082,14914,801.0,2023-05-21 10:36:14.851848,Changed Mind,1.0,824.66
9277,62082,14914,688.0,2023-05-25 10:36:14.851848,Defective,2.0,255.6
9278,62082,14914,225.0,2023-05-23 10:36:14.851848,Defective,1.0,938.96
9298,62230,8156,500.0,2023-09-09 17:18:19.564200,Did not match description,1.0,2371.69
9299,62230,8156,770.0,2023-09-09 17:18:19.564200,Defective,5.0,59.35
9312,62352,11215,372.0,2021-12-23 12:16:27.348825,Did not match description,2.0,890.04
9314,62365,11890,319.0,2023-03-25 17:57:29.822542,Defective,1.0,272.28
9315,62369,8219,475.0,2022-05-17 10:33:03.285768,Wrong Item,2.0,838.54
9316,62371,2814,920.0,2023-01-05 07:41:53.036531,Changed Mind,2.0,2729.92
9317,62371,2814,720.0,2022-12-14 07:41:53.036531,Did not match description,1.0,1013.24
9318,62371,2814,824.0,2022-12-12 07:41:53.036531,Did not match description,1.0,1275.72
9319,62371,2814,192.0,2022-12-30 07:41:53.036531,Defective,1.0,245.32
9333,62502,11028,881.0,2023-05-26 17:50:13.705140,Defective,2.0,797.7
9334,62502,11028,472.0,2023-05-22 17:50:13.705140,Changed Mind,1.0,530.84
9338,62526,10141,132.0,2023-08-01 21:59:20.376031,Did not match description,2.0,3307.32
9339,62563,564,949.0,2023-08-26 10:57:43.351907,Defective,1.0,169.99
9340,62563,564,620.0,2023-08-13 10:57:43.351907,Changed Mind,1.0,1331.27
9341,62563,564,545.0,2023-07-30 10:57:43.351907,Wrong Item,4.0,220.84
9344,62593,1596,688.0,2023-07-12 06:13:37.809584,Did not match description,1.0,127.8
9348,62663,5601,409.0,2022-09-23 00:25:15.793121,Defective,2.0,330.0
9359,62715,6818,779.0,2022-11-25 12:31:09.479853,Changed Mind,2.0,243.07
9360,62744,6702,475.0,2022-01-13 10:04:14.586084,Defective,2.0,670.83
9361,62744,6702,560.0,2022-01-01 10:04:14.586084,Defective,1.0,1034.52
9366,62784,9793,501.0,2023-07-17 17:00:41.678052,Changed Mind,1.0,367.56
9367,62784,9793,893.0,2023-07-13 17:00:41.678052,Wrong Item,1.0,161.53
9368,62784,9793,633.0,2023-07-16 17:00:41.678052,Defective,1.0,232.44
9370,62809,14280,210.0,2022-06-29 18:05:36.788091,Defective,1.0,217.53
9371,62815,12745,824.0,2023-07-22 09:03:18.285099,Changed Mind,4.0,5102.88
9372,62823,17438,366.0,2022-03-04 07:32:03.052823,Changed Mind,1.0,976.97
9373,62823,17438,648.0,2022-02-18 07:32:03.052823,Changed Mind,4.0,10231.84
9374,62823,17438,668.0,2022-03-16 07:32:03.052823,Changed Mind,3.0,324.24
9375,62825,14627,154.0,2023-01-31 10:16:24.136714,Changed Mind,2.0,237.7
9380,62862,7081,685.0,2023-12-08 21:37:20.531720,Defective,1.0,171.99
9381,62862,7081,821.0,2023-12-04 21:37:20.531720,Did not match description,1.0,40.75
9384,62883,16944,948.0,2023-09-27 06:23:15.640917,Did not match description,3.0,891.35
9389,62913,11726,159.0,2021-10-03 16:27:07.326982,Defective,1.0,269.18
9390,62913,11726,231.0,2021-09-27 16:27:07.326982,Defective,3.0,2251.77
9391,62913,11726,265.0,2021-09-22 16:27:07.326982,Wrong Item,1.0,1727.67
9392,62916,3060,522.0,2024-01-06 16:42:52.136934,Did not match description,1.0,1312.45
9393,62916,3060,96.0,2023-12-27 16:42:52.136934,Did not match description,1.0,154.94
9394,62924,11063,900.0,2023-09-09 08:10:59.393966,Changed Mind,1.0,194.06
9396,62937,12020,412.0,2023-08-05 13:30:25.414564,Defective,1.0,176.85
9398,62939,5891,296.0,2022-02-11 10:05:31.789547,Wrong Item,1.0,320.19
9399,62939,5891,884.0,2022-01-29 10:05:31.789547,Changed Mind,3.0,1454.46
9415,63102,7331,260.0,2023-07-06 00:14:03.063128,Wrong Item,1.0,765.6
9424,63176,11720,645.0,2022-10-27 20:00:52.437889,Changed Mind,1.0,281.26
9425,63184,12512,60.0,2023-07-25 04:06:41.798233,Defective,4.0,5045.72
9426,63184,12512,686.0,2023-07-18 04:06:41.798233,Wrong Item,1.0,1428.49
9427,63184,12512,178.0,2023-07-26 04:06:41.798233,Did not match description,3.0,1441.98
9433,63242,5888,810.0,2023-05-14 00:14:40.277075,Defective,1.0,108.56
9434,63242,5888,772.0,2023-05-28 00:14:40.277075,Changed Mind,1.0,469.96
9435,63242,5888,500.0,2023-06-06 00:14:40.277075,Changed Mind,1.0,2371.69
9436,63287,107,426.0,2022-01-10 09:37:05.206563,Did not match description,2.0,2924.62
9448,63312,6100,480.0,2023-09-01 03:21:36.549383,Wrong Item,2.0,367.4
9449,63312,6100,750.0,2023-09-22 03:21:36.549383,Did not match description,4.0,429.08
9450,63312,6100,597.0,2023-09-17 03:21:36.549383,Wrong Item,1.0,1501.47
9453,63365,14658,187.0,2024-01-08 07:04:20.146164,Wrong Item,1.0,1855.98
9454,63365,14658,290.0,2023-12-28 07:04:20.146164,Did not match description,1.0,114.91
9455,63365,14658,391.0,2024-01-16 07:04:20.146164,Did not match description,1.0,276.62
9456,63365,14658,421.0,2024-01-17 07:04:20.146164,Wrong Item,1.0,163.59
9457,63372,15522,328.0,2022-07-02 23:20:51.945466,Wrong Item,2.0,449.92
9458,63372,15522,463.0,2022-06-17 23:20:51.945466,Changed Mind,2.0,2500.38
9459,63372,15522,182.0,2022-06-15 23:20:51.945466,Changed Mind,1.0,445.12
9460,63372,15522,979.0,2022-06-20 23:20:51.945466,Wrong Item,1.0,30.34
9463,63439,8284,755.0,2023-08-03 00:00:19.200111,Wrong Item,1.0,170.39
9464,63439,8284,108.0,2023-08-02 00:00:19.200111,Wrong Item,1.0,2131.29
9472,63533,17111,264.0,2022-04-23 09:18:58.696458,Wrong Item,1.0,466.23
9473,63533,17111,146.0,2022-04-08 09:18:58.696458,Changed Mind,1.0,130.0
9474,63533,17111,474.0,2022-04-17 09:18:58.696458,Changed Mind,1.0,76.83
9475,63533,17111,266.0,2022-04-28 09:18:58.696458,Defective,1.0,231.16
9477,63541,7518,786.0,2023-01-05 20:00:59.410703,Changed Mind,1.0,538.61
9478,63541,7518,31.0,2023-01-31 20:00:59.410703,Defective,1.0,78.12
9479,63541,7518,619.0,2023-01-20 20:00:59.410703,Wrong Item,1.0,70.48
9480,63541,7518,888.0,2023-02-02 20:00:59.410703,Changed Mind,1.0,324.27
9481,63566,18411,281.0,2023-01-15 06:09:28.906792,Wrong Item,1.0,626.98
9484,63626,9688,992.0,2023-11-06 04:16:28.664146,Did not match description,1.0,1504.04
9485,63626,9688,621.0,2023-11-15 04:16:28.664146,Changed Mind,2.0,3077.9
9486,63626,9688,977.0,2023-10-29 04:16:28.664146,Defective,1.0,1243.41
9487,63626,9688,432.0,2023-11-17 04:16:28.664146,Wrong Item,1.0,251.5
9488,63626,9688,73.0,2023-11-09 04:16:28.664146,Did not match description,1.0,1445.74
9494,63661,9199,705.0,2023-01-01 04:24:08.454206,Defective,1.0,77.0
9496,63667,13681,690.0,2023-11-19 22:37:02.525294,Wrong Item,1.0,148.12
9497,63667,13681,484.0,2023-10-29 22:37:02.525294,Wrong Item,1.0,341.57
9498,63667,13681,985.0,2023-10-30 22:37:02.525294,Did not match description,1.0,1374.96
9499,63667,13681,525.0,2023-11-09 22:37:02.525294,Changed Mind,1.0,328.85
9514,63780,8171,794.0,2023-05-04 16:38:58.831606,Did not match description,1.0,499.1
9515,63780,8171,864.0,2023-05-09 16:38:58.831606,Did not match description,1.0,500.99
9516,63780,8171,473.0,2023-05-02 16:38:58.831606,Changed Mind,1.0,426.2
9517,63780,8171,49.0,2023-05-13 16:38:58.831606,Wrong Item,1.0,248.92
9518,63793,1197,311.0,2022-12-21 07:28:58.715499,Wrong Item,1.0,419.56
9524,63831,19962,252.0,2023-08-03 22:04:57.770349,Changed Mind,1.0,213.91
9525,63831,19962,667.0,2023-07-16 22:04:57.770349,Wrong Item,1.0,28.48
9534,63879,3593,209.0,2023-12-14 04:28:46.587556,Did not match description,1.0,1601.65
9535,63879,3593,397.0,2023-12-16 04:28:46.587556,Wrong Item,1.0,152.17
9537,63891,1613,7.0,2023-08-29 15:34:52.860618,Changed Mind,1.0,1235.64
9538,63891,1613,850.0,2023-08-25 15:34:52.860618,Did not match description,2.0,885.28
9539,63891,1613,236.0,2023-08-18 15:34:52.860618,Wrong Item,1.0,165.0
9540,63891,1613,143.0,2023-08-31 15:34:52.860618,Defective,2.0,901.98
9546,63936,14237,867.0,2023-06-02 08:20:39.471006,Wrong Item,1.0,113.48
9550,63952,2251,199.0,2023-09-12 21:16:00.176034,Defective,1.0,215.04
9551,63953,19653,555.0,2023-11-08 13:26:13.214728,Did not match description,1.0,1114.66
9552,63961,3521,313.0,2023-09-10 20:31:22.411894,Changed Mind,5.0,987.7
9560,64031,1784,732.0,2024-01-16 23:16:53.186703,Did not match description,3.0,200.35
9561,64031,1784,763.0,2024-01-03 23:16:53.186703,Defective,4.0,1100.28
9562,64031,1784,81.0,2024-01-03 23:16:53.186703,Wrong Item,1.0,383.66
9563,64031,1784,986.0,2024-01-03 23:16:53.186703,Defective,1.0,107.31
9564,64032,295,129.0,2023-10-01 18:47:26.345345,Changed Mind,2.0,586.56
9569,64059,16288,174.0,2023-12-18 23:55:14.288190,Defective,1.0,1661.21
9570,64059,16288,609.0,2023-12-17 23:55:14.288190,Wrong Item,1.0,131.72
9571,64059,16288,885.0,2023-12-09 23:55:14.288190,Wrong Item,1.0,58.64
9572,64071,5776,170.0,2023-12-31 06:10:07.085531,Changed Mind,1.0,344.21
9573,64071,5776,60.0,2024-01-16 06:10:07.085531,Changed Mind,1.0,1072.22
9576,64111,7454,807.0,2023-09-16 01:20:58.031064,Defective,1.0,521.31
9577,64111,7454,452.0,2023-08-21 01:20:58.031064,Changed Mind,1.0,1940.3
9579,64138,5009,550.0,2023-12-10 05:31:54.459713,Changed Mind,1.0,1861.23
9584,64145,4738,71.0,2022-04-24 02:14:52.242253,Changed Mind,2.0,1664.53
9586,64170,6259,990.0,2023-06-26 19:28:54.039065,Wrong Item,2.0,190.17
9587,64170,6259,806.0,2023-06-07 19:28:54.039065,Defective,2.0,2372.56
9588,64179,3949,346.0,2023-12-25 19:07:50.615531,Wrong Item,1.0,110.56
9590,64222,10854,530.0,2023-06-24 12:58:25.699143,Wrong Item,2.0,3003.32
9592,64245,14971,8.0,2023-05-25 06:40:33.089821,Defective,1.0,266.47
9593,64245,14971,868.0,2023-05-29 06:40:33.089821,Wrong Item,1.0,1328.7
9594,64268,19608,295.0,2023-12-20 20:02:44.828893,Did not match description,2.0,2986.88
9599,64305,13065,644.0,2022-05-01 10:47:47.310819,Defective,4.0,8675.96
9600,64305,13065,322.0,2022-04-07 10:47:47.310819,Changed Mind,1.0,308.58
9608,64354,3647,216.0,2022-04-12 00:25:55.265997,Defective,1.0,493.19
9622,64449,1411,715.0,2021-03-28 15:59:32.943813,Did not match description,3.0,981.78
9626,64519,11480,788.0,2023-05-21 20:31:22.440660,Changed Mind,1.0,242.84
9636,64592,15468,108.0,2023-12-09 23:49:58.236020,Defective,2.0,4262.58
9637,64592,15468,213.0,2023-12-09 23:49:58.236020,Changed Mind,1.0,298.51
9645,64642,9972,185.0,2023-10-28 23:29:05.269980,Wrong Item,1.0,250.92
9646,64642,9972,171.0,2023-11-20 23:29:05.269980,Changed Mind,1.0,302.86
9647,64642,9972,389.0,2023-10-28 23:29:05.269980,Wrong Item,1.0,420.79
9648,64651,4123,549.0,2023-08-14 20:59:41.396375,Did not match description,1.0,213.05
9649,64651,4123,200.0,2023-08-15 20:59:41.396375,Changed Mind,1.0,181.65
9650,64651,4123,981.0,2023-08-19 20:59:41.396375,Defective,2.0,237.96
9651,64654,18952,512.0,2023-09-30 18:33:10.897098,Wrong Item,1.0,382.89
9652,64654,18952,219.0,2023-09-27 18:33:10.897098,Did not match description,1.0,706.77
9659,64722,8113,560.0,2023-05-24 11:38:14.100932,Wrong Item,1.0,1034.52
9672,64770,19163,138.0,2023-09-30 07:20:17.614493,Defective,1.0,130.18
9673,64770,19163,608.0,2023-09-25 07:20:17.614493,Defective,1.0,283.36
9674,64770,19163,758.0,2023-10-01 07:20:17.614493,Defective,1.0,199.78
9675,64770,19163,439.0,2023-10-15 07:20:17.614493,Wrong Item,2.0,1088.99
9676,64770,19163,364.0,2023-09-30 07:20:17.614493,Did not match description,3.0,1217.43
9680,64874,13842,574.0,2023-08-15 16:31:00.469469,Changed Mind,1.0,200.04
9681,64874,13842,762.0,2023-08-08 16:31:00.469469,Defective,1.0,131.34
9682,64874,13842,575.0,2023-08-16 16:31:00.469469,Defective,1.0,701.43
9686,64915,16448,888.0,2022-08-08 22:15:42.645307,Wrong Item,1.0,324.27
9689,64934,4844,342.0,2023-12-20 19:25:45.582680,Defective,1.0,209.98
9690,64934,4844,200.0,2023-12-29 19:25:45.582680,Did not match description,1.0,181.65
9695,64968,18029,453.0,2023-08-10 03:33:30.147450,Wrong Item,1.0,155.46
9702,65010,5939,522.0,2023-12-16 01:56:09.799225,Did not match description,1.0,1312.45
9703,65024,17791,426.0,2022-03-22 20:13:26.297148,Defective,1.0,1827.89
9704,65042,8844,960.0,2023-02-03 19:49:38.978993,Wrong Item,1.0,95.43
9705,65049,8036,657.0,2021-09-15 04:13:56.005429,Wrong Item,3.0,2670.96
9706,65049,8036,274.0,2021-09-23 04:13:56.005429,Defective,1.0,341.88
9707,65064,10241,542.0,2023-11-17 04:49:29.571634,Defective,2.0,381.12
9708,65066,12354,562.0,2022-10-25 20:40:06.566359,Did not match description,1.0,851.65
9709,65066,12354,529.0,2022-11-11 20:40:06.566359,Changed Mind,3.0,210.09
9710,65066,12354,305.0,2022-11-22 20:40:06.566359,Wrong Item,1.0,471.71
9711,65066,12354,909.0,2022-11-11 20:40:06.566359,Changed Mind,1.0,119.82
9715,65112,9064,199.0,2023-03-14 03:12:53.814883,Did not match description,1.0,215.04
9717,65128,18725,111.0,2022-11-07 05:58:27.517536,Wrong Item,4.0,1098.6
9718,65128,18725,142.0,2022-11-05 05:58:27.517536,Changed Mind,1.0,363.92
9719,65128,18725,359.0,2022-10-17 05:58:27.517536,Changed Mind,3.0,776.64
9720,65128,18725,984.0,2022-11-05 05:58:27.517536,Changed Mind,2.0,615.44
9721,65162,16207,186.0,2021-11-12 11:14:44.024879,Changed Mind,1.0,716.14
9722,65162,16207,68.0,2021-10-20 11:14:44.024879,Changed Mind,1.0,145.77
9730,65191,12164,24.0,2023-08-09 10:32:30.064316,Changed Mind,1.0,61.63
9731,65191,12164,656.0,2023-08-23 10:32:30.064316,Changed Mind,3.0,435.21
9732,65191,12164,787.0,2023-08-21 10:32:30.064316,Wrong Item,1.0,61.17
9733,65191,12164,834.0,2023-07-30 10:32:30.064316,Did not match description,1.0,329.06
9744,65324,8799,300.0,2021-10-13 08:33:11.121959,Defective,1.0,757.93
9745,65326,1334,523.0,2023-11-03 17:35:42.753859,Defective,1.0,310.25
9749,65345,1824,742.0,2022-09-24 05:46:15.690977,Did not match description,2.0,2787.14
9764,65457,4066,786.0,2023-12-21 23:59:30.673903,Changed Mind,1.0,538.61
9765,65457,4066,922.0,2023-12-05 23:59:30.673903,Changed Mind,1.0,1057.68
9766,65457,4066,790.0,2023-12-19 23:59:30.673903,Defective,1.0,204.62
9767,65457,4066,67.0,2023-12-02 23:59:30.673903,Wrong Item,1.0,1525.47
9771,65482,17841,315.0,2023-12-09 22:37:41.643494,Changed Mind,1.0,1899.41
9772,65482,17841,538.0,2023-12-05 22:37:41.643494,Defective,1.0,529.86
9774,65492,5398,459.0,2021-12-13 03:23:47.886465,Did not match description,1.0,233.16
9775,65492,5398,274.0,2021-12-14 03:23:47.886465,Defective,1.0,307.69
9776,65492,5398,426.0,2021-12-02 03:23:47.886465,Did not match description,1.0,1827.89
9782,65535,12482,544.0,2022-02-26 04:46:25.658010,Changed Mind,4.0,6011.28
9788,65578,12533,974.0,2022-09-04 23:32:47.463735,Did not match description,2.0,2601.87
9789,65578,12533,648.0,2022-09-04 23:32:47.463735,Changed Mind,1.0,2557.96
9793,65586,9099,295.0,2022-12-09 19:36:41.841548,Did not match description,1.0,1493.44
9794,65588,19208,60.0,2023-07-10 04:30:00.736450,Did not match description,1.0,1261.43
9795,65600,15085,507.0,2023-12-01 14:02:15.865654,Changed Mind,1.0,870.49
9797,65619,19967,600.0,2022-12-25 03:29:24.463536,Did not match description,1.0,685.41
9798,65626,8630,943.0,2023-10-07 10:44:34.538133,Defective,1.0,570.08
9829,65820,3440,284.0,2022-07-10 11:56:20.825830,Defective,1.0,193.41
9830,65854,75,919.0,2021-08-02 09:48:25.622032,Wrong Item,1.0,2659.24
9831,65854,75,823.0,2021-08-08 09:48:25.622032,Did not match description,5.0,1331.3
9832,65854,75,488.0,2021-08-07 09:48:25.622032,Wrong Item,3.0,725.13
9833,65855,4062,371.0,2023-05-12 00:22:02.590211,Wrong Item,1.0,135.47
9834,65855,4062,931.0,2023-05-04 00:22:02.590211,Defective,1.0,45.42
9835,65855,4062,807.0,2023-05-17 00:22:02.590211,Changed Mind,1.0,551.98
9836,65855,4062,91.0,2023-04-26 00:22:02.590211,Changed Mind,3.0,1975.65
9837,65855,4062,119.0,2023-05-11 00:22:02.590211,Changed Mind,1.0,1219.36
9838,65868,9866,487.0,2022-07-20 01:34:36.425264,Did not match description,2.0,257.98
9853,66038,7666,313.0,2023-11-13 04:47:00.324537,Defective,1.0,197.54
9861,66116,7491,301.0,2022-05-24 13:16:53.815650,Changed Mind,1.0,370.41
9862,66116,7491,577.0,2022-05-10 13:16:53.815650,Defective,1.0,449.04
9863,66116,7491,645.0,2022-05-11 13:16:53.815650,Wrong Item,1.0,281.26
9864,66130,1568,390.0,2022-06-29 08:48:48.091879,Changed Mind,2.0,212.43
9865,66130,1568,899.0,2022-07-03 08:48:48.091879,Changed Mind,1.0,137.91
9866,66130,1568,261.0,2022-07-11 08:48:48.091879,Defective,1.0,393.47
9867,66135,3916,777.0,2024-01-25 12:20:29.700573,Defective,3.0,710.61
9868,66135,3916,26.0,2024-01-19 12:20:29.700573,Wrong Item,1.0,102.74
9869,66135,3916,711.0,2024-01-25 12:20:29.700573,Did not match description,5.0,2897.05
9878,66175,1950,513.0,2023-05-11 21:30:35.895421,Changed Mind,1.0,179.48
9879,66175,1950,300.0,2023-05-25 21:30:35.895421,Did not match description,5.0,3789.65
9880,66175,1950,885.0,2023-05-18 21:30:35.895421,Wrong Item,1.0,58.64
9881,66178,10415,690.0,2021-11-04 15:32:04.402051,Wrong Item,1.0,148.12
9890,66270,17842,835.0,2023-07-08 17:14:20.279968,Wrong Item,1.0,1381.99
9894,66356,4931,836.0,2024-01-02 12:35:29.109919,Changed Mind,1.0,1022.78
9895,66361,11088,210.0,2024-01-06 07:24:30.816843,Wrong Item,2.0,435.06
9898,66409,16511,430.0,2023-12-03 17:56:58.184745,Defective,1.0,368.72
9899,66409,16511,848.0,2023-11-13 17:56:58.184745,Defective,1.0,71.23
9909,66509,3280,549.0,2024-01-08 07:28:45.509326,Changed Mind,2.0,426.1
9910,66509,3280,376.0,2024-01-13 07:28:45.509326,Defective,3.0,879.28
9915,66531,4553,996.0,2023-09-10 23:25:24.647560,Changed Mind,1.0,377.2
9916,66535,291,29.0,2023-10-25 17:30:42.173383,Did not match description,2.0,611.7
9917,66535,291,629.0,2023-10-31 17:30:42.173383,Did not match description,1.0,208.23
9920,66551,5861,634.0,2023-06-11 12:39:24.996757,Changed Mind,1.0,244.3
9921,66551,5861,63.0,2023-05-30 12:39:24.996757,Did not match description,2.0,3328.52
9922,66551,5861,108.0,2023-06-11 12:39:24.996757,Defective,2.0,4262.58
9925,66556,6376,255.0,2022-08-10 18:25:34.237480,Did not match description,1.0,1222.71
9926,66556,6376,648.0,2022-07-14 18:25:34.237480,Defective,1.0,2557.96
9929,66571,4937,892.0,2023-07-23 15:29:22.672138,Changed Mind,1.0,210.03
9930,66571,4937,830.0,2023-07-21 15:29:22.672138,Defective,1.0,87.92
9936,66597,10523,199.0,2024-01-05 15:32:54.244551,Did not match description,3.0,645.12
9937,66597,10523,416.0,2024-01-18 15:32:54.244551,Defective,1.0,427.17
9940,66642,7251,211.0,2022-02-16 12:46:20.992987,Defective,1.0,225.61
9941,66663,19486,137.0,2022-03-08 04:25:48.084676,Did not match description,1.0,1645.22
9943,66681,15284,669.0,2023-07-23 09:11:37.908069,Changed Mind,2.0,2441.5
9944,66681,15284,828.0,2023-08-01 09:11:37.908069,Changed Mind,4.0,5314.32
9951,66738,15731,621.0,2022-12-01 05:57:31.896475,Did not match description,1.0,1308.11
9952,66738,15731,894.0,2022-11-22 05:57:31.896475,Defective,1.0,221.67
9957,66740,3727,11.0,2023-09-15 00:21:28.705715,Did not match description,4.0,1344.92
9958,66741,504,584.0,2023-05-10 03:09:04.706293,Defective,3.0,1696.11
9959,66741,504,478.0,2023-05-12 03:09:04.706293,Defective,1.0,190.9
9960,66748,3157,235.0,2023-01-29 14:02:31.218399,Did not match description,1.0,26.99
9961,66748,3157,319.0,2023-01-31 14:02:31.218399,Wrong Item,3.0,816.84
9962,66751,16505,831.0,2023-11-10 06:17:24.198059,Did not match description,1.0,234.52
9963,66751,16505,979.0,2023-11-20 06:17:24.198059,Wrong Item,1.0,27.31
9964,66751,16505,661.0,2023-11-18 06:17:24.198059,Did not match description,1.0,339.74
9965,66754,8457,885.0,2023-07-24 18:30:07.891674,Defective,2.0,117.28
9966,66759,1580,494.0,2022-06-20 20:03:23.250298,Defective,4.0,568.44
9967,66767,8563,397.0,2023-12-28 05:28:21.875076,Changed Mind,1.0,135.26
9968,66767,8563,311.0,2024-01-05 05:28:21.875076,Defective,1.0,419.56
9969,66777,16920,426.0,2022-02-21 12:19:50.361863,Wrong Item,2.0,3655.78
9971,66790,19750,420.0,2022-08-28 21:26:53.990863,Defective,5.0,10308.25
9977,66876,7097,922.0,2023-12-22 23:52:03.049718,Changed Mind,1.0,1057.68
9978,66876,7097,762.0,2023-12-15 23:52:03.049718,Wrong Item,1.0,131.34
9979,66876,7097,593.0,2023-12-11 23:52:03.049718,Wrong Item,1.0,910.47
9982,66885,15757,152.0,2023-07-12 17:22:40.435197,Wrong Item,1.0,600.7
9983,66885,15757,644.0,2023-07-10 17:22:40.435197,Did not match description,1.0,1735.19
9994,67002,4999,690.0,2024-01-14 23:39:23.568009,Wrong Item,1.0,148.12
9997,67064,15766,599.0,2023-08-17 15:08:28.010456,Wrong Item,1.0,420.13
9998,67064,15766,535.0,2023-08-07 15:08:28.010456,Wrong Item,1.0,134.25
10000,67098,11121,462.0,2022-02-15 00:45:19.137341,Wrong Item,1.0,197.0
10001,67098,11121,468.0,2022-01-25 00:45:19.137341,Wrong Item,2.0,757.8
10002,67098,11121,548.0,2022-01-22 00:45:19.137341,Changed Mind,4.0,211.48
10008,67141,14233,962.0,2024-01-29 16:00:40.180363,Changed Mind,3.0,576.99
10009,67141,14233,73.0,2024-01-02 16:00:40.180363,Changed Mind,2.0,2891.48
10010,67144,7818,487.0,2023-10-04 08:55:04.843512,Did not match description,1.0,143.32
10015,67161,12221,860.0,2023-09-05 04:37:56.945440,Did not match description,1.0,220.15
10020,67257,9481,605.0,2023-12-10 19:59:03.529870,Defective,1.0,223.31
10021,67257,9481,703.0,2023-12-23 19:59:03.529870,Changed Mind,3.0,858.0
10024,67270,6889,978.0,2023-11-10 13:26:10.435518,Did not match description,1.0,281.79
10032,67317,13801,653.0,2022-07-13 18:14:52.948235,Wrong Item,1.0,240.29
10033,67317,13801,398.0,2022-07-01 18:14:52.948235,Wrong Item,2.0,2561.36
10034,67319,10731,320.0,2023-11-29 00:57:01.114217,Changed Mind,1.0,1366.24
10035,67319,10731,522.0,2023-11-11 00:57:01.114217,Did not match description,1.0,1312.45
10038,67382,13609,45.0,2023-06-27 04:52:09.107409,Changed Mind,1.0,157.52
10042,67441,694,47.0,2021-10-01 07:40:55.091704,Did not match description,1.0,267.51
10043,67441,694,40.0,2021-10-07 07:40:55.091704,Wrong Item,1.0,2712.38
10059,67529,17150,963.0,2022-04-12 04:26:58.469588,Did not match description,3.0,870.84
10060,67529,17150,624.0,2022-04-15 04:26:58.469588,Wrong Item,1.0,274.97
10061,67529,17150,437.0,2022-04-27 04:26:58.469588,Wrong Item,2.0,55.52
10064,67537,823,571.0,2022-05-24 13:15:40.832321,Defective,1.0,65.42
10074,67603,15104,308.0,2023-12-28 08:19:00.143427,Defective,1.0,99.13
10078,67626,17177,375.0,2021-12-22 10:26:15.906423,Did not match description,1.0,197.27
10079,67626,17177,838.0,2021-11-25 10:26:15.906423,Did not match description,1.0,50.64
10081,67632,6041,514.0,2022-11-13 15:13:31.258330,Defective,1.0,673.29
10087,67670,16324,717.0,2022-11-30 02:42:06.986946,Wrong Item,1.0,180.88
10088,67670,16324,777.0,2022-11-28 02:42:06.986946,Changed Mind,3.0,710.61
10089,67670,16324,412.0,2022-11-20 02:42:06.986946,Did not match description,1.0,176.85
10100,67735,13625,661.0,2023-10-15 21:48:05.507608,Defective,1.0,271.79
10101,67735,13625,210.0,2023-10-07 21:48:05.507608,Wrong Item,1.0,217.53
10102,67739,16556,697.0,2023-01-17 02:50:36.826725,Changed Mind,2.0,699.0
10103,67739,16556,320.0,2023-01-17 02:50:36.826725,Wrong Item,1.0,1366.24
10104,67739,16556,775.0,2023-02-02 02:50:36.826725,Changed Mind,1.0,686.72
10105,67740,6632,930.0,2022-11-24 09:39:19.066360,Defective,1.0,183.16
10106,67740,6632,446.0,2022-10-28 09:39:19.066360,Defective,1.0,318.55
10114,67825,12282,754.0,2023-04-19 09:37:45.614679,Changed Mind,1.0,692.84
10115,67830,19494,880.0,2024-01-19 08:15:55.575596,Changed Mind,1.0,223.49
10123,67856,1816,586.0,2023-06-19 04:59:52.532639,Did not match description,2.0,174.68
10124,67856,1816,356.0,2023-06-19 04:59:52.532639,Defective,1.0,203.66
10125,67856,1816,725.0,2023-05-29 04:59:52.532639,Defective,2.0,79.86
10126,67856,1816,161.0,2023-06-10 04:59:52.532639,Did not match description,2.0,1256.69
10131,67863,1844,653.0,2024-01-13 05:14:56.961846,Defective,1.0,240.29
10132,67863,1844,740.0,2024-01-07 05:14:56.961846,Defective,4.0,741.08
10133,67863,1844,577.0,2024-01-10 05:14:56.961846,Defective,3.0,1145.05
10134,67863,1844,356.0,2024-01-20 05:14:56.961846,Defective,1.0,226.29
10135,67863,1844,118.0,2024-01-23 05:14:56.961846,Wrong Item,1.0,879.18
10140,67903,10444,245.0,2023-03-31 19:24:41.780524,Defective,3.0,225.37
10141,67903,10444,460.0,2023-04-14 19:24:41.780524,Defective,1.0,576.7
10149,67933,6439,290.0,2023-09-14 02:29:57.160929,Did not match description,1.0,114.91
10150,67960,6942,452.0,2023-09-30 17:38:10.294242,Changed Mind,1.0,1940.3
10162,68020,15629,546.0,2023-05-19 06:48:45.828055,Defective,1.0,205.85
10163,68020,15629,334.0,2023-05-16 06:48:45.828055,Changed Mind,1.0,407.65
10164,68020,15629,364.0,2023-05-28 06:48:45.828055,Changed Mind,1.0,405.81
10165,68020,15629,275.0,2023-05-11 06:48:45.828055,Defective,1.0,133.64
10166,68020,15629,731.0,2023-05-17 06:48:45.828055,Wrong Item,1.0,147.45
10172,68106,7425,458.0,2023-09-16 19:55:07.852944,Wrong Item,2.0,228.9
10173,68106,7425,81.0,2023-10-01 19:55:07.852944,Wrong Item,1.0,326.11
10174,68106,7425,185.0,2023-09-23 19:55:07.852944,Defective,2.0,501.84
10175,68106,7425,672.0,2023-09-09 19:55:07.852944,Defective,1.0,191.43
10179,68136,18579,257.0,2023-03-28 23:54:14.834179,Changed Mind,1.0,108.32
10180,68136,18579,91.0,2023-03-25 23:54:14.834179,Defective,1.0,658.55
10181,68164,15399,276.0,2023-09-07 21:02:02.266969,Changed Mind,1.0,327.58
10184,68196,5745,803.0,2023-11-07 07:34:10.543425,Did not match description,1.0,332.24
10187,68230,4667,213.0,2023-09-17 20:38:22.158316,Wrong Item,4.0,1194.04
10188,68230,4667,245.0,2023-09-03 20:38:22.158316,Changed Mind,1.0,83.47
10194,68242,2397,295.0,2023-07-21 08:14:16.313452,Defective,2.0,2986.88
10198,68278,17930,707.0,2023-08-30 13:37:31.618465,Did not match description,4.0,179.52
10199,68278,17930,983.0,2023-08-10 13:37:31.618465,Wrong Item,2.0,4875.28
10206,68298,11353,362.0,2022-10-18 12:18:56.739344,Did not match description,1.0,288.73
10210,68335,17567,381.0,2023-05-01 20:20:02.504619,Changed Mind,3.0,535.14
10211,68338,10198,73.0,2024-01-13 20:07:10.295941,Wrong Item,1.0,1445.74
10212,68338,10198,346.0,2024-01-07 20:07:10.295941,Changed Mind,1.0,124.38
10213,68338,10198,742.0,2024-01-08 20:07:10.295941,Defective,1.0,1393.57
10217,68420,5257,925.0,2022-11-18 05:04:46.937045,Defective,2.0,1151.42
10218,68424,1628,937.0,2021-07-22 00:07:04.907073,Changed Mind,1.0,1276.07
10219,68425,1563,436.0,2023-10-22 12:36:03.463379,Changed Mind,1.0,136.55
10220,68425,1563,714.0,2023-10-24 12:36:03.463379,Changed Mind,1.0,294.7
10225,68521,7360,116.0,2023-10-29 04:00:53.014666,Changed Mind,1.0,1594.04
10226,68523,19435,768.0,2023-06-10 18:56:05.056130,Defective,1.0,155.05
10229,68546,12795,383.0,2023-12-20 05:11:25.659499,Changed Mind,1.0,237.11
10230,68546,12795,711.0,2023-12-13 05:11:25.659499,Did not match description,1.0,521.47
10247,68654,7252,61.0,2022-08-03 07:29:51.860803,Defective,1.0,233.6
10253,68749,15254,200.0,2023-09-22 13:04:07.313195,Did not match description,1.0,181.65
10265,68788,3820,320.0,2023-04-18 16:13:29.869509,Did not match description,1.0,1366.24
10268,68800,13421,584.0,2024-01-05 05:09:57.865302,Changed Mind,1.0,565.37
10269,68800,13421,491.0,2024-01-20 05:09:57.865302,Wrong Item,1.0,2022.41
10270,68800,13421,314.0,2023-12-28 05:09:57.865302,Defective,1.0,670.66
10279,68856,19636,134.0,2021-04-08 03:25:24.651738,Defective,3.0,381.18
10280,68856,19636,788.0,2021-04-13 03:25:24.651738,Wrong Item,1.0,194.27
10281,68856,19636,16.0,2021-04-24 03:25:24.651738,Wrong Item,1.0,186.22
10282,68856,19636,596.0,2021-04-17 03:25:24.651738,Did not match description,1.0,207.53
10284,68875,17666,868.0,2023-12-16 20:34:50.313056,Wrong Item,1.0,1328.7
10294,68953,16633,199.0,2022-04-03 08:06:21.587907,Did not match description,1.0,172.03
10296,68985,11538,943.0,2022-12-15 07:07:26.584099,Wrong Item,1.0,484.57
10298,69025,6700,788.0,2023-12-20 18:07:21.622612,Changed Mind,1.0,242.84
10299,69025,6700,409.0,2023-12-11 18:07:21.622612,Did not match description,1.0,165.0
10300,69025,6700,742.0,2023-12-27 18:07:21.622612,Changed Mind,1.0,1393.57
10301,69033,14366,803.0,2023-04-06 22:08:19.020548,Defective,2.0,664.48
10302,69033,14366,633.0,2023-04-10 22:08:19.020548,Did not match description,4.0,929.76
10309,69069,17694,856.0,2022-06-16 21:22:45.090807,Did not match description,1.0,129.79
10310,69069,17694,990.0,2022-06-13 21:22:45.090807,Wrong Item,1.0,105.65
10316,69124,19489,131.0,2022-12-04 23:08:47.295365,Did not match description,1.0,80.91
10317,69124,19489,633.0,2022-12-21 23:08:47.295365,Did not match description,1.0,232.44
10318,69124,19489,64.0,2022-12-14 23:08:47.295365,Changed Mind,2.0,2418.76
10346,69323,7102,690.0,2023-01-04 14:15:57.805936,Defective,1.0,148.12
10347,69345,1435,159.0,2023-12-13 15:14:03.203048,Changed Mind,1.0,269.18
10348,69345,1435,695.0,2023-12-26 15:14:03.203048,Did not match description,4.0,6919.12
10349,69345,1435,296.0,2023-12-26 15:14:03.203048,Did not match description,1.0,320.19
10350,69355,7839,673.0,2023-12-12 06:39:44.531377,Wrong Item,2.0,1477.76
10351,69355,7839,850.0,2023-12-30 06:39:44.531377,Defective,2.0,885.28
10357,69419,5488,186.0,2021-11-20 19:52:01.121943,Defective,1.0,716.14
10358,69419,5488,943.0,2021-11-18 19:52:01.121943,Wrong Item,2.0,1140.16
10359,69419,5488,232.0,2021-11-14 19:52:01.121943,Changed Mind,1.0,2214.63
10360,69419,5488,130.0,2021-10-30 19:52:01.121943,Did not match description,1.0,57.67
10363,69450,15304,102.0,2022-11-14 05:26:01.767738,Changed Mind,2.0,2733.38
10365,69475,14040,745.0,2023-05-04 19:21:47.935819,Wrong Item,2.0,2893.16
10366,69475,14040,644.0,2023-05-01 19:21:47.935819,Wrong Item,1.0,2168.99
10368,69493,11067,939.0,2023-10-01 07:09:40.253810,Did not match description,1.0,1244.26
10377,69671,18492,495.0,2023-03-13 07:14:30.099391,Wrong Item,2.0,56.76
10387,69696,10715,690.0,2023-11-29 22:48:30.166363,Did not match description,1.0,148.12
10389,69739,9248,365.0,2023-05-14 23:50:57.071358,Did not match description,1.0,356.3
10390,69739,9248,840.0,2023-05-12 23:50:57.071358,Wrong Item,1.0,178.34
10391,69739,9248,162.0,2023-05-04 23:50:57.071358,Wrong Item,1.0,106.15
10392,69739,9248,68.0,2023-05-04 23:50:57.071358,Changed Mind,1.0,145.77
10408,69831,15595,295.0,2023-11-01 02:54:59.177983,Changed Mind,3.0,4480.32
10409,69831,15595,970.0,2023-11-01 02:54:59.177983,Wrong Item,1.0,2391.38
10411,69865,16167,73.0,2022-09-09 00:09:33.081984,Wrong Item,5.0,7228.7
10412,69865,16167,858.0,2022-09-30 00:09:33.081984,Changed Mind,4.0,1376.52
10413,69890,10915,490.0,2023-05-13 17:41:23.082202,Changed Mind,1.0,16.09
10414,69890,10915,942.0,2023-05-10 17:41:23.082202,Wrong Item,3.0,6034.38
10415,69896,3940,24.0,2023-12-08 12:49:15.073099,Wrong Item,1.0,52.39
10421,69925,17239,109.0,2022-11-28 06:00:54.627171,Changed Mind,1.0,611.36
10422,69925,17239,413.0,2022-11-21 06:00:54.627171,Changed Mind,1.0,201.1
10423,69925,17239,918.0,2022-11-23 06:00:54.627171,Did not match description,3.0,255.39
10436,70049,19972,698.0,2023-08-29 07:24:41.294171,Wrong Item,1.0,1649.18
10437,70051,7510,261.0,2023-12-31 10:51:10.539201,Changed Mind,1.0,393.47
10438,70067,12253,371.0,2022-09-20 17:37:36.896060,Did not match description,1.0,135.47
10439,70067,12253,964.0,2022-09-21 17:37:36.896060,Changed Mind,3.0,409.32
10445,70082,7504,915.0,2023-09-10 05:07:09.200414,Did not match description,1.0,2283.14
10446,70098,16693,397.0,2023-07-18 16:53:14.780701,Defective,1.0,169.08
10447,70098,16693,724.0,2023-08-07 16:53:14.780701,Changed Mind,1.0,1780.3
10448,70098,16693,40.0,2023-07-17 16:53:14.780701,Changed Mind,1.0,2712.38
10449,70098,16693,920.0,2023-07-30 16:53:14.780701,Wrong Item,1.0,1706.2
10450,70103,17434,494.0,2023-12-13 10:14:48.838259,Did not match description,1.0,142.11
10455,70124,13541,994.0,2023-07-19 17:36:24.603100,Did not match description,1.0,78.2
10456,70124,13541,19.0,2023-07-15 17:36:24.603100,Defective,1.0,258.66
10457,70124,13541,969.0,2023-07-31 17:36:24.603100,Did not match description,2.0,2871.52
10458,70138,13481,803.0,2023-12-25 22:43:38.591879,Defective,1.0,332.24
10459,70138,13481,353.0,2023-12-27 22:43:38.591879,Defective,2.0,172.09
10460,70138,13481,314.0,2023-12-23 22:43:38.591879,Changed Mind,1.0,570.06
10472,70185,6047,121.0,2022-04-29 06:27:20.337361,Changed Mind,1.0,783.22
10473,70185,6047,977.0,2022-04-29 06:27:20.337361,Changed Mind,4.0,4973.64
10474,70185,6047,404.0,2022-04-25 06:27:20.337361,Changed Mind,1.0,1238.79
10475,70185,6047,340.0,2022-05-12 06:27:20.337361,Defective,2.0,481.08
10476,70185,6047,535.0,2022-04-27 06:27:20.337361,Defective,2.0,298.34
10488,70369,3982,262.0,2023-12-09 22:04:58.931297,Changed Mind,1.0,655.8
10490,70382,14775,426.0,2023-03-28 23:11:52.566753,Changed Mind,1.0,1827.89
10491,70382,14775,315.0,2023-04-04 23:11:52.566753,Defective,1.0,1899.41
10492,70382,14775,931.0,2023-03-29 23:11:52.566753,Defective,1.0,45.42
10493,70382,14775,392.0,2023-03-18 23:11:52.566753,Wrong Item,1.0,160.8
10494,70382,14775,459.0,2023-03-21 23:11:52.566753,Defective,1.0,233.16
10497,70386,6599,98.0,2022-12-11 15:02:19.613604,Changed Mind,1.0,663.61
10498,70386,6599,462.0,2022-12-24 15:02:19.613604,Wrong Item,1.0,185.41
10499,70395,3869,298.0,2024-01-19 03:41:05.452538,Defective,2.0,4688.2
10500,70395,3869,329.0,2024-01-07 03:41:05.452538,Wrong Item,2.0,129.96
10512,70494,19121,734.0,2023-12-22 04:03:23.199039,Wrong Item,2.0,289.82
10513,70494,19121,732.0,2024-01-06 04:03:23.199039,Defective,1.0,83.48
10514,70494,19121,797.0,2024-01-05 04:03:23.199039,Defective,1.0,2200.12
10515,70494,19121,645.0,2024-01-11 04:03:23.199039,Did not match description,3.0,675.02
10516,70494,19121,6.0,2023-12-15 04:03:23.199039,Changed Mind,1.0,932.45
10518,70521,10878,125.0,2023-09-25 15:36:22.245225,Changed Mind,1.0,281.69
10519,70521,10878,939.0,2023-09-14 15:36:22.245225,Changed Mind,1.0,1244.26
10523,70543,19800,700.0,2023-12-21 13:59:43.091373,Defective,1.0,314.95
10524,70543,19800,248.0,2023-12-24 13:59:43.091373,Defective,3.0,1264.44
10532,70604,13971,371.0,2022-12-27 10:45:25.814534,Wrong Item,1.0,135.47
10533,70604,13971,791.0,2023-01-02 10:45:25.814534,Defective,1.0,421.05
10535,70648,11645,297.0,2023-09-22 14:34:27.463700,Wrong Item,1.0,174.93
10536,70652,9758,571.0,2022-08-19 14:48:39.394725,Did not match description,1.0,81.78
10543,70699,19719,463.0,2023-10-21 18:44:37.580107,Defective,1.0,1125.17
10544,70699,19719,195.0,2023-10-24 18:44:37.580107,Defective,1.0,294.81
10546,70751,5589,542.0,2023-10-17 10:04:18.696591,Did not match description,1.0,190.56
10547,70751,5589,500.0,2023-10-23 10:04:18.696591,Changed Mind,1.0,2371.69
10552,70815,16155,480.0,2021-12-25 16:02:47.229565,Changed Mind,1.0,183.7
10564,70879,440,942.0,2023-12-08 04:45:53.886846,Defective,1.0,1609.17
10568,70949,14264,409.0,2023-11-17 23:01:50.003065,Changed Mind,3.0,396.0
10569,70949,14264,932.0,2023-11-14 23:01:50.003065,Changed Mind,1.0,269.21
10570,70949,14264,615.0,2023-12-11 23:01:50.003065,Changed Mind,2.0,2839.1
10572,70968,7368,63.0,2023-08-12 15:19:13.107725,Did not match description,1.0,1664.26
10573,70968,7368,585.0,2023-07-31 15:19:13.107725,Defective,1.0,193.0
10574,70982,11770,580.0,2023-08-18 11:34:55.500101,Wrong Item,1.0,150.88
10575,70982,11770,999.0,2023-08-19 11:34:55.500101,Wrong Item,1.0,407.14
10576,70993,174,362.0,2024-01-14 09:41:28.674524,Wrong Item,1.0,288.73
10581,71037,1546,319.0,2023-06-28 05:04:39.362258,Changed Mind,2.0,462.88
10582,71037,1546,953.0,2023-06-19 05:04:39.362258,Changed Mind,1.0,150.17
10583,71037,1546,71.0,2023-06-26 05:04:39.362258,Changed Mind,2.0,2080.66
10584,71037,1546,187.0,2023-06-13 05:04:39.362258,Changed Mind,2.0,4639.94
10585,71037,1546,863.0,2023-06-14 05:04:39.362258,Did not match description,1.0,592.86
10587,71094,13405,308.0,2022-07-12 15:28:44.187701,Changed Mind,1.0,79.3
10588,71094,13405,641.0,2022-07-01 15:28:44.187701,Changed Mind,1.0,1316.06
10589,71094,13405,220.0,2022-07-27 15:28:44.187701,Wrong Item,1.0,235.11
10590,71094,13405,121.0,2022-06-28 15:28:44.187701,Did not match description,1.0,783.22
10593,71122,12278,55.0,2022-06-30 08:25:52.005598,Wrong Item,1.0,205.17
10594,71122,12278,955.0,2022-06-19 08:25:52.005598,Changed Mind,1.0,802.3
10602,71175,10708,315.0,2023-04-05 10:24:13.609388,Did not match description,1.0,1899.41
10603,71206,11243,456.0,2023-08-24 05:04:03.189339,Defective,1.0,165.23
10604,71206,11243,228.0,2023-08-07 05:04:03.189339,Defective,1.0,38.21
10614,71266,6326,333.0,2023-12-19 22:49:43.454873,Wrong Item,2.0,1219.6
10616,71278,14500,523.0,2023-12-18 17:16:59.613340,Did not match description,1.0,344.72
10625,71330,3128,108.0,2023-10-02 12:57:50.952940,Wrong Item,1.0,2131.29
10626,71330,3128,205.0,2023-09-07 12:57:50.952940,Defective,1.0,880.49
10640,71445,9091,621.0,2023-11-17 04:31:13.368656,Wrong Item,3.0,4616.85
10641,71445,9091,571.0,2023-11-10 04:31:13.368656,Did not match description,1.0,81.78
10643,71463,8927,960.0,2023-11-13 23:55:11.275914,Changed Mind,3.0,286.29
10645,71475,740,425.0,2022-05-31 03:42:24.197367,Changed Mind,2.0,765.29
10646,71475,740,939.0,2022-05-16 03:42:24.197367,Did not match description,1.0,1244.26
10655,71510,33,779.0,2023-10-19 18:05:51.378672,Changed Mind,1.0,142.98
10658,71519,7073,108.0,2023-10-16 12:28:42.568787,Changed Mind,1.0,2131.29
10659,71519,7073,925.0,2023-10-05 12:28:42.568787,Changed Mind,1.0,639.68
10672,71568,5756,185.0,2021-10-06 11:01:51.771552,Did not match description,1.0,250.92
10678,71613,2445,491.0,2023-01-21 18:47:51.233761,Changed Mind,1.0,2022.41
10679,71613,2445,579.0,2023-01-28 18:47:51.233761,Changed Mind,1.0,421.56
10680,71613,2445,678.0,2023-01-27 18:47:51.233761,Changed Mind,3.0,1253.67
10682,71617,2936,220.0,2023-05-04 22:12:51.829613,Defective,1.0,188.09
10689,71683,9080,909.0,2024-01-06 03:23:02.626129,Defective,1.0,133.13
10690,71683,9080,494.0,2024-01-01 03:23:02.626129,Did not match description,2.0,284.22
10691,71684,16955,328.0,2023-02-07 00:24:57.876670,Changed Mind,4.0,899.84
10695,71729,16720,432.0,2022-01-27 07:07:55.701741,Changed Mind,2.0,503.0
10696,71729,16720,939.0,2022-02-06 07:07:55.701741,Wrong Item,1.0,1119.83
10702,71772,11193,329.0,2023-10-28 16:24:10.469140,Defective,1.0,64.98
10703,71772,11193,35.0,2023-11-04 16:24:10.469140,Did not match description,1.0,302.81
10705,71793,10972,299.0,2023-10-15 23:44:17.544107,Changed Mind,1.0,913.61
10706,71793,10972,816.0,2023-10-23 23:44:17.544107,Changed Mind,1.0,262.91
10707,71793,10972,39.0,2023-10-04 23:44:17.544107,Did not match description,4.0,2234.6
10710,71832,9763,132.0,2023-12-14 08:06:11.805846,Did not match description,1.0,1488.29
10711,71832,9763,893.0,2023-12-04 08:06:11.805846,Changed Mind,1.0,161.53
10712,71836,5073,913.0,2023-09-16 13:58:16.889553,Defective,2.0,932.54
10713,71836,5073,281.0,2023-09-13 13:58:16.889553,Defective,3.0,1880.94
10720,71874,13667,320.0,2023-05-13 13:22:26.267656,Did not match description,2.0,2732.48
10721,71893,19332,817.0,2023-12-31 23:13:08.478814,Did not match description,1.0,387.82
10726,71936,7972,937.0,2023-12-19 07:07:20.788068,Defective,1.0,1276.07
10730,71965,13080,10.0,2023-05-19 13:31:13.739126,Did not match description,1.0,183.89
10731,71965,13080,627.0,2023-05-29 13:31:13.739126,Defective,2.0,97.38
10734,72001,7879,463.0,2023-03-02 22:37:38.333142,Wrong Item,1.0,1000.15
10735,72001,7879,806.0,2023-03-04 22:37:38.333142,Wrong Item,1.0,1186.28
10737,72017,10304,77.0,2023-10-16 17:11:56.114972,Changed Mind,1.0,1129.11
10739,72032,3757,579.0,2023-10-07 00:44:58.938553,Did not match description,1.0,421.56
10740,72032,3757,229.0,2023-10-23 00:44:58.938553,Did not match description,3.0,2298.54
10743,72042,12993,637.0,2023-09-02 12:00:59.841510,Changed Mind,1.0,515.27
10748,72116,5814,140.0,2023-12-10 07:47:15.416060,Wrong Item,2.0,496.24
10751,72121,10014,134.0,2022-06-01 00:14:53.909152,Did not match description,1.0,127.06
10752,72121,10014,178.0,2022-05-25 00:14:53.909152,Did not match description,1.0,480.66
10755,72159,2736,698.0,2024-01-08 15:17:21.112735,Did not match description,1.0,1484.26
10764,72182,7401,987.0,2023-12-21 00:03:21.035714,Wrong Item,2.0,207.06
10765,72182,7401,619.0,2023-12-15 00:03:21.035714,Wrong Item,3.0,211.44
10775,72250,10944,698.0,2023-12-03 14:10:27.531332,Defective,1.0,1649.18
10778,72260,7817,77.0,2023-10-24 03:14:44.227084,Changed Mind,1.0,1129.11
10779,72260,7817,667.0,2023-10-10 03:14:44.227084,Did not match description,1.0,28.48
10781,72285,15177,322.0,2023-08-29 09:20:41.286848,Defective,1.0,308.58
10782,72285,15177,200.0,2023-09-20 09:20:41.286848,Defective,1.0,154.4
10794,72414,14749,560.0,2021-12-08 11:34:14.604422,Did not match description,2.0,2069.04
10795,72414,14749,46.0,2021-11-20 11:34:14.604422,Did not match description,2.0,188.5
10802,72467,19835,83.0,2023-12-15 15:42:23.394678,Did not match description,1.0,1345.45
10803,72467,19835,645.0,2023-12-16 15:42:23.394678,Wrong Item,1.0,281.26
10809,72485,5472,942.0,2023-09-16 20:18:06.659756,Did not match description,1.0,2011.46
10810,72495,1627,944.0,2022-01-13 00:56:01.743342,Defective,1.0,1248.68
10811,72495,1627,276.0,2021-12-26 00:56:01.743342,Changed Mind,1.0,278.44
10812,72509,4794,428.0,2023-08-02 18:58:01.394117,Wrong Item,1.0,1424.37
10813,72509,4794,282.0,2023-08-19 18:58:01.394117,Defective,2.0,1355.7
10816,72529,2912,31.0,2023-09-25 13:13:39.287762,Defective,1.0,78.12
10817,72529,2912,139.0,2023-09-08 13:13:39.287762,Changed Mind,2.0,2223.0
10825,72562,7185,429.0,2023-07-12 15:19:44.005562,Did not match description,1.0,312.28
10826,72562,7185,76.0,2023-07-27 15:19:44.005562,Defective,1.0,300.6
10837,72653,6308,619.0,2023-11-23 15:04:37.324277,Changed Mind,2.0,140.96
10838,72653,6308,918.0,2023-12-01 15:04:37.324277,Defective,1.0,76.62
10847,72677,8472,915.0,2023-07-26 11:12:52.665008,Defective,2.0,4566.28
10848,72677,8472,705.0,2023-08-07 11:12:52.665008,Changed Mind,2.0,154.0
10849,72683,16668,327.0,2022-12-02 10:10:58.057788,Did not match description,2.0,900.9
10850,72683,16668,104.0,2022-12-04 10:10:58.057788,Changed Mind,1.0,357.43
10851,72683,16668,991.0,2022-12-17 10:10:58.057788,Defective,4.0,1102.03
10852,72683,16668,344.0,2022-12-12 10:10:58.057788,Changed Mind,1.0,286.16
10857,72710,4075,112.0,2023-09-07 04:45:09.816330,Changed Mind,2.0,4737.78
10858,72710,4075,494.0,2023-09-03 04:45:09.816330,Wrong Item,1.0,142.11
10859,72710,4075,377.0,2023-09-04 04:45:09.816330,Did not match description,4.0,623.12
10860,72710,4075,232.0,2023-09-14 04:45:09.816330,Did not match description,1.0,2214.63
10862,72718,2396,927.0,2023-11-14 03:13:31.195427,Changed Mind,2.0,1116.76
10863,72718,2396,690.0,2023-12-01 03:13:31.195427,Defective,1.0,125.9
10864,72718,2396,742.0,2023-12-06 03:13:31.195427,Did not match description,1.0,1393.57
10878,72764,13754,932.0,2023-11-11 01:09:53.503543,Defective,1.0,269.21
10879,72764,13754,327.0,2023-11-03 01:09:53.503543,Wrong Item,1.0,450.45
10880,72764,13754,237.0,2023-11-13 01:09:53.503543,Defective,4.0,1216.04
10881,72764,13754,412.0,2023-10-24 01:09:53.503543,Changed Mind,1.0,176.85
10882,72785,3939,918.0,2023-01-24 08:51:58.594333,Changed Mind,1.0,85.13
10884,72796,19418,366.0,2021-12-21 16:29:24.235005,Defective,1.0,976.97
10885,72801,12803,248.0,2021-09-16 11:11:12.321742,Wrong Item,1.0,421.48
10886,72801,12803,562.0,2021-09-11 11:11:12.321742,Defective,1.0,681.32
10887,72801,12803,713.0,2021-09-05 11:11:12.321742,Did not match description,1.0,117.82
10888,72801,12803,788.0,2021-09-22 11:11:12.321742,Did not match description,1.0,218.56
10898,72917,67,827.0,2023-08-15 01:42:33.107227,Defective,3.0,4567.26
10899,72917,67,289.0,2023-08-04 01:42:33.107227,Changed Mind,2.0,2411.89
10905,72975,5436,109.0,2023-11-03 10:35:56.950220,Did not match description,1.0,611.36
10912,72992,5459,380.0,2023-02-22 03:50:49.419898,Defective,2.0,240.28
10913,72992,5459,368.0,2023-03-15 03:50:49.419898,Defective,4.0,4791.08
10914,72992,5459,614.0,2023-02-27 03:50:49.419898,Defective,1.0,32.34
10923,73113,12699,346.0,2023-12-02 04:16:10.343240,Did not match description,1.0,138.2
10924,73113,12699,390.0,2023-11-19 04:16:10.343240,Did not match description,5.0,597.46
10925,73113,12699,498.0,2023-11-14 04:16:10.343240,Defective,1.0,418.13
10926,73113,12699,124.0,2023-11-28 04:16:10.343240,Did not match description,1.0,510.04
10927,73113,12699,555.0,2023-11-22 04:16:10.343240,Did not match description,1.0,947.46
10928,73127,1995,698.0,2023-10-28 17:23:10.447370,Changed Mind,1.0,1649.18
10929,73127,1995,474.0,2023-11-08 17:23:10.447370,Did not match description,1.0,69.15
10930,73127,1995,638.0,2023-10-27 17:23:10.447370,Did not match description,1.0,35.75
10931,73127,1995,818.0,2023-11-07 17:23:10.447370,Changed Mind,2.0,327.34
10941,73219,4778,812.0,2021-08-29 03:53:55.105203,Wrong Item,1.0,857.12
10942,73225,2305,470.0,2023-01-17 09:20:13.153898,Wrong Item,2.0,191.52
10943,73225,2305,63.0,2023-01-14 09:20:13.153898,Wrong Item,1.0,1664.26
10944,73225,2305,187.0,2023-01-17 09:20:13.153898,Changed Mind,1.0,1971.97
10945,73225,2305,903.0,2023-01-09 09:20:13.153898,Defective,4.0,5292.47
10946,73227,13341,485.0,2023-08-30 02:40:36.710165,Changed Mind,3.0,1713.45
10947,73227,13341,698.0,2023-08-21 02:40:36.710165,Changed Mind,1.0,1401.8
10948,73227,13341,370.0,2023-08-26 02:40:36.710165,Did not match description,1.0,142.18
10952,73246,16708,582.0,2022-02-20 08:35:38.627743,Defective,2.0,59.64
10953,73246,16708,42.0,2022-02-14 08:35:38.627743,Defective,2.0,1319.48
10954,73246,16708,596.0,2022-02-01 08:35:38.627743,Did not match description,1.0,207.53
10959,73277,13572,458.0,2024-01-14 17:42:58.842506,Did not match description,1.0,114.45
10960,73277,13572,555.0,2024-01-25 17:42:58.842506,Wrong Item,1.0,1114.66
10961,73277,13572,135.0,2024-01-18 17:42:58.842506,Changed Mind,2.0,2532.92
10962,73277,13572,160.0,2023-12-30 17:42:58.842506,Defective,2.0,4919.62
10965,73293,10597,757.0,2023-12-30 06:08:42.021754,Wrong Item,1.0,109.92
10966,73293,10597,502.0,2023-12-24 06:08:42.021754,Did not match description,2.0,1200.56
10967,73293,10597,948.0,2024-01-02 06:08:42.021754,Changed Mind,1.0,314.59
10968,73317,3848,98.0,2022-03-21 20:37:06.672546,Defective,1.0,530.89
10969,73317,3848,960.0,2022-03-29 20:37:06.672546,Defective,1.0,95.43
10970,73317,3848,406.0,2022-04-03 20:37:06.672546,Changed Mind,1.0,1988.32
10971,73317,3848,731.0,2022-04-04 20:37:06.672546,Wrong Item,1.0,147.45
10974,73326,8811,824.0,2021-09-08 23:28:26.927406,Defective,1.0,1275.72
10975,73336,3558,644.0,2023-04-20 09:29:02.440935,Wrong Item,5.0,10844.95
10982,73409,13016,322.0,2023-02-06 22:46:11.775859,Wrong Item,1.0,308.58
10986,73486,417,955.0,2023-08-14 02:04:42.122838,Defective,1.0,802.3
10993,73561,14582,801.0,2023-09-03 15:02:05.797828,Wrong Item,1.0,824.66
10994,73561,14582,381.0,2023-08-24 15:02:05.797828,Wrong Item,2.0,356.76
10996,73571,17919,11.0,2023-05-06 17:29:27.450570,Did not match description,1.0,336.23
11001,73636,13599,500.0,2023-12-05 18:50:08.602106,Changed Mind,3.0,7115.07
11006,73708,9644,649.0,2023-10-31 18:23:18.549976,Did not match description,1.0,430.11
11007,73708,9644,476.0,2023-11-23 18:23:18.549976,Did not match description,1.0,204.31
11012,73771,12857,544.0,2023-08-19 02:07:30.323281,Changed Mind,1.0,1502.82
11013,73771,12857,213.0,2023-09-08 02:07:30.323281,Wrong Item,1.0,298.51
11014,73774,15370,771.0,2023-04-03 04:21:12.736703,Did not match description,1.0,315.05
11015,73778,14990,974.0,2023-04-22 05:29:39.923787,Defective,1.0,1530.51
11017,73790,18530,886.0,2024-01-07 01:19:49.951774,Changed Mind,3.0,5834.16
11018,73790,18530,986.0,2024-01-06 01:19:49.951774,Wrong Item,4.0,429.24
11019,73790,18530,473.0,2023-12-31 01:19:49.951774,Wrong Item,1.0,426.2
11020,73790,18530,963.0,2023-12-31 01:19:49.951774,Defective,1.0,290.28
11028,73869,347,923.0,2023-03-01 18:38:35.578239,Did not match description,3.0,957.29
11029,73869,347,160.0,2023-03-09 18:38:35.578239,Wrong Item,4.0,9839.24
11046,73919,9847,671.0,2022-05-31 11:18:35.604422,Changed Mind,1.0,229.06
11049,73932,12167,439.0,2023-12-22 19:58:05.914473,Wrong Item,1.0,640.58
11050,73932,12167,798.0,2023-12-20 19:58:05.914473,Changed Mind,1.0,144.13
11051,73932,12167,248.0,2023-12-24 19:58:05.914473,Changed Mind,1.0,421.48
11052,73934,1955,364.0,2023-07-26 17:15:46.444460,Did not match description,1.0,405.81
11053,73934,1955,405.0,2023-08-11 17:15:46.444460,Wrong Item,1.0,179.65
11071,74020,552,278.0,2022-11-06 19:46:07.195251,Changed Mind,1.0,256.75
11080,74058,14078,538.0,2021-08-29 13:11:00.137731,Changed Mind,5.0,2649.3
11081,74058,14078,613.0,2021-09-04 13:11:00.137731,Changed Mind,4.0,1288.62
11085,74070,13457,660.0,2023-07-27 13:08:44.313779,Wrong Item,1.0,83.53
11086,74070,13457,678.0,2023-07-15 13:08:44.313779,Wrong Item,3.0,1253.67
11100,74211,15887,999.0,2022-09-23 03:19:25.924754,Changed Mind,3.0,1221.42
11102,74238,3347,630.0,2023-12-10 09:30:01.869166,Defective,1.0,615.07
11103,74238,3347,93.0,2023-12-08 09:30:01.869166,Did not match description,1.0,1044.42
11104,74238,3347,378.0,2023-12-15 09:30:01.869166,Changed Mind,1.0,783.66
11108,74275,15985,139.0,2023-05-21 03:12:52.998062,Changed Mind,1.0,1111.5
11109,74275,15985,962.0,2023-05-30 03:12:52.998062,Defective,2.0,384.66
11114,74350,12603,206.0,2021-07-08 15:13:07.766287,Changed Mind,1.0,108.46
11115,74350,12603,276.0,2021-07-15 15:13:07.766287,Wrong Item,3.0,982.74
11118,74363,3527,596.0,2023-10-18 16:23:12.639875,Defective,1.0,207.53
11119,74375,5226,292.0,2022-10-17 20:54:21.569182,Did not match description,2.0,1968.06
11120,74375,5226,383.0,2022-10-16 20:54:21.569182,Wrong Item,1.0,237.11
11140,74544,17209,550.0,2023-08-10 20:26:25.950179,Defective,1.0,1861.23
11141,74544,17209,517.0,2023-08-16 20:26:25.950179,Defective,1.0,73.31
11142,74544,17209,207.0,2023-08-27 20:26:25.950179,Changed Mind,1.0,398.73
11145,74583,13775,352.0,2023-09-27 13:41:40.079781,Did not match description,2.0,1713.02
11146,74583,13775,61.0,2023-10-03 13:41:40.079781,Changed Mind,1.0,233.6
11147,74604,15442,452.0,2022-09-04 11:33:40.130883,Defective,1.0,1940.3
11156,74638,12424,60.0,2023-03-03 17:12:57.772018,Did not match description,1.0,1261.43
11157,74638,12424,272.0,2023-03-03 17:12:57.772018,Wrong Item,5.0,198.36
11158,74641,13962,571.0,2023-02-19 20:02:42.704099,Did not match description,1.0,81.78
11159,74641,13962,43.0,2023-01-30 20:02:42.704099,Wrong Item,1.0,717.54
11175,74750,3299,61.0,2023-05-07 00:41:48.539680,Wrong Item,3.0,595.68
11176,74769,7442,113.0,2023-03-24 22:14:23.046637,Defective,1.0,354.99
11177,74769,7442,547.0,2023-03-03 22:14:23.046637,Did not match description,1.0,262.02
11178,74796,648,978.0,2023-05-04 01:11:23.862227,Wrong Item,3.0,845.37
11181,74819,6000,300.0,2023-10-27 19:04:29.284887,Did not match description,1.0,606.34
11182,74840,11734,102.0,2023-12-07 02:14:46.076115,Defective,1.0,1366.69
11183,74840,11734,722.0,2023-12-10 02:14:46.076115,Defective,1.0,1077.3
11189,74857,3198,717.0,2023-10-16 22:50:06.568567,Did not match description,2.0,361.76
11190,74857,3198,547.0,2023-10-16 22:50:06.568567,Defective,1.0,308.26
11192,74879,19936,577.0,2023-08-25 06:22:22.578429,Did not match description,3.0,1347.12
11193,74879,19936,347.0,2023-08-08 06:22:22.578429,Defective,1.0,201.83
11194,74883,4803,500.0,2023-07-27 16:34:42.582162,Wrong Item,1.0,2371.69
11195,74888,17633,987.0,2022-06-14 05:17:56.025069,Wrong Item,1.0,103.53
11196,74888,17633,50.0,2022-06-16 05:17:56.025069,Defective,1.0,405.09
11198,74901,12180,529.0,2023-06-08 20:21:17.500904,Did not match description,1.0,56.02
11199,74911,18147,71.0,2024-01-04 11:17:37.447984,Defective,1.0,1040.33
11204,74976,11939,463.0,2023-10-13 14:34:38.923280,Changed Mind,4.0,5000.76
11205,74996,18301,937.0,2023-02-19 12:17:17.070870,Changed Mind,2.0,2552.14
11206,74996,18301,876.0,2023-02-23 12:17:17.070870,Wrong Item,1.0,357.94
11207,74996,18301,364.0,2023-02-06 12:17:17.070870,Wrong Item,4.0,1623.24
11209,75002,14860,383.0,2022-11-15 06:36:09.877608,Did not match description,1.0,237.11
11211,75048,18280,230.0,2023-08-29 03:33:03.015691,Defective,1.0,207.67
11212,75048,18280,254.0,2023-09-04 03:33:03.015691,Changed Mind,1.0,1066.87
11213,75048,18280,860.0,2023-08-27 03:33:03.015691,Changed Mind,1.0,187.13
11215,75091,5315,60.0,2023-04-11 12:28:13.408937,Defective,1.0,1261.43
11216,75108,11205,211.0,2023-05-28 19:50:41.200984,Did not match description,1.0,225.61
11221,75121,17276,918.0,2022-05-08 05:44:54.516998,Did not match description,1.0,85.13
11222,75121,17276,144.0,2022-05-02 05:44:54.516998,Did not match description,1.0,68.03
11223,75135,14885,973.0,2023-12-19 04:59:22.797044,Changed Mind,2.0,952.82
11224,75141,6409,187.0,2022-06-22 17:48:40.724403,Changed Mind,1.0,2319.97
11225,75141,6409,680.0,2022-07-10 17:48:40.724403,Wrong Item,3.0,504.67
11226,75142,7437,618.0,2024-01-05 08:29:34.955124,Changed Mind,1.0,178.18
11227,75142,7437,512.0,2023-12-29 08:29:34.955124,Changed Mind,4.0,1531.56
11232,75186,11130,571.0,2023-07-05 05:10:54.454223,Wrong Item,1.0,65.42
11234,75208,6603,192.0,2023-04-29 08:35:55.347008,Changed Mind,1.0,245.32
11235,75208,6603,564.0,2023-04-06 08:35:55.347008,Did not match description,1.0,2327.59
11236,75208,6603,64.0,2023-04-19 08:35:55.347008,Changed Mind,1.0,1027.97
11246,75289,5438,528.0,2023-10-01 05:57:59.812572,Defective,1.0,1667.59
11250,75328,8782,713.0,2024-01-18 14:51:30.986329,Did not match description,1.0,147.28
11253,75401,10224,23.0,2023-05-06 08:13:23.968345,Did not match description,1.0,113.72
11261,75533,5105,618.0,2023-10-13 09:04:31.421053,Defective,1.0,178.18
11262,75533,5105,334.0,2023-09-27 09:04:31.421053,Wrong Item,1.0,407.65
11263,75533,5105,410.0,2023-09-30 09:04:31.421053,Changed Mind,1.0,179.4
11264,75533,5105,229.0,2023-10-20 09:04:31.421053,Changed Mind,1.0,766.18
11265,75552,2228,811.0,2023-03-19 18:17:51.766909,Changed Mind,1.0,213.7
11266,75582,10866,373.0,2023-07-08 01:34:40.149003,Did not match description,5.0,3749.45
11267,75582,10866,144.0,2023-07-02 01:34:40.149003,Changed Mind,1.0,57.83
11268,75582,10866,11.0,2023-07-07 01:34:40.149003,Defective,4.0,1344.92
11269,75582,10866,816.0,2023-07-14 01:34:40.149003,Defective,2.0,584.24
11272,75608,3176,978.0,2023-10-22 00:08:35.336305,Changed Mind,1.0,281.79
11273,75625,3447,565.0,2022-11-24 12:12:51.852124,Changed Mind,1.0,35.37
11282,75703,9371,779.0,2022-03-29 06:10:19.011324,Did not match description,2.0,285.96
11283,75703,9371,33.0,2022-03-09 06:10:19.011324,Wrong Item,1.0,150.45
11284,75716,8146,389.0,2023-11-22 05:25:52.271630,Did not match description,3.0,1262.37
11285,75716,8146,60.0,2023-11-19 05:25:52.271630,Defective,1.0,1009.14
11286,75733,9897,210.0,2023-12-20 07:19:44.119221,Did not match description,1.0,174.02
11287,75733,9897,234.0,2023-12-31 07:19:44.119221,Defective,1.0,118.11
11291,75797,1095,137.0,2023-10-08 19:07:39.023657,Defective,1.0,1645.22
11300,75836,8501,61.0,2023-06-06 08:00:34.021456,Did not match description,1.0,233.6
11301,75836,8501,229.0,2023-05-23 08:00:34.021456,Changed Mind,1.0,689.56
11311,75905,5243,232.0,2023-09-18 13:47:21.583065,Changed Mind,1.0,2214.63
11312,75905,5243,71.0,2023-09-06 13:47:21.583065,Changed Mind,1.0,1040.33
11316,75943,9675,750.0,2021-05-02 10:42:28.053616,Did not match description,1.0,107.27
11318,75956,18883,829.0,2022-10-28 03:56:44.439461,Changed Mind,1.0,127.66
11321,75973,19047,638.0,2023-01-15 08:06:54.057946,Did not match description,1.0,33.76
11322,75973,19047,847.0,2022-12-31 08:06:54.057946,Did not match description,1.0,437.4
11323,75973,19047,293.0,2022-12-29 08:06:54.057946,Defective,1.0,1192.91
11325,76019,2736,186.0,2024-01-11 16:13:03.313142,Wrong Item,2.0,1432.28
11326,76019,2736,238.0,2024-01-06 16:13:03.313142,Defective,1.0,826.45
11328,76040,10321,600.0,2023-02-27 09:01:29.438964,Wrong Item,2.0,1713.52
11329,76042,8905,754.0,2023-05-26 15:42:33.675100,Changed Mind,3.0,2078.52
11331,76056,4787,60.0,2022-03-24 16:00:15.552261,Wrong Item,2.0,2522.86
11337,76108,11929,404.0,2023-09-24 16:48:36.978025,Wrong Item,1.0,1238.79
11339,76157,1543,278.0,2023-10-12 00:13:11.438583,Wrong Item,1.0,241.65
11343,76245,14760,817.0,2024-01-16 11:35:00.759834,Wrong Item,4.0,1551.28
11345,76265,9220,295.0,2022-08-23 14:19:04.095299,Defective,1.0,1493.44
11346,76266,7766,579.0,2022-10-08 07:09:17.294950,Wrong Item,1.0,421.56
11351,76289,19315,362.0,2022-09-03 08:11:25.429273,Wrong Item,1.0,288.73
11352,76289,19315,31.0,2022-09-19 08:11:25.429273,Changed Mind,2.0,156.24
11353,76289,19315,546.0,2022-08-22 08:11:25.429273,Changed Mind,1.0,194.41
11354,76289,19315,346.0,2022-09-03 08:11:25.429273,Wrong Item,1.0,138.2
11365,76426,10699,539.0,2022-04-08 10:28:35.878309,Did not match description,1.0,405.01
11366,76426,10699,880.0,2022-04-14 10:28:35.878309,Changed Mind,2.0,446.98
11371,76455,6411,393.0,2023-09-19 18:33:55.191392,Changed Mind,2.0,64.76
11372,76455,6411,108.0,2023-09-04 18:33:55.191392,Did not match description,1.0,1705.03
11375,76487,2479,710.0,2023-11-29 12:07:37.737043,Defective,1.0,633.67
11376,76513,18312,281.0,2023-10-18 05:19:46.313276,Changed Mind,1.0,532.93
11377,76513,18312,353.0,2023-11-10 05:19:46.313276,Changed Mind,1.0,101.23
11384,76609,18512,80.0,2023-10-16 12:04:05.392776,Defective,3.0,523.2
11385,76609,18512,178.0,2023-10-20 12:04:05.392776,Wrong Item,4.0,1922.64
11386,76609,18512,498.0,2023-10-18 12:04:05.392776,Wrong Item,1.0,376.32
11387,76609,18512,320.0,2023-10-13 12:04:05.392776,Changed Mind,1.0,1366.24
11388,76615,14334,776.0,2022-10-07 23:15:13.196262,Changed Mind,1.0,1450.33
11389,76615,14334,425.0,2022-09-28 23:15:13.196262,Did not match description,1.0,360.14
11390,76615,14334,555.0,2022-09-26 23:15:13.196262,Wrong Item,1.0,947.46
11391,76615,14334,337.0,2022-09-21 23:15:13.196262,Changed Mind,1.0,729.78
11392,76615,14334,989.0,2022-10-15 23:15:13.196262,Wrong Item,1.0,201.76
11402,76728,12607,61.0,2023-12-30 20:26:51.240244,Defective,1.0,233.6
11406,76745,7903,352.0,2023-08-29 18:42:50.795785,Defective,1.0,856.51
11407,76745,7903,62.0,2023-09-10 18:42:50.795785,Changed Mind,1.0,1348.11
11417,76805,19307,714.0,2023-12-28 18:56:15.393950,Changed Mind,1.0,313.11
11418,76805,19307,216.0,2023-12-28 18:56:15.393950,Defective,1.0,493.19
11419,76805,19307,240.0,2024-01-18 18:56:15.393950,Defective,1.0,477.98
11420,76805,19307,650.0,2024-01-04 18:56:15.393950,Wrong Item,1.0,405.7
11427,76833,7984,487.0,2024-01-10 07:13:34.605838,Wrong Item,1.0,143.32
11428,76840,12787,374.0,2022-09-12 16:05:42.894826,Did not match description,1.0,183.2
11429,76840,12787,446.0,2022-09-02 16:05:42.894826,Changed Mind,3.0,1061.82
11440,76892,19412,391.0,2022-09-30 20:33:24.096359,Changed Mind,3.0,922.08
11441,76892,19412,169.0,2022-09-14 20:33:24.096359,Changed Mind,3.0,1896.69
11455,76957,10125,98.0,2023-05-11 18:26:25.574591,Did not match description,1.0,564.07
11456,76975,759,421.0,2024-01-15 23:50:02.800392,Changed Mind,1.0,147.23
11457,76975,759,40.0,2024-01-11 23:50:02.800392,Wrong Item,1.0,2712.38
11477,77085,11655,803.0,2022-11-16 20:04:14.147845,Did not match description,1.0,332.24
11478,77085,11655,145.0,2022-12-07 20:04:14.147845,Defective,1.0,121.02
11480,77128,5193,77.0,2022-11-13 06:03:15.995058,Changed Mind,1.0,1129.11
11481,77128,5193,620.0,2022-11-17 06:03:15.995058,Did not match description,2.0,2662.54
11483,77145,4061,390.0,2023-03-04 17:42:00.798117,Did not match description,1.0,132.77
11484,77145,4061,842.0,2023-03-07 17:42:00.798117,Did not match description,1.0,283.88
11485,77145,4061,347.0,2023-02-15 17:42:00.798117,Did not match description,1.0,201.83
11489,77163,18921,148.0,2023-11-25 16:56:24.471919,Did not match description,1.0,1892.03
11490,77163,18921,47.0,2023-11-22 16:56:24.471919,Changed Mind,2.0,629.44
11493,77226,916,108.0,2023-10-12 10:29:32.798778,Wrong Item,1.0,1918.16
11494,77226,916,38.0,2023-10-06 10:29:32.798778,Did not match description,2.0,409.4
11495,77226,916,379.0,2023-09-22 10:29:32.798778,Defective,1.0,393.91
11496,77230,13238,127.0,2023-01-11 12:58:07.747095,Defective,1.0,212.56
11497,77230,13238,830.0,2023-01-02 12:58:07.747095,Changed Mind,1.0,87.92
11498,77230,13238,419.0,2022-12-22 12:58:07.747095,Did not match description,1.0,138.15
11499,77237,17120,139.0,2023-11-29 05:07:42.777280,Changed Mind,1.0,944.78
11500,77237,17120,278.0,2023-12-11 05:07:42.777280,Did not match description,4.0,1087.42
11509,77272,8397,939.0,2022-07-08 10:30:27.690260,Did not match description,3.0,3732.78
11519,77332,3606,500.0,2022-10-17 01:31:18.682106,Changed Mind,1.0,2015.94
11520,77332,3606,582.0,2022-10-05 01:31:18.682106,Did not match description,1.0,29.82
11532,77393,10681,602.0,2023-06-08 11:09:03.292658,Did not match description,1.0,187.38
11533,77393,10681,934.0,2023-05-19 11:09:03.292658,Wrong Item,2.0,1208.38
11534,77424,3965,518.0,2023-01-12 22:19:21.683416,Did not match description,1.0,570.9
11535,77424,3965,24.0,2023-01-29 22:19:21.683416,Defective,1.0,61.63
11536,77424,3965,748.0,2023-01-28 22:19:21.683416,Defective,1.0,627.72
11542,77483,4993,738.0,2023-08-04 20:50:33.081823,Did not match description,2.0,274.07
11548,77487,2251,650.0,2023-12-30 21:39:22.799213,Changed Mind,1.0,405.7
11549,77487,2251,277.0,2024-01-12 21:39:22.799213,Did not match description,1.0,824.12
11550,77487,2251,789.0,2023-12-22 21:39:22.799213,Did not match description,1.0,117.0
11551,77487,2251,173.0,2023-12-23 21:39:22.799213,Defective,1.0,1010.52
11552,77496,15610,817.0,2021-09-30 03:18:21.329031,Did not match description,2.0,775.64
11553,77496,15610,836.0,2021-09-10 03:18:21.329031,Defective,2.0,2045.56
11554,77496,15610,310.0,2021-09-12 03:18:21.329031,Wrong Item,1.0,210.88
11560,77537,12807,300.0,2022-08-02 04:54:51.589071,Did not match description,1.0,757.93
11561,77537,12807,810.0,2022-08-16 04:54:51.589071,Did not match description,1.0,108.56
11572,77622,2070,885.0,2022-10-21 14:59:13.847733,Defective,2.0,117.28
11573,77622,2070,437.0,2022-10-24 14:59:13.847733,Wrong Item,1.0,27.76
11574,77622,2070,459.0,2022-10-14 14:59:13.847733,Wrong Item,1.0,233.16
11578,77678,4837,356.0,2023-06-06 17:36:05.475733,Did not match description,2.0,452.58
11579,77678,4837,555.0,2023-06-12 17:36:05.475733,Wrong Item,1.0,1114.66
11580,77678,4837,92.0,2023-06-27 17:36:05.475733,Did not match description,5.0,1629.25
11597,77833,56,394.0,2023-08-05 19:18:16.753215,Wrong Item,1.0,47.91
11598,77833,56,839.0,2023-08-20 19:18:16.753215,Changed Mind,2.0,380.42
11609,77900,7929,663.0,2023-10-12 18:57:53.258140,Defective,1.0,2013.01
11611,77923,10201,741.0,2022-06-28 11:33:30.659140,Did not match description,1.0,114.36
11639,78013,17467,952.0,2022-05-11 18:25:10.063652,Defective,2.0,3674.4
11640,78013,17467,558.0,2022-05-04 18:25:10.063652,Did not match description,5.0,1932.25
11641,78013,17467,626.0,2022-05-23 18:25:10.063652,Defective,1.0,45.93
11642,78022,11705,130.0,2023-06-21 14:46:15.332080,Changed Mind,3.0,203.55
11643,78022,11705,282.0,2023-07-03 14:46:15.332080,Defective,2.0,1355.7
11647,78039,16842,518.0,2023-04-19 01:56:22.296372,Defective,2.0,1141.8
11648,78039,16842,254.0,2023-05-05 01:56:22.296372,Did not match description,1.0,1066.87
11649,78039,16842,260.0,2023-04-20 01:56:22.296372,Wrong Item,1.0,765.6
11650,78069,4207,741.0,2023-01-03 19:58:51.369459,Changed Mind,1.0,114.36
11651,78069,4207,819.0,2023-01-11 19:58:51.369459,Did not match description,1.0,166.65
11652,78077,9822,522.0,2023-11-19 02:27:12.342211,Wrong Item,1.0,1312.45
11653,78077,9822,110.0,2023-10-25 02:27:12.342211,Wrong Item,1.0,312.27
11654,78091,13146,187.0,2023-10-26 00:25:33.352073,Defective,1.0,2319.97
11655,78125,13389,8.0,2023-05-07 12:46:51.941906,Changed Mind,2.0,532.94
11656,78125,13389,996.0,2023-04-14 12:46:51.941906,Wrong Item,1.0,377.2
11658,78145,9267,73.0,2023-09-02 06:57:24.509877,Did not match description,1.0,1445.74
11669,78221,360,571.0,2023-11-30 08:57:32.086879,Did not match description,1.0,81.78
11670,78221,360,187.0,2023-12-17 08:57:32.086879,Wrong Item,1.0,2319.97
11674,78282,723,31.0,2023-03-12 00:19:38.232010,Wrong Item,2.0,156.24
11675,78282,723,986.0,2023-03-18 00:19:38.232010,Did not match description,1.0,107.31
11680,78325,4496,216.0,2022-07-06 09:34:11.113200,Did not match description,2.0,986.38
11682,78337,6978,549.0,2023-11-13 23:28:34.519298,Did not match description,4.0,852.2
11683,78337,6978,823.0,2023-11-09 23:28:34.519298,Wrong Item,1.0,266.26
11688,78401,7486,55.0,2021-06-21 07:31:08.512348,Changed Mind,1.0,205.17
11689,78401,7486,121.0,2021-06-18 07:31:08.512348,Changed Mind,1.0,783.22
11690,78437,11636,300.0,2023-06-24 18:17:20.013488,Defective,1.0,757.93
11691,78437,11636,444.0,2023-07-11 18:17:20.013488,Changed Mind,1.0,1561.99
11698,78569,17463,276.0,2023-09-27 01:18:51.594060,Defective,1.0,327.58
11705,78648,18502,182.0,2023-08-15 02:40:33.312937,Did not match description,1.0,445.12
11706,78648,18502,559.0,2023-07-20 02:40:33.312937,Changed Mind,1.0,1652.88
11707,78648,18502,872.0,2023-08-12 02:40:33.312937,Changed Mind,4.0,395.36
11708,78648,18502,286.0,2023-08-10 02:40:33.312937,Changed Mind,2.0,2834.82
11737,78875,1992,414.0,2022-03-22 01:20:29.674355,Did not match description,1.0,231.86
11738,78875,1992,653.0,2022-04-11 01:20:29.674355,Changed Mind,1.0,240.29
11739,78875,1992,480.0,2022-03-26 01:20:29.674355,Changed Mind,2.0,367.4
11740,78875,1992,899.0,2022-04-05 01:20:29.674355,Did not match description,3.0,413.73
11741,78875,1992,322.0,2022-04-18 01:20:29.674355,Did not match description,2.0,617.16
11742,78877,2952,494.0,2023-11-21 05:55:26.422107,Defective,1.0,142.11
11744,78899,911,557.0,2023-04-21 06:38:06.704824,Changed Mind,1.0,329.92
11745,78899,911,871.0,2023-05-09 06:38:06.704824,Changed Mind,3.0,330.96
11746,78899,911,281.0,2023-05-07 06:38:06.704824,Defective,1.0,626.98
11747,78912,3147,376.0,2023-07-04 09:47:50.504766,Wrong Item,1.0,325.66
11748,78912,3147,209.0,2023-06-07 09:47:50.504766,Defective,1.0,1601.65
11749,78912,3147,662.0,2023-06-13 09:47:50.504766,Defective,1.0,30.79
11750,78912,3147,666.0,2023-06-18 09:47:50.504766,Defective,4.0,639.0
11751,78919,14712,297.0,2022-11-30 03:08:23.062799,Did not match description,1.0,194.37
11752,78919,14712,708.0,2022-12-14 03:08:23.062799,Changed Mind,1.0,1759.55
11753,78919,14712,758.0,2022-11-29 03:08:23.062799,Defective,3.0,705.12
11761,78988,13596,738.0,2023-08-30 08:19:38.284528,Did not match description,1.0,128.98
11762,78996,588,449.0,2023-10-08 19:01:08.094340,Did not match description,1.0,149.13
11763,78996,588,538.0,2023-10-05 19:01:08.094340,Changed Mind,1.0,529.86
11775,79149,9580,430.0,2023-12-19 20:05:26.848723,Wrong Item,4.0,1474.88
11776,79149,9580,144.0,2023-12-04 20:05:26.848723,Defective,2.0,136.06
11777,79192,19806,295.0,2023-11-10 00:08:41.313061,Defective,3.0,4480.32
11778,79192,19806,484.0,2023-11-09 00:08:41.313061,Defective,1.0,341.57
11779,79201,19443,621.0,2022-06-25 03:42:43.442591,Changed Mind,1.0,1538.95
11783,79217,2856,733.0,2022-10-24 07:37:02.403499,Wrong Item,1.0,363.44
11787,79253,18646,693.0,2023-09-22 09:03:58.542773,Defective,5.0,269.85
11790,79276,19054,942.0,2023-08-01 21:29:17.132547,Defective,1.0,2011.46
11791,79276,19054,955.0,2023-07-15 21:29:17.132547,Did not match description,1.0,802.3
11792,79280,12680,495.0,2024-01-27 20:41:54.135475,Defective,2.0,45.41
11793,79280,12680,970.0,2024-01-10 20:41:54.135475,Changed Mind,1.0,2391.38
11794,79280,12680,136.0,2024-01-19 20:41:54.135475,Did not match description,1.0,523.56
11795,79286,5141,627.0,2023-04-29 01:24:44.489973,Defective,1.0,48.69
11806,79372,9405,278.0,2023-02-07 04:01:55.900555,Changed Mind,1.0,302.06
11807,79372,9405,690.0,2023-02-14 04:01:55.900555,Defective,3.0,444.36
11808,79379,17148,949.0,2023-10-09 07:39:37.733151,Did not match description,2.0,339.98
11811,79419,924,77.0,2024-01-03 22:15:34.185797,Changed Mind,1.0,1129.11
11812,79419,924,67.0,2023-12-31 22:15:34.185797,Changed Mind,1.0,1525.47
11826,79482,11811,114.0,2024-01-11 05:12:15.909786,Changed Mind,2.0,2312.56
11838,79577,16236,600.0,2023-11-14 21:15:12.516224,Did not match description,2.0,1713.52
11839,79578,9029,40.0,2023-06-15 21:35:41.016929,Did not match description,1.0,2169.9
11840,79578,9029,569.0,2023-06-12 21:35:41.016929,Changed Mind,1.0,2254.34
11841,79578,9029,246.0,2023-06-14 21:35:41.016929,Changed Mind,1.0,375.06
11842,79578,9029,473.0,2023-06-23 21:35:41.016929,Wrong Item,1.0,426.2
11843,79578,9029,310.0,2023-06-05 21:35:41.016929,Wrong Item,1.0,189.79
11844,79582,8707,827.0,2023-11-09 07:06:17.538759,Changed Mind,1.0,1522.42
11845,79584,2142,894.0,2023-12-29 13:27:16.425863,Wrong Item,1.0,188.42
11846,79584,2142,147.0,2024-01-06 13:27:16.425863,Wrong Item,1.0,363.97
11847,79584,2142,229.0,2023-12-29 13:27:16.425863,Wrong Item,1.0,612.94
11848,79585,13303,614.0,2022-07-01 03:54:12.483715,Defective,1.0,32.34
11849,79585,13303,566.0,2022-06-29 03:54:12.483715,Did not match description,1.0,645.45
11850,79586,11312,378.0,2023-12-27 23:18:37.718892,Wrong Item,1.0,783.66
11872,79692,12945,680.0,2023-12-29 20:41:10.834026,Changed Mind,3.0,593.73
11877,79783,6105,824.0,2022-07-23 22:11:21.143839,Changed Mind,1.0,1275.72
11882,79801,3230,246.0,2023-03-10 00:44:30.676949,Changed Mind,1.0,375.06
11883,79801,3230,284.0,2023-03-06 00:44:30.676949,Changed Mind,2.0,409.57
11884,79801,3230,262.0,2023-03-05 00:44:30.676949,Did not match description,2.0,1311.6
11885,79801,3230,1000.0,2023-03-21 00:44:30.676949,Defective,1.0,137.07
11888,79836,2466,855.0,2021-07-07 05:27:51.557086,Wrong Item,1.0,841.5
11889,79836,2466,463.0,2021-07-05 05:27:51.557086,Changed Mind,1.0,1250.19
11890,79842,16641,557.0,2023-12-03 22:28:20.216820,Did not match description,1.0,329.92
11891,79842,16641,850.0,2023-12-10 22:28:20.216820,Did not match description,1.0,398.38
11892,79842,16641,419.0,2023-12-10 22:28:20.216820,Defective,1.0,162.53
11898,79902,10227,966.0,2022-10-20 00:34:44.938085,Did not match description,4.0,780.8
11899,79902,10227,492.0,2022-10-30 00:34:44.938085,Did not match description,1.0,90.47
11904,79940,2705,527.0,2023-07-28 01:26:33.402916,Did not match description,1.0,161.52
11913,79976,17231,557.0,2023-08-31 03:17:45.876672,Changed Mind,1.0,329.92
11914,79988,8779,64.0,2024-01-02 23:32:58.803910,Changed Mind,2.0,2418.76
11917,80043,3206,97.0,2023-10-20 05:01:51.588827,Defective,1.0,243.53
11918,80058,9220,600.0,2022-05-22 19:27:36.414784,Did not match description,3.0,2570.28
11923,80065,18374,453.0,2023-04-11 09:39:18.347804,Did not match description,1.0,155.46
11924,80065,18374,663.0,2023-04-05 09:39:18.347804,Changed Mind,1.0,2368.25
11928,80134,19214,990.0,2022-03-27 05:54:48.437565,Changed Mind,4.0,422.6
11929,80134,19214,615.0,2022-03-31 05:54:48.437565,Wrong Item,1.0,1206.62
11930,80134,19214,478.0,2022-03-14 05:54:48.437565,Did not match description,1.0,162.26
11932,80147,2140,846.0,2022-10-03 15:37:53.594800,Defective,1.0,148.86
11933,80147,2140,148.0,2022-10-08 15:37:53.594800,Wrong Item,1.0,1892.03
11934,80147,2140,314.0,2022-10-25 15:37:53.594800,Changed Mind,1.0,670.66
11936,80171,5907,31.0,2022-12-29 23:18:32.914070,Did not match description,1.0,78.12
11942,80207,4130,282.0,2022-08-26 23:21:22.099762,Did not match description,1.0,677.85
11943,80207,4130,679.0,2022-08-24 23:21:22.099762,Defective,1.0,1109.05
11944,80216,19262,494.0,2023-06-30 05:24:38.004927,Changed Mind,1.0,113.69
11945,80235,4612,170.0,2023-09-29 15:21:07.238002,Defective,1.0,344.21
11946,80235,4612,409.0,2023-10-23 15:21:07.238002,Wrong Item,1.0,132.0
11948,80245,5561,903.0,2023-11-22 14:52:46.533978,Changed Mind,1.0,1470.13
11949,80250,8733,555.0,2023-06-24 03:20:45.050838,Changed Mind,2.0,2229.32
11950,80250,8733,302.0,2023-06-25 03:20:45.050838,Defective,1.0,412.57
11952,80255,1556,474.0,2023-09-14 08:09:02.300301,Defective,4.0,307.32
11953,80260,1807,682.0,2023-09-30 04:00:32.879433,Changed Mind,1.0,1296.55
11955,80294,3068,274.0,2023-08-29 17:42:11.505011,Did not match description,2.0,683.76
11956,80294,3068,717.0,2023-09-01 17:42:11.505011,Wrong Item,1.0,180.88
11957,80294,3068,9.0,2023-09-11 17:42:11.505011,Wrong Item,3.0,132.51
11961,80345,3537,276.0,2022-07-31 01:13:06.960552,Did not match description,1.0,262.06
11970,80398,11525,281.0,2023-01-22 18:46:39.658225,Changed Mind,1.0,626.98
11971,80398,11525,151.0,2023-01-09 18:46:39.658225,Defective,4.0,741.04
11978,80418,17180,528.0,2023-05-05 21:41:10.293619,Wrong Item,2.0,3335.18
11996,80561,15992,323.0,2023-12-27 16:14:39.851637,Did not match description,1.0,807.6
12002,80625,9500,608.0,2022-02-06 14:29:38.489227,Changed Mind,2.0,566.72
12003,80625,9500,885.0,2022-01-28 14:29:38.489227,Defective,1.0,58.64
12004,80625,9500,803.0,2022-02-01 14:29:38.489227,Changed Mind,1.0,282.4
12009,80656,13257,313.0,2023-10-27 10:27:58.723511,Wrong Item,1.0,158.03
12010,80667,14375,351.0,2023-10-28 09:14:40.279549,Defective,2.0,680.96
12011,80667,14375,430.0,2023-11-21 09:14:40.279549,Changed Mind,3.0,1106.16
12012,80667,14375,140.0,2023-11-18 09:14:40.279549,Defective,2.0,396.99
12013,80667,14375,203.0,2023-11-03 09:14:40.279549,Wrong Item,3.0,758.06
12018,80748,9763,533.0,2023-11-29 02:17:32.967796,Changed Mind,1.0,884.83
12030,80819,1611,550.0,2023-12-26 19:58:53.613366,Did not match description,1.0,1861.23
12032,80828,15819,614.0,2024-01-02 01:23:29.747415,Did not match description,1.0,32.34
12044,80916,13460,803.0,2021-11-13 08:58:35.434761,Defective,1.0,282.4
12045,80916,13460,767.0,2021-10-22 08:58:35.434761,Did not match description,1.0,699.21
12046,80916,13460,70.0,2021-10-29 08:58:35.434761,Defective,1.0,958.17
12048,80923,7027,622.0,2024-01-17 15:40:46.364295,Changed Mind,1.0,2175.36
12049,80923,7027,278.0,2024-01-07 15:40:46.364295,Wrong Item,1.0,302.06
12050,80926,17089,618.0,2024-01-05 06:03:35.589368,Changed Mind,1.0,178.18
12051,80927,5723,867.0,2023-11-25 19:59:18.510752,Changed Mind,1.0,113.48
12061,80965,14619,528.0,2022-11-05 21:29:17.184517,Wrong Item,1.0,1667.59
12062,80983,18422,939.0,2023-10-28 00:05:31.537790,Wrong Item,2.0,2488.52
12070,81090,13726,640.0,2021-09-22 14:46:46.297030,Defective,3.0,2882.67
12071,81090,13726,900.0,2021-10-05 14:46:46.297030,Defective,1.0,194.06
12072,81090,13726,692.0,2021-10-01 14:46:46.297030,Changed Mind,1.0,266.71
12073,81090,13726,704.0,2021-09-19 14:46:46.297030,Wrong Item,1.0,1602.41
12079,81123,1122,821.0,2023-10-18 22:26:02.207763,Wrong Item,4.0,163.0
12085,81179,15373,171.0,2023-11-09 11:53:48.357394,Did not match description,4.0,1211.44
12086,81179,15373,996.0,2023-11-19 11:53:48.357394,Wrong Item,3.0,1131.6
12089,81198,11479,860.0,2023-01-07 02:01:50.540957,Defective,1.0,220.15
12098,81236,11989,281.0,2023-06-26 17:21:24.341935,Defective,1.0,532.93
12099,81236,11989,821.0,2023-06-22 17:21:24.341935,Did not match description,1.0,40.75
12103,81310,17768,211.0,2022-01-18 02:58:11.573176,Did not match description,1.0,191.77
12104,81310,17768,706.0,2021-12-23 02:58:11.573176,Did not match description,1.0,1260.6
12105,81315,1255,717.0,2023-10-24 02:39:05.090319,Changed Mind,3.0,542.64
12109,81342,11695,102.0,2023-10-30 19:14:21.675770,Did not match description,1.0,1366.69
12110,81342,11695,762.0,2023-10-23 19:14:21.675770,Wrong Item,2.0,210.14
12121,81438,12275,180.0,2023-11-24 18:14:28.213831,Defective,1.0,1463.94
12122,81438,12275,641.0,2023-11-06 18:14:28.213831,Did not match description,2.0,2632.12
12123,81438,12275,801.0,2023-11-25 18:14:28.213831,Wrong Item,1.0,824.66
12136,81576,10817,364.0,2022-11-16 05:45:43.881484,Changed Mind,1.0,344.94
12139,81599,13160,573.0,2023-09-30 15:20:37.801382,Did not match description,2.0,134.24
12140,81599,13160,333.0,2023-10-06 15:20:37.801382,Defective,3.0,1646.46
12141,81607,18827,377.0,2023-06-30 14:55:46.610156,Did not match description,3.0,467.34
12142,81607,18827,827.0,2023-07-21 14:55:46.610156,Changed Mind,4.0,6089.68
12149,81635,4530,146.0,2023-10-14 02:28:45.503223,Did not match description,1.0,104.0
12150,81635,4530,614.0,2023-10-02 02:28:45.503223,Did not match description,4.0,129.36
12151,81635,4530,236.0,2023-09-16 02:28:45.503223,Defective,1.0,132.0
12158,81663,10220,887.0,2021-04-09 13:07:44.563442,Defective,2.0,327.53
12159,81663,10220,473.0,2021-04-30 13:07:44.563442,Wrong Item,2.0,852.4
12160,81673,13674,600.0,2023-09-03 23:41:50.911034,Changed Mind,4.0,3427.04
12164,81731,10898,522.0,2022-09-16 00:49:07.750882,Wrong Item,1.0,1312.45
12175,81808,18370,210.0,2022-11-24 23:52:46.036567,Wrong Item,2.0,435.06
12176,81833,1875,403.0,2023-11-01 21:39:00.100208,Did not match description,1.0,119.82
12177,81833,1875,177.0,2023-10-08 21:39:00.100208,Defective,2.0,831.8
12178,81833,1875,429.0,2023-10-19 21:39:00.100208,Changed Mind,2.0,624.56
12179,81833,1875,440.0,2023-11-01 21:39:00.100208,Did not match description,1.0,990.13
12182,81861,2822,768.0,2023-09-11 14:53:26.688432,Wrong Item,1.0,155.05
12183,81861,2822,70.0,2023-09-14 14:53:26.688432,Did not match description,1.0,958.17
12194,81920,6854,452.0,2023-04-11 10:13:04.954426,Did not match description,1.0,1649.26
12196,81962,2716,712.0,2023-08-30 20:43:40.764556,Did not match description,2.0,502.35
12197,81975,17044,595.0,2022-02-16 00:39:55.734246,Changed Mind,1.0,193.83
12198,81975,17044,870.0,2022-01-26 00:39:55.734246,Wrong Item,1.0,165.74
12199,81975,17044,26.0,2022-02-10 00:39:55.734246,Wrong Item,1.0,128.43
12201,82013,17097,86.0,2022-10-16 07:30:11.885165,Did not match description,1.0,190.33
12202,82013,17097,669.0,2022-09-29 07:30:11.885165,Defective,1.0,1220.75
12203,82016,14024,40.0,2023-12-06 07:10:12.974710,Did not match description,1.0,2712.38
12211,82125,6,60.0,2022-04-25 07:11:43.308672,Defective,1.0,1261.43
12213,82135,4476,514.0,2023-06-19 03:40:01.198076,Wrong Item,2.0,1584.2
12214,82135,4476,65.0,2023-06-20 03:40:01.198076,Changed Mind,1.0,354.38
12219,82157,2271,347.0,2023-02-16 08:18:43.129330,Changed Mind,1.0,201.83
12230,82277,417,56.0,2024-01-07 06:30:16.629873,Did not match description,1.0,57.61
12231,82277,417,577.0,2024-01-01 06:30:16.629873,Did not match description,1.0,449.04
12232,82277,417,768.0,2023-12-25 06:30:16.629873,Did not match description,2.0,310.1
12236,82295,14546,140.0,2024-01-11 17:31:54.655799,Defective,1.0,248.12
12237,82303,6471,527.0,2023-12-30 00:50:53.376609,Did not match description,1.0,129.22
12238,82303,6471,26.0,2024-01-04 00:50:53.376609,Changed Mind,1.0,128.43
12239,82303,6471,783.0,2023-12-20 00:50:53.376609,Changed Mind,1.0,1219.87
12244,82355,4622,406.0,2023-10-31 15:19:48.674006,Wrong Item,3.0,4771.97
12245,82355,4622,661.0,2023-10-11 15:19:48.674006,Changed Mind,1.0,339.74
12246,82362,18140,278.0,2023-12-23 15:58:38.184573,Defective,2.0,604.12
12247,82362,18140,909.0,2024-01-06 15:58:38.184573,Defective,2.0,213.01
12248,82368,8528,356.0,2023-09-06 23:13:33.436824,Did not match description,1.0,226.29
12252,82387,17564,437.0,2023-12-21 15:54:03.594960,Did not match description,3.0,83.28
12253,82387,17564,255.0,2023-12-16 15:54:03.594960,Wrong Item,1.0,1222.71
12257,82417,2637,801.0,2023-07-11 00:24:04.938261,Wrong Item,1.0,824.66
12259,82425,16472,714.0,2023-08-02 20:39:21.398037,Changed Mind,3.0,884.09
12260,82425,16472,78.0,2023-07-13 20:39:21.398037,Wrong Item,2.0,503.35
12261,82425,16472,327.0,2023-07-20 20:39:21.398037,Wrong Item,2.0,900.9
12264,82466,13006,61.0,2022-10-14 05:42:16.246819,Did not match description,1.0,233.6
12265,82466,13006,541.0,2022-10-25 05:42:16.246819,Changed Mind,1.0,1452.14
12266,82473,8046,313.0,2023-05-21 08:58:33.102137,Defective,1.0,197.54
12277,82595,16556,281.0,2022-05-01 06:51:40.017724,Wrong Item,1.0,626.98
12280,82631,14088,449.0,2023-05-12 12:24:24.490146,Did not match description,1.0,149.13
12281,82631,14088,433.0,2023-05-27 12:24:24.490146,Changed Mind,1.0,251.87
12283,82670,12298,549.0,2022-05-12 22:30:27.082291,Changed Mind,1.0,170.44
12284,82670,12298,255.0,2022-05-14 22:30:27.082291,Did not match description,2.0,2445.42
12285,82670,12298,467.0,2022-04-30 22:30:27.082291,Did not match description,1.0,1082.43
12286,82670,12298,611.0,2022-05-06 22:30:27.082291,Wrong Item,1.0,55.13
12288,82751,10332,916.0,2023-12-17 05:46:12.305271,Wrong Item,1.0,2034.18
12289,82751,10332,134.0,2024-01-02 05:46:12.305271,Wrong Item,1.0,108.0
12290,82751,10332,79.0,2024-01-14 05:46:12.305271,Did not match description,2.0,1133.49
12291,82755,14879,426.0,2024-01-04 13:17:28.871926,Wrong Item,3.0,5483.67
12294,82817,18083,902.0,2023-12-29 14:59:28.783666,Did not match description,1.0,285.76
12295,82817,18083,430.0,2024-01-03 14:59:28.783666,Wrong Item,1.0,368.72
12305,82861,19439,418.0,2023-07-02 17:10:15.162284,Did not match description,4.0,7701.88
12306,82861,19439,894.0,2023-07-10 17:10:15.162284,Wrong Item,1.0,221.67
12313,82906,14664,637.0,2023-04-13 20:34:35.623449,Defective,1.0,412.22
12321,82942,2089,871.0,2022-10-23 01:34:33.511393,Defective,4.0,551.6
12322,82942,2089,616.0,2022-10-18 01:34:33.511393,Did not match description,1.0,253.11
12323,82942,2089,645.0,2022-10-20 01:34:33.511393,Defective,1.0,239.07
12324,82958,15604,866.0,2023-09-14 16:27:55.394840,Defective,1.0,301.62
12325,82958,15604,219.0,2023-09-20 16:27:55.394840,Changed Mind,1.0,831.49
12332,83009,9548,437.0,2023-11-28 23:58:36.170193,Changed Mind,1.0,27.76
12333,83009,9548,800.0,2023-11-26 23:58:36.170193,Changed Mind,1.0,187.96
12334,83009,9548,322.0,2023-12-04 23:58:36.170193,Defective,1.0,308.58
12344,83080,15840,661.0,2023-03-19 07:25:13.120073,Changed Mind,1.0,288.78
12352,83138,18293,637.0,2023-04-18 09:24:05.861013,Did not match description,1.0,515.27
12357,83168,11413,825.0,2023-08-18 06:37:58.500097,Did not match description,1.0,103.35
12358,83168,11413,626.0,2023-08-08 06:37:58.500097,Defective,2.0,91.86
12359,83168,11413,503.0,2023-08-21 06:37:58.500097,Did not match description,1.0,708.07
12360,83168,11413,560.0,2023-08-24 06:37:58.500097,Defective,1.0,1034.52
12370,83231,6240,784.0,2021-06-15 01:41:45.598051,Defective,1.0,733.22
12371,83231,6240,503.0,2021-06-15 01:41:45.598051,Defective,1.0,708.07
12372,83231,6240,874.0,2021-06-05 01:41:45.598051,Defective,1.0,1234.8
12373,83231,6240,585.0,2021-05-31 01:41:45.598051,Wrong Item,1.0,173.7
12377,83306,16364,150.0,2023-05-05 09:06:54.635801,Changed Mind,1.0,1236.32
12378,83306,16364,751.0,2023-05-13 09:06:54.635801,Changed Mind,3.0,546.62
12379,83306,16364,409.0,2023-05-01 09:06:54.635801,Wrong Item,1.0,165.0
12380,83306,16364,567.0,2023-05-22 09:06:54.635801,Changed Mind,2.0,267.58
12385,83348,15150,494.0,2022-09-02 15:10:01.459349,Did not match description,5.0,710.55
12386,83348,15150,273.0,2022-09-05 15:10:01.459349,Changed Mind,1.0,150.98
12393,83375,1972,420.0,2023-06-27 03:25:31.084473,Defective,1.0,2061.65
12394,83390,17594,522.0,2023-11-09 16:07:00.776944,Did not match description,1.0,1312.45
12395,83390,17594,927.0,2023-11-12 16:07:00.776944,Wrong Item,2.0,893.41
12396,83390,17594,446.0,2023-11-21 16:07:00.776944,Wrong Item,1.0,353.94
12397,83390,17594,951.0,2023-10-29 16:07:00.776944,Changed Mind,1.0,980.54
12399,83403,4186,368.0,2023-11-02 01:56:47.795883,Did not match description,1.0,1197.77
12400,83403,4186,307.0,2023-11-07 01:56:47.795883,Defective,1.0,132.51
12401,83403,4186,529.0,2023-10-25 01:56:47.795883,Did not match description,2.0,119.05
12413,83448,13967,600.0,2023-05-24 19:29:02.675983,Did not match description,1.0,856.76
12414,83448,13967,924.0,2023-06-04 19:29:02.675983,Changed Mind,1.0,298.61
12415,83448,13967,33.0,2023-06-19 19:29:02.675983,Wrong Item,1.0,188.06
12416,83448,13967,611.0,2023-06-12 19:29:02.675983,Did not match description,1.0,55.13
12417,83448,13967,848.0,2023-05-27 19:29:02.675983,Wrong Item,4.0,316.56
12418,83466,18783,200.0,2022-07-07 23:47:08.382528,Changed Mind,1.0,181.65
12420,83481,18837,585.0,2023-05-30 19:14:52.674741,Did not match description,1.0,193.0
12421,83481,18837,27.0,2023-06-07 19:14:52.674741,Defective,1.0,599.64
12428,83547,7327,716.0,2023-12-26 01:55:01.163714,Wrong Item,3.0,1927.92
12429,83547,7327,651.0,2023-12-31 01:55:01.163714,Changed Mind,2.0,2526.78
12430,83547,7327,61.0,2023-12-31 01:55:01.163714,Did not match description,2.0,467.2
12433,83556,2633,57.0,2023-01-04 07:46:57.393892,Did not match description,2.0,2187.98
12434,83556,2633,45.0,2022-12-22 07:46:57.393892,Changed Mind,1.0,126.02
12435,83558,6813,543.0,2023-12-12 01:10:35.700465,Did not match description,2.0,4279.22
12436,83580,13020,926.0,2023-11-24 01:07:04.088577,Wrong Item,1.0,1235.92
12437,83580,13020,282.0,2023-11-30 01:07:04.088577,Wrong Item,1.0,677.85
12449,83643,12428,221.0,2022-10-24 00:48:03.598670,Defective,5.0,3652.4
12450,83643,12428,915.0,2022-10-14 00:48:03.598670,Changed Mind,1.0,2283.14
12451,83643,12428,833.0,2022-11-03 00:48:03.598670,Did not match description,1.0,1067.34
12452,83643,12428,343.0,2022-10-25 00:48:03.598670,Wrong Item,1.0,166.29
12460,83708,12209,979.0,2023-04-04 02:38:15.802088,Defective,1.0,30.34
12461,83708,12209,8.0,2023-04-04 02:38:15.802088,Changed Mind,2.0,532.94
12462,83726,1180,555.0,2023-09-02 16:34:29.597911,Did not match description,1.0,1114.66
12463,83726,1180,706.0,2023-08-29 16:34:29.597911,Defective,1.0,1260.6
12470,83838,6229,703.0,2023-10-26 14:45:45.164306,Did not match description,1.0,357.5
12471,83838,6229,433.0,2023-10-26 14:45:45.164306,Wrong Item,2.0,559.72
12472,83845,19509,571.0,2021-10-10 07:51:48.360676,Wrong Item,1.0,81.78
12474,83859,6019,222.0,2023-10-16 01:47:53.808224,Wrong Item,4.0,2273.8
12481,83944,14275,915.0,2023-04-23 00:54:09.207377,Defective,1.0,2283.14
12492,84011,239,20.0,2023-11-15 07:31:40.535134,Changed Mind,1.0,402.25
12494,84032,10376,502.0,2023-06-08 22:07:57.112512,Wrong Item,1.0,600.28
12498,84109,247,654.0,2023-12-03 10:23:06.656442,Wrong Item,1.0,231.52
12499,84109,247,596.0,2023-11-23 10:23:06.656442,Changed Mind,1.0,186.78
12501,84145,17506,866.0,2023-04-09 05:52:00.837721,Wrong Item,2.0,603.24
12502,84145,17506,831.0,2023-03-18 05:52:00.837721,Wrong Item,3.0,703.57
12503,84145,17506,758.0,2023-03-21 05:52:00.837721,Did not match description,1.0,211.54
12504,84145,17506,370.0,2023-04-08 05:52:00.837721,Changed Mind,1.0,127.96
12515,84193,9970,158.0,2023-11-04 01:54:01.500589,Changed Mind,1.0,32.25
12516,84193,9970,214.0,2023-11-19 01:54:01.500589,Did not match description,1.0,697.72
12521,84231,8919,978.0,2022-08-15 13:01:34.936639,Defective,4.0,1127.16
12522,84231,8919,519.0,2022-08-21 13:01:34.936639,Changed Mind,1.0,471.34
12535,84372,2230,24.0,2023-05-27 22:20:53.749736,Changed Mind,1.0,49.3
12536,84372,2230,926.0,2023-06-25 22:20:53.749736,Changed Mind,2.0,2471.84
12538,84388,14110,405.0,2023-06-02 15:05:03.767217,Wrong Item,2.0,359.3
12539,84388,14110,67.0,2023-05-20 15:05:03.767217,Wrong Item,1.0,1372.92
12540,84388,14110,108.0,2023-05-19 15:05:03.767217,Changed Mind,1.0,2131.29
12545,84422,19573,943.0,2022-11-15 09:33:06.515139,Did not match description,2.0,1140.16
12546,84422,19573,103.0,2022-11-22 09:33:06.515139,Defective,1.0,282.73
12547,84422,19573,358.0,2022-11-05 09:33:06.515139,Did not match description,1.0,68.68
12548,84422,19573,610.0,2022-11-28 09:33:06.515139,Defective,4.0,2174.8
12551,84440,19320,669.0,2023-05-08 03:45:00.456753,Wrong Item,3.0,3662.25
12554,84482,19333,924.0,2024-01-04 06:28:36.261535,Defective,1.0,268.75
12557,84503,12549,322.0,2023-12-18 05:28:35.506172,Defective,1.0,308.58
12558,84503,12549,524.0,2023-12-13 05:28:35.506172,Wrong Item,1.0,1375.63
12559,84504,4137,440.0,2023-12-24 06:33:18.443957,Defective,1.0,1164.86
12560,84527,14085,329.0,2023-12-25 22:55:08.083813,Defective,1.0,64.98
12563,84531,5195,87.0,2023-11-14 14:02:03.560046,Wrong Item,1.0,474.24
12564,84531,5195,950.0,2023-11-14 14:02:03.560046,Changed Mind,1.0,1370.29
12565,84531,5195,918.0,2023-10-22 14:02:03.560046,Wrong Item,1.0,85.13
12566,84543,1683,409.0,2022-03-05 23:35:40.036706,Changed Mind,1.0,165.0
12567,84543,1683,247.0,2022-03-07 23:35:40.036706,Defective,4.0,4306.04
12568,84543,1683,863.0,2022-02-19 23:35:40.036706,Changed Mind,1.0,592.86
12569,84543,1683,589.0,2022-02-21 23:35:40.036706,Defective,1.0,141.29
12573,84610,4608,827.0,2024-01-04 12:05:56.358165,Defective,3.0,4567.26
12574,84614,3348,31.0,2023-05-04 16:02:03.507728,Wrong Item,1.0,78.12
12575,84615,15451,645.0,2021-07-22 13:21:17.273415,Defective,1.0,281.26
12576,84615,15451,646.0,2021-07-16 13:21:17.273415,Defective,2.0,1297.76
12577,84615,15451,71.0,2021-07-24 13:21:17.273415,Did not match description,2.0,1768.56
12580,84620,8043,378.0,2023-12-05 17:38:36.367570,Wrong Item,1.0,783.66
12581,84628,18006,722.0,2023-11-03 07:35:01.035698,Did not match description,5.0,5386.48
12587,84690,11527,465.0,2023-07-09 01:09:17.601858,Defective,1.0,873.48
12592,84749,9807,580.0,2022-03-28 06:29:44.757303,Changed Mind,1.0,128.25
12593,84749,9807,821.0,2022-03-25 06:29:44.757303,Did not match description,2.0,81.5
12598,84783,15017,214.0,2023-06-17 06:12:34.679787,Did not match description,1.0,697.72
12599,84783,15017,751.0,2023-06-17 06:12:34.679787,Wrong Item,2.0,455.52
12600,84785,3930,268.0,2023-06-09 03:17:53.789611,Did not match description,1.0,177.95
12601,84791,4125,550.0,2022-02-08 23:29:04.857437,Did not match description,2.0,3722.46
12602,84791,4125,648.0,2022-02-17 23:29:04.857437,Defective,2.0,5115.92
12606,84816,11274,999.0,2023-08-19 10:05:30.404126,Defective,2.0,692.14
12614,84867,9817,367.0,2022-06-11 04:26:24.164004,Wrong Item,1.0,463.13
12615,84867,9817,411.0,2022-06-23 04:26:24.164004,Defective,1.0,308.03
12616,84867,9817,653.0,2022-06-09 04:26:24.164004,Did not match description,1.0,240.29
12617,84886,6224,522.0,2022-06-25 02:07:44.391704,Defective,5.0,6562.25
12618,84886,6224,328.0,2022-06-19 02:07:44.391704,Changed Mind,2.0,449.92
12623,84914,12250,579.0,2023-12-01 02:26:00.983040,Wrong Item,1.0,358.33
12624,84914,12250,632.0,2023-12-02 02:26:00.983040,Defective,1.0,1818.78
12625,84941,13036,182.0,2023-10-20 06:33:01.150389,Wrong Item,2.0,756.7
12626,84941,13036,850.0,2023-10-14 06:33:01.150389,Changed Mind,2.0,885.28
12627,84941,13036,161.0,2023-10-25 06:33:01.150389,Defective,1.0,698.16
12628,84941,13036,318.0,2023-10-20 06:33:01.150389,Did not match description,2.0,387.24
12629,84954,18382,679.0,2022-03-09 07:58:07.883869,Did not match description,1.0,1109.05
12630,84954,18382,500.0,2022-02-17 07:58:07.883869,Changed Mind,1.0,2371.69
12631,84954,18382,410.0,2022-02-19 07:58:07.883869,Changed Mind,1.0,179.4
12635,84991,5617,92.0,2023-11-28 08:06:58.106790,Changed Mind,1.0,325.85
12636,84991,5617,533.0,2023-12-05 08:06:58.106790,Did not match description,1.0,884.83
12637,84991,5617,766.0,2023-12-11 08:06:58.106790,Defective,1.0,325.5
12638,84991,5617,30.0,2023-11-15 08:06:58.106790,Did not match description,1.0,1477.15
12639,85016,17113,578.0,2023-12-27 19:41:37.355085,Did not match description,1.0,402.89
12641,85047,2960,560.0,2022-06-15 23:38:37.981770,Defective,1.0,1034.52
12642,85047,2960,658.0,2022-06-11 23:38:37.981770,Did not match description,1.0,969.65
12643,85047,2960,55.0,2022-05-31 23:38:37.981770,Defective,1.0,205.17
12644,85047,2960,987.0,2022-06-24 23:38:37.981770,Defective,1.0,103.53
12647,85078,5850,265.0,2022-12-01 23:00:01.231380,Changed Mind,5.0,8638.35
12648,85078,5850,585.0,2022-11-29 23:00:01.231380,Did not match description,1.0,193.0
12653,85120,7805,214.0,2023-12-12 03:17:36.335522,Changed Mind,1.0,697.72
12654,85120,7805,65.0,2023-12-14 03:17:36.335522,Did not match description,1.0,354.38
12659,85184,826,255.0,2023-10-17 00:31:21.686130,Did not match description,1.0,1222.71
12661,85213,10178,741.0,2023-04-12 23:44:27.689300,Wrong Item,1.0,114.36
12662,85213,10178,480.0,2023-04-16 23:44:27.689300,Changed Mind,1.0,183.7
12663,85213,10178,675.0,2023-04-14 23:44:27.689300,Wrong Item,1.0,91.73
12670,85252,11492,121.0,2023-12-09 18:41:27.697443,Changed Mind,5.0,3916.1
12675,85278,3594,282.0,2023-11-13 10:25:54.557285,Defective,3.0,2033.55
12676,85278,3594,154.0,2023-11-19 10:25:54.557285,Did not match description,1.0,101.02
12677,85278,3594,728.0,2023-11-13 10:25:54.557285,Defective,2.0,841.56
12687,85344,18511,289.0,2023-11-25 07:21:03.030104,Changed Mind,3.0,4019.82
12688,85351,8236,60.0,2023-08-31 05:01:55.447892,Changed Mind,1.0,1261.43
12689,85351,8236,607.0,2023-08-23 05:01:55.447892,Changed Mind,1.0,717.32
12693,85382,9259,788.0,2022-05-28 22:23:06.883986,Changed Mind,3.0,619.24
12694,85382,9259,759.0,2022-06-06 22:23:06.883986,Wrong Item,1.0,86.33
12698,85413,17476,450.0,2023-11-20 00:53:50.814405,Did not match description,1.0,155.46
12699,85413,17476,741.0,2023-11-13 00:53:50.814405,Wrong Item,1.0,114.36
12700,85417,18,37.0,2023-06-28 15:51:25.377194,Wrong Item,3.0,2946.09
12701,85417,18,952.0,2023-06-14 15:51:25.377194,Defective,1.0,1837.2
12702,85417,18,552.0,2023-06-24 15:51:25.377194,Defective,1.0,1742.4
12704,85431,2440,794.0,2022-07-25 13:35:38.972142,Did not match description,1.0,554.56
12705,85431,2440,948.0,2022-07-25 13:35:38.972142,Defective,1.0,349.55
12711,85493,12947,925.0,2023-01-04 11:42:56.244939,Defective,1.0,639.68
12712,85496,9015,690.0,2021-09-30 15:55:35.582584,Changed Mind,1.0,118.5
12713,85496,9015,321.0,2021-10-04 15:55:35.582584,Defective,1.0,903.32
12714,85496,9015,857.0,2021-10-04 15:55:35.582584,Defective,1.0,446.66
12717,85509,16551,678.0,2023-03-11 09:09:32.909252,Did not match description,1.0,417.89
12731,85543,8178,903.0,2023-10-25 04:25:26.623092,Changed Mind,1.0,1470.13
12733,85547,14842,585.0,2023-10-03 18:40:37.892790,Did not match description,3.0,579.0
12740,85558,3270,67.0,2023-03-04 18:45:24.495089,Wrong Item,1.0,1525.47
12741,85570,19196,67.0,2024-01-02 11:00:55.465793,Defective,2.0,3050.94
12742,85570,19196,316.0,2023-12-27 11:00:55.465793,Defective,1.0,1770.66
12743,85574,10974,328.0,2023-04-11 15:45:58.840202,Did not match description,3.0,573.65
12755,85700,9778,276.0,2023-05-16 23:49:03.296696,Defective,1.0,327.58
12756,85700,9778,969.0,2023-04-28 23:49:03.296696,Changed Mind,3.0,3661.19
12764,85761,23,33.0,2023-12-15 22:49:51.531070,Did not match description,1.0,188.06
12765,85761,23,228.0,2024-01-02 22:49:51.531070,Did not match description,1.0,38.21
12771,85855,13442,349.0,2023-08-23 19:58:50.996864,Defective,1.0,20.27
12772,85856,11947,801.0,2021-10-19 10:12:40.000165,Changed Mind,2.0,1319.46
12773,85856,11947,621.0,2021-10-30 10:12:40.000165,Changed Mind,1.0,1231.16
12774,85859,10175,311.0,2022-08-09 08:55:47.828963,Wrong Item,1.0,419.56
12775,85859,10175,988.0,2022-08-30 08:55:47.828963,Did not match description,3.0,477.9
12776,85859,10175,440.0,2022-08-08 08:55:47.828963,Defective,1.0,1164.86
12777,85883,14251,11.0,2023-05-20 10:45:55.812295,Changed Mind,4.0,1344.92
12778,85883,14251,687.0,2023-05-21 10:45:55.812295,Did not match description,4.0,158.72
12781,85966,2163,621.0,2023-03-01 13:05:21.482418,Did not match description,4.0,6155.8
12782,85966,2163,846.0,2023-03-04 13:05:21.482418,Wrong Item,4.0,595.44
12785,86000,14425,468.0,2023-03-28 14:18:56.614051,Defective,1.0,378.9
12786,86000,14425,410.0,2023-03-21 14:18:56.614051,Did not match description,4.0,717.6
12787,86000,14425,543.0,2023-03-11 14:18:56.614051,Did not match description,4.0,7274.67
12788,86013,2657,679.0,2022-05-24 05:52:44.300891,Wrong Item,1.0,1109.05
12792,86033,15189,255.0,2022-12-13 12:04:17.807824,Changed Mind,1.0,1222.71
12793,86034,17828,60.0,2023-12-10 21:03:06.267128,Defective,4.0,5045.72
12794,86034,17828,8.0,2023-12-14 21:03:06.267128,Wrong Item,2.0,532.94
12797,86041,17366,508.0,2024-01-03 11:09:00.262424,Changed Mind,1.0,887.22
12798,86041,17366,631.0,2024-01-16 11:09:00.262424,Wrong Item,1.0,161.95
12799,86041,17366,219.0,2023-12-23 11:09:00.262424,Defective,1.0,831.49
12800,86043,13334,73.0,2022-07-14 18:04:13.747618,Did not match description,1.0,1445.74
12804,86098,8103,385.0,2023-01-14 16:13:37.910948,Wrong Item,1.0,418.35
12805,86098,8103,386.0,2023-01-10 16:13:37.910948,Defective,1.0,76.12
12806,86111,15409,823.0,2023-10-27 12:29:52.687018,Did not match description,3.0,798.78
12809,86155,2531,446.0,2022-11-20 00:06:03.655975,Defective,3.0,1061.82
12810,86155,2531,72.0,2022-10-27 00:06:03.655975,Did not match description,1.0,1864.79
12811,86155,2531,824.0,2022-11-13 00:06:03.655975,Defective,1.0,1275.72
12816,86222,13086,593.0,2023-11-11 04:43:57.730052,Changed Mind,1.0,773.9
12817,86222,13086,990.0,2023-11-16 04:43:57.730052,Did not match description,3.0,316.95
12818,86236,8004,722.0,2023-10-02 08:34:38.111342,Changed Mind,1.0,1346.62
12819,86236,8004,463.0,2023-10-18 08:34:38.111342,Defective,1.0,1062.66
12820,86236,8004,912.0,2023-09-26 08:34:38.111342,Wrong Item,2.0,528.26
12821,86239,19888,14.0,2023-08-14 21:27:37.546531,Wrong Item,1.0,341.77
12822,86239,19888,219.0,2023-08-27 21:27:37.546531,Defective,1.0,831.49
12826,86292,2523,398.0,2022-08-29 04:16:46.786447,Defective,1.0,1280.68
12827,86292,2523,601.0,2022-08-27 04:16:46.786447,Changed Mind,1.0,726.64
12828,86292,2523,859.0,2022-08-17 04:16:46.786447,Wrong Item,1.0,1769.95
12834,86361,15456,801.0,2023-08-21 06:22:26.492927,Wrong Item,1.0,824.66
12835,86371,2110,893.0,2023-07-24 23:19:23.034515,Wrong Item,3.0,484.59
12861,86544,4783,690.0,2023-10-10 15:31:54.260862,Defective,1.0,118.5
12870,86592,15599,138.0,2022-12-01 06:41:19.908198,Defective,5.0,650.9
12876,86626,18044,986.0,2023-04-15 15:30:01.935872,Wrong Item,1.0,107.31
12877,86626,18044,816.0,2023-03-26 15:30:01.935872,Changed Mind,1.0,292.12
12878,86634,4544,238.0,2022-09-14 18:08:43.891482,Did not match description,1.0,1033.06
12879,86634,4544,117.0,2022-09-15 18:08:43.891482,Wrong Item,1.0,111.1
12880,86649,13754,992.0,2023-08-02 13:45:11.413882,Wrong Item,3.0,4512.12
12881,86649,13754,315.0,2023-08-02 13:45:11.413882,Changed Mind,1.0,2110.45
12886,86689,6001,661.0,2023-12-18 05:24:46.182498,Wrong Item,2.0,679.48
12887,86689,6001,647.0,2023-12-01 05:24:46.182498,Did not match description,1.0,326.72
12888,86695,17606,169.0,2022-02-18 06:54:15.454609,Defective,1.0,632.23
12889,86695,17606,354.0,2022-02-18 06:54:15.454609,Wrong Item,3.0,4286.06
12905,86795,9098,276.0,2023-08-26 17:29:19.621177,Wrong Item,2.0,655.16
12906,86795,9098,89.0,2023-08-20 17:29:19.621177,Changed Mind,1.0,2097.21
12907,86795,9098,298.0,2023-08-23 17:29:19.621177,Defective,2.0,4688.2
12910,86822,9313,756.0,2023-11-04 15:03:51.917923,Wrong Item,1.0,329.48
12911,86822,9313,838.0,2023-11-07 15:03:51.917923,Defective,1.0,50.64
12913,86918,13100,688.0,2022-05-21 17:03:52.893034,Changed Mind,1.0,127.8
12914,86924,7266,560.0,2023-06-11 20:07:15.408977,Defective,5.0,4655.34
12915,86927,11829,320.0,2023-06-29 09:00:50.693209,Changed Mind,1.0,1092.99
12917,86934,15022,728.0,2023-10-16 19:04:57.122277,Did not match description,1.0,378.7
12923,86985,13478,622.0,2023-07-12 23:42:24.388888,Changed Mind,1.0,2175.36
12927,87004,17831,538.0,2023-06-16 06:13:35.965217,Defective,1.0,529.86
12937,87032,15636,971.0,2023-06-10 13:19:27.229861,Did not match description,1.0,437.89
12939,87038,19876,403.0,2022-08-11 23:55:13.856539,Wrong Item,1.0,119.82
12940,87038,19876,255.0,2022-07-28 23:55:13.856539,Did not match description,1.0,1222.71
12943,87095,6365,741.0,2022-11-23 14:05:32.469278,Wrong Item,1.0,114.36
12944,87095,6365,734.0,2022-11-30 14:05:32.469278,Changed Mind,4.0,579.64
12945,87099,6487,73.0,2024-01-24 23:43:59.375051,Changed Mind,1.0,1156.59
12948,87101,13194,147.0,2024-01-14 16:20:00.405323,Wrong Item,1.0,363.97
12949,87101,13194,990.0,2024-01-14 16:20:00.405323,Defective,2.0,179.6
12954,87111,19696,409.0,2023-06-05 19:14:29.179569,Wrong Item,1.0,165.0
12955,87114,4100,850.0,2023-11-28 15:22:13.203915,Changed Mind,1.0,354.11
12956,87130,13148,754.0,2023-07-24 06:43:58.565510,Changed Mind,1.0,692.84
12957,87130,13148,658.0,2023-08-03 06:43:58.565510,Changed Mind,1.0,824.2
12960,87225,9565,889.0,2021-06-22 00:41:55.789121,Defective,2.0,40.99
12961,87225,9565,942.0,2021-07-20 00:41:55.789121,Changed Mind,1.0,1709.74
12962,87229,17504,980.0,2023-11-30 03:10:47.555656,Changed Mind,1.0,642.02
12963,87229,17504,32.0,2023-12-05 03:10:47.555656,Did not match description,1.0,1600.42
12964,87229,17504,356.0,2023-11-28 03:10:47.555656,Defective,1.0,226.29
12968,87349,10312,300.0,2023-01-24 11:21:02.068536,Changed Mind,1.0,644.24
12970,87352,5566,636.0,2023-05-29 00:26:26.273012,Changed Mind,4.0,1092.4
12971,87352,5566,131.0,2023-06-11 00:26:26.273012,Wrong Item,1.0,80.91
12978,87403,6486,356.0,2023-03-01 14:19:11.003360,Defective,1.0,226.29
12979,87403,6486,839.0,2023-03-27 14:19:11.003360,Defective,1.0,190.21
12980,87430,3976,998.0,2024-01-18 16:02:03.126138,Did not match description,1.0,56.55
12981,87430,3976,866.0,2023-12-31 16:02:03.126138,Changed Mind,1.0,301.62
12982,87439,2695,266.0,2023-11-18 01:38:25.396405,Did not match description,1.0,231.16
12983,87439,2695,136.0,2023-12-04 01:38:25.396405,Wrong Item,2.0,1047.12
12993,87488,3252,518.0,2023-03-24 10:37:11.285939,Did not match description,1.0,570.9
12994,87488,3252,766.0,2023-04-04 10:37:11.285939,Wrong Item,1.0,276.68
12995,87488,3252,422.0,2023-04-06 10:37:11.285939,Did not match description,4.0,10602.72
12997,87493,13434,827.0,2023-11-06 12:08:44.735765,Changed Mind,1.0,1522.42
13005,87555,8501,600.0,2023-05-22 13:06:47.617046,Did not match description,1.0,728.25
13007,87561,15829,465.0,2024-01-08 11:18:08.111348,Did not match description,3.0,2620.44
13008,87561,15829,918.0,2024-01-13 11:18:08.111348,Defective,1.0,85.13
13018,87636,8747,644.0,2023-05-07 13:19:56.351772,Changed Mind,1.0,2168.99
13019,87636,8747,862.0,2023-05-10 13:19:56.351772,Changed Mind,2.0,975.22
13020,87647,8235,77.0,2023-08-25 21:34:21.128944,Did not match description,1.0,1129.11
13021,87647,8235,354.0,2023-08-11 21:34:21.128944,Defective,1.0,1587.43
13022,87647,8235,289.0,2023-08-01 21:34:21.128944,Defective,1.0,1339.94
13023,87647,8235,118.0,2023-08-03 21:34:21.128944,Defective,1.0,747.3
13036,87825,17031,336.0,2022-07-20 08:26:21.817657,Defective,3.0,668.46
13037,87825,17031,723.0,2022-07-04 08:26:21.817657,Wrong Item,1.0,566.77
13038,87825,17031,756.0,2022-07-07 08:26:21.817657,Changed Mind,1.0,263.58
13060,87983,8250,930.0,2023-11-07 04:06:02.603531,Changed Mind,1.0,183.16
13061,87983,8250,618.0,2023-10-28 04:06:02.603531,Changed Mind,3.0,534.54
13065,88007,2502,128.0,2022-12-08 14:26:07.871218,Defective,3.0,4386.51
13066,88018,8293,313.0,2023-11-07 00:49:52.893553,Changed Mind,1.0,197.54
13067,88018,8293,789.0,2023-11-03 00:49:52.893553,Did not match description,1.0,117.0
13068,88018,8293,4.0,2023-11-01 00:49:52.893553,Defective,1.0,309.14
13069,88018,8293,737.0,2023-11-02 00:49:52.893553,Wrong Item,1.0,349.37
13070,88021,8345,5.0,2022-08-13 20:28:48.204706,Wrong Item,1.0,140.87
13071,88021,8345,847.0,2022-07-30 20:28:48.204706,Did not match description,1.0,437.4
13073,88028,6887,963.0,2023-10-26 07:56:27.299765,Wrong Item,4.0,1161.12
13074,88028,6887,452.0,2023-10-18 07:56:27.299765,Changed Mind,3.0,5820.9
13075,88030,7249,40.0,2021-12-08 14:10:02.491179,Wrong Item,1.0,2712.38
13076,88082,10053,362.0,2022-11-26 23:33:08.975389,Changed Mind,2.0,577.46
13077,88082,10053,992.0,2022-12-13 23:33:08.975389,Defective,1.0,1504.04
13078,88082,10053,838.0,2022-12-15 23:33:08.975389,Defective,1.0,50.64
13079,88096,14960,185.0,2023-04-16 05:46:57.415993,Defective,1.0,250.92
13080,88096,14960,197.0,2023-04-26 05:46:57.415993,Did not match description,3.0,972.77
13081,88096,14960,325.0,2023-04-15 05:46:57.415993,Wrong Item,3.0,731.16
13086,88158,17876,320.0,2022-06-16 01:19:36.274536,Defective,2.0,2732.48
13088,88193,13006,528.0,2023-01-13 14:40:45.233815,Changed Mind,1.0,1667.59
13089,88193,13006,180.0,2023-01-03 14:40:45.233815,Changed Mind,1.0,1463.94
13103,88287,16596,219.0,2024-01-02 02:35:27.344269,Did not match description,3.0,2494.47
13106,88296,11833,338.0,2023-01-28 17:22:09.487859,Changed Mind,1.0,722.35
13107,88296,11833,167.0,2023-02-01 17:22:09.487859,Changed Mind,1.0,722.21
13108,88296,11833,872.0,2023-01-25 17:22:09.487859,Defective,2.0,168.03
13109,88296,11833,602.0,2023-02-10 17:22:09.487859,Defective,1.0,187.38
13123,88372,19917,909.0,2022-11-27 07:33:47.814313,Defective,1.0,133.13
13124,88382,4623,821.0,2023-11-12 07:40:18.461498,Changed Mind,1.0,40.75
13125,88382,4623,50.0,2023-10-15 07:40:18.461498,Defective,1.0,405.09
13126,88382,4623,963.0,2023-11-04 07:40:18.461498,Defective,1.0,290.28
13128,88391,8759,35.0,2022-12-03 12:07:49.867136,Defective,1.0,242.25
13129,88391,8759,290.0,2022-11-21 12:07:49.867136,Did not match description,2.0,183.86
13134,88406,6169,516.0,2023-04-26 09:52:34.564990,Changed Mind,3.0,283.85
13135,88406,6169,32.0,2023-04-28 09:52:34.564990,Defective,2.0,3200.84
13136,88406,6169,620.0,2023-04-16 09:52:34.564990,Defective,1.0,1331.27
13137,88406,6169,459.0,2023-04-14 09:52:34.564990,Wrong Item,2.0,466.32
13138,88406,6169,850.0,2023-04-10 09:52:34.564990,Did not match description,1.0,442.64
13142,88439,16978,324.0,2023-07-03 17:07:41.864320,Changed Mind,1.0,225.61
13143,88439,16978,902.0,2023-06-24 17:07:41.864320,Changed Mind,1.0,285.76
13148,88452,15364,527.0,2022-10-28 01:56:40.803923,Defective,2.0,323.04
13149,88452,15364,696.0,2022-10-31 01:56:40.803923,Defective,1.0,1027.94
13150,88452,15364,641.0,2022-10-30 01:56:40.803923,Changed Mind,1.0,1316.06
13165,88577,19167,11.0,2024-01-13 12:16:09.801919,Wrong Item,1.0,336.23
13166,88583,1676,247.0,2022-09-01 11:30:02.983688,Did not match description,4.0,4306.04
13167,88583,1676,812.0,2022-08-25 11:30:02.983688,Wrong Item,1.0,1008.38
13168,88583,1676,126.0,2022-08-18 11:30:02.983688,Did not match description,2.0,3378.98
13169,88583,1676,388.0,2022-08-14 11:30:02.983688,Wrong Item,1.0,1254.84
13170,88600,3297,838.0,2024-01-11 06:16:12.135483,Did not match description,2.0,101.28
13174,88639,2192,698.0,2023-06-21 17:29:22.401121,Defective,1.0,1484.26
13175,88639,2192,960.0,2023-06-23 17:29:22.401121,Wrong Item,1.0,95.43
13176,88639,2192,113.0,2023-07-01 17:29:22.401121,Did not match description,2.0,709.98
13178,88642,9298,926.0,2023-09-01 15:10:37.778220,Wrong Item,1.0,1235.92
13179,88642,9298,925.0,2023-08-24 15:10:37.778220,Changed Mind,2.0,1279.36
13180,88642,9298,708.0,2023-09-13 15:10:37.778220,Changed Mind,1.0,1759.55
13181,88642,9298,978.0,2023-09-08 15:10:37.778220,Defective,2.0,563.58
13182,88645,13217,671.0,2023-10-05 21:45:11.176658,Changed Mind,1.0,206.15
13183,88645,13217,105.0,2023-09-28 21:45:11.176658,Changed Mind,1.0,154.79
13184,88652,12063,364.0,2023-03-09 19:50:26.024169,Did not match description,1.0,365.23
13185,88660,11721,682.0,2022-03-12 08:27:04.797025,Changed Mind,1.0,1296.55
13186,88660,11721,830.0,2022-03-12 08:27:04.797025,Defective,1.0,87.92
13198,88696,4881,685.0,2023-12-31 05:13:12.207993,Did not match description,1.0,171.99
13199,88696,4881,885.0,2024-01-02 05:13:12.207993,Changed Mind,1.0,49.84
13201,88727,9155,421.0,2023-08-09 03:40:41.222182,Did not match description,1.0,163.59
13202,88727,9155,214.0,2023-08-22 03:40:41.222182,Changed Mind,1.0,697.72
13203,88732,9704,467.0,2023-12-27 19:43:03.251802,Defective,1.0,1082.43
13205,88745,17837,129.0,2023-08-12 00:58:38.986671,Changed Mind,1.0,293.28
13206,88745,17837,333.0,2023-08-10 00:58:38.986671,Wrong Item,1.0,609.8
13214,88813,11234,219.0,2022-02-24 19:08:31.814619,Changed Mind,2.0,1662.98
13215,88813,11234,955.0,2022-03-06 19:08:31.814619,Did not match description,3.0,2406.9
13218,88842,11809,245.0,2022-09-11 16:58:57.262937,Defective,1.0,83.47
13223,88855,6759,637.0,2023-11-11 10:46:25.077894,Wrong Item,1.0,515.27
13224,88855,6759,676.0,2023-10-27 10:46:25.077894,Defective,3.0,1237.95
13225,88859,2412,911.0,2023-11-26 02:14:45.059518,Did not match description,1.0,286.93
13234,88943,12021,769.0,2022-07-11 08:29:11.107638,Did not match description,3.0,1435.68
13235,88943,12021,680.0,2022-07-27 08:29:11.107638,Wrong Item,1.0,197.91
13236,88943,12021,564.0,2022-07-04 08:29:11.107638,Defective,1.0,2327.59
13238,88955,9394,188.0,2023-01-06 10:26:49.715864,Defective,1.0,102.25
13239,88955,9394,356.0,2023-01-13 10:26:49.715864,Defective,1.0,181.03
13240,88955,9394,571.0,2023-01-05 10:26:49.715864,Wrong Item,4.0,327.12
13241,88962,913,200.0,2022-12-07 16:25:37.328288,Did not match description,1.0,145.32
13242,88962,913,759.0,2022-11-17 16:25:37.328288,Changed Mind,1.0,86.33
13250,88999,7714,979.0,2023-01-24 04:04:52.770865,Wrong Item,3.0,91.02
13251,88999,7714,663.0,2023-02-08 04:04:52.770865,Changed Mind,1.0,1894.6
13255,89037,15730,610.0,2023-07-27 12:25:17.365808,Did not match description,1.0,604.11
13256,89037,15730,159.0,2023-07-28 12:25:17.365808,Wrong Item,1.0,269.18
13257,89037,15730,699.0,2023-07-25 12:25:17.365808,Did not match description,1.0,663.21
13259,89061,2426,457.0,2023-12-25 01:16:20.655677,Defective,1.0,162.94
13260,89061,2426,528.0,2023-12-18 01:16:20.655677,Changed Mind,1.0,1667.59
13261,89061,2426,853.0,2023-12-28 01:16:20.655677,Wrong Item,1.0,184.79
13262,89064,1870,714.0,2023-09-15 07:04:19.279768,Did not match description,1.0,368.37
13263,89064,1870,866.0,2023-09-16 07:04:19.279768,Did not match description,1.0,301.62
13264,89069,5597,653.0,2023-12-10 02:52:07.805594,Changed Mind,3.0,612.74
13265,89069,5597,724.0,2023-11-14 02:52:07.805594,Did not match description,1.0,1780.3
13266,89070,16783,277.0,2023-10-03 23:05:42.886154,Did not match description,1.0,824.12
13267,89070,16783,356.0,2023-10-14 23:05:42.886154,Changed Mind,2.0,452.58
13268,89070,16783,991.0,2023-10-17 23:05:42.886154,Wrong Item,1.0,306.12
13272,89100,9589,391.0,2023-07-03 12:42:57.962753,Wrong Item,1.0,307.36
13273,89100,9589,948.0,2023-07-12 12:42:57.962753,Changed Mind,2.0,559.28
13274,89107,19824,48.0,2021-08-26 16:36:33.450401,Defective,1.0,1307.39
13275,89107,19824,216.0,2021-09-03 16:36:33.450401,Changed Mind,1.0,443.87
13277,89137,15961,18.0,2022-08-18 16:21:04.865339,Did not match description,2.0,56.14
13278,89137,15961,12.0,2022-09-01 16:21:04.865339,Did not match description,1.0,1266.22
13279,89137,15961,378.0,2022-08-30 16:21:04.865339,Changed Mind,1.0,783.66
13280,89137,15961,391.0,2022-08-16 16:21:04.865339,Changed Mind,3.0,829.87
13281,89157,4555,762.0,2023-04-24 18:33:00.295822,Changed Mind,1.0,131.34
13282,89157,4555,21.0,2023-04-26 18:33:00.295822,Wrong Item,1.0,1667.92
13284,89188,13745,569.0,2023-06-25 11:36:33.331210,Changed Mind,1.0,2254.34
13285,89188,13745,428.0,2023-06-28 11:36:33.331210,Did not match description,1.0,1424.37
13286,89188,13745,371.0,2023-06-15 11:36:33.331210,Did not match description,2.0,270.94
13298,89289,3826,579.0,2023-07-30 22:46:19.400646,Changed Mind,1.0,421.56
13299,89289,3826,295.0,2023-08-16 22:46:19.400646,Defective,1.0,1493.44
13311,89352,10012,262.0,2023-03-04 08:17:43.463105,Wrong Item,1.0,655.8
13314,89399,5167,894.0,2022-05-02 20:32:26.853634,Changed Mind,1.0,199.5
13315,89399,5167,64.0,2022-05-07 20:32:26.853634,Wrong Item,1.0,1209.38
13316,89413,6200,876.0,2023-10-01 07:17:16.318022,Defective,1.0,286.35
13318,89423,15926,23.0,2023-09-23 23:09:03.223531,Did not match description,1.0,96.66
13319,89423,15926,440.0,2023-10-03 23:09:03.223531,Wrong Item,1.0,1164.86
13331,89452,290,705.0,2023-04-24 23:25:35.102410,Wrong Item,1.0,77.0
13347,89605,9370,739.0,2022-12-13 15:29:09.736348,Did not match description,1.0,254.78
13348,89605,9370,260.0,2022-12-09 15:29:09.736348,Changed Mind,2.0,1531.2
13349,89605,9370,53.0,2022-11-25 15:29:09.736348,Changed Mind,1.0,1782.9
13350,89605,9370,950.0,2022-12-04 15:29:09.736348,Did not match description,1.0,1370.29
13351,89605,9370,871.0,2022-12-09 15:29:09.736348,Wrong Item,1.0,137.9
13354,89669,14007,690.0,2023-05-18 19:34:06.981960,Did not match description,1.0,148.12
13365,89777,7502,458.0,2023-02-16 05:39:32.115282,Did not match description,1.0,103.0
13366,89777,7502,311.0,2023-02-10 05:39:32.115282,Wrong Item,3.0,1069.88
13367,89777,7502,225.0,2023-01-21 05:39:32.115282,Did not match description,1.0,938.96
13368,89779,8294,522.0,2023-11-03 07:50:21.001967,Changed Mind,1.0,1312.45
13373,89809,8466,31.0,2023-04-05 03:09:27.934899,Defective,4.0,312.48
13374,89809,8466,346.0,2023-03-27 03:09:27.934899,Changed Mind,1.0,138.2
13375,89809,8466,363.0,2023-04-01 03:09:27.934899,Defective,5.0,1539.45
13376,89814,14187,698.0,2023-10-10 21:09:13.537107,Defective,1.0,1649.18
13377,89814,14187,731.0,2023-10-22 21:09:13.537107,Did not match description,4.0,530.82
13378,89814,14187,653.0,2023-10-07 21:09:13.537107,Did not match description,1.0,192.23
13380,89826,15116,517.0,2023-03-13 17:40:02.332415,Wrong Item,1.0,73.31
13381,89826,15116,543.0,2023-02-16 17:40:02.332415,Defective,4.0,7702.6
13382,89829,6099,333.0,2024-01-02 16:45:11.145158,Wrong Item,2.0,975.68
13385,89855,11572,893.0,2022-02-18 19:53:00.324531,Changed Mind,1.0,129.22
13389,89882,13999,217.0,2023-08-06 03:35:05.549876,Wrong Item,2.0,2209.01
13390,89882,13999,590.0,2023-07-28 03:35:05.549876,Defective,2.0,416.0
13394,89908,9413,605.0,2021-11-29 19:55:17.712653,Wrong Item,2.0,496.24
13396,89914,19427,149.0,2023-12-05 00:16:22.135221,Wrong Item,1.0,426.62
13397,89914,19427,295.0,2023-12-01 00:16:22.135221,Did not match description,1.0,1493.44
13404,89959,15989,742.0,2023-11-11 23:44:45.871772,Did not match description,1.0,1393.57
13405,89960,11552,788.0,2023-04-09 11:24:40.850335,Did not match description,1.0,242.84
13406,89960,11552,627.0,2023-04-13 11:24:40.850335,Changed Mind,1.0,43.82
13413,90013,11124,453.0,2022-08-29 07:19:20.530405,Wrong Item,2.0,310.92
13414,90013,11124,880.0,2022-08-08 07:19:20.530405,Did not match description,1.0,223.49
13418,90070,15392,175.0,2024-01-02 23:03:38.644280,Did not match description,1.0,148.2
13419,90070,15392,990.0,2024-01-26 23:03:38.644280,Did not match description,4.0,422.6
13427,90134,2916,411.0,2022-07-04 14:43:23.958918,Changed Mind,2.0,616.06
13428,90134,2916,56.0,2022-07-01 14:43:23.958918,Defective,1.0,64.01
13431,90143,9304,960.0,2022-07-19 15:41:01.890669,Defective,1.0,95.43
13432,90143,9304,764.0,2022-07-01 15:41:01.890669,Changed Mind,3.0,408.02
13436,90165,6163,406.0,2023-10-28 12:55:17.944532,Defective,1.0,1988.32
13437,90165,6163,639.0,2023-10-27 12:55:17.944532,Defective,1.0,323.96
13438,90165,6163,230.0,2023-10-28 12:55:17.944532,Defective,1.0,207.67
13439,90165,6163,722.0,2023-10-25 12:55:17.944532,Did not match description,2.0,2693.24
13440,90172,15972,657.0,2023-11-09 21:14:51.582956,Changed Mind,3.0,2670.96
13441,90172,15972,565.0,2023-10-22 21:14:51.582956,Wrong Item,3.0,124.83
13442,90172,15972,768.0,2023-10-23 21:14:51.582956,Changed Mind,1.0,155.05
13451,90213,9714,952.0,2022-11-26 03:11:40.794322,Did not match description,1.0,1837.2
13452,90213,9714,522.0,2022-11-16 03:11:40.794322,Defective,1.0,1312.45
13453,90235,14397,321.0,2023-01-29 13:23:16.824820,Did not match description,1.0,903.32
13454,90235,14397,846.0,2023-02-05 13:23:16.824820,Changed Mind,2.0,267.95
13457,90267,2296,15.0,2023-02-28 16:12:18.347447,Wrong Item,1.0,115.01
13458,90267,2296,352.0,2023-02-17 16:12:18.347447,Did not match description,2.0,1713.02
13459,90272,515,456.0,2023-08-13 07:11:26.549331,Wrong Item,1.0,165.23
13460,90272,515,278.0,2023-07-28 07:11:26.549331,Changed Mind,5.0,1510.3
13461,90272,515,129.0,2023-08-10 07:11:26.549331,Changed Mind,3.0,879.84
13462,90277,1516,347.0,2024-01-14 11:04:49.710993,Wrong Item,3.0,544.94
13463,90277,1516,517.0,2024-01-10 11:04:49.710993,Changed Mind,1.0,73.31
13468,90300,13446,529.0,2023-12-02 03:28:06.470623,Defective,1.0,70.03
13471,90316,12411,971.0,2022-03-15 11:14:13.656704,Defective,1.0,515.17
13472,90316,12411,416.0,2022-04-01 11:14:13.656704,Did not match description,1.0,341.74
13478,90332,12671,959.0,2023-08-09 06:12:48.633935,Defective,1.0,122.18
13500,90469,14650,530.0,2022-09-24 15:18:51.392824,Changed Mind,1.0,1501.66
13501,90469,14650,575.0,2022-09-16 15:18:51.392824,Did not match description,1.0,701.43
13502,90469,14650,523.0,2022-10-05 15:18:51.392824,Changed Mind,1.0,344.72
13505,90507,16052,395.0,2022-11-08 11:05:13.744478,Wrong Item,1.0,1435.49
13506,90507,16052,300.0,2022-11-07 11:05:13.744478,Did not match description,2.0,1515.86
13507,90507,16052,485.0,2022-11-16 11:05:13.744478,Did not match description,1.0,571.15
13508,90507,16052,360.0,2022-11-01 11:05:13.744478,Changed Mind,1.0,1328.97
13523,90615,9290,222.0,2022-10-03 17:21:20.818925,Did not match description,2.0,1136.9
13524,90615,9290,304.0,2022-10-24 17:21:20.818925,Changed Mind,1.0,175.86
13535,90729,6779,77.0,2022-11-15 02:13:03.392431,Wrong Item,2.0,2258.22
13541,90739,4395,364.0,2023-04-09 23:57:56.279967,Did not match description,1.0,405.81
13542,90747,18756,736.0,2022-03-29 02:06:24.358676,Changed Mind,1.0,341.5
13543,90747,18756,843.0,2022-03-17 02:06:24.358676,Did not match description,1.0,544.69
13544,90747,18756,691.0,2022-03-06 02:06:24.358676,Wrong Item,1.0,552.09
13545,90747,18756,627.0,2022-03-25 02:06:24.358676,Did not match description,1.0,48.69
13546,90747,18756,294.0,2022-03-11 02:06:24.358676,Changed Mind,1.0,353.34
13551,90798,10637,67.0,2023-10-05 13:09:02.362322,Did not match description,1.0,1525.47
13556,90850,871,762.0,2022-12-04 00:37:33.490280,Changed Mind,1.0,131.34
13559,90912,10571,443.0,2023-12-20 20:34:40.264882,Wrong Item,1.0,1597.84
13560,90916,6654,11.0,2023-06-24 13:52:58.842534,Changed Mind,4.0,1344.92
13566,90941,6979,29.0,2023-10-06 21:58:31.356558,Defective,1.0,305.85
13567,90941,6979,925.0,2023-10-13 21:58:31.356558,Wrong Item,1.0,639.68
13568,90964,13333,445.0,2023-04-12 12:03:56.812413,Defective,1.0,138.05
13569,90964,13333,80.0,2023-04-28 12:03:56.812413,Did not match description,1.0,174.4
13570,90964,13333,688.0,2023-04-15 12:03:56.812413,Defective,1.0,127.8
13571,90964,13333,229.0,2023-05-04 12:03:56.812413,Did not match description,1.0,766.18
13572,90964,13333,153.0,2023-04-20 12:03:56.812413,Changed Mind,1.0,378.71
13573,90977,9107,236.0,2023-08-16 03:11:46.070094,Defective,1.0,165.0
13574,90977,9107,737.0,2023-09-12 03:11:46.070094,Wrong Item,1.0,349.37
13585,91028,3644,462.0,2023-02-28 22:13:35.278559,Wrong Item,1.0,208.58
13586,91028,3644,73.0,2023-02-20 22:13:35.278559,Defective,1.0,1445.74
13588,91059,14645,2.0,2023-12-13 08:55:16.124891,Defective,2.0,2129.14
13589,91059,14645,332.0,2023-12-31 08:55:16.124891,Changed Mind,1.0,2250.91
13590,91059,14645,315.0,2024-01-02 08:55:16.124891,Defective,1.0,2110.45
13591,91059,14645,804.0,2024-01-01 08:55:16.124891,Did not match description,1.0,88.91
13593,91072,11393,661.0,2022-12-31 11:35:54.091686,Did not match description,1.0,339.74
13596,91111,8357,653.0,2023-10-13 21:52:04.997675,Defective,1.0,204.25
13608,91227,8300,644.0,2023-04-18 23:06:28.673497,Defective,1.0,1735.19
13609,91227,8300,999.0,2023-04-08 23:06:28.673497,Did not match description,2.0,814.28
13610,91227,8300,911.0,2023-04-16 23:06:28.673497,Wrong Item,1.0,337.56
13621,91285,4306,720.0,2023-09-16 01:37:27.556904,Changed Mind,3.0,3799.65
13622,91285,4306,860.0,2023-09-13 01:37:27.556904,Defective,2.0,352.24
13636,91319,15978,364.0,2023-12-06 22:55:36.269836,Wrong Item,1.0,405.81
13637,91319,15978,812.0,2023-12-19 22:55:36.269836,Changed Mind,1.0,1008.38
13640,91337,7804,762.0,2023-11-27 03:36:41.700643,Defective,1.0,131.34
13642,91343,4925,263.0,2023-09-02 06:17:53.071873,Wrong Item,1.0,571.7
13643,91352,3913,860.0,2022-08-03 17:18:38.321690,Did not match description,1.0,220.15
13657,91467,17646,160.0,2022-09-10 19:15:48.382184,Defective,2.0,4919.62
13658,91467,17646,262.0,2022-08-24 19:15:48.382184,Wrong Item,2.0,1311.6
13661,91492,6037,811.0,2023-12-24 10:40:42.061180,Wrong Item,2.0,379.92
13665,91601,6512,788.0,2024-01-07 00:07:28.260610,Did not match description,1.0,218.56
13674,91714,10073,445.0,2024-01-05 00:34:12.183042,Changed Mind,1.0,138.05
13675,91714,10073,430.0,2024-01-16 00:34:12.183042,Wrong Item,2.0,737.44
13682,91788,864,366.0,2022-02-08 15:09:37.202008,Did not match description,1.0,976.97
13684,91807,10796,108.0,2022-06-14 22:05:10.797020,Wrong Item,1.0,2131.29
13685,91807,10796,771.0,2022-06-19 22:05:10.797020,Defective,1.0,315.05
13686,91820,16226,15.0,2022-11-23 23:49:48.377606,Wrong Item,2.0,207.02
13687,91820,16226,480.0,2022-11-27 23:49:48.377606,Defective,1.0,183.7
13688,91824,11958,838.0,2023-10-24 12:11:14.711055,Did not match description,1.0,50.64
13695,91901,7355,61.0,2023-11-19 20:30:04.902192,Did not match description,4.0,934.4
13696,91901,7355,46.0,2023-11-26 20:30:04.902192,Changed Mind,1.0,94.25
13697,91901,7355,904.0,2023-11-29 20:30:04.902192,Defective,1.0,31.77
13698,91901,7355,571.0,2023-11-21 20:30:04.902192,Did not match description,2.0,163.56
13699,91901,7355,279.0,2023-11-10 20:30:04.902192,Wrong Item,1.0,1196.83
13701,91925,16242,893.0,2022-09-26 22:57:48.149204,Defective,4.0,549.2
13702,91925,16242,329.0,2022-10-15 22:57:48.149204,Changed Mind,1.0,64.98
13703,91925,16242,3.0,2022-10-09 22:57:48.149204,Changed Mind,4.0,1233.96
13704,91926,2539,738.0,2022-03-02 01:53:19.519406,Defective,1.0,161.22
13706,91963,13402,48.0,2023-09-16 16:28:04.636086,Defective,2.0,2614.78
13707,91963,13402,261.0,2023-10-04 16:28:04.636086,Changed Mind,3.0,1180.41
13708,91963,13402,229.0,2023-09-18 16:28:04.636086,Did not match description,1.0,766.18
13709,91974,1065,429.0,2023-12-17 21:53:17.046360,Changed Mind,1.0,312.28
13710,91974,1065,266.0,2023-12-28 21:53:17.046360,Wrong Item,2.0,392.97
13711,91975,7750,282.0,2021-12-06 09:33:04.914209,Changed Mind,1.0,677.85
13712,91975,7750,972.0,2021-12-07 09:33:04.914209,Did not match description,3.0,213.06
13725,92011,3783,45.0,2022-07-09 13:53:37.312366,Wrong Item,1.0,157.52
13726,92011,3783,271.0,2022-07-21 13:53:37.312366,Did not match description,2.0,3672.08
13735,92050,16927,471.0,2023-06-12 06:36:06.841634,Wrong Item,1.0,414.53
13736,92050,16927,516.0,2023-06-14 06:36:06.841634,Defective,1.0,118.27
13737,92050,16927,868.0,2023-06-06 06:36:06.841634,Defective,3.0,3388.18
13746,92111,14538,12.0,2023-12-29 06:35:03.916415,Changed Mind,1.0,1266.22
13747,92111,14538,245.0,2024-01-12 06:35:03.916415,Wrong Item,1.0,83.47
13748,92111,14538,210.0,2024-01-20 06:35:03.916415,Wrong Item,2.0,348.05
13753,92185,560,328.0,2023-02-24 05:04:43.780561,Wrong Item,1.0,179.97
13758,92252,471,46.0,2024-01-07 09:31:04.852377,Wrong Item,2.0,188.5
13759,92252,471,159.0,2024-01-07 09:31:04.852377,Defective,1.0,269.18
13762,92277,10378,616.0,2023-12-02 00:58:18.513354,Did not match description,4.0,1124.92
13763,92277,10378,939.0,2023-11-12 00:58:18.513354,Did not match description,1.0,1244.26
13764,92277,10378,180.0,2023-11-10 00:58:18.513354,Defective,1.0,1463.94
13765,92277,10378,780.0,2023-11-18 00:58:18.513354,Wrong Item,1.0,384.94
13766,92307,18669,533.0,2023-07-22 09:26:05.226418,Defective,1.0,884.83
13767,92307,18669,371.0,2023-07-19 09:26:05.226418,Defective,3.0,406.41
13775,92359,19639,999.0,2022-02-01 16:53:12.898295,Defective,1.0,407.14
13776,92359,19639,242.0,2022-02-14 16:53:12.898295,Defective,1.0,219.44
13783,92389,15670,622.0,2023-11-29 06:02:45.127013,Did not match description,1.0,2175.36
13784,92389,15670,71.0,2023-12-01 06:02:45.127013,Changed Mind,4.0,4161.32
13788,92425,7658,175.0,2023-01-23 12:17:58.343091,Did not match description,1.0,148.2
13789,92425,7658,478.0,2023-01-25 12:17:58.343091,Defective,1.0,171.81
13790,92425,7658,239.0,2023-01-26 12:17:58.343091,Defective,1.0,362.06
13794,92475,17606,703.0,2021-09-11 21:54:41.873546,Changed Mind,2.0,715.0
13799,92484,9838,267.0,2023-11-04 20:51:23.596909,Wrong Item,3.0,3781.77
13800,92516,14037,923.0,2022-06-17 15:33:19.795872,Did not match description,2.0,678.08
13801,92516,14037,754.0,2022-06-08 15:33:19.795872,Wrong Item,1.0,692.84
13802,92517,16676,949.0,2023-11-12 21:09:17.187354,Wrong Item,3.0,509.97
13803,92517,16676,345.0,2023-11-02 21:09:17.187354,Wrong Item,2.0,81.46
13806,92559,5023,579.0,2024-01-04 08:48:58.128090,Changed Mind,2.0,843.12
13807,92559,5023,73.0,2023-12-30 08:48:58.128090,Wrong Item,1.0,1445.74
13813,92584,1811,399.0,2022-09-15 13:34:48.228875,Wrong Item,1.0,674.31
13814,92584,1811,549.0,2022-09-15 13:34:48.228875,Did not match description,1.0,213.05
13815,92584,1811,739.0,2022-09-04 13:34:48.228875,Did not match description,3.0,649.69
13816,92590,19276,891.0,2021-08-28 00:30:11.631561,Changed Mind,1.0,734.44
13817,92590,19276,425.0,2021-08-23 00:30:11.631561,Changed Mind,3.0,1215.46
13818,92590,19276,693.0,2021-08-27 00:30:11.631561,Defective,1.0,53.97
13819,92590,19276,789.0,2021-09-16 00:30:11.631561,Did not match description,2.0,234.0
13822,92611,3265,221.0,2022-04-02 21:16:29.096776,Did not match description,1.0,657.43
13823,92611,3265,411.0,2022-04-16 21:16:29.096776,Wrong Item,4.0,1232.12
13824,92611,3265,152.0,2022-04-20 21:16:29.096776,Changed Mind,1.0,480.56
13825,92635,16756,813.0,2023-09-28 01:18:24.697123,Wrong Item,3.0,442.5
13826,92635,16756,278.0,2023-09-13 01:18:24.697123,Changed Mind,1.0,302.06
13828,92684,1000,196.0,2023-12-27 05:22:56.558662,Defective,1.0,161.66
13829,92684,1000,250.0,2023-12-25 05:22:56.558662,Did not match description,1.0,65.02
13830,92684,1000,663.0,2024-01-16 05:22:56.558662,Did not match description,1.0,2368.25
13831,92684,1000,710.0,2024-01-13 05:22:56.558662,Defective,1.0,633.67
13834,92701,7780,562.0,2023-06-15 03:06:32.369088,Changed Mind,2.0,1703.3
13835,92713,8566,894.0,2021-10-31 19:05:23.127142,Wrong Item,4.0,886.68
13836,92715,17550,290.0,2023-09-21 13:17:08.958807,Defective,4.0,459.64
13840,92738,213,903.0,2023-07-20 00:49:22.434022,Did not match description,1.0,1323.12
13841,92738,213,772.0,2023-07-19 00:49:22.434022,Did not match description,1.0,522.18
13842,92738,213,714.0,2023-07-26 00:49:22.434022,Wrong Item,1.0,368.37
13843,92738,213,391.0,2023-08-05 00:49:22.434022,Did not match description,4.0,1229.44
13848,92787,8228,371.0,2022-06-21 14:00:14.386459,Defective,1.0,135.47
13853,92823,6223,738.0,2023-10-15 02:13:32.605121,Changed Mind,1.0,161.22
13854,92823,6223,911.0,2023-10-04 02:13:32.605121,Changed Mind,1.0,337.56
13855,92823,6223,691.0,2023-09-28 02:13:32.605121,Changed Mind,5.0,2760.45
13859,92862,9777,95.0,2023-07-04 06:21:42.808829,Defective,1.0,232.25
13860,92862,9777,573.0,2023-06-13 06:21:42.808829,Wrong Item,1.0,53.7
13861,92862,9777,672.0,2023-06-14 06:21:42.808829,Did not match description,2.0,344.57
13862,92865,14797,821.0,2023-11-05 21:31:39.489659,Wrong Item,1.0,40.75
13867,92900,15595,50.0,2023-06-03 19:56:19.862862,Defective,1.0,405.09
13868,92900,15595,169.0,2023-06-11 19:56:19.862862,Defective,3.0,1896.69
13870,92911,840,925.0,2023-03-14 23:09:07.405614,Changed Mind,1.0,639.68
13871,92923,6265,765.0,2023-05-09 12:53:27.986191,Defective,5.0,7461.45
13878,92962,18355,371.0,2023-07-15 23:21:54.350338,Did not match description,1.0,135.47
13887,93021,13715,788.0,2023-03-14 13:25:10.114148,Did not match description,4.0,971.36
13888,93022,6991,24.0,2023-06-02 04:31:32.198622,Changed Mind,1.0,61.63
13889,93034,12572,246.0,2023-01-09 19:40:03.634272,Defective,2.0,750.12
13891,93072,17888,649.0,2023-12-03 22:52:17.863025,Changed Mind,1.0,477.9
13892,93072,17888,738.0,2023-12-10 22:52:17.863025,Changed Mind,4.0,580.39
13893,93077,14836,272.0,2023-12-20 11:40:14.035138,Did not match description,1.0,44.08
13894,93077,14836,996.0,2023-12-09 11:40:14.035138,Did not match description,1.0,377.2
13896,93103,5381,71.0,2023-04-05 12:31:06.748221,Did not match description,1.0,1040.33
13897,93103,5381,968.0,2023-03-29 12:31:06.748221,Wrong Item,2.0,131.44
13898,93103,5381,983.0,2023-03-21 12:31:06.748221,Defective,3.0,6581.63
13899,93103,5381,49.0,2023-04-07 12:31:06.748221,Wrong Item,3.0,746.76
13902,93176,19350,800.0,2023-10-21 19:11:40.865204,Changed Mind,2.0,375.92
13903,93176,19350,527.0,2023-10-28 19:11:40.865204,Changed Mind,3.0,484.56
13906,93212,8753,35.0,2022-05-19 21:25:30.531414,Wrong Item,1.0,302.81
13915,93277,10890,108.0,2023-12-16 21:27:57.007072,Defective,1.0,2131.29
13917,93316,2181,738.0,2023-07-31 20:28:55.873024,Changed Mind,1.0,161.22
13922,93374,12220,452.0,2023-12-16 08:06:49.807386,Changed Mind,2.0,3880.6
13929,93412,10985,222.0,2021-12-29 14:40:40.534286,Wrong Item,2.0,1023.21
13940,93480,5172,522.0,2022-06-05 05:13:42.811545,Defective,3.0,3937.35
13942,93513,5304,311.0,2022-09-24 04:32:03.674463,Did not match description,3.0,1258.68
13943,93513,5304,963.0,2022-10-12 04:32:03.674463,Changed Mind,1.0,290.28
13949,93549,19816,943.0,2023-02-26 02:41:38.643698,Changed Mind,2.0,1140.16
13950,93549,19816,904.0,2023-03-07 02:41:38.643698,Did not match description,1.0,31.77
13952,93572,10481,906.0,2023-03-12 03:12:03.719795,Did not match description,2.0,442.76
13953,93572,10481,680.0,2023-03-22 03:12:03.719795,Did not match description,1.0,158.33
13955,93595,6646,219.0,2023-03-10 03:36:48.324134,Defective,5.0,4157.45
13956,93609,5929,24.0,2023-10-16 20:24:18.585721,Wrong Item,1.0,52.39
13960,93663,7099,926.0,2023-02-12 07:52:32.310374,Did not match description,1.0,988.74
13961,93663,7099,562.0,2023-01-25 07:52:32.310374,Changed Mind,3.0,2554.95
13962,93663,7099,110.0,2023-01-14 07:52:32.310374,Did not match description,1.0,390.34
13963,93663,7099,97.0,2023-01-22 07:52:32.310374,Changed Mind,1.0,243.53
13964,93672,3846,111.0,2023-05-01 12:52:41.097135,Wrong Item,1.0,219.72
13965,93672,3846,547.0,2023-05-17 12:52:41.097135,Changed Mind,3.0,786.06
13966,93681,14349,600.0,2023-10-16 16:13:45.159307,Changed Mind,1.0,856.76
13967,93681,14349,15.0,2023-10-21 16:13:45.159307,Changed Mind,2.0,230.02
13968,93681,14349,98.0,2023-10-21 16:13:45.159307,Changed Mind,1.0,663.61
13969,93681,14349,955.0,2023-10-13 16:13:45.159307,Changed Mind,3.0,2045.87
13970,93681,14349,883.0,2023-10-13 16:13:45.159307,Defective,1.0,633.05
13971,93687,15439,371.0,2023-12-24 18:36:58.273040,Changed Mind,1.0,121.92
13979,93741,5292,554.0,2023-08-23 18:03:29.245426,Wrong Item,1.0,76.28
13980,93741,5292,138.0,2023-09-11 18:03:29.245426,Wrong Item,1.0,130.18
13981,93741,5292,162.0,2023-09-09 18:03:29.245426,Changed Mind,1.0,106.15
13984,93756,11687,626.0,2023-09-20 01:37:41.048412,Changed Mind,1.0,45.93
13985,93756,11687,310.0,2023-10-03 01:37:41.048412,Wrong Item,1.0,179.25
13986,93756,11687,763.0,2023-10-12 01:37:41.048412,Defective,4.0,1100.28
13993,93807,14640,830.0,2023-06-05 03:30:58.039555,Wrong Item,1.0,87.92
14001,93836,13478,255.0,2021-12-10 21:06:28.258150,Wrong Item,1.0,1222.71
14002,93836,13478,300.0,2021-12-16 21:06:28.258150,Did not match description,2.0,1515.86
14005,93864,3281,650.0,2023-12-30 10:16:34.438912,Changed Mind,1.0,405.7
14006,93864,3281,271.0,2023-12-20 10:16:34.438912,Changed Mind,1.0,1836.04
14008,93891,19264,160.0,2023-04-10 02:46:56.908929,Changed Mind,1.0,2459.81
14009,93891,19264,882.0,2023-05-06 02:46:56.908929,Did not match description,1.0,981.35
14010,93891,19264,861.0,2023-05-06 02:46:56.908929,Wrong Item,1.0,201.8
14011,93896,17426,260.0,2023-07-31 01:08:58.233369,Changed Mind,1.0,765.6
14012,93896,17426,705.0,2023-07-20 01:08:58.233369,Wrong Item,2.0,154.0
14013,93897,13250,87.0,2023-06-01 13:21:31.298413,Wrong Item,1.0,526.93
14014,93922,243,741.0,2022-06-15 14:08:23.059107,Defective,1.0,114.36
14020,93941,18051,138.0,2023-10-11 11:47:49.959427,Changed Mind,1.0,130.18
14021,93941,18051,552.0,2023-10-13 11:47:49.959427,Changed Mind,1.0,1742.4
14022,93941,18051,600.0,2023-10-26 11:47:49.959427,Defective,1.0,771.08
14023,93941,18051,455.0,2023-10-12 11:47:49.959427,Did not match description,1.0,357.86
14029,93983,4299,172.0,2023-12-17 00:25:50.685387,Changed Mind,1.0,569.94
14030,93983,4299,823.0,2024-01-04 00:25:50.685387,Wrong Item,4.0,905.28
14031,93983,4299,203.0,2023-12-29 00:25:50.685387,Wrong Item,1.0,315.86
14032,94004,6121,310.0,2023-08-07 15:23:19.696385,Wrong Item,1.0,168.7
14033,94004,6121,454.0,2023-08-16 15:23:19.696385,Did not match description,2.0,4225.5
14034,94004,6121,995.0,2023-08-31 15:23:19.696385,Wrong Item,1.0,288.81
14035,94004,6121,982.0,2023-08-08 15:23:19.696385,Changed Mind,1.0,1975.14
14036,94004,6121,483.0,2023-08-22 15:23:19.696385,Changed Mind,1.0,156.88
14040,94047,15191,987.0,2022-10-16 15:32:07.213542,Defective,1.0,103.53
14041,94047,15191,531.0,2022-10-01 15:32:07.213542,Defective,1.0,2331.94
14043,94056,10069,650.0,2023-06-09 22:26:04.928462,Defective,1.0,405.7
14045,94072,5037,378.0,2022-10-04 21:28:07.685904,Changed Mind,1.0,626.93
14046,94072,5037,431.0,2022-10-09 21:28:07.685904,Did not match description,2.0,924.46
14047,94072,5037,179.0,2022-10-23 21:28:07.685904,Wrong Item,1.0,224.07
14048,94072,5037,836.0,2022-10-09 21:28:07.685904,Changed Mind,1.0,920.5
14049,94072,5037,818.0,2022-10-16 21:28:07.685904,Wrong Item,2.0,327.34
14053,94132,2709,281.0,2022-12-10 00:29:36.736033,Changed Mind,2.0,1253.96
14055,94142,209,720.0,2023-11-21 16:03:59.558562,Did not match description,1.0,1266.55
14056,94142,209,303.0,2023-11-08 16:03:59.558562,Did not match description,1.0,226.14
14057,94142,209,409.0,2023-11-11 16:03:59.558562,Wrong Item,2.0,330.0
14058,94142,209,853.0,2023-11-24 16:03:59.558562,Changed Mind,1.0,184.79
14059,94142,209,432.0,2023-11-05 16:03:59.558562,Defective,1.0,251.5
14083,94291,8026,803.0,2022-04-24 23:00:38.682506,Wrong Item,1.0,332.24
14087,94303,5014,622.0,2022-07-28 01:46:15.934272,Wrong Item,2.0,4350.72
14089,94317,18091,697.0,2023-12-25 18:50:03.194136,Did not match description,1.0,349.5
14090,94317,18091,395.0,2023-12-18 18:50:03.194136,Defective,1.0,1794.36
14091,94317,18091,109.0,2023-12-31 18:50:03.194136,Wrong Item,1.0,550.22
14092,94317,18091,182.0,2023-12-15 18:50:03.194136,Wrong Item,1.0,445.12
14093,94317,18091,663.0,2023-12-20 18:50:03.194136,Changed Mind,1.0,2131.42
14094,94339,5601,347.0,2022-10-19 13:51:39.994899,Wrong Item,1.0,171.56
14097,94355,254,777.0,2023-01-23 06:01:42.497642,Did not match description,1.0,201.34
14098,94356,8596,35.0,2023-10-28 18:13:56.821720,Defective,1.0,302.81
14106,94414,6752,803.0,2024-01-06 22:16:42.405693,Wrong Item,1.0,282.4
14107,94414,6752,542.0,2024-01-18 22:16:42.405693,Defective,3.0,457.34
14108,94414,6752,120.0,2023-12-26 22:16:42.405693,Changed Mind,1.0,426.76
14109,94414,6752,12.0,2024-01-07 22:16:42.405693,Changed Mind,1.0,1266.22
14123,94538,13780,24.0,2023-09-11 09:09:18.835819,Defective,2.0,123.26
14131,94557,11493,109.0,2022-03-11 12:05:42.777906,Defective,1.0,611.36
14132,94557,11493,584.0,2022-03-12 12:05:42.777906,Changed Mind,4.0,2261.48
14146,94702,6565,589.0,2024-01-18 19:03:51.789580,Did not match description,1.0,141.29
14147,94702,6565,653.0,2024-01-13 19:03:51.789580,Did not match description,1.0,240.29
14149,94719,6821,884.0,2023-10-29 17:31:03.127836,Changed Mind,1.0,484.82
14150,94719,6821,797.0,2023-11-03 17:31:03.127836,Defective,1.0,2200.12
14165,94827,3521,536.0,2022-09-28 18:03:46.953347,Defective,4.0,2206.48
14166,94843,13901,655.0,2023-09-16 17:25:39.158645,Wrong Item,1.0,327.74
14167,94843,13901,372.0,2023-10-12 17:25:39.158645,Changed Mind,1.0,445.02
14176,94931,2480,159.0,2024-01-07 14:52:39.540431,Did not match description,3.0,807.54
14179,94977,10037,596.0,2022-03-30 21:37:03.629519,Did not match description,1.0,207.53
14191,95054,17386,311.0,2024-01-13 20:24:30.807901,Did not match description,2.0,839.12
14193,95083,17448,412.0,2023-05-31 05:27:18.839863,Changed Mind,2.0,318.33
14194,95083,17448,363.0,2023-05-08 05:27:18.839863,Defective,1.0,307.89
14195,95084,12358,693.0,2024-01-26 01:51:58.659090,Changed Mind,1.0,53.97
14196,95093,15323,579.0,2023-12-06 09:40:23.501485,Did not match description,1.0,337.25
14213,95242,17392,257.0,2022-12-23 03:55:15.803194,Changed Mind,1.0,127.43
14214,95242,17392,475.0,2023-01-03 03:55:15.803194,Wrong Item,1.0,419.27
14220,95309,12339,801.0,2023-11-20 18:34:50.780946,Did not match description,1.0,824.66
14221,95309,12339,117.0,2023-11-26 18:34:50.780946,Defective,1.0,94.44
14222,95334,1822,722.0,2023-08-19 16:35:49.107289,Defective,1.0,1346.62
14223,95334,1822,75.0,2023-08-28 16:35:49.107289,Wrong Item,1.0,32.66
14231,95377,17679,284.0,2023-10-20 07:56:36.225235,Did not match description,1.0,227.54
14232,95377,17679,636.0,2023-10-31 07:56:36.225235,Did not match description,1.0,218.48
14233,95377,17679,593.0,2023-10-11 07:56:36.225235,Wrong Item,1.0,910.47
14243,95471,13117,199.0,2023-12-15 09:35:06.466477,Did not match description,2.0,430.08
14244,95471,13117,370.0,2023-12-30 09:35:06.466477,Wrong Item,1.0,142.18
14252,95488,704,937.0,2022-09-24 18:01:33.279983,Changed Mind,5.0,6380.35
14253,95488,704,286.0,2022-10-04 18:01:33.279983,Wrong Item,2.0,2834.82
14254,95488,704,762.0,2022-09-26 18:01:33.279983,Defective,1.0,111.64
14256,95509,11869,625.0,2023-08-13 06:09:30.086175,Wrong Item,1.0,168.9
14257,95509,11869,440.0,2023-08-30 06:09:30.086175,Changed Mind,1.0,1164.86
14260,95534,16477,175.0,2023-12-03 05:45:32.708352,Changed Mind,1.0,125.97
14261,95541,3725,307.0,2023-12-31 01:36:40.474828,Changed Mind,1.0,117.78
14262,95541,3725,452.0,2023-12-17 01:36:40.474828,Changed Mind,1.0,1940.3
14263,95541,3725,442.0,2024-01-03 01:36:40.474828,Did not match description,1.0,248.9
14264,95541,3725,700.0,2023-12-31 01:36:40.474828,Wrong Item,2.0,629.9
14265,95541,3725,467.0,2024-01-10 01:36:40.474828,Changed Mind,4.0,4329.72
14266,95547,2379,320.0,2024-01-02 18:50:53.949433,Changed Mind,1.0,1366.24
14267,95551,16986,645.0,2023-07-26 01:51:47.032782,Defective,1.0,281.26
14268,95553,4227,829.0,2021-12-17 00:27:40.830180,Changed Mind,1.0,159.57
14269,95553,4227,974.0,2021-12-10 00:27:40.830180,Wrong Item,1.0,1530.51
14276,95575,12573,1000.0,2023-05-06 19:05:09.444503,Did not match description,5.0,685.35
14277,95575,12573,941.0,2023-05-11 19:05:09.444503,Wrong Item,1.0,238.84
14278,95575,12573,281.0,2023-04-22 19:05:09.444503,Wrong Item,1.0,501.58
14279,95586,16612,616.0,2023-12-10 16:30:39.297349,Wrong Item,1.0,253.11
14280,95586,16612,61.0,2023-12-06 16:30:39.297349,Wrong Item,1.0,233.6
14282,95634,19664,188.0,2023-03-30 07:36:06.454736,Wrong Item,3.0,306.75
14283,95634,19664,356.0,2023-03-19 07:36:06.454736,Changed Mind,1.0,226.29
14284,95634,19664,449.0,2023-03-19 07:36:06.454736,Wrong Item,1.0,134.22
14285,95634,19664,191.0,2023-03-23 07:36:06.454736,Defective,2.0,2256.1
14290,95659,5427,894.0,2022-02-21 04:18:03.397770,Defective,1.0,199.5
14291,95659,5427,913.0,2022-02-18 04:18:03.397770,Defective,1.0,466.27
14292,95659,5427,781.0,2022-03-03 04:18:03.397770,Did not match description,1.0,189.57
14293,95659,5427,518.0,2022-02-14 04:18:03.397770,Did not match description,1.0,513.81
14294,95659,5427,905.0,2022-02-11 04:18:03.397770,Wrong Item,1.0,119.45
14295,95671,12205,504.0,2023-01-09 14:26:51.842303,Did not match description,1.0,324.93
14296,95672,955,300.0,2023-07-08 14:58:57.311478,Changed Mind,1.0,606.34
14297,95672,955,164.0,2023-07-13 14:58:57.311478,Did not match description,1.0,169.84
14298,95676,11235,644.0,2022-10-04 13:37:42.313713,Defective,1.0,1843.64
14299,95676,11235,412.0,2022-09-22 13:37:42.313713,Changed Mind,1.0,176.85
14302,95712,238,73.0,2023-12-29 05:58:21.097085,Wrong Item,1.0,1445.74
14303,95712,238,834.0,2023-12-24 05:58:21.097085,Wrong Item,3.0,888.46
14304,95712,238,427.0,2024-01-09 05:58:21.097085,Wrong Item,1.0,104.82
14305,95714,603,650.0,2022-02-04 00:40:25.106503,Did not match description,1.0,324.56
14306,95714,603,326.0,2022-01-29 00:40:25.106503,Wrong Item,1.0,353.01
14308,95733,9455,293.0,2023-04-24 05:55:01.734708,Defective,2.0,2385.82
14309,95764,17417,362.0,2023-10-27 17:29:47.721443,Defective,1.0,288.73
14310,95765,15705,200.0,2023-09-22 20:50:17.932208,Wrong Item,4.0,653.94
14314,95791,9695,63.0,2023-07-28 08:54:57.845632,Did not match description,4.0,6657.04
14318,95859,126,851.0,2021-11-18 06:04:39.205204,Did not match description,2.0,690.7
14319,95859,126,661.0,2021-11-20 06:04:39.205204,Changed Mind,1.0,339.74
14320,95859,126,127.0,2021-11-19 06:04:39.205204,Wrong Item,1.0,212.56
14322,95924,19408,461.0,2022-10-12 14:45:36.819188,Did not match description,1.0,258.18
14323,95924,19408,806.0,2022-10-18 14:45:36.819188,Wrong Item,1.0,1186.28
14329,95951,15525,838.0,2023-10-22 08:52:33.763825,Wrong Item,2.0,101.28
14330,95951,15525,915.0,2023-10-25 08:52:33.763825,Changed Mind,1.0,2283.14
14333,96001,8916,954.0,2024-01-14 18:53:26.371274,Changed Mind,1.0,25.79
14340,96053,4272,354.0,2024-01-05 05:57:25.862183,Wrong Item,1.0,1587.43
14341,96053,4272,584.0,2024-01-15 05:57:25.862183,Did not match description,1.0,565.37
14342,96053,4272,521.0,2023-12-27 05:57:25.862183,Defective,1.0,69.23
14343,96053,4272,224.0,2023-12-31 05:57:25.862183,Defective,1.0,286.19
14344,96053,4272,282.0,2024-01-11 05:57:25.862183,Wrong Item,2.0,1355.7
14348,96088,12904,136.0,2024-01-08 21:30:01.066414,Defective,1.0,523.56
14349,96088,12904,175.0,2024-01-16 21:30:01.066414,Changed Mind,1.0,148.2
14350,96088,12904,399.0,2023-12-28 21:30:01.066414,Did not match description,5.0,3966.5
14356,96119,13806,530.0,2023-07-17 15:43:39.961779,Defective,1.0,1501.66
14357,96129,986,378.0,2023-12-19 01:58:39.779292,Changed Mind,1.0,783.66
14361,96144,1460,576.0,2023-03-18 01:00:23.090525,Wrong Item,1.0,37.26
14362,96144,1460,657.0,2023-03-29 01:00:23.090525,Changed Mind,2.0,1602.58
14369,96169,18677,164.0,2023-05-22 05:41:01.286280,Did not match description,1.0,159.85
14370,96169,18677,216.0,2023-05-10 05:41:01.286280,Wrong Item,1.0,493.19
14386,96268,14248,803.0,2021-12-02 13:50:30.033908,Defective,1.0,282.4
14387,96268,14248,875.0,2021-12-05 13:50:30.033908,Defective,2.0,1121.6
14389,96272,1103,26.0,2023-12-04 10:35:14.189991,Wrong Item,1.0,128.43
14390,96272,1103,452.0,2023-12-08 10:35:14.189991,Defective,1.0,1649.26
14394,96355,19815,446.0,2022-09-25 16:41:13.396603,Changed Mind,1.0,353.94
14405,96467,12465,161.0,2023-05-01 17:02:04.337111,Did not match description,1.0,698.16
14406,96467,12465,643.0,2023-04-27 17:02:04.337111,Defective,2.0,487.27
14407,96467,12465,764.0,2023-05-03 17:02:04.337111,Did not match description,4.0,604.48
14408,96472,6188,700.0,2023-11-04 01:33:59.118424,Defective,2.0,629.9
14409,96485,5627,763.0,2023-02-25 21:22:30.532626,Did not match description,2.0,550.14
14410,96485,5627,129.0,2023-02-23 21:22:30.532626,Did not match description,2.0,498.58
14411,96485,5627,586.0,2023-02-09 21:22:30.532626,Changed Mind,1.0,87.34
14412,96485,5627,636.0,2023-02-06 21:22:30.532626,Defective,1.0,273.1
14414,96495,1051,713.0,2023-10-14 09:30:29.093880,Did not match description,2.0,294.56
14415,96495,1051,446.0,2023-10-10 09:30:29.093880,Wrong Item,1.0,353.94
14420,96571,10629,987.0,2024-01-24 19:51:11.067089,Did not match description,1.0,93.18
14424,96594,14909,192.0,2023-06-12 17:20:40.441302,Did not match description,1.0,245.32
14425,96594,14909,549.0,2023-06-05 17:20:40.441302,Defective,2.0,426.1
14426,96594,14909,570.0,2023-06-01 17:20:40.441302,Did not match description,1.0,212.05
14427,96597,10039,77.0,2023-11-02 08:47:20.287457,Defective,2.0,2258.22
14428,96611,11361,56.0,2023-04-29 22:21:38.735228,Defective,2.0,128.02
14436,96731,471,477.0,2023-11-26 03:57:44.410477,Did not match description,2.0,4014.5
14437,96731,471,73.0,2023-11-22 03:57:44.410477,Defective,1.0,1445.74
14438,96731,471,466.0,2023-12-18 03:57:44.410477,Wrong Item,1.0,1547.67
14444,96767,16900,315.0,2023-07-26 05:30:18.864772,Defective,5.0,10552.25
14445,96794,14495,893.0,2023-11-29 17:49:32.022252,Changed Mind,1.0,137.3
14451,96830,2830,948.0,2023-09-28 14:07:21.161366,Defective,1.0,349.55
14452,96830,2830,157.0,2023-10-03 14:07:21.161366,Changed Mind,2.0,318.02
14455,96847,625,208.0,2022-09-23 10:26:32.810475,Changed Mind,2.0,1148.28
14456,96847,625,276.0,2022-09-01 10:26:32.810475,Wrong Item,2.0,655.16
14461,96905,4529,880.0,2023-01-12 17:14:32.545384,Defective,1.0,223.49
14469,96955,18330,169.0,2024-01-04 04:49:17.096068,Defective,1.0,632.23
14470,96955,18330,286.0,2024-01-19 04:49:17.096068,Did not match description,1.0,1133.93
14473,96967,6885,329.0,2023-11-21 05:16:42.214078,Defective,1.0,64.98
14474,96967,6885,813.0,2023-11-18 05:16:42.214078,Defective,1.0,147.5
14475,96967,6885,102.0,2023-12-04 05:16:42.214078,Wrong Item,1.0,1366.69
14476,96967,6885,627.0,2023-12-01 05:16:42.214078,Did not match description,4.0,155.81
14481,96995,13839,108.0,2023-03-16 07:48:37.742383,Wrong Item,1.0,2131.29
14482,97003,18341,192.0,2023-11-25 06:48:35.213394,Did not match description,1.0,245.32
14483,97003,18341,903.0,2023-11-18 06:48:35.213394,Changed Mind,1.0,1470.13
14485,97008,1392,844.0,2023-07-18 09:15:31.228087,Defective,1.0,426.71
14487,97024,4830,579.0,2022-08-04 21:33:53.406100,Wrong Item,2.0,843.12
14488,97024,4830,931.0,2022-08-27 21:33:53.406100,Defective,4.0,154.43
14489,97024,4830,145.0,2022-08-04 21:33:53.406100,Defective,2.0,242.04
14490,97024,4830,572.0,2022-08-13 21:33:53.406100,Changed Mind,3.0,3853.47
14491,97027,9025,584.0,2022-02-14 12:58:15.142569,Changed Mind,1.0,508.83
14494,97068,7063,204.0,2021-04-11 14:26:54.881735,Wrong Item,2.0,688.8
14495,97068,7063,11.0,2021-03-26 14:26:54.881735,Defective,1.0,336.23
14496,97068,7063,649.0,2021-04-19 14:26:54.881735,Did not match description,1.0,477.9
14497,97088,4749,812.0,2023-06-06 20:58:42.097720,Changed Mind,1.0,1008.38
14498,97094,9044,749.0,2023-03-31 11:12:07.733430,Changed Mind,1.0,1496.74
14499,97094,9044,71.0,2023-04-16 11:12:07.733430,Defective,4.0,4161.32
14500,97094,9044,760.0,2023-04-18 11:12:07.733430,Did not match description,1.0,127.78
14501,97094,9044,309.0,2023-04-03 11:12:07.733430,Wrong Item,1.0,144.32
14502,97095,12520,446.0,2023-09-11 10:33:29.952650,Wrong Item,1.0,353.94
14506,97207,7132,266.0,2022-12-07 11:17:29.579497,Did not match description,1.0,231.16
14507,97225,14045,45.0,2023-11-21 20:22:07.777103,Did not match description,1.0,126.02
14508,97225,14045,671.0,2023-11-14 20:22:07.777103,Did not match description,1.0,229.06
14509,97230,11424,24.0,2023-07-25 20:41:08.528186,Wrong Item,1.0,61.63
14517,97309,19023,494.0,2022-06-04 09:46:23.230774,Defective,1.0,142.11
14518,97310,9247,514.0,2022-04-30 05:02:06.861703,Changed Mind,1.0,673.29
14519,97310,9247,163.0,2022-05-05 05:02:06.861703,Did not match description,1.0,182.12
14526,97342,12086,357.0,2023-12-03 19:30:50.842152,Did not match description,2.0,128.74
14527,97342,12086,443.0,2023-12-22 19:30:50.842152,Changed Mind,1.0,1358.16
14528,97342,12086,339.0,2023-12-09 19:30:50.842152,Changed Mind,2.0,879.51
14529,97342,12086,585.0,2023-12-15 19:30:50.842152,Wrong Item,1.0,164.05
14534,97397,3565,894.0,2023-10-11 01:20:31.017898,Did not match description,1.0,221.67
14535,97400,11229,943.0,2023-01-14 21:46:30.195409,Wrong Item,1.0,570.08
14536,97401,16301,398.0,2023-09-11 00:50:26.695743,Did not match description,2.0,2561.36
14537,97401,16301,125.0,2023-09-10 00:50:26.695743,Did not match description,1.0,281.69
14544,97444,5220,200.0,2022-09-14 17:08:21.815315,Defective,1.0,163.48
14545,97444,5220,655.0,2022-09-17 17:08:21.815315,Changed Mind,2.0,655.48
14546,97450,19194,571.0,2021-08-29 12:36:52.273346,Wrong Item,1.0,81.78
14551,97530,4062,362.0,2023-11-18 13:27:14.093531,Did not match description,3.0,866.19
14552,97541,13473,245.0,2023-06-05 21:07:37.385964,Changed Mind,1.0,83.47
14553,97541,13473,133.0,2023-06-15 21:07:37.385964,Defective,2.0,1277.4
14554,97541,13473,154.0,2023-06-02 21:07:37.385964,Did not match description,1.0,118.85
14564,97610,19403,467.0,2023-12-19 03:32:20.600622,Defective,1.0,1082.43
14566,97619,7121,187.0,2022-06-29 08:49:45.324713,Did not match description,1.0,2087.97
14567,97619,7121,64.0,2022-07-08 08:49:45.324713,Did not match description,1.0,1209.38
14572,97660,4942,740.0,2022-07-26 19:28:07.360068,Defective,1.0,185.27
14573,97660,4942,875.0,2022-07-13 19:28:07.360068,Defective,1.0,623.11
14574,97660,4942,362.0,2022-07-08 19:28:07.360068,Did not match description,1.0,288.73
14579,97682,766,436.0,2022-09-01 11:09:45.935174,Defective,1.0,136.55
14581,97705,6232,942.0,2023-03-26 12:09:03.760047,Did not match description,3.0,6034.38
14590,97737,10620,464.0,2022-07-25 19:44:50.171140,Changed Mind,1.0,440.65
14591,97737,10620,840.0,2022-07-05 19:44:50.171140,Did not match description,1.0,178.34
14595,97794,17200,417.0,2023-06-09 20:00:24.642699,Wrong Item,1.0,98.94
14596,97794,17200,488.0,2023-06-02 20:00:24.642699,Did not match description,1.0,241.71
14600,97828,16416,514.0,2023-09-08 00:16:18.846111,Changed Mind,1.0,792.1
14607,97887,16198,87.0,2023-08-11 17:01:01.211589,Did not match description,1.0,526.93
14608,97887,16198,917.0,2023-08-20 17:01:01.211589,Defective,1.0,456.29
14609,97887,16198,444.0,2023-08-11 17:01:01.211589,Defective,2.0,3471.1
14610,97887,16198,741.0,2023-08-10 17:01:01.211589,Changed Mind,4.0,457.44
14614,97922,16734,651.0,2023-02-26 21:49:12.810226,Changed Mind,1.0,1263.39
14615,97923,14543,762.0,2021-12-10 20:53:49.054777,Changed Mind,1.0,131.34
14620,97939,2972,262.0,2023-04-06 00:01:32.993317,Defective,4.0,2623.2
14621,97979,698,614.0,2023-10-02 12:11:14.391605,Changed Mind,2.0,64.68
14622,97979,698,836.0,2023-09-19 12:11:14.391605,Did not match description,1.0,1022.78
14623,97979,698,684.0,2023-09-23 12:11:14.391605,Defective,2.0,569.22
14624,97979,698,458.0,2023-10-01 12:11:14.391605,Wrong Item,1.0,103.0
14627,98018,11973,903.0,2023-10-29 00:56:05.121880,Changed Mind,5.0,7350.65
14635,98128,1085,428.0,2022-07-27 11:44:56.696294,Changed Mind,4.0,5697.48
14637,98138,9123,544.0,2022-11-24 20:22:29.716507,Wrong Item,3.0,4508.46
14645,98298,4237,55.0,2023-12-03 12:13:45.266621,Changed Mind,2.0,410.34
14646,98298,4237,866.0,2023-12-19 12:13:45.266621,Defective,1.0,301.62
14654,98337,12870,651.0,2023-11-29 08:08:01.369684,Changed Mind,1.0,1263.39
14655,98376,11779,715.0,2021-11-28 21:32:08.811218,Defective,1.0,327.26
14656,98376,11779,180.0,2021-12-17 21:32:08.811218,Changed Mind,1.0,1244.35
14661,98435,16593,664.0,2023-11-04 23:14:41.319532,Did not match description,1.0,597.81
14662,98435,16593,860.0,2023-11-09 23:14:41.319532,Wrong Item,1.0,220.15
14663,98435,16593,879.0,2023-11-02 23:14:41.319532,Wrong Item,1.0,1529.95
14666,98452,18435,618.0,2023-06-22 14:59:37.066889,Defective,2.0,356.36
14675,98497,2675,440.0,2023-01-13 20:27:01.154501,Defective,2.0,2329.72
14677,98521,17219,560.0,2023-09-16 16:59:28.878710,Wrong Item,1.0,1034.52
14678,98521,17219,304.0,2023-09-22 16:59:28.878710,Changed Mind,1.0,175.86
14679,98521,17219,213.0,2023-10-08 16:59:28.878710,Changed Mind,1.0,253.73
14683,98543,2634,860.0,2023-12-02 22:46:16.706764,Changed Mind,5.0,1100.75
14687,98601,2978,838.0,2023-12-07 09:47:49.926280,Wrong Item,1.0,50.64
14689,98611,8792,217.0,2024-01-20 09:19:03.032242,Wrong Item,3.0,3520.61
14690,98611,8792,300.0,2024-01-09 09:19:03.032242,Defective,1.0,757.93
14691,98611,8792,335.0,2024-01-06 09:19:03.032242,Wrong Item,1.0,574.23
14692,98611,8792,889.0,2023-12-29 09:19:03.032242,Defective,1.0,25.62
14694,98638,10901,473.0,2021-07-18 19:33:41.235010,Defective,1.0,426.2
14695,98638,10901,496.0,2021-07-29 19:33:41.235010,Did not match description,1.0,272.52
14696,98638,10901,982.0,2021-07-14 19:33:41.235010,Wrong Item,1.0,1975.14
14711,98778,3560,248.0,2024-01-07 16:27:44.234800,Changed Mind,2.0,716.52
14714,98791,8096,487.0,2023-06-26 10:38:31.290234,Defective,3.0,429.96
14716,98812,8960,544.0,2021-08-02 22:32:34.037447,Did not match description,1.0,1352.54
14717,98813,13321,440.0,2023-10-23 12:31:05.028652,Wrong Item,1.0,1164.86
14722,98847,2944,957.0,2023-07-18 13:39:45.452929,Changed Mind,1.0,106.92
14723,98847,2944,290.0,2023-07-14 13:39:45.452929,Defective,3.0,344.73
14724,98847,2944,287.0,2023-07-20 13:39:45.452929,Changed Mind,1.0,37.62
14725,98850,6689,73.0,2022-08-01 23:11:37.270682,Changed Mind,2.0,2891.48
14732,98909,2514,278.0,2023-09-08 08:27:19.610576,Defective,1.0,302.06
14733,98917,8606,518.0,2021-08-14 03:26:02.065037,Defective,1.0,570.9
14740,98985,14894,649.0,2023-09-30 11:14:20.180354,Defective,1.0,477.9
14741,98985,14894,712.0,2023-10-08 11:14:20.180354,Changed Mind,3.0,941.91
14742,98985,14894,722.0,2023-09-26 11:14:20.180354,Defective,4.0,5386.48
14764,99162,19029,304.0,2023-10-10 10:56:19.010449,Changed Mind,1.0,175.86
14765,99162,19029,811.0,2023-10-29 10:56:19.010449,Did not match description,1.0,237.45
14767,99201,14422,657.0,2023-12-16 10:24:52.092955,Did not match description,3.0,2670.96
14768,99201,14422,670.0,2023-12-02 10:24:52.092955,Wrong Item,1.0,260.71
14769,99204,922,239.0,2022-03-10 03:47:14.963897,Wrong Item,1.0,425.95
14770,99215,13606,741.0,2023-12-09 06:39:55.427178,Wrong Item,1.0,114.36
14772,99235,11443,56.0,2023-08-10 10:42:22.929346,Did not match description,1.0,64.01
14773,99235,11443,108.0,2023-08-20 10:42:22.929346,Did not match description,1.0,2131.29
14774,99236,6258,949.0,2022-10-15 03:39:35.564477,Changed Mind,4.0,679.96
14775,99251,17487,173.0,2023-08-18 07:25:51.422447,Did not match description,1.0,1010.52
14776,99251,17487,953.0,2023-08-16 07:25:51.422447,Changed Mind,1.0,127.64
14777,99251,17487,637.0,2023-08-07 07:25:51.422447,Wrong Item,1.0,515.27
14778,99251,17487,426.0,2023-08-16 07:25:51.422447,Changed Mind,3.0,5483.67
14783,99338,5380,753.0,2022-09-08 02:49:59.408785,Changed Mind,1.0,14.67
14784,99338,5380,956.0,2022-08-18 02:49:59.408785,Did not match description,1.0,210.16
14785,99338,5380,46.0,2022-09-09 02:49:59.408785,Did not match description,1.0,80.11
14786,99338,5380,688.0,2022-08-26 02:49:59.408785,Changed Mind,1.0,127.8
14787,99338,5380,836.0,2022-08-16 02:49:59.408785,Changed Mind,1.0,1022.78
14789,99351,4497,784.0,2023-12-27 07:09:11.929424,Did not match description,1.0,586.58
14790,99351,4497,990.0,2024-01-03 07:09:11.929424,Wrong Item,2.0,211.3
14795,99401,14792,894.0,2022-11-08 09:48:47.790160,Did not match description,3.0,565.26
14796,99401,14792,21.0,2022-11-19 09:48:47.790160,Defective,1.0,1482.59
14797,99401,14792,38.0,2022-11-12 09:48:47.790160,Defective,2.0,327.52
14798,99401,14792,321.0,2022-11-14 09:48:47.790160,Changed Mind,1.0,903.32
14799,99401,14792,85.0,2022-11-28 09:48:47.790160,Did not match description,3.0,1040.1
14807,99460,2275,24.0,2022-08-28 23:40:54.774820,Did not match description,1.0,55.47
14810,99564,4548,319.0,2022-10-14 10:40:18.494228,Wrong Item,1.0,272.28
14811,99564,4548,338.0,2022-09-22 10:40:18.494228,Wrong Item,1.0,722.35
14812,99569,4981,803.0,2024-01-15 18:07:22.469957,Changed Mind,1.0,332.24
14813,99569,4981,877.0,2024-01-09 18:07:22.469957,Changed Mind,1.0,197.18
14814,99583,1729,500.0,2022-01-24 11:43:35.017229,Wrong Item,2.0,4743.38
14823,99622,19065,143.0,2022-12-03 04:11:52.095918,Did not match description,1.0,507.37
14824,99622,19065,471.0,2022-11-27 04:11:52.095918,Defective,1.0,414.53
14828,99632,11446,747.0,2023-10-12 03:23:57.915326,Changed Mind,1.0,334.79
14829,99632,11446,722.0,2023-09-20 03:23:57.915326,Changed Mind,1.0,1346.62
14831,99657,17163,982.0,2023-02-25 00:54:38.169470,Defective,2.0,3950.28
14832,99657,17163,186.0,2023-02-17 00:54:38.169470,Changed Mind,2.0,1432.28
14833,99657,17163,260.0,2023-02-20 00:54:38.169470,Did not match description,1.0,765.6
14835,99673,13437,515.0,2022-12-26 13:59:47.224542,Defective,2.0,142.05
14836,99673,13437,426.0,2023-01-09 13:59:47.224542,Defective,1.0,1827.89
14856,99763,12092,867.0,2022-04-08 17:59:40.581573,Defective,2.0,226.96
14857,99763,12092,502.0,2022-04-06 17:59:40.581573,Did not match description,1.0,600.28
14858,99763,12092,76.0,2022-04-18 17:59:40.581573,Wrong Item,1.0,300.6
14869,99817,17946,934.0,2024-01-18 15:13:15.129628,Changed Mind,3.0,1812.57
14870,99817,17946,987.0,2024-01-11 15:13:15.129628,Did not match description,3.0,310.59
14871,99825,14180,754.0,2024-01-04 14:12:54.015657,Wrong Item,1.0,588.91
14872,99825,14180,629.0,2023-12-28 14:12:54.015657,Did not match description,3.0,624.69
14873,99825,14180,646.0,2023-12-27 14:12:54.015657,Did not match description,4.0,2595.52
14875,99845,9228,757.0,2023-12-15 08:35:20.025960,Defective,1.0,98.93
14877,99893,698,657.0,2023-10-20 11:10:18.713711,Did not match description,2.0,1780.64
14883,99912,9893,430.0,2022-12-18 22:42:04.057145,Defective,3.0,1106.16
14884,99912,9893,41.0,2022-12-21 22:42:04.057145,Wrong Item,4.0,1568.36
14885,99938,4938,629.0,2023-07-14 01:51:36.966391,Did not match description,2.0,416.46
14886,99938,4938,655.0,2023-07-17 01:51:36.966391,Wrong Item,4.0,1310.96
14887,99938,4938,362.0,2023-07-17 01:51:36.966391,Wrong Item,1.0,288.73
14888,99938,4938,548.0,2023-07-25 01:51:36.966391,Wrong Item,1.0,44.94
14889,99938,4938,842.0,2023-08-03 01:51:36.966391,Did not match description,1.0,283.88
14894,99963,3564,666.0,2023-06-22 12:06:47.109739,Changed Mind,3.0,407.36
14895,99963,3564,604.0,2023-06-07 12:06:47.109739,Wrong Item,1.0,1648.85
14896,99963,3564,544.0,2023-06-20 12:06:47.109739,Did not match description,1.0,1352.54
14897,99976,5550,514.0,2023-07-01 01:13:17.416664,Changed Mind,3.0,2376.3
14898,99976,5550,230.0,2023-07-07 01:13:17.416664,Changed Mind,1.0,207.67
14899,99976,5550,428.0,2023-07-22 01:13:17.416664,Defective,2.0,2848.74
14900,99980,18222,939.0,2024-01-06 11:28:38.379021,Changed Mind,1.0,1244.26
14901,99983,7888,901.0,2023-12-01 18:21:10.983024,Defective,1.0,152.05
14902,99983,7888,754.0,2023-11-28 18:21:10.983024,Wrong Item,1.0,692.84
