customer_id,is_churned,churn_probability,risk_level
1,1,0.52,Medium Risk
2,1,0.89,High Risk
3,1,0.77,High Risk
4,0,0.36,Low Risk
5,1,0.69,Medium Risk
6,1,0.65,Medium Risk
7,0,0.92,High Risk
8,1,0.77,High Risk
9,1,0.9,High Risk
10,0,0.4,Low Risk
11,0,0.06,Low Risk
12,0,0.29,Low Risk
13,0,0.14,Low Risk
14,0,0.05,Low Risk
15,0,0.15,Low Risk
16,1,0.72,High Risk
17,1,0.86,High Risk
18,0,0.09,Low Risk
19,1,0.86,High Risk
20,0,0.6,Medium Risk
21,1,0.71,High Risk
22,1,0.92,High Risk
23,0,0.12,Low Risk
24,1,0.97,High Risk
25,0,0.21,Low Risk
26,1,0.77,High Risk
27,0,0.07,Low Risk
28,0,0.11,Low Risk
29,0,0.07,Low Risk
30,0,0.27,Low Risk
31,0,0.07,Low Risk
32,0,0.13,Low Risk
33,1,0.93,High Risk
34,0,0.13,Low Risk
35,0,0.39,Low Risk
36,0,0.18,Low Risk
37,1,0.72,High Risk
38,0,0.18,Low Risk
39,1,0.75,High Risk
40,1,0.9,High Risk
41,0,0.08,Low Risk
42,1,0.19,Low Risk
43,0,0.55,Medium Risk
44,0,0.36,Low Risk
45,1,0.83,High Risk
46,0,0.14,Low Risk
47,1,0.06,Low Risk
48,0,0.4,Low Risk
49,0,0.12,Low Risk
50,0,0.23,Low Risk
51,1,0.6,Medium Risk
52,1,0.92,High Risk
53,0,0.28,Low Risk
54,0,0.24,Low Risk
55,0,0.67,Medium Risk
56,0,0.15,Low Risk
57,0,0.12,Low Risk
58,0,0.29,Low Risk
59,0,0.13,Low Risk
60,0,0.67,Medium Risk
61,0,0.12,Low Risk
62,1,0.71,High Risk
63,0,0.08,Low Risk
64,0,0.02,Low Risk
65,0,0.02,Low Risk
66,0,0.07,Low Risk
67,1,0.86,High Risk
68,1,0.7,Medium Risk
69,0,0.07,Low Risk
70,0,0.13,Low Risk
71,0,0.2,Low Risk
72,0,0.18,Low Risk
73,1,0.07,Low Risk
74,0,0.26,Low Risk
75,1,0.89,High Risk
76,1,0.92,High Risk
77,0,0.22,Low Risk
78,1,0.92,High Risk
79,0,0.1,Low Risk
80,1,0.77,High Risk
81,0,0.25,Low Risk
82,1,0.81,High Risk
83,1,0.76,High Risk
84,0,0.03,Low Risk
85,0,0.04,Low Risk
86,1,0.69,Medium Risk
87,0,0.14,Low Risk
88,0,0.06,Low Risk
89,1,0.36,Low Risk
90,1,0.64,Medium Risk
91,1,0.88,High Risk
92,1,0.79,High Risk
93,0,0.22,Low Risk
94,0,0.32,Low Risk
95,1,0.89,High Risk
96,0,0.13,Low Risk
97,0,0.08,Low Risk
98,0,0.12,Low Risk
99,1,0.58,Medium Risk
100,0,0.21,Low Risk
101,1,0.79,High Risk
102,0,0.14,Low Risk
103,0,0.07,Low Risk
104,0,0.2,Low Risk
105,1,0.77,High Risk
106,0,0.04,Low Risk
107,0,0.13,Low Risk
108,1,0.92,High Risk
109,0,0.03,Low Risk
110,1,0.71,High Risk
111,0,0.01,Low Risk
112,1,0.96,High Risk
113,0,0.1,Low Risk
114,1,0.79,High Risk
115,0,0.16,Low Risk
116,0,0.45,Medium Risk
117,0,0.04,Low Risk
118,0,0.05,Low Risk
119,0,0.08,Low Risk
120,0,0.48,Medium Risk
121,0,0.08,Low Risk
122,0,0.36,Low Risk
123,0,0.11,Low Risk
124,0,0.83,High Risk
125,0,0.11,Low Risk
126,1,0.76,High Risk
127,0,0.06,Low Risk
128,1,0.65,Medium Risk
129,1,0.81,High Risk
130,1,0.63,Medium Risk
131,1,0.43,Medium Risk
133,0,0.19,Low Risk
134,0,0.19,Low Risk
135,1,0.69,Medium Risk
137,1,0.37,Low Risk
138,1,0.9,High Risk
139,0,0.17,Low Risk
140,0,0.51,Medium Risk
141,1,0.82,High Risk
142,0,0.61,Medium Risk
143,0,0.18,Low Risk
144,0,0.11,Low Risk
145,0,0.03,Low Risk
146,1,0.67,Medium Risk
147,0,0.09,Low Risk
148,0,0.16,Low Risk
149,0,0.05,Low Risk
150,0,0.02,Low Risk
151,0,0.21,Low Risk
152,0,0.03,Low Risk
153,0,0.25,Low Risk
154,0,0.34,Low Risk
155,1,0.94,High Risk
156,1,0.78,High Risk
157,0,0.14,Low Risk
158,1,0.83,High Risk
159,0,0.11,Low Risk
160,1,0.96,High Risk
161,0,0.05,Low Risk
162,0,0.16,Low Risk
163,0,0.18,Low Risk
164,0,0.13,Low Risk
165,0,0.3,Low Risk
166,0,0.18,Low Risk
167,0,0.17,Low Risk
168,0,0.15,Low Risk
169,0,0.11,Low Risk
170,0,0.07,Low Risk
171,0,0.14,Low Risk
172,0,0.13,Low Risk
173,0,0.08,Low Risk
174,0,0.22,Low Risk
175,0,0.17,Low Risk
176,0,0.15,Low Risk
177,0,0.12,Low Risk
178,0,0.16,Low Risk
179,0,0.1,Low Risk
180,0,0.21,Low Risk
181,0,0.08,Low Risk
182,1,0.9,High Risk
183,0,0.15,Low Risk
184,0,0.57,Medium Risk
185,0,0.45,Medium Risk
186,1,0.67,Medium Risk
187,1,0.68,Medium Risk
188,0,0.14,Low Risk
189,0,0.06,Low Risk
190,0,0.1,Low Risk
191,1,0.69,Medium Risk
192,0,0.09,Low Risk
193,0,0.18,Low Risk
194,0,0.07,Low Risk
195,0,0.18,Low Risk
196,1,0.85,High Risk
197,0,0.35,Low Risk
198,1,0.81,High Risk
199,1,0.16,Low Risk
200,1,0.75,High Risk
201,0,0.09,Low Risk
202,0,0.08,Low Risk
203,1,0.64,Medium Risk
204,1,0.95,High Risk
205,0,0.12,Low Risk
206,0,0.29,Low Risk
207,0,0.13,Low Risk
208,0,0.63,Medium Risk
209,0,0.19,Low Risk
210,1,0.78,High Risk
211,0,0.17,Low Risk
212,1,0.8,High Risk
213,1,0.56,Medium Risk
214,1,0.73,High Risk
215,1,0.94,High Risk
216,0,0.09,Low Risk
217,0,0.17,Low Risk
218,0,0.02,Low Risk
219,0,0.08,Low Risk
220,1,0.6,Medium Risk
221,1,0.0,Low Risk
222,0,0.06,Low Risk
223,1,0.78,High Risk
224,0,0.12,Low Risk
225,0,0.05,Low Risk
226,1,0.83,High Risk
227,0,0.05,Low Risk
228,1,0.75,High Risk
229,1,0.87,High Risk
230,1,0.81,High Risk
231,1,0.67,Medium Risk
232,1,0.64,Medium Risk
233,0,0.44,Medium Risk
234,1,0.59,Medium Risk
235,1,0.82,High Risk
236,1,0.84,High Risk
237,0,0.08,Low Risk
238,0,0.03,Low Risk
239,0,0.07,Low Risk
240,1,0.8,High Risk
241,0,0.21,Low Risk
242,0,0.24,Low Risk
243,0,0.15,Low Risk
244,0,0.31,Low Risk
245,1,0.62,Medium Risk
246,0,0.03,Low Risk
247,0,0.28,Low Risk
248,0,0.2,Low Risk
249,1,0.84,High Risk
250,0,0.63,Medium Risk
251,0,0.12,Low Risk
252,1,0.84,High Risk
253,0,0.3,Low Risk
254,0,0.37,Low Risk
255,0,0.1,Low Risk
256,1,0.77,High Risk
257,0,0.36,Low Risk
258,1,0.84,High Risk
259,0,0.02,Low Risk
260,1,0.08,Low Risk
261,0,0.0,Low Risk
262,0,0.45,Medium Risk
263,0,0.25,Low Risk
264,0,0.02,Low Risk
265,0,0.21,Low Risk
266,0,0.24,Low Risk
267,1,0.86,High Risk
268,0,0.15,Low Risk
269,1,0.67,Medium Risk
270,0,0.08,Low Risk
271,0,0.16,Low Risk
272,0,0.06,Low Risk
273,0,0.15,Low Risk
274,1,0.69,Medium Risk
275,1,0.74,High Risk
276,0,0.34,Low Risk
277,1,0.21,Low Risk
278,1,0.87,High Risk
279,0,0.19,Low Risk
280,0,0.06,Low Risk
281,0,0.77,High Risk
282,0,0.22,Low Risk
283,0,0.11,Low Risk
284,0,0.06,Low Risk
285,0,0.06,Low Risk
286,0,0.2,Low Risk
287,0,0.12,Low Risk
288,1,0.34,Low Risk
289,0,0.25,Low Risk
290,0,0.1,Low Risk
291,0,0.04,Low Risk
292,0,0.23,Low Risk
293,0,0.09,Low Risk
294,0,0.43,Medium Risk
295,0,0.2,Low Risk
296,0,0.2,Low Risk
297,0,0.1,Low Risk
298,1,0.72,High Risk
299,0,0.27,Low Risk
300,0,0.09,Low Risk
301,0,0.06,Low Risk
302,0,0.18,Low Risk
303,1,0.75,High Risk
304,0,0.14,Low Risk
305,0,0.03,Low Risk
306,1,0.76,High Risk
307,1,0.93,High Risk
308,1,0.78,High Risk
309,0,0.05,Low Risk
310,1,0.74,High Risk
311,0,0.06,Low Risk
312,0,0.04,Low Risk
313,1,0.8,High Risk
314,0,0.06,Low Risk
315,1,0.69,Medium Risk
316,1,0.11,Low Risk
317,1,0.85,High Risk
318,1,0.9,High Risk
319,0,0.02,Low Risk
320,0,0.23,Low Risk
321,0,0.03,Low Risk
322,0,0.15,Low Risk
323,0,0.31,Low Risk
324,0,0.13,Low Risk
325,0,0.12,Low Risk
326,1,0.64,Medium Risk
327,1,0.82,High Risk
328,1,0.87,High Risk
329,1,0.52,Medium Risk
330,0,0.19,Low Risk
331,0,0.14,Low Risk
332,1,0.86,High Risk
333,0,0.05,Low Risk
334,1,0.76,High Risk
335,0,0.09,Low Risk
336,0,0.16,Low Risk
337,1,0.83,High Risk
338,1,0.69,Medium Risk
339,1,0.79,High Risk
340,0,0.02,Low Risk
341,0,0.05,Low Risk
342,0,0.34,Low Risk
343,1,0.88,High Risk
344,0,0.15,Low Risk
345,0,0.16,Low Risk
346,1,0.84,High Risk
347,0,0.41,Medium Risk
348,0,0.16,Low Risk
349,0,0.83,High Risk
350,0,0.14,Low Risk
351,0,0.17,Low Risk
352,0,0.18,Low Risk
353,0,0.0,Low Risk
354,0,0.26,Low Risk
355,1,0.77,High Risk
356,1,0.7,Medium Risk
357,0,0.04,Low Risk
358,1,0.77,High Risk
359,0,0.1,Low Risk
360,0,0.16,Low Risk
361,0,0.11,Low Risk
362,1,0.73,High Risk
363,1,0.78,High Risk
364,1,0.62,Medium Risk
365,0,0.05,Low Risk
366,0,0.15,Low Risk
367,0,0.04,Low Risk
368,0,0.03,Low Risk
369,0,0.11,Low Risk
370,1,0.69,Medium Risk
371,0,0.15,Low Risk
372,1,0.77,High Risk
373,1,0.91,High Risk
374,1,0.98,High Risk
375,1,0.82,High Risk
376,0,0.19,Low Risk
377,1,0.79,High Risk
378,0,0.12,Low Risk
379,0,0.21,Low Risk
380,1,0.81,High Risk
381,1,0.68,Medium Risk
382,1,0.73,High Risk
383,0,0.23,Low Risk
384,1,0.78,High Risk
385,0,0.21,Low Risk
386,1,0.8,High Risk
387,0,0.22,Low Risk
388,0,0.5,Medium Risk
389,0,0.18,Low Risk
390,0,0.06,Low Risk
391,1,0.72,High Risk
392,0,0.02,Low Risk
393,1,0.66,Medium Risk
394,0,0.04,Low Risk
395,0,0.05,Low Risk
396,0,0.13,Low Risk
397,0,0.17,Low Risk
398,0,0.08,Low Risk
399,1,0.24,Low Risk
400,0,0.16,Low Risk
401,1,0.61,Medium Risk
402,1,0.83,High Risk
403,0,0.17,Low Risk
404,1,0.25,Low Risk
405,1,0.89,High Risk
406,0,0.23,Low Risk
407,0,0.13,Low Risk
408,1,0.81,High Risk
409,0,0.04,Low Risk
410,0,0.27,Low Risk
411,1,0.76,High Risk
412,1,0.22,Low Risk
413,0,0.07,Low Risk
414,0,0.39,Low Risk
415,0,0.02,Low Risk
416,1,0.72,High Risk
417,0,0.05,Low Risk
418,0,0.18,Low Risk
419,1,0.9,High Risk
420,1,0.84,High Risk
421,0,0.33,Low Risk
422,0,0.17,Low Risk
423,0,0.11,Low Risk
424,0,0.16,Low Risk
425,1,0.68,Medium Risk
426,1,0.42,Medium Risk
427,0,0.18,Low Risk
428,1,0.85,High Risk
429,0,0.29,Low Risk
430,0,0.18,Low Risk
431,0,0.05,Low Risk
432,1,0.66,Medium Risk
433,1,0.86,High Risk
434,0,0.07,Low Risk
435,0,0.15,Low Risk
436,1,0.8,High Risk
437,1,0.72,High Risk
438,1,0.71,High Risk
439,0,0.1,Low Risk
440,0,0.07,Low Risk
441,0,0.4,Low Risk
442,1,0.89,High Risk
443,1,0.88,High Risk
444,1,0.82,High Risk
445,0,0.19,Low Risk
446,1,0.67,Medium Risk
447,1,0.84,High Risk
448,1,0.83,High Risk
449,1,0.81,High Risk
450,0,0.88,High Risk
451,1,0.71,High Risk
452,0,0.66,Medium Risk
453,1,0.13,Low Risk
454,1,0.25,Low Risk
455,1,0.65,Medium Risk
456,1,0.73,High Risk
457,0,0.22,Low Risk
458,0,0.2,Low Risk
459,0,0.14,Low Risk
460,0,0.17,Low Risk
461,1,0.94,High Risk
462,0,0.23,Low Risk
463,0,0.25,Low Risk
464,0,0.23,Low Risk
465,0,0.19,Low Risk
466,1,0.73,High Risk
467,0,0.18,Low Risk
468,1,0.63,Medium Risk
469,0,0.25,Low Risk
470,0,0.17,Low Risk
471,0,0.21,Low Risk
472,0,0.21,Low Risk
473,0,0.14,Low Risk
474,0,0.08,Low Risk
475,0,0.24,Low Risk
476,1,0.91,High Risk
477,1,0.36,Low Risk
478,0,0.23,Low Risk
479,1,0.23,Low Risk
480,0,0.27,Low Risk
481,1,0.8,High Risk
482,1,0.81,High Risk
483,0,0.21,Low Risk
484,0,0.22,Low Risk
485,1,0.78,High Risk
486,1,0.55,Medium Risk
487,0,0.34,Low Risk
488,0,0.22,Low Risk
489,1,0.77,High Risk
490,0,0.32,Low Risk
491,1,0.72,High Risk
492,0,0.26,Low Risk
493,1,0.92,High Risk
494,0,0.1,Low Risk
495,0,0.21,Low Risk
496,1,0.81,High Risk
497,1,0.77,High Risk
498,1,0.86,High Risk
499,1,0.69,Medium Risk
500,0,0.04,Low Risk
501,1,0.69,Medium Risk
502,0,0.03,Low Risk
503,0,0.16,Low Risk
504,0,0.39,Low Risk
505,1,0.71,High Risk
506,1,0.54,Medium Risk
507,0,0.14,Low Risk
508,1,0.66,Medium Risk
509,1,0.89,High Risk
510,0,0.21,Low Risk
511,1,0.78,High Risk
512,0,0.12,Low Risk
513,1,0.77,High Risk
514,0,0.2,Low Risk
515,0,0.02,Low Risk
516,0,0.21,Low Risk
517,1,0.86,High Risk
518,1,0.78,High Risk
519,0,0.19,Low Risk
520,0,0.06,Low Risk
521,1,0.4,Low Risk
522,1,0.86,High Risk
523,0,0.13,Low Risk
524,0,0.08,Low Risk
525,1,0.83,High Risk
526,0,0.11,Low Risk
527,1,0.65,Medium Risk
528,0,0.33,Low Risk
529,1,0.78,High Risk
530,1,0.67,Medium Risk
531,1,0.7,Medium Risk
532,0,0.21,Low Risk
533,1,0.87,High Risk
534,0,0.11,Low Risk
535,1,0.73,High Risk
536,0,0.17,Low Risk
537,0,0.18,Low Risk
538,1,0.3,Low Risk
539,0,0.23,Low Risk
540,0,0.11,Low Risk
541,1,0.69,Medium Risk
542,0,0.23,Low Risk
543,0,0.13,Low Risk
544,1,0.76,High Risk
545,0,0.79,High Risk
546,0,0.04,Low Risk
547,0,0.16,Low Risk
548,0,0.23,Low Risk
549,1,0.95,High Risk
550,0,0.08,Low Risk
551,1,0.92,High Risk
552,1,0.43,Medium Risk
553,1,0.84,High Risk
554,1,1.0,High Risk
555,0,0.09,Low Risk
556,1,0.51,Medium Risk
557,0,0.14,Low Risk
558,1,0.7,Medium Risk
559,1,0.92,High Risk
560,1,0.76,High Risk
561,0,0.68,Medium Risk
562,1,0.86,High Risk
563,0,0.22,Low Risk
564,1,0.83,High Risk
565,0,0.31,Low Risk
566,1,0.53,Medium Risk
567,1,0.68,Medium Risk
568,1,0.87,High Risk
569,1,0.69,Medium Risk
570,1,0.76,High Risk
571,1,0.84,High Risk
572,1,0.78,High Risk
573,1,0.91,High Risk
574,1,0.74,High Risk
575,0,0.26,Low Risk
576,1,0.8,High Risk
577,0,0.12,Low Risk
578,0,0.12,Low Risk
579,1,0.31,Low Risk
580,0,0.35,Low Risk
581,0,0.2,Low Risk
582,1,0.89,High Risk
583,0,0.23,Low Risk
584,0,0.12,Low Risk
585,0,0.2,Low Risk
586,1,0.7,Medium Risk
587,0,0.09,Low Risk
588,0,0.16,Low Risk
590,1,0.44,Medium Risk
591,0,0.16,Low Risk
592,0,0.33,Low Risk
593,0,0.16,Low Risk
594,0,0.09,Low Risk
595,1,0.75,High Risk
596,1,0.8,High Risk
597,0,0.17,Low Risk
598,1,0.89,High Risk
599,0,0.01,Low Risk
600,0,0.09,Low Risk
601,0,0.15,Low Risk
602,1,0.91,High Risk
603,0,0.06,Low Risk
604,0,0.23,Low Risk
605,1,0.43,Medium Risk
606,0,0.25,Low Risk
607,0,0.11,Low Risk
608,1,0.84,High Risk
609,0,0.08,Low Risk
610,0,0.11,Low Risk
611,1,0.88,High Risk
612,0,0.67,Medium Risk
613,0,0.05,Low Risk
614,1,0.78,High Risk
615,1,0.73,High Risk
616,1,0.66,Medium Risk
617,1,0.74,High Risk
618,0,0.11,Low Risk
619,0,0.02,Low Risk
620,0,0.12,Low Risk
621,1,0.75,High Risk
622,0,0.18,Low Risk
623,0,0.23,Low Risk
624,0,0.04,Low Risk
625,0,0.55,Medium Risk
626,0,0.1,Low Risk
627,1,0.83,High Risk
628,0,0.08,Low Risk
629,0,0.1,Low Risk
630,1,0.81,High Risk
631,0,0.14,Low Risk
632,0,0.11,Low Risk
633,0,0.34,Low Risk
634,0,0.09,Low Risk
635,1,0.73,High Risk
636,0,0.08,Low Risk
637,1,0.61,Medium Risk
638,0,0.08,Low Risk
639,1,0.56,Medium Risk
640,0,0.11,Low Risk
641,0,0.36,Low Risk
642,1,0.89,High Risk
643,1,0.81,High Risk
644,0,0.13,Low Risk
645,0,0.1,Low Risk
646,0,0.22,Low Risk
647,0,0.05,Low Risk
648,1,0.84,High Risk
649,1,0.66,Medium Risk
650,0,0.12,Low Risk
651,0,0.01,Low Risk
652,0,0.06,Low Risk
653,0,0.17,Low Risk
654,0,0.13,Low Risk
655,0,0.33,Low Risk
656,0,0.1,Low Risk
657,1,0.95,High Risk
658,1,0.71,High Risk
659,1,0.32,Low Risk
660,0,0.04,Low Risk
661,1,0.59,Medium Risk
662,0,0.11,Low Risk
663,1,0.74,High Risk
664,0,0.13,Low Risk
665,1,0.71,High Risk
666,1,0.9,High Risk
667,1,0.67,Medium Risk
668,0,0.78,High Risk
669,1,0.82,High Risk
670,0,0.03,Low Risk
671,0,0.05,Low Risk
672,0,0.34,Low Risk
673,1,0.93,High Risk
674,0,0.06,Low Risk
675,1,0.9,High Risk
676,1,0.75,High Risk
677,0,0.17,Low Risk
678,0,0.16,Low Risk
679,1,0.79,High Risk
680,0,0.15,Low Risk
681,1,0.78,High Risk
682,0,0.02,Low Risk
683,0,0.08,Low Risk
684,1,0.66,Medium Risk
685,1,0.72,High Risk
686,1,0.7,Medium Risk
687,0,0.03,Low Risk
688,1,0.75,High Risk
689,0,0.05,Low Risk
690,1,0.95,High Risk
691,0,0.1,Low Risk
692,0,0.32,Low Risk
693,0,0.04,Low Risk
694,1,0.82,High Risk
695,0,0.1,Low Risk
697,0,0.07,Low Risk
698,0,0.08,Low Risk
699,0,0.09,Low Risk
700,0,0.32,Low Risk
701,0,0.15,Low Risk
702,0,0.5,Medium Risk
703,1,0.74,High Risk
704,0,0.08,Low Risk
705,0,0.18,Low Risk
706,0,0.05,Low Risk
707,1,0.93,High Risk
708,1,0.84,High Risk
709,0,0.2,Low Risk
710,0,0.55,Medium Risk
711,1,0.78,High Risk
712,0,0.11,Low Risk
713,1,0.41,Medium Risk
714,0,0.23,Low Risk
715,0,0.14,Low Risk
716,1,0.85,High Risk
717,0,0.21,Low Risk
718,0,0.12,Low Risk
719,1,0.86,High Risk
720,1,0.13,Low Risk
721,0,0.16,Low Risk
722,1,0.68,Medium Risk
723,0,0.6,Medium Risk
724,1,0.96,High Risk
725,0,0.11,Low Risk
726,0,0.22,Low Risk
727,0,0.08,Low Risk
728,0,0.24,Low Risk
729,1,0.25,Low Risk
730,0,0.05,Low Risk
731,0,0.22,Low Risk
732,0,0.25,Low Risk
733,1,0.91,High Risk
734,0,0.27,Low Risk
735,1,0.88,High Risk
736,1,0.93,High Risk
737,1,0.85,High Risk
738,1,0.59,Medium Risk
739,0,0.12,Low Risk
740,1,0.51,Medium Risk
741,1,0.62,Medium Risk
742,0,0.2,Low Risk
743,0,0.69,Medium Risk
744,0,0.08,Low Risk
745,1,0.74,High Risk
746,1,0.81,High Risk
747,0,0.05,Low Risk
748,1,0.86,High Risk
749,0,0.9,High Risk
750,1,0.72,High Risk
751,1,0.89,High Risk
752,0,0.04,Low Risk
753,1,0.72,High Risk
754,0,0.09,Low Risk
755,1,0.8,High Risk
756,1,0.53,Medium Risk
757,0,0.2,Low Risk
758,0,0.18,Low Risk
759,0,0.1,Low Risk
760,1,0.7,Medium Risk
761,0,0.07,Low Risk
762,0,0.23,Low Risk
763,0,0.37,Low Risk
764,0,0.02,Low Risk
765,0,0.12,Low Risk
766,1,0.8,High Risk
767,0,0.28,Low Risk
768,1,0.79,High Risk
769,0,0.07,Low Risk
770,0,0.13,Low Risk
771,0,0.15,Low Risk
772,0,0.21,Low Risk
773,0,0.15,Low Risk
774,1,0.84,High Risk
775,0,0.1,Low Risk
776,0,0.05,Low Risk
777,1,0.79,High Risk
778,0,0.23,Low Risk
779,1,0.84,High Risk
780,1,0.78,High Risk
781,0,0.24,Low Risk
782,0,0.09,Low Risk
783,1,0.79,High Risk
784,0,0.09,Low Risk
785,1,0.87,High Risk
786,1,0.92,High Risk
787,1,0.88,High Risk
788,1,0.7,Medium Risk
789,1,0.73,High Risk
790,0,0.23,Low Risk
791,0,0.25,Low Risk
792,1,0.88,High Risk
793,0,0.02,Low Risk
794,0,0.2,Low Risk
795,0,0.04,Low Risk
796,0,0.0,Low Risk
797,0,0.05,Low Risk
798,0,0.15,Low Risk
799,0,0.15,Low Risk
800,1,0.55,Medium Risk
801,0,0.28,Low Risk
803,1,0.77,High Risk
804,0,0.05,Low Risk
805,0,0.22,Low Risk
806,0,0.11,Low Risk
807,0,0.26,Low Risk
808,1,0.74,High Risk
809,1,0.41,Medium Risk
810,0,0.23,Low Risk
811,0,0.16,Low Risk
812,1,0.79,High Risk
813,0,0.01,Low Risk
814,0,0.18,Low Risk
815,1,0.81,High Risk
816,0,0.05,Low Risk
817,0,0.23,Low Risk
818,0,0.21,Low Risk
819,1,0.73,High Risk
820,0,0.09,Low Risk
821,0,0.11,Low Risk
822,0,0.26,Low Risk
823,0,0.19,Low Risk
824,0,0.08,Low Risk
825,1,0.89,High Risk
826,1,0.17,Low Risk
827,1,0.83,High Risk
828,1,0.87,High Risk
829,0,0.14,Low Risk
830,0,0.01,Low Risk
831,1,0.8,High Risk
832,0,0.45,Medium Risk
833,0,0.13,Low Risk
834,1,0.09,Low Risk
835,0,0.29,Low Risk
836,1,0.8,High Risk
837,0,0.16,Low Risk
838,1,0.94,High Risk
839,1,0.72,High Risk
840,0,0.06,Low Risk
841,1,0.8,High Risk
842,0,0.22,Low Risk
843,1,0.72,High Risk
844,0,0.28,Low Risk
845,0,0.09,Low Risk
846,0,0.14,Low Risk
847,1,0.76,High Risk
848,1,0.7,Medium Risk
849,1,0.48,Medium Risk
850,0,0.11,Low Risk
851,0,0.03,Low Risk
852,0,0.3,Low Risk
853,1,0.77,High Risk
854,0,0.28,Low Risk
855,0,0.13,Low Risk
856,0,0.22,Low Risk
857,1,0.68,Medium Risk
858,0,0.21,Low Risk
859,1,0.95,High Risk
860,0,0.01,Low Risk
861,1,0.71,High Risk
862,0,0.22,Low Risk
863,1,0.75,High Risk
864,1,0.76,High Risk
865,0,0.17,Low Risk
866,1,0.67,Medium Risk
867,1,0.98,High Risk
868,0,0.21,Low Risk
869,0,0.19,Low Risk
870,0,0.18,Low Risk
871,1,0.81,High Risk
872,0,0.18,Low Risk
873,0,0.19,Low Risk
874,1,0.93,High Risk
875,1,0.9,High Risk
876,0,0.11,Low Risk
877,1,0.8,High Risk
878,0,0.21,Low Risk
879,0,0.17,Low Risk
880,0,0.12,Low Risk
881,0,0.15,Low Risk
882,1,0.66,Medium Risk
883,0,0.24,Low Risk
884,0,0.47,Medium Risk
885,0,0.06,Low Risk
886,1,0.87,High Risk
887,0,0.19,Low Risk
888,0,0.06,Low Risk
889,0,0.14,Low Risk
890,1,0.76,High Risk
891,0,0.13,Low Risk
892,0,0.15,Low Risk
893,0,0.16,Low Risk
894,0,0.06,Low Risk
895,0,0.12,Low Risk
896,1,0.93,High Risk
897,0,0.07,Low Risk
898,0,0.16,Low Risk
899,0,0.22,Low Risk
900,1,0.72,High Risk
901,0,0.23,Low Risk
902,0,0.13,Low Risk
903,0,0.16,Low Risk
904,0,0.07,Low Risk
905,0,0.16,Low Risk
906,1,0.17,Low Risk
907,0,0.19,Low Risk
908,0,0.13,Low Risk
909,1,0.94,High Risk
910,0,0.03,Low Risk
911,0,0.1,Low Risk
912,1,0.79,High Risk
913,1,0.54,Medium Risk
914,1,0.9,High Risk
915,1,0.64,Medium Risk
916,0,0.23,Low Risk
917,0,0.43,Medium Risk
918,1,0.71,High Risk
919,0,0.17,Low Risk
920,1,0.94,High Risk
921,0,0.2,Low Risk
922,1,0.67,Medium Risk
923,0,0.32,Low Risk
924,0,0.05,Low Risk
925,0,0.19,Low Risk
926,0,0.17,Low Risk
927,0,0.14,Low Risk
928,1,0.75,High Risk
929,1,0.79,High Risk
930,1,0.8,High Risk
931,0,0.17,Low Risk
932,0,0.07,Low Risk
933,0,0.57,Medium Risk
934,1,0.75,High Risk
935,0,0.25,Low Risk
936,0,0.37,Low Risk
937,0,0.05,Low Risk
938,1,0.92,High Risk
939,1,0.14,Low Risk
940,0,0.41,Medium Risk
941,0,0.05,Low Risk
942,1,0.42,Medium Risk
943,0,0.88,High Risk
944,0,0.04,Low Risk
945,0,0.17,Low Risk
946,0,0.12,Low Risk
947,0,0.16,Low Risk
948,0,0.23,Low Risk
949,0,0.13,Low Risk
950,0,0.17,Low Risk
951,0,0.13,Low Risk
952,1,0.95,High Risk
953,0,0.11,Low Risk
954,1,0.76,High Risk
955,1,0.68,Medium Risk
956,0,0.16,Low Risk
957,1,0.74,High Risk
958,1,0.76,High Risk
959,1,0.94,High Risk
960,0,0.17,Low Risk
961,0,0.05,Low Risk
962,0,0.16,Low Risk
963,1,0.62,Medium Risk
964,0,0.04,Low Risk
965,1,0.64,Medium Risk
966,1,0.2,Low Risk
967,0,0.08,Low Risk
968,0,0.19,Low Risk
969,0,0.58,Medium Risk
970,0,0.09,Low Risk
971,0,0.25,Low Risk
972,1,0.7,Medium Risk
973,0,0.14,Low Risk
974,0,0.26,Low Risk
975,0,0.04,Low Risk
977,0,0.38,Low Risk
978,0,0.54,Medium Risk
979,0,0.08,Low Risk
980,1,0.69,Medium Risk
981,0,0.25,Low Risk
982,0,0.1,Low Risk
983,1,0.75,High Risk
984,1,0.44,Medium Risk
985,0,0.3,Low Risk
986,0,0.11,Low Risk
987,0,0.21,Low Risk
988,1,0.86,High Risk
989,0,0.14,Low Risk
990,0,0.13,Low Risk
991,1,0.88,High Risk
992,1,0.77,High Risk
993,1,0.88,High Risk
994,1,0.7,Medium Risk
995,0,0.2,Low Risk
996,0,0.24,Low Risk
997,1,0.84,High Risk
998,0,0.09,Low Risk
999,1,0.77,High Risk
1000,0,0.46,Medium Risk
1001,0,0.08,Low Risk
1002,1,0.89,High Risk
1003,0,0.1,Low Risk
1004,1,0.85,High Risk
1005,0,0.2,Low Risk
1006,1,0.85,High Risk
1007,1,0.86,High Risk
1008,0,0.09,Low Risk
1009,0,0.39,Low Risk
1010,0,0.05,Low Risk
1011,0,0.15,Low Risk
1012,0,0.48,Medium Risk
1013,1,0.36,Low Risk
1014,0,0.27,Low Risk
1015,0,0.03,Low Risk
1016,0,0.03,Low Risk
1017,0,0.13,Low Risk
1018,0,0.08,Low Risk
1019,0,0.05,Low Risk
1020,1,0.68,Medium Risk
1021,0,0.08,Low Risk
1022,0,0.04,Low Risk
1023,0,0.26,Low Risk
1024,0,0.21,Low Risk
1025,0,0.1,Low Risk
1026,0,0.03,Low Risk
1027,0,0.2,Low Risk
1028,0,0.16,Low Risk
1029,0,0.08,Low Risk
1030,1,0.26,Low Risk
1031,0,0.07,Low Risk
1032,1,0.82,High Risk
1033,1,0.14,Low Risk
1034,0,0.25,Low Risk
1035,0,0.23,Low Risk
1036,1,0.71,High Risk
1037,0,0.12,Low Risk
1038,0,0.07,Low Risk
1039,0,0.08,Low Risk
1040,1,0.68,Medium Risk
1041,1,0.55,Medium Risk
1042,0,0.21,Low Risk
1043,0,0.14,Low Risk
1044,0,0.19,Low Risk
1045,0,0.13,Low Risk
1046,1,0.33,Low Risk
1047,0,0.04,Low Risk
1048,1,0.81,High Risk
1049,0,0.01,Low Risk
1050,0,0.05,Low Risk
1051,0,0.11,Low Risk
1052,0,0.07,Low Risk
1053,0,0.13,Low Risk
1054,1,0.78,High Risk
1055,0,0.12,Low Risk
1056,0,0.11,Low Risk
1057,0,0.1,Low Risk
1058,1,0.88,High Risk
1059,0,0.33,Low Risk
1060,1,0.71,High Risk
1061,0,0.05,Low Risk
1063,0,0.05,Low Risk
1064,1,0.53,Medium Risk
1065,0,0.13,Low Risk
1066,0,0.08,Low Risk
1067,0,0.07,Low Risk
1068,0,0.34,Low Risk
1069,0,0.21,Low Risk
1070,1,0.74,High Risk
1071,1,0.36,Low Risk
1072,0,0.12,Low Risk
1073,0,0.06,Low Risk
1074,0,0.44,Medium Risk
1075,1,0.83,High Risk
1076,1,0.62,Medium Risk
1077,0,0.29,Low Risk
1078,1,0.69,Medium Risk
1079,1,0.8,High Risk
1080,1,0.73,High Risk
1081,1,0.86,High Risk
1082,0,0.03,Low Risk
1083,1,0.9,High Risk
1084,0,0.12,Low Risk
1085,0,0.16,Low Risk
1086,0,0.18,Low Risk
1087,0,0.04,Low Risk
1088,0,0.19,Low Risk
1089,0,0.09,Low Risk
1090,1,0.66,Medium Risk
1091,0,0.18,Low Risk
1092,1,0.36,Low Risk
1093,0,0.15,Low Risk
1094,1,0.4,Low Risk
1095,0,0.72,High Risk
1096,0,0.05,Low Risk
1097,0,0.07,Low Risk
1098,0,0.23,Low Risk
1099,0,0.26,Low Risk
1100,0,0.33,Low Risk
1101,0,0.07,Low Risk
1102,0,0.14,Low Risk
1103,0,0.06,Low Risk
1104,0,0.1,Low Risk
1105,0,0.85,High Risk
1106,1,0.85,High Risk
1107,0,0.16,Low Risk
1108,0,0.12,Low Risk
1109,1,0.75,High Risk
1110,1,0.81,High Risk
1111,1,0.68,Medium Risk
1112,1,0.94,High Risk
1113,1,0.75,High Risk
1114,1,0.87,High Risk
1115,1,0.89,High Risk
1116,0,0.2,Low Risk
1117,0,0.2,Low Risk
1118,0,0.21,Low Risk
1119,0,0.22,Low Risk
1120,0,0.14,Low Risk
1121,0,0.04,Low Risk
1122,0,0.17,Low Risk
1123,0,0.14,Low Risk
1124,0,0.03,Low Risk
1125,0,0.15,Low Risk
1126,1,0.71,High Risk
1127,0,0.67,Medium Risk
1128,0,0.14,Low Risk
1129,1,0.66,Medium Risk
1130,0,0.09,Low Risk
1131,0,0.12,Low Risk
1132,0,0.05,Low Risk
1133,1,0.64,Medium Risk
1134,0,0.05,Low Risk
1135,0,0.16,Low Risk
1136,0,0.19,Low Risk
1137,0,0.09,Low Risk
1138,0,0.18,Low Risk
1139,1,0.8,High Risk
1140,0,0.04,Low Risk
1141,0,0.24,Low Risk
1142,0,0.2,Low Risk
1143,0,0.05,Low Risk
1144,0,0.1,Low Risk
1145,1,0.77,High Risk
1146,0,0.01,Low Risk
1147,0,0.64,Medium Risk
1148,0,0.26,Low Risk
1149,0,0.13,Low Risk
1150,1,0.94,High Risk
1151,1,0.83,High Risk
1152,0,0.33,Low Risk
1153,0,0.3,Low Risk
1154,1,0.94,High Risk
1155,0,0.51,Medium Risk
1156,1,0.16,Low Risk
1157,0,0.11,Low Risk
1158,0,0.0,Low Risk
1159,0,0.1,Low Risk
1160,1,0.84,High Risk
1161,1,0.27,Low Risk
1162,0,0.14,Low Risk
1163,1,0.81,High Risk
1164,1,0.68,Medium Risk
1165,1,0.36,Low Risk
1166,1,0.58,Medium Risk
1167,0,0.0,Low Risk
1168,0,0.09,Low Risk
1169,0,0.18,Low Risk
1170,1,0.4,Low Risk
1171,0,0.27,Low Risk
1172,1,0.71,High Risk
1173,0,0.09,Low Risk
1174,0,0.25,Low Risk
1175,0,0.13,Low Risk
1176,0,0.16,Low Risk
1177,0,0.15,Low Risk
1178,1,0.81,High Risk
1179,1,0.73,High Risk
1180,0,0.22,Low Risk
1181,1,0.72,High Risk
1182,0,0.15,Low Risk
1183,0,0.46,Medium Risk
1184,0,0.05,Low Risk
1185,1,0.81,High Risk
1186,1,0.86,High Risk
1187,1,0.84,High Risk
1188,0,0.19,Low Risk
1189,0,0.09,Low Risk
1190,0,0.28,Low Risk
1191,0,0.3,Low Risk
1192,1,0.73,High Risk
1193,0,0.22,Low Risk
1194,0,0.3,Low Risk
1195,0,0.0,Low Risk
1196,1,0.79,High Risk
1197,1,0.81,High Risk
1198,0,0.1,Low Risk
1199,1,0.87,High Risk
1200,1,0.84,High Risk
1201,0,0.15,Low Risk
1202,1,0.77,High Risk
1203,0,0.19,Low Risk
1204,1,0.86,High Risk
1205,1,0.75,High Risk
1206,1,0.97,High Risk
1207,0,0.26,Low Risk
1208,0,0.24,Low Risk
1209,0,0.09,Low Risk
1211,0,0.06,Low Risk
1212,0,0.16,Low Risk
1213,1,0.86,High Risk
1214,0,0.1,Low Risk
1215,0,0.09,Low Risk
1216,1,0.74,High Risk
1217,0,0.34,Low Risk
1218,1,0.82,High Risk
1219,0,0.23,Low Risk
1220,0,0.06,Low Risk
1221,0,0.21,Low Risk
1222,1,0.25,Low Risk
1223,0,0.09,Low Risk
1224,0,0.63,Medium Risk
1225,0,0.21,Low Risk
1226,0,0.11,Low Risk
1227,0,0.17,Low Risk
1228,0,0.31,Low Risk
1229,1,0.79,High Risk
1230,0,0.31,Low Risk
1231,0,0.1,Low Risk
1232,1,0.6,Medium Risk
1233,0,0.09,Low Risk
1234,1,0.73,High Risk
1235,1,0.71,High Risk
1236,0,0.71,High Risk
1237,0,0.28,Low Risk
1238,1,0.78,High Risk
1239,1,0.74,High Risk
1240,0,0.3,Low Risk
1241,1,0.8,High Risk
1243,1,0.9,High Risk
1244,0,0.19,Low Risk
1245,1,0.85,High Risk
1246,0,0.2,Low Risk
1247,0,0.15,Low Risk
1248,0,0.08,Low Risk
1249,0,0.1,Low Risk
1250,1,0.74,High Risk
1251,0,0.22,Low Risk
1252,0,0.12,Low Risk
1253,0,0.19,Low Risk
1254,0,0.13,Low Risk
1255,0,0.11,Low Risk
1256,0,0.2,Low Risk
1257,0,0.54,Medium Risk
1258,1,0.68,Medium Risk
1259,1,0.82,High Risk
1260,1,0.75,High Risk
1261,0,0.08,Low Risk
1262,1,0.62,Medium Risk
1263,0,0.15,Low Risk
1264,0,0.09,Low Risk
1265,0,0.08,Low Risk
1266,1,0.86,High Risk
1267,0,0.22,Low Risk
1268,0,0.13,Low Risk
1269,0,0.15,Low Risk
1270,1,0.76,High Risk
1271,0,0.49,Medium Risk
1272,0,0.02,Low Risk
1273,0,0.29,Low Risk
1274,1,0.7,Medium Risk
1275,1,0.97,High Risk
1276,0,0.35,Low Risk
1277,0,0.08,Low Risk
1278,0,0.06,Low Risk
1279,0,0.1,Low Risk
1280,0,0.74,High Risk
1281,0,0.12,Low Risk
1282,0,0.52,Medium Risk
1283,0,0.04,Low Risk
1284,1,0.81,High Risk
1285,1,0.8,High Risk
1286,0,0.17,Low Risk
1287,1,0.42,Medium Risk
1288,0,0.1,Low Risk
1289,0,0.04,Low Risk
1290,0,0.32,Low Risk
1291,1,0.94,High Risk
1292,0,0.18,Low Risk
1293,0,0.04,Low Risk
1294,1,0.94,High Risk
1295,0,0.18,Low Risk
1296,0,0.34,Low Risk
1297,1,0.77,High Risk
1298,1,0.5,Medium Risk
1299,1,0.91,High Risk
1300,0,0.34,Low Risk
1301,1,0.97,High Risk
1302,0,0.13,Low Risk
1303,1,0.87,High Risk
1304,0,0.18,Low Risk
1305,0,0.08,Low Risk
1306,0,0.07,Low Risk
1307,1,0.76,High Risk
1308,1,0.93,High Risk
1309,0,0.28,Low Risk
1310,1,0.79,High Risk
1311,0,0.11,Low Risk
1312,1,0.19,Low Risk
1313,0,0.27,Low Risk
1314,0,0.2,Low Risk
1315,0,0.17,Low Risk
1316,1,0.65,Medium Risk
1317,0,0.29,Low Risk
1318,0,0.34,Low Risk
1319,1,0.99,High Risk
1320,1,0.12,Low Risk
1321,1,0.74,High Risk
1322,0,0.3,Low Risk
1323,1,0.69,Medium Risk
1324,0,0.07,Low Risk
1325,1,0.43,Medium Risk
1326,0,0.06,Low Risk
1327,1,0.64,Medium Risk
1328,1,0.81,High Risk
1329,1,0.83,High Risk
1330,0,0.14,Low Risk
1331,0,0.32,Low Risk
1332,0,0.15,Low Risk
1333,0,0.67,Medium Risk
1334,0,0.17,Low Risk
1335,1,0.83,High Risk
1336,0,0.27,Low Risk
1337,0,0.23,Low Risk
1338,0,0.17,Low Risk
1339,0,0.21,Low Risk
1340,0,0.06,Low Risk
1341,0,0.15,Low Risk
1342,1,0.82,High Risk
1343,0,0.5,Medium Risk
1344,0,0.03,Low Risk
1345,0,0.05,Low Risk
1346,1,0.84,High Risk
1347,0,0.78,High Risk
1348,0,0.28,Low Risk
1349,1,0.71,High Risk
1350,0,0.13,Low Risk
1351,0,0.21,Low Risk
1352,0,0.26,Low Risk
1353,0,0.07,Low Risk
1354,1,0.81,High Risk
1355,0,0.23,Low Risk
1356,1,0.62,Medium Risk
1357,1,0.62,Medium Risk
1358,0,0.29,Low Risk
1359,0,0.06,Low Risk
1360,1,0.47,Medium Risk
1361,1,0.87,High Risk
1362,0,0.19,Low Risk
1363,0,0.21,Low Risk
1364,1,0.89,High Risk
1365,1,0.29,Low Risk
1366,1,0.7,Medium Risk
1367,0,0.09,Low Risk
1368,0,0.41,Medium Risk
1369,0,0.06,Low Risk
1370,0,0.09,Low Risk
1371,1,0.84,High Risk
1372,1,0.67,Medium Risk
1373,0,0.07,Low Risk
1374,0,0.19,Low Risk
1375,0,0.03,Low Risk
1376,0,0.12,Low Risk
1377,0,0.08,Low Risk
1378,1,0.76,High Risk
1379,1,0.69,Medium Risk
1380,1,0.82,High Risk
1381,0,0.13,Low Risk
1382,1,0.78,High Risk
1383,0,0.65,Medium Risk
1384,0,0.26,Low Risk
1385,1,0.82,High Risk
1386,1,0.85,High Risk
1387,1,0.86,High Risk
1388,0,0.15,Low Risk
1389,0,0.15,Low Risk
1390,0,0.14,Low Risk
1391,1,0.86,High Risk
1392,0,0.06,Low Risk
1393,0,0.48,Medium Risk
1394,1,0.81,High Risk
1395,0,0.26,Low Risk
1396,0,0.18,Low Risk
1397,0,0.19,Low Risk
1398,0,0.15,Low Risk
1399,1,0.85,High Risk
1400,0,0.04,Low Risk
1401,1,0.97,High Risk
1402,1,0.86,High Risk
1403,1,0.25,Low Risk
1404,1,0.8,High Risk
1405,0,0.16,Low Risk
1406,1,0.44,Medium Risk
1407,0,0.24,Low Risk
1408,1,0.51,Medium Risk
1409,0,0.13,Low Risk
1410,0,0.35,Low Risk
1411,1,0.7,Medium Risk
1412,0,0.55,Medium Risk
1413,1,0.8,High Risk
1414,1,0.83,High Risk
1415,0,0.13,Low Risk
1416,1,0.63,Medium Risk
1417,0,0.05,Low Risk
1418,0,0.12,Low Risk
1419,0,0.18,Low Risk
1420,1,0.88,High Risk
1421,0,0.57,Medium Risk
1422,0,0.09,Low Risk
1423,0,0.65,Medium Risk
1424,0,0.16,Low Risk
1425,1,0.73,High Risk
1426,1,0.87,High Risk
1427,1,0.71,High Risk
1428,0,0.13,Low Risk
1429,0,0.15,Low Risk
1430,0,0.15,Low Risk
1431,0,0.21,Low Risk
1432,1,0.88,High Risk
1433,0,0.22,Low Risk
1434,0,0.24,Low Risk
1435,0,0.1,Low Risk
1436,1,0.73,High Risk
1437,1,0.49,Medium Risk
1438,0,0.24,Low Risk
1439,0,0.48,Medium Risk
1440,0,0.74,High Risk
1441,1,0.88,High Risk
1442,1,0.7,Medium Risk
1443,0,0.14,Low Risk
1444,1,0.73,High Risk
1445,0,0.06,Low Risk
1446,1,0.78,High Risk
1447,0,0.29,Low Risk
1448,0,0.19,Low Risk
1449,0,0.12,Low Risk
1450,1,0.82,High Risk
1451,0,0.11,Low Risk
1452,0,0.13,Low Risk
1454,0,0.17,Low Risk
1455,0,0.03,Low Risk
1456,1,0.71,High Risk
1457,0,0.08,Low Risk
1458,0,0.3,Low Risk
1459,0,0.07,Low Risk
1460,0,0.18,Low Risk
1461,1,0.55,Medium Risk
1462,0,0.25,Low Risk
1463,1,0.77,High Risk
1464,1,0.8,High Risk
1465,1,0.72,High Risk
1466,0,0.1,Low Risk
1467,1,0.47,Medium Risk
1468,0,0.23,Low Risk
1469,0,0.62,Medium Risk
1470,0,0.11,Low Risk
1471,0,0.12,Low Risk
1472,1,0.7,Medium Risk
1473,1,0.85,High Risk
1474,1,0.84,High Risk
1475,1,0.76,High Risk
1476,1,0.84,High Risk
1477,0,0.14,Low Risk
1478,0,0.16,Low Risk
1479,1,0.7,Medium Risk
1480,0,0.11,Low Risk
1481,1,0.5,Medium Risk
1482,1,0.87,High Risk
1483,0,0.1,Low Risk
1484,0,0.11,Low Risk
1485,0,0.19,Low Risk
1486,0,0.46,Medium Risk
1487,0,0.03,Low Risk
1488,1,0.89,High Risk
1489,0,0.13,Low Risk
1490,0,0.09,Low Risk
1491,0,0.1,Low Risk
1492,1,0.79,High Risk
1493,0,0.12,Low Risk
1494,0,0.29,Low Risk
1495,0,0.18,Low Risk
1496,0,0.16,Low Risk
1497,1,0.97,High Risk
1498,1,0.81,High Risk
1499,0,0.16,Low Risk
1500,0,0.47,Medium Risk
1501,1,0.82,High Risk
1502,1,0.91,High Risk
1503,1,0.84,High Risk
1504,0,0.3,Low Risk
1505,1,0.84,High Risk
1506,0,0.03,Low Risk
1507,0,0.22,Low Risk
1508,0,0.1,Low Risk
1509,1,0.81,High Risk
1510,1,0.78,High Risk
1511,1,0.68,Medium Risk
1512,0,0.07,Low Risk
1513,1,0.81,High Risk
1514,1,0.91,High Risk
1515,0,0.07,Low Risk
1516,0,0.28,Low Risk
1517,0,0.16,Low Risk
1518,1,0.77,High Risk
1519,1,0.9,High Risk
1520,1,0.77,High Risk
1521,0,0.48,Medium Risk
1522,0,0.24,Low Risk
1523,0,0.38,Low Risk
1524,0,0.1,Low Risk
1525,1,0.58,Medium Risk
1526,0,0.21,Low Risk
1527,0,0.09,Low Risk
1528,1,0.89,High Risk
1529,0,0.24,Low Risk
1530,0,0.03,Low Risk
1531,0,0.07,Low Risk
1532,0,0.16,Low Risk
1533,0,0.19,Low Risk
1534,1,0.77,High Risk
1535,0,0.1,Low Risk
1536,1,0.87,High Risk
1537,0,0.13,Low Risk
1538,1,0.57,Medium Risk
1539,1,0.76,High Risk
1540,0,0.2,Low Risk
1541,0,0.7,Medium Risk
1542,0,0.02,Low Risk
1543,0,0.25,Low Risk
1544,0,0.85,High Risk
1545,0,0.42,Medium Risk
1546,0,0.22,Low Risk
1547,0,0.04,Low Risk
1548,0,0.03,Low Risk
1549,1,0.71,High Risk
1550,0,0.24,Low Risk
1551,0,0.3,Low Risk
1552,1,0.7,Medium Risk
1553,0,0.09,Low Risk
1554,0,0.15,Low Risk
1555,0,0.18,Low Risk
1556,1,0.9,High Risk
1557,0,0.17,Low Risk
1558,0,0.09,Low Risk
1559,1,0.96,High Risk
1560,1,0.8,High Risk
1561,1,0.82,High Risk
1562,0,0.07,Low Risk
1563,0,0.1,Low Risk
1564,0,0.04,Low Risk
1565,0,0.28,Low Risk
1566,1,0.87,High Risk
1567,0,0.11,Low Risk
1568,0,0.19,Low Risk
1569,0,0.08,Low Risk
1570,0,0.07,Low Risk
1571,1,0.71,High Risk
1572,0,0.18,Low Risk
1573,0,0.11,Low Risk
1574,0,0.19,Low Risk
1575,0,0.29,Low Risk
1576,0,0.12,Low Risk
1577,0,0.21,Low Risk
1578,0,0.18,Low Risk
1579,0,0.22,Low Risk
1580,0,0.04,Low Risk
1581,1,0.76,High Risk
1582,1,0.84,High Risk
1583,1,0.55,Medium Risk
1584,1,0.74,High Risk
1585,1,0.89,High Risk
1586,1,0.83,High Risk
1587,0,0.25,Low Risk
1588,1,0.83,High Risk
1589,1,0.76,High Risk
1591,0,0.08,Low Risk
1592,0,0.32,Low Risk
1593,1,0.89,High Risk
1594,0,0.12,Low Risk
1595,1,0.89,High Risk
1596,1,0.92,High Risk
1597,1,0.81,High Risk
1598,0,0.09,Low Risk
1599,1,0.87,High Risk
1600,0,0.16,Low Risk
1601,1,0.7,Medium Risk
1602,0,0.16,Low Risk
1603,0,0.19,Low Risk
1604,1,0.74,High Risk
1605,1,0.72,High Risk
1606,0,0.6,Medium Risk
1607,1,0.87,High Risk
1608,0,0.19,Low Risk
1609,0,0.13,Low Risk
1610,0,0.04,Low Risk
1611,0,0.46,Medium Risk
1612,1,0.65,Medium Risk
1613,1,0.91,High Risk
1614,1,0.91,High Risk
1615,0,0.04,Low Risk
1616,0,0.07,Low Risk
1617,0,0.11,Low Risk
1618,1,0.26,Low Risk
1619,0,0.05,Low Risk
1620,0,0.06,Low Risk
1621,1,0.74,High Risk
1622,1,0.82,High Risk
1623,0,0.5,Medium Risk
1624,0,0.05,Low Risk
1625,1,0.72,High Risk
1626,0,0.07,Low Risk
1627,1,0.84,High Risk
1628,1,0.89,High Risk
1629,0,0.09,Low Risk
1630,1,0.68,Medium Risk
1631,0,0.07,Low Risk
1632,1,0.81,High Risk
1633,1,0.67,Medium Risk
1634,1,0.76,High Risk
1635,0,0.13,Low Risk
1636,0,0.23,Low Risk
1637,0,0.24,Low Risk
1638,1,0.72,High Risk
1639,1,0.76,High Risk
1640,0,0.34,Low Risk
1641,0,0.24,Low Risk
1642,0,0.07,Low Risk
1643,1,0.66,Medium Risk
1644,1,0.62,Medium Risk
1645,0,0.15,Low Risk
1646,1,0.75,High Risk
1647,1,0.91,High Risk
1648,0,0.05,Low Risk
1649,0,0.06,Low Risk
1650,1,0.79,High Risk
1651,0,0.31,Low Risk
1652,0,0.41,Medium Risk
1653,1,0.95,High Risk
1654,0,0.07,Low Risk
1655,0,0.13,Low Risk
1656,0,0.08,Low Risk
1658,1,0.67,Medium Risk
1659,0,0.18,Low Risk
1660,0,0.09,Low Risk
1661,0,0.34,Low Risk
1662,0,0.14,Low Risk
1663,1,0.75,High Risk
1664,1,0.84,High Risk
1665,1,0.84,High Risk
1666,1,0.76,High Risk
1667,0,0.23,Low Risk
1668,0,0.26,Low Risk
1669,0,0.26,Low Risk
1670,0,0.06,Low Risk
1671,0,0.22,Low Risk
1672,1,0.83,High Risk
1673,1,0.93,High Risk
1674,0,0.31,Low Risk
1675,0,0.22,Low Risk
1676,0,0.09,Low Risk
1677,0,0.14,Low Risk
1678,0,0.15,Low Risk
1679,0,0.04,Low Risk
1680,0,0.07,Low Risk
1681,0,0.22,Low Risk
1682,0,0.12,Low Risk
1683,1,0.67,Medium Risk
1684,0,0.13,Low Risk
1685,0,0.17,Low Risk
1686,0,0.16,Low Risk
1687,0,0.16,Low Risk
1688,0,0.07,Low Risk
1689,1,0.86,High Risk
1690,1,0.9,High Risk
1691,0,0.2,Low Risk
1692,0,0.24,Low Risk
1693,0,0.11,Low Risk
1694,0,0.12,Low Risk
1695,1,0.77,High Risk
1696,1,0.78,High Risk
1697,1,0.69,Medium Risk
1698,1,0.74,High Risk
1699,0,0.03,Low Risk
1700,0,0.07,Low Risk
1701,1,0.22,Low Risk
1702,1,0.65,Medium Risk
1703,0,0.3,Low Risk
1704,0,0.41,Medium Risk
1705,1,0.46,Medium Risk
1706,1,0.99,High Risk
1707,0,0.64,Medium Risk
1708,0,0.07,Low Risk
1709,1,0.77,High Risk
1710,0,0.22,Low Risk
1711,0,0.17,Low Risk
1712,0,0.09,Low Risk
1713,0,0.19,Low Risk
1714,0,0.2,Low Risk
1715,0,0.06,Low Risk
1716,1,0.76,High Risk
1717,1,0.46,Medium Risk
1718,0,0.64,Medium Risk
1719,1,0.79,High Risk
1720,0,0.6,Medium Risk
1721,1,0.76,High Risk
1722,1,0.75,High Risk
1723,0,0.4,Low Risk
1724,0,0.2,Low Risk
1725,0,0.61,Medium Risk
1726,0,0.18,Low Risk
1727,1,0.84,High Risk
1728,1,0.75,High Risk
1729,1,0.77,High Risk
1730,1,0.66,Medium Risk
1731,1,0.94,High Risk
1732,1,0.96,High Risk
1733,0,0.1,Low Risk
1734,0,0.15,Low Risk
1735,0,0.46,Medium Risk
1736,0,0.17,Low Risk
1737,0,0.3,Low Risk
1738,0,0.25,Low Risk
1739,1,0.65,Medium Risk
1740,0,0.1,Low Risk
1741,0,0.05,Low Risk
1742,0,0.54,Medium Risk
1743,1,0.22,Low Risk
1744,1,0.35,Low Risk
1745,0,0.08,Low Risk
1746,0,0.07,Low Risk
1747,0,0.08,Low Risk
1748,0,0.11,Low Risk
1749,1,0.91,High Risk
1750,0,0.14,Low Risk
1751,0,0.03,Low Risk
1752,0,0.4,Low Risk
1753,0,0.18,Low Risk
1754,0,0.29,Low Risk
1755,1,0.82,High Risk
1756,1,0.85,High Risk
1757,1,0.66,Medium Risk
1758,0,0.15,Low Risk
1759,0,0.1,Low Risk
1760,0,0.58,Medium Risk
1761,1,0.74,High Risk
1762,1,0.65,Medium Risk
1763,0,0.11,Low Risk
1764,1,0.74,High Risk
1765,1,0.69,Medium Risk
1766,1,0.85,High Risk
1767,1,0.71,High Risk
1768,1,0.59,Medium Risk
1769,0,0.17,Low Risk
1770,0,0.15,Low Risk
1771,0,0.17,Low Risk
1772,1,0.71,High Risk
1773,0,0.04,Low Risk
1774,0,0.05,Low Risk
1775,0,0.05,Low Risk
1776,0,0.16,Low Risk
1777,0,0.1,Low Risk
1778,0,0.11,Low Risk
1780,0,0.09,Low Risk
1781,0,0.11,Low Risk
1782,1,0.23,Low Risk
1783,0,0.19,Low Risk
1784,0,0.08,Low Risk
1785,0,0.14,Low Risk
1786,1,0.84,High Risk
1787,1,0.8,High Risk
1788,1,0.8,High Risk
1789,0,0.04,Low Risk
1790,0,0.02,Low Risk
1791,0,0.01,Low Risk
1792,0,0.09,Low Risk
1793,0,0.16,Low Risk
1794,0,0.05,Low Risk
1795,0,0.07,Low Risk
1796,1,0.64,Medium Risk
1797,1,0.12,Low Risk
1798,0,0.08,Low Risk
1799,0,0.39,Low Risk
1800,0,0.18,Low Risk
1801,1,0.73,High Risk
1802,0,0.1,Low Risk
1803,0,0.26,Low Risk
1804,1,0.8,High Risk
1805,0,0.16,Low Risk
1806,1,0.93,High Risk
1807,1,0.99,High Risk
1808,0,0.22,Low Risk
1809,0,0.05,Low Risk
1810,1,0.79,High Risk
1811,0,0.09,Low Risk
1812,1,0.81,High Risk
1813,0,0.29,Low Risk
1814,0,0.2,Low Risk
1815,0,0.26,Low Risk
1816,0,0.22,Low Risk
1817,0,0.26,Low Risk
1818,1,0.27,Low Risk
1819,0,0.15,Low Risk
1820,1,0.85,High Risk
1821,1,0.26,Low Risk
1822,0,0.15,Low Risk
1823,1,0.79,High Risk
1824,0,0.21,Low Risk
1825,0,0.12,Low Risk
1826,1,0.9,High Risk
1827,0,0.07,Low Risk
1828,1,0.65,Medium Risk
1829,0,0.59,Medium Risk
1830,0,0.1,Low Risk
1831,1,0.94,High Risk
1832,1,0.74,High Risk
1833,0,0.29,Low Risk
1834,1,0.85,High Risk
1835,1,0.92,High Risk
1836,0,0.25,Low Risk
1837,0,0.07,Low Risk
1838,1,0.78,High Risk
1839,0,0.43,Medium Risk
1840,1,0.83,High Risk
1841,0,0.09,Low Risk
1842,0,0.1,Low Risk
1843,0,0.09,Low Risk
1844,0,0.07,Low Risk
1846,1,0.78,High Risk
1847,0,0.19,Low Risk
1848,0,0.2,Low Risk
1849,1,0.78,High Risk
1850,0,0.28,Low Risk
1851,0,0.49,Medium Risk
1852,1,0.84,High Risk
1853,0,0.42,Medium Risk
1854,1,0.73,High Risk
1855,0,0.26,Low Risk
1856,1,0.85,High Risk
1857,1,0.79,High Risk
1858,0,0.09,Low Risk
1859,1,0.8,High Risk
1860,0,0.19,Low Risk
1861,0,0.06,Low Risk
1862,0,0.07,Low Risk
1863,0,0.15,Low Risk
1864,1,0.76,High Risk
1865,0,0.19,Low Risk
1866,0,0.11,Low Risk
1867,0,0.23,Low Risk
1868,0,0.57,Medium Risk
1869,1,0.78,High Risk
1870,0,0.21,Low Risk
1871,1,0.72,High Risk
1872,0,0.1,Low Risk
1873,0,0.2,Low Risk
1874,1,0.94,High Risk
1875,0,0.18,Low Risk
1876,1,0.75,High Risk
1877,1,0.72,High Risk
1878,0,0.07,Low Risk
1879,0,0.29,Low Risk
1880,1,0.83,High Risk
1881,0,0.2,Low Risk
1882,0,0.19,Low Risk
1883,0,0.2,Low Risk
1884,1,0.53,Medium Risk
1885,0,0.52,Medium Risk
1886,1,0.72,High Risk
1887,1,0.78,High Risk
1888,1,0.78,High Risk
1889,0,0.13,Low Risk
1890,0,0.14,Low Risk
1891,1,0.79,High Risk
1893,1,0.87,High Risk
1894,1,0.71,High Risk
1895,0,0.24,Low Risk
1896,1,0.77,High Risk
1897,0,0.04,Low Risk
1898,0,0.23,Low Risk
1899,0,0.2,Low Risk
1900,0,0.21,Low Risk
1901,0,0.09,Low Risk
1902,0,0.06,Low Risk
1903,0,0.1,Low Risk
1904,1,0.77,High Risk
1905,1,0.72,High Risk
1906,1,0.45,Medium Risk
1907,1,0.82,High Risk
1908,0,0.03,Low Risk
1909,0,0.25,Low Risk
1910,0,0.08,Low Risk
1911,1,0.86,High Risk
1912,1,0.72,High Risk
1913,0,0.19,Low Risk
1914,0,0.13,Low Risk
1915,0,0.12,Low Risk
1916,1,0.9,High Risk
1917,1,0.68,Medium Risk
1918,0,0.11,Low Risk
1919,1,0.74,High Risk
1920,0,0.16,Low Risk
1921,0,0.13,Low Risk
1922,0,0.18,Low Risk
1923,1,0.86,High Risk
1924,0,0.03,Low Risk
1925,0,0.03,Low Risk
1926,1,0.67,Medium Risk
1927,1,0.15,Low Risk
1928,1,0.8,High Risk
1929,1,0.65,Medium Risk
1930,0,0.05,Low Risk
1931,1,0.89,High Risk
1932,0,0.17,Low Risk
1933,0,0.25,Low Risk
1934,1,0.97,High Risk
1935,1,0.66,Medium Risk
1936,0,0.27,Low Risk
1937,0,0.03,Low Risk
1938,1,0.9,High Risk
1939,0,0.13,Low Risk
1940,1,0.89,High Risk
1941,0,0.16,Low Risk
1942,0,0.21,Low Risk
1943,0,0.1,Low Risk
1944,1,0.63,Medium Risk
1945,0,0.11,Low Risk
1946,0,0.11,Low Risk
1947,0,0.09,Low Risk
1948,1,0.69,Medium Risk
1949,1,0.66,Medium Risk
1950,0,0.04,Low Risk
1951,0,0.01,Low Risk
1952,0,0.2,Low Risk
1953,1,0.65,Medium Risk
1954,1,0.67,Medium Risk
1955,1,0.89,High Risk
1956,0,0.18,Low Risk
1957,0,0.21,Low Risk
1958,0,0.15,Low Risk
1959,0,0.11,Low Risk
1960,1,0.6,Medium Risk
1961,0,0.08,Low Risk
1962,1,0.69,Medium Risk
1963,1,0.77,High Risk
1964,0,0.25,Low Risk
1965,0,0.03,Low Risk
1966,1,0.82,High Risk
1967,1,0.73,High Risk
1968,0,0.76,High Risk
1969,0,0.16,Low Risk
1970,1,0.98,High Risk
1971,0,0.14,Low Risk
1972,0,0.17,Low Risk
1973,1,0.64,Medium Risk
1974,1,0.89,High Risk
1975,1,0.13,Low Risk
1976,0,0.1,Low Risk
1977,0,0.14,Low Risk
1978,1,0.4,Low Risk
1979,1,0.72,High Risk
1980,1,0.87,High Risk
1981,1,0.79,High Risk
1982,1,0.68,Medium Risk
1983,1,0.85,High Risk
1984,0,0.11,Low Risk
1985,0,0.19,Low Risk
1986,1,0.68,Medium Risk
1987,1,0.84,High Risk
1989,0,0.02,Low Risk
1990,0,0.02,Low Risk
1991,0,0.05,Low Risk
1992,0,0.06,Low Risk
1993,0,0.23,Low Risk
1994,1,0.84,High Risk
1995,0,0.78,High Risk
1996,0,0.18,Low Risk
1997,1,0.86,High Risk
1998,1,0.46,Medium Risk
1999,0,0.04,Low Risk
2000,0,0.22,Low Risk
2001,0,0.32,Low Risk
2002,0,0.34,Low Risk
2003,0,0.28,Low Risk
2004,0,0.13,Low Risk
2005,0,0.28,Low Risk
2006,1,0.21,Low Risk
2007,1,0.83,High Risk
2008,0,0.28,Low Risk
2009,1,0.78,High Risk
2010,0,0.24,Low Risk
2011,1,0.57,Medium Risk
2012,1,0.81,High Risk
2013,0,0.1,Low Risk
2014,0,0.2,Low Risk
2015,1,0.81,High Risk
2016,0,0.08,Low Risk
2017,1,0.9,High Risk
2018,0,0.19,Low Risk
2019,1,0.22,Low Risk
2020,1,0.61,Medium Risk
2021,0,0.09,Low Risk
2022,0,0.21,Low Risk
2023,0,0.11,Low Risk
2024,0,0.14,Low Risk
2025,1,0.4,Low Risk
2026,0,0.37,Low Risk
2027,0,0.02,Low Risk
2028,1,0.84,High Risk
2029,0,0.2,Low Risk
2030,0,0.17,Low Risk
2031,0,0.04,Low Risk
2032,0,0.23,Low Risk
2033,1,0.79,High Risk
2034,0,0.23,Low Risk
2035,0,0.04,Low Risk
2036,0,0.02,Low Risk
2037,0,0.09,Low Risk
2038,0,0.14,Low Risk
2039,0,0.1,Low Risk
2040,1,0.8,High Risk
2041,1,0.81,High Risk
2042,1,0.87,High Risk
2043,0,0.18,Low Risk
2044,1,0.71,High Risk
2045,1,0.81,High Risk
2046,1,0.93,High Risk
2047,0,0.23,Low Risk
2048,0,0.16,Low Risk
2049,1,0.8,High Risk
2050,0,0.06,Low Risk
2051,0,0.7,Medium Risk
2052,0,0.07,Low Risk
2053,1,0.76,High Risk
2054,0,0.2,Low Risk
2055,0,0.19,Low Risk
2056,0,0.41,Medium Risk
2057,1,0.71,High Risk
2058,1,0.33,Low Risk
2059,1,0.88,High Risk
2060,0,0.49,Medium Risk
2061,1,0.79,High Risk
2062,1,0.54,Medium Risk
2063,1,0.31,Low Risk
2064,0,0.03,Low Risk
2065,0,0.04,Low Risk
2066,1,0.72,High Risk
2067,0,0.17,Low Risk
2068,0,0.34,Low Risk
2069,0,0.05,Low Risk
2070,0,0.04,Low Risk
2071,1,0.62,Medium Risk
2072,0,0.09,Low Risk
2073,0,0.2,Low Risk
2074,1,0.64,Medium Risk
2075,0,0.16,Low Risk
2076,0,0.08,Low Risk
2077,1,0.73,High Risk
2078,0,0.19,Low Risk
2079,1,0.7,Medium Risk
2080,1,0.75,High Risk
2081,1,0.63,Medium Risk
2082,1,0.11,Low Risk
2083,1,0.16,Low Risk
2084,0,0.54,Medium Risk
2085,0,0.05,Low Risk
2086,1,0.84,High Risk
2087,0,0.06,Low Risk
2088,0,0.01,Low Risk
2089,1,0.83,High Risk
2090,1,0.87,High Risk
2091,1,0.86,High Risk
2092,0,0.43,Medium Risk
2093,0,0.08,Low Risk
2094,0,0.27,Low Risk
2095,1,0.6,Medium Risk
2096,0,0.09,Low Risk
2097,0,0.25,Low Risk
2098,0,0.52,Medium Risk
2099,1,0.75,High Risk
2100,0,0.17,Low Risk
2101,0,0.29,Low Risk
2102,0,0.41,Medium Risk
2103,1,0.88,High Risk
2104,1,0.88,High Risk
2105,0,0.2,Low Risk
2106,0,0.26,Low Risk
2107,0,0.3,Low Risk
2108,1,0.87,High Risk
2109,1,0.89,High Risk
2110,0,0.16,Low Risk
2111,1,0.87,High Risk
2112,1,0.3,Low Risk
2113,1,0.82,High Risk
2114,0,0.19,Low Risk
2115,0,0.22,Low Risk
2116,1,0.95,High Risk
2117,1,0.71,High Risk
2118,1,0.2,Low Risk
2119,1,0.78,High Risk
2120,0,0.04,Low Risk
2121,1,0.76,High Risk
2122,1,0.69,Medium Risk
2123,1,0.68,Medium Risk
2124,1,0.87,High Risk
2125,1,0.74,High Risk
2126,1,0.81,High Risk
2127,0,0.1,Low Risk
2128,0,0.64,Medium Risk
2129,1,0.31,Low Risk
2130,1,0.9,High Risk
2131,0,0.15,Low Risk
2132,0,0.17,Low Risk
2133,1,0.8,High Risk
2134,1,0.65,Medium Risk
2135,0,0.05,Low Risk
2136,1,0.29,Low Risk
2137,1,0.75,High Risk
2138,1,0.99,High Risk
2139,0,0.29,Low Risk
2140,1,0.82,High Risk
2141,0,0.34,Low Risk
2142,0,0.08,Low Risk
2143,0,0.03,Low Risk
2144,0,0.93,High Risk
2145,1,0.77,High Risk
2146,0,0.59,Medium Risk
2147,0,0.09,Low Risk
2148,0,0.24,Low Risk
2149,1,0.74,High Risk
2150,0,0.08,Low Risk
2151,0,0.19,Low Risk
2152,0,0.02,Low Risk
2153,1,0.17,Low Risk
2154,0,0.01,Low Risk
2155,1,0.95,High Risk
2156,0,0.11,Low Risk
2157,0,0.68,Medium Risk
2158,1,0.36,Low Risk
2159,1,0.84,High Risk
2160,0,0.09,Low Risk
2161,1,0.69,Medium Risk
2162,0,0.61,Medium Risk
2163,0,0.26,Low Risk
2164,0,0.1,Low Risk
2165,1,0.87,High Risk
2166,0,0.23,Low Risk
2167,0,0.57,Medium Risk
2168,1,0.96,High Risk
2169,1,0.83,High Risk
2170,0,0.19,Low Risk
2171,0,0.14,Low Risk
2172,0,0.11,Low Risk
2173,0,0.22,Low Risk
2174,0,0.32,Low Risk
2175,1,0.69,Medium Risk
2176,1,0.6,Medium Risk
2177,1,0.82,High Risk
2178,1,0.77,High Risk
2179,0,0.25,Low Risk
2180,0,0.12,Low Risk
2181,0,0.15,Low Risk
2182,1,0.9,High Risk
2183,1,0.8,High Risk
2184,0,0.28,Low Risk
2185,0,0.39,Low Risk
2186,1,0.78,High Risk
2187,0,0.17,Low Risk
2188,1,0.74,High Risk
2189,0,0.19,Low Risk
2190,1,0.76,High Risk
2191,1,0.69,Medium Risk
2192,0,0.09,Low Risk
2193,0,0.11,Low Risk
2194,1,0.38,Low Risk
2195,0,0.26,Low Risk
2196,1,0.77,High Risk
2197,0,0.15,Low Risk
2198,0,0.18,Low Risk
2199,1,0.85,High Risk
2200,0,0.06,Low Risk
2201,0,0.19,Low Risk
2202,0,0.03,Low Risk
2203,0,0.19,Low Risk
2204,1,0.76,High Risk
2205,0,0.04,Low Risk
2206,0,0.52,Medium Risk
2207,0,0.05,Low Risk
2208,1,0.72,High Risk
2209,0,0.08,Low Risk
2210,1,0.67,Medium Risk
2211,0,0.01,Low Risk
2212,0,0.51,Medium Risk
2213,0,0.2,Low Risk
2214,1,0.89,High Risk
2215,1,0.74,High Risk
2216,0,0.18,Low Risk
2217,1,0.89,High Risk
2218,1,0.87,High Risk
2219,0,0.54,Medium Risk
2220,0,0.16,Low Risk
2221,0,0.02,Low Risk
2222,0,0.15,Low Risk
2223,0,0.12,Low Risk
2224,1,0.47,Medium Risk
2225,1,0.71,High Risk
2226,1,0.72,High Risk
2227,0,0.22,Low Risk
2228,0,0.09,Low Risk
2229,0,0.01,Low Risk
2230,0,0.13,Low Risk
2231,0,0.79,High Risk
2232,0,0.02,Low Risk
2233,0,0.68,Medium Risk
2234,0,0.04,Low Risk
2235,0,0.07,Low Risk
2236,1,0.84,High Risk
2237,0,0.15,Low Risk
2238,0,0.29,Low Risk
2239,0,0.2,Low Risk
2240,0,0.09,Low Risk
2241,0,0.08,Low Risk
2242,0,0.47,Medium Risk
2243,1,0.79,High Risk
2244,0,0.07,Low Risk
2245,0,0.08,Low Risk
2246,1,0.59,Medium Risk
2247,0,0.18,Low Risk
2248,0,0.12,Low Risk
2249,1,0.69,Medium Risk
2250,0,0.21,Low Risk
2251,0,0.0,Low Risk
2252,0,0.27,Low Risk
2253,1,0.87,High Risk
2254,1,0.82,High Risk
2255,0,0.24,Low Risk
2256,1,0.84,High Risk
2257,1,0.87,High Risk
2258,0,0.17,Low Risk
2259,0,0.19,Low Risk
2260,1,0.87,High Risk
2261,0,0.11,Low Risk
2262,1,0.75,High Risk
2263,0,0.29,Low Risk
2264,1,0.27,Low Risk
2265,0,0.14,Low Risk
2266,0,0.08,Low Risk
2267,0,0.38,Low Risk
2268,0,0.18,Low Risk
2270,1,0.76,High Risk
2271,1,0.95,High Risk
2272,0,0.06,Low Risk
2273,0,0.26,Low Risk
2274,0,0.25,Low Risk
2275,1,0.75,High Risk
2276,1,0.79,High Risk
2277,1,0.94,High Risk
2278,0,0.09,Low Risk
2279,0,0.06,Low Risk
2280,1,0.79,High Risk
2281,0,0.19,Low Risk
2282,0,0.08,Low Risk
2283,1,0.77,High Risk
2284,0,0.78,High Risk
2285,0,0.2,Low Risk
2286,0,0.14,Low Risk
2287,1,0.89,High Risk
2288,1,0.17,Low Risk
2289,1,0.53,Medium Risk
2290,1,0.84,High Risk
2291,0,0.11,Low Risk
2292,0,0.14,Low Risk
2293,0,0.15,Low Risk
2295,0,0.17,Low Risk
2296,1,0.19,Low Risk
2297,0,0.06,Low Risk
2298,1,0.07,Low Risk
2299,0,0.19,Low Risk
2300,1,0.23,Low Risk
2301,0,0.14,Low Risk
2302,1,0.76,High Risk
2303,0,0.1,Low Risk
2304,0,0.16,Low Risk
2305,0,0.14,Low Risk
2306,0,0.19,Low Risk
2307,1,0.71,High Risk
2308,0,0.41,Medium Risk
2309,0,0.85,High Risk
2310,0,0.16,Low Risk
2311,1,0.77,High Risk
2312,0,0.08,Low Risk
2313,0,0.19,Low Risk
2314,1,0.8,High Risk
2315,0,0.14,Low Risk
2316,0,0.05,Low Risk
2317,1,0.43,Medium Risk
2318,0,0.09,Low Risk
2319,0,0.06,Low Risk
2320,1,0.13,Low Risk
2321,0,0.17,Low Risk
2322,1,0.68,Medium Risk
2323,0,0.16,Low Risk
2324,1,0.48,Medium Risk
2325,0,0.04,Low Risk
2326,0,0.08,Low Risk
2327,0,0.28,Low Risk
2328,0,0.06,Low Risk
2329,0,0.28,Low Risk
2330,0,0.15,Low Risk
2331,1,0.62,Medium Risk
2332,0,0.08,Low Risk
2333,0,0.06,Low Risk
2334,0,0.25,Low Risk
2335,0,0.32,Low Risk
2336,0,0.1,Low Risk
2337,0,0.18,Low Risk
2338,0,0.43,Medium Risk
2339,1,0.94,High Risk
2340,1,0.85,High Risk
2341,1,0.84,High Risk
2342,1,0.33,Low Risk
2343,0,0.27,Low Risk
2344,0,0.37,Low Risk
2345,1,0.87,High Risk
2346,0,0.08,Low Risk
2347,0,0.19,Low Risk
2348,1,0.88,High Risk
2349,0,0.23,Low Risk
2350,0,0.01,Low Risk
2351,0,0.02,Low Risk
2352,0,0.17,Low Risk
2353,1,0.81,High Risk
2354,0,0.31,Low Risk
2355,0,0.13,Low Risk
2356,1,0.86,High Risk
2357,1,0.9,High Risk
2358,0,0.1,Low Risk
2359,0,0.09,Low Risk
2360,1,0.77,High Risk
2361,1,0.75,High Risk
2363,0,0.11,Low Risk
2364,0,0.13,Low Risk
2365,0,0.03,Low Risk
2366,0,0.16,Low Risk
2367,1,0.72,High Risk
2368,0,0.17,Low Risk
2369,0,0.11,Low Risk
2370,0,0.25,Low Risk
2371,1,0.8,High Risk
2372,0,0.13,Low Risk
2373,0,0.14,Low Risk
2374,1,0.92,High Risk
2375,1,0.9,High Risk
2376,0,0.25,Low Risk
2377,0,0.07,Low Risk
2378,1,0.55,Medium Risk
2379,0,0.1,Low Risk
2380,1,0.38,Low Risk
2381,0,0.24,Low Risk
2382,0,0.12,Low Risk
2383,1,0.82,High Risk
2384,0,0.01,Low Risk
2385,1,0.86,High Risk
2386,0,0.21,Low Risk
2387,0,0.4,Low Risk
2388,0,0.03,Low Risk
2389,1,0.73,High Risk
2390,1,0.78,High Risk
2391,0,0.09,Low Risk
2392,0,0.12,Low Risk
2393,1,0.83,High Risk
2394,0,0.14,Low Risk
2395,1,0.74,High Risk
2396,0,0.07,Low Risk
2397,1,0.79,High Risk
2398,1,0.73,High Risk
2399,0,0.09,Low Risk
2400,1,0.29,Low Risk
2402,0,0.09,Low Risk
2403,0,0.28,Low Risk
2404,1,0.85,High Risk
2405,0,0.19,Low Risk
2406,0,0.15,Low Risk
2407,0,0.32,Low Risk
2408,0,0.04,Low Risk
2409,1,0.19,Low Risk
2410,0,0.08,Low Risk
2411,0,0.15,Low Risk
2412,0,0.08,Low Risk
2413,0,0.19,Low Risk
2414,1,0.9,High Risk
2415,1,0.5,Medium Risk
2416,0,0.15,Low Risk
2417,0,0.03,Low Risk
2418,0,0.08,Low Risk
2419,1,0.88,High Risk
2420,0,0.17,Low Risk
2421,0,0.05,Low Risk
2422,1,0.75,High Risk
2423,1,0.86,High Risk
2424,1,0.3,Low Risk
2425,1,0.67,Medium Risk
2426,0,0.21,Low Risk
2427,0,0.16,Low Risk
2428,0,0.15,Low Risk
2429,0,0.42,Medium Risk
2430,0,0.09,Low Risk
2431,1,0.92,High Risk
2432,0,0.09,Low Risk
2433,0,0.21,Low Risk
2434,0,0.03,Low Risk
2435,1,0.48,Medium Risk
2436,1,0.74,High Risk
2437,0,0.07,Low Risk
2438,0,0.03,Low Risk
2439,0,0.09,Low Risk
2440,0,0.16,Low Risk
2441,1,0.89,High Risk
2442,0,0.06,Low Risk
2443,0,0.23,Low Risk
2444,0,0.15,Low Risk
2445,1,0.65,Medium Risk
2446,1,0.24,Low Risk
2447,1,0.81,High Risk
2448,1,0.66,Medium Risk
2449,1,0.66,Medium Risk
2450,1,0.67,Medium Risk
2451,1,0.91,High Risk
2452,1,0.81,High Risk
2453,1,0.66,Medium Risk
2454,0,0.14,Low Risk
2455,0,0.08,Low Risk
2456,1,0.28,Low Risk
2457,0,0.17,Low Risk
2458,1,0.77,High Risk
2459,0,0.05,Low Risk
2460,1,0.29,Low Risk
2461,0,0.12,Low Risk
2462,0,0.19,Low Risk
2463,0,0.09,Low Risk
2464,0,0.08,Low Risk
2465,0,0.28,Low Risk
2466,1,0.34,Low Risk
2467,0,0.18,Low Risk
2468,0,0.05,Low Risk
2469,1,0.45,Medium Risk
2470,0,0.15,Low Risk
2471,1,0.56,Medium Risk
2472,1,0.89,High Risk
2473,1,0.79,High Risk
2474,0,0.21,Low Risk
2475,1,0.74,High Risk
2476,1,0.69,Medium Risk
2477,0,0.27,Low Risk
2478,1,0.64,Medium Risk
2479,0,0.35,Low Risk
2480,0,0.2,Low Risk
2481,0,0.22,Low Risk
2482,1,0.81,High Risk
2483,1,0.74,High Risk
2484,1,0.87,High Risk
2485,0,0.18,Low Risk
2486,1,0.75,High Risk
2487,0,0.39,Low Risk
2488,1,0.8,High Risk
2489,0,0.06,Low Risk
2490,0,0.1,Low Risk
2491,1,0.8,High Risk
2492,0,0.17,Low Risk
2493,1,0.79,High Risk
2494,0,0.11,Low Risk
2495,1,0.85,High Risk
2496,0,0.13,Low Risk
2497,1,0.97,High Risk
2498,0,0.03,Low Risk
2499,1,0.86,High Risk
2500,1,0.74,High Risk
2501,1,0.16,Low Risk
2502,1,0.82,High Risk
2503,0,0.24,Low Risk
2504,0,0.11,Low Risk
2505,1,0.77,High Risk
2506,1,0.67,Medium Risk
2507,0,0.17,Low Risk
2508,1,0.75,High Risk
2509,0,0.14,Low Risk
2510,0,0.03,Low Risk
2511,1,0.89,High Risk
2512,1,0.75,High Risk
2513,1,0.83,High Risk
2514,0,0.01,Low Risk
2515,1,0.73,High Risk
2516,1,0.44,Medium Risk
2517,0,0.28,Low Risk
2518,1,0.33,Low Risk
2519,1,0.38,Low Risk
2520,0,0.2,Low Risk
2521,1,0.72,High Risk
2522,0,0.67,Medium Risk
2523,1,0.85,High Risk
2524,0,0.88,High Risk
2525,0,0.12,Low Risk
2526,0,0.1,Low Risk
2527,0,0.12,Low Risk
2528,0,0.26,Low Risk
2529,0,0.05,Low Risk
2530,0,0.2,Low Risk
2531,0,0.19,Low Risk
2532,0,0.07,Low Risk
2533,1,0.44,Medium Risk
2534,1,0.93,High Risk
2535,0,0.15,Low Risk
2536,0,0.09,Low Risk
2537,1,0.19,Low Risk
2538,0,0.05,Low Risk
2539,1,0.18,Low Risk
2540,1,0.85,High Risk
2541,0,0.31,Low Risk
2542,0,0.14,Low Risk
2543,1,0.33,Low Risk
2544,1,0.96,High Risk
2545,1,0.87,High Risk
2546,1,0.84,High Risk
2547,1,0.69,Medium Risk
2548,0,0.14,Low Risk
2549,1,0.84,High Risk
2550,1,0.69,Medium Risk
2551,1,0.72,High Risk
2552,0,0.32,Low Risk
2553,0,0.3,Low Risk
2554,0,0.18,Low Risk
2555,0,0.35,Low Risk
2556,0,0.21,Low Risk
2557,0,0.2,Low Risk
2558,1,0.69,Medium Risk
2559,0,0.08,Low Risk
2560,0,0.06,Low Risk
2561,0,0.17,Low Risk
2562,0,0.2,Low Risk
2563,0,0.08,Low Risk
2564,0,0.19,Low Risk
2565,1,0.86,High Risk
2566,0,0.29,Low Risk
2567,0,0.43,Medium Risk
2568,0,0.08,Low Risk
2569,1,0.8,High Risk
2570,0,0.22,Low Risk
2571,1,0.72,High Risk
2572,0,0.25,Low Risk
2573,0,0.07,Low Risk
2574,1,0.77,High Risk
2575,0,0.41,Medium Risk
2576,0,0.08,Low Risk
2577,0,0.6,Medium Risk
2578,1,0.71,High Risk
2579,1,0.76,High Risk
2580,0,0.09,Low Risk
2581,1,0.89,High Risk
2582,1,0.78,High Risk
2583,0,0.03,Low Risk
2584,0,0.12,Low Risk
2585,0,0.13,Low Risk
2586,0,0.17,Low Risk
2587,0,0.21,Low Risk
2588,1,0.8,High Risk
2589,1,0.8,High Risk
2590,1,0.84,High Risk
2591,0,0.12,Low Risk
2592,0,0.25,Low Risk
2593,1,0.77,High Risk
2594,1,0.7,Medium Risk
2595,0,0.13,Low Risk
2596,0,0.06,Low Risk
2597,0,0.06,Low Risk
2598,0,0.09,Low Risk
2599,1,0.56,Medium Risk
2600,0,0.15,Low Risk
2602,0,0.1,Low Risk
2603,1,0.81,High Risk
2604,0,0.19,Low Risk
2605,1,0.25,Low Risk
2606,0,0.24,Low Risk
2607,0,0.23,Low Risk
2608,0,0.12,Low Risk
2609,0,0.1,Low Risk
2610,0,0.33,Low Risk
2611,0,0.78,High Risk
2612,0,0.1,Low Risk
2613,1,0.91,High Risk
2614,0,0.16,Low Risk
2615,0,0.02,Low Risk
2616,0,0.14,Low Risk
2617,0,0.04,Low Risk
2618,1,0.71,High Risk
2619,0,0.09,Low Risk
2620,1,0.9,High Risk
2621,0,0.1,Low Risk
2622,0,0.05,Low Risk
2623,1,0.8,High Risk
2624,1,0.81,High Risk
2625,1,0.84,High Risk
2626,1,0.94,High Risk
2627,0,0.65,Medium Risk
2628,1,0.82,High Risk
2629,0,0.05,Low Risk
2630,0,0.31,Low Risk
2631,0,0.12,Low Risk
2632,0,0.09,Low Risk
2633,0,0.06,Low Risk
2634,0,0.09,Low Risk
2635,0,0.15,Low Risk
2636,1,0.22,Low Risk
2637,1,0.81,High Risk
2638,0,0.38,Low Risk
2639,1,0.83,High Risk
2640,1,0.9,High Risk
2641,0,0.35,Low Risk
2642,0,0.01,Low Risk
2643,0,0.14,Low Risk
2644,0,0.16,Low Risk
2645,0,0.22,Low Risk
2646,1,0.42,Medium Risk
2647,0,0.06,Low Risk
2648,0,0.18,Low Risk
2649,0,0.12,Low Risk
2650,1,0.64,Medium Risk
2651,0,0.04,Low Risk
2652,1,0.69,Medium Risk
2653,0,0.31,Low Risk
2654,1,0.72,High Risk
2655,0,0.14,Low Risk
2656,0,0.06,Low Risk
2657,0,0.35,Low Risk
2658,0,0.22,Low Risk
2659,0,0.06,Low Risk
2660,0,0.58,Medium Risk
2661,0,0.11,Low Risk
2662,0,0.17,Low Risk
2663,0,0.39,Low Risk
2664,0,0.12,Low Risk
2665,0,0.08,Low Risk
2666,0,0.06,Low Risk
2667,0,0.17,Low Risk
2668,0,0.25,Low Risk
2669,0,0.17,Low Risk
2670,0,0.03,Low Risk
2671,0,0.28,Low Risk
2672,0,0.16,Low Risk
2673,0,0.27,Low Risk
2674,0,0.24,Low Risk
2675,1,0.72,High Risk
2676,0,0.12,Low Risk
2677,1,0.72,High Risk
2678,0,0.18,Low Risk
2679,1,0.82,High Risk
2680,0,0.2,Low Risk
2681,1,0.9,High Risk
2682,0,0.14,Low Risk
2683,1,0.92,High Risk
2684,1,0.41,Medium Risk
2685,0,0.21,Low Risk
2686,1,0.45,Medium Risk
2687,0,0.01,Low Risk
2688,1,0.91,High Risk
2689,1,0.79,High Risk
2690,1,0.93,High Risk
2691,0,0.07,Low Risk
2692,0,0.07,Low Risk
2693,0,0.05,Low Risk
2694,0,0.04,Low Risk
2695,0,0.29,Low Risk
2696,1,0.84,High Risk
2697,1,0.85,High Risk
2698,0,0.22,Low Risk
2699,1,0.7,Medium Risk
2700,0,0.84,High Risk
2701,0,0.1,Low Risk
2702,1,0.2,Low Risk
2703,0,0.14,Low Risk
2704,0,0.14,Low Risk
2705,1,0.7,Medium Risk
2706,0,0.75,High Risk
2707,0,0.27,Low Risk
2708,0,0.16,Low Risk
2709,0,0.04,Low Risk
2710,0,0.08,Low Risk
2711,1,0.8,High Risk
2712,1,0.69,Medium Risk
2713,1,0.69,Medium Risk
2714,1,0.88,High Risk
2715,0,0.21,Low Risk
2716,0,0.13,Low Risk
2717,0,0.07,Low Risk
2718,0,0.09,Low Risk
2719,0,0.17,Low Risk
2720,1,0.19,Low Risk
2721,0,0.14,Low Risk
2722,0,0.15,Low Risk
2723,0,0.46,Medium Risk
2724,0,0.12,Low Risk
2725,0,0.43,Medium Risk
2726,0,0.22,Low Risk
2727,0,0.14,Low Risk
2728,0,0.05,Low Risk
2729,1,0.77,High Risk
2730,0,0.14,Low Risk
2731,1,0.65,Medium Risk
2732,1,0.73,High Risk
2733,1,0.66,Medium Risk
2734,0,0.28,Low Risk
2735,0,0.06,Low Risk
2736,0,0.37,Low Risk
2737,0,0.15,Low Risk
2738,1,0.77,High Risk
2739,1,0.75,High Risk
2740,1,0.91,High Risk
2741,1,0.86,High Risk
2742,1,0.72,High Risk
2743,0,0.09,Low Risk
2744,0,0.23,Low Risk
2745,0,0.09,Low Risk
2746,0,0.2,Low Risk
2747,0,0.05,Low Risk
2748,0,0.16,Low Risk
2749,0,0.83,High Risk
2750,1,0.84,High Risk
2751,0,0.2,Low Risk
2752,0,0.77,High Risk
2753,0,0.13,Low Risk
2754,0,0.16,Low Risk
2755,1,0.67,Medium Risk
2756,0,0.07,Low Risk
2757,0,0.28,Low Risk
2758,0,0.74,High Risk
2759,1,0.88,High Risk
2760,0,0.11,Low Risk
2761,1,0.68,Medium Risk
2762,0,0.26,Low Risk
2763,0,0.07,Low Risk
2764,1,0.81,High Risk
2765,0,0.32,Low Risk
2766,1,0.77,High Risk
2767,1,0.9,High Risk
2768,0,0.24,Low Risk
2769,1,0.71,High Risk
2770,1,0.83,High Risk
2771,0,0.09,Low Risk
2772,0,0.13,Low Risk
2773,1,0.25,Low Risk
2774,0,0.28,Low Risk
2775,1,0.88,High Risk
2776,0,0.22,Low Risk
2777,0,0.06,Low Risk
2778,1,0.84,High Risk
2779,0,0.08,Low Risk
2780,1,0.73,High Risk
2781,0,0.13,Low Risk
2782,1,0.54,Medium Risk
2783,0,0.18,Low Risk
2784,1,0.92,High Risk
2785,0,0.11,Low Risk
2786,0,0.06,Low Risk
2787,1,0.78,High Risk
2788,1,0.5,Medium Risk
2789,0,0.14,Low Risk
2790,0,0.19,Low Risk
2791,0,0.18,Low Risk
2792,0,0.23,Low Risk
2793,0,0.11,Low Risk
2794,0,0.08,Low Risk
2795,0,0.14,Low Risk
2796,0,0.25,Low Risk
2797,0,0.28,Low Risk
2798,0,0.31,Low Risk
2799,0,0.15,Low Risk
2800,1,0.88,High Risk
2801,1,0.95,High Risk
2802,1,0.87,High Risk
2803,0,0.69,Medium Risk
2804,0,0.08,Low Risk
2805,0,0.27,Low Risk
2806,0,0.18,Low Risk
2807,0,0.07,Low Risk
2808,0,0.19,Low Risk
2809,0,0.21,Low Risk
2810,1,0.75,High Risk
2811,1,0.68,Medium Risk
2812,1,0.62,Medium Risk
2813,0,0.03,Low Risk
2814,1,0.86,High Risk
2815,0,0.04,Low Risk
2816,0,0.57,Medium Risk
2817,0,0.17,Low Risk
2818,0,0.53,Medium Risk
2819,1,0.72,High Risk
2820,0,0.19,Low Risk
2821,0,0.14,Low Risk
2822,0,0.11,Low Risk
2823,1,0.9,High Risk
2824,1,0.9,High Risk
2825,0,0.08,Low Risk
2826,1,0.83,High Risk
2827,0,0.1,Low Risk
2828,0,0.04,Low Risk
2829,1,0.82,High Risk
2830,1,0.85,High Risk
2831,1,0.9,High Risk
2832,0,0.04,Low Risk
2833,0,0.14,Low Risk
2834,0,0.85,High Risk
2835,0,0.24,Low Risk
2836,1,0.38,Low Risk
2837,1,0.79,High Risk
2838,0,0.06,Low Risk
2839,0,0.23,Low Risk
2840,0,0.11,Low Risk
2841,0,0.03,Low Risk
2842,0,0.34,Low Risk
2843,1,0.67,Medium Risk
2844,1,0.83,High Risk
2845,1,0.89,High Risk
2846,0,0.04,Low Risk
2847,0,0.15,Low Risk
2848,1,0.22,Low Risk
2849,1,0.87,High Risk
2850,0,0.03,Low Risk
2851,0,0.15,Low Risk
2852,0,0.21,Low Risk
2853,0,0.15,Low Risk
2854,0,0.09,Low Risk
2855,1,0.73,High Risk
2856,0,0.1,Low Risk
2857,0,0.16,Low Risk
2858,0,0.1,Low Risk
2859,0,0.15,Low Risk
2860,1,0.91,High Risk
2861,0,0.08,Low Risk
2862,1,0.84,High Risk
2863,0,0.06,Low Risk
2864,0,0.11,Low Risk
2865,1,0.67,Medium Risk
2866,1,0.93,High Risk
2867,1,0.92,High Risk
2868,0,0.18,Low Risk
2869,0,0.0,Low Risk
2870,1,0.84,High Risk
2871,0,0.04,Low Risk
2872,1,0.82,High Risk
2873,0,0.08,Low Risk
2874,0,0.06,Low Risk
2875,1,0.84,High Risk
2876,1,0.83,High Risk
2877,1,0.66,Medium Risk
2878,1,0.08,Low Risk
2879,1,0.76,High Risk
2880,1,0.76,High Risk
2881,1,0.64,Medium Risk
2882,1,0.83,High Risk
2883,0,0.12,Low Risk
2884,0,0.3,Low Risk
2885,0,0.23,Low Risk
2886,0,0.19,Low Risk
2887,1,0.67,Medium Risk
2888,0,0.09,Low Risk
2889,0,0.06,Low Risk
2890,0,0.09,Low Risk
2891,0,0.07,Low Risk
2892,1,0.84,High Risk
2893,1,0.73,High Risk
2894,0,0.02,Low Risk
2895,0,0.11,Low Risk
2896,0,0.35,Low Risk
2897,0,0.09,Low Risk
2898,1,0.81,High Risk
2899,1,0.68,Medium Risk
2900,0,0.85,High Risk
2901,0,0.32,Low Risk
2902,1,0.82,High Risk
2903,0,0.3,Low Risk
2904,0,0.1,Low Risk
2905,1,0.55,Medium Risk
2906,0,0.16,Low Risk
2907,1,0.53,Medium Risk
2908,0,0.1,Low Risk
2909,0,0.24,Low Risk
2910,0,0.09,Low Risk
2911,0,0.05,Low Risk
2912,0,0.05,Low Risk
2913,1,0.78,High Risk
2914,0,0.2,Low Risk
2915,0,0.18,Low Risk
2916,1,0.92,High Risk
2917,1,0.86,High Risk
2918,0,0.06,Low Risk
2919,1,0.91,High Risk
2921,1,0.28,Low Risk
2922,0,0.16,Low Risk
2923,0,0.07,Low Risk
2924,0,0.13,Low Risk
2925,0,0.13,Low Risk
2926,1,0.78,High Risk
2927,1,0.83,High Risk
2928,0,0.07,Low Risk
2929,0,0.23,Low Risk
2930,1,0.75,High Risk
2931,0,0.11,Low Risk
2932,1,0.22,Low Risk
2933,0,0.76,High Risk
2934,0,0.18,Low Risk
2935,0,0.2,Low Risk
2936,1,0.79,High Risk
2937,0,0.13,Low Risk
2938,0,0.05,Low Risk
2939,1,0.79,High Risk
2940,0,0.06,Low Risk
2941,1,0.68,Medium Risk
2942,0,0.15,Low Risk
2943,0,0.09,Low Risk
2944,0,0.19,Low Risk
2945,1,0.81,High Risk
2946,1,0.68,Medium Risk
2947,0,0.29,Low Risk
2948,1,0.86,High Risk
2949,0,0.11,Low Risk
2950,0,0.19,Low Risk
2951,1,0.92,High Risk
2952,0,0.05,Low Risk
2953,0,0.28,Low Risk
2954,1,0.66,Medium Risk
2955,0,0.78,High Risk
2956,1,0.78,High Risk
2957,0,0.19,Low Risk
2958,1,0.18,Low Risk
2959,0,0.04,Low Risk
2960,0,0.31,Low Risk
2961,1,0.89,High Risk
2962,1,0.96,High Risk
2963,0,0.06,Low Risk
2964,1,0.81,High Risk
2965,1,0.77,High Risk
2966,1,0.78,High Risk
2967,0,0.2,Low Risk
2968,0,0.0,Low Risk
2969,0,0.25,Low Risk
2970,0,0.13,Low Risk
2971,0,0.6,Medium Risk
2972,1,0.79,High Risk
2973,1,0.79,High Risk
2974,1,0.86,High Risk
2975,0,0.27,Low Risk
2976,1,0.38,Low Risk
2977,0,0.23,Low Risk
2978,0,0.09,Low Risk
2979,0,0.09,Low Risk
2980,0,0.06,Low Risk
2981,0,0.19,Low Risk
2982,0,0.78,High Risk
2983,1,0.85,High Risk
2984,0,0.06,Low Risk
2985,0,0.01,Low Risk
2986,1,0.81,High Risk
2987,0,0.08,Low Risk
2988,0,0.02,Low Risk
2989,0,0.19,Low Risk
2990,0,0.07,Low Risk
2991,0,0.68,Medium Risk
2992,0,0.02,Low Risk
2993,0,0.01,Low Risk
2994,0,0.16,Low Risk
2995,1,0.83,High Risk
2996,0,0.38,Low Risk
2997,0,0.68,Medium Risk
2998,1,0.66,Medium Risk
2999,0,0.03,Low Risk
3000,0,0.14,Low Risk
3001,0,0.22,Low Risk
3002,0,0.09,Low Risk
3003,0,0.03,Low Risk
3004,1,0.51,Medium Risk
3005,0,0.29,Low Risk
3006,1,0.98,High Risk
3007,1,0.69,Medium Risk
3008,1,0.84,High Risk
3009,1,0.66,Medium Risk
3010,0,0.19,Low Risk
3011,1,0.66,Medium Risk
3012,0,0.07,Low Risk
3013,1,0.77,High Risk
3014,1,0.97,High Risk
3015,1,0.7,Medium Risk
3016,0,0.07,Low Risk
3017,0,0.21,Low Risk
3018,0,0.72,High Risk
3019,0,0.09,Low Risk
3020,0,0.11,Low Risk
3021,0,0.28,Low Risk
3022,0,0.16,Low Risk
3023,0,0.69,Medium Risk
3024,0,0.09,Low Risk
3025,0,0.68,Medium Risk
3026,1,0.93,High Risk
3027,1,0.83,High Risk
3028,0,0.17,Low Risk
3029,0,0.22,Low Risk
3030,0,0.07,Low Risk
3031,0,0.03,Low Risk
3032,0,0.27,Low Risk
3033,0,0.08,Low Risk
3034,0,0.38,Low Risk
3035,0,0.14,Low Risk
3036,1,0.88,High Risk
3037,0,0.25,Low Risk
3038,1,0.42,Medium Risk
3039,1,0.88,High Risk
3040,1,0.75,High Risk
3041,1,0.44,Medium Risk
3042,0,0.04,Low Risk
3043,1,0.97,High Risk
3044,1,0.72,High Risk
3045,0,0.18,Low Risk
3046,1,0.39,Low Risk
3047,0,0.34,Low Risk
3048,0,0.26,Low Risk
3049,1,0.73,High Risk
3050,1,0.82,High Risk
3051,0,0.09,Low Risk
3052,0,0.22,Low Risk
3053,0,0.1,Low Risk
3054,0,0.07,Low Risk
3055,0,0.14,Low Risk
3056,1,0.66,Medium Risk
3057,1,0.93,High Risk
3058,0,0.09,Low Risk
3059,1,0.86,High Risk
3060,0,0.08,Low Risk
3061,1,0.73,High Risk
3062,1,0.65,Medium Risk
3063,0,0.13,Low Risk
3064,1,0.75,High Risk
3065,0,0.06,Low Risk
3066,0,0.23,Low Risk
3067,0,0.16,Low Risk
3068,1,0.74,High Risk
3069,0,0.03,Low Risk
3070,1,0.37,Low Risk
3071,0,0.03,Low Risk
3072,1,0.73,High Risk
3073,0,0.32,Low Risk
3074,0,0.05,Low Risk
3075,1,0.68,Medium Risk
3076,1,0.89,High Risk
3077,1,0.7,Medium Risk
3078,0,0.1,Low Risk
3079,0,0.09,Low Risk
3080,0,0.12,Low Risk
3081,0,0.22,Low Risk
3082,1,0.5,Medium Risk
3083,0,0.23,Low Risk
3084,0,0.26,Low Risk
3085,0,0.38,Low Risk
3086,0,0.2,Low Risk
3087,1,0.77,High Risk
3088,1,0.72,High Risk
3089,0,0.12,Low Risk
3090,0,0.1,Low Risk
3091,0,0.59,Medium Risk
3092,0,0.07,Low Risk
3093,1,0.77,High Risk
3094,0,0.1,Low Risk
3095,0,0.22,Low Risk
3096,0,0.45,Medium Risk
3097,0,0.09,Low Risk
3098,1,0.94,High Risk
3099,1,0.77,High Risk
3100,0,0.47,Medium Risk
3101,0,0.04,Low Risk
3102,0,0.05,Low Risk
3103,1,0.83,High Risk
3104,0,0.01,Low Risk
3105,0,0.03,Low Risk
3106,0,0.16,Low Risk
3107,0,0.04,Low Risk
3108,0,0.11,Low Risk
3109,1,0.86,High Risk
3110,1,0.73,High Risk
3111,1,0.96,High Risk
3112,1,0.96,High Risk
3113,0,0.1,Low Risk
3114,0,0.25,Low Risk
3115,1,0.86,High Risk
3116,0,0.2,Low Risk
3117,0,0.03,Low Risk
3118,1,0.77,High Risk
3119,1,0.68,Medium Risk
3120,0,0.09,Low Risk
3121,1,0.79,High Risk
3122,0,0.1,Low Risk
3123,0,0.02,Low Risk
3124,0,0.18,Low Risk
3126,0,0.09,Low Risk
3127,1,0.83,High Risk
3128,0,0.0,Low Risk
3129,0,0.44,Medium Risk
3130,0,0.26,Low Risk
3131,1,0.82,High Risk
3132,1,0.9,High Risk
3133,0,0.02,Low Risk
3134,1,0.77,High Risk
3135,0,0.33,Low Risk
3136,1,0.89,High Risk
3137,1,0.88,High Risk
3138,1,0.84,High Risk
3139,1,0.34,Low Risk
3140,0,0.2,Low Risk
3141,0,0.1,Low Risk
3142,0,0.13,Low Risk
3143,0,0.52,Medium Risk
3144,1,0.35,Low Risk
3145,0,0.09,Low Risk
3146,1,0.82,High Risk
3147,1,0.84,High Risk
3148,1,0.86,High Risk
3149,0,0.68,Medium Risk
3150,0,0.08,Low Risk
3151,0,0.25,Low Risk
3152,1,0.27,Low Risk
3153,0,0.09,Low Risk
3154,1,0.87,High Risk
3155,1,0.88,High Risk
3156,0,0.11,Low Risk
3157,1,0.91,High Risk
3158,0,0.09,Low Risk
3159,1,0.86,High Risk
3160,0,0.08,Low Risk
3161,0,0.2,Low Risk
3162,0,0.11,Low Risk
3163,0,0.14,Low Risk
3164,1,0.64,Medium Risk
3165,0,0.13,Low Risk
3166,1,0.56,Medium Risk
3167,0,0.48,Medium Risk
3168,1,0.8,High Risk
3169,0,0.22,Low Risk
3170,1,0.85,High Risk
3171,0,0.11,Low Risk
3172,0,0.16,Low Risk
3173,0,0.01,Low Risk
3174,0,0.16,Low Risk
3175,0,0.13,Low Risk
3176,0,0.12,Low Risk
3177,1,0.86,High Risk
3178,1,0.97,High Risk
3179,1,0.77,High Risk
3180,0,0.47,Medium Risk
3181,1,0.83,High Risk
3182,0,0.15,Low Risk
3183,1,0.65,Medium Risk
3184,1,0.72,High Risk
3185,0,0.18,Low Risk
3186,1,0.67,Medium Risk
3187,0,0.01,Low Risk
3188,1,0.66,Medium Risk
3189,1,0.49,Medium Risk
3190,0,0.08,Low Risk
3191,1,0.97,High Risk
3192,1,0.96,High Risk
3193,0,0.48,Medium Risk
3194,0,0.27,Low Risk
3195,1,0.6,Medium Risk
3196,1,0.84,High Risk
3197,1,0.84,High Risk
3198,1,0.66,Medium Risk
3199,0,0.11,Low Risk
3200,0,0.13,Low Risk
3201,1,0.71,High Risk
3202,1,0.75,High Risk
3203,1,0.9,High Risk
3204,0,0.2,Low Risk
3205,1,0.82,High Risk
3206,0,0.06,Low Risk
3207,1,0.83,High Risk
3208,1,0.2,Low Risk
3209,0,0.13,Low Risk
3210,0,0.24,Low Risk
3211,0,0.13,Low Risk
3212,1,0.85,High Risk
3213,0,0.45,Medium Risk
3214,1,0.91,High Risk
3215,0,0.12,Low Risk
3216,0,0.21,Low Risk
3217,0,0.15,Low Risk
3218,1,0.35,Low Risk
3219,0,0.13,Low Risk
3220,0,0.13,Low Risk
3221,0,0.15,Low Risk
3222,1,0.93,High Risk
3223,0,0.15,Low Risk
3224,0,0.4,Low Risk
3225,0,0.1,Low Risk
3226,1,0.66,Medium Risk
3227,0,0.17,Low Risk
3228,0,0.12,Low Risk
3229,0,0.19,Low Risk
3230,0,0.07,Low Risk
3231,1,0.13,Low Risk
3232,0,0.34,Low Risk
3233,0,0.07,Low Risk
3234,1,0.36,Low Risk
3235,1,0.44,Medium Risk
3236,0,0.16,Low Risk
3237,1,0.34,Low Risk
3238,1,0.75,High Risk
3239,1,0.81,High Risk
3240,0,0.35,Low Risk
3241,0,0.29,Low Risk
3242,0,0.06,Low Risk
3243,0,0.14,Low Risk
3244,1,0.86,High Risk
3245,0,0.11,Low Risk
3246,0,0.44,Medium Risk
3247,0,0.39,Low Risk
3248,1,0.7,Medium Risk
3249,0,0.14,Low Risk
3250,1,0.68,Medium Risk
3251,0,0.17,Low Risk
3252,1,0.88,High Risk
3253,0,0.07,Low Risk
3254,0,0.14,Low Risk
3255,1,0.68,Medium Risk
3256,0,0.21,Low Risk
3257,0,0.24,Low Risk
3258,0,0.11,Low Risk
3259,0,0.08,Low Risk
3260,0,0.22,Low Risk
3261,1,0.7,Medium Risk
3262,1,0.92,High Risk
3263,0,0.26,Low Risk
3264,0,0.21,Low Risk
3265,1,0.79,High Risk
3266,1,0.67,Medium Risk
3267,1,0.59,Medium Risk
3268,0,0.01,Low Risk
3269,1,0.76,High Risk
3270,1,0.69,Medium Risk
3271,0,0.11,Low Risk
3272,1,0.07,Low Risk
3273,0,0.03,Low Risk
3274,0,0.09,Low Risk
3275,0,0.23,Low Risk
3276,0,0.24,Low Risk
3277,0,0.34,Low Risk
3278,1,0.72,High Risk
3279,1,0.68,Medium Risk
3280,0,0.27,Low Risk
3281,0,0.31,Low Risk
3282,0,0.1,Low Risk
3283,1,0.86,High Risk
3284,1,0.84,High Risk
3285,1,0.75,High Risk
3286,0,0.26,Low Risk
3287,1,0.16,Low Risk
3288,1,0.71,High Risk
3289,1,0.7,Medium Risk
3290,0,0.32,Low Risk
3291,0,0.04,Low Risk
3292,1,0.3,Low Risk
3293,1,0.4,Low Risk
3294,0,0.29,Low Risk
3295,1,0.84,High Risk
3296,1,0.75,High Risk
3297,0,0.17,Low Risk
3298,1,0.44,Medium Risk
3299,1,0.9,High Risk
3300,1,0.87,High Risk
3301,0,0.17,Low Risk
3302,0,0.1,Low Risk
3303,1,0.86,High Risk
3304,1,0.93,High Risk
3305,0,0.17,Low Risk
3306,1,0.72,High Risk
3307,1,0.65,Medium Risk
3308,1,0.73,High Risk
3309,0,0.15,Low Risk
3310,0,0.09,Low Risk
3311,0,0.07,Low Risk
3312,0,0.21,Low Risk
3313,0,0.11,Low Risk
3314,0,0.13,Low Risk
3315,1,0.8,High Risk
3316,1,0.83,High Risk
3317,0,0.07,Low Risk
3318,0,0.06,Low Risk
3319,1,0.19,Low Risk
3320,0,0.16,Low Risk
3321,0,0.26,Low Risk
3322,0,0.84,High Risk
3323,1,0.83,High Risk
3324,0,0.09,Low Risk
3325,0,0.1,Low Risk
3326,0,0.16,Low Risk
3327,0,0.11,Low Risk
3328,0,0.04,Low Risk
3329,0,0.06,Low Risk
3330,0,0.03,Low Risk
3331,0,0.24,Low Risk
3332,0,0.2,Low Risk
3333,0,0.07,Low Risk
3334,1,0.72,High Risk
3335,1,0.73,High Risk
3336,0,0.12,Low Risk
3337,1,0.78,High Risk
3338,1,0.3,Low Risk
3339,1,0.68,Medium Risk
3340,0,0.12,Low Risk
3341,0,0.04,Low Risk
3342,0,0.01,Low Risk
3343,1,0.74,High Risk
3344,1,0.86,High Risk
3345,0,0.06,Low Risk
3346,0,0.17,Low Risk
3347,0,0.26,Low Risk
3348,0,0.03,Low Risk
3349,0,0.24,Low Risk
3350,0,0.11,Low Risk
3351,1,0.82,High Risk
3352,0,0.19,Low Risk
3353,0,0.04,Low Risk
3354,1,0.74,High Risk
3355,0,0.14,Low Risk
3356,0,0.01,Low Risk
3357,1,0.79,High Risk
3358,0,0.14,Low Risk
3359,0,0.43,Medium Risk
3360,1,0.69,Medium Risk
3361,0,0.09,Low Risk
3362,1,0.69,Medium Risk
3363,1,0.78,High Risk
3364,0,0.04,Low Risk
3365,1,0.31,Low Risk
3366,0,0.08,Low Risk
3367,1,0.76,High Risk
3368,0,0.24,Low Risk
3369,1,0.8,High Risk
3370,1,0.72,High Risk
3371,1,0.67,Medium Risk
3372,0,0.1,Low Risk
3373,1,0.75,High Risk
3374,1,0.13,Low Risk
3375,0,0.2,Low Risk
3376,0,0.38,Low Risk
3377,0,0.69,Medium Risk
3378,1,0.84,High Risk
3379,1,0.67,Medium Risk
3380,0,0.15,Low Risk
3381,0,0.04,Low Risk
3382,1,0.81,High Risk
3383,0,0.12,Low Risk
3384,0,0.07,Low Risk
3385,0,0.3,Low Risk
3386,0,0.04,Low Risk
3387,1,0.64,Medium Risk
3388,0,0.15,Low Risk
3389,1,0.69,Medium Risk
3390,0,0.12,Low Risk
3391,1,0.83,High Risk
3392,1,0.63,Medium Risk
3393,0,0.01,Low Risk
3394,1,0.72,High Risk
3395,1,0.92,High Risk
3396,1,0.88,High Risk
3397,0,0.21,Low Risk
3398,0,0.29,Low Risk
3399,1,0.37,Low Risk
3400,0,0.52,Medium Risk
3401,0,0.17,Low Risk
3402,1,0.71,High Risk
3403,1,0.44,Medium Risk
3404,0,0.18,Low Risk
3405,0,0.24,Low Risk
3406,1,0.83,High Risk
3407,0,0.1,Low Risk
3408,0,0.26,Low Risk
3409,1,0.71,High Risk
3410,1,0.8,High Risk
3411,0,0.03,Low Risk
3412,0,0.14,Low Risk
3413,1,0.72,High Risk
3414,0,0.28,Low Risk
3415,1,0.85,High Risk
3416,1,0.88,High Risk
3417,1,0.55,Medium Risk
3418,0,0.26,Low Risk
3419,0,0.07,Low Risk
3420,0,0.14,Low Risk
3421,0,0.1,Low Risk
3422,0,0.04,Low Risk
3423,1,0.91,High Risk
3424,1,0.72,High Risk
3425,0,0.23,Low Risk
3426,0,0.05,Low Risk
3427,0,0.23,Low Risk
3428,0,0.09,Low Risk
3429,0,0.5,Medium Risk
3430,0,0.17,Low Risk
3431,1,0.67,Medium Risk
3432,0,0.25,Low Risk
3433,0,0.22,Low Risk
3434,0,0.3,Low Risk
3435,1,0.7,Medium Risk
3436,1,0.72,High Risk
3437,0,0.08,Low Risk
3438,0,0.05,Low Risk
3439,1,0.66,Medium Risk
3440,0,0.07,Low Risk
3441,1,0.64,Medium Risk
3442,1,0.82,High Risk
3443,0,0.2,Low Risk
3444,1,0.79,High Risk
3445,0,0.15,Low Risk
3446,1,0.7,Medium Risk
3447,0,0.05,Low Risk
3448,0,0.13,Low Risk
3449,1,0.42,Medium Risk
3450,1,0.8,High Risk
3451,1,0.93,High Risk
3452,0,0.07,Low Risk
3453,0,0.59,Medium Risk
3454,0,0.05,Low Risk
3455,0,0.13,Low Risk
3456,0,0.27,Low Risk
3457,0,0.38,Low Risk
3458,1,0.65,Medium Risk
3459,0,0.28,Low Risk
3460,0,0.13,Low Risk
3461,0,0.11,Low Risk
3462,0,0.1,Low Risk
3463,0,0.28,Low Risk
3464,1,0.85,High Risk
3465,0,0.1,Low Risk
3466,0,0.05,Low Risk
3467,0,0.27,Low Risk
3468,1,0.79,High Risk
3469,0,0.02,Low Risk
3470,0,0.12,Low Risk
3471,0,0.08,Low Risk
3472,0,0.09,Low Risk
3473,0,0.24,Low Risk
3474,0,0.09,Low Risk
3475,0,0.05,Low Risk
3476,0,0.05,Low Risk
3477,0,0.12,Low Risk
3478,0,0.17,Low Risk
3479,0,0.11,Low Risk
3480,0,0.16,Low Risk
3481,0,0.16,Low Risk
3482,0,0.5,Medium Risk
3483,0,0.11,Low Risk
3484,1,0.73,High Risk
3485,0,0.72,High Risk
3486,0,0.05,Low Risk
3487,0,0.04,Low Risk
3488,0,0.18,Low Risk
3489,0,0.24,Low Risk
3490,0,0.15,Low Risk
3491,1,0.72,High Risk
3492,1,0.32,Low Risk
3493,1,0.94,High Risk
3494,0,0.11,Low Risk
3495,1,0.63,Medium Risk
3496,1,0.35,Low Risk
3497,1,0.79,High Risk
3498,0,0.32,Low Risk
3499,0,0.26,Low Risk
3500,1,0.8,High Risk
3501,0,0.29,Low Risk
3502,0,0.14,Low Risk
3503,1,0.44,Medium Risk
3504,1,0.7,Medium Risk
3505,0,0.55,Medium Risk
3506,0,0.11,Low Risk
3507,0,0.21,Low Risk
3508,1,0.77,High Risk
3509,1,0.57,Medium Risk
3510,1,0.3,Low Risk
3511,0,0.26,Low Risk
3512,0,0.58,Medium Risk
3513,1,0.42,Medium Risk
3514,0,0.27,Low Risk
3515,1,0.81,High Risk
3516,1,0.9,High Risk
3517,0,0.05,Low Risk
3518,0,0.1,Low Risk
3519,1,0.78,High Risk
3520,1,0.91,High Risk
3521,0,0.21,Low Risk
3522,0,0.38,Low Risk
3523,0,0.22,Low Risk
3524,0,0.04,Low Risk
3525,1,0.83,High Risk
3526,0,0.18,Low Risk
3527,0,0.26,Low Risk
3528,1,0.68,Medium Risk
3529,1,0.71,High Risk
3530,1,0.79,High Risk
3531,0,0.7,Medium Risk
3532,1,0.22,Low Risk
3533,1,0.38,Low Risk
3534,1,0.74,High Risk
3535,0,0.49,Medium Risk
3536,0,0.21,Low Risk
3537,0,0.13,Low Risk
3538,0,0.07,Low Risk
3539,0,0.08,Low Risk
3540,0,0.3,Low Risk
3541,0,0.11,Low Risk
3542,0,0.03,Low Risk
3543,1,0.56,Medium Risk
3544,0,0.11,Low Risk
3545,0,0.1,Low Risk
3546,1,0.27,Low Risk
3547,0,0.14,Low Risk
3548,0,0.02,Low Risk
3549,0,0.24,Low Risk
3550,1,0.94,High Risk
3551,1,0.69,Medium Risk
3552,0,0.17,Low Risk
3553,1,0.15,Low Risk
3554,0,0.22,Low Risk
3555,1,0.87,High Risk
3556,0,0.24,Low Risk
3557,1,0.79,High Risk
3558,1,0.75,High Risk
3559,0,0.09,Low Risk
3560,0,0.17,Low Risk
3561,1,0.11,Low Risk
3562,0,0.02,Low Risk
3563,0,0.05,Low Risk
3564,0,0.12,Low Risk
3565,1,0.73,High Risk
3566,1,0.75,High Risk
3567,0,0.06,Low Risk
3568,0,0.14,Low Risk
3569,1,0.67,Medium Risk
3570,0,0.23,Low Risk
3571,1,0.64,Medium Risk
3572,1,0.89,High Risk
3573,1,0.87,High Risk
3574,0,0.17,Low Risk
3575,0,0.06,Low Risk
3576,0,0.15,Low Risk
3577,1,0.72,High Risk
3578,0,0.16,Low Risk
3579,0,0.16,Low Risk
3580,0,0.08,Low Risk
3581,0,0.15,Low Risk
3582,0,0.11,Low Risk
3583,1,0.63,Medium Risk
3584,0,0.27,Low Risk
3585,1,0.76,High Risk
3586,1,0.54,Medium Risk
3587,1,0.66,Medium Risk
3588,0,0.18,Low Risk
3589,0,0.13,Low Risk
3590,0,0.3,Low Risk
3591,0,0.07,Low Risk
3592,1,0.79,High Risk
3593,0,0.22,Low Risk
3594,0,0.38,Low Risk
3595,1,0.31,Low Risk
3596,0,0.19,Low Risk
3597,1,0.69,Medium Risk
3598,1,0.71,High Risk
3599,0,0.04,Low Risk
3600,1,0.74,High Risk
3601,0,0.04,Low Risk
3602,1,0.36,Low Risk
3603,0,0.33,Low Risk
3604,0,0.03,Low Risk
3605,1,0.69,Medium Risk
3606,0,0.08,Low Risk
3607,0,0.03,Low Risk
3608,0,0.17,Low Risk
3609,0,0.23,Low Risk
3610,0,0.44,Medium Risk
3611,1,0.77,High Risk
3612,0,0.23,Low Risk
3613,1,0.2,Low Risk
3614,1,0.81,High Risk
3615,1,0.98,High Risk
3616,1,0.86,High Risk
3617,0,0.03,Low Risk
3618,0,0.2,Low Risk
3619,0,0.16,Low Risk
3620,0,0.17,Low Risk
3621,0,0.15,Low Risk
3622,0,0.12,Low Risk
3623,0,0.24,Low Risk
3624,0,0.32,Low Risk
3625,0,0.15,Low Risk
3626,1,0.59,Medium Risk
3627,0,0.13,Low Risk
3628,0,0.14,Low Risk
3629,0,0.07,Low Risk
3630,1,0.8,High Risk
3631,1,0.94,High Risk
3632,0,0.21,Low Risk
3633,0,0.65,Medium Risk
3634,1,0.6,Medium Risk
3635,1,0.72,High Risk
3636,1,0.89,High Risk
3637,0,0.07,Low Risk
3638,1,0.78,High Risk
3639,1,0.72,High Risk
3640,1,0.77,High Risk
3641,0,0.52,Medium Risk
3642,0,0.2,Low Risk
3643,0,0.15,Low Risk
3644,1,0.7,Medium Risk
3645,1,0.71,High Risk
3646,0,0.05,Low Risk
3647,0,0.46,Medium Risk
3648,1,0.74,High Risk
3649,1,0.94,High Risk
3650,1,0.81,High Risk
3651,0,0.06,Low Risk
3652,0,0.16,Low Risk
3653,1,0.86,High Risk
3654,0,0.21,Low Risk
3655,1,0.66,Medium Risk
3656,0,0.03,Low Risk
3657,1,0.72,High Risk
3658,1,0.8,High Risk
3659,0,0.45,Medium Risk
3660,1,0.73,High Risk
3661,0,0.08,Low Risk
3662,0,0.13,Low Risk
3663,0,0.32,Low Risk
3664,0,0.18,Low Risk
3665,1,0.78,High Risk
3666,0,0.07,Low Risk
3667,0,0.22,Low Risk
3668,0,0.09,Low Risk
3669,0,0.15,Low Risk
3670,0,0.04,Low Risk
3671,1,0.64,Medium Risk
3672,0,0.11,Low Risk
3673,0,0.63,Medium Risk
3674,0,0.05,Low Risk
3675,0,0.01,Low Risk
3676,0,0.09,Low Risk
3677,0,0.09,Low Risk
3678,0,0.11,Low Risk
3679,1,0.68,Medium Risk
3680,0,0.13,Low Risk
3681,0,0.13,Low Risk
3682,0,0.03,Low Risk
3683,1,0.67,Medium Risk
3684,0,0.07,Low Risk
3685,0,0.1,Low Risk
3686,0,0.17,Low Risk
3687,0,0.0,Low Risk
3688,0,0.11,Low Risk
3689,1,0.72,High Risk
3690,0,0.17,Low Risk
3691,0,0.15,Low Risk
3692,0,0.44,Medium Risk
3693,0,0.77,High Risk
3694,0,0.15,Low Risk
3695,1,0.77,High Risk
3696,0,0.16,Low Risk
3697,0,0.07,Low Risk
3698,0,0.09,Low Risk
3699,0,0.06,Low Risk
3700,1,0.91,High Risk
3701,1,0.9,High Risk
3702,1,0.7,Medium Risk
3703,0,0.09,Low Risk
3705,1,0.79,High Risk
3706,1,0.72,High Risk
3707,0,0.74,High Risk
3708,0,0.2,Low Risk
3709,0,0.17,Low Risk
3710,1,0.95,High Risk
3711,1,0.79,High Risk
3712,0,0.07,Low Risk
3713,1,0.85,High Risk
3714,0,0.07,Low Risk
3715,0,0.06,Low Risk
3716,0,0.17,Low Risk
3717,1,0.83,High Risk
3718,0,0.19,Low Risk
3719,0,0.13,Low Risk
3720,1,0.73,High Risk
3721,0,0.21,Low Risk
3722,0,0.28,Low Risk
3723,0,0.28,Low Risk
3724,1,0.34,Low Risk
3725,0,0.11,Low Risk
3726,0,0.27,Low Risk
3727,1,0.7,Medium Risk
3728,1,0.2,Low Risk
3729,1,0.14,Low Risk
3730,0,0.08,Low Risk
3731,0,0.36,Low Risk
3732,0,0.31,Low Risk
3733,0,0.04,Low Risk
3734,0,0.18,Low Risk
3735,1,0.3,Low Risk
3736,0,0.18,Low Risk
3737,0,0.13,Low Risk
3738,0,0.13,Low Risk
3739,0,0.06,Low Risk
3740,0,0.22,Low Risk
3741,0,0.06,Low Risk
3742,0,0.11,Low Risk
3743,0,0.28,Low Risk
3744,1,0.9,High Risk
3745,1,0.69,Medium Risk
3746,1,0.35,Low Risk
3747,0,0.15,Low Risk
3748,0,0.11,Low Risk
3749,0,0.09,Low Risk
3750,0,0.2,Low Risk
3751,0,0.18,Low Risk
3752,1,0.66,Medium Risk
3753,0,0.15,Low Risk
3754,1,0.68,Medium Risk
3755,0,0.06,Low Risk
3756,1,0.76,High Risk
3757,0,0.03,Low Risk
3758,0,0.12,Low Risk
3759,1,0.77,High Risk
3760,1,0.69,Medium Risk
3761,0,0.07,Low Risk
3762,1,0.7,Medium Risk
3763,0,0.23,Low Risk
3764,1,0.76,High Risk
3765,0,0.08,Low Risk
3766,0,0.13,Low Risk
3767,0,0.2,Low Risk
3768,1,0.83,High Risk
3769,0,0.11,Low Risk
3770,1,0.66,Medium Risk
3771,1,0.86,High Risk
3772,0,0.12,Low Risk
3773,0,0.1,Low Risk
3774,0,0.19,Low Risk
3775,0,0.04,Low Risk
3777,0,0.1,Low Risk
3778,0,0.17,Low Risk
3779,0,0.48,Medium Risk
3780,0,0.16,Low Risk
3781,0,0.4,Low Risk
3782,0,0.17,Low Risk
3783,1,0.75,High Risk
3784,0,0.23,Low Risk
3785,0,0.1,Low Risk
3786,1,0.75,High Risk
3787,0,0.19,Low Risk
3788,1,0.61,Medium Risk
3789,1,0.82,High Risk
3790,0,0.15,Low Risk
3791,1,0.86,High Risk
3792,0,0.21,Low Risk
3793,0,0.07,Low Risk
3794,1,0.92,High Risk
3795,0,0.44,Medium Risk
3796,0,0.04,Low Risk
3797,0,0.05,Low Risk
3798,0,0.13,Low Risk
3799,0,0.16,Low Risk
3800,1,0.71,High Risk
3801,0,0.16,Low Risk
3802,1,0.71,High Risk
3803,1,0.83,High Risk
3804,1,0.38,Low Risk
3805,1,0.64,Medium Risk
3806,0,0.24,Low Risk
3808,1,0.67,Medium Risk
3809,1,0.93,High Risk
3810,0,0.01,Low Risk
3811,1,0.53,Medium Risk
3812,1,0.86,High Risk
3813,0,0.15,Low Risk
3814,0,0.27,Low Risk
3815,1,0.87,High Risk
3816,0,0.21,Low Risk
3817,0,0.27,Low Risk
3818,1,0.7,Medium Risk
3819,0,0.17,Low Risk
3820,0,0.11,Low Risk
3821,0,0.4,Low Risk
3822,0,0.66,Medium Risk
3823,1,0.88,High Risk
3824,0,0.04,Low Risk
3825,1,0.3,Low Risk
3826,0,0.01,Low Risk
3827,1,0.62,Medium Risk
3828,1,0.78,High Risk
3829,1,0.83,High Risk
3830,1,0.87,High Risk
3831,0,0.04,Low Risk
3832,0,0.08,Low Risk
3833,0,0.29,Low Risk
3834,1,0.9,High Risk
3835,0,0.14,Low Risk
3836,0,0.25,Low Risk
3837,0,0.18,Low Risk
3838,0,0.12,Low Risk
3839,0,0.2,Low Risk
3840,1,0.67,Medium Risk
3841,0,0.12,Low Risk
3842,1,0.73,High Risk
3843,0,0.0,Low Risk
3844,0,0.1,Low Risk
3845,0,0.11,Low Risk
3846,0,0.12,Low Risk
3847,1,0.25,Low Risk
3848,0,0.05,Low Risk
3849,0,0.09,Low Risk
3850,1,0.68,Medium Risk
3851,1,0.94,High Risk
3852,0,0.16,Low Risk
3853,0,0.52,Medium Risk
3854,0,0.1,Low Risk
3855,0,0.27,Low Risk
3856,0,0.22,Low Risk
3857,1,0.71,High Risk
3858,0,0.07,Low Risk
3859,1,0.78,High Risk
3860,0,0.13,Low Risk
3861,0,0.05,Low Risk
3862,0,0.07,Low Risk
3863,1,0.15,Low Risk
3864,0,0.08,Low Risk
3865,0,0.13,Low Risk
3866,0,0.16,Low Risk
3867,0,0.3,Low Risk
3868,0,0.09,Low Risk
3869,0,0.21,Low Risk
3871,0,0.26,Low Risk
3872,0,0.31,Low Risk
3873,1,0.83,High Risk
3874,0,0.81,High Risk
3875,0,0.22,Low Risk
3876,0,0.12,Low Risk
3877,1,0.66,Medium Risk
3878,0,0.2,Low Risk
3879,1,0.77,High Risk
3880,0,0.68,Medium Risk
3881,0,0.08,Low Risk
3882,0,0.1,Low Risk
3883,1,0.84,High Risk
3884,0,0.08,Low Risk
3885,1,0.27,Low Risk
3886,0,0.26,Low Risk
3887,1,0.93,High Risk
3888,1,0.35,Low Risk
3889,1,0.76,High Risk
3890,0,0.03,Low Risk
3891,1,0.81,High Risk
3892,0,0.16,Low Risk
3893,1,0.86,High Risk
3894,1,0.77,High Risk
3895,1,0.73,High Risk
3896,0,0.17,Low Risk
3897,0,0.11,Low Risk
3898,0,0.2,Low Risk
3899,1,0.88,High Risk
3900,1,0.87,High Risk
3901,0,0.02,Low Risk
3902,0,0.16,Low Risk
3903,1,0.9,High Risk
3904,1,0.81,High Risk
3905,1,0.85,High Risk
3906,0,0.11,Low Risk
3907,0,0.05,Low Risk
3908,0,0.09,Low Risk
3909,0,0.19,Low Risk
3910,1,0.87,High Risk
3911,0,0.01,Low Risk
3912,0,0.04,Low Risk
3913,0,0.17,Low Risk
3914,0,0.43,Medium Risk
3915,0,0.4,Low Risk
3916,0,0.17,Low Risk
3917,1,0.91,High Risk
3918,0,0.09,Low Risk
3919,0,0.08,Low Risk
3920,1,0.84,High Risk
3921,1,0.76,High Risk
3922,1,0.04,Low Risk
3923,1,0.69,Medium Risk
3924,0,0.04,Low Risk
3925,1,0.86,High Risk
3926,1,0.81,High Risk
3927,0,0.23,Low Risk
3928,0,0.23,Low Risk
3929,1,0.42,Medium Risk
3930,0,0.12,Low Risk
3931,0,0.08,Low Risk
3932,0,0.08,Low Risk
3933,1,0.7,Medium Risk
3934,0,0.05,Low Risk
3935,0,0.23,Low Risk
3936,1,0.9,High Risk
3937,0,0.02,Low Risk
3938,0,0.27,Low Risk
3939,0,0.17,Low Risk
3940,0,0.27,Low Risk
3941,0,0.12,Low Risk
3942,1,0.85,High Risk
3943,0,0.29,Low Risk
3944,0,0.05,Low Risk
3945,0,0.15,Low Risk
3946,0,0.03,Low Risk
3947,0,0.48,Medium Risk
3948,0,0.44,Medium Risk
3949,0,0.29,Low Risk
3950,0,0.36,Low Risk
3951,0,0.15,Low Risk
3952,1,0.8,High Risk
3953,0,0.12,Low Risk
3954,1,0.75,High Risk
3955,0,0.26,Low Risk
3956,0,0.04,Low Risk
3957,0,0.02,Low Risk
3958,0,0.69,Medium Risk
3959,0,0.26,Low Risk
3960,0,0.34,Low Risk
3961,1,0.74,High Risk
3962,0,0.63,Medium Risk
3963,0,0.24,Low Risk
3964,1,0.73,High Risk
3965,0,0.04,Low Risk
3966,0,0.2,Low Risk
3967,1,0.73,High Risk
3968,0,0.09,Low Risk
3969,1,0.21,Low Risk
3970,0,0.2,Low Risk
3971,1,0.76,High Risk
3972,0,0.2,Low Risk
3973,0,0.15,Low Risk
3974,0,0.04,Low Risk
3975,0,0.34,Low Risk
3976,0,0.11,Low Risk
3977,0,0.19,Low Risk
3978,0,0.46,Medium Risk
3979,1,0.91,High Risk
3980,0,0.04,Low Risk
3981,0,0.26,Low Risk
3982,0,0.12,Low Risk
3983,0,0.03,Low Risk
3984,1,0.72,High Risk
3985,0,0.12,Low Risk
3986,1,0.38,Low Risk
3987,0,0.09,Low Risk
3988,0,0.2,Low Risk
3989,0,0.12,Low Risk
3990,0,0.08,Low Risk
3991,0,0.17,Low Risk
3993,0,0.24,Low Risk
3994,1,0.36,Low Risk
3995,1,0.74,High Risk
3996,1,0.87,High Risk
3997,1,0.7,Medium Risk
3998,1,0.94,High Risk
3999,0,0.16,Low Risk
4000,1,0.82,High Risk
4001,1,0.66,Medium Risk
4002,1,0.8,High Risk
4003,0,0.13,Low Risk
4004,0,0.16,Low Risk
4005,0,0.08,Low Risk
4006,0,0.09,Low Risk
4007,1,0.48,Medium Risk
4008,0,0.51,Medium Risk
4009,1,0.99,High Risk
4010,0,0.0,Low Risk
4011,1,0.79,High Risk
4012,0,0.21,Low Risk
4013,0,0.37,Low Risk
4014,0,0.06,Low Risk
4015,0,0.24,Low Risk
4016,0,0.31,Low Risk
4017,0,0.13,Low Risk
4018,0,0.04,Low Risk
4019,1,0.81,High Risk
4020,0,0.08,Low Risk
4021,0,0.12,Low Risk
4022,0,0.45,Medium Risk
4023,0,0.2,Low Risk
4024,1,0.92,High Risk
4025,0,0.1,Low Risk
4026,0,0.13,Low Risk
4027,0,0.18,Low Risk
4028,0,0.13,Low Risk
4029,0,0.04,Low Risk
4030,1,0.68,Medium Risk
4031,0,0.13,Low Risk
4032,1,0.81,High Risk
4033,0,0.2,Low Risk
4034,1,0.81,High Risk
4035,1,0.82,High Risk
4036,0,0.56,Medium Risk
4037,0,0.06,Low Risk
4038,0,0.01,Low Risk
4039,1,0.21,Low Risk
4040,1,0.82,High Risk
4041,0,0.13,Low Risk
4042,0,0.14,Low Risk
4043,1,0.83,High Risk
4044,0,0.11,Low Risk
4045,0,0.17,Low Risk
4046,1,0.75,High Risk
4047,1,0.88,High Risk
4048,1,0.87,High Risk
4049,1,0.75,High Risk
4050,0,0.28,Low Risk
4051,0,0.05,Low Risk
4052,1,0.74,High Risk
4053,1,0.19,Low Risk
4054,0,0.07,Low Risk
4055,0,0.21,Low Risk
4056,1,0.88,High Risk
4057,1,0.81,High Risk
4058,0,0.31,Low Risk
4059,0,0.15,Low Risk
4060,0,0.05,Low Risk
4061,1,0.18,Low Risk
4062,0,0.13,Low Risk
4063,1,0.82,High Risk
4064,0,0.12,Low Risk
4065,0,0.31,Low Risk
4066,0,0.52,Medium Risk
4067,1,0.83,High Risk
4068,0,0.12,Low Risk
4069,0,0.14,Low Risk
4070,1,0.92,High Risk
4071,0,0.28,Low Risk
4072,1,0.31,Low Risk
4073,1,0.88,High Risk
4074,1,0.67,Medium Risk
4075,0,0.54,Medium Risk
4076,1,0.7,Medium Risk
4077,1,0.56,Medium Risk
4078,0,0.28,Low Risk
4079,0,0.18,Low Risk
4080,0,0.09,Low Risk
4081,1,0.87,High Risk
4082,0,0.16,Low Risk
4083,0,0.1,Low Risk
4084,0,0.27,Low Risk
4085,0,0.12,Low Risk
4086,1,0.93,High Risk
4087,0,0.1,Low Risk
4088,1,0.78,High Risk
4089,1,0.88,High Risk
4090,1,0.94,High Risk
4091,1,0.86,High Risk
4092,1,0.67,Medium Risk
4093,0,0.16,Low Risk
4094,0,0.06,Low Risk
4095,1,0.86,High Risk
4096,0,0.01,Low Risk
4097,0,0.45,Medium Risk
4098,0,0.08,Low Risk
4099,0,0.13,Low Risk
4100,0,0.22,Low Risk
4101,1,0.37,Low Risk
4102,0,0.21,Low Risk
4103,1,0.7,Medium Risk
4104,0,0.2,Low Risk
4105,1,0.82,High Risk
4106,0,0.04,Low Risk
4107,1,0.86,High Risk
4108,1,0.73,High Risk
4109,1,0.69,Medium Risk
4110,1,0.72,High Risk
4111,0,0.21,Low Risk
4112,1,0.78,High Risk
4113,0,0.61,Medium Risk
4114,0,0.14,Low Risk
4115,1,0.86,High Risk
4116,1,0.76,High Risk
4117,1,0.8,High Risk
4118,0,0.06,Low Risk
4119,0,0.14,Low Risk
4120,1,0.88,High Risk
4121,1,0.87,High Risk
4122,0,0.11,Low Risk
4123,0,0.1,Low Risk
4124,0,0.21,Low Risk
4125,0,0.03,Low Risk
4126,0,0.43,Medium Risk
4127,1,0.68,Medium Risk
4128,0,0.21,Low Risk
4129,0,0.1,Low Risk
4130,0,0.26,Low Risk
4131,0,0.18,Low Risk
4132,1,0.66,Medium Risk
4133,0,0.64,Medium Risk
4134,1,0.99,High Risk
4135,1,0.78,High Risk
4136,1,0.69,Medium Risk
4137,0,0.13,Low Risk
4138,1,0.63,Medium Risk
4139,1,0.85,High Risk
4140,1,0.68,Medium Risk
4141,0,0.06,Low Risk
4142,1,0.79,High Risk
4143,1,0.77,High Risk
4144,0,0.08,Low Risk
4145,0,0.76,High Risk
4146,1,0.73,High Risk
4147,1,0.81,High Risk
4148,0,0.27,Low Risk
4149,1,0.76,High Risk
4150,0,0.08,Low Risk
4151,0,0.07,Low Risk
4152,1,0.71,High Risk
4153,1,0.75,High Risk
4154,1,0.68,Medium Risk
4155,0,0.18,Low Risk
4156,0,0.15,Low Risk
4157,1,0.11,Low Risk
4158,0,0.06,Low Risk
4159,0,0.19,Low Risk
4160,0,0.21,Low Risk
4161,1,0.84,High Risk
4162,1,0.8,High Risk
4163,0,0.19,Low Risk
4164,1,0.81,High Risk
4165,0,0.04,Low Risk
4166,0,0.12,Low Risk
4167,1,0.83,High Risk
4168,1,0.84,High Risk
4169,0,0.36,Low Risk
4170,1,0.9,High Risk
4172,1,0.86,High Risk
4173,0,0.12,Low Risk
4174,0,0.32,Low Risk
4175,0,0.19,Low Risk
4176,0,0.23,Low Risk
4177,1,0.71,High Risk
4178,0,0.21,Low Risk
4179,1,0.31,Low Risk
4180,0,0.02,Low Risk
4181,0,0.1,Low Risk
4182,0,0.01,Low Risk
4183,0,0.39,Low Risk
4184,0,0.12,Low Risk
4185,0,0.24,Low Risk
4186,0,0.15,Low Risk
4187,0,0.03,Low Risk
4188,0,0.17,Low Risk
4189,0,0.22,Low Risk
4190,1,0.14,Low Risk
4191,0,0.18,Low Risk
4192,0,0.2,Low Risk
4193,0,0.11,Low Risk
4194,0,0.17,Low Risk
4195,1,0.34,Low Risk
4196,1,0.6,Medium Risk
4197,0,0.18,Low Risk
4198,0,0.15,Low Risk
4199,0,0.02,Low Risk
4200,0,0.11,Low Risk
4201,0,0.28,Low Risk
4202,1,0.93,High Risk
4203,0,0.06,Low Risk
4204,0,0.17,Low Risk
4205,0,0.03,Low Risk
4206,0,0.01,Low Risk
4207,0,0.06,Low Risk
4208,1,0.77,High Risk
4209,0,0.17,Low Risk
4210,1,0.87,High Risk
4211,0,0.17,Low Risk
4212,0,0.41,Medium Risk
4213,0,0.15,Low Risk
4214,1,0.95,High Risk
4215,0,0.04,Low Risk
4216,1,0.66,Medium Risk
4217,0,0.02,Low Risk
4218,1,0.86,High Risk
4219,0,0.38,Low Risk
4220,0,0.1,Low Risk
4221,1,0.81,High Risk
4222,1,0.81,High Risk
4223,0,0.21,Low Risk
4224,1,0.33,Low Risk
4225,1,0.84,High Risk
4226,0,0.19,Low Risk
4227,1,0.16,Low Risk
4228,0,0.06,Low Risk
4229,0,0.21,Low Risk
4230,1,0.74,High Risk
4231,0,0.48,Medium Risk
4232,0,0.12,Low Risk
4233,1,0.83,High Risk
4234,1,0.81,High Risk
4235,1,0.2,Low Risk
4236,1,0.75,High Risk
4237,0,0.03,Low Risk
4238,1,0.85,High Risk
4239,0,0.14,Low Risk
4240,1,0.95,High Risk
4241,1,0.8,High Risk
4242,0,0.13,Low Risk
4243,0,0.22,Low Risk
4244,1,0.72,High Risk
4245,1,0.61,Medium Risk
4246,1,0.74,High Risk
4247,1,0.89,High Risk
4248,0,0.07,Low Risk
4249,0,0.45,Medium Risk
4250,1,0.82,High Risk
4251,0,0.04,Low Risk
4252,0,0.0,Low Risk
4253,1,0.94,High Risk
4254,1,0.78,High Risk
4255,0,0.1,Low Risk
4256,0,0.35,Low Risk
4257,0,0.06,Low Risk
4258,0,0.3,Low Risk
4259,1,0.17,Low Risk
4260,1,0.36,Low Risk
4261,0,0.1,Low Risk
4262,1,0.68,Medium Risk
4263,1,0.61,Medium Risk
4264,1,0.87,High Risk
4265,0,0.06,Low Risk
4266,1,0.81,High Risk
4267,1,0.93,High Risk
4268,0,0.3,Low Risk
4269,1,0.81,High Risk
4270,0,0.29,Low Risk
4271,0,0.2,Low Risk
4272,0,0.03,Low Risk
4273,0,0.27,Low Risk
4274,1,0.75,High Risk
4275,0,0.19,Low Risk
4276,1,0.83,High Risk
4277,1,0.85,High Risk
4278,0,0.07,Low Risk
4279,0,0.17,Low Risk
4280,0,0.1,Low Risk
4281,0,0.2,Low Risk
4282,0,0.58,Medium Risk
4283,0,0.07,Low Risk
4284,0,0.3,Low Risk
4285,0,0.28,Low Risk
4286,0,0.18,Low Risk
4287,1,0.73,High Risk
4288,1,0.07,Low Risk
4289,0,0.21,Low Risk
4290,0,0.2,Low Risk
4291,1,0.73,High Risk
4292,1,0.79,High Risk
4293,0,0.19,Low Risk
4294,0,0.1,Low Risk
4295,1,0.16,Low Risk
4296,0,0.03,Low Risk
4297,1,0.82,High Risk
4298,1,0.81,High Risk
4299,0,0.36,Low Risk
4300,1,0.93,High Risk
4301,1,0.81,High Risk
4302,1,0.84,High Risk
4303,0,0.16,Low Risk
4304,0,0.12,Low Risk
4305,1,0.87,High Risk
4306,1,0.75,High Risk
4307,0,0.21,Low Risk
4308,0,0.25,Low Risk
4309,0,0.22,Low Risk
4310,1,0.62,Medium Risk
4311,1,0.49,Medium Risk
4312,0,0.13,Low Risk
4313,0,0.13,Low Risk
4314,0,0.18,Low Risk
4315,0,0.53,Medium Risk
4316,0,0.12,Low Risk
4317,0,0.3,Low Risk
4318,0,0.15,Low Risk
4319,0,0.12,Low Risk
4320,0,0.06,Low Risk
4321,1,0.36,Low Risk
4322,0,0.26,Low Risk
4323,1,0.85,High Risk
4324,0,0.08,Low Risk
4325,0,0.05,Low Risk
4326,0,0.45,Medium Risk
4327,0,0.18,Low Risk
4328,1,0.88,High Risk
4329,1,0.68,Medium Risk
4330,0,0.16,Low Risk
4331,1,0.76,High Risk
4332,0,0.04,Low Risk
4333,1,0.65,Medium Risk
4334,1,0.57,Medium Risk
4335,0,0.1,Low Risk
4336,1,0.76,High Risk
4337,0,0.52,Medium Risk
4338,1,0.85,High Risk
4339,0,0.51,Medium Risk
4340,0,0.17,Low Risk
4341,0,0.25,Low Risk
4342,1,0.63,Medium Risk
4343,0,0.11,Low Risk
4344,0,0.34,Low Risk
4345,1,0.65,Medium Risk
4346,0,0.1,Low Risk
4347,1,0.81,High Risk
4348,1,0.86,High Risk
4349,0,0.22,Low Risk
4350,0,0.16,Low Risk
4351,0,0.08,Low Risk
4352,1,0.86,High Risk
4353,1,0.79,High Risk
4354,1,0.8,High Risk
4355,1,0.6,Medium Risk
4356,0,0.2,Low Risk
4357,0,0.22,Low Risk
4358,0,0.15,Low Risk
4359,1,0.79,High Risk
4360,0,0.25,Low Risk
4361,0,0.09,Low Risk
4362,1,0.74,High Risk
4363,1,0.66,Medium Risk
4364,1,0.75,High Risk
4365,0,0.16,Low Risk
4366,0,0.37,Low Risk
4367,1,0.76,High Risk
4368,0,0.64,Medium Risk
4369,1,0.48,Medium Risk
4370,0,0.22,Low Risk
4371,0,0.11,Low Risk
4372,0,0.12,Low Risk
4373,0,0.09,Low Risk
4374,0,0.43,Medium Risk
4375,0,0.34,Low Risk
4376,0,0.11,Low Risk
4377,0,0.13,Low Risk
4378,0,0.03,Low Risk
4379,0,0.08,Low Risk
4380,0,0.07,Low Risk
4381,0,0.24,Low Risk
4382,1,0.26,Low Risk
4383,1,0.81,High Risk
4384,1,0.69,Medium Risk
4385,0,0.02,Low Risk
4386,0,0.4,Low Risk
4387,1,0.83,High Risk
4388,0,0.31,Low Risk
4389,0,0.08,Low Risk
4390,1,0.84,High Risk
4391,0,0.09,Low Risk
4392,0,0.2,Low Risk
4393,0,0.06,Low Risk
4394,0,0.05,Low Risk
4395,0,0.12,Low Risk
4396,1,0.97,High Risk
4397,0,0.33,Low Risk
4398,1,0.82,High Risk
4399,1,0.76,High Risk
4400,0,0.25,Low Risk
4401,1,0.35,Low Risk
4402,0,0.12,Low Risk
4403,1,0.2,Low Risk
4404,0,0.03,Low Risk
4405,1,0.53,Medium Risk
4406,0,0.09,Low Risk
4407,0,0.09,Low Risk
4408,1,0.75,High Risk
4409,0,0.18,Low Risk
4410,1,0.81,High Risk
4411,1,0.73,High Risk
4412,0,0.23,Low Risk
4413,0,0.11,Low Risk
4414,0,0.03,Low Risk
4415,0,0.03,Low Risk
4416,0,0.19,Low Risk
4417,1,0.31,Low Risk
4418,1,0.9,High Risk
4419,0,0.13,Low Risk
4420,0,0.16,Low Risk
4421,0,0.24,Low Risk
4422,0,0.22,Low Risk
4423,0,0.11,Low Risk
4424,1,0.83,High Risk
4425,0,0.11,Low Risk
4426,1,0.96,High Risk
4427,1,0.69,Medium Risk
4428,0,0.03,Low Risk
4429,1,0.74,High Risk
4430,0,0.31,Low Risk
4431,0,0.3,Low Risk
4432,1,0.76,High Risk
4433,0,0.27,Low Risk
4434,1,0.72,High Risk
4435,0,0.09,Low Risk
4436,0,0.12,Low Risk
4437,0,0.08,Low Risk
4438,0,0.16,Low Risk
4439,1,0.7,Medium Risk
4440,0,0.06,Low Risk
4441,0,0.6,Medium Risk
4442,1,0.79,High Risk
4443,0,0.25,Low Risk
4444,1,0.74,High Risk
4445,0,0.1,Low Risk
4446,1,0.67,Medium Risk
4447,0,0.3,Low Risk
4448,1,0.74,High Risk
4449,0,0.06,Low Risk
4450,0,0.35,Low Risk
4451,1,0.73,High Risk
4452,0,0.03,Low Risk
4453,0,0.17,Low Risk
4454,1,0.86,High Risk
4455,0,0.05,Low Risk
4456,1,0.87,High Risk
4457,1,0.94,High Risk
4458,1,0.83,High Risk
4459,0,0.06,Low Risk
4460,0,0.28,Low Risk
4461,0,0.22,Low Risk
4462,1,0.89,High Risk
4463,0,0.08,Low Risk
4464,1,0.88,High Risk
4465,1,0.89,High Risk
4466,1,0.35,Low Risk
4467,0,0.16,Low Risk
4468,0,0.17,Low Risk
4469,0,0.24,Low Risk
4470,0,0.2,Low Risk
4471,0,0.44,Medium Risk
4472,1,0.66,Medium Risk
4473,0,0.31,Low Risk
4475,0,0.1,Low Risk
4476,0,0.96,High Risk
4477,1,0.78,High Risk
4478,0,0.65,Medium Risk
4479,0,0.47,Medium Risk
4480,1,0.8,High Risk
4481,0,0.48,Medium Risk
4482,1,0.71,High Risk
4483,0,0.17,Low Risk
4484,1,0.54,Medium Risk
4485,0,0.03,Low Risk
4486,1,0.69,Medium Risk
4487,0,0.09,Low Risk
4488,0,0.04,Low Risk
4489,1,0.83,High Risk
4490,0,0.1,Low Risk
4491,0,0.12,Low Risk
4492,0,0.42,Medium Risk
4493,0,0.08,Low Risk
4494,0,0.66,Medium Risk
4495,0,0.1,Low Risk
4496,1,0.93,High Risk
4497,0,0.07,Low Risk
4498,0,0.35,Low Risk
4499,1,0.89,High Risk
4500,1,0.85,High Risk
4501,0,0.05,Low Risk
4502,0,0.3,Low Risk
4503,0,0.74,High Risk
4504,1,0.73,High Risk
4505,0,0.07,Low Risk
4506,1,0.76,High Risk
4507,0,0.12,Low Risk
4508,1,0.68,Medium Risk
4509,0,0.16,Low Risk
4510,0,0.05,Low Risk
4511,1,0.74,High Risk
4512,1,0.84,High Risk
4513,1,0.84,High Risk
4514,0,0.27,Low Risk
4515,1,0.12,Low Risk
4516,1,0.65,Medium Risk
4517,1,0.97,High Risk
4518,1,0.79,High Risk
4519,1,0.91,High Risk
4520,0,0.19,Low Risk
4521,0,0.06,Low Risk
4522,0,0.16,Low Risk
4523,0,0.09,Low Risk
4524,0,0.1,Low Risk
4525,1,0.76,High Risk
4526,1,0.73,High Risk
4527,1,0.26,Low Risk
4528,1,0.73,High Risk
4529,0,0.26,Low Risk
4530,0,0.07,Low Risk
4531,1,0.73,High Risk
4532,1,0.79,High Risk
4533,0,0.04,Low Risk
4534,1,0.93,High Risk
4535,0,0.35,Low Risk
4536,0,0.28,Low Risk
4537,0,0.08,Low Risk
4538,0,0.12,Low Risk
4539,1,0.83,High Risk
4540,0,0.31,Low Risk
4541,0,0.1,Low Risk
4542,1,0.92,High Risk
4543,1,0.8,High Risk
4544,1,0.83,High Risk
4545,1,0.61,Medium Risk
4546,0,0.07,Low Risk
4547,1,0.75,High Risk
4548,0,0.11,Low Risk
4549,1,0.51,Medium Risk
4550,0,0.07,Low Risk
4551,0,0.22,Low Risk
4552,1,0.86,High Risk
4553,1,0.76,High Risk
4554,0,0.09,Low Risk
4555,1,0.74,High Risk
4556,1,0.37,Low Risk
4557,0,0.15,Low Risk
4558,0,0.18,Low Risk
4559,0,0.53,Medium Risk
4560,0,0.15,Low Risk
4562,1,0.8,High Risk
4563,0,0.1,Low Risk
4564,1,0.79,High Risk
4565,0,0.19,Low Risk
4566,0,0.12,Low Risk
4567,1,0.82,High Risk
4568,0,0.17,Low Risk
4569,0,0.1,Low Risk
4570,0,0.2,Low Risk
4571,1,0.85,High Risk
4572,1,0.06,Low Risk
4573,0,0.08,Low Risk
4574,0,0.02,Low Risk
4575,1,0.83,High Risk
4576,0,0.14,Low Risk
4577,0,0.08,Low Risk
4578,1,0.44,Medium Risk
4579,0,0.24,Low Risk
4580,1,0.65,Medium Risk
4581,0,0.15,Low Risk
4582,0,0.34,Low Risk
4583,0,0.31,Low Risk
4584,1,0.82,High Risk
4585,1,0.76,High Risk
4586,0,0.09,Low Risk
4587,1,0.71,High Risk
4588,0,0.21,Low Risk
4589,0,0.06,Low Risk
4591,0,0.21,Low Risk
4592,0,0.08,Low Risk
4593,0,0.08,Low Risk
4594,1,0.94,High Risk
4595,0,0.25,Low Risk
4596,1,0.84,High Risk
4597,0,0.52,Medium Risk
4598,1,0.8,High Risk
4600,1,0.77,High Risk
4601,0,0.07,Low Risk
4602,1,0.71,High Risk
4603,1,0.88,High Risk
4604,0,0.21,Low Risk
4605,1,0.8,High Risk
4606,0,0.52,Medium Risk
4607,1,0.77,High Risk
4608,0,0.38,Low Risk
4609,1,0.96,High Risk
4611,0,0.01,Low Risk
4612,0,0.18,Low Risk
4613,0,0.01,Low Risk
4614,1,0.82,High Risk
4615,0,0.1,Low Risk
4616,0,0.17,Low Risk
4617,0,0.07,Low Risk
4618,0,0.02,Low Risk
4619,1,0.73,High Risk
4620,1,0.82,High Risk
4621,1,0.89,High Risk
4622,0,0.11,Low Risk
4623,0,0.18,Low Risk
4624,0,0.23,Low Risk
4625,1,0.33,Low Risk
4626,0,0.1,Low Risk
4627,0,0.3,Low Risk
4628,1,0.79,High Risk
4629,1,0.77,High Risk
4630,0,0.22,Low Risk
4631,1,0.32,Low Risk
4632,0,0.3,Low Risk
4633,0,0.0,Low Risk
4634,0,0.09,Low Risk
4635,1,0.15,Low Risk
4636,1,0.84,High Risk
4637,1,0.77,High Risk
4638,0,0.09,Low Risk
4639,0,0.25,Low Risk
4640,0,0.54,Medium Risk
4641,0,0.11,Low Risk
4642,0,0.17,Low Risk
4643,1,0.81,High Risk
4644,1,0.18,Low Risk
4645,0,0.15,Low Risk
4646,0,0.13,Low Risk
4647,0,0.02,Low Risk
4648,1,0.63,Medium Risk
4649,1,0.23,Low Risk
4650,0,0.19,Low Risk
4651,0,0.21,Low Risk
4652,0,0.18,Low Risk
4653,0,0.66,Medium Risk
4654,0,0.07,Low Risk
4655,1,0.82,High Risk
4656,0,0.15,Low Risk
4657,0,0.47,Medium Risk
4658,0,0.12,Low Risk
4659,1,0.76,High Risk
4660,1,0.47,Medium Risk
4661,1,0.83,High Risk
4662,0,0.07,Low Risk
4663,1,0.9,High Risk
4664,0,0.91,High Risk
4665,1,0.13,Low Risk
4666,1,0.79,High Risk
4667,0,0.23,Low Risk
4668,1,0.84,High Risk
4669,1,0.83,High Risk
4670,1,0.85,High Risk
4671,0,0.06,Low Risk
4672,0,0.01,Low Risk
4673,1,0.76,High Risk
4674,1,0.6,Medium Risk
4675,0,0.12,Low Risk
4676,0,0.06,Low Risk
4677,1,0.77,High Risk
4678,1,0.88,High Risk
4679,1,0.69,Medium Risk
4680,0,0.15,Low Risk
4681,0,0.21,Low Risk
4682,0,0.0,Low Risk
4683,0,0.11,Low Risk
4684,1,0.73,High Risk
4685,0,0.0,Low Risk
4686,0,0.08,Low Risk
4687,1,0.85,High Risk
4688,1,0.67,Medium Risk
4689,0,0.24,Low Risk
4690,1,0.96,High Risk
4691,0,0.08,Low Risk
4692,0,0.05,Low Risk
4693,1,0.81,High Risk
4694,1,0.87,High Risk
4695,1,0.89,High Risk
4696,1,0.73,High Risk
4697,1,0.65,Medium Risk
4698,0,0.08,Low Risk
4699,0,0.32,Low Risk
4700,1,0.77,High Risk
4701,1,0.76,High Risk
4702,0,0.76,High Risk
4703,0,0.1,Low Risk
4704,0,0.04,Low Risk
4705,1,0.75,High Risk
4706,0,0.28,Low Risk
4707,0,0.46,Medium Risk
4708,1,0.76,High Risk
4709,1,0.85,High Risk
4710,1,0.78,High Risk
4711,0,0.13,Low Risk
4712,1,0.88,High Risk
4713,1,0.82,High Risk
4714,0,0.25,Low Risk
4715,1,0.65,Medium Risk
4716,1,0.74,High Risk
4717,0,0.11,Low Risk
4718,0,0.13,Low Risk
4719,1,0.62,Medium Risk
4720,1,0.79,High Risk
4721,0,0.14,Low Risk
4722,1,0.76,High Risk
4723,1,0.74,High Risk
4724,1,0.77,High Risk
4725,0,0.19,Low Risk
4726,0,0.3,Low Risk
4727,0,0.13,Low Risk
4728,0,0.17,Low Risk
4729,0,0.06,Low Risk
4730,0,0.17,Low Risk
4731,1,0.88,High Risk
4732,1,0.69,Medium Risk
4733,0,0.29,Low Risk
4734,0,0.16,Low Risk
4735,0,0.13,Low Risk
4736,0,0.1,Low Risk
4737,1,0.95,High Risk
4738,1,0.88,High Risk
4739,1,0.83,High Risk
4740,1,0.86,High Risk
4741,0,0.41,Medium Risk
4742,1,0.63,Medium Risk
4743,0,0.12,Low Risk
4744,1,0.78,High Risk
4745,1,0.75,High Risk
4746,0,0.18,Low Risk
4747,0,0.13,Low Risk
4748,0,0.32,Low Risk
4749,1,0.72,High Risk
4750,0,0.18,Low Risk
4751,1,0.79,High Risk
4752,0,0.06,Low Risk
4753,0,0.18,Low Risk
4754,0,0.21,Low Risk
4755,1,0.22,Low Risk
4756,1,0.83,High Risk
4757,0,0.08,Low Risk
4758,0,0.12,Low Risk
4759,0,0.7,Medium Risk
4760,1,0.74,High Risk
4761,0,0.04,Low Risk
4762,1,0.73,High Risk
4763,0,0.15,Low Risk
4764,0,0.16,Low Risk
4765,0,0.1,Low Risk
4766,1,0.88,High Risk
4767,0,0.12,Low Risk
4768,0,0.22,Low Risk
4769,1,0.68,Medium Risk
4770,1,0.96,High Risk
4771,1,0.85,High Risk
4772,0,0.22,Low Risk
4773,0,0.03,Low Risk
4774,0,0.64,Medium Risk
4775,1,0.48,Medium Risk
4776,0,0.18,Low Risk
4777,1,0.71,High Risk
4778,1,0.23,Low Risk
4779,0,0.04,Low Risk
4780,0,0.38,Low Risk
4781,0,0.16,Low Risk
4782,0,0.07,Low Risk
4783,0,0.06,Low Risk
4784,0,0.11,Low Risk
4785,0,0.56,Medium Risk
4786,1,0.53,Medium Risk
4787,0,0.07,Low Risk
4788,1,0.87,High Risk
4789,0,0.04,Low Risk
4790,0,0.69,Medium Risk
4791,0,0.13,Low Risk
4792,1,0.66,Medium Risk
4793,1,0.72,High Risk
4794,1,0.71,High Risk
4795,1,0.75,High Risk
4796,1,0.8,High Risk
4797,0,0.08,Low Risk
4798,0,0.15,Low Risk
4799,0,0.12,Low Risk
4800,0,0.17,Low Risk
4801,0,0.25,Low Risk
4802,0,0.14,Low Risk
4803,1,0.23,Low Risk
4804,1,0.92,High Risk
4805,0,0.34,Low Risk
4806,1,0.49,Medium Risk
4807,0,0.58,Medium Risk
4808,1,0.84,High Risk
4809,0,0.03,Low Risk
4811,0,0.15,Low Risk
4812,0,0.12,Low Risk
4813,0,0.04,Low Risk
4814,0,0.07,Low Risk
4815,0,0.23,Low Risk
4816,0,0.09,Low Risk
4817,0,0.04,Low Risk
4818,1,0.95,High Risk
4819,0,0.27,Low Risk
4820,1,0.77,High Risk
4821,0,0.22,Low Risk
4822,0,0.02,Low Risk
4823,0,0.1,Low Risk
4824,1,0.84,High Risk
4825,0,0.13,Low Risk
4826,0,0.11,Low Risk
4827,1,0.8,High Risk
4828,0,0.1,Low Risk
4829,1,0.91,High Risk
4830,0,0.12,Low Risk
4831,1,0.91,High Risk
4832,0,0.23,Low Risk
4833,0,0.18,Low Risk
4834,0,0.09,Low Risk
4835,1,0.7,Medium Risk
4836,1,0.76,High Risk
4837,1,0.82,High Risk
4838,0,0.18,Low Risk
4839,1,0.98,High Risk
4840,0,0.01,Low Risk
4841,0,0.14,Low Risk
4842,0,0.18,Low Risk
4843,0,0.2,Low Risk
4844,0,0.17,Low Risk
4845,0,0.1,Low Risk
4846,0,0.25,Low Risk
4847,0,0.11,Low Risk
4848,1,0.7,Medium Risk
4849,1,0.94,High Risk
4850,1,0.83,High Risk
4851,1,0.87,High Risk
4852,1,0.19,Low Risk
4853,1,0.95,High Risk
4854,1,0.76,High Risk
4855,0,0.68,Medium Risk
4856,1,0.72,High Risk
4857,1,0.37,Low Risk
4858,0,0.14,Low Risk
4859,0,0.08,Low Risk
4860,0,0.05,Low Risk
4861,1,0.91,High Risk
4862,0,0.08,Low Risk
4863,0,0.07,Low Risk
4864,0,0.3,Low Risk
4865,1,0.88,High Risk
4866,0,0.17,Low Risk
4867,1,0.7,Medium Risk
4868,0,0.16,Low Risk
4869,1,0.73,High Risk
4870,0,0.15,Low Risk
4871,1,0.75,High Risk
4872,0,0.18,Low Risk
4873,0,0.04,Low Risk
4874,0,0.19,Low Risk
4875,0,0.04,Low Risk
4876,1,0.85,High Risk
4877,0,0.15,Low Risk
4878,0,0.75,High Risk
4879,0,0.6,Medium Risk
4880,0,0.16,Low Risk
4881,0,0.11,Low Risk
4882,1,0.77,High Risk
4883,0,0.19,Low Risk
4884,0,0.28,Low Risk
4885,1,0.83,High Risk
4886,0,0.09,Low Risk
4887,1,0.8,High Risk
4888,1,0.32,Low Risk
4889,0,0.05,Low Risk
4890,0,0.11,Low Risk
4891,1,0.72,High Risk
4892,0,0.14,Low Risk
4893,1,0.87,High Risk
4894,1,0.73,High Risk
4895,0,0.15,Low Risk
4896,0,0.26,Low Risk
4897,0,0.17,Low Risk
4898,0,0.29,Low Risk
4899,0,0.09,Low Risk
4900,0,0.03,Low Risk
4901,1,0.73,High Risk
4902,0,0.08,Low Risk
4903,1,0.74,High Risk
4904,1,0.95,High Risk
4905,0,0.1,Low Risk
4906,0,0.17,Low Risk
4907,1,0.43,Medium Risk
4908,1,0.69,Medium Risk
4909,1,0.88,High Risk
4910,0,0.67,Medium Risk
4911,0,0.09,Low Risk
4912,0,0.2,Low Risk
4913,0,0.27,Low Risk
4914,0,0.13,Low Risk
4916,0,0.09,Low Risk
4917,0,0.11,Low Risk
4918,0,0.64,Medium Risk
4919,1,0.73,High Risk
4920,0,0.22,Low Risk
4921,1,0.87,High Risk
4922,0,0.29,Low Risk
4923,0,0.17,Low Risk
4924,1,0.69,Medium Risk
4925,1,0.85,High Risk
4926,0,0.15,Low Risk
4927,0,0.05,Low Risk
4928,0,0.17,Low Risk
4929,0,0.12,Low Risk
4930,1,0.83,High Risk
4931,0,0.25,Low Risk
4932,1,0.74,High Risk
4933,0,0.39,Low Risk
4934,0,0.2,Low Risk
4935,1,0.96,High Risk
4936,1,0.92,High Risk
4937,0,0.08,Low Risk
4938,0,0.14,Low Risk
4939,0,0.19,Low Risk
4940,1,0.47,Medium Risk
4941,0,0.22,Low Risk
4942,1,0.84,High Risk
4943,1,0.83,High Risk
4944,1,0.64,Medium Risk
4945,0,0.17,Low Risk
4946,1,0.48,Medium Risk
4947,0,0.0,Low Risk
4948,0,0.2,Low Risk
4949,1,0.8,High Risk
4950,1,0.77,High Risk
4951,0,0.71,High Risk
4952,1,0.78,High Risk
4953,1,0.75,High Risk
4954,1,0.81,High Risk
4955,0,0.62,Medium Risk
4956,0,0.06,Low Risk
4957,1,0.74,High Risk
4958,0,0.41,Medium Risk
4959,1,0.73,High Risk
4960,0,0.14,Low Risk
4961,1,0.72,High Risk
4962,0,0.12,Low Risk
4963,0,0.06,Low Risk
4964,1,0.74,High Risk
4965,1,0.85,High Risk
4966,0,0.04,Low Risk
4967,1,0.16,Low Risk
4968,0,0.07,Low Risk
4969,0,0.1,Low Risk
4970,0,0.11,Low Risk
4971,0,0.14,Low Risk
4972,1,0.89,High Risk
4973,0,0.04,Low Risk
4974,1,0.93,High Risk
4975,0,0.17,Low Risk
4976,0,0.13,Low Risk
4977,1,0.78,High Risk
4978,0,0.11,Low Risk
4979,0,0.09,Low Risk
4980,0,0.0,Low Risk
4981,0,0.09,Low Risk
4982,0,0.11,Low Risk
4983,0,0.11,Low Risk
4984,0,0.26,Low Risk
4985,0,0.16,Low Risk
4986,1,0.83,High Risk
4987,0,0.08,Low Risk
4988,1,0.74,High Risk
4989,0,0.03,Low Risk
4990,0,0.15,Low Risk
4991,1,0.42,Medium Risk
4992,0,0.03,Low Risk
4993,1,0.78,High Risk
4994,1,0.59,Medium Risk
4995,1,0.73,High Risk
4996,0,0.22,Low Risk
4997,1,0.76,High Risk
4998,1,0.92,High Risk
4999,0,0.17,Low Risk
5000,1,0.69,Medium Risk
5001,0,0.08,Low Risk
5002,1,0.9,High Risk
5003,0,0.89,High Risk
5004,1,0.78,High Risk
5005,0,0.26,Low Risk
5006,1,0.82,High Risk
5007,0,0.21,Low Risk
5008,1,0.9,High Risk
5009,0,0.27,Low Risk
5010,0,0.69,Medium Risk
5012,0,0.33,Low Risk
5013,1,0.72,High Risk
5014,0,0.03,Low Risk
5015,1,0.27,Low Risk
5016,1,0.75,High Risk
5017,0,0.05,Low Risk
5018,0,0.35,Low Risk
5019,0,0.6,Medium Risk
5020,1,0.46,Medium Risk
5021,1,0.38,Low Risk
5022,1,0.61,Medium Risk
5023,0,0.1,Low Risk
5024,1,0.72,High Risk
5025,0,0.2,Low Risk
5026,0,0.15,Low Risk
5027,0,0.59,Medium Risk
5028,0,0.02,Low Risk
5029,0,0.34,Low Risk
5030,0,0.18,Low Risk
5031,0,0.14,Low Risk
5032,1,0.71,High Risk
5033,0,0.21,Low Risk
5034,1,0.8,High Risk
5035,0,0.06,Low Risk
5036,0,0.08,Low Risk
5037,1,0.86,High Risk
5038,1,0.48,Medium Risk
5039,0,0.19,Low Risk
5040,0,0.18,Low Risk
5041,1,0.87,High Risk
5042,0,0.12,Low Risk
5043,1,0.92,High Risk
5044,0,0.11,Low Risk
5045,0,0.21,Low Risk
5046,0,0.06,Low Risk
5047,0,0.33,Low Risk
5048,1,0.85,High Risk
5049,0,0.19,Low Risk
5050,1,0.76,High Risk
5051,0,0.03,Low Risk
5052,1,0.86,High Risk
5053,0,0.09,Low Risk
5054,0,0.06,Low Risk
5055,0,0.01,Low Risk
5056,1,0.12,Low Risk
5057,1,0.3,Low Risk
5058,1,0.33,Low Risk
5059,1,0.87,High Risk
5060,0,0.27,Low Risk
5061,1,0.3,Low Risk
5062,0,0.05,Low Risk
5063,0,0.13,Low Risk
5064,0,0.22,Low Risk
5065,0,0.02,Low Risk
5066,0,0.08,Low Risk
5067,0,0.1,Low Risk
5068,1,0.71,High Risk
5069,1,0.55,Medium Risk
5070,1,0.78,High Risk
5071,1,0.76,High Risk
5072,1,0.54,Medium Risk
5073,0,0.08,Low Risk
5074,0,0.1,Low Risk
5076,0,0.26,Low Risk
5077,0,0.29,Low Risk
5078,1,0.94,High Risk
5079,0,0.02,Low Risk
5080,0,0.11,Low Risk
5081,0,0.21,Low Risk
5082,1,0.85,High Risk
5083,1,0.81,High Risk
5084,0,0.19,Low Risk
5085,0,0.72,High Risk
5086,1,0.89,High Risk
5087,0,0.03,Low Risk
5088,0,0.15,Low Risk
5089,0,0.14,Low Risk
5090,1,0.71,High Risk
5091,0,0.03,Low Risk
5092,1,0.91,High Risk
5093,1,0.86,High Risk
5094,1,0.8,High Risk
5095,1,0.78,High Risk
5096,0,0.15,Low Risk
5097,0,0.24,Low Risk
5098,0,0.29,Low Risk
5099,0,0.13,Low Risk
5100,0,0.08,Low Risk
5101,1,0.74,High Risk
5102,0,0.19,Low Risk
5103,1,0.94,High Risk
5104,0,0.29,Low Risk
5105,1,0.74,High Risk
5106,1,0.8,High Risk
5107,0,0.07,Low Risk
5108,1,0.92,High Risk
5109,0,0.2,Low Risk
5110,0,0.27,Low Risk
5111,0,0.2,Low Risk
5112,1,0.79,High Risk
5113,0,0.03,Low Risk
5114,1,0.72,High Risk
5115,0,0.23,Low Risk
5116,1,0.74,High Risk
5117,1,0.84,High Risk
5118,1,0.67,Medium Risk
5119,0,0.15,Low Risk
5120,0,0.3,Low Risk
5121,0,0.09,Low Risk
5122,0,0.27,Low Risk
5123,0,0.08,Low Risk
5124,0,0.17,Low Risk
5125,1,0.91,High Risk
5126,1,0.69,Medium Risk
5127,1,0.75,High Risk
5128,0,0.12,Low Risk
5129,0,0.26,Low Risk
5130,0,0.26,Low Risk
5131,1,0.69,Medium Risk
5132,0,0.12,Low Risk
5133,0,0.15,Low Risk
5134,0,0.18,Low Risk
5135,0,0.19,Low Risk
5136,0,0.21,Low Risk
5137,1,0.62,Medium Risk
5138,0,0.09,Low Risk
5139,1,0.48,Medium Risk
5140,0,0.06,Low Risk
5141,1,0.18,Low Risk
5142,0,0.13,Low Risk
5143,1,0.78,High Risk
5144,1,0.81,High Risk
5145,0,0.04,Low Risk
5146,1,0.9,High Risk
5147,1,0.92,High Risk
5148,1,0.69,Medium Risk
5149,0,0.11,Low Risk
5150,0,0.1,Low Risk
5151,0,0.55,Medium Risk
5152,1,0.77,High Risk
5153,1,0.84,High Risk
5154,0,0.33,Low Risk
5155,0,0.46,Medium Risk
5156,0,0.06,Low Risk
5157,1,0.86,High Risk
5158,0,0.12,Low Risk
5159,1,0.64,Medium Risk
5160,0,0.29,Low Risk
5161,1,0.77,High Risk
5162,1,0.94,High Risk
5163,0,0.13,Low Risk
5164,0,0.12,Low Risk
5165,0,0.08,Low Risk
5166,1,0.75,High Risk
5167,0,0.05,Low Risk
5168,0,0.34,Low Risk
5169,1,0.88,High Risk
5170,1,0.88,High Risk
5171,1,0.67,Medium Risk
5172,1,0.71,High Risk
5173,0,0.02,Low Risk
5174,0,0.59,Medium Risk
5175,1,0.89,High Risk
5176,0,0.03,Low Risk
5177,0,0.13,Low Risk
5178,0,0.13,Low Risk
5179,0,0.21,Low Risk
5180,0,0.09,Low Risk
5181,1,0.86,High Risk
5182,0,0.51,Medium Risk
5183,1,0.83,High Risk
5184,1,0.68,Medium Risk
5185,0,0.11,Low Risk
5186,0,0.06,Low Risk
5187,1,0.77,High Risk
5188,1,0.3,Low Risk
5189,0,0.08,Low Risk
5190,1,0.76,High Risk
5191,1,0.78,High Risk
5192,0,0.11,Low Risk
5193,0,0.19,Low Risk
5194,1,0.83,High Risk
5195,0,0.11,Low Risk
5196,1,0.86,High Risk
5198,1,0.77,High Risk
5199,0,0.38,Low Risk
5200,0,0.1,Low Risk
5201,1,0.72,High Risk
5202,1,0.74,High Risk
5203,1,0.21,Low Risk
5204,1,0.73,High Risk
5205,0,0.24,Low Risk
5206,0,0.04,Low Risk
5207,0,0.13,Low Risk
5208,0,0.32,Low Risk
5209,1,0.67,Medium Risk
5210,0,0.36,Low Risk
5211,1,0.79,High Risk
5212,0,0.31,Low Risk
5213,0,0.09,Low Risk
5214,0,0.21,Low Risk
5215,1,0.8,High Risk
5216,0,0.11,Low Risk
5217,0,0.1,Low Risk
5218,0,0.1,Low Risk
5219,0,0.12,Low Risk
5220,0,0.11,Low Risk
5221,1,0.78,High Risk
5222,0,0.34,Low Risk
5223,0,0.86,High Risk
5224,0,0.13,Low Risk
5225,1,0.79,High Risk
5226,0,0.45,Medium Risk
5227,0,0.11,Low Risk
5228,1,0.71,High Risk
5229,1,0.64,Medium Risk
5230,0,0.11,Low Risk
5231,0,0.09,Low Risk
5232,1,0.86,High Risk
5233,1,0.86,High Risk
5234,1,0.73,High Risk
5235,1,0.45,Medium Risk
5236,1,0.87,High Risk
5237,0,0.07,Low Risk
5238,0,0.22,Low Risk
5239,0,0.33,Low Risk
5240,1,0.93,High Risk
5241,1,0.92,High Risk
5242,0,0.22,Low Risk
5243,0,0.24,Low Risk
5244,0,0.07,Low Risk
5245,0,0.11,Low Risk
5246,1,0.8,High Risk
5247,0,0.26,Low Risk
5248,0,0.16,Low Risk
5249,0,0.14,Low Risk
5250,1,0.77,High Risk
5251,0,0.05,Low Risk
5252,1,0.73,High Risk
5253,1,0.88,High Risk
5254,0,0.09,Low Risk
5255,0,0.16,Low Risk
5256,1,0.43,Medium Risk
5257,1,0.3,Low Risk
5258,1,0.55,Medium Risk
5259,1,0.44,Medium Risk
5260,1,0.66,Medium Risk
5261,1,0.89,High Risk
5262,0,0.54,Medium Risk
5263,0,0.01,Low Risk
5264,0,0.11,Low Risk
5265,1,0.68,Medium Risk
5266,1,0.75,High Risk
5267,0,0.31,Low Risk
5268,1,0.97,High Risk
5269,1,0.93,High Risk
5271,0,0.5,Medium Risk
5272,0,0.07,Low Risk
5273,0,0.15,Low Risk
5274,0,0.09,Low Risk
5275,1,0.71,High Risk
5276,1,0.76,High Risk
5277,1,0.47,Medium Risk
5278,1,0.72,High Risk
5279,0,0.34,Low Risk
5280,0,0.05,Low Risk
5281,0,0.2,Low Risk
5282,0,0.05,Low Risk
5283,1,0.76,High Risk
5284,1,0.79,High Risk
5285,0,0.21,Low Risk
5286,0,0.58,Medium Risk
5287,1,0.8,High Risk
5288,0,0.13,Low Risk
5289,0,0.07,Low Risk
5290,0,0.18,Low Risk
5291,0,0.08,Low Risk
5292,0,0.18,Low Risk
5293,1,0.7,Medium Risk
5294,0,0.03,Low Risk
5295,1,0.84,High Risk
5296,0,0.15,Low Risk
5297,0,0.05,Low Risk
5298,0,0.1,Low Risk
5299,0,0.12,Low Risk
5300,1,0.25,Low Risk
5301,0,0.17,Low Risk
5302,0,0.06,Low Risk
5303,1,0.82,High Risk
5304,0,0.04,Low Risk
5305,1,0.79,High Risk
5306,0,0.13,Low Risk
5307,0,0.02,Low Risk
5308,0,0.04,Low Risk
5309,0,0.6,Medium Risk
5310,0,0.09,Low Risk
5312,1,0.86,High Risk
5313,0,0.28,Low Risk
5314,0,0.54,Medium Risk
5315,0,0.06,Low Risk
5316,1,0.54,Medium Risk
5317,1,0.83,High Risk
5318,0,0.04,Low Risk
5319,1,0.68,Medium Risk
5320,1,0.74,High Risk
5321,0,0.05,Low Risk
5322,1,0.82,High Risk
5323,1,0.85,High Risk
5324,0,0.12,Low Risk
5325,1,0.84,High Risk
5326,1,0.77,High Risk
5327,1,0.77,High Risk
5328,0,0.1,Low Risk
5329,0,0.12,Low Risk
5330,1,0.76,High Risk
5331,0,0.04,Low Risk
5332,1,0.88,High Risk
5333,1,0.72,High Risk
5334,1,0.72,High Risk
5335,0,0.34,Low Risk
5336,1,0.81,High Risk
5337,1,0.67,Medium Risk
5338,0,0.1,Low Risk
5339,0,0.17,Low Risk
5340,1,0.67,Medium Risk
5341,1,0.68,Medium Risk
5342,1,0.91,High Risk
5343,0,0.08,Low Risk
5344,1,0.71,High Risk
5345,1,0.75,High Risk
5346,1,0.79,High Risk
5347,0,0.21,Low Risk
5348,0,0.12,Low Risk
5349,0,0.02,Low Risk
5350,0,0.08,Low Risk
5351,1,0.89,High Risk
5352,1,0.79,High Risk
5353,0,0.14,Low Risk
5354,1,0.71,High Risk
5355,0,0.15,Low Risk
5356,1,0.74,High Risk
5357,1,0.94,High Risk
5358,0,0.15,Low Risk
5359,0,0.15,Low Risk
5360,1,0.76,High Risk
5361,0,0.08,Low Risk
5362,0,0.2,Low Risk
5363,1,0.78,High Risk
5364,0,0.13,Low Risk
5365,1,0.87,High Risk
5366,1,0.89,High Risk
5367,0,0.26,Low Risk
5368,0,0.2,Low Risk
5369,0,0.07,Low Risk
5370,1,0.66,Medium Risk
5371,1,0.66,Medium Risk
5372,1,0.94,High Risk
5373,0,0.24,Low Risk
5374,0,0.3,Low Risk
5376,0,0.17,Low Risk
5377,0,0.11,Low Risk
5378,0,0.25,Low Risk
5379,0,0.08,Low Risk
5380,0,0.59,Medium Risk
5381,1,0.72,High Risk
5382,0,0.11,Low Risk
5383,1,0.82,High Risk
5384,0,0.22,Low Risk
5385,0,0.35,Low Risk
5386,0,0.43,Medium Risk
5387,0,0.2,Low Risk
5388,0,0.07,Low Risk
5389,0,0.16,Low Risk
5390,1,0.82,High Risk
5391,0,0.26,Low Risk
5392,1,0.82,High Risk
5393,1,0.53,Medium Risk
5394,0,0.44,Medium Risk
5395,0,0.1,Low Risk
5396,0,0.19,Low Risk
5397,1,0.7,Medium Risk
5398,1,0.72,High Risk
5399,0,0.04,Low Risk
5400,0,0.28,Low Risk
5401,0,0.18,Low Risk
5402,0,0.12,Low Risk
5403,1,0.8,High Risk
5404,0,0.1,Low Risk
5405,1,0.68,Medium Risk
5406,1,0.37,Low Risk
5407,0,0.09,Low Risk
5408,1,0.83,High Risk
5409,0,0.17,Low Risk
5410,1,0.65,Medium Risk
5411,0,0.15,Low Risk
5412,0,0.07,Low Risk
5413,0,0.04,Low Risk
5414,0,0.1,Low Risk
5415,1,0.96,High Risk
5416,1,0.98,High Risk
5417,0,0.11,Low Risk
5418,0,0.12,Low Risk
5419,1,0.45,Medium Risk
5420,1,0.49,Medium Risk
5421,1,0.71,High Risk
5422,0,0.62,Medium Risk
5423,1,0.88,High Risk
5424,1,0.14,Low Risk
5425,0,0.69,Medium Risk
5426,1,0.62,Medium Risk
5427,0,0.43,Medium Risk
5428,1,0.23,Low Risk
5429,1,0.9,High Risk
5430,1,0.68,Medium Risk
5431,1,0.68,Medium Risk
5432,0,0.11,Low Risk
5433,1,0.85,High Risk
5434,0,0.3,Low Risk
5435,1,0.75,High Risk
5436,0,0.21,Low Risk
5437,0,0.09,Low Risk
5438,0,0.06,Low Risk
5439,1,0.71,High Risk
5440,0,0.13,Low Risk
5441,1,0.86,High Risk
5442,1,0.79,High Risk
5443,0,0.07,Low Risk
5444,0,0.3,Low Risk
5445,0,0.15,Low Risk
5446,0,0.25,Low Risk
5447,0,0.07,Low Risk
5448,0,0.24,Low Risk
5449,0,0.07,Low Risk
5450,0,0.26,Low Risk
5451,1,0.92,High Risk
5452,0,0.13,Low Risk
5453,0,0.17,Low Risk
5454,0,0.2,Low Risk
5455,0,0.08,Low Risk
5456,0,0.13,Low Risk
5457,0,0.21,Low Risk
5458,0,0.04,Low Risk
5459,0,0.13,Low Risk
5460,1,0.91,High Risk
5461,0,0.64,Medium Risk
5462,0,0.17,Low Risk
5463,1,0.85,High Risk
5464,1,0.3,Low Risk
5465,0,0.08,Low Risk
5466,0,0.23,Low Risk
5467,0,0.15,Low Risk
5468,0,0.16,Low Risk
5469,1,0.8,High Risk
5470,0,0.03,Low Risk
5471,1,0.82,High Risk
5472,0,0.3,Low Risk
5473,0,0.17,Low Risk
5474,1,0.7,Medium Risk
5475,0,0.26,Low Risk
5476,0,0.14,Low Risk
5477,0,0.05,Low Risk
5478,1,0.84,High Risk
5479,1,0.68,Medium Risk
5480,0,0.15,Low Risk
5481,0,0.06,Low Risk
5482,0,0.0,Low Risk
5483,1,0.64,Medium Risk
5484,0,0.28,Low Risk
5485,0,0.12,Low Risk
5486,0,0.19,Low Risk
5487,0,0.13,Low Risk
5488,1,0.8,High Risk
5489,1,0.16,Low Risk
5490,0,0.22,Low Risk
5491,1,0.77,High Risk
5492,0,0.14,Low Risk
5493,1,0.78,High Risk
5495,0,0.06,Low Risk
5496,1,0.88,High Risk
5497,0,0.53,Medium Risk
5498,0,0.08,Low Risk
5499,0,0.2,Low Risk
5500,0,0.64,Medium Risk
5501,1,0.63,Medium Risk
5502,1,0.84,High Risk
5503,0,0.03,Low Risk
5504,0,0.2,Low Risk
5505,1,0.8,High Risk
5506,1,0.91,High Risk
5507,1,0.72,High Risk
5508,1,0.69,Medium Risk
5509,0,0.22,Low Risk
5510,0,0.2,Low Risk
5511,0,0.26,Low Risk
5512,0,0.04,Low Risk
5513,1,0.84,High Risk
5514,1,0.95,High Risk
5515,0,0.01,Low Risk
5516,0,0.39,Low Risk
5517,0,0.08,Low Risk
5518,1,0.75,High Risk
5519,1,0.65,Medium Risk
5520,0,0.04,Low Risk
5521,1,0.9,High Risk
5522,1,0.77,High Risk
5523,1,0.85,High Risk
5524,1,0.81,High Risk
5525,0,0.07,Low Risk
5526,0,0.16,Low Risk
5527,1,0.5,Medium Risk
5528,1,0.76,High Risk
5529,1,0.76,High Risk
5530,1,0.7,Medium Risk
5531,0,0.1,Low Risk
5532,0,0.23,Low Risk
5533,0,0.53,Medium Risk
5534,0,0.04,Low Risk
5535,0,0.18,Low Risk
5536,0,0.36,Low Risk
5537,1,0.84,High Risk
5538,1,0.76,High Risk
5539,1,0.9,High Risk
5540,1,0.87,High Risk
5541,0,0.04,Low Risk
5542,1,0.93,High Risk
5543,0,0.08,Low Risk
5544,1,0.69,Medium Risk
5545,0,0.18,Low Risk
5546,0,0.09,Low Risk
5547,0,0.13,Low Risk
5548,0,0.15,Low Risk
5549,0,0.0,Low Risk
5550,1,0.94,High Risk
5551,0,0.21,Low Risk
5552,0,0.08,Low Risk
5553,1,0.97,High Risk
5554,1,0.71,High Risk
5555,0,0.06,Low Risk
5556,0,0.72,High Risk
5557,1,0.31,Low Risk
5558,0,0.55,Medium Risk
5559,0,0.26,Low Risk
5560,0,0.1,Low Risk
5561,0,0.11,Low Risk
5562,1,0.71,High Risk
5563,1,0.91,High Risk
5564,0,0.2,Low Risk
5565,1,0.61,Medium Risk
5566,1,0.8,High Risk
5568,0,0.14,Low Risk
5569,1,0.88,High Risk
5570,0,0.11,Low Risk
5571,0,0.1,Low Risk
5572,0,0.26,Low Risk
5573,0,0.02,Low Risk
5574,1,0.67,Medium Risk
5575,0,0.09,Low Risk
5576,0,0.13,Low Risk
5577,1,0.31,Low Risk
5578,0,0.31,Low Risk
5579,1,0.83,High Risk
5580,1,0.84,High Risk
5581,1,0.74,High Risk
5582,1,0.35,Low Risk
5583,1,0.67,Medium Risk
5584,1,0.83,High Risk
5585,0,0.17,Low Risk
5586,0,0.15,Low Risk
5587,0,0.15,Low Risk
5588,0,0.32,Low Risk
5589,0,0.03,Low Risk
5590,1,0.88,High Risk
5591,0,0.14,Low Risk
5592,0,0.21,Low Risk
5593,1,0.76,High Risk
5594,0,0.15,Low Risk
5595,0,0.31,Low Risk
5596,0,0.07,Low Risk
5597,0,0.06,Low Risk
5598,1,0.52,Medium Risk
5599,0,0.11,Low Risk
5600,0,0.04,Low Risk
5601,0,0.05,Low Risk
5602,0,0.49,Medium Risk
5603,0,0.11,Low Risk
5604,0,0.13,Low Risk
5605,0,0.08,Low Risk
5606,0,0.06,Low Risk
5607,1,0.65,Medium Risk
5608,0,0.09,Low Risk
5609,0,0.83,High Risk
5610,1,0.71,High Risk
5611,1,0.76,High Risk
5612,1,0.77,High Risk
5613,0,0.56,Medium Risk
5614,0,0.09,Low Risk
5615,0,0.05,Low Risk
5616,1,0.69,Medium Risk
5617,0,0.61,Medium Risk
5618,0,0.07,Low Risk
5619,1,0.96,High Risk
5620,1,0.81,High Risk
5621,0,0.3,Low Risk
5622,0,0.09,Low Risk
5623,1,0.75,High Risk
5624,1,0.64,Medium Risk
5625,0,0.19,Low Risk
5626,1,0.87,High Risk
5627,1,0.74,High Risk
5628,0,0.04,Low Risk
5629,0,0.27,Low Risk
5630,1,0.85,High Risk
5631,1,0.73,High Risk
5632,1,0.58,Medium Risk
5633,1,0.94,High Risk
5634,1,0.48,Medium Risk
5635,1,0.83,High Risk
5636,0,0.07,Low Risk
5637,0,0.2,Low Risk
5638,0,0.47,Medium Risk
5639,0,0.02,Low Risk
5640,1,0.85,High Risk
5641,1,0.74,High Risk
5642,1,0.23,Low Risk
5643,0,0.22,Low Risk
5644,1,0.8,High Risk
5645,1,0.72,High Risk
5646,1,0.53,Medium Risk
5647,1,0.82,High Risk
5648,0,0.14,Low Risk
5649,1,0.9,High Risk
5651,0,0.39,Low Risk
5652,0,0.13,Low Risk
5653,0,0.13,Low Risk
5654,0,0.04,Low Risk
5655,1,0.72,High Risk
5656,1,0.43,Medium Risk
5657,0,0.31,Low Risk
5658,0,0.15,Low Risk
5659,1,0.8,High Risk
5660,1,0.83,High Risk
5661,1,0.85,High Risk
5662,0,0.14,Low Risk
5663,0,0.03,Low Risk
5664,1,0.87,High Risk
5665,0,0.09,Low Risk
5666,0,0.26,Low Risk
5667,1,0.79,High Risk
5668,1,0.98,High Risk
5669,0,0.06,Low Risk
5670,1,0.66,Medium Risk
5671,0,0.35,Low Risk
5672,1,0.77,High Risk
5673,1,0.79,High Risk
5674,0,0.04,Low Risk
5675,0,0.11,Low Risk
5676,0,0.11,Low Risk
5677,0,0.13,Low Risk
5678,1,0.9,High Risk
5679,0,0.06,Low Risk
5680,0,0.08,Low Risk
5681,0,0.04,Low Risk
5682,1,0.77,High Risk
5683,0,0.25,Low Risk
5684,0,0.17,Low Risk
5685,1,0.8,High Risk
5686,0,0.15,Low Risk
5687,1,0.82,High Risk
5688,1,0.21,Low Risk
5689,1,0.77,High Risk
5690,0,0.2,Low Risk
5691,1,0.75,High Risk
5692,0,0.19,Low Risk
5693,0,0.72,High Risk
5694,0,0.26,Low Risk
5695,0,0.12,Low Risk
5696,1,0.74,High Risk
5697,0,0.15,Low Risk
5698,0,0.3,Low Risk
5699,1,0.18,Low Risk
5700,1,0.65,Medium Risk
5701,1,0.92,High Risk
5702,1,0.78,High Risk
5703,0,0.13,Low Risk
5704,1,0.36,Low Risk
5705,1,0.69,Medium Risk
5706,0,0.14,Low Risk
5707,0,0.23,Low Risk
5708,0,0.11,Low Risk
5709,1,0.97,High Risk
5710,1,0.92,High Risk
5711,0,0.19,Low Risk
5712,1,0.77,High Risk
5713,1,0.79,High Risk
5714,0,0.08,Low Risk
5715,1,0.87,High Risk
5716,0,0.09,Low Risk
5717,1,0.33,Low Risk
5718,1,0.79,High Risk
5719,0,0.01,Low Risk
5720,1,0.93,High Risk
5721,1,0.69,Medium Risk
5722,1,0.76,High Risk
5723,0,0.08,Low Risk
5724,0,0.3,Low Risk
5725,0,0.15,Low Risk
5726,0,0.05,Low Risk
5727,0,0.04,Low Risk
5728,0,0.03,Low Risk
5729,0,0.11,Low Risk
5730,1,0.87,High Risk
5731,0,0.42,Medium Risk
5732,0,0.19,Low Risk
5733,1,0.33,Low Risk
5734,0,0.03,Low Risk
5735,1,0.77,High Risk
5736,0,0.04,Low Risk
5737,0,0.09,Low Risk
5738,0,0.02,Low Risk
5739,1,0.83,High Risk
5740,1,0.85,High Risk
5741,1,0.68,Medium Risk
5742,0,0.22,Low Risk
5743,0,0.22,Low Risk
5744,0,0.13,Low Risk
5745,0,0.13,Low Risk
5746,1,0.72,High Risk
5747,1,0.34,Low Risk
5748,0,0.38,Low Risk
5749,0,0.19,Low Risk
5750,0,0.3,Low Risk
5751,1,0.86,High Risk
5752,0,0.15,Low Risk
5753,1,0.95,High Risk
5754,0,0.08,Low Risk
5755,0,0.47,Medium Risk
5756,1,0.67,Medium Risk
5757,1,0.45,Medium Risk
5758,0,0.01,Low Risk
5759,0,0.08,Low Risk
5760,0,0.3,Low Risk
5761,0,0.3,Low Risk
5762,1,0.81,High Risk
5763,1,0.92,High Risk
5764,1,0.8,High Risk
5765,1,0.71,High Risk
5766,0,0.13,Low Risk
5767,0,0.19,Low Risk
5768,1,0.74,High Risk
5769,0,0.43,Medium Risk
5770,0,0.05,Low Risk
5771,0,0.31,Low Risk
5772,1,0.76,High Risk
5773,1,0.78,High Risk
5774,0,0.05,Low Risk
5775,1,0.78,High Risk
5776,0,0.19,Low Risk
5777,0,0.15,Low Risk
5778,0,0.1,Low Risk
5779,0,0.08,Low Risk
5780,0,0.62,Medium Risk
5782,1,0.81,High Risk
5783,1,0.76,High Risk
5784,1,0.92,High Risk
5785,0,0.11,Low Risk
5786,1,0.65,Medium Risk
5787,1,0.73,High Risk
5788,1,0.82,High Risk
5789,1,0.39,Low Risk
5790,0,0.26,Low Risk
5791,0,0.18,Low Risk
5792,0,0.13,Low Risk
5793,1,0.78,High Risk
5794,0,0.04,Low Risk
5795,1,0.67,Medium Risk
5796,0,0.14,Low Risk
5797,1,0.76,High Risk
5798,0,0.25,Low Risk
5799,0,0.15,Low Risk
5800,0,0.14,Low Risk
5801,0,0.55,Medium Risk
5802,1,0.88,High Risk
5803,0,0.12,Low Risk
5804,0,0.1,Low Risk
5805,0,0.07,Low Risk
5806,1,0.71,High Risk
5807,0,0.11,Low Risk
5808,1,0.83,High Risk
5809,0,0.6,Medium Risk
5810,1,0.52,Medium Risk
5811,0,0.06,Low Risk
5812,1,0.71,High Risk
5813,0,0.18,Low Risk
5814,0,0.0,Low Risk
5815,0,0.04,Low Risk
5816,0,0.11,Low Risk
5817,0,0.42,Medium Risk
5818,0,0.33,Low Risk
5819,0,0.11,Low Risk
5820,0,0.08,Low Risk
5821,1,0.77,High Risk
5822,1,0.74,High Risk
5823,0,0.03,Low Risk
5824,0,0.24,Low Risk
5825,0,0.06,Low Risk
5826,0,0.25,Low Risk
5827,0,0.14,Low Risk
5828,0,0.14,Low Risk
5829,0,0.02,Low Risk
5830,1,0.84,High Risk
5831,1,0.83,High Risk
5832,0,0.14,Low Risk
5833,1,0.42,Medium Risk
5834,1,0.23,Low Risk
5835,0,0.33,Low Risk
5836,0,0.09,Low Risk
5837,1,0.75,High Risk
5838,0,0.05,Low Risk
5839,0,0.87,High Risk
5840,1,0.7,Medium Risk
5841,0,0.21,Low Risk
5842,1,0.74,High Risk
5843,1,0.73,High Risk
5844,0,0.17,Low Risk
5845,1,0.82,High Risk
5846,0,0.2,Low Risk
5847,0,0.17,Low Risk
5848,0,0.14,Low Risk
5849,1,0.81,High Risk
5850,1,0.87,High Risk
5851,0,0.35,Low Risk
5852,0,0.14,Low Risk
5853,0,0.18,Low Risk
5854,0,0.14,Low Risk
5855,0,0.13,Low Risk
5856,1,0.77,High Risk
5857,0,0.04,Low Risk
5858,0,0.03,Low Risk
5859,0,0.23,Low Risk
5860,1,0.97,High Risk
5861,1,0.11,Low Risk
5862,1,0.28,Low Risk
5863,1,0.82,High Risk
5864,0,0.23,Low Risk
5865,1,0.94,High Risk
5866,1,0.82,High Risk
5867,0,0.04,Low Risk
5868,0,0.2,Low Risk
5869,1,0.76,High Risk
5870,1,0.78,High Risk
5871,1,0.82,High Risk
5872,0,0.06,Low Risk
5873,1,0.58,Medium Risk
5874,0,0.25,Low Risk
5875,0,0.18,Low Risk
5876,0,0.13,Low Risk
5877,0,0.18,Low Risk
5878,0,0.18,Low Risk
5879,1,0.84,High Risk
5880,1,0.05,Low Risk
5881,0,0.07,Low Risk
5882,1,0.78,High Risk
5883,1,0.97,High Risk
5884,0,0.23,Low Risk
5885,0,0.0,Low Risk
5886,1,0.79,High Risk
5887,0,0.08,Low Risk
5888,0,0.31,Low Risk
5889,1,0.78,High Risk
5890,0,0.16,Low Risk
5891,1,0.82,High Risk
5892,0,0.4,Low Risk
5893,1,0.36,Low Risk
5894,0,0.52,Medium Risk
5895,0,0.25,Low Risk
5896,1,0.68,Medium Risk
5897,1,0.8,High Risk
5898,1,0.81,High Risk
5899,1,0.61,Medium Risk
5900,1,0.82,High Risk
5901,1,0.81,High Risk
5902,0,0.18,Low Risk
5903,1,0.93,High Risk
5904,0,0.04,Low Risk
5905,0,0.16,Low Risk
5906,0,0.68,Medium Risk
5907,0,0.09,Low Risk
5908,1,0.13,Low Risk
5909,1,0.47,Medium Risk
5910,0,0.14,Low Risk
5911,1,0.31,Low Risk
5912,1,0.69,Medium Risk
5913,1,0.64,Medium Risk
5914,0,0.1,Low Risk
5915,0,0.08,Low Risk
5916,0,0.03,Low Risk
5917,1,0.72,High Risk
5918,0,0.06,Low Risk
5919,1,0.77,High Risk
5920,1,0.79,High Risk
5921,1,0.75,High Risk
5922,0,0.13,Low Risk
5923,0,0.17,Low Risk
5924,0,0.15,Low Risk
5925,0,0.06,Low Risk
5926,1,0.84,High Risk
5927,0,0.04,Low Risk
5928,0,0.09,Low Risk
5929,0,0.16,Low Risk
5930,0,0.32,Low Risk
5931,0,0.01,Low Risk
5932,0,0.44,Medium Risk
5933,0,0.12,Low Risk
5934,0,0.27,Low Risk
5935,0,0.77,High Risk
5936,0,0.04,Low Risk
5937,1,0.64,Medium Risk
5938,1,0.94,High Risk
5939,0,0.03,Low Risk
5940,0,0.41,Medium Risk
5941,1,0.76,High Risk
5942,0,0.07,Low Risk
5943,0,0.17,Low Risk
5944,0,0.04,Low Risk
5945,0,0.15,Low Risk
5946,1,0.97,High Risk
5947,0,0.69,Medium Risk
5948,0,0.04,Low Risk
5950,1,0.81,High Risk
5951,1,0.68,Medium Risk
5952,0,0.25,Low Risk
5953,1,0.79,High Risk
5954,0,0.07,Low Risk
5955,0,0.15,Low Risk
5956,0,0.22,Low Risk
5957,1,0.82,High Risk
5958,0,0.07,Low Risk
5959,0,0.17,Low Risk
5960,1,0.71,High Risk
5961,0,0.17,Low Risk
5962,0,0.04,Low Risk
5963,0,0.1,Low Risk
5964,0,0.18,Low Risk
5965,1,0.79,High Risk
5966,0,0.06,Low Risk
5967,1,0.85,High Risk
5968,1,0.73,High Risk
5969,0,0.38,Low Risk
5970,0,0.42,Medium Risk
5971,0,0.15,Low Risk
5972,0,0.16,Low Risk
5973,1,0.76,High Risk
5974,1,0.72,High Risk
5975,1,0.53,Medium Risk
5976,0,0.55,Medium Risk
5977,0,0.2,Low Risk
5978,1,0.93,High Risk
5979,0,0.12,Low Risk
5980,0,0.1,Low Risk
5981,0,0.15,Low Risk
5982,1,0.56,Medium Risk
5983,0,0.14,Low Risk
5984,0,0.1,Low Risk
5985,0,0.28,Low Risk
5986,1,0.85,High Risk
5987,1,0.8,High Risk
5988,0,0.04,Low Risk
5989,0,0.05,Low Risk
5990,0,0.23,Low Risk
5991,1,0.24,Low Risk
5992,1,0.94,High Risk
5993,0,0.41,Medium Risk
5994,1,0.62,Medium Risk
5995,0,0.09,Low Risk
5996,1,0.78,High Risk
5997,0,0.13,Low Risk
5998,0,0.06,Low Risk
5999,0,0.08,Low Risk
6000,0,0.8,High Risk
6001,0,0.1,Low Risk
6002,1,0.83,High Risk
6003,0,0.04,Low Risk
6004,0,0.08,Low Risk
6006,0,0.21,Low Risk
6007,0,0.01,Low Risk
6008,0,0.2,Low Risk
6009,0,0.58,Medium Risk
6010,0,0.17,Low Risk
6011,0,0.01,Low Risk
6012,1,0.73,High Risk
6013,1,0.83,High Risk
6014,1,0.69,Medium Risk
6015,1,0.89,High Risk
6016,0,0.18,Low Risk
6017,0,0.05,Low Risk
6018,0,0.06,Low Risk
6019,0,0.14,Low Risk
6020,0,0.4,Low Risk
6021,1,0.82,High Risk
6022,1,0.82,High Risk
6023,1,0.78,High Risk
6024,0,0.13,Low Risk
6025,1,0.79,High Risk
6026,0,0.18,Low Risk
6027,0,0.04,Low Risk
6028,0,0.08,Low Risk
6029,0,0.17,Low Risk
6030,0,0.05,Low Risk
6031,1,0.7,Medium Risk
6032,0,0.05,Low Risk
6033,0,0.15,Low Risk
6034,1,0.84,High Risk
6035,0,0.22,Low Risk
6036,1,0.69,Medium Risk
6037,0,0.1,Low Risk
6038,0,0.1,Low Risk
6039,1,0.39,Low Risk
6040,1,0.91,High Risk
6041,1,0.95,High Risk
6042,0,0.21,Low Risk
6043,0,0.18,Low Risk
6044,1,0.3,Low Risk
6045,1,0.51,Medium Risk
6046,1,0.78,High Risk
6047,1,0.74,High Risk
6048,0,0.07,Low Risk
6049,0,0.01,Low Risk
6050,1,0.81,High Risk
6051,0,0.01,Low Risk
6052,0,0.05,Low Risk
6053,0,0.15,Low Risk
6054,0,0.08,Low Risk
6055,1,0.22,Low Risk
6056,1,0.89,High Risk
6057,0,0.04,Low Risk
6058,1,0.74,High Risk
6059,1,0.88,High Risk
6060,0,0.25,Low Risk
6061,1,0.83,High Risk
6062,0,0.03,Low Risk
6063,1,0.67,Medium Risk
6064,0,0.1,Low Risk
6065,0,0.21,Low Risk
6066,0,0.03,Low Risk
6067,0,0.2,Low Risk
6068,1,0.71,High Risk
6069,1,0.83,High Risk
6070,1,0.87,High Risk
6071,1,0.79,High Risk
6072,0,0.39,Low Risk
6073,0,0.32,Low Risk
6074,0,0.17,Low Risk
6075,1,0.75,High Risk
6076,0,0.86,High Risk
6077,0,0.08,Low Risk
6078,0,0.62,Medium Risk
6079,0,0.15,Low Risk
6080,0,0.05,Low Risk
6081,0,0.18,Low Risk
6082,1,0.71,High Risk
6083,0,0.05,Low Risk
6084,0,0.12,Low Risk
6085,1,0.82,High Risk
6086,0,0.09,Low Risk
6087,0,0.28,Low Risk
6088,1,0.68,Medium Risk
6089,0,0.11,Low Risk
6090,0,0.08,Low Risk
6091,1,0.7,Medium Risk
6092,0,0.18,Low Risk
6093,1,0.8,High Risk
6094,0,0.14,Low Risk
6095,1,0.8,High Risk
6096,0,0.1,Low Risk
6097,1,0.73,High Risk
6098,1,0.71,High Risk
6099,0,0.19,Low Risk
6100,0,0.35,Low Risk
6101,1,0.69,Medium Risk
6102,1,0.75,High Risk
6103,1,0.75,High Risk
6104,1,0.68,Medium Risk
6105,0,0.36,Low Risk
6106,0,0.13,Low Risk
6107,0,0.11,Low Risk
6108,1,0.6,Medium Risk
6109,1,0.69,Medium Risk
6110,0,0.06,Low Risk
6111,0,0.23,Low Risk
6112,1,0.65,Medium Risk
6113,1,0.95,High Risk
6114,0,0.15,Low Risk
6115,0,0.31,Low Risk
6116,0,0.25,Low Risk
6117,0,0.85,High Risk
6118,0,0.4,Low Risk
6119,0,0.27,Low Risk
6120,0,0.08,Low Risk
6121,0,0.3,Low Risk
6122,1,0.76,High Risk
6123,1,0.54,Medium Risk
6124,0,0.26,Low Risk
6125,1,0.69,Medium Risk
6126,0,0.03,Low Risk
6127,0,0.22,Low Risk
6128,1,0.8,High Risk
6129,0,0.08,Low Risk
6130,0,0.16,Low Risk
6131,0,0.13,Low Risk
6132,1,0.61,Medium Risk
6133,0,0.13,Low Risk
6134,1,0.76,High Risk
6135,0,0.0,Low Risk
6136,0,0.34,Low Risk
6137,1,0.91,High Risk
6138,0,0.05,Low Risk
6139,0,0.12,Low Risk
6140,1,0.31,Low Risk
6141,0,0.03,Low Risk
6142,1,0.96,High Risk
6143,0,0.25,Low Risk
6144,0,0.4,Low Risk
6145,0,0.11,Low Risk
6146,1,0.68,Medium Risk
6147,0,0.05,Low Risk
6148,1,0.61,Medium Risk
6149,1,0.69,Medium Risk
6150,1,0.64,Medium Risk
6151,0,0.19,Low Risk
6152,0,0.16,Low Risk
6153,0,0.14,Low Risk
6154,0,0.11,Low Risk
6155,1,0.67,Medium Risk
6156,0,0.06,Low Risk
6157,0,0.09,Low Risk
6158,0,0.16,Low Risk
6159,0,0.1,Low Risk
6160,0,0.15,Low Risk
6161,0,0.07,Low Risk
6162,0,0.63,Medium Risk
6163,0,0.86,High Risk
6164,1,0.62,Medium Risk
6165,0,0.28,Low Risk
6166,0,0.05,Low Risk
6167,0,0.19,Low Risk
6168,1,0.68,Medium Risk
6169,1,0.81,High Risk
6170,0,0.13,Low Risk
6171,1,0.6,Medium Risk
6172,0,0.28,Low Risk
6173,1,0.95,High Risk
6174,0,0.12,Low Risk
6175,0,0.18,Low Risk
6176,1,0.89,High Risk
6177,0,0.05,Low Risk
6178,1,0.72,High Risk
6179,1,0.82,High Risk
6180,1,0.74,High Risk
6181,0,0.09,Low Risk
6182,0,0.09,Low Risk
6183,0,0.79,High Risk
6184,1,0.86,High Risk
6185,0,0.55,Medium Risk
6186,1,0.57,Medium Risk
6187,0,0.37,Low Risk
6188,0,0.21,Low Risk
6189,0,0.13,Low Risk
6190,1,0.49,Medium Risk
6191,1,0.87,High Risk
6193,0,0.07,Low Risk
6194,0,0.06,Low Risk
6195,0,0.25,Low Risk
6196,0,0.08,Low Risk
6197,0,0.02,Low Risk
6198,0,0.68,Medium Risk
6199,1,0.73,High Risk
6200,0,0.17,Low Risk
6201,0,0.2,Low Risk
6202,1,0.81,High Risk
6203,0,0.16,Low Risk
6204,1,0.83,High Risk
6205,1,0.67,Medium Risk
6206,1,0.86,High Risk
6207,0,0.3,Low Risk
6208,1,0.72,High Risk
6209,0,0.27,Low Risk
6210,0,0.04,Low Risk
6211,0,0.22,Low Risk
6212,1,0.41,Medium Risk
6213,0,0.08,Low Risk
6214,0,0.15,Low Risk
6216,1,0.6,Medium Risk
6217,0,0.04,Low Risk
6218,1,0.76,High Risk
6219,0,0.04,Low Risk
6220,1,0.9,High Risk
6221,1,0.76,High Risk
6222,1,0.78,High Risk
6223,0,0.17,Low Risk
6224,1,0.19,Low Risk
6225,0,0.23,Low Risk
6226,0,0.03,Low Risk
6227,0,0.14,Low Risk
6228,0,0.05,Low Risk
6229,0,0.33,Low Risk
6230,0,0.16,Low Risk
6231,0,0.31,Low Risk
6232,0,0.23,Low Risk
6233,0,0.02,Low Risk
6234,0,0.16,Low Risk
6235,0,0.09,Low Risk
6236,0,0.2,Low Risk
6237,1,0.81,High Risk
6238,1,0.73,High Risk
6239,1,0.92,High Risk
6240,1,0.65,Medium Risk
6241,0,0.11,Low Risk
6242,0,0.23,Low Risk
6243,0,0.2,Low Risk
6244,1,0.69,Medium Risk
6245,0,0.1,Low Risk
6246,0,0.34,Low Risk
6247,0,0.02,Low Risk
6248,0,0.11,Low Risk
6249,0,0.04,Low Risk
6250,0,0.23,Low Risk
6251,0,0.11,Low Risk
6252,1,0.83,High Risk
6253,0,0.62,Medium Risk
6254,1,0.94,High Risk
6255,1,0.89,High Risk
6256,0,0.07,Low Risk
6257,0,0.4,Low Risk
6258,1,0.94,High Risk
6259,0,0.14,Low Risk
6260,1,0.7,Medium Risk
6261,1,0.96,High Risk
6262,1,0.58,Medium Risk
6263,0,0.06,Low Risk
6264,0,0.16,Low Risk
6265,1,0.64,Medium Risk
6266,0,0.06,Low Risk
6267,0,0.44,Medium Risk
6268,0,0.17,Low Risk
6269,0,0.14,Low Risk
6270,0,0.08,Low Risk
6271,0,0.68,Medium Risk
6272,0,0.1,Low Risk
6273,1,0.83,High Risk
6274,0,0.64,Medium Risk
6275,1,0.85,High Risk
6276,0,0.72,High Risk
6277,0,0.09,Low Risk
6278,1,0.76,High Risk
6279,0,0.17,Low Risk
6280,1,0.94,High Risk
6281,1,0.8,High Risk
6282,1,0.82,High Risk
6283,0,0.15,Low Risk
6284,1,0.72,High Risk
6285,0,0.15,Low Risk
6286,1,0.77,High Risk
6287,1,0.81,High Risk
6288,0,0.28,Low Risk
6289,0,0.28,Low Risk
6290,1,0.76,High Risk
6291,0,0.1,Low Risk
6292,0,0.06,Low Risk
6293,0,0.18,Low Risk
6294,0,0.06,Low Risk
6295,0,0.03,Low Risk
6296,0,0.12,Low Risk
6297,0,0.37,Low Risk
6298,1,0.65,Medium Risk
6299,0,0.09,Low Risk
6300,0,0.13,Low Risk
6301,1,0.83,High Risk
6302,0,0.16,Low Risk
6303,0,0.1,Low Risk
6304,0,0.23,Low Risk
6305,0,0.06,Low Risk
6306,1,0.77,High Risk
6307,1,0.73,High Risk
6308,0,0.26,Low Risk
6309,0,0.02,Low Risk
6310,0,0.39,Low Risk
6311,0,0.05,Low Risk
6312,1,0.84,High Risk
6313,0,0.05,Low Risk
6314,0,0.04,Low Risk
6315,0,0.32,Low Risk
6316,1,0.76,High Risk
6317,0,0.06,Low Risk
6319,1,0.74,High Risk
6320,0,0.41,Medium Risk
6321,0,0.17,Low Risk
6322,0,0.08,Low Risk
6323,0,0.32,Low Risk
6324,0,0.11,Low Risk
6325,0,0.24,Low Risk
6326,0,0.04,Low Risk
6327,1,0.34,Low Risk
6328,0,0.05,Low Risk
6329,0,0.13,Low Risk
6330,0,0.17,Low Risk
6331,0,0.18,Low Risk
6332,1,0.66,Medium Risk
6333,0,0.0,Low Risk
6334,1,0.65,Medium Risk
6335,1,0.76,High Risk
6336,0,0.16,Low Risk
6337,0,0.34,Low Risk
6338,1,0.86,High Risk
6339,0,0.08,Low Risk
6340,1,0.83,High Risk
6341,1,0.78,High Risk
6342,1,0.49,Medium Risk
6343,1,0.7,Medium Risk
6344,0,0.58,Medium Risk
6345,0,0.23,Low Risk
6346,0,0.13,Low Risk
6347,0,0.09,Low Risk
6348,1,0.95,High Risk
6349,1,0.83,High Risk
6350,0,0.42,Medium Risk
6351,1,0.75,High Risk
6352,0,0.2,Low Risk
6353,0,0.32,Low Risk
6354,1,0.75,High Risk
6355,0,0.21,Low Risk
6356,0,0.13,Low Risk
6357,1,0.69,Medium Risk
6358,1,0.56,Medium Risk
6359,0,0.21,Low Risk
6360,0,0.15,Low Risk
6361,0,0.19,Low Risk
6362,1,0.84,High Risk
6363,0,0.32,Low Risk
6364,1,0.82,High Risk
6365,1,0.8,High Risk
6366,0,0.01,Low Risk
6367,0,0.02,Low Risk
6368,1,0.86,High Risk
6369,1,0.77,High Risk
6370,1,0.72,High Risk
6371,0,0.14,Low Risk
6372,0,0.36,Low Risk
6373,1,0.68,Medium Risk
6374,1,0.71,High Risk
6375,0,0.08,Low Risk
6376,1,0.75,High Risk
6377,0,0.3,Low Risk
6378,0,0.09,Low Risk
6379,1,0.88,High Risk
6380,0,0.01,Low Risk
6381,0,0.24,Low Risk
6382,1,0.85,High Risk
6383,1,0.89,High Risk
6384,0,0.53,Medium Risk
6385,0,0.31,Low Risk
6386,0,0.18,Low Risk
6387,0,0.2,Low Risk
6388,1,0.71,High Risk
6389,0,0.02,Low Risk
6390,0,0.21,Low Risk
6391,0,0.21,Low Risk
6393,0,0.54,Medium Risk
6394,1,0.73,High Risk
6395,1,0.88,High Risk
6396,0,0.03,Low Risk
6397,0,0.28,Low Risk
6398,0,0.29,Low Risk
6399,1,0.77,High Risk
6400,1,0.82,High Risk
6401,0,0.29,Low Risk
6402,0,0.23,Low Risk
6403,1,0.55,Medium Risk
6404,0,0.08,Low Risk
6405,1,0.33,Low Risk
6406,1,0.61,Medium Risk
6407,0,0.07,Low Risk
6408,0,0.1,Low Risk
6409,0,0.09,Low Risk
6410,1,0.1,Low Risk
6411,1,0.69,Medium Risk
6412,0,0.12,Low Risk
6413,0,0.08,Low Risk
6414,0,0.16,Low Risk
6415,0,0.19,Low Risk
6416,0,0.26,Low Risk
6417,1,0.74,High Risk
6418,0,0.22,Low Risk
6419,1,0.3,Low Risk
6420,0,0.21,Low Risk
6421,1,0.8,High Risk
6422,0,0.06,Low Risk
6423,0,0.07,Low Risk
6424,1,0.75,High Risk
6425,1,0.96,High Risk
6426,0,0.41,Medium Risk
6427,0,0.21,Low Risk
6428,0,0.18,Low Risk
6429,1,0.81,High Risk
6430,0,0.58,Medium Risk
6431,0,0.15,Low Risk
6432,0,0.13,Low Risk
6433,0,0.09,Low Risk
6434,0,0.24,Low Risk
6435,0,0.18,Low Risk
6436,0,0.67,Medium Risk
6437,0,0.74,High Risk
6438,0,0.29,Low Risk
6439,1,0.7,Medium Risk
6440,0,0.22,Low Risk
6441,0,0.13,Low Risk
6442,0,0.04,Low Risk
6443,1,0.8,High Risk
6444,0,0.31,Low Risk
6445,0,0.15,Low Risk
6446,1,0.67,Medium Risk
6447,1,0.76,High Risk
6448,1,0.88,High Risk
6449,0,0.22,Low Risk
6450,0,0.14,Low Risk
6451,1,0.73,High Risk
6452,0,0.03,Low Risk
6453,1,0.76,High Risk
6454,1,0.8,High Risk
6455,0,0.15,Low Risk
6456,0,0.07,Low Risk
6457,1,0.98,High Risk
6458,1,0.77,High Risk
6459,0,0.13,Low Risk
6460,0,0.11,Low Risk
6461,1,0.86,High Risk
6462,1,0.79,High Risk
6463,1,0.75,High Risk
6464,0,0.2,Low Risk
6465,1,0.84,High Risk
6466,1,0.79,High Risk
6467,0,0.08,Low Risk
6468,0,0.1,Low Risk
6469,0,0.32,Low Risk
6470,0,0.13,Low Risk
6471,0,0.26,Low Risk
6472,1,0.61,Medium Risk
6473,1,0.85,High Risk
6474,1,0.21,Low Risk
6475,0,0.35,Low Risk
6476,0,0.23,Low Risk
6477,0,0.51,Medium Risk
6478,0,0.18,Low Risk
6479,0,0.18,Low Risk
6480,1,0.59,Medium Risk
6481,0,0.02,Low Risk
6482,1,0.85,High Risk
6483,0,0.0,Low Risk
6484,0,0.06,Low Risk
6485,1,0.87,High Risk
6486,1,0.8,High Risk
6487,0,0.2,Low Risk
6488,0,0.14,Low Risk
6489,0,0.12,Low Risk
6490,1,0.77,High Risk
6491,1,0.58,Medium Risk
6492,0,0.1,Low Risk
6493,0,0.63,Medium Risk
6494,1,0.78,High Risk
6495,1,0.61,Medium Risk
6496,0,0.05,Low Risk
6497,0,0.04,Low Risk
6498,0,0.32,Low Risk
6499,1,0.71,High Risk
6500,1,0.86,High Risk
6501,0,0.11,Low Risk
6502,0,0.09,Low Risk
6503,1,0.73,High Risk
6504,0,0.15,Low Risk
6505,1,0.77,High Risk
6506,0,0.14,Low Risk
6507,1,0.75,High Risk
6508,1,0.7,Medium Risk
6509,0,0.39,Low Risk
6510,0,0.15,Low Risk
6511,1,0.93,High Risk
6512,0,0.16,Low Risk
6513,0,0.13,Low Risk
6514,0,0.2,Low Risk
6516,1,0.9,High Risk
6517,0,0.72,High Risk
6518,0,0.16,Low Risk
6519,0,0.13,Low Risk
6520,0,0.56,Medium Risk
6521,0,0.22,Low Risk
6522,0,0.11,Low Risk
6523,0,0.27,Low Risk
6524,0,0.04,Low Risk
6525,0,0.04,Low Risk
6526,1,0.75,High Risk
6527,1,0.61,Medium Risk
6528,1,0.76,High Risk
6529,0,0.07,Low Risk
6530,0,0.15,Low Risk
6531,1,0.7,Medium Risk
6532,0,0.31,Low Risk
6533,1,0.59,Medium Risk
6534,1,0.18,Low Risk
6535,0,0.05,Low Risk
6536,0,0.03,Low Risk
6537,0,0.15,Low Risk
6538,0,0.08,Low Risk
6539,0,0.25,Low Risk
6540,1,0.88,High Risk
6541,0,0.24,Low Risk
6542,0,0.24,Low Risk
6543,0,0.06,Low Risk
6544,0,0.25,Low Risk
6545,0,0.37,Low Risk
6546,1,0.82,High Risk
6547,1,0.93,High Risk
6549,1,0.34,Low Risk
6550,0,0.17,Low Risk
6551,0,0.09,Low Risk
6552,1,0.23,Low Risk
6553,0,0.16,Low Risk
6554,1,0.86,High Risk
6555,0,0.05,Low Risk
6556,1,0.12,Low Risk
6557,1,0.7,Medium Risk
6558,0,0.23,Low Risk
6559,1,0.71,High Risk
6560,0,0.06,Low Risk
6561,1,0.69,Medium Risk
6562,0,0.16,Low Risk
6563,0,0.2,Low Risk
6564,0,0.14,Low Risk
6565,0,0.23,Low Risk
6566,0,0.32,Low Risk
6567,0,0.15,Low Risk
6568,1,0.97,High Risk
6569,0,0.21,Low Risk
6570,0,0.07,Low Risk
6571,1,0.73,High Risk
6572,0,0.33,Low Risk
6573,1,0.74,High Risk
6574,1,0.86,High Risk
6575,1,0.7,Medium Risk
6576,1,0.88,High Risk
6577,0,0.12,Low Risk
6578,1,0.82,High Risk
6579,1,0.69,Medium Risk
6580,1,0.58,Medium Risk
6581,1,0.68,Medium Risk
6582,1,0.64,Medium Risk
6583,0,0.12,Low Risk
6584,0,0.86,High Risk
6585,0,0.29,Low Risk
6586,0,0.33,Low Risk
6587,0,0.1,Low Risk
6588,1,0.85,High Risk
6589,1,0.24,Low Risk
6590,1,0.85,High Risk
6591,0,0.2,Low Risk
6592,0,0.24,Low Risk
6593,1,0.89,High Risk
6594,0,0.27,Low Risk
6595,1,0.68,Medium Risk
6596,0,0.61,Medium Risk
6597,0,0.09,Low Risk
6598,0,0.3,Low Risk
6599,0,0.48,Medium Risk
6600,1,0.18,Low Risk
6601,0,0.1,Low Risk
6602,0,0.32,Low Risk
6603,0,0.07,Low Risk
6604,0,0.15,Low Risk
6605,0,0.17,Low Risk
6606,1,0.68,Medium Risk
6607,0,0.02,Low Risk
6608,0,0.1,Low Risk
6609,0,0.12,Low Risk
6610,0,0.04,Low Risk
6611,0,0.09,Low Risk
6612,1,0.3,Low Risk
6613,1,0.76,High Risk
6614,1,0.69,Medium Risk
6615,0,0.04,Low Risk
6616,0,0.59,Medium Risk
6617,1,0.84,High Risk
6618,0,0.14,Low Risk
6619,0,0.13,Low Risk
6620,0,0.29,Low Risk
6621,0,0.29,Low Risk
6622,1,0.92,High Risk
6623,0,0.11,Low Risk
6624,1,0.88,High Risk
6625,0,0.05,Low Risk
6626,0,0.03,Low Risk
6627,0,0.1,Low Risk
6628,0,0.07,Low Risk
6629,0,0.04,Low Risk
6630,0,0.16,Low Risk
6631,1,0.74,High Risk
6632,1,0.84,High Risk
6633,0,0.06,Low Risk
6634,0,0.37,Low Risk
6635,1,0.19,Low Risk
6636,0,0.18,Low Risk
6637,0,0.14,Low Risk
6638,1,0.36,Low Risk
6639,1,0.55,Medium Risk
6640,1,0.68,Medium Risk
6641,0,0.45,Medium Risk
6642,0,0.08,Low Risk
6643,1,0.72,High Risk
6644,0,0.24,Low Risk
6645,1,0.64,Medium Risk
6646,1,0.66,Medium Risk
6647,0,0.2,Low Risk
6648,0,0.21,Low Risk
6649,0,0.22,Low Risk
6650,0,0.38,Low Risk
6651,0,0.29,Low Risk
6652,0,0.26,Low Risk
6653,0,0.26,Low Risk
6654,1,0.8,High Risk
6655,0,0.49,Medium Risk
6656,1,0.72,High Risk
6657,0,0.11,Low Risk
6658,1,0.97,High Risk
6659,1,0.88,High Risk
6660,1,0.86,High Risk
6661,0,0.04,Low Risk
6662,1,0.94,High Risk
6663,0,0.07,Low Risk
6664,0,0.15,Low Risk
6665,0,0.07,Low Risk
6666,1,0.7,Medium Risk
6667,0,0.16,Low Risk
6668,1,0.53,Medium Risk
6669,0,0.18,Low Risk
6670,1,0.66,Medium Risk
6671,0,0.1,Low Risk
6672,1,0.86,High Risk
6673,1,0.93,High Risk
6674,1,0.87,High Risk
6675,0,0.21,Low Risk
6676,0,0.1,Low Risk
6677,1,0.85,High Risk
6678,0,0.17,Low Risk
6679,1,0.81,High Risk
6680,0,0.1,Low Risk
6681,0,0.08,Low Risk
6682,1,0.49,Medium Risk
6683,1,0.85,High Risk
6684,1,0.86,High Risk
6685,0,0.09,Low Risk
6686,0,0.31,Low Risk
6687,0,0.01,Low Risk
6688,0,0.23,Low Risk
6689,0,0.05,Low Risk
6690,1,0.76,High Risk
6691,0,0.14,Low Risk
6692,0,0.09,Low Risk
6693,1,0.88,High Risk
6694,1,0.79,High Risk
6695,0,0.14,Low Risk
6696,0,0.34,Low Risk
6697,0,0.09,Low Risk
6698,0,0.17,Low Risk
6699,1,0.91,High Risk
6700,0,0.08,Low Risk
6701,0,0.2,Low Risk
6702,1,0.73,High Risk
6703,0,0.37,Low Risk
6704,1,0.67,Medium Risk
6705,0,0.19,Low Risk
6706,0,0.27,Low Risk
6707,0,0.13,Low Risk
6708,0,0.13,Low Risk
6709,0,0.11,Low Risk
6710,0,0.31,Low Risk
6711,0,0.19,Low Risk
6712,0,0.04,Low Risk
6713,1,0.84,High Risk
6714,1,0.79,High Risk
6715,0,0.24,Low Risk
6716,0,0.21,Low Risk
6717,0,0.07,Low Risk
6718,1,0.76,High Risk
6719,1,0.61,Medium Risk
6720,1,0.85,High Risk
6721,1,0.82,High Risk
6722,0,0.02,Low Risk
6723,0,0.06,Low Risk
6724,1,0.48,Medium Risk
6725,0,0.11,Low Risk
6726,0,0.1,Low Risk
6727,0,0.42,Medium Risk
6728,0,0.08,Low Risk
6729,1,0.77,High Risk
6730,0,0.12,Low Risk
6731,0,0.13,Low Risk
6732,0,0.17,Low Risk
6733,0,0.27,Low Risk
6734,1,0.76,High Risk
6735,0,0.01,Low Risk
6736,1,0.77,High Risk
6737,1,0.32,Low Risk
6738,1,0.78,High Risk
6739,1,0.76,High Risk
6740,0,0.39,Low Risk
6741,0,0.16,Low Risk
6742,1,0.51,Medium Risk
6743,0,0.48,Medium Risk
6744,0,0.34,Low Risk
6745,0,0.66,Medium Risk
6746,1,0.67,Medium Risk
6747,1,0.66,Medium Risk
6748,1,0.61,Medium Risk
6749,0,0.17,Low Risk
6750,0,0.49,Medium Risk
6751,0,0.12,Low Risk
6752,0,0.07,Low Risk
6753,1,0.79,High Risk
6754,0,0.42,Medium Risk
6755,0,0.1,Low Risk
6756,0,0.29,Low Risk
6757,0,0.19,Low Risk
6758,0,0.05,Low Risk
6759,0,0.14,Low Risk
6760,1,0.15,Low Risk
6761,1,0.84,High Risk
6762,0,0.22,Low Risk
6763,1,0.93,High Risk
6764,1,0.9,High Risk
6765,0,0.11,Low Risk
6766,0,0.26,Low Risk
6767,0,0.26,Low Risk
6768,0,0.23,Low Risk
6769,1,0.73,High Risk
6770,0,0.22,Low Risk
6771,1,0.55,Medium Risk
6772,0,0.13,Low Risk
6773,1,0.78,High Risk
6774,1,0.79,High Risk
6775,0,0.1,Low Risk
6776,0,0.3,Low Risk
6777,0,0.04,Low Risk
6778,0,0.33,Low Risk
6779,0,0.1,Low Risk
6780,0,0.37,Low Risk
6781,0,0.18,Low Risk
6782,1,0.8,High Risk
6783,0,0.24,Low Risk
6784,0,0.18,Low Risk
6785,1,0.81,High Risk
6786,0,0.07,Low Risk
6787,0,0.19,Low Risk
6788,1,0.3,Low Risk
6789,1,0.85,High Risk
6790,0,0.09,Low Risk
6791,0,0.14,Low Risk
6792,0,0.05,Low Risk
6793,1,0.89,High Risk
6794,0,0.12,Low Risk
6795,0,0.05,Low Risk
6796,0,0.17,Low Risk
6797,0,0.17,Low Risk
6798,1,0.86,High Risk
6799,0,0.01,Low Risk
6800,0,0.07,Low Risk
6801,1,0.61,Medium Risk
6802,1,0.75,High Risk
6803,1,0.66,Medium Risk
6804,0,0.11,Low Risk
6805,0,0.15,Low Risk
6806,1,0.74,High Risk
6807,0,0.11,Low Risk
6808,0,0.26,Low Risk
6809,1,0.75,High Risk
6810,1,0.74,High Risk
6811,0,0.31,Low Risk
6812,0,0.18,Low Risk
6813,0,0.21,Low Risk
6814,0,0.25,Low Risk
6815,0,0.04,Low Risk
6816,0,0.04,Low Risk
6817,0,0.1,Low Risk
6818,0,0.13,Low Risk
6819,0,0.11,Low Risk
6820,0,0.2,Low Risk
6821,0,0.03,Low Risk
6822,0,0.19,Low Risk
6823,1,0.68,Medium Risk
6824,0,0.15,Low Risk
6825,0,0.04,Low Risk
6826,1,0.74,High Risk
6827,0,0.1,Low Risk
6828,0,0.14,Low Risk
6829,1,0.79,High Risk
6830,1,0.81,High Risk
6831,1,0.72,High Risk
6832,1,0.91,High Risk
6833,0,0.7,Medium Risk
6834,1,0.33,Low Risk
6835,0,0.19,Low Risk
6836,0,0.1,Low Risk
6837,1,0.63,Medium Risk
6838,0,0.14,Low Risk
6839,0,0.06,Low Risk
6840,1,0.8,High Risk
6841,1,0.67,Medium Risk
6842,1,0.72,High Risk
6843,1,0.11,Low Risk
6844,1,0.81,High Risk
6845,1,0.6,Medium Risk
6846,1,0.77,High Risk
6847,1,0.9,High Risk
6848,0,0.25,Low Risk
6849,0,0.11,Low Risk
6850,0,0.03,Low Risk
6851,0,0.03,Low Risk
6852,0,0.01,Low Risk
6853,0,0.2,Low Risk
6854,0,0.11,Low Risk
6855,0,0.32,Low Risk
6856,1,0.74,High Risk
6857,1,0.76,High Risk
6858,0,0.68,Medium Risk
6859,1,0.47,Medium Risk
6860,1,0.84,High Risk
6861,0,0.22,Low Risk
6862,0,0.23,Low Risk
6863,0,0.34,Low Risk
6864,0,0.17,Low Risk
6865,1,0.81,High Risk
6866,0,0.1,Low Risk
6867,0,0.22,Low Risk
6868,0,0.27,Low Risk
6869,1,0.36,Low Risk
6870,0,0.16,Low Risk
6871,0,0.08,Low Risk
6872,0,0.13,Low Risk
6873,0,0.12,Low Risk
6874,0,0.09,Low Risk
6875,1,0.73,High Risk
6876,0,0.29,Low Risk
6877,1,0.55,Medium Risk
6878,1,0.82,High Risk
6879,0,0.34,Low Risk
6880,1,0.74,High Risk
6881,0,0.12,Low Risk
6882,0,0.22,Low Risk
6883,0,0.24,Low Risk
6884,1,0.86,High Risk
6885,0,0.18,Low Risk
6886,0,0.22,Low Risk
6887,0,0.04,Low Risk
6888,1,0.73,High Risk
6889,0,0.49,Medium Risk
6890,0,0.06,Low Risk
6891,1,0.72,High Risk
6892,0,0.14,Low Risk
6893,0,0.14,Low Risk
6894,0,0.13,Low Risk
6895,0,0.11,Low Risk
6896,1,0.8,High Risk
6897,0,0.14,Low Risk
6898,1,0.77,High Risk
6899,0,0.18,Low Risk
6900,0,0.1,Low Risk
6901,0,0.03,Low Risk
6902,1,0.43,Medium Risk
6903,1,0.14,Low Risk
6904,0,0.15,Low Risk
6905,0,0.05,Low Risk
6906,0,0.05,Low Risk
6907,0,0.23,Low Risk
6908,0,0.07,Low Risk
6909,1,0.65,Medium Risk
6910,1,0.9,High Risk
6911,1,0.83,High Risk
6912,0,0.02,Low Risk
6913,1,0.92,High Risk
6914,1,0.93,High Risk
6915,0,0.24,Low Risk
6916,1,0.7,Medium Risk
6917,0,0.21,Low Risk
6918,0,0.27,Low Risk
6919,0,0.17,Low Risk
6920,0,0.05,Low Risk
6921,0,0.1,Low Risk
6922,1,0.43,Medium Risk
6923,1,0.06,Low Risk
6924,0,0.07,Low Risk
6925,0,0.06,Low Risk
6926,0,0.1,Low Risk
6927,1,0.47,Medium Risk
6928,0,0.36,Low Risk
6930,1,0.95,High Risk
6931,0,0.21,Low Risk
6932,1,0.85,High Risk
6933,1,0.79,High Risk
6934,0,0.19,Low Risk
6935,0,0.18,Low Risk
6936,0,0.33,Low Risk
6937,1,0.73,High Risk
6938,1,0.84,High Risk
6939,0,0.31,Low Risk
6940,1,0.81,High Risk
6941,1,0.78,High Risk
6942,0,0.1,Low Risk
6943,0,0.06,Low Risk
6944,1,0.73,High Risk
6945,1,0.85,High Risk
6946,1,0.84,High Risk
6947,0,0.15,Low Risk
6948,0,0.01,Low Risk
6949,1,0.74,High Risk
6950,0,0.23,Low Risk
6951,1,0.95,High Risk
6952,1,0.6,Medium Risk
6953,0,0.12,Low Risk
6954,0,0.08,Low Risk
6955,0,0.06,Low Risk
6956,0,0.04,Low Risk
6957,1,0.88,High Risk
6958,1,0.66,Medium Risk
6959,1,0.96,High Risk
6960,1,0.52,Medium Risk
6961,0,0.06,Low Risk
6962,0,0.11,Low Risk
6963,0,0.06,Low Risk
6964,1,0.88,High Risk
6965,0,0.16,Low Risk
6966,1,0.88,High Risk
6967,1,0.73,High Risk
6968,1,0.75,High Risk
6969,0,0.14,Low Risk
6970,0,0.26,Low Risk
6971,0,0.31,Low Risk
6972,0,0.39,Low Risk
6973,0,0.2,Low Risk
6974,0,0.16,Low Risk
6975,0,0.1,Low Risk
6976,1,0.92,High Risk
6977,0,0.09,Low Risk
6978,0,0.07,Low Risk
6979,0,0.19,Low Risk
6980,1,0.74,High Risk
6981,0,0.13,Low Risk
6982,0,0.18,Low Risk
6983,1,0.69,Medium Risk
6984,1,0.91,High Risk
6985,0,0.09,Low Risk
6986,1,0.55,Medium Risk
6987,1,0.63,Medium Risk
6988,0,0.12,Low Risk
6989,1,0.76,High Risk
6990,0,0.08,Low Risk
6991,0,0.04,Low Risk
6992,0,0.06,Low Risk
6993,0,0.11,Low Risk
6994,0,0.06,Low Risk
6995,1,0.65,Medium Risk
6996,1,0.71,High Risk
6997,0,0.12,Low Risk
6998,1,0.74,High Risk
6999,0,0.08,Low Risk
7000,1,0.64,Medium Risk
7001,0,0.03,Low Risk
7002,1,0.81,High Risk
7003,1,0.8,High Risk
7004,1,0.84,High Risk
7005,1,0.9,High Risk
7006,0,0.49,Medium Risk
7007,1,0.84,High Risk
7008,1,0.74,High Risk
7009,1,0.96,High Risk
7010,0,0.19,Low Risk
7011,0,0.09,Low Risk
7012,0,0.13,Low Risk
7013,0,0.07,Low Risk
7014,1,0.8,High Risk
7015,0,0.5,Medium Risk
7016,0,0.15,Low Risk
7017,0,0.14,Low Risk
7018,1,0.31,Low Risk
7019,0,0.02,Low Risk
7020,1,0.94,High Risk
7021,1,0.92,High Risk
7022,1,0.82,High Risk
7023,1,0.74,High Risk
7024,0,0.1,Low Risk
7025,1,0.44,Medium Risk
7026,1,0.85,High Risk
7027,0,0.05,Low Risk
7028,0,0.2,Low Risk
7029,1,0.71,High Risk
7030,1,0.79,High Risk
7031,0,0.21,Low Risk
7032,0,0.07,Low Risk
7033,0,0.19,Low Risk
7034,1,0.75,High Risk
7035,1,0.69,Medium Risk
7036,0,0.11,Low Risk
7037,1,0.81,High Risk
7038,0,0.06,Low Risk
7039,0,0.06,Low Risk
7040,1,0.76,High Risk
7041,1,0.78,High Risk
7042,0,0.08,Low Risk
7043,1,0.25,Low Risk
7044,0,0.14,Low Risk
7045,1,0.77,High Risk
7046,0,0.21,Low Risk
7047,1,0.69,Medium Risk
7048,0,0.24,Low Risk
7049,1,0.72,High Risk
7050,1,0.84,High Risk
7051,0,0.22,Low Risk
7052,0,0.17,Low Risk
7053,1,0.93,High Risk
7054,0,0.12,Low Risk
7055,1,0.9,High Risk
7056,1,0.78,High Risk
7057,0,0.25,Low Risk
7058,0,0.23,Low Risk
7059,0,0.4,Low Risk
7060,0,0.18,Low Risk
7061,0,0.28,Low Risk
7062,0,0.09,Low Risk
7063,0,0.24,Low Risk
7064,0,0.04,Low Risk
7065,0,0.03,Low Risk
7066,1,0.65,Medium Risk
7067,1,0.69,Medium Risk
7068,0,0.15,Low Risk
7069,1,0.65,Medium Risk
7070,0,0.7,Medium Risk
7071,0,0.13,Low Risk
7072,0,0.02,Low Risk
7073,1,0.74,High Risk
7074,0,0.05,Low Risk
7075,0,0.09,Low Risk
7076,1,0.65,Medium Risk
7077,0,0.38,Low Risk
7078,0,0.19,Low Risk
7079,1,0.84,High Risk
7080,0,0.03,Low Risk
7081,0,0.06,Low Risk
7082,1,0.92,High Risk
7083,0,0.15,Low Risk
7084,1,0.86,High Risk
7085,1,0.51,Medium Risk
7086,0,0.08,Low Risk
7087,1,0.81,High Risk
7088,1,0.83,High Risk
7089,0,0.43,Medium Risk
7090,0,0.11,Low Risk
7091,0,0.09,Low Risk
7092,1,0.74,High Risk
7093,1,0.68,Medium Risk
7094,1,0.73,High Risk
7095,0,0.06,Low Risk
7096,0,0.35,Low Risk
7097,0,0.07,Low Risk
7098,1,0.84,High Risk
7099,0,0.22,Low Risk
7100,1,0.74,High Risk
7101,0,0.24,Low Risk
7102,0,0.21,Low Risk
7103,1,0.28,Low Risk
7104,1,0.25,Low Risk
7105,1,0.75,High Risk
7106,1,0.78,High Risk
7107,1,0.67,Medium Risk
7108,1,0.7,Medium Risk
7109,0,0.36,Low Risk
7110,1,0.64,Medium Risk
7111,0,0.1,Low Risk
7112,0,0.07,Low Risk
7113,1,0.68,Medium Risk
7114,0,0.1,Low Risk
7115,0,0.21,Low Risk
7116,0,0.2,Low Risk
7117,1,0.72,High Risk
7118,1,0.8,High Risk
7119,0,0.14,Low Risk
7120,0,0.08,Low Risk
7121,0,0.18,Low Risk
7122,1,0.41,Medium Risk
7123,1,0.82,High Risk
7124,0,0.12,Low Risk
7125,0,0.11,Low Risk
7126,0,0.2,Low Risk
7127,0,0.16,Low Risk
7128,0,0.07,Low Risk
7129,0,0.29,Low Risk
7130,0,0.16,Low Risk
7131,0,0.07,Low Risk
7132,0,0.08,Low Risk
7133,0,0.53,Medium Risk
7134,0,0.12,Low Risk
7135,0,0.2,Low Risk
7136,0,0.05,Low Risk
7137,1,0.82,High Risk
7138,0,0.11,Low Risk
7139,0,0.23,Low Risk
7140,1,0.83,High Risk
7141,0,0.04,Low Risk
7142,0,0.08,Low Risk
7143,0,0.2,Low Risk
7144,1,0.84,High Risk
7145,0,0.24,Low Risk
7146,0,0.03,Low Risk
7147,0,0.07,Low Risk
7148,1,0.59,Medium Risk
7149,0,0.26,Low Risk
7150,1,0.4,Low Risk
7151,0,0.21,Low Risk
7152,1,0.83,High Risk
7153,0,0.3,Low Risk
7154,0,0.11,Low Risk
7155,0,0.19,Low Risk
7156,0,0.08,Low Risk
7157,1,0.2,Low Risk
7158,0,0.07,Low Risk
7159,0,0.26,Low Risk
7160,0,0.15,Low Risk
7161,0,0.07,Low Risk
7162,1,0.95,High Risk
7163,0,0.04,Low Risk
7164,1,0.78,High Risk
7165,0,0.22,Low Risk
7166,0,0.05,Low Risk
7167,1,0.6,Medium Risk
7168,0,0.11,Low Risk
7169,0,0.13,Low Risk
7170,1,0.79,High Risk
7171,1,0.71,High Risk
7172,1,0.84,High Risk
7173,1,0.8,High Risk
7174,0,0.2,Low Risk
7175,1,0.68,Medium Risk
7176,0,0.63,Medium Risk
7177,0,0.59,Medium Risk
7178,0,0.07,Low Risk
7179,1,0.64,Medium Risk
7180,0,0.04,Low Risk
7181,0,0.21,Low Risk
7182,0,0.17,Low Risk
7183,0,0.07,Low Risk
7184,0,0.02,Low Risk
7185,0,0.2,Low Risk
7186,0,0.01,Low Risk
7187,1,0.93,High Risk
7188,0,0.21,Low Risk
7189,1,0.8,High Risk
7190,1,0.24,Low Risk
7191,0,0.19,Low Risk
7192,1,0.82,High Risk
7193,0,0.17,Low Risk
7194,0,0.3,Low Risk
7195,0,0.25,Low Risk
7196,0,0.04,Low Risk
7197,0,0.33,Low Risk
7198,0,0.07,Low Risk
7199,0,0.17,Low Risk
7200,0,0.08,Low Risk
7201,1,0.84,High Risk
7202,0,0.05,Low Risk
7203,0,0.1,Low Risk
7204,0,0.15,Low Risk
7205,1,0.54,Medium Risk
7206,1,0.46,Medium Risk
7207,0,0.15,Low Risk
7208,1,0.76,High Risk
7209,1,0.87,High Risk
7210,0,0.2,Low Risk
7211,1,0.21,Low Risk
7212,1,0.8,High Risk
7213,0,0.36,Low Risk
7214,0,0.02,Low Risk
7215,0,0.13,Low Risk
7216,0,0.03,Low Risk
7217,0,0.1,Low Risk
7218,0,0.04,Low Risk
7219,0,0.05,Low Risk
7220,0,0.25,Low Risk
7221,1,0.68,Medium Risk
7222,1,0.7,Medium Risk
7223,0,0.18,Low Risk
7224,1,0.32,Low Risk
7225,0,0.1,Low Risk
7226,1,0.68,Medium Risk
7227,0,0.24,Low Risk
7228,1,0.11,Low Risk
7229,0,0.13,Low Risk
7230,1,0.75,High Risk
7231,0,0.14,Low Risk
7232,1,0.5,Medium Risk
7233,0,0.86,High Risk
7234,0,0.08,Low Risk
7235,0,0.16,Low Risk
7236,0,0.29,Low Risk
7237,0,0.32,Low Risk
7238,1,0.19,Low Risk
7239,0,0.26,Low Risk
7240,1,0.97,High Risk
7241,1,0.69,Medium Risk
7242,1,0.89,High Risk
7243,0,0.08,Low Risk
7244,0,0.01,Low Risk
7245,1,0.66,Medium Risk
7246,1,0.67,Medium Risk
7247,0,0.13,Low Risk
7248,0,0.15,Low Risk
7249,1,0.69,Medium Risk
7251,1,0.79,High Risk
7252,0,0.17,Low Risk
7253,1,0.85,High Risk
7254,1,0.54,Medium Risk
7255,0,0.24,Low Risk
7256,1,0.28,Low Risk
7257,0,0.38,Low Risk
7258,1,0.15,Low Risk
7259,1,0.91,High Risk
7261,0,0.25,Low Risk
7262,0,0.03,Low Risk
7263,1,0.78,High Risk
7264,0,0.16,Low Risk
7265,0,0.16,Low Risk
7266,0,0.06,Low Risk
7267,0,0.04,Low Risk
7268,1,0.87,High Risk
7269,1,0.83,High Risk
7270,0,0.23,Low Risk
7271,0,0.1,Low Risk
7272,1,0.75,High Risk
7273,1,0.81,High Risk
7274,0,0.1,Low Risk
7275,0,0.13,Low Risk
7276,1,0.75,High Risk
7277,0,0.27,Low Risk
7278,1,0.78,High Risk
7279,0,0.05,Low Risk
7280,0,0.37,Low Risk
7281,0,0.22,Low Risk
7282,1,0.79,High Risk
7283,1,0.83,High Risk
7284,0,0.19,Low Risk
7285,0,0.03,Low Risk
7286,1,0.62,Medium Risk
7287,0,0.1,Low Risk
7288,1,0.76,High Risk
7289,0,0.03,Low Risk
7290,0,0.17,Low Risk
7291,0,0.16,Low Risk
7292,1,0.63,Medium Risk
7293,0,0.12,Low Risk
7294,1,0.86,High Risk
7295,1,0.88,High Risk
7296,1,0.72,High Risk
7297,1,0.83,High Risk
7298,0,0.35,Low Risk
7299,0,0.07,Low Risk
7300,0,0.04,Low Risk
7301,0,0.23,Low Risk
7302,0,0.08,Low Risk
7303,0,0.11,Low Risk
7304,1,0.76,High Risk
7305,1,0.84,High Risk
7306,0,0.06,Low Risk
7307,0,0.04,Low Risk
7308,0,0.16,Low Risk
7309,1,0.9,High Risk
7310,0,0.13,Low Risk
7311,0,0.16,Low Risk
7312,0,0.19,Low Risk
7313,0,0.11,Low Risk
7314,1,0.95,High Risk
7315,1,0.69,Medium Risk
7316,1,0.88,High Risk
7317,0,0.04,Low Risk
7318,1,0.76,High Risk
7319,0,0.12,Low Risk
7320,1,0.8,High Risk
7321,1,0.71,High Risk
7322,1,0.8,High Risk
7323,1,0.69,Medium Risk
7324,0,0.2,Low Risk
7325,1,0.36,Low Risk
7326,1,0.43,Medium Risk
7327,0,0.18,Low Risk
7328,1,0.06,Low Risk
7329,0,0.14,Low Risk
7330,0,0.05,Low Risk
7331,1,0.96,High Risk
7332,0,0.2,Low Risk
7333,0,0.56,Medium Risk
7334,1,0.15,Low Risk
7335,0,0.16,Low Risk
7336,0,0.11,Low Risk
7337,1,0.9,High Risk
7338,1,0.85,High Risk
7339,0,0.24,Low Risk
7340,1,0.89,High Risk
7341,0,0.25,Low Risk
7342,1,0.41,Medium Risk
7343,1,0.96,High Risk
7344,0,0.84,High Risk
7345,0,0.3,Low Risk
7346,0,0.07,Low Risk
7347,0,0.08,Low Risk
7348,0,0.13,Low Risk
7349,0,0.18,Low Risk
7350,1,0.91,High Risk
7351,0,0.11,Low Risk
7352,1,0.73,High Risk
7353,1,0.71,High Risk
7354,1,0.87,High Risk
7355,0,0.13,Low Risk
7356,0,0.17,Low Risk
7357,0,0.27,Low Risk
7358,0,0.03,Low Risk
7359,1,0.74,High Risk
7360,0,0.2,Low Risk
7361,0,0.18,Low Risk
7362,0,0.17,Low Risk
7363,0,0.26,Low Risk
7364,0,0.2,Low Risk
7365,0,0.34,Low Risk
7366,0,0.1,Low Risk
7367,1,0.8,High Risk
7368,1,0.95,High Risk
7369,1,0.79,High Risk
7370,0,0.12,Low Risk
7371,0,0.09,Low Risk
7372,1,0.87,High Risk
7373,1,0.58,Medium Risk
7374,1,0.9,High Risk
7375,0,0.09,Low Risk
7376,1,0.86,High Risk
7377,0,0.08,Low Risk
7378,0,0.06,Low Risk
7379,0,0.28,Low Risk
7380,1,0.82,High Risk
7381,0,0.2,Low Risk
7382,0,0.81,High Risk
7383,0,0.11,Low Risk
7385,0,0.1,Low Risk
7386,1,0.62,Medium Risk
7387,0,0.22,Low Risk
7388,0,0.16,Low Risk
7389,1,0.16,Low Risk
7390,0,0.18,Low Risk
7391,0,0.21,Low Risk
7392,1,0.83,High Risk
7393,1,0.76,High Risk
7394,1,0.83,High Risk
7395,1,0.79,High Risk
7396,0,0.11,Low Risk
7397,1,0.82,High Risk
7398,0,0.05,Low Risk
7399,1,0.67,Medium Risk
7400,1,0.69,Medium Risk
7401,0,0.03,Low Risk
7402,1,0.93,High Risk
7403,0,0.03,Low Risk
7404,1,0.74,High Risk
7405,0,0.34,Low Risk
7406,0,0.04,Low Risk
7407,0,0.08,Low Risk
7408,1,0.94,High Risk
7409,0,0.06,Low Risk
7410,0,0.2,Low Risk
7411,0,0.15,Low Risk
7412,0,0.25,Low Risk
7413,0,0.08,Low Risk
7414,0,0.03,Low Risk
7415,0,0.07,Low Risk
7416,0,0.15,Low Risk
7417,1,0.87,High Risk
7418,0,0.21,Low Risk
7419,0,0.64,Medium Risk
7420,1,0.1,Low Risk
7421,1,0.82,High Risk
7422,0,0.29,Low Risk
7423,1,0.92,High Risk
7424,0,0.11,Low Risk
7425,1,0.77,High Risk
7426,1,0.96,High Risk
7427,1,0.92,High Risk
7428,0,0.12,Low Risk
7429,0,0.09,Low Risk
7430,1,0.87,High Risk
7431,0,0.22,Low Risk
7432,1,0.92,High Risk
7433,0,0.02,Low Risk
7434,1,0.75,High Risk
7435,1,0.76,High Risk
7436,0,0.11,Low Risk
7437,0,0.21,Low Risk
7438,1,0.68,Medium Risk
7439,1,0.94,High Risk
7440,0,0.05,Low Risk
7441,1,0.67,Medium Risk
7442,0,0.04,Low Risk
7443,0,0.14,Low Risk
7444,1,0.7,Medium Risk
7445,1,0.08,Low Risk
7446,0,0.56,Medium Risk
7447,0,0.03,Low Risk
7448,0,0.08,Low Risk
7449,0,0.06,Low Risk
7450,0,0.11,Low Risk
7451,0,0.26,Low Risk
7452,0,0.13,Low Risk
7453,0,0.21,Low Risk
7454,0,0.05,Low Risk
7455,0,0.13,Low Risk
7456,1,0.94,High Risk
7457,1,0.67,Medium Risk
7458,0,0.25,Low Risk
7459,0,0.1,Low Risk
7461,1,0.88,High Risk
7462,0,0.28,Low Risk
7463,1,0.33,Low Risk
7464,0,0.08,Low Risk
7465,0,0.03,Low Risk
7466,0,0.1,Low Risk
7467,0,0.06,Low Risk
7468,0,0.17,Low Risk
7469,1,0.72,High Risk
7470,0,0.27,Low Risk
7471,0,0.05,Low Risk
7472,0,0.24,Low Risk
7473,1,0.87,High Risk
7474,1,0.69,Medium Risk
7475,0,0.11,Low Risk
7476,1,0.78,High Risk
7477,1,0.65,Medium Risk
7478,1,0.83,High Risk
7479,0,0.2,Low Risk
7480,1,0.75,High Risk
7481,1,0.92,High Risk
7482,0,0.18,Low Risk
7483,0,0.29,Low Risk
7484,0,0.18,Low Risk
7485,0,0.86,High Risk
7486,1,0.72,High Risk
7487,1,0.77,High Risk
7488,0,0.51,Medium Risk
7489,1,0.77,High Risk
7490,0,0.1,Low Risk
7491,1,0.65,Medium Risk
7492,1,0.69,Medium Risk
7493,1,0.68,Medium Risk
7494,0,0.75,High Risk
7495,0,0.05,Low Risk
7496,1,0.89,High Risk
7497,0,0.06,Low Risk
7498,1,0.45,Medium Risk
7499,0,0.0,Low Risk
7500,0,0.04,Low Risk
7501,0,0.34,Low Risk
7502,0,0.11,Low Risk
7503,0,0.15,Low Risk
7504,0,0.21,Low Risk
7505,0,0.04,Low Risk
7506,0,0.28,Low Risk
7507,1,0.67,Medium Risk
7508,0,0.24,Low Risk
7509,1,0.72,High Risk
7510,0,0.17,Low Risk
7511,0,0.06,Low Risk
7512,0,0.11,Low Risk
7513,1,0.76,High Risk
7514,0,0.05,Low Risk
7515,1,0.7,Medium Risk
7516,0,0.12,Low Risk
7517,0,0.62,Medium Risk
7518,1,0.43,Medium Risk
7519,1,0.16,Low Risk
7520,0,0.07,Low Risk
7521,0,0.14,Low Risk
7522,0,0.09,Low Risk
7523,1,0.33,Low Risk
7524,0,0.16,Low Risk
7525,1,0.73,High Risk
7526,1,0.74,High Risk
7527,0,0.09,Low Risk
7528,1,0.77,High Risk
7529,1,0.7,Medium Risk
7530,0,0.07,Low Risk
7531,1,0.14,Low Risk
7532,1,0.36,Low Risk
7533,0,0.41,Medium Risk
7534,0,0.1,Low Risk
7535,0,0.08,Low Risk
7536,1,0.68,Medium Risk
7537,1,0.17,Low Risk
7538,0,0.35,Low Risk
7539,0,0.17,Low Risk
7540,0,0.13,Low Risk
7541,0,0.06,Low Risk
7542,0,0.12,Low Risk
7543,1,0.76,High Risk
7544,0,0.27,Low Risk
7545,1,0.7,Medium Risk
7546,0,0.12,Low Risk
7547,0,0.19,Low Risk
7548,0,0.38,Low Risk
7549,1,0.81,High Risk
7550,0,0.08,Low Risk
7551,1,0.6,Medium Risk
7552,0,0.14,Low Risk
7553,0,0.09,Low Risk
7554,1,0.8,High Risk
7555,0,0.23,Low Risk
7556,0,0.13,Low Risk
7557,0,0.23,Low Risk
7558,0,0.1,Low Risk
7559,0,0.22,Low Risk
7560,0,0.14,Low Risk
7561,1,0.3,Low Risk
7562,1,0.74,High Risk
7563,0,0.1,Low Risk
7564,0,0.29,Low Risk
7565,0,0.24,Low Risk
7566,0,0.1,Low Risk
7567,1,0.88,High Risk
7568,1,0.84,High Risk
7569,0,0.0,Low Risk
7570,0,0.23,Low Risk
7571,1,0.29,Low Risk
7572,0,0.08,Low Risk
7573,1,0.85,High Risk
7574,0,0.27,Low Risk
7575,0,0.45,Medium Risk
7576,0,0.18,Low Risk
7577,0,0.26,Low Risk
7578,0,0.05,Low Risk
7579,0,0.1,Low Risk
7580,0,0.23,Low Risk
7581,0,0.06,Low Risk
7582,1,0.69,Medium Risk
7583,0,0.06,Low Risk
7584,0,0.3,Low Risk
7585,0,0.12,Low Risk
7586,0,0.11,Low Risk
7587,1,0.87,High Risk
7588,1,0.87,High Risk
7589,1,0.93,High Risk
7590,1,0.47,Medium Risk
7591,0,0.07,Low Risk
7592,1,0.88,High Risk
7593,0,0.17,Low Risk
7594,0,0.22,Low Risk
7595,0,0.15,Low Risk
7596,1,0.46,Medium Risk
7597,0,0.09,Low Risk
7598,0,0.15,Low Risk
7599,1,0.41,Medium Risk
7600,1,0.71,High Risk
7601,1,0.59,Medium Risk
7602,1,0.64,Medium Risk
7603,1,0.72,High Risk
7604,1,0.71,High Risk
7605,0,0.09,Low Risk
7606,1,0.71,High Risk
7607,1,0.67,Medium Risk
7608,1,0.82,High Risk
7609,0,0.07,Low Risk
7610,0,0.32,Low Risk
7611,0,0.12,Low Risk
7612,0,0.22,Low Risk
7613,1,0.89,High Risk
7614,1,0.81,High Risk
7615,0,0.29,Low Risk
7616,1,0.38,Low Risk
7617,0,0.21,Low Risk
7618,0,0.62,Medium Risk
7619,0,0.62,Medium Risk
7620,0,0.28,Low Risk
7621,0,0.07,Low Risk
7622,0,0.01,Low Risk
7623,0,0.36,Low Risk
7624,0,0.12,Low Risk
7625,0,0.21,Low Risk
7626,1,0.84,High Risk
7627,1,0.19,Low Risk
7628,1,0.7,Medium Risk
7629,0,0.28,Low Risk
7630,0,0.18,Low Risk
7631,1,0.77,High Risk
7632,0,0.05,Low Risk
7633,1,0.56,Medium Risk
7634,1,0.82,High Risk
7635,0,0.14,Low Risk
7636,1,0.75,High Risk
7637,1,0.78,High Risk
7638,1,0.77,High Risk
7639,0,0.17,Low Risk
7640,1,0.37,Low Risk
7641,0,0.15,Low Risk
7642,1,0.84,High Risk
7643,1,0.8,High Risk
7644,0,0.13,Low Risk
7645,0,0.06,Low Risk
7646,1,0.7,Medium Risk
7647,0,0.11,Low Risk
7648,0,0.7,Medium Risk
7649,1,0.32,Low Risk
7650,1,0.41,Medium Risk
7651,0,0.13,Low Risk
7652,1,0.8,High Risk
7653,0,0.11,Low Risk
7654,0,0.1,Low Risk
7655,1,0.94,High Risk
7656,1,0.42,Medium Risk
7657,1,0.8,High Risk
7658,0,0.16,Low Risk
7659,0,0.18,Low Risk
7660,0,0.0,Low Risk
7661,0,0.08,Low Risk
7662,1,0.71,High Risk
7663,1,0.8,High Risk
7664,0,0.22,Low Risk
7665,0,0.09,Low Risk
7666,0,0.74,High Risk
7667,0,0.21,Low Risk
7668,0,0.27,Low Risk
7669,0,0.03,Low Risk
7670,1,0.78,High Risk
7671,0,0.26,Low Risk
7672,0,0.02,Low Risk
7673,0,0.39,Low Risk
7674,0,0.16,Low Risk
7675,0,0.09,Low Risk
7676,0,0.05,Low Risk
7677,0,0.18,Low Risk
7678,1,0.74,High Risk
7679,0,0.11,Low Risk
7680,1,0.67,Medium Risk
7681,1,0.79,High Risk
7682,0,0.16,Low Risk
7683,0,0.06,Low Risk
7684,0,0.07,Low Risk
7685,0,0.1,Low Risk
7686,0,0.04,Low Risk
7687,0,0.31,Low Risk
7688,1,0.61,Medium Risk
7689,1,0.72,High Risk
7690,0,0.32,Low Risk
7691,0,0.26,Low Risk
7692,0,0.29,Low Risk
7693,1,0.72,High Risk
7694,1,0.88,High Risk
7695,0,0.23,Low Risk
7696,1,0.91,High Risk
7697,0,0.17,Low Risk
7698,1,0.69,Medium Risk
7699,0,0.1,Low Risk
7700,1,0.66,Medium Risk
7701,0,0.24,Low Risk
7702,0,0.1,Low Risk
7703,1,0.72,High Risk
7704,1,0.82,High Risk
7705,1,0.83,High Risk
7706,0,0.28,Low Risk
7707,0,0.05,Low Risk
7708,0,0.38,Low Risk
7709,1,0.95,High Risk
7710,0,0.09,Low Risk
7711,0,0.11,Low Risk
7712,0,0.39,Low Risk
7713,0,0.18,Low Risk
7714,0,0.08,Low Risk
7715,1,0.74,High Risk
7716,0,0.48,Medium Risk
7717,1,0.86,High Risk
7718,0,0.17,Low Risk
7719,0,0.01,Low Risk
7720,0,0.28,Low Risk
7721,1,0.66,Medium Risk
7722,1,0.77,High Risk
7723,1,0.79,High Risk
7724,1,0.46,Medium Risk
7725,0,0.05,Low Risk
7726,1,0.59,Medium Risk
7727,1,0.73,High Risk
7728,1,0.73,High Risk
7729,0,0.19,Low Risk
7730,0,0.38,Low Risk
7731,0,0.09,Low Risk
7732,0,0.41,Medium Risk
7733,1,0.95,High Risk
7734,0,0.19,Low Risk
7735,0,0.1,Low Risk
7736,1,0.72,High Risk
7737,1,0.34,Low Risk
7738,0,0.19,Low Risk
7739,1,0.78,High Risk
7740,1,0.81,High Risk
7741,1,0.61,Medium Risk
7742,0,0.51,Medium Risk
7743,0,0.1,Low Risk
7744,0,0.19,Low Risk
7745,1,0.12,Low Risk
7746,0,0.18,Low Risk
7747,1,0.9,High Risk
7748,0,0.08,Low Risk
7749,1,0.86,High Risk
7750,1,0.81,High Risk
7751,0,0.05,Low Risk
7752,0,0.1,Low Risk
7753,0,0.16,Low Risk
7754,0,0.08,Low Risk
7755,0,0.13,Low Risk
7756,0,0.05,Low Risk
7757,0,0.13,Low Risk
7758,0,0.12,Low Risk
7759,1,0.77,High Risk
7760,0,0.84,High Risk
7761,1,0.81,High Risk
7762,0,0.19,Low Risk
7763,1,0.8,High Risk
7764,0,0.14,Low Risk
7765,0,0.38,Low Risk
7766,0,0.2,Low Risk
7767,0,0.14,Low Risk
7768,0,0.12,Low Risk
7769,1,0.78,High Risk
7770,0,0.24,Low Risk
7771,0,0.28,Low Risk
7772,1,0.73,High Risk
7773,1,0.89,High Risk
7774,1,0.75,High Risk
7775,1,0.85,High Risk
7776,0,0.14,Low Risk
7777,1,0.73,High Risk
7778,0,0.06,Low Risk
7779,0,0.05,Low Risk
7780,0,0.26,Low Risk
7781,0,0.12,Low Risk
7782,1,0.83,High Risk
7783,0,0.64,Medium Risk
7784,0,0.06,Low Risk
7785,1,0.72,High Risk
7786,0,0.07,Low Risk
7787,0,0.01,Low Risk
7788,0,0.09,Low Risk
7789,1,0.84,High Risk
7790,0,0.13,Low Risk
7791,0,0.33,Low Risk
7792,0,0.73,High Risk
7793,0,0.18,Low Risk
7794,0,0.17,Low Risk
7795,0,0.06,Low Risk
7796,1,0.74,High Risk
7797,0,0.07,Low Risk
7798,0,0.08,Low Risk
7799,1,0.7,Medium Risk
7800,1,0.89,High Risk
7801,1,0.72,High Risk
7802,0,0.02,Low Risk
7803,0,0.07,Low Risk
7804,0,0.1,Low Risk
7805,0,0.19,Low Risk
7806,0,0.1,Low Risk
7807,1,0.7,Medium Risk
7808,0,0.18,Low Risk
7809,0,0.02,Low Risk
7810,1,0.8,High Risk
7811,1,0.84,High Risk
7812,0,0.13,Low Risk
7813,0,0.23,Low Risk
7814,0,0.35,Low Risk
7815,1,0.78,High Risk
7816,1,0.79,High Risk
7817,0,0.04,Low Risk
7818,1,0.83,High Risk
7819,1,0.76,High Risk
7820,0,0.44,Medium Risk
7821,0,0.07,Low Risk
7822,0,0.09,Low Risk
7823,0,0.04,Low Risk
7824,0,0.34,Low Risk
7825,1,0.69,Medium Risk
7826,0,0.29,Low Risk
7827,1,0.87,High Risk
7828,0,0.19,Low Risk
7829,0,0.0,Low Risk
7830,1,0.72,High Risk
7831,0,0.14,Low Risk
7832,1,0.11,Low Risk
7833,0,0.06,Low Risk
7834,1,0.78,High Risk
7835,0,0.02,Low Risk
7836,0,0.08,Low Risk
7837,0,0.08,Low Risk
7838,0,0.22,Low Risk
7839,0,0.45,Medium Risk
7840,0,0.71,High Risk
7841,0,0.05,Low Risk
7842,0,0.14,Low Risk
7843,0,0.11,Low Risk
7844,1,0.88,High Risk
7845,0,0.05,Low Risk
7846,0,0.4,Low Risk
7847,0,0.18,Low Risk
7848,1,0.7,Medium Risk
7849,1,0.98,High Risk
7850,0,0.03,Low Risk
7851,0,0.22,Low Risk
7852,1,0.16,Low Risk
7853,0,0.29,Low Risk
7854,0,0.61,Medium Risk
7855,0,0.08,Low Risk
7856,0,0.06,Low Risk
7857,0,0.0,Low Risk
7858,1,0.71,High Risk
7859,0,0.32,Low Risk
7860,0,0.7,Medium Risk
7861,1,0.84,High Risk
7862,0,0.6,Medium Risk
7863,0,0.1,Low Risk
7864,0,0.14,Low Risk
7865,0,0.15,Low Risk
7866,1,0.54,Medium Risk
7867,1,0.74,High Risk
7869,0,0.61,Medium Risk
7870,0,0.18,Low Risk
7871,1,0.79,High Risk
7872,0,0.39,Low Risk
7873,0,0.16,Low Risk
7874,0,0.15,Low Risk
7875,0,0.31,Low Risk
7876,1,0.75,High Risk
7877,0,0.61,Medium Risk
7878,1,0.69,Medium Risk
7879,1,0.85,High Risk
7880,0,0.14,Low Risk
7881,0,0.09,Low Risk
7882,0,0.09,Low Risk
7883,0,0.09,Low Risk
7884,1,0.77,High Risk
7885,0,0.01,Low Risk
7886,1,0.91,High Risk
7887,0,0.08,Low Risk
7888,0,0.19,Low Risk
7889,0,0.36,Low Risk
7890,0,0.11,Low Risk
7891,0,0.06,Low Risk
7892,1,0.55,Medium Risk
7893,0,0.06,Low Risk
7894,0,0.17,Low Risk
7895,1,0.53,Medium Risk
7896,1,0.9,High Risk
7897,0,0.36,Low Risk
7898,1,0.85,High Risk
7899,0,0.32,Low Risk
7900,1,0.61,Medium Risk
7901,0,0.09,Low Risk
7902,0,0.07,Low Risk
7903,0,0.05,Low Risk
7904,0,0.14,Low Risk
7905,0,0.16,Low Risk
7906,0,0.17,Low Risk
7907,0,0.19,Low Risk
7908,0,0.04,Low Risk
7909,0,0.15,Low Risk
7910,0,0.25,Low Risk
7911,0,0.03,Low Risk
7912,0,0.16,Low Risk
7913,1,0.33,Low Risk
7914,1,0.84,High Risk
7915,0,0.16,Low Risk
7916,1,0.91,High Risk
7917,1,0.93,High Risk
7918,1,0.83,High Risk
7919,0,0.26,Low Risk
7920,1,0.79,High Risk
7921,0,0.2,Low Risk
7922,0,0.28,Low Risk
7923,1,0.91,High Risk
7924,0,0.09,Low Risk
7925,0,0.12,Low Risk
7926,0,0.11,Low Risk
7927,0,0.26,Low Risk
7928,0,0.06,Low Risk
7929,0,0.09,Low Risk
7930,0,0.16,Low Risk
7931,0,0.28,Low Risk
7932,0,0.12,Low Risk
7933,0,0.0,Low Risk
7934,1,0.72,High Risk
7935,0,0.14,Low Risk
7936,0,0.08,Low Risk
7937,0,0.14,Low Risk
7938,1,0.72,High Risk
7939,0,0.22,Low Risk
7940,0,0.65,Medium Risk
7941,1,0.91,High Risk
7942,0,0.17,Low Risk
7943,0,0.22,Low Risk
7944,0,0.11,Low Risk
7945,0,0.26,Low Risk
7946,1,0.7,Medium Risk
7947,0,0.24,Low Risk
7948,0,0.11,Low Risk
7949,0,0.33,Low Risk
7950,1,0.87,High Risk
7951,0,0.07,Low Risk
7952,0,0.23,Low Risk
7953,0,0.03,Low Risk
7954,0,0.09,Low Risk
7955,0,0.2,Low Risk
7956,1,0.64,Medium Risk
7957,0,0.14,Low Risk
7958,0,0.13,Low Risk
7959,0,0.08,Low Risk
7960,1,0.8,High Risk
7961,1,0.05,Low Risk
7962,0,0.08,Low Risk
7963,0,0.14,Low Risk
7964,1,0.82,High Risk
7965,1,0.79,High Risk
7966,0,0.2,Low Risk
7967,0,0.05,Low Risk
7968,0,0.07,Low Risk
7969,1,0.51,Medium Risk
7970,0,0.13,Low Risk
7971,0,0.21,Low Risk
7972,0,0.46,Medium Risk
7973,0,0.18,Low Risk
7974,0,0.54,Medium Risk
7975,1,0.77,High Risk
7976,0,0.11,Low Risk
7977,0,0.13,Low Risk
7978,1,0.32,Low Risk
7979,0,0.23,Low Risk
7980,0,0.25,Low Risk
7981,0,0.02,Low Risk
7982,0,0.52,Medium Risk
7983,0,0.3,Low Risk
7984,0,0.06,Low Risk
7985,1,0.34,Low Risk
7986,0,0.21,Low Risk
7987,0,0.19,Low Risk
7988,1,0.89,High Risk
7989,0,0.11,Low Risk
7990,1,0.74,High Risk
7991,0,0.05,Low Risk
7992,0,0.08,Low Risk
7993,0,0.21,Low Risk
7995,0,0.1,Low Risk
7996,0,0.2,Low Risk
7997,0,0.05,Low Risk
7998,0,0.17,Low Risk
7999,0,0.15,Low Risk
8000,0,0.07,Low Risk
8001,0,0.11,Low Risk
8002,1,0.8,High Risk
8003,0,0.06,Low Risk
8004,0,0.09,Low Risk
8005,0,0.29,Low Risk
8006,0,0.46,Medium Risk
8007,0,0.17,Low Risk
8008,0,0.13,Low Risk
8009,0,0.28,Low Risk
8010,0,0.22,Low Risk
8011,1,0.8,High Risk
8012,0,0.27,Low Risk
8013,0,0.12,Low Risk
8014,1,0.89,High Risk
8015,1,0.76,High Risk
8016,1,0.74,High Risk
8017,0,0.13,Low Risk
8018,0,0.26,Low Risk
8019,0,0.14,Low Risk
8020,0,0.31,Low Risk
8021,0,0.12,Low Risk
8022,0,0.21,Low Risk
8023,0,0.05,Low Risk
8024,1,0.85,High Risk
8025,1,0.82,High Risk
8026,0,0.19,Low Risk
8027,1,0.87,High Risk
8028,1,0.8,High Risk
8029,1,0.84,High Risk
8030,1,0.68,Medium Risk
8031,1,0.58,Medium Risk
8032,0,0.1,Low Risk
8033,0,0.11,Low Risk
8034,0,0.09,Low Risk
8035,0,0.26,Low Risk
8036,1,0.32,Low Risk
8037,0,0.23,Low Risk
8038,1,0.4,Low Risk
8039,0,0.09,Low Risk
8040,0,0.11,Low Risk
8041,0,0.11,Low Risk
8042,1,0.63,Medium Risk
8043,0,0.14,Low Risk
8044,0,0.15,Low Risk
8045,1,0.59,Medium Risk
8046,0,0.1,Low Risk
8047,0,0.28,Low Risk
8048,1,0.66,Medium Risk
8049,0,0.26,Low Risk
8050,0,0.08,Low Risk
8051,0,0.01,Low Risk
8052,0,0.21,Low Risk
8053,0,0.07,Low Risk
8054,1,0.95,High Risk
8055,0,0.02,Low Risk
8056,0,0.13,Low Risk
8057,0,0.21,Low Risk
8058,0,0.2,Low Risk
8059,0,0.59,Medium Risk
8060,0,0.1,Low Risk
8061,0,0.21,Low Risk
8062,0,0.05,Low Risk
8063,0,0.03,Low Risk
8064,1,0.78,High Risk
8065,1,0.71,High Risk
8066,1,0.71,High Risk
8067,0,0.06,Low Risk
8068,0,0.21,Low Risk
8069,1,0.86,High Risk
8070,1,0.5,Medium Risk
8071,1,0.84,High Risk
8072,0,0.23,Low Risk
8073,1,0.7,Medium Risk
8074,1,0.67,Medium Risk
8075,0,0.09,Low Risk
8076,1,0.78,High Risk
8077,0,0.15,Low Risk
8078,1,0.76,High Risk
8079,0,0.27,Low Risk
8080,1,0.65,Medium Risk
8081,1,0.65,Medium Risk
8082,1,0.25,Low Risk
8083,0,0.09,Low Risk
8084,0,0.0,Low Risk
8085,0,0.2,Low Risk
8086,0,0.08,Low Risk
8087,0,0.32,Low Risk
8088,0,0.08,Low Risk
8089,1,0.84,High Risk
8090,1,0.89,High Risk
8091,0,0.4,Low Risk
8092,1,0.19,Low Risk
8093,0,0.54,Medium Risk
8094,0,0.25,Low Risk
8095,0,0.13,Low Risk
8096,1,0.85,High Risk
8097,0,0.37,Low Risk
8098,1,0.71,High Risk
8099,0,0.48,Medium Risk
8100,0,0.22,Low Risk
8101,0,0.2,Low Risk
8102,0,0.18,Low Risk
8103,0,0.03,Low Risk
8104,0,0.07,Low Risk
8105,0,0.09,Low Risk
8106,0,0.07,Low Risk
8107,1,0.83,High Risk
8108,0,0.11,Low Risk
8109,1,0.63,Medium Risk
8110,0,0.23,Low Risk
8111,0,0.74,High Risk
8112,0,0.21,Low Risk
8113,0,0.13,Low Risk
8114,0,0.07,Low Risk
8115,0,0.1,Low Risk
8116,1,0.73,High Risk
8117,1,0.81,High Risk
8118,1,0.67,Medium Risk
8119,0,0.21,Low Risk
8120,0,0.3,Low Risk
8121,1,0.39,Low Risk
8122,0,0.2,Low Risk
8123,1,0.7,Medium Risk
8124,0,0.27,Low Risk
8125,0,0.1,Low Risk
8126,1,0.74,High Risk
8127,0,0.13,Low Risk
8128,0,0.13,Low Risk
8129,1,0.82,High Risk
8130,1,0.73,High Risk
8132,1,0.81,High Risk
8133,0,0.16,Low Risk
8134,1,0.66,Medium Risk
8135,1,0.65,Medium Risk
8136,1,0.85,High Risk
8137,0,0.11,Low Risk
8138,1,0.8,High Risk
8139,0,0.12,Low Risk
8140,1,0.81,High Risk
8141,0,0.18,Low Risk
8142,1,0.7,Medium Risk
8143,0,0.1,Low Risk
8144,0,0.14,Low Risk
8145,0,0.15,Low Risk
8146,0,0.12,Low Risk
8147,0,0.19,Low Risk
8148,1,0.76,High Risk
8149,1,0.7,Medium Risk
8150,0,0.2,Low Risk
8151,0,0.27,Low Risk
8152,0,0.07,Low Risk
8153,0,0.32,Low Risk
8154,0,0.2,Low Risk
8155,0,0.24,Low Risk
8156,0,0.14,Low Risk
8157,0,0.27,Low Risk
8158,1,0.86,High Risk
8159,1,0.73,High Risk
8160,0,0.06,Low Risk
8162,0,0.07,Low Risk
8163,1,0.87,High Risk
8164,0,0.28,Low Risk
8165,1,0.87,High Risk
8166,1,0.74,High Risk
8167,0,0.08,Low Risk
8169,0,0.13,Low Risk
8170,1,0.67,Medium Risk
8171,0,0.06,Low Risk
8172,1,0.66,Medium Risk
8173,0,0.07,Low Risk
8174,0,0.22,Low Risk
8175,1,0.78,High Risk
8176,0,0.02,Low Risk
8177,0,0.11,Low Risk
8178,0,0.25,Low Risk
8179,1,0.22,Low Risk
8180,0,0.19,Low Risk
8181,0,0.47,Medium Risk
8182,1,0.74,High Risk
8183,1,0.91,High Risk
8184,0,0.13,Low Risk
8185,0,0.18,Low Risk
8186,1,0.89,High Risk
8187,0,0.2,Low Risk
8188,0,0.18,Low Risk
8189,1,0.86,High Risk
8190,1,0.76,High Risk
8191,0,0.27,Low Risk
8192,0,0.13,Low Risk
8193,1,0.81,High Risk
8194,0,0.13,Low Risk
8195,0,0.23,Low Risk
8196,0,0.19,Low Risk
8197,0,0.11,Low Risk
8198,0,0.1,Low Risk
8199,0,0.11,Low Risk
8200,0,0.21,Low Risk
8201,1,0.37,Low Risk
8202,0,0.16,Low Risk
8203,0,0.14,Low Risk
8204,0,0.05,Low Risk
8205,1,0.58,Medium Risk
8206,0,0.29,Low Risk
8208,1,0.57,Medium Risk
8209,0,0.05,Low Risk
8210,1,0.26,Low Risk
8211,1,0.69,Medium Risk
8212,1,0.84,High Risk
8213,0,0.05,Low Risk
8214,0,0.27,Low Risk
8215,0,0.55,Medium Risk
8216,0,0.18,Low Risk
8217,0,0.1,Low Risk
8218,0,0.32,Low Risk
8219,1,0.91,High Risk
8220,1,0.86,High Risk
8221,0,0.08,Low Risk
8222,0,0.1,Low Risk
8223,0,0.45,Medium Risk
8224,0,0.28,Low Risk
8225,1,0.71,High Risk
8226,0,0.11,Low Risk
8227,0,0.06,Low Risk
8228,0,0.05,Low Risk
8229,0,0.11,Low Risk
8230,0,0.45,Medium Risk
8231,1,0.49,Medium Risk
8232,1,0.92,High Risk
8233,1,0.88,High Risk
8234,0,0.14,Low Risk
8235,1,0.66,Medium Risk
8236,0,0.12,Low Risk
8237,0,0.23,Low Risk
8238,0,0.18,Low Risk
8239,0,0.14,Low Risk
8240,1,0.78,High Risk
8241,0,0.07,Low Risk
8242,0,0.13,Low Risk
8243,1,0.94,High Risk
8244,0,0.28,Low Risk
8245,1,0.8,High Risk
8246,0,0.47,Medium Risk
8247,0,0.07,Low Risk
8248,0,0.48,Medium Risk
8249,1,0.91,High Risk
8250,0,0.05,Low Risk
8251,0,0.1,Low Risk
8252,0,0.07,Low Risk
8253,0,0.22,Low Risk
8254,0,0.21,Low Risk
8255,0,0.16,Low Risk
8256,0,0.02,Low Risk
8257,0,0.5,Medium Risk
8258,0,0.25,Low Risk
8259,0,0.06,Low Risk
8260,0,0.17,Low Risk
8261,0,0.35,Low Risk
8262,0,0.07,Low Risk
8263,0,0.27,Low Risk
8264,0,0.12,Low Risk
8265,1,0.82,High Risk
8266,0,0.18,Low Risk
8267,0,0.24,Low Risk
8268,0,0.18,Low Risk
8269,1,0.33,Low Risk
8270,0,0.25,Low Risk
8271,0,0.03,Low Risk
8272,0,0.21,Low Risk
8273,1,0.75,High Risk
8274,0,0.15,Low Risk
8275,0,0.13,Low Risk
8276,0,0.07,Low Risk
8277,1,0.72,High Risk
8278,0,0.12,Low Risk
8279,0,0.85,High Risk
8280,0,0.05,Low Risk
8281,0,0.1,Low Risk
8282,0,0.17,Low Risk
8283,1,0.75,High Risk
8284,1,0.66,Medium Risk
8285,0,0.18,Low Risk
8286,0,0.08,Low Risk
8287,0,0.04,Low Risk
8288,1,0.76,High Risk
8289,1,0.73,High Risk
8290,1,0.87,High Risk
8291,0,0.6,Medium Risk
8292,1,0.76,High Risk
8293,0,0.24,Low Risk
8294,0,0.1,Low Risk
8295,0,0.09,Low Risk
8296,0,0.2,Low Risk
8297,0,0.26,Low Risk
8298,0,0.04,Low Risk
8299,1,0.67,Medium Risk
8300,0,0.02,Low Risk
8301,1,0.82,High Risk
8302,0,0.13,Low Risk
8303,0,0.15,Low Risk
8304,0,0.57,Medium Risk
8305,0,0.47,Medium Risk
8306,0,0.17,Low Risk
8307,0,0.13,Low Risk
8308,1,0.92,High Risk
8309,1,0.81,High Risk
8310,1,0.71,High Risk
8311,0,0.16,Low Risk
8312,0,0.11,Low Risk
8313,1,0.68,Medium Risk
8314,1,0.7,Medium Risk
8315,0,0.09,Low Risk
8316,0,0.18,Low Risk
8317,1,0.67,Medium Risk
8318,0,0.09,Low Risk
8319,0,0.23,Low Risk
8320,1,0.31,Low Risk
8321,0,0.1,Low Risk
8322,1,0.78,High Risk
8323,1,0.8,High Risk
8324,1,0.94,High Risk
8325,0,0.21,Low Risk
8326,0,0.07,Low Risk
8327,0,0.08,Low Risk
8328,1,0.34,Low Risk
8329,1,0.93,High Risk
8330,0,0.3,Low Risk
8331,1,0.71,High Risk
8332,0,0.08,Low Risk
8333,1,0.51,Medium Risk
8334,0,0.09,Low Risk
8335,1,0.8,High Risk
8336,0,0.34,Low Risk
8337,0,0.46,Medium Risk
8338,1,0.73,High Risk
8339,1,0.67,Medium Risk
8340,0,0.14,Low Risk
8341,1,0.77,High Risk
8342,0,0.2,Low Risk
8343,0,0.1,Low Risk
8344,0,0.14,Low Risk
8345,0,0.06,Low Risk
8346,1,0.41,Medium Risk
8347,0,0.12,Low Risk
8348,1,0.99,High Risk
8349,1,0.83,High Risk
8350,0,0.06,Low Risk
8351,1,0.75,High Risk
8352,1,0.63,Medium Risk
8353,1,0.71,High Risk
8354,0,0.32,Low Risk
8355,0,0.05,Low Risk
8356,0,0.06,Low Risk
8357,0,0.12,Low Risk
8358,0,0.2,Low Risk
8359,1,0.87,High Risk
8360,1,0.71,High Risk
8361,0,0.04,Low Risk
8362,0,0.17,Low Risk
8363,1,0.82,High Risk
8364,0,0.21,Low Risk
8365,0,0.42,Medium Risk
8366,1,0.87,High Risk
8367,0,0.06,Low Risk
8368,0,0.08,Low Risk
8369,0,0.47,Medium Risk
8370,0,0.17,Low Risk
8371,0,0.21,Low Risk
8372,0,0.25,Low Risk
8373,0,0.27,Low Risk
8374,1,0.7,Medium Risk
8375,0,0.67,Medium Risk
8376,0,0.41,Medium Risk
8377,0,0.05,Low Risk
8378,0,0.16,Low Risk
8379,1,0.89,High Risk
8380,1,0.62,Medium Risk
8381,0,0.08,Low Risk
8382,0,0.05,Low Risk
8383,0,0.09,Low Risk
8384,0,0.14,Low Risk
8385,1,0.35,Low Risk
8386,0,0.05,Low Risk
8387,0,0.32,Low Risk
8388,1,0.86,High Risk
8390,1,0.06,Low Risk
8391,0,0.02,Low Risk
8392,0,0.15,Low Risk
8393,0,0.15,Low Risk
8394,0,0.26,Low Risk
8395,1,0.88,High Risk
8396,1,0.71,High Risk
8397,1,0.82,High Risk
8398,1,0.89,High Risk
8399,0,0.09,Low Risk
8400,0,0.1,Low Risk
8401,1,0.82,High Risk
8402,0,0.25,Low Risk
8403,1,0.33,Low Risk
8404,0,0.06,Low Risk
8405,1,0.73,High Risk
8406,0,0.17,Low Risk
8407,1,0.68,Medium Risk
8408,0,0.21,Low Risk
8409,1,0.14,Low Risk
8410,0,0.21,Low Risk
8411,0,0.06,Low Risk
8412,0,0.27,Low Risk
8413,0,0.2,Low Risk
8414,1,0.7,Medium Risk
8415,0,0.16,Low Risk
8416,1,0.25,Low Risk
8417,0,0.13,Low Risk
8418,1,0.71,High Risk
8419,1,0.53,Medium Risk
8420,0,0.12,Low Risk
8421,0,0.5,Medium Risk
8422,1,0.4,Low Risk
8423,0,0.23,Low Risk
8424,0,0.23,Low Risk
8425,0,0.06,Low Risk
8426,1,0.88,High Risk
8427,0,0.23,Low Risk
8428,1,0.77,High Risk
8429,0,0.09,Low Risk
8430,0,0.08,Low Risk
8431,0,0.36,Low Risk
8432,1,0.7,Medium Risk
8433,0,0.31,Low Risk
8434,1,0.76,High Risk
8435,1,0.83,High Risk
8436,1,0.49,Medium Risk
8437,1,0.8,High Risk
8438,0,0.08,Low Risk
8439,0,0.18,Low Risk
8440,1,0.92,High Risk
8441,1,0.69,Medium Risk
8442,1,0.03,Low Risk
8443,1,0.7,Medium Risk
8444,0,0.14,Low Risk
8445,0,0.31,Low Risk
8446,1,0.28,Low Risk
8447,0,0.76,High Risk
8448,0,0.24,Low Risk
8449,0,0.1,Low Risk
8450,0,0.05,Low Risk
8451,0,0.02,Low Risk
8452,0,0.04,Low Risk
8453,1,0.8,High Risk
8454,0,0.14,Low Risk
8455,1,0.81,High Risk
8456,1,0.77,High Risk
8457,1,0.77,High Risk
8458,1,0.91,High Risk
8459,0,0.23,Low Risk
8460,0,0.28,Low Risk
8461,1,0.63,Medium Risk
8462,0,0.3,Low Risk
8463,1,0.88,High Risk
8464,1,0.81,High Risk
8465,1,0.81,High Risk
8466,0,0.11,Low Risk
8467,0,0.03,Low Risk
8468,0,0.14,Low Risk
8469,0,0.2,Low Risk
8470,0,0.11,Low Risk
8471,0,0.1,Low Risk
8472,0,0.18,Low Risk
8473,0,0.06,Low Risk
8474,1,0.81,High Risk
8475,1,0.79,High Risk
8476,0,0.42,Medium Risk
8477,0,0.13,Low Risk
8478,1,0.63,Medium Risk
8479,0,0.25,Low Risk
8480,1,0.85,High Risk
8481,1,0.61,Medium Risk
8482,0,0.22,Low Risk
8483,1,0.3,Low Risk
8484,0,0.07,Low Risk
8485,1,0.91,High Risk
8486,0,0.15,Low Risk
8487,1,0.7,Medium Risk
8488,0,0.25,Low Risk
8489,0,0.26,Low Risk
8490,0,0.23,Low Risk
8491,1,0.75,High Risk
8492,1,0.62,Medium Risk
8493,0,0.84,High Risk
8494,1,0.75,High Risk
8495,1,0.67,Medium Risk
8496,0,0.16,Low Risk
8497,1,0.86,High Risk
8498,1,0.86,High Risk
8499,0,0.12,Low Risk
8501,0,0.14,Low Risk
8502,1,0.75,High Risk
8503,1,0.8,High Risk
8504,1,0.82,High Risk
8505,0,0.18,Low Risk
8506,1,0.7,Medium Risk
8507,0,0.06,Low Risk
8508,1,0.73,High Risk
8509,0,0.05,Low Risk
8510,1,0.93,High Risk
8511,1,0.78,High Risk
8512,0,0.04,Low Risk
8513,1,0.86,High Risk
8514,0,0.04,Low Risk
8515,0,0.24,Low Risk
8516,0,0.18,Low Risk
8517,1,0.69,Medium Risk
8518,0,0.11,Low Risk
8519,0,0.01,Low Risk
8520,1,0.71,High Risk
8521,1,0.46,Medium Risk
8522,0,0.48,Medium Risk
8523,1,0.67,Medium Risk
8524,1,0.94,High Risk
8525,0,0.1,Low Risk
8526,1,0.97,High Risk
8527,1,0.86,High Risk
8528,0,0.1,Low Risk
8529,0,0.4,Low Risk
8530,1,0.78,High Risk
8531,1,0.77,High Risk
8532,0,0.13,Low Risk
8533,1,0.88,High Risk
8534,0,0.02,Low Risk
8535,0,0.13,Low Risk
8536,0,0.0,Low Risk
8537,0,0.16,Low Risk
8538,0,0.22,Low Risk
8539,1,0.85,High Risk
8540,0,0.31,Low Risk
8541,1,0.66,Medium Risk
8542,0,0.33,Low Risk
8543,0,0.09,Low Risk
8544,0,0.17,Low Risk
8545,1,0.67,Medium Risk
8546,0,0.19,Low Risk
8547,0,0.12,Low Risk
8548,1,0.86,High Risk
8549,0,0.24,Low Risk
8550,1,0.29,Low Risk
8551,0,0.11,Low Risk
8552,1,0.29,Low Risk
8553,0,0.2,Low Risk
8554,0,0.24,Low Risk
8555,0,0.15,Low Risk
8556,0,0.02,Low Risk
8557,0,0.12,Low Risk
8558,0,0.12,Low Risk
8559,0,0.09,Low Risk
8560,1,0.71,High Risk
8561,0,0.25,Low Risk
8562,0,0.28,Low Risk
8563,0,0.32,Low Risk
8564,1,0.22,Low Risk
8565,0,0.22,Low Risk
8566,0,0.3,Low Risk
8567,0,0.12,Low Risk
8568,0,0.14,Low Risk
8569,0,0.07,Low Risk
8570,1,0.92,High Risk
8571,1,0.64,Medium Risk
8572,0,0.05,Low Risk
8573,0,0.05,Low Risk
8574,0,0.24,Low Risk
8575,1,0.24,Low Risk
8576,0,0.13,Low Risk
8577,1,0.18,Low Risk
8578,0,0.42,Medium Risk
8579,0,0.18,Low Risk
8580,1,0.83,High Risk
8581,0,0.07,Low Risk
8582,0,0.16,Low Risk
8583,0,0.13,Low Risk
8584,0,0.21,Low Risk
8585,0,0.07,Low Risk
8586,1,0.78,High Risk
8587,1,0.66,Medium Risk
8588,0,0.15,Low Risk
8589,1,0.89,High Risk
8590,1,0.59,Medium Risk
8591,0,0.2,Low Risk
8592,1,0.76,High Risk
8593,0,0.25,Low Risk
8594,1,0.73,High Risk
8595,0,0.11,Low Risk
8596,0,0.24,Low Risk
8597,0,0.1,Low Risk
8598,0,0.65,Medium Risk
8599,0,0.15,Low Risk
8600,0,0.08,Low Risk
8601,0,0.05,Low Risk
8602,1,0.7,Medium Risk
8603,0,0.32,Low Risk
8604,0,0.11,Low Risk
8605,0,0.5,Medium Risk
8606,0,0.2,Low Risk
8607,0,0.09,Low Risk
8608,0,0.21,Low Risk
8609,0,0.14,Low Risk
8610,0,0.44,Medium Risk
8611,0,0.19,Low Risk
8612,0,0.13,Low Risk
8613,0,0.07,Low Risk
8614,0,0.17,Low Risk
8615,1,0.91,High Risk
8616,0,0.14,Low Risk
8617,0,0.2,Low Risk
8618,0,0.33,Low Risk
8619,1,0.71,High Risk
8620,1,0.26,Low Risk
8621,1,0.94,High Risk
8622,0,0.65,Medium Risk
8623,0,0.14,Low Risk
8624,0,0.15,Low Risk
8625,1,0.8,High Risk
8626,1,0.79,High Risk
8627,0,0.01,Low Risk
8628,0,0.07,Low Risk
8629,1,0.44,Medium Risk
8630,0,0.13,Low Risk
8631,1,0.88,High Risk
8632,1,0.79,High Risk
8633,0,0.16,Low Risk
8634,0,0.12,Low Risk
8635,0,0.19,Low Risk
8636,0,0.19,Low Risk
8637,1,0.76,High Risk
8638,1,0.63,Medium Risk
8639,1,0.71,High Risk
8640,0,0.13,Low Risk
8641,0,0.02,Low Risk
8642,1,0.29,Low Risk
8643,0,0.19,Low Risk
8644,1,0.61,Medium Risk
8645,1,0.69,Medium Risk
8646,0,0.2,Low Risk
8647,1,0.85,High Risk
8648,0,0.06,Low Risk
8649,0,0.14,Low Risk
8650,0,0.16,Low Risk
8651,0,0.23,Low Risk
8652,0,0.08,Low Risk
8653,0,0.16,Low Risk
8654,1,0.2,Low Risk
8655,0,0.25,Low Risk
8656,1,0.84,High Risk
8657,1,0.85,High Risk
8658,0,0.14,Low Risk
8659,0,0.28,Low Risk
8660,1,0.82,High Risk
8661,0,0.15,Low Risk
8662,0,0.02,Low Risk
8663,1,0.97,High Risk
8664,1,0.65,Medium Risk
8665,1,0.88,High Risk
8666,1,0.76,High Risk
8667,0,0.05,Low Risk
8668,1,0.77,High Risk
8669,0,0.06,Low Risk
8670,1,0.73,High Risk
8671,1,0.79,High Risk
8672,1,0.83,High Risk
8673,0,0.13,Low Risk
8674,0,0.06,Low Risk
8675,0,0.55,Medium Risk
8676,1,0.71,High Risk
8677,0,0.02,Low Risk
8678,0,0.13,Low Risk
8679,0,0.11,Low Risk
8680,1,0.62,Medium Risk
8681,1,0.83,High Risk
8682,0,0.14,Low Risk
8683,0,0.11,Low Risk
8684,0,0.24,Low Risk
8685,0,0.13,Low Risk
8686,1,0.31,Low Risk
8687,0,0.61,Medium Risk
8688,1,0.83,High Risk
8689,0,0.08,Low Risk
8690,0,0.06,Low Risk
8691,0,0.18,Low Risk
8692,0,0.07,Low Risk
8693,1,0.74,High Risk
8694,1,0.54,Medium Risk
8695,0,0.2,Low Risk
8696,0,0.34,Low Risk
8697,1,0.93,High Risk
8698,0,0.14,Low Risk
8699,0,0.2,Low Risk
8700,0,0.33,Low Risk
8701,0,0.03,Low Risk
8702,0,0.32,Low Risk
8703,1,0.82,High Risk
8704,0,0.06,Low Risk
8705,0,0.08,Low Risk
8706,1,0.65,Medium Risk
8707,0,0.19,Low Risk
8708,1,0.76,High Risk
8709,1,0.73,High Risk
8710,1,0.95,High Risk
8711,0,0.2,Low Risk
8712,0,0.1,Low Risk
8713,0,0.06,Low Risk
8714,0,0.12,Low Risk
8715,1,0.67,Medium Risk
8716,1,0.66,Medium Risk
8717,0,0.45,Medium Risk
8718,0,0.3,Low Risk
8719,1,0.78,High Risk
8720,1,0.77,High Risk
8721,1,0.58,Medium Risk
8722,0,0.09,Low Risk
8723,0,0.15,Low Risk
8724,0,0.07,Low Risk
8725,1,0.71,High Risk
8726,1,0.75,High Risk
8727,0,0.25,Low Risk
8728,0,0.36,Low Risk
8729,0,0.18,Low Risk
8730,0,0.09,Low Risk
8731,0,0.15,Low Risk
8732,1,0.9,High Risk
8733,1,0.67,Medium Risk
8734,1,0.73,High Risk
8735,0,0.22,Low Risk
8736,0,0.15,Low Risk
8737,1,0.64,Medium Risk
8738,1,0.69,Medium Risk
8739,0,0.27,Low Risk
8740,0,0.09,Low Risk
8741,0,0.5,Medium Risk
8742,1,0.86,High Risk
8743,0,0.19,Low Risk
8744,0,0.1,Low Risk
8745,0,0.25,Low Risk
8746,1,0.89,High Risk
8747,0,0.06,Low Risk
8748,0,0.12,Low Risk
8749,1,0.62,Medium Risk
8750,0,0.08,Low Risk
8751,1,0.67,Medium Risk
8752,1,0.88,High Risk
8753,0,0.47,Medium Risk
8754,1,0.72,High Risk
8755,1,0.95,High Risk
8756,0,0.56,Medium Risk
8757,1,0.85,High Risk
8758,0,0.18,Low Risk
8759,1,0.69,Medium Risk
8760,0,0.05,Low Risk
8761,0,0.1,Low Risk
8762,0,0.11,Low Risk
8763,1,0.83,High Risk
8764,0,0.09,Low Risk
8765,0,0.05,Low Risk
8766,0,0.26,Low Risk
8767,0,0.16,Low Risk
8768,1,0.91,High Risk
8769,1,0.75,High Risk
8770,0,0.23,Low Risk
8771,0,0.33,Low Risk
8772,0,0.04,Low Risk
8773,1,0.74,High Risk
8774,0,0.12,Low Risk
8775,0,0.03,Low Risk
8776,0,0.12,Low Risk
8777,1,0.81,High Risk
8778,0,0.15,Low Risk
8779,0,0.13,Low Risk
8780,0,0.02,Low Risk
8781,1,0.93,High Risk
8782,0,0.17,Low Risk
8783,1,0.36,Low Risk
8784,1,0.84,High Risk
8785,0,0.14,Low Risk
8786,1,0.63,Medium Risk
8787,0,0.23,Low Risk
8788,0,0.11,Low Risk
8789,1,0.81,High Risk
8790,1,0.71,High Risk
8791,0,0.2,Low Risk
8792,0,0.06,Low Risk
8793,1,0.81,High Risk
8794,0,0.18,Low Risk
8795,0,0.06,Low Risk
8796,0,0.08,Low Risk
8797,1,0.79,High Risk
8798,1,0.62,Medium Risk
8799,1,0.75,High Risk
8800,1,0.71,High Risk
8801,1,0.63,Medium Risk
8802,1,0.78,High Risk
8803,1,0.48,Medium Risk
8804,0,0.1,Low Risk
8805,0,0.11,Low Risk
8806,1,0.72,High Risk
8807,0,0.14,Low Risk
8808,0,0.15,Low Risk
8809,1,0.69,Medium Risk
8810,0,0.17,Low Risk
8811,0,0.08,Low Risk
8812,0,0.29,Low Risk
8813,1,0.85,High Risk
8814,0,0.74,High Risk
8815,0,0.05,Low Risk
8816,1,0.79,High Risk
8817,0,0.06,Low Risk
8818,1,0.88,High Risk
8819,0,0.08,Low Risk
8820,0,0.21,Low Risk
8821,1,0.71,High Risk
8822,1,0.76,High Risk
8823,1,0.68,Medium Risk
8825,0,0.17,Low Risk
8826,0,0.64,Medium Risk
8827,1,0.63,Medium Risk
8828,1,0.91,High Risk
8829,0,0.08,Low Risk
8830,0,0.15,Low Risk
8831,0,0.25,Low Risk
8832,0,0.12,Low Risk
8833,1,0.24,Low Risk
8834,0,0.33,Low Risk
8835,0,0.25,Low Risk
8836,0,0.06,Low Risk
8837,1,0.8,High Risk
8838,0,0.18,Low Risk
8839,0,0.2,Low Risk
8840,1,0.68,Medium Risk
8841,0,0.17,Low Risk
8842,0,0.11,Low Risk
8843,1,0.66,Medium Risk
8844,0,0.07,Low Risk
8845,0,0.11,Low Risk
8846,0,0.09,Low Risk
8847,0,0.16,Low Risk
8848,0,0.13,Low Risk
8849,1,0.64,Medium Risk
8850,1,0.33,Low Risk
8851,1,0.72,High Risk
8852,0,0.19,Low Risk
8853,0,0.22,Low Risk
8854,1,0.93,High Risk
8855,1,0.49,Medium Risk
8856,1,0.72,High Risk
8857,0,0.03,Low Risk
8858,0,0.13,Low Risk
8859,1,0.76,High Risk
8860,0,0.21,Low Risk
8861,0,0.01,Low Risk
8862,0,0.12,Low Risk
8863,0,0.09,Low Risk
8864,0,0.01,Low Risk
8865,1,0.72,High Risk
8866,1,0.65,Medium Risk
8867,0,0.12,Low Risk
8868,1,0.75,High Risk
8869,0,0.41,Medium Risk
8870,0,0.07,Low Risk
8871,0,0.29,Low Risk
8872,0,0.02,Low Risk
8873,1,0.87,High Risk
8874,0,0.24,Low Risk
8875,1,0.7,Medium Risk
8876,0,0.13,Low Risk
8877,0,0.27,Low Risk
8878,1,0.74,High Risk
8879,0,0.26,Low Risk
8880,0,0.05,Low Risk
8881,1,0.62,Medium Risk
8882,1,0.82,High Risk
8883,0,0.18,Low Risk
8884,1,0.11,Low Risk
8885,0,0.33,Low Risk
8888,0,0.24,Low Risk
8890,0,0.32,Low Risk
8891,0,0.13,Low Risk
8892,0,0.3,Low Risk
8893,0,0.09,Low Risk
8894,0,0.06,Low Risk
8895,0,0.12,Low Risk
8896,0,0.07,Low Risk
8897,0,0.21,Low Risk
8898,0,0.26,Low Risk
8899,0,0.07,Low Risk
8900,0,0.16,Low Risk
8901,1,0.76,High Risk
8902,0,0.2,Low Risk
8903,0,0.1,Low Risk
8904,0,0.15,Low Risk
8905,0,0.55,Medium Risk
8906,0,0.06,Low Risk
8907,0,0.57,Medium Risk
8908,0,0.04,Low Risk
8909,0,0.27,Low Risk
8910,0,0.31,Low Risk
8911,0,0.11,Low Risk
8912,0,0.2,Low Risk
8913,0,0.1,Low Risk
8914,0,0.44,Medium Risk
8915,0,0.02,Low Risk
8916,0,0.1,Low Risk
8917,0,0.12,Low Risk
8918,1,0.54,Medium Risk
8919,0,0.12,Low Risk
8920,0,0.25,Low Risk
8921,1,0.8,High Risk
8922,0,0.1,Low Risk
8923,1,0.9,High Risk
8924,1,0.36,Low Risk
8925,1,0.89,High Risk
8926,0,0.57,Medium Risk
8927,0,0.08,Low Risk
8928,0,0.03,Low Risk
8929,0,0.19,Low Risk
8930,0,0.09,Low Risk
8931,1,0.77,High Risk
8932,1,0.7,Medium Risk
8933,1,0.78,High Risk
8934,1,0.83,High Risk
8935,0,0.25,Low Risk
8936,0,0.1,Low Risk
8937,0,0.12,Low Risk
8938,1,0.76,High Risk
8939,0,0.15,Low Risk
8940,0,0.1,Low Risk
8941,1,0.87,High Risk
8942,1,0.14,Low Risk
8943,0,0.06,Low Risk
8944,1,0.71,High Risk
8945,0,0.21,Low Risk
8946,0,0.22,Low Risk
8947,1,0.72,High Risk
8948,1,0.78,High Risk
8949,1,0.5,Medium Risk
8950,0,0.27,Low Risk
8951,1,0.77,High Risk
8952,0,0.08,Low Risk
8953,0,0.03,Low Risk
8954,0,0.41,Medium Risk
8955,1,0.28,Low Risk
8956,0,0.02,Low Risk
8957,0,0.4,Low Risk
8958,0,0.13,Low Risk
8959,0,0.33,Low Risk
8960,0,0.28,Low Risk
8961,0,0.51,Medium Risk
8962,1,0.87,High Risk
8963,1,0.51,Medium Risk
8964,1,0.29,Low Risk
8965,0,0.19,Low Risk
8966,0,0.04,Low Risk
8967,0,0.19,Low Risk
8968,0,0.08,Low Risk
8969,0,0.19,Low Risk
8970,0,0.07,Low Risk
8971,0,0.29,Low Risk
8972,0,0.06,Low Risk
8973,1,0.83,High Risk
8974,0,0.17,Low Risk
8975,0,0.26,Low Risk
8976,1,0.74,High Risk
8977,1,0.83,High Risk
8978,0,0.3,Low Risk
8979,1,0.94,High Risk
8980,1,0.28,Low Risk
8981,1,0.79,High Risk
8982,0,0.31,Low Risk
8983,1,0.8,High Risk
8984,0,0.06,Low Risk
8985,0,0.47,Medium Risk
8986,0,0.22,Low Risk
8987,0,0.24,Low Risk
8988,1,0.82,High Risk
8989,0,0.1,Low Risk
8990,1,0.78,High Risk
8991,1,0.94,High Risk
8992,1,0.88,High Risk
8993,1,0.91,High Risk
8994,1,0.42,Medium Risk
8995,1,0.8,High Risk
8996,0,0.24,Low Risk
8997,1,0.7,Medium Risk
8998,1,0.92,High Risk
8999,0,0.21,Low Risk
9000,0,0.14,Low Risk
9001,0,0.76,High Risk
9002,0,0.81,High Risk
9003,1,0.72,High Risk
9004,0,0.35,Low Risk
9005,0,0.18,Low Risk
9006,1,0.77,High Risk
9007,0,0.65,Medium Risk
9008,0,0.38,Low Risk
9009,0,0.45,Medium Risk
9010,0,0.3,Low Risk
9011,0,0.1,Low Risk
9012,0,0.2,Low Risk
9013,0,0.13,Low Risk
9014,0,0.04,Low Risk
9015,1,0.76,High Risk
9016,1,0.85,High Risk
9017,0,0.29,Low Risk
9018,0,0.09,Low Risk
9019,1,0.93,High Risk
9020,0,0.06,Low Risk
9022,0,0.16,Low Risk
9023,0,0.09,Low Risk
9024,0,0.88,High Risk
9025,1,0.51,Medium Risk
9026,1,0.81,High Risk
9027,0,0.08,Low Risk
9028,0,0.34,Low Risk
9029,0,0.22,Low Risk
9030,0,0.17,Low Risk
9031,1,0.8,High Risk
9032,1,0.69,Medium Risk
9033,0,0.24,Low Risk
9034,0,0.18,Low Risk
9035,1,0.61,Medium Risk
9036,1,0.76,High Risk
9037,0,0.06,Low Risk
9038,1,0.81,High Risk
9039,0,0.15,Low Risk
9040,1,0.93,High Risk
9041,0,0.26,Low Risk
9042,1,0.92,High Risk
9043,0,0.19,Low Risk
9044,1,0.73,High Risk
9045,1,0.75,High Risk
9046,0,0.58,Medium Risk
9047,0,0.15,Low Risk
9048,1,0.63,Medium Risk
9049,0,0.07,Low Risk
9050,1,0.82,High Risk
9051,1,0.82,High Risk
9052,0,0.19,Low Risk
9053,1,0.79,High Risk
9054,1,0.7,Medium Risk
9055,1,0.84,High Risk
9056,0,0.24,Low Risk
9057,0,0.04,Low Risk
9058,1,0.69,Medium Risk
9059,1,0.67,Medium Risk
9060,0,0.04,Low Risk
9061,0,0.15,Low Risk
9062,0,0.04,Low Risk
9063,0,0.13,Low Risk
9064,1,0.89,High Risk
9065,0,0.2,Low Risk
9066,0,0.24,Low Risk
9067,0,0.14,Low Risk
9068,1,0.72,High Risk
9069,0,0.03,Low Risk
9070,0,0.27,Low Risk
9071,0,0.17,Low Risk
9072,0,0.25,Low Risk
9073,1,0.62,Medium Risk
9074,1,0.74,High Risk
9075,1,0.38,Low Risk
9076,0,0.46,Medium Risk
9077,0,0.15,Low Risk
9078,1,0.88,High Risk
9079,0,0.6,Medium Risk
9080,0,0.2,Low Risk
9081,0,0.06,Low Risk
9082,1,0.57,Medium Risk
9083,0,0.08,Low Risk
9084,1,0.94,High Risk
9085,0,0.06,Low Risk
9086,0,0.2,Low Risk
9087,1,0.74,High Risk
9088,1,0.5,Medium Risk
9089,1,0.48,Medium Risk
9090,1,0.95,High Risk
9091,0,0.17,Low Risk
9092,0,0.09,Low Risk
9093,0,0.24,Low Risk
9094,1,0.75,High Risk
9095,0,0.0,Low Risk
9096,0,0.06,Low Risk
9097,1,0.91,High Risk
9098,0,0.24,Low Risk
9099,1,0.75,High Risk
9100,0,0.09,Low Risk
9101,0,0.03,Low Risk
9102,0,0.21,Low Risk
9103,0,0.02,Low Risk
9104,0,0.28,Low Risk
9105,1,0.92,High Risk
9106,0,0.13,Low Risk
9107,0,0.01,Low Risk
9108,1,0.73,High Risk
9109,0,0.22,Low Risk
9110,1,0.82,High Risk
9111,0,0.36,Low Risk
9112,0,0.47,Medium Risk
9113,0,0.17,Low Risk
9114,0,0.22,Low Risk
9115,0,0.44,Medium Risk
9116,0,0.04,Low Risk
9117,0,0.09,Low Risk
9118,0,0.12,Low Risk
9119,0,0.05,Low Risk
9120,0,0.12,Low Risk
9121,0,0.15,Low Risk
9122,0,0.32,Low Risk
9123,0,0.18,Low Risk
9124,0,0.15,Low Risk
9125,0,0.13,Low Risk
9126,1,0.75,High Risk
9127,0,0.07,Low Risk
9128,0,0.03,Low Risk
9129,1,0.12,Low Risk
9130,1,0.8,High Risk
9131,1,0.74,High Risk
9132,0,0.11,Low Risk
9133,0,0.27,Low Risk
9134,0,0.41,Medium Risk
9135,0,0.19,Low Risk
9136,0,0.08,Low Risk
9137,1,0.81,High Risk
9138,0,0.08,Low Risk
9139,1,0.65,Medium Risk
9140,0,0.11,Low Risk
9142,1,0.37,Low Risk
9143,0,0.15,Low Risk
9144,0,0.2,Low Risk
9145,1,0.77,High Risk
9146,0,0.05,Low Risk
9147,0,0.13,Low Risk
9148,0,0.03,Low Risk
9149,1,0.4,Low Risk
9150,1,0.76,High Risk
9151,0,0.05,Low Risk
9152,0,0.11,Low Risk
9153,1,0.9,High Risk
9154,0,0.24,Low Risk
9155,0,0.16,Low Risk
9156,1,0.92,High Risk
9157,0,0.19,Low Risk
9158,0,0.51,Medium Risk
9159,1,0.82,High Risk
9160,1,0.76,High Risk
9161,1,0.79,High Risk
9162,0,0.28,Low Risk
9163,0,0.24,Low Risk
9164,0,0.35,Low Risk
9165,0,0.13,Low Risk
9166,0,0.12,Low Risk
9167,0,0.56,Medium Risk
9168,0,0.09,Low Risk
9169,1,0.87,High Risk
9170,0,0.04,Low Risk
9171,0,0.4,Low Risk
9172,1,0.82,High Risk
9173,1,0.85,High Risk
9174,1,0.86,High Risk
9175,0,0.27,Low Risk
9176,1,0.76,High Risk
9177,1,0.75,High Risk
9178,0,0.18,Low Risk
9179,1,0.76,High Risk
9180,0,0.07,Low Risk
9181,1,0.66,Medium Risk
9182,0,0.15,Low Risk
9183,1,0.71,High Risk
9184,0,0.03,Low Risk
9185,0,0.28,Low Risk
9186,0,0.14,Low Risk
9187,0,0.27,Low Risk
9188,0,0.08,Low Risk
9189,1,0.66,Medium Risk
9190,0,0.09,Low Risk
9191,0,0.09,Low Risk
9192,0,0.1,Low Risk
9193,0,0.05,Low Risk
9194,0,0.2,Low Risk
9195,0,0.05,Low Risk
9196,0,0.25,Low Risk
9197,1,0.65,Medium Risk
9198,1,0.54,Medium Risk
9199,1,0.9,High Risk
9200,1,0.74,High Risk
9201,0,0.06,Low Risk
9202,0,0.21,Low Risk
9203,0,0.15,Low Risk
9204,1,0.71,High Risk
9205,0,0.24,Low Risk
9206,0,0.05,Low Risk
9207,0,0.17,Low Risk
9208,0,0.15,Low Risk
9209,0,0.08,Low Risk
9210,1,0.72,High Risk
9211,0,0.04,Low Risk
9212,1,0.73,High Risk
9213,0,0.2,Low Risk
9214,0,0.15,Low Risk
9215,1,0.8,High Risk
9216,1,0.85,High Risk
9217,0,0.14,Low Risk
9218,1,0.68,Medium Risk
9219,0,0.06,Low Risk
9220,0,0.03,Low Risk
9221,1,0.4,Low Risk
9222,1,0.86,High Risk
9223,0,0.07,Low Risk
9224,0,0.29,Low Risk
9225,0,0.08,Low Risk
9226,0,0.21,Low Risk
9227,0,0.11,Low Risk
9228,0,0.07,Low Risk
9229,1,0.7,Medium Risk
9230,0,0.09,Low Risk
9231,0,0.02,Low Risk
9232,0,0.04,Low Risk
9233,1,0.66,Medium Risk
9234,0,0.07,Low Risk
9235,0,0.05,Low Risk
9236,0,0.13,Low Risk
9237,0,0.26,Low Risk
9238,1,0.67,Medium Risk
9239,0,0.26,Low Risk
9240,0,0.11,Low Risk
9241,1,0.3,Low Risk
9242,1,0.85,High Risk
9243,0,0.09,Low Risk
9244,0,0.06,Low Risk
9245,0,0.18,Low Risk
9246,0,0.07,Low Risk
9247,1,0.86,High Risk
9248,0,0.08,Low Risk
9249,0,0.11,Low Risk
9250,0,0.08,Low Risk
9251,1,0.74,High Risk
9252,1,0.05,Low Risk
9253,0,0.02,Low Risk
9254,1,0.65,Medium Risk
9255,0,0.16,Low Risk
9256,0,0.03,Low Risk
9257,1,0.81,High Risk
9258,0,0.0,Low Risk
9259,0,0.09,Low Risk
9260,0,0.2,Low Risk
9261,1,0.72,High Risk
9262,1,0.78,High Risk
9263,1,0.11,Low Risk
9264,1,0.95,High Risk
9266,1,0.81,High Risk
9267,1,0.66,Medium Risk
9268,0,0.06,Low Risk
9269,0,0.15,Low Risk
9270,0,0.17,Low Risk
9271,0,0.06,Low Risk
9272,0,0.15,Low Risk
9273,0,0.74,High Risk
9274,0,0.05,Low Risk
9275,0,0.13,Low Risk
9276,0,0.57,Medium Risk
9277,0,0.07,Low Risk
9278,0,0.04,Low Risk
9279,1,0.82,High Risk
9280,0,0.05,Low Risk
9281,0,0.07,Low Risk
9282,1,0.82,High Risk
9283,1,0.97,High Risk
9284,1,0.11,Low Risk
9285,0,0.16,Low Risk
9286,0,0.15,Low Risk
9287,0,0.28,Low Risk
9288,0,0.05,Low Risk
9289,1,0.5,Medium Risk
9290,1,0.75,High Risk
9291,1,0.83,High Risk
9292,0,0.07,Low Risk
9293,0,0.03,Low Risk
9294,0,0.17,Low Risk
9295,0,0.03,Low Risk
9296,1,0.83,High Risk
9297,1,0.33,Low Risk
9298,0,0.03,Low Risk
9299,0,0.63,Medium Risk
9300,0,0.12,Low Risk
9301,0,0.07,Low Risk
9302,0,0.24,Low Risk
9303,0,0.11,Low Risk
9304,1,0.63,Medium Risk
9305,0,0.09,Low Risk
9306,0,0.16,Low Risk
9307,0,0.2,Low Risk
9308,0,0.25,Low Risk
9309,0,0.19,Low Risk
9310,0,0.19,Low Risk
9311,0,0.61,Medium Risk
9312,0,0.2,Low Risk
9313,0,0.35,Low Risk
9314,1,0.66,Medium Risk
9315,1,0.63,Medium Risk
9316,0,0.15,Low Risk
9317,1,0.84,High Risk
9318,0,0.34,Low Risk
9319,0,0.12,Low Risk
9320,0,0.17,Low Risk
9321,1,0.79,High Risk
9322,0,0.08,Low Risk
9323,0,0.1,Low Risk
9324,1,0.25,Low Risk
9325,0,0.14,Low Risk
9326,1,0.26,Low Risk
9327,1,0.73,High Risk
9328,0,0.16,Low Risk
9329,1,0.69,Medium Risk
9330,0,0.02,Low Risk
9331,0,0.21,Low Risk
9332,0,0.01,Low Risk
9333,0,0.2,Low Risk
9334,1,0.79,High Risk
9335,1,0.74,High Risk
9336,0,0.05,Low Risk
9337,0,0.66,Medium Risk
9338,1,0.84,High Risk
9339,0,0.52,Medium Risk
9340,0,0.14,Low Risk
9341,1,0.95,High Risk
9342,1,0.88,High Risk
9343,0,0.12,Low Risk
9344,0,0.19,Low Risk
9345,1,0.19,Low Risk
9346,1,0.75,High Risk
9347,0,0.05,Low Risk
9348,1,0.63,Medium Risk
9349,0,0.34,Low Risk
9350,0,0.07,Low Risk
9351,0,0.57,Medium Risk
9352,0,0.15,Low Risk
9353,0,0.18,Low Risk
9354,0,0.49,Medium Risk
9355,0,0.1,Low Risk
9356,0,0.06,Low Risk
9357,0,0.54,Medium Risk
9358,0,0.11,Low Risk
9359,0,0.06,Low Risk
9360,0,0.07,Low Risk
9361,0,0.16,Low Risk
9362,0,0.09,Low Risk
9363,0,0.05,Low Risk
9364,0,0.24,Low Risk
9365,0,0.16,Low Risk
9366,0,0.07,Low Risk
9367,0,0.07,Low Risk
9368,0,0.27,Low Risk
9369,0,0.11,Low Risk
9370,0,0.5,Medium Risk
9371,1,0.78,High Risk
9372,1,0.73,High Risk
9373,0,0.27,Low Risk
9374,0,0.22,Low Risk
9375,1,0.8,High Risk
9376,1,0.78,High Risk
9377,0,0.08,Low Risk
9378,1,0.48,Medium Risk
9379,0,0.07,Low Risk
9380,0,0.08,Low Risk
9381,1,0.79,High Risk
9382,0,0.3,Low Risk
9383,1,0.8,High Risk
9384,0,0.06,Low Risk
9385,1,0.81,High Risk
9386,0,0.04,Low Risk
9387,0,0.1,Low Risk
9388,0,0.08,Low Risk
9389,0,0.18,Low Risk
9390,0,0.25,Low Risk
9391,0,0.16,Low Risk
9392,0,0.59,Medium Risk
9393,0,0.16,Low Risk
9394,0,0.18,Low Risk
9395,0,0.1,Low Risk
9396,0,0.01,Low Risk
9397,0,0.06,Low Risk
9398,0,0.14,Low Risk
9399,0,0.1,Low Risk
9400,0,0.2,Low Risk
9401,1,0.73,High Risk
9402,0,0.06,Low Risk
9403,1,0.35,Low Risk
9404,0,0.06,Low Risk
9405,0,0.05,Low Risk
9406,1,0.08,Low Risk
9407,0,0.32,Low Risk
9408,0,0.27,Low Risk
9409,0,0.3,Low Risk
9410,0,0.09,Low Risk
9411,0,0.27,Low Risk
9412,0,0.28,Low Risk
9413,0,0.12,Low Risk
9414,0,0.19,Low Risk
9415,0,0.16,Low Risk
9416,0,0.03,Low Risk
9417,0,0.06,Low Risk
9418,0,0.02,Low Risk
9419,0,0.22,Low Risk
9420,0,0.15,Low Risk
9421,1,0.79,High Risk
9422,0,0.24,Low Risk
9423,1,0.71,High Risk
9424,0,0.07,Low Risk
9425,0,0.23,Low Risk
9426,0,0.03,Low Risk
9427,0,0.04,Low Risk
9428,0,0.03,Low Risk
9429,0,0.13,Low Risk
9430,0,0.17,Low Risk
9431,1,0.84,High Risk
9432,0,0.1,Low Risk
9433,0,0.16,Low Risk
9434,0,0.03,Low Risk
9435,1,0.7,Medium Risk
9436,0,0.06,Low Risk
9437,0,0.21,Low Risk
9438,0,0.07,Low Risk
9439,0,0.5,Medium Risk
9440,1,0.81,High Risk
9441,1,0.73,High Risk
9442,0,0.51,Medium Risk
9443,0,0.04,Low Risk
9444,1,0.68,Medium Risk
9445,0,0.12,Low Risk
9446,0,0.24,Low Risk
9447,0,0.17,Low Risk
9448,0,0.16,Low Risk
9449,0,0.02,Low Risk
9450,0,0.62,Medium Risk
9451,0,0.06,Low Risk
9452,0,0.2,Low Risk
9453,1,0.79,High Risk
9454,0,0.33,Low Risk
9455,0,0.46,Medium Risk
9456,1,0.77,High Risk
9457,1,0.68,Medium Risk
9458,1,0.76,High Risk
9459,1,0.82,High Risk
9460,0,0.05,Low Risk
9461,0,0.11,Low Risk
9462,0,0.28,Low Risk
9463,0,0.05,Low Risk
9464,1,0.7,Medium Risk
9465,0,0.45,Medium Risk
9466,0,0.12,Low Risk
9467,1,0.25,Low Risk
9468,0,0.07,Low Risk
9469,0,0.1,Low Risk
9470,0,0.12,Low Risk
9471,1,0.97,High Risk
9472,0,0.05,Low Risk
9473,0,0.44,Medium Risk
9474,0,0.18,Low Risk
9475,0,0.11,Low Risk
9476,1,0.87,High Risk
9477,1,0.64,Medium Risk
9478,0,0.04,Low Risk
9479,0,0.18,Low Risk
9480,0,0.23,Low Risk
9481,0,0.18,Low Risk
9482,0,0.16,Low Risk
9483,1,0.9,High Risk
9484,1,0.82,High Risk
9485,1,0.78,High Risk
9486,1,0.77,High Risk
9487,0,0.45,Medium Risk
9488,0,0.23,Low Risk
9489,0,0.21,Low Risk
9490,1,0.92,High Risk
9491,0,0.23,Low Risk
9492,0,0.14,Low Risk
9493,0,0.25,Low Risk
9494,1,0.6,Medium Risk
9495,0,0.25,Low Risk
9496,0,0.06,Low Risk
9497,1,0.83,High Risk
9498,0,0.19,Low Risk
9499,1,0.69,Medium Risk
9500,1,0.9,High Risk
9501,0,0.04,Low Risk
9502,0,0.1,Low Risk
9503,0,0.18,Low Risk
9504,0,0.25,Low Risk
9505,0,0.11,Low Risk
9506,0,0.04,Low Risk
9507,1,0.06,Low Risk
9508,1,0.68,Medium Risk
9509,0,0.04,Low Risk
9510,0,0.06,Low Risk
9511,0,0.16,Low Risk
9512,0,0.27,Low Risk
9513,1,0.87,High Risk
9514,1,0.8,High Risk
9515,1,0.74,High Risk
9516,1,0.87,High Risk
9517,1,0.6,Medium Risk
9518,0,0.04,Low Risk
9519,0,0.2,Low Risk
9520,0,0.6,Medium Risk
9521,0,0.06,Low Risk
9522,1,0.76,High Risk
9523,0,0.09,Low Risk
9524,1,0.66,Medium Risk
9525,0,0.04,Low Risk
9526,1,0.49,Medium Risk
9527,0,0.2,Low Risk
9528,0,0.47,Medium Risk
9529,0,0.11,Low Risk
9530,0,0.07,Low Risk
9531,1,0.85,High Risk
9532,1,0.89,High Risk
9533,1,0.67,Medium Risk
9534,0,0.25,Low Risk
9535,0,0.24,Low Risk
9536,1,0.87,High Risk
9537,0,0.2,Low Risk
9539,0,0.59,Medium Risk
9540,0,0.05,Low Risk
9541,0,0.1,Low Risk
9542,0,0.08,Low Risk
9543,0,0.21,Low Risk
9544,1,0.8,High Risk
9545,0,0.22,Low Risk
9546,1,0.87,High Risk
9547,1,0.68,Medium Risk
9548,0,0.05,Low Risk
9549,1,0.88,High Risk
9550,1,0.89,High Risk
9551,0,0.18,Low Risk
9552,1,0.73,High Risk
9553,0,0.57,Medium Risk
9554,1,0.35,Low Risk
9555,0,0.1,Low Risk
9556,1,0.77,High Risk
9557,0,0.03,Low Risk
9558,1,0.22,Low Risk
9559,0,0.3,Low Risk
9560,1,0.77,High Risk
9561,0,0.04,Low Risk
9562,0,0.15,Low Risk
9563,1,0.94,High Risk
9564,0,0.23,Low Risk
9565,1,0.47,Medium Risk
9566,0,0.11,Low Risk
9567,0,0.11,Low Risk
9568,0,0.25,Low Risk
9569,1,0.81,High Risk
9570,0,0.12,Low Risk
9571,1,0.73,High Risk
9572,0,0.02,Low Risk
9573,0,0.14,Low Risk
9574,0,0.08,Low Risk
9575,1,0.92,High Risk
9576,0,0.1,Low Risk
9577,1,0.68,Medium Risk
9578,0,0.17,Low Risk
9579,0,0.09,Low Risk
9580,0,0.18,Low Risk
9581,1,0.82,High Risk
9582,0,0.18,Low Risk
9583,0,0.65,Medium Risk
9584,1,0.84,High Risk
9585,0,0.27,Low Risk
9586,0,0.14,Low Risk
9587,0,0.14,Low Risk
9588,0,0.55,Medium Risk
9589,1,0.92,High Risk
9590,1,0.44,Medium Risk
9591,0,0.65,Medium Risk
9592,0,0.03,Low Risk
9593,0,0.15,Low Risk
9594,1,0.79,High Risk
9595,1,0.99,High Risk
9596,0,0.04,Low Risk
9597,0,0.13,Low Risk
9598,0,0.04,Low Risk
9599,0,0.31,Low Risk
9600,1,0.7,Medium Risk
9601,0,0.12,Low Risk
9602,0,0.41,Medium Risk
9603,0,0.21,Low Risk
9604,0,0.07,Low Risk
9605,0,0.05,Low Risk
9606,1,0.77,High Risk
9607,0,0.32,Low Risk
9608,0,0.28,Low Risk
9609,1,0.9,High Risk
9610,0,0.21,Low Risk
9611,0,0.23,Low Risk
9612,1,0.77,High Risk
9613,1,0.76,High Risk
9614,1,0.77,High Risk
9615,1,0.19,Low Risk
9616,0,0.1,Low Risk
9617,1,0.06,Low Risk
9618,0,0.11,Low Risk
9619,1,0.5,Medium Risk
9620,0,0.1,Low Risk
9621,0,0.23,Low Risk
9622,1,0.71,High Risk
9623,1,0.81,High Risk
9624,1,0.66,Medium Risk
9625,1,0.73,High Risk
9626,1,0.69,Medium Risk
9627,0,0.24,Low Risk
9628,0,0.14,Low Risk
9629,1,0.65,Medium Risk
9630,0,0.05,Low Risk
9631,0,0.21,Low Risk
9632,1,0.89,High Risk
9633,1,0.83,High Risk
9634,0,0.15,Low Risk
9635,0,0.36,Low Risk
9636,0,0.26,Low Risk
9637,1,0.9,High Risk
9638,0,0.17,Low Risk
9639,1,0.46,Medium Risk
9640,1,0.66,Medium Risk
9641,0,0.05,Low Risk
9643,0,0.11,Low Risk
9644,0,0.13,Low Risk
9645,1,0.7,Medium Risk
9646,0,0.04,Low Risk
9647,0,0.2,Low Risk
9648,1,0.47,Medium Risk
9649,0,0.09,Low Risk
9650,1,0.84,High Risk
9651,1,0.77,High Risk
9652,0,0.23,Low Risk
9653,1,0.92,High Risk
9654,0,0.05,Low Risk
9655,0,0.02,Low Risk
9656,1,0.68,Medium Risk
9657,0,0.07,Low Risk
9658,1,0.85,High Risk
9659,0,0.02,Low Risk
9660,0,0.38,Low Risk
9661,1,0.26,Low Risk
9662,1,0.67,Medium Risk
9663,0,0.17,Low Risk
9664,0,0.05,Low Risk
9665,0,0.25,Low Risk
9666,1,0.73,High Risk
9667,1,0.9,High Risk
9668,1,0.78,High Risk
9669,1,0.7,Medium Risk
9670,1,0.22,Low Risk
9671,1,0.67,Medium Risk
9672,0,0.37,Low Risk
9673,1,0.82,High Risk
9674,1,0.91,High Risk
9675,1,0.7,Medium Risk
9676,0,0.11,Low Risk
9677,0,0.21,Low Risk
9678,0,0.09,Low Risk
9679,1,0.64,Medium Risk
9680,0,0.21,Low Risk
9681,0,0.22,Low Risk
9682,0,0.2,Low Risk
9683,0,0.22,Low Risk
9684,1,0.91,High Risk
9685,0,0.02,Low Risk
9686,0,0.23,Low Risk
9687,0,0.16,Low Risk
9688,0,0.07,Low Risk
9689,0,0.07,Low Risk
9690,1,0.57,Medium Risk
9691,0,0.23,Low Risk
9692,1,0.76,High Risk
9693,1,0.43,Medium Risk
9694,1,0.53,Medium Risk
9695,0,0.02,Low Risk
9696,1,0.96,High Risk
9697,1,0.8,High Risk
9698,1,0.74,High Risk
9699,1,0.31,Low Risk
9700,0,0.14,Low Risk
9701,1,0.69,Medium Risk
9702,1,0.77,High Risk
9703,1,0.94,High Risk
9704,0,0.11,Low Risk
9705,0,0.07,Low Risk
9706,0,0.19,Low Risk
9707,1,0.64,Medium Risk
9708,0,0.0,Low Risk
9709,0,0.27,Low Risk
9710,1,0.74,High Risk
9711,0,0.63,Medium Risk
9712,0,0.05,Low Risk
9713,1,0.81,High Risk
9714,0,0.09,Low Risk
9715,0,0.09,Low Risk
9716,1,0.77,High Risk
9717,1,0.33,Low Risk
9718,0,0.09,Low Risk
9719,0,0.14,Low Risk
9720,0,0.22,Low Risk
9721,0,0.02,Low Risk
9722,1,0.89,High Risk
9723,1,0.19,Low Risk
9724,1,0.52,Medium Risk
9725,1,0.71,High Risk
9726,0,0.12,Low Risk
9727,1,0.9,High Risk
9728,1,0.74,High Risk
9729,0,0.13,Low Risk
9730,1,0.6,Medium Risk
9731,0,0.06,Low Risk
9732,0,0.05,Low Risk
9733,1,0.69,Medium Risk
9734,1,0.83,High Risk
9735,1,0.68,Medium Risk
9736,0,0.17,Low Risk
9737,0,0.06,Low Risk
9738,0,0.04,Low Risk
9739,0,0.27,Low Risk
9740,0,0.07,Low Risk
9741,0,0.5,Medium Risk
9742,0,0.12,Low Risk
9743,0,0.27,Low Risk
9744,0,0.16,Low Risk
9745,0,0.17,Low Risk
9746,1,0.82,High Risk
9747,0,0.11,Low Risk
9748,0,0.08,Low Risk
9749,1,0.24,Low Risk
9750,0,0.1,Low Risk
9751,0,0.08,Low Risk
9752,1,0.7,Medium Risk
9753,1,0.88,High Risk
9754,0,0.07,Low Risk
9755,1,0.78,High Risk
9756,0,0.24,Low Risk
9757,1,0.76,High Risk
9758,1,0.72,High Risk
9759,1,0.99,High Risk
9760,0,0.52,Medium Risk
9761,0,0.05,Low Risk
9763,0,0.03,Low Risk
9764,1,0.87,High Risk
9765,0,0.11,Low Risk
9766,1,0.82,High Risk
9767,0,0.16,Low Risk
9768,0,0.61,Medium Risk
9769,1,0.76,High Risk
9770,1,0.7,Medium Risk
9771,1,0.8,High Risk
9772,1,0.72,High Risk
9773,0,0.11,Low Risk
9774,0,0.11,Low Risk
9775,1,0.67,Medium Risk
9776,1,0.88,High Risk
9777,0,0.18,Low Risk
9778,0,0.07,Low Risk
9779,0,0.17,Low Risk
9780,0,0.22,Low Risk
9781,0,0.25,Low Risk
9782,0,0.02,Low Risk
9783,1,0.36,Low Risk
9784,0,0.08,Low Risk
9785,0,0.17,Low Risk
9786,0,0.22,Low Risk
9787,1,0.88,High Risk
9788,0,0.18,Low Risk
9789,0,0.02,Low Risk
9790,0,0.18,Low Risk
9791,0,0.12,Low Risk
9792,1,0.82,High Risk
9793,1,0.83,High Risk
9794,0,0.05,Low Risk
9795,0,0.1,Low Risk
9796,1,0.69,Medium Risk
9797,0,0.17,Low Risk
9798,1,0.68,Medium Risk
9799,0,0.15,Low Risk
9800,0,0.16,Low Risk
9801,1,0.27,Low Risk
9802,1,0.85,High Risk
9803,0,0.18,Low Risk
9804,1,0.88,High Risk
9805,0,0.05,Low Risk
9806,1,0.7,Medium Risk
9807,0,0.22,Low Risk
9808,1,0.85,High Risk
9809,0,0.2,Low Risk
9810,1,0.81,High Risk
9811,1,0.76,High Risk
9812,1,0.8,High Risk
9813,0,0.03,Low Risk
9814,1,0.82,High Risk
9815,1,0.48,Medium Risk
9816,1,0.74,High Risk
9817,1,0.86,High Risk
9818,0,0.25,Low Risk
9819,0,0.18,Low Risk
9820,1,0.26,Low Risk
9821,0,0.12,Low Risk
9822,0,0.17,Low Risk
9823,0,0.32,Low Risk
9824,0,0.08,Low Risk
9825,0,0.02,Low Risk
9826,0,0.41,Medium Risk
9827,1,0.68,Medium Risk
9828,1,0.77,High Risk
9829,1,0.95,High Risk
9830,0,0.04,Low Risk
9831,0,0.23,Low Risk
9832,0,0.13,Low Risk
9833,0,0.28,Low Risk
9834,0,0.18,Low Risk
9835,0,0.24,Low Risk
9836,1,0.26,Low Risk
9837,1,0.91,High Risk
9838,0,0.07,Low Risk
9839,1,0.77,High Risk
9840,1,0.87,High Risk
9841,0,0.05,Low Risk
9842,1,0.77,High Risk
9843,0,0.11,Low Risk
9844,0,0.18,Low Risk
9845,0,0.28,Low Risk
9846,0,0.06,Low Risk
9847,1,0.8,High Risk
9848,0,0.25,Low Risk
9849,1,0.12,Low Risk
9850,1,0.71,High Risk
9851,1,0.83,High Risk
9852,1,0.76,High Risk
9853,0,0.01,Low Risk
9854,0,0.04,Low Risk
9855,0,0.08,Low Risk
9856,0,0.55,Medium Risk
9857,1,0.75,High Risk
9858,1,0.72,High Risk
9859,1,0.42,Medium Risk
9860,1,0.82,High Risk
9861,0,0.11,Low Risk
9862,0,0.21,Low Risk
9863,1,0.8,High Risk
9864,1,0.8,High Risk
9865,0,0.26,Low Risk
9866,1,0.86,High Risk
9867,0,0.28,Low Risk
9868,1,0.72,High Risk
9869,0,0.04,Low Risk
9870,0,0.23,Low Risk
9871,1,0.76,High Risk
9872,0,0.13,Low Risk
9873,0,0.3,Low Risk
9874,0,0.22,Low Risk
9875,0,0.21,Low Risk
9876,1,0.76,High Risk
9877,0,0.23,Low Risk
9878,0,0.05,Low Risk
9879,1,0.57,Medium Risk
9880,1,0.79,High Risk
9881,0,0.24,Low Risk
9882,1,0.91,High Risk
9883,0,0.17,Low Risk
9884,1,0.21,Low Risk
9885,0,0.07,Low Risk
9886,1,0.85,High Risk
9887,1,0.75,High Risk
9888,1,0.81,High Risk
9889,1,0.58,Medium Risk
9890,0,0.48,Medium Risk
9891,0,0.11,Low Risk
9892,0,0.03,Low Risk
9893,1,0.37,Low Risk
9894,0,0.04,Low Risk
9895,1,0.95,High Risk
9896,0,0.03,Low Risk
9897,0,0.27,Low Risk
9898,1,0.72,High Risk
9899,0,0.29,Low Risk
9900,0,0.17,Low Risk
9901,1,0.83,High Risk
9902,1,0.96,High Risk
9903,1,0.9,High Risk
9904,0,0.48,Medium Risk
9905,0,0.12,Low Risk
9906,0,0.13,Low Risk
9907,0,0.08,Low Risk
9908,0,0.03,Low Risk
9909,0,0.59,Medium Risk
9910,0,0.15,Low Risk
9911,0,0.03,Low Risk
9912,1,0.73,High Risk
9913,0,0.17,Low Risk
9914,0,0.29,Low Risk
9915,0,0.27,Low Risk
9916,0,0.2,Low Risk
9917,0,0.12,Low Risk
9918,0,0.27,Low Risk
9919,0,0.36,Low Risk
9920,0,0.51,Medium Risk
9921,1,0.87,High Risk
9922,0,0.22,Low Risk
9923,0,0.46,Medium Risk
9924,0,0.23,Low Risk
9925,0,0.09,Low Risk
9926,0,0.04,Low Risk
9927,1,0.79,High Risk
9928,1,0.61,Medium Risk
9929,1,0.9,High Risk
9930,0,0.02,Low Risk
9931,0,0.3,Low Risk
9932,0,0.52,Medium Risk
9933,0,0.26,Low Risk
9934,1,0.89,High Risk
9935,0,0.19,Low Risk
9936,0,0.07,Low Risk
9937,0,0.15,Low Risk
9938,0,0.09,Low Risk
9939,0,0.24,Low Risk
9940,0,0.13,Low Risk
9941,0,0.14,Low Risk
9942,0,0.45,Medium Risk
9943,0,0.11,Low Risk
9944,1,0.83,High Risk
9945,0,0.32,Low Risk
9946,0,0.13,Low Risk
9947,1,0.76,High Risk
9948,1,0.77,High Risk
9949,0,0.07,Low Risk
9950,1,0.45,Medium Risk
9951,0,0.06,Low Risk
9952,0,0.1,Low Risk
9953,0,0.01,Low Risk
9954,1,0.7,Medium Risk
9955,0,0.14,Low Risk
9956,0,0.38,Low Risk
9957,0,0.2,Low Risk
9958,1,0.8,High Risk
9959,0,0.84,High Risk
9960,1,0.72,High Risk
9961,1,0.95,High Risk
9962,0,0.12,Low Risk
9963,0,0.03,Low Risk
9964,1,0.87,High Risk
9965,0,0.76,High Risk
9966,0,0.28,Low Risk
9967,0,0.06,Low Risk
9968,0,0.07,Low Risk
9969,0,0.1,Low Risk
9970,0,0.24,Low Risk
9971,1,0.81,High Risk
9972,0,0.04,Low Risk
9973,0,0.35,Low Risk
9974,0,0.01,Low Risk
9975,1,0.81,High Risk
9976,0,0.0,Low Risk
9977,1,0.3,Low Risk
9978,1,0.74,High Risk
9979,0,0.08,Low Risk
9980,1,0.24,Low Risk
9981,1,0.95,High Risk
9982,0,0.07,Low Risk
9983,0,0.12,Low Risk
9984,1,0.77,High Risk
9985,0,0.21,Low Risk
9986,0,0.08,Low Risk
9987,0,0.1,Low Risk
9988,0,0.04,Low Risk
9989,0,0.21,Low Risk
9990,1,0.17,Low Risk
9991,1,0.77,High Risk
9992,1,0.86,High Risk
9993,1,0.68,Medium Risk
9994,0,0.22,Low Risk
9995,1,0.83,High Risk
9996,1,0.64,Medium Risk
9997,0,0.75,High Risk
9998,0,0.21,Low Risk
9999,1,0.6,Medium Risk
10000,0,0.79,High Risk
10001,0,0.59,Medium Risk
10002,0,0.0,Low Risk
10003,0,0.09,Low Risk
10004,1,0.66,Medium Risk
10005,1,0.69,Medium Risk
10006,1,0.69,Medium Risk
10007,0,0.13,Low Risk
10008,1,0.68,Medium Risk
10009,0,0.74,High Risk
10010,1,0.85,High Risk
10011,1,0.76,High Risk
10012,1,0.74,High Risk
10013,0,0.16,Low Risk
10014,0,0.18,Low Risk
10015,0,0.15,Low Risk
10016,0,0.3,Low Risk
10017,0,0.14,Low Risk
10018,0,0.07,Low Risk
10019,1,0.79,High Risk
10020,0,0.07,Low Risk
10021,1,0.79,High Risk
10022,0,0.14,Low Risk
10023,0,0.04,Low Risk
10024,0,0.04,Low Risk
10025,0,0.17,Low Risk
10026,0,0.05,Low Risk
10027,1,0.72,High Risk
10028,1,0.28,Low Risk
10029,0,0.02,Low Risk
10030,1,0.72,High Risk
10031,0,0.2,Low Risk
10032,0,0.03,Low Risk
10033,0,0.05,Low Risk
10034,0,0.13,Low Risk
10035,1,0.83,High Risk
10036,0,0.17,Low Risk
10037,0,0.15,Low Risk
10038,0,0.03,Low Risk
10039,0,0.18,Low Risk
10040,0,0.3,Low Risk
10041,1,0.89,High Risk
10043,1,0.71,High Risk
10044,1,0.8,High Risk
10045,1,0.55,Medium Risk
10046,1,0.83,High Risk
10047,1,0.79,High Risk
10048,0,0.09,Low Risk
10049,0,0.11,Low Risk
10050,1,0.82,High Risk
10052,0,0.07,Low Risk
10053,0,0.07,Low Risk
10054,0,0.13,Low Risk
10055,0,0.24,Low Risk
10056,0,0.38,Low Risk
10057,1,0.57,Medium Risk
10058,1,0.71,High Risk
10059,0,0.02,Low Risk
10060,0,0.29,Low Risk
10061,1,0.87,High Risk
10062,1,0.78,High Risk
10063,0,0.44,Medium Risk
10064,0,0.17,Low Risk
10065,0,0.19,Low Risk
10066,0,0.08,Low Risk
10067,1,0.46,Medium Risk
10068,1,0.7,Medium Risk
10069,0,0.08,Low Risk
10070,0,0.15,Low Risk
10071,0,0.14,Low Risk
10072,0,0.3,Low Risk
10073,0,0.05,Low Risk
10074,1,0.32,Low Risk
10075,0,0.16,Low Risk
10076,1,0.92,High Risk
10077,1,0.1,Low Risk
10078,0,0.08,Low Risk
10079,0,0.3,Low Risk
10080,1,0.82,High Risk
10081,1,0.74,High Risk
10082,1,0.78,High Risk
10083,0,0.09,Low Risk
10084,0,0.45,Medium Risk
10085,1,0.68,Medium Risk
10086,0,0.1,Low Risk
10087,0,0.26,Low Risk
10088,0,0.19,Low Risk
10089,1,0.82,High Risk
10090,0,0.12,Low Risk
10091,1,0.85,High Risk
10092,1,0.64,Medium Risk
10093,1,0.17,Low Risk
10094,0,0.06,Low Risk
10095,0,0.13,Low Risk
10096,0,0.19,Low Risk
10097,0,0.11,Low Risk
10098,0,0.79,High Risk
10099,1,0.7,Medium Risk
10100,0,0.16,Low Risk
10101,1,0.89,High Risk
10102,1,0.7,Medium Risk
10103,0,0.25,Low Risk
10104,1,0.94,High Risk
10105,1,0.76,High Risk
10106,0,0.73,High Risk
10107,1,0.26,Low Risk
10108,1,0.9,High Risk
10109,1,0.24,Low Risk
10110,0,0.18,Low Risk
10111,0,0.03,Low Risk
10112,1,0.75,High Risk
10113,1,0.88,High Risk
10114,1,0.8,High Risk
10115,1,0.7,Medium Risk
10116,0,0.11,Low Risk
10117,0,0.37,Low Risk
10118,1,0.63,Medium Risk
10119,1,0.71,High Risk
10120,1,0.8,High Risk
10121,0,0.25,Low Risk
10122,0,0.08,Low Risk
10123,0,0.17,Low Risk
10124,0,0.07,Low Risk
10125,1,0.78,High Risk
10126,1,0.74,High Risk
10127,0,0.34,Low Risk
10128,0,0.64,Medium Risk
10129,1,0.21,Low Risk
10130,0,0.09,Low Risk
10131,1,0.81,High Risk
10132,0,0.1,Low Risk
10133,0,0.08,Low Risk
10134,0,0.38,Low Risk
10135,0,0.08,Low Risk
10136,0,0.07,Low Risk
10137,0,0.29,Low Risk
10138,0,0.14,Low Risk
10139,1,0.81,High Risk
10140,0,0.22,Low Risk
10141,1,0.77,High Risk
10142,0,0.03,Low Risk
10143,0,0.05,Low Risk
10144,1,0.99,High Risk
10145,0,0.01,Low Risk
10146,1,0.75,High Risk
10147,0,0.25,Low Risk
10148,0,0.13,Low Risk
10149,1,0.59,Medium Risk
10150,0,0.17,Low Risk
10151,0,0.02,Low Risk
10152,0,0.63,Medium Risk
10153,0,0.21,Low Risk
10154,1,0.78,High Risk
10155,0,0.26,Low Risk
10156,1,0.76,High Risk
10157,1,0.84,High Risk
10158,0,0.13,Low Risk
10159,1,0.8,High Risk
10160,0,0.17,Low Risk
10161,0,0.05,Low Risk
10162,0,0.2,Low Risk
10163,0,0.19,Low Risk
10164,0,0.12,Low Risk
10166,0,0.32,Low Risk
10167,0,0.11,Low Risk
10168,0,0.28,Low Risk
10169,0,0.12,Low Risk
10170,1,0.25,Low Risk
10171,1,0.76,High Risk
10172,0,0.32,Low Risk
10173,1,0.93,High Risk
10174,0,0.14,Low Risk
10175,0,0.01,Low Risk
10176,0,0.1,Low Risk
10177,0,0.18,Low Risk
10178,1,0.7,Medium Risk
10179,0,0.08,Low Risk
10180,1,0.82,High Risk
10181,1,0.79,High Risk
10182,0,0.5,Medium Risk
10183,0,0.06,Low Risk
10184,1,0.59,Medium Risk
10185,1,0.4,Low Risk
10186,0,0.15,Low Risk
10187,1,0.74,High Risk
10188,0,0.06,Low Risk
10189,0,0.36,Low Risk
10190,0,0.04,Low Risk
10191,0,0.07,Low Risk
10192,1,0.88,High Risk
10193,0,0.06,Low Risk
10194,1,0.77,High Risk
10195,0,0.3,Low Risk
10196,1,0.96,High Risk
10197,1,0.71,High Risk
10198,0,0.27,Low Risk
10199,1,0.79,High Risk
10200,0,0.33,Low Risk
10201,1,0.79,High Risk
10202,0,0.38,Low Risk
10203,0,0.05,Low Risk
10204,0,0.0,Low Risk
10205,1,0.5,Medium Risk
10206,1,0.88,High Risk
10207,0,0.27,Low Risk
10208,0,0.14,Low Risk
10209,1,0.81,High Risk
10210,1,0.68,Medium Risk
10211,0,0.13,Low Risk
10212,1,0.7,Medium Risk
10213,1,0.8,High Risk
10214,0,0.19,Low Risk
10215,1,0.2,Low Risk
10216,1,0.84,High Risk
10217,1,0.87,High Risk
10218,1,0.85,High Risk
10219,0,0.17,Low Risk
10220,0,0.19,Low Risk
10221,0,0.15,Low Risk
10222,0,0.33,Low Risk
10223,0,0.08,Low Risk
10224,0,0.15,Low Risk
10225,1,0.08,Low Risk
10226,0,0.06,Low Risk
10227,0,0.56,Medium Risk
10228,0,0.3,Low Risk
10229,0,0.09,Low Risk
10230,0,0.58,Medium Risk
10231,0,0.07,Low Risk
10232,1,0.97,High Risk
10233,0,0.05,Low Risk
10234,0,0.06,Low Risk
10235,0,0.67,Medium Risk
10236,1,0.67,Medium Risk
10237,0,0.29,Low Risk
10238,1,0.08,Low Risk
10239,0,0.31,Low Risk
10240,1,0.84,High Risk
10241,0,0.29,Low Risk
10242,0,0.05,Low Risk
10243,0,0.27,Low Risk
10244,1,0.77,High Risk
10245,0,0.11,Low Risk
10246,0,0.07,Low Risk
10247,0,0.38,Low Risk
10249,0,0.1,Low Risk
10250,1,0.95,High Risk
10251,1,0.79,High Risk
10252,0,0.17,Low Risk
10253,0,0.13,Low Risk
10254,0,0.11,Low Risk
10255,0,0.23,Low Risk
10256,0,0.08,Low Risk
10257,0,0.55,Medium Risk
10258,1,0.93,High Risk
10259,1,0.79,High Risk
10260,1,0.75,High Risk
10261,1,0.93,High Risk
10262,0,0.07,Low Risk
10263,0,0.05,Low Risk
10264,0,0.06,Low Risk
10265,1,0.8,High Risk
10266,1,0.79,High Risk
10267,1,0.73,High Risk
10268,0,0.18,Low Risk
10269,1,0.64,Medium Risk
10270,1,0.77,High Risk
10271,0,0.08,Low Risk
10272,0,0.21,Low Risk
10273,1,0.89,High Risk
10274,1,0.9,High Risk
10275,1,0.66,Medium Risk
10276,0,0.31,Low Risk
10277,0,0.07,Low Risk
10278,1,0.75,High Risk
10279,1,0.78,High Risk
10280,0,0.23,Low Risk
10281,1,0.86,High Risk
10282,1,0.78,High Risk
10283,0,0.29,Low Risk
10284,1,0.89,High Risk
10285,0,0.15,Low Risk
10286,0,0.31,Low Risk
10287,1,0.81,High Risk
10288,0,0.17,Low Risk
10289,1,0.92,High Risk
10290,0,0.56,Medium Risk
10291,0,0.12,Low Risk
10292,0,0.2,Low Risk
10293,1,0.92,High Risk
10294,0,0.27,Low Risk
10295,1,0.74,High Risk
10296,0,0.16,Low Risk
10297,1,0.8,High Risk
10298,0,0.13,Low Risk
10299,1,0.65,Medium Risk
10300,1,0.85,High Risk
10301,0,0.04,Low Risk
10302,0,0.27,Low Risk
10303,1,0.68,Medium Risk
10304,0,0.09,Low Risk
10305,0,0.18,Low Risk
10306,0,0.13,Low Risk
10307,1,0.93,High Risk
10308,0,0.27,Low Risk
10309,0,0.09,Low Risk
10310,1,0.81,High Risk
10311,0,0.13,Low Risk
10312,0,0.1,Low Risk
10313,0,0.21,Low Risk
10314,0,0.3,Low Risk
10315,0,0.15,Low Risk
10316,0,0.12,Low Risk
10317,1,0.64,Medium Risk
10318,0,0.17,Low Risk
10319,0,0.06,Low Risk
10320,0,0.08,Low Risk
10321,0,0.09,Low Risk
10322,0,0.09,Low Risk
10323,0,0.13,Low Risk
10324,0,0.29,Low Risk
10325,1,0.92,High Risk
10326,0,0.0,Low Risk
10327,1,0.71,High Risk
10328,1,0.85,High Risk
10329,0,0.13,Low Risk
10330,0,0.04,Low Risk
10331,1,0.88,High Risk
10332,0,0.47,Medium Risk
10333,1,0.88,High Risk
10334,0,0.13,Low Risk
10335,0,0.1,Low Risk
10336,1,0.7,Medium Risk
10337,0,0.2,Low Risk
10338,1,0.78,High Risk
10339,0,0.34,Low Risk
10340,0,0.08,Low Risk
10341,0,0.04,Low Risk
10342,1,0.87,High Risk
10343,1,0.57,Medium Risk
10344,1,0.75,High Risk
10345,1,0.91,High Risk
10346,0,0.16,Low Risk
10347,0,0.29,Low Risk
10348,1,0.74,High Risk
10349,1,0.84,High Risk
10350,1,0.87,High Risk
10351,0,0.13,Low Risk
10352,1,0.82,High Risk
10353,1,0.81,High Risk
10354,1,0.82,High Risk
10355,1,0.97,High Risk
10356,0,0.45,Medium Risk
10357,1,0.65,Medium Risk
10358,0,0.12,Low Risk
10359,1,0.57,Medium Risk
10360,1,0.74,High Risk
10361,1,0.81,High Risk
10362,0,0.09,Low Risk
10363,1,0.91,High Risk
10364,0,0.09,Low Risk
10365,1,0.84,High Risk
10366,0,0.14,Low Risk
10367,0,0.64,Medium Risk
10368,1,0.69,Medium Risk
10369,1,0.86,High Risk
10370,1,0.72,High Risk
10371,1,0.44,Medium Risk
10372,0,0.32,Low Risk
10373,1,0.91,High Risk
10374,0,0.01,Low Risk
10375,1,0.83,High Risk
10376,1,0.92,High Risk
10377,1,0.87,High Risk
10378,0,0.04,Low Risk
10379,1,0.83,High Risk
10380,1,0.88,High Risk
10381,0,0.02,Low Risk
10382,0,0.37,Low Risk
10383,0,0.4,Low Risk
10384,0,0.45,Medium Risk
10385,1,0.67,Medium Risk
10386,1,0.62,Medium Risk
10387,1,0.46,Medium Risk
10388,1,0.82,High Risk
10389,0,0.15,Low Risk
10390,1,0.73,High Risk
10391,1,0.93,High Risk
10392,1,0.84,High Risk
10393,1,0.87,High Risk
10394,0,0.06,Low Risk
10395,1,0.73,High Risk
10396,1,0.88,High Risk
10397,0,0.08,Low Risk
10398,0,0.17,Low Risk
10399,0,0.07,Low Risk
10400,0,0.08,Low Risk
10401,1,0.48,Medium Risk
10402,0,0.29,Low Risk
10403,1,0.87,High Risk
10404,0,0.31,Low Risk
10405,1,0.25,Low Risk
10406,0,0.03,Low Risk
10407,1,0.3,Low Risk
10408,0,0.09,Low Risk
10409,1,0.41,Medium Risk
10410,1,0.75,High Risk
10411,0,0.25,Low Risk
10412,1,0.75,High Risk
10413,1,0.89,High Risk
10414,0,0.14,Low Risk
10415,1,0.46,Medium Risk
10416,0,0.11,Low Risk
10417,1,0.86,High Risk
10418,1,0.8,High Risk
10419,0,0.02,Low Risk
10420,1,0.65,Medium Risk
10421,0,0.13,Low Risk
10422,0,0.09,Low Risk
10423,1,0.97,High Risk
10424,1,0.76,High Risk
10425,0,0.12,Low Risk
10426,0,0.1,Low Risk
10427,0,0.36,Low Risk
10428,1,0.89,High Risk
10429,0,0.28,Low Risk
10430,0,0.05,Low Risk
10431,1,0.73,High Risk
10432,0,0.11,Low Risk
10433,0,0.11,Low Risk
10434,0,0.18,Low Risk
10435,1,0.82,High Risk
10436,1,0.78,High Risk
10437,1,0.81,High Risk
10438,0,0.51,Medium Risk
10439,0,0.05,Low Risk
10440,0,0.12,Low Risk
10441,0,0.05,Low Risk
10442,0,0.07,Low Risk
10443,0,0.12,Low Risk
10444,0,0.16,Low Risk
10445,1,0.23,Low Risk
10446,0,0.25,Low Risk
10447,0,0.55,Medium Risk
10448,0,0.72,High Risk
10449,0,0.14,Low Risk
10450,1,0.76,High Risk
10451,1,0.29,Low Risk
10452,0,0.27,Low Risk
10453,0,0.18,Low Risk
10454,1,0.76,High Risk
10455,0,0.09,Low Risk
10456,0,0.04,Low Risk
10457,1,0.84,High Risk
10458,1,0.62,Medium Risk
10459,1,0.67,Medium Risk
10460,1,0.7,Medium Risk
10461,0,0.19,Low Risk
10462,0,0.11,Low Risk
10463,1,0.84,High Risk
10464,1,0.95,High Risk
10465,0,0.04,Low Risk
10466,0,0.59,Medium Risk
10467,1,0.92,High Risk
10468,1,0.95,High Risk
10469,0,0.12,Low Risk
10470,1,0.64,Medium Risk
10471,1,0.69,Medium Risk
10472,0,0.11,Low Risk
10473,0,0.09,Low Risk
10474,1,0.99,High Risk
10475,0,0.1,Low Risk
10476,0,0.2,Low Risk
10477,0,0.14,Low Risk
10478,0,0.27,Low Risk
10479,1,0.79,High Risk
10480,0,0.06,Low Risk
10481,1,0.05,Low Risk
10482,0,0.08,Low Risk
10483,0,0.05,Low Risk
10484,0,0.13,Low Risk
10485,1,0.86,High Risk
10486,1,0.73,High Risk
10487,0,0.13,Low Risk
10488,1,0.83,High Risk
10489,0,0.19,Low Risk
10490,1,1.0,High Risk
10491,0,0.09,Low Risk
10492,0,0.02,Low Risk
10493,0,0.06,Low Risk
10494,0,0.04,Low Risk
10495,0,0.52,Medium Risk
10496,0,0.19,Low Risk
10497,1,0.63,Medium Risk
10498,0,0.09,Low Risk
10499,0,0.05,Low Risk
10500,1,0.77,High Risk
10501,1,0.28,Low Risk
10502,1,0.94,High Risk
10503,1,0.06,Low Risk
10504,0,0.22,Low Risk
10505,1,0.36,Low Risk
10506,1,0.83,High Risk
10507,0,0.17,Low Risk
10508,1,0.78,High Risk
10509,1,0.7,Medium Risk
10510,0,0.14,Low Risk
10511,1,0.55,Medium Risk
10512,1,0.87,High Risk
10513,1,0.87,High Risk
10514,1,0.86,High Risk
10515,0,0.03,Low Risk
10516,0,0.08,Low Risk
10517,0,0.31,Low Risk
10518,1,0.34,Low Risk
10519,1,0.2,Low Risk
10520,0,0.08,Low Risk
10521,0,0.06,Low Risk
10522,1,0.86,High Risk
10523,0,0.04,Low Risk
10524,1,0.97,High Risk
10525,0,0.34,Low Risk
10526,1,0.51,Medium Risk
10527,0,0.11,Low Risk
10528,1,0.38,Low Risk
10529,0,0.07,Low Risk
10530,0,0.11,Low Risk
10531,0,0.13,Low Risk
10532,1,0.94,High Risk
10533,1,0.83,High Risk
10534,1,0.89,High Risk
10535,1,0.76,High Risk
10536,0,0.18,Low Risk
10537,0,0.16,Low Risk
10538,0,0.58,Medium Risk
10539,0,0.03,Low Risk
10540,0,0.12,Low Risk
10541,0,0.19,Low Risk
10542,0,0.3,Low Risk
10543,0,0.1,Low Risk
10544,0,0.18,Low Risk
10545,0,0.04,Low Risk
10546,1,0.97,High Risk
10547,1,0.82,High Risk
10548,1,0.54,Medium Risk
10549,0,0.12,Low Risk
10551,1,0.87,High Risk
10552,1,0.88,High Risk
10553,0,0.46,Medium Risk
10554,0,0.05,Low Risk
10555,0,0.35,Low Risk
10556,0,0.25,Low Risk
10557,1,0.71,High Risk
10558,1,0.8,High Risk
10559,1,0.07,Low Risk
10560,0,0.53,Medium Risk
10561,0,0.15,Low Risk
10562,0,0.17,Low Risk
10563,1,0.34,Low Risk
10564,0,0.08,Low Risk
10565,0,0.52,Medium Risk
10566,1,0.92,High Risk
10567,1,0.87,High Risk
10568,0,0.06,Low Risk
10569,1,0.66,Medium Risk
10570,1,0.81,High Risk
10571,0,0.03,Low Risk
10572,1,0.71,High Risk
10573,1,0.78,High Risk
10574,1,0.71,High Risk
10575,1,0.7,Medium Risk
10576,1,0.75,High Risk
10577,1,0.93,High Risk
10578,0,0.17,Low Risk
10579,0,0.13,Low Risk
10580,0,0.07,Low Risk
10581,0,0.1,Low Risk
10582,0,0.2,Low Risk
10583,0,0.07,Low Risk
10584,0,0.61,Medium Risk
10585,1,0.8,High Risk
10586,1,0.71,High Risk
10587,0,0.2,Low Risk
10588,1,0.7,Medium Risk
10589,1,0.76,High Risk
10590,0,0.27,Low Risk
10591,0,0.24,Low Risk
10592,0,0.2,Low Risk
10593,0,0.15,Low Risk
10594,0,0.09,Low Risk
10595,1,0.96,High Risk
10596,0,0.41,Medium Risk
10597,0,0.16,Low Risk
10598,0,0.15,Low Risk
10599,1,0.87,High Risk
10600,0,0.1,Low Risk
10601,1,0.78,High Risk
10602,1,0.35,Low Risk
10603,0,0.12,Low Risk
10604,1,0.72,High Risk
10605,0,0.26,Low Risk
10606,0,0.23,Low Risk
10607,1,0.81,High Risk
10608,0,0.01,Low Risk
10609,0,0.03,Low Risk
10610,0,0.18,Low Risk
10611,1,0.68,Medium Risk
10612,0,0.17,Low Risk
10613,1,0.72,High Risk
10615,1,0.87,High Risk
10616,0,0.16,Low Risk
10617,0,0.13,Low Risk
10618,0,0.1,Low Risk
10619,1,0.93,High Risk
10620,1,0.93,High Risk
10621,0,0.27,Low Risk
10622,1,0.44,Medium Risk
10623,1,0.78,High Risk
10624,1,0.83,High Risk
10625,0,0.16,Low Risk
10626,1,0.71,High Risk
10627,1,0.8,High Risk
10628,0,0.05,Low Risk
10629,0,0.26,Low Risk
10630,0,0.19,Low Risk
10631,0,0.27,Low Risk
10632,0,0.24,Low Risk
10633,0,0.06,Low Risk
10634,1,0.69,Medium Risk
10635,0,0.11,Low Risk
10636,0,0.08,Low Risk
10637,0,0.09,Low Risk
10638,1,0.81,High Risk
10639,1,0.63,Medium Risk
10640,0,0.08,Low Risk
10641,1,0.86,High Risk
10642,0,0.12,Low Risk
10643,1,0.83,High Risk
10644,1,0.78,High Risk
10645,0,0.27,Low Risk
10646,0,0.02,Low Risk
10647,0,0.09,Low Risk
10648,1,0.26,Low Risk
10649,0,0.09,Low Risk
10650,0,0.16,Low Risk
10651,0,0.13,Low Risk
10652,0,0.15,Low Risk
10653,1,0.78,High Risk
10654,1,0.65,Medium Risk
10655,1,0.79,High Risk
10656,1,0.56,Medium Risk
10657,1,0.73,High Risk
10658,1,0.86,High Risk
10659,1,0.82,High Risk
10660,1,0.8,High Risk
10661,0,0.11,Low Risk
10662,1,0.76,High Risk
10663,0,0.24,Low Risk
10664,1,0.67,Medium Risk
10665,0,0.1,Low Risk
10666,1,0.96,High Risk
10667,0,0.64,Medium Risk
10668,0,0.1,Low Risk
10669,1,0.47,Medium Risk
10670,0,0.22,Low Risk
10671,0,0.17,Low Risk
10672,1,0.72,High Risk
10673,1,0.91,High Risk
10674,0,0.06,Low Risk
10675,1,0.92,High Risk
10676,1,0.77,High Risk
10677,0,0.11,Low Risk
10678,0,0.39,Low Risk
10679,0,0.12,Low Risk
10680,0,0.28,Low Risk
10681,1,0.69,Medium Risk
10682,1,0.35,Low Risk
10683,1,0.77,High Risk
10684,0,0.08,Low Risk
10685,0,0.16,Low Risk
10686,0,0.12,Low Risk
10687,0,0.07,Low Risk
10688,0,0.03,Low Risk
10689,1,0.82,High Risk
10690,0,0.18,Low Risk
10691,0,0.39,Low Risk
10692,0,0.4,Low Risk
10693,1,0.7,Medium Risk
10694,1,0.81,High Risk
10695,1,0.66,Medium Risk
10696,0,0.18,Low Risk
10697,1,0.8,High Risk
10699,1,0.65,Medium Risk
10700,1,0.74,High Risk
10701,0,0.17,Low Risk
10702,1,0.88,High Risk
10703,0,0.19,Low Risk
10704,1,0.83,High Risk
10705,0,0.31,Low Risk
10706,0,0.18,Low Risk
10707,0,0.07,Low Risk
10708,1,0.6,Medium Risk
10709,0,0.3,Low Risk
10710,1,0.9,High Risk
10711,0,0.22,Low Risk
10712,1,0.8,High Risk
10713,1,0.65,Medium Risk
10714,0,0.16,Low Risk
10715,0,0.11,Low Risk
10716,0,0.39,Low Risk
10717,1,0.7,Medium Risk
10718,1,0.95,High Risk
10719,1,0.74,High Risk
10720,1,0.89,High Risk
10721,0,0.26,Low Risk
10722,1,0.91,High Risk
10723,0,0.15,Low Risk
10724,1,0.87,High Risk
10725,0,0.23,Low Risk
10726,0,0.0,Low Risk
10727,0,0.13,Low Risk
10728,1,0.77,High Risk
10729,0,0.74,High Risk
10730,0,0.33,Low Risk
10731,0,0.04,Low Risk
10732,0,0.13,Low Risk
10733,1,0.46,Medium Risk
10734,1,0.29,Low Risk
10735,0,0.56,Medium Risk
10736,1,0.84,High Risk
10737,0,0.04,Low Risk
10738,0,0.05,Low Risk
10739,1,0.82,High Risk
10740,0,0.15,Low Risk
10741,0,0.14,Low Risk
10742,0,0.11,Low Risk
10743,0,0.07,Low Risk
10744,0,0.16,Low Risk
10745,0,0.56,Medium Risk
10746,1,0.71,High Risk
10747,0,0.15,Low Risk
10748,0,0.12,Low Risk
10749,0,0.15,Low Risk
10750,1,0.7,Medium Risk
10751,0,0.18,Low Risk
10752,0,0.06,Low Risk
10753,0,0.28,Low Risk
10754,0,0.11,Low Risk
10755,0,0.38,Low Risk
10756,0,0.23,Low Risk
10757,1,0.68,Medium Risk
10758,1,0.71,High Risk
10759,1,0.7,Medium Risk
10760,0,0.01,Low Risk
10761,0,0.09,Low Risk
10762,0,0.13,Low Risk
10763,1,0.81,High Risk
10764,0,0.43,Medium Risk
10765,0,0.14,Low Risk
10766,0,0.15,Low Risk
10767,0,0.11,Low Risk
10768,0,0.09,Low Risk
10769,1,0.75,High Risk
10770,0,0.25,Low Risk
10771,0,0.21,Low Risk
10772,0,0.71,High Risk
10773,0,0.11,Low Risk
10774,0,0.28,Low Risk
10775,0,0.21,Low Risk
10776,0,0.11,Low Risk
10777,1,0.81,High Risk
10778,0,0.08,Low Risk
10779,1,0.67,Medium Risk
10780,0,0.18,Low Risk
10781,0,0.19,Low Risk
10782,0,0.26,Low Risk
10783,0,0.12,Low Risk
10784,0,0.05,Low Risk
10785,0,0.22,Low Risk
10786,0,0.11,Low Risk
10787,1,0.69,Medium Risk
10788,0,0.02,Low Risk
10789,1,0.86,High Risk
10790,0,0.58,Medium Risk
10791,0,0.1,Low Risk
10792,0,0.06,Low Risk
10793,0,0.58,Medium Risk
10794,0,0.25,Low Risk
10795,0,0.25,Low Risk
10796,0,0.43,Medium Risk
10797,0,0.2,Low Risk
10798,1,0.65,Medium Risk
10799,1,0.72,High Risk
10800,0,0.28,Low Risk
10801,1,0.74,High Risk
10802,0,0.24,Low Risk
10803,0,0.03,Low Risk
10804,0,0.16,Low Risk
10805,0,0.09,Low Risk
10806,0,0.14,Low Risk
10807,0,0.84,High Risk
10808,0,0.29,Low Risk
10809,0,0.18,Low Risk
10810,1,0.82,High Risk
10811,0,0.14,Low Risk
10812,1,0.77,High Risk
10813,0,0.04,Low Risk
10814,0,0.07,Low Risk
10815,1,0.74,High Risk
10816,0,0.12,Low Risk
10817,1,0.33,Low Risk
10818,1,0.81,High Risk
10819,1,0.81,High Risk
10820,0,0.18,Low Risk
10821,0,0.12,Low Risk
10822,0,0.22,Low Risk
10823,1,0.79,High Risk
10824,1,0.81,High Risk
10825,0,0.16,Low Risk
10826,1,0.87,High Risk
10827,0,0.07,Low Risk
10828,1,0.2,Low Risk
10829,0,0.11,Low Risk
10830,0,0.03,Low Risk
10831,0,0.09,Low Risk
10832,1,0.76,High Risk
10833,0,0.13,Low Risk
10834,0,0.1,Low Risk
10835,1,0.78,High Risk
10836,0,0.08,Low Risk
10837,1,0.62,Medium Risk
10838,1,0.82,High Risk
10839,1,0.73,High Risk
10840,0,0.18,Low Risk
10841,0,0.08,Low Risk
10842,1,0.77,High Risk
10843,1,0.77,High Risk
10844,0,0.18,Low Risk
10845,0,0.52,Medium Risk
10846,1,0.79,High Risk
10847,0,0.21,Low Risk
10848,0,0.15,Low Risk
10849,0,0.22,Low Risk
10850,1,0.95,High Risk
10851,1,0.77,High Risk
10852,0,0.16,Low Risk
10853,1,0.65,Medium Risk
10854,0,0.19,Low Risk
10855,0,0.22,Low Risk
10856,0,0.04,Low Risk
10857,0,0.16,Low Risk
10858,0,0.07,Low Risk
10859,1,0.81,High Risk
10860,0,0.22,Low Risk
10861,1,0.71,High Risk
10862,0,0.18,Low Risk
10863,0,0.16,Low Risk
10864,0,0.18,Low Risk
10865,1,0.82,High Risk
10866,0,0.39,Low Risk
10867,1,0.74,High Risk
10868,1,0.8,High Risk
10869,1,0.7,Medium Risk
10870,0,0.05,Low Risk
10871,0,0.12,Low Risk
10872,0,0.16,Low Risk
10873,0,0.11,Low Risk
10874,1,0.85,High Risk
10875,1,0.03,Low Risk
10876,1,0.79,High Risk
10877,1,0.63,Medium Risk
10878,0,0.21,Low Risk
10879,1,0.6,Medium Risk
10880,0,0.14,Low Risk
10881,1,0.52,Medium Risk
10882,0,0.1,Low Risk
10883,0,0.23,Low Risk
10884,0,0.05,Low Risk
10885,1,0.84,High Risk
10886,0,0.21,Low Risk
10887,0,0.13,Low Risk
10888,1,0.7,Medium Risk
10889,0,0.24,Low Risk
10890,0,0.1,Low Risk
10891,1,0.87,High Risk
10892,0,0.09,Low Risk
10893,1,0.79,High Risk
10894,0,0.17,Low Risk
10895,1,0.66,Medium Risk
10896,1,0.76,High Risk
10897,1,0.9,High Risk
10898,1,0.6,Medium Risk
10899,0,0.06,Low Risk
10900,0,0.49,Medium Risk
10901,1,0.67,Medium Risk
10902,1,0.71,High Risk
10903,1,0.19,Low Risk
10904,0,0.2,Low Risk
10905,0,0.16,Low Risk
10906,0,0.1,Low Risk
10907,1,0.96,High Risk
10908,0,0.24,Low Risk
10909,1,0.47,Medium Risk
10910,0,0.13,Low Risk
10911,0,0.22,Low Risk
10912,1,0.7,Medium Risk
10913,1,0.93,High Risk
10914,1,0.67,Medium Risk
10915,1,0.66,Medium Risk
10916,0,0.17,Low Risk
10917,1,0.81,High Risk
10918,0,0.1,Low Risk
10919,0,0.02,Low Risk
10920,0,0.1,Low Risk
10921,0,0.24,Low Risk
10922,1,0.77,High Risk
10923,1,0.83,High Risk
10924,0,0.22,Low Risk
10925,1,0.76,High Risk
10926,0,0.09,Low Risk
10927,0,0.02,Low Risk
10928,0,0.23,Low Risk
10929,1,0.78,High Risk
10930,0,0.67,Medium Risk
10931,0,0.04,Low Risk
10932,0,0.12,Low Risk
10933,0,0.07,Low Risk
10934,0,0.06,Low Risk
10935,1,0.85,High Risk
10936,0,0.11,Low Risk
10937,0,0.13,Low Risk
10938,0,0.52,Medium Risk
10939,0,0.14,Low Risk
10940,0,0.03,Low Risk
10941,0,0.09,Low Risk
10942,0,0.08,Low Risk
10943,0,0.12,Low Risk
10944,0,0.22,Low Risk
10945,0,0.29,Low Risk
10946,1,0.79,High Risk
10947,1,0.81,High Risk
10948,0,0.15,Low Risk
10949,0,0.1,Low Risk
10950,1,0.89,High Risk
10951,0,0.1,Low Risk
10952,1,0.78,High Risk
10953,1,0.83,High Risk
10954,1,0.77,High Risk
10955,0,0.07,Low Risk
10956,0,0.04,Low Risk
10957,0,0.03,Low Risk
10958,1,0.74,High Risk
10959,1,0.78,High Risk
10960,0,0.1,Low Risk
10961,0,0.02,Low Risk
10962,1,0.96,High Risk
10963,0,0.17,Low Risk
10964,0,0.25,Low Risk
10965,0,0.11,Low Risk
10966,0,0.35,Low Risk
10967,0,0.07,Low Risk
10968,0,0.14,Low Risk
10969,0,0.17,Low Risk
10970,0,0.21,Low Risk
10971,0,0.19,Low Risk
10972,1,0.29,Low Risk
10973,0,0.12,Low Risk
10974,0,0.12,Low Risk
10975,0,0.14,Low Risk
10976,0,0.03,Low Risk
10977,1,0.89,High Risk
10978,1,0.86,High Risk
10979,1,0.76,High Risk
10980,1,0.7,Medium Risk
10981,1,0.81,High Risk
10982,0,0.23,Low Risk
10983,0,0.08,Low Risk
10984,1,0.94,High Risk
10985,0,0.19,Low Risk
10986,0,0.24,Low Risk
10987,0,0.17,Low Risk
10989,0,0.07,Low Risk
10990,1,0.92,High Risk
10991,0,0.03,Low Risk
10992,0,0.11,Low Risk
10993,1,0.19,Low Risk
10994,0,0.14,Low Risk
10996,1,0.88,High Risk
10997,1,0.73,High Risk
10998,1,0.74,High Risk
10999,0,0.13,Low Risk
11000,0,0.15,Low Risk
11001,0,0.02,Low Risk
11002,0,0.27,Low Risk
11003,1,0.66,Medium Risk
11004,0,0.11,Low Risk
11005,1,0.73,High Risk
11006,0,0.14,Low Risk
11007,1,0.76,High Risk
11008,1,0.87,High Risk
11009,1,0.76,High Risk
11010,1,0.89,High Risk
11011,0,0.45,Medium Risk
11012,1,0.88,High Risk
11013,0,0.24,Low Risk
11014,0,0.03,Low Risk
11015,1,0.72,High Risk
11016,1,0.95,High Risk
11017,0,0.03,Low Risk
11018,0,0.04,Low Risk
11019,0,0.15,Low Risk
11020,1,0.5,Medium Risk
11021,0,0.56,Medium Risk
11022,1,0.68,Medium Risk
11023,0,0.48,Medium Risk
11024,1,0.7,Medium Risk
11025,0,0.15,Low Risk
11026,0,0.1,Low Risk
11027,0,0.09,Low Risk
11028,0,0.21,Low Risk
11029,1,0.88,High Risk
11030,0,0.19,Low Risk
11031,0,0.12,Low Risk
11032,0,0.25,Low Risk
11033,0,0.09,Low Risk
11034,1,0.17,Low Risk
11035,1,0.82,High Risk
11036,0,0.12,Low Risk
11037,0,0.15,Low Risk
11038,0,0.23,Low Risk
11039,1,0.78,High Risk
11040,1,0.65,Medium Risk
11041,0,0.28,Low Risk
11042,1,0.98,High Risk
11043,1,0.92,High Risk
11044,0,0.33,Low Risk
11045,1,0.64,Medium Risk
11046,1,0.73,High Risk
11047,1,0.33,Low Risk
11048,1,0.95,High Risk
11049,0,0.04,Low Risk
11050,0,0.12,Low Risk
11051,0,0.1,Low Risk
11052,0,0.17,Low Risk
11053,1,0.76,High Risk
11054,1,0.72,High Risk
11055,0,0.3,Low Risk
11056,0,0.43,Medium Risk
11057,1,0.86,High Risk
11058,0,0.13,Low Risk
11059,1,0.92,High Risk
11060,0,0.15,Low Risk
11061,0,0.12,Low Risk
11062,1,0.85,High Risk
11063,0,0.08,Low Risk
11064,0,0.13,Low Risk
11065,1,0.84,High Risk
11066,1,0.98,High Risk
11067,1,0.9,High Risk
11068,1,0.78,High Risk
11069,0,0.18,Low Risk
11070,1,0.83,High Risk
11071,1,0.93,High Risk
11072,0,0.15,Low Risk
11073,1,0.76,High Risk
11074,1,0.73,High Risk
11075,0,0.2,Low Risk
11076,0,0.17,Low Risk
11077,1,0.74,High Risk
11078,0,0.22,Low Risk
11079,1,0.45,Medium Risk
11080,0,0.24,Low Risk
11081,0,0.4,Low Risk
11082,1,0.91,High Risk
11083,0,0.08,Low Risk
11084,0,0.27,Low Risk
11085,0,0.04,Low Risk
11086,1,0.85,High Risk
11087,0,0.41,Medium Risk
11088,0,0.07,Low Risk
11089,1,0.8,High Risk
11090,0,0.02,Low Risk
11091,0,0.17,Low Risk
11092,0,0.2,Low Risk
11093,0,0.24,Low Risk
11094,1,0.93,High Risk
11095,0,0.3,Low Risk
11096,1,0.89,High Risk
11097,0,0.06,Low Risk
11098,1,0.42,Medium Risk
11099,0,0.14,Low Risk
11100,0,0.26,Low Risk
11101,0,0.24,Low Risk
11102,1,0.69,Medium Risk
11103,1,0.7,Medium Risk
11104,0,0.05,Low Risk
11105,1,0.75,High Risk
11106,1,0.74,High Risk
11107,0,0.02,Low Risk
11108,0,0.22,Low Risk
11109,1,0.91,High Risk
11110,0,0.18,Low Risk
11111,0,0.21,Low Risk
11112,0,0.03,Low Risk
11113,0,0.07,Low Risk
11114,0,0.08,Low Risk
11115,1,0.84,High Risk
11116,0,0.06,Low Risk
11117,0,0.01,Low Risk
11118,0,0.06,Low Risk
11119,0,0.38,Low Risk
11120,1,0.85,High Risk
11121,1,0.68,Medium Risk
11122,0,0.31,Low Risk
11123,0,0.05,Low Risk
11124,1,0.11,Low Risk
11125,0,0.03,Low Risk
11126,1,0.76,High Risk
11127,0,0.57,Medium Risk
11128,1,0.73,High Risk
11129,1,0.72,High Risk
11130,0,0.48,Medium Risk
11131,0,0.07,Low Risk
11132,1,0.9,High Risk
11133,0,0.05,Low Risk
11134,0,0.21,Low Risk
11135,1,0.29,Low Risk
11136,0,0.08,Low Risk
11137,1,0.79,High Risk
11138,1,0.38,Low Risk
11139,1,0.86,High Risk
11140,0,0.28,Low Risk
11141,0,0.13,Low Risk
11142,1,0.51,Medium Risk
11143,1,0.88,High Risk
11144,1,0.81,High Risk
11145,0,0.15,Low Risk
11146,1,0.83,High Risk
11147,0,0.06,Low Risk
11148,0,0.07,Low Risk
11149,1,0.76,High Risk
11150,0,0.24,Low Risk
11151,1,0.91,High Risk
11152,1,0.94,High Risk
11153,1,0.49,Medium Risk
11154,0,0.29,Low Risk
11155,0,0.78,High Risk
11156,1,0.81,High Risk
11157,0,0.29,Low Risk
11158,0,0.08,Low Risk
11159,0,0.06,Low Risk
11160,0,0.2,Low Risk
11161,0,0.13,Low Risk
11162,0,0.23,Low Risk
11163,0,0.47,Medium Risk
11164,1,0.75,High Risk
11165,0,0.04,Low Risk
11166,0,0.06,Low Risk
11167,0,0.15,Low Risk
11168,0,0.14,Low Risk
11169,0,0.07,Low Risk
11170,0,0.32,Low Risk
11171,0,0.1,Low Risk
11172,0,0.29,Low Risk
11173,1,0.6,Medium Risk
11174,0,0.14,Low Risk
11175,0,0.09,Low Risk
11176,1,0.94,High Risk
11177,0,0.33,Low Risk
11178,1,0.9,High Risk
11179,0,0.22,Low Risk
11180,0,0.11,Low Risk
11181,1,0.83,High Risk
11182,0,0.12,Low Risk
11183,1,0.44,Medium Risk
11184,1,0.55,Medium Risk
11186,0,0.47,Medium Risk
11187,0,0.45,Medium Risk
11188,1,0.68,Medium Risk
11189,0,0.06,Low Risk
11190,0,0.23,Low Risk
11191,1,0.87,High Risk
11192,0,0.06,Low Risk
11193,0,0.04,Low Risk
11194,0,0.03,Low Risk
11195,1,0.33,Low Risk
11196,1,0.79,High Risk
11197,0,0.1,Low Risk
11198,1,0.81,High Risk
11199,0,0.19,Low Risk
11200,0,0.04,Low Risk
11201,0,0.1,Low Risk
11202,0,0.05,Low Risk
11203,0,0.13,Low Risk
11204,0,0.01,Low Risk
11205,0,0.11,Low Risk
11206,0,0.15,Low Risk
11207,1,0.79,High Risk
11208,0,0.04,Low Risk
11209,0,0.23,Low Risk
11210,0,0.07,Low Risk
11211,0,0.14,Low Risk
11212,0,0.65,Medium Risk
11213,1,0.85,High Risk
11214,0,0.04,Low Risk
11215,0,0.09,Low Risk
11216,1,0.85,High Risk
11217,1,0.56,Medium Risk
11218,1,0.76,High Risk
11219,0,0.23,Low Risk
11220,1,0.86,High Risk
11221,0,0.12,Low Risk
11222,0,0.18,Low Risk
11223,1,0.39,Low Risk
11224,1,0.38,Low Risk
11225,0,0.14,Low Risk
11226,0,0.28,Low Risk
11227,1,0.79,High Risk
11228,1,0.78,High Risk
11229,1,0.71,High Risk
11230,1,0.93,High Risk
11231,0,0.25,Low Risk
11232,1,0.74,High Risk
11233,0,0.07,Low Risk
11234,0,0.02,Low Risk
11235,1,0.74,High Risk
11236,0,0.21,Low Risk
11237,1,0.91,High Risk
11238,0,0.05,Low Risk
11239,0,0.12,Low Risk
11240,0,0.03,Low Risk
11241,1,0.63,Medium Risk
11242,0,0.02,Low Risk
11243,0,0.06,Low Risk
11244,0,0.19,Low Risk
11245,0,0.13,Low Risk
11246,0,0.08,Low Risk
11247,0,0.14,Low Risk
11248,1,0.67,Medium Risk
11249,0,0.1,Low Risk
11250,1,0.55,Medium Risk
11251,0,0.05,Low Risk
11252,1,0.8,High Risk
11253,1,0.66,Medium Risk
11254,1,0.7,Medium Risk
11255,0,0.03,Low Risk
11256,0,0.08,Low Risk
11257,0,0.27,Low Risk
11258,0,0.08,Low Risk
11259,0,0.24,Low Risk
11260,1,0.89,High Risk
11261,1,0.99,High Risk
11262,0,0.24,Low Risk
11263,0,0.1,Low Risk
11264,0,0.12,Low Risk
11265,0,0.16,Low Risk
11266,0,0.07,Low Risk
11267,1,0.73,High Risk
11268,0,0.31,Low Risk
11269,0,0.2,Low Risk
11270,1,0.75,High Risk
11271,0,0.1,Low Risk
11272,0,0.11,Low Risk
11273,1,0.92,High Risk
11274,0,0.12,Low Risk
11275,1,0.77,High Risk
11276,0,0.2,Low Risk
11277,1,0.88,High Risk
11278,1,0.71,High Risk
11279,0,0.36,Low Risk
11280,1,0.86,High Risk
11281,1,0.7,Medium Risk
11282,0,0.12,Low Risk
11283,0,0.17,Low Risk
11284,1,0.71,High Risk
11285,0,0.01,Low Risk
11286,0,0.17,Low Risk
11287,1,0.39,Low Risk
11288,0,0.14,Low Risk
11289,0,0.16,Low Risk
11290,0,0.06,Low Risk
11291,1,0.37,Low Risk
11292,0,0.09,Low Risk
11293,0,0.18,Low Risk
11294,1,0.51,Medium Risk
11295,1,0.82,High Risk
11296,0,0.4,Low Risk
11297,0,0.07,Low Risk
11298,0,0.21,Low Risk
11299,0,0.06,Low Risk
11300,1,0.17,Low Risk
11301,0,0.08,Low Risk
11302,0,0.1,Low Risk
11303,0,0.38,Low Risk
11304,0,0.14,Low Risk
11305,0,0.18,Low Risk
11306,1,0.92,High Risk
11307,0,0.17,Low Risk
11308,1,0.91,High Risk
11309,0,0.21,Low Risk
11310,0,0.21,Low Risk
11311,0,0.17,Low Risk
11312,0,0.12,Low Risk
11313,0,0.09,Low Risk
11314,0,0.15,Low Risk
11315,0,0.13,Low Risk
11316,1,0.91,High Risk
11317,1,0.92,High Risk
11318,1,0.34,Low Risk
11319,1,0.62,Medium Risk
11320,1,0.81,High Risk
11321,0,0.22,Low Risk
11322,1,0.86,High Risk
11323,0,0.15,Low Risk
11324,1,0.25,Low Risk
11325,0,0.19,Low Risk
11326,0,0.03,Low Risk
11327,0,0.05,Low Risk
11328,0,0.01,Low Risk
11329,1,0.72,High Risk
11330,0,0.26,Low Risk
11331,1,0.8,High Risk
11332,0,0.09,Low Risk
11333,1,0.78,High Risk
11334,0,0.05,Low Risk
11335,1,0.67,Medium Risk
11336,0,0.23,Low Risk
11337,0,0.14,Low Risk
11338,1,0.86,High Risk
11339,0,0.16,Low Risk
11340,0,0.14,Low Risk
11341,0,0.11,Low Risk
11342,0,0.16,Low Risk
11343,0,0.05,Low Risk
11344,0,0.07,Low Risk
11345,0,0.15,Low Risk
11346,1,0.7,Medium Risk
11347,0,0.05,Low Risk
11348,0,0.23,Low Risk
11349,0,0.2,Low Risk
11350,1,0.47,Medium Risk
11351,0,0.46,Medium Risk
11352,0,0.09,Low Risk
11353,1,0.67,Medium Risk
11354,0,0.3,Low Risk
11355,0,0.13,Low Risk
11358,0,0.01,Low Risk
11359,0,0.17,Low Risk
11360,0,0.12,Low Risk
11361,0,0.19,Low Risk
11362,1,0.84,High Risk
11363,1,0.7,Medium Risk
11364,0,0.63,Medium Risk
11365,0,0.19,Low Risk
11366,1,0.33,Low Risk
11367,0,0.17,Low Risk
11368,0,0.23,Low Risk
11369,1,0.73,High Risk
11370,0,0.1,Low Risk
11371,0,0.11,Low Risk
11372,0,0.26,Low Risk
11373,1,0.83,High Risk
11374,0,0.06,Low Risk
11375,0,0.28,Low Risk
11376,0,0.09,Low Risk
11377,0,0.21,Low Risk
11378,1,0.65,Medium Risk
11379,0,0.1,Low Risk
11380,0,0.05,Low Risk
11381,0,0.05,Low Risk
11382,0,0.19,Low Risk
11383,0,0.03,Low Risk
11384,0,0.03,Low Risk
11385,0,0.13,Low Risk
11386,0,0.14,Low Risk
11387,1,0.88,High Risk
11388,1,0.84,High Risk
11389,1,0.81,High Risk
11390,1,0.83,High Risk
11391,1,0.19,Low Risk
11392,0,0.11,Low Risk
11393,1,0.71,High Risk
11394,0,0.13,Low Risk
11395,0,0.1,Low Risk
11396,1,0.55,Medium Risk
11397,0,0.06,Low Risk
11398,0,0.15,Low Risk
11399,0,0.15,Low Risk
11400,0,0.13,Low Risk
11401,1,0.68,Medium Risk
11402,1,0.88,High Risk
11403,1,0.95,High Risk
11404,1,0.75,High Risk
11405,1,0.43,Medium Risk
11406,0,0.3,Low Risk
11407,0,0.03,Low Risk
11408,1,0.94,High Risk
11409,1,0.75,High Risk
11410,0,0.35,Low Risk
11411,0,0.19,Low Risk
11412,0,0.24,Low Risk
11413,0,0.12,Low Risk
11414,1,0.57,Medium Risk
11415,1,0.85,High Risk
11416,1,0.84,High Risk
11417,0,0.6,Medium Risk
11418,0,0.11,Low Risk
11419,1,0.82,High Risk
11420,1,0.33,Low Risk
11421,0,0.18,Low Risk
11422,1,0.98,High Risk
11423,0,0.55,Medium Risk
11424,0,0.0,Low Risk
11425,0,0.29,Low Risk
11426,0,0.05,Low Risk
11427,1,0.86,High Risk
11428,0,0.03,Low Risk
11429,1,0.79,High Risk
11430,0,0.09,Low Risk
11431,1,0.75,High Risk
11432,1,0.92,High Risk
11433,0,0.07,Low Risk
11434,0,0.31,Low Risk
11435,1,0.78,High Risk
11436,1,0.91,High Risk
11437,0,0.21,Low Risk
11438,0,0.04,Low Risk
11439,0,0.22,Low Risk
11440,0,0.2,Low Risk
11441,0,0.27,Low Risk
11442,0,0.11,Low Risk
11443,1,0.88,High Risk
11444,0,0.17,Low Risk
11445,0,0.11,Low Risk
11446,0,0.06,Low Risk
11447,0,0.19,Low Risk
11448,1,0.81,High Risk
11449,0,0.11,Low Risk
11450,0,0.09,Low Risk
11451,1,0.35,Low Risk
11452,1,0.65,Medium Risk
11453,0,0.09,Low Risk
11454,1,0.65,Medium Risk
11455,0,0.25,Low Risk
11456,0,0.29,Low Risk
11457,0,0.14,Low Risk
11458,1,0.72,High Risk
11459,1,0.75,High Risk
11460,0,0.28,Low Risk
11461,1,0.77,High Risk
11462,1,0.66,Medium Risk
11463,1,0.88,High Risk
11464,1,0.82,High Risk
11465,0,0.61,Medium Risk
11466,1,0.64,Medium Risk
11467,1,0.61,Medium Risk
11468,1,0.7,Medium Risk
11469,1,0.93,High Risk
11470,0,0.04,Low Risk
11471,0,0.04,Low Risk
11472,0,0.17,Low Risk
11473,0,0.23,Low Risk
11474,0,0.2,Low Risk
11475,1,0.81,High Risk
11476,1,0.11,Low Risk
11477,0,0.09,Low Risk
11478,0,0.18,Low Risk
11479,0,0.14,Low Risk
11480,1,0.7,Medium Risk
11481,0,0.3,Low Risk
11482,1,0.77,High Risk
11483,1,0.71,High Risk
11484,0,0.12,Low Risk
11485,0,0.11,Low Risk
11486,1,0.83,High Risk
11487,0,0.12,Low Risk
11488,1,0.66,Medium Risk
11489,1,0.76,High Risk
11490,0,0.48,Medium Risk
11491,1,0.75,High Risk
11492,0,0.13,Low Risk
11493,0,0.06,Low Risk
11494,0,0.07,Low Risk
11495,1,0.75,High Risk
11496,1,0.83,High Risk
11497,0,0.04,Low Risk
11498,0,0.1,Low Risk
11499,1,0.73,High Risk
11500,1,0.92,High Risk
11501,0,0.27,Low Risk
11502,1,0.75,High Risk
11503,0,0.02,Low Risk
11504,0,0.24,Low Risk
11505,0,0.06,Low Risk
11506,0,0.24,Low Risk
11507,0,0.09,Low Risk
11508,0,0.38,Low Risk
11509,1,0.91,High Risk
11510,0,0.29,Low Risk
11511,0,0.14,Low Risk
11512,0,0.19,Low Risk
11513,0,0.07,Low Risk
11514,0,0.16,Low Risk
11515,0,0.16,Low Risk
11516,1,0.78,High Risk
11517,0,0.16,Low Risk
11518,1,0.94,High Risk
11519,1,0.83,High Risk
11520,0,0.53,Medium Risk
11521,0,0.09,Low Risk
11522,0,0.21,Low Risk
11523,0,0.69,Medium Risk
11524,0,0.11,Low Risk
11525,1,0.77,High Risk
11526,0,0.07,Low Risk
11527,0,0.13,Low Risk
11528,1,0.77,High Risk
11529,0,0.22,Low Risk
11530,1,0.91,High Risk
11531,1,0.72,High Risk
11532,0,0.18,Low Risk
11533,0,0.3,Low Risk
11534,1,0.36,Low Risk
11535,1,0.76,High Risk
11536,0,0.17,Low Risk
11537,1,0.72,High Risk
11538,0,0.17,Low Risk
11539,0,0.19,Low Risk
11540,1,0.74,High Risk
11541,0,0.07,Low Risk
11542,0,0.18,Low Risk
11543,1,0.75,High Risk
11544,1,0.76,High Risk
11545,1,0.66,Medium Risk
11546,0,0.23,Low Risk
11547,0,0.8,High Risk
11548,0,0.24,Low Risk
11549,0,0.3,Low Risk
11550,0,0.12,Low Risk
11551,0,0.31,Low Risk
11552,0,0.08,Low Risk
11553,0,0.17,Low Risk
11554,0,0.28,Low Risk
11555,0,0.15,Low Risk
11556,0,0.33,Low Risk
11557,1,0.7,Medium Risk
11558,0,0.21,Low Risk
11559,1,0.67,Medium Risk
11560,1,0.82,High Risk
11561,1,0.53,Medium Risk
11562,0,0.09,Low Risk
11563,1,0.75,High Risk
11564,1,0.9,High Risk
11565,1,0.93,High Risk
11566,0,0.02,Low Risk
11567,0,0.17,Low Risk
11568,1,0.3,Low Risk
11569,0,0.04,Low Risk
11570,1,0.34,Low Risk
11571,1,0.85,High Risk
11572,0,0.08,Low Risk
11573,0,0.05,Low Risk
11574,1,0.83,High Risk
11575,0,0.19,Low Risk
11576,0,0.11,Low Risk
11577,1,0.73,High Risk
11578,0,0.04,Low Risk
11579,0,0.51,Medium Risk
11580,0,0.27,Low Risk
11581,1,0.8,High Risk
11582,0,0.05,Low Risk
11583,0,0.02,Low Risk
11584,1,0.66,Medium Risk
11585,0,0.07,Low Risk
11586,0,0.22,Low Risk
11587,0,0.06,Low Risk
11588,0,0.16,Low Risk
11589,0,0.11,Low Risk
11590,1,0.97,High Risk
11591,0,0.18,Low Risk
11592,0,0.08,Low Risk
11593,0,0.4,Low Risk
11594,1,0.75,High Risk
11595,0,0.08,Low Risk
11596,0,0.12,Low Risk
11597,1,0.76,High Risk
11598,0,0.1,Low Risk
11599,0,0.04,Low Risk
11600,0,0.12,Low Risk
11601,1,0.74,High Risk
11602,0,0.11,Low Risk
11603,0,0.19,Low Risk
11604,0,0.37,Low Risk
11605,0,0.11,Low Risk
11606,0,0.15,Low Risk
11607,0,0.48,Medium Risk
11608,1,0.74,High Risk
11609,0,0.06,Low Risk
11610,0,0.13,Low Risk
11611,0,0.14,Low Risk
11612,0,0.33,Low Risk
11613,1,0.8,High Risk
11614,0,0.76,High Risk
11615,0,0.21,Low Risk
11616,0,0.22,Low Risk
11617,0,0.05,Low Risk
11618,0,0.12,Low Risk
11619,1,0.78,High Risk
11620,1,0.71,High Risk
11621,0,0.0,Low Risk
11622,0,0.18,Low Risk
11623,1,0.7,Medium Risk
11624,1,0.85,High Risk
11625,0,0.18,Low Risk
11626,0,0.1,Low Risk
11627,0,0.35,Low Risk
11628,0,0.17,Low Risk
11629,0,0.05,Low Risk
11630,0,0.28,Low Risk
11631,0,0.3,Low Risk
11632,1,0.69,Medium Risk
11633,1,0.72,High Risk
11634,0,0.07,Low Risk
11635,1,0.83,High Risk
11636,1,0.85,High Risk
11637,0,0.24,Low Risk
11638,1,0.89,High Risk
11639,0,0.09,Low Risk
11640,1,0.75,High Risk
11641,1,0.82,High Risk
11642,1,0.86,High Risk
11643,1,0.91,High Risk
11644,0,0.07,Low Risk
11645,0,0.06,Low Risk
11646,0,0.28,Low Risk
11647,0,0.02,Low Risk
11648,1,0.87,High Risk
11649,0,0.05,Low Risk
11650,0,0.05,Low Risk
11651,1,0.86,High Risk
11652,0,0.5,Medium Risk
11653,0,0.14,Low Risk
11654,1,0.57,Medium Risk
11655,1,0.69,Medium Risk
11656,1,0.94,High Risk
11657,0,0.26,Low Risk
11658,1,0.71,High Risk
11659,1,0.75,High Risk
11660,1,0.88,High Risk
11661,0,0.07,Low Risk
11662,1,0.82,High Risk
11663,0,0.22,Low Risk
11664,0,0.15,Low Risk
11665,0,0.02,Low Risk
11666,0,0.03,Low Risk
11667,0,0.1,Low Risk
11668,0,0.08,Low Risk
11669,0,0.19,Low Risk
11670,0,0.12,Low Risk
11671,0,0.09,Low Risk
11672,0,0.17,Low Risk
11673,0,0.05,Low Risk
11674,0,0.26,Low Risk
11675,0,0.19,Low Risk
11676,1,0.63,Medium Risk
11677,0,0.11,Low Risk
11678,0,0.21,Low Risk
11679,1,0.85,High Risk
11680,0,0.05,Low Risk
11681,0,0.1,Low Risk
11682,0,0.14,Low Risk
11683,1,0.95,High Risk
11684,0,0.08,Low Risk
11685,1,0.82,High Risk
11686,0,0.14,Low Risk
11687,0,0.05,Low Risk
11688,1,0.48,Medium Risk
11689,0,0.1,Low Risk
11690,0,0.12,Low Risk
11691,0,0.28,Low Risk
11692,0,0.0,Low Risk
11693,0,0.28,Low Risk
11694,1,0.36,Low Risk
11695,0,0.22,Low Risk
11696,1,0.77,High Risk
11697,0,0.13,Low Risk
11698,0,0.33,Low Risk
11699,0,0.28,Low Risk
11700,1,0.76,High Risk
11701,0,0.03,Low Risk
11702,0,0.16,Low Risk
11703,1,0.93,High Risk
11705,0,0.09,Low Risk
11706,0,0.03,Low Risk
11707,1,0.94,High Risk
11708,0,0.06,Low Risk
11709,0,0.06,Low Risk
11710,0,0.15,Low Risk
11711,0,0.24,Low Risk
11712,0,0.07,Low Risk
11713,1,0.67,Medium Risk
11714,0,0.12,Low Risk
11715,1,0.8,High Risk
11716,0,0.28,Low Risk
11717,1,0.89,High Risk
11718,1,0.67,Medium Risk
11719,0,0.29,Low Risk
11720,0,0.15,Low Risk
11721,1,0.73,High Risk
11722,1,0.7,Medium Risk
11723,1,0.25,Low Risk
11724,0,0.25,Low Risk
11725,1,0.7,Medium Risk
11726,1,0.46,Medium Risk
11727,1,0.72,High Risk
11728,0,0.06,Low Risk
11729,0,0.1,Low Risk
11730,0,0.18,Low Risk
11731,0,0.05,Low Risk
11732,0,0.13,Low Risk
11733,0,0.08,Low Risk
11734,0,0.08,Low Risk
11735,1,0.87,High Risk
11736,0,0.02,Low Risk
11737,1,0.66,Medium Risk
11738,1,0.91,High Risk
11739,0,0.1,Low Risk
11740,0,0.01,Low Risk
11741,1,0.64,Medium Risk
11742,1,0.86,High Risk
11743,1,0.89,High Risk
11744,1,0.89,High Risk
11745,0,0.12,Low Risk
11746,0,0.14,Low Risk
11747,0,0.15,Low Risk
11748,0,0.04,Low Risk
11749,0,0.15,Low Risk
11750,0,0.44,Medium Risk
11751,0,0.06,Low Risk
11752,1,0.9,High Risk
11753,0,0.86,High Risk
11754,0,0.04,Low Risk
11755,1,0.87,High Risk
11756,0,0.07,Low Risk
11757,0,0.32,Low Risk
11758,0,0.09,Low Risk
11759,1,0.98,High Risk
11760,0,0.13,Low Risk
11761,0,0.08,Low Risk
11762,0,0.08,Low Risk
11763,0,0.06,Low Risk
11764,0,0.02,Low Risk
11765,0,0.05,Low Risk
11766,0,0.33,Low Risk
11767,0,0.28,Low Risk
11768,0,0.15,Low Risk
11769,0,0.11,Low Risk
11770,0,0.15,Low Risk
11771,0,0.64,Medium Risk
11772,1,0.98,High Risk
11773,0,0.24,Low Risk
11774,0,0.11,Low Risk
11775,0,0.11,Low Risk
11776,0,0.1,Low Risk
11777,0,0.05,Low Risk
11778,0,0.06,Low Risk
11779,1,0.56,Medium Risk
11780,1,0.85,High Risk
11781,0,0.25,Low Risk
11782,0,0.04,Low Risk
11783,1,0.78,High Risk
11784,1,0.78,High Risk
11785,1,0.67,Medium Risk
11786,1,0.78,High Risk
11787,0,0.7,Medium Risk
11788,1,0.93,High Risk
11789,1,0.92,High Risk
11790,1,0.9,High Risk
11791,1,0.86,High Risk
11792,1,0.78,High Risk
11793,1,0.84,High Risk
11794,1,0.83,High Risk
11795,0,0.11,Low Risk
11796,0,0.08,Low Risk
11797,1,0.88,High Risk
11798,1,0.79,High Risk
11799,0,0.14,Low Risk
11800,0,0.11,Low Risk
11801,0,0.13,Low Risk
11802,0,0.38,Low Risk
11803,0,0.54,Medium Risk
11804,0,0.21,Low Risk
11805,0,0.17,Low Risk
11806,0,0.21,Low Risk
11807,0,0.1,Low Risk
11808,0,0.21,Low Risk
11809,0,0.1,Low Risk
11810,1,0.09,Low Risk
11811,0,0.31,Low Risk
11812,1,0.75,High Risk
11813,0,0.01,Low Risk
11814,1,0.88,High Risk
11815,0,0.04,Low Risk
11816,1,0.79,High Risk
11817,0,0.21,Low Risk
11818,1,0.75,High Risk
11819,0,0.1,Low Risk
11820,0,0.04,Low Risk
11821,0,0.13,Low Risk
11822,0,0.27,Low Risk
11823,0,0.33,Low Risk
11824,1,0.77,High Risk
11825,0,0.78,High Risk
11826,0,0.09,Low Risk
11827,0,0.43,Medium Risk
11828,1,0.88,High Risk
11829,1,0.6,Medium Risk
11830,1,0.85,High Risk
11831,1,0.83,High Risk
11832,1,0.87,High Risk
11833,1,0.82,High Risk
11834,0,0.74,High Risk
11835,0,0.23,Low Risk
11836,0,0.2,Low Risk
11837,0,0.13,Low Risk
11838,0,0.23,Low Risk
11839,1,0.88,High Risk
11840,0,0.15,Low Risk
11841,1,0.73,High Risk
11842,0,0.39,Low Risk
11843,0,0.03,Low Risk
11844,1,0.86,High Risk
11845,0,0.09,Low Risk
11846,1,0.88,High Risk
11847,0,0.12,Low Risk
11848,0,0.11,Low Risk
11849,0,0.14,Low Risk
11850,0,0.21,Low Risk
11851,1,0.45,Medium Risk
11852,0,0.11,Low Risk
11853,1,0.7,Medium Risk
11854,1,0.82,High Risk
11855,0,0.23,Low Risk
11856,0,0.44,Medium Risk
11857,0,0.16,Low Risk
11858,1,0.77,High Risk
11859,0,0.07,Low Risk
11860,0,0.32,Low Risk
11861,1,0.64,Medium Risk
11862,0,0.18,Low Risk
11863,1,0.73,High Risk
11864,0,0.16,Low Risk
11865,1,0.75,High Risk
11866,1,0.61,Medium Risk
11867,0,0.2,Low Risk
11868,1,0.88,High Risk
11869,1,0.89,High Risk
11870,0,0.04,Low Risk
11871,0,0.2,Low Risk
11872,1,0.89,High Risk
11873,0,0.55,Medium Risk
11874,1,0.87,High Risk
11875,0,0.72,High Risk
11876,0,0.37,Low Risk
11877,0,0.56,Medium Risk
11878,1,0.94,High Risk
11879,0,0.05,Low Risk
11880,0,0.25,Low Risk
11881,0,0.13,Low Risk
11882,0,0.25,Low Risk
11883,0,0.16,Low Risk
11884,1,0.56,Medium Risk
11885,0,0.22,Low Risk
11886,0,0.33,Low Risk
11887,1,0.41,Medium Risk
11888,0,0.24,Low Risk
11889,0,0.22,Low Risk
11890,1,0.21,Low Risk
11891,1,0.72,High Risk
11892,0,0.12,Low Risk
11893,0,0.27,Low Risk
11894,1,0.79,High Risk
11895,0,0.08,Low Risk
11896,0,0.13,Low Risk
11897,0,0.14,Low Risk
11898,1,0.81,High Risk
11899,0,0.09,Low Risk
11900,0,0.23,Low Risk
11901,0,0.21,Low Risk
11902,0,0.62,Medium Risk
11903,1,0.77,High Risk
11904,1,0.59,Medium Risk
11905,1,0.84,High Risk
11906,1,0.77,High Risk
11907,1,0.65,Medium Risk
11908,0,0.07,Low Risk
11909,0,0.21,Low Risk
11910,1,0.83,High Risk
11911,1,0.73,High Risk
11912,0,0.04,Low Risk
11913,0,0.55,Medium Risk
11914,0,0.7,Medium Risk
11915,0,0.24,Low Risk
11916,1,0.88,High Risk
11917,0,0.04,Low Risk
11918,0,0.34,Low Risk
11919,0,0.03,Low Risk
11920,0,0.04,Low Risk
11921,0,0.56,Medium Risk
11922,0,0.27,Low Risk
11923,0,0.05,Low Risk
11924,0,0.37,Low Risk
11925,0,0.04,Low Risk
11926,0,0.34,Low Risk
11927,1,0.68,Medium Risk
11928,1,0.75,High Risk
11929,0,0.04,Low Risk
11930,1,0.9,High Risk
11931,0,0.19,Low Risk
11932,0,0.01,Low Risk
11933,1,0.21,Low Risk
11934,1,0.5,Medium Risk
11935,1,0.23,Low Risk
11936,1,0.76,High Risk
11937,0,0.17,Low Risk
11938,0,0.47,Medium Risk
11939,0,0.14,Low Risk
11940,1,0.75,High Risk
11941,0,0.09,Low Risk
11942,0,0.17,Low Risk
11943,0,0.24,Low Risk
11944,1,0.69,Medium Risk
11945,1,0.19,Low Risk
11946,1,0.72,High Risk
11947,0,0.53,Medium Risk
11948,0,0.31,Low Risk
11949,0,0.12,Low Risk
11950,0,0.17,Low Risk
11951,1,0.26,Low Risk
11952,0,0.15,Low Risk
11953,1,0.82,High Risk
11954,1,0.9,High Risk
11955,0,0.06,Low Risk
11956,0,0.09,Low Risk
11957,0,0.46,Medium Risk
11958,0,0.12,Low Risk
11959,0,0.04,Low Risk
11960,1,0.12,Low Risk
11961,1,0.64,Medium Risk
11962,0,0.23,Low Risk
11963,0,0.01,Low Risk
11964,0,0.09,Low Risk
11965,1,0.82,High Risk
11966,1,0.84,High Risk
11967,0,0.19,Low Risk
11968,1,0.69,Medium Risk
11969,0,0.13,Low Risk
11970,1,0.54,Medium Risk
11971,0,0.12,Low Risk
11972,0,0.05,Low Risk
11973,0,0.51,Medium Risk
11974,0,0.55,Medium Risk
11975,1,0.72,High Risk
11976,0,0.35,Low Risk
11977,0,0.33,Low Risk
11978,1,0.74,High Risk
11979,0,0.12,Low Risk
11980,1,0.81,High Risk
11981,0,0.22,Low Risk
11982,1,0.89,High Risk
11983,0,0.35,Low Risk
11984,0,0.27,Low Risk
11985,0,0.15,Low Risk
11986,1,0.84,High Risk
11987,0,0.11,Low Risk
11988,0,0.23,Low Risk
11989,0,0.11,Low Risk
11990,1,0.41,Medium Risk
11991,0,0.09,Low Risk
11992,1,0.66,Medium Risk
11993,0,0.24,Low Risk
11994,0,0.05,Low Risk
11995,1,0.83,High Risk
11996,0,0.23,Low Risk
11997,1,0.57,Medium Risk
11998,1,0.8,High Risk
11999,0,0.23,Low Risk
12000,0,0.1,Low Risk
12001,0,0.07,Low Risk
12002,0,0.19,Low Risk
12003,0,0.2,Low Risk
12004,1,0.16,Low Risk
12005,1,0.6,Medium Risk
12006,0,0.22,Low Risk
12007,1,0.71,High Risk
12008,1,0.84,High Risk
12009,0,0.16,Low Risk
12010,1,0.7,Medium Risk
12011,0,0.75,High Risk
12012,0,0.22,Low Risk
12013,0,0.1,Low Risk
12014,0,0.25,Low Risk
12015,1,0.68,Medium Risk
12016,1,0.65,Medium Risk
12017,1,0.85,High Risk
12018,1,0.72,High Risk
12019,0,0.62,Medium Risk
12020,0,0.15,Low Risk
12021,1,0.74,High Risk
12022,1,0.73,High Risk
12023,1,0.78,High Risk
12024,0,0.59,Medium Risk
12025,1,0.23,Low Risk
12026,1,0.65,Medium Risk
12027,0,0.14,Low Risk
12028,0,0.57,Medium Risk
12029,0,0.25,Low Risk
12030,0,0.14,Low Risk
12032,1,0.7,Medium Risk
12033,0,0.23,Low Risk
12034,0,0.15,Low Risk
12035,0,0.34,Low Risk
12037,0,0.35,Low Risk
12038,0,0.54,Medium Risk
12039,1,0.63,Medium Risk
12040,0,0.22,Low Risk
12041,0,0.15,Low Risk
12042,1,0.63,Medium Risk
12043,1,0.76,High Risk
12044,0,0.22,Low Risk
12045,1,0.9,High Risk
12046,0,0.0,Low Risk
12047,1,0.87,High Risk
12048,0,0.34,Low Risk
12049,0,0.19,Low Risk
12050,1,0.68,Medium Risk
12051,1,0.2,Low Risk
12052,0,0.14,Low Risk
12053,1,0.9,High Risk
12054,0,0.09,Low Risk
12055,0,0.12,Low Risk
12056,1,0.81,High Risk
12057,0,0.08,Low Risk
12058,0,0.13,Low Risk
12059,0,0.11,Low Risk
12060,0,0.16,Low Risk
12061,1,0.45,Medium Risk
12062,1,0.76,High Risk
12063,0,0.28,Low Risk
12064,0,0.22,Low Risk
12065,0,0.16,Low Risk
12066,0,0.15,Low Risk
12067,1,0.19,Low Risk
12068,1,0.82,High Risk
12069,0,0.29,Low Risk
12070,0,0.74,High Risk
12071,0,0.02,Low Risk
12072,1,0.76,High Risk
12073,0,0.08,Low Risk
12074,1,0.9,High Risk
12075,0,0.14,Low Risk
12076,0,0.39,Low Risk
12077,1,0.79,High Risk
12078,1,0.73,High Risk
12079,0,0.15,Low Risk
12080,1,0.87,High Risk
12081,1,0.73,High Risk
12082,0,0.15,Low Risk
12083,1,0.85,High Risk
12084,1,0.79,High Risk
12085,0,0.04,Low Risk
12086,0,0.12,Low Risk
12087,1,0.67,Medium Risk
12088,1,0.7,Medium Risk
12089,0,0.1,Low Risk
12090,0,0.14,Low Risk
12091,1,0.77,High Risk
12092,1,0.68,Medium Risk
12093,1,0.85,High Risk
12094,0,0.2,Low Risk
12095,0,0.1,Low Risk
12096,0,0.16,Low Risk
12097,0,0.15,Low Risk
12098,1,0.54,Medium Risk
12099,0,0.15,Low Risk
12100,0,0.14,Low Risk
12101,1,0.08,Low Risk
12102,0,0.07,Low Risk
12103,0,0.13,Low Risk
12104,1,0.85,High Risk
12105,0,0.15,Low Risk
12106,1,0.87,High Risk
12107,0,0.03,Low Risk
12108,1,0.86,High Risk
12109,1,0.64,Medium Risk
12110,1,0.55,Medium Risk
12111,1,0.68,Medium Risk
12112,0,0.15,Low Risk
12113,1,0.71,High Risk
12114,0,0.04,Low Risk
12115,0,0.3,Low Risk
12116,1,0.69,Medium Risk
12117,0,0.15,Low Risk
12118,0,0.35,Low Risk
12119,1,0.69,Medium Risk
12120,0,0.2,Low Risk
12121,0,0.14,Low Risk
12122,0,0.34,Low Risk
12123,0,0.19,Low Risk
12124,1,0.95,High Risk
12125,0,0.11,Low Risk
12126,0,0.14,Low Risk
12127,0,0.1,Low Risk
12128,0,0.09,Low Risk
12129,0,0.06,Low Risk
12130,0,0.74,High Risk
12131,0,0.1,Low Risk
12132,0,0.09,Low Risk
12133,1,0.88,High Risk
12134,0,0.18,Low Risk
12135,0,0.38,Low Risk
12136,1,0.86,High Risk
12137,0,0.2,Low Risk
12138,0,0.1,Low Risk
12139,1,0.89,High Risk
12140,0,0.15,Low Risk
12141,0,0.16,Low Risk
12142,0,0.19,Low Risk
12143,0,0.49,Medium Risk
12144,0,0.13,Low Risk
12145,0,0.09,Low Risk
12146,0,0.04,Low Risk
12147,1,0.76,High Risk
12148,1,0.76,High Risk
12149,1,0.75,High Risk
12150,0,0.02,Low Risk
12151,1,0.9,High Risk
12152,1,0.81,High Risk
12153,0,0.06,Low Risk
12154,1,0.88,High Risk
12155,1,0.79,High Risk
12156,1,0.85,High Risk
12157,1,0.07,Low Risk
12158,0,0.58,Medium Risk
12159,1,0.61,Medium Risk
12160,1,0.7,Medium Risk
12161,0,0.09,Low Risk
12162,1,0.79,High Risk
12163,0,0.1,Low Risk
12164,0,0.25,Low Risk
12165,0,0.13,Low Risk
12166,0,0.14,Low Risk
12167,0,0.27,Low Risk
12168,0,0.07,Low Risk
12169,1,0.78,High Risk
12170,0,0.06,Low Risk
12171,1,0.87,High Risk
12172,1,0.82,High Risk
12173,0,0.02,Low Risk
12174,1,0.23,Low Risk
12175,0,0.03,Low Risk
12176,1,0.44,Medium Risk
12177,0,0.17,Low Risk
12178,0,0.1,Low Risk
12179,0,0.1,Low Risk
12180,0,0.17,Low Risk
12182,0,0.41,Medium Risk
12183,1,0.95,High Risk
12184,1,0.71,High Risk
12185,1,0.59,Medium Risk
12186,1,0.74,High Risk
12187,0,0.11,Low Risk
12188,1,0.75,High Risk
12189,0,0.1,Low Risk
12190,1,0.63,Medium Risk
12191,1,0.84,High Risk
12192,0,0.27,Low Risk
12193,0,0.09,Low Risk
12194,1,0.87,High Risk
12195,0,0.24,Low Risk
12196,0,0.29,Low Risk
12197,1,0.29,Low Risk
12198,1,0.87,High Risk
12199,0,0.12,Low Risk
12200,1,0.78,High Risk
12201,1,0.7,Medium Risk
12202,1,0.86,High Risk
12203,1,0.83,High Risk
12204,0,0.37,Low Risk
12205,0,0.47,Medium Risk
12206,0,0.06,Low Risk
12207,0,0.21,Low Risk
12208,0,0.41,Medium Risk
12209,0,0.11,Low Risk
12210,1,0.67,Medium Risk
12211,0,0.3,Low Risk
12212,0,0.22,Low Risk
12213,1,0.84,High Risk
12214,0,0.13,Low Risk
12215,0,0.1,Low Risk
12216,1,0.84,High Risk
12217,0,0.41,Medium Risk
12218,1,0.83,High Risk
12219,1,0.84,High Risk
12220,0,0.02,Low Risk
12221,0,0.1,Low Risk
12222,1,0.75,High Risk
12223,0,0.15,Low Risk
12224,0,0.23,Low Risk
12225,0,0.64,Medium Risk
12226,1,0.74,High Risk
12227,0,0.23,Low Risk
12228,1,0.8,High Risk
12229,0,0.27,Low Risk
12230,0,0.14,Low Risk
12231,0,0.2,Low Risk
12232,1,0.91,High Risk
12233,0,0.13,Low Risk
12234,0,0.18,Low Risk
12235,0,0.09,Low Risk
12236,1,0.83,High Risk
12237,0,0.07,Low Risk
12238,0,0.21,Low Risk
12239,1,0.81,High Risk
12240,0,0.1,Low Risk
12241,0,0.02,Low Risk
12242,0,0.16,Low Risk
12243,0,0.27,Low Risk
12244,0,0.21,Low Risk
12245,0,0.02,Low Risk
12246,0,0.29,Low Risk
12247,0,0.11,Low Risk
12248,0,0.18,Low Risk
12249,0,0.14,Low Risk
12250,0,0.23,Low Risk
12251,0,0.32,Low Risk
12252,1,0.82,High Risk
12253,1,0.92,High Risk
12254,0,0.14,Low Risk
12255,1,0.66,Medium Risk
12256,1,0.8,High Risk
12257,1,0.83,High Risk
12258,1,0.84,High Risk
12259,0,0.07,Low Risk
12260,0,0.37,Low Risk
12261,0,0.26,Low Risk
12262,1,0.68,Medium Risk
12263,0,0.03,Low Risk
12264,0,0.09,Low Risk
12265,0,0.86,High Risk
12266,0,0.23,Low Risk
12267,0,0.07,Low Risk
12268,1,0.64,Medium Risk
12269,0,0.06,Low Risk
12270,0,0.07,Low Risk
12271,0,0.23,Low Risk
12272,0,0.24,Low Risk
12273,0,0.1,Low Risk
12274,0,0.21,Low Risk
12275,0,0.07,Low Risk
12276,0,0.05,Low Risk
12277,0,0.08,Low Risk
12278,0,0.21,Low Risk
12279,0,0.04,Low Risk
12280,0,0.02,Low Risk
12281,0,0.05,Low Risk
12282,0,0.16,Low Risk
12283,0,0.48,Medium Risk
12284,0,0.17,Low Risk
12285,0,0.16,Low Risk
12286,1,0.9,High Risk
12287,0,0.41,Medium Risk
12288,0,0.06,Low Risk
12289,1,0.96,High Risk
12290,0,0.88,High Risk
12291,1,0.78,High Risk
12292,1,0.94,High Risk
12293,0,0.19,Low Risk
12294,1,0.7,Medium Risk
12295,0,0.15,Low Risk
12296,0,0.19,Low Risk
12297,1,0.83,High Risk
12298,1,0.81,High Risk
12299,0,0.1,Low Risk
12300,0,0.22,Low Risk
12301,0,0.07,Low Risk
12302,1,0.9,High Risk
12303,0,0.18,Low Risk
12304,0,0.61,Medium Risk
12305,0,0.13,Low Risk
12306,1,0.72,High Risk
12307,1,0.64,Medium Risk
12308,1,0.88,High Risk
12309,0,0.14,Low Risk
12310,0,0.25,Low Risk
12311,0,0.7,Medium Risk
12312,0,0.07,Low Risk
12313,1,0.76,High Risk
12314,0,0.35,Low Risk
12315,0,0.17,Low Risk
12316,1,0.52,Medium Risk
12317,1,0.77,High Risk
12318,1,0.83,High Risk
12319,0,0.04,Low Risk
12320,1,0.92,High Risk
12321,0,0.29,Low Risk
12322,0,0.14,Low Risk
12323,0,0.06,Low Risk
12324,0,0.05,Low Risk
12325,1,0.94,High Risk
12326,0,0.21,Low Risk
12327,0,0.1,Low Risk
12328,0,0.07,Low Risk
12329,1,0.83,High Risk
12330,1,0.89,High Risk
12331,1,0.71,High Risk
12332,1,0.61,Medium Risk
12333,0,0.48,Medium Risk
12334,1,0.19,Low Risk
12335,1,0.21,Low Risk
12336,1,0.64,Medium Risk
12337,1,0.66,Medium Risk
12338,1,0.82,High Risk
12339,0,0.58,Medium Risk
12340,0,0.12,Low Risk
12341,0,0.15,Low Risk
12342,0,0.16,Low Risk
12343,0,0.07,Low Risk
12344,0,0.07,Low Risk
12345,0,0.19,Low Risk
12346,1,0.76,High Risk
12347,0,0.1,Low Risk
12348,0,0.27,Low Risk
12349,0,0.17,Low Risk
12350,0,0.13,Low Risk
12351,0,0.68,Medium Risk
12352,1,0.85,High Risk
12353,1,0.78,High Risk
12354,0,0.02,Low Risk
12355,0,0.09,Low Risk
12356,1,0.76,High Risk
12357,1,0.63,Medium Risk
12358,0,0.11,Low Risk
12359,0,0.2,Low Risk
12360,1,0.07,Low Risk
12361,0,0.23,Low Risk
12362,0,0.22,Low Risk
12363,0,0.15,Low Risk
12364,1,0.45,Medium Risk
12365,1,0.65,Medium Risk
12366,1,0.27,Low Risk
12367,0,0.27,Low Risk
12368,1,0.78,High Risk
12369,1,0.81,High Risk
12370,0,0.05,Low Risk
12371,1,0.35,Low Risk
12372,0,0.09,Low Risk
12373,1,0.76,High Risk
12374,0,0.5,Medium Risk
12375,1,0.83,High Risk
12376,1,0.82,High Risk
12377,0,0.22,Low Risk
12378,0,0.27,Low Risk
12379,1,0.55,Medium Risk
12380,1,0.79,High Risk
12381,0,0.13,Low Risk
12382,1,0.72,High Risk
12383,0,0.29,Low Risk
12384,0,0.01,Low Risk
12385,1,0.85,High Risk
12386,1,0.83,High Risk
12387,0,0.17,Low Risk
12388,0,0.12,Low Risk
12389,0,0.63,Medium Risk
12390,0,0.1,Low Risk
12391,0,0.11,Low Risk
12392,0,0.05,Low Risk
12393,0,0.23,Low Risk
12394,1,0.8,High Risk
12395,0,0.22,Low Risk
12396,0,0.2,Low Risk
12397,0,0.23,Low Risk
12398,1,0.48,Medium Risk
12399,0,0.2,Low Risk
12400,1,0.88,High Risk
12401,1,0.68,Medium Risk
12402,0,0.88,High Risk
12403,0,0.15,Low Risk
12404,1,0.3,Low Risk
12405,1,0.75,High Risk
12406,0,0.08,Low Risk
12407,0,0.19,Low Risk
12408,1,0.58,Medium Risk
12409,1,0.78,High Risk
12410,0,0.15,Low Risk
12411,0,0.04,Low Risk
12412,0,0.05,Low Risk
12413,1,0.78,High Risk
12414,0,0.27,Low Risk
12415,0,0.49,Medium Risk
12416,1,0.71,High Risk
12417,0,0.08,Low Risk
12418,1,0.78,High Risk
12419,0,0.44,Medium Risk
12420,1,0.76,High Risk
12421,0,0.1,Low Risk
12422,0,0.14,Low Risk
12423,1,0.65,Medium Risk
12424,1,0.82,High Risk
12425,1,0.81,High Risk
12426,0,0.11,Low Risk
12427,0,0.19,Low Risk
12428,0,0.35,Low Risk
12429,0,0.69,Medium Risk
12430,1,0.81,High Risk
12431,1,0.76,High Risk
12432,0,0.09,Low Risk
12433,0,0.42,Medium Risk
12434,1,0.7,Medium Risk
12435,1,0.8,High Risk
12436,1,0.87,High Risk
12437,1,0.45,Medium Risk
12438,0,0.55,Medium Risk
12439,1,0.81,High Risk
12440,0,0.13,Low Risk
12441,0,0.1,Low Risk
12442,1,0.37,Low Risk
12443,1,0.26,Low Risk
12444,0,0.01,Low Risk
12445,0,0.07,Low Risk
12446,0,0.07,Low Risk
12447,0,0.23,Low Risk
12448,1,0.3,Low Risk
12449,0,0.26,Low Risk
12450,1,0.79,High Risk
12451,0,0.18,Low Risk
12452,0,0.1,Low Risk
12453,0,0.07,Low Risk
12454,1,0.86,High Risk
12455,0,0.27,Low Risk
12456,0,0.04,Low Risk
12457,1,0.71,High Risk
12458,0,0.26,Low Risk
12459,0,0.17,Low Risk
12460,1,0.75,High Risk
12461,0,0.1,Low Risk
12462,0,0.06,Low Risk
12463,0,0.54,Medium Risk
12464,1,0.85,High Risk
12465,0,0.04,Low Risk
12466,1,0.72,High Risk
12467,0,0.19,Low Risk
12468,1,0.77,High Risk
12469,0,0.05,Low Risk
12470,1,0.69,Medium Risk
12471,0,0.65,Medium Risk
12472,1,0.73,High Risk
12473,1,0.69,Medium Risk
12474,1,0.81,High Risk
12475,0,0.03,Low Risk
12476,1,0.79,High Risk
12477,0,0.15,Low Risk
12478,0,0.17,Low Risk
12479,0,0.2,Low Risk
12480,0,0.51,Medium Risk
12481,1,0.68,Medium Risk
12482,1,0.92,High Risk
12483,0,0.21,Low Risk
12484,0,0.26,Low Risk
12485,1,0.75,High Risk
12486,0,0.06,Low Risk
12487,1,0.97,High Risk
12488,0,0.23,Low Risk
12489,1,0.73,High Risk
12490,0,0.01,Low Risk
12491,1,0.86,High Risk
12492,0,0.12,Low Risk
12493,1,0.06,Low Risk
12494,0,0.18,Low Risk
12495,0,0.11,Low Risk
12496,0,0.05,Low Risk
12497,1,0.75,High Risk
12498,0,0.07,Low Risk
12499,0,0.56,Medium Risk
12500,0,0.38,Low Risk
12501,0,0.28,Low Risk
12502,0,0.06,Low Risk
12503,0,0.06,Low Risk
12504,0,0.03,Low Risk
12505,0,0.12,Low Risk
12506,0,0.18,Low Risk
12507,0,0.1,Low Risk
12508,1,0.85,High Risk
12509,1,0.75,High Risk
12510,1,0.83,High Risk
12511,0,0.11,Low Risk
12512,1,0.73,High Risk
12513,0,0.12,Low Risk
12514,0,0.11,Low Risk
12515,0,0.11,Low Risk
12516,0,0.3,Low Risk
12517,0,0.24,Low Risk
12518,1,0.66,Medium Risk
12519,0,0.14,Low Risk
12520,0,0.35,Low Risk
12521,1,0.88,High Risk
12522,1,0.33,Low Risk
12523,1,0.72,High Risk
12524,1,0.76,High Risk
12525,0,0.13,Low Risk
12526,0,0.08,Low Risk
12527,0,0.04,Low Risk
12528,1,0.26,Low Risk
12529,1,0.82,High Risk
12530,1,0.71,High Risk
12531,1,0.59,Medium Risk
12532,0,0.03,Low Risk
12533,0,0.25,Low Risk
12534,0,0.18,Low Risk
12535,1,0.89,High Risk
12536,0,0.07,Low Risk
12537,1,0.78,High Risk
12538,1,0.66,Medium Risk
12539,0,0.24,Low Risk
12540,1,0.7,Medium Risk
12541,0,0.25,Low Risk
12542,0,0.17,Low Risk
12543,1,0.68,Medium Risk
12544,1,0.92,High Risk
12545,0,0.09,Low Risk
12546,1,0.68,Medium Risk
12547,1,0.74,High Risk
12548,0,0.11,Low Risk
12549,0,0.08,Low Risk
12550,0,0.23,Low Risk
12551,0,0.25,Low Risk
12552,0,0.19,Low Risk
12553,0,0.08,Low Risk
12554,1,0.2,Low Risk
12555,0,0.2,Low Risk
12556,1,0.48,Medium Risk
12557,0,0.07,Low Risk
12558,0,0.07,Low Risk
12559,1,0.34,Low Risk
12560,0,0.23,Low Risk
12561,1,0.52,Medium Risk
12562,0,0.04,Low Risk
12563,0,0.07,Low Risk
12564,1,0.72,High Risk
12565,0,0.14,Low Risk
12566,1,0.95,High Risk
12567,1,0.84,High Risk
12568,0,0.07,Low Risk
12569,0,0.56,Medium Risk
12570,1,0.69,Medium Risk
12571,0,0.09,Low Risk
12572,0,0.08,Low Risk
12573,1,0.79,High Risk
12574,0,0.48,Medium Risk
12575,0,0.56,Medium Risk
12576,1,0.29,Low Risk
12577,0,0.18,Low Risk
12578,0,0.67,Medium Risk
12579,1,0.77,High Risk
12580,0,0.04,Low Risk
12581,0,0.07,Low Risk
12582,1,0.92,High Risk
12583,0,0.05,Low Risk
12584,1,0.95,High Risk
12585,0,0.06,Low Risk
12586,0,0.22,Low Risk
12587,0,0.24,Low Risk
12588,1,0.7,Medium Risk
12589,0,0.1,Low Risk
12590,1,0.69,Medium Risk
12591,1,0.85,High Risk
12592,1,0.7,Medium Risk
12593,1,0.82,High Risk
12594,0,0.18,Low Risk
12595,0,0.06,Low Risk
12596,1,0.85,High Risk
12597,0,0.2,Low Risk
12598,1,0.71,High Risk
12599,1,0.68,Medium Risk
12600,0,0.11,Low Risk
12601,0,0.29,Low Risk
12602,0,0.07,Low Risk
12603,0,0.08,Low Risk
12604,0,0.29,Low Risk
12605,0,0.86,High Risk
12606,1,0.76,High Risk
12607,0,0.16,Low Risk
12608,0,0.11,Low Risk
12609,1,0.79,High Risk
12610,0,0.06,Low Risk
12611,1,0.73,High Risk
12612,0,0.2,Low Risk
12613,0,0.2,Low Risk
12614,0,0.2,Low Risk
12615,0,0.19,Low Risk
12616,0,0.1,Low Risk
12617,1,0.75,High Risk
12618,1,0.79,High Risk
12619,0,0.53,Medium Risk
12620,0,0.16,Low Risk
12622,0,0.21,Low Risk
12623,0,0.09,Low Risk
12624,1,0.15,Low Risk
12625,0,0.88,High Risk
12626,1,0.79,High Risk
12627,1,0.82,High Risk
12628,0,0.12,Low Risk
12629,1,0.72,High Risk
12630,0,0.12,Low Risk
12631,0,0.26,Low Risk
12632,1,0.65,Medium Risk
12633,0,0.18,Low Risk
12634,0,0.08,Low Risk
12635,0,0.03,Low Risk
12636,1,0.87,High Risk
12637,0,0.07,Low Risk
12638,0,0.07,Low Risk
12639,0,0.23,Low Risk
12640,1,0.84,High Risk
12641,0,0.26,Low Risk
12642,0,0.14,Low Risk
12643,1,0.25,Low Risk
12644,0,0.12,Low Risk
12645,0,0.03,Low Risk
12646,1,0.75,High Risk
12647,1,0.5,Medium Risk
12648,1,0.65,Medium Risk
12649,1,0.19,Low Risk
12650,1,0.86,High Risk
12651,1,0.74,High Risk
12652,1,0.32,Low Risk
12653,1,0.63,Medium Risk
12654,1,0.89,High Risk
12655,0,0.03,Low Risk
12656,0,0.15,Low Risk
12657,0,0.52,Medium Risk
12658,0,0.05,Low Risk
12659,1,0.79,High Risk
12660,0,0.26,Low Risk
12661,0,0.15,Low Risk
12662,1,0.2,Low Risk
12663,0,0.15,Low Risk
12664,0,0.2,Low Risk
12665,0,0.56,Medium Risk
12666,0,0.04,Low Risk
12667,1,0.75,High Risk
12668,1,0.72,High Risk
12669,1,0.31,Low Risk
12670,1,0.8,High Risk
12671,1,0.85,High Risk
12672,0,0.18,Low Risk
12673,0,0.09,Low Risk
12674,1,0.82,High Risk
12675,0,0.17,Low Risk
12676,1,0.82,High Risk
12677,0,0.23,Low Risk
12678,0,0.09,Low Risk
12680,0,0.27,Low Risk
12681,0,0.67,Medium Risk
12682,0,0.07,Low Risk
12683,1,0.19,Low Risk
12684,0,0.28,Low Risk
12685,1,0.7,Medium Risk
12686,1,0.78,High Risk
12687,1,0.89,High Risk
12688,0,0.1,Low Risk
12689,0,0.16,Low Risk
12690,0,0.12,Low Risk
12691,1,0.77,High Risk
12692,1,0.72,High Risk
12693,1,0.8,High Risk
12694,1,0.44,Medium Risk
12695,0,0.51,Medium Risk
12696,0,0.14,Low Risk
12697,0,0.14,Low Risk
12698,1,0.77,High Risk
12699,0,0.2,Low Risk
12700,1,0.77,High Risk
12701,0,0.21,Low Risk
12702,1,0.38,Low Risk
12703,0,0.13,Low Risk
12704,1,0.78,High Risk
12705,1,0.73,High Risk
12706,0,0.23,Low Risk
12707,0,0.16,Low Risk
12708,1,0.89,High Risk
12709,1,0.26,Low Risk
12710,0,0.1,Low Risk
12711,0,0.25,Low Risk
12712,1,0.94,High Risk
12713,0,0.04,Low Risk
12714,1,0.8,High Risk
12715,0,0.31,Low Risk
12716,0,0.07,Low Risk
12717,1,0.89,High Risk
12718,0,0.02,Low Risk
12719,0,0.16,Low Risk
12720,1,0.64,Medium Risk
12721,1,0.84,High Risk
12722,0,0.09,Low Risk
12723,1,0.8,High Risk
12724,0,0.18,Low Risk
12725,1,0.78,High Risk
12726,0,0.12,Low Risk
12727,0,0.08,Low Risk
12728,0,0.1,Low Risk
12729,1,0.35,Low Risk
12730,1,0.74,High Risk
12731,0,0.18,Low Risk
12733,0,0.2,Low Risk
12734,0,0.09,Low Risk
12735,0,0.13,Low Risk
12736,1,0.75,High Risk
12737,0,0.13,Low Risk
12738,1,0.95,High Risk
12739,0,0.01,Low Risk
12740,1,0.42,Medium Risk
12741,1,0.72,High Risk
12742,0,0.08,Low Risk
12743,0,0.35,Low Risk
12744,1,0.74,High Risk
12745,1,0.66,Medium Risk
12746,0,0.23,Low Risk
12747,0,0.36,Low Risk
12748,1,0.91,High Risk
12749,1,0.74,High Risk
12750,0,0.05,Low Risk
12751,1,0.81,High Risk
12752,1,0.51,Medium Risk
12753,1,0.7,Medium Risk
12754,0,0.24,Low Risk
12755,1,0.62,Medium Risk
12756,0,0.2,Low Risk
12757,1,0.82,High Risk
12758,0,0.25,Low Risk
12759,0,0.11,Low Risk
12760,0,0.12,Low Risk
12761,0,0.15,Low Risk
12762,0,0.04,Low Risk
12763,0,0.07,Low Risk
12764,0,0.09,Low Risk
12765,0,0.19,Low Risk
12766,0,0.09,Low Risk
12767,1,0.81,High Risk
12768,1,0.89,High Risk
12769,1,0.32,Low Risk
12770,1,0.94,High Risk
12771,0,0.05,Low Risk
12772,1,0.47,Medium Risk
12773,0,0.28,Low Risk
12774,0,0.05,Low Risk
12775,1,0.64,Medium Risk
12776,1,0.8,High Risk
12777,0,0.34,Low Risk
12778,1,0.62,Medium Risk
12779,1,0.76,High Risk
12780,0,0.13,Low Risk
12781,0,0.12,Low Risk
12782,1,0.63,Medium Risk
12783,0,0.23,Low Risk
12784,0,0.23,Low Risk
12785,1,0.79,High Risk
12786,0,0.02,Low Risk
12787,1,0.82,High Risk
12788,0,0.11,Low Risk
12789,0,0.15,Low Risk
12790,1,0.91,High Risk
12791,1,0.83,High Risk
12792,0,0.02,Low Risk
12793,1,0.92,High Risk
12794,0,0.1,Low Risk
12795,0,0.09,Low Risk
12796,1,0.29,Low Risk
12797,0,0.08,Low Risk
12798,0,0.14,Low Risk
12799,0,0.06,Low Risk
12800,0,0.31,Low Risk
12801,0,0.25,Low Risk
12802,1,0.78,High Risk
12803,0,0.2,Low Risk
12804,0,0.01,Low Risk
12805,1,0.85,High Risk
12806,1,0.66,Medium Risk
12807,1,0.72,High Risk
12808,0,0.71,High Risk
12809,0,0.21,Low Risk
12810,1,0.76,High Risk
12811,1,0.81,High Risk
12812,0,0.16,Low Risk
12813,1,0.77,High Risk
12814,0,0.09,Low Risk
12815,0,0.2,Low Risk
12816,0,0.05,Low Risk
12817,1,0.79,High Risk
12818,0,0.17,Low Risk
12819,0,0.09,Low Risk
12820,0,0.34,Low Risk
12821,1,0.12,Low Risk
12822,0,0.17,Low Risk
12823,1,0.64,Medium Risk
12824,0,0.06,Low Risk
12825,1,0.94,High Risk
12826,0,0.11,Low Risk
12827,1,0.83,High Risk
12828,0,0.19,Low Risk
12829,0,0.26,Low Risk
12830,0,0.13,Low Risk
12831,0,0.11,Low Risk
12832,0,0.05,Low Risk
12833,1,0.91,High Risk
12834,1,0.69,Medium Risk
12835,1,0.78,High Risk
12836,1,0.78,High Risk
12837,0,0.08,Low Risk
12838,0,0.12,Low Risk
12839,0,0.09,Low Risk
12840,1,0.85,High Risk
12841,1,0.81,High Risk
12842,1,0.82,High Risk
12843,1,0.8,High Risk
12844,0,0.22,Low Risk
12845,0,0.15,Low Risk
12846,0,0.2,Low Risk
12847,1,0.86,High Risk
12848,0,0.0,Low Risk
12849,1,0.58,Medium Risk
12850,0,0.24,Low Risk
12851,1,0.84,High Risk
12852,1,0.71,High Risk
12853,0,0.19,Low Risk
12854,0,0.18,Low Risk
12855,1,0.8,High Risk
12856,1,0.74,High Risk
12857,0,0.1,Low Risk
12858,0,0.07,Low Risk
12859,1,0.74,High Risk
12860,0,0.11,Low Risk
12861,0,0.15,Low Risk
12862,0,0.16,Low Risk
12863,0,0.23,Low Risk
12864,0,0.21,Low Risk
12865,1,0.65,Medium Risk
12866,1,0.83,High Risk
12867,0,0.19,Low Risk
12868,0,0.21,Low Risk
12869,0,0.19,Low Risk
12870,0,0.05,Low Risk
12871,1,0.74,High Risk
12872,0,0.03,Low Risk
12873,0,0.08,Low Risk
12874,1,0.44,Medium Risk
12875,1,0.83,High Risk
12876,0,0.27,Low Risk
12877,1,0.82,High Risk
12878,0,0.33,Low Risk
12879,1,0.74,High Risk
12880,0,0.21,Low Risk
12881,0,0.29,Low Risk
12882,0,0.46,Medium Risk
12883,0,0.21,Low Risk
12884,1,0.86,High Risk
12885,1,0.57,Medium Risk
12886,1,0.77,High Risk
12887,0,0.35,Low Risk
12888,0,0.06,Low Risk
12889,0,0.11,Low Risk
12890,0,0.05,Low Risk
12891,0,0.11,Low Risk
12892,0,0.24,Low Risk
12893,1,0.57,Medium Risk
12894,0,0.14,Low Risk
12895,0,0.09,Low Risk
12896,0,0.8,High Risk
12897,1,0.36,Low Risk
12898,0,0.55,Medium Risk
12899,1,0.76,High Risk
12900,0,0.02,Low Risk
12901,1,0.19,Low Risk
12902,0,0.3,Low Risk
12903,0,0.57,Medium Risk
12904,0,0.1,Low Risk
12905,0,0.15,Low Risk
12906,0,0.1,Low Risk
12907,0,0.05,Low Risk
12908,0,0.02,Low Risk
12909,1,0.87,High Risk
12910,1,0.75,High Risk
12911,0,0.18,Low Risk
12912,0,0.13,Low Risk
12913,0,0.18,Low Risk
12914,0,0.15,Low Risk
12915,1,0.81,High Risk
12916,1,0.82,High Risk
12917,0,0.28,Low Risk
12918,1,0.77,High Risk
12919,1,0.84,High Risk
12920,0,0.23,Low Risk
12921,1,0.71,High Risk
12922,1,0.69,Medium Risk
12923,0,0.06,Low Risk
12924,0,0.1,Low Risk
12925,0,0.04,Low Risk
12926,1,0.94,High Risk
12927,0,0.14,Low Risk
12928,0,0.23,Low Risk
12929,0,0.27,Low Risk
12930,0,0.17,Low Risk
12931,1,0.07,Low Risk
12932,0,0.11,Low Risk
12933,1,0.71,High Risk
12934,0,0.07,Low Risk
12935,0,0.2,Low Risk
12936,1,0.92,High Risk
12937,0,0.09,Low Risk
12938,1,0.75,High Risk
12939,1,0.93,High Risk
12940,0,0.17,Low Risk
12941,1,0.16,Low Risk
12942,1,0.62,Medium Risk
12943,0,0.06,Low Risk
12944,1,0.51,Medium Risk
12945,0,0.55,Medium Risk
12946,1,0.22,Low Risk
12947,0,0.32,Low Risk
12948,1,0.96,High Risk
12949,0,0.19,Low Risk
12950,0,0.11,Low Risk
12951,1,0.8,High Risk
12952,0,0.1,Low Risk
12953,1,0.91,High Risk
12954,0,0.22,Low Risk
12955,1,0.34,Low Risk
12956,1,0.73,High Risk
12957,1,0.35,Low Risk
12958,0,0.04,Low Risk
12959,0,0.33,Low Risk
12960,0,0.15,Low Risk
12961,1,0.81,High Risk
12962,0,0.64,Medium Risk
12963,0,0.07,Low Risk
12964,0,0.07,Low Risk
12965,1,0.03,Low Risk
12966,0,0.07,Low Risk
12967,1,0.84,High Risk
12968,0,0.38,Low Risk
12969,0,0.23,Low Risk
12970,0,0.41,Medium Risk
12971,0,0.05,Low Risk
12972,0,0.15,Low Risk
12973,0,0.14,Low Risk
12974,1,0.97,High Risk
12975,1,0.72,High Risk
12976,1,0.68,Medium Risk
12977,1,0.74,High Risk
12978,0,0.17,Low Risk
12979,0,0.33,Low Risk
12980,0,0.12,Low Risk
12981,1,0.82,High Risk
12982,0,0.03,Low Risk
12983,1,0.76,High Risk
12984,1,0.37,Low Risk
12985,1,0.21,Low Risk
12986,1,0.93,High Risk
12987,1,0.65,Medium Risk
12988,0,0.12,Low Risk
12989,0,0.22,Low Risk
12990,0,0.07,Low Risk
12991,0,0.17,Low Risk
12992,0,0.03,Low Risk
12993,0,0.15,Low Risk
12994,1,0.24,Low Risk
12995,0,0.59,Medium Risk
12996,1,0.94,High Risk
12997,1,0.78,High Risk
12998,0,0.08,Low Risk
12999,0,0.29,Low Risk
13000,0,0.27,Low Risk
13001,0,0.13,Low Risk
13002,0,0.08,Low Risk
13003,1,0.81,High Risk
13004,0,0.01,Low Risk
13005,0,0.12,Low Risk
13006,0,0.05,Low Risk
13007,1,0.59,Medium Risk
13008,0,0.1,Low Risk
13009,1,0.77,High Risk
13010,0,0.23,Low Risk
13011,0,0.32,Low Risk
13012,0,0.25,Low Risk
13013,0,0.02,Low Risk
13014,0,0.21,Low Risk
13015,0,0.49,Medium Risk
13016,0,0.21,Low Risk
13017,0,0.24,Low Risk
13018,1,0.72,High Risk
13019,0,0.19,Low Risk
13020,0,0.71,High Risk
13021,0,0.1,Low Risk
13022,1,0.97,High Risk
13023,0,0.31,Low Risk
13024,1,0.87,High Risk
13025,0,0.74,High Risk
13026,0,0.15,Low Risk
13027,0,0.15,Low Risk
13028,1,0.9,High Risk
13029,1,0.79,High Risk
13030,0,0.75,High Risk
13031,1,0.73,High Risk
13032,1,0.75,High Risk
13033,1,0.83,High Risk
13034,1,0.56,Medium Risk
13035,1,0.51,Medium Risk
13036,0,0.37,Low Risk
13037,1,0.77,High Risk
13038,0,0.28,Low Risk
13039,1,0.91,High Risk
13040,0,0.19,Low Risk
13041,0,0.02,Low Risk
13042,1,0.88,High Risk
13043,0,0.05,Low Risk
13044,0,0.26,Low Risk
13045,0,0.16,Low Risk
13046,1,0.34,Low Risk
13047,0,0.64,Medium Risk
13048,1,0.92,High Risk
13049,0,0.23,Low Risk
13050,0,0.28,Low Risk
13051,0,0.21,Low Risk
13052,0,0.41,Medium Risk
13053,0,0.22,Low Risk
13054,1,0.57,Medium Risk
13055,0,0.31,Low Risk
13056,0,0.08,Low Risk
13057,1,0.7,Medium Risk
13058,1,0.77,High Risk
13059,0,0.15,Low Risk
13060,1,0.72,High Risk
13061,1,0.85,High Risk
13062,0,0.18,Low Risk
13063,1,0.75,High Risk
13064,0,0.19,Low Risk
13065,1,0.21,Low Risk
13066,0,0.41,Medium Risk
13067,0,0.05,Low Risk
13068,0,0.09,Low Risk
13069,1,0.83,High Risk
13070,0,0.14,Low Risk
13071,1,0.89,High Risk
13072,1,0.64,Medium Risk
13073,0,0.13,Low Risk
13074,0,0.22,Low Risk
13075,0,0.63,Medium Risk
13076,0,0.23,Low Risk
13077,1,0.69,Medium Risk
13078,1,0.71,High Risk
13079,0,0.04,Low Risk
13080,1,0.73,High Risk
13081,0,0.35,Low Risk
13082,0,0.03,Low Risk
13083,1,0.66,Medium Risk
13084,0,0.3,Low Risk
13085,1,0.27,Low Risk
13086,0,0.08,Low Risk
13087,0,0.01,Low Risk
13088,0,0.19,Low Risk
13089,1,0.83,High Risk
13090,1,0.82,High Risk
13091,0,0.07,Low Risk
13092,1,0.7,Medium Risk
13093,1,0.89,High Risk
13094,1,0.72,High Risk
13095,0,0.06,Low Risk
13096,1,0.79,High Risk
13097,0,0.18,Low Risk
13098,1,0.7,Medium Risk
13099,0,0.13,Low Risk
13100,1,0.83,High Risk
13101,0,0.05,Low Risk
13102,1,0.94,High Risk
13103,0,0.19,Low Risk
13104,1,0.85,High Risk
13105,1,0.71,High Risk
13106,0,0.18,Low Risk
13107,0,0.0,Low Risk
13108,1,0.8,High Risk
13109,1,0.89,High Risk
13110,0,0.08,Low Risk
13111,1,0.66,Medium Risk
13112,1,0.91,High Risk
13113,1,0.67,Medium Risk
13114,0,0.07,Low Risk
13115,1,0.77,High Risk
13116,0,0.68,Medium Risk
13117,0,0.4,Low Risk
13118,1,0.89,High Risk
13119,0,0.16,Low Risk
13120,1,0.86,High Risk
13121,0,0.2,Low Risk
13122,0,0.25,Low Risk
13123,0,0.28,Low Risk
13124,0,0.14,Low Risk
13125,0,0.35,Low Risk
13126,0,0.31,Low Risk
13127,0,0.1,Low Risk
13128,1,0.67,Medium Risk
13129,0,0.09,Low Risk
13130,0,0.01,Low Risk
13131,0,0.27,Low Risk
13132,0,0.09,Low Risk
13133,1,0.7,Medium Risk
13134,1,0.74,High Risk
13135,0,0.57,Medium Risk
13136,0,0.27,Low Risk
13137,1,0.8,High Risk
13138,0,0.26,Low Risk
13139,0,0.09,Low Risk
13140,1,0.9,High Risk
13141,1,0.77,High Risk
13142,1,0.81,High Risk
13143,1,0.8,High Risk
13144,0,0.32,Low Risk
13145,0,0.12,Low Risk
13146,0,0.24,Low Risk
13147,1,0.83,High Risk
13148,1,0.92,High Risk
13149,0,0.32,Low Risk
13150,0,0.06,Low Risk
13151,1,0.74,High Risk
13152,1,0.75,High Risk
13153,0,0.05,Low Risk
13154,0,0.16,Low Risk
13155,0,0.11,Low Risk
13156,0,0.28,Low Risk
13157,1,0.79,High Risk
13158,0,0.28,Low Risk
13159,0,0.22,Low Risk
13160,1,0.2,Low Risk
13161,1,0.76,High Risk
13162,1,0.91,High Risk
13163,1,0.53,Medium Risk
13164,0,0.01,Low Risk
13165,0,0.18,Low Risk
13166,1,0.89,High Risk
13167,0,0.19,Low Risk
13168,1,0.73,High Risk
13169,1,0.97,High Risk
13170,1,0.15,Low Risk
13171,0,0.23,Low Risk
13172,0,0.34,Low Risk
13173,1,0.67,Medium Risk
13174,0,0.16,Low Risk
13175,1,0.61,Medium Risk
13176,1,0.93,High Risk
13177,1,0.19,Low Risk
13178,1,0.92,High Risk
13179,1,0.82,High Risk
13180,0,0.34,Low Risk
13181,1,0.88,High Risk
13182,1,0.89,High Risk
13183,0,0.73,High Risk
13184,1,0.72,High Risk
13185,0,0.13,Low Risk
13186,0,0.25,Low Risk
13187,0,0.08,Low Risk
13188,1,0.73,High Risk
13189,1,0.66,Medium Risk
13190,0,0.11,Low Risk
13191,1,0.86,High Risk
13192,1,0.69,Medium Risk
13193,0,0.08,Low Risk
13194,0,0.09,Low Risk
13195,0,0.32,Low Risk
13196,1,0.96,High Risk
13197,0,0.09,Low Risk
13198,1,0.81,High Risk
13199,0,0.16,Low Risk
13200,0,0.05,Low Risk
13201,1,0.82,High Risk
13202,0,0.09,Low Risk
13203,0,0.15,Low Risk
13204,0,0.24,Low Risk
13205,0,0.12,Low Risk
13206,1,0.74,High Risk
13207,1,0.72,High Risk
13208,0,0.38,Low Risk
13209,1,0.32,Low Risk
13210,0,0.13,Low Risk
13211,1,0.7,Medium Risk
13212,0,0.73,High Risk
13213,0,0.24,Low Risk
13214,1,0.9,High Risk
13215,0,0.47,Medium Risk
13216,0,0.05,Low Risk
13217,0,0.1,Low Risk
13218,0,0.29,Low Risk
13219,0,0.21,Low Risk
13220,0,0.02,Low Risk
13221,1,0.77,High Risk
13222,1,0.85,High Risk
13223,0,0.51,Medium Risk
13224,0,0.12,Low Risk
13225,0,0.03,Low Risk
13226,1,0.91,High Risk
13227,1,0.58,Medium Risk
13228,0,0.06,Low Risk
13229,1,0.43,Medium Risk
13230,0,0.03,Low Risk
13231,1,0.73,High Risk
13232,0,0.13,Low Risk
13233,0,0.08,Low Risk
13234,1,0.83,High Risk
13235,1,0.72,High Risk
13236,1,0.71,High Risk
13237,0,0.22,Low Risk
13238,0,0.19,Low Risk
13239,0,0.12,Low Risk
13240,0,0.27,Low Risk
13241,0,0.09,Low Risk
13242,0,0.07,Low Risk
13243,0,0.12,Low Risk
13244,0,0.13,Low Risk
13245,0,0.04,Low Risk
13246,1,0.78,High Risk
13247,1,0.58,Medium Risk
13248,1,0.66,Medium Risk
13249,0,0.82,High Risk
13250,1,0.87,High Risk
13251,0,0.15,Low Risk
13252,0,0.1,Low Risk
13253,0,0.19,Low Risk
13254,0,0.07,Low Risk
13255,1,0.9,High Risk
13256,0,0.24,Low Risk
13257,0,0.08,Low Risk
13258,1,0.71,High Risk
13259,0,0.04,Low Risk
13260,1,0.23,Low Risk
13261,1,0.78,High Risk
13262,1,0.24,Low Risk
13263,0,0.12,Low Risk
13264,1,0.79,High Risk
13265,1,0.78,High Risk
13266,0,0.18,Low Risk
13267,1,0.55,Medium Risk
13268,0,0.1,Low Risk
13269,1,0.73,High Risk
13270,1,0.71,High Risk
13271,0,0.09,Low Risk
13272,0,0.17,Low Risk
13273,1,0.86,High Risk
13274,0,0.14,Low Risk
13275,1,0.86,High Risk
13276,0,0.05,Low Risk
13277,1,0.83,High Risk
13278,1,0.93,High Risk
13279,0,0.12,Low Risk
13280,1,0.67,Medium Risk
13281,0,0.24,Low Risk
13282,0,0.14,Low Risk
13283,1,0.69,Medium Risk
13284,0,0.39,Low Risk
13285,1,0.87,High Risk
13286,0,0.33,Low Risk
13287,1,0.73,High Risk
13288,0,0.46,Medium Risk
13289,0,0.2,Low Risk
13290,0,0.12,Low Risk
13291,0,0.34,Low Risk
13292,1,0.73,High Risk
13293,0,0.1,Low Risk
13294,1,0.72,High Risk
13295,1,0.72,High Risk
13296,1,0.87,High Risk
13297,0,0.08,Low Risk
13298,0,0.15,Low Risk
13299,0,0.17,Low Risk
13300,1,0.65,Medium Risk
13301,1,0.89,High Risk
13302,0,0.15,Low Risk
13303,1,0.76,High Risk
13304,1,0.05,Low Risk
13305,0,0.24,Low Risk
13306,1,0.76,High Risk
13307,0,0.18,Low Risk
13308,1,0.45,Medium Risk
13309,0,0.23,Low Risk
13310,1,0.92,High Risk
13311,0,0.33,Low Risk
13312,0,0.2,Low Risk
13313,0,0.14,Low Risk
13314,0,0.41,Medium Risk
13315,1,0.76,High Risk
13316,0,0.0,Low Risk
13317,1,0.81,High Risk
13318,1,0.7,Medium Risk
13319,0,0.13,Low Risk
13320,1,0.83,High Risk
13321,0,0.04,Low Risk
13322,0,0.2,Low Risk
13323,0,0.08,Low Risk
13324,0,0.24,Low Risk
13325,1,0.43,Medium Risk
13326,0,0.32,Low Risk
13327,1,0.83,High Risk
13328,0,0.05,Low Risk
13329,0,0.14,Low Risk
13330,0,0.19,Low Risk
13331,0,0.04,Low Risk
13332,0,0.91,High Risk
13333,1,0.75,High Risk
13334,0,0.17,Low Risk
13335,1,0.98,High Risk
13336,1,0.73,High Risk
13337,0,0.19,Low Risk
13338,0,0.13,Low Risk
13339,1,0.84,High Risk
13340,0,0.04,Low Risk
13341,1,0.55,Medium Risk
13342,0,0.15,Low Risk
13343,1,0.49,Medium Risk
13344,1,0.71,High Risk
13345,0,0.18,Low Risk
13346,0,0.14,Low Risk
13347,0,0.17,Low Risk
13348,1,0.82,High Risk
13349,1,0.57,Medium Risk
13350,1,0.32,Low Risk
13351,0,0.16,Low Risk
13352,0,0.15,Low Risk
13353,1,0.7,Medium Risk
13354,0,0.11,Low Risk
13355,0,0.03,Low Risk
13356,1,0.7,Medium Risk
13357,1,0.8,High Risk
13358,0,0.19,Low Risk
13359,1,0.78,High Risk
13360,0,0.38,Low Risk
13361,0,0.05,Low Risk
13362,0,0.17,Low Risk
13363,0,0.49,Medium Risk
13364,1,0.41,Medium Risk
13365,1,0.06,Low Risk
13366,1,0.76,High Risk
13367,1,0.87,High Risk
13368,0,0.12,Low Risk
13369,0,0.17,Low Risk
13370,1,0.76,High Risk
13371,0,0.13,Low Risk
13372,1,0.83,High Risk
13373,0,0.02,Low Risk
13374,1,0.83,High Risk
13375,1,0.79,High Risk
13376,1,0.84,High Risk
13377,0,0.58,Medium Risk
13378,0,0.32,Low Risk
13379,1,0.88,High Risk
13380,1,0.76,High Risk
13381,0,0.3,Low Risk
13382,1,0.7,Medium Risk
13383,0,0.24,Low Risk
13384,0,0.02,Low Risk
13385,0,0.11,Low Risk
13386,0,0.1,Low Risk
13387,0,0.04,Low Risk
13388,0,0.21,Low Risk
13389,0,0.09,Low Risk
13390,1,0.74,High Risk
13391,0,0.11,Low Risk
13392,1,0.86,High Risk
13393,1,0.74,High Risk
13394,0,0.07,Low Risk
13395,0,0.1,Low Risk
13396,0,0.06,Low Risk
13397,0,0.2,Low Risk
13398,1,0.83,High Risk
13399,1,0.64,Medium Risk
13400,0,0.04,Low Risk
13401,0,0.07,Low Risk
13402,0,0.46,Medium Risk
13403,1,0.76,High Risk
13404,0,0.3,Low Risk
13405,0,0.16,Low Risk
13406,0,0.23,Low Risk
13407,0,0.25,Low Risk
13408,0,0.3,Low Risk
13409,0,0.43,Medium Risk
13410,1,0.39,Low Risk
13411,0,0.59,Medium Risk
13412,0,0.31,Low Risk
13413,0,0.05,Low Risk
13414,0,0.43,Medium Risk
13415,1,0.79,High Risk
13416,0,0.19,Low Risk
13417,1,0.05,Low Risk
13418,1,0.79,High Risk
13419,0,0.01,Low Risk
13420,0,0.17,Low Risk
13421,0,0.1,Low Risk
13422,1,0.69,Medium Risk
13423,0,0.17,Low Risk
13424,0,0.23,Low Risk
13425,1,0.75,High Risk
13426,1,0.87,High Risk
13427,1,0.67,Medium Risk
13428,1,0.76,High Risk
13429,0,0.23,Low Risk
13430,1,0.85,High Risk
13431,0,0.21,Low Risk
13432,0,0.27,Low Risk
13433,0,0.08,Low Risk
13434,0,0.06,Low Risk
13435,0,0.07,Low Risk
13436,0,0.28,Low Risk
13437,1,0.69,Medium Risk
13438,1,0.76,High Risk
13439,0,0.05,Low Risk
13440,1,0.87,High Risk
13441,0,0.1,Low Risk
13442,0,0.07,Low Risk
13443,0,0.52,Medium Risk
13444,0,0.15,Low Risk
13445,1,0.23,Low Risk
13446,0,0.06,Low Risk
13447,1,0.75,High Risk
13449,1,0.75,High Risk
13450,0,0.12,Low Risk
13451,0,0.04,Low Risk
13452,0,0.12,Low Risk
13453,0,0.05,Low Risk
13454,0,0.73,High Risk
13455,1,0.17,Low Risk
13456,0,0.05,Low Risk
13457,1,0.27,Low Risk
13458,0,0.12,Low Risk
13459,1,0.18,Low Risk
13460,0,0.25,Low Risk
13461,0,0.03,Low Risk
13462,1,0.84,High Risk
13463,0,0.03,Low Risk
13464,0,0.06,Low Risk
13465,0,0.17,Low Risk
13466,0,0.21,Low Risk
13467,1,0.87,High Risk
13468,0,0.11,Low Risk
13469,0,0.22,Low Risk
13470,1,0.8,High Risk
13471,0,0.07,Low Risk
13472,0,0.31,Low Risk
13473,0,0.07,Low Risk
13474,0,0.63,Medium Risk
13475,0,0.22,Low Risk
13476,1,0.65,Medium Risk
13477,1,0.83,High Risk
13478,1,0.87,High Risk
13479,0,0.17,Low Risk
13480,0,0.09,Low Risk
13481,0,0.05,Low Risk
13482,1,0.95,High Risk
13483,1,0.85,High Risk
13484,1,0.69,Medium Risk
13485,1,0.88,High Risk
13486,1,0.9,High Risk
13487,0,0.17,Low Risk
13488,0,0.37,Low Risk
13489,1,0.62,Medium Risk
13490,0,0.18,Low Risk
13491,0,0.27,Low Risk
13492,1,0.25,Low Risk
13493,1,0.87,High Risk
13494,0,0.05,Low Risk
13495,1,0.78,High Risk
13496,0,0.16,Low Risk
13497,0,0.27,Low Risk
13498,0,0.11,Low Risk
13499,0,0.12,Low Risk
13500,0,0.09,Low Risk
13501,0,0.11,Low Risk
13502,0,0.11,Low Risk
13503,0,0.62,Medium Risk
13504,1,0.85,High Risk
13505,1,0.6,Medium Risk
13506,1,0.19,Low Risk
13507,1,0.78,High Risk
13508,1,0.64,Medium Risk
13509,0,0.14,Low Risk
13510,0,0.09,Low Risk
13511,0,0.09,Low Risk
13512,1,0.8,High Risk
13513,0,0.28,Low Risk
13514,0,0.35,Low Risk
13515,1,0.78,High Risk
13516,1,0.7,Medium Risk
13517,0,0.28,Low Risk
13518,1,0.69,Medium Risk
13519,1,0.74,High Risk
13520,1,0.7,Medium Risk
13521,0,0.68,Medium Risk
13522,0,0.5,Medium Risk
13523,1,0.82,High Risk
13524,0,0.04,Low Risk
13525,0,0.23,Low Risk
13526,0,0.05,Low Risk
13527,1,0.78,High Risk
13528,0,0.09,Low Risk
13529,0,0.16,Low Risk
13530,1,0.68,Medium Risk
13531,1,0.16,Low Risk
13532,0,0.35,Low Risk
13533,1,0.35,Low Risk
13534,1,0.49,Medium Risk
13535,0,0.26,Low Risk
13536,0,0.16,Low Risk
13537,1,0.7,Medium Risk
13538,1,0.83,High Risk
13539,0,0.05,Low Risk
13540,1,0.19,Low Risk
13541,1,0.71,High Risk
13542,0,0.24,Low Risk
13543,0,0.21,Low Risk
13544,0,0.09,Low Risk
13545,1,1.0,High Risk
13546,1,0.63,Medium Risk
13547,0,0.34,Low Risk
13548,0,0.19,Low Risk
13549,1,0.8,High Risk
13550,1,0.81,High Risk
13551,1,0.57,Medium Risk
13552,1,0.56,Medium Risk
13553,0,0.03,Low Risk
13554,1,0.76,High Risk
13555,0,0.04,Low Risk
13556,1,0.75,High Risk
13557,0,0.08,Low Risk
13558,1,0.72,High Risk
13559,0,0.04,Low Risk
13560,1,0.82,High Risk
13561,0,0.15,Low Risk
13562,0,0.21,Low Risk
13563,1,0.8,High Risk
13564,0,0.15,Low Risk
13565,0,0.25,Low Risk
13566,0,0.08,Low Risk
13567,0,0.58,Medium Risk
13568,0,0.33,Low Risk
13569,1,0.47,Medium Risk
13570,0,0.22,Low Risk
13571,1,0.64,Medium Risk
13572,0,0.1,Low Risk
13573,1,0.88,High Risk
13574,0,0.04,Low Risk
13575,1,0.13,Low Risk
13576,0,0.19,Low Risk
13577,1,0.78,High Risk
13578,0,0.2,Low Risk
13579,0,0.2,Low Risk
13580,1,0.76,High Risk
13581,1,0.58,Medium Risk
13582,0,0.05,Low Risk
13583,0,0.15,Low Risk
13584,0,0.1,Low Risk
13585,0,0.09,Low Risk
13586,0,0.25,Low Risk
13587,1,0.82,High Risk
13588,0,0.04,Low Risk
13589,1,0.95,High Risk
13590,0,0.12,Low Risk
13591,1,0.89,High Risk
13592,0,0.21,Low Risk
13593,1,0.39,Low Risk
13594,1,0.68,Medium Risk
13595,1,0.73,High Risk
13596,0,0.06,Low Risk
13597,1,0.87,High Risk
13598,0,0.07,Low Risk
13599,0,0.19,Low Risk
13600,0,0.32,Low Risk
13601,1,0.73,High Risk
13602,1,0.31,Low Risk
13603,1,0.9,High Risk
13604,0,0.31,Low Risk
13605,0,0.14,Low Risk
13606,0,0.1,Low Risk
13607,1,0.97,High Risk
13608,1,0.74,High Risk
13609,0,0.08,Low Risk
13610,0,0.17,Low Risk
13611,1,0.7,Medium Risk
13612,1,0.91,High Risk
13613,1,0.79,High Risk
13614,0,0.12,Low Risk
13615,1,0.63,Medium Risk
13616,0,0.05,Low Risk
13617,0,0.18,Low Risk
13618,0,0.17,Low Risk
13619,0,0.21,Low Risk
13620,1,0.66,Medium Risk
13621,0,0.04,Low Risk
13622,1,0.77,High Risk
13623,1,0.88,High Risk
13624,1,0.11,Low Risk
13625,0,0.05,Low Risk
13626,1,0.67,Medium Risk
13627,0,0.04,Low Risk
13628,0,0.57,Medium Risk
13629,0,0.79,High Risk
13630,0,0.1,Low Risk
13631,0,0.08,Low Risk
13632,0,0.5,Medium Risk
13633,0,0.1,Low Risk
13634,1,0.36,Low Risk
13635,0,0.12,Low Risk
13637,1,0.85,High Risk
13638,1,0.86,High Risk
13639,1,0.75,High Risk
13640,1,0.81,High Risk
13641,1,0.86,High Risk
13642,0,0.05,Low Risk
13643,0,0.13,Low Risk
13644,0,0.08,Low Risk
13645,1,0.81,High Risk
13646,0,0.09,Low Risk
13647,0,0.29,Low Risk
13648,0,0.11,Low Risk
13649,0,0.03,Low Risk
13650,0,0.15,Low Risk
13651,0,0.1,Low Risk
13652,0,0.19,Low Risk
13653,0,0.09,Low Risk
13654,0,0.08,Low Risk
13655,0,0.06,Low Risk
13656,0,0.15,Low Risk
13657,1,0.82,High Risk
13658,1,0.71,High Risk
13659,1,0.67,Medium Risk
13660,0,0.11,Low Risk
13661,0,0.14,Low Risk
13662,0,0.05,Low Risk
13663,0,0.1,Low Risk
13664,0,0.02,Low Risk
13665,1,0.89,High Risk
13666,0,0.08,Low Risk
13667,1,0.92,High Risk
13668,0,0.03,Low Risk
13669,1,0.77,High Risk
13670,1,0.8,High Risk
13671,0,0.22,Low Risk
13672,1,0.81,High Risk
13673,0,0.13,Low Risk
13674,1,0.85,High Risk
13675,1,0.9,High Risk
13676,0,0.2,Low Risk
13677,0,0.42,Medium Risk
13678,1,0.87,High Risk
13679,0,0.17,Low Risk
13680,0,0.06,Low Risk
13681,0,0.08,Low Risk
13682,0,0.07,Low Risk
13683,0,0.12,Low Risk
13684,0,0.25,Low Risk
13685,0,0.26,Low Risk
13686,0,0.28,Low Risk
13687,1,0.6,Medium Risk
13688,1,0.46,Medium Risk
13689,0,0.42,Medium Risk
13690,0,0.31,Low Risk
13691,1,0.38,Low Risk
13692,0,0.2,Low Risk
13693,0,0.15,Low Risk
13694,0,0.11,Low Risk
13695,1,0.75,High Risk
13696,0,0.14,Low Risk
13697,0,0.1,Low Risk
13698,0,0.28,Low Risk
13699,0,0.03,Low Risk
13700,0,0.56,Medium Risk
13701,0,0.14,Low Risk
13702,0,0.07,Low Risk
13703,1,0.85,High Risk
13704,1,0.78,High Risk
13705,1,0.13,Low Risk
13706,1,0.62,Medium Risk
13707,0,0.29,Low Risk
13708,0,0.25,Low Risk
13709,0,0.1,Low Risk
13711,0,0.11,Low Risk
13712,1,0.74,High Risk
13713,0,0.19,Low Risk
13714,0,0.31,Low Risk
13715,0,0.07,Low Risk
13716,0,0.27,Low Risk
13717,1,0.63,Medium Risk
13718,1,0.75,High Risk
13719,0,0.23,Low Risk
13720,0,0.03,Low Risk
13721,1,0.76,High Risk
13722,0,0.16,Low Risk
13723,0,0.12,Low Risk
13724,0,0.35,Low Risk
13725,0,0.16,Low Risk
13726,1,0.8,High Risk
13727,1,0.33,Low Risk
13728,1,0.78,High Risk
13729,0,0.07,Low Risk
13730,0,0.04,Low Risk
13731,0,0.17,Low Risk
13732,1,0.5,Medium Risk
13733,0,0.27,Low Risk
13734,0,0.12,Low Risk
13735,0,0.15,Low Risk
13736,0,0.58,Medium Risk
13737,0,0.04,Low Risk
13738,1,0.74,High Risk
13739,1,0.81,High Risk
13740,1,0.71,High Risk
13741,0,0.12,Low Risk
13742,0,0.07,Low Risk
13743,1,0.24,Low Risk
13744,1,0.27,Low Risk
13745,0,0.07,Low Risk
13746,1,0.32,Low Risk
13747,1,0.64,Medium Risk
13748,1,0.82,High Risk
13749,0,0.07,Low Risk
13750,0,0.08,Low Risk
13751,1,0.15,Low Risk
13752,0,0.1,Low Risk
13753,0,0.39,Low Risk
13754,0,0.05,Low Risk
13755,0,0.26,Low Risk
13756,1,0.66,Medium Risk
13757,1,0.08,Low Risk
13758,0,0.12,Low Risk
13759,0,0.11,Low Risk
13760,0,0.26,Low Risk
13761,1,0.78,High Risk
13762,0,0.19,Low Risk
13763,1,0.64,Medium Risk
13764,0,0.08,Low Risk
13765,0,0.14,Low Risk
13766,0,0.11,Low Risk
13767,0,0.14,Low Risk
13768,1,0.29,Low Risk
13769,1,0.67,Medium Risk
13770,0,0.26,Low Risk
13771,0,0.04,Low Risk
13772,0,0.14,Low Risk
13773,1,0.75,High Risk
13774,0,0.22,Low Risk
13775,0,0.1,Low Risk
13776,1,0.81,High Risk
13777,1,0.88,High Risk
13778,1,0.69,Medium Risk
13779,0,0.05,Low Risk
13780,0,0.05,Low Risk
13781,1,0.41,Medium Risk
13782,0,0.15,Low Risk
13783,0,0.06,Low Risk
13784,1,0.84,High Risk
13785,0,0.15,Low Risk
13786,1,0.68,Medium Risk
13787,0,0.2,Low Risk
13788,1,0.73,High Risk
13789,1,0.72,High Risk
13790,0,0.11,Low Risk
13791,0,0.25,Low Risk
13792,1,0.94,High Risk
13793,0,0.21,Low Risk
13794,0,0.1,Low Risk
13795,0,0.11,Low Risk
13796,0,0.14,Low Risk
13797,1,0.93,High Risk
13798,0,0.18,Low Risk
13799,1,0.68,Medium Risk
13800,0,0.1,Low Risk
13801,1,0.75,High Risk
13802,0,0.63,Medium Risk
13803,0,0.17,Low Risk
13804,1,0.87,High Risk
13805,0,0.13,Low Risk
13806,0,0.19,Low Risk
13807,1,0.92,High Risk
13808,1,0.77,High Risk
13809,0,0.84,High Risk
13810,0,0.07,Low Risk
13811,0,0.36,Low Risk
13812,1,0.95,High Risk
13813,1,0.67,Medium Risk
13814,0,0.18,Low Risk
13815,0,0.05,Low Risk
13816,1,0.78,High Risk
13817,1,0.91,High Risk
13818,0,0.14,Low Risk
13819,1,0.43,Medium Risk
13820,1,0.67,Medium Risk
13821,0,0.08,Low Risk
13822,0,0.07,Low Risk
13823,0,0.14,Low Risk
13824,0,0.12,Low Risk
13825,1,0.71,High Risk
13826,0,0.16,Low Risk
13827,0,0.18,Low Risk
13828,1,0.42,Medium Risk
13829,0,0.19,Low Risk
13830,1,0.87,High Risk
13831,1,0.92,High Risk
13832,0,0.25,Low Risk
13833,0,0.12,Low Risk
13834,0,0.22,Low Risk
13835,1,0.52,Medium Risk
13836,1,0.7,Medium Risk
13837,1,0.78,High Risk
13839,1,0.81,High Risk
13840,0,0.05,Low Risk
13841,0,0.05,Low Risk
13842,0,0.4,Low Risk
13843,0,0.07,Low Risk
13844,1,0.79,High Risk
13845,0,0.02,Low Risk
13846,1,0.79,High Risk
13847,1,0.59,Medium Risk
13848,1,0.74,High Risk
13849,1,0.75,High Risk
13850,1,0.67,Medium Risk
13851,0,0.17,Low Risk
13852,0,0.6,Medium Risk
13853,0,0.2,Low Risk
13854,1,0.76,High Risk
13855,1,0.83,High Risk
13856,0,0.15,Low Risk
13857,0,0.11,Low Risk
13858,0,0.16,Low Risk
13859,1,0.8,High Risk
13860,1,0.62,Medium Risk
13861,0,0.18,Low Risk
13862,0,0.21,Low Risk
13863,1,0.82,High Risk
13864,0,0.41,Medium Risk
13865,0,0.51,Medium Risk
13866,1,0.56,Medium Risk
13867,1,0.96,High Risk
13868,1,0.78,High Risk
13869,0,0.03,Low Risk
13870,1,0.8,High Risk
13871,0,0.39,Low Risk
13872,1,0.97,High Risk
13873,0,0.22,Low Risk
13874,0,0.2,Low Risk
13875,0,0.03,Low Risk
13876,0,0.15,Low Risk
13877,0,0.04,Low Risk
13878,0,0.27,Low Risk
13879,1,0.84,High Risk
13880,0,0.3,Low Risk
13881,1,0.78,High Risk
13882,0,0.22,Low Risk
13883,0,0.2,Low Risk
13884,1,0.79,High Risk
13885,0,0.15,Low Risk
13886,0,0.21,Low Risk
13887,0,0.25,Low Risk
13888,0,0.56,Medium Risk
13889,1,0.79,High Risk
13890,0,0.05,Low Risk
13891,0,0.09,Low Risk
13892,0,0.21,Low Risk
13893,0,0.15,Low Risk
13894,1,0.86,High Risk
13895,0,0.13,Low Risk
13896,1,0.81,High Risk
13897,0,0.01,Low Risk
13898,0,0.16,Low Risk
13899,1,0.78,High Risk
13900,1,0.8,High Risk
13901,1,0.35,Low Risk
13902,0,0.09,Low Risk
13903,1,0.89,High Risk
13904,0,0.1,Low Risk
13905,0,0.06,Low Risk
13906,0,0.03,Low Risk
13907,1,0.81,High Risk
13908,0,0.31,Low Risk
13909,1,0.8,High Risk
13910,1,0.68,Medium Risk
13911,1,0.81,High Risk
13912,1,0.7,Medium Risk
13913,0,0.13,Low Risk
13914,0,0.14,Low Risk
13915,0,0.44,Medium Risk
13916,0,0.07,Low Risk
13917,0,0.03,Low Risk
13918,1,0.58,Medium Risk
13919,0,0.1,Low Risk
13920,1,0.8,High Risk
13921,1,0.29,Low Risk
13922,1,0.72,High Risk
13923,1,0.93,High Risk
13924,0,0.04,Low Risk
13925,1,0.8,High Risk
13926,0,0.04,Low Risk
13927,1,0.41,Medium Risk
13928,1,0.42,Medium Risk
13929,0,0.16,Low Risk
13930,1,0.94,High Risk
13931,0,0.14,Low Risk
13932,1,0.86,High Risk
13933,1,0.92,High Risk
13934,0,0.39,Low Risk
13935,1,0.79,High Risk
13936,1,0.76,High Risk
13938,1,0.91,High Risk
13939,0,0.17,Low Risk
13940,1,0.91,High Risk
13941,0,0.06,Low Risk
13942,0,0.06,Low Risk
13943,1,0.74,High Risk
13944,0,0.31,Low Risk
13945,0,0.13,Low Risk
13946,0,0.08,Low Risk
13947,0,0.24,Low Risk
13948,0,0.39,Low Risk
13949,0,0.04,Low Risk
13950,0,0.21,Low Risk
13951,1,0.81,High Risk
13952,0,0.11,Low Risk
13953,0,0.17,Low Risk
13954,0,0.2,Low Risk
13955,1,0.86,High Risk
13956,1,0.87,High Risk
13957,1,0.51,Medium Risk
13958,0,0.05,Low Risk
13959,0,0.06,Low Risk
13960,0,0.03,Low Risk
13961,1,0.89,High Risk
13962,1,0.67,Medium Risk
13963,1,0.89,High Risk
13964,0,0.21,Low Risk
13965,1,0.69,Medium Risk
13966,0,0.22,Low Risk
13967,1,0.71,High Risk
13968,0,0.33,Low Risk
13969,0,0.09,Low Risk
13970,0,0.26,Low Risk
13971,1,0.62,Medium Risk
13972,1,0.73,High Risk
13973,0,0.85,High Risk
13974,1,0.65,Medium Risk
13975,1,0.7,Medium Risk
13976,1,0.73,High Risk
13977,0,0.64,Medium Risk
13978,1,0.62,Medium Risk
13979,1,0.85,High Risk
13980,0,0.05,Low Risk
13981,1,0.71,High Risk
13982,1,0.73,High Risk
13983,0,0.23,Low Risk
13984,1,0.85,High Risk
13985,0,0.19,Low Risk
13986,0,0.15,Low Risk
13987,1,0.5,Medium Risk
13988,0,0.12,Low Risk
13989,0,0.04,Low Risk
13990,0,0.04,Low Risk
13991,0,0.03,Low Risk
13992,0,0.35,Low Risk
13993,0,0.02,Low Risk
13994,1,0.15,Low Risk
13995,1,0.7,Medium Risk
13996,0,0.47,Medium Risk
13997,0,0.19,Low Risk
13998,0,0.16,Low Risk
13999,0,0.05,Low Risk
14000,0,0.21,Low Risk
14001,1,0.64,Medium Risk
14002,1,0.83,High Risk
14003,0,0.05,Low Risk
14004,0,0.32,Low Risk
14005,0,0.24,Low Risk
14006,0,0.17,Low Risk
14007,0,0.14,Low Risk
14008,0,0.52,Medium Risk
14009,1,0.74,High Risk
14010,1,0.79,High Risk
14011,0,0.1,Low Risk
14012,0,0.11,Low Risk
14013,1,0.06,Low Risk
14014,0,0.42,Medium Risk
14015,0,0.06,Low Risk
14017,0,0.02,Low Risk
14018,0,0.22,Low Risk
14019,1,0.17,Low Risk
14020,1,0.77,High Risk
14021,0,0.15,Low Risk
14022,0,0.04,Low Risk
14023,1,0.71,High Risk
14024,0,0.12,Low Risk
14025,1,0.8,High Risk
14026,0,0.01,Low Risk
14027,1,0.57,Medium Risk
14028,0,0.19,Low Risk
14029,0,0.08,Low Risk
14030,1,0.43,Medium Risk
14031,1,0.24,Low Risk
14032,0,0.0,Low Risk
14033,1,0.69,Medium Risk
14034,1,0.8,High Risk
14035,1,0.67,Medium Risk
14036,0,0.06,Low Risk
14037,1,0.83,High Risk
14038,0,0.1,Low Risk
14039,0,0.12,Low Risk
14040,0,0.03,Low Risk
14041,1,0.76,High Risk
14042,0,0.07,Low Risk
14043,0,0.19,Low Risk
14044,0,0.03,Low Risk
14045,0,0.14,Low Risk
14046,1,0.81,High Risk
14047,1,0.83,High Risk
14048,1,0.72,High Risk
14049,1,0.74,High Risk
14050,1,0.87,High Risk
14051,0,0.3,Low Risk
14052,0,0.18,Low Risk
14053,1,0.68,Medium Risk
14054,0,0.07,Low Risk
14055,0,0.08,Low Risk
14056,1,0.79,High Risk
14057,1,0.79,High Risk
14058,1,0.74,High Risk
14059,0,0.07,Low Risk
14060,0,0.2,Low Risk
14061,0,0.12,Low Risk
14062,1,0.65,Medium Risk
14063,0,0.29,Low Risk
14064,0,0.18,Low Risk
14065,0,0.12,Low Risk
14066,0,0.35,Low Risk
14067,0,0.11,Low Risk
14068,0,0.26,Low Risk
14069,1,0.68,Medium Risk
14070,1,0.24,Low Risk
14071,1,0.69,Medium Risk
14072,0,0.15,Low Risk
14073,0,0.23,Low Risk
14074,1,0.95,High Risk
14075,1,0.86,High Risk
14076,1,0.96,High Risk
14077,1,0.52,Medium Risk
14078,1,0.75,High Risk
14079,0,0.16,Low Risk
14080,1,0.84,High Risk
14081,0,0.04,Low Risk
14082,0,0.1,Low Risk
14083,1,0.84,High Risk
14084,0,0.27,Low Risk
14085,0,0.03,Low Risk
14086,1,0.65,Medium Risk
14087,0,0.25,Low Risk
14088,1,0.81,High Risk
14089,1,0.71,High Risk
14090,0,0.09,Low Risk
14091,1,0.76,High Risk
14092,1,0.63,Medium Risk
14093,0,0.1,Low Risk
14094,1,0.4,Low Risk
14095,1,0.67,Medium Risk
14096,1,0.71,High Risk
14097,0,0.16,Low Risk
14098,0,0.14,Low Risk
14099,1,0.76,High Risk
14100,0,0.23,Low Risk
14101,0,0.24,Low Risk
14102,1,0.94,High Risk
14103,0,0.09,Low Risk
14104,0,0.17,Low Risk
14105,0,0.21,Low Risk
14106,0,0.13,Low Risk
14107,0,0.21,Low Risk
14108,0,0.02,Low Risk
14109,1,0.77,High Risk
14110,1,0.77,High Risk
14111,0,0.23,Low Risk
14112,1,0.57,Medium Risk
14113,0,0.22,Low Risk
14114,1,0.91,High Risk
14115,0,0.07,Low Risk
14116,0,0.13,Low Risk
14117,0,0.12,Low Risk
14118,0,0.08,Low Risk
14119,1,0.61,Medium Risk
14120,0,0.13,Low Risk
14121,0,0.02,Low Risk
14122,0,0.17,Low Risk
14123,0,0.13,Low Risk
14124,1,0.82,High Risk
14125,0,0.03,Low Risk
14126,1,0.46,Medium Risk
14127,0,0.09,Low Risk
14128,0,0.13,Low Risk
14129,0,0.21,Low Risk
14130,0,0.03,Low Risk
14131,0,0.7,Medium Risk
14133,1,0.8,High Risk
14134,0,0.27,Low Risk
14135,0,0.04,Low Risk
14136,0,0.05,Low Risk
14138,0,0.04,Low Risk
14139,0,0.09,Low Risk
14140,1,0.82,High Risk
14141,0,0.11,Low Risk
14142,0,0.07,Low Risk
14143,0,0.18,Low Risk
14144,0,0.2,Low Risk
14145,1,0.79,High Risk
14146,0,0.22,Low Risk
14147,0,0.1,Low Risk
14148,0,0.05,Low Risk
14149,1,0.69,Medium Risk
14150,1,0.7,Medium Risk
14151,1,0.8,High Risk
14152,0,0.28,Low Risk
14153,1,0.79,High Risk
14154,0,0.09,Low Risk
14155,0,0.16,Low Risk
14156,0,0.21,Low Risk
14157,0,0.22,Low Risk
14158,1,0.78,High Risk
14159,1,0.85,High Risk
14160,0,0.08,Low Risk
14161,1,0.95,High Risk
14162,0,0.1,Low Risk
14163,1,0.75,High Risk
14164,1,0.63,Medium Risk
14165,1,0.68,Medium Risk
14166,1,0.0,Low Risk
14167,0,0.15,Low Risk
14168,1,0.52,Medium Risk
14169,0,0.07,Low Risk
14170,1,0.8,High Risk
14171,1,0.14,Low Risk
14172,0,0.26,Low Risk
14173,0,0.26,Low Risk
14174,0,0.07,Low Risk
14175,1,0.87,High Risk
14176,0,0.73,High Risk
14177,1,0.79,High Risk
14178,1,0.88,High Risk
14179,0,0.17,Low Risk
14180,0,0.03,Low Risk
14181,0,0.07,Low Risk
14182,1,0.49,Medium Risk
14183,0,0.15,Low Risk
14184,0,0.04,Low Risk
14185,0,0.27,Low Risk
14186,0,0.24,Low Risk
14187,0,0.21,Low Risk
14188,1,0.9,High Risk
14189,0,0.12,Low Risk
14190,1,0.77,High Risk
14191,0,0.13,Low Risk
14192,0,0.09,Low Risk
14193,1,0.86,High Risk
14194,0,0.12,Low Risk
14195,1,0.28,Low Risk
14196,0,0.15,Low Risk
14197,0,0.2,Low Risk
14198,1,0.95,High Risk
14199,1,0.19,Low Risk
14200,0,0.37,Low Risk
14201,0,0.12,Low Risk
14202,1,0.58,Medium Risk
14203,0,0.04,Low Risk
14204,0,0.17,Low Risk
14205,0,0.14,Low Risk
14206,0,0.54,Medium Risk
14207,0,0.12,Low Risk
14208,1,0.72,High Risk
14209,1,0.95,High Risk
14210,1,0.68,Medium Risk
14211,0,0.13,Low Risk
14212,1,0.54,Medium Risk
14213,1,0.73,High Risk
14214,1,0.93,High Risk
14215,0,0.47,Medium Risk
14216,1,0.8,High Risk
14217,0,0.32,Low Risk
14218,0,0.06,Low Risk
14219,1,0.72,High Risk
14220,0,0.07,Low Risk
14221,0,0.35,Low Risk
14222,1,0.84,High Risk
14223,1,0.74,High Risk
14224,0,0.16,Low Risk
14225,0,0.29,Low Risk
14226,0,0.17,Low Risk
14227,0,0.29,Low Risk
14228,0,0.13,Low Risk
14229,1,0.89,High Risk
14230,0,0.1,Low Risk
14231,0,0.27,Low Risk
14232,0,0.27,Low Risk
14233,0,0.19,Low Risk
14234,0,0.36,Low Risk
14235,1,0.66,Medium Risk
14236,0,0.23,Low Risk
14237,0,0.29,Low Risk
14238,0,0.31,Low Risk
14239,1,0.86,High Risk
14240,0,0.02,Low Risk
14241,0,0.44,Medium Risk
14242,1,0.82,High Risk
14243,0,0.05,Low Risk
14244,0,0.15,Low Risk
14245,1,0.84,High Risk
14246,0,0.04,Low Risk
14247,1,0.83,High Risk
14248,1,0.7,Medium Risk
14249,0,0.23,Low Risk
14250,1,0.72,High Risk
14251,0,0.14,Low Risk
14252,0,0.07,Low Risk
14253,0,0.06,Low Risk
14254,0,0.62,Medium Risk
14255,0,0.05,Low Risk
14256,1,0.71,High Risk
14257,1,0.74,High Risk
14258,1,0.83,High Risk
14259,0,0.09,Low Risk
14260,0,0.41,Medium Risk
14261,1,0.64,Medium Risk
14262,0,0.14,Low Risk
14263,0,0.13,Low Risk
14264,0,0.12,Low Risk
14265,1,0.92,High Risk
14266,0,0.37,Low Risk
14267,0,0.02,Low Risk
14268,1,0.87,High Risk
14269,0,0.16,Low Risk
14270,1,0.09,Low Risk
14271,1,0.74,High Risk
14272,1,0.08,Low Risk
14273,1,0.87,High Risk
14274,0,0.06,Low Risk
14275,1,0.63,Medium Risk
14276,0,0.28,Low Risk
14277,1,0.96,High Risk
14278,0,0.04,Low Risk
14280,1,0.68,Medium Risk
14281,1,0.64,Medium Risk
14282,1,0.86,High Risk
14283,1,0.6,Medium Risk
14284,0,0.07,Low Risk
14285,0,0.05,Low Risk
14286,0,0.1,Low Risk
14287,0,0.22,Low Risk
14288,0,0.52,Medium Risk
14289,0,0.14,Low Risk
14290,0,0.14,Low Risk
14291,0,0.13,Low Risk
14292,0,0.12,Low Risk
14293,0,0.26,Low Risk
14294,0,0.16,Low Risk
14295,0,0.05,Low Risk
14296,0,0.13,Low Risk
14297,1,0.82,High Risk
14298,0,0.1,Low Risk
14299,0,0.07,Low Risk
14300,0,0.06,Low Risk
14301,1,0.8,High Risk
14302,0,0.24,Low Risk
14303,0,0.3,Low Risk
14304,1,0.72,High Risk
14305,1,0.9,High Risk
14306,0,0.17,Low Risk
14307,0,0.08,Low Risk
14308,1,0.83,High Risk
14309,1,0.78,High Risk
14310,0,0.03,Low Risk
14311,1,0.31,Low Risk
14312,0,0.11,Low Risk
14313,0,0.09,Low Risk
14314,1,0.85,High Risk
14315,0,0.1,Low Risk
14316,1,0.79,High Risk
14317,0,0.07,Low Risk
14318,1,0.97,High Risk
14319,1,0.84,High Risk
14320,0,0.13,Low Risk
14321,0,0.16,Low Risk
14322,1,0.68,Medium Risk
14323,1,0.5,Medium Risk
14324,1,0.47,Medium Risk
14325,1,0.66,Medium Risk
14326,0,0.2,Low Risk
14327,0,0.07,Low Risk
14328,0,0.27,Low Risk
14329,1,0.7,Medium Risk
14330,1,0.93,High Risk
14331,0,0.59,Medium Risk
14332,0,0.18,Low Risk
14333,0,0.18,Low Risk
14334,0,0.27,Low Risk
14335,0,0.17,Low Risk
14336,0,0.3,Low Risk
14337,1,0.75,High Risk
14338,1,0.72,High Risk
14339,0,0.29,Low Risk
14340,0,0.24,Low Risk
14341,0,0.33,Low Risk
14342,0,0.09,Low Risk
14343,0,0.06,Low Risk
14344,0,0.14,Low Risk
14345,1,0.94,High Risk
14346,1,0.77,High Risk
14347,0,0.15,Low Risk
14348,0,0.2,Low Risk
14349,1,0.67,Medium Risk
14350,0,0.14,Low Risk
14351,1,0.4,Low Risk
14352,1,0.77,High Risk
14353,0,0.02,Low Risk
14354,1,0.83,High Risk
14355,0,0.07,Low Risk
14356,1,0.69,Medium Risk
14357,0,0.05,Low Risk
14358,0,0.3,Low Risk
14359,0,0.1,Low Risk
14360,0,0.05,Low Risk
14361,1,0.47,Medium Risk
14362,0,0.25,Low Risk
14363,0,0.21,Low Risk
14364,1,0.36,Low Risk
14365,0,0.03,Low Risk
14366,0,0.23,Low Risk
14367,1,0.81,High Risk
14368,0,0.11,Low Risk
14369,0,0.12,Low Risk
14370,0,0.69,Medium Risk
14371,1,0.73,High Risk
14372,0,0.2,Low Risk
14373,0,0.28,Low Risk
14374,1,0.77,High Risk
14375,0,0.14,Low Risk
14376,1,0.73,High Risk
14377,0,0.36,Low Risk
14378,0,0.07,Low Risk
14379,1,0.78,High Risk
14380,1,0.61,Medium Risk
14381,1,0.77,High Risk
14382,1,0.72,High Risk
14383,0,0.11,Low Risk
14384,1,0.35,Low Risk
14385,1,0.61,Medium Risk
14386,0,0.05,Low Risk
14387,0,0.07,Low Risk
14388,0,0.3,Low Risk
14389,0,0.09,Low Risk
14390,0,0.09,Low Risk
14391,0,0.23,Low Risk
14392,0,0.18,Low Risk
14393,1,0.93,High Risk
14394,0,0.18,Low Risk
14395,0,0.13,Low Risk
14396,1,0.88,High Risk
14397,0,0.13,Low Risk
14398,0,0.2,Low Risk
14399,0,0.28,Low Risk
14400,1,0.76,High Risk
14401,1,0.87,High Risk
14402,0,0.04,Low Risk
14403,0,0.67,Medium Risk
14404,0,0.19,Low Risk
14405,0,0.53,Medium Risk
14406,0,0.17,Low Risk
14407,0,0.3,Low Risk
14408,0,0.26,Low Risk
14409,0,0.13,Low Risk
14410,0,0.06,Low Risk
14411,1,0.64,Medium Risk
14412,1,0.86,High Risk
14413,1,0.75,High Risk
14414,0,0.13,Low Risk
14416,1,0.91,High Risk
14417,1,0.61,Medium Risk
14418,0,0.09,Low Risk
14419,1,0.81,High Risk
14420,0,0.05,Low Risk
14421,0,0.05,Low Risk
14422,0,0.06,Low Risk
14423,0,0.25,Low Risk
14424,0,0.05,Low Risk
14425,0,0.14,Low Risk
14426,0,0.29,Low Risk
14427,1,0.89,High Risk
14428,0,0.19,Low Risk
14429,1,0.67,Medium Risk
14430,1,0.74,High Risk
14431,0,0.22,Low Risk
14432,0,0.08,Low Risk
14433,1,0.7,Medium Risk
14434,0,0.31,Low Risk
14435,1,0.81,High Risk
14436,1,0.89,High Risk
14437,1,0.77,High Risk
14438,1,0.6,Medium Risk
14439,0,0.19,Low Risk
14440,0,0.16,Low Risk
14441,0,0.07,Low Risk
14442,1,0.97,High Risk
14443,1,0.73,High Risk
14444,0,0.1,Low Risk
14445,1,0.79,High Risk
14446,0,0.18,Low Risk
14447,0,0.12,Low Risk
14448,0,0.06,Low Risk
14449,0,0.28,Low Risk
14450,0,0.3,Low Risk
14451,1,0.72,High Risk
14452,0,0.06,Low Risk
14453,0,0.32,Low Risk
14454,1,0.95,High Risk
14455,0,0.09,Low Risk
14456,1,0.19,Low Risk
14457,0,0.03,Low Risk
14458,0,0.47,Medium Risk
14459,0,0.19,Low Risk
14460,0,0.15,Low Risk
14461,0,0.09,Low Risk
14462,1,0.29,Low Risk
14463,0,0.04,Low Risk
14464,0,0.12,Low Risk
14465,0,0.11,Low Risk
14466,1,0.3,Low Risk
14467,0,0.19,Low Risk
14468,0,0.4,Low Risk
14469,0,0.25,Low Risk
14470,0,0.16,Low Risk
14471,0,0.25,Low Risk
14472,1,0.76,High Risk
14473,0,0.04,Low Risk
14474,1,0.86,High Risk
14475,0,0.05,Low Risk
14476,0,0.12,Low Risk
14477,1,0.9,High Risk
14478,1,0.76,High Risk
14479,0,0.1,Low Risk
14480,0,0.29,Low Risk
14481,0,0.13,Low Risk
14482,0,0.52,Medium Risk
14483,1,0.84,High Risk
14484,0,0.09,Low Risk
14485,0,0.22,Low Risk
14486,0,0.06,Low Risk
14487,0,0.12,Low Risk
14488,0,0.08,Low Risk
14489,1,0.88,High Risk
14490,0,0.06,Low Risk
14491,0,0.19,Low Risk
14492,1,0.97,High Risk
14493,1,0.82,High Risk
14494,0,0.14,Low Risk
14495,0,0.16,Low Risk
14496,1,0.92,High Risk
14497,1,0.12,Low Risk
14498,0,0.07,Low Risk
14499,1,0.97,High Risk
14500,0,0.14,Low Risk
14501,0,0.06,Low Risk
14502,1,0.11,Low Risk
14503,0,0.12,Low Risk
14504,1,0.86,High Risk
14505,1,0.88,High Risk
14506,1,0.83,High Risk
14507,0,0.66,Medium Risk
14508,0,0.21,Low Risk
14509,0,0.41,Medium Risk
14510,0,0.09,Low Risk
14511,0,0.11,Low Risk
14512,0,0.55,Medium Risk
14513,0,0.14,Low Risk
14515,0,0.18,Low Risk
14516,0,0.56,Medium Risk
14517,0,0.21,Low Risk
14518,0,0.18,Low Risk
14519,0,0.31,Low Risk
14520,1,0.34,Low Risk
14521,0,0.03,Low Risk
14522,1,0.83,High Risk
14523,0,0.22,Low Risk
14524,1,0.76,High Risk
14525,0,0.2,Low Risk
14526,0,0.11,Low Risk
14527,0,0.12,Low Risk
14528,0,0.25,Low Risk
14529,1,0.72,High Risk
14530,1,0.88,High Risk
14531,0,0.24,Low Risk
14532,0,0.41,Medium Risk
14533,1,0.71,High Risk
14534,0,0.17,Low Risk
14535,0,0.01,Low Risk
14536,0,0.09,Low Risk
14537,0,0.59,Medium Risk
14538,0,0.19,Low Risk
14539,1,0.58,Medium Risk
14540,1,0.82,High Risk
14541,0,0.09,Low Risk
14542,0,0.17,Low Risk
14543,1,0.78,High Risk
14544,0,0.15,Low Risk
14545,1,0.8,High Risk
14546,0,0.2,Low Risk
14547,1,0.25,Low Risk
14548,1,0.77,High Risk
14549,1,0.76,High Risk
14550,0,0.2,Low Risk
14551,0,0.05,Low Risk
14552,1,0.82,High Risk
14553,0,0.22,Low Risk
14554,1,0.7,Medium Risk
14555,1,0.74,High Risk
14556,0,0.03,Low Risk
14557,0,0.05,Low Risk
14558,0,0.61,Medium Risk
14559,0,0.16,Low Risk
14560,0,0.67,Medium Risk
14561,0,0.21,Low Risk
14562,0,0.21,Low Risk
14563,0,0.49,Medium Risk
14564,0,0.16,Low Risk
14565,0,0.24,Low Risk
14566,1,0.17,Low Risk
14567,0,0.26,Low Risk
14568,1,0.75,High Risk
14569,0,0.25,Low Risk
14570,0,0.03,Low Risk
14571,0,0.29,Low Risk
14572,0,0.13,Low Risk
14573,0,0.17,Low Risk
14574,1,0.9,High Risk
14575,1,0.84,High Risk
14576,0,0.24,Low Risk
14577,1,0.84,High Risk
14578,0,0.34,Low Risk
14579,0,0.1,Low Risk
14580,0,0.13,Low Risk
14581,0,0.12,Low Risk
14582,0,0.15,Low Risk
14583,0,0.07,Low Risk
14584,0,0.2,Low Risk
14585,0,0.35,Low Risk
14586,1,0.86,High Risk
14587,0,0.09,Low Risk
14588,0,0.07,Low Risk
14589,0,0.2,Low Risk
14590,0,0.16,Low Risk
14591,0,0.08,Low Risk
14592,1,0.86,High Risk
14593,1,0.89,High Risk
14594,0,0.08,Low Risk
14595,0,0.1,Low Risk
14596,0,0.28,Low Risk
14597,0,0.16,Low Risk
14598,0,0.54,Medium Risk
14599,0,0.25,Low Risk
14600,1,0.28,Low Risk
14601,1,0.96,High Risk
14602,1,0.35,Low Risk
14603,0,0.05,Low Risk
14604,1,0.72,High Risk
14605,1,0.81,High Risk
14606,0,0.4,Low Risk
14607,0,0.09,Low Risk
14608,0,0.18,Low Risk
14609,0,0.24,Low Risk
14610,1,0.81,High Risk
14611,0,0.21,Low Risk
14612,0,0.09,Low Risk
14613,0,0.1,Low Risk
14614,1,0.84,High Risk
14615,0,0.18,Low Risk
14616,0,0.16,Low Risk
14617,1,0.73,High Risk
14618,0,0.34,Low Risk
14619,1,0.88,High Risk
14620,0,0.21,Low Risk
14621,0,0.34,Low Risk
14622,0,0.02,Low Risk
14623,1,0.93,High Risk
14624,1,0.68,Medium Risk
14625,1,0.88,High Risk
14626,0,0.51,Medium Risk
14627,0,0.26,Low Risk
14628,0,0.1,Low Risk
14629,0,0.49,Medium Risk
14630,0,0.1,Low Risk
14631,1,0.74,High Risk
14632,1,0.89,High Risk
14633,1,0.76,High Risk
14634,1,0.86,High Risk
14635,1,0.7,Medium Risk
14636,1,0.36,Low Risk
14637,0,0.5,Medium Risk
14638,0,0.16,Low Risk
14639,1,0.62,Medium Risk
14640,0,0.05,Low Risk
14641,1,0.56,Medium Risk
14642,1,0.83,High Risk
14643,0,0.25,Low Risk
14644,1,0.95,High Risk
14645,0,0.06,Low Risk
14646,0,0.09,Low Risk
14647,1,0.89,High Risk
14648,0,0.05,Low Risk
14649,0,0.1,Low Risk
14650,1,0.95,High Risk
14651,1,0.84,High Risk
14652,0,0.06,Low Risk
14653,0,0.13,Low Risk
14654,1,0.26,Low Risk
14655,0,0.05,Low Risk
14656,1,0.47,Medium Risk
14657,0,0.32,Low Risk
14658,0,0.45,Medium Risk
14659,0,0.02,Low Risk
14660,0,0.17,Low Risk
14661,1,0.76,High Risk
14662,1,0.79,High Risk
14663,0,0.04,Low Risk
14664,1,0.08,Low Risk
14665,1,0.84,High Risk
14666,1,0.87,High Risk
14667,0,0.27,Low Risk
14668,1,0.22,Low Risk
14669,0,0.09,Low Risk
14670,0,0.08,Low Risk
14671,0,0.04,Low Risk
14672,0,0.1,Low Risk
14673,1,0.74,High Risk
14674,0,0.14,Low Risk
14675,0,0.03,Low Risk
14676,0,0.11,Low Risk
14677,0,0.24,Low Risk
14678,1,0.71,High Risk
14679,0,0.13,Low Risk
14680,1,0.79,High Risk
14681,0,0.12,Low Risk
14682,1,0.18,Low Risk
14683,1,0.63,Medium Risk
14684,1,0.81,High Risk
14685,1,0.86,High Risk
14686,0,0.57,Medium Risk
14687,0,0.17,Low Risk
14688,0,0.11,Low Risk
14689,0,0.21,Low Risk
14690,0,0.58,Medium Risk
14691,0,0.14,Low Risk
14692,1,0.96,High Risk
14693,0,0.2,Low Risk
14694,1,0.85,High Risk
14695,0,0.07,Low Risk
14696,0,0.07,Low Risk
14697,0,0.1,Low Risk
14698,0,0.07,Low Risk
14699,0,0.07,Low Risk
14700,1,0.76,High Risk
14701,1,0.84,High Risk
14702,1,0.76,High Risk
14703,1,0.34,Low Risk
14704,1,0.76,High Risk
14705,0,0.06,Low Risk
14706,0,0.21,Low Risk
14707,0,0.13,Low Risk
14708,1,0.89,High Risk
14709,0,0.03,Low Risk
14710,0,0.44,Medium Risk
14711,0,0.28,Low Risk
14712,1,0.67,Medium Risk
14713,1,0.97,High Risk
14714,0,0.08,Low Risk
14715,0,0.18,Low Risk
14716,1,0.33,Low Risk
14717,0,0.3,Low Risk
14718,0,0.05,Low Risk
14719,0,0.28,Low Risk
14720,1,0.77,High Risk
14721,0,0.09,Low Risk
14722,1,0.84,High Risk
14723,0,0.18,Low Risk
14724,0,0.16,Low Risk
14725,1,0.65,Medium Risk
14726,1,0.66,Medium Risk
14727,1,0.75,High Risk
14728,0,0.13,Low Risk
14729,0,0.11,Low Risk
14730,0,0.11,Low Risk
14731,0,0.21,Low Risk
14732,0,0.49,Medium Risk
14733,0,0.33,Low Risk
14734,1,0.8,High Risk
14735,0,0.12,Low Risk
14736,0,0.08,Low Risk
14737,1,0.31,Low Risk
14738,0,0.29,Low Risk
14739,0,0.09,Low Risk
14740,0,0.07,Low Risk
14741,0,0.18,Low Risk
14742,0,0.1,Low Risk
14743,1,0.31,Low Risk
14744,0,0.14,Low Risk
14745,0,0.08,Low Risk
14747,1,0.74,High Risk
14748,1,0.68,Medium Risk
14749,0,0.06,Low Risk
14750,1,0.85,High Risk
14751,0,0.14,Low Risk
14752,0,0.2,Low Risk
14753,1,0.34,Low Risk
14754,0,0.07,Low Risk
14755,0,0.05,Low Risk
14756,0,0.13,Low Risk
14757,1,0.7,Medium Risk
14758,1,0.79,High Risk
14759,0,0.08,Low Risk
14760,0,0.09,Low Risk
14761,1,0.12,Low Risk
14762,0,0.11,Low Risk
14763,1,0.8,High Risk
14764,0,0.05,Low Risk
14765,0,0.01,Low Risk
14766,0,0.16,Low Risk
14767,1,0.67,Medium Risk
14768,1,0.85,High Risk
14769,0,0.44,Medium Risk
14770,1,0.29,Low Risk
14771,0,0.14,Low Risk
14772,0,0.23,Low Risk
14773,0,0.04,Low Risk
14774,1,0.91,High Risk
14775,0,0.18,Low Risk
14776,1,0.41,Medium Risk
14777,1,0.78,High Risk
14778,0,0.15,Low Risk
14779,1,0.82,High Risk
14780,0,0.18,Low Risk
14781,0,0.16,Low Risk
14782,0,0.07,Low Risk
14783,0,0.05,Low Risk
14784,0,0.15,Low Risk
14785,1,0.6,Medium Risk
14786,0,0.19,Low Risk
14787,1,0.69,Medium Risk
14788,0,0.14,Low Risk
14789,0,0.09,Low Risk
14790,0,0.46,Medium Risk
14791,0,0.02,Low Risk
14792,0,0.27,Low Risk
14793,0,0.13,Low Risk
14794,1,0.8,High Risk
14795,0,0.24,Low Risk
14796,1,0.59,Medium Risk
14797,0,0.3,Low Risk
14798,1,0.74,High Risk
14799,1,0.25,Low Risk
14800,0,0.14,Low Risk
14801,0,0.72,High Risk
14802,0,0.74,High Risk
14803,0,0.16,Low Risk
14804,0,0.21,Low Risk
14805,1,0.62,Medium Risk
14806,1,0.54,Medium Risk
14807,0,0.12,Low Risk
14808,0,0.31,Low Risk
14809,0,0.08,Low Risk
14810,1,0.79,High Risk
14811,1,0.92,High Risk
14812,0,0.16,Low Risk
14813,1,0.67,Medium Risk
14814,1,0.24,Low Risk
14815,0,0.19,Low Risk
14816,0,0.19,Low Risk
14817,0,0.07,Low Risk
14818,1,0.71,High Risk
14819,1,0.78,High Risk
14820,0,0.29,Low Risk
14821,0,0.32,Low Risk
14822,0,0.03,Low Risk
14823,1,0.72,High Risk
14824,0,0.01,Low Risk
14825,0,0.03,Low Risk
14826,0,0.23,Low Risk
14827,0,0.09,Low Risk
14828,1,0.68,Medium Risk
14829,1,0.16,Low Risk
14830,0,0.11,Low Risk
14831,0,0.17,Low Risk
14832,0,0.18,Low Risk
14833,0,0.17,Low Risk
14834,1,0.84,High Risk
14835,1,0.27,Low Risk
14836,0,0.05,Low Risk
14837,0,0.3,Low Risk
14838,0,0.15,Low Risk
14839,1,0.82,High Risk
14840,1,0.71,High Risk
14841,0,0.06,Low Risk
14842,0,0.23,Low Risk
14843,1,0.82,High Risk
14844,0,0.09,Low Risk
14845,0,0.02,Low Risk
14846,1,0.13,Low Risk
14847,0,0.06,Low Risk
14848,1,0.79,High Risk
14849,1,0.73,High Risk
14850,0,0.03,Low Risk
14851,1,0.83,High Risk
14852,0,0.04,Low Risk
14853,1,0.76,High Risk
14854,1,0.1,Low Risk
14855,1,0.75,High Risk
14856,1,0.39,Low Risk
14857,1,0.87,High Risk
14858,0,0.08,Low Risk
14859,0,0.27,Low Risk
14860,1,0.83,High Risk
14861,1,0.73,High Risk
14862,1,0.78,High Risk
14863,0,0.22,Low Risk
14864,0,0.14,Low Risk
14865,0,0.4,Low Risk
14866,0,0.19,Low Risk
14867,0,0.15,Low Risk
14868,0,0.04,Low Risk
14869,0,0.17,Low Risk
14870,1,0.71,High Risk
14871,1,0.75,High Risk
14872,0,0.04,Low Risk
14873,0,0.18,Low Risk
14874,1,0.76,High Risk
14875,0,0.2,Low Risk
14876,0,0.1,Low Risk
14877,1,0.79,High Risk
14878,0,0.11,Low Risk
14879,0,0.12,Low Risk
14880,0,0.53,Medium Risk
14881,0,0.24,Low Risk
14882,0,0.32,Low Risk
14883,1,0.89,High Risk
14884,0,0.23,Low Risk
14885,0,0.18,Low Risk
14886,1,0.65,Medium Risk
14887,0,0.45,Medium Risk
14888,1,0.87,High Risk
14889,1,0.76,High Risk
14890,1,0.85,High Risk
14891,1,0.84,High Risk
14892,0,0.03,Low Risk
14893,1,0.68,Medium Risk
14894,1,0.9,High Risk
14895,0,0.15,Low Risk
14896,1,0.54,Medium Risk
14897,0,0.34,Low Risk
14898,0,0.06,Low Risk
14899,0,0.74,High Risk
14900,0,0.24,Low Risk
14901,1,0.94,High Risk
14902,1,0.39,Low Risk
14903,1,0.76,High Risk
14904,0,0.25,Low Risk
14905,1,0.73,High Risk
14906,0,0.2,Low Risk
14907,1,0.73,High Risk
14908,0,0.03,Low Risk
14909,1,0.68,Medium Risk
14910,0,0.14,Low Risk
14911,1,0.77,High Risk
14912,0,0.62,Medium Risk
14913,1,0.76,High Risk
14914,0,0.15,Low Risk
14915,1,0.9,High Risk
14916,0,0.12,Low Risk
14917,0,0.2,Low Risk
14918,0,0.2,Low Risk
14919,0,0.24,Low Risk
14920,0,0.23,Low Risk
14921,0,0.09,Low Risk
14922,0,0.55,Medium Risk
14923,1,0.66,Medium Risk
14924,0,0.24,Low Risk
14925,0,0.07,Low Risk
14926,0,0.1,Low Risk
14927,1,0.87,High Risk
14928,0,0.52,Medium Risk
14929,1,0.75,High Risk
14930,1,0.93,High Risk
14931,1,0.95,High Risk
14932,0,0.2,Low Risk
14933,1,0.84,High Risk
14934,0,0.13,Low Risk
14935,0,0.21,Low Risk
14936,0,0.03,Low Risk
14937,1,0.8,High Risk
14938,0,0.42,Medium Risk
14939,0,0.1,Low Risk
14940,1,0.82,High Risk
14941,0,0.26,Low Risk
14942,0,0.23,Low Risk
14943,1,0.74,High Risk
14944,0,0.01,Low Risk
14945,0,0.14,Low Risk
14946,0,0.05,Low Risk
14947,0,0.16,Low Risk
14948,1,0.82,High Risk
14949,0,0.09,Low Risk
14950,0,0.18,Low Risk
14951,1,0.72,High Risk
14952,1,0.64,Medium Risk
14953,0,0.16,Low Risk
14954,0,0.32,Low Risk
14955,0,0.18,Low Risk
14956,1,0.86,High Risk
14957,1,0.94,High Risk
14958,1,0.83,High Risk
14959,1,0.81,High Risk
14960,0,0.1,Low Risk
14961,0,0.1,Low Risk
14962,1,0.74,High Risk
14963,0,0.24,Low Risk
14964,1,0.53,Medium Risk
14965,1,0.82,High Risk
14966,0,0.1,Low Risk
14967,0,0.23,Low Risk
14968,0,0.17,Low Risk
14969,1,0.29,Low Risk
14970,0,0.14,Low Risk
14971,1,0.95,High Risk
14972,1,0.71,High Risk
14973,0,0.08,Low Risk
14974,1,0.7,Medium Risk
14975,0,0.16,Low Risk
14976,0,0.01,Low Risk
14977,0,0.08,Low Risk
14978,1,0.93,High Risk
14979,1,0.8,High Risk
14980,1,0.72,High Risk
14981,1,0.85,High Risk
14982,0,0.19,Low Risk
14983,0,0.16,Low Risk
14984,1,0.87,High Risk
14985,0,0.11,Low Risk
14986,1,0.86,High Risk
14987,0,0.15,Low Risk
14988,0,0.92,High Risk
14989,0,0.06,Low Risk
14990,0,0.05,Low Risk
14991,1,0.69,Medium Risk
14992,0,0.19,Low Risk
14993,0,0.15,Low Risk
14994,0,0.06,Low Risk
14995,1,0.06,Low Risk
14996,1,0.84,High Risk
14997,0,0.39,Low Risk
14998,0,0.04,Low Risk
14999,0,0.1,Low Risk
15000,1,0.23,Low Risk
15001,0,0.53,Medium Risk
15002,1,0.14,Low Risk
15003,0,0.58,Medium Risk
15004,0,0.66,Medium Risk
15005,1,0.66,Medium Risk
15006,0,0.17,Low Risk
15007,0,0.14,Low Risk
15008,1,0.97,High Risk
15009,0,0.22,Low Risk
15010,0,0.14,Low Risk
15011,0,0.04,Low Risk
15012,1,0.53,Medium Risk
15013,0,0.14,Low Risk
15014,0,0.19,Low Risk
15015,0,0.33,Low Risk
15016,0,0.11,Low Risk
15017,0,0.13,Low Risk
15018,0,0.53,Medium Risk
15019,0,0.1,Low Risk
15020,1,0.84,High Risk
15021,0,0.1,Low Risk
15022,1,0.78,High Risk
15023,0,0.19,Low Risk
15024,0,0.51,Medium Risk
15025,1,0.96,High Risk
15026,0,0.06,Low Risk
15027,0,0.09,Low Risk
15028,1,0.39,Low Risk
15029,1,0.56,Medium Risk
15030,0,0.11,Low Risk
15031,0,0.12,Low Risk
15032,0,0.09,Low Risk
15033,0,0.19,Low Risk
15034,0,0.22,Low Risk
15035,0,0.6,Medium Risk
15036,1,0.76,High Risk
15037,1,0.81,High Risk
15038,0,0.12,Low Risk
15039,0,0.09,Low Risk
15040,0,0.34,Low Risk
15041,1,0.73,High Risk
15042,1,0.79,High Risk
15043,1,0.93,High Risk
15044,0,0.31,Low Risk
15045,1,0.76,High Risk
15046,1,0.21,Low Risk
15047,0,0.06,Low Risk
15048,1,0.78,High Risk
15049,0,0.05,Low Risk
15050,1,0.82,High Risk
15051,1,0.82,High Risk
15052,0,0.19,Low Risk
15053,1,0.92,High Risk
15054,1,0.7,Medium Risk
15055,1,0.87,High Risk
15056,0,0.19,Low Risk
15057,0,0.18,Low Risk
15058,1,0.94,High Risk
15059,1,0.28,Low Risk
15060,1,0.88,High Risk
15061,0,0.18,Low Risk
15062,0,0.06,Low Risk
15063,0,0.34,Low Risk
15064,0,0.04,Low Risk
15065,0,0.3,Low Risk
15066,0,0.22,Low Risk
15067,1,0.59,Medium Risk
15068,1,0.72,High Risk
15069,0,0.41,Medium Risk
15070,0,0.09,Low Risk
15071,0,0.27,Low Risk
15072,1,0.91,High Risk
15073,0,0.33,Low Risk
15074,0,0.06,Low Risk
15075,1,0.84,High Risk
15076,0,0.5,Medium Risk
15077,1,0.88,High Risk
15078,0,0.27,Low Risk
15079,1,0.74,High Risk
15080,0,0.02,Low Risk
15081,1,0.15,Low Risk
15082,0,0.07,Low Risk
15083,1,0.69,Medium Risk
15084,0,0.14,Low Risk
15085,0,0.08,Low Risk
15086,1,0.84,High Risk
15087,1,0.72,High Risk
15088,1,0.9,High Risk
15089,1,0.95,High Risk
15090,0,0.27,Low Risk
15091,0,0.1,Low Risk
15092,0,0.2,Low Risk
15093,0,0.09,Low Risk
15094,0,0.14,Low Risk
15095,0,0.59,Medium Risk
15096,0,0.14,Low Risk
15097,1,0.58,Medium Risk
15099,1,0.93,High Risk
15100,0,0.26,Low Risk
15102,1,0.55,Medium Risk
15103,1,0.88,High Risk
15104,0,0.26,Low Risk
15105,0,0.14,Low Risk
15106,0,0.14,Low Risk
15107,0,0.12,Low Risk
15108,0,0.12,Low Risk
15109,1,0.78,High Risk
15110,0,0.03,Low Risk
15111,1,0.84,High Risk
15112,1,0.84,High Risk
15113,0,0.07,Low Risk
15114,0,0.16,Low Risk
15115,0,0.03,Low Risk
15116,1,0.65,Medium Risk
15117,1,0.87,High Risk
15118,1,0.79,High Risk
15119,0,0.06,Low Risk
15120,1,0.48,Medium Risk
15121,0,0.1,Low Risk
15122,0,0.07,Low Risk
15123,1,0.9,High Risk
15124,0,0.19,Low Risk
15125,0,0.12,Low Risk
15126,0,0.31,Low Risk
15127,1,0.24,Low Risk
15128,0,0.39,Low Risk
15129,0,0.2,Low Risk
15130,1,0.06,Low Risk
15131,0,0.08,Low Risk
15132,0,0.31,Low Risk
15133,1,0.33,Low Risk
15134,0,0.04,Low Risk
15135,0,0.16,Low Risk
15136,0,0.19,Low Risk
15137,0,0.39,Low Risk
15138,0,0.3,Low Risk
15139,0,0.17,Low Risk
15140,1,0.72,High Risk
15141,0,0.03,Low Risk
15142,0,0.16,Low Risk
15143,1,0.72,High Risk
15144,0,0.01,Low Risk
15145,0,0.11,Low Risk
15146,0,0.3,Low Risk
15147,0,0.07,Low Risk
15148,1,0.88,High Risk
15149,0,0.05,Low Risk
15150,1,0.77,High Risk
15151,1,0.3,Low Risk
15152,1,0.79,High Risk
15153,0,0.05,Low Risk
15154,0,0.28,Low Risk
15155,0,0.14,Low Risk
15156,0,0.18,Low Risk
15157,0,0.04,Low Risk
15158,0,0.19,Low Risk
15159,0,0.23,Low Risk
15160,1,0.72,High Risk
15161,0,0.4,Low Risk
15162,0,0.39,Low Risk
15163,0,0.07,Low Risk
15164,1,0.84,High Risk
15165,1,0.85,High Risk
15166,0,0.1,Low Risk
15167,0,0.08,Low Risk
15168,0,0.11,Low Risk
15169,0,0.21,Low Risk
15170,0,0.07,Low Risk
15171,0,0.31,Low Risk
15172,0,0.18,Low Risk
15173,0,0.02,Low Risk
15174,0,0.02,Low Risk
15175,0,0.22,Low Risk
15176,0,0.11,Low Risk
15177,0,0.26,Low Risk
15178,1,0.94,High Risk
15179,0,0.19,Low Risk
15180,1,0.91,High Risk
15181,0,0.07,Low Risk
15182,0,0.16,Low Risk
15183,1,0.77,High Risk
15184,0,0.44,Medium Risk
15185,1,0.8,High Risk
15186,1,0.81,High Risk
15187,0,0.2,Low Risk
15188,1,0.97,High Risk
15189,0,0.19,Low Risk
15190,0,0.2,Low Risk
15191,1,0.81,High Risk
15192,0,0.27,Low Risk
15193,0,0.35,Low Risk
15194,1,0.9,High Risk
15195,0,0.04,Low Risk
15196,1,0.24,Low Risk
15197,0,0.17,Low Risk
15198,0,0.05,Low Risk
15199,0,0.09,Low Risk
15200,0,0.19,Low Risk
15201,1,0.38,Low Risk
15202,1,0.13,Low Risk
15203,1,0.71,High Risk
15204,1,0.93,High Risk
15205,0,0.12,Low Risk
15206,1,0.92,High Risk
15207,0,0.13,Low Risk
15208,1,0.71,High Risk
15209,1,0.75,High Risk
15210,0,0.14,Low Risk
15211,0,0.62,Medium Risk
15212,0,0.08,Low Risk
15213,1,0.86,High Risk
15214,0,0.07,Low Risk
15215,1,0.73,High Risk
15216,0,0.05,Low Risk
15217,1,0.86,High Risk
15218,1,0.27,Low Risk
15219,0,0.14,Low Risk
15220,0,0.05,Low Risk
15221,0,0.29,Low Risk
15222,1,0.86,High Risk
15223,0,0.08,Low Risk
15224,0,0.06,Low Risk
15225,0,0.1,Low Risk
15226,0,0.06,Low Risk
15227,0,0.18,Low Risk
15228,0,0.16,Low Risk
15229,0,0.13,Low Risk
15230,0,0.19,Low Risk
15231,1,0.85,High Risk
15232,0,0.32,Low Risk
15233,0,0.09,Low Risk
15234,1,0.68,Medium Risk
15235,1,0.84,High Risk
15236,0,0.14,Low Risk
15237,1,0.69,Medium Risk
15238,1,0.79,High Risk
15239,0,0.29,Low Risk
15240,1,0.7,Medium Risk
15241,0,0.08,Low Risk
15243,1,0.31,Low Risk
15244,0,0.14,Low Risk
15245,0,0.75,High Risk
15246,0,0.22,Low Risk
15247,1,0.81,High Risk
15248,1,0.34,Low Risk
15249,0,0.22,Low Risk
15250,1,0.88,High Risk
15251,1,0.78,High Risk
15252,1,0.88,High Risk
15253,1,0.74,High Risk
15254,0,0.45,Medium Risk
15255,0,0.6,Medium Risk
15256,0,0.2,Low Risk
15257,0,0.13,Low Risk
15258,1,0.88,High Risk
15259,0,0.13,Low Risk
15260,1,0.66,Medium Risk
15261,1,0.84,High Risk
15262,1,0.84,High Risk
15263,0,0.2,Low Risk
15264,0,0.2,Low Risk
15265,1,0.75,High Risk
15266,0,0.2,Low Risk
15267,0,0.1,Low Risk
15268,1,0.89,High Risk
15269,1,0.46,Medium Risk
15270,1,0.81,High Risk
15271,0,0.04,Low Risk
15272,0,0.08,Low Risk
15273,1,0.73,High Risk
15274,0,0.35,Low Risk
15275,0,0.07,Low Risk
15276,0,0.07,Low Risk
15277,0,0.15,Low Risk
15278,0,0.16,Low Risk
15279,0,0.12,Low Risk
15280,1,0.76,High Risk
15281,0,0.16,Low Risk
15282,0,0.08,Low Risk
15283,0,0.87,High Risk
15284,1,0.82,High Risk
15285,0,0.19,Low Risk
15286,0,0.24,Low Risk
15287,0,0.07,Low Risk
15288,0,0.18,Low Risk
15289,0,0.11,Low Risk
15290,0,0.07,Low Risk
15291,1,0.72,High Risk
15292,0,0.05,Low Risk
15293,0,0.01,Low Risk
15294,1,0.7,Medium Risk
15295,0,0.01,Low Risk
15296,0,0.11,Low Risk
15297,1,0.86,High Risk
15298,0,0.25,Low Risk
15299,1,0.87,High Risk
15300,0,0.49,Medium Risk
15301,1,0.85,High Risk
15302,1,0.74,High Risk
15303,1,0.92,High Risk
15304,1,0.76,High Risk
15305,0,0.23,Low Risk
15306,0,0.39,Low Risk
15307,0,0.19,Low Risk
15308,0,0.55,Medium Risk
15309,1,0.4,Low Risk
15310,1,0.89,High Risk
15311,0,0.23,Low Risk
15312,0,0.25,Low Risk
15313,1,0.69,Medium Risk
15314,0,0.1,Low Risk
15315,0,0.07,Low Risk
15316,0,0.06,Low Risk
15317,1,0.59,Medium Risk
15318,0,0.09,Low Risk
15319,0,0.07,Low Risk
15320,0,0.2,Low Risk
15321,0,0.13,Low Risk
15322,0,0.62,Medium Risk
15323,0,0.16,Low Risk
15324,0,0.09,Low Risk
15325,1,0.61,Medium Risk
15326,1,0.69,Medium Risk
15327,0,0.25,Low Risk
15328,1,0.65,Medium Risk
15329,1,0.71,High Risk
15330,0,0.03,Low Risk
15331,0,0.22,Low Risk
15333,0,0.05,Low Risk
15334,1,0.76,High Risk
15335,1,0.69,Medium Risk
15336,0,0.3,Low Risk
15337,1,0.04,Low Risk
15338,0,0.04,Low Risk
15339,0,0.02,Low Risk
15340,0,0.07,Low Risk
15341,0,0.06,Low Risk
15342,1,0.66,Medium Risk
15343,1,0.86,High Risk
15344,0,0.12,Low Risk
15345,1,0.09,Low Risk
15346,0,0.23,Low Risk
15347,1,0.78,High Risk
15348,1,0.77,High Risk
15349,1,0.29,Low Risk
15350,0,0.21,Low Risk
15351,0,0.26,Low Risk
15352,0,0.15,Low Risk
15353,0,0.24,Low Risk
15354,0,0.15,Low Risk
15355,1,0.81,High Risk
15356,1,0.87,High Risk
15357,1,0.78,High Risk
15358,0,0.7,Medium Risk
15359,0,0.2,Low Risk
15360,0,0.03,Low Risk
15361,1,0.87,High Risk
15362,0,0.2,Low Risk
15363,0,0.21,Low Risk
15364,0,0.11,Low Risk
15365,0,0.07,Low Risk
15366,0,0.09,Low Risk
15367,0,0.01,Low Risk
15368,1,0.73,High Risk
15369,0,0.08,Low Risk
15370,0,0.13,Low Risk
15371,1,0.61,Medium Risk
15372,0,0.17,Low Risk
15373,0,0.54,Medium Risk
15374,0,0.02,Low Risk
15375,0,0.07,Low Risk
15376,0,0.09,Low Risk
15377,1,0.77,High Risk
15378,0,0.06,Low Risk
15379,1,0.88,High Risk
15380,1,0.68,Medium Risk
15381,1,0.95,High Risk
15382,0,0.02,Low Risk
15383,1,0.81,High Risk
15384,0,0.27,Low Risk
15385,1,0.72,High Risk
15386,1,0.76,High Risk
15387,1,0.8,High Risk
15388,0,0.1,Low Risk
15389,0,0.33,Low Risk
15390,1,0.84,High Risk
15391,0,0.07,Low Risk
15392,0,0.02,Low Risk
15393,0,0.12,Low Risk
15394,0,0.1,Low Risk
15395,1,0.81,High Risk
15396,0,0.18,Low Risk
15397,0,0.04,Low Risk
15398,0,0.57,Medium Risk
15399,0,0.21,Low Risk
15400,0,0.33,Low Risk
15401,0,0.25,Low Risk
15402,0,0.06,Low Risk
15403,1,0.78,High Risk
15404,1,0.88,High Risk
15405,0,0.07,Low Risk
15406,0,0.12,Low Risk
15407,0,0.12,Low Risk
15408,1,0.76,High Risk
15409,0,0.19,Low Risk
15410,1,0.72,High Risk
15411,1,0.69,Medium Risk
15412,0,0.32,Low Risk
15413,0,0.16,Low Risk
15414,0,0.06,Low Risk
15415,1,0.91,High Risk
15416,1,0.47,Medium Risk
15417,0,0.12,Low Risk
15418,0,0.13,Low Risk
15419,0,0.24,Low Risk
15420,1,0.73,High Risk
15421,0,0.2,Low Risk
15422,0,0.16,Low Risk
15423,0,0.29,Low Risk
15424,0,0.22,Low Risk
15425,0,0.16,Low Risk
15426,0,0.12,Low Risk
15427,1,0.91,High Risk
15428,0,0.1,Low Risk
15429,0,0.16,Low Risk
15430,0,0.0,Low Risk
15431,0,0.12,Low Risk
15432,0,0.68,Medium Risk
15433,0,0.2,Low Risk
15434,0,0.23,Low Risk
15435,0,0.06,Low Risk
15436,0,0.12,Low Risk
15437,0,0.01,Low Risk
15438,1,0.69,Medium Risk
15439,0,0.08,Low Risk
15440,0,0.16,Low Risk
15441,0,0.1,Low Risk
15442,1,0.9,High Risk
15443,0,0.08,Low Risk
15444,0,0.13,Low Risk
15445,0,0.08,Low Risk
15446,0,0.04,Low Risk
15447,1,0.94,High Risk
15448,0,0.09,Low Risk
15449,1,0.26,Low Risk
15450,1,0.75,High Risk
15451,1,0.94,High Risk
15452,1,0.94,High Risk
15453,1,0.76,High Risk
15454,1,0.78,High Risk
15455,1,0.31,Low Risk
15456,1,0.76,High Risk
15457,0,0.24,Low Risk
15458,1,0.81,High Risk
15459,0,0.16,Low Risk
15460,0,0.03,Low Risk
15461,1,0.76,High Risk
15462,1,0.8,High Risk
15463,0,0.09,Low Risk
15464,0,0.41,Medium Risk
15465,0,0.05,Low Risk
15466,0,0.01,Low Risk
15467,0,0.01,Low Risk
15468,0,0.14,Low Risk
15469,0,0.17,Low Risk
15470,0,0.26,Low Risk
15471,0,0.15,Low Risk
15472,0,0.08,Low Risk
15473,0,0.24,Low Risk
15474,0,0.21,Low Risk
15475,1,0.29,Low Risk
15476,1,0.2,Low Risk
15477,0,0.21,Low Risk
15478,1,0.83,High Risk
15479,0,0.16,Low Risk
15480,0,0.29,Low Risk
15481,1,0.71,High Risk
15482,0,0.19,Low Risk
15483,1,0.75,High Risk
15484,0,0.13,Low Risk
15485,1,0.9,High Risk
15486,1,0.92,High Risk
15487,1,0.91,High Risk
15488,1,0.77,High Risk
15489,0,0.1,Low Risk
15490,0,0.06,Low Risk
15491,0,0.08,Low Risk
15492,1,0.92,High Risk
15493,0,0.74,High Risk
15494,1,0.29,Low Risk
15495,0,0.15,Low Risk
15496,0,0.33,Low Risk
15497,0,0.17,Low Risk
15498,1,0.84,High Risk
15499,1,0.67,Medium Risk
15500,0,0.1,Low Risk
15501,1,0.07,Low Risk
15502,1,0.87,High Risk
15503,1,0.85,High Risk
15504,1,0.63,Medium Risk
15505,1,0.83,High Risk
15506,0,0.08,Low Risk
15507,0,0.04,Low Risk
15508,0,0.24,Low Risk
15509,1,0.89,High Risk
15510,1,0.58,Medium Risk
15511,1,0.88,High Risk
15512,0,0.04,Low Risk
15513,0,0.19,Low Risk
15514,0,0.11,Low Risk
15515,1,0.87,High Risk
15516,1,0.82,High Risk
15517,0,0.17,Low Risk
15518,0,0.01,Low Risk
15519,0,0.06,Low Risk
15520,0,0.19,Low Risk
15521,0,0.4,Low Risk
15522,0,0.48,Medium Risk
15523,1,0.54,Medium Risk
15524,1,0.86,High Risk
15525,0,0.29,Low Risk
15526,1,0.64,Medium Risk
15527,1,0.8,High Risk
15528,1,0.74,High Risk
15529,0,0.19,Low Risk
15530,1,0.85,High Risk
15531,0,0.14,Low Risk
15532,0,0.13,Low Risk
15533,0,0.16,Low Risk
15534,1,0.79,High Risk
15535,0,0.07,Low Risk
15536,0,0.2,Low Risk
15537,1,0.8,High Risk
15538,1,0.82,High Risk
15539,1,0.84,High Risk
15540,0,0.16,Low Risk
15541,0,0.06,Low Risk
15542,0,0.52,Medium Risk
15543,1,0.74,High Risk
15544,1,0.86,High Risk
15545,0,0.15,Low Risk
15546,0,0.03,Low Risk
15547,0,0.11,Low Risk
15548,0,0.2,Low Risk
15549,1,0.31,Low Risk
15550,0,0.07,Low Risk
15551,0,0.18,Low Risk
15552,0,0.66,Medium Risk
15553,0,0.24,Low Risk
15555,1,0.84,High Risk
15556,0,0.14,Low Risk
15557,0,0.14,Low Risk
15558,0,0.09,Low Risk
15559,1,0.96,High Risk
15560,1,0.77,High Risk
15561,0,0.11,Low Risk
15562,0,0.03,Low Risk
15563,1,0.93,High Risk
15564,1,0.85,High Risk
15565,0,0.1,Low Risk
15566,0,0.18,Low Risk
15567,1,0.78,High Risk
15568,0,0.17,Low Risk
15569,0,0.26,Low Risk
15570,1,0.87,High Risk
15571,0,0.09,Low Risk
15572,1,0.78,High Risk
15573,0,0.2,Low Risk
15574,0,0.07,Low Risk
15575,0,0.28,Low Risk
15576,1,0.06,Low Risk
15577,0,0.07,Low Risk
15578,0,0.08,Low Risk
15579,0,0.03,Low Risk
15580,0,0.21,Low Risk
15581,1,0.7,Medium Risk
15582,1,0.67,Medium Risk
15583,1,0.79,High Risk
15584,0,0.19,Low Risk
15585,0,0.01,Low Risk
15586,0,0.17,Low Risk
15587,0,0.07,Low Risk
15588,0,0.12,Low Risk
15589,1,0.83,High Risk
15590,0,0.11,Low Risk
15591,0,0.17,Low Risk
15592,1,0.6,Medium Risk
15593,0,0.17,Low Risk
15594,1,0.88,High Risk
15595,0,0.8,High Risk
15596,0,0.21,Low Risk
15597,0,0.02,Low Risk
15598,1,0.94,High Risk
15599,0,0.18,Low Risk
15600,0,0.17,Low Risk
15601,0,0.71,High Risk
15602,0,0.53,Medium Risk
15603,0,0.1,Low Risk
15604,1,0.8,High Risk
15605,1,0.74,High Risk
15606,0,0.09,Low Risk
15607,0,0.25,Low Risk
15608,1,0.74,High Risk
15609,0,0.16,Low Risk
15610,0,0.04,Low Risk
15611,1,0.84,High Risk
15612,0,0.1,Low Risk
15613,1,0.21,Low Risk
15614,1,0.87,High Risk
15615,1,0.66,Medium Risk
15616,0,0.12,Low Risk
15617,1,0.82,High Risk
15618,0,0.03,Low Risk
15619,1,0.72,High Risk
15620,1,0.92,High Risk
15621,0,0.27,Low Risk
15622,0,0.16,Low Risk
15623,1,0.69,Medium Risk
15624,0,0.49,Medium Risk
15625,0,0.14,Low Risk
15626,0,0.06,Low Risk
15627,0,0.1,Low Risk
15628,0,0.14,Low Risk
15629,1,0.99,High Risk
15630,0,0.09,Low Risk
15631,0,0.29,Low Risk
15632,1,0.68,Medium Risk
15633,0,0.65,Medium Risk
15634,1,0.95,High Risk
15635,0,0.04,Low Risk
15636,0,0.18,Low Risk
15638,1,0.75,High Risk
15639,0,0.12,Low Risk
15640,0,0.14,Low Risk
15641,1,0.99,High Risk
15642,0,0.06,Low Risk
15643,0,0.25,Low Risk
15644,0,0.06,Low Risk
15645,0,0.78,High Risk
15646,0,0.05,Low Risk
15647,0,0.18,Low Risk
15648,0,0.1,Low Risk
15649,0,0.07,Low Risk
15650,0,0.01,Low Risk
15651,0,0.14,Low Risk
15653,0,0.01,Low Risk
15654,0,0.13,Low Risk
15655,1,0.79,High Risk
15656,1,0.22,Low Risk
15657,1,0.73,High Risk
15658,1,0.74,High Risk
15659,1,0.05,Low Risk
15660,0,0.06,Low Risk
15661,1,0.69,Medium Risk
15662,1,0.96,High Risk
15663,0,0.17,Low Risk
15664,1,0.92,High Risk
15665,1,0.65,Medium Risk
15666,1,0.73,High Risk
15667,0,0.21,Low Risk
15668,1,0.7,Medium Risk
15669,1,0.95,High Risk
15670,0,0.13,Low Risk
15671,1,0.73,High Risk
15672,0,0.07,Low Risk
15673,1,0.16,Low Risk
15674,0,0.09,Low Risk
15675,1,0.44,Medium Risk
15676,1,0.63,Medium Risk
15677,0,0.05,Low Risk
15678,0,0.18,Low Risk
15679,0,0.02,Low Risk
15680,1,0.94,High Risk
15681,0,0.04,Low Risk
15682,1,0.64,Medium Risk
15683,0,0.23,Low Risk
15684,0,0.16,Low Risk
15685,0,0.09,Low Risk
15686,1,0.58,Medium Risk
15687,0,0.24,Low Risk
15688,1,0.5,Medium Risk
15689,0,0.39,Low Risk
15690,1,0.67,Medium Risk
15691,1,0.1,Low Risk
15692,0,0.24,Low Risk
15693,0,0.13,Low Risk
15694,1,0.69,Medium Risk
15695,0,0.75,High Risk
15696,0,0.34,Low Risk
15697,1,0.83,High Risk
15698,1,0.84,High Risk
15699,0,0.26,Low Risk
15700,0,0.13,Low Risk
15701,0,0.16,Low Risk
15702,0,0.09,Low Risk
15703,0,0.12,Low Risk
15704,1,0.77,High Risk
15705,0,0.12,Low Risk
15706,1,0.94,High Risk
15707,1,0.71,High Risk
15708,1,0.76,High Risk
15709,0,0.25,Low Risk
15710,0,0.26,Low Risk
15711,0,0.79,High Risk
15712,0,0.15,Low Risk
15713,0,0.11,Low Risk
15714,0,0.06,Low Risk
15715,0,0.05,Low Risk
15716,0,0.28,Low Risk
15717,0,0.13,Low Risk
15718,0,0.31,Low Risk
15719,1,0.88,High Risk
15720,0,0.06,Low Risk
15721,1,0.5,Medium Risk
15722,0,0.06,Low Risk
15723,1,0.69,Medium Risk
15724,0,0.39,Low Risk
15725,1,0.79,High Risk
15726,1,0.62,Medium Risk
15727,1,0.8,High Risk
15728,0,0.28,Low Risk
15729,1,0.69,Medium Risk
15730,0,0.19,Low Risk
15731,1,0.79,High Risk
15732,0,0.01,Low Risk
15733,0,0.11,Low Risk
15734,0,0.51,Medium Risk
15735,1,0.7,Medium Risk
15736,0,0.22,Low Risk
15737,0,0.12,Low Risk
15738,0,0.25,Low Risk
15739,1,0.69,Medium Risk
15740,1,0.87,High Risk
15741,0,0.58,Medium Risk
15742,0,0.07,Low Risk
15743,0,0.09,Low Risk
15744,1,0.76,High Risk
15745,1,0.71,High Risk
15746,1,0.76,High Risk
15747,1,0.76,High Risk
15748,0,0.24,Low Risk
15749,1,0.82,High Risk
15750,1,0.22,Low Risk
15751,1,0.73,High Risk
15752,0,0.18,Low Risk
15753,0,0.29,Low Risk
15754,0,0.17,Low Risk
15755,0,0.12,Low Risk
15756,1,0.21,Low Risk
15757,0,0.26,Low Risk
15758,0,0.97,High Risk
15759,1,0.88,High Risk
15760,0,0.19,Low Risk
15761,0,0.53,Medium Risk
15762,0,0.13,Low Risk
15763,0,0.08,Low Risk
15764,0,0.05,Low Risk
15765,1,0.63,Medium Risk
15766,1,0.85,High Risk
15767,0,0.07,Low Risk
15768,0,0.14,Low Risk
15769,0,0.2,Low Risk
15770,1,0.71,High Risk
15771,0,0.09,Low Risk
15772,0,0.14,Low Risk
15773,0,0.25,Low Risk
15774,0,0.18,Low Risk
15775,1,0.69,Medium Risk
15776,1,0.9,High Risk
15777,0,0.11,Low Risk
15778,1,0.79,High Risk
15779,0,0.05,Low Risk
15780,1,0.19,Low Risk
15781,1,0.71,High Risk
15782,0,0.08,Low Risk
15783,0,0.27,Low Risk
15784,0,0.12,Low Risk
15785,1,0.86,High Risk
15786,0,0.05,Low Risk
15787,0,0.28,Low Risk
15788,1,0.69,Medium Risk
15789,0,0.07,Low Risk
15790,0,0.32,Low Risk
15791,1,0.8,High Risk
15792,0,0.09,Low Risk
15793,0,0.15,Low Risk
15794,1,0.76,High Risk
15795,0,0.09,Low Risk
15796,1,0.81,High Risk
15797,0,0.06,Low Risk
15798,0,0.36,Low Risk
15799,0,0.3,Low Risk
15800,1,0.79,High Risk
15801,0,0.1,Low Risk
15802,0,0.03,Low Risk
15803,0,0.42,Medium Risk
15804,1,0.82,High Risk
15805,0,0.08,Low Risk
15806,0,0.0,Low Risk
15807,0,0.33,Low Risk
15808,1,0.82,High Risk
15809,0,0.09,Low Risk
15810,1,0.89,High Risk
15811,0,0.02,Low Risk
15812,0,0.09,Low Risk
15813,0,0.16,Low Risk
15814,0,0.06,Low Risk
15815,1,0.89,High Risk
15816,0,0.16,Low Risk
15817,0,0.08,Low Risk
15818,0,0.03,Low Risk
15819,0,0.01,Low Risk
15820,0,0.25,Low Risk
15821,1,0.29,Low Risk
15822,1,0.53,Medium Risk
15823,0,0.05,Low Risk
15824,0,0.1,Low Risk
15825,0,0.13,Low Risk
15826,0,0.12,Low Risk
15827,0,0.1,Low Risk
15828,1,0.66,Medium Risk
15829,0,0.46,Medium Risk
15830,1,0.89,High Risk
15831,1,0.7,Medium Risk
15832,0,0.11,Low Risk
15833,0,0.18,Low Risk
15834,0,0.23,Low Risk
15835,1,0.84,High Risk
15836,0,0.06,Low Risk
15837,0,0.14,Low Risk
15838,0,0.14,Low Risk
15839,0,0.02,Low Risk
15840,0,0.39,Low Risk
15841,1,0.69,Medium Risk
15842,0,0.26,Low Risk
15843,0,0.17,Low Risk
15844,0,0.16,Low Risk
15845,0,0.29,Low Risk
15846,0,0.14,Low Risk
15847,0,0.01,Low Risk
15848,1,0.16,Low Risk
15849,0,0.09,Low Risk
15850,0,0.25,Low Risk
15851,0,0.08,Low Risk
15852,0,0.16,Low Risk
15853,0,0.06,Low Risk
15854,0,0.08,Low Risk
15855,1,0.76,High Risk
15856,1,0.81,High Risk
15857,1,0.42,Medium Risk
15858,0,0.11,Low Risk
15859,0,0.16,Low Risk
15860,1,0.86,High Risk
15861,1,0.82,High Risk
15862,0,0.08,Low Risk
15863,0,0.26,Low Risk
15864,0,0.16,Low Risk
15865,0,0.14,Low Risk
15866,0,0.47,Medium Risk
15867,1,0.71,High Risk
15868,1,0.7,Medium Risk
15869,0,0.12,Low Risk
15870,0,0.13,Low Risk
15871,0,0.13,Low Risk
15872,0,0.2,Low Risk
15873,0,0.18,Low Risk
15874,0,0.04,Low Risk
15875,1,0.79,High Risk
15876,0,0.35,Low Risk
15877,1,0.93,High Risk
15878,0,0.07,Low Risk
15879,0,0.08,Low Risk
15880,1,0.4,Low Risk
15881,0,0.2,Low Risk
15882,0,0.16,Low Risk
15883,0,0.14,Low Risk
15884,1,0.75,High Risk
15885,1,0.86,High Risk
15886,1,0.83,High Risk
15887,0,0.15,Low Risk
15888,0,0.16,Low Risk
15889,1,0.73,High Risk
15890,1,0.77,High Risk
15891,0,0.17,Low Risk
15892,0,0.55,Medium Risk
15893,0,0.17,Low Risk
15894,0,0.1,Low Risk
15895,1,0.97,High Risk
15896,1,0.74,High Risk
15897,0,0.33,Low Risk
15898,0,0.15,Low Risk
15899,1,0.45,Medium Risk
15900,1,0.8,High Risk
15901,0,0.05,Low Risk
15902,0,0.23,Low Risk
15903,1,0.82,High Risk
15904,0,0.09,Low Risk
15905,1,0.43,Medium Risk
15906,0,0.3,Low Risk
15907,1,0.78,High Risk
15908,0,0.11,Low Risk
15909,1,0.86,High Risk
15910,1,0.22,Low Risk
15911,1,0.82,High Risk
15912,0,0.15,Low Risk
15913,0,0.25,Low Risk
15914,1,0.67,Medium Risk
15915,1,0.73,High Risk
15916,0,0.02,Low Risk
15917,1,0.91,High Risk
15918,1,0.62,Medium Risk
15919,0,0.06,Low Risk
15920,0,0.4,Low Risk
15921,1,0.68,Medium Risk
15922,1,0.91,High Risk
15923,1,0.67,Medium Risk
15924,1,0.83,High Risk
15925,0,0.06,Low Risk
15926,1,0.81,High Risk
15927,0,0.08,Low Risk
15928,1,0.89,High Risk
15929,1,0.57,Medium Risk
15930,0,0.16,Low Risk
15931,0,0.26,Low Risk
15932,1,0.71,High Risk
15933,0,0.07,Low Risk
15934,0,0.06,Low Risk
15935,1,0.73,High Risk
15936,0,0.16,Low Risk
15937,0,0.25,Low Risk
15938,1,0.82,High Risk
15939,1,0.92,High Risk
15940,1,0.82,High Risk
15941,0,0.16,Low Risk
15942,0,0.2,Low Risk
15943,1,0.83,High Risk
15944,0,0.06,Low Risk
15945,0,0.85,High Risk
15946,1,0.81,High Risk
15947,0,0.1,Low Risk
15948,0,0.15,Low Risk
15949,0,0.23,Low Risk
15950,0,0.17,Low Risk
15951,0,0.05,Low Risk
15952,1,0.71,High Risk
15953,0,0.34,Low Risk
15954,0,0.13,Low Risk
15955,0,0.17,Low Risk
15956,1,0.85,High Risk
15957,0,0.19,Low Risk
15958,1,0.66,Medium Risk
15959,0,0.44,Medium Risk
15960,1,0.9,High Risk
15961,0,0.06,Low Risk
15962,0,0.21,Low Risk
15963,0,0.22,Low Risk
15964,0,0.08,Low Risk
15965,1,0.88,High Risk
15966,0,0.11,Low Risk
15967,1,0.73,High Risk
15968,1,0.63,Medium Risk
15969,1,0.8,High Risk
15970,0,0.36,Low Risk
15971,1,0.24,Low Risk
15972,0,0.06,Low Risk
15973,0,0.17,Low Risk
15974,1,0.6,Medium Risk
15975,0,0.08,Low Risk
15976,1,0.7,Medium Risk
15977,0,0.27,Low Risk
15978,0,0.09,Low Risk
15979,1,0.93,High Risk
15980,0,0.08,Low Risk
15981,0,0.11,Low Risk
15982,1,0.71,High Risk
15983,1,0.82,High Risk
15984,0,0.25,Low Risk
15985,0,0.04,Low Risk
15986,1,0.92,High Risk
15987,0,0.5,Medium Risk
15988,1,0.14,Low Risk
15989,0,0.18,Low Risk
15990,1,0.7,Medium Risk
15991,0,0.13,Low Risk
15992,0,0.18,Low Risk
15993,1,0.78,High Risk
15994,1,0.7,Medium Risk
15995,0,0.11,Low Risk
15996,0,0.11,Low Risk
15997,0,0.26,Low Risk
15998,0,0.14,Low Risk
15999,1,0.88,High Risk
16000,0,0.05,Low Risk
16001,0,0.12,Low Risk
16002,0,0.04,Low Risk
16003,0,0.1,Low Risk
16004,1,0.76,High Risk
16005,1,0.88,High Risk
16006,1,0.17,Low Risk
16007,0,0.24,Low Risk
16008,1,0.77,High Risk
16009,1,0.74,High Risk
16010,1,0.68,Medium Risk
16011,1,0.84,High Risk
16012,1,0.86,High Risk
16013,1,0.19,Low Risk
16014,1,0.86,High Risk
16015,0,0.14,Low Risk
16016,1,0.65,Medium Risk
16017,1,0.84,High Risk
16018,0,0.14,Low Risk
16019,1,0.57,Medium Risk
16020,1,0.68,Medium Risk
16021,0,0.07,Low Risk
16022,0,0.11,Low Risk
16023,1,0.79,High Risk
16024,0,0.4,Low Risk
16025,1,0.71,High Risk
16026,0,0.16,Low Risk
16027,0,0.13,Low Risk
16028,1,0.68,Medium Risk
16029,0,0.08,Low Risk
16030,1,0.77,High Risk
16031,0,0.17,Low Risk
16032,1,0.77,High Risk
16033,0,0.18,Low Risk
16034,0,0.15,Low Risk
16035,0,0.02,Low Risk
16036,1,0.89,High Risk
16037,1,0.78,High Risk
16038,0,0.14,Low Risk
16039,0,0.15,Low Risk
16040,0,0.06,Low Risk
16042,0,0.16,Low Risk
16043,0,0.32,Low Risk
16044,0,0.09,Low Risk
16045,1,0.83,High Risk
16046,0,0.14,Low Risk
16047,0,0.1,Low Risk
16048,1,0.87,High Risk
16049,0,0.8,High Risk
16050,0,0.22,Low Risk
16051,0,0.04,Low Risk
16052,0,0.02,Low Risk
16053,0,0.11,Low Risk
16054,1,0.73,High Risk
16055,1,0.84,High Risk
16056,0,0.39,Low Risk
16057,0,0.12,Low Risk
16058,0,0.08,Low Risk
16059,0,0.13,Low Risk
16060,0,0.07,Low Risk
16061,1,0.92,High Risk
16062,1,0.76,High Risk
16063,0,0.14,Low Risk
16064,0,0.51,Medium Risk
16065,0,0.21,Low Risk
16066,1,0.87,High Risk
16067,0,0.04,Low Risk
16068,0,0.2,Low Risk
16069,0,0.21,Low Risk
16070,0,0.24,Low Risk
16071,1,0.84,High Risk
16072,0,0.18,Low Risk
16073,1,0.78,High Risk
16074,0,0.12,Low Risk
16075,0,0.24,Low Risk
16076,1,0.74,High Risk
16077,1,0.62,Medium Risk
16078,1,0.25,Low Risk
16079,1,0.26,Low Risk
16080,0,0.09,Low Risk
16081,0,0.12,Low Risk
16082,1,0.74,High Risk
16083,0,0.31,Low Risk
16084,0,0.3,Low Risk
16085,0,0.26,Low Risk
16086,1,0.74,High Risk
16087,1,0.76,High Risk
16088,0,0.12,Low Risk
16089,0,0.52,Medium Risk
16090,0,0.62,Medium Risk
16091,0,0.14,Low Risk
16092,1,0.76,High Risk
16093,0,0.03,Low Risk
16094,0,0.24,Low Risk
16095,1,0.94,High Risk
16096,1,0.73,High Risk
16097,1,0.83,High Risk
16098,1,0.86,High Risk
16099,0,0.02,Low Risk
16100,1,0.41,Medium Risk
16101,1,0.25,Low Risk
16102,0,0.16,Low Risk
16103,0,0.2,Low Risk
16104,0,0.18,Low Risk
16105,1,0.6,Medium Risk
16106,0,0.15,Low Risk
16107,1,0.85,High Risk
16108,0,0.53,Medium Risk
16109,0,0.17,Low Risk
16110,0,0.46,Medium Risk
16111,0,0.08,Low Risk
16112,0,0.04,Low Risk
16113,1,0.85,High Risk
16114,0,0.05,Low Risk
16115,0,0.1,Low Risk
16116,0,0.17,Low Risk
16117,1,0.75,High Risk
16118,0,0.34,Low Risk
16119,0,0.18,Low Risk
16120,1,0.76,High Risk
16121,1,0.78,High Risk
16122,0,0.15,Low Risk
16123,1,0.84,High Risk
16124,0,0.2,Low Risk
16125,0,0.26,Low Risk
16126,1,0.79,High Risk
16127,0,0.25,Low Risk
16128,0,0.2,Low Risk
16129,0,0.06,Low Risk
16130,0,0.14,Low Risk
16131,0,0.13,Low Risk
16132,0,0.15,Low Risk
16133,1,0.55,Medium Risk
16134,0,0.08,Low Risk
16135,0,0.13,Low Risk
16136,0,0.06,Low Risk
16137,0,0.0,Low Risk
16138,0,0.14,Low Risk
16139,1,0.75,High Risk
16140,0,0.02,Low Risk
16141,1,0.69,Medium Risk
16142,0,0.16,Low Risk
16143,0,0.15,Low Risk
16144,0,0.1,Low Risk
16145,0,0.12,Low Risk
16146,1,0.79,High Risk
16147,1,0.87,High Risk
16148,0,0.08,Low Risk
16149,0,0.21,Low Risk
16150,0,0.19,Low Risk
16151,1,0.81,High Risk
16152,1,0.75,High Risk
16153,1,0.67,Medium Risk
16154,0,0.33,Low Risk
16155,0,0.01,Low Risk
16156,0,0.21,Low Risk
16157,0,0.17,Low Risk
16158,0,0.15,Low Risk
16159,0,0.12,Low Risk
16160,0,0.18,Low Risk
16161,0,0.07,Low Risk
16162,1,0.8,High Risk
16163,1,0.73,High Risk
16164,0,0.15,Low Risk
16165,0,0.24,Low Risk
16166,0,0.11,Low Risk
16167,1,0.82,High Risk
16168,0,0.12,Low Risk
16169,1,0.84,High Risk
16170,0,0.24,Low Risk
16171,1,0.76,High Risk
16172,0,0.22,Low Risk
16173,0,0.3,Low Risk
16174,1,0.66,Medium Risk
16175,0,0.16,Low Risk
16176,0,0.13,Low Risk
16177,0,0.57,Medium Risk
16178,0,0.23,Low Risk
16179,0,0.26,Low Risk
16180,0,0.1,Low Risk
16181,1,0.76,High Risk
16182,0,0.09,Low Risk
16183,1,0.18,Low Risk
16184,0,0.12,Low Risk
16185,0,0.08,Low Risk
16186,0,0.16,Low Risk
16187,0,0.28,Low Risk
16188,0,0.13,Low Risk
16189,1,0.74,High Risk
16190,1,0.17,Low Risk
16191,0,0.09,Low Risk
16192,0,0.12,Low Risk
16193,1,0.78,High Risk
16194,0,0.2,Low Risk
16195,0,0.23,Low Risk
16196,1,0.78,High Risk
16197,0,0.06,Low Risk
16198,0,0.36,Low Risk
16199,0,0.11,Low Risk
16200,0,0.2,Low Risk
16201,0,0.02,Low Risk
16202,1,0.78,High Risk
16203,1,0.91,High Risk
16204,0,0.24,Low Risk
16205,1,0.8,High Risk
16206,1,0.17,Low Risk
16207,1,0.68,Medium Risk
16208,1,0.64,Medium Risk
16209,1,0.84,High Risk
16210,1,0.76,High Risk
16211,0,0.12,Low Risk
16212,0,0.26,Low Risk
16213,1,0.72,High Risk
16214,1,0.94,High Risk
16215,0,0.71,High Risk
16216,1,0.74,High Risk
16217,1,0.68,Medium Risk
16218,1,0.29,Low Risk
16219,0,0.15,Low Risk
16220,0,0.1,Low Risk
16221,1,0.88,High Risk
16222,1,0.66,Medium Risk
16223,1,0.72,High Risk
16224,0,0.08,Low Risk
16225,1,0.89,High Risk
16226,0,0.08,Low Risk
16227,1,0.77,High Risk
16228,1,0.67,Medium Risk
16229,0,0.09,Low Risk
16230,1,0.75,High Risk
16231,0,0.09,Low Risk
16232,0,0.1,Low Risk
16233,0,0.22,Low Risk
16234,1,0.74,High Risk
16235,0,0.05,Low Risk
16236,0,0.12,Low Risk
16237,1,0.95,High Risk
16238,0,0.23,Low Risk
16239,1,0.76,High Risk
16240,1,0.7,Medium Risk
16241,0,0.13,Low Risk
16242,1,0.19,Low Risk
16243,1,0.9,High Risk
16244,0,0.06,Low Risk
16245,1,0.99,High Risk
16246,0,0.38,Low Risk
16247,0,0.14,Low Risk
16248,1,0.91,High Risk
16249,0,0.36,Low Risk
16250,0,0.07,Low Risk
16251,0,0.01,Low Risk
16252,0,0.23,Low Risk
16253,0,0.21,Low Risk
16254,1,0.77,High Risk
16255,1,0.74,High Risk
16256,0,0.3,Low Risk
16257,1,0.86,High Risk
16258,0,0.3,Low Risk
16259,1,0.79,High Risk
16260,0,0.02,Low Risk
16261,0,0.23,Low Risk
16262,0,0.14,Low Risk
16263,0,0.8,High Risk
16264,1,0.27,Low Risk
16265,0,0.09,Low Risk
16266,1,0.62,Medium Risk
16267,1,0.59,Medium Risk
16268,0,0.01,Low Risk
16269,1,0.72,High Risk
16270,0,0.25,Low Risk
16271,1,0.82,High Risk
16272,1,0.84,High Risk
16273,0,0.08,Low Risk
16274,0,0.09,Low Risk
16275,0,0.13,Low Risk
16276,0,0.27,Low Risk
16277,0,0.22,Low Risk
16278,0,0.14,Low Risk
16279,1,0.81,High Risk
16280,0,0.01,Low Risk
16281,0,0.11,Low Risk
16282,0,0.15,Low Risk
16283,0,0.11,Low Risk
16284,1,0.64,Medium Risk
16285,0,0.06,Low Risk
16286,1,0.87,High Risk
16287,0,0.07,Low Risk
16288,0,0.17,Low Risk
16289,0,0.15,Low Risk
16290,0,0.02,Low Risk
16291,0,0.23,Low Risk
16292,0,0.08,Low Risk
16293,0,0.12,Low Risk
16294,0,0.01,Low Risk
16295,0,0.04,Low Risk
16296,1,0.66,Medium Risk
16297,0,0.29,Low Risk
16298,0,0.05,Low Risk
16299,1,0.81,High Risk
16300,0,0.28,Low Risk
16301,0,0.02,Low Risk
16302,0,0.13,Low Risk
16303,0,0.04,Low Risk
16304,0,0.18,Low Risk
16305,0,0.04,Low Risk
16306,0,0.18,Low Risk
16307,1,0.89,High Risk
16308,1,0.83,High Risk
16309,0,0.24,Low Risk
16310,0,0.09,Low Risk
16311,1,0.78,High Risk
16312,1,0.91,High Risk
16313,0,0.15,Low Risk
16314,0,0.26,Low Risk
16315,0,0.29,Low Risk
16316,0,0.29,Low Risk
16317,1,0.64,Medium Risk
16318,1,0.87,High Risk
16319,1,0.84,High Risk
16320,0,0.77,High Risk
16321,0,0.18,Low Risk
16322,1,0.84,High Risk
16323,0,0.18,Low Risk
16324,1,0.85,High Risk
16325,1,0.42,Medium Risk
16326,0,0.08,Low Risk
16327,0,0.37,Low Risk
16328,0,0.1,Low Risk
16329,1,0.82,High Risk
16330,0,0.37,Low Risk
16331,1,0.29,Low Risk
16332,1,0.92,High Risk
16333,1,0.97,High Risk
16334,1,0.78,High Risk
16335,0,0.13,Low Risk
16336,0,0.19,Low Risk
16337,0,0.17,Low Risk
16338,1,0.73,High Risk
16339,0,0.65,Medium Risk
16340,1,0.87,High Risk
16341,0,0.11,Low Risk
16342,0,0.11,Low Risk
16343,1,0.68,Medium Risk
16344,0,0.03,Low Risk
16345,1,0.93,High Risk
16346,0,0.27,Low Risk
16347,0,0.11,Low Risk
16348,1,0.77,High Risk
16349,1,0.87,High Risk
16350,1,0.4,Low Risk
16351,1,0.86,High Risk
16352,0,0.08,Low Risk
16353,0,0.15,Low Risk
16354,1,0.74,High Risk
16355,1,0.86,High Risk
16356,1,0.34,Low Risk
16357,0,0.13,Low Risk
16358,1,0.77,High Risk
16359,0,0.05,Low Risk
16360,0,0.17,Low Risk
16361,0,0.04,Low Risk
16362,1,0.64,Medium Risk
16363,1,0.83,High Risk
16364,1,0.73,High Risk
16365,0,0.42,Medium Risk
16366,1,0.81,High Risk
16367,1,0.85,High Risk
16368,0,0.25,Low Risk
16369,1,0.21,Low Risk
16370,0,0.11,Low Risk
16371,0,0.14,Low Risk
16372,1,0.26,Low Risk
16373,0,0.12,Low Risk
16374,0,0.06,Low Risk
16375,0,0.11,Low Risk
16376,1,0.76,High Risk
16377,0,0.08,Low Risk
16378,0,0.14,Low Risk
16379,0,0.05,Low Risk
16380,0,0.18,Low Risk
16381,0,0.07,Low Risk
16382,0,0.28,Low Risk
16383,0,0.7,Medium Risk
16384,0,0.06,Low Risk
16385,0,0.78,High Risk
16386,0,0.09,Low Risk
16387,1,0.08,Low Risk
16388,1,0.76,High Risk
16389,1,0.7,Medium Risk
16390,1,0.74,High Risk
16391,0,0.5,Medium Risk
16392,0,0.1,Low Risk
16393,1,0.82,High Risk
16394,0,0.13,Low Risk
16395,0,0.59,Medium Risk
16396,0,0.07,Low Risk
16397,1,0.65,Medium Risk
16398,1,0.81,High Risk
16399,0,0.09,Low Risk
16400,0,0.27,Low Risk
16401,1,0.91,High Risk
16402,0,0.18,Low Risk
16403,1,0.64,Medium Risk
16404,0,0.0,Low Risk
16405,0,0.07,Low Risk
16406,1,0.13,Low Risk
16407,0,0.14,Low Risk
16408,0,0.04,Low Risk
16409,0,0.11,Low Risk
16410,0,0.14,Low Risk
16411,0,0.09,Low Risk
16412,1,0.62,Medium Risk
16413,0,0.07,Low Risk
16414,0,0.08,Low Risk
16415,0,0.19,Low Risk
16416,0,0.2,Low Risk
16417,0,0.24,Low Risk
16418,0,0.32,Low Risk
16419,1,0.52,Medium Risk
16420,0,0.16,Low Risk
16421,0,0.32,Low Risk
16422,0,0.07,Low Risk
16423,1,0.82,High Risk
16424,1,0.94,High Risk
16425,0,0.12,Low Risk
16426,0,0.04,Low Risk
16427,0,0.09,Low Risk
16428,0,0.32,Low Risk
16429,1,0.81,High Risk
16430,0,0.07,Low Risk
16431,1,0.84,High Risk
16432,1,0.75,High Risk
16433,1,0.43,Medium Risk
16434,0,0.05,Low Risk
16435,1,0.73,High Risk
16436,0,0.15,Low Risk
16437,0,0.18,Low Risk
16438,1,0.78,High Risk
16439,1,0.64,Medium Risk
16440,0,0.18,Low Risk
16441,0,0.05,Low Risk
16442,1,0.8,High Risk
16443,0,0.0,Low Risk
16444,0,0.15,Low Risk
16445,0,0.13,Low Risk
16446,0,0.26,Low Risk
16447,0,0.27,Low Risk
16448,1,0.63,Medium Risk
16449,0,0.06,Low Risk
16450,0,0.08,Low Risk
16451,0,0.08,Low Risk
16452,1,0.87,High Risk
16453,0,0.07,Low Risk
16454,0,0.02,Low Risk
16455,1,0.71,High Risk
16456,1,0.8,High Risk
16457,1,0.3,Low Risk
16458,1,0.29,Low Risk
16459,0,0.04,Low Risk
16460,1,0.42,Medium Risk
16461,0,0.12,Low Risk
16462,1,0.63,Medium Risk
16463,0,0.14,Low Risk
16464,0,0.2,Low Risk
16466,0,0.16,Low Risk
16467,1,0.17,Low Risk
16468,0,0.07,Low Risk
16469,0,0.08,Low Risk
16470,1,0.84,High Risk
16471,1,0.95,High Risk
16472,1,0.63,Medium Risk
16473,1,0.74,High Risk
16474,1,0.82,High Risk
16475,1,0.88,High Risk
16476,0,0.34,Low Risk
16477,0,0.05,Low Risk
16478,0,0.26,Low Risk
16479,1,0.99,High Risk
16480,0,0.22,Low Risk
16481,0,0.09,Low Risk
16482,0,0.26,Low Risk
16483,0,0.06,Low Risk
16484,1,0.2,Low Risk
16485,0,0.22,Low Risk
16486,1,0.18,Low Risk
16487,1,0.75,High Risk
16488,1,0.83,High Risk
16489,0,0.17,Low Risk
16490,0,0.08,Low Risk
16491,0,0.3,Low Risk
16492,0,0.34,Low Risk
16493,0,0.03,Low Risk
16494,0,0.13,Low Risk
16495,1,0.87,High Risk
16496,1,0.87,High Risk
16497,1,0.75,High Risk
16498,0,0.11,Low Risk
16499,0,0.08,Low Risk
16500,1,0.91,High Risk
16501,1,0.82,High Risk
16502,0,0.34,Low Risk
16503,1,0.93,High Risk
16504,1,0.6,Medium Risk
16505,0,0.09,Low Risk
16506,0,0.04,Low Risk
16507,1,0.75,High Risk
16508,0,0.1,Low Risk
16509,0,0.03,Low Risk
16510,0,0.23,Low Risk
16511,0,0.08,Low Risk
16512,0,0.18,Low Risk
16513,1,0.88,High Risk
16514,0,0.3,Low Risk
16515,1,0.78,High Risk
16516,1,0.5,Medium Risk
16517,0,0.28,Low Risk
16518,1,0.83,High Risk
16519,0,0.03,Low Risk
16520,1,0.96,High Risk
16521,1,0.78,High Risk
16522,1,0.74,High Risk
16523,0,0.2,Low Risk
16524,0,0.2,Low Risk
16525,1,0.93,High Risk
16526,0,0.44,Medium Risk
16527,0,0.02,Low Risk
16528,0,0.07,Low Risk
16529,1,0.27,Low Risk
16530,1,0.81,High Risk
16531,0,0.11,Low Risk
16532,1,0.94,High Risk
16533,1,0.9,High Risk
16534,1,0.72,High Risk
16535,0,0.11,Low Risk
16536,0,0.08,Low Risk
16537,1,0.72,High Risk
16538,0,0.21,Low Risk
16539,0,0.09,Low Risk
16540,0,0.16,Low Risk
16541,0,0.06,Low Risk
16542,0,0.5,Medium Risk
16543,0,0.11,Low Risk
16544,0,0.14,Low Risk
16545,0,0.05,Low Risk
16546,1,0.61,Medium Risk
16547,0,0.17,Low Risk
16548,0,0.32,Low Risk
16549,0,0.1,Low Risk
16550,0,0.04,Low Risk
16551,1,0.72,High Risk
16552,1,0.3,Low Risk
16553,0,0.16,Low Risk
16554,1,0.73,High Risk
16555,0,0.24,Low Risk
16556,1,0.65,Medium Risk
16557,1,0.77,High Risk
16558,1,0.94,High Risk
16559,0,0.33,Low Risk
16560,0,0.09,Low Risk
16561,0,0.48,Medium Risk
16562,1,0.81,High Risk
16563,0,0.06,Low Risk
16564,0,0.26,Low Risk
16565,1,0.79,High Risk
16566,0,0.18,Low Risk
16567,1,0.16,Low Risk
16568,1,0.8,High Risk
16569,0,0.17,Low Risk
16570,0,0.16,Low Risk
16571,1,0.78,High Risk
16572,0,0.07,Low Risk
16573,1,0.62,Medium Risk
16574,1,0.96,High Risk
16575,0,0.03,Low Risk
16576,1,0.69,Medium Risk
16577,1,0.55,Medium Risk
16578,0,0.22,Low Risk
16579,0,0.21,Low Risk
16580,1,0.79,High Risk
16581,1,0.62,Medium Risk
16582,1,0.72,High Risk
16583,1,0.76,High Risk
16584,0,0.55,Medium Risk
16585,1,0.39,Low Risk
16586,0,0.11,Low Risk
16587,0,0.01,Low Risk
16588,0,0.08,Low Risk
16589,0,0.18,Low Risk
16590,0,0.12,Low Risk
16591,1,0.72,High Risk
16592,1,0.74,High Risk
16593,0,0.14,Low Risk
16594,0,0.19,Low Risk
16595,0,0.05,Low Risk
16596,0,0.19,Low Risk
16597,1,0.97,High Risk
16598,0,0.64,Medium Risk
16599,1,0.77,High Risk
16600,0,0.05,Low Risk
16601,0,0.14,Low Risk
16602,0,0.37,Low Risk
16603,0,0.39,Low Risk
16604,0,0.52,Medium Risk
16605,0,0.12,Low Risk
16606,0,0.17,Low Risk
16607,0,0.27,Low Risk
16608,0,0.61,Medium Risk
16609,0,0.17,Low Risk
16610,0,0.12,Low Risk
16611,0,0.03,Low Risk
16612,0,0.28,Low Risk
16613,0,0.02,Low Risk
16614,0,0.13,Low Risk
16615,0,0.06,Low Risk
16616,0,0.01,Low Risk
16617,1,0.79,High Risk
16618,0,0.08,Low Risk
16619,1,0.98,High Risk
16620,0,0.07,Low Risk
16621,1,0.82,High Risk
16622,0,0.43,Medium Risk
16623,0,0.15,Low Risk
16624,1,0.8,High Risk
16625,1,0.57,Medium Risk
16626,0,0.07,Low Risk
16627,0,0.04,Low Risk
16628,0,0.2,Low Risk
16629,1,0.75,High Risk
16630,0,0.23,Low Risk
16631,0,0.08,Low Risk
16632,0,0.25,Low Risk
16633,0,0.08,Low Risk
16634,0,0.04,Low Risk
16635,0,0.2,Low Risk
16636,0,0.09,Low Risk
16637,1,0.67,Medium Risk
16638,1,0.72,High Risk
16639,1,0.97,High Risk
16640,1,0.7,Medium Risk
16641,0,0.14,Low Risk
16642,0,0.11,Low Risk
16643,0,0.09,Low Risk
16644,0,0.02,Low Risk
16645,0,0.06,Low Risk
16646,1,0.93,High Risk
16647,0,0.03,Low Risk
16648,1,0.85,High Risk
16649,0,0.14,Low Risk
16650,0,0.1,Low Risk
16651,0,0.2,Low Risk
16652,0,0.1,Low Risk
16653,0,0.28,Low Risk
16654,1,0.87,High Risk
16655,0,0.1,Low Risk
16656,0,0.08,Low Risk
16657,0,0.12,Low Risk
16658,0,0.12,Low Risk
16659,0,0.48,Medium Risk
16660,0,0.04,Low Risk
16661,0,0.23,Low Risk
16662,0,0.13,Low Risk
16663,0,0.15,Low Risk
16664,1,0.96,High Risk
16665,1,0.89,High Risk
16666,1,0.93,High Risk
16667,0,0.11,Low Risk
16668,0,0.15,Low Risk
16669,1,0.78,High Risk
16670,0,0.06,Low Risk
16671,1,0.72,High Risk
16672,1,0.87,High Risk
16673,1,0.72,High Risk
16674,0,0.21,Low Risk
16675,1,0.83,High Risk
16676,0,0.15,Low Risk
16677,0,0.18,Low Risk
16678,0,0.17,Low Risk
16679,0,0.1,Low Risk
16680,0,0.75,High Risk
16681,0,0.05,Low Risk
16682,0,0.02,Low Risk
16683,0,0.18,Low Risk
16684,1,0.78,High Risk
16685,0,0.82,High Risk
16686,0,0.15,Low Risk
16687,0,0.21,Low Risk
16688,1,0.88,High Risk
16689,0,0.04,Low Risk
16690,1,0.94,High Risk
16691,0,0.33,Low Risk
16692,0,0.26,Low Risk
16693,0,0.18,Low Risk
16694,0,0.14,Low Risk
16695,0,0.37,Low Risk
16696,1,0.65,Medium Risk
16697,1,0.76,High Risk
16698,0,0.27,Low Risk
16699,1,0.86,High Risk
16700,1,0.92,High Risk
16701,0,0.09,Low Risk
16702,0,0.06,Low Risk
16703,0,0.11,Low Risk
16704,0,0.02,Low Risk
16705,0,0.26,Low Risk
16706,0,0.07,Low Risk
16707,0,0.24,Low Risk
16708,1,0.67,Medium Risk
16709,0,0.07,Low Risk
16710,0,0.09,Low Risk
16711,0,0.05,Low Risk
16712,1,0.71,High Risk
16713,1,0.63,Medium Risk
16714,0,0.05,Low Risk
16715,0,0.08,Low Risk
16716,1,0.97,High Risk
16717,0,0.03,Low Risk
16718,1,0.77,High Risk
16719,0,0.05,Low Risk
16720,0,0.06,Low Risk
16721,0,0.51,Medium Risk
16722,1,0.7,Medium Risk
16723,1,0.71,High Risk
16724,1,0.98,High Risk
16725,0,0.15,Low Risk
16726,0,0.25,Low Risk
16727,0,0.24,Low Risk
16728,1,0.7,Medium Risk
16729,0,0.08,Low Risk
16730,0,0.15,Low Risk
16731,1,0.81,High Risk
16732,1,0.57,Medium Risk
16733,0,0.24,Low Risk
16734,0,0.12,Low Risk
16735,0,0.02,Low Risk
16736,1,0.69,Medium Risk
16737,1,0.96,High Risk
16738,1,0.88,High Risk
16739,1,0.88,High Risk
16740,1,0.26,Low Risk
16741,0,0.32,Low Risk
16742,1,0.7,Medium Risk
16743,1,0.85,High Risk
16744,1,0.95,High Risk
16745,1,0.65,Medium Risk
16746,1,0.15,Low Risk
16747,0,0.18,Low Risk
16748,0,0.08,Low Risk
16749,1,0.82,High Risk
16750,1,0.74,High Risk
16751,1,0.88,High Risk
16752,1,0.79,High Risk
16753,0,0.06,Low Risk
16754,1,0.81,High Risk
16755,0,0.14,Low Risk
16756,0,0.14,Low Risk
16757,0,0.08,Low Risk
16758,0,0.18,Low Risk
16759,0,0.1,Low Risk
16760,0,0.18,Low Risk
16761,0,0.12,Low Risk
16762,0,0.1,Low Risk
16763,1,0.75,High Risk
16764,0,0.12,Low Risk
16765,0,0.24,Low Risk
16766,0,0.14,Low Risk
16767,0,0.31,Low Risk
16768,0,0.45,Medium Risk
16769,0,0.51,Medium Risk
16770,1,0.8,High Risk
16771,0,0.29,Low Risk
16772,0,0.32,Low Risk
16773,1,0.76,High Risk
16774,1,0.82,High Risk
16775,0,0.12,Low Risk
16776,0,0.25,Low Risk
16777,0,0.13,Low Risk
16778,0,0.14,Low Risk
16779,1,0.9,High Risk
16780,0,0.15,Low Risk
16781,0,0.1,Low Risk
16782,0,0.14,Low Risk
16783,0,0.15,Low Risk
16784,0,0.03,Low Risk
16785,0,0.09,Low Risk
16786,1,0.88,High Risk
16787,1,0.57,Medium Risk
16788,0,0.12,Low Risk
16789,0,0.44,Medium Risk
16790,0,0.13,Low Risk
16791,1,0.42,Medium Risk
16792,0,0.05,Low Risk
16793,1,0.9,High Risk
16794,1,0.79,High Risk
16795,0,0.04,Low Risk
16796,0,0.19,Low Risk
16797,0,0.28,Low Risk
16798,0,0.1,Low Risk
16799,1,0.75,High Risk
16800,0,0.8,High Risk
16801,0,0.12,Low Risk
16802,0,0.26,Low Risk
16803,1,0.62,Medium Risk
16804,1,0.74,High Risk
16805,1,0.36,Low Risk
16806,1,0.73,High Risk
16807,0,0.15,Low Risk
16808,1,0.8,High Risk
16809,0,0.07,Low Risk
16810,0,0.75,High Risk
16811,1,0.85,High Risk
16812,0,0.17,Low Risk
16813,0,0.31,Low Risk
16814,1,0.37,Low Risk
16815,0,0.1,Low Risk
16816,0,0.64,Medium Risk
16817,1,0.79,High Risk
16818,0,0.35,Low Risk
16819,0,0.11,Low Risk
16820,0,0.41,Medium Risk
16821,0,0.1,Low Risk
16822,1,0.77,High Risk
16823,0,0.02,Low Risk
16824,1,0.93,High Risk
16825,0,0.07,Low Risk
16826,0,0.16,Low Risk
16827,0,0.08,Low Risk
16828,0,0.06,Low Risk
16829,0,0.09,Low Risk
16830,1,0.9,High Risk
16831,0,0.04,Low Risk
16832,1,0.72,High Risk
16833,0,0.11,Low Risk
16834,0,0.27,Low Risk
16835,0,0.03,Low Risk
16837,1,0.77,High Risk
16838,0,0.28,Low Risk
16839,0,0.04,Low Risk
16840,0,0.06,Low Risk
16841,0,0.09,Low Risk
16842,1,0.7,Medium Risk
16843,0,0.1,Low Risk
16844,1,0.89,High Risk
16845,1,0.71,High Risk
16846,0,0.09,Low Risk
16847,0,0.26,Low Risk
16848,0,0.19,Low Risk
16849,0,0.25,Low Risk
16850,1,0.83,High Risk
16851,0,0.23,Low Risk
16852,1,0.85,High Risk
16853,0,0.39,Low Risk
16854,0,0.24,Low Risk
16855,0,0.19,Low Risk
16856,0,0.19,Low Risk
16857,1,0.82,High Risk
16858,0,0.25,Low Risk
16859,1,0.47,Medium Risk
16860,0,0.04,Low Risk
16861,1,0.6,Medium Risk
16863,1,0.83,High Risk
16864,0,0.02,Low Risk
16865,0,0.84,High Risk
16866,0,0.51,Medium Risk
16867,1,0.81,High Risk
16868,0,0.04,Low Risk
16869,1,0.87,High Risk
16870,1,0.9,High Risk
16871,0,0.04,Low Risk
16872,1,0.47,Medium Risk
16873,0,0.62,Medium Risk
16874,0,0.08,Low Risk
16875,1,0.2,Low Risk
16876,1,0.86,High Risk
16877,0,0.24,Low Risk
16878,0,0.09,Low Risk
16880,0,0.42,Medium Risk
16881,0,0.22,Low Risk
16882,1,0.77,High Risk
16883,1,0.83,High Risk
16884,0,0.11,Low Risk
16885,1,0.83,High Risk
16886,1,0.78,High Risk
16887,1,0.89,High Risk
16888,0,0.11,Low Risk
16889,0,0.2,Low Risk
16890,0,0.03,Low Risk
16891,0,0.16,Low Risk
16892,0,0.06,Low Risk
16893,0,0.27,Low Risk
16894,0,0.08,Low Risk
16895,0,0.14,Low Risk
16896,0,0.08,Low Risk
16897,0,0.34,Low Risk
16898,0,0.24,Low Risk
16899,0,0.23,Low Risk
16900,1,0.8,High Risk
16901,0,0.03,Low Risk
16902,1,0.74,High Risk
16903,0,0.18,Low Risk
16904,1,0.62,Medium Risk
16905,0,0.09,Low Risk
16906,0,0.09,Low Risk
16907,0,0.08,Low Risk
16908,0,0.17,Low Risk
16909,1,0.74,High Risk
16910,1,0.84,High Risk
16911,0,0.08,Low Risk
16912,1,0.27,Low Risk
16913,0,0.31,Low Risk
16914,1,0.74,High Risk
16915,0,0.17,Low Risk
16916,0,0.23,Low Risk
16917,1,0.85,High Risk
16918,0,0.22,Low Risk
16919,1,0.12,Low Risk
16920,0,0.06,Low Risk
16922,1,0.44,Medium Risk
16923,0,0.37,Low Risk
16924,1,0.49,Medium Risk
16925,0,0.21,Low Risk
16926,0,0.22,Low Risk
16927,1,0.62,Medium Risk
16928,1,0.67,Medium Risk
16929,0,0.02,Low Risk
16930,0,0.17,Low Risk
16931,1,0.6,Medium Risk
16932,0,0.24,Low Risk
16933,0,0.28,Low Risk
16934,0,0.12,Low Risk
16935,1,0.65,Medium Risk
16936,0,0.27,Low Risk
16937,0,0.73,High Risk
16938,0,0.02,Low Risk
16939,0,0.06,Low Risk
16940,1,0.91,High Risk
16941,0,0.26,Low Risk
16942,0,0.08,Low Risk
16943,0,0.19,Low Risk
16944,0,0.55,Medium Risk
16945,1,0.83,High Risk
16946,0,0.08,Low Risk
16947,0,0.14,Low Risk
16948,0,0.14,Low Risk
16949,1,0.87,High Risk
16950,0,0.8,High Risk
16951,0,0.27,Low Risk
16952,1,0.75,High Risk
16953,0,0.12,Low Risk
16954,0,0.25,Low Risk
16955,0,0.23,Low Risk
16956,0,0.22,Low Risk
16957,0,0.09,Low Risk
16958,0,0.2,Low Risk
16959,0,0.07,Low Risk
16960,0,0.12,Low Risk
16961,1,0.83,High Risk
16962,0,0.61,Medium Risk
16963,0,0.25,Low Risk
16964,1,0.74,High Risk
16965,0,0.1,Low Risk
16966,0,0.12,Low Risk
16967,1,0.53,Medium Risk
16968,0,0.19,Low Risk
16969,0,0.16,Low Risk
16970,0,0.06,Low Risk
16971,0,0.18,Low Risk
16972,0,0.14,Low Risk
16973,1,0.71,High Risk
16974,1,0.56,Medium Risk
16975,0,0.39,Low Risk
16976,0,0.03,Low Risk
16977,1,0.8,High Risk
16978,1,0.79,High Risk
16979,0,0.19,Low Risk
16980,1,0.87,High Risk
16981,1,0.81,High Risk
16982,1,0.69,Medium Risk
16983,1,0.29,Low Risk
16984,1,0.4,Low Risk
16985,0,0.17,Low Risk
16986,0,0.07,Low Risk
16987,0,0.67,Medium Risk
16988,0,0.19,Low Risk
16990,0,0.22,Low Risk
16991,1,0.92,High Risk
16992,1,0.71,High Risk
16993,0,0.21,Low Risk
16994,0,0.2,Low Risk
16995,0,0.13,Low Risk
16996,1,0.66,Medium Risk
16997,0,0.63,Medium Risk
16998,1,0.9,High Risk
16999,0,0.0,Low Risk
17000,1,0.73,High Risk
17001,0,0.26,Low Risk
17002,0,0.08,Low Risk
17003,0,0.07,Low Risk
17004,0,0.1,Low Risk
17005,0,0.19,Low Risk
17006,0,0.22,Low Risk
17007,0,0.14,Low Risk
17008,1,0.78,High Risk
17009,0,0.1,Low Risk
17010,1,0.33,Low Risk
17011,1,0.84,High Risk
17012,1,0.79,High Risk
17013,0,0.13,Low Risk
17014,0,0.31,Low Risk
17015,0,0.1,Low Risk
17016,1,0.41,Medium Risk
17017,1,0.75,High Risk
17018,0,0.28,Low Risk
17019,1,0.81,High Risk
17020,1,0.25,Low Risk
17021,0,0.11,Low Risk
17022,0,0.27,Low Risk
17023,0,0.15,Low Risk
17024,1,1.0,High Risk
17025,0,0.03,Low Risk
17026,0,0.05,Low Risk
17027,1,0.72,High Risk
17028,0,0.08,Low Risk
17029,0,0.21,Low Risk
17030,1,0.77,High Risk
17031,1,0.82,High Risk
17032,0,0.1,Low Risk
17033,0,0.12,Low Risk
17034,0,0.23,Low Risk
17035,1,0.91,High Risk
17036,0,0.24,Low Risk
17037,0,0.17,Low Risk
17038,0,0.17,Low Risk
17039,0,0.24,Low Risk
17040,1,0.72,High Risk
17041,0,0.13,Low Risk
17042,0,0.23,Low Risk
17043,1,0.76,High Risk
17044,1,0.77,High Risk
17045,0,0.08,Low Risk
17046,0,0.24,Low Risk
17047,1,0.78,High Risk
17048,0,0.22,Low Risk
17049,0,0.13,Low Risk
17050,0,0.12,Low Risk
17051,0,0.1,Low Risk
17052,1,0.88,High Risk
17053,1,0.7,Medium Risk
17054,1,0.75,High Risk
17055,0,0.43,Medium Risk
17056,0,0.35,Low Risk
17057,1,0.62,Medium Risk
17058,0,0.1,Low Risk
17059,0,0.19,Low Risk
17060,0,0.07,Low Risk
17061,0,0.23,Low Risk
17062,0,0.04,Low Risk
17063,0,0.1,Low Risk
17064,1,0.23,Low Risk
17065,1,0.38,Low Risk
17066,1,0.81,High Risk
17067,0,0.03,Low Risk
17068,0,0.07,Low Risk
17069,0,0.16,Low Risk
17070,0,0.17,Low Risk
17071,0,0.46,Medium Risk
17072,0,0.64,Medium Risk
17073,1,0.72,High Risk
17074,1,0.68,Medium Risk
17075,1,0.73,High Risk
17076,1,0.92,High Risk
17077,0,0.05,Low Risk
17078,0,0.11,Low Risk
17079,0,0.21,Low Risk
17080,1,0.86,High Risk
17081,1,0.9,High Risk
17082,0,0.17,Low Risk
17083,0,0.04,Low Risk
17084,1,0.76,High Risk
17085,1,0.4,Low Risk
17086,1,0.9,High Risk
17087,0,0.09,Low Risk
17088,0,0.07,Low Risk
17089,0,0.18,Low Risk
17090,0,0.27,Low Risk
17091,1,0.89,High Risk
17092,1,0.23,Low Risk
17093,1,0.89,High Risk
17094,1,0.32,Low Risk
17095,0,0.59,Medium Risk
17096,1,0.7,Medium Risk
17097,1,0.76,High Risk
17098,1,0.87,High Risk
17099,1,0.87,High Risk
17100,0,0.14,Low Risk
17101,1,0.79,High Risk
17102,0,0.15,Low Risk
17103,0,0.03,Low Risk
17104,1,0.93,High Risk
17105,0,0.24,Low Risk
17106,1,0.75,High Risk
17107,0,0.18,Low Risk
17108,0,0.23,Low Risk
17109,0,0.36,Low Risk
17110,1,0.84,High Risk
17111,1,0.82,High Risk
17112,0,0.01,Low Risk
17113,0,0.11,Low Risk
17114,0,0.14,Low Risk
17115,0,0.09,Low Risk
17116,1,0.79,High Risk
17117,1,0.78,High Risk
17118,1,0.84,High Risk
17119,0,0.3,Low Risk
17120,0,0.06,Low Risk
17121,0,0.29,Low Risk
17122,0,0.57,Medium Risk
17123,1,0.76,High Risk
17124,1,0.71,High Risk
17125,1,0.78,High Risk
17126,0,0.1,Low Risk
17127,0,0.22,Low Risk
17128,0,0.3,Low Risk
17129,0,0.17,Low Risk
17130,0,0.13,Low Risk
17131,1,0.93,High Risk
17132,1,0.82,High Risk
17133,1,0.84,High Risk
17134,1,0.69,Medium Risk
17135,0,0.17,Low Risk
17136,0,0.32,Low Risk
17137,1,0.94,High Risk
17138,1,0.84,High Risk
17139,1,0.33,Low Risk
17140,1,0.89,High Risk
17141,0,0.05,Low Risk
17142,1,0.9,High Risk
17143,1,0.76,High Risk
17144,0,0.42,Medium Risk
17145,1,0.7,Medium Risk
17146,1,0.7,Medium Risk
17147,0,0.02,Low Risk
17148,0,0.16,Low Risk
17149,0,0.75,High Risk
17150,1,0.74,High Risk
17151,0,0.15,Low Risk
17152,0,0.06,Low Risk
17153,1,0.81,High Risk
17154,1,0.94,High Risk
17155,1,0.1,Low Risk
17156,1,0.92,High Risk
17157,0,0.08,Low Risk
17158,0,0.05,Low Risk
17159,1,0.23,Low Risk
17160,0,0.12,Low Risk
17161,0,0.09,Low Risk
17162,1,0.27,Low Risk
17163,1,0.66,Medium Risk
17164,1,0.82,High Risk
17166,0,0.03,Low Risk
17167,1,0.77,High Risk
17168,0,0.08,Low Risk
17169,0,0.36,Low Risk
17170,0,0.29,Low Risk
17171,0,0.17,Low Risk
17172,0,0.07,Low Risk
17173,1,0.9,High Risk
17174,1,0.76,High Risk
17175,1,0.72,High Risk
17176,1,0.71,High Risk
17177,1,0.86,High Risk
17178,1,0.68,Medium Risk
17179,1,0.66,Medium Risk
17180,0,0.31,Low Risk
17181,0,0.45,Medium Risk
17182,0,0.2,Low Risk
17183,0,0.24,Low Risk
17185,0,0.07,Low Risk
17186,0,0.22,Low Risk
17187,0,0.07,Low Risk
17188,0,0.16,Low Risk
17189,1,0.68,Medium Risk
17190,0,0.08,Low Risk
17191,0,0.1,Low Risk
17192,1,0.63,Medium Risk
17193,0,0.71,High Risk
17194,0,0.1,Low Risk
17195,0,0.11,Low Risk
17196,1,0.77,High Risk
17197,1,0.76,High Risk
17198,0,0.2,Low Risk
17199,0,0.78,High Risk
17200,1,0.85,High Risk
17201,0,0.12,Low Risk
17202,0,0.1,Low Risk
17203,1,0.69,Medium Risk
17204,1,0.6,Medium Risk
17205,0,0.16,Low Risk
17206,1,0.78,High Risk
17207,0,0.26,Low Risk
17208,1,0.85,High Risk
17209,0,0.04,Low Risk
17210,1,0.74,High Risk
17211,0,0.18,Low Risk
17212,1,0.77,High Risk
17213,0,0.16,Low Risk
17214,1,0.72,High Risk
17215,1,0.67,Medium Risk
17216,1,0.92,High Risk
17218,0,0.34,Low Risk
17219,0,0.07,Low Risk
17220,1,0.82,High Risk
17221,0,0.29,Low Risk
17222,1,0.79,High Risk
17223,0,0.27,Low Risk
17224,0,0.09,Low Risk
17225,1,0.85,High Risk
17226,0,0.08,Low Risk
17227,1,0.76,High Risk
17228,1,0.69,Medium Risk
17229,1,0.77,High Risk
17230,1,0.27,Low Risk
17231,1,0.26,Low Risk
17232,0,0.15,Low Risk
17233,0,0.0,Low Risk
17234,0,0.23,Low Risk
17235,0,0.09,Low Risk
17236,1,0.78,High Risk
17237,1,0.7,Medium Risk
17238,1,0.72,High Risk
17239,0,0.04,Low Risk
17240,0,0.15,Low Risk
17241,0,0.17,Low Risk
17242,0,0.11,Low Risk
17243,0,0.03,Low Risk
17244,1,0.93,High Risk
17245,0,0.07,Low Risk
17246,0,0.07,Low Risk
17247,0,0.12,Low Risk
17248,1,0.41,Medium Risk
17249,0,0.47,Medium Risk
17250,0,0.29,Low Risk
17251,1,0.86,High Risk
17252,0,0.16,Low Risk
17253,1,0.15,Low Risk
17254,1,0.68,Medium Risk
17255,0,0.12,Low Risk
17256,0,0.18,Low Risk
17257,1,0.73,High Risk
17258,0,0.22,Low Risk
17259,0,0.07,Low Risk
17260,0,0.21,Low Risk
17261,1,0.82,High Risk
17262,0,0.19,Low Risk
17263,0,0.22,Low Risk
17264,0,0.16,Low Risk
17265,0,0.75,High Risk
17266,1,0.75,High Risk
17267,0,0.14,Low Risk
17268,1,0.81,High Risk
17269,0,0.19,Low Risk
17270,0,0.05,Low Risk
17271,0,0.12,Low Risk
17272,0,0.33,Low Risk
17273,1,0.68,Medium Risk
17274,1,0.72,High Risk
17275,0,0.08,Low Risk
17276,0,0.06,Low Risk
17277,0,0.09,Low Risk
17278,0,0.1,Low Risk
17279,0,0.03,Low Risk
17280,0,0.1,Low Risk
17281,0,0.72,High Risk
17282,0,0.15,Low Risk
17283,1,0.85,High Risk
17284,0,0.25,Low Risk
17285,1,0.76,High Risk
17286,0,0.12,Low Risk
17287,1,0.71,High Risk
17288,0,0.1,Low Risk
17289,1,0.42,Medium Risk
17290,0,0.07,Low Risk
17291,1,0.53,Medium Risk
17292,0,0.03,Low Risk
17293,1,0.78,High Risk
17294,1,0.8,High Risk
17295,1,0.14,Low Risk
17296,1,0.14,Low Risk
17297,1,0.93,High Risk
17298,0,0.09,Low Risk
17299,0,0.11,Low Risk
17300,1,0.87,High Risk
17301,1,0.95,High Risk
17302,0,0.15,Low Risk
17303,0,0.4,Low Risk
17304,0,0.26,Low Risk
17305,0,0.14,Low Risk
17306,1,0.95,High Risk
17307,0,0.17,Low Risk
17308,1,0.85,High Risk
17309,1,0.62,Medium Risk
17310,0,0.09,Low Risk
17311,0,0.29,Low Risk
17312,0,0.07,Low Risk
17313,1,0.04,Low Risk
17314,1,0.61,Medium Risk
17315,1,0.87,High Risk
17316,1,0.78,High Risk
17317,0,0.82,High Risk
17318,1,0.82,High Risk
17319,1,0.73,High Risk
17320,0,0.58,Medium Risk
17321,0,0.34,Low Risk
17322,0,0.17,Low Risk
17323,0,0.03,Low Risk
17324,0,0.19,Low Risk
17325,1,0.93,High Risk
17326,1,0.74,High Risk
17327,0,0.55,Medium Risk
17328,0,0.13,Low Risk
17329,1,0.88,High Risk
17330,0,0.24,Low Risk
17331,0,0.02,Low Risk
17332,1,0.71,High Risk
17333,0,0.39,Low Risk
17334,0,0.04,Low Risk
17335,0,0.03,Low Risk
17336,1,0.77,High Risk
17337,1,0.77,High Risk
17338,0,0.03,Low Risk
17339,1,0.77,High Risk
17340,0,0.01,Low Risk
17341,0,0.09,Low Risk
17342,0,0.15,Low Risk
17343,0,0.12,Low Risk
17344,1,0.45,Medium Risk
17345,0,0.08,Low Risk
17346,0,0.07,Low Risk
17347,0,0.28,Low Risk
17348,0,0.1,Low Risk
17349,1,0.53,Medium Risk
17350,0,0.05,Low Risk
17351,1,0.78,High Risk
17352,0,0.16,Low Risk
17353,1,0.68,Medium Risk
17354,0,0.13,Low Risk
17355,0,0.2,Low Risk
17356,0,0.22,Low Risk
17357,0,0.75,High Risk
17358,1,0.69,Medium Risk
17359,0,0.09,Low Risk
17361,0,0.16,Low Risk
17362,0,0.1,Low Risk
17363,0,0.14,Low Risk
17364,0,0.07,Low Risk
17365,1,0.86,High Risk
17366,0,0.05,Low Risk
17367,0,0.55,Medium Risk
17368,1,0.74,High Risk
17369,1,0.41,Medium Risk
17370,0,0.04,Low Risk
17371,0,0.16,Low Risk
17372,0,0.06,Low Risk
17373,1,0.86,High Risk
17374,0,0.15,Low Risk
17375,0,0.03,Low Risk
17376,0,0.13,Low Risk
17378,1,0.73,High Risk
17379,1,0.87,High Risk
17380,1,0.81,High Risk
17381,0,0.05,Low Risk
17382,0,0.14,Low Risk
17383,0,0.23,Low Risk
17384,0,0.25,Low Risk
17385,0,0.01,Low Risk
17386,0,0.18,Low Risk
17387,0,0.3,Low Risk
17388,0,0.25,Low Risk
17389,0,0.05,Low Risk
17390,1,0.66,Medium Risk
17391,0,0.57,Medium Risk
17392,1,0.51,Medium Risk
17393,1,0.95,High Risk
17394,0,0.14,Low Risk
17395,1,0.78,High Risk
17396,0,0.11,Low Risk
17397,0,0.15,Low Risk
17398,0,0.24,Low Risk
17399,1,0.41,Medium Risk
17400,1,0.82,High Risk
17401,0,0.21,Low Risk
17402,1,0.76,High Risk
17403,0,0.13,Low Risk
17404,0,0.09,Low Risk
17405,0,0.22,Low Risk
17406,0,0.18,Low Risk
17407,1,0.68,Medium Risk
17408,0,0.27,Low Risk
17409,1,0.88,High Risk
17410,0,0.17,Low Risk
17411,0,0.05,Low Risk
17412,0,0.18,Low Risk
17413,1,0.92,High Risk
17414,0,0.1,Low Risk
17415,0,0.18,Low Risk
17416,1,0.81,High Risk
17417,0,0.02,Low Risk
17418,1,0.85,High Risk
17419,1,0.88,High Risk
17420,0,0.2,Low Risk
17421,0,0.27,Low Risk
17422,0,0.05,Low Risk
17423,0,0.19,Low Risk
17424,1,0.81,High Risk
17425,0,0.64,Medium Risk
17426,0,0.17,Low Risk
17428,0,0.08,Low Risk
17429,0,0.35,Low Risk
17430,0,0.15,Low Risk
17431,1,0.85,High Risk
17432,1,0.86,High Risk
17433,1,0.71,High Risk
17434,0,0.05,Low Risk
17435,0,0.18,Low Risk
17436,1,0.82,High Risk
17437,0,0.11,Low Risk
17438,0,0.07,Low Risk
17439,0,0.15,Low Risk
17440,0,0.27,Low Risk
17441,1,0.65,Medium Risk
17442,1,0.75,High Risk
17443,1,0.7,Medium Risk
17444,1,0.62,Medium Risk
17445,1,0.79,High Risk
17446,1,0.72,High Risk
17447,1,0.85,High Risk
17448,0,0.08,Low Risk
17449,1,0.82,High Risk
17450,1,0.85,High Risk
17451,0,0.07,Low Risk
17452,0,0.14,Low Risk
17453,1,0.48,Medium Risk
17454,0,0.57,Medium Risk
17455,0,0.16,Low Risk
17456,0,0.18,Low Risk
17457,0,0.07,Low Risk
17458,1,0.78,High Risk
17459,1,0.91,High Risk
17460,0,0.12,Low Risk
17461,0,0.14,Low Risk
17462,1,0.73,High Risk
17463,0,0.05,Low Risk
17464,0,0.05,Low Risk
17465,1,0.65,Medium Risk
17466,1,0.76,High Risk
17467,0,0.07,Low Risk
17468,0,0.09,Low Risk
17469,0,0.16,Low Risk
17470,1,0.14,Low Risk
17471,0,0.11,Low Risk
17472,1,0.67,Medium Risk
17473,1,0.33,Low Risk
17474,0,0.08,Low Risk
17475,0,0.16,Low Risk
17476,0,0.21,Low Risk
17477,0,0.56,Medium Risk
17478,0,0.24,Low Risk
17479,0,0.16,Low Risk
17480,1,0.82,High Risk
17481,0,0.3,Low Risk
17482,0,0.24,Low Risk
17483,0,0.04,Low Risk
17484,0,0.17,Low Risk
17485,0,0.25,Low Risk
17486,0,0.21,Low Risk
17487,0,0.67,Medium Risk
17488,0,0.5,Medium Risk
17489,1,0.9,High Risk
17490,0,0.45,Medium Risk
17491,1,0.64,Medium Risk
17492,0,0.06,Low Risk
17493,0,0.04,Low Risk
17494,1,0.91,High Risk
17495,0,0.12,Low Risk
17496,1,0.74,High Risk
17497,0,0.13,Low Risk
17498,0,0.15,Low Risk
17499,0,0.02,Low Risk
17500,0,0.13,Low Risk
17501,1,0.29,Low Risk
17502,0,0.03,Low Risk
17503,0,0.11,Low Risk
17504,0,0.2,Low Risk
17505,1,0.52,Medium Risk
17506,0,0.12,Low Risk
17507,0,0.11,Low Risk
17508,0,0.05,Low Risk
17509,1,0.68,Medium Risk
17510,0,0.13,Low Risk
17511,1,0.84,High Risk
17512,0,0.39,Low Risk
17513,0,0.41,Medium Risk
17514,0,0.08,Low Risk
17515,0,0.07,Low Risk
17516,0,0.15,Low Risk
17517,0,0.2,Low Risk
17518,0,0.62,Medium Risk
17519,0,0.02,Low Risk
17520,0,0.68,Medium Risk
17521,1,0.48,Medium Risk
17522,1,0.85,High Risk
17523,1,0.44,Medium Risk
17524,1,0.89,High Risk
17525,1,0.77,High Risk
17526,0,0.26,Low Risk
17527,0,0.03,Low Risk
17528,1,0.6,Medium Risk
17529,0,0.25,Low Risk
17530,0,0.14,Low Risk
17531,1,0.9,High Risk
17532,0,0.16,Low Risk
17533,0,0.15,Low Risk
17534,0,0.23,Low Risk
17535,1,0.73,High Risk
17536,0,0.04,Low Risk
17537,1,0.86,High Risk
17538,0,0.11,Low Risk
17539,1,0.71,High Risk
17540,0,0.32,Low Risk
17541,0,0.21,Low Risk
17542,0,0.19,Low Risk
17543,0,0.23,Low Risk
17544,1,0.74,High Risk
17545,0,0.13,Low Risk
17546,1,0.82,High Risk
17547,1,0.9,High Risk
17548,0,0.16,Low Risk
17549,1,0.73,High Risk
17550,0,0.17,Low Risk
17551,0,0.1,Low Risk
17552,1,0.77,High Risk
17554,1,0.77,High Risk
17555,0,0.12,Low Risk
17556,1,0.87,High Risk
17557,1,0.73,High Risk
17558,0,0.19,Low Risk
17559,0,0.03,Low Risk
17560,0,0.13,Low Risk
17561,0,0.38,Low Risk
17562,0,0.02,Low Risk
17563,1,0.97,High Risk
17564,0,0.14,Low Risk
17565,0,0.23,Low Risk
17566,1,0.78,High Risk
17567,0,0.12,Low Risk
17568,0,0.14,Low Risk
17569,0,0.22,Low Risk
17570,0,0.2,Low Risk
17571,1,0.67,Medium Risk
17572,0,0.46,Medium Risk
17573,1,0.7,Medium Risk
17574,1,0.68,Medium Risk
17575,1,0.38,Low Risk
17576,1,0.66,Medium Risk
17577,1,0.79,High Risk
17578,0,0.7,Medium Risk
17579,0,0.1,Low Risk
17580,0,0.24,Low Risk
17581,0,0.05,Low Risk
17582,0,0.1,Low Risk
17583,0,0.13,Low Risk
17584,0,0.09,Low Risk
17585,0,0.19,Low Risk
17586,0,0.07,Low Risk
17587,0,0.05,Low Risk
17588,0,0.13,Low Risk
17589,0,0.16,Low Risk
17590,0,0.07,Low Risk
17591,0,0.14,Low Risk
17592,0,0.01,Low Risk
17593,0,0.61,Medium Risk
17594,0,0.09,Low Risk
17595,0,0.16,Low Risk
17596,0,0.09,Low Risk
17597,1,0.8,High Risk
17598,0,0.21,Low Risk
17599,0,0.28,Low Risk
17600,1,0.72,High Risk
17601,1,0.8,High Risk
17602,1,0.73,High Risk
17603,0,0.15,Low Risk
17604,0,0.21,Low Risk
17605,1,0.89,High Risk
17606,0,0.15,Low Risk
17607,0,0.05,Low Risk
17608,0,0.06,Low Risk
17609,0,0.05,Low Risk
17610,0,0.12,Low Risk
17611,0,0.2,Low Risk
17612,1,0.7,Medium Risk
17613,0,0.24,Low Risk
17614,0,0.08,Low Risk
17615,0,0.09,Low Risk
17616,1,0.8,High Risk
17618,1,0.73,High Risk
17619,0,0.13,Low Risk
17620,0,0.17,Low Risk
17621,1,0.73,High Risk
17622,0,0.05,Low Risk
17623,1,0.87,High Risk
17624,0,0.73,High Risk
17625,1,0.82,High Risk
17626,0,0.24,Low Risk
17627,0,0.28,Low Risk
17628,1,0.71,High Risk
17629,0,0.58,Medium Risk
17630,0,0.07,Low Risk
17631,0,0.14,Low Risk
17632,0,0.02,Low Risk
17633,1,0.69,Medium Risk
17634,0,0.21,Low Risk
17635,1,0.79,High Risk
17636,1,0.9,High Risk
17637,0,0.03,Low Risk
17638,0,0.2,Low Risk
17639,0,0.18,Low Risk
17640,0,0.12,Low Risk
17641,1,0.72,High Risk
17642,0,0.01,Low Risk
17643,0,0.19,Low Risk
17644,1,0.89,High Risk
17645,1,0.18,Low Risk
17646,1,0.92,High Risk
17647,0,0.28,Low Risk
17648,1,0.28,Low Risk
17649,0,0.14,Low Risk
17650,0,0.49,Medium Risk
17651,0,0.03,Low Risk
17652,0,0.11,Low Risk
17653,0,0.07,Low Risk
17654,1,0.63,Medium Risk
17655,0,0.19,Low Risk
17656,0,0.09,Low Risk
17657,1,0.95,High Risk
17658,0,0.19,Low Risk
17659,1,0.71,High Risk
17660,0,0.22,Low Risk
17661,0,0.11,Low Risk
17662,1,0.73,High Risk
17663,0,0.29,Low Risk
17664,1,0.56,Medium Risk
17665,0,0.11,Low Risk
17666,0,0.38,Low Risk
17667,0,0.13,Low Risk
17668,0,0.22,Low Risk
17669,1,0.74,High Risk
17670,0,0.08,Low Risk
17671,0,0.26,Low Risk
17672,0,0.13,Low Risk
17674,1,0.42,Medium Risk
17675,0,0.14,Low Risk
17676,0,0.22,Low Risk
17677,0,0.27,Low Risk
17678,0,0.26,Low Risk
17679,0,0.32,Low Risk
17680,0,0.16,Low Risk
17681,1,0.71,High Risk
17682,0,0.33,Low Risk
17683,0,0.52,Medium Risk
17684,0,0.2,Low Risk
17685,0,0.11,Low Risk
17686,1,0.9,High Risk
17687,1,0.47,Medium Risk
17688,1,0.79,High Risk
17689,1,0.82,High Risk
17690,0,0.11,Low Risk
17691,0,0.06,Low Risk
17692,0,0.04,Low Risk
17693,1,0.4,Low Risk
17694,1,0.8,High Risk
17695,0,0.16,Low Risk
17696,1,0.82,High Risk
17697,0,0.21,Low Risk
17698,1,0.25,Low Risk
17699,0,0.17,Low Risk
17700,1,0.74,High Risk
17701,0,0.09,Low Risk
17702,0,0.24,Low Risk
17703,1,0.8,High Risk
17704,0,0.05,Low Risk
17705,0,0.09,Low Risk
17706,0,0.14,Low Risk
17707,0,0.11,Low Risk
17708,1,0.69,Medium Risk
17709,0,0.3,Low Risk
17710,0,0.08,Low Risk
17711,1,0.71,High Risk
17712,1,0.71,High Risk
17713,1,0.83,High Risk
17714,0,0.16,Low Risk
17715,0,0.05,Low Risk
17716,1,0.85,High Risk
17717,0,0.08,Low Risk
17718,0,0.14,Low Risk
17719,1,0.22,Low Risk
17720,1,0.87,High Risk
17721,0,0.26,Low Risk
17722,1,0.76,High Risk
17723,1,0.79,High Risk
17724,0,0.06,Low Risk
17725,0,0.13,Low Risk
17726,0,0.15,Low Risk
17727,0,0.01,Low Risk
17728,1,0.76,High Risk
17729,1,0.88,High Risk
17730,0,0.07,Low Risk
17731,0,0.64,Medium Risk
17732,0,0.08,Low Risk
17733,0,0.17,Low Risk
17734,0,0.04,Low Risk
17735,1,0.77,High Risk
17736,0,0.11,Low Risk
17737,1,0.76,High Risk
17738,1,0.58,Medium Risk
17739,0,0.06,Low Risk
17740,1,0.37,Low Risk
17741,1,0.3,Low Risk
17742,0,0.52,Medium Risk
17743,0,0.07,Low Risk
17744,0,0.1,Low Risk
17745,0,0.19,Low Risk
17746,1,0.8,High Risk
17747,0,0.07,Low Risk
17748,1,0.76,High Risk
17749,0,0.14,Low Risk
17750,0,0.06,Low Risk
17751,0,0.24,Low Risk
17752,0,0.25,Low Risk
17753,0,0.06,Low Risk
17754,0,0.21,Low Risk
17755,1,0.69,Medium Risk
17756,1,0.78,High Risk
17757,1,0.83,High Risk
17758,0,0.21,Low Risk
17759,0,0.13,Low Risk
17760,0,0.12,Low Risk
17761,0,0.15,Low Risk
17762,1,0.86,High Risk
17763,1,0.46,Medium Risk
17764,1,0.82,High Risk
17765,0,0.07,Low Risk
17766,0,0.11,Low Risk
17767,1,0.75,High Risk
17768,1,0.81,High Risk
17769,1,0.75,High Risk
17770,0,0.09,Low Risk
17771,0,0.2,Low Risk
17772,0,0.2,Low Risk
17773,0,0.72,High Risk
17774,0,0.11,Low Risk
17775,0,0.8,High Risk
17776,1,0.34,Low Risk
17777,0,0.12,Low Risk
17778,1,0.74,High Risk
17779,1,0.74,High Risk
17780,1,0.4,Low Risk
17781,1,0.96,High Risk
17782,1,0.82,High Risk
17783,0,0.43,Medium Risk
17784,0,0.06,Low Risk
17785,1,0.63,Medium Risk
17786,1,0.88,High Risk
17787,0,0.13,Low Risk
17788,0,0.15,Low Risk
17789,0,0.2,Low Risk
17790,0,0.28,Low Risk
17791,0,0.22,Low Risk
17792,0,0.08,Low Risk
17793,0,0.09,Low Risk
17794,0,0.16,Low Risk
17795,1,0.68,Medium Risk
17796,1,0.31,Low Risk
17797,1,0.38,Low Risk
17798,1,0.06,Low Risk
17799,0,0.16,Low Risk
17800,1,0.83,High Risk
17801,1,0.86,High Risk
17802,1,0.81,High Risk
17803,1,0.72,High Risk
17804,0,0.07,Low Risk
17805,1,0.64,Medium Risk
17806,0,0.11,Low Risk
17807,0,0.1,Low Risk
17808,1,0.93,High Risk
17809,0,0.14,Low Risk
17810,0,0.18,Low Risk
17811,0,0.13,Low Risk
17812,1,0.72,High Risk
17813,1,0.74,High Risk
17814,0,0.14,Low Risk
17815,0,0.03,Low Risk
17816,0,0.09,Low Risk
17817,0,0.14,Low Risk
17818,0,0.19,Low Risk
17819,0,0.34,Low Risk
17820,0,0.07,Low Risk
17821,1,0.81,High Risk
17822,0,0.16,Low Risk
17823,0,0.18,Low Risk
17824,0,0.15,Low Risk
17825,1,0.9,High Risk
17826,0,0.04,Low Risk
17827,1,0.5,Medium Risk
17828,0,0.06,Low Risk
17829,1,0.76,High Risk
17830,0,0.76,High Risk
17831,1,0.79,High Risk
17832,0,0.09,Low Risk
17833,1,0.85,High Risk
17834,0,0.06,Low Risk
17835,0,0.23,Low Risk
17836,0,0.22,Low Risk
17837,0,0.03,Low Risk
17838,0,0.28,Low Risk
17839,1,0.76,High Risk
17840,0,0.21,Low Risk
17841,0,0.09,Low Risk
17842,0,0.01,Low Risk
17843,0,0.2,Low Risk
17844,0,0.04,Low Risk
17845,0,0.08,Low Risk
17846,1,0.77,High Risk
17847,0,0.13,Low Risk
17848,1,0.45,Medium Risk
17849,1,0.97,High Risk
17850,0,0.07,Low Risk
17851,0,0.11,Low Risk
17852,0,0.1,Low Risk
17853,1,0.76,High Risk
17854,0,0.32,Low Risk
17855,1,0.41,Medium Risk
17856,1,0.93,High Risk
17857,0,0.21,Low Risk
17858,0,0.2,Low Risk
17859,0,0.0,Low Risk
17860,1,0.78,High Risk
17861,0,0.32,Low Risk
17862,0,0.11,Low Risk
17863,1,0.85,High Risk
17864,0,0.2,Low Risk
17865,1,0.85,High Risk
17866,0,0.06,Low Risk
17867,1,0.51,Medium Risk
17868,0,0.04,Low Risk
17869,0,0.17,Low Risk
17870,1,0.77,High Risk
17871,0,0.2,Low Risk
17872,1,0.91,High Risk
17873,0,0.0,Low Risk
17874,0,0.22,Low Risk
17875,0,0.24,Low Risk
17876,1,0.78,High Risk
17877,0,0.19,Low Risk
17878,1,0.82,High Risk
17879,1,0.77,High Risk
17880,1,0.74,High Risk
17881,1,0.78,High Risk
17882,0,0.21,Low Risk
17883,0,0.11,Low Risk
17884,1,0.65,Medium Risk
17885,0,0.14,Low Risk
17886,1,0.85,High Risk
17887,0,0.1,Low Risk
17888,0,0.24,Low Risk
17889,1,0.95,High Risk
17890,0,0.06,Low Risk
17891,0,0.13,Low Risk
17892,1,0.73,High Risk
17893,0,0.14,Low Risk
17894,0,0.22,Low Risk
17895,1,0.8,High Risk
17896,0,0.05,Low Risk
17897,1,0.83,High Risk
17898,0,0.08,Low Risk
17899,0,0.12,Low Risk
17900,1,0.92,High Risk
17901,0,0.47,Medium Risk
17902,0,0.07,Low Risk
17903,1,0.76,High Risk
17904,0,0.12,Low Risk
17905,0,0.16,Low Risk
17906,0,0.11,Low Risk
17907,0,0.25,Low Risk
17908,1,0.69,Medium Risk
17909,0,0.06,Low Risk
17910,1,0.85,High Risk
17911,1,0.75,High Risk
17912,1,0.89,High Risk
17913,0,0.15,Low Risk
17914,0,0.39,Low Risk
17915,1,0.66,Medium Risk
17916,0,0.34,Low Risk
17917,0,0.23,Low Risk
17918,0,0.13,Low Risk
17919,1,0.79,High Risk
17920,0,0.3,Low Risk
17921,0,0.25,Low Risk
17922,1,0.8,High Risk
17923,0,0.18,Low Risk
17924,0,0.1,Low Risk
17925,0,0.1,Low Risk
17926,0,0.31,Low Risk
17927,0,0.32,Low Risk
17928,0,0.32,Low Risk
17929,0,0.54,Medium Risk
17930,1,0.67,Medium Risk
17931,0,0.81,High Risk
17932,0,0.17,Low Risk
17933,0,0.05,Low Risk
17934,1,0.66,Medium Risk
17935,1,0.78,High Risk
17936,1,0.68,Medium Risk
17937,0,0.14,Low Risk
17938,1,0.98,High Risk
17939,0,0.18,Low Risk
17940,0,0.12,Low Risk
17941,0,0.18,Low Risk
17942,0,0.11,Low Risk
17943,0,0.03,Low Risk
17944,0,0.2,Low Risk
17945,0,0.06,Low Risk
17946,0,0.17,Low Risk
17947,1,0.92,High Risk
17948,1,0.74,High Risk
17949,1,0.76,High Risk
17950,0,0.19,Low Risk
17951,0,0.37,Low Risk
17952,1,0.7,Medium Risk
17953,0,0.11,Low Risk
17954,1,0.91,High Risk
17955,0,0.07,Low Risk
17956,0,0.16,Low Risk
17957,1,0.81,High Risk
17958,0,0.2,Low Risk
17959,0,0.07,Low Risk
17960,0,0.04,Low Risk
17961,0,0.07,Low Risk
17962,1,0.8,High Risk
17963,0,0.1,Low Risk
17964,1,0.7,Medium Risk
17965,1,0.32,Low Risk
17966,1,0.37,Low Risk
17967,0,0.33,Low Risk
17968,1,0.27,Low Risk
17969,0,0.03,Low Risk
17970,0,0.11,Low Risk
17971,0,0.11,Low Risk
17972,0,0.14,Low Risk
17973,0,0.05,Low Risk
17974,0,0.28,Low Risk
17975,0,0.05,Low Risk
17976,0,0.2,Low Risk
17977,1,0.71,High Risk
17978,0,0.01,Low Risk
17979,1,0.79,High Risk
17980,0,0.16,Low Risk
17981,1,0.9,High Risk
17982,1,0.77,High Risk
17983,0,0.09,Low Risk
17984,1,0.59,Medium Risk
17986,0,0.08,Low Risk
17987,0,0.26,Low Risk
17988,0,0.24,Low Risk
17989,0,0.3,Low Risk
17990,0,0.14,Low Risk
17991,1,0.93,High Risk
17992,0,0.3,Low Risk
17993,0,0.24,Low Risk
17994,0,0.24,Low Risk
17995,0,0.07,Low Risk
17996,1,0.75,High Risk
17997,0,0.13,Low Risk
17998,0,0.26,Low Risk
17999,0,0.26,Low Risk
18000,0,0.2,Low Risk
18001,0,0.15,Low Risk
18002,1,0.82,High Risk
18003,0,0.04,Low Risk
18004,0,0.48,Medium Risk
18005,1,0.73,High Risk
18006,0,0.66,Medium Risk
18007,1,0.83,High Risk
18008,1,0.87,High Risk
18009,0,0.1,Low Risk
18010,0,0.21,Low Risk
18011,0,0.05,Low Risk
18012,0,0.15,Low Risk
18013,0,0.03,Low Risk
18014,0,0.21,Low Risk
18015,0,0.09,Low Risk
18016,0,0.11,Low Risk
18017,1,0.87,High Risk
18018,0,0.21,Low Risk
18019,1,0.46,Medium Risk
18020,0,0.47,Medium Risk
18021,0,0.08,Low Risk
18022,1,0.82,High Risk
18023,0,0.33,Low Risk
18024,0,0.02,Low Risk
18025,0,0.18,Low Risk
18026,0,0.1,Low Risk
18027,0,0.12,Low Risk
18028,0,0.06,Low Risk
18029,1,0.22,Low Risk
18030,1,0.7,Medium Risk
18031,0,0.18,Low Risk
18032,1,0.94,High Risk
18033,0,0.13,Low Risk
18034,0,0.13,Low Risk
18035,1,0.79,High Risk
18036,0,0.21,Low Risk
18037,1,0.65,Medium Risk
18038,1,0.87,High Risk
18039,1,0.74,High Risk
18040,1,0.84,High Risk
18041,0,0.08,Low Risk
18042,0,0.1,Low Risk
18043,0,0.26,Low Risk
18044,1,0.81,High Risk
18045,0,0.13,Low Risk
18046,0,0.25,Low Risk
18047,1,0.77,High Risk
18048,0,0.55,Medium Risk
18049,0,0.17,Low Risk
18050,1,0.71,High Risk
18051,1,0.9,High Risk
18052,1,0.81,High Risk
18053,0,0.01,Low Risk
18054,1,0.7,Medium Risk
18055,1,0.24,Low Risk
18056,1,0.86,High Risk
18057,1,0.7,Medium Risk
18058,1,0.71,High Risk
18059,0,0.09,Low Risk
18060,1,0.93,High Risk
18061,1,0.72,High Risk
18062,1,0.82,High Risk
18063,1,0.83,High Risk
18064,0,0.17,Low Risk
18065,1,0.89,High Risk
18066,1,0.74,High Risk
18067,0,0.23,Low Risk
18068,0,0.32,Low Risk
18069,0,0.2,Low Risk
18070,1,0.67,Medium Risk
18071,0,0.09,Low Risk
18072,1,0.75,High Risk
18073,0,0.59,Medium Risk
18074,0,0.28,Low Risk
18075,0,0.1,Low Risk
18076,1,0.78,High Risk
18077,1,0.7,Medium Risk
18078,1,0.7,Medium Risk
18079,1,0.57,Medium Risk
18080,0,0.09,Low Risk
18081,0,0.76,High Risk
18082,0,0.25,Low Risk
18083,0,0.09,Low Risk
18084,0,0.05,Low Risk
18085,1,0.85,High Risk
18086,0,0.25,Low Risk
18087,1,0.82,High Risk
18088,1,0.7,Medium Risk
18089,1,0.73,High Risk
18090,0,0.07,Low Risk
18091,0,0.03,Low Risk
18092,0,0.09,Low Risk
18093,0,0.17,Low Risk
18094,0,0.06,Low Risk
18095,1,0.69,Medium Risk
18096,0,0.23,Low Risk
18097,1,0.76,High Risk
18098,1,0.34,Low Risk
18099,0,0.19,Low Risk
18100,1,0.88,High Risk
18101,0,0.21,Low Risk
18102,1,0.89,High Risk
18103,1,0.93,High Risk
18104,0,0.02,Low Risk
18105,1,0.76,High Risk
18106,0,0.03,Low Risk
18107,0,0.1,Low Risk
18108,0,0.14,Low Risk
18109,0,0.14,Low Risk
18110,0,0.07,Low Risk
18111,0,0.11,Low Risk
18112,0,0.13,Low Risk
18113,0,0.04,Low Risk
18114,0,0.23,Low Risk
18115,1,0.71,High Risk
18116,0,0.32,Low Risk
18117,1,0.9,High Risk
18118,1,0.77,High Risk
18119,1,0.83,High Risk
18120,1,0.67,Medium Risk
18121,0,0.25,Low Risk
18122,0,0.14,Low Risk
18123,0,0.44,Medium Risk
18124,0,0.43,Medium Risk
18125,0,0.39,Low Risk
18126,0,0.04,Low Risk
18127,0,0.2,Low Risk
18128,0,0.18,Low Risk
18129,0,0.06,Low Risk
18130,1,0.84,High Risk
18131,1,0.68,Medium Risk
18132,1,0.71,High Risk
18133,0,0.08,Low Risk
18134,0,0.06,Low Risk
18135,0,0.27,Low Risk
18136,1,0.07,Low Risk
18137,1,0.57,Medium Risk
18138,0,0.26,Low Risk
18139,1,0.88,High Risk
18140,0,0.1,Low Risk
18141,1,0.82,High Risk
18142,1,0.86,High Risk
18143,0,0.07,Low Risk
18144,0,0.12,Low Risk
18145,0,0.06,Low Risk
18146,1,0.95,High Risk
18147,0,0.09,Low Risk
18148,1,0.75,High Risk
18149,1,0.79,High Risk
18150,0,0.04,Low Risk
18151,0,0.22,Low Risk
18152,0,0.2,Low Risk
18153,0,0.18,Low Risk
18154,0,0.25,Low Risk
18155,0,0.22,Low Risk
18156,1,0.78,High Risk
18157,1,0.85,High Risk
18158,0,0.44,Medium Risk
18159,1,0.73,High Risk
18160,0,0.19,Low Risk
18161,0,0.16,Low Risk
18162,1,0.76,High Risk
18163,0,0.15,Low Risk
18164,0,0.08,Low Risk
18165,1,0.78,High Risk
18166,1,0.79,High Risk
18167,1,0.47,Medium Risk
18168,0,0.09,Low Risk
18169,0,0.05,Low Risk
18170,1,0.82,High Risk
18171,0,0.34,Low Risk
18172,1,0.71,High Risk
18173,1,0.95,High Risk
18174,0,0.09,Low Risk
18175,0,0.1,Low Risk
18176,1,0.87,High Risk
18177,0,0.19,Low Risk
18178,1,0.88,High Risk
18179,1,0.66,Medium Risk
18180,0,0.06,Low Risk
18181,0,0.07,Low Risk
18182,1,0.79,High Risk
18183,0,0.3,Low Risk
18184,0,0.01,Low Risk
18185,0,0.31,Low Risk
18186,0,0.15,Low Risk
18187,1,0.83,High Risk
18188,0,0.1,Low Risk
18189,1,0.77,High Risk
18190,0,0.11,Low Risk
18191,0,0.02,Low Risk
18192,1,0.93,High Risk
18193,1,0.68,Medium Risk
18194,0,0.09,Low Risk
18195,1,0.3,Low Risk
18196,1,0.79,High Risk
18197,1,0.77,High Risk
18198,0,0.01,Low Risk
18199,0,0.07,Low Risk
18200,0,0.1,Low Risk
18201,0,0.08,Low Risk
18202,0,0.26,Low Risk
18203,1,0.82,High Risk
18204,0,0.26,Low Risk
18205,1,0.66,Medium Risk
18206,1,0.9,High Risk
18207,1,0.7,Medium Risk
18208,1,0.94,High Risk
18209,1,0.75,High Risk
18210,0,0.22,Low Risk
18211,1,0.88,High Risk
18212,0,0.11,Low Risk
18213,1,0.72,High Risk
18214,1,0.74,High Risk
18215,0,0.13,Low Risk
18216,1,0.35,Low Risk
18217,0,0.1,Low Risk
18219,0,0.51,Medium Risk
18220,1,0.9,High Risk
18221,0,0.26,Low Risk
18222,0,0.14,Low Risk
18223,0,0.36,Low Risk
18224,0,0.08,Low Risk
18225,1,0.78,High Risk
18226,0,0.23,Low Risk
18227,0,0.03,Low Risk
18228,0,0.08,Low Risk
18229,1,0.4,Low Risk
18230,0,0.06,Low Risk
18231,0,0.14,Low Risk
18232,1,0.82,High Risk
18233,1,0.66,Medium Risk
18234,0,0.37,Low Risk
18235,1,0.92,High Risk
18236,1,0.85,High Risk
18237,0,0.18,Low Risk
18238,1,0.26,Low Risk
18239,0,0.16,Low Risk
18240,1,0.7,Medium Risk
18241,0,0.25,Low Risk
18242,0,0.22,Low Risk
18243,0,0.12,Low Risk
18244,0,0.08,Low Risk
18245,0,0.19,Low Risk
18246,1,0.78,High Risk
18247,0,0.06,Low Risk
18248,0,0.1,Low Risk
18249,1,0.48,Medium Risk
18250,0,0.09,Low Risk
18251,1,0.62,Medium Risk
18252,1,0.76,High Risk
18253,1,0.19,Low Risk
18254,1,0.83,High Risk
18255,0,0.27,Low Risk
18256,1,0.7,Medium Risk
18257,0,0.19,Low Risk
18258,1,0.86,High Risk
18259,0,0.66,Medium Risk
18260,0,0.09,Low Risk
18261,0,0.07,Low Risk
18262,1,0.14,Low Risk
18263,0,0.68,Medium Risk
18264,1,0.69,Medium Risk
18265,1,0.89,High Risk
18266,1,0.39,Low Risk
18267,0,0.23,Low Risk
18268,0,0.03,Low Risk
18269,0,0.05,Low Risk
18270,1,0.76,High Risk
18271,0,0.03,Low Risk
18272,1,0.91,High Risk
18273,0,0.1,Low Risk
18274,1,0.94,High Risk
18275,0,0.18,Low Risk
18276,0,0.06,Low Risk
18277,1,0.18,Low Risk
18278,0,0.06,Low Risk
18279,0,0.3,Low Risk
18280,0,0.61,Medium Risk
18281,1,0.08,Low Risk
18282,0,0.17,Low Risk
18283,1,0.78,High Risk
18284,0,0.13,Low Risk
18285,1,0.74,High Risk
18286,0,0.31,Low Risk
18287,1,0.93,High Risk
18288,0,0.13,Low Risk
18289,0,0.04,Low Risk
18290,1,0.74,High Risk
18291,1,0.94,High Risk
18292,0,0.23,Low Risk
18293,1,0.3,Low Risk
18294,1,0.75,High Risk
18295,0,0.16,Low Risk
18296,0,0.43,Medium Risk
18297,1,0.65,Medium Risk
18298,0,0.1,Low Risk
18299,0,0.06,Low Risk
18300,0,0.05,Low Risk
18301,1,0.41,Medium Risk
18302,0,0.33,Low Risk
18303,1,0.73,High Risk
18304,0,0.12,Low Risk
18305,1,0.76,High Risk
18306,0,0.12,Low Risk
18307,0,0.15,Low Risk
18308,0,0.05,Low Risk
18309,1,0.87,High Risk
18310,0,0.09,Low Risk
18311,0,0.16,Low Risk
18312,0,0.08,Low Risk
18313,0,0.06,Low Risk
18314,0,0.21,Low Risk
18315,1,0.7,Medium Risk
18316,0,0.15,Low Risk
18317,0,0.33,Low Risk
18318,0,0.18,Low Risk
18319,1,0.85,High Risk
18320,0,0.06,Low Risk
18321,1,0.96,High Risk
18322,1,0.75,High Risk
18323,0,0.45,Medium Risk
18324,1,0.63,Medium Risk
18325,1,0.74,High Risk
18326,1,0.82,High Risk
18327,0,0.05,Low Risk
18328,0,0.39,Low Risk
18329,1,0.97,High Risk
18330,0,0.04,Low Risk
18331,1,0.57,Medium Risk
18332,1,0.72,High Risk
18333,0,0.72,High Risk
18334,0,0.2,Low Risk
18335,1,0.27,Low Risk
18336,1,0.74,High Risk
18337,0,0.12,Low Risk
18338,0,0.3,Low Risk
18339,1,0.73,High Risk
18340,1,0.58,Medium Risk
18341,0,0.1,Low Risk
18342,0,0.47,Medium Risk
18343,1,0.82,High Risk
18344,0,0.25,Low Risk
18345,0,0.18,Low Risk
18347,0,0.13,Low Risk
18348,0,0.1,Low Risk
18349,0,0.16,Low Risk
18350,0,0.51,Medium Risk
18351,0,0.09,Low Risk
18352,0,0.18,Low Risk
18353,0,0.12,Low Risk
18354,1,0.68,Medium Risk
18355,0,0.25,Low Risk
18356,0,0.14,Low Risk
18357,0,0.13,Low Risk
18358,1,0.51,Medium Risk
18359,1,0.68,Medium Risk
18360,0,0.16,Low Risk
18361,1,0.8,High Risk
18362,1,0.77,High Risk
18363,0,0.13,Low Risk
18364,0,0.01,Low Risk
18365,0,0.13,Low Risk
18366,0,0.15,Low Risk
18367,0,0.2,Low Risk
18368,0,0.03,Low Risk
18369,1,0.68,Medium Risk
18370,1,0.8,High Risk
18371,0,0.07,Low Risk
18372,1,0.89,High Risk
18373,0,0.03,Low Risk
18374,0,0.01,Low Risk
18375,1,0.4,Low Risk
18376,1,0.26,Low Risk
18377,1,0.73,High Risk
18378,0,0.17,Low Risk
18380,1,0.78,High Risk
18381,1,0.65,Medium Risk
18382,0,0.06,Low Risk
18383,1,0.78,High Risk
18384,1,0.72,High Risk
18385,0,0.06,Low Risk
18387,1,0.84,High Risk
18388,1,0.65,Medium Risk
18389,1,0.61,Medium Risk
18390,0,0.04,Low Risk
18391,0,0.12,Low Risk
18393,0,0.05,Low Risk
18394,0,0.32,Low Risk
18395,0,0.19,Low Risk
18396,1,0.73,High Risk
18397,0,0.38,Low Risk
18398,0,0.06,Low Risk
18399,0,0.28,Low Risk
18400,0,0.23,Low Risk
18401,1,0.75,High Risk
18402,0,0.1,Low Risk
18403,0,0.22,Low Risk
18404,0,0.2,Low Risk
18405,1,0.8,High Risk
18406,1,0.78,High Risk
18407,1,0.88,High Risk
18408,0,0.22,Low Risk
18409,1,0.73,High Risk
18410,0,0.11,Low Risk
18411,1,0.76,High Risk
18412,1,0.87,High Risk
18413,0,0.37,Low Risk
18414,0,0.17,Low Risk
18415,0,0.19,Low Risk
18416,0,0.07,Low Risk
18417,0,0.05,Low Risk
18418,0,0.14,Low Risk
18419,1,0.7,Medium Risk
18420,0,0.18,Low Risk
18421,1,0.67,Medium Risk
18422,0,0.06,Low Risk
18423,1,0.82,High Risk
18424,0,0.13,Low Risk
18425,0,0.06,Low Risk
18426,0,0.46,Medium Risk
18427,1,0.44,Medium Risk
18428,0,0.02,Low Risk
18429,0,0.03,Low Risk
18430,0,0.14,Low Risk
18431,1,0.27,Low Risk
18432,0,0.16,Low Risk
18433,0,0.17,Low Risk
18434,0,0.55,Medium Risk
18435,0,0.11,Low Risk
18436,0,0.08,Low Risk
18437,0,0.43,Medium Risk
18438,0,0.47,Medium Risk
18439,1,0.94,High Risk
18440,0,0.06,Low Risk
18441,1,0.81,High Risk
18442,0,0.07,Low Risk
18443,0,0.03,Low Risk
18444,1,0.15,Low Risk
18445,1,0.78,High Risk
18446,0,0.24,Low Risk
18447,0,0.05,Low Risk
18448,1,0.9,High Risk
18449,0,0.07,Low Risk
18450,0,0.71,High Risk
18451,1,0.77,High Risk
18452,0,0.23,Low Risk
18453,0,0.25,Low Risk
18454,0,0.11,Low Risk
18455,0,0.21,Low Risk
18456,0,0.15,Low Risk
18457,0,0.34,Low Risk
18458,1,0.93,High Risk
18459,0,0.01,Low Risk
18460,1,0.67,Medium Risk
18461,0,0.21,Low Risk
18462,0,0.11,Low Risk
18463,0,0.18,Low Risk
18464,0,0.02,Low Risk
18465,0,0.3,Low Risk
18466,1,0.77,High Risk
18467,0,0.14,Low Risk
18468,1,0.82,High Risk
18469,1,0.82,High Risk
18470,0,0.11,Low Risk
18471,0,0.12,Low Risk
18472,1,0.76,High Risk
18473,0,0.77,High Risk
18474,0,0.19,Low Risk
18475,0,0.09,Low Risk
18477,1,0.74,High Risk
18479,1,0.64,Medium Risk
18480,1,0.87,High Risk
18481,0,0.2,Low Risk
18482,0,0.11,Low Risk
18483,1,0.86,High Risk
18484,1,0.87,High Risk
18485,0,0.05,Low Risk
18486,0,0.18,Low Risk
18487,0,0.03,Low Risk
18488,0,0.05,Low Risk
18489,0,0.08,Low Risk
18490,1,0.92,High Risk
18491,1,0.21,Low Risk
18492,0,0.34,Low Risk
18493,0,0.03,Low Risk
18494,0,0.1,Low Risk
18495,1,0.71,High Risk
18496,0,0.49,Medium Risk
18497,0,0.28,Low Risk
18498,1,0.76,High Risk
18499,0,0.15,Low Risk
18500,1,0.77,High Risk
18501,1,0.98,High Risk
18502,0,0.03,Low Risk
18503,1,0.87,High Risk
18504,1,0.97,High Risk
18505,0,0.07,Low Risk
18506,0,0.01,Low Risk
18507,1,0.29,Low Risk
18508,0,0.12,Low Risk
18509,0,0.12,Low Risk
18510,0,0.16,Low Risk
18511,0,0.21,Low Risk
18512,1,0.71,High Risk
18513,1,0.64,Medium Risk
18515,1,0.97,High Risk
18516,0,0.08,Low Risk
18517,0,0.06,Low Risk
18518,1,0.85,High Risk
18519,0,0.17,Low Risk
18520,0,0.82,High Risk
18521,0,0.12,Low Risk
18522,1,0.81,High Risk
18523,0,0.13,Low Risk
18524,1,0.62,Medium Risk
18525,0,0.18,Low Risk
18526,0,0.02,Low Risk
18527,1,0.81,High Risk
18528,1,0.65,Medium Risk
18529,0,0.1,Low Risk
18530,0,0.13,Low Risk
18531,1,0.68,Medium Risk
18532,1,0.84,High Risk
18533,0,0.1,Low Risk
18534,0,0.34,Low Risk
18535,1,0.87,High Risk
18536,0,0.1,Low Risk
18537,1,0.48,Medium Risk
18538,0,0.31,Low Risk
18539,1,0.78,High Risk
18540,0,0.07,Low Risk
18541,0,0.15,Low Risk
18542,0,0.1,Low Risk
18543,1,0.88,High Risk
18544,0,0.03,Low Risk
18545,0,0.56,Medium Risk
18546,0,0.05,Low Risk
18547,0,0.17,Low Risk
18548,0,0.24,Low Risk
18549,0,0.14,Low Risk
18550,1,0.3,Low Risk
18551,0,0.28,Low Risk
18552,1,0.67,Medium Risk
18553,0,0.12,Low Risk
18554,1,0.67,Medium Risk
18555,0,0.72,High Risk
18556,0,0.13,Low Risk
18557,0,0.31,Low Risk
18558,0,0.02,Low Risk
18559,1,0.83,High Risk
18560,0,0.09,Low Risk
18561,1,0.77,High Risk
18562,1,0.76,High Risk
18563,0,0.26,Low Risk
18564,1,0.8,High Risk
18565,0,0.02,Low Risk
18566,0,0.29,Low Risk
18567,1,0.95,High Risk
18568,0,0.32,Low Risk
18569,1,0.69,Medium Risk
18570,0,0.02,Low Risk
18571,1,0.82,High Risk
18572,1,0.67,Medium Risk
18573,0,0.44,Medium Risk
18574,0,0.08,Low Risk
18575,0,0.24,Low Risk
18576,1,0.89,High Risk
18577,0,0.29,Low Risk
18578,0,0.05,Low Risk
18579,1,0.91,High Risk
18580,1,0.85,High Risk
18581,0,0.35,Low Risk
18582,1,0.7,Medium Risk
18583,0,0.26,Low Risk
18584,0,0.39,Low Risk
18585,0,0.11,Low Risk
18586,0,0.27,Low Risk
18587,1,0.76,High Risk
18588,1,0.73,High Risk
18589,0,0.06,Low Risk
18590,1,0.83,High Risk
18591,1,0.8,High Risk
18592,0,0.08,Low Risk
18593,0,0.19,Low Risk
18594,1,0.82,High Risk
18595,0,0.08,Low Risk
18596,0,0.25,Low Risk
18597,0,0.16,Low Risk
18598,1,0.94,High Risk
18599,0,0.15,Low Risk
18600,1,0.67,Medium Risk
18601,1,0.81,High Risk
18602,0,0.16,Low Risk
18603,0,0.11,Low Risk
18604,0,0.1,Low Risk
18605,1,0.78,High Risk
18606,0,0.18,Low Risk
18607,0,0.11,Low Risk
18608,0,0.11,Low Risk
18609,0,0.19,Low Risk
18610,0,0.17,Low Risk
18611,1,0.91,High Risk
18612,1,0.84,High Risk
18613,0,0.19,Low Risk
18615,1,0.85,High Risk
18616,0,0.11,Low Risk
18617,0,0.04,Low Risk
18618,0,0.06,Low Risk
18619,0,0.16,Low Risk
18620,0,0.2,Low Risk
18621,0,0.22,Low Risk
18622,0,0.06,Low Risk
18623,0,0.35,Low Risk
18624,0,0.22,Low Risk
18625,0,0.19,Low Risk
18626,0,0.26,Low Risk
18627,1,0.97,High Risk
18628,1,0.8,High Risk
18629,0,0.21,Low Risk
18630,0,0.13,Low Risk
18631,0,0.18,Low Risk
18632,1,0.14,Low Risk
18633,0,0.06,Low Risk
18634,0,0.22,Low Risk
18635,0,0.17,Low Risk
18636,0,0.08,Low Risk
18637,0,0.09,Low Risk
18638,0,0.44,Medium Risk
18639,1,0.81,High Risk
18640,1,0.28,Low Risk
18641,0,0.44,Medium Risk
18642,0,0.14,Low Risk
18643,0,0.39,Low Risk
18644,1,0.69,Medium Risk
18645,0,0.06,Low Risk
18646,0,0.06,Low Risk
18647,1,0.85,High Risk
18648,0,0.01,Low Risk
18649,0,0.18,Low Risk
18650,0,0.51,Medium Risk
18651,0,0.27,Low Risk
18652,1,0.14,Low Risk
18653,0,0.27,Low Risk
18654,0,0.15,Low Risk
18655,1,0.87,High Risk
18656,1,0.33,Low Risk
18657,0,0.04,Low Risk
18658,1,0.81,High Risk
18659,0,0.81,High Risk
18660,0,0.5,Medium Risk
18661,0,0.26,Low Risk
18662,0,0.03,Low Risk
18663,1,0.88,High Risk
18664,0,0.12,Low Risk
18665,0,0.03,Low Risk
18666,1,0.87,High Risk
18667,1,0.86,High Risk
18668,0,0.13,Low Risk
18669,1,0.81,High Risk
18670,0,0.19,Low Risk
18671,0,0.2,Low Risk
18673,0,0.14,Low Risk
18674,0,0.8,High Risk
18676,1,0.64,Medium Risk
18677,0,0.48,Medium Risk
18678,0,0.07,Low Risk
18679,1,0.87,High Risk
18680,0,0.23,Low Risk
18681,0,0.3,Low Risk
18682,0,0.1,Low Risk
18683,1,0.78,High Risk
18684,0,0.18,Low Risk
18685,0,0.05,Low Risk
18686,0,0.35,Low Risk
18687,0,0.02,Low Risk
18688,1,0.53,Medium Risk
18689,1,0.79,High Risk
18690,0,0.07,Low Risk
18691,1,0.82,High Risk
18692,1,0.69,Medium Risk
18693,1,0.72,High Risk
18694,1,0.74,High Risk
18695,0,0.03,Low Risk
18696,1,0.76,High Risk
18697,0,0.17,Low Risk
18698,1,0.97,High Risk
18699,1,0.75,High Risk
18700,0,0.02,Low Risk
18701,0,0.06,Low Risk
18702,0,0.05,Low Risk
18703,1,0.95,High Risk
18704,1,0.9,High Risk
18705,0,0.16,Low Risk
18706,0,0.08,Low Risk
18707,0,0.1,Low Risk
18708,0,0.19,Low Risk
18709,1,0.86,High Risk
18710,0,0.03,Low Risk
18711,1,0.78,High Risk
18712,1,0.84,High Risk
18713,0,0.34,Low Risk
18714,0,0.03,Low Risk
18715,0,0.19,Low Risk
18716,1,0.73,High Risk
18717,1,0.82,High Risk
18718,1,0.87,High Risk
18719,0,0.29,Low Risk
18720,0,0.1,Low Risk
18721,1,0.94,High Risk
18722,0,0.17,Low Risk
18723,1,0.8,High Risk
18724,0,0.16,Low Risk
18725,1,0.75,High Risk
18726,1,0.83,High Risk
18727,1,0.68,Medium Risk
18728,0,0.06,Low Risk
18729,0,0.1,Low Risk
18730,1,0.74,High Risk
18731,0,0.04,Low Risk
18732,1,0.76,High Risk
18733,0,0.0,Low Risk
18734,0,0.52,Medium Risk
18735,1,0.83,High Risk
18736,0,0.21,Low Risk
18737,0,0.62,Medium Risk
18738,0,0.32,Low Risk
18739,0,0.05,Low Risk
18740,0,0.14,Low Risk
18741,0,0.24,Low Risk
18742,1,0.2,Low Risk
18743,1,0.86,High Risk
18744,1,0.77,High Risk
18745,0,0.15,Low Risk
18746,0,0.18,Low Risk
18747,0,0.1,Low Risk
18748,1,0.25,Low Risk
18749,1,0.73,High Risk
18750,0,0.09,Low Risk
18751,0,0.11,Low Risk
18752,0,0.29,Low Risk
18753,0,0.04,Low Risk
18754,0,0.19,Low Risk
18755,1,0.97,High Risk
18756,1,0.8,High Risk
18757,1,0.39,Low Risk
18758,0,0.29,Low Risk
18759,1,0.71,High Risk
18760,1,0.84,High Risk
18761,0,0.24,Low Risk
18762,0,0.13,Low Risk
18763,1,0.77,High Risk
18764,0,0.24,Low Risk
18765,1,0.91,High Risk
18766,1,0.74,High Risk
18767,1,0.52,Medium Risk
18768,1,0.84,High Risk
18769,1,0.89,High Risk
18770,1,0.84,High Risk
18771,1,0.61,Medium Risk
18772,0,0.33,Low Risk
18773,1,0.89,High Risk
18774,0,0.16,Low Risk
18775,1,0.89,High Risk
18776,0,0.43,Medium Risk
18777,0,0.77,High Risk
18779,0,0.13,Low Risk
18780,1,0.26,Low Risk
18781,0,0.23,Low Risk
18782,1,0.8,High Risk
18783,1,0.77,High Risk
18784,1,0.63,Medium Risk
18785,1,0.49,Medium Risk
18786,0,0.21,Low Risk
18787,0,0.18,Low Risk
18788,0,0.06,Low Risk
18789,0,0.16,Low Risk
18790,0,0.24,Low Risk
18791,1,0.79,High Risk
18792,0,0.08,Low Risk
18793,0,0.69,Medium Risk
18794,0,0.15,Low Risk
18795,0,0.78,High Risk
18796,1,0.92,High Risk
18797,1,0.81,High Risk
18798,1,0.73,High Risk
18799,0,0.27,Low Risk
18800,0,0.13,Low Risk
18801,1,0.68,Medium Risk
18802,1,0.92,High Risk
18803,1,0.83,High Risk
18804,0,0.08,Low Risk
18805,0,0.05,Low Risk
18806,1,0.73,High Risk
18807,1,0.74,High Risk
18808,0,0.38,Low Risk
18809,0,0.15,Low Risk
18810,0,0.16,Low Risk
18811,0,0.13,Low Risk
18812,0,0.1,Low Risk
18813,0,0.12,Low Risk
18814,0,0.11,Low Risk
18815,1,0.75,High Risk
18816,1,0.67,Medium Risk
18817,1,0.97,High Risk
18818,0,0.12,Low Risk
18819,0,0.11,Low Risk
18820,1,0.77,High Risk
18821,0,0.29,Low Risk
18822,1,0.9,High Risk
18823,0,0.31,Low Risk
18824,0,0.0,Low Risk
18825,1,0.83,High Risk
18826,1,0.78,High Risk
18827,1,0.89,High Risk
18828,0,0.09,Low Risk
18829,1,0.93,High Risk
18830,0,0.05,Low Risk
18831,0,0.06,Low Risk
18832,0,0.09,Low Risk
18833,0,0.23,Low Risk
18834,1,0.93,High Risk
18835,1,0.86,High Risk
18836,0,0.25,Low Risk
18837,0,0.15,Low Risk
18838,1,0.83,High Risk
18839,0,0.1,Low Risk
18840,0,0.86,High Risk
18841,1,0.69,Medium Risk
18842,1,0.73,High Risk
18843,0,0.14,Low Risk
18844,0,0.29,Low Risk
18845,1,0.79,High Risk
18846,0,0.2,Low Risk
18847,1,0.85,High Risk
18848,1,0.79,High Risk
18849,1,0.22,Low Risk
18850,0,0.19,Low Risk
18851,1,0.93,High Risk
18852,0,0.03,Low Risk
18853,1,0.65,Medium Risk
18854,1,0.77,High Risk
18855,0,0.12,Low Risk
18856,1,0.78,High Risk
18857,0,0.13,Low Risk
18858,1,0.52,Medium Risk
18859,0,0.12,Low Risk
18860,0,0.07,Low Risk
18861,1,0.27,Low Risk
18862,0,0.11,Low Risk
18863,0,0.04,Low Risk
18864,0,0.22,Low Risk
18865,1,0.14,Low Risk
18866,1,0.67,Medium Risk
18867,0,0.15,Low Risk
18868,1,0.74,High Risk
18869,1,0.87,High Risk
18870,1,0.62,Medium Risk
18871,0,0.06,Low Risk
18872,0,0.18,Low Risk
18873,1,0.87,High Risk
18874,1,0.89,High Risk
18875,1,0.77,High Risk
18876,0,0.14,Low Risk
18877,1,0.5,Medium Risk
18878,0,0.24,Low Risk
18879,0,0.04,Low Risk
18880,0,0.2,Low Risk
18881,0,0.05,Low Risk
18882,1,0.78,High Risk
18883,1,0.74,High Risk
18884,0,0.12,Low Risk
18885,0,0.78,High Risk
18886,0,0.22,Low Risk
18887,0,0.13,Low Risk
18888,0,0.08,Low Risk
18889,1,0.79,High Risk
18890,0,0.13,Low Risk
18891,0,0.18,Low Risk
18892,1,0.87,High Risk
18893,0,0.26,Low Risk
18894,1,0.77,High Risk
18895,1,0.87,High Risk
18896,0,0.21,Low Risk
18897,1,0.7,Medium Risk
18898,1,0.84,High Risk
18899,1,0.82,High Risk
18900,0,0.14,Low Risk
18901,1,0.77,High Risk
18902,1,0.77,High Risk
18903,1,0.7,Medium Risk
18904,1,0.81,High Risk
18905,0,0.09,Low Risk
18906,1,0.88,High Risk
18907,1,0.75,High Risk
18908,1,0.77,High Risk
18909,0,0.12,Low Risk
18910,0,0.09,Low Risk
18911,1,0.78,High Risk
18912,0,0.13,Low Risk
18913,0,0.18,Low Risk
18914,1,0.12,Low Risk
18915,0,0.23,Low Risk
18916,1,0.54,Medium Risk
18917,0,0.11,Low Risk
18918,1,0.46,Medium Risk
18919,1,0.36,Low Risk
18920,0,0.1,Low Risk
18921,0,0.1,Low Risk
18922,1,0.84,High Risk
18923,1,0.74,High Risk
18924,1,0.8,High Risk
18925,1,0.84,High Risk
18926,1,0.78,High Risk
18927,0,0.31,Low Risk
18928,0,0.19,Low Risk
18929,0,0.2,Low Risk
18930,1,0.8,High Risk
18931,1,0.89,High Risk
18932,1,0.67,Medium Risk
18934,1,0.94,High Risk
18935,0,0.02,Low Risk
18936,0,0.46,Medium Risk
18937,1,0.89,High Risk
18938,0,0.0,Low Risk
18939,1,0.13,Low Risk
18940,1,0.8,High Risk
18941,1,0.47,Medium Risk
18942,0,0.05,Low Risk
18943,0,0.16,Low Risk
18944,0,0.27,Low Risk
18945,1,0.65,Medium Risk
18946,1,0.75,High Risk
18947,0,0.08,Low Risk
18948,0,0.14,Low Risk
18949,0,0.07,Low Risk
18950,1,0.87,High Risk
18951,1,0.8,High Risk
18952,0,0.25,Low Risk
18953,0,0.04,Low Risk
18954,0,0.07,Low Risk
18955,0,0.2,Low Risk
18956,0,0.04,Low Risk
18957,1,0.6,Medium Risk
18958,0,0.13,Low Risk
18959,1,0.77,High Risk
18960,0,0.05,Low Risk
18961,1,0.81,High Risk
18962,0,0.09,Low Risk
18963,1,0.2,Low Risk
18964,1,0.74,High Risk
18965,1,0.81,High Risk
18966,0,0.26,Low Risk
18967,1,0.79,High Risk
18968,0,0.06,Low Risk
18969,1,0.73,High Risk
18970,0,0.12,Low Risk
18971,1,0.24,Low Risk
18972,0,0.25,Low Risk
18973,0,0.3,Low Risk
18974,0,0.14,Low Risk
18975,0,0.25,Low Risk
18976,1,0.83,High Risk
18977,0,0.29,Low Risk
18978,0,0.09,Low Risk
18979,0,0.17,Low Risk
18980,0,0.16,Low Risk
18981,1,0.65,Medium Risk
18982,0,0.1,Low Risk
18983,0,0.04,Low Risk
18984,0,0.13,Low Risk
18985,0,0.19,Low Risk
18986,0,0.08,Low Risk
18987,1,0.85,High Risk
18988,0,0.1,Low Risk
18989,0,0.86,High Risk
18990,0,0.12,Low Risk
18991,0,0.13,Low Risk
18992,1,0.77,High Risk
18993,0,0.14,Low Risk
18994,1,0.75,High Risk
18995,0,0.24,Low Risk
18996,1,0.79,High Risk
18997,1,0.75,High Risk
18998,1,0.66,Medium Risk
18999,1,0.42,Medium Risk
19000,0,0.06,Low Risk
19001,0,0.11,Low Risk
19002,0,0.15,Low Risk
19003,0,0.11,Low Risk
19004,0,0.15,Low Risk
19005,1,0.71,High Risk
19006,1,0.75,High Risk
19007,1,0.36,Low Risk
19008,1,0.82,High Risk
19009,0,0.21,Low Risk
19010,0,0.07,Low Risk
19011,1,0.82,High Risk
19012,0,0.19,Low Risk
19013,1,0.1,Low Risk
19014,0,0.06,Low Risk
19015,0,0.03,Low Risk
19016,1,0.69,Medium Risk
19017,0,0.3,Low Risk
19018,1,0.81,High Risk
19019,1,0.72,High Risk
19020,1,0.78,High Risk
19021,0,0.04,Low Risk
19022,0,0.08,Low Risk
19023,1,0.1,Low Risk
19024,1,0.71,High Risk
19025,1,0.94,High Risk
19026,0,0.07,Low Risk
19027,0,0.14,Low Risk
19028,0,0.08,Low Risk
19029,0,0.43,Medium Risk
19030,0,0.28,Low Risk
19031,0,0.16,Low Risk
19032,1,0.78,High Risk
19033,1,0.84,High Risk
19034,1,0.63,Medium Risk
19035,1,0.72,High Risk
19036,0,0.15,Low Risk
19037,1,0.73,High Risk
19038,0,0.1,Low Risk
19039,1,0.95,High Risk
19040,1,0.79,High Risk
19041,1,0.64,Medium Risk
19042,1,0.85,High Risk
19043,1,0.72,High Risk
19044,1,0.85,High Risk
19045,0,0.09,Low Risk
19046,1,0.61,Medium Risk
19047,0,0.37,Low Risk
19048,0,0.05,Low Risk
19049,1,0.86,High Risk
19050,1,0.91,High Risk
19051,0,0.19,Low Risk
19052,0,0.09,Low Risk
19053,0,0.07,Low Risk
19054,0,0.02,Low Risk
19055,0,0.14,Low Risk
19056,0,0.13,Low Risk
19057,0,0.21,Low Risk
19058,1,0.95,High Risk
19059,0,0.09,Low Risk
19060,0,0.13,Low Risk
19061,0,0.03,Low Risk
19062,1,0.76,High Risk
19063,1,0.92,High Risk
19064,0,0.23,Low Risk
19065,0,0.11,Low Risk
19066,0,0.02,Low Risk
19067,1,0.84,High Risk
19068,0,0.09,Low Risk
19069,0,0.09,Low Risk
19070,0,0.14,Low Risk
19071,0,0.15,Low Risk
19072,0,0.18,Low Risk
19073,0,0.36,Low Risk
19074,0,0.21,Low Risk
19075,0,0.19,Low Risk
19076,1,0.75,High Risk
19077,0,0.22,Low Risk
19078,0,0.14,Low Risk
19079,0,0.1,Low Risk
19080,1,0.61,Medium Risk
19081,0,0.16,Low Risk
19082,0,0.15,Low Risk
19083,0,0.28,Low Risk
19084,0,0.19,Low Risk
19085,1,0.87,High Risk
19086,0,0.35,Low Risk
19087,0,0.08,Low Risk
19088,1,0.79,High Risk
19089,0,0.03,Low Risk
19090,0,0.15,Low Risk
19091,0,0.07,Low Risk
19092,0,0.49,Medium Risk
19093,1,0.96,High Risk
19094,0,0.01,Low Risk
19095,0,0.14,Low Risk
19096,1,0.75,High Risk
19097,0,0.27,Low Risk
19098,1,0.74,High Risk
19099,0,0.02,Low Risk
19100,0,0.12,Low Risk
19101,1,0.44,Medium Risk
19102,1,0.8,High Risk
19103,0,0.16,Low Risk
19104,0,0.84,High Risk
19105,1,0.71,High Risk
19106,1,0.86,High Risk
19107,0,0.14,Low Risk
19108,0,0.25,Low Risk
19109,0,0.15,Low Risk
19110,1,0.67,Medium Risk
19111,0,0.43,Medium Risk
19112,0,0.14,Low Risk
19113,0,0.1,Low Risk
19114,1,0.64,Medium Risk
19115,0,0.1,Low Risk
19116,0,0.13,Low Risk
19117,1,0.83,High Risk
19118,1,0.11,Low Risk
19119,1,0.68,Medium Risk
19120,0,0.08,Low Risk
19121,0,0.15,Low Risk
19122,0,0.7,Medium Risk
19123,0,0.26,Low Risk
19124,0,0.05,Low Risk
19125,0,0.28,Low Risk
19126,0,0.48,Medium Risk
19127,1,0.81,High Risk
19128,0,0.22,Low Risk
19129,1,0.92,High Risk
19130,1,0.75,High Risk
19131,0,0.18,Low Risk
19132,0,0.09,Low Risk
19133,0,0.18,Low Risk
19134,0,0.07,Low Risk
19135,1,0.75,High Risk
19136,0,0.47,Medium Risk
19137,0,0.11,Low Risk
19138,1,0.26,Low Risk
19139,0,0.13,Low Risk
19140,1,0.82,High Risk
19141,0,0.27,Low Risk
19142,1,0.72,High Risk
19143,0,0.06,Low Risk
19144,0,0.07,Low Risk
19145,1,0.89,High Risk
19146,1,0.16,Low Risk
19147,0,0.5,Medium Risk
19148,0,0.11,Low Risk
19149,0,0.02,Low Risk
19150,0,0.02,Low Risk
19151,1,0.72,High Risk
19152,1,0.84,High Risk
19153,1,0.28,Low Risk
19154,0,0.15,Low Risk
19155,0,0.04,Low Risk
19156,0,0.58,Medium Risk
19157,1,0.67,Medium Risk
19158,1,0.87,High Risk
19159,1,0.69,Medium Risk
19160,0,0.1,Low Risk
19161,1,0.9,High Risk
19162,0,0.14,Low Risk
19163,0,0.16,Low Risk
19164,1,0.71,High Risk
19165,1,0.62,Medium Risk
19166,1,0.7,Medium Risk
19167,0,0.25,Low Risk
19168,0,0.03,Low Risk
19169,1,0.77,High Risk
19170,1,0.77,High Risk
19171,0,0.14,Low Risk
19172,0,0.0,Low Risk
19173,1,0.74,High Risk
19174,1,0.43,Medium Risk
19175,0,0.08,Low Risk
19176,0,0.05,Low Risk
19177,0,0.1,Low Risk
19178,1,0.96,High Risk
19179,1,0.78,High Risk
19180,0,0.07,Low Risk
19181,0,0.12,Low Risk
19182,0,0.03,Low Risk
19183,1,0.7,Medium Risk
19184,0,0.05,Low Risk
19185,0,0.29,Low Risk
19186,0,0.28,Low Risk
19187,1,0.93,High Risk
19188,1,0.76,High Risk
19189,0,0.14,Low Risk
19190,0,0.01,Low Risk
19191,0,0.13,Low Risk
19192,1,0.24,Low Risk
19193,1,0.93,High Risk
19194,1,0.65,Medium Risk
19195,0,0.17,Low Risk
19196,0,0.08,Low Risk
19197,0,0.04,Low Risk
19198,0,0.03,Low Risk
19199,0,0.06,Low Risk
19200,1,0.84,High Risk
19201,1,0.86,High Risk
19202,0,0.03,Low Risk
19203,0,0.66,Medium Risk
19204,0,0.17,Low Risk
19205,1,0.63,Medium Risk
19206,0,0.44,Medium Risk
19207,0,0.09,Low Risk
19208,0,0.2,Low Risk
19209,0,0.17,Low Risk
19210,1,0.86,High Risk
19211,1,0.63,Medium Risk
19212,0,0.36,Low Risk
19213,1,0.78,High Risk
19214,1,0.72,High Risk
19215,0,0.05,Low Risk
19216,0,0.12,Low Risk
19217,1,0.81,High Risk
19218,1,0.27,Low Risk
19219,0,0.13,Low Risk
19220,0,0.27,Low Risk
19221,0,0.05,Low Risk
19222,0,0.11,Low Risk
19223,0,0.1,Low Risk
19224,1,0.34,Low Risk
19225,0,0.09,Low Risk
19226,0,0.13,Low Risk
19227,0,0.1,Low Risk
19228,0,0.36,Low Risk
19229,0,0.2,Low Risk
19230,0,0.16,Low Risk
19231,0,0.13,Low Risk
19232,1,0.53,Medium Risk
19233,0,0.25,Low Risk
19234,0,0.25,Low Risk
19235,0,0.24,Low Risk
19236,0,0.15,Low Risk
19237,1,0.86,High Risk
19238,1,0.65,Medium Risk
19239,0,0.05,Low Risk
19240,1,0.67,Medium Risk
19241,0,0.17,Low Risk
19242,0,0.17,Low Risk
19243,0,0.11,Low Risk
19244,1,0.3,Low Risk
19245,1,0.92,High Risk
19246,0,0.19,Low Risk
19247,0,0.07,Low Risk
19248,0,0.21,Low Risk
19249,0,0.58,Medium Risk
19250,0,0.27,Low Risk
19251,0,0.06,Low Risk
19252,1,0.77,High Risk
19253,1,0.68,Medium Risk
19254,1,0.78,High Risk
19255,1,0.68,Medium Risk
19256,1,0.73,High Risk
19257,0,0.55,Medium Risk
19258,0,0.21,Low Risk
19259,1,0.61,Medium Risk
19260,0,0.27,Low Risk
19261,0,0.25,Low Risk
19262,0,0.46,Medium Risk
19263,0,0.09,Low Risk
19264,1,0.71,High Risk
19265,0,0.17,Low Risk
19266,1,0.71,High Risk
19267,0,0.22,Low Risk
19268,0,0.29,Low Risk
19269,0,0.2,Low Risk
19270,1,0.89,High Risk
19271,0,0.1,Low Risk
19272,0,0.2,Low Risk
19273,1,0.83,High Risk
19274,1,0.69,Medium Risk
19275,1,0.75,High Risk
19276,1,0.82,High Risk
19277,1,0.66,Medium Risk
19278,0,0.17,Low Risk
19279,0,0.07,Low Risk
19280,1,0.79,High Risk
19281,0,0.02,Low Risk
19282,1,0.88,High Risk
19283,0,0.22,Low Risk
19284,1,0.76,High Risk
19285,0,0.21,Low Risk
19286,1,0.77,High Risk
19287,1,0.87,High Risk
19288,1,0.67,Medium Risk
19289,1,0.58,Medium Risk
19290,0,0.17,Low Risk
19291,0,0.02,Low Risk
19292,1,0.94,High Risk
19293,1,0.65,Medium Risk
19294,0,0.23,Low Risk
19295,0,0.07,Low Risk
19296,0,0.21,Low Risk
19297,0,0.11,Low Risk
19298,0,0.17,Low Risk
19299,1,0.72,High Risk
19300,1,0.93,High Risk
19301,0,0.15,Low Risk
19302,1,0.79,High Risk
19303,1,0.8,High Risk
19304,1,0.83,High Risk
19305,0,0.14,Low Risk
19306,0,0.05,Low Risk
19307,0,0.19,Low Risk
19308,1,0.31,Low Risk
19309,0,0.08,Low Risk
19310,0,0.14,Low Risk
19311,1,0.7,Medium Risk
19312,1,0.74,High Risk
19313,0,0.06,Low Risk
19314,0,0.17,Low Risk
19315,0,0.01,Low Risk
19316,0,0.11,Low Risk
19317,1,0.62,Medium Risk
19318,1,0.82,High Risk
19319,0,0.2,Low Risk
19320,0,0.04,Low Risk
19321,1,0.89,High Risk
19322,0,0.17,Low Risk
19323,0,0.66,Medium Risk
19324,1,0.74,High Risk
19325,0,0.17,Low Risk
19326,0,0.12,Low Risk
19327,0,0.11,Low Risk
19328,0,0.24,Low Risk
19329,0,0.4,Low Risk
19330,0,0.05,Low Risk
19331,0,0.18,Low Risk
19332,0,0.22,Low Risk
19333,0,0.13,Low Risk
19334,0,0.14,Low Risk
19335,1,0.79,High Risk
19336,0,0.05,Low Risk
19337,0,0.03,Low Risk
19338,0,0.21,Low Risk
19339,0,0.14,Low Risk
19340,1,0.86,High Risk
19341,0,0.28,Low Risk
19342,1,0.12,Low Risk
19343,1,0.67,Medium Risk
19344,0,0.1,Low Risk
19345,0,0.04,Low Risk
19346,0,0.04,Low Risk
19347,0,0.17,Low Risk
19348,1,0.72,High Risk
19349,0,0.52,Medium Risk
19350,0,0.14,Low Risk
19351,0,0.07,Low Risk
19352,1,0.77,High Risk
19353,0,0.21,Low Risk
19354,0,0.36,Low Risk
19355,1,0.14,Low Risk
19356,1,0.79,High Risk
19357,0,0.55,Medium Risk
19358,0,0.09,Low Risk
19359,0,0.16,Low Risk
19360,0,0.2,Low Risk
19361,1,0.87,High Risk
19362,0,0.15,Low Risk
19363,0,0.09,Low Risk
19364,1,0.27,Low Risk
19365,0,0.26,Low Risk
19366,0,0.09,Low Risk
19367,1,0.78,High Risk
19368,1,0.79,High Risk
19369,1,0.8,High Risk
19370,0,0.43,Medium Risk
19371,0,0.32,Low Risk
19372,0,0.12,Low Risk
19373,1,0.84,High Risk
19374,1,0.96,High Risk
19375,1,0.74,High Risk
19376,0,0.23,Low Risk
19377,1,0.89,High Risk
19378,0,0.19,Low Risk
19379,0,0.1,Low Risk
19380,0,0.16,Low Risk
19381,0,0.2,Low Risk
19382,0,0.05,Low Risk
19383,1,0.8,High Risk
19384,0,0.24,Low Risk
19385,0,0.09,Low Risk
19386,1,0.64,Medium Risk
19388,0,0.27,Low Risk
19389,1,0.75,High Risk
19390,1,0.37,Low Risk
19391,0,0.1,Low Risk
19392,1,0.76,High Risk
19393,0,0.3,Low Risk
19394,0,0.25,Low Risk
19395,0,0.09,Low Risk
19396,0,0.17,Low Risk
19397,0,0.23,Low Risk
19398,0,0.07,Low Risk
19399,0,0.2,Low Risk
19400,1,0.1,Low Risk
19401,0,0.19,Low Risk
19402,1,0.88,High Risk
19403,0,0.16,Low Risk
19404,0,0.29,Low Risk
19405,0,0.29,Low Risk
19406,0,0.05,Low Risk
19407,0,0.17,Low Risk
19408,0,0.08,Low Risk
19409,0,0.18,Low Risk
19410,0,0.2,Low Risk
19411,0,0.18,Low Risk
19412,0,0.06,Low Risk
19413,0,0.08,Low Risk
19414,0,0.06,Low Risk
19415,0,0.03,Low Risk
19416,0,0.06,Low Risk
19417,1,0.76,High Risk
19418,1,0.77,High Risk
19419,1,0.76,High Risk
19420,0,0.18,Low Risk
19421,0,0.1,Low Risk
19422,1,0.79,High Risk
19423,0,0.49,Medium Risk
19424,0,0.22,Low Risk
19425,1,0.28,Low Risk
19426,0,0.19,Low Risk
19427,0,0.06,Low Risk
19428,0,0.27,Low Risk
19429,0,0.61,Medium Risk
19430,0,0.23,Low Risk
19431,0,0.25,Low Risk
19432,0,0.04,Low Risk
19433,0,0.07,Low Risk
19434,0,0.19,Low Risk
19435,1,0.69,Medium Risk
19436,0,0.04,Low Risk
19437,0,0.09,Low Risk
19438,0,0.09,Low Risk
19439,1,0.8,High Risk
19440,1,0.9,High Risk
19441,1,0.9,High Risk
19442,1,0.62,Medium Risk
19443,0,0.25,Low Risk
19444,1,0.86,High Risk
19445,0,0.05,Low Risk
19446,1,0.19,Low Risk
19447,1,0.77,High Risk
19448,1,0.73,High Risk
19449,0,0.22,Low Risk
19450,0,0.3,Low Risk
19451,1,0.68,Medium Risk
19452,0,0.16,Low Risk
19453,0,0.27,Low Risk
19454,0,0.11,Low Risk
19455,1,0.84,High Risk
19456,1,0.8,High Risk
19457,0,0.11,Low Risk
19458,0,0.12,Low Risk
19459,1,0.85,High Risk
19460,1,0.7,Medium Risk
19461,0,0.12,Low Risk
19462,0,0.04,Low Risk
19463,0,0.31,Low Risk
19464,0,0.02,Low Risk
19465,1,0.79,High Risk
19466,1,0.72,High Risk
19467,0,0.02,Low Risk
19468,1,0.73,High Risk
19469,1,0.9,High Risk
19470,0,0.1,Low Risk
19471,1,0.82,High Risk
19472,1,0.73,High Risk
19473,0,0.23,Low Risk
19474,1,0.49,Medium Risk
19475,1,0.37,Low Risk
19476,1,0.68,Medium Risk
19477,0,0.15,Low Risk
19478,1,0.88,High Risk
19479,1,0.77,High Risk
19480,1,0.68,Medium Risk
19481,0,0.25,Low Risk
19482,1,0.83,High Risk
19483,1,0.88,High Risk
19484,1,0.81,High Risk
19485,1,0.83,High Risk
19486,0,0.22,Low Risk
19487,1,0.77,High Risk
19488,0,0.14,Low Risk
19489,1,0.84,High Risk
19490,0,0.34,Low Risk
19491,0,0.2,Low Risk
19492,1,0.73,High Risk
19493,0,0.15,Low Risk
19494,0,0.08,Low Risk
19495,0,0.09,Low Risk
19496,0,0.32,Low Risk
19497,1,0.92,High Risk
19498,0,0.08,Low Risk
19499,0,0.23,Low Risk
19500,0,0.21,Low Risk
19501,1,0.83,High Risk
19502,1,0.09,Low Risk
19503,0,0.1,Low Risk
19504,1,0.81,High Risk
19505,0,0.18,Low Risk
19506,1,0.85,High Risk
19507,0,0.04,Low Risk
19509,1,0.78,High Risk
19510,0,0.21,Low Risk
19511,1,0.78,High Risk
19512,0,0.1,Low Risk
19513,1,0.71,High Risk
19514,1,0.67,Medium Risk
19515,0,0.16,Low Risk
19516,0,0.5,Medium Risk
19517,1,0.8,High Risk
19518,0,0.48,Medium Risk
19519,1,0.73,High Risk
19520,0,0.1,Low Risk
19521,0,0.1,Low Risk
19522,0,0.07,Low Risk
19523,1,0.86,High Risk
19524,0,0.65,Medium Risk
19525,1,0.86,High Risk
19526,1,0.73,High Risk
19527,1,0.57,Medium Risk
19528,1,0.69,Medium Risk
19529,1,0.88,High Risk
19530,0,0.15,Low Risk
19531,1,0.41,Medium Risk
19532,0,0.15,Low Risk
19533,0,0.08,Low Risk
19534,0,0.1,Low Risk
19535,1,0.67,Medium Risk
19536,0,0.18,Low Risk
19537,0,0.1,Low Risk
19538,0,0.25,Low Risk
19539,0,0.08,Low Risk
19540,1,0.7,Medium Risk
19541,1,0.65,Medium Risk
19542,1,0.92,High Risk
19543,1,0.79,High Risk
19544,1,0.67,Medium Risk
19545,0,0.46,Medium Risk
19546,1,0.83,High Risk
19547,1,0.9,High Risk
19548,1,0.57,Medium Risk
19549,1,0.87,High Risk
19550,1,0.9,High Risk
19551,1,0.91,High Risk
19552,0,0.46,Medium Risk
19553,0,0.14,Low Risk
19554,0,0.15,Low Risk
19555,1,0.84,High Risk
19556,0,0.01,Low Risk
19557,1,0.69,Medium Risk
19558,0,0.16,Low Risk
19559,1,0.9,High Risk
19560,1,0.85,High Risk
19561,1,0.61,Medium Risk
19562,0,0.24,Low Risk
19563,0,0.26,Low Risk
19564,1,0.76,High Risk
19565,0,0.05,Low Risk
19566,0,0.68,Medium Risk
19567,0,0.12,Low Risk
19568,1,0.57,Medium Risk
19569,0,0.18,Low Risk
19570,0,0.13,Low Risk
19571,0,0.84,High Risk
19572,0,0.2,Low Risk
19573,0,0.18,Low Risk
19574,0,0.2,Low Risk
19575,0,0.09,Low Risk
19576,0,0.21,Low Risk
19577,0,0.34,Low Risk
19578,0,0.16,Low Risk
19579,1,0.79,High Risk
19580,0,0.18,Low Risk
19581,0,0.14,Low Risk
19582,1,0.98,High Risk
19583,0,0.05,Low Risk
19584,0,0.03,Low Risk
19585,1,0.78,High Risk
19586,1,0.81,High Risk
19587,1,0.8,High Risk
19588,0,0.24,Low Risk
19589,1,0.87,High Risk
19590,0,0.28,Low Risk
19591,0,0.07,Low Risk
19592,1,0.46,Medium Risk
19593,0,0.22,Low Risk
19594,1,0.77,High Risk
19595,1,0.48,Medium Risk
19596,1,0.7,Medium Risk
19597,0,0.28,Low Risk
19598,0,0.14,Low Risk
19599,0,0.11,Low Risk
19600,0,0.06,Low Risk
19601,0,0.14,Low Risk
19602,1,0.86,High Risk
19603,0,0.06,Low Risk
19604,1,0.91,High Risk
19605,1,0.76,High Risk
19606,1,0.63,Medium Risk
19607,0,0.06,Low Risk
19608,0,0.16,Low Risk
19609,1,0.83,High Risk
19610,0,0.24,Low Risk
19611,0,0.28,Low Risk
19612,0,0.04,Low Risk
19613,0,0.07,Low Risk
19614,1,0.74,High Risk
19615,0,0.06,Low Risk
19616,0,0.16,Low Risk
19617,0,0.07,Low Risk
19618,0,0.23,Low Risk
19619,0,0.21,Low Risk
19620,1,0.73,High Risk
19621,0,0.37,Low Risk
19622,0,0.07,Low Risk
19623,1,0.85,High Risk
19624,1,0.73,High Risk
19625,0,0.1,Low Risk
19626,1,0.89,High Risk
19627,1,0.89,High Risk
19628,1,0.62,Medium Risk
19629,0,0.42,Medium Risk
19630,0,0.15,Low Risk
19631,0,0.05,Low Risk
19632,1,0.23,Low Risk
19633,0,0.3,Low Risk
19634,0,0.06,Low Risk
19635,0,0.3,Low Risk
19636,1,0.79,High Risk
19637,1,0.74,High Risk
19638,1,0.8,High Risk
19639,1,0.03,Low Risk
19640,1,0.73,High Risk
19641,0,0.14,Low Risk
19642,1,0.66,Medium Risk
19643,0,0.21,Low Risk
19644,0,0.05,Low Risk
19645,0,0.07,Low Risk
19646,1,0.78,High Risk
19647,0,0.17,Low Risk
19648,0,0.04,Low Risk
19649,1,0.31,Low Risk
19650,0,0.28,Low Risk
19651,0,0.11,Low Risk
19652,1,0.65,Medium Risk
19653,0,0.1,Low Risk
19654,0,0.02,Low Risk
19655,1,0.81,High Risk
19656,0,0.11,Low Risk
19657,1,0.75,High Risk
19658,0,0.15,Low Risk
19659,0,0.61,Medium Risk
19660,0,0.13,Low Risk
19661,1,0.84,High Risk
19662,1,0.05,Low Risk
19663,0,0.27,Low Risk
19664,1,0.69,Medium Risk
19665,0,0.61,Medium Risk
19666,1,0.59,Medium Risk
19668,1,0.78,High Risk
19669,1,0.72,High Risk
19670,1,0.88,High Risk
19671,0,0.34,Low Risk
19672,0,0.05,Low Risk
19673,0,0.66,Medium Risk
19674,1,0.33,Low Risk
19675,0,0.06,Low Risk
19676,0,0.38,Low Risk
19677,1,0.72,High Risk
19678,1,0.68,Medium Risk
19679,1,0.88,High Risk
19680,0,0.05,Low Risk
19681,0,0.09,Low Risk
19682,1,0.71,High Risk
19683,1,0.58,Medium Risk
19684,1,0.67,Medium Risk
19685,0,0.1,Low Risk
19686,0,0.32,Low Risk
19687,1,0.93,High Risk
19688,0,0.04,Low Risk
19689,1,0.82,High Risk
19690,0,0.05,Low Risk
19691,0,0.48,Medium Risk
19692,1,0.63,Medium Risk
19693,0,0.11,Low Risk
19694,1,0.32,Low Risk
19695,0,0.06,Low Risk
19696,0,0.04,Low Risk
19697,0,0.16,Low Risk
19698,1,0.79,High Risk
19699,0,0.02,Low Risk
19700,1,0.67,Medium Risk
19701,0,0.12,Low Risk
19702,1,0.97,High Risk
19703,1,0.89,High Risk
19704,0,0.14,Low Risk
19705,0,0.11,Low Risk
19706,0,0.27,Low Risk
19707,0,0.08,Low Risk
19708,0,0.07,Low Risk
19709,0,0.19,Low Risk
19710,1,0.92,High Risk
19711,0,0.72,High Risk
19712,0,0.04,Low Risk
19713,0,0.09,Low Risk
19714,0,0.15,Low Risk
19715,0,0.46,Medium Risk
19716,1,0.88,High Risk
19717,1,0.64,Medium Risk
19718,0,0.19,Low Risk
19719,0,0.39,Low Risk
19720,0,0.14,Low Risk
19721,0,0.2,Low Risk
19722,0,0.06,Low Risk
19723,0,0.22,Low Risk
19724,0,0.05,Low Risk
19725,0,0.13,Low Risk
19726,0,0.02,Low Risk
19727,0,0.14,Low Risk
19728,1,0.64,Medium Risk
19729,0,0.15,Low Risk
19730,1,0.8,High Risk
19731,1,0.85,High Risk
19732,0,0.18,Low Risk
19733,0,0.23,Low Risk
19734,0,0.09,Low Risk
19735,0,0.22,Low Risk
19736,0,0.24,Low Risk
19737,1,0.64,Medium Risk
19738,1,0.87,High Risk
19739,0,0.07,Low Risk
19740,0,0.12,Low Risk
19741,0,0.05,Low Risk
19742,0,0.04,Low Risk
19743,0,0.29,Low Risk
19744,0,0.09,Low Risk
19745,1,0.91,High Risk
19746,0,0.17,Low Risk
19747,1,0.79,High Risk
19748,1,0.79,High Risk
19749,0,0.3,Low Risk
19750,1,0.5,Medium Risk
19751,0,0.14,Low Risk
19752,0,0.06,Low Risk
19753,1,0.84,High Risk
19754,1,0.78,High Risk
19755,0,0.19,Low Risk
19756,0,0.07,Low Risk
19757,0,0.03,Low Risk
19758,0,0.07,Low Risk
19759,1,0.43,Medium Risk
19760,0,0.29,Low Risk
19761,0,0.39,Low Risk
19762,1,0.76,High Risk
19763,0,0.27,Low Risk
19764,0,0.15,Low Risk
19765,1,0.76,High Risk
19766,0,0.12,Low Risk
19767,1,0.8,High Risk
19768,1,0.25,Low Risk
19769,1,0.38,Low Risk
19770,0,0.03,Low Risk
19771,0,0.22,Low Risk
19772,1,0.76,High Risk
19773,1,0.71,High Risk
19774,0,0.2,Low Risk
19775,0,0.08,Low Risk
19776,1,0.68,Medium Risk
19777,0,0.08,Low Risk
19778,0,0.11,Low Risk
19779,0,0.17,Low Risk
19780,1,0.3,Low Risk
19781,0,0.58,Medium Risk
19782,0,0.07,Low Risk
19783,1,0.76,High Risk
19784,1,0.74,High Risk
19785,0,0.19,Low Risk
19786,1,0.68,Medium Risk
19787,1,0.89,High Risk
19788,1,0.71,High Risk
19789,1,0.81,High Risk
19790,1,0.92,High Risk
19791,0,0.14,Low Risk
19792,1,0.76,High Risk
19793,0,0.47,Medium Risk
19794,1,0.97,High Risk
19795,1,0.79,High Risk
19796,0,0.27,Low Risk
19797,0,0.08,Low Risk
19798,0,0.16,Low Risk
19799,0,0.2,Low Risk
19800,0,0.23,Low Risk
19801,0,0.03,Low Risk
19802,0,0.18,Low Risk
19803,1,0.63,Medium Risk
19804,1,0.73,High Risk
19805,0,0.01,Low Risk
19806,0,0.13,Low Risk
19807,1,0.94,High Risk
19808,0,0.21,Low Risk
19809,1,0.71,High Risk
19810,0,0.62,Medium Risk
19811,1,0.81,High Risk
19812,0,0.33,Low Risk
19813,0,0.19,Low Risk
19814,1,0.46,Medium Risk
19815,0,0.06,Low Risk
19816,0,0.09,Low Risk
19817,0,0.13,Low Risk
19818,0,0.06,Low Risk
19819,1,0.73,High Risk
19820,1,0.88,High Risk
19821,1,0.84,High Risk
19822,0,0.03,Low Risk
19823,0,0.05,Low Risk
19824,1,0.67,Medium Risk
19825,1,0.68,Medium Risk
19826,1,0.81,High Risk
19827,0,0.06,Low Risk
19828,0,0.49,Medium Risk
19829,1,0.94,High Risk
19830,0,0.26,Low Risk
19831,0,0.23,Low Risk
19832,0,0.4,Low Risk
19833,0,0.15,Low Risk
19834,1,0.83,High Risk
19835,0,0.29,Low Risk
19836,0,0.14,Low Risk
19837,1,0.86,High Risk
19838,0,0.01,Low Risk
19839,0,0.11,Low Risk
19840,0,0.12,Low Risk
19841,1,0.81,High Risk
19842,1,0.65,Medium Risk
19843,1,0.33,Low Risk
19844,0,0.25,Low Risk
19845,0,0.03,Low Risk
19846,0,0.42,Medium Risk
19847,1,0.76,High Risk
19848,1,0.28,Low Risk
19849,0,0.06,Low Risk
19850,1,0.75,High Risk
19851,0,0.22,Low Risk
19852,1,0.68,Medium Risk
19853,0,0.8,High Risk
19854,0,0.03,Low Risk
19855,1,0.93,High Risk
19856,0,0.63,Medium Risk
19857,1,0.72,High Risk
19858,0,0.01,Low Risk
19859,0,0.02,Low Risk
19860,1,0.84,High Risk
19861,1,0.88,High Risk
19862,1,0.32,Low Risk
19863,1,0.45,Medium Risk
19864,0,0.08,Low Risk
19865,0,0.11,Low Risk
19866,0,0.03,Low Risk
19867,0,0.75,High Risk
19868,0,0.09,Low Risk
19869,0,0.06,Low Risk
19870,1,0.81,High Risk
19871,0,0.07,Low Risk
19872,0,0.16,Low Risk
19873,0,0.09,Low Risk
19874,0,0.08,Low Risk
19875,1,0.86,High Risk
19876,0,0.09,Low Risk
19877,1,0.86,High Risk
19878,0,0.15,Low Risk
19879,1,0.91,High Risk
19880,0,0.3,Low Risk
19881,0,0.04,Low Risk
19883,0,0.34,Low Risk
19884,0,0.29,Low Risk
19885,0,0.14,Low Risk
19886,0,0.1,Low Risk
19887,1,0.87,High Risk
19888,0,0.22,Low Risk
19889,1,0.86,High Risk
19890,0,0.3,Low Risk
19891,0,0.05,Low Risk
19892,0,0.06,Low Risk
19893,1,0.91,High Risk
19894,1,0.84,High Risk
19895,1,0.35,Low Risk
19896,0,0.03,Low Risk
19897,0,0.09,Low Risk
19898,0,0.27,Low Risk
19899,0,0.18,Low Risk
19900,1,0.91,High Risk
19901,1,0.75,High Risk
19902,1,0.73,High Risk
19903,1,0.83,High Risk
19904,0,0.07,Low Risk
19905,0,0.17,Low Risk
19906,0,0.05,Low Risk
19907,0,0.2,Low Risk
19908,0,0.2,Low Risk
19909,0,0.03,Low Risk
19910,1,0.88,High Risk
19911,1,0.96,High Risk
19912,0,0.09,Low Risk
19913,1,0.69,Medium Risk
19914,0,0.09,Low Risk
19915,0,0.3,Low Risk
19916,1,0.29,Low Risk
19917,1,0.69,Medium Risk
19918,1,0.19,Low Risk
19919,1,0.88,High Risk
19920,1,0.82,High Risk
19921,0,0.33,Low Risk
19922,1,0.91,High Risk
19923,1,0.76,High Risk
19924,0,0.29,Low Risk
19925,0,0.2,Low Risk
19926,1,0.74,High Risk
19927,1,0.46,Medium Risk
19928,0,0.26,Low Risk
19929,0,0.32,Low Risk
19930,1,0.63,Medium Risk
19931,0,0.17,Low Risk
19932,0,0.13,Low Risk
19933,0,0.06,Low Risk
19934,0,0.05,Low Risk
19935,1,0.95,High Risk
19936,0,0.42,Medium Risk
19937,1,0.87,High Risk
19938,1,0.84,High Risk
19939,0,0.15,Low Risk
19940,0,0.04,Low Risk
19941,0,0.05,Low Risk
19942,0,0.32,Low Risk
19943,1,0.76,High Risk
19944,0,0.26,Low Risk
19945,0,0.28,Low Risk
19946,0,0.07,Low Risk
19947,0,0.15,Low Risk
19948,1,0.62,Medium Risk
19949,0,0.48,Medium Risk
19950,0,0.13,Low Risk
19951,1,0.79,High Risk
19952,1,0.87,High Risk
19953,0,0.12,Low Risk
19954,1,0.74,High Risk
19955,0,0.2,Low Risk
19956,0,0.08,Low Risk
19957,1,0.86,High Risk
19958,1,0.12,Low Risk
19959,0,0.13,Low Risk
19960,0,0.04,Low Risk
19961,1,0.84,High Risk
19962,0,0.15,Low Risk
19963,0,0.21,Low Risk
19964,0,0.09,Low Risk
19965,0,0.06,Low Risk
19966,1,0.71,High Risk
19967,0,0.07,Low Risk
19968,0,0.2,Low Risk
19969,1,0.74,High Risk
19970,0,0.24,Low Risk
19971,0,0.41,Medium Risk
19972,1,0.13,Low Risk
19973,0,0.25,Low Risk
19974,0,0.14,Low Risk
19975,0,0.74,High Risk
19976,1,0.77,High Risk
19977,0,0.08,Low Risk
19978,0,0.3,Low Risk
19979,0,0.15,Low Risk
19980,1,0.85,High Risk
19981,0,0.26,Low Risk
19982,0,0.02,Low Risk
19983,0,0.12,Low Risk
19984,0,0.15,Low Risk
19985,0,0.06,Low Risk
19986,1,0.77,High Risk
19987,1,0.96,High Risk
19988,1,0.83,High Risk
19989,0,0.26,Low Risk
19990,1,0.79,High Risk
19991,1,0.93,High Risk
19992,0,0.77,High Risk
19993,1,0.86,High Risk
19994,0,0.21,Low Risk
19995,1,0.62,Medium Risk
19996,1,0.8,High Risk
19997,0,0.45,Medium Risk
19998,0,0.11,Low Risk
19999,0,0.65,Medium Risk
20000,0,0.05,Low Risk
